 Evaluating /Dedicated/schnieders/programs/stack-2021.1.sh
  Loading Modules
   Stack 2021.1
   GCC 9.3.0
   CMake 3.20.0
   Eigen 3.3.9
   Cuda 11.1.1
   Cuda: /usr/share/apps/2021.1/arch/gcc-9.3.0/cuda-11.1.1
   CudaNN 8.0.5.39-11.1
   Swig 4.0.2_gcc-9.3.0
  Loading software from /Dedicated/schnieders/programs/local
   Ant: /Dedicated/schnieders/programs/apache-ant-1.10.11
   FFX: /Dedicated/schnieders/programs/ffx-builds/forcefieldx-2026-01-04
   GDMA: /Dedicated/schnieders/programs/gdma-2.3
   Groovy: /Dedicated/schnieders/programs/groovy-4.0.1
   Java: /Dedicated/schnieders/programs/jdk-25.0.1
   Maven: /Dedicated/schnieders/programs/apache-maven-3.9.5
   VMD: /Dedicated/schnieders/programs/vmd
   NAMD: /Dedicated/schnieders/programs/NAMD_3.0alpha7_Linux-x86_64-multicore-CUDA
   OpenEye: /Dedicated/schnieders/programs/OpenEye
   Tinker: /Dedicated/schnieders/programs/tinker-tools
=== Titration pH 8.55 started: Fri May  8 11:36:51 CDT 2026 ===
  Copy already exists, skipping.
WARNING: Using incubator modules: jdk.incubator.vector
  Restart file found: /Dedicated/schnieders/maemmad/pKa_GNN/ffx_pipeline/data/fixed_pdbs/2L6X/2L6X_pH8.55.restart — adding --eR
WARNING: Using incubator modules: jdk.incubator.vector
 _________________________________________________________________________

        FORCE FIELD X - Polyglot Software for Molecular Biophysics 

        Version 1.0.0-6947  April 2026 
        Git Revision  519408079905b3dd4b967041b75b836f63fb563f 
 
        Please cite the following reference when using Force Field X:

        RA Gogal, AJ Nessler, AC Thiel, HV Bernabe, RA Corrigan Grove,
        LM Cousineau, JM Litman, JM Miller, G Qi, MJ Speranza,
        MR Tollefson, TD Fenn, JJ Michaelson, O Okada, JP Piquemal,
        JW Ponder, J Shen, RJH Smith, W Yang, P Ren and MJ Schnieders,
        2024, Journal of Chemical Physics, 161 (1).

        Copyright (c)  Michael J. Schnieders  2001-2025
        All Rights Reserved

        Force Field X is distributed under the GPL v. 3 license
        with linking exception and is hosted by the Schnieders Lab
        at The University of Iowa.

        User Manual:   https://ffx.biochem.uiowa.edu/manual.html
        Publications:  https://ffx.biochem.uiowa.edu/publications.html
        License:       https://ffx.biochem.uiowa.edu/licenses.html

 _________________________________________________________________________

 Fri May 08 11:37:23 CDT 2026
 Process ID 332460 on argon-itf-bx51-11.hpc.

 Command line arguments:
 [ManyBody, --tR, --pH, 8.55, --oT, -T, --kPH, 3.0, --eR, /Dedicated/schnieders/maemmad/pKa_GNN/ffx_pipeline/data/fixed_pdbs/2L6X/2L6X_pH8.55.restart, /Dedicated/schnieders/maemmad/pKa_GNN/ffx_pipeline/data/fixed_pdbs/2L6X/2L6X_pH8.55.pdb]

 Executing internal command: ffx.algorithms.commands.ManyBody

 Parsing: Internal force field (amoeba-bio-2018-cphmd).
 Parsing: Structure properties from (/Dedicated/schnieders/maemmad/pKa_GNN/ffx_pipeline/data/fixed_pdbs/2L6X/titrate.properties).
 Parsing: JVM system properties (i.e. command line -Dkey=value pairs).

 Attempting to read force field patch from /Dedicated/schnieders/maemmad/pKa_GNN/naphosphate_solute.09Feb21.prm.

 Renumbering Patch: FALSE
 Reading 2L6X_pH8.55.pdb

 Assigning atom types for 1 chains.
 Amino acid chain A
 Constructing Force Field AMOEBA-BIO-2018-CPHMD

 SMP threads:                                20
 The system will be treated as aperiodic (max separation =   77.5 A).

 Bonded Terms
  Bonds:                                   3811
  Angles:                                  6857
  Stretch-Bends:                           6056
  Out-of-Plane Bends:                      2487
  Torsions:                               10036
  Pi-Orbital Torsions:                      555
  Torsion-Torsions:                          26

 Non-Bonded Terms

  Van der Waals
   Cut-Off:                                NONE
   Long-Range Correction:                 FALSE

 Electrostatics
   Polarization:                         MUTUAL
    SCF Convergence Criteria:         1.000e-06
    SCF Predictor:                         NONE
    SCF Algorithm:                           CG
    CG Preconditioner Cut-Off:            4.500
    CG Preconditioner Ewald Coeff.:       0.000
    CG Preconditioner Scale:              2.000
    CG Preconditioner Mode:     FLETCHER_REEVES
    Electrostatics Cut-Off:                NONE

  Continuum Solvation
   Radii:                                SOLUTE
   Generalized Kirkwood Cut-Off:           NONE
   GKC:                                  2.4550
   Solvent Dielectric:                  78.3000
   Solute Dielectric:                    2.0000
   Descreen with vdW Radii:                TRUE
   Descreen with Hydrogen Atoms:          FALSE
   Descreen Offset:                      0.0000
   General HCT Scale Factor:             0.7200
   Non-Polar Model:                  GAUSS-DISP
    GaussVol Radii Offset:               0.0000
    GaussVol Radii Scale:                1.0000
   Dispersion Integral Offset:           1.0560 (A)
   Cavitation Solvent Pressure:          0.0334 (Kcal/mol/A^3)
   Cavitation Surface Tension:           0.1030 (Kcal/mol/A^2)
   Cavitation Cross-Over Radius:         9.2515 (A)

  Overall system charge:                  3.000

 Opened 2L6X_pH8.55.pdb in 1.419 sec.

 System Resources
  Total CPU time:          20.16 (sec)
  System load average:      1.22
  Open file handles:         146 of  81920 allowed
  System memory:           93507 MB free out of  94320 MB
  System swap space:        2053 MB free out of   2053 MB
  JVM memory:               3987 MB free out of   4096 MB

 Adding titration hydrogen to : /Dedicated/schnieders/maemmad/pKa_GNN/ffx_pipeline/data/fixed_pdbs/2L6X/2L6X_pH8.55.pdb

 Reading 2L6X_pH8.55.pdb

 Assigning atom types for 1 chains.
 Amino acid chain A
 Renumbering PDB file due to built atoms (3766 vs 3751)
 Total number of atoms: 3766

 Constructing Force Field AMOEBA-BIO-2018-CPHMD

 SMP threads:                                20
 The system will be treated as aperiodic (max separation =   77.5 A).

 Bonded Terms
  Bonds:                                   3826
  Angles:                                  6872
  Stretch-Bends:                           6056
  Out-of-Plane Bends:                      2487
  Torsions:                               10066
  Pi-Orbital Torsions:                      555
  Torsion-Torsions:                          26

 Non-Bonded Terms

  Van der Waals
   Cut-Off:                                NONE
   Long-Range Correction:                 FALSE

 Electrostatics
   Polarization:                         MUTUAL
    SCF Convergence Criteria:         1.000e-06
    SCF Predictor:                         NONE
    SCF Algorithm:                           CG
    CG Preconditioner Cut-Off:            4.500
    CG Preconditioner Ewald Coeff.:       0.000
    CG Preconditioner Scale:              2.000
    CG Preconditioner Mode:     FLETCHER_REEVES
    Electrostatics Cut-Off:                NONE

  Continuum Solvation
   Radii:                                SOLUTE
   Generalized Kirkwood Cut-Off:           NONE
   GKC:                                  2.4550
   Solvent Dielectric:                  78.3000
   Solute Dielectric:                    2.0000
   Descreen with vdW Radii:                TRUE
   Descreen with Hydrogen Atoms:          FALSE
   Descreen Offset:                      0.0000
   General HCT Scale Factor:             0.7200
   Non-Polar Model:                  GAUSS-DISP
    GaussVol Radii Offset:               0.0000
    GaussVol Radii Scale:                1.0000
   Dispersion Integral Offset:           1.0560 (A)
   Cavitation Solvent Pressure:          0.0334 (Kcal/mol/A^3)
   Cavitation Surface Tension:           0.1030 (Kcal/mol/A^2)
   Cavitation Cross-Over Radius:         9.2515 (A)

  Overall system charge:                 18.000
 Temperature: 298.150000

 Energy restart file: 2L6X_pH8.55.restart

 Initial Potential Energy:
 Generalized Kirkwood  -2205.41892331      0.266
 Cavitation             2458.38090786      0.210
 Dispersion            -1715.59369801      0.294

 Computed Potential Energy
  Bond Stretching            525.12107453         3826        0.001 ( 0.02013)
  Angle Bending             1031.93501761         6872        0.005 ( 3.14404)
  Stretch-Bend                13.26255054         6056        0.004
  Out-of-Plane Bend           37.15150889         2487        0.002
  Torsional Angle            229.45099184        10066        0.002
  Pi-Orbital Torsion          55.46103620          555        0.006
  Torsion-Torsion            -95.33888866           26        0.000
  Van der Waals              915.49524833      7078797        0.127
  Atomic Multipoles        -1460.83213247      7078797
  Polarization              -187.90820180      7078797        2.830
  Solvation                -1462.63171345      7093261
  Total Potential           -398.83350844  (Kcal/mole)        2.977 (sec)

 Initial Rotamer Torsion Angles:

 Residue    Current Torsional Angles
 A    5-ASH -167.270  -26.594    0.000    0.000
 A    7-ASH  -70.007  -14.992    0.000    0.000
 A   10-ASH  -71.254   42.297    0.000    0.000
 A   33-GLH  -61.826  169.102  -19.331    0.000
 A   35-ASH  -69.150   14.980    0.000    0.000
 A   40-LYS  -66.987 -179.988  179.967  179.979
 A   42-LYS -177.006  179.980  179.983 -179.990
 A   58-HIS  175.660  -72.163    0.000    0.000
 A   68-GLH -177.004   65.025    9.951    0.000
 A   71-ASH -177.026   65.033    0.000    0.000
 A   80-ASH  175.934 -107.975    0.000    0.000
 A   90-CYS -168.344    0.000    0.000    0.000
 A   91-GLH  -66.987 -179.977  -10.040    0.000
 A  108-LYS  -79.678   63.232  156.049 -160.629
 A  109-LYS -105.352  105.353 -143.531  104.825
 A  125-GLH -177.014  -80.002  -24.984    0.000
 A  139-CYS  179.026    0.000    0.000    0.000
 A  148-GLH  -81.547  -64.377  -40.543    0.000
 A  153-GLH  -64.997   84.984    0.004    0.000
 A  155-LYS   62.013 -179.987  179.973  179.953
 A  158-CYS -176.986    0.000    0.000    0.000
 A  195-ASH   61.982   10.036    0.000    0.000
 A  210-ASH -162.759 -104.386    0.000    0.000
 A  214-LYS  -52.002  -99.191 -166.724  -45.790
 A  227-LYS -172.180 -171.863  176.096 -172.878
 A  228-GLH  -67.394  -68.486  -25.791    0.000
 A  238-HIS  -65.003  164.995    0.000    0.000
 A  239-HIS   47.960  -72.435    0.000    0.000
 A  240-HIS   61.989   79.976    0.000    0.000
 A  241-HIS  146.763  150.955    0.000    0.000
 A  242-HIS   53.295   39.806    0.000    0.000
 A  243-HIS -176.983   59.994    0.000    0.000

 Rotamer Library:     Richardson
 Algorithm:           ALL
 Goldstein Criteria:  true
 Three-Body Energies: true


 Computing Residue Distance Matrix
 Built residue neighbor list:              0.005 sec
 Pairwise distance matrix:               211.157 sec

 Beginning Energy   -1068.50024012

     Residue  Nrot
   1   A5-ASH   27
   2   A7-ASH   27
   3  A10-ASH   27
   4  A33-GLH   42
   5  A35-ASH   27
   6  A40-LYS   56
   7  A42-LYS   56
   8  A58-HIS   27
   9  A68-GLH   42
  10  A71-ASH   27
  11  A80-ASH   27
  12  A90-CYS   11
  13  A91-GLH   42
  14 A108-LYS   56
  15 A109-LYS   56
  16 A125-GLH   42
  17 A139-CYS   11
  18 A148-GLH   42
  19 A153-GLH   42
  20 A155-LYS   56
  21 A158-CYS   11
  22 A195-ASH   27
  23 A210-ASH   27
  24 A214-LYS   56
  25 A227-LYS   56
  26 A228-GLH   42
  27 A238-HIS   27
  28 A239-HIS   27
  29 A240-HIS   27
  30 A241-HIS   27
  31 A242-HIS   27
  32 A243-HIS   27

 Backbone energy:     -132.66642147

 Loaded self energies from restart file.
  Rotamer ( A5-ASH, 1) self-energy      58.56877631 pruned by ( A5-ASP, 0)     -18.52014231.
  Rotamer ( A5-ASH, 2) self-energy      69.39544048 pruned by ( A5-ASP, 0)     -18.52014231.
  Rotamer ( A5-ASH, 3) self-energy      79.38779738 pruned by ( A5-ASP, 0)     -18.52014231.
  Rotamer ( A5-ASH, 4) self-energy      54.35635240 pruned by ( A5-ASP, 0)     -18.52014231.
  Rotamer ( A5-ASH, 5) self-energy      54.53388153 pruned by ( A5-ASP, 0)     -18.52014231.
  Rotamer ( A5-ASH, 6) self-energy      79.07444761 pruned by ( A5-ASP, 0)     -18.52014231.
  Rotamer ( A5-ASH, 7) self-energy     119.59865493 pruned by ( A5-ASP, 0)     -18.52014231.
  Rotamer ( A5-ASH, 8) self-energy     132.66610679 pruned by ( A5-ASP, 0)     -18.52014231.
  Rotamer ( A5-ASH, 9) self-energy      57.16696449 pruned by ( A5-ASP, 0)     -18.52014231.
  Rotamer ( A5-ASH,10) self-energy      54.29730704 pruned by ( A5-ASP, 0)     -18.52014231.
  Rotamer ( A5-ASH,11) self-energy     170.12412601 pruned by ( A5-ASP, 0)     -18.52014231.
  Rotamer ( A5-ASH,12) self-energy      74.67409736 pruned by ( A5-ASP, 0)     -18.52014231.
  Rotamer ( A5-ASH,13) self-energy      85.30996957 pruned by ( A5-ASP, 0)     -18.52014231.
  Rotamer ( A5-ASH,14) self-energy      59.45910281 pruned by ( A5-ASP, 0)     -18.52014231.
  Rotamer ( A5-ASH,15) self-energy      60.51139204 pruned by ( A5-ASP, 0)     -18.52014231.
  Rotamer ( A5-ASH,16) self-energy      84.23054156 pruned by ( A5-ASP, 0)     -18.52014231.
  Rotamer ( A5-ASH,17) self-energy     241.89296085 pruned by ( A5-ASP, 0)     -18.52014231.
  Rotamer ( A5-ASH,18) self-energy     640.75049232 pruned by ( A5-ASP, 0)     -18.52014231.
  Rotamer ( A5-ASH,19) self-energy      79.94801240 pruned by ( A5-ASP, 0)     -18.52014231.
  Rotamer ( A5-ASH,20) self-energy      59.75585782 pruned by ( A5-ASP, 0)     -18.52014231.
  Rotamer ( A5-ASH,21) self-energy     195.13617792 pruned by ( A5-ASP, 0)     -18.52014231.
  Rotamer ( A5-ASP,23) self-energy      14.19662068 pruned by ( A5-ASP, 0)     -18.52014231.
  Rotamer ( A5-ASP,26) self-energy      21.47190214 pruned by ( A5-ASP, 0)     -18.52014231.
  Rotamer ( A7-ASH, 1) self-energy      54.79882457 pruned by ( A7-ASP,25)     -17.06210917.
  Rotamer ( A7-ASH, 2) self-energy      61.55171169 pruned by ( A7-ASP,25)     -17.06210917.
  Rotamer ( A7-ASH, 3) self-energy      77.28803245 pruned by ( A7-ASP,25)     -17.06210917.
  Rotamer ( A7-ASH, 4) self-energy     120.93497340 pruned by ( A7-ASP,25)     -17.06210917.
  Rotamer ( A7-ASH, 5) self-energy      58.43963794 pruned by ( A7-ASP,25)     -17.06210917.
  Rotamer ( A7-ASH, 6) self-energy      50.61807330 pruned by ( A7-ASP,25)     -17.06210917.
  Rotamer ( A7-ASH, 7) self-energy     126.69783654 pruned by ( A7-ASP,25)     -17.06210917.
  Rotamer ( A7-ASH, 8) self-energy     253.72295577 pruned by ( A7-ASP,25)     -17.06210917.
  Rotamer ( A7-ASH, 9) self-energy     146.76481026 pruned by ( A7-ASP,25)     -17.06210917.
  Rotamer ( A7-ASH,10) self-energy      56.46487332 pruned by ( A7-ASP,25)     -17.06210917.
  Rotamer ( A7-ASH,11) self-energy      54.24734883 pruned by ( A7-ASP,25)     -17.06210917.
  Rotamer ( A7-ASH,12) self-energy      66.78678470 pruned by ( A7-ASP,25)     -17.06210917.
  Rotamer ( A7-ASH,13) self-energy      83.17893063 pruned by ( A7-ASP,25)     -17.06210917.
  Rotamer ( A7-ASH,14) self-energy     125.93631265 pruned by ( A7-ASP,25)     -17.06210917.
  Rotamer ( A7-ASH,15) self-energy      64.97604515 pruned by ( A7-ASP,25)     -17.06210917.
  Rotamer ( A7-ASH,16) self-energy      55.79024946 pruned by ( A7-ASP,25)     -17.06210917.
  Rotamer ( A7-ASH,17) self-energy     128.69124382 pruned by ( A7-ASP,25)     -17.06210917.
  Rotamer ( A7-ASH,18) self-energy     159.30333686 pruned by ( A7-ASP,25)     -17.06210917.
  Rotamer ( A7-ASH,19) self-energy     226.55805976 pruned by ( A7-ASP,25)     -17.06210917.
  Rotamer ( A7-ASH,20) self-energy      61.84435036 pruned by ( A7-ASP,25)     -17.06210917.
  Rotamer ( A7-ASH,21) self-energy      74.66546580 pruned by ( A7-ASP,25)     -17.06210917.
  Rotamer ( A7-ASP,23) self-energy       9.35772881 pruned by ( A7-ASP,25)     -17.06210917.
  Rotamer ( A7-ASP,24) self-energy      56.94059548 pruned by ( A7-ASP,25)     -17.06210917.
  Rotamer (A10-ASH, 1) self-energy      54.73300730 pruned by (A10-ASP, 0)     -18.38467778.
  Rotamer (A10-ASH, 2) self-energy    4370.51544722 pruned by (A10-ASP, 0)     -18.38467778.
  Rotamer (A10-ASH, 3) self-energy    1546.71370887 pruned by (A10-ASP, 0)     -18.38467778.
  Rotamer (A10-ASH, 4) self-energy    6594.76846071 pruned by (A10-ASP, 0)     -18.38467778.
  Rotamer (A10-ASH, 5) self-energy     380.50718941 pruned by (A10-ASP, 0)     -18.38467778.
  Rotamer (A10-ASH, 6) self-energy      49.59950576 pruned by (A10-ASP, 0)     -18.38467778.
  Rotamer (A10-ASH, 7) self-energy     973.27897847 pruned by (A10-ASP, 0)     -18.38467778.
  Rotamer (A10-ASH, 8) self-energy     849.48280026 pruned by (A10-ASP, 0)     -18.38467778.
  Rotamer (A10-ASH, 9) self-energy     332.71781363 pruned by (A10-ASP, 0)     -18.38467778.
  Rotamer (A10-ASH,10) self-energy     597.82211882 pruned by (A10-ASP, 0)     -18.38467778.
  Rotamer (A10-ASH,11) self-energy      53.62421881 pruned by (A10-ASP, 0)     -18.38467778.
  Rotamer (A10-ASH,12) self-energy     936.55500564 pruned by (A10-ASP, 0)     -18.38467778.
  Rotamer (A10-ASH,13) self-energy     535.99100280 pruned by (A10-ASP, 0)     -18.38467778.
  Rotamer (A10-ASH,14) self-energy     332.53262289 pruned by (A10-ASP, 0)     -18.38467778.
  Rotamer (A10-ASH,15) self-energy     340.05170555 pruned by (A10-ASP, 0)     -18.38467778.
  Rotamer (A10-ASH,16) self-energy      55.65551929 pruned by (A10-ASP, 0)     -18.38467778.
  Rotamer (A10-ASH,17) self-energy    1189.10859631 pruned by (A10-ASP, 0)     -18.38467778.
  Rotamer (A10-ASH,18) self-energy    1703.27795738 pruned by (A10-ASP, 0)     -18.38467778.
  Rotamer (A10-ASH,19) self-energy     361.52882930 pruned by (A10-ASP, 0)     -18.38467778.
  Rotamer (A10-ASH,20) self-energy     603.11154557 pruned by (A10-ASP, 0)     -18.38467778.
  Rotamer (A10-ASH,21) self-energy      77.07430741 pruned by (A10-ASP, 0)     -18.38467778.
  Rotamer (A10-ASP,22) self-energy     966.96328102 pruned by (A10-ASP, 0)     -18.38467778.
  Rotamer (A10-ASP,23) self-energy     694.59368576 pruned by (A10-ASP, 0)     -18.38467778.
  Rotamer (A10-ASP,24) self-energy     232.78364934 pruned by (A10-ASP, 0)     -18.38467778.
  Rotamer (A10-ASP,25) self-energy     454.85984466 pruned by (A10-ASP, 0)     -18.38467778.
  Rotamer (A33-GLH, 1) self-energy      58.64649338 pruned by (A33-GLU, 0)     -11.03715353.
  Rotamer (A33-GLH, 2) self-energy     332.07512942 pruned by (A33-GLU, 0)     -11.03715353.
  Rotamer (A33-GLH, 3) self-energy  149412.92228531 pruned by (A33-GLU, 0)     -11.03715353.
  Rotamer (A33-GLH, 4) self-energy     470.75533356 pruned by (A33-GLU, 0)     -11.03715353.
  Rotamer (A33-GLH, 5) self-energy   30315.94504710 pruned by (A33-GLU, 0)     -11.03715353.
  Rotamer (A33-GLH, 6) self-energy   92538.14468506 pruned by (A33-GLU, 0)     -11.03715353.
  Rotamer (A33-GLH, 7) self-energy    1250.35462297 pruned by (A33-GLU, 0)     -11.03715353.
  Rotamer (A33-GLH, 8) self-energy      54.78913900 pruned by (A33-GLU, 0)     -11.03715353.
  Rotamer (A33-GLH, 9) self-energy      63.78740877 pruned by (A33-GLU, 0)     -11.03715353.
  Rotamer (A33-GLH,10) self-energy     215.91867001 pruned by (A33-GLU, 0)     -11.03715353.
  Rotamer (A33-GLH,11) self-energy   11061.32290289 pruned by (A33-GLU, 0)     -11.03715353.
  Rotamer (A33-GLH,12) self-energy     505.62467283 pruned by (A33-GLU, 0)     -11.03715353.
  Rotamer (A33-GLH,13) self-energy   10801.06341046 pruned by (A33-GLU, 0)     -11.03715353.
  Rotamer (A33-GLH,14) self-energy   13709.70435259 pruned by (A33-GLU, 0)     -11.03715353.
  Rotamer (A33-GLH,15) self-energy    4088.85831820 pruned by (A33-GLU, 0)     -11.03715353.
  Rotamer (A33-GLH,16) self-energy      63.93937673 pruned by (A33-GLU, 0)     -11.03715353.
  Rotamer (A33-GLH,17) self-energy      72.18810748 pruned by (A33-GLU, 0)     -11.03715353.
  Rotamer (A33-GLH,18) self-energy    1263.78433536 pruned by (A33-GLU, 0)     -11.03715353.
  Rotamer (A33-GLH,19) self-energy  144362.14901632 pruned by (A33-GLU, 0)     -11.03715353.
  Rotamer (A33-GLH,20) self-energy     508.38367049 pruned by (A33-GLU, 0)     -11.03715353.
  Rotamer (A33-GLH,21) self-energy   30655.15067061 pruned by (A33-GLU, 0)     -11.03715353.
  Rotamer (A33-GLH,22) self-energy   91736.87382144 pruned by (A33-GLU, 0)     -11.03715353.
  Rotamer (A33-GLH,23) self-energy    1253.44715742 pruned by (A33-GLU, 0)     -11.03715353.
  Rotamer (A33-GLH,24) self-energy      58.32286094 pruned by (A33-GLU, 0)     -11.03715353.
  Rotamer (A33-GLH,25) self-energy      68.27292827 pruned by (A33-GLU, 0)     -11.03715353.
  Rotamer (A33-GLH,26) self-energy     237.77222843 pruned by (A33-GLU, 0)     -11.03715353.
  Rotamer (A33-GLH,27) self-energy   10493.45809703 pruned by (A33-GLU, 0)     -11.03715353.
  Rotamer (A33-GLH,28) self-energy     523.66558918 pruned by (A33-GLU, 0)     -11.03715353.
  Rotamer (A33-GLH,29) self-energy   10816.83661015 pruned by (A33-GLU, 0)     -11.03715353.
  Rotamer (A33-GLH,30) self-energy   13738.10993256 pruned by (A33-GLU, 0)     -11.03715353.
  Rotamer (A33-GLH,31) self-energy    3680.25040526 pruned by (A33-GLU, 0)     -11.03715353.
  Rotamer (A33-GLH,32) self-energy      79.68426183 pruned by (A33-GLU, 0)     -11.03715353.
  Rotamer (A33-GLH,33) self-energy      95.08593575 pruned by (A33-GLU, 0)     -11.03715353.
  Rotamer (A33-GLU,34) self-energy     193.17741539 pruned by (A33-GLU, 0)     -11.03715353.
  Rotamer (A33-GLU,35) self-energy  100837.17720893 pruned by (A33-GLU, 0)     -11.03715353.
  Rotamer (A33-GLU,36) self-energy     476.37497895 pruned by (A33-GLU, 0)     -11.03715353.
  Rotamer (A33-GLU,37) self-energy   17563.03272613 pruned by (A33-GLU, 0)     -11.03715353.
  Rotamer (A33-GLU,38) self-energy   22533.63810812 pruned by (A33-GLU, 0)     -11.03715353.
  Rotamer (A33-GLU,39) self-energy    1596.90531960 pruned by (A33-GLU, 0)     -11.03715353.
  Rotamer (A35-ASH, 1) self-energy      53.59318417 pruned by (A35-ASP, 0)     -20.56234314.
  Rotamer (A35-ASH, 2) self-energy      54.87664795 pruned by (A35-ASP, 0)     -20.56234314.
  Rotamer (A35-ASH, 3) self-energy      54.56268298 pruned by (A35-ASP, 0)     -20.56234314.
  Rotamer (A35-ASH, 4) self-energy      67.66754689 pruned by (A35-ASP, 0)     -20.56234314.
  Rotamer (A35-ASH, 5) self-energy      52.85540917 pruned by (A35-ASP, 0)     -20.56234314.
  Rotamer (A35-ASH, 6) self-energy      48.49607860 pruned by (A35-ASP, 0)     -20.56234314.
  Rotamer (A35-ASH, 7) self-energy      69.87674463 pruned by (A35-ASP, 0)     -20.56234314.
  Rotamer (A35-ASH, 8) self-energy      68.01704283 pruned by (A35-ASP, 0)     -20.56234314.
  Rotamer (A35-ASH, 9) self-energy      74.25356239 pruned by (A35-ASP, 0)     -20.56234314.
  Rotamer (A35-ASH,10) self-energy      52.26680141 pruned by (A35-ASP, 0)     -20.56234314.
  Rotamer (A35-ASH,11) self-energy      53.49541698 pruned by (A35-ASP, 0)     -20.56234314.
  Rotamer (A35-ASH,12) self-energy      60.18990536 pruned by (A35-ASP, 0)     -20.56234314.
  Rotamer (A35-ASH,13) self-energy      60.60982564 pruned by (A35-ASP, 0)     -20.56234314.
  Rotamer (A35-ASH,14) self-energy      72.82870693 pruned by (A35-ASP, 0)     -20.56234314.
  Rotamer (A35-ASH,15) self-energy      59.42719677 pruned by (A35-ASP, 0)     -20.56234314.
  Rotamer (A35-ASH,16) self-energy      53.58931417 pruned by (A35-ASP, 0)     -20.56234314.
  Rotamer (A35-ASH,17) self-energy     107.74859965 pruned by (A35-ASP, 0)     -20.56234314.
  Rotamer (A35-ASH,18) self-energy     104.51889755 pruned by (A35-ASP, 0)     -20.56234314.
  Rotamer (A35-ASH,19) self-energy     113.70227208 pruned by (A35-ASP, 0)     -20.56234314.
  Rotamer (A35-ASH,20) self-energy      57.90726723 pruned by (A35-ASP, 0)     -20.56234314.
  Rotamer (A35-ASH,21) self-energy      75.59400222 pruned by (A35-ASP, 0)     -20.56234314.
  Rotamer (A40-LYD, 3) self-energy      54.16643181 pruned by (A40-LYS, 0)     -23.42437391.
  Rotamer (A40-LYD, 5) self-energy       2.25232956 pruned by (A40-LYS, 0)     -23.42437391.
  Rotamer (A40-LYD,13) self-energy      10.25898475 pruned by (A40-LYS, 0)     -23.42437391.
  Rotamer (A40-LYD,17) self-energy       4.48152832 pruned by (A40-LYS, 0)     -23.42437391.
  Rotamer (A40-LYD,18) self-energy      36.53292160 pruned by (A40-LYS, 0)     -23.42437391.
  Rotamer (A40-LYS,45) self-energy      27.94036512 pruned by (A40-LYS, 0)     -23.42437391.
  Rotamer (A42-LYD, 2) self-energy      12.58800574 pruned by (A42-LYS,40)     -19.52164323.
  Rotamer (A42-LYD, 3) self-energy      19.14920095 pruned by (A42-LYS,40)     -19.52164323.
  Rotamer (A42-LYD, 4) self-energy       8.91179986 pruned by (A42-LYS,40)     -19.52164323.
  Rotamer (A42-LYD, 5) self-energy      10.98405636 pruned by (A42-LYS,40)     -19.52164323.
  Rotamer (A42-LYD, 6) self-energy      10.02990358 pruned by (A42-LYS,40)     -19.52164323.
  Rotamer (A42-LYD, 7) self-energy    1257.65032597 pruned by (A42-LYS,40)     -19.52164323.
  Rotamer (A42-LYD, 8) self-energy     635.51035025 pruned by (A42-LYS,40)     -19.52164323.
  Rotamer (A42-LYD, 9) self-energy     162.55797146 pruned by (A42-LYS,40)     -19.52164323.
  Rotamer (A42-LYD,17) self-energy      72.46966976 pruned by (A42-LYS,40)     -19.52164323.
  Rotamer (A42-LYD,18) self-energy      43.84947498 pruned by (A42-LYS,40)     -19.52164323.
  Rotamer (A42-LYD,20) self-energy      24.10778004 pruned by (A42-LYS,40)     -19.52164323.
  Rotamer (A42-LYD,24) self-energy     400.32742162 pruned by (A42-LYS,40)     -19.52164323.
  Rotamer (A42-LYD,25) self-energy       6.05221168 pruned by (A42-LYS,40)     -19.52164323.
  Rotamer (A42-LYD,27) self-energy     180.05577491 pruned by (A42-LYS,40)     -19.52164323.
  Rotamer (A42-LYD,28) self-energy       7.58596262 pruned by (A42-LYS,40)     -19.52164323.
  Rotamer (A42-LYS,34) self-energy    1279.72737863 pruned by (A42-LYS,40)     -19.52164323.
  Rotamer (A42-LYS,35) self-energy    1075.49919976 pruned by (A42-LYS,40)     -19.52164323.
  Rotamer (A42-LYS,36) self-energy     151.72336713 pruned by (A42-LYS,40)     -19.52164323.
  Rotamer (A42-LYS,44) self-energy      63.99599024 pruned by (A42-LYS,40)     -19.52164323.
  Rotamer (A42-LYS,45) self-energy      36.21466847 pruned by (A42-LYS,40)     -19.52164323.
  Rotamer (A42-LYS,47) self-energy      50.38272940 pruned by (A42-LYS,40)     -19.52164323.
  Rotamer (A42-LYS,51) self-energy     368.31268670 pruned by (A42-LYS,40)     -19.52164323.
  Rotamer (A42-LYS,54) self-energy     170.12532625 pruned by (A42-LYS,40)     -19.52164323.
  Rotamer (A58-HIS, 3) self-energy   76023.77377265 pruned by (A58-HIE, 2)     -26.50895862.
  Rotamer (A58-HIS, 4) self-energy    4819.54338477 pruned by (A58-HIE, 2)     -26.50895862.
  Rotamer (A58-HIS, 8) self-energy      81.21619846 pruned by (A58-HIE, 2)     -26.50895862.
  Rotamer (A58-HIS, 9) self-energy       5.02179755 pruned by (A58-HIE, 2)     -26.50895862.
  Rotamer (A58-HIS,10) self-energy     500.55195170 pruned by (A58-HIE, 2)     -26.50895862.
  Rotamer (A58-HID,11) self-energy   40745.05227342 pruned by (A58-HIE, 2)     -26.50895862.
  Rotamer (A58-HID,12) self-energy    5279.60672368 pruned by (A58-HIE, 2)     -26.50895862.
  Rotamer (A58-HID,16) self-energy      47.82244182 pruned by (A58-HIE, 2)     -26.50895862.
  Rotamer (A58-HID,18) self-energy     397.95455289 pruned by (A58-HIE, 2)     -26.50895862.
  Rotamer (A58-HIE,19) self-energy   67745.44885322 pruned by (A58-HIE, 2)     -26.50895862.
  Rotamer (A58-HIE,20) self-energy    5200.22769856 pruned by (A58-HIE, 2)     -26.50895862.
  Rotamer (A58-HIE,24) self-energy      73.60674655 pruned by (A58-HIE, 2)     -26.50895862.
  Rotamer (A58-HIE,26) self-energy     105.67327733 pruned by (A58-HIE, 2)     -26.50895862.
  Rotamer (A68-GLH, 1) self-energy      57.52755403 pruned by (A68-GLU, 0)     -10.46657486.
  Rotamer (A68-GLH, 2) self-energy     575.65318873 pruned by (A68-GLU, 0)     -10.46657486.
  Rotamer (A68-GLH, 3) self-energy    2453.49898875 pruned by (A68-GLU, 0)     -10.46657486.
  Rotamer (A68-GLH, 4) self-energy      53.36423542 pruned by (A68-GLU, 0)     -10.46657486.
  Rotamer (A68-GLH, 5) self-energy      51.32845079 pruned by (A68-GLU, 0)     -10.46657486.
  Rotamer (A68-GLH, 6) self-energy     108.44280378 pruned by (A68-GLU, 0)     -10.46657486.
  Rotamer (A68-GLH, 7) self-energy   12244.03064261 pruned by (A68-GLU, 0)     -10.46657486.
  Rotamer (A68-GLH, 8) self-energy     198.59929670 pruned by (A68-GLU, 0)     -10.46657486.
  Rotamer (A68-GLH, 9) self-energy     207.41347968 pruned by (A68-GLU, 0)     -10.46657486.
  Rotamer (A68-GLH,10) self-energy     336.87726580 pruned by (A68-GLU, 0)     -10.46657486.
  Rotamer (A68-GLH,11) self-energy    3881.25555902 pruned by (A68-GLU, 0)     -10.46657486.
  Rotamer (A68-GLH,12) self-energy      55.96332066 pruned by (A68-GLU, 0)     -10.46657486.
  Rotamer (A68-GLH,13) self-energy      54.44906288 pruned by (A68-GLU, 0)     -10.46657486.
  Rotamer (A68-GLH,14) self-energy     666.23702425 pruned by (A68-GLU, 0)     -10.46657486.
  Rotamer (A68-GLH,15) self-energy   13346.91336936 pruned by (A68-GLU, 0)     -10.46657486.
  Rotamer (A68-GLH,16) self-energy     201.56887447 pruned by (A68-GLU, 0)     -10.46657486.
  Rotamer (A68-GLH,17) self-energy     209.81320094 pruned by (A68-GLU, 0)     -10.46657486.
  Rotamer (A68-GLH,18) self-energy     507.89138576 pruned by (A68-GLU, 0)     -10.46657486.
  Rotamer (A68-GLH,19) self-energy    2162.43510978 pruned by (A68-GLU, 0)     -10.46657486.
  Rotamer (A68-GLH,20) self-energy      57.31159701 pruned by (A68-GLU, 0)     -10.46657486.
  Rotamer (A68-GLH,21) self-energy      55.07088896 pruned by (A68-GLU, 0)     -10.46657486.
  Rotamer (A68-GLH,22) self-energy     112.35342387 pruned by (A68-GLU, 0)     -10.46657486.
  Rotamer (A68-GLH,23) self-energy   11445.48782242 pruned by (A68-GLU, 0)     -10.46657486.
  Rotamer (A68-GLH,24) self-energy     202.20367403 pruned by (A68-GLU, 0)     -10.46657486.
  Rotamer (A68-GLH,25) self-energy     211.25345546 pruned by (A68-GLU, 0)     -10.46657486.
  Rotamer (A68-GLH,26) self-energy     355.11896148 pruned by (A68-GLU, 0)     -10.46657486.
  Rotamer (A68-GLH,27) self-energy    3885.92982902 pruned by (A68-GLU, 0)     -10.46657486.
  Rotamer (A68-GLH,28) self-energy      74.03581877 pruned by (A68-GLU, 0)     -10.46657486.
  Rotamer (A68-GLH,29) self-energy      72.69331717 pruned by (A68-GLU, 0)     -10.46657486.
  Rotamer (A68-GLH,30) self-energy     157.40916545 pruned by (A68-GLU, 0)     -10.46657486.
  Rotamer (A68-GLH,31) self-energy   13193.87482643 pruned by (A68-GLU, 0)     -10.46657486.
  Rotamer (A68-GLH,32) self-energy     219.72977849 pruned by (A68-GLU, 0)     -10.46657486.
  Rotamer (A68-GLH,33) self-energy     224.42692004 pruned by (A68-GLU, 0)     -10.46657486.
  Rotamer (A68-GLU,34) self-energy     350.66314854 pruned by (A68-GLU, 0)     -10.46657486.
  Rotamer (A68-GLU,35) self-energy    3469.64716946 pruned by (A68-GLU, 0)     -10.46657486.
  Rotamer (A68-GLU,38) self-energy      67.10210744 pruned by (A68-GLU, 0)     -10.46657486.
  Rotamer (A68-GLU,39) self-energy   12289.64565280 pruned by (A68-GLU, 0)     -10.46657486.
  Rotamer (A68-GLU,40) self-energy     135.88681758 pruned by (A68-GLU, 0)     -10.46657486.
  Rotamer (A68-GLU,41) self-energy     141.20016006 pruned by (A68-GLU, 0)     -10.46657486.
  Rotamer (A71-ASH, 1) self-energy      57.18882334 pruned by (A71-ASP, 0)     -18.93698812.
  Rotamer (A71-ASH, 2) self-energy      61.90453673 pruned by (A71-ASP, 0)     -18.93698812.
  Rotamer (A71-ASH, 3) self-energy      63.52553455 pruned by (A71-ASP, 0)     -18.93698812.
  Rotamer (A71-ASH, 4) self-energy      53.83610499 pruned by (A71-ASP, 0)     -18.93698812.
  Rotamer (A71-ASH, 5) self-energy      53.12434564 pruned by (A71-ASP, 0)     -18.93698812.
  Rotamer (A71-ASH, 6) self-energy      53.91448251 pruned by (A71-ASP, 0)     -18.93698812.
  Rotamer (A71-ASH, 7) self-energy      93.41805071 pruned by (A71-ASP, 0)     -18.93698812.
  Rotamer (A71-ASH, 8) self-energy      81.62237509 pruned by (A71-ASP, 0)     -18.93698812.
  Rotamer (A71-ASH, 9) self-energy      58.71087094 pruned by (A71-ASP, 0)     -18.93698812.
  Rotamer (A71-ASH,10) self-energy      53.02814396 pruned by (A71-ASP, 0)     -18.93698812.
  Rotamer (A71-ASH,11) self-energy      69.98267998 pruned by (A71-ASP, 0)     -18.93698812.
  Rotamer (A71-ASH,12) self-energy      67.15836303 pruned by (A71-ASP, 0)     -18.93698812.
  Rotamer (A71-ASH,13) self-energy      69.40241896 pruned by (A71-ASP, 0)     -18.93698812.
  Rotamer (A71-ASH,14) self-energy      58.93078776 pruned by (A71-ASP, 0)     -18.93698812.
  Rotamer (A71-ASH,15) self-energy      59.32753318 pruned by (A71-ASP, 0)     -18.93698812.
  Rotamer (A71-ASH,16) self-energy      59.02735850 pruned by (A71-ASP, 0)     -18.93698812.
  Rotamer (A71-ASH,17) self-energy     215.20340119 pruned by (A71-ASP, 0)     -18.93698812.
  Rotamer (A71-ASH,18) self-energy     194.92898040 pruned by (A71-ASP, 0)     -18.93698812.
  Rotamer (A71-ASH,19) self-energy      92.13219730 pruned by (A71-ASP, 0)     -18.93698812.
  Rotamer (A71-ASH,20) self-energy      58.46776643 pruned by (A71-ASP, 0)     -18.93698812.
  Rotamer (A71-ASH,21) self-energy      98.13065104 pruned by (A71-ASP, 0)     -18.93698812.
  Rotamer (A80-ASH, 1) self-energy      64.60461379 pruned by (A80-ASP, 0)     -17.74984948.
  Rotamer (A80-ASH, 2) self-energy     247.88977487 pruned by (A80-ASP, 0)     -17.74984948.
  Rotamer (A80-ASH, 3) self-energy     614.63728988 pruned by (A80-ASP, 0)     -17.74984948.
  Rotamer (A80-ASH, 4) self-energy      72.00727751 pruned by (A80-ASP, 0)     -17.74984948.
  Rotamer (A80-ASH, 5) self-energy      58.18103759 pruned by (A80-ASP, 0)     -17.74984948.
  Rotamer (A80-ASH, 6) self-energy      53.77426811 pruned by (A80-ASP, 0)     -17.74984948.
  Rotamer (A80-ASH, 7) self-energy     414.31504804 pruned by (A80-ASP, 0)     -17.74984948.
  Rotamer (A80-ASH, 8) self-energy     266.83640530 pruned by (A80-ASP, 0)     -17.74984948.
  Rotamer (A80-ASH, 9) self-energy     104.87676827 pruned by (A80-ASP, 0)     -17.74984948.
  Rotamer (A80-ASH,10) self-energy      56.67850190 pruned by (A80-ASP, 0)     -17.74984948.
  Rotamer (A80-ASH,11) self-energy      58.06877935 pruned by (A80-ASP, 0)     -17.74984948.
  Rotamer (A80-ASH,12) self-energy     190.10359402 pruned by (A80-ASP, 0)     -17.74984948.
  Rotamer (A80-ASH,13) self-energy     197.92836023 pruned by (A80-ASP, 0)     -17.74984948.
  Rotamer (A80-ASH,14) self-energy      77.21340979 pruned by (A80-ASP, 0)     -17.74984948.
  Rotamer (A80-ASH,15) self-energy      64.28353822 pruned by (A80-ASP, 0)     -17.74984948.
  Rotamer (A80-ASH,16) self-energy      59.01576551 pruned by (A80-ASP, 0)     -17.74984948.
  Rotamer (A80-ASH,17) self-energy     822.24798478 pruned by (A80-ASP, 0)     -17.74984948.
  Rotamer (A80-ASH,18) self-energy     665.97537883 pruned by (A80-ASP, 0)     -17.74984948.
  Rotamer (A80-ASH,19) self-energy     106.60311043 pruned by (A80-ASP, 0)     -17.74984948.
  Rotamer (A80-ASH,20) self-energy      61.80118010 pruned by (A80-ASP, 0)     -17.74984948.
  Rotamer (A80-ASH,21) self-energy      79.83962228 pruned by (A80-ASP, 0)     -17.74984948.
  Rotamer (A80-ASP,22) self-energy     139.09333150 pruned by (A80-ASP, 0)     -17.74984948.
  Rotamer (A80-ASP,23) self-energy     137.58031117 pruned by (A80-ASP, 0)     -17.74984948.
  Rotamer (A90-CYS, 4) self-energy     124.16058724 pruned by (A90-CYD, 1)      -0.16850007.
  Rotamer (A90-CYS, 7) self-energy     124.16058724 pruned by (A90-CYD, 1)      -0.16850007.
  Rotamer (A90-CYD,10) self-energy     153.37927659 pruned by (A90-CYD, 1)      -0.16850007.
  Rotamer (A91-GLH, 1) self-energy      57.73578665 pruned by (A91-GLU,40)      -8.46286749.
  Rotamer (A91-GLH, 2) self-energy   16173.69792160 pruned by (A91-GLU,40)      -8.46286749.
  Rotamer (A91-GLH, 3) self-energy   72966.87110042 pruned by (A91-GLU,40)      -8.46286749.
  Rotamer (A91-GLH, 4) self-energy     988.45411602 pruned by (A91-GLU,40)      -8.46286749.
  Rotamer (A91-GLH, 5) self-energy    9269.72804978 pruned by (A91-GLU,40)      -8.46286749.
  Rotamer (A91-GLH, 6) self-energy   28844.03321951 pruned by (A91-GLU,40)      -8.46286749.
  Rotamer (A91-GLH, 7) self-energy    1750.95968424 pruned by (A91-GLU,40)      -8.46286749.
  Rotamer (A91-GLH, 8) self-energy      53.75405475 pruned by (A91-GLU,40)      -8.46286749.
  Rotamer (A91-GLH, 9) self-energy      56.54585636 pruned by (A91-GLU,40)      -8.46286749.
  Rotamer (A91-GLH,10) self-energy    3071.46784758 pruned by (A91-GLU,40)      -8.46286749.
  Rotamer (A91-GLH,11) self-energy    6813.90589053 pruned by (A91-GLU,40)      -8.46286749.
  Rotamer (A91-GLH,12) self-energy    1069.53941242 pruned by (A91-GLU,40)      -8.46286749.
  Rotamer (A91-GLH,13) self-energy    3460.38672665 pruned by (A91-GLU,40)      -8.46286749.
  Rotamer (A91-GLH,14) self-energy   55875.91516058 pruned by (A91-GLU,40)      -8.46286749.
  Rotamer (A91-GLH,15) self-energy    5361.90416069 pruned by (A91-GLU,40)      -8.46286749.
  Rotamer (A91-GLH,16) self-energy      58.31583187 pruned by (A91-GLU,40)      -8.46286749.
  Rotamer (A91-GLH,17) self-energy      61.09829207 pruned by (A91-GLU,40)      -8.46286749.
  Rotamer (A91-GLH,18) self-energy    7052.40406325 pruned by (A91-GLU,40)      -8.46286749.
  Rotamer (A91-GLH,19) self-energy   72960.30384594 pruned by (A91-GLU,40)      -8.46286749.
  Rotamer (A91-GLH,20) self-energy    1956.14693776 pruned by (A91-GLU,40)      -8.46286749.
  Rotamer (A91-GLH,21) self-energy *     5.3606e+06 pruned by (A91-GLU,40)      -8.46286749.
  Rotamer (A91-GLH,22) self-energy *     1.2368e+06 pruned by (A91-GLU,40)      -8.46286749.
  Rotamer (A91-GLH,23) self-energy    1750.81517541 pruned by (A91-GLU,40)      -8.46286749.
  Rotamer (A91-GLH,24) self-energy      57.07485476 pruned by (A91-GLU,40)      -8.46286749.
  Rotamer (A91-GLH,25) self-energy      61.01650218 pruned by (A91-GLU,40)      -8.46286749.
  Rotamer (A91-GLH,26) self-energy    3094.14676895 pruned by (A91-GLU,40)      -8.46286749.
  Rotamer (A91-GLH,27) self-energy    6043.61412344 pruned by (A91-GLU,40)      -8.46286749.
  Rotamer (A91-GLH,28) self-energy    1087.69549883 pruned by (A91-GLU,40)      -8.46286749.
  Rotamer (A91-GLH,29) self-energy    3474.36636884 pruned by (A91-GLU,40)      -8.46286749.
  Rotamer (A91-GLH,30) self-energy   55903.51918094 pruned by (A91-GLU,40)      -8.46286749.
  Rotamer (A91-GLH,31) self-energy    4100.48051616 pruned by (A91-GLU,40)      -8.46286749.
  Rotamer (A91-GLH,32) self-energy      77.23941226 pruned by (A91-GLU,40)      -8.46286749.
  Rotamer (A91-GLH,33) self-energy      80.06099954 pruned by (A91-GLU,40)      -8.46286749.
  Rotamer (A91-GLU,34) self-energy    2959.01383240 pruned by (A91-GLU,40)      -8.46286749.
  Rotamer (A91-GLU,35) self-energy   73731.37258882 pruned by (A91-GLU,40)      -8.46286749.
  Rotamer (A91-GLU,36) self-energy    1124.56473874 pruned by (A91-GLU,40)      -8.46286749.
  Rotamer (A91-GLU,37) self-energy    4651.81383462 pruned by (A91-GLU,40)      -8.46286749.
  Rotamer (A91-GLU,38) self-energy   66837.98738036 pruned by (A91-GLU,40)      -8.46286749.
  Rotamer (A91-GLU,39) self-energy    2297.55003715 pruned by (A91-GLU,40)      -8.46286749.
  Rotamer (A108-LYD, 2) self-energy      21.37090797 pruned by (A108-LYS,49)     -23.78982338.
  Rotamer (A108-LYD, 3) self-energy     195.17900464 pruned by (A108-LYS,49)     -23.78982338.
  Rotamer (A108-LYD, 4) self-energy    1951.76231557 pruned by (A108-LYS,49)     -23.78982338.
  Rotamer (A108-LYD, 5) self-energy    1365.67284237 pruned by (A108-LYS,49)     -23.78982338.
  Rotamer (A108-LYD, 6) self-energy    2723.20759919 pruned by (A108-LYS,49)     -23.78982338.
  Rotamer (A108-LYD, 7) self-energy      63.22540111 pruned by (A108-LYS,49)     -23.78982338.
  Rotamer (A108-LYD, 8) self-energy     201.06367897 pruned by (A108-LYS,49)     -23.78982338.
  Rotamer (A108-LYD, 9) self-energy       3.40194932 pruned by (A108-LYS,49)     -23.78982338.
  Rotamer (A108-LYD,10) self-energy       9.54773132 pruned by (A108-LYS,49)     -23.78982338.
  Rotamer (A108-LYD,11) self-energy     449.44231977 pruned by (A108-LYS,49)     -23.78982338.
  Rotamer (A108-LYD,12) self-energy      54.39217132 pruned by (A108-LYS,49)     -23.78982338.
  Rotamer (A108-LYD,13) self-energy     781.11794649 pruned by (A108-LYS,49)     -23.78982338.
  Rotamer (A108-LYD,14) self-energy     367.48583035 pruned by (A108-LYS,49)     -23.78982338.
  Rotamer (A108-LYD,15) self-energy     194.28942821 pruned by (A108-LYS,49)     -23.78982338.
  Rotamer (A108-LYD,17) self-energy       3.24803033 pruned by (A108-LYS,49)     -23.78982338.
  Rotamer (A108-LYD,18) self-energy      39.62410641 pruned by (A108-LYS,49)     -23.78982338.
  Rotamer (A108-LYD,19) self-energy     193.42801422 pruned by (A108-LYS,49)     -23.78982338.
  Rotamer (A108-LYS,29) self-energy      11.34708637 pruned by (A108-LYS,49)     -23.78982338.
  Rotamer (A108-LYS,31) self-energy    4297.76442686 pruned by (A108-LYS,49)     -23.78982338.
  Rotamer (A108-LYS,32) self-energy    1373.92726535 pruned by (A108-LYS,49)     -23.78982338.
  Rotamer (A108-LYS,33) self-energy    2751.84761437 pruned by (A108-LYS,49)     -23.78982338.
  Rotamer (A108-LYS,34) self-energy      61.18838529 pruned by (A108-LYS,49)     -23.78982338.
  Rotamer (A108-LYS,35) self-energy     272.15519726 pruned by (A108-LYS,49)     -23.78982338.
  Rotamer (A108-LYS,38) self-energy     593.81291409 pruned by (A108-LYS,49)     -23.78982338.
  Rotamer (A108-LYS,39) self-energy      42.93630094 pruned by (A108-LYS,49)     -23.78982338.
  Rotamer (A108-LYS,40) self-energy     831.30373557 pruned by (A108-LYS,49)     -23.78982338.
  Rotamer (A108-LYS,41) self-energy     354.81008485 pruned by (A108-LYS,49)     -23.78982338.
  Rotamer (A108-LYS,42) self-energy     202.83358999 pruned by (A108-LYS,49)     -23.78982338.
  Rotamer (A108-LYS,45) self-energy      31.78643036 pruned by (A108-LYS,49)     -23.78982338.
  Rotamer (A108-LYS,46) self-energy     203.22589146 pruned by (A108-LYS,49)     -23.78982338.
  Rotamer (A109-LYD, 2) self-energy   11179.49265335 pruned by (A109-LYS, 0)      -1.14708325.
  Rotamer (A109-LYD, 3) self-energy    7463.60474007 pruned by (A109-LYS, 0)      -1.14708325.
  Rotamer (A109-LYD, 4) self-energy    7311.35911956 pruned by (A109-LYS, 0)      -1.14708325.
  Rotamer (A109-LYD, 5) self-energy   14530.47021436 pruned by (A109-LYS, 0)      -1.14708325.
  Rotamer (A109-LYD, 6) self-energy   49348.51376622 pruned by (A109-LYS, 0)      -1.14708325.
  Rotamer (A109-LYD, 7) self-energy     100.89270808 pruned by (A109-LYS, 0)      -1.14708325.
  Rotamer (A109-LYD, 8) self-energy      71.61354497 pruned by (A109-LYS, 0)      -1.14708325.
  Rotamer (A109-LYD, 9) self-energy     170.84559044 pruned by (A109-LYS, 0)      -1.14708325.
  Rotamer (A109-LYD,10) self-energy   14647.83421956 pruned by (A109-LYS, 0)      -1.14708325.
  Rotamer (A109-LYD,11) self-energy  369925.97473226 pruned by (A109-LYS, 0)      -1.14708325.
  Rotamer (A109-LYD,12) self-energy    9997.81584956 pruned by (A109-LYS, 0)      -1.14708325.
  Rotamer (A109-LYD,13) self-energy  127822.21892516 pruned by (A109-LYS, 0)      -1.14708325.
  Rotamer (A109-LYD,14) self-energy   10238.53063102 pruned by (A109-LYS, 0)      -1.14708325.
  Rotamer (A109-LYD,15) self-energy   36251.71039655 pruned by (A109-LYS, 0)      -1.14708325.
  Rotamer (A109-LYD,16) self-energy    4894.38516479 pruned by (A109-LYS, 0)      -1.14708325.
  Rotamer (A109-LYD,18) self-energy   11790.93067170 pruned by (A109-LYS, 0)      -1.14708325.
  Rotamer (A109-LYD,19) self-energy   99007.06508183 pruned by (A109-LYS, 0)      -1.14708325.
  Rotamer (A109-LYD,20) self-energy     281.54295001 pruned by (A109-LYS, 0)      -1.14708325.
  Rotamer (A109-LYD,21) self-energy    1065.77627856 pruned by (A109-LYS, 0)      -1.14708325.
  Rotamer (A109-LYD,22) self-energy     318.00613597 pruned by (A109-LYS, 0)      -1.14708325.
  Rotamer (A109-LYD,23) self-energy    2079.86391428 pruned by (A109-LYS, 0)      -1.14708325.
  Rotamer (A109-LYD,24) self-energy    1465.11395525 pruned by (A109-LYS, 0)      -1.14708325.
  Rotamer (A109-LYD,25) self-energy     369.91164038 pruned by (A109-LYS, 0)      -1.14708325.
  Rotamer (A109-LYD,26) self-energy     430.46283321 pruned by (A109-LYS, 0)      -1.14708325.
  Rotamer (A109-LYD,27) self-energy     371.02175852 pruned by (A109-LYS, 0)      -1.14708325.
  Rotamer (A109-LYD,28) self-energy     313.42016001 pruned by (A109-LYS, 0)      -1.14708325.
  Rotamer (A109-LYS,29) self-energy   11193.97014902 pruned by (A109-LYS, 0)      -1.14708325.
  Rotamer (A109-LYS,30) self-energy     494.26995159 pruned by (A109-LYS, 0)      -1.14708325.
  Rotamer (A109-LYS,31) self-energy    7364.39748524 pruned by (A109-LYS, 0)      -1.14708325.
  Rotamer (A109-LYS,32) self-energy   14526.57623981 pruned by (A109-LYS, 0)      -1.14708325.
  Rotamer (A109-LYS,33) self-energy   51293.30386973 pruned by (A109-LYS, 0)      -1.14708325.
  Rotamer (A109-LYS,34) self-energy     109.15177542 pruned by (A109-LYS, 0)      -1.14708325.
  Rotamer (A109-LYS,35) self-energy      79.37608412 pruned by (A109-LYS, 0)      -1.14708325.
  Rotamer (A109-LYS,36) self-energy     166.41871502 pruned by (A109-LYS, 0)      -1.14708325.
  Rotamer (A109-LYS,37) self-energy   14693.77019802 pruned by (A109-LYS, 0)      -1.14708325.
  Rotamer (A109-LYS,38) self-energy  371838.48893070 pruned by (A109-LYS, 0)      -1.14708325.
  Rotamer (A109-LYS,39) self-energy   10000.07378526 pruned by (A109-LYS, 0)      -1.14708325.
  Rotamer (A109-LYS,40) self-energy  129472.27919407 pruned by (A109-LYS, 0)      -1.14708325.
  Rotamer (A109-LYS,41) self-energy   10199.52150308 pruned by (A109-LYS, 0)      -1.14708325.
  Rotamer (A109-LYS,42) self-energy   36288.34476003 pruned by (A109-LYS, 0)      -1.14708325.
  Rotamer (A109-LYS,43) self-energy    4890.37435659 pruned by (A109-LYS, 0)      -1.14708325.
  Rotamer (A109-LYS,45) self-energy   11976.50840924 pruned by (A109-LYS, 0)      -1.14708325.
  Rotamer (A109-LYS,46) self-energy   99610.70722570 pruned by (A109-LYS, 0)      -1.14708325.
  Rotamer (A109-LYS,47) self-energy     271.92755024 pruned by (A109-LYS, 0)      -1.14708325.
  Rotamer (A109-LYS,48) self-energy    1406.26285688 pruned by (A109-LYS, 0)      -1.14708325.
  Rotamer (A109-LYS,49) self-energy     309.89106533 pruned by (A109-LYS, 0)      -1.14708325.
  Rotamer (A109-LYS,50) self-energy    2371.97688319 pruned by (A109-LYS, 0)      -1.14708325.
  Rotamer (A109-LYS,51) self-energy    1464.63567236 pruned by (A109-LYS, 0)      -1.14708325.
  Rotamer (A109-LYS,52) self-energy     360.66049429 pruned by (A109-LYS, 0)      -1.14708325.
  Rotamer (A109-LYS,53) self-energy     420.08421142 pruned by (A109-LYS, 0)      -1.14708325.
  Rotamer (A109-LYS,54) self-energy     357.73290372 pruned by (A109-LYS, 0)      -1.14708325.
  Rotamer (A109-LYS,55) self-energy     300.13209469 pruned by (A109-LYS, 0)      -1.14708325.
  Rotamer (A125-GLH, 1) self-energy      58.82946670 pruned by (A125-GLU,36)      -9.52746388.
  Rotamer (A125-GLH, 2) self-energy     120.01738658 pruned by (A125-GLU,36)      -9.52746388.
  Rotamer (A125-GLH, 3) self-energy    2974.42765334 pruned by (A125-GLU,36)      -9.52746388.
  Rotamer (A125-GLH, 4) self-energy      54.42289682 pruned by (A125-GLU,36)      -9.52746388.
  Rotamer (A125-GLH, 5) self-energy      52.60184869 pruned by (A125-GLU,36)      -9.52746388.
  Rotamer (A125-GLH, 6) self-energy      54.64618302 pruned by (A125-GLU,36)      -9.52746388.
  Rotamer (A125-GLH, 7) self-energy   18226.52585571 pruned by (A125-GLU,36)      -9.52746388.
  Rotamer (A125-GLH, 8) self-energy     223.03473203 pruned by (A125-GLU,36)      -9.52746388.
  Rotamer (A125-GLH, 9) self-energy     254.56277804 pruned by (A125-GLU,36)      -9.52746388.
  Rotamer (A125-GLH,10) self-energy     122.82211976 pruned by (A125-GLU,36)      -9.52746388.
  Rotamer (A125-GLH,11) self-energy    3127.58886029 pruned by (A125-GLU,36)      -9.52746388.
  Rotamer (A125-GLH,12) self-energy      56.88891811 pruned by (A125-GLU,36)      -9.52746388.
  Rotamer (A125-GLH,13) self-energy      55.47256695 pruned by (A125-GLU,36)      -9.52746388.
  Rotamer (A125-GLH,14) self-energy      68.48870587 pruned by (A125-GLU,36)      -9.52746388.
  Rotamer (A125-GLH,15) self-energy    4416.07155125 pruned by (A125-GLU,36)      -9.52746388.
  Rotamer (A125-GLH,16) self-energy     226.13618871 pruned by (A125-GLU,36)      -9.52746388.
  Rotamer (A125-GLH,17) self-energy     256.05575455 pruned by (A125-GLU,36)      -9.52746388.
  Rotamer (A125-GLH,18) self-energy     128.45486346 pruned by (A125-GLU,36)      -9.52746388.
  Rotamer (A125-GLH,19) self-energy    2839.73366047 pruned by (A125-GLU,36)      -9.52746388.
  Rotamer (A125-GLH,20) self-energy      58.33948803 pruned by (A125-GLU,36)      -9.52746388.
  Rotamer (A125-GLH,21) self-energy      56.36039083 pruned by (A125-GLU,36)      -9.52746388.
  Rotamer (A125-GLH,22) self-energy      58.64155413 pruned by (A125-GLU,36)      -9.52746388.
  Rotamer (A125-GLH,23) self-energy    4027.74504431 pruned by (A125-GLU,36)      -9.52746388.
  Rotamer (A125-GLH,24) self-energy     226.76460870 pruned by (A125-GLU,36)      -9.52746388.
  Rotamer (A125-GLH,25) self-energy     261.55332333 pruned by (A125-GLU,36)      -9.52746388.
  Rotamer (A125-GLH,26) self-energy     141.23487521 pruned by (A125-GLU,36)      -9.52746388.
  Rotamer (A125-GLH,27) self-energy    3115.90908494 pruned by (A125-GLU,36)      -9.52746388.
  Rotamer (A125-GLH,28) self-energy      74.32191134 pruned by (A125-GLU,36)      -9.52746388.
  Rotamer (A125-GLH,29) self-energy      72.74703713 pruned by (A125-GLU,36)      -9.52746388.
  Rotamer (A125-GLH,30) self-energy      97.56592042 pruned by (A125-GLU,36)      -9.52746388.
  Rotamer (A125-GLH,31) self-energy    3123.02499770 pruned by (A125-GLU,36)      -9.52746388.
  Rotamer (A125-GLH,32) self-energy     244.09627777 pruned by (A125-GLU,36)      -9.52746388.
  Rotamer (A125-GLH,33) self-energy     270.57649682 pruned by (A125-GLU,36)      -9.52746388.
  Rotamer (A125-GLU,34) self-energy      61.45715990 pruned by (A125-GLU,36)      -9.52746388.
  Rotamer (A125-GLU,35) self-energy    3013.21338862 pruned by (A125-GLU,36)      -9.52746388.
  Rotamer (A125-GLU,39) self-energy    2880.78081529 pruned by (A125-GLU,36)      -9.52746388.
  Rotamer (A125-GLU,40) self-energy     163.97302545 pruned by (A125-GLU,36)      -9.52746388.
  Rotamer (A125-GLU,41) self-energy     190.86655434 pruned by (A125-GLU,36)      -9.52746388.
  Rotamer (A139-CYS, 2) self-energy      30.04793700 pruned by (A139-CYD, 1)      -1.49209504.
  Rotamer (A139-CYS, 5) self-energy      30.04793700 pruned by (A139-CYD, 1)      -1.49209504.
  Rotamer (A139-CYD, 8) self-energy      36.53514555 pruned by (A139-CYD, 1)      -1.49209504.
  Rotamer (A148-GLH, 1) self-energy      55.66145971 pruned by (A148-GLU,41)     -14.80312697.
  Rotamer (A148-GLH, 2) self-energy      50.99721526 pruned by (A148-GLU,41)     -14.80312697.
  Rotamer (A148-GLH, 3) self-energy     636.02913202 pruned by (A148-GLU,41)     -14.80312697.
  Rotamer (A148-GLH, 4) self-energy      51.99434445 pruned by (A148-GLU,41)     -14.80312697.
  Rotamer (A148-GLH, 5) self-energy      48.02739159 pruned by (A148-GLU,41)     -14.80312697.
  Rotamer (A148-GLH, 6) self-energy      49.27151082 pruned by (A148-GLU,41)     -14.80312697.
  Rotamer (A148-GLH, 7) self-energy     153.07421075 pruned by (A148-GLU,41)     -14.80312697.
  Rotamer (A148-GLH, 8) self-energy     174.52644386 pruned by (A148-GLU,41)     -14.80312697.
  Rotamer (A148-GLH, 9) self-energy      49.31146162 pruned by (A148-GLU,41)     -14.80312697.
  Rotamer (A148-GLH,10) self-energy      54.08955395 pruned by (A148-GLU,41)     -14.80312697.
  Rotamer (A148-GLH,11) self-energy    3100.10070600 pruned by (A148-GLU,41)     -14.80312697.
  Rotamer (A148-GLH,12) self-energy      54.61090136 pruned by (A148-GLU,41)     -14.80312697.
  Rotamer (A148-GLH,13) self-energy      51.07667596 pruned by (A148-GLU,41)     -14.80312697.
  Rotamer (A148-GLH,14) self-energy      57.43059841 pruned by (A148-GLU,41)     -14.80312697.
  Rotamer (A148-GLH,15) self-energy     226.58288593 pruned by (A148-GLU,41)     -14.80312697.
  Rotamer (A148-GLH,16) self-energy      71.53650007 pruned by (A148-GLU,41)     -14.80312697.
  Rotamer (A148-GLH,17) self-energy      51.76418423 pruned by (A148-GLU,41)     -14.80312697.
  Rotamer (A148-GLH,18) self-energy      55.00787039 pruned by (A148-GLU,41)     -14.80312697.
  Rotamer (A148-GLH,19) self-energy     622.62440727 pruned by (A148-GLU,41)     -14.80312697.
  Rotamer (A148-GLH,20) self-energy      55.98877017 pruned by (A148-GLU,41)     -14.80312697.
  Rotamer (A148-GLH,21) self-energy      51.78331848 pruned by (A148-GLU,41)     -14.80312697.
  Rotamer (A148-GLH,22) self-energy      53.13627281 pruned by (A148-GLU,41)     -14.80312697.
  Rotamer (A148-GLH,23) self-energy     149.77762723 pruned by (A148-GLU,41)     -14.80312697.
  Rotamer (A148-GLH,24) self-energy      78.80974147 pruned by (A148-GLU,41)     -14.80312697.
  Rotamer (A148-GLH,25) self-energy      54.84813459 pruned by (A148-GLU,41)     -14.80312697.
  Rotamer (A148-GLH,26) self-energy      72.65042032 pruned by (A148-GLU,41)     -14.80312697.
  Rotamer (A148-GLH,27) self-energy     479.87720470 pruned by (A148-GLU,41)     -14.80312697.
  Rotamer (A148-GLH,28) self-energy      72.87019388 pruned by (A148-GLU,41)     -14.80312697.
  Rotamer (A148-GLH,29) self-energy      68.66289043 pruned by (A148-GLU,41)     -14.80312697.
  Rotamer (A148-GLH,30) self-energy      86.74552127 pruned by (A148-GLU,41)     -14.80312697.
  Rotamer (A148-GLH,31) self-energy     200.17862215 pruned by (A148-GLU,41)     -14.80312697.
  Rotamer (A148-GLH,32) self-energy      89.75995106 pruned by (A148-GLU,41)     -14.80312697.
  Rotamer (A148-GLH,33) self-energy      66.44271910 pruned by (A148-GLU,41)     -14.80312697.
  Rotamer (A148-GLU,35) self-energy     689.75198083 pruned by (A148-GLU,41)     -14.80312697.
  Rotamer (A148-GLU,39) self-energy     127.60206845 pruned by (A148-GLU,41)     -14.80312697.
  Rotamer (A153-GLH, 1) self-energy      60.30580735 pruned by (A153-GLU,40)     -10.88472793.
  Rotamer (A153-GLH, 2) self-energy     170.92564298 pruned by (A153-GLU,40)     -10.88472793.
  Rotamer (A153-GLH, 3) self-energy     140.51295857 pruned by (A153-GLU,40)     -10.88472793.
  Rotamer (A153-GLH, 4) self-energy     159.04492667 pruned by (A153-GLU,40)     -10.88472793.
  Rotamer (A153-GLH, 5) self-energy      66.50057595 pruned by (A153-GLU,40)     -10.88472793.
  Rotamer (A153-GLH, 6) self-energy      83.79438197 pruned by (A153-GLU,40)     -10.88472793.
  Rotamer (A153-GLH, 7) self-energy      56.28526778 pruned by (A153-GLU,40)     -10.88472793.
  Rotamer (A153-GLH, 8) self-energy      50.93944799 pruned by (A153-GLU,40)     -10.88472793.
  Rotamer (A153-GLH, 9) self-energy      61.65467657 pruned by (A153-GLU,40)     -10.88472793.
  Rotamer (A153-GLH,10) self-energy      85.50510136 pruned by (A153-GLU,40)     -10.88472793.
  Rotamer (A153-GLH,11) self-energy     125.82063149 pruned by (A153-GLU,40)     -10.88472793.
  Rotamer (A153-GLH,12) self-energy     117.80846099 pruned by (A153-GLU,40)     -10.88472793.
  Rotamer (A153-GLH,13) self-energy      69.52108938 pruned by (A153-GLU,40)     -10.88472793.
  Rotamer (A153-GLH,14) self-energy      94.77920909 pruned by (A153-GLU,40)     -10.88472793.
  Rotamer (A153-GLH,15) self-energy      61.61782331 pruned by (A153-GLU,40)     -10.88472793.
  Rotamer (A153-GLH,16) self-energy      54.28543552 pruned by (A153-GLU,40)     -10.88472793.
  Rotamer (A153-GLH,17) self-energy     107.80993604 pruned by (A153-GLU,40)     -10.88472793.
  Rotamer (A153-GLH,18) self-energy     274.10823274 pruned by (A153-GLU,40)     -10.88472793.
  Rotamer (A153-GLH,19) self-energy     307.41988593 pruned by (A153-GLU,40)     -10.88472793.
  Rotamer (A153-GLH,20) self-energy     150.92944416 pruned by (A153-GLU,40)     -10.88472793.
  Rotamer (A153-GLH,21) self-energy      70.32354623 pruned by (A153-GLU,40)     -10.88472793.
  Rotamer (A153-GLH,22) self-energy      87.90870187 pruned by (A153-GLU,40)     -10.88472793.
  Rotamer (A153-GLH,23) self-energy      59.98977457 pruned by (A153-GLU,40)     -10.88472793.
  Rotamer (A153-GLH,24) self-energy      54.63777752 pruned by (A153-GLU,40)     -10.88472793.
  Rotamer (A153-GLH,25) self-energy      65.83151042 pruned by (A153-GLU,40)     -10.88472793.
  Rotamer (A153-GLH,26) self-energy     103.86471420 pruned by (A153-GLU,40)     -10.88472793.
  Rotamer (A153-GLH,27) self-energy     165.59914536 pruned by (A153-GLU,40)     -10.88472793.
  Rotamer (A153-GLH,28) self-energy     131.02538296 pruned by (A153-GLU,40)     -10.88472793.
  Rotamer (A153-GLH,29) self-energy      87.17089349 pruned by (A153-GLU,40)     -10.88472793.
  Rotamer (A153-GLH,30) self-energy     124.62564082 pruned by (A153-GLU,40)     -10.88472793.
  Rotamer (A153-GLH,31) self-energy      95.06540972 pruned by (A153-GLU,40)     -10.88472793.
  Rotamer (A153-GLH,32) self-energy      72.47201576 pruned by (A153-GLU,40)     -10.88472793.
  Rotamer (A153-GLH,33) self-energy      90.97846989 pruned by (A153-GLU,40)     -10.88472793.
  Rotamer (A153-GLU,34) self-energy      37.80431451 pruned by (A153-GLU,40)     -10.88472793.
  Rotamer (A153-GLU,35) self-energy      24.64505634 pruned by (A153-GLU,40)     -10.88472793.
  Rotamer (A153-GLU,36) self-energy      91.52350146 pruned by (A153-GLU,40)     -10.88472793.
  Rotamer (A153-GLU,38) self-energy      26.17439332 pruned by (A153-GLU,40)     -10.88472793.
  Rotamer (A155-LYD, 7) self-energy  132211.26126496 pruned by (A155-LYS, 0)     -21.14733763.
  Rotamer (A155-LYD, 8) self-energy   95912.02025076 pruned by (A155-LYS, 0)     -21.14733763.
  Rotamer (A155-LYD, 9) self-energy  261731.65674967 pruned by (A155-LYS, 0)     -21.14733763.
  Rotamer (A155-LYD,10) self-energy      47.91455778 pruned by (A155-LYS, 0)     -21.14733763.
  Rotamer (A155-LYD,11) self-energy      46.39891545 pruned by (A155-LYS, 0)     -21.14733763.
  Rotamer (A155-LYD,12) self-energy     476.91650387 pruned by (A155-LYS, 0)     -21.14733763.
  Rotamer (A155-LYD,13) self-energy      73.68109678 pruned by (A155-LYS, 0)     -21.14733763.
  Rotamer (A155-LYD,14) self-energy     127.59206605 pruned by (A155-LYS, 0)     -21.14733763.
  Rotamer (A155-LYD,15) self-energy      46.54662326 pruned by (A155-LYS, 0)     -21.14733763.
  Rotamer (A155-LYD,16) self-energy      59.33811168 pruned by (A155-LYS, 0)     -21.14733763.
  Rotamer (A155-LYD,17) self-energy      15.59891873 pruned by (A155-LYS, 0)     -21.14733763.
  Rotamer (A155-LYD,18) self-energy      39.19766282 pruned by (A155-LYS, 0)     -21.14733763.
  Rotamer (A155-LYD,22) self-energy      72.83586393 pruned by (A155-LYS, 0)     -21.14733763.
  Rotamer (A155-LYD,25) self-energy     127.60502322 pruned by (A155-LYS, 0)     -21.14733763.
  Rotamer (A155-LYD,26) self-energy     297.17706556 pruned by (A155-LYS, 0)     -21.14733763.
  Rotamer (A155-LYD,27) self-energy      15.96003664 pruned by (A155-LYS, 0)     -21.14733763.
  Rotamer (A155-LYD,28) self-energy   20003.70482443 pruned by (A155-LYS, 0)     -21.14733763.
  Rotamer (A155-LYS,30) self-energy      87.24385124 pruned by (A155-LYS, 0)     -21.14733763.
  Rotamer (A155-LYS,34) self-energy  139775.74027129 pruned by (A155-LYS, 0)     -21.14733763.
  Rotamer (A155-LYS,35) self-energy   96955.53452441 pruned by (A155-LYS, 0)     -21.14733763.
  Rotamer (A155-LYS,36) self-energy  262672.31280498 pruned by (A155-LYS, 0)     -21.14733763.
  Rotamer (A155-LYS,37) self-energy      35.12283696 pruned by (A155-LYS, 0)     -21.14733763.
  Rotamer (A155-LYS,38) self-energy      32.88888376 pruned by (A155-LYS, 0)     -21.14733763.
  Rotamer (A155-LYS,39) self-energy   16015.98291339 pruned by (A155-LYS, 0)     -21.14733763.
  Rotamer (A155-LYS,40) self-energy      60.45546780 pruned by (A155-LYS, 0)     -21.14733763.
  Rotamer (A155-LYS,41) self-energy     111.14157339 pruned by (A155-LYS, 0)     -21.14733763.
  Rotamer (A155-LYS,42) self-energy      33.46316618 pruned by (A155-LYS, 0)     -21.14733763.
  Rotamer (A155-LYS,43) self-energy      50.02708411 pruned by (A155-LYS, 0)     -21.14733763.
  Rotamer (A155-LYS,44) self-energy       6.43018123 pruned by (A155-LYS, 0)     -21.14733763.
  Rotamer (A155-LYS,45) self-energy      29.84046381 pruned by (A155-LYS, 0)     -21.14733763.
  Rotamer (A155-LYS,49) self-energy      63.77471851 pruned by (A155-LYS, 0)     -21.14733763.
  Rotamer (A155-LYS,52) self-energy     125.09806634 pruned by (A155-LYS, 0)     -21.14733763.
  Rotamer (A155-LYS,53) self-energy     321.16889206 pruned by (A155-LYS, 0)     -21.14733763.
  Rotamer (A155-LYS,54) self-energy       4.97174325 pruned by (A155-LYS, 0)     -21.14733763.
  Rotamer (A155-LYS,55) self-energy   21083.83400250 pruned by (A155-LYS, 0)     -21.14733763.
  Rotamer (A195-ASH, 1) self-energy      66.25817357 pruned by (A195-ASP, 0)     -11.21271375.
  Rotamer (A195-ASH, 2) self-energy      61.54957156 pruned by (A195-ASP, 0)     -11.21271375.
  Rotamer (A195-ASH, 3) self-energy      63.68079144 pruned by (A195-ASP, 0)     -11.21271375.
  Rotamer (A195-ASH, 4) self-energy      65.65285669 pruned by (A195-ASP, 0)     -11.21271375.
  Rotamer (A195-ASH, 5) self-energy      65.84377676 pruned by (A195-ASP, 0)     -11.21271375.
  Rotamer (A195-ASH, 6) self-energy      84.91748417 pruned by (A195-ASP, 0)     -11.21271375.
  Rotamer (A195-ASH, 7) self-energy      77.15087724 pruned by (A195-ASP, 0)     -11.21271375.
  Rotamer (A195-ASH, 8) self-energy      83.13235304 pruned by (A195-ASP, 0)     -11.21271375.
  Rotamer (A195-ASH, 9) self-energy      67.62376687 pruned by (A195-ASP, 0)     -11.21271375.
  Rotamer (A195-ASH,10) self-energy      62.73462638 pruned by (A195-ASP, 0)     -11.21271375.
  Rotamer (A195-ASH,11) self-energy     167.72788892 pruned by (A195-ASP, 0)     -11.21271375.
  Rotamer (A195-ASH,12) self-energy      66.24163880 pruned by (A195-ASP, 0)     -11.21271375.
  Rotamer (A195-ASH,13) self-energy      68.92053587 pruned by (A195-ASP, 0)     -11.21271375.
  Rotamer (A195-ASH,14) self-energy      70.88682165 pruned by (A195-ASP, 0)     -11.21271375.
  Rotamer (A195-ASH,15) self-energy      72.17115733 pruned by (A195-ASP, 0)     -11.21271375.
  Rotamer (A195-ASH,16) self-energy      90.23009095 pruned by (A195-ASP, 0)     -11.21271375.
  Rotamer (A195-ASH,17) self-energy     105.85851968 pruned by (A195-ASP, 0)     -11.21271375.
  Rotamer (A195-ASH,18) self-energy     126.57956930 pruned by (A195-ASP, 0)     -11.21271375.
  Rotamer (A195-ASH,19) self-energy      92.40965021 pruned by (A195-ASP, 0)     -11.21271375.
  Rotamer (A195-ASH,20) self-energy      68.14244955 pruned by (A195-ASP, 0)     -11.21271375.
  Rotamer (A195-ASH,21) self-energy     188.46889062 pruned by (A195-ASP, 0)     -11.21271375.
  Rotamer (A195-ASP,26) self-energy      27.17385634 pruned by (A195-ASP, 0)     -11.21271375.
  Rotamer (A210-ASH, 1) self-energy      61.38529254 pruned by (A210-ASP,25)     -16.72755350.
  Rotamer (A210-ASH, 2) self-energy     161.84957213 pruned by (A210-ASP,25)     -16.72755350.
  Rotamer (A210-ASH, 3) self-energy     158.34617564 pruned by (A210-ASP,25)     -16.72755350.
  Rotamer (A210-ASH, 4) self-energy     107.75010635 pruned by (A210-ASP,25)     -16.72755350.
  Rotamer (A210-ASH, 5) self-energy      56.64330183 pruned by (A210-ASP,25)     -16.72755350.
  Rotamer (A210-ASH, 6) self-energy     287.15803633 pruned by (A210-ASP,25)     -16.72755350.
  Rotamer (A210-ASH, 7) self-energy     227.67653120 pruned by (A210-ASP,25)     -16.72755350.
  Rotamer (A210-ASH, 8) self-energy     137.62712371 pruned by (A210-ASP,25)     -16.72755350.
  Rotamer (A210-ASH, 9) self-energy      90.58980823 pruned by (A210-ASP,25)     -16.72755350.
  Rotamer (A210-ASH,10) self-energy      55.97422018 pruned by (A210-ASP,25)     -16.72755350.
  Rotamer (A210-ASH,11) self-energy     122.35299008 pruned by (A210-ASP,25)     -16.72755350.
  Rotamer (A210-ASH,12) self-energy     161.23267465 pruned by (A210-ASP,25)     -16.72755350.
  Rotamer (A210-ASH,13) self-energy     130.97455170 pruned by (A210-ASP,25)     -16.72755350.
  Rotamer (A210-ASH,14) self-energy     121.74190332 pruned by (A210-ASP,25)     -16.72755350.
  Rotamer (A210-ASH,15) self-energy      62.60114493 pruned by (A210-ASP,25)     -16.72755350.
  Rotamer (A210-ASH,16) self-energy     243.54357446 pruned by (A210-ASP,25)     -16.72755350.
  Rotamer (A210-ASH,17) self-energy     515.32788942 pruned by (A210-ASP,25)     -16.72755350.
  Rotamer (A210-ASH,18) self-energy     314.76756959 pruned by (A210-ASP,25)     -16.72755350.
  Rotamer (A210-ASH,19) self-energy     120.68241517 pruned by (A210-ASP,25)     -16.72755350.
  Rotamer (A210-ASH,20) self-energy      61.49742962 pruned by (A210-ASP,25)     -16.72755350.
  Rotamer (A210-ASH,21) self-energy     144.81576816 pruned by (A210-ASP,25)     -16.72755350.
  Rotamer (A210-ASP,22) self-energy     107.17049324 pruned by (A210-ASP,25)     -16.72755350.
  Rotamer (A210-ASP,23) self-energy      63.65137578 pruned by (A210-ASP,25)     -16.72755350.
  Rotamer (A210-ASP,24) self-energy      25.40750116 pruned by (A210-ASP,25)     -16.72755350.
  Rotamer (A210-ASP,26) self-energy      73.68818486 pruned by (A210-ASP,25)     -16.72755350.
  Rotamer (A214-LYD, 2) self-energy    3851.05630140 pruned by (A214-LYS, 0)     -15.57834869.
  Rotamer (A214-LYD, 3) self-energy    6968.25955387 pruned by (A214-LYS, 0)     -15.57834869.
  Rotamer (A214-LYD, 4) self-energy    2358.73826206 pruned by (A214-LYS, 0)     -15.57834869.
  Rotamer (A214-LYD, 5) self-energy    3181.01404741 pruned by (A214-LYS, 0)     -15.57834869.
  Rotamer (A214-LYD, 6) self-energy    5700.11274276 pruned by (A214-LYS, 0)     -15.57834869.
  Rotamer (A214-LYD, 7) self-energy   41224.13418643 pruned by (A214-LYS, 0)     -15.57834869.
  Rotamer (A214-LYD, 8) self-energy *     1.9149e+06 pruned by (A214-LYS, 0)     -15.57834869.
  Rotamer (A214-LYD, 9) self-energy   53227.97563057 pruned by (A214-LYS, 0)     -15.57834869.
  Rotamer (A214-LYD,10) self-energy    7075.63258043 pruned by (A214-LYS, 0)     -15.57834869.
  Rotamer (A214-LYD,11) self-energy    6108.02937322 pruned by (A214-LYS, 0)     -15.57834869.
  Rotamer (A214-LYD,12) self-energy    4366.41582251 pruned by (A214-LYS, 0)     -15.57834869.
  Rotamer (A214-LYD,13) self-energy    5243.14783988 pruned by (A214-LYS, 0)     -15.57834869.
  Rotamer (A214-LYD,14) self-energy    4403.26208076 pruned by (A214-LYS, 0)     -15.57834869.
  Rotamer (A214-LYD,15) self-energy   11043.41264974 pruned by (A214-LYS, 0)     -15.57834869.
  Rotamer (A214-LYD,16) self-energy    1590.60048139 pruned by (A214-LYS, 0)     -15.57834869.
  Rotamer (A214-LYD,17) self-energy      14.00885997 pruned by (A214-LYS, 0)     -15.57834869.
  Rotamer (A214-LYD,18) self-energy    1164.69547451 pruned by (A214-LYS, 0)     -15.57834869.
  Rotamer (A214-LYD,19) self-energy    6502.63518712 pruned by (A214-LYS, 0)     -15.57834869.
  Rotamer (A214-LYD,21) self-energy      44.19334067 pruned by (A214-LYS, 0)     -15.57834869.
  Rotamer (A214-LYD,23) self-energy      64.26074604 pruned by (A214-LYS, 0)     -15.57834869.
  Rotamer (A214-LYD,24) self-energy      25.14556556 pruned by (A214-LYS, 0)     -15.57834869.
  Rotamer (A214-LYD,28) self-energy      46.17994298 pruned by (A214-LYS, 0)     -15.57834869.
  Rotamer (A214-LYS,29) self-energy    3852.66434506 pruned by (A214-LYS, 0)     -15.57834869.
  Rotamer (A214-LYS,30) self-energy      99.21350827 pruned by (A214-LYS, 0)     -15.57834869.
  Rotamer (A214-LYS,31) self-energy    2377.03380028 pruned by (A214-LYS, 0)     -15.57834869.
  Rotamer (A214-LYS,32) self-energy    3178.18488774 pruned by (A214-LYS, 0)     -15.57834869.
  Rotamer (A214-LYS,33) self-energy    6064.62478126 pruned by (A214-LYS, 0)     -15.57834869.
  Rotamer (A214-LYS,34) self-energy   41499.64521681 pruned by (A214-LYS, 0)     -15.57834869.
  Rotamer (A214-LYS,35) self-energy *     1.9324e+06 pruned by (A214-LYS, 0)     -15.57834869.
  Rotamer (A214-LYS,36) self-energy   53245.79818975 pruned by (A214-LYS, 0)     -15.57834869.
  Rotamer (A214-LYS,37) self-energy    7092.87812977 pruned by (A214-LYS, 0)     -15.57834869.
  Rotamer (A214-LYS,38) self-energy    6850.88543538 pruned by (A214-LYS, 0)     -15.57834869.
  Rotamer (A214-LYS,39) self-energy    4446.75366987 pruned by (A214-LYS, 0)     -15.57834869.
  Rotamer (A214-LYS,40) self-energy   45610.06190112 pruned by (A214-LYS, 0)     -15.57834869.
  Rotamer (A214-LYS,41) self-energy    4719.67886646 pruned by (A214-LYS, 0)     -15.57834869.
  Rotamer (A214-LYS,42) self-energy   11302.82730481 pruned by (A214-LYS, 0)     -15.57834869.
  Rotamer (A214-LYS,43) self-energy    1655.91834374 pruned by (A214-LYS, 0)     -15.57834869.
  Rotamer (A214-LYS,45) self-energy    1378.93923560 pruned by (A214-LYS, 0)     -15.57834869.
  Rotamer (A214-LYS,46) self-energy    6637.86465401 pruned by (A214-LYS, 0)     -15.57834869.
  Rotamer (A214-LYS,48) self-energy      52.88496036 pruned by (A214-LYS, 0)     -15.57834869.
  Rotamer (A214-LYS,50) self-energy      72.77379107 pruned by (A214-LYS, 0)     -15.57834869.
  Rotamer (A214-LYS,51) self-energy      14.36479698 pruned by (A214-LYS, 0)     -15.57834869.
  Rotamer (A214-LYS,55) self-energy      35.81408708 pruned by (A214-LYS, 0)     -15.57834869.
  Rotamer (A227-LYD, 2) self-energy     176.81343013 pruned by (A227-LYS, 0)     -23.02119884.
  Rotamer (A227-LYD, 3) self-energy    1215.47982359 pruned by (A227-LYS, 0)     -23.02119884.
  Rotamer (A227-LYD, 4) self-energy     565.68142468 pruned by (A227-LYS, 0)     -23.02119884.
  Rotamer (A227-LYD, 5) self-energy   15094.76605566 pruned by (A227-LYS, 0)     -23.02119884.
  Rotamer (A227-LYD, 6) self-energy      27.04327394 pruned by (A227-LYS, 0)     -23.02119884.
  Rotamer (A227-LYD,17) self-energy      38.37562378 pruned by (A227-LYS, 0)     -23.02119884.
  Rotamer (A227-LYD,18) self-energy      44.88923172 pruned by (A227-LYS, 0)     -23.02119884.
  Rotamer (A227-LYD,20) self-energy    7357.74933872 pruned by (A227-LYS, 0)     -23.02119884.
  Rotamer (A227-LYD,21) self-energy     262.11568958 pruned by (A227-LYS, 0)     -23.02119884.
  Rotamer (A227-LYD,22) self-energy     207.18586008 pruned by (A227-LYS, 0)     -23.02119884.
  Rotamer (A227-LYD,23) self-energy     235.48037772 pruned by (A227-LYS, 0)     -23.02119884.
  Rotamer (A227-LYD,24) self-energy     541.42837987 pruned by (A227-LYS, 0)     -23.02119884.
  Rotamer (A227-LYD,25) self-energy      12.03842492 pruned by (A227-LYS, 0)     -23.02119884.
  Rotamer (A227-LYD,26) self-energy      15.53653658 pruned by (A227-LYS, 0)     -23.02119884.
  Rotamer (A227-LYD,27) self-energy      11.32519460 pruned by (A227-LYS, 0)     -23.02119884.
  Rotamer (A227-LYD,28) self-energy       6.42153002 pruned by (A227-LYS, 0)     -23.02119884.
  Rotamer (A227-LYS,29) self-energy     161.50376806 pruned by (A227-LYS, 0)     -23.02119884.
  Rotamer (A227-LYS,30) self-energy      36.29508082 pruned by (A227-LYS, 0)     -23.02119884.
  Rotamer (A227-LYS,31) self-energy     555.85852457 pruned by (A227-LYS, 0)     -23.02119884.
  Rotamer (A227-LYS,32) self-energy   15223.10647426 pruned by (A227-LYS, 0)     -23.02119884.
  Rotamer (A227-LYS,33) self-energy      14.73157177 pruned by (A227-LYS, 0)     -23.02119884.
  Rotamer (A227-LYS,44) self-energy      30.27982370 pruned by (A227-LYS, 0)     -23.02119884.
  Rotamer (A227-LYS,45) self-energy      36.72718230 pruned by (A227-LYS, 0)     -23.02119884.
  Rotamer (A227-LYS,47) self-energy    7399.65003160 pruned by (A227-LYS, 0)     -23.02119884.
  Rotamer (A227-LYS,48) self-energy     261.86891400 pruned by (A227-LYS, 0)     -23.02119884.
  Rotamer (A227-LYS,49) self-energy     193.25932156 pruned by (A227-LYS, 0)     -23.02119884.
  Rotamer (A227-LYS,50) self-energy     216.90710721 pruned by (A227-LYS, 0)     -23.02119884.
  Rotamer (A227-LYS,51) self-energy    1148.22730251 pruned by (A227-LYS, 0)     -23.02119884.
  Rotamer (A227-LYS,52) self-energy       7.70329875 pruned by (A227-LYS, 0)     -23.02119884.
  Rotamer (A227-LYS,53) self-energy       4.34166733 pruned by (A227-LYS, 0)     -23.02119884.
  Rotamer (A227-LYS,54) self-energy       4.30737736 pruned by (A227-LYS, 0)     -23.02119884.
  Rotamer (A228-GLH, 1) self-energy      60.17835420 pruned by (A228-GLU, 0)     -12.08951938.
  Rotamer (A228-GLH, 2) self-energy     134.94443905 pruned by (A228-GLU, 0)     -12.08951938.
  Rotamer (A228-GLH, 3) self-energy   72845.86839622 pruned by (A228-GLU, 0)     -12.08951938.
  Rotamer (A228-GLH, 4) self-energy     124.64556076 pruned by (A228-GLU, 0)     -12.08951938.
  Rotamer (A228-GLH, 5) self-energy    6073.34797012 pruned by (A228-GLU, 0)     -12.08951938.
  Rotamer (A228-GLH, 6) self-energy     366.08813118 pruned by (A228-GLU, 0)     -12.08951938.
  Rotamer (A228-GLH, 7) self-energy    5224.01276142 pruned by (A228-GLU, 0)     -12.08951938.
  Rotamer (A228-GLH, 8) self-energy     785.96740138 pruned by (A228-GLU, 0)     -12.08951938.
  Rotamer (A228-GLH, 9) self-energy      54.83443085 pruned by (A228-GLU, 0)     -12.08951938.
  Rotamer (A228-GLH,10) self-energy     129.38978812 pruned by (A228-GLU, 0)     -12.08951938.
  Rotamer (A228-GLH,11) self-energy    7086.69085509 pruned by (A228-GLU, 0)     -12.08951938.
  Rotamer (A228-GLH,12) self-energy     126.92713869 pruned by (A228-GLU, 0)     -12.08951938.
  Rotamer (A228-GLH,13) self-energy    9881.36124523 pruned by (A228-GLU, 0)     -12.08951938.
  Rotamer (A228-GLH,14) self-energy     255.79911563 pruned by (A228-GLU, 0)     -12.08951938.
  Rotamer (A228-GLH,15) self-energy   13566.29533268 pruned by (A228-GLU, 0)     -12.08951938.
  Rotamer (A228-GLH,16) self-energy     720.83524216 pruned by (A228-GLU, 0)     -12.08951938.
  Rotamer (A228-GLH,17) self-energy      57.28906852 pruned by (A228-GLU, 0)     -12.08951938.
  Rotamer (A228-GLH,18) self-energy     285.70497129 pruned by (A228-GLU, 0)     -12.08951938.
  Rotamer (A228-GLH,19) self-energy   71595.63436120 pruned by (A228-GLU, 0)     -12.08951938.
  Rotamer (A228-GLH,20) self-energy     129.42314218 pruned by (A228-GLU, 0)     -12.08951938.
  Rotamer (A228-GLH,21) self-energy    5663.71108852 pruned by (A228-GLU, 0)     -12.08951938.
  Rotamer (A228-GLH,22) self-energy     314.91579563 pruned by (A228-GLU, 0)     -12.08951938.
  Rotamer (A228-GLH,23) self-energy    5217.22910840 pruned by (A228-GLU, 0)     -12.08951938.
  Rotamer (A228-GLH,24) self-energy     479.62402835 pruned by (A228-GLU, 0)     -12.08951938.
  Rotamer (A228-GLH,25) self-energy      59.00340046 pruned by (A228-GLU, 0)     -12.08951938.
  Rotamer (A228-GLH,26) self-energy     148.18184184 pruned by (A228-GLU, 0)     -12.08951938.
  Rotamer (A228-GLH,27) self-energy    5950.91481165 pruned by (A228-GLU, 0)     -12.08951938.
  Rotamer (A228-GLH,28) self-energy     144.90008658 pruned by (A228-GLU, 0)     -12.08951938.
  Rotamer (A228-GLH,29) self-energy    9872.04188874 pruned by (A228-GLU, 0)     -12.08951938.
  Rotamer (A228-GLH,30) self-energy     285.10000833 pruned by (A228-GLU, 0)     -12.08951938.
  Rotamer (A228-GLH,31) self-energy    7582.64947873 pruned by (A228-GLU, 0)     -12.08951938.
  Rotamer (A228-GLH,32) self-energy     729.61468952 pruned by (A228-GLU, 0)     -12.08951938.
  Rotamer (A228-GLH,33) self-energy      72.20655094 pruned by (A228-GLU, 0)     -12.08951938.
  Rotamer (A228-GLU,34) self-energy      83.15514206 pruned by (A228-GLU, 0)     -12.08951938.
  Rotamer (A228-GLU,35) self-energy   83955.19923621 pruned by (A228-GLU, 0)     -12.08951938.
  Rotamer (A228-GLU,36) self-energy      59.95582225 pruned by (A228-GLU, 0)     -12.08951938.
  Rotamer (A228-GLU,37) self-energy    8512.94231870 pruned by (A228-GLU, 0)     -12.08951938.
  Rotamer (A228-GLU,38) self-energy     194.93862012 pruned by (A228-GLU, 0)     -12.08951938.
  Rotamer (A228-GLU,39) self-energy    7169.59792957 pruned by (A228-GLU, 0)     -12.08951938.
  Rotamer (A228-GLU,40) self-energy     641.82369041 pruned by (A228-GLU, 0)     -12.08951938.
  Rotamer (A238-HIS, 3) self-energy     231.36685913 pruned by (A238-HIE,25)     -33.12957135.
  Rotamer (A238-HIS, 4) self-energy      -0.39388166 pruned by (A238-HIE,25)     -33.12957135.
  Rotamer (A238-HIS, 5) self-energy     702.64006640 pruned by (A238-HIE,25)     -33.12957135.
  Rotamer (A238-HIS, 6) self-energy      18.25370697 pruned by (A238-HIE,25)     -33.12957135.
  Rotamer (A238-HIS, 7) self-energy     660.24236859 pruned by (A238-HIE,25)     -33.12957135.
  Rotamer (A238-HIS,10) self-energy      43.18369699 pruned by (A238-HIE,25)     -33.12957135.
  Rotamer (A238-HID,11) self-energy     177.46667329 pruned by (A238-HIE,25)     -33.12957135.
  Rotamer (A238-HID,13) self-energy     628.78077901 pruned by (A238-HIE,25)     -33.12957135.
  Rotamer (A238-HID,14) self-energy       8.24067162 pruned by (A238-HIE,25)     -33.12957135.
  Rotamer (A238-HID,15) self-energy     512.65637541 pruned by (A238-HIE,25)     -33.12957135.
  Rotamer (A238-HID,18) self-energy      22.53115505 pruned by (A238-HIE,25)     -33.12957135.
  Rotamer (A238-HIE,19) self-energy       9.04655088 pruned by (A238-HIE,25)     -33.12957135.
  Rotamer (A238-HIE,21) self-energy     837.04815510 pruned by (A238-HIE,25)     -33.12957135.
  Rotamer (A238-HIE,22) self-energy       6.39381347 pruned by (A238-HIE,25)     -33.12957135.
  Rotamer (A238-HIE,23) self-energy     629.38361044 pruned by (A238-HIE,25)     -33.12957135.
  Rotamer (A239-HIS, 5) self-energy  168190.88975548 pruned by (A239-HIE,20)     -32.43753278.
  Rotamer (A239-HIS, 6) self-energy      46.07223650 pruned by (A239-HIE,20)     -32.43753278.
  Rotamer (A239-HIS, 7) self-energy    1282.00806114 pruned by (A239-HIE,20)     -32.43753278.
  Rotamer (A239-HIS, 8) self-energy      -5.22840935 pruned by (A239-HIE,20)     -32.43753278.
  Rotamer (A239-HID,13) self-energy  219065.96998263 pruned by (A239-HIE,20)     -32.43753278.
  Rotamer (A239-HID,14) self-energy      34.64738182 pruned by (A239-HIE,20)     -32.43753278.
  Rotamer (A239-HID,15) self-energy    1203.28616128 pruned by (A239-HIE,20)     -32.43753278.
  Rotamer (A239-HIE,21) self-energy  146311.26888397 pruned by (A239-HIE,20)     -32.43753278.
  Rotamer (A239-HIE,22) self-energy      33.83812919 pruned by (A239-HIE,20)     -32.43753278.
  Rotamer (A239-HIE,23) self-energy     580.89598688 pruned by (A239-HIE,20)     -32.43753278.
  Rotamer (A240-HIS, 5) self-energy     343.62962459 pruned by (A240-HIE,24)     -31.70726466.
  Rotamer (A240-HIS, 6) self-energy      38.69783489 pruned by (A240-HIE,24)     -31.70726466.
  Rotamer (A240-HIS, 7) self-energy       1.47969276 pruned by (A240-HIE,24)     -31.70726466.
  Rotamer (A240-HID,13) self-energy     310.98866797 pruned by (A240-HIE,24)     -31.70726466.
  Rotamer (A240-HID,14) self-energy      28.77846497 pruned by (A240-HIE,24)     -31.70726466.
  Rotamer (A240-HIE,21) self-energy     356.67984839 pruned by (A240-HIE,24)     -31.70726466.
  Rotamer (A240-HIE,22) self-energy      23.14236800 pruned by (A240-HIE,24)     -31.70726466.
  Rotamer (A241-HIS, 3) self-energy      62.50659013 pruned by (A241-HIE,26)     -38.63936382.
  Rotamer (A241-HIS, 4) self-energy      -8.50750678 pruned by (A241-HIE,26)     -38.63936382.
  Rotamer (A241-HIS, 5) self-energy   13741.36071488 pruned by (A241-HIE,26)     -38.63936382.
  Rotamer (A241-HIS, 7) self-energy      82.19856984 pruned by (A241-HIE,26)     -38.63936382.
  Rotamer (A241-HIS, 9) self-energy     -10.77510517 pruned by (A241-HIE,26)     -38.63936382.
  Rotamer (A241-HID,11) self-energy      50.95516051 pruned by (A241-HIE,26)     -38.63936382.
  Rotamer (A241-HID,13) self-energy   10916.29752374 pruned by (A241-HIE,26)     -38.63936382.
  Rotamer (A241-HID,15) self-energy      64.84833330 pruned by (A241-HIE,26)     -38.63936382.
  Rotamer (A241-HIE,19) self-energy      42.14016938 pruned by (A241-HIE,26)     -38.63936382.
  Rotamer (A241-HIE,21) self-energy   24522.32850935 pruned by (A241-HIE,26)     -38.63936382.
  Rotamer (A241-HIE,23) self-energy      40.55806656 pruned by (A241-HIE,26)     -38.63936382.
  Rotamer (A242-HIS, 5) self-energy     114.21694039 pruned by (A242-HIE,19)     -31.05529961.
  Rotamer (A242-HIS, 6) self-energy       7.18372010 pruned by (A242-HIE,19)     -31.05529961.
  Rotamer (A242-HIS, 9) self-energy      36.75322978 pruned by (A242-HIE,19)     -31.05529961.
  Rotamer (A242-HIS,10) self-energy      20.09490575 pruned by (A242-HIE,19)     -31.05529961.
  Rotamer (A242-HID,13) self-energy      97.12254134 pruned by (A242-HIE,19)     -31.05529961.
  Rotamer (A242-HID,14) self-energy      -4.03033277 pruned by (A242-HIE,19)     -31.05529961.
  Rotamer (A242-HID,17) self-energy      27.11356363 pruned by (A242-HIE,19)     -31.05529961.
  Rotamer (A242-HID,18) self-energy      10.23760396 pruned by (A242-HIE,19)     -31.05529961.
  Rotamer (A242-HIE,21) self-energy     114.08319623 pruned by (A242-HIE,19)     -31.05529961.
  Rotamer (A242-HIE,22) self-energy      -5.98385008 pruned by (A242-HIE,19)     -31.05529961.
  Rotamer (A242-HIE,25) self-energy      29.21034438 pruned by (A242-HIE,19)     -31.05529961.
  Rotamer (A242-HIE,26) self-energy       7.33296782 pruned by (A242-HIE,19)     -31.05529961.
  Rotamer (A243-HIS, 6) self-energy      -3.54407271 pruned by (A243-HIE,19)     -30.61406130.
 Loaded 2-body energies from restart file.
 Rotamer Pair (     13,36) (     17,34) 2-body energy          NaN pre-pruned since energy is NaN.

 Number of self energies: 0
 Backbone energy:     -132.66642147

 Time for single energies:        4.869
 Number of 2-body energies to calculate: 1992
 Pair A238-HIE 20, A240-HID 1 :      -0.00093072 at      5.723 A (2.441 A by res) in 5.2234 (sec).
 Pair A238-HIE 20, A240-HIE 2 :       0.00038407 at      5.723 A (2.441 A by res) in 4.6420 (sec).
 Pair A238-HIE 20, A240-HIS 3 :       0.00724358 at      5.723 A (2.441 A by res) in 4.7393 (sec).
 Pair A238-HIE 20, A240-HIS 4 :       0.00501978 at      5.723 A (2.441 A by res) in 4.9730 (sec).
 Pair A238-HIE 20, A240-HIS 8 :       0.00808315 at      5.723 A (2.441 A by res) in 4.6773 (sec).
 Pair A238-HIE 20, A240-HIS 9 :       0.00803166 at      5.723 A (2.441 A by res) in 4.3155 (sec).
 Pair A238-HIE 20, A240-HIS 10:       0.01075022 at      5.665 A (2.441 A by res) in 3.9119 (sec).
 Pair A238-HIE 20, A240-HID 11:       0.00181509 at      5.723 A (2.441 A by res) in 4.0759 (sec).
 Pair A238-HIE 20, A240-HID 12:      -0.00100525 at      5.723 A (2.441 A by res) in 3.8858 (sec).
 Pair A238-HIE 20, A240-HID 15:       0.00005768 at      5.723 A (2.441 A by res) in 4.1159 (sec).
 Pair A238-HIE 20, A240-HID 16:      -0.00317023 at      5.723 A (2.441 A by res) in 4.0083 (sec).
 Pair A238-HIE 20, A240-HID 17:      -0.00224793 at      5.723 A (2.441 A by res) in 3.9389 (sec).
 Pair A238-HIE 20, A240-HID 18:       0.00083467 at      5.653 A (2.441 A by res) in 3.7453 (sec).
 Pair A238-HIE 20, A240-HIE 19:      -0.00145426 at      5.723 A (2.441 A by res) in 4.1960 (sec).
 Pair A238-HIE 20, A240-HIE 20:       0.00038258 at      5.723 A (2.441 A by res) in 3.9281 (sec).
 Pair A238-HIE 20, A240-HIE 23:       0.00025493 at      5.723 A (2.441 A by res) in 4.3816 (sec).
 Pair A238-HIE 20, A240-HIE 24:       0.00064723 at      5.723 A (2.441 A by res) in 4.3847 (sec).
 Pair A238-HIE 20, A240-HIE 25:      -0.00064494 at      5.723 A (2.441 A by res) in 4.3835 (sec).
 Pair A238-HIE 20, A240-HIE 26:      -0.00163803 at      5.723 A (2.441 A by res) in 4.6021 (sec).
 Pair A238-HIE 24, A239-HIS 0 :       5.03355580 at      1.519 A (0.876 A by res) in 4.6185 (sec).
 Pair A238-HIE 24, A239-HID 1 :       4.95470353 at      1.519 A (0.876 A by res) in 4.5682 (sec).
 Pair A238-HIE 24, A239-HIE 2 :       5.39888054 at      1.519 A (0.876 A by res) in 4.4834 (sec).
 Pair A238-HIE 24, A239-HIS 3 :     433.21419469 at      1.164 A (0.876 A by res) in 4.9491 (sec).
 Pair A238-HIE 24, A239-HIS 4 :     380.10168773 at      1.354 A (0.876 A by res) in 4.4143 (sec).
 Pair A238-HIE 24, A239-HIS 9 :       1.01076870 at      1.519 A (0.876 A by res) in 4.4377 (sec).
 Pair A238-HIE 24, A239-HIS 10:       1.02984119 at      1.519 A (0.876 A by res) in 4.7038 (sec).
 Pair A238-HIE 24, A239-HID 11:     424.05427084 at      1.239 A (0.876 A by res) in 4.5720 (sec).
 Pair A238-HIE 24, A239-HID 12:     393.52953805 at      1.340 A (0.876 A by res) in 4.6349 (sec).
 Pair A238-HIE 24, A239-HID 16:       1.10066659 at      1.519 A (0.876 A by res) in 4.5836 (sec).
 Pair A238-HIE 24, A239-HID 17:       1.10096262 at      1.519 A (0.876 A by res) in 4.6092 (sec).
 Pair A238-HIE 24, A239-HID 18:       1.10702790 at      1.519 A (0.876 A by res) in 4.6652 (sec).
 Pair A238-HIE 24, A239-HIE 19:     391.43496206 at      1.167 A (0.876 A by res) in 4.5003 (sec).
 Pair A238-HIE 24, A239-HIE 20:     337.98545392 at      1.366 A (0.876 A by res) in 4.5537 (sec).
 Pair A238-HIE 24, A239-HIE 24:       1.14594344 at      1.519 A (0.876 A by res) in 4.5395 (sec).
 Pair A238-HIE 24, A239-HIE 25:       1.14842453 at      1.519 A (0.876 A by res) in 4.5734 (sec).
 Pair A238-HIE 24, A239-HIE 26:       1.12593327 at      1.519 A (0.876 A by res) in 4.4927 (sec).
 Pair A238-HIE 24, A240-HIS 0 :      -0.01691444 at      5.723 A (2.441 A by res) in 4.4148 (sec).
 Pair A238-HIE 24, A240-HID 1 :      -0.00673433 at      5.723 A (2.441 A by res) in 4.2470 (sec).
 Pair A238-HIE 24, A240-HIE 2 :      -0.00662018 at      5.723 A (2.441 A by res) in 4.5705 (sec).
 Pair A238-HIE 24, A240-HIS 3 :      -0.02718138 at      5.647 A (2.441 A by res) in 4.6478 (sec).
 Pair A238-HIE 24, A240-HIS 4 :      -0.01691630 at      5.723 A (2.441 A by res) in 4.5913 (sec).
 Pair A238-HIE 24, A240-HIS 8 :      -0.02134217 at      5.588 A (2.441 A by res) in 4.5428 (sec).
 Pair A238-HIE 24, A240-HIS 9 :      -0.01975744 at      5.723 A (2.441 A by res) in 4.4620 (sec).
 Pair A238-HIE 24, A240-HIS 10:      -0.03561106 at      5.172 A (2.441 A by res) in 4.5143 (sec).
 Pair A238-HIE 24, A240-HID 11:      -0.02271219 at      5.652 A (2.441 A by res) in 4.4174 (sec).
 Pair A238-HIE 24, A240-HID 12:      -0.00677741 at      5.723 A (2.441 A by res) in 4.5694 (sec).
 Pair A238-HIE 24, A240-HID 15:      -0.00510376 at      5.723 A (2.441 A by res) in 4.4333 (sec).
 Pair A238-HIE 24, A240-HID 16:      -0.00387773 at      5.603 A (2.441 A by res) in 4.6189 (sec).
 Pair A238-HIE 24, A240-HID 17:      -0.00265809 at      5.723 A (2.441 A by res) in 4.5105 (sec).
 Pair A238-HIE 24, A240-HID 18:      -0.02553020 at      5.240 A (2.441 A by res) in 4.6362 (sec).
 Pair A238-HIE 24, A240-HIE 19:       0.00421701 at      5.723 A (2.441 A by res) in 4.5854 (sec).
 Pair A238-HIE 24, A240-HIE 20:      -0.00683087 at      5.723 A (2.441 A by res) in 4.6410 (sec).
 Pair A238-HIE 24, A240-HIE 23:      -0.00032696 at      5.723 A (2.441 A by res) in 4.5644 (sec).
 Pair A238-HIE 24, A240-HIE 24:      -0.00624878 at      5.590 A (2.441 A by res) in 4.3081 (sec).
 Pair A238-HIE 24, A240-HIE 25:      -0.00742672 at      5.723 A (2.441 A by res) in 4.5053 (sec).
 Pair A238-HIE 24, A240-HIE 26:       0.00745870 at      5.212 A (2.441 A by res) in 4.3793 (sec).
 Pair A238-HIE 25, A239-HIS 0 :       2.04720475 at      1.519 A (0.876 A by res) in 4.5442 (sec).
 Pair A238-HIE 25, A239-HID 1 :       1.29229092 at      1.519 A (0.876 A by res) in 4.4674 (sec).
 Pair A238-HIE 25, A239-HIE 2 :       1.20810547 at      1.519 A (0.876 A by res) in 4.2800 (sec).
 Pair A238-HIE 25, A239-HIS 3 :      96.01992592 at      1.519 A (0.876 A by res) in 4.4728 (sec).
 Pair A238-HIE 25, A239-HIS 4 :      35.40193652 at      1.519 A (0.876 A by res) in 4.6128 (sec).
 Pair A238-HIE 25, A239-HIS 9 :       0.16421235 at      1.519 A (0.876 A by res) in 4.5915 (sec).
 Pair A238-HIE 25, A239-HIS 10:       0.28242632 at      1.519 A (0.876 A by res) in 4.5793 (sec).
 Pair A238-HIE 25, A239-HID 11:      92.47764723 at      1.519 A (0.876 A by res) in 4.6200 (sec).
 Pair A238-HIE 25, A239-HID 12:      28.44597686 at      1.519 A (0.876 A by res) in 4.3555 (sec).
 Pair A238-HIE 25, A239-HID 16:       0.08084133 at      1.519 A (0.876 A by res) in 4.4343 (sec).
 Pair A238-HIE 25, A239-HID 17:       0.07431634 at      1.519 A (0.876 A by res) in 4.5370 (sec).
 Pair A238-HIE 25, A239-HID 18:       0.18574196 at      1.519 A (0.876 A by res) in 4.4053 (sec).
 Pair A238-HIE 25, A239-HIE 19:      85.45421331 at      1.519 A (0.876 A by res) in 3.9312 (sec).
 Pair A238-HIE 25, A239-HIE 20:      31.87246262 at      1.519 A (0.876 A by res) in 3.8060 (sec).
 Pair A238-HIE 25, A239-HIE 24:       0.07999585 at      1.519 A (0.876 A by res) in 3.8509 (sec).
 Pair A238-HIE 25, A239-HIE 25:       0.05317539 at      1.519 A (0.876 A by res) in 4.0890 (sec).
 Pair A238-HIE 25, A239-HIE 26:      -0.00872246 at      1.519 A (0.876 A by res) in 4.4207 (sec).
 Pair A238-HIE 25, A240-HIS 0 :       0.02019614 at      5.723 A (2.441 A by res) in 4.5648 (sec).
 Pair A238-HIE 25, A240-HID 1 :      -0.00083600 at      5.723 A (2.441 A by res) in 3.8425 (sec).
 Pair A238-HIE 25, A240-HIE 2 :      -0.00263729 at      5.723 A (2.441 A by res) in 3.8161 (sec).
 Pair A238-HIE 25, A240-HIS 3 :       0.02241223 at      5.723 A (2.441 A by res) in 3.7769 (sec).
 Pair A238-HIE 25, A240-HIS 4 :       0.02019614 at      5.723 A (2.441 A by res) in 4.1010 (sec).
 Pair A238-HIE 25, A240-HIS 8 :       0.04315956 at      5.723 A (2.441 A by res) in 4.6802 (sec).
 Pair A238-HIE 25, A240-HIS 9 :       0.04258459 at      5.723 A (2.441 A by res) in 4.1119 (sec).
 Pair A238-HIE 25, A240-HIS 10:       0.04854709 at      5.549 A (2.441 A by res) in 4.2918 (sec).
 Pair A238-HIE 25, A240-HID 11:       0.00122988 at      5.723 A (2.441 A by res) in 4.1818 (sec).
 Pair A238-HIE 25, A240-HID 12:      -0.00084687 at      5.723 A (2.441 A by res) in 4.3087 (sec).
 Pair A238-HIE 25, A240-HID 15:       0.00260691 at      5.723 A (2.441 A by res) in 4.6004 (sec).
 Pair A238-HIE 25, A240-HID 16:      -0.01280973 at      5.723 A (2.441 A by res) in 4.4465 (sec).
 Pair A238-HIE 25, A240-HID 17:      -0.00974543 at      5.723 A (2.441 A by res) in 4.6284 (sec).
 Pair A238-HIE 25, A240-HID 18:      -0.00101673 at      5.610 A (2.441 A by res) in 4.4426 (sec).
 Pair A238-HIE 25, A240-HIE 19:      -0.00741302 at      5.723 A (2.441 A by res) in 4.5797 (sec).
 Pair A238-HIE 25, A240-HIE 20:      -0.00260781 at      5.723 A (2.441 A by res) in 4.5086 (sec).
 Pair A238-HIE 25, A240-HIE 23:      -0.00139441 at      5.723 A (2.441 A by res) in 4.2505 (sec).
 Pair A238-HIE 25, A240-HIE 24:       0.00341253 at      5.723 A (2.441 A by res) in 4.7404 (sec).
 Pair A238-HIE 25, A240-HIE 25:       0.00089989 at      5.723 A (2.441 A by res) in 4.6170 (sec).
 Pair A238-HIE 25, A240-HIE 26:      -0.00116279 at      5.590 A (2.441 A by res) in 4.6048 (sec).
 Pair A238-HIE 26, A239-HIS 0 :       1.07625421 at      1.519 A (0.876 A by res) in 4.6173 (sec).
 Pair A238-HIE 26, A239-HID 1 :       0.37337467 at      1.519 A (0.876 A by res) in 4.3368 (sec).
 Pair A238-HIE 26, A239-HIE 2 :       0.55981101 at      1.519 A (0.876 A by res) in 4.5470 (sec).
 Pair A238-HIE 26, A239-HIS 3 :      77.25664161 at      1.469 A (0.876 A by res) in 4.5980 (sec).
 Pair A238-HIE 26, A239-HIS 4 :     115.92118781 at      1.430 A (0.876 A by res) in 4.4806 (sec).
 Pair A238-HIE 26, A239-HIS 9 :      -0.02516230 at      1.519 A (0.876 A by res) in 4.5221 (sec).
 Pair A238-HIE 26, A239-HIS 10:       0.03448973 at      1.519 A (0.876 A by res) in 4.7083 (sec).
 Pair A238-HIE 26, A239-HID 11:      69.07539000 at      1.519 A (0.876 A by res) in 4.2332 (sec).
 Pair A238-HIE 26, A239-HID 12:     116.86205515 at      1.383 A (0.876 A by res) in 3.8844 (sec).
 Pair A238-HIE 26, A239-HID 16:      -0.15110124 at      1.519 A (0.876 A by res) in 3.8531 (sec).
 Pair A238-HIE 26, A239-HID 17:      -0.14417421 at      1.519 A (0.876 A by res) in 3.8494 (sec).
 Pair A238-HIE 26, A239-HID 18:      -0.09280843 at      1.519 A (0.876 A by res) in 3.7689 (sec).
 Pair A238-HIE 26, A239-HIE 19:      71.37619804 at      1.483 A (0.876 A by res) in 3.4696 (sec).
 Pair A238-HIE 26, A239-HIE 20:     106.18938285 at      1.457 A (0.876 A by res) in 3.4622 (sec).
 Pair A238-HIE 26, A239-HIE 24:      -0.18117361 at      1.519 A (0.876 A by res) in 3.5860 (sec).
 Pair A238-HIE 26, A239-HIE 25:      -0.18843419 at      1.519 A (0.876 A by res) in 3.5568 (sec).
 Pair A238-HIE 26, A239-HIE 26:      -0.23120283 at      1.519 A (0.876 A by res) in 4.1241 (sec).
 Pair A238-HIE 26, A240-HIS 0 :       0.06896099 at      4.853 A (2.441 A by res) in 4.2108 (sec).
 Pair A238-HIE 26, A240-HID 1 :      -0.00295582 at      4.853 A (2.441 A by res) in 4.2982 (sec).
 Pair A238-HIE 26, A240-HIE 2 :       0.01048400 at      4.853 A (2.441 A by res) in 4.2466 (sec).
 Pair A238-HIE 26, A240-HIS 3 :       0.08091787 at      4.591 A (2.441 A by res) in 4.2965 (sec).
 Pair A238-HIE 26, A240-HIS 4 :       0.06896122 at      4.853 A (2.441 A by res) in 4.4774 (sec).
 Pair A238-HIE 26, A240-HIS 8 :       0.06371359 at      5.064 A (2.441 A by res) in 4.4503 (sec).
 Pair A238-HIE 26, A240-HIS 9 :       0.05728052 at      5.174 A (2.441 A by res) in 4.4349 (sec).
 Pair A238-HIE 26, A240-HIS 10:       0.07809338 at      4.563 A (2.441 A by res) in 4.6206 (sec).
 Pair A238-HIE 26, A240-HID 11:       0.01937546 at      4.589 A (2.441 A by res) in 4.5129 (sec).
 Pair A238-HIE 26, A240-HID 12:      -0.00348226 at      4.872 A (2.441 A by res) in 4.4976 (sec).
 Pair A238-HIE 26, A240-HID 15:       0.00462682 at      5.174 A (2.441 A by res) in 4.6022 (sec).
 Pair A238-HIE 26, A240-HID 16:      -0.00689225 at      5.079 A (2.441 A by res) in 4.4576 (sec).
 Pair A238-HIE 26, A240-HID 17:      -0.00305708 at      5.174 A (2.441 A by res) in 4.6630 (sec).
 Pair A238-HIE 26, A240-HID 18:       0.01805926 at      4.558 A (2.441 A by res) in 4.5312 (sec).
 Pair A238-HIE 26, A240-HIE 19:      -0.01021543 at      5.174 A (2.441 A by res) in 4.7622 (sec).
 Pair A238-HIE 26, A240-HIE 20:       0.01082910 at      4.834 A (2.441 A by res) in 4.7586 (sec).
 Pair A238-HIE 26, A240-HIE 23:       0.00028462 at      5.174 A (2.441 A by res) in 4.7402 (sec).
 Pair A238-HIE 26, A240-HIE 24:       0.00735195 at      5.052 A (2.441 A by res) in 4.9997 (sec).
 Pair A238-HIE 26, A240-HIE 25:      -0.00724745 at      5.174 A (2.441 A by res) in 4.7204 (sec).
 Pair A238-HIE 26, A240-HIE 26:      -0.01243910 at      5.174 A (2.441 A by res) in 4.6773 (sec).
 Pair A239-HIS 0 , A240-HIS 0 :       1.92007777 at      1.451 A (0.295 A by res) in 4.6879 (sec).
 Pair A239-HIS 0 , A240-HID 1 :       0.86003344 at      1.451 A (0.295 A by res) in 4.6677 (sec).
 Pair A239-HIS 0 , A240-HIE 2 :       0.83781576 at      1.451 A (0.295 A by res) in 4.6593 (sec).
 Pair A239-HIS 0 , A240-HIS 3 :       5.11717012 at      1.451 A (0.295 A by res) in 4.7822 (sec).
 Pair A239-HIS 0 , A240-HIS 4 :       1.91994467 at      1.451 A (0.295 A by res) in 4.9989 (sec).
 Pair A239-HIS 0 , A240-HIS 8 :       6.34296528 at      1.451 A (0.295 A by res) in 4.6138 (sec).
 Pair A239-HIS 0 , A240-HIS 9 :       3.19866559 at      1.451 A (0.295 A by res) in 4.7547 (sec).
 Pair A239-HIS 0 , A240-HIS 10:      93.36130635 at      0.993 A (0.295 A by res) in 4.9240 (sec).
 Pair A239-HIS 0 , A240-HID 11:       3.59635495 at      1.451 A (0.295 A by res) in 4.7808 (sec).
 Pair A239-HIS 0 , A240-HID 12:       0.81221814 at      1.451 A (0.295 A by res) in 4.6827 (sec).
 Pair A239-HIS 0 , A240-HID 15:       0.26147813 at      1.451 A (0.295 A by res) in 4.6562 (sec).
 Pair A239-HIS 0 , A240-HID 16:       3.95569597 at      1.451 A (0.295 A by res) in 4.6562 (sec).
 Pair A239-HIS 0 , A240-HID 17:       1.15314504 at      1.451 A (0.295 A by res) in 4.8237 (sec).
 Pair A239-HIS 0 , A240-HID 18:      85.15124811 at      1.006 A (0.295 A by res) in 4.7806 (sec).
 Pair A239-HIS 0 , A240-HIE 19:      -0.31651536 at      1.451 A (0.295 A by res) in 4.8960 (sec).
 Pair A239-HIS 0 , A240-HIE 20:       0.96669143 at      1.451 A (0.295 A by res) in 4.8791 (sec).
 Pair A239-HIS 0 , A240-HIE 23:       0.11213679 at      1.451 A (0.295 A by res) in 4.6921 (sec).
 Pair A239-HIS 0 , A240-HIE 24:       4.84418227 at      1.451 A (0.295 A by res) in 4.7153 (sec).
 Pair A239-HIS 0 , A240-HIE 25:       1.51685003 at      1.451 A (0.295 A by res) in 4.8382 (sec).
 Pair A239-HIS 0 , A240-HIE 26:      23.74518827 at      1.451 A (0.295 A by res) in 4.6547 (sec).
 Pair A239-HIS 0 , A241-HIS 0 :       0.38123474 at      5.335 A (2.142 A by res) in 4.8509 (sec).
 Pair A239-HIS 0 , A241-HID 1 :       0.04374940 at      5.335 A (2.142 A by res) in 4.7486 (sec).
 Pair A239-HIS 0 , A241-HIE 2 :       0.01997891 at      5.335 A (2.142 A by res) in 4.7311 (sec).
 Pair A239-HIS 0 , A241-HIS 6 :       0.37293809 at      5.335 A (2.142 A by res) in 4.8348 (sec).
 Pair A239-HIS 0 , A241-HIS 8 :       0.46210032 at      5.335 A (2.142 A by res) in 4.8842 (sec).
 Pair A239-HIS 0 , A241-HIS 10:       0.49615756 at      5.335 A (2.142 A by res) in 4.8611 (sec).
 Pair A239-HIS 0 , A241-HID 12:       0.00599520 at      5.335 A (2.142 A by res) in 4.9825 (sec).
 Pair A239-HIS 0 , A241-HID 14:       0.04647654 at      5.335 A (2.142 A by res) in 4.8067 (sec).
 Pair A239-HIS 0 , A241-HID 16:       0.01153622 at      5.335 A (2.142 A by res) in 4.9943 (sec).
 Pair A239-HIS 0 , A241-HID 17:       0.01838273 at      5.335 A (2.142 A by res) in 4.6062 (sec).
 Pair A239-HIS 0 , A241-HID 18:       0.07711195 at      5.335 A (2.142 A by res) in 4.8609 (sec).
 Pair A239-HIS 0 , A241-HIE 20:       0.05238051 at      5.335 A (2.142 A by res) in 4.9143 (sec).
 Pair A239-HIS 0 , A241-HIE 22:       0.01394028 at      5.335 A (2.142 A by res) in 4.8208 (sec).
 Pair A239-HIS 0 , A241-HIE 24:       0.04839034 at      5.335 A (2.142 A by res) in 4.6645 (sec).
 Pair A239-HIS 0 , A241-HIE 25:       0.03106647 at      5.335 A (2.142 A by res) in 4.6446 (sec).
 Pair A239-HIS 0 , A241-HIE 26:      -0.00440668 at      5.335 A (2.142 A by res) in 4.6859 (sec).
 Pair A239-HID 1 , A240-HIS 0 :       1.01225805 at      1.451 A (0.295 A by res) in 4.9464 (sec).
 Pair A239-HID 1 , A240-HID 1 :       0.68053171 at      1.451 A (0.295 A by res) in 4.6860 (sec).
 Pair A239-HID 1 , A240-HIE 2 :       0.62751989 at      1.451 A (0.295 A by res) in 4.6776 (sec).
 Pair A239-HID 1 , A240-HIS 3 :       3.93297341 at      1.451 A (0.295 A by res) in 4.7044 (sec).
 Pair A239-HID 1 , A240-HIS 4 :       1.01214285 at      1.451 A (0.295 A by res) in 4.8544 (sec).
 Pair A239-HID 1 , A240-HIS 8 :       4.79344822 at      1.451 A (0.295 A by res) in 4.7565 (sec).
 Pair A239-HID 1 , A240-HIS 9 :       1.99266804 at      1.451 A (0.295 A by res) in 4.7703 (sec).
 Pair A239-HID 1 , A240-HIS 10:      90.04022566 at      0.993 A (0.295 A by res) in 4.7468 (sec).
 Pair A239-HID 1 , A240-HID 11:       3.06198836 at      1.451 A (0.295 A by res) in 4.6093 (sec).
 Pair A239-HID 1 , A240-HID 12:       0.63735779 at      1.451 A (0.295 A by res) in 4.8241 (sec).
 Pair A239-HID 1 , A240-HID 15:       0.13249752 at      1.451 A (0.295 A by res) in 4.9651 (sec).
 Pair A239-HID 1 , A240-HID 16:       4.11502093 at      1.451 A (0.295 A by res) in 4.7504 (sec).
 Pair A239-HID 1 , A240-HID 17:       1.19448661 at      1.451 A (0.295 A by res) in 4.8015 (sec).
 Pair A239-HID 1 , A240-HID 18:      83.33235660 at      1.006 A (0.295 A by res) in 4.7990 (sec).
 Pair A239-HID 1 , A240-HIE 19:      -0.15408266 at      1.451 A (0.295 A by res) in 4.6408 (sec).
 Pair A239-HID 1 , A240-HIE 20:       0.74863551 at      1.451 A (0.295 A by res) in 4.5866 (sec).
 Pair A239-HID 1 , A240-HIE 23:       0.07255455 at      1.451 A (0.295 A by res) in 4.6918 (sec).
 Pair A239-HID 1 , A240-HIE 24:       4.32169422 at      1.451 A (0.295 A by res) in 4.6457 (sec).
 Pair A239-HID 1 , A240-HIE 25:       1.37533163 at      1.451 A (0.295 A by res) in 4.7473 (sec).
 Pair A239-HID 1 , A240-HIE 26:      24.21367934 at      1.451 A (0.295 A by res) in 4.9430 (sec).
 Pair A239-HID 1 , A241-HIS 0 :       0.04069997 at      5.335 A (2.142 A by res) in 4.7627 (sec).
 Pair A239-HID 1 , A241-HID 1 :       0.00617900 at      5.335 A (2.142 A by res) in 4.7914 (sec).
 Pair A239-HID 1 , A241-HIE 2 :       0.00446599 at      5.335 A (2.142 A by res) in 4.8133 (sec).
 Pair A239-HID 1 , A241-HIS 6 :       0.03959394 at      5.335 A (2.142 A by res) in 4.8037 (sec).
 Pair A239-HID 1 , A241-HIS 8 :       0.04329722 at      5.335 A (2.142 A by res) in 4.5835 (sec).
 Pair A239-HID 1 , A241-HIS 10:       0.05470268 at      5.335 A (2.142 A by res) in 4.7121 (sec).
 Pair A239-HID 1 , A241-HID 12:      -0.00230585 at      5.335 A (2.142 A by res) in 4.6749 (sec).
 Pair A239-HID 1 , A241-HID 14:       0.00793992 at      5.335 A (2.142 A by res) in 4.7282 (sec).
 Pair A239-HID 1 , A241-HID 16:       0.00457870 at      5.335 A (2.142 A by res) in 4.6624 (sec).
 Pair A239-HID 1 , A241-HID 17:       0.00403313 at      5.335 A (2.142 A by res) in 4.6829 (sec).
 Pair A239-HID 1 , A241-HID 18:       0.01872591 at      5.335 A (2.142 A by res) in 4.7199 (sec).
 Pair A239-HID 1 , A241-HIE 20:       0.00412806 at      5.335 A (2.142 A by res) in 4.8156 (sec).
 Pair A239-HID 1 , A241-HIE 22:       0.00116667 at      5.335 A (2.142 A by res) in 4.7526 (sec).
 Pair A239-HID 1 , A241-HIE 24:       0.00310357 at      5.335 A (2.142 A by res) in 4.8807 (sec).
 Pair A239-HID 1 , A241-HIE 25:       0.00174871 at      5.335 A (2.142 A by res) in 4.7005 (sec).
 Pair A239-HID 1 , A241-HIE 26:      -0.00570358 at      5.335 A (2.142 A by res) in 4.6836 (sec).
 Pair A239-HIE 2 , A240-HIS 0 :       0.89257381 at      1.451 A (0.295 A by res) in 4.5974 (sec).
 Pair A239-HIE 2 , A240-HID 1 :       0.60208566 at      1.451 A (0.295 A by res) in 4.5205 (sec).
 Pair A239-HIE 2 , A240-HIE 2 :       0.57981436 at      1.451 A (0.295 A by res) in 4.4834 (sec).
 Pair A239-HIE 2 , A240-HIS 3 :       3.69075477 at      1.451 A (0.295 A by res) in 4.6654 (sec).
 Pair A239-HIE 2 , A240-HIS 4 :       0.89245826 at      1.451 A (0.295 A by res) in 4.6904 (sec).
 Pair A239-HIE 2 , A240-HIS 8 :       4.62720718 at      1.451 A (0.295 A by res) in 4.7295 (sec).
 Pair A239-HIE 2 , A240-HIS 9 :       1.83175743 at      1.451 A (0.295 A by res) in 4.6463 (sec).
 Pair A239-HIE 2 , A240-HIS 10:      89.20186905 at      0.993 A (0.295 A by res) in 4.6392 (sec).
 Pair A239-HIE 2 , A240-HID 11:       2.86462684 at      1.451 A (0.295 A by res) in 4.7352 (sec).
 Pair A239-HIE 2 , A240-HID 12:       0.56014325 at      1.451 A (0.295 A by res) in 4.6519 (sec).
 Pair A239-HIE 2 , A240-HID 15:       0.09815640 at      1.451 A (0.295 A by res) in 4.7247 (sec).
 Pair A239-HIE 2 , A240-HID 16:       4.03883989 at      1.451 A (0.295 A by res) in 4.6576 (sec).
 Pair A239-HIE 2 , A240-HID 17:       1.24138386 at      1.451 A (0.295 A by res) in 4.6577 (sec).
 Pair A239-HIE 2 , A240-HID 18:      82.67524925 at      1.006 A (0.295 A by res) in 4.8745 (sec).
 Pair A239-HIE 2 , A240-HIE 19:      -0.06680861 at      1.451 A (0.295 A by res) in 4.9134 (sec).
 Pair A239-HIE 2 , A240-HIE 20:       0.69789694 at      1.451 A (0.295 A by res) in 4.7978 (sec).
 Pair A239-HIE 2 , A240-HIE 23:       0.06513100 at      1.451 A (0.295 A by res) in 4.7630 (sec).
 Pair A239-HIE 2 , A240-HIE 24:       4.31255717 at      1.451 A (0.295 A by res) in 4.8051 (sec).
 Pair A239-HIE 2 , A240-HIE 25:       1.30901230 at      1.451 A (0.295 A by res) in 4.6148 (sec).
 Pair A239-HIE 2 , A240-HIE 26:      24.42824932 at      1.451 A (0.295 A by res) in 4.7059 (sec).
 Pair A239-HIE 2 , A241-HIS 0 :       0.02481132 at      5.335 A (2.142 A by res) in 4.6237 (sec).
 Pair A239-HIE 2 , A241-HID 1 :       0.00479715 at      5.335 A (2.142 A by res) in 4.6758 (sec).
 Pair A239-HIE 2 , A241-HIE 2 :       0.00095230 at      5.335 A (2.142 A by res) in 4.8075 (sec).
 Pair A239-HIE 2 , A241-HIS 6 :       0.02459007 at      5.335 A (2.142 A by res) in 4.7540 (sec).
 Pair A239-HIE 2 , A241-HIS 8 :       0.03633931 at      5.335 A (2.142 A by res) in 4.7723 (sec).
 Pair A239-HIE 2 , A241-HIS 10:       0.04416591 at      5.335 A (2.142 A by res) in 4.6649 (sec).
 Pair A239-HIE 2 , A241-HID 12:      -0.00280137 at      5.335 A (2.142 A by res) in 4.6953 (sec).
 Pair A239-HIE 2 , A241-HID 14:       0.00334471 at      5.335 A (2.142 A by res) in 4.6593 (sec).
 Pair A239-HIE 2 , A241-HID 16:      -0.00188804 at      5.335 A (2.142 A by res) in 4.7630 (sec).
 Pair A239-HIE 2 , A241-HID 17:      -0.00111358 at      5.335 A (2.142 A by res) in 4.7414 (sec).
 Pair A239-HIE 2 , A241-HID 18:       0.01044443 at      5.335 A (2.142 A by res) in 4.6567 (sec).
 Pair A239-HIE 2 , A241-HIE 20:       0.00183077 at      5.335 A (2.142 A by res) in 4.7813 (sec).
 Pair A239-HIE 2 , A241-HIE 22:       0.00203709 at      5.335 A (2.142 A by res) in 4.5941 (sec).
 Pair A239-HIE 2 , A241-HIE 24:       0.00521303 at      5.335 A (2.142 A by res) in 4.8850 (sec).
 Pair A239-HIE 2 , A241-HIE 25:       0.00210336 at      5.335 A (2.142 A by res) in 4.8571 (sec).
 Pair A239-HIE 2 , A241-HIE 26:      -0.00163435 at      5.335 A (2.142 A by res) in 4.7897 (sec).
 Pair A239-HIS 3 , A240-HIS 0 :       1.80856224 at      1.451 A (0.295 A by res) in 4.5845 (sec).
 Pair A239-HIS 3 , A240-HID 1 :       0.71659000 at      1.451 A (0.295 A by res) in 4.5824 (sec).
 Pair A239-HIS 3 , A240-HIE 2 :       0.74821823 at      1.451 A (0.295 A by res) in 4.4856 (sec).
 Pair A239-HIS 3 , A240-HIS 3 :       4.52375945 at      1.451 A (0.295 A by res) in 4.7860 (sec).
 Pair A239-HIS 3 , A240-HIS 4 :       1.80848911 at      1.451 A (0.295 A by res) in 4.5716 (sec).
 Pair A239-HIS 3 , A240-HIS 8 :       7.08799170 at      1.451 A (0.295 A by res) in 4.7406 (sec).
 Pair A239-HIS 3 , A240-HIS 9 :       2.94673050 at      1.451 A (0.295 A by res) in 4.8510 (sec).
 Pair A239-HIS 3 , A240-HIS 10:     119.52523841 at      0.927 A (0.295 A by res) in 4.6830 (sec).
 Pair A239-HIS 3 , A240-HID 11:       3.02927434 at      1.451 A (0.295 A by res) in 4.6652 (sec).
 Pair A239-HIS 3 , A240-HID 12:       0.66565167 at      1.451 A (0.295 A by res) in 4.9304 (sec).
 Pair A239-HIS 3 , A240-HID 15:       0.33899109 at      1.451 A (0.295 A by res) in 4.6336 (sec).
 Pair A239-HIS 3 , A240-HID 16:       5.07530226 at      1.451 A (0.295 A by res) in 4.6203 (sec).
 Pair A239-HIS 3 , A240-HID 17:       1.18556424 at      1.451 A (0.295 A by res) in 4.6675 (sec).
 Pair A239-HIS 3 , A240-HID 18:     110.06851915 at      0.939 A (0.295 A by res) in 4.8179 (sec).
 Pair A239-HIS 3 , A240-HIE 19:      -0.32808775 at      1.451 A (0.295 A by res) in 4.7727 (sec).
 Pair A239-HIS 3 , A240-HIE 20:       0.87186176 at      1.451 A (0.295 A by res) in 4.7279 (sec).
 Pair A239-HIS 3 , A240-HIE 23:       0.19595956 at      1.451 A (0.295 A by res) in 4.5789 (sec).
 Pair A239-HIS 3 , A240-HIE 24:       5.78536569 at      1.451 A (0.295 A by res) in 4.7173 (sec).
 Pair A239-HIS 3 , A240-HIE 25:       1.41873735 at      1.451 A (0.295 A by res) in 4.7058 (sec).
 Pair A239-HIS 3 , A240-HIE 26:      27.75027952 at      1.451 A (0.295 A by res) in 4.6875 (sec).
 Pair A239-HIS 3 , A241-HIS 0 :       0.38273387 at      5.335 A (2.142 A by res) in 4.7197 (sec).
 Pair A239-HIS 3 , A241-HID 1 :       0.04305644 at      5.335 A (2.142 A by res) in 4.5872 (sec).
 Pair A239-HIS 3 , A241-HIE 2 :       0.02037731 at      5.335 A (2.142 A by res) in 4.6197 (sec).
 Pair A239-HIS 3 , A241-HIS 6 :       0.37207801 at      5.335 A (2.142 A by res) in 4.5255 (sec).
 Pair A239-HIS 3 , A241-HIS 8 :       0.45864771 at      5.335 A (2.142 A by res) in 4.7500 (sec).
 Pair A239-HIS 3 , A241-HIS 10:       0.49259588 at      5.335 A (2.142 A by res) in 4.5884 (sec).
 Pair A239-HIS 3 , A241-HID 12:       0.00198337 at      5.335 A (2.142 A by res) in 4.8066 (sec).
 Pair A239-HIS 3 , A241-HID 14:       0.04686980 at      5.335 A (2.142 A by res) in 4.8931 (sec).
 Pair A239-HIS 3 , A241-HID 16:       0.01208857 at      5.335 A (2.142 A by res) in 4.8289 (sec).
 Pair A239-HIS 3 , A241-HID 17:       0.02150116 at      5.335 A (2.142 A by res) in 4.7159 (sec).
 Pair A239-HIS 3 , A241-HID 18:       0.07869212 at      5.335 A (2.142 A by res) in 4.8823 (sec).
 Pair A239-HIS 3 , A241-HIE 20:       0.05596511 at      5.335 A (2.142 A by res) in 4.8481 (sec).
 Pair A239-HIS 3 , A241-HIE 22:       0.01328461 at      5.335 A (2.142 A by res) in 5.0870 (sec).
 Pair A239-HIS 3 , A241-HIE 24:       0.04955386 at      5.335 A (2.142 A by res) in 4.6641 (sec).
 Pair A239-HIS 3 , A241-HIE 25:       0.02738490 at      5.335 A (2.142 A by res) in 4.7456 (sec).
 Pair A239-HIS 3 , A241-HIE 26:      -0.00580568 at      5.335 A (2.142 A by res) in 5.0934 (sec).
 Pair A239-HIS 4 , A240-HIS 0 :       1.86024359 at      1.451 A (0.295 A by res) in 4.6701 (sec).
 Pair A239-HIS 4 , A240-HID 1 :       0.66995608 at      1.451 A (0.295 A by res) in 4.6377 (sec).
 Pair A239-HIS 4 , A240-HIE 2 :       0.74015959 at      1.451 A (0.295 A by res) in 4.6356 (sec).
 Pair A239-HIS 4 , A240-HIS 3 :       4.90327202 at      1.451 A (0.295 A by res) in 4.6463 (sec).
 Pair A239-HIS 4 , A240-HIS 4 :       1.86030663 at      1.451 A (0.295 A by res) in 4.9189 (sec).
 Pair A239-HIS 4 , A240-HIS 8 :       6.95447600 at      1.451 A (0.295 A by res) in 4.6132 (sec).
 Pair A239-HIS 4 , A240-HIS 9 :       2.95395420 at      1.451 A (0.295 A by res) in 4.8732 (sec).
 Pair A239-HIS 4 , A240-HIS 10:     119.66435564 at      0.927 A (0.295 A by res) in 4.6270 (sec).
 Pair A239-HIS 4 , A240-HID 11:       3.34054596 at      1.451 A (0.295 A by res) in 4.9226 (sec).
 Pair A239-HIS 4 , A240-HID 12:       0.62975206 at      1.451 A (0.295 A by res) in 4.7468 (sec).
 Pair A239-HIS 4 , A240-HID 15:       0.34841551 at      1.451 A (0.295 A by res) in 4.5282 (sec).
 Pair A239-HIS 4 , A240-HID 16:       4.95530043 at      1.451 A (0.295 A by res) in 4.7351 (sec).
 Pair A239-HIS 4 , A240-HID 17:       1.19850515 at      1.451 A (0.295 A by res) in 4.7786 (sec).
 Pair A239-HIS 4 , A240-HID 18:     110.24172181 at      0.939 A (0.295 A by res) in 4.8242 (sec).
 Pair A239-HIS 4 , A240-HIE 19:      -0.41221697 at      1.451 A (0.295 A by res) in 4.7966 (sec).
 Pair A239-HIS 4 , A240-HIE 20:       0.84892300 at      1.451 A (0.295 A by res) in 4.8132 (sec).
 Pair A239-HIS 4 , A240-HIE 23:       0.20393459 at      1.451 A (0.295 A by res) in 4.5734 (sec).
 Pair A239-HIS 4 , A240-HIE 24:       5.65015115 at      1.451 A (0.295 A by res) in 4.6914 (sec).
 Pair A239-HIS 4 , A240-HIE 25:       1.41937860 at      1.451 A (0.295 A by res) in 4.7557 (sec).
 Pair A239-HIS 4 , A240-HIE 26:      27.81745160 at      1.451 A (0.295 A by res) in 4.7514 (sec).
 Pair A239-HIS 4 , A241-HIS 0 :       0.39031161 at      5.335 A (2.142 A by res) in 4.7362 (sec).
 Pair A239-HIS 4 , A241-HID 1 :       0.04405699 at      5.335 A (2.142 A by res) in 4.6370 (sec).
 Pair A239-HIS 4 , A241-HIE 2 :       0.02044678 at      5.335 A (2.142 A by res) in 4.5543 (sec).
 Pair A239-HIS 4 , A241-HIS 6 :       0.37860590 at      5.335 A (2.142 A by res) in 4.6390 (sec).
 Pair A239-HIS 4 , A241-HIS 8 :       0.46840396 at      5.335 A (2.142 A by res) in 4.7113 (sec).
 Pair A239-HIS 4 , A241-HIS 10:       0.50348590 at      5.335 A (2.142 A by res) in 4.6951 (sec).
 Pair A239-HIS 4 , A241-HID 12:      -0.00035236 at      5.335 A (2.142 A by res) in 4.7156 (sec).
 Pair A239-HIS 4 , A241-HID 14:       0.04801544 at      5.335 A (2.142 A by res) in 4.7291 (sec).
 Pair A239-HIS 4 , A241-HID 16:       0.01230019 at      5.335 A (2.142 A by res) in 4.5475 (sec).
 Pair A239-HIS 4 , A241-HID 17:       0.02272907 at      5.335 A (2.142 A by res) in 4.6405 (sec).
 Pair A239-HIS 4 , A241-HID 18:       0.08183142 at      5.335 A (2.142 A by res) in 4.8370 (sec).
 Pair A239-HIS 4 , A241-HIE 20:       0.06067311 at      5.335 A (2.142 A by res) in 4.7340 (sec).
 Pair A239-HIS 4 , A241-HIE 22:       0.01332752 at      5.335 A (2.142 A by res) in 4.9028 (sec).
 Pair A239-HIS 4 , A241-HIE 24:       0.05154922 at      5.335 A (2.142 A by res) in 4.8647 (sec).
 Pair A239-HIS 4 , A241-HIE 25:       0.02634368 at      5.335 A (2.142 A by res) in 4.6912 (sec).
 Pair A239-HIS 4 , A241-HIE 26:      -0.00744439 at      5.335 A (2.142 A by res) in 4.7403 (sec).
 Pair A239-HIS 9 , A240-HIS 0 :       1.89002233 at      1.451 A (0.295 A by res) in 4.8364 (sec).
 Pair A239-HIS 9 , A240-HID 1 :       0.86636857 at      1.451 A (0.295 A by res) in 4.7282 (sec).
 Pair A239-HIS 9 , A240-HIE 2 :       0.78289430 at      1.451 A (0.295 A by res) in 4.8762 (sec).
 Pair A239-HIS 9 , A240-HIS 3 :       4.97865037 at      1.451 A (0.295 A by res) in 4.8164 (sec).
 Pair A239-HIS 9 , A240-HIS 4 :       1.88996855 at      1.451 A (0.295 A by res) in 4.7257 (sec).
 Pair A239-HIS 9 , A240-HIS 8 :     127.43703542 at      1.339 A (0.295 A by res) in 4.6378 (sec).
 Pair A239-HIS 9 , A240-HIS 9 :     424.51158857 at      1.164 A (0.295 A by res) in 4.7813 (sec).
 Pair A239-HIS 9 , A240-HIS 10:    2123.20942273 at      0.529 A (0.295 A by res) in 4.5784 (sec).
 Pair A239-HIS 9 , A240-HID 11:       3.46746694 at      1.451 A (0.295 A by res) in 4.8571 (sec).
 Pair A239-HIS 9 , A240-HID 12:       0.81461042 at      1.451 A (0.295 A by res) in 4.7690 (sec).
 Pair A239-HIS 9 , A240-HID 15:       0.31929121 at      1.451 A (0.295 A by res) in 4.8196 (sec).
 Pair A239-HIS 9 , A240-HID 16:     107.48704063 at      1.451 A (0.295 A by res) in 4.7787 (sec).
 Pair A239-HIS 9 , A240-HID 17:     203.25366805 at      1.451 A (0.295 A by res) in 4.7909 (sec).
 Pair A239-HIS 9 , A240-HID 18:    1739.06893983 at      0.561 A (0.295 A by res) in 4.5583 (sec).
 Pair A239-HIS 9 , A240-HIE 19:      -0.25138330 at      1.451 A (0.295 A by res) in 4.6992 (sec).
 Pair A239-HIS 9 , A240-HIE 20:       0.92404171 at      1.451 A (0.295 A by res) in 4.9666 (sec).
 Pair A239-HIS 9 , A240-HIE 23:       0.05007424 at      1.451 A (0.295 A by res) in 4.7104 (sec).
 Pair A239-HIS 9 , A240-HIE 24:     117.02276807 at      1.340 A (0.295 A by res) in 4.6862 (sec).
 Pair A239-HIS 9 , A240-HIE 25:     407.61968375 at      1.169 A (0.295 A by res) in 4.7777 (sec).
 Pair A239-HIS 9 , A240-HIE 26:    1525.73727928 at      0.573 A (0.295 A by res) in 4.5788 (sec).
 Pair A239-HIS 9 , A241-HIS 0 :       0.41975097 at      5.335 A (2.142 A by res) in 4.7367 (sec).
 Pair A239-HIS 9 , A241-HID 1 :       0.04954617 at      5.335 A (2.142 A by res) in 4.8541 (sec).
 Pair A239-HIS 9 , A241-HIE 2 :       0.02522538 at      5.335 A (2.142 A by res) in 4.5618 (sec).
 Pair A239-HIS 9 , A241-HIS 6 :       0.41521205 at      5.335 A (2.142 A by res) in 4.6515 (sec).
 Pair A239-HIS 9 , A241-HIS 8 :       0.49578241 at      5.335 A (2.142 A by res) in 4.6397 (sec).
 Pair A239-HIS 9 , A241-HIS 10:       0.53336411 at      5.335 A (2.142 A by res) in 4.7701 (sec).
 Pair A239-HIS 9 , A241-HID 12:       0.01017964 at      5.335 A (2.142 A by res) in 4.7073 (sec).
 Pair A239-HIS 9 , A241-HID 14:       0.05444704 at      5.335 A (2.142 A by res) in 4.8049 (sec).
 Pair A239-HIS 9 , A241-HID 16:       0.02275038 at      5.335 A (2.142 A by res) in 4.6542 (sec).
 Pair A239-HIS 9 , A241-HID 17:       0.02276003 at      5.335 A (2.142 A by res) in 4.7928 (sec).
 Pair A239-HIS 9 , A241-HID 18:       0.08635448 at      5.335 A (2.142 A by res) in 4.7299 (sec).
 Pair A239-HIS 9 , A241-HIE 20:       0.04579803 at      5.335 A (2.142 A by res) in 4.6553 (sec).
 Pair A239-HIS 9 , A241-HIE 22:       0.01404043 at      5.335 A (2.142 A by res) in 4.6861 (sec).
 Pair A239-HIS 9 , A241-HIE 24:       0.04119816 at      5.335 A (2.142 A by res) in 4.9364 (sec).
 Pair A239-HIS 9 , A241-HIE 25:       0.03910673 at      5.335 A (2.142 A by res) in 4.7867 (sec).
 Pair A239-HIS 9 , A241-HIE 26:      -0.00785635 at      5.335 A (2.142 A by res) in 4.8462 (sec).
 Pair A239-HIS 10, A240-HIS 0 :       7.22720396 at      1.451 A (0.295 A by res) in 4.6173 (sec).
 Pair A239-HIS 10, A240-HID 1 :       5.92869669 at      1.451 A (0.295 A by res) in 4.7303 (sec).
 Pair A239-HIS 10, A240-HIE 2 :       5.77004566 at      1.451 A (0.295 A by res) in 4.6317 (sec).
 Pair A239-HIS 10, A240-HIS 3 :      10.30477097 at      1.451 A (0.295 A by res) in 4.7328 (sec).
 Pair A239-HIS 10, A240-HIS 4 :       7.22259685 at      1.451 A (0.295 A by res) in 4.6670 (sec).
 Pair A239-HIS 10, A240-HIS 8 :     236.23220062 at      1.438 A (0.295 A by res) in 4.6982 (sec).
 Pair A239-HIS 10, A240-HIS 9 :   18093.45894766 at      0.546 A (0.295 A by res) in 4.6494 (sec).
 Pair A239-HIS 10, A240-HIS 10:     309.42240589 at      0.990 A (0.295 A by res) in 4.8613 (sec).
 Pair A239-HIS 10, A240-HID 11:       8.52049673 at      1.451 A (0.295 A by res) in 4.7498 (sec).
 Pair A239-HIS 10, A240-HID 12:       5.87487998 at      1.451 A (0.295 A by res) in 4.6931 (sec).
 Pair A239-HIS 10, A240-HID 15:       5.16959377 at      1.451 A (0.295 A by res) in 4.9024 (sec).
 Pair A239-HIS 10, A240-HID 16:     231.96192996 at      1.433 A (0.295 A by res) in 4.5294 (sec).
 Pair A239-HIS 10, A240-HID 17:   15376.02754194 at      0.572 A (0.295 A by res) in 4.7445 (sec).
 Pair A239-HIS 10, A240-HID 18:     298.88997846 at      1.002 A (0.295 A by res) in 4.7478 (sec).
 Pair A239-HIS 10, A240-HIE 19:       4.69069948 at      1.451 A (0.295 A by res) in 4.6521 (sec).
 Pair A239-HIS 10, A240-HIE 20:       5.90068634 at      1.451 A (0.295 A by res) in 4.7367 (sec).
 Pair A239-HIS 10, A240-HIE 23:       4.54094537 at      1.451 A (0.295 A by res) in 4.7644 (sec).
 Pair A239-HIS 10, A240-HIE 24:     229.83072630 at      1.412 A (0.295 A by res) in 4.6414 (sec).
 Pair A239-HIS 10, A240-HIE 25:   23289.82154532 at      0.508 A (0.295 A by res) in 4.5186 (sec).
 Pair A239-HIS 10, A240-HIE 26:     237.99123086 at      1.451 A (0.295 A by res) in 4.6784 (sec).
 Pair A239-HIS 10, A241-HIS 0 :       0.43006954 at      4.470 A (2.142 A by res) in 4.6567 (sec).
 Pair A239-HIS 10, A241-HID 1 :       0.05431656 at      4.470 A (2.142 A by res) in 4.5573 (sec).
 Pair A239-HIS 10, A241-HIE 2 :       0.02757134 at      4.470 A (2.142 A by res) in 4.6354 (sec).
 Pair A239-HIS 10, A241-HIS 6 :       0.42629012 at      4.470 A (2.142 A by res) in 4.6163 (sec).
 Pair A239-HIS 10, A241-HIS 8 :       0.50885890 at      4.470 A (2.142 A by res) in 4.6334 (sec).
 Pair A239-HIS 10, A241-HIS 10:       0.55223065 at      4.470 A (2.142 A by res) in 4.6811 (sec).
 Pair A239-HIS 10, A241-HID 12:       0.01139103 at      4.470 A (2.142 A by res) in 4.6059 (sec).
 Pair A239-HIS 10, A241-HID 14:       0.05856644 at      4.470 A (2.142 A by res) in 4.7182 (sec).
 Pair A239-HIS 10, A241-HID 16:       0.02625630 at      4.470 A (2.142 A by res) in 4.5463 (sec).
 Pair A239-HIS 10, A241-HID 17:       0.02563864 at      4.470 A (2.142 A by res) in 4.7778 (sec).
 Pair A239-HIS 10, A241-HID 18:       0.09531156 at      4.470 A (2.142 A by res) in 4.7261 (sec).
 Pair A239-HIS 10, A241-HIE 20:       0.04570687 at      4.470 A (2.142 A by res) in 4.6643 (sec).
 Pair A239-HIS 10, A241-HIE 22:       0.01613570 at      4.470 A (2.142 A by res) in 4.7044 (sec).
 Pair A239-HIS 10, A241-HIE 24:       0.04140447 at      4.470 A (2.142 A by res) in 4.8508 (sec).
 Pair A239-HIS 10, A241-HIE 25:       0.04243256 at      4.470 A (2.142 A by res) in 4.9296 (sec).
 Pair A239-HIS 10, A241-HIE 26:      -0.01119642 at      4.470 A (2.142 A by res) in 4.8672 (sec).
 Pair A239-HID 11, A240-HIS 0 :       0.87827491 at      1.451 A (0.295 A by res) in 4.7341 (sec).
 Pair A239-HID 11, A240-HID 1 :       0.54724372 at      1.451 A (0.295 A by res) in 4.5047 (sec).
 Pair A239-HID 11, A240-HIE 2 :       0.51360309 at      1.451 A (0.295 A by res) in 4.7282 (sec).
 Pair A239-HID 11, A240-HIS 3 :       3.25680029 at      1.451 A (0.295 A by res) in 4.6153 (sec).
 Pair A239-HID 11, A240-HIS 4 :       0.87822813 at      1.451 A (0.295 A by res) in 4.6056 (sec).
 Pair A239-HID 11, A240-HIS 8 :       5.94374667 at      1.451 A (0.295 A by res) in 4.8022 (sec).
 Pair A239-HID 11, A240-HIS 9 :       1.94639754 at      1.451 A (0.295 A by res) in 4.7021 (sec).
 Pair A239-HID 11, A240-HIS 10:     116.78693850 at      0.927 A (0.295 A by res) in 4.8064 (sec).
 Pair A239-HID 11, A240-HID 11:       2.43735642 at      1.451 A (0.295 A by res) in 4.6649 (sec).
 Pair A239-HID 11, A240-HID 12:       0.50942394 at      1.451 A (0.295 A by res) in 4.7916 (sec).
 Pair A239-HID 11, A240-HID 15:       0.21982453 at      1.451 A (0.295 A by res) in 4.7135 (sec).
 Pair A239-HID 11, A240-HID 16:       5.13560395 at      1.451 A (0.295 A by res) in 4.7914 (sec).
 Pair A239-HID 11, A240-HID 17:       1.20954578 at      1.451 A (0.295 A by res) in 4.7077 (sec).
 Pair A239-HID 11, A240-HID 18:     108.53139348 at      0.939 A (0.295 A by res) in 4.7913 (sec).
 Pair A239-HID 11, A240-HIE 19:      -0.16749521 at      1.451 A (0.295 A by res) in 4.7751 (sec).
 Pair A239-HID 11, A240-HIE 20:       0.62105160 at      1.451 A (0.295 A by res) in 4.7875 (sec).
 Pair A239-HID 11, A240-HIE 23:       0.15739912 at      1.451 A (0.295 A by res) in 4.8206 (sec).
 Pair A239-HID 11, A240-HIE 24:       5.55405972 at      1.451 A (0.295 A by res) in 4.6641 (sec).
 Pair A239-HID 11, A240-HIE 25:       1.35674079 at      1.451 A (0.295 A by res) in 4.8565 (sec).
 Pair A239-HID 11, A240-HIE 26:      28.48196657 at      1.451 A (0.295 A by res) in 4.8724 (sec).
 Pair A239-HID 11, A241-HIS 0 :       0.03890932 at      5.335 A (2.142 A by res) in 4.5626 (sec).
 Pair A239-HID 11, A241-HID 1 :       0.00629782 at      5.335 A (2.142 A by res) in 4.4913 (sec).
 Pair A239-HID 11, A241-HIE 2 :       0.00449355 at      5.335 A (2.142 A by res) in 4.6008 (sec).
 Pair A239-HID 11, A241-HIS 6 :       0.03825620 at      5.335 A (2.142 A by res) in 4.7206 (sec).
 Pair A239-HID 11, A241-HIS 8 :       0.04190981 at      5.335 A (2.142 A by res) in 4.6927 (sec).
 Pair A239-HID 11, A241-HIS 10:       0.05384006 at      5.335 A (2.142 A by res) in 4.7269 (sec).
 Pair A239-HID 11, A241-HID 12:      -0.00205804 at      5.335 A (2.142 A by res) in 4.7446 (sec).
 Pair A239-HID 11, A241-HID 14:       0.00787050 at      5.335 A (2.142 A by res) in 4.7181 (sec).
 Pair A239-HID 11, A241-HID 16:       0.00491996 at      5.335 A (2.142 A by res) in 4.6174 (sec).
 Pair A239-HID 11, A241-HID 17:       0.00374698 at      5.335 A (2.142 A by res) in 4.5626 (sec).
 Pair A239-HID 11, A241-HID 18:       0.01911106 at      5.335 A (2.142 A by res) in 4.6412 (sec).
 Pair A239-HID 11, A241-HIE 20:       0.00306832 at      5.335 A (2.142 A by res) in 4.6324 (sec).
 Pair A239-HID 11, A241-HIE 22:       0.00139810 at      5.335 A (2.142 A by res) in 4.7170 (sec).
 Pair A239-HID 11, A241-HIE 24:       0.00289936 at      5.335 A (2.142 A by res) in 4.7093 (sec).
 Pair A239-HID 11, A241-HIE 25:       0.00245249 at      5.335 A (2.142 A by res) in 4.7394 (sec).
 Pair A239-HID 11, A241-HIE 26:      -0.00549839 at      5.335 A (2.142 A by res) in 4.6570 (sec).
 Pair A239-HID 12, A240-HIS 0 :       1.01047672 at      1.451 A (0.295 A by res) in 4.7761 (sec).
 Pair A239-HID 12, A240-HID 1 :       0.50484277 at      1.451 A (0.295 A by res) in 4.5917 (sec).
 Pair A239-HID 12, A240-HIE 2 :       0.54291683 at      1.451 A (0.295 A by res) in 4.7402 (sec).
 Pair A239-HID 12, A240-HIS 3 :       3.69780098 at      1.451 A (0.295 A by res) in 4.6130 (sec).
 Pair A239-HID 12, A240-HIS 4 :       1.01056126 at      1.451 A (0.295 A by res) in 4.8697 (sec).
 Pair A239-HID 12, A240-HIS 8 :       5.83451888 at      1.451 A (0.295 A by res) in 4.6792 (sec).
 Pair A239-HID 12, A240-HIS 9 :       1.95385155 at      1.451 A (0.295 A by res) in 4.6955 (sec).
 Pair A239-HID 12, A240-HIS 10:     116.97358299 at      0.927 A (0.295 A by res) in 4.7698 (sec).
 Pair A239-HID 12, A240-HID 11:       2.75451590 at      1.451 A (0.295 A by res) in 4.5949 (sec).
 Pair A239-HID 12, A240-HID 12:       0.47248309 at      1.451 A (0.295 A by res) in 4.5901 (sec).
 Pair A239-HID 12, A240-HID 15:       0.22111863 at      1.451 A (0.295 A by res) in 3.8564 (sec).
 Pair A239-HID 12, A240-HID 16:       5.03451026 at      1.451 A (0.295 A by res) in 3.9444 (sec).
 Pair A239-HID 12, A240-HID 17:       1.23077858 at      1.451 A (0.295 A by res) in 4.0755 (sec).
 Pair A239-HID 12, A240-HID 18:     108.75608102 at      0.939 A (0.295 A by res) in 4.0724 (sec).
 Pair A239-HID 12, A240-HIE 19:      -0.27365001 at      1.451 A (0.295 A by res) in 3.9855 (sec).
 Pair A239-HID 12, A240-HIE 20:       0.63799117 at      1.451 A (0.295 A by res) in 4.0178 (sec).
 Pair A239-HID 12, A240-HIE 23:       0.15964572 at      1.451 A (0.295 A by res) in 4.0766 (sec).
 Pair A239-HID 12, A240-HIE 24:       5.42952689 at      1.451 A (0.295 A by res) in 3.9165 (sec).
 Pair A239-HID 12, A240-HIE 25:       1.33390157 at      1.451 A (0.295 A by res) in 4.0006 (sec).
 Pair A239-HID 12, A240-HIE 26:      28.53847568 at      1.451 A (0.295 A by res) in 4.1124 (sec).
 Pair A239-HID 12, A241-HIS 0 :       0.05680153 at      5.335 A (2.142 A by res) in 4.1493 (sec).
 Pair A239-HID 12, A241-HID 1 :       0.00893140 at      5.335 A (2.142 A by res) in 4.0307 (sec).
 Pair A239-HID 12, A241-HIE 2 :       0.00428216 at      5.335 A (2.142 A by res) in 3.9574 (sec).
 Pair A239-HID 12, A241-HIS 6 :       0.05400563 at      5.335 A (2.142 A by res) in 4.0949 (sec).
 Pair A239-HID 12, A241-HIS 8 :       0.06869561 at      5.335 A (2.142 A by res) in 4.3514 (sec).
 Pair A239-HID 12, A241-HIS 10:       0.08294285 at      5.335 A (2.142 A by res) in 4.3102 (sec).
 Pair A239-HID 12, A241-HID 12:      -0.00570360 at      5.335 A (2.142 A by res) in 4.2087 (sec).
 Pair A239-HID 12, A241-HID 14:       0.01003857 at      5.335 A (2.142 A by res) in 4.0566 (sec).
 Pair A239-HID 12, A241-HID 16:       0.00309015 at      5.335 A (2.142 A by res) in 4.0066 (sec).
 Pair A239-HID 12, A241-HID 17:       0.00514473 at      5.335 A (2.142 A by res) in 4.0180 (sec).
 Pair A239-HID 12, A241-HID 18:       0.02488957 at      5.335 A (2.142 A by res) in 4.0537 (sec).
 Pair A239-HID 12, A241-HIE 20:       0.01130210 at      5.335 A (2.142 A by res) in 3.9961 (sec).
 Pair A239-HID 12, A241-HIE 22:       0.00196177 at      5.335 A (2.142 A by res) in 3.9663 (sec).
 Pair A239-HID 12, A241-HIE 24:       0.00889466 at      5.335 A (2.142 A by res) in 3.8822 (sec).
 Pair A239-HID 12, A241-HIE 25:       0.00139129 at      5.335 A (2.142 A by res) in 3.8756 (sec).
 Pair A239-HID 12, A241-HIE 26:      -0.00734066 at      5.335 A (2.142 A by res) in 3.8405 (sec).
 Pair A239-HID 16, A240-HIS 0 :       1.81151523 at      1.451 A (0.295 A by res) in 4.1357 (sec).
 Pair A239-HID 16, A240-HID 1 :       1.21847194 at      1.451 A (0.295 A by res) in 3.9079 (sec).
 Pair A239-HID 16, A240-HIE 2 :       1.02545072 at      1.451 A (0.295 A by res) in 4.0180 (sec).
 Pair A239-HID 16, A240-HIS 3 :       4.70159534 at      1.451 A (0.295 A by res) in 4.0781 (sec).
 Pair A239-HID 16, A240-HIS 4 :       1.81145295 at      1.451 A (0.295 A by res) in 4.1365 (sec).
 Pair A239-HID 16, A240-HIS 8 :      39.62425308 at      1.451 A (0.295 A by res) in 4.0161 (sec).
 Pair A239-HID 16, A240-HIS 9 :     809.92628951 at      1.068 A (0.295 A by res) in 4.0987 (sec).
 Pair A239-HID 16, A240-HIS 10:     142.66420297 at      0.990 A (0.295 A by res) in 4.0888 (sec).
 Pair A239-HID 16, A240-HID 11:       3.57582238 at      1.451 A (0.295 A by res) in 3.9716 (sec).
 Pair A239-HID 16, A240-HID 12:       1.16821870 at      1.451 A (0.295 A by res) in 4.0834 (sec).
 Pair A239-HID 16, A240-HID 15:       0.86279472 at      1.451 A (0.295 A by res) in 4.0573 (sec).
 Pair A239-HID 16, A240-HID 16:      38.23208425 at      1.451 A (0.295 A by res) in 4.0196 (sec).
 Pair A239-HID 16, A240-HID 17:     772.04027585 at      1.074 A (0.295 A by res) in 3.9899 (sec).
 Pair A239-HID 16, A240-HID 18:     134.70965915 at      1.002 A (0.295 A by res) in 4.2144 (sec).
 Pair A239-HID 16, A240-HIE 19:       0.21434108 at      1.451 A (0.295 A by res) in 4.3136 (sec).
 Pair A239-HID 16, A240-HIE 20:       1.15908757 at      1.451 A (0.295 A by res) in 4.0742 (sec).
 Pair A239-HID 16, A240-HIE 23:       0.41000733 at      1.451 A (0.295 A by res) in 4.0813 (sec).
 Pair A239-HID 16, A240-HIE 24:      37.31449034 at      1.451 A (0.295 A by res) in 3.9004 (sec).
 Pair A239-HID 16, A240-HIE 25:     823.80553691 at      1.037 A (0.295 A by res) in 3.9738 (sec).
 Pair A239-HID 16, A240-HIE 26:      74.36062508 at      1.451 A (0.295 A by res) in 3.9529 (sec).
 Pair A239-HID 16, A241-HIS 0 :       0.09454670 at      4.469 A (2.142 A by res) in 4.0842 (sec).
 Pair A239-HID 16, A241-HID 1 :       0.02953636 at      4.469 A (2.142 A by res) in 3.9525 (sec).
 Pair A239-HID 16, A241-HIE 2 :       0.02063698 at      4.469 A (2.142 A by res) in 3.9508 (sec).
 Pair A239-HID 16, A241-HIS 6 :       0.09253092 at      4.469 A (2.142 A by res) in 3.9864 (sec).
 Pair A239-HID 16, A241-HIS 8 :       0.10491317 at      4.469 A (2.142 A by res) in 4.0689 (sec).
 Pair A239-HID 16, A241-HIS 10:       0.14741859 at      4.469 A (2.142 A by res) in 4.0197 (sec).
 Pair A239-HID 16, A241-HID 12:      -0.00254867 at      4.469 A (2.142 A by res) in 4.1787 (sec).
 Pair A239-HID 16, A241-HID 14:       0.03127287 at      4.469 A (2.142 A by res) in 4.1118 (sec).
 Pair A239-HID 16, A241-HID 16:       0.02561337 at      4.469 A (2.142 A by res) in 4.0136 (sec).
 Pair A239-HID 16, A241-HID 17:       0.02595567 at      4.469 A (2.142 A by res) in 3.8616 (sec).
 Pair A239-HID 16, A241-HID 18:       0.07471369 at      4.469 A (2.142 A by res) in 4.0561 (sec).
 Pair A239-HID 16, A241-HIE 20:       0.01323315 at      4.469 A (2.142 A by res) in 4.1334 (sec).
 Pair A239-HID 16, A241-HIE 22:       0.01291539 at      4.469 A (2.142 A by res) in 4.1032 (sec).
 Pair A239-HID 16, A241-HIE 24:       0.02199271 at      4.469 A (2.142 A by res) in 4.1253 (sec).
 Pair A239-HID 16, A241-HIE 25:       0.01880432 at      4.469 A (2.142 A by res) in 3.8798 (sec).
 Pair A239-HID 16, A241-HIE 26:      -0.00590153 at      4.469 A (2.142 A by res) in 3.9333 (sec).
 Pair A239-HID 17, A240-HIS 0 :       0.95205469 at      1.451 A (0.295 A by res) in 4.0193 (sec).
 Pair A239-HID 17, A240-HID 1 :       0.61432752 at      1.451 A (0.295 A by res) in 3.9768 (sec).
 Pair A239-HID 17, A240-HIE 2 :       0.59048988 at      1.451 A (0.295 A by res) in 3.9356 (sec).
 Pair A239-HID 17, A240-HIS 3 :       3.76912471 at      1.451 A (0.295 A by res) in 4.1316 (sec).
 Pair A239-HID 17, A240-HIS 4 :       0.95203182 at      1.451 A (0.295 A by res) in 3.9458 (sec).
 Pair A239-HID 17, A240-HIS 8 :     119.83116591 at      1.325 A (0.295 A by res) in 4.1956 (sec).
 Pair A239-HID 17, A240-HIS 9 :     381.00524427 at      1.206 A (0.295 A by res) in 3.9561 (sec).
 Pair A239-HID 17, A240-HIS 10:    1948.15732025 at      0.538 A (0.295 A by res) in 4.1593 (sec).
 Pair A239-HID 17, A240-HID 11:       2.91185273 at      1.451 A (0.295 A by res) in 4.0850 (sec).
 Pair A239-HID 17, A240-HID 12:       0.56278213 at      1.451 A (0.295 A by res) in 3.9701 (sec).
 Pair A239-HID 17, A240-HID 15:       0.01234733 at      1.451 A (0.295 A by res) in 3.9795 (sec).
 Pair A239-HID 17, A240-HID 16:     104.19502781 at      1.451 A (0.295 A by res) in 3.9579 (sec).
 Pair A239-HID 17, A240-HID 17:     201.75339116 at      1.451 A (0.295 A by res) in 4.1105 (sec).
 Pair A239-HID 17, A240-HID 18:    1661.53334816 at      0.563 A (0.295 A by res) in 4.0381 (sec).
 Pair A239-HID 17, A240-HIE 19:      -0.17602021 at      1.451 A (0.295 A by res) in 3.9341 (sec).
 Pair A239-HID 17, A240-HIE 20:       0.72744062 at      1.451 A (0.295 A by res) in 4.0549 (sec).
 Pair A239-HID 17, A240-HIE 23:      -0.00048182 at      1.451 A (0.295 A by res) in 3.9225 (sec).
 Pair A239-HID 17, A240-HIE 24:     112.65726223 at      1.326 A (0.295 A by res) in 4.1282 (sec).
 Pair A239-HID 17, A240-HIE 25:     370.14279631 at      1.210 A (0.295 A by res) in 4.2268 (sec).
 Pair A239-HID 17, A240-HIE 26:    1407.69944661 at      0.582 A (0.295 A by res) in 4.0133 (sec).
 Pair A239-HID 17, A241-HIS 0 :       0.02989683 at      5.335 A (2.142 A by res) in 3.9852 (sec).
 Pair A239-HID 17, A241-HID 1 :       0.00575907 at      5.335 A (2.142 A by res) in 3.9312 (sec).
 Pair A239-HID 17, A241-HIE 2 :       0.00235950 at      5.335 A (2.142 A by res) in 3.9884 (sec).
 Pair A239-HID 17, A241-HIS 6 :       0.02773636 at      5.335 A (2.142 A by res) in 4.0354 (sec).
 Pair A239-HID 17, A241-HIS 8 :       0.03880690 at      5.335 A (2.142 A by res) in 3.9605 (sec).
 Pair A239-HID 17, A241-HIS 10:       0.05035274 at      5.335 A (2.142 A by res) in 3.9654 (sec).
 Pair A239-HID 17, A241-HID 12:      -0.01125631 at      5.335 A (2.142 A by res) in 4.0340 (sec).
 Pair A239-HID 17, A241-HID 14:       0.00547744 at      5.335 A (2.142 A by res) in 3.8150 (sec).
 Pair A239-HID 17, A241-HID 16:      -0.00155868 at      5.335 A (2.142 A by res) in 3.9164 (sec).
 Pair A239-HID 17, A241-HID 17:       0.00010599 at      5.335 A (2.142 A by res) in 4.0717 (sec).
 Pair A239-HID 17, A241-HID 18:       0.01629244 at      5.335 A (2.142 A by res) in 3.9690 (sec).
 Pair A239-HID 17, A241-HIE 20:       0.00325366 at      5.335 A (2.142 A by res) in 4.0549 (sec).
 Pair A239-HID 17, A241-HIE 22:       0.00198838 at      5.335 A (2.142 A by res) in 3.8837 (sec).
 Pair A239-HID 17, A241-HIE 24:       0.00713657 at      5.335 A (2.142 A by res) in 4.0801 (sec).
 Pair A239-HID 17, A241-HIE 25:       0.00018369 at      5.335 A (2.142 A by res) in 4.1835 (sec).
 Pair A239-HID 17, A241-HIE 26:      -0.00325529 at      5.335 A (2.142 A by res) in 3.9944 (sec).
 Pair A239-HID 18, A240-HIS 0 :       5.56689154 at      1.451 A (0.295 A by res) in 4.0824 (sec).
 Pair A239-HID 18, A240-HID 1 :       5.06463244 at      1.451 A (0.295 A by res) in 3.9956 (sec).
 Pair A239-HID 18, A240-HIE 2 :       4.99486156 at      1.451 A (0.295 A by res) in 4.1156 (sec).
 Pair A239-HID 18, A240-HIS 3 :       8.37205025 at      1.451 A (0.295 A by res) in 4.0864 (sec).
 Pair A239-HID 18, A240-HIS 4 :       5.56280240 at      1.451 A (0.295 A by res) in 4.0136 (sec).
 Pair A239-HID 18, A240-HIS 8 :     219.09195539 at      1.451 A (0.295 A by res) in 3.9719 (sec).
 Pair A239-HID 18, A240-HIS 9 :   17337.08031955 at      0.548 A (0.295 A by res) in 4.1187 (sec).
 Pair A239-HID 18, A240-HIS 10:     294.47380300 at      0.990 A (0.295 A by res) in 4.1499 (sec).
 Pair A239-HID 18, A240-HID 11:       7.34960213 at      1.451 A (0.295 A by res) in 4.0602 (sec).
 Pair A239-HID 18, A240-HID 12:       5.01089844 at      1.451 A (0.295 A by res) in 3.9814 (sec).
 Pair A239-HID 18, A240-HID 15:       4.18876485 at      1.451 A (0.295 A by res) in 3.9780 (sec).
 Pair A239-HID 18, A240-HID 16:     220.10588131 at      1.446 A (0.295 A by res) in 4.0419 (sec).
 Pair A239-HID 18, A240-HID 17:   14856.47309651 at      0.574 A (0.295 A by res) in 4.0386 (sec).
 Pair A239-HID 18, A240-HID 18:     289.38277294 at      1.002 A (0.295 A by res) in 3.9434 (sec).
 Pair A239-HID 18, A240-HIE 19:       4.20188837 at      1.451 A (0.295 A by res) in 3.7743 (sec).
 Pair A239-HID 18, A240-HIE 20:       5.12302471 at      1.451 A (0.295 A by res) in 3.9040 (sec).
 Pair A239-HID 18, A240-HIE 23:       4.00669663 at      1.451 A (0.295 A by res) in 3.9289 (sec).
 Pair A239-HID 18, A240-HIE 24:     218.22076950 at      1.419 A (0.295 A by res) in 3.7652 (sec).
 Pair A239-HID 18, A240-HIE 25:   22029.67232195 at      0.511 A (0.295 A by res) in 4.0403 (sec).
 Pair A239-HID 18, A240-HIE 26:     228.97542536 at      1.451 A (0.295 A by res) in 4.2646 (sec).
 Pair A239-HID 18, A241-HIS 0 :       0.02873083 at      4.492 A (2.142 A by res) in 3.8470 (sec).
 Pair A239-HID 18, A241-HID 1 :       0.00667112 at      4.492 A (2.142 A by res) in 4.0002 (sec).
 Pair A239-HID 18, A241-HIE 2 :       0.00472807 at      4.492 A (2.142 A by res) in 4.0645 (sec).
 Pair A239-HID 18, A241-HIS 6 :       0.02578084 at      4.492 A (2.142 A by res) in 4.1219 (sec).
 Pair A239-HID 18, A241-HIS 8 :       0.02923794 at      4.492 A (2.142 A by res) in 4.0307 (sec).
 Pair A239-HID 18, A241-HIS 10:       0.04361712 at      4.492 A (2.142 A by res) in 4.0237 (sec).
 Pair A239-HID 18, A241-HID 12:      -0.01164708 at      4.492 A (2.142 A by res) in 4.2002 (sec).
 Pair A239-HID 18, A241-HID 14:       0.00759882 at      4.492 A (2.142 A by res) in 4.1418 (sec).
 Pair A239-HID 18, A241-HID 16:       0.00229150 at      4.492 A (2.142 A by res) in 3.9808 (sec).
 Pair A239-HID 18, A241-HID 17:       0.00445021 at      4.492 A (2.142 A by res) in 3.9021 (sec).
 Pair A239-HID 18, A241-HID 18:       0.02158648 at      4.492 A (2.142 A by res) in 3.9355 (sec).
 Pair A239-HID 18, A241-HIE 20:       0.00263099 at      4.492 A (2.142 A by res) in 3.9073 (sec).
 Pair A239-HID 18, A241-HIE 22:       0.00219694 at      4.492 A (2.142 A by res) in 3.7914 (sec).
 Pair A239-HID 18, A241-HIE 24:       0.00609970 at      4.492 A (2.142 A by res) in 3.9820 (sec).
 Pair A239-HID 18, A241-HIE 25:      -0.00120108 at      4.492 A (2.142 A by res) in 4.1431 (sec).
 Pair A239-HID 18, A241-HIE 26:      -0.00517735 at      4.492 A (2.142 A by res) in 3.7887 (sec).
 Pair A239-HIE 19, A240-HIS 0 :       0.79882732 at      1.451 A (0.295 A by res) in 3.9498 (sec).
 Pair A239-HIE 19, A240-HID 1 :       0.49124319 at      1.451 A (0.295 A by res) in 4.0312 (sec).
 Pair A239-HIE 19, A240-HIE 2 :       0.49699493 at      1.451 A (0.295 A by res) in 3.8020 (sec).
 Pair A239-HIE 19, A240-HIS 3 :       3.00268620 at      1.451 A (0.295 A by res) in 4.1439 (sec).
 Pair A239-HIE 19, A240-HIS 4 :       0.79871074 at      1.451 A (0.295 A by res) in 4.1777 (sec).
 Pair A239-HIE 19, A240-HIS 8 :       5.73077101 at      1.451 A (0.295 A by res) in 4.1125 (sec).
 Pair A239-HIE 19, A240-HIS 9 :       1.74694473 at      1.451 A (0.295 A by res) in 4.0875 (sec).
 Pair A239-HIE 19, A240-HIS 10:     115.69933048 at      0.927 A (0.295 A by res) in 4.1275 (sec).
 Pair A239-HIE 19, A240-HID 11:       2.22857625 at      1.451 A (0.295 A by res) in 4.2987 (sec).
 Pair A239-HIE 19, A240-HID 12:       0.43765206 at      1.451 A (0.295 A by res) in 4.4147 (sec).
 Pair A239-HIE 19, A240-HID 15:       0.16354871 at      1.451 A (0.295 A by res) in 4.1701 (sec).
 Pair A239-HIE 19, A240-HID 16:       5.09173467 at      1.451 A (0.295 A by res) in 3.9180 (sec).
 Pair A239-HIE 19, A240-HID 17:       1.20942749 at      1.451 A (0.295 A by res) in 4.1023 (sec).
 Pair A239-HIE 19, A240-HID 18:     107.68911843 at      0.939 A (0.295 A by res) in 4.1998 (sec).
 Pair A239-HIE 19, A240-HIE 19:      -0.08780572 at      1.451 A (0.295 A by res) in 4.2197 (sec).
 Pair A239-HIE 19, A240-HIE 20:       0.60985732 at      1.451 A (0.295 A by res) in 4.1707 (sec).
 Pair A239-HIE 19, A240-HIE 23:       0.12814629 at      1.451 A (0.295 A by res) in 4.2828 (sec).
 Pair A239-HIE 19, A240-HIE 24:       5.48789046 at      1.451 A (0.295 A by res) in 4.2086 (sec).
 Pair A239-HIE 19, A240-HIE 25:       1.25717302 at      1.451 A (0.295 A by res) in 3.9834 (sec).
 Pair A239-HIE 19, A240-HIE 26:      28.66783059 at      1.451 A (0.295 A by res) in 4.2398 (sec).
 Pair A239-HIE 19, A241-HIS 0 :       0.02658055 at      5.335 A (2.142 A by res) in 4.1552 (sec).
 Pair A239-HIE 19, A241-HID 1 :       0.00481850 at      5.335 A (2.142 A by res) in 4.0633 (sec).
 Pair A239-HIE 19, A241-HIE 2 :       0.00131805 at      5.335 A (2.142 A by res) in 4.1985 (sec).
 Pair A239-HIE 19, A241-HIS 6 :       0.02545310 at      5.335 A (2.142 A by res) in 4.2586 (sec).
 Pair A239-HIE 19, A241-HIS 8 :       0.03607187 at      5.335 A (2.142 A by res) in 4.2826 (sec).
 Pair A239-HIE 19, A241-HIS 10:       0.04440004 at      5.335 A (2.142 A by res) in 4.2420 (sec).
 Pair A239-HIE 19, A241-HID 12:      -0.00439003 at      5.335 A (2.142 A by res) in 4.2749 (sec).
 Pair A239-HIE 19, A241-HID 14:       0.00382215 at      5.335 A (2.142 A by res) in 4.1287 (sec).
 Pair A239-HIE 19, A241-HID 16:      -0.00123834 at      5.335 A (2.142 A by res) in 4.2333 (sec).
 Pair A239-HIE 19, A241-HID 17:       0.00052623 at      5.335 A (2.142 A by res) in 3.9875 (sec).
 Pair A239-HIE 19, A241-HID 18:       0.01201600 at      5.335 A (2.142 A by res) in 4.2326 (sec).
 Pair A239-HIE 19, A241-HIE 20:       0.00293480 at      5.335 A (2.142 A by res) in 4.1831 (sec).
 Pair A239-HIE 19, A241-HIE 22:       0.00186658 at      5.335 A (2.142 A by res) in 4.0469 (sec).
 Pair A239-HIE 19, A241-HIE 24:       0.00568232 at      5.335 A (2.142 A by res) in 4.1976 (sec).
 Pair A239-HIE 19, A241-HIE 25:       0.00082837 at      5.335 A (2.142 A by res) in 4.2082 (sec).
 Pair A239-HIE 19, A241-HIE 26:      -0.00245832 at      5.335 A (2.142 A by res) in 4.0358 (sec).
 Pair A239-HIE 20, A240-HIS 0 :       0.40291113 at      1.451 A (0.295 A by res) in 4.2930 (sec).
 Pair A239-HIE 20, A240-HID 1 :       0.33009273 at      1.451 A (0.295 A by res) in 3.9892 (sec).
 Pair A239-HIE 20, A240-HIE 2 :       0.26142208 at      1.451 A (0.295 A by res) in 3.9752 (sec).
 Pair A239-HIE 20, A240-HIS 3 :       2.42019465 at      1.451 A (0.295 A by res) in 3.9298 (sec).
 Pair A239-HIE 20, A240-HIS 4 :       0.40283208 at      1.451 A (0.295 A by res) in 3.9869 (sec).
 Pair A239-HIE 20, A240-HIS 8 :       5.51169931 at      1.451 A (0.295 A by res) in 4.0300 (sec).
 Pair A239-HIE 20, A240-HIS 9 :       1.74651881 at      1.451 A (0.295 A by res) in 4.1100 (sec).
 Pair A239-HIE 20, A240-HIS 10:     115.53159124 at      0.927 A (0.295 A by res) in 3.8390 (sec).
 Pair A239-HIE 20, A240-HID 11:       1.78224954 at      1.451 A (0.295 A by res) in 4.0835 (sec).
 Pair A239-HIE 20, A240-HID 12:       0.30226660 at      1.451 A (0.295 A by res) in 4.0065 (sec).
 Pair A239-HIE 20, A240-HID 15:       0.17199340 at      1.451 A (0.295 A by res) in 3.9330 (sec).
 Pair A239-HIE 20, A240-HID 16:       4.89043037 at      1.451 A (0.295 A by res) in 4.2179 (sec).
 Pair A239-HIE 20, A240-HID 17:       1.17251548 at      1.451 A (0.295 A by res) in 4.1882 (sec).
 Pair A239-HIE 20, A240-HID 18:     107.54097813 at      0.939 A (0.295 A by res) in 4.3714 (sec).
 Pair A239-HIE 20, A240-HIE 19:       0.08766003 at      1.451 A (0.295 A by res) in 4.1160 (sec).
 Pair A239-HIE 20, A240-HIE 20:       0.36605004 at      1.451 A (0.295 A by res) in 4.2448 (sec).
 Pair A239-HIE 20, A240-HIE 23:       0.13393188 at      1.451 A (0.295 A by res) in 4.4133 (sec).
 Pair A239-HIE 20, A240-HIE 24:       5.32177248 at      1.451 A (0.295 A by res) in 4.2683 (sec).
 Pair A239-HIE 20, A240-HIE 25:       1.30881400 at      1.451 A (0.295 A by res) in 4.1808 (sec).
 Pair A239-HIE 20, A240-HIE 26:      28.85127920 at      1.451 A (0.295 A by res) in 4.1186 (sec).
 Pair A239-HIE 20, A241-HIS 0 :       0.00411472 at      5.335 A (2.142 A by res) in 4.1385 (sec).
 Pair A239-HIE 20, A241-HID 1 :       0.00116933 at      5.335 A (2.142 A by res) in 3.9779 (sec).
 Pair A239-HIE 20, A241-HIE 2 :       0.00183315 at      5.335 A (2.142 A by res) in 3.8945 (sec).
 Pair A239-HIE 20, A241-HIS 6 :       0.00538286 at      5.335 A (2.142 A by res) in 4.0462 (sec).
 Pair A239-HIE 20, A241-HIS 8 :      -0.00125818 at      5.335 A (2.142 A by res) in 3.9324 (sec).
 Pair A239-HIE 20, A241-HIS 10:       0.00349234 at      5.335 A (2.142 A by res) in 3.7869 (sec).
 Pair A239-HIE 20, A241-HID 12:      -0.00132156 at      5.335 A (2.142 A by res) in 3.7912 (sec).
 Pair A239-HIE 20, A241-HID 14:       0.00106039 at      5.335 A (2.142 A by res) in 3.8398 (sec).
 Pair A239-HIE 20, A241-HID 16:       0.00209108 at      5.335 A (2.142 A by res) in 3.8449 (sec).
 Pair A239-HIE 20, A241-HID 17:      -0.00018963 at      5.335 A (2.142 A by res) in 3.9334 (sec).
 Pair A239-HIE 20, A241-HID 18:       0.00386131 at      5.335 A (2.142 A by res) in 3.9546 (sec).
 Pair A239-HIE 20, A241-HIE 20:      -0.00696379 at      5.335 A (2.142 A by res) in 4.0135 (sec).
 Pair A239-HIE 20, A241-HIE 22:       0.00102659 at      5.335 A (2.142 A by res) in 3.9735 (sec).
 Pair A239-HIE 20, A241-HIE 24:      -0.00310847 at      5.335 A (2.142 A by res) in 3.9742 (sec).
 Pair A239-HIE 20, A241-HIE 25:       0.00173175 at      5.335 A (2.142 A by res) in 4.2073 (sec).
 Pair A239-HIE 20, A241-HIE 26:      -0.00023587 at      5.335 A (2.142 A by res) in 4.1640 (sec).
 Pair A239-HIE 24, A240-HIS 0 :       0.48386596 at      1.451 A (0.295 A by res) in 4.1195 (sec).
 Pair A239-HIE 24, A240-HID 1 :       0.46823000 at      1.451 A (0.295 A by res) in 3.7999 (sec).
 Pair A239-HIE 24, A240-HIE 2 :       0.54062463 at      1.451 A (0.295 A by res) in 3.9807 (sec).
 Pair A239-HIE 24, A240-HIS 3 :       3.09658107 at      1.451 A (0.295 A by res) in 3.9524 (sec).
 Pair A239-HIE 24, A240-HIS 4 :       0.48362642 at      1.451 A (0.295 A by res) in 3.9212 (sec).
 Pair A239-HIE 24, A240-HIS 8 :      36.53003642 at      1.451 A (0.295 A by res) in 3.8490 (sec).
 Pair A239-HIE 24, A240-HIS 9 :     720.04742029 at      1.107 A (0.295 A by res) in 3.9298 (sec).
 Pair A239-HIE 24, A240-HIS 10:     139.82430918 at      0.990 A (0.295 A by res) in 4.1395 (sec).
 Pair A239-HIE 24, A240-HID 11:       2.55878777 at      1.451 A (0.295 A by res) in 3.8830 (sec).
 Pair A239-HIE 24, A240-HID 12:       0.41728015 at      1.451 A (0.295 A by res) in 3.9429 (sec).
 Pair A239-HIE 24, A240-HID 15:      -0.13674797 at      1.451 A (0.295 A by res) in 4.0537 (sec).
 Pair A239-HIE 24, A240-HID 16:      36.76428619 at      1.451 A (0.295 A by res) in 4.0635 (sec).
 Pair A239-HIE 24, A240-HID 17:     690.87577271 at      1.109 A (0.295 A by res) in 4.0547 (sec).
 Pair A239-HIE 24, A240-HID 18:     133.40742050 at      1.002 A (0.295 A by res) in 4.0513 (sec).
 Pair A239-HIE 24, A240-HIE 19:      -0.06530508 at      1.451 A (0.295 A by res) in 3.9471 (sec).
 Pair A239-HIE 24, A240-HIE 20:       0.67396468 at      1.451 A (0.295 A by res) in 4.0421 (sec).
 Pair A239-HIE 24, A240-HIE 23:      -0.01332939 at      1.451 A (0.295 A by res) in 3.9221 (sec).
 Pair A239-HIE 24, A240-HIE 24:      36.74576861 at      1.451 A (0.295 A by res) in 3.9745 (sec).
 Pair A239-HIE 24, A240-HIE 25:     721.77863571 at      1.114 A (0.295 A by res) in 4.0949 (sec).
 Pair A239-HIE 24, A240-HIE 26:      75.07579696 at      1.451 A (0.295 A by res) in 3.9374 (sec).
 Pair A239-HIE 24, A241-HIS 0 :      -0.01877049 at      5.326 A (2.142 A by res) in 3.9298 (sec).
 Pair A239-HIE 24, A241-HID 1 :      -0.00985738 at      5.326 A (2.142 A by res) in 3.9811 (sec).
 Pair A239-HIE 24, A241-HIE 2 :      -0.00722976 at      5.326 A (2.142 A by res) in 3.8484 (sec).
 Pair A239-HIE 24, A241-HIS 6 :      -0.01741262 at      5.326 A (2.142 A by res) in 3.9131 (sec).
 Pair A239-HIE 24, A241-HIS 8 :      -0.02523347 at      5.326 A (2.142 A by res) in 4.0217 (sec).
 Pair A239-HIE 24, A241-HIS 10:      -0.03655949 at      5.326 A (2.142 A by res) in 4.1658 (sec).
 Pair A239-HIE 24, A241-HID 12:      -0.01635779 at      5.326 A (2.142 A by res) in 3.9185 (sec).
 Pair A239-HIE 24, A241-HID 14:      -0.01104277 at      5.326 A (2.142 A by res) in 3.9828 (sec).
 Pair A239-HIE 24, A241-HID 16:      -0.01092898 at      5.326 A (2.142 A by res) in 4.0384 (sec).
 Pair A239-HIE 24, A241-HID 17:      -0.01203167 at      5.326 A (2.142 A by res) in 4.1414 (sec).
 Pair A239-HIE 24, A241-HID 18:      -0.02386353 at      5.326 A (2.142 A by res) in 3.9651 (sec).
 Pair A239-HIE 24, A241-HIE 20:      -0.01650031 at      5.326 A (2.142 A by res) in 4.1374 (sec).
 Pair A239-HIE 24, A241-HIE 22:      -0.00486892 at      5.326 A (2.142 A by res) in 4.0146 (sec).
 Pair A239-HIE 24, A241-HIE 24:      -0.01119933 at      5.326 A (2.142 A by res) in 4.1137 (sec).
 Pair A239-HIE 24, A241-HIE 25:      -0.00934736 at      5.326 A (2.142 A by res) in 4.0504 (sec).
 Pair A239-HIE 24, A241-HIE 26:      -0.00068115 at      5.326 A (2.142 A by res) in 4.0721 (sec).
 Pair A239-HIE 25, A240-HIS 0 :       0.75190274 at      1.451 A (0.295 A by res) in 4.3095 (sec).
 Pair A239-HIE 25, A240-HID 1 :       0.54276572 at      1.451 A (0.295 A by res) in 4.0874 (sec).
 Pair A239-HIE 25, A240-HIE 2 :       0.50738430 at      1.451 A (0.295 A by res) in 4.1959 (sec).
 Pair A239-HIE 25, A240-HIS 3 :       3.44213803 at      1.451 A (0.295 A by res) in 4.2134 (sec).
 Pair A239-HIE 25, A240-HIS 4 :       0.75192402 at      1.451 A (0.295 A by res) in 4.1150 (sec).
 Pair A239-HIE 25, A240-HIS 8 :      97.02562289 at      1.451 A (0.295 A by res) in 4.3181 (sec).
 Pair A239-HIE 25, A240-HIS 9 :     401.79545312 at      1.182 A (0.295 A by res) in 4.2927 (sec).
 Pair A239-HIE 25, A240-HIS 10:     473.44245324 at      0.990 A (0.295 A by res) in 4.2679 (sec).
 Pair A239-HIE 25, A240-HID 11:       2.69606313 at      1.451 A (0.295 A by res) in 4.1911 (sec).
 Pair A239-HIE 25, A240-HID 12:       0.49210493 at      1.451 A (0.295 A by res) in 4.3867 (sec).
 Pair A239-HIE 25, A240-HID 15:       0.00180252 at      1.451 A (0.295 A by res) in 4.2126 (sec).
 Pair A239-HIE 25, A240-HID 16:      97.69646402 at      1.451 A (0.295 A by res) in 4.1968 (sec).
 Pair A239-HIE 25, A240-HID 17:     201.98275204 at      1.451 A (0.295 A by res) in 4.3520 (sec).
 Pair A239-HIE 25, A240-HID 18:     453.42306982 at      1.002 A (0.295 A by res) in 4.5498 (sec).
 Pair A239-HIE 25, A240-HIE 19:      -0.10203186 at      1.451 A (0.295 A by res) in 4.1311 (sec).
 Pair A239-HIE 25, A240-HIE 20:       0.64090511 at      1.451 A (0.295 A by res) in 4.2047 (sec).
 Pair A239-HIE 25, A240-HIE 23:      -0.05698599 at      1.451 A (0.295 A by res) in 3.9623 (sec).
 Pair A239-HIE 25, A240-HIE 24:      92.67592197 at      1.451 A (0.295 A by res) in 4.1975 (sec).
 Pair A239-HIE 25, A240-HIE 25:     390.93529971 at      1.186 A (0.295 A by res) in 4.3467 (sec).
 Pair A239-HIE 25, A240-HIE 26:     383.61979958 at      1.295 A (0.295 A by res) in 4.3352 (sec).
 Pair A239-HIE 25, A241-HIS 0 :       0.02929407 at      5.335 A (2.142 A by res) in 4.3660 (sec).
 Pair A239-HIE 25, A241-HID 1 :       0.00388233 at      5.335 A (2.142 A by res) in 4.3086 (sec).
 Pair A239-HIE 25, A241-HIE 2 :       0.00466495 at      5.335 A (2.142 A by res) in 4.3315 (sec).
 Pair A239-HIE 25, A241-HIS 6 :       0.02928835 at      5.335 A (2.142 A by res) in 4.0932 (sec).
 Pair A239-HIE 25, A241-HIS 8 :       0.02043614 at      5.335 A (2.142 A by res) in 4.1258 (sec).
 Pair A239-HIE 25, A241-HIS 10:       0.02709059 at      5.335 A (2.142 A by res) in 4.2163 (sec).
 Pair A239-HIE 25, A241-HID 12:      -0.00688462 at      5.335 A (2.142 A by res) in 4.0999 (sec).
 Pair A239-HIE 25, A241-HID 14:       0.00579551 at      5.335 A (2.142 A by res) in 4.1409 (sec).
 Pair A239-HIE 25, A241-HID 16:       0.00658673 at      5.335 A (2.142 A by res) in 4.1089 (sec).
 Pair A239-HIE 25, A241-HID 17:       0.00486048 at      5.335 A (2.142 A by res) in 4.1584 (sec).
 Pair A239-HIE 25, A241-HID 18:       0.01212679 at      5.335 A (2.142 A by res) in 4.0944 (sec).
 Pair A239-HIE 25, A241-HIE 20:      -0.00431908 at      5.335 A (2.142 A by res) in 4.1556 (sec).
 Pair A239-HIE 25, A241-HIE 22:       0.00038554 at      5.335 A (2.142 A by res) in 4.1117 (sec).
 Pair A239-HIE 25, A241-HIE 24:      -0.00211000 at      5.335 A (2.142 A by res) in 3.9123 (sec).
 Pair A239-HIE 25, A241-HIE 25:       0.00049686 at      5.335 A (2.142 A by res) in 4.0746 (sec).
 Pair A239-HIE 25, A241-HIE 26:      -0.00287670 at      5.335 A (2.142 A by res) in 3.9876 (sec).
 Pair A239-HIE 26, A240-HIS 0 :       6.98527646 at      1.451 A (0.295 A by res) in 4.1324 (sec).
 Pair A239-HIE 26, A240-HID 1 :       6.53382066 at      1.451 A (0.295 A by res) in 4.1913 (sec).
 Pair A239-HIE 26, A240-HIE 2 :       6.44523432 at      1.451 A (0.295 A by res) in 3.9386 (sec).
 Pair A239-HIE 26, A240-HIS 3 :       9.66504971 at      1.451 A (0.295 A by res) in 4.2126 (sec).
 Pair A239-HIE 26, A240-HIS 4 :       6.98000240 at      1.451 A (0.295 A by res) in 4.3968 (sec).
 Pair A239-HIE 26, A240-HIS 8 :     244.24857560 at      1.442 A (0.295 A by res) in 3.8592 (sec).
 Pair A239-HIE 26, A240-HIS 9 :   16625.34580672 at      0.562 A (0.295 A by res) in 3.9902 (sec).
 Pair A239-HIE 26, A240-HIS 10:     321.30033141 at      0.990 A (0.295 A by res) in 4.0924 (sec).
 Pair A239-HIE 26, A240-HID 11:       8.69379629 at      1.451 A (0.295 A by res) in 3.9328 (sec).
 Pair A239-HIE 26, A240-HID 12:       6.48071596 at      1.451 A (0.295 A by res) in 4.0432 (sec).
 Pair A239-HIE 26, A240-HID 15:       5.68653712 at      1.451 A (0.295 A by res) in 4.1521 (sec).
 Pair A239-HIE 26, A240-HID 16:     243.90898213 at      1.438 A (0.295 A by res) in 4.0654 (sec).
 Pair A239-HIE 26, A240-HID 17:   14093.99920475 at      0.588 A (0.295 A by res) in 4.0167 (sec).
 Pair A239-HIE 26, A240-HID 18:     315.19893691 at      1.002 A (0.295 A by res) in 4.1070 (sec).
 Pair A239-HIE 26, A240-HIE 19:       5.74013396 at      1.451 A (0.295 A by res) in 4.0487 (sec).
 Pair A239-HIE 26, A240-HIE 20:       6.56725064 at      1.451 A (0.295 A by res) in 3.8776 (sec).
 Pair A239-HIE 26, A240-HIE 23:       5.33047196 at      1.451 A (0.295 A by res) in 4.1865 (sec).
 Pair A239-HIE 26, A240-HIE 24:     241.40542926 at      1.408 A (0.295 A by res) in 4.1694 (sec).
 Pair A239-HIE 26, A240-HIE 25:   21475.41666484 at      0.524 A (0.295 A by res) in 4.1834 (sec).
 Pair A239-HIE 26, A240-HIE 26:     257.14470591 at      1.451 A (0.295 A by res) in 4.0672 (sec).
 Pair A239-HIE 26, A241-HIS 0 :       0.04680808 at      4.444 A (2.142 A by res) in 3.9129 (sec).
 Pair A239-HIE 26, A241-HID 1 :       0.01011452 at      4.444 A (2.142 A by res) in 3.8458 (sec).
 Pair A239-HIE 26, A241-HIE 2 :       0.00467132 at      4.444 A (2.142 A by res) in 4.0018 (sec).
 Pair A239-HIE 26, A241-HIS 6 :       0.04864044 at      4.444 A (2.142 A by res) in 4.0437 (sec).
 Pair A239-HIE 26, A241-HIS 8 :       0.05670410 at      4.444 A (2.142 A by res) in 3.8894 (sec).
 Pair A239-HIE 26, A241-HIS 10:       0.06901992 at      4.444 A (2.142 A by res) in 4.0892 (sec).
 Pair A239-HIE 26, A241-HID 12:      -0.00386755 at      4.444 A (2.142 A by res) in 3.9279 (sec).
 Pair A239-HIE 26, A241-HID 14:       0.00905514 at      4.444 A (2.142 A by res) in 4.0705 (sec).
 Pair A239-HIE 26, A241-HID 16:       0.00503248 at      4.444 A (2.142 A by res) in 3.9189 (sec).
 Pair A239-HIE 26, A241-HID 17:       0.00252071 at      4.444 A (2.142 A by res) in 4.0016 (sec).
 Pair A239-HIE 26, A241-HID 18:       0.01936744 at      4.444 A (2.142 A by res) in 4.0515 (sec).
 Pair A239-HIE 26, A241-HIE 20:      -0.00284588 at      4.444 A (2.142 A by res) in 4.0645 (sec).
 Pair A239-HIE 26, A241-HIE 22:       0.00334182 at      4.444 A (2.142 A by res) in 3.8386 (sec).
 Pair A239-HIE 26, A241-HIE 24:       0.00175552 at      4.444 A (2.142 A by res) in 3.8221 (sec).
 Pair A239-HIE 26, A241-HIE 25:       0.00711479 at      4.444 A (2.142 A by res) in 4.1272 (sec).
 Pair A239-HIE 26, A241-HIE 26:      -0.00450550 at      4.444 A (2.142 A by res) in 4.1364 (sec).
 Pair A240-HIS 0 , A241-HIS 0 :       1.68424036 at      1.414 A (0.154 A by res) in 3.9008 (sec).
 Pair A240-HIS 0 , A241-HID 1 :       0.67190764 at      1.414 A (0.154 A by res) in 3.9312 (sec).
 Pair A240-HIS 0 , A241-HIE 2 :       0.43734383 at      1.414 A (0.154 A by res) in 4.1332 (sec).
 Pair A240-HIS 0 , A241-HIS 6 :       1.69591639 at      1.414 A (0.154 A by res) in 4.0536 (sec).
 Pair A240-HIS 0 , A241-HIS 8 :     124.64127945 at      1.213 A (0.154 A by res) in 4.1741 (sec).
 Pair A240-HIS 0 , A241-HIS 10:	    NaN at      0.166 A (0.1543922784395115 A by res) < 0.250 Ang
 Rotamer pair eliminated: 28, 0, 29, 10
 Pair A240-HIS 0 , A241-HID 12:      12.65052205 at      1.414 A (0.154 A by res) in 4.2439 (sec).
 Pair A240-HIS 0 , A241-HID 14:       0.70437627 at      1.414 A (0.154 A by res) in 4.0391 (sec).
 Pair A240-HIS 0 , A241-HID 16:     114.44841900 at      1.211 A (0.154 A by res) in 4.1498 (sec).
 Pair A240-HIS 0 , A241-HID 17:       2.99317605 at      1.414 A (0.154 A by res) in 4.1917 (sec).
 Pair A240-HIS 0 , A241-HID 18:	    NaN at      0.154 A (0.1543922784395115 A by res) < 0.250 Ang
 Rotamer pair eliminated: 28, 0, 29, 18
 Pair A240-HIS 0 , A241-HIE 20:      16.34313682 at      1.414 A (0.154 A by res) in 4.1127 (sec).
 Pair A240-HIS 0 , A241-HIE 22:       0.52903811 at      1.414 A (0.154 A by res) in 4.0880 (sec).
 Pair A240-HIS 0 , A241-HIE 24:     127.85082133 at      1.207 A (0.154 A by res) in 4.0705 (sec).
 Pair A240-HIS 0 , A241-HIE 25:       2.73262067 at      1.414 A (0.154 A by res) in 4.1303 (sec).
 Pair A240-HIS 0 , A241-HIE 26:     229.90798309 at      1.105 A (0.154 A by res) in 4.1928 (sec).
 Pair A240-HIS 0 , A242-HIS 0 :       0.58672693 at      5.203 A (0.488 A by res) in 4.1692 (sec).
 Pair A240-HIS 0 , A242-HID 1 :       0.01131609 at      5.203 A (0.488 A by res) in 3.9337 (sec).
 Pair A240-HIS 0 , A242-HIE 2 :       0.04670462 at      5.203 A (0.488 A by res) in 3.8842 (sec).
 Pair A240-HIS 0 , A242-HIS 3 :       0.69054723 at      4.263 A (0.488 A by res) in 4.0268 (sec).
 Pair A240-HIS 0 , A242-HIS 4 :       0.60806652 at      4.526 A (0.488 A by res) in 4.0937 (sec).
 Pair A240-HIS 0 , A242-HIS 7 :       0.47358338 at      5.203 A (0.488 A by res) in 4.1858 (sec).
 Pair A240-HIS 0 , A242-HIS 8 :       0.70579161 at      4.263 A (0.488 A by res) in 4.0999 (sec).
 Pair A240-HIS 0 , A242-HID 11:       0.17822631 at      4.273 A (0.488 A by res) in 3.9114 (sec).
 Pair A240-HIS 0 , A242-HID 12:       0.03200922 at      4.546 A (0.488 A by res) in 3.9686 (sec).
 Pair A240-HIS 0 , A242-HID 15:       0.07277976 at      5.203 A (0.488 A by res) in 3.9206 (sec).
 Pair A240-HIS 0 , A242-HID 16:      -0.04087956 at      4.476 A (0.488 A by res) in 4.1283 (sec).
 Pair A240-HIS 0 , A242-HIE 19:      -0.03339399 at      5.203 A (0.488 A by res) in 4.0225 (sec).
 Pair A240-HIS 0 , A242-HIE 20:       0.09200507 at      4.497 A (0.488 A by res) in 4.0043 (sec).
 Pair A240-HIS 0 , A242-HIE 23:       0.01741777 at      5.203 A (0.488 A by res) in 4.1039 (sec).
 Pair A240-HIS 0 , A242-HIE 24:       0.11468701 at      4.266 A (0.488 A by res) in 3.9715 (sec).
 Pair A240-HID 1 , A241-HIS 0 :       0.94424370 at      1.414 A (0.154 A by res) in 4.0695 (sec).
 Pair A240-HID 1 , A241-HID 1 :       0.46648574 at      1.414 A (0.154 A by res) in 4.1043 (sec).
 Pair A240-HID 1 , A241-HIE 2 :       0.31716096 at      1.414 A (0.154 A by res) in 4.0318 (sec).
 Pair A240-HID 1 , A241-HIS 6 :       1.00359461 at      1.414 A (0.154 A by res) in 4.0447 (sec).
 Pair A240-HID 1 , A241-HIS 8 :     121.87614320 at      1.213 A (0.154 A by res) in 4.1248 (sec).
 Pair A240-HID 1 , A241-HIS 10:	    NaN at      0.166 A (0.1543922784395115 A by res) < 0.250 Ang
 Rotamer pair eliminated: 28, 1, 29, 10
 Pair A240-HID 1 , A241-HID 12:      11.93948278 at      1.414 A (0.154 A by res) in 4.2472 (sec).
 Pair A240-HID 1 , A241-HID 14:       0.53300523 at      1.414 A (0.154 A by res) in 4.0347 (sec).
 Pair A240-HID 1 , A241-HID 16:     113.60619056 at      1.211 A (0.154 A by res) in 4.0103 (sec).
 Pair A240-HID 1 , A241-HID 17:       2.39091344 at      1.414 A (0.154 A by res) in 3.9880 (sec).
 Pair A240-HID 1 , A241-HID 18:	    NaN at      0.154 A (0.1543922784395115 A by res) < 0.250 Ang
 Rotamer pair eliminated: 28, 1, 29, 18
 Pair A240-HID 1 , A241-HIE 20:      15.52492555 at      1.414 A (0.154 A by res) in 4.0182 (sec).
 Pair A240-HID 1 , A241-HIE 22:       0.42199087 at      1.414 A (0.154 A by res) in 4.1097 (sec).
 Pair A240-HID 1 , A241-HIE 24:     126.64016187 at      1.207 A (0.154 A by res) in 3.9194 (sec).
 Pair A240-HID 1 , A241-HIE 25:       2.16827094 at      1.414 A (0.154 A by res) in 3.9381 (sec).
 Pair A240-HID 1 , A241-HIE 26:     232.30390496 at      1.105 A (0.154 A by res) in 3.9992 (sec).
 Pair A240-HID 1 , A242-HIS 0 :       0.09521211 at      5.203 A (0.488 A by res) in 4.0130 (sec).
 Pair A240-HID 1 , A242-HID 1 :       0.00354763 at      5.203 A (0.488 A by res) in 3.8807 (sec).
 Pair A240-HID 1 , A242-HIE 2 :       0.00268462 at      5.203 A (0.488 A by res) in 3.9524 (sec).
 Pair A240-HID 1 , A242-HIS 3 :       0.17933247 at      4.263 A (0.488 A by res) in 4.0598 (sec).
 Pair A240-HID 1 , A242-HIS 4 :       0.11651094 at      4.526 A (0.488 A by res) in 4.0332 (sec).
 Pair A240-HID 1 , A242-HIS 7 :       0.08217871 at      5.203 A (0.488 A by res) in 3.9636 (sec).
 Pair A240-HID 1 , A242-HIS 8 :       0.14728667 at      4.263 A (0.488 A by res) in 3.9138 (sec).
 Pair A240-HID 1 , A242-HID 11:       0.10020557 at      4.273 A (0.488 A by res) in 3.8283 (sec).
 Pair A240-HID 1 , A242-HID 12:       0.02027453 at      4.546 A (0.488 A by res) in 4.1330 (sec).
 Pair A240-HID 1 , A242-HID 15:       0.02302079 at      5.203 A (0.488 A by res) in 4.0050 (sec).
 Pair A240-HID 1 , A242-HID 16:      -0.02538709 at      4.476 A (0.488 A by res) in 4.1905 (sec).
 Pair A240-HID 1 , A242-HIE 19:      -0.02920915 at      5.203 A (0.488 A by res) in 4.1740 (sec).
 Pair A240-HID 1 , A242-HIE 20:       0.02680901 at      4.497 A (0.488 A by res) in 4.2218 (sec).
 Pair A240-HID 1 , A242-HIE 23:       0.00628252 at      5.203 A (0.488 A by res) in 4.2391 (sec).
 Pair A240-HID 1 , A242-HIE 24:       0.02737138 at      4.266 A (0.488 A by res) in 4.1533 (sec).
 Pair A240-HIE 2 , A241-HIS 0 :      -0.21138814 at      1.414 A (0.154 A by res) in 4.0455 (sec).
 Pair A240-HIE 2 , A241-HID 1 :      -0.10523833 at      1.414 A (0.154 A by res) in 3.8037 (sec).
 Pair A240-HIE 2 , A241-HIE 2 :      -0.07252217 at      1.414 A (0.154 A by res) in 4.0848 (sec).
 Pair A240-HIE 2 , A241-HIS 6 :      -0.17077427 at      1.414 A (0.154 A by res) in 4.0180 (sec).
 Pair A240-HIE 2 , A241-HIS 8 :      51.67729916 at      1.213 A (0.154 A by res) in 3.9171 (sec).
 Pair A240-HIE 2 , A241-HIS 10:	    NaN at      0.166 A (0.1543922784395115 A by res) < 0.250 Ang
 Rotamer pair eliminated: 28, 2, 29, 10
 Pair A240-HIE 2 , A241-HID 12:       7.76295269 at      1.414 A (0.154 A by res) in 3.9144 (sec).
 Pair A240-HIE 2 , A241-HID 14:      -0.06315113 at      1.414 A (0.154 A by res) in 4.0301 (sec).
 Pair A240-HIE 2 , A241-HID 16:      50.50766182 at      1.211 A (0.154 A by res) in 4.0734 (sec).
 Pair A240-HIE 2 , A241-HID 17:       0.95254784 at      1.414 A (0.154 A by res) in 4.1258 (sec).
 Pair A240-HIE 2 , A241-HID 18:	    NaN at      0.154 A (0.1543922784395115 A by res) < 0.250 Ang
 Rotamer pair eliminated: 28, 2, 29, 18
 Pair A240-HIE 2 , A241-HIE 20:      10.65004016 at      1.414 A (0.154 A by res) in 4.0506 (sec).
 Pair A240-HIE 2 , A241-HIE 22:      -0.05525724 at      1.414 A (0.154 A by res) in 4.2069 (sec).
 Pair A240-HIE 2 , A241-HIE 24:      56.09395215 at      1.207 A (0.154 A by res) in 3.9511 (sec).
 Pair A240-HIE 2 , A241-HIE 25:       0.90433802 at      1.414 A (0.154 A by res) in 4.0375 (sec).
 Pair A240-HIE 2 , A241-HIE 26:      51.45747684 at      1.105 A (0.154 A by res) in 4.1081 (sec).
 Pair A240-HIE 2 , A242-HIS 0 :      -0.01509699 at      5.203 A (0.488 A by res) in 4.0874 (sec).
 Pair A240-HIE 2 , A242-HID 1 :      -0.00374311 at      5.203 A (0.488 A by res) in 3.7527 (sec).
 Pair A240-HIE 2 , A242-HIE 2 :      -0.00329973 at      5.203 A (0.488 A by res) in 3.9699 (sec).
 Pair A240-HIE 2 , A242-HIS 3 :      -0.02892743 at      4.263 A (0.488 A by res) in 4.0361 (sec).
 Pair A240-HIE 2 , A242-HIS 4 :      -0.01742070 at      4.526 A (0.488 A by res) in 4.0797 (sec).
 Pair A240-HIE 2 , A242-HIS 7 :      -0.00314196 at      5.203 A (0.488 A by res) in 4.0962 (sec).
 Pair A240-HIE 2 , A242-HIS 8 :      -0.00523979 at      4.263 A (0.488 A by res) in 3.8349 (sec).
 Pair A240-HIE 2 , A242-HID 11:      -0.02538040 at      4.273 A (0.488 A by res) in 3.9822 (sec).
 Pair A240-HIE 2 , A242-HID 12:      -0.00494973 at      4.546 A (0.488 A by res) in 3.9855 (sec).
 Pair A240-HIE 2 , A242-HID 15:      -0.00179309 at      5.203 A (0.488 A by res) in 3.9488 (sec).
 Pair A240-HIE 2 , A242-HID 16:      -0.01927276 at      4.476 A (0.488 A by res) in 4.0392 (sec).
 Pair A240-HIE 2 , A242-HIE 19:       0.00875507 at      5.203 A (0.488 A by res) in 4.1951 (sec).
 Pair A240-HIE 2 , A242-HIE 20:      -0.00642897 at      4.497 A (0.488 A by res) in 4.0701 (sec).
 Pair A240-HIE 2 , A242-HIE 23:       0.00029560 at      5.203 A (0.488 A by res) in 4.2582 (sec).
 Pair A240-HIE 2 , A242-HIE 24:      -0.00194547 at      4.266 A (0.488 A by res) in 4.2224 (sec).
 Pair A240-HIS 3 , A241-HIS 0 :       0.97206922 at      1.414 A (0.154 A by res) in 4.2808 (sec).
 Pair A240-HIS 3 , A241-HID 1 :       0.29289173 at      1.414 A (0.154 A by res) in 3.9657 (sec).
 Pair A240-HIS 3 , A241-HIE 2 :       0.15213055 at      1.414 A (0.154 A by res) in 4.1688 (sec).
 Pair A240-HIS 3 , A241-HIS 6 :       1.03142119 at      1.414 A (0.154 A by res) in 3.9362 (sec).
 Pair A240-HIS 3 , A241-HIS 8 :     110.62639480 at      1.363 A (0.154 A by res) in 4.2872 (sec).
 Pair A240-HIS 3 , A241-HIS 10:     374.43075913 at      1.069 A (0.154 A by res) in 3.9589 (sec).
 Pair A240-HIS 3 , A241-HID 12:       1.92849474 at      1.414 A (0.154 A by res) in 3.9900 (sec).
 Pair A240-HIS 3 , A241-HID 14:       0.36529112 at      1.414 A (0.154 A by res) in 4.0138 (sec).
 Pair A240-HIS 3 , A241-HID 16:     106.05660455 at      1.356 A (0.154 A by res) in 4.0896 (sec).
 Pair A240-HIS 3 , A241-HID 17:       4.94941703 at      1.414 A (0.154 A by res) in 4.1163 (sec).
 Pair A240-HIS 3 , A241-HID 18:     384.84261619 at      1.012 A (0.154 A by res) in 3.9870 (sec).
 Pair A240-HIS 3 , A241-HIE 20:       2.52358645 at      1.414 A (0.154 A by res) in 4.1526 (sec).
 Pair A240-HIS 3 , A241-HIE 22:       0.25604222 at      1.414 A (0.154 A by res) in 4.1873 (sec).
 Pair A240-HIS 3 , A241-HIE 24:     107.73916948 at      1.390 A (0.154 A by res) in 4.1278 (sec).
 Pair A240-HIS 3 , A241-HIE 25:       5.00150000 at      1.414 A (0.154 A by res) in 4.1567 (sec).
 Pair A240-HIS 3 , A241-HIE 26:     248.86239377 at      1.224 A (0.154 A by res) in 4.0986 (sec).
 Pair A240-HIS 3 , A242-HIS 0 :       0.56278937 at      5.203 A (0.488 A by res) in 3.9041 (sec).
 Pair A240-HIS 3 , A242-HID 1 :       0.00738160 at      5.203 A (0.488 A by res) in 3.7689 (sec).
 Pair A240-HIS 3 , A242-HIE 2 :       0.04648188 at      5.203 A (0.488 A by res) in 3.9722 (sec).
 Pair A240-HIS 3 , A242-HIS 3 :       0.62763889 at      4.291 A (0.488 A by res) in 4.1004 (sec).
 Pair A240-HIS 3 , A242-HIS 4 :       0.57887526 at      4.334 A (0.488 A by res) in 4.1096 (sec).
 Pair A240-HIS 3 , A242-HIS 7 :       0.45353837 at      5.203 A (0.488 A by res) in 4.1208 (sec).
 Pair A240-HIS 3 , A242-HIS 8 :       0.69156496 at      4.144 A (0.488 A by res) in 4.2287 (sec).
 Pair A240-HIS 3 , A242-HID 11:       0.13283994 at      4.297 A (0.488 A by res) in 4.2849 (sec).
 Pair A240-HIS 3 , A242-HID 12:       0.02708850 at      4.356 A (0.488 A by res) in 4.2710 (sec).
 Pair A240-HIS 3 , A242-HID 15:       0.06502664 at      5.203 A (0.488 A by res) in 4.2163 (sec).
 Pair A240-HIS 3 , A242-HID 16:      -0.03484614 at      4.157 A (0.488 A by res) in 4.1008 (sec).
 Pair A240-HIS 3 , A242-HIE 19:      -0.02250841 at      5.188 A (0.488 A by res) in 4.1743 (sec).
 Pair A240-HIS 3 , A242-HIE 20:       0.08600943 at      4.305 A (0.488 A by res) in 4.1797 (sec).
 Pair A240-HIS 3 , A242-HIE 23:       0.01420568 at      5.203 A (0.488 A by res) in 4.0220 (sec).
 Pair A240-HIS 3 , A242-HIE 24:       0.12225862 at      4.144 A (0.488 A by res) in 4.0334 (sec).
 Pair A240-HIS 4 , A241-HIS 0 :       1.68353497 at      1.414 A (0.154 A by res) in 3.9993 (sec).
 Pair A240-HIS 4 , A241-HID 1 :       0.67142979 at      1.414 A (0.154 A by res) in 4.0577 (sec).
 Pair A240-HIS 4 , A241-HIE 2 :       0.43691839 at      1.414 A (0.154 A by res) in 4.2208 (sec).
 Pair A240-HIS 4 , A241-HIS 6 :       1.69512651 at      1.414 A (0.154 A by res) in 4.0172 (sec).
 Pair A240-HIS 4 , A241-HIS 8 :     124.60709530 at      1.213 A (0.154 A by res) in 3.9700 (sec).
 Pair A240-HIS 4 , A241-HIS 10:	    NaN at      0.166 A (0.1543922784395115 A by res) < 0.250 Ang
 Rotamer pair eliminated: 28, 4, 29, 10
 Pair A240-HIS 4 , A241-HID 12:      12.64585989 at      1.414 A (0.154 A by res) in 4.1180 (sec).
 Pair A240-HIS 4 , A241-HID 14:       0.70379473 at      1.414 A (0.154 A by res) in 4.0307 (sec).
 Pair A240-HIS 4 , A241-HID 16:     114.41729259 at      1.211 A (0.154 A by res) in 3.9601 (sec).
 Pair A240-HIS 4 , A241-HID 17:       2.98758760 at      1.414 A (0.154 A by res) in 4.0553 (sec).
 Pair A240-HIS 4 , A241-HID 18:	    NaN at      0.155 A (0.1543922784395115 A by res) < 0.250 Ang
 Rotamer pair eliminated: 28, 4, 29, 18
 Pair A240-HIS 4 , A241-HIE 20:      16.33709504 at      1.414 A (0.154 A by res) in 3.9757 (sec).
 Pair A240-HIS 4 , A241-HIE 22:       0.52848930 at      1.414 A (0.154 A by res) in 3.9845 (sec).
 Pair A240-HIS 4 , A241-HIE 24:     127.81135680 at      1.207 A (0.154 A by res) in 3.9799 (sec).
 Pair A240-HIS 4 , A241-HIE 25:       2.72642289 at      1.414 A (0.154 A by res) in 4.0775 (sec).
 Pair A240-HIS 4 , A241-HIE 26:     229.61387461 at      1.105 A (0.154 A by res) in 4.0051 (sec).
 Pair A240-HIS 4 , A242-HIS 0 :       0.58671753 at      5.203 A (0.488 A by res) in 4.0494 (sec).
 Pair A240-HIS 4 , A242-HID 1 :       0.01130779 at      5.203 A (0.488 A by res) in 4.0871 (sec).
 Pair A240-HIS 4 , A242-HIE 2 :       0.04670146 at      5.203 A (0.488 A by res) in 3.7192 (sec).
 Pair A240-HIS 4 , A242-HIS 3 :       0.69050273 at      4.264 A (0.488 A by res) in 4.0748 (sec).
 Pair A240-HIS 4 , A242-HIS 4 :       0.60805011 at      4.526 A (0.488 A by res) in 4.1722 (sec).
 Pair A240-HIS 4 , A242-HIS 7 :       0.47357279 at      5.203 A (0.488 A by res) in 4.0058 (sec).
 Pair A240-HIS 4 , A242-HIS 8 :       0.70574996 at      4.264 A (0.488 A by res) in 3.9129 (sec).
 Pair A240-HIS 4 , A242-HID 11:       0.17818196 at      4.273 A (0.488 A by res) in 4.1927 (sec).
 Pair A240-HIS 4 , A242-HID 12:       0.03199573 at      4.547 A (0.488 A by res) in 4.1383 (sec).
 Pair A240-HIS 4 , A242-HID 15:       0.07277310 at      5.203 A (0.488 A by res) in 4.1431 (sec).
 Pair A240-HIS 4 , A242-HID 16:      -0.04086985 at      4.476 A (0.488 A by res) in 3.9423 (sec).
 Pair A240-HIS 4 , A242-HIE 19:      -0.03338828 at      5.203 A (0.488 A by res) in 3.8807 (sec).
 Pair A240-HIS 4 , A242-HIE 20:       0.09199605 at      4.498 A (0.488 A by res) in 4.0664 (sec).
 Pair A240-HIS 4 , A242-HIE 23:       0.01741406 at      5.203 A (0.488 A by res) in 4.1441 (sec).
 Pair A240-HIS 4 , A242-HIE 24:       0.11466861 at      4.267 A (0.488 A by res) in 4.1263 (sec).
 Pair A240-HIS 8 , A241-HIS 0 :       0.69222836 at      1.414 A (0.154 A by res) in 3.8411 (sec).
 Pair A240-HIS 8 , A241-HID 1 :       0.19177689 at      1.414 A (0.154 A by res) in 3.8399 (sec).
 Pair A240-HIS 8 , A241-HIE 2 :       0.11613333 at      1.414 A (0.154 A by res) in 3.9887 (sec).
 Pair A240-HIS 8 , A241-HIS 6 :       0.70929937 at      1.414 A (0.154 A by res) in 3.8843 (sec).
 Pair A240-HIS 8 , A241-HIS 8 :       2.76620791 at      1.414 A (0.154 A by res) in 3.8040 (sec).
 Pair A240-HIS 8 , A241-HIS 10:       3.30395071 at      1.414 A (0.154 A by res) in 4.0404 (sec).
 Pair A240-HIS 8 , A241-HID 12:       0.94437054 at      1.414 A (0.154 A by res) in 3.9471 (sec).
 Pair A240-HIS 8 , A241-HID 14:       0.20112394 at      1.414 A (0.154 A by res) in 3.9419 (sec).
 Pair A240-HIS 8 , A241-HID 16:       1.91332980 at      1.414 A (0.154 A by res) in 4.0300 (sec).
 Pair A240-HIS 8 , A241-HID 17:       1.54621673 at      1.414 A (0.154 A by res) in 3.9463 (sec).
 Pair A240-HIS 8 , A241-HID 18:       2.38908911 at      1.414 A (0.154 A by res) in 4.0251 (sec).
 Pair A240-HIS 8 , A241-HIE 20:       1.05772856 at      1.414 A (0.154 A by res) in 4.0143 (sec).
 Pair A240-HIS 8 , A241-HIE 22:       0.11718901 at      1.414 A (0.154 A by res) in 4.0816 (sec).
 Pair A240-HIS 8 , A241-HIE 24:       1.99898921 at      1.414 A (0.154 A by res) in 3.9535 (sec).
 Pair A240-HIS 8 , A241-HIE 25:       1.63746352 at      1.414 A (0.154 A by res) in 4.1166 (sec).
 Pair A240-HIS 8 , A241-HIE 26:       1.34284423 at      1.414 A (0.154 A by res) in 4.1547 (sec).
 Pair A240-HIS 8 , A242-HIS 0 :       0.47695774 at      5.203 A (0.488 A by res) in 3.9635 (sec).
 Pair A240-HIS 8 , A242-HID 1 :       0.03010572 at      5.203 A (0.488 A by res) in 4.0476 (sec).
 Pair A240-HIS 8 , A242-HIE 2 :       0.03554431 at      5.203 A (0.488 A by res) in 4.0362 (sec).
 Pair A240-HIS 8 , A242-HIS 3 :       0.50756881 at      5.203 A (0.488 A by res) in 4.1940 (sec).
 Pair A240-HIS 8 , A242-HIS 4 :       0.47663572 at      5.203 A (0.488 A by res) in 4.1458 (sec).
 Pair A240-HIS 8 , A242-HIS 7 :       0.44564745 at      5.203 A (0.488 A by res) in 3.9812 (sec).
 Pair A240-HIS 8 , A242-HIS 8 :       0.68515944 at      4.283 A (0.488 A by res) in 4.1291 (sec).
 Pair A240-HIS 8 , A242-HID 11:       0.09640381 at      5.203 A (0.488 A by res) in 4.0876 (sec).
 Pair A240-HIS 8 , A242-HID 12:       0.03713166 at      5.203 A (0.488 A by res) in 4.0987 (sec).
 Pair A240-HIS 8 , A242-HID 15:       0.06655249 at      5.203 A (0.488 A by res) in 4.1502 (sec).
 Pair A240-HIS 8 , A242-HID 16:      -0.05427079 at      4.602 A (0.488 A by res) in 4.0094 (sec).
 Pair A240-HIS 8 , A242-HIE 19:      -0.01213608 at      5.203 A (0.488 A by res) in 3.9849 (sec).
 Pair A240-HIS 8 , A242-HIE 20:       0.05009534 at      5.203 A (0.488 A by res) in 4.2198 (sec).
 Pair A240-HIS 8 , A242-HIE 23:       0.00441969 at      5.203 A (0.488 A by res) in 4.1525 (sec).
 Pair A240-HIS 8 , A242-HIE 24:       0.10181619 at      4.285 A (0.488 A by res) in 4.1435 (sec).
 Pair A240-HIS 9 , A241-HIS 0 :       0.68625368 at      1.414 A (0.154 A by res) in 4.0688 (sec).
 Pair A240-HIS 9 , A241-HID 1 :       0.18751064 at      1.414 A (0.154 A by res) in 3.9211 (sec).
 Pair A240-HIS 9 , A241-HIE 2 :       0.11014848 at      1.414 A (0.154 A by res) in 3.9003 (sec).
 Pair A240-HIS 9 , A241-HIS 6 :       0.70056528 at      1.414 A (0.154 A by res) in 4.2316 (sec).
 Pair A240-HIS 9 , A241-HIS 8 :       2.79296563 at      1.414 A (0.154 A by res) in 4.1099 (sec).
 Pair A240-HIS 9 , A241-HIS 10:       3.38326504 at      1.414 A (0.154 A by res) in 4.1781 (sec).
 Pair A240-HIS 9 , A241-HID 12:       0.93588204 at      1.414 A (0.154 A by res) in 3.8851 (sec).
 Pair A240-HIS 9 , A241-HID 14:       0.19468209 at      1.414 A (0.154 A by res) in 4.2893 (sec).
 Pair A240-HIS 9 , A241-HID 16:       1.88618819 at      1.414 A (0.154 A by res) in 4.3175 (sec).
 Pair A240-HIS 9 , A241-HID 17:       1.51985746 at      1.414 A (0.154 A by res) in 4.1894 (sec).
 Pair A240-HIS 9 , A241-HID 18:       2.43024445 at      1.414 A (0.154 A by res) in 3.9698 (sec).
 Pair A240-HIS 9 , A241-HIE 20:       1.05239760 at      1.414 A (0.154 A by res) in 3.9868 (sec).
 Pair A240-HIS 9 , A241-HIE 22:       0.11310276 at      1.414 A (0.154 A by res) in 4.1499 (sec).
 Pair A240-HIS 9 , A241-HIE 24:       2.01251287 at      1.414 A (0.154 A by res) in 4.1652 (sec).
 Pair A240-HIS 9 , A241-HIE 25:       1.63546787 at      1.414 A (0.154 A by res) in 4.2153 (sec).
 Pair A240-HIS 9 , A241-HIE 26:       1.34556331 at      1.414 A (0.154 A by res) in 3.9591 (sec).
 Pair A240-HIS 9 , A242-HIS 0 :       0.47682481 at      5.203 A (0.488 A by res) in 3.9827 (sec).
 Pair A240-HIS 9 , A242-HID 1 :       0.02538050 at      5.203 A (0.488 A by res) in 3.9621 (sec).
 Pair A240-HIS 9 , A242-HIE 2 :       0.03726557 at      5.203 A (0.488 A by res) in 4.0000 (sec).
 Pair A240-HIS 9 , A242-HIS 3 :       0.50539323 at      5.203 A (0.488 A by res) in 4.0630 (sec).
 Pair A240-HIS 9 , A242-HIS 4 :       0.47568963 at      5.203 A (0.488 A by res) in 4.1232 (sec).
 Pair A240-HIS 9 , A242-HIS 7 :       0.43474758 at      5.203 A (0.488 A by res) in 3.9320 (sec).
 Pair A240-HIS 9 , A242-HIS 8 :       0.67148369 at      4.283 A (0.488 A by res) in 3.9046 (sec).
 Pair A240-HIS 9 , A242-HID 11:       0.09350343 at      5.203 A (0.488 A by res) in 4.0269 (sec).
 Pair A240-HIS 9 , A242-HID 12:       0.03331017 at      5.203 A (0.488 A by res) in 3.9750 (sec).
 Pair A240-HIS 9 , A242-HID 15:       0.06222412 at      5.203 A (0.488 A by res) in 4.2253 (sec).
 Pair A240-HIS 9 , A242-HID 16:      -0.05928362 at      4.602 A (0.488 A by res) in 4.1404 (sec).
 Pair A240-HIS 9 , A242-HIE 19:      -0.01297071 at      5.203 A (0.488 A by res) in 4.0018 (sec).
 Pair A240-HIS 9 , A242-HIE 20:       0.05170729 at      5.203 A (0.488 A by res) in 3.8773 (sec).
 Pair A240-HIS 9 , A242-HIE 23:       0.00649168 at      5.203 A (0.488 A by res) in 3.9331 (sec).
 Pair A240-HIS 9 , A242-HIE 24:       0.11034327 at      4.285 A (0.488 A by res) in 4.0742 (sec).
 Pair A240-HIS 10, A241-HIS 0 :       0.68153077 at      1.414 A (0.154 A by res) in 4.0658 (sec).
 Pair A240-HIS 10, A241-HID 1 :       0.18542788 at      1.414 A (0.154 A by res) in 3.9632 (sec).
 Pair A240-HIS 10, A241-HIE 2 :       0.11146611 at      1.414 A (0.154 A by res) in 3.9254 (sec).
 Pair A240-HIS 10, A241-HIS 6 :       0.69536095 at      1.414 A (0.154 A by res) in 4.1703 (sec).
 Pair A240-HIS 10, A241-HIS 8 :       2.75360709 at      1.414 A (0.154 A by res) in 4.1806 (sec).
 Pair A240-HIS 10, A241-HIS 10:       3.29445975 at      1.414 A (0.154 A by res) in 3.9328 (sec).
 Pair A240-HIS 10, A241-HID 12:       0.93329358 at      1.414 A (0.154 A by res) in 4.1658 (sec).
 Pair A240-HIS 10, A241-HID 14:       0.19388557 at      1.414 A (0.154 A by res) in 4.0425 (sec).
 Pair A240-HIS 10, A241-HID 16:       1.90490582 at      1.414 A (0.154 A by res) in 4.2447 (sec).
 Pair A240-HIS 10, A241-HID 17:       1.53750354 at      1.414 A (0.154 A by res) in 4.0336 (sec).
 Pair A240-HIS 10, A241-HID 18:       2.38615889 at      1.414 A (0.154 A by res) in 3.8546 (sec).
 Pair A240-HIS 10, A241-HIE 20:       1.05612870 at      1.414 A (0.154 A by res) in 3.9006 (sec).
 Pair A240-HIS 10, A241-HIE 22:       0.11187286 at      1.414 A (0.154 A by res) in 4.3662 (sec).
 Pair A240-HIS 10, A241-HIE 24:       1.99488423 at      1.414 A (0.154 A by res) in 4.2192 (sec).
 Pair A240-HIS 10, A241-HIE 25:       1.62830598 at      1.414 A (0.154 A by res) in 4.1464 (sec).
 Pair A240-HIS 10, A241-HIE 26:       1.33425360 at      1.414 A (0.154 A by res) in 4.0847 (sec).
 Pair A240-HIS 10, A242-HIS 0 :       0.47072800 at      5.203 A (0.488 A by res) in 4.0037 (sec).
 Pair A240-HIS 10, A242-HID 1 :       0.02799827 at      5.203 A (0.488 A by res) in 4.0337 (sec).
 Pair A240-HIS 10, A242-HIE 2 :       0.03540864 at      5.203 A (0.488 A by res) in 4.0634 (sec).
 Pair A240-HIS 10, A242-HIS 3 :       0.50000685 at      5.203 A (0.488 A by res) in 4.0281 (sec).
 Pair A240-HIS 10, A242-HIS 4 :       0.47011303 at      5.203 A (0.488 A by res) in 4.0604 (sec).
 Pair A240-HIS 10, A242-HIS 7 :       0.43656976 at      5.203 A (0.488 A by res) in 3.9014 (sec).
 Pair A240-HIS 10, A242-HIS 8 :       0.68612230 at      4.283 A (0.488 A by res) in 3.9927 (sec).
 Pair A240-HIS 10, A242-HID 11:       0.09327144 at      5.203 A (0.488 A by res) in 3.8866 (sec).
 Pair A240-HIS 10, A242-HID 12:       0.03490086 at      5.203 A (0.488 A by res) in 4.0638 (sec).
 Pair A240-HIS 10, A242-HID 15:       0.06374192 at      5.203 A (0.488 A by res) in 3.8338 (sec).
 Pair A240-HIS 10, A242-HID 16:      -0.05107740 at      4.602 A (0.488 A by res) in 3.9957 (sec).
 Pair A240-HIS 10, A242-HIE 19:      -0.01209538 at      5.203 A (0.488 A by res) in 4.0252 (sec).
 Pair A240-HIS 10, A242-HIE 20:       0.04971346 at      5.203 A (0.488 A by res) in 4.1560 (sec).
 Pair A240-HIS 10, A242-HIE 23:       0.00505793 at      5.203 A (0.488 A by res) in 4.0493 (sec).
 Pair A240-HIS 10, A242-HIE 24:       0.11401756 at      4.285 A (0.488 A by res) in 4.1362 (sec).
 Pair A240-HID 11, A241-HIS 0 :       0.18905848 at      1.414 A (0.154 A by res) in 3.9779 (sec).
 Pair A240-HID 11, A241-HID 1 :       0.10297555 at      1.414 A (0.154 A by res) in 3.8836 (sec).
 Pair A240-HID 11, A241-HIE 2 :       0.08059551 at      1.414 A (0.154 A by res) in 3.9982 (sec).
 Pair A240-HID 11, A241-HIS 6 :       0.27737933 at      1.414 A (0.154 A by res) in 4.0465 (sec).
 Pair A240-HID 11, A241-HIS 8 :     102.02532689 at      1.366 A (0.154 A by res) in 4.0384 (sec).
 Pair A240-HID 11, A241-HIS 10:     342.32277359 at      1.070 A (0.154 A by res) in 4.0877 (sec).
 Pair A240-HID 11, A241-HID 12:       1.48522994 at      1.414 A (0.154 A by res) in 3.9380 (sec).
 Pair A240-HID 11, A241-HID 14:       0.19194514 at      1.414 A (0.154 A by res) in 4.0410 (sec).
 Pair A240-HID 11, A241-HID 16:      99.98448474 at      1.360 A (0.154 A by res) in 4.3357 (sec).
 Pair A240-HID 11, A241-HID 17:       4.46664249 at      1.414 A (0.154 A by res) in 4.1041 (sec).
 Pair A240-HID 11, A241-HID 18:     353.85370170 at      1.014 A (0.154 A by res) in 4.0344 (sec).
 Pair A240-HID 11, A241-HIE 20:       1.96975045 at      1.414 A (0.154 A by res) in 4.1801 (sec).
 Pair A240-HID 11, A241-HIE 22:       0.15318093 at      1.414 A (0.154 A by res) in 4.0081 (sec).
 Pair A240-HID 11, A241-HIE 24:     100.80848110 at      1.394 A (0.154 A by res) in 3.9986 (sec).
 Pair A240-HID 11, A241-HIE 25:       4.65700302 at      1.414 A (0.154 A by res) in 4.0536 (sec).
 Pair A240-HID 11, A241-HIE 26:     229.61103917 at      1.243 A (0.154 A by res) in 3.9185 (sec).
 Pair A240-HID 11, A242-HIS 0 :       0.02307983 at      5.203 A (0.488 A by res) in 4.0211 (sec).
 Pair A240-HID 11, A242-HID 1 :       0.00758745 at      5.203 A (0.488 A by res) in 3.9513 (sec).
 Pair A240-HID 11, A242-HIE 2 :      -0.00250661 at      5.203 A (0.488 A by res) in 3.9054 (sec).
 Pair A240-HID 11, A242-HIS 3 :       0.05247783 at      4.315 A (0.488 A by res) in 4.1487 (sec).
 Pair A240-HID 11, A242-HIS 4 :       0.03442423 at      4.358 A (0.488 A by res) in 4.0864 (sec).
 Pair A240-HID 11, A242-HIS 7 :       0.03703651 at      5.203 A (0.488 A by res) in 4.1321 (sec).
 Pair A240-HID 11, A242-HIS 8 :       0.09296249 at      4.167 A (0.488 A by res) in 4.0977 (sec).
 Pair A240-HID 11, A242-HID 11:       0.03553210 at      4.320 A (0.488 A by res) in 4.0944 (sec).
 Pair A240-HID 11, A242-HID 12:       0.01899048 at      4.381 A (0.488 A by res) in 4.0697 (sec).
 Pair A240-HID 11, A242-HID 15:       0.01138763 at      5.203 A (0.488 A by res) in 4.3067 (sec).
 Pair A240-HID 11, A242-HID 16:      -0.01651593 at      4.180 A (0.488 A by res) in 4.1738 (sec).
 Pair A240-HID 11, A242-HIE 19:      -0.00916143 at      5.203 A (0.488 A by res) in 3.9465 (sec).
 Pair A240-HID 11, A242-HIE 20:       0.00814012 at      4.330 A (0.488 A by res) in 4.0978 (sec).
 Pair A240-HID 11, A242-HIE 23:       0.00130060 at      5.203 A (0.488 A by res) in 4.1460 (sec).
 Pair A240-HID 11, A242-HIE 24:       0.02806489 at      4.167 A (0.488 A by res) in 4.1605 (sec).
 Pair A240-HID 12, A241-HIS 0 :       0.91644713 at      1.414 A (0.154 A by res) in 3.9365 (sec).
 Pair A240-HID 12, A241-HID 1 :       0.45279290 at      1.414 A (0.154 A by res) in 3.9755 (sec).
 Pair A240-HID 12, A241-HIE 2 :       0.30727202 at      1.414 A (0.154 A by res) in 3.9983 (sec).
 Pair A240-HID 12, A241-HIS 6 :       0.96714849 at      1.414 A (0.154 A by res) in 3.8724 (sec).
 Pair A240-HID 12, A241-HIS 8 :     125.66017304 at      1.166 A (0.154 A by res) in 4.1995 (sec).
 Pair A240-HID 12, A241-HIS 10:	    NaN at      0.186 A (0.1543922784395115 A by res) < 0.250 Ang
 Rotamer pair eliminated: 28, 12, 29, 10
 Pair A240-HID 12, A241-HID 12:      11.59243221 at      1.414 A (0.154 A by res) in 4.0079 (sec).
 Pair A240-HID 12, A241-HID 14:       0.50960204 at      1.414 A (0.154 A by res) in 3.9460 (sec).
 Pair A240-HID 12, A241-HID 16:     117.27273143 at      1.165 A (0.154 A by res) in 3.9195 (sec).
 Pair A240-HID 12, A241-HID 17:       2.27046604 at      1.414 A (0.154 A by res) in 3.9111 (sec).
 Pair A240-HID 12, A241-HID 18:	    NaN at      0.167 A (0.1543922784395115 A by res) < 0.250 Ang
 Rotamer pair eliminated: 28, 12, 29, 18
 Pair A240-HID 12, A241-HIE 20:      15.08902320 at      1.414 A (0.154 A by res) in 4.0043 (sec).
 Pair A240-HID 12, A241-HIE 22:       0.40210732 at      1.414 A (0.154 A by res) in 4.2144 (sec).
 Pair A240-HID 12, A241-HIE 24:     130.74999169 at      1.160 A (0.154 A by res) in 4.0719 (sec).
 Pair A240-HID 12, A241-HIE 25:       2.06752057 at      1.414 A (0.154 A by res) in 4.0417 (sec).
 Pair A240-HID 12, A241-HIE 26:     221.16813648 at      1.110 A (0.154 A by res) in 4.0263 (sec).
 Pair A240-HID 12, A242-HIS 0 :       0.09576018 at      5.203 A (0.488 A by res) in 3.9872 (sec).
 Pair A240-HID 12, A242-HID 1 :       0.00321081 at      5.203 A (0.488 A by res) in 3.8801 (sec).
 Pair A240-HID 12, A242-HIE 2 :       0.00256861 at      5.203 A (0.488 A by res) in 3.9888 (sec).
 Pair A240-HID 12, A242-HIS 3 :       0.17754940 at      4.283 A (0.488 A by res) in 3.9321 (sec).
 Pair A240-HID 12, A242-HIS 4 :       0.11658227 at      4.538 A (0.488 A by res) in 3.9616 (sec).
 Pair A240-HID 12, A242-HIS 7 :       0.08227466 at      5.203 A (0.488 A by res) in 4.0021 (sec).
 Pair A240-HID 12, A242-HIS 8 :       0.14770295 at      4.264 A (0.488 A by res) in 4.0227 (sec).
 Pair A240-HID 12, A242-HID 11:       0.09769003 at      4.291 A (0.488 A by res) in 3.8615 (sec).
 Pair A240-HID 12, A242-HID 12:       0.01952569 at      4.558 A (0.488 A by res) in 4.1076 (sec).
 Pair A240-HID 12, A242-HID 15:       0.02269650 at      5.203 A (0.488 A by res) in 3.9645 (sec).
 Pair A240-HID 12, A242-HID 16:      -0.02512790 at      4.498 A (0.488 A by res) in 3.9967 (sec).
 Pair A240-HID 12, A242-HIE 19:      -0.02882575 at      5.203 A (0.488 A by res) in 4.0421 (sec).
 Pair A240-HID 12, A242-HIE 20:       0.02637906 at      4.510 A (0.488 A by res) in 3.9998 (sec).
 Pair A240-HID 12, A242-HIE 23:       0.00599968 at      5.203 A (0.488 A by res) in 3.9397 (sec).
 Pair A240-HID 12, A242-HIE 24:       0.02762848 at      4.267 A (0.488 A by res) in 4.0535 (sec).
 Pair A240-HID 15, A241-HIS 0 :       0.03555541 at      1.414 A (0.154 A by res) in 3.9864 (sec).
 Pair A240-HID 15, A241-HID 1 :       0.01951907 at      1.414 A (0.154 A by res) in 4.0137 (sec).
 Pair A240-HID 15, A241-HIE 2 :       0.03114701 at      1.414 A (0.154 A by res) in 3.9957 (sec).
 Pair A240-HID 15, A241-HIS 6 :       0.05232065 at      1.414 A (0.154 A by res) in 4.0268 (sec).
 Pair A240-HID 15, A241-HIS 8 :      25.94329329 at      1.414 A (0.154 A by res) in 3.9536 (sec).
 Pair A240-HID 15, A241-HIS 10:     143.06214717 at      1.414 A (0.154 A by res) in 4.1093 (sec).
 Pair A240-HID 15, A241-HID 12:       0.75740833 at      1.414 A (0.154 A by res) in 4.2419 (sec).
 Pair A240-HID 15, A241-HID 14:       0.02594899 at      1.414 A (0.154 A by res) in 4.1898 (sec).
 Pair A240-HID 15, A241-HID 16:      25.51963177 at      1.414 A (0.154 A by res) in 4.2160 (sec).
 Pair A240-HID 15, A241-HID 17:     165.02206902 at      1.414 A (0.154 A by res) in 4.1312 (sec).
 Pair A240-HID 15, A241-HID 18:     131.89051459 at      1.414 A (0.154 A by res) in 4.3080 (sec).
 Pair A240-HID 15, A241-HIE 20:       0.89131309 at      1.414 A (0.154 A by res) in 4.0928 (sec).
 Pair A240-HID 15, A241-HIE 22:       0.01411124 at      1.414 A (0.154 A by res) in 4.2041 (sec).
 Pair A240-HID 15, A241-HIE 24:      26.20582517 at      1.414 A (0.154 A by res) in 4.0344 (sec).
 Pair A240-HID 15, A241-HIE 25:     170.12751811 at      1.414 A (0.154 A by res) in 4.0401 (sec).
 Pair A240-HID 15, A241-HIE 26:     138.11328935 at      1.414 A (0.154 A by res) in 4.1275 (sec).
 Pair A240-HID 15, A242-HIS 0 :      -0.13502356 at      3.687 A (0.488 A by res) in 3.9051 (sec).
 Pair A240-HID 15, A242-HID 1 :      -0.02948623 at      3.687 A (0.488 A by res) in 4.2020 (sec).
 Pair A240-HID 15, A242-HIE 2 :      -0.01342277 at      3.687 A (0.488 A by res) in 4.0506 (sec).
 Pair A240-HID 15, A242-HIS 3 :      -0.25543512 at      3.590 A (0.488 A by res) in 3.9880 (sec).
 Pair A240-HID 15, A242-HIS 4 :      -0.17162731 at      3.590 A (0.488 A by res) in 4.0349 (sec).
 Pair A240-HID 15, A242-HIS 7 :      -0.10465731 at      3.539 A (0.488 A by res) in 4.1482 (sec).
 Pair A240-HID 15, A242-HIS 8 :      67.04574760 at      1.890 A (0.488 A by res) in 3.9433 (sec).
 Pair A240-HID 15, A242-HID 11:      -0.18308426 at      3.590 A (0.488 A by res) in 3.8655 (sec).
 Pair A240-HID 15, A242-HID 12:      -0.07140782 at      3.590 A (0.488 A by res) in 4.2362 (sec).
 Pair A240-HID 15, A242-HID 15:      -0.04702255 at      3.539 A (0.488 A by res) in 4.0796 (sec).
 Pair A240-HID 15, A242-HID 16:      66.56809617 at      2.004 A (0.488 A by res) in 4.2671 (sec).
 Pair A240-HID 15, A242-HIE 19:       0.06251662 at      3.590 A (0.488 A by res) in 4.0253 (sec).
 Pair A240-HID 15, A242-HIE 20:      -0.05850987 at      3.590 A (0.488 A by res) in 3.9812 (sec).
 Pair A240-HID 15, A242-HIE 23:      -0.03439396 at      3.539 A (0.488 A by res) in 4.1321 (sec).
 Pair A240-HID 15, A242-HIE 24:      67.31948813 at      1.881 A (0.488 A by res) in 4.1064 (sec).
 Pair A240-HID 16, A241-HIS 0 :       0.20963563 at      1.414 A (0.154 A by res) in 4.1632 (sec).
 Pair A240-HID 16, A241-HID 1 :       0.10482114 at      1.414 A (0.154 A by res) in 3.8646 (sec).
 Pair A240-HID 16, A241-HIE 2 :       0.07766376 at      1.414 A (0.154 A by res) in 3.8155 (sec).
 Pair A240-HID 16, A241-HIS 6 :       0.22472030 at      1.414 A (0.154 A by res) in 4.0202 (sec).
 Pair A240-HID 16, A241-HIS 8 :       2.10641099 at      1.414 A (0.154 A by res) in 3.8809 (sec).
 Pair A240-HID 16, A241-HIS 10:       2.27427544 at      1.414 A (0.154 A by res) in 4.1752 (sec).
 Pair A240-HID 16, A241-HID 12:       0.87726303 at      1.414 A (0.154 A by res) in 3.9001 (sec).
 Pair A240-HID 16, A241-HID 14:       0.11563416 at      1.414 A (0.154 A by res) in 4.0594 (sec).
 Pair A240-HID 16, A241-HID 16:       1.89179034 at      1.414 A (0.154 A by res) in 4.1038 (sec).
 Pair A240-HID 16, A241-HID 17:       1.52538818 at      1.414 A (0.154 A by res) in 3.9398 (sec).
 Pair A240-HID 16, A241-HID 18:       1.97376527 at      1.414 A (0.154 A by res) in 4.0548 (sec).
 Pair A240-HID 16, A241-HIE 20:       0.96896080 at      1.414 A (0.154 A by res) in 4.1176 (sec).
 Pair A240-HID 16, A241-HIE 22:       0.07752025 at      1.414 A (0.154 A by res) in 4.1768 (sec).
 Pair A240-HID 16, A241-HIE 24:       1.92305904 at      1.414 A (0.154 A by res) in 4.1859 (sec).
 Pair A240-HID 16, A241-HIE 25:       1.55944734 at      1.414 A (0.154 A by res) in 3.9685 (sec).
 Pair A240-HID 16, A241-HIE 26:       1.51218945 at      1.414 A (0.154 A by res) in 3.9734 (sec).
 Pair A240-HID 16, A242-HIS 0 :       0.06728472 at      5.203 A (0.488 A by res) in 4.1877 (sec).
 Pair A240-HID 16, A242-HID 1 :       0.00847563 at      5.203 A (0.488 A by res) in 4.0195 (sec).
 Pair A240-HID 16, A242-HIE 2 :       0.00378861 at      5.203 A (0.488 A by res) in 3.9286 (sec).
 Pair A240-HID 16, A242-HIS 3 :       0.08524090 at      5.203 A (0.488 A by res) in 4.1720 (sec).
 Pair A240-HID 16, A242-HIS 4 :       0.07130211 at      5.203 A (0.488 A by res) in 4.0954 (sec).
 Pair A240-HID 16, A242-HIS 7 :       0.06637643 at      5.203 A (0.488 A by res) in 4.0388 (sec).
 Pair A240-HID 16, A242-HIS 8 :       0.12230713 at      4.283 A (0.488 A by res) in 4.1944 (sec).
 Pair A240-HID 16, A242-HID 11:       0.03029931 at      5.203 A (0.488 A by res) in 3.9984 (sec).
 Pair A240-HID 16, A242-HID 12:       0.01170109 at      5.203 A (0.488 A by res) in 3.8059 (sec).
 Pair A240-HID 16, A242-HID 15:       0.01609981 at      5.203 A (0.488 A by res) in 3.9250 (sec).
 Pair A240-HID 16, A242-HID 16:      -0.02876640 at      4.602 A (0.488 A by res) in 3.9038 (sec).
 Pair A240-HID 16, A242-HIE 19:      -0.00521510 at      5.203 A (0.488 A by res) in 4.0484 (sec).
 Pair A240-HID 16, A242-HIE 20:       0.01011594 at      5.203 A (0.488 A by res) in 4.1294 (sec).
 Pair A240-HID 16, A242-HIE 23:       0.00042597 at      5.203 A (0.488 A by res) in 4.0392 (sec).
 Pair A240-HID 16, A242-HIE 24:       0.01672279 at      4.285 A (0.488 A by res) in 4.0282 (sec).
 Pair A240-HID 17, A241-HIS 0 :       0.20160759 at      1.414 A (0.154 A by res) in 4.0784 (sec).
 Pair A240-HID 17, A241-HID 1 :       0.10058859 at      1.414 A (0.154 A by res) in 3.9386 (sec).
 Pair A240-HID 17, A241-HIE 2 :       0.07022111 at      1.414 A (0.154 A by res) in 4.1195 (sec).
 Pair A240-HID 17, A241-HIS 6 :       0.21290994 at      1.414 A (0.154 A by res) in 4.0336 (sec).
 Pair A240-HID 17, A241-HIS 8 :       2.13912775 at      1.414 A (0.154 A by res) in 4.1451 (sec).
 Pair A240-HID 17, A241-HIS 10:       2.36133792 at      1.414 A (0.154 A by res) in 3.9751 (sec).
 Pair A240-HID 17, A241-HID 12:       0.86710511 at      1.414 A (0.154 A by res) in 4.0071 (sec).
 Pair A240-HID 17, A241-HID 14:       0.10802188 at      1.414 A (0.154 A by res) in 4.0608 (sec).
 Pair A240-HID 17, A241-HID 16:       1.85772597 at      1.414 A (0.154 A by res) in 4.2220 (sec).
 Pair A240-HID 17, A241-HID 17:       1.49468904 at      1.414 A (0.154 A by res) in 4.1526 (sec).
 Pair A240-HID 17, A241-HID 18:       2.01436442 at      1.414 A (0.154 A by res) in 4.0187 (sec).
 Pair A240-HID 17, A241-HIE 20:       0.96639428 at      1.414 A (0.154 A by res) in 3.9957 (sec).
 Pair A240-HID 17, A241-HIE 22:       0.07378871 at      1.414 A (0.154 A by res) in 3.9810 (sec).
 Pair A240-HID 17, A241-HIE 24:       1.94031355 at      1.414 A (0.154 A by res) in 4.0581 (sec).
 Pair A240-HID 17, A241-HIE 25:       1.55627384 at      1.414 A (0.154 A by res) in 4.1009 (sec).
 Pair A240-HID 17, A241-HIE 26:       1.51339921 at      1.414 A (0.154 A by res) in 4.2467 (sec).
 Pair A240-HID 17, A242-HIS 0 :       0.06704135 at      5.203 A (0.488 A by res) in 4.3293 (sec).
 Pair A240-HID 17, A242-HID 1 :       0.00182378 at      5.203 A (0.488 A by res) in 4.0984 (sec).
 Pair A240-HID 17, A242-HIE 2 :       0.00660533 at      5.203 A (0.488 A by res) in 4.2875 (sec).
 Pair A240-HID 17, A242-HIS 3 :       0.08238189 at      5.203 A (0.488 A by res) in 4.1599 (sec).
 Pair A240-HID 17, A242-HIS 4 :       0.06989849 at      5.203 A (0.488 A by res) in 4.1977 (sec).
 Pair A240-HID 17, A242-HIS 7 :       0.05035302 at      5.203 A (0.488 A by res) in 4.1423 (sec).
 Pair A240-HID 17, A242-HIS 8 :       0.10391675 at      4.283 A (0.488 A by res) in 3.9402 (sec).
 Pair A240-HID 17, A242-HID 11:       0.02642915 at      5.203 A (0.488 A by res) in 4.1541 (sec).
 Pair A240-HID 17, A242-HID 12:       0.00623940 at      5.203 A (0.488 A by res) in 3.9026 (sec).
 Pair A240-HID 17, A242-HID 15:       0.01024829 at      5.203 A (0.488 A by res) in 4.0426 (sec).
 Pair A240-HID 17, A242-HID 16:      -0.03540901 at      4.602 A (0.488 A by res) in 3.9666 (sec).
 Pair A240-HID 17, A242-HIE 19:      -0.00587444 at      5.203 A (0.488 A by res) in 4.0075 (sec).
 Pair A240-HID 17, A242-HIE 20:       0.01276563 at      5.203 A (0.488 A by res) in 4.0911 (sec).
 Pair A240-HID 17, A242-HIE 23:       0.00345338 at      5.203 A (0.488 A by res) in 3.8915 (sec).
 Pair A240-HID 17, A242-HIE 24:       0.02780813 at      4.285 A (0.488 A by res) in 4.1065 (sec).
 Pair A240-HID 18, A241-HIS 0 :       0.19418402 at      1.414 A (0.154 A by res) in 4.2190 (sec).
 Pair A240-HID 18, A241-HID 1 :       0.09700768 at      1.414 A (0.154 A by res) in 4.0762 (sec).
 Pair A240-HID 18, A241-HIE 2 :       0.07237313 at      1.414 A (0.154 A by res) in 4.2079 (sec).
 Pair A240-HID 18, A241-HIS 6 :       0.20295000 at      1.414 A (0.154 A by res) in 4.1862 (sec).
 Pair A240-HID 18, A241-HIS 8 :       2.08735699 at      1.414 A (0.154 A by res) in 4.0221 (sec).
 Pair A240-HID 18, A241-HIS 10:       2.26035384 at      1.414 A (0.154 A by res) in 4.2171 (sec).
 Pair A240-HID 18, A241-HID 12:       0.86204265 at      1.414 A (0.154 A by res) in 3.9723 (sec).
 Pair A240-HID 18, A241-HID 14:       0.10751056 at      1.414 A (0.154 A by res) in 4.1158 (sec).
 Pair A240-HID 18, A241-HID 16:       1.87918576 at      1.414 A (0.154 A by res) in 4.0524 (sec).
 Pair A240-HID 18, A241-HID 17:       1.51662180 at      1.414 A (0.154 A by res) in 4.0982 (sec).
 Pair A240-HID 18, A241-HID 18:       1.97323805 at      1.414 A (0.154 A by res) in 4.0552 (sec).
 Pair A240-HID 18, A241-HIE 20:       0.97011346 at      1.414 A (0.154 A by res) in 4.1737 (sec).
 Pair A240-HID 18, A241-HIE 22:       0.07077635 at      1.414 A (0.154 A by res) in 4.0769 (sec).
 Pair A240-HID 18, A241-HIE 24:       1.92282327 at      1.414 A (0.154 A by res) in 4.0038 (sec).
 Pair A240-HID 18, A241-HIE 25:       1.54350376 at      1.414 A (0.154 A by res) in 3.9913 (sec).
 Pair A240-HID 18, A241-HIE 26:       1.50132479 at      1.414 A (0.154 A by res) in 4.0126 (sec).
 Pair A240-HID 18, A242-HIS 0 :       0.04925897 at      5.203 A (0.488 A by res) in 4.2223 (sec).
 Pair A240-HID 18, A242-HID 1 :       0.00369172 at      5.203 A (0.488 A by res) in 4.0399 (sec).
 Pair A240-HID 18, A242-HIE 2 :       0.00316377 at      5.203 A (0.488 A by res) in 3.8742 (sec).
 Pair A240-HID 18, A242-HIS 3 :       0.06602888 at      5.203 A (0.488 A by res) in 4.0284 (sec).
 Pair A240-HID 18, A242-HIS 4 :       0.05351245 at      5.203 A (0.488 A by res) in 3.9196 (sec).
 Pair A240-HID 18, A242-HIS 7 :       0.03864850 at      5.203 A (0.488 A by res) in 4.1544 (sec).
 Pair A240-HID 18, A242-HIS 8 :       0.08358475 at      4.283 A (0.488 A by res) in 4.0909 (sec).
 Pair A240-HID 18, A242-HID 11:       0.02426518 at      5.203 A (0.488 A by res) in 4.1511 (sec).
 Pair A240-HID 18, A242-HID 12:       0.00654771 at      5.203 A (0.488 A by res) in 4.0901 (sec).
 Pair A240-HID 18, A242-HID 15:       0.00971978 at      5.203 A (0.488 A by res) in 3.8979 (sec).
 Pair A240-HID 18, A242-HID 16:      -0.02105953 at      4.602 A (0.488 A by res) in 4.2542 (sec).
 Pair A240-HID 18, A242-HIE 19:      -0.00441497 at      5.203 A (0.488 A by res) in 4.2845 (sec).
 Pair A240-HID 18, A242-HIE 20:       0.00992782 at      5.203 A (0.488 A by res) in 4.1280 (sec).
 Pair A240-HID 18, A242-HIE 23:       0.00266680 at      5.203 A (0.488 A by res) in 4.1331 (sec).
 Pair A240-HID 18, A242-HIE 24:       0.02207482 at      4.285 A (0.488 A by res) in 4.1088 (sec).
 Pair A240-HIE 19, A241-HIS 0 :       0.23479913 at      1.414 A (0.154 A by res) in 4.0765 (sec).
 Pair A240-HIE 19, A241-HID 1 :       0.10987188 at      1.414 A (0.154 A by res) in 4.0807 (sec).
 Pair A240-HIE 19, A241-HIE 2 :       0.05927158 at      1.414 A (0.154 A by res) in 3.9815 (sec).
 Pair A240-HIE 19, A241-HIS 6 :       0.30496180 at      1.414 A (0.154 A by res) in 3.9438 (sec).
 Pair A240-HIE 19, A241-HIS 8 :     114.02917903 at      1.379 A (0.154 A by res) in 4.2260 (sec).
 Pair A240-HIE 19, A241-HIS 10:     418.20246545 at      1.055 A (0.154 A by res) in 4.1458 (sec).
 Pair A240-HIE 19, A241-HID 12:       1.53122295 at      1.414 A (0.154 A by res) in 4.0068 (sec).
 Pair A240-HIE 19, A241-HID 14:       0.17728111 at      1.414 A (0.154 A by res) in 4.0802 (sec).
 Pair A240-HIE 19, A241-HID 16:     111.28484633 at      1.371 A (0.154 A by res) in 4.1834 (sec).
 Pair A240-HIE 19, A241-HID 17:       5.49903046 at      1.414 A (0.154 A by res) in 4.0383 (sec).
 Pair A240-HIE 19, A241-HID 18:     433.22423206 at      0.998 A (0.154 A by res) in 4.2511 (sec).
 Pair A240-HIE 19, A241-HIE 20:       2.07086214 at      1.414 A (0.154 A by res) in 4.2051 (sec).
 Pair A240-HIE 19, A241-HIE 22:       0.14599164 at      1.414 A (0.154 A by res) in 4.0085 (sec).
 Pair A240-HIE 19, A241-HIE 24:     112.99045940 at      1.407 A (0.154 A by res) in 3.9353 (sec).
 Pair A240-HIE 19, A241-HIE 25:       5.50594712 at      1.414 A (0.154 A by res) in 3.9893 (sec).
 Pair A240-HIE 19, A241-HIE 26:     286.23300419 at      1.192 A (0.154 A by res) in 4.2347 (sec).
 Pair A240-HIE 19, A242-HIS 0 :       0.07468203 at      5.203 A (0.488 A by res) in 4.1295 (sec).
 Pair A240-HIE 19, A242-HID 1 :      -0.00639363 at      5.203 A (0.488 A by res) in 4.0163 (sec).
 Pair A240-HIE 19, A242-HIE 2 :       0.00714034 at      5.203 A (0.488 A by res) in 3.8930 (sec).
 Pair A240-HIE 19, A242-HIS 3 :       0.10467400 at      4.252 A (0.488 A by res) in 3.8984 (sec).
 Pair A240-HIE 19, A242-HIS 4 :       0.08747076 at      4.298 A (0.488 A by res) in 4.0670 (sec).
 Pair A240-HIE 19, A242-HIS 7 :       0.04975008 at      5.203 A (0.488 A by res) in 4.1903 (sec).
 Pair A240-HIE 19, A242-HIS 8 :       0.10402302 at      4.102 A (0.488 A by res) in 4.2432 (sec).
 Pair A240-HIE 19, A242-HID 11:       0.03793959 at      4.258 A (0.488 A by res) in 4.1410 (sec).
 Pair A240-HIE 19, A242-HID 12:       0.00660750 at      4.321 A (0.488 A by res) in 4.0513 (sec).
 Pair A240-HIE 19, A242-HID 15:       0.00982647 at      5.203 A (0.488 A by res) in 4.2306 (sec).
 Pair A240-HIE 19, A242-HID 16:      -0.00823633 at      4.114 A (0.488 A by res) in 4.2411 (sec).
 Pair A240-HIE 19, A242-HIE 19:      -0.00752864 at      5.152 A (0.488 A by res) in 4.1251 (sec).
 Pair A240-HIE 19, A242-HIE 20:       0.02365866 at      4.269 A (0.488 A by res) in 4.1352 (sec).
 Pair A240-HIE 19, A242-HIE 23:       0.00434397 at      5.203 A (0.488 A by res) in 3.9132 (sec).
 Pair A240-HIE 19, A242-HIE 24:       0.03334195 at      4.102 A (0.488 A by res) in 3.9597 (sec).
 Pair A240-HIE 20, A241-HIS 0 :      -0.22696974 at      1.414 A (0.154 A by res) in 3.8754 (sec).
 Pair A240-HIE 20, A241-HID 1 :      -0.11033378 at      1.414 A (0.154 A by res) in 4.0335 (sec).
 Pair A240-HIE 20, A241-HIE 2 :      -0.07464539 at      1.414 A (0.154 A by res) in 4.0160 (sec).
 Pair A240-HIE 20, A241-HIS 6 :      -0.18855131 at      1.414 A (0.154 A by res) in 4.0120 (sec).
 Pair A240-HIE 20, A241-HIS 8 :      54.05605624 at      1.414 A (0.154 A by res) in 4.1407 (sec).
 Pair A240-HIE 20, A241-HIS 10:     197.88705272 at      1.151 A (0.154 A by res) in 4.0072 (sec).
 Pair A240-HIE 20, A241-HID 12:       8.08516376 at      1.414 A (0.154 A by res) in 4.1433 (sec).
 Pair A240-HIE 20, A241-HID 14:      -0.07061533 at      1.414 A (0.154 A by res) in 3.9967 (sec).
 Pair A240-HIE 20, A241-HID 16:      52.80585892 at      1.414 A (0.154 A by res) in 4.1665 (sec).
 Pair A240-HIE 20, A241-HID 17:       0.96743771 at      1.414 A (0.154 A by res) in 4.2363 (sec).
 Pair A240-HIE 20, A241-HID 18:     205.47908552 at      1.134 A (0.154 A by res) in 4.1809 (sec).
 Pair A240-HIE 20, A241-HIE 20:      11.10899890 at      1.414 A (0.154 A by res) in 4.0797 (sec).
 Pair A240-HIE 20, A241-HIE 22:      -0.06026735 at      1.414 A (0.154 A by res) in 4.0037 (sec).
 Pair A240-HIE 20, A241-HIE 24:      58.63909596 at      1.414 A (0.154 A by res) in 4.1942 (sec).
 Pair A240-HIE 20, A241-HIE 25:       0.86041839 at      1.414 A (0.154 A by res) in 4.0711 (sec).
 Pair A240-HIE 20, A241-HIE 26:      56.49969883 at      1.414 A (0.154 A by res) in 4.0551 (sec).
 Pair A240-HIE 20, A242-HIS 0 :      -0.01634173 at      5.203 A (0.488 A by res) in 4.0001 (sec).
 Pair A240-HIE 20, A242-HID 1 :      -0.00403565 at      5.203 A (0.488 A by res) in 4.0388 (sec).
 Pair A240-HIE 20, A242-HIE 2 :      -0.00346555 at      5.203 A (0.488 A by res) in 3.9062 (sec).
 Pair A240-HIE 20, A242-HIS 3 :      -0.03170755 at      5.182 A (0.488 A by res) in 3.9793 (sec).
 Pair A240-HIE 20, A242-HIS 4 :      -0.01892711 at      5.203 A (0.488 A by res) in 4.0989 (sec).
 Pair A240-HIE 20, A242-HIS 7 :      -0.00419854 at      5.203 A (0.488 A by res) in 4.2686 (sec).
 Pair A240-HIE 20, A242-HIS 8 :      -0.00687173 at      4.264 A (0.488 A by res) in 4.1360 (sec).
 Pair A240-HIE 20, A242-HID 11:      -0.02744826 at      5.190 A (0.488 A by res) in 4.1317 (sec).
 Pair A240-HIE 20, A242-HID 12:      -0.00540357 at      5.203 A (0.488 A by res) in 4.0792 (sec).
 Pair A240-HIE 20, A242-HID 15:      -0.00221228 at      5.203 A (0.488 A by res) in 3.9927 (sec).
 Pair A240-HIE 20, A242-HID 16:      -0.01897145 at      4.591 A (0.488 A by res) in 3.9357 (sec).
 Pair A240-HIE 20, A242-HIE 19:       0.00915414 at      5.203 A (0.488 A by res) in 4.0267 (sec).
 Pair A240-HIE 20, A242-HIE 20:      -0.00684669 at      5.203 A (0.488 A by res) in 4.0121 (sec).
 Pair A240-HIE 20, A242-HIE 23:       0.00012158 at      5.203 A (0.488 A by res) in 4.1583 (sec).
 Pair A240-HIE 20, A242-HIE 24:      -0.00211589 at      4.267 A (0.488 A by res) in 3.9981 (sec).
 Pair A240-HIE 23, A241-HIS 0 :       0.20428470 at      1.414 A (0.154 A by res) in 3.9739 (sec).
 Pair A240-HIE 23, A241-HID 1 :       0.12503766 at      1.414 A (0.154 A by res) in 3.9971 (sec).
 Pair A240-HIE 23, A241-HIE 2 :       0.08592890 at      1.414 A (0.154 A by res) in 4.2033 (sec).
 Pair A240-HIE 23, A241-HIS 6 :       0.27004364 at      1.414 A (0.154 A by res) in 4.0631 (sec).
 Pair A240-HIE 23, A241-HIS 8 :      30.74549545 at      1.414 A (0.154 A by res) in 4.0749 (sec).
 Pair A240-HIE 23, A241-HIS 10:     165.15590308 at      1.388 A (0.154 A by res) in 3.8453 (sec).
 Pair A240-HIE 23, A241-HID 12:       0.78648356 at      1.414 A (0.154 A by res) in 4.0267 (sec).
 Pair A240-HIE 23, A241-HID 14:       0.12690677 at      1.414 A (0.154 A by res) in 4.0858 (sec).
 Pair A240-HIE 23, A241-HID 16:      29.08993492 at      1.414 A (0.154 A by res) in 4.2809 (sec).
 Pair A240-HIE 23, A241-HID 17:     172.80504872 at      1.397 A (0.154 A by res) in 4.0720 (sec).
 Pair A240-HIE 23, A241-HID 18:     150.33487260 at      1.414 A (0.154 A by res) in 4.2189 (sec).
 Pair A240-HIE 23, A241-HIE 20:       0.88035839 at      1.414 A (0.154 A by res) in 4.2136 (sec).
 Pair A240-HIE 23, A241-HIE 22:       0.13216579 at      1.414 A (0.154 A by res) in 4.1200 (sec).
 Pair A240-HIE 23, A241-HIE 24:      29.01297290 at      1.414 A (0.154 A by res) in 4.0177 (sec).
 Pair A240-HIE 23, A241-HIE 25:     180.28123615 at      1.410 A (0.154 A by res) in 3.9547 (sec).
 Pair A240-HIE 23, A241-HIE 26:     158.74516771 at      1.391 A (0.154 A by res) in 4.0109 (sec).
 Pair A240-HIE 23, A242-HIS 0 :       0.43044987 at      3.063 A (0.488 A by res) in 3.9067 (sec).
 Pair A240-HIE 23, A242-HID 1 :       0.16808422 at      3.063 A (0.488 A by res) in 3.8898 (sec).
 Pair A240-HIE 23, A242-HIE 2 :       0.13544074 at      3.063 A (0.488 A by res) in 3.9881 (sec).
 Pair A240-HIE 23, A242-HIS 3 :       0.50616164 at      2.959 A (0.488 A by res) in 4.2967 (sec).
 Pair A240-HIE 23, A242-HIS 4 :       0.47131452 at      2.959 A (0.488 A by res) in 4.1295 (sec).
 Pair A240-HIE 23, A242-HIS 7 :       0.35220233 at      2.905 A (0.488 A by res) in 4.3119 (sec).
 Pair A240-HIE 23, A242-HIS 8 :     159.32009662 at      1.372 A (0.488 A by res) in 4.0796 (sec).
 Pair A240-HIE 23, A242-HID 11:       0.31270366 at      2.959 A (0.488 A by res) in 4.2531 (sec).
 Pair A240-HIE 23, A242-HID 12:       0.24891493 at      2.959 A (0.488 A by res) in 4.1957 (sec).
 Pair A240-HIE 23, A242-HID 15:       0.20929767 at      2.905 A (0.488 A by res) in 4.2198 (sec).
 Pair A240-HIE 23, A242-HID 16:     150.48863939 at      1.346 A (0.488 A by res) in 3.9923 (sec).
 Pair A240-HIE 23, A242-HIE 19:      -0.00753248 at      2.959 A (0.488 A by res) in 4.0664 (sec).
 Pair A240-HIE 23, A242-HIE 20:       0.20692443 at      2.959 A (0.488 A by res) in 4.1392 (sec).
 Pair A240-HIE 23, A242-HIE 23:       0.15836204 at      2.905 A (0.488 A by res) in 3.9737 (sec).
 Pair A240-HIE 23, A242-HIE 24:     156.90462008 at      1.357 A (0.488 A by res) in 3.9357 (sec).
 Pair A240-HIE 24, A241-HIS 0 :       0.10323467 at      1.414 A (0.154 A by res) in 4.0872 (sec).
 Pair A240-HIE 24, A241-HID 1 :       0.06437229 at      1.414 A (0.154 A by res) in 4.1810 (sec).
 Pair A240-HIE 24, A241-HIE 2 :       0.05094886 at      1.414 A (0.154 A by res) in 4.2414 (sec).
 Pair A240-HIE 24, A241-HIS 6 :       0.11148622 at      1.414 A (0.154 A by res) in 4.1275 (sec).
 Pair A240-HIE 24, A241-HIS 8 :       1.96786879 at      1.414 A (0.154 A by res) in 4.1219 (sec).
 Pair A240-HIE 24, A241-HIS 10:       2.05215430 at      1.414 A (0.154 A by res) in 4.0510 (sec).
 Pair A240-HIE 24, A241-HID 12:       0.83977606 at      1.414 A (0.154 A by res) in 4.1155 (sec).
 Pair A240-HIE 24, A241-HID 14:       0.07304299 at      1.414 A (0.154 A by res) in 4.0271 (sec).
 Pair A240-HIE 24, A241-HID 16:       1.84714406 at      1.414 A (0.154 A by res) in 4.1721 (sec).
 Pair A240-HIE 24, A241-HID 17:       1.48164473 at      1.414 A (0.154 A by res) in 4.1143 (sec).
 Pair A240-HIE 24, A241-HID 18:       1.85027424 at      1.414 A (0.154 A by res) in 4.0167 (sec).
 Pair A240-HIE 24, A241-HIE 20:       0.94213875 at      1.414 A (0.154 A by res) in 3.8150 (sec).
 Pair A240-HIE 24, A241-HIE 22:       0.05392709 at      1.414 A (0.154 A by res) in 4.1696 (sec).
 Pair A240-HIE 24, A241-HIE 24:       1.89743913 at      1.414 A (0.154 A by res) in 4.3651 (sec).
 Pair A240-HIE 24, A241-HIE 25:       1.51022102 at      1.414 A (0.154 A by res) in 4.2353 (sec).
 Pair A240-HIE 24, A241-HIE 26:       1.52534717 at      1.414 A (0.154 A by res) in 4.0659 (sec).
 Pair A240-HIE 24, A242-HIS 0 :       0.00709212 at      5.203 A (0.488 A by res) in 4.2300 (sec).
 Pair A240-HIE 24, A242-HID 1 :      -0.00191594 at      5.203 A (0.488 A by res) in 4.0614 (sec).
 Pair A240-HIE 24, A242-HIE 2 :       0.00078207 at      5.203 A (0.488 A by res) in 4.2341 (sec).
 Pair A240-HIE 24, A242-HIS 3 :       0.01597717 at      5.203 A (0.488 A by res) in 4.2732 (sec).
 Pair A240-HIE 24, A242-HIS 4 :       0.00965808 at      5.203 A (0.488 A by res) in 4.2421 (sec).
 Pair A240-HIE 24, A242-HIS 7 :       0.00268043 at      5.203 A (0.488 A by res) in 4.3073 (sec).
 Pair A240-HIE 24, A242-HIS 8 :      -0.00133567 at      4.283 A (0.488 A by res) in 4.2765 (sec).
 Pair A240-HIE 24, A242-HID 11:       0.00850808 at      5.203 A (0.488 A by res) in 4.0862 (sec).
 Pair A240-HIE 24, A242-HID 12:       0.00056481 at      5.203 A (0.488 A by res) in 4.1364 (sec).
 Pair A240-HIE 24, A242-HID 15:      -0.00025926 at      5.203 A (0.488 A by res) in 3.9748 (sec).
 Pair A240-HIE 24, A242-HID 16:      -0.01313668 at      4.602 A (0.488 A by res) in 3.9445 (sec).
 Pair A240-HIE 24, A242-HIE 19:      -0.00095064 at      5.203 A (0.488 A by res) in 4.0798 (sec).
 Pair A240-HIE 24, A242-HIE 20:       0.00342569 at      5.203 A (0.488 A by res) in 4.0231 (sec).
 Pair A240-HIE 24, A242-HIE 23:       0.00324760 at      5.203 A (0.488 A by res) in 4.1432 (sec).
 Pair A240-HIE 24, A242-HIE 24:      -0.00121467 at      4.285 A (0.488 A by res) in 4.1317 (sec).
 Pair A240-HIE 25, A241-HIS 0 :       0.11832983 at      1.414 A (0.154 A by res) in 4.1729 (sec).
 Pair A240-HIE 25, A241-HID 1 :       0.07162282 at      1.414 A (0.154 A by res) in 3.8938 (sec).
 Pair A240-HIE 25, A241-HIE 2 :       0.06115361 at      1.414 A (0.154 A by res) in 4.0608 (sec).
 Pair A240-HIE 25, A241-HIS 6 :       0.12984411 at      1.414 A (0.154 A by res) in 3.8231 (sec).
 Pair A240-HIE 25, A241-HIS 8 :       1.95291134 at      1.414 A (0.154 A by res) in 3.9892 (sec).
 Pair A240-HIE 25, A241-HIS 10:       2.01610315 at      1.414 A (0.154 A by res) in 3.8233 (sec).
 Pair A240-HIE 25, A241-HID 12:       0.84756005 at      1.414 A (0.154 A by res) in 3.9296 (sec).
 Pair A240-HIE 25, A241-HID 14:       0.08379534 at      1.414 A (0.154 A by res) in 3.9225 (sec).
 Pair A240-HIE 25, A241-HID 16:       1.87814134 at      1.414 A (0.154 A by res) in 3.9915 (sec).
 Pair A240-HIE 25, A241-HID 17:       1.50883720 at      1.414 A (0.154 A by res) in 4.1779 (sec).
 Pair A240-HIE 25, A241-HID 18:       1.84016477 at      1.414 A (0.154 A by res) in 4.0847 (sec).
 Pair A240-HIE 25, A241-HIE 20:       0.93975380 at      1.414 A (0.154 A by res) in 3.9448 (sec).
 Pair A240-HIE 25, A241-HIE 22:       0.05839382 at      1.414 A (0.154 A by res) in 4.0209 (sec).
 Pair A240-HIE 25, A241-HIE 24:       1.88931117 at      1.414 A (0.154 A by res) in 4.1055 (sec).
 Pair A240-HIE 25, A241-HIE 25:       1.52037548 at      1.414 A (0.154 A by res) in 4.1971 (sec).
 Pair A240-HIE 25, A241-HIE 26:       1.53706485 at      1.414 A (0.154 A by res) in 4.2813 (sec).
 Pair A240-HIE 25, A242-HIS 0 :       0.00809946 at      5.203 A (0.488 A by res) in 4.1264 (sec).
 Pair A240-HIE 25, A242-HID 1 :       0.00430454 at      5.203 A (0.488 A by res) in 3.9577 (sec).
 Pair A240-HIE 25, A242-HIE 2 :      -0.00186072 at      5.203 A (0.488 A by res) in 4.0917 (sec).
 Pair A240-HIE 25, A242-HIS 3 :       0.01938263 at      5.203 A (0.488 A by res) in 4.1043 (sec).
 Pair A240-HIE 25, A242-HIS 4 :       0.01153487 at      5.203 A (0.488 A by res) in 3.9401 (sec).
 Pair A240-HIE 25, A242-HIS 7 :       0.01696836 at      5.203 A (0.488 A by res) in 3.9389 (sec).
 Pair A240-HIE 25, A242-HIS 8 :       0.01264885 at      4.283 A (0.488 A by res) in 4.0502 (sec).
 Pair A240-HIE 25, A242-HID 11:       0.01235675 at      5.203 A (0.488 A by res) in 4.0923 (sec).
 Pair A240-HIE 25, A242-HID 12:       0.00570052 at      5.203 A (0.488 A by res) in 3.9131 (sec).
 Pair A240-HIE 25, A242-HID 15:       0.00489803 at      5.203 A (0.488 A by res) in 4.1608 (sec).
 Pair A240-HIE 25, A242-HID 16:      -0.00874878 at      4.602 A (0.488 A by res) in 4.0822 (sec).
 Pair A240-HIE 25, A242-HIE 19:      -0.00074089 at      5.203 A (0.488 A by res) in 4.1896 (sec).
 Pair A240-HIE 25, A242-HIE 20:       0.00093758 at      5.203 A (0.488 A by res) in 4.1889 (sec).
 Pair A240-HIE 25, A242-HIE 23:       0.00092417 at      5.203 A (0.488 A by res) in 3.9753 (sec).
 Pair A240-HIE 25, A242-HIE 24:      -0.00982526 at      4.285 A (0.488 A by res) in 4.0014 (sec).
 Pair A240-HIE 26, A241-HIS 0 :       0.11819256 at      1.414 A (0.154 A by res) in 4.1176 (sec).
 Pair A240-HIE 26, A241-HID 1 :       0.07094008 at      1.414 A (0.154 A by res) in 3.8986 (sec).
 Pair A240-HIE 26, A241-HIE 2 :       0.05468408 at      1.414 A (0.154 A by res) in 3.8532 (sec).
 Pair A240-HIE 26, A241-HIS 6 :       0.13407544 at      1.414 A (0.154 A by res) in 4.2213 (sec).
 Pair A240-HIE 26, A241-HIS 8 :       1.98704902 at      1.414 A (0.154 A by res) in 4.2912 (sec).
 Pair A240-HIE 26, A241-HIS 10:       2.06018673 at      1.414 A (0.154 A by res) in 4.1193 (sec).
 Pair A240-HIE 26, A241-HID 12:       0.85311175 at      1.414 A (0.154 A by res) in 4.0663 (sec).
 Pair A240-HIE 26, A241-HID 14:       0.07896373 at      1.414 A (0.154 A by res) in 4.0529 (sec).
 Pair A240-HIE 26, A241-HID 16:       1.86039041 at      1.414 A (0.154 A by res) in 4.0365 (sec).
 Pair A240-HIE 26, A241-HID 17:       1.49283617 at      1.414 A (0.154 A by res) in 4.0939 (sec).
 Pair A240-HIE 26, A241-HID 18:       1.84019862 at      1.414 A (0.154 A by res) in 4.0902 (sec).
 Pair A240-HIE 26, A241-HIE 20:       0.93652810 at      1.414 A (0.154 A by res) in 4.1576 (sec).
 Pair A240-HIE 26, A241-HIE 22:       0.05966422 at      1.414 A (0.154 A by res) in 4.1169 (sec).
 Pair A240-HIE 26, A241-HIE 24:       1.89181921 at      1.414 A (0.154 A by res) in 4.1636 (sec).
 Pair A240-HIE 26, A241-HIE 25:       1.53557741 at      1.414 A (0.154 A by res) in 4.2239 (sec).
 Pair A240-HIE 26, A241-HIE 26:       1.53720286 at      1.414 A (0.154 A by res) in 4.0479 (sec).
 Pair A240-HIE 26, A242-HIS 0 :       0.03335948 at      5.203 A (0.488 A by res) in 4.0977 (sec).
 Pair A240-HIE 26, A242-HID 1 :       0.00463641 at      5.203 A (0.488 A by res) in 3.8784 (sec).
 Pair A240-HIE 26, A242-HIE 2 :       0.00203587 at      5.203 A (0.488 A by res) in 3.9727 (sec).
 Pair A240-HIE 26, A242-HIS 3 :       0.04311783 at      5.203 A (0.488 A by res) in 3.9821 (sec).
 Pair A240-HIE 26, A242-HIS 4 :       0.03521511 at      5.203 A (0.488 A by res) in 3.9696 (sec).
 Pair A240-HIE 26, A242-HIS 7 :       0.04113357 at      5.203 A (0.488 A by res) in 3.9643 (sec).
 Pair A240-HIE 26, A242-HIS 8 :       0.09428276 at      4.283 A (0.488 A by res) in 3.9882 (sec).
 Pair A240-HIE 26, A242-HID 11:       0.01668473 at      5.203 A (0.488 A by res) in 3.8727 (sec).
 Pair A240-HIE 26, A242-HID 12:       0.00774669 at      5.203 A (0.488 A by res) in 3.8930 (sec).
 Pair A240-HIE 26, A242-HID 15:       0.00864248 at      5.203 A (0.488 A by res) in 3.9305 (sec).
 Pair A240-HIE 26, A242-HID 16:      -0.01657361 at      4.602 A (0.488 A by res) in 4.0773 (sec).
 Pair A240-HIE 26, A242-HIE 19:      -0.00281028 at      5.203 A (0.488 A by res) in 3.9809 (sec).
 Pair A240-HIE 26, A242-HIE 20:       0.00393113 at      5.203 A (0.488 A by res) in 3.7997 (sec).
 Pair A240-HIE 26, A242-HIE 23:      -0.00004833 at      5.203 A (0.488 A by res) in 3.9963 (sec).
 Pair A240-HIE 26, A242-HIE 24:       0.02368147 at      4.285 A (0.488 A by res) in 4.2901 (sec).
 Pair A241-HIS 0 , A242-HIS 0 :       1.49793561 at      1.384 A (0.269 A by res) in 4.0889 (sec).
 Pair A241-HIS 0 , A242-HID 1 :       0.19951617 at      1.384 A (0.269 A by res) in 4.0124 (sec).
 Pair A241-HIS 0 , A242-HIE 2 :       0.10737692 at      1.384 A (0.269 A by res) in 3.9257 (sec).
 Pair A241-HIS 0 , A242-HIS 3 :       4.48332441 at      1.384 A (0.269 A by res) in 4.1716 (sec).
 Pair A241-HIS 0 , A242-HIS 4 :       1.59559358 at      1.384 A (0.269 A by res) in 4.1355 (sec).
 Pair A241-HIS 0 , A242-HIS 7 :       0.80442036 at      1.384 A (0.269 A by res) in 4.1780 (sec).
 Pair A241-HIS 0 , A242-HIS 8 :       0.99313579 at      1.384 A (0.269 A by res) in 4.2649 (sec).
 Pair A241-HIS 0 , A242-HID 11:       2.70945692 at      1.384 A (0.269 A by res) in 4.2209 (sec).
 Pair A241-HIS 0 , A242-HID 12:      -0.07793461 at      1.384 A (0.269 A by res) in 4.0715 (sec).
 Pair A241-HIS 0 , A242-HID 15:       0.23222123 at      1.384 A (0.269 A by res) in 4.0635 (sec).
 Pair A241-HIS 0 , A242-HID 16:       0.19431444 at      1.384 A (0.269 A by res) in 4.1254 (sec).
 Pair A241-HIS 0 , A242-HIE 19:       0.26364614 at      1.384 A (0.269 A by res) in 4.0377 (sec).
 Pair A241-HIS 0 , A242-HIE 20:       0.41983502 at      1.384 A (0.269 A by res) in 4.0952 (sec).
 Pair A241-HIS 0 , A242-HIE 23:       0.12803845 at      1.384 A (0.269 A by res) in 3.9097 (sec).
 Pair A241-HIS 0 , A242-HIE 24:       0.17844086 at      1.384 A (0.269 A by res) in 4.0291 (sec).
 Pair A241-HID 1 , A242-HIS 0 :       0.57145591 at      1.384 A (0.269 A by res) in 4.1035 (sec).
 Pair A241-HID 1 , A242-HID 1 :      -0.01042686 at      1.384 A (0.269 A by res) in 3.9125 (sec).
 Pair A241-HID 1 , A242-HIE 2 :       0.08021063 at      1.384 A (0.269 A by res) in 3.7716 (sec).
 Pair A241-HID 1 , A242-HIS 3 :       3.19003871 at      1.384 A (0.269 A by res) in 3.7719 (sec).
 Pair A241-HID 1 , A242-HIS 4 :       0.72235026 at      1.384 A (0.269 A by res) in 3.9063 (sec).
 Pair A241-HID 1 , A242-HIS 7 :       0.22067267 at      1.384 A (0.269 A by res) in 3.9549 (sec).
 Pair A241-HID 1 , A242-HIS 8 :       0.34930781 at      1.384 A (0.269 A by res) in 4.0644 (sec).
 Pair A241-HID 1 , A242-HID 11:       2.19634172 at      1.384 A (0.269 A by res) in 3.8397 (sec).
 Pair A241-HID 1 , A242-HID 12:      -0.16886773 at      1.384 A (0.269 A by res) in 3.8931 (sec).
 Pair A241-HID 1 , A242-HID 15:       0.11308942 at      1.384 A (0.269 A by res) in 4.0465 (sec).
 Pair A241-HID 1 , A242-HID 16:       0.09392805 at      1.384 A (0.269 A by res) in 4.0171 (sec).
 Pair A241-HID 1 , A242-HIE 19:       0.29986825 at      1.384 A (0.269 A by res) in 4.2835 (sec).
 Pair A241-HID 1 , A242-HIE 20:       0.27173771 at      1.384 A (0.269 A by res) in 4.1864 (sec).
 Pair A241-HID 1 , A242-HIE 23:       0.06902116 at      1.384 A (0.269 A by res) in 4.1306 (sec).
 Pair A241-HID 1 , A242-HIE 24:       0.09124788 at      1.384 A (0.269 A by res) in 4.2014 (sec).
 Pair A241-HIE 2 , A242-HIS 0 :      -0.03855889 at      1.384 A (0.269 A by res) in 4.1046 (sec).
 Pair A241-HIE 2 , A242-HID 1 :       0.05840906 at      1.384 A (0.269 A by res) in 4.2403 (sec).
 Pair A241-HIE 2 , A242-HIE 2 :       0.15309657 at      1.384 A (0.269 A by res) in 4.3273 (sec).
 Pair A241-HIE 2 , A242-HIS 3 :       1.13044213 at      1.384 A (0.269 A by res) in 4.2931 (sec).
 Pair A241-HIE 2 , A242-HIS 4 :       0.07923899 at      1.384 A (0.269 A by res) in 4.2305 (sec).
 Pair A241-HIE 2 , A242-HIS 7 :       0.10611901 at      1.384 A (0.269 A by res) in 4.1367 (sec).
 Pair A241-HIE 2 , A242-HIS 8 :       0.17841324 at      1.384 A (0.269 A by res) in 4.2549 (sec).
 Pair A241-HIE 2 , A242-HID 11:       1.11182715 at      1.384 A (0.269 A by res) in 4.1772 (sec).
 Pair A241-HIE 2 , A242-HID 12:       0.32111944 at      1.384 A (0.269 A by res) in 4.0734 (sec).
 Pair A241-HIE 2 , A242-HID 15:       0.07002971 at      1.384 A (0.269 A by res) in 4.0825 (sec).
 Pair A241-HIE 2 , A242-HID 16:       0.05015424 at      1.384 A (0.269 A by res) in 4.0321 (sec).
 Pair A241-HIE 2 , A242-HIE 19:       0.11706593 at      1.384 A (0.269 A by res) in 3.9775 (sec).
 Pair A241-HIE 2 , A242-HIE 20:       0.08640720 at      1.384 A (0.269 A by res) in 4.0087 (sec).
 Pair A241-HIE 2 , A242-HIE 23:       0.03922169 at      1.384 A (0.269 A by res) in 4.1142 (sec).
 Pair A241-HIE 2 , A242-HIE 24:       0.03920243 at      1.384 A (0.269 A by res) in 4.0867 (sec).
 Pair A241-HIS 6 , A242-HIS 0 :      95.56513004 at      1.384 A (0.269 A by res) in 4.0401 (sec).
 Pair A241-HIS 6 , A242-HID 1 :      90.88010142 at      1.384 A (0.269 A by res) in 3.9721 (sec).
 Pair A241-HIS 6 , A242-HIE 2 :      77.17862124 at      1.384 A (0.269 A by res) in 4.0517 (sec).
 Pair A241-HIS 6 , A242-HIS 3 :     967.93760250 at      0.914 A (0.269 A by res) in 3.9640 (sec).
 Pair A241-HIS 6 , A242-HIS 4 :     140.90620071 at      1.343 A (0.269 A by res) in 4.0614 (sec).
 Pair A241-HIS 6 , A242-HIS 7 :       3.04498502 at      1.384 A (0.269 A by res) in 4.0590 (sec).
 Pair A241-HIS 6 , A242-HIS 8 :       3.06818691 at      1.384 A (0.269 A by res) in 3.9016 (sec).
 Pair A241-HIS 6 , A242-HID 11:     963.79182131 at      0.914 A (0.269 A by res) in 3.9834 (sec).
 Pair A241-HIS 6 , A242-HID 12:     135.83132419 at      1.343 A (0.269 A by res) in 3.8759 (sec).
 Pair A241-HIS 6 , A242-HID 15:       2.22687876 at      1.384 A (0.269 A by res) in 3.9875 (sec).
 Pair A241-HIS 6 , A242-HID 16:       2.02827483 at      1.384 A (0.269 A by res) in 4.1226 (sec).
 Pair A241-HIS 6 , A242-HIE 19:     880.92411561 at      0.916 A (0.269 A by res) in 3.8781 (sec).
 Pair A241-HIS 6 , A242-HIE 20:     136.18926773 at      1.344 A (0.269 A by res) in 3.9534 (sec).
 Pair A241-HIS 6 , A242-HIE 23:       2.07747536 at      1.384 A (0.269 A by res) in 3.9596 (sec).
 Pair A241-HIS 6 , A242-HIE 24:       1.91976454 at      1.384 A (0.269 A by res) in 3.9554 (sec).
 Pair A241-HIS 8 , A242-HIS 0 :      31.85742665 at      1.384 A (0.269 A by res) in 3.8760 (sec).
 Pair A241-HIS 8 , A242-HID 1 :      26.82753617 at      1.384 A (0.269 A by res) in 3.9282 (sec).
 Pair A241-HIS 8 , A242-HIE 2 :      27.08439418 at      1.384 A (0.269 A by res) in 4.0656 (sec).
 Pair A241-HIS 8 , A242-HIS 3 :    2741.14736571 at      0.474 A (0.269 A by res) in 3.9429 (sec).
 Pair A241-HIS 8 , A242-HIS 4 :     248.42485506 at      1.250 A (0.269 A by res) in 4.0896 (sec).
 Pair A241-HIS 8 , A242-HIS 7 :       4.09389583 at      1.384 A (0.269 A by res) in 3.9844 (sec).
 Pair A241-HIS 8 , A242-HIS 8 :      83.81925010 at      1.384 A (0.269 A by res) in 3.8829 (sec).
 Pair A241-HIS 8 , A242-HID 11:    1815.38100580 at      0.532 A (0.269 A by res) in 3.9692 (sec).
 Pair A241-HIS 8 , A242-HID 12:     225.80411813 at      1.251 A (0.269 A by res) in 4.0398 (sec).
 Pair A241-HIS 8 , A242-HID 15:       2.70622587 at      1.384 A (0.269 A by res) in 4.0313 (sec).
 Pair A241-HIS 8 , A242-HID 16:      74.34494030 at      1.384 A (0.269 A by res) in 4.0597 (sec).
 Pair A241-HIS 8 , A242-HIE 19:     149.30690668 at      1.286 A (0.269 A by res) in 4.0853 (sec).
 Pair A241-HIS 8 , A242-HIE 20:     277.92834746 at      1.223 A (0.269 A by res) in 3.8182 (sec).
 Pair A241-HIS 8 , A242-HIE 23:       2.38906005 at      1.384 A (0.269 A by res) in 3.9099 (sec).
 Pair A241-HIS 8 , A242-HIE 24:      90.14635026 at      1.366 A (0.269 A by res) in 4.0038 (sec).
 Pair A241-HIS 10, A242-HIS 0 :      29.08667491 at      1.384 A (0.269 A by res) in 3.8120 (sec).
 Pair A241-HIS 10, A242-HID 1 :      25.32249081 at      1.384 A (0.269 A by res) in 3.9537 (sec).
 Pair A241-HIS 10, A242-HIE 2 :      26.25552751 at      1.384 A (0.269 A by res) in 4.1158 (sec).
 Pair A241-HIS 10, A242-HIS 3 :    1959.24488172 at      0.686 A (0.269 A by res) in 4.1037 (sec).
 Pair A241-HIS 10, A242-HIS 4 :     654.14316063 at      0.904 A (0.269 A by res) in 4.1754 (sec).
 Pair A241-HIS 10, A242-HIS 7 :       2.62132569 at      1.384 A (0.269 A by res) in 4.1084 (sec).
 Pair A241-HIS 10, A242-HIS 8 :      11.61158767 at      1.384 A (0.269 A by res) in 4.1291 (sec).
 Pair A241-HIS 10, A242-HID 11:    2562.55570320 at      0.628 A (0.269 A by res) in 3.9456 (sec).
 Pair A241-HIS 10, A242-HID 12:     635.51742668 at      0.898 A (0.269 A by res) in 4.0853 (sec).
 Pair A241-HIS 10, A242-HID 15:       1.88152338 at      1.384 A (0.269 A by res) in 3.9904 (sec).
 Pair A241-HIS 10, A242-HID 16:       9.27600768 at      1.384 A (0.269 A by res) in 4.1231 (sec).
 Pair A241-HIS 10, A242-HIE 19:     639.76633878 at      0.958 A (0.269 A by res) in 4.1574 (sec).
 Pair A241-HIS 10, A242-HIE 20:     645.00786509 at      0.926 A (0.269 A by res) in 4.1137 (sec).
 Pair A241-HIS 10, A242-HIE 23:       1.73619158 at      1.384 A (0.269 A by res) in 3.8417 (sec).
 Pair A241-HIS 10, A242-HIE 24:      11.60892510 at      1.384 A (0.269 A by res) in 4.0837 (sec).
 Pair A241-HID 12, A242-HIS 0 :       0.32443057 at      1.384 A (0.269 A by res) in 4.0770 (sec).
 Pair A241-HID 12, A242-HID 1 :       0.13901389 at      1.384 A (0.269 A by res) in 4.1160 (sec).
 Pair A241-HID 12, A242-HIE 2 :       0.05960063 at      1.384 A (0.269 A by res) in 4.0255 (sec).
 Pair A241-HID 12, A242-HIS 3 :       0.86806154 at      1.384 A (0.269 A by res) in 4.0435 (sec).
 Pair A241-HID 12, A242-HIS 4 :       0.26136966 at      1.384 A (0.269 A by res) in 4.0836 (sec).
 Pair A241-HID 12, A242-HIS 7 :      -0.25226262 at      1.384 A (0.269 A by res) in 3.8907 (sec).
 Pair A241-HID 12, A242-HIS 8 :      -0.17721003 at      1.384 A (0.269 A by res) in 4.1570 (sec).
 Pair A241-HID 12, A242-HID 11:       0.63216415 at      1.384 A (0.269 A by res) in 3.8958 (sec).
 Pair A241-HID 12, A242-HID 12:       0.07034274 at      1.384 A (0.269 A by res) in 4.0741 (sec).
 Pair A241-HID 12, A242-HID 15:      -0.35314718 at      1.384 A (0.269 A by res) in 4.1150 (sec).
 Pair A241-HID 12, A242-HID 16:      -0.37224596 at      1.384 A (0.269 A by res) in 4.2271 (sec).
 Pair A241-HID 12, A242-HIE 19:       0.04936063 at      1.384 A (0.269 A by res) in 4.1155 (sec).
 Pair A241-HID 12, A242-HIE 20:       0.05378297 at      1.384 A (0.269 A by res) in 3.9130 (sec).
 Pair A241-HID 12, A242-HIE 23:      -0.39889030 at      1.384 A (0.269 A by res) in 3.8504 (sec).
 Pair A241-HID 12, A242-HIE 24:      -0.38366244 at      1.384 A (0.269 A by res) in 4.2313 (sec).
 Pair A241-HID 14, A242-HIS 0 :      79.04414800 at      1.384 A (0.269 A by res) in 4.1768 (sec).
 Pair A241-HID 14, A242-HID 1 :      78.32749401 at      1.384 A (0.269 A by res) in 4.1573 (sec).
 Pair A241-HID 14, A242-HIE 2 :      74.92388194 at      1.384 A (0.269 A by res) in 4.1226 (sec).
 Pair A241-HID 14, A242-HIS 3 :     865.72229749 at      0.935 A (0.269 A by res) in 3.8735 (sec).
 Pair A241-HID 14, A242-HIS 4 :     125.44958722 at      1.365 A (0.269 A by res) in 4.2340 (sec).
 Pair A241-HID 14, A242-HIS 7 :       1.76177076 at      1.384 A (0.269 A by res) in 4.2608 (sec).
 Pair A241-HID 14, A242-HIS 8 :       1.79176198 at      1.384 A (0.269 A by res) in 4.0161 (sec).
 Pair A241-HID 14, A242-HID 11:     864.10277090 at      0.935 A (0.269 A by res) in 4.0412 (sec).
 Pair A241-HID 14, A242-HID 12:     124.47969419 at      1.366 A (0.269 A by res) in 4.0997 (sec).
 Pair A241-HID 14, A242-HID 15:       1.70925398 at      1.384 A (0.269 A by res) in 3.9747 (sec).
 Pair A241-HID 14, A242-HID 16:       1.55122515 at      1.384 A (0.269 A by res) in 3.9844 (sec).
 Pair A241-HID 14, A242-HIE 19:     795.13325456 at      0.937 A (0.269 A by res) in 4.0021 (sec).
 Pair A241-HID 14, A242-HIE 20:     124.85262574 at      1.367 A (0.269 A by res) in 3.9976 (sec).
 Pair A241-HID 14, A242-HIE 23:       1.68540197 at      1.384 A (0.269 A by res) in 3.9005 (sec).
 Pair A241-HID 14, A242-HIE 24:       1.53253805 at      1.384 A (0.269 A by res) in 3.9431 (sec).
 Pair A241-HID 16, A242-HIS 0 :      25.50342626 at      1.384 A (0.269 A by res) in 4.0301 (sec).
 Pair A241-HID 16, A242-HID 1 :      22.84122773 at      1.384 A (0.269 A by res) in 4.0288 (sec).
 Pair A241-HID 16, A242-HIE 2 :      22.76358989 at      1.384 A (0.269 A by res) in 3.9857 (sec).
 Pair A241-HID 16, A242-HIS 3 :    2855.72938693 at      0.460 A (0.269 A by res) in 4.0780 (sec).
 Pair A241-HID 16, A242-HIS 4 :     241.33064064 at      1.199 A (0.269 A by res) in 3.9100 (sec).
 Pair A241-HID 16, A242-HIS 7 :       3.11522228 at      1.384 A (0.269 A by res) in 3.9386 (sec).
 Pair A241-HID 16, A242-HIS 8 :      70.10243165 at      1.384 A (0.269 A by res) in 4.1621 (sec).
 Pair A241-HID 16, A242-HID 11:    1880.94701573 at      0.517 A (0.269 A by res) in 4.1891 (sec).
 Pair A241-HID 16, A242-HID 12:     221.29478449 at      1.201 A (0.269 A by res) in 4.0734 (sec).
 Pair A241-HID 16, A242-HID 15:       2.35035693 at      1.384 A (0.269 A by res) in 4.1881 (sec).
 Pair A241-HID 16, A242-HID 16:      63.40628959 at      1.384 A (0.269 A by res) in 4.1080 (sec).
 Pair A241-HID 16, A242-HIE 19:     149.75758088 at      1.277 A (0.269 A by res) in 4.1280 (sec).
 Pair A241-HID 16, A242-HIE 20:     273.11863129 at      1.172 A (0.269 A by res) in 3.9038 (sec).
 Pair A241-HID 16, A242-HIE 23:       2.13000066 at      1.384 A (0.269 A by res) in 4.0628 (sec).
 Pair A241-HID 16, A242-HIE 24:      76.73210793 at      1.384 A (0.269 A by res) in 4.1322 (sec).
 Pair A241-HID 17, A242-HIS 0 :       0.33044548 at      1.384 A (0.269 A by res) in 4.0207 (sec).
 Pair A241-HID 17, A242-HID 1 :       0.36911411 at      1.384 A (0.269 A by res) in 3.9457 (sec).
 Pair A241-HID 17, A242-HIE 2 :       0.24996996 at      1.384 A (0.269 A by res) in 3.9723 (sec).
 Pair A241-HID 17, A242-HIS 3 :      10.84525653 at      1.384 A (0.269 A by res) in 4.0079 (sec).
 Pair A241-HID 17, A242-HIS 4 :       8.32058394 at      1.384 A (0.269 A by res) in 3.8464 (sec).
 Pair A241-HID 17, A242-HIS 7 :       1.33149292 at      1.384 A (0.269 A by res) in 4.0490 (sec).
 Pair A241-HID 17, A242-HIS 8 :      33.41561016 at      1.384 A (0.269 A by res) in 4.1085 (sec).
 Pair A241-HID 17, A242-HID 11:       9.47824271 at      1.384 A (0.269 A by res) in 3.8954 (sec).
 Pair A241-HID 17, A242-HID 12:       7.63769477 at      1.384 A (0.269 A by res) in 4.1222 (sec).
 Pair A241-HID 17, A242-HID 15:       1.27082332 at      1.384 A (0.269 A by res) in 4.2084 (sec).
 Pair A241-HID 17, A242-HID 16:      32.12427012 at      1.384 A (0.269 A by res) in 4.0482 (sec).
 Pair A241-HID 17, A242-HIE 19:       3.42997492 at      1.384 A (0.269 A by res) in 4.1900 (sec).
 Pair A241-HID 17, A242-HIE 20:       9.75313619 at      1.384 A (0.269 A by res) in 3.9654 (sec).
 Pair A241-HID 17, A242-HIE 23:       1.20639783 at      1.384 A (0.269 A by res) in 3.8611 (sec).
 Pair A241-HID 17, A242-HIE 24:      34.81296711 at      1.384 A (0.269 A by res) in 4.1197 (sec).
 Pair A241-HID 18, A242-HIS 0 :      25.11519340 at      1.384 A (0.269 A by res) in 4.2821 (sec).
 Pair A241-HID 18, A242-HID 1 :      24.71510665 at      1.384 A (0.269 A by res) in 4.0696 (sec).
 Pair A241-HID 18, A242-HIE 2 :      24.35111899 at      1.384 A (0.269 A by res) in 4.2276 (sec).
 Pair A241-HID 18, A242-HIS 3 :    1823.77475823 at      0.683 A (0.269 A by res) in 4.2289 (sec).
 Pair A241-HID 18, A242-HIS 4 :     630.43868031 at      0.901 A (0.269 A by res) in 4.2341 (sec).
 Pair A241-HID 18, A242-HIS 7 :       1.80616171 at      1.384 A (0.269 A by res) in 4.2280 (sec).
 Pair A241-HID 18, A242-HIS 8 :       9.16193818 at      1.384 A (0.269 A by res) in 4.2935 (sec).
 Pair A241-HID 18, A242-HID 11:    2388.55137203 at      0.626 A (0.269 A by res) in 3.9303 (sec).
 Pair A241-HID 18, A242-HID 12:     614.20930084 at      0.895 A (0.269 A by res) in 3.9767 (sec).
 Pair A241-HID 18, A242-HID 15:       1.72151623 at      1.384 A (0.269 A by res) in 4.0639 (sec).
 Pair A241-HID 18, A242-HID 16:       8.48837456 at      1.384 A (0.269 A by res) in 4.0608 (sec).
 Pair A241-HID 18, A242-HIE 19:     576.16365822 at      0.980 A (0.269 A by res) in 4.1086 (sec).
 Pair A241-HID 18, A242-HIE 20:     623.90052636 at      0.921 A (0.269 A by res) in 3.9346 (sec).
 Pair A241-HID 18, A242-HIE 23:       1.66602679 at      1.384 A (0.269 A by res) in 4.0937 (sec).
 Pair A241-HID 18, A242-HIE 24:      10.68452707 at      1.384 A (0.269 A by res) in 3.9632 (sec).
 Pair A241-HIE 20, A242-HIS 0 :       0.18801391 at      1.384 A (0.269 A by res) in 3.8913 (sec).
 Pair A241-HIE 20, A242-HID 1 :       0.08791674 at      1.384 A (0.269 A by res) in 3.7807 (sec).
 Pair A241-HIE 20, A242-HIE 2 :       0.05241328 at      1.384 A (0.269 A by res) in 3.7746 (sec).
 Pair A241-HIE 20, A242-HIS 3 :       0.65024461 at      1.384 A (0.269 A by res) in 3.8697 (sec).
 Pair A241-HIE 20, A242-HIS 4 :       0.12847945 at      1.384 A (0.269 A by res) in 3.7537 (sec).
 Pair A241-HIE 20, A242-HIS 7 :      -0.35339826 at      1.384 A (0.269 A by res) in 4.0366 (sec).
 Pair A241-HIE 20, A242-HIS 8 :      -0.27574089 at      1.384 A (0.269 A by res) in 3.9430 (sec).
 Pair A241-HIE 20, A242-HID 11:       0.51326772 at      1.384 A (0.269 A by res) in 3.9597 (sec).
 Pair A241-HIE 20, A242-HID 12:       0.03484089 at      1.384 A (0.269 A by res) in 4.1122 (sec).
 Pair A241-HIE 20, A242-HID 15:      -0.39146894 at      1.384 A (0.269 A by res) in 4.1877 (sec).
 Pair A241-HIE 20, A242-HID 16:      -0.39991607 at      1.384 A (0.269 A by res) in 4.0938 (sec).
 Pair A241-HIE 20, A242-HIE 19:       0.06425037 at      1.384 A (0.269 A by res) in 4.1305 (sec).
 Pair A241-HIE 20, A242-HIE 20:       0.02597102 at      1.384 A (0.269 A by res) in 3.9895 (sec).
 Pair A241-HIE 20, A242-HIE 23:      -0.41672037 at      1.384 A (0.269 A by res) in 3.9727 (sec).
 Pair A241-HIE 20, A242-HIE 24:      -0.39668118 at      1.384 A (0.269 A by res) in 4.0500 (sec).
 Pair A241-HIE 22, A242-HIS 0 :      92.41367424 at      1.384 A (0.269 A by res) in 3.9456 (sec).
 Pair A241-HIE 22, A242-HID 1 :      89.82253087 at      1.384 A (0.269 A by res) in 4.1684 (sec).
 Pair A241-HIE 22, A242-HIE 2 :      77.81757744 at      1.384 A (0.269 A by res) in 4.3277 (sec).
 Pair A241-HIE 22, A242-HIS 3 :    1094.99546094 at      0.893 A (0.269 A by res) in 4.2514 (sec).
 Pair A241-HIE 22, A242-HIS 4 :     152.12112678 at      1.321 A (0.269 A by res) in 4.2383 (sec).
 Pair A241-HIE 22, A242-HIS 7 :       2.02448788 at      1.384 A (0.269 A by res) in 4.3672 (sec).
 Pair A241-HIE 22, A242-HIS 8 :       1.93910415 at      1.384 A (0.269 A by res) in 4.3160 (sec).
 Pair A241-HIE 22, A242-HID 11:    1093.49804594 at      0.894 A (0.269 A by res) in 4.2630 (sec).
 Pair A241-HIE 22, A242-HID 12:     148.93317948 at      1.323 A (0.269 A by res) in 4.1722 (sec).
 Pair A241-HIE 22, A242-HID 15:       1.84920201 at      1.384 A (0.269 A by res) in 4.1497 (sec).
 Pair A241-HIE 22, A242-HID 16:       1.63653912 at      1.384 A (0.269 A by res) in 4.1377 (sec).
 Pair A241-HIE 22, A242-HIE 19:    1000.61153740 at      0.894 A (0.269 A by res) in 4.1642 (sec).
 Pair A241-HIE 22, A242-HIE 20:     149.96897438 at      1.321 A (0.269 A by res) in 3.9900 (sec).
 Pair A241-HIE 22, A242-HIE 23:       1.82074642 at      1.384 A (0.269 A by res) in 3.9779 (sec).
 Pair A241-HIE 22, A242-HIE 24:       1.61118548 at      1.384 A (0.269 A by res) in 4.1793 (sec).
 Pair A241-HIE 24, A242-HIS 0 :      18.00521970 at      1.384 A (0.269 A by res) in 3.9510 (sec).
 Pair A241-HIE 24, A242-HID 1 :      18.74195532 at      1.384 A (0.269 A by res) in 4.1378 (sec).
 Pair A241-HIE 24, A242-HIE 2 :      18.58819273 at      1.384 A (0.269 A by res) in 4.3422 (sec).
 Pair A241-HIE 24, A242-HIS 3 :     418.81594230 at      0.967 A (0.269 A by res) in 4.2124 (sec).
 Pair A241-HIE 24, A242-HIS 4 :     184.86567884 at      1.325 A (0.269 A by res) in 4.2650 (sec).
 Pair A241-HIE 24, A242-HIS 7 :       1.15915320 at      1.384 A (0.269 A by res) in 4.1063 (sec).
 Pair A241-HIE 24, A242-HIS 8 :      72.51629695 at      1.357 A (0.269 A by res) in 4.0228 (sec).
 Pair A241-HIE 24, A242-HID 11:     390.44243259 at      0.979 A (0.269 A by res) in 4.0074 (sec).
 Pair A241-HIE 24, A242-HID 12:     172.10322828 at      1.341 A (0.269 A by res) in 3.9694 (sec).
 Pair A241-HIE 24, A242-HID 15:       1.40235769 at      1.384 A (0.269 A by res) in 4.0516 (sec).
 Pair A241-HIE 24, A242-HID 16:      66.74771015 at      1.379 A (0.269 A by res) in 3.9846 (sec).
 Pair A241-HIE 24, A242-HIE 19:      67.91531087 at      1.384 A (0.269 A by res) in 4.2753 (sec).
 Pair A241-HIE 24, A242-HIE 20:     212.13850203 at      1.294 A (0.269 A by res) in 4.0711 (sec).
 Pair A241-HIE 24, A242-HIE 23:       1.43359315 at      1.384 A (0.269 A by res) in 4.1727 (sec).
 Pair A241-HIE 24, A242-HIE 24:      81.60972065 at      1.336 A (0.269 A by res) in 4.0624 (sec).
 Pair A241-HIE 25, A242-HIS 0 :       0.55380269 at      1.384 A (0.269 A by res) in 3.9552 (sec).
 Pair A241-HIE 25, A242-HID 1 :       0.35968738 at      1.384 A (0.269 A by res) in 4.0375 (sec).
 Pair A241-HIE 25, A242-HIE 2 :       0.31951081 at      1.384 A (0.269 A by res) in 3.9068 (sec).
 Pair A241-HIE 25, A242-HIS 3 :      11.22583000 at      1.384 A (0.269 A by res) in 4.2913 (sec).
 Pair A241-HIE 25, A242-HIS 4 :       8.51905150 at      1.384 A (0.269 A by res) in 3.9280 (sec).
 Pair A241-HIE 25, A242-HIS 7 :       1.41605495 at      1.384 A (0.269 A by res) in 3.9672 (sec).
 Pair A241-HIE 25, A242-HIS 8 :      35.59995716 at      1.384 A (0.269 A by res) in 4.2808 (sec).
 Pair A241-HIE 25, A242-HID 11:       9.74689153 at      1.384 A (0.269 A by res) in 4.1222 (sec).
 Pair A241-HIE 25, A242-HID 12:       7.86660838 at      1.384 A (0.269 A by res) in 4.4625 (sec).
 Pair A241-HIE 25, A242-HID 15:       1.29980821 at      1.384 A (0.269 A by res) in 4.2476 (sec).
 Pair A241-HIE 25, A242-HID 16:      32.85671904 at      1.384 A (0.269 A by res) in 4.1178 (sec).
 Pair A241-HIE 25, A242-HIE 19:       3.23972801 at      1.384 A (0.269 A by res) in 4.2682 (sec).
 Pair A241-HIE 25, A242-HIE 20:       9.79636154 at      1.384 A (0.269 A by res) in 4.4792 (sec).
 Pair A241-HIE 25, A242-HIE 23:       1.22729961 at      1.384 A (0.269 A by res) in 4.4529 (sec).
 Pair A241-HIE 25, A242-HIE 24:      36.56247153 at      1.384 A (0.269 A by res) in 4.3341 (sec).
 Pair A241-HIE 26, A242-HIS 0 :      28.62093286 at      1.384 A (0.269 A by res) in 4.2251 (sec).
 Pair A241-HIE 26, A242-HID 1 :      26.56694213 at      1.384 A (0.269 A by res) in 4.3299 (sec).
 Pair A241-HIE 26, A242-HIE 2 :      27.29298369 at      1.384 A (0.269 A by res) in 4.2192 (sec).
 Pair A241-HIE 26, A242-HIS 3 :    2254.73034796 at      0.676 A (0.269 A by res) in 4.2690 (sec).
 Pair A241-HIE 26, A242-HIS 4 :     613.81237979 at      0.939 A (0.269 A by res) in 4.1154 (sec).
 Pair A241-HIE 26, A242-HIS 7 :       1.83276240 at      1.384 A (0.269 A by res) in 4.1729 (sec).
 Pair A241-HIE 26, A242-HIS 8 :       9.88462561 at      1.384 A (0.269 A by res) in 4.1634 (sec).
 Pair A241-HIE 26, A242-HID 11:    2992.52942855 at      0.618 A (0.269 A by res) in 4.0808 (sec).
 Pair A241-HIE 26, A242-HID 12:     597.55349519 at      0.932 A (0.269 A by res) in 4.2116 (sec).
 Pair A241-HIE 26, A242-HID 15:       1.67860306 at      1.384 A (0.269 A by res) in 4.2445 (sec).
 Pair A241-HIE 26, A242-HID 16:       8.77201849 at      1.384 A (0.269 A by res) in 4.0096 (sec).
 Pair A241-HIE 26, A242-HIE 19:     748.35960348 at      0.932 A (0.269 A by res) in 4.1234 (sec).
 Pair A241-HIE 26, A242-HIE 20:     612.99352718 at      0.961 A (0.269 A by res) in 4.1923 (sec).
 Pair A241-HIE 26, A242-HIE 23:       1.63015093 at      1.384 A (0.269 A by res) in 4.2631 (sec).
 Pair A241-HIE 26, A242-HIE 24:      11.00658829 at      1.384 A (0.269 A by res) in 4.2204 (sec).
 Pair A242-HIS 0 , A243-HIS 0 :       1.00295978 at      1.368 A (0.098 A by res) in 4.1773 (sec).
 Pair A242-HIS 0 , A243-HID 1 :       0.31919603 at      1.368 A (0.098 A by res) in 4.1020 (sec).
 Pair A242-HIS 0 , A243-HIE 2 :       0.18412951 at      1.368 A (0.098 A by res) in 4.2490 (sec).
 Pair A242-HIS 0 , A243-HIS 3 :      64.05380977 at      1.368 A (0.098 A by res) in 4.0804 (sec).
 Pair A242-HIS 0 , A243-HIS 4 :       8.89461222 at      1.368 A (0.098 A by res) in 4.0537 (sec).
 Pair A242-HIS 0 , A243-HIS 5 :       1.00991693 at      1.368 A (0.098 A by res) in 4.1350 (sec).
 Pair A242-HIS 0 , A243-HIS 7 :       1.00300702 at      1.368 A (0.098 A by res) in 3.8358 (sec).
 Pair A242-HIS 0 , A243-HIS 8 :       1.30001664 at      1.368 A (0.098 A by res) in 4.2137 (sec).
 Pair A242-HIS 0 , A243-HIS 9 :       1.16589132 at      1.368 A (0.098 A by res) in 4.0723 (sec).
 Pair A242-HIS 0 , A243-HIS 10:       5.14697876 at      1.368 A (0.098 A by res) in 3.8923 (sec).
 Pair A242-HIS 0 , A243-HID 11:      54.22970769 at      1.368 A (0.098 A by res) in 4.1275 (sec).
 Pair A242-HIS 0 , A243-HID 12:       4.80453575 at      1.368 A (0.098 A by res) in 3.9819 (sec).
 Pair A242-HIS 0 , A243-HID 13:       0.33701229 at      1.368 A (0.098 A by res) in 4.1315 (sec).
 Pair A242-HIS 0 , A243-HID 14:       0.35647372 at      1.368 A (0.098 A by res) in 4.1341 (sec).
 Pair A242-HIS 0 , A243-HID 15:       0.31961884 at      1.368 A (0.098 A by res) in 4.0941 (sec).
 Pair A242-HIS 0 , A243-HID 16:       0.32769450 at      1.368 A (0.098 A by res) in 3.9313 (sec).
 Pair A242-HIS 0 , A243-HID 17:       0.28187514 at      1.368 A (0.098 A by res) in 4.1684 (sec).
 Pair A242-HIS 0 , A243-HID 18:       3.79711690 at      1.368 A (0.098 A by res) in 4.1643 (sec).
 Pair A242-HIS 0 , A243-HIE 19:      46.98548241 at      1.368 A (0.098 A by res) in 4.1131 (sec).
 Pair A242-HIS 0 , A243-HIE 20:       6.78174388 at      1.368 A (0.098 A by res) in 4.2536 (sec).
 Pair A242-HIS 0 , A243-HIE 21:       0.17126605 at      1.368 A (0.098 A by res) in 3.9859 (sec).
 Pair A242-HIS 0 , A243-HIE 22:       0.13701317 at      1.368 A (0.098 A by res) in 4.3283 (sec).
 Pair A242-HIS 0 , A243-HIE 23:       0.18321189 at      1.368 A (0.098 A by res) in 4.1981 (sec).
 Pair A242-HIS 0 , A243-HIE 24:       0.32468305 at      1.368 A (0.098 A by res) in 4.2358 (sec).
 Pair A242-HIS 0 , A243-HIE 25:       0.18809167 at      1.368 A (0.098 A by res) in 4.2777 (sec).
 Pair A242-HIS 0 , A243-HIE 26:      -0.14450289 at      1.368 A (0.098 A by res) in 4.2599 (sec).
 Pair A242-HID 1 , A243-HIS 0 :       0.36328552 at      1.368 A (0.098 A by res) in 3.9604 (sec).
 Pair A242-HID 1 , A243-HID 1 :       0.19289376 at      1.368 A (0.098 A by res) in 3.8851 (sec).
 Pair A242-HID 1 , A243-HIE 2 :       0.11273631 at      1.368 A (0.098 A by res) in 4.0546 (sec).
 Pair A242-HID 1 , A243-HIS 3 :      59.14703735 at      1.368 A (0.098 A by res) in 4.0638 (sec).
 Pair A242-HID 1 , A243-HIS 4 :       6.30557817 at      1.368 A (0.098 A by res) in 4.0257 (sec).
 Pair A242-HID 1 , A243-HIS 5 :       0.35765922 at      1.368 A (0.098 A by res) in 3.8902 (sec).
 Pair A242-HID 1 , A243-HIS 7 :       0.36328650 at      1.368 A (0.098 A by res) in 4.0809 (sec).
 Pair A242-HID 1 , A243-HIS 8 :       0.49424028 at      1.368 A (0.098 A by res) in 4.2375 (sec).
 Pair A242-HID 1 , A243-HIS 9 :       0.41046029 at      1.368 A (0.098 A by res) in 4.1737 (sec).
 Pair A242-HID 1 , A243-HIS 10:       3.93133224 at      1.368 A (0.098 A by res) in 3.9588 (sec).
 Pair A242-HID 1 , A243-HID 11:      51.58991587 at      1.368 A (0.098 A by res) in 4.0732 (sec).
 Pair A242-HID 1 , A243-HID 12:       5.21714694 at      1.368 A (0.098 A by res) in 4.2712 (sec).
 Pair A242-HID 1 , A243-HID 13:       0.18450906 at      1.368 A (0.098 A by res) in 4.2975 (sec).
 Pair A242-HID 1 , A243-HID 14:       0.20789673 at      1.368 A (0.098 A by res) in 4.1530 (sec).
 Pair A242-HID 1 , A243-HID 15:       0.19271374 at      1.368 A (0.098 A by res) in 3.8342 (sec).
 Pair A242-HID 1 , A243-HID 16:       0.19916454 at      1.368 A (0.098 A by res) in 4.1250 (sec).
 Pair A242-HID 1 , A243-HID 17:       0.14854542 at      1.368 A (0.098 A by res) in 4.2190 (sec).
 Pair A242-HID 1 , A243-HID 18:       3.21470051 at      1.368 A (0.098 A by res) in 4.0575 (sec).
 Pair A242-HID 1 , A243-HIE 19:      46.18690518 at      1.368 A (0.098 A by res) in 3.8789 (sec).
 Pair A242-HID 1 , A243-HIE 20:       5.47529125 at      1.368 A (0.098 A by res) in 4.2026 (sec).
 Pair A242-HID 1 , A243-HIE 21:       0.12999572 at      1.368 A (0.098 A by res) in 4.0536 (sec).
 Pair A242-HID 1 , A243-HIE 22:       0.09365322 at      1.368 A (0.098 A by res) in 4.1667 (sec).
 Pair A242-HID 1 , A243-HIE 23:       0.11138399 at      1.368 A (0.098 A by res) in 4.0085 (sec).
 Pair A242-HID 1 , A243-HIE 24:       0.17538519 at      1.368 A (0.098 A by res) in 3.8512 (sec).
 Pair A242-HID 1 , A243-HIE 25:       0.13766898 at      1.368 A (0.098 A by res) in 4.0956 (sec).
 Pair A242-HID 1 , A243-HIE 26:       0.02612033 at      1.368 A (0.098 A by res) in 3.9344 (sec).
 Pair A242-HIE 2 , A243-HIS 0 :       0.04240285 at      1.368 A (0.098 A by res) in 3.9537 (sec).
 Pair A242-HIE 2 , A243-HID 1 :       0.01732366 at      1.368 A (0.098 A by res) in 3.9617 (sec).
 Pair A242-HIE 2 , A243-HIE 2 :      -0.00515843 at      1.368 A (0.098 A by res) in 3.9114 (sec).
 Pair A242-HIE 2 , A243-HIS 3 :      56.19238024 at      1.368 A (0.098 A by res) in 4.1125 (sec).
 Pair A242-HIE 2 , A243-HIS 4 :       5.76187157 at      1.368 A (0.098 A by res) in 4.0523 (sec).
 Pair A242-HIE 2 , A243-HIS 5 :       0.04021186 at      1.368 A (0.098 A by res) in 3.9696 (sec).
 Pair A242-HIE 2 , A243-HIS 7 :       0.04229952 at      1.368 A (0.098 A by res) in 4.0498 (sec).
 Pair A242-HIE 2 , A243-HIS 8 :       0.18073167 at      1.368 A (0.098 A by res) in 3.8796 (sec).
 Pair A242-HIE 2 , A243-HIS 9 :       0.10733017 at      1.368 A (0.098 A by res) in 3.9538 (sec).
 Pair A242-HIE 2 , A243-HIS 10:       3.37737687 at      1.368 A (0.098 A by res) in 4.1761 (sec).
 Pair A242-HIE 2 , A243-HID 11:      50.10376902 at      1.368 A (0.098 A by res) in 4.0548 (sec).
 Pair A242-HIE 2 , A243-HID 12:       5.52629927 at      1.368 A (0.098 A by res) in 4.0537 (sec).
 Pair A242-HIE 2 , A243-HID 13:       0.01376431 at      1.368 A (0.098 A by res) in 4.0101 (sec).
 Pair A242-HIE 2 , A243-HID 14:       0.00804449 at      1.368 A (0.098 A by res) in 4.1986 (sec).
 Pair A242-HIE 2 , A243-HID 15:       0.01710413 at      1.368 A (0.098 A by res) in 4.0814 (sec).
 Pair A242-HIE 2 , A243-HID 16:       0.02724762 at      1.368 A (0.098 A by res) in 4.1014 (sec).
 Pair A242-HIE 2 , A243-HID 17:      -0.01055087 at      1.368 A (0.098 A by res) in 3.9495 (sec).
 Pair A242-HIE 2 , A243-HID 18:       2.81771819 at      1.368 A (0.098 A by res) in 4.1535 (sec).
 Pair A242-HIE 2 , A243-HIE 19:      45.53821611 at      1.368 A (0.098 A by res) in 3.9650 (sec).
 Pair A242-HIE 2 , A243-HIE 20:       5.88454951 at      1.368 A (0.098 A by res) in 3.8693 (sec).
 Pair A242-HIE 2 , A243-HIE 21:       0.00100353 at      1.368 A (0.098 A by res) in 3.9705 (sec).
 Pair A242-HIE 2 , A243-HIE 22:      -0.00426117 at      1.368 A (0.098 A by res) in 4.1355 (sec).
 Pair A242-HIE 2 , A243-HIE 23:      -0.00646903 at      1.368 A (0.098 A by res) in 3.9316 (sec).
 Pair A242-HIE 2 , A243-HIE 24:       0.05823871 at      1.368 A (0.098 A by res) in 4.1604 (sec).
 Pair A242-HIE 2 , A243-HIE 25:       0.01009716 at      1.368 A (0.098 A by res) in 4.1346 (sec).
 Pair A242-HIE 2 , A243-HIE 26:       0.01659182 at      1.368 A (0.098 A by res) in 3.9128 (sec).
 Pair A242-HIS 3 , A243-HIS 0 :       1.26576367 at      1.368 A (0.098 A by res) in 3.9741 (sec).
 Pair A242-HIS 3 , A243-HID 1 :       0.52263070 at      1.368 A (0.098 A by res) in 4.0688 (sec).
 Pair A242-HIS 3 , A243-HIE 2 :       0.39880756 at      1.368 A (0.098 A by res) in 3.9162 (sec).
 Pair A242-HIS 3 , A243-HIS 3 :    3490.63802775 at      0.758 A (0.098 A by res) in 3.8502 (sec).
 Pair A242-HIS 3 , A243-HIS 4 :    1080.51262315 at      0.904 A (0.098 A by res) in 4.0412 (sec).
 Pair A242-HIS 3 , A243-HIS 5 :       1.29427954 at      1.368 A (0.098 A by res) in 4.1452 (sec).
 Pair A242-HIS 3 , A243-HIS 7 :       1.26639518 at      1.368 A (0.098 A by res) in 3.9507 (sec).
 Pair A242-HIS 3 , A243-HIS 8 :       1.48698078 at      1.368 A (0.098 A by res) in 3.9662 (sec).
 Pair A242-HIS 3 , A243-HIS 9 :       1.45624481 at      1.368 A (0.098 A by res) in 4.3181 (sec).
 Pair A242-HIS 3 , A243-HIS 10:       4.88871304 at      1.368 A (0.098 A by res) in 4.2226 (sec).
 Pair A242-HIS 3 , A243-HID 11:    3392.83045723 at      0.747 A (0.098 A by res) in 4.1260 (sec).
 Pair A242-HIS 3 , A243-HID 12:    1065.75754912 at      0.903 A (0.098 A by res) in 3.9832 (sec).
 Pair A242-HIS 3 , A243-HID 13:       0.56651401 at      1.368 A (0.098 A by res) in 4.1681 (sec).
 Pair A242-HIS 3 , A243-HID 14:       0.55526388 at      1.368 A (0.098 A by res) in 4.1788 (sec).
 Pair A242-HIS 3 , A243-HID 15:       0.52350586 at      1.368 A (0.098 A by res) in 4.0824 (sec).
 Pair A242-HIS 3 , A243-HID 16:       0.43932488 at      1.368 A (0.098 A by res) in 3.9001 (sec).
 Pair A242-HIS 3 , A243-HID 17:       0.51195464 at      1.368 A (0.098 A by res) in 4.0440 (sec).
 Pair A242-HIS 3 , A243-HID 18:       3.51020176 at      1.368 A (0.098 A by res) in 4.0521 (sec).
 Pair A242-HIS 3 , A243-HIE 19:    3200.63619137 at      0.776 A (0.098 A by res) in 4.0701 (sec).
 Pair A242-HIS 3 , A243-HIE 20:    1046.03518300 at      0.909 A (0.098 A by res) in 4.1365 (sec).
 Pair A242-HIS 3 , A243-HIE 21:       0.35168157 at      1.368 A (0.098 A by res) in 3.8757 (sec).
 Pair A242-HIS 3 , A243-HIE 22:       0.33714040 at      1.368 A (0.098 A by res) in 4.0479 (sec).
 Pair A242-HIS 3 , A243-HIE 23:       0.39953591 at      1.368 A (0.098 A by res) in 4.0588 (sec).
 Pair A242-HIS 3 , A243-HIE 24:       0.37950079 at      1.368 A (0.098 A by res) in 3.9879 (sec).
 Pair A242-HIS 3 , A243-HIE 25:       0.28592694 at      1.368 A (0.098 A by res) in 3.9930 (sec).
 Pair A242-HIS 3 , A243-HIE 26:      -0.25308645 at      1.368 A (0.098 A by res) in 4.1003 (sec).
 Pair A242-HIS 4 , A243-HIS 0 :       2.19824103 at      1.368 A (0.098 A by res) in 4.1584 (sec).
 Pair A242-HIS 4 , A243-HID 1 :       1.16565096 at      1.368 A (0.098 A by res) in 4.0571 (sec).
 Pair A242-HIS 4 , A243-HIE 2 :       0.95636414 at      1.368 A (0.098 A by res) in 4.0072 (sec).
 Pair A242-HIS 4 , A243-HIS 3 :    2165.66586265 at      0.854 A (0.098 A by res) in 3.8974 (sec).
 Pair A242-HIS 4 , A243-HIS 4 :     331.79525635 at      1.334 A (0.098 A by res) in 3.9869 (sec).
 Pair A242-HIS 4 , A243-HIS 5 :       2.23264811 at      1.368 A (0.098 A by res) in 3.9609 (sec).
 Pair A242-HIS 4 , A243-HIS 7 :       2.19985196 at      1.368 A (0.098 A by res) in 4.0489 (sec).
 Pair A242-HIS 4 , A243-HIS 8 :       2.40714448 at      1.368 A (0.098 A by res) in 3.8783 (sec).
 Pair A242-HIS 4 , A243-HIS 9 :       2.41021804 at      1.368 A (0.098 A by res) in 4.2252 (sec).
 Pair A242-HIS 4 , A243-HIS 10:       6.00695154 at      1.368 A (0.098 A by res) in 4.2795 (sec).
 Pair A242-HIS 4 , A243-HID 11:    2073.87124801 at      0.856 A (0.098 A by res) in 4.2355 (sec).
 Pair A242-HIS 4 , A243-HID 12:     283.70651684 at      1.334 A (0.098 A by res) in 3.9110 (sec).
 Pair A242-HIS 4 , A243-HID 13:       1.21673656 at      1.368 A (0.098 A by res) in 4.1120 (sec).
 Pair A242-HIS 4 , A243-HID 14:       1.23711356 at      1.368 A (0.098 A by res) in 4.0923 (sec).
 Pair A242-HIS 4 , A243-HID 15:       1.16712801 at      1.368 A (0.098 A by res) in 4.2813 (sec).
 Pair A242-HIS 4 , A243-HID 16:       1.11079691 at      1.368 A (0.098 A by res) in 4.0081 (sec).
 Pair A242-HIS 4 , A243-HID 17:       1.22146647 at      1.368 A (0.098 A by res) in 4.1727 (sec).
 Pair A242-HIS 4 , A243-HID 18:       4.37969010 at      1.368 A (0.098 A by res) in 4.1896 (sec).
 Pair A242-HIS 4 , A243-HIE 19:    1992.17870341 at      0.854 A (0.098 A by res) in 4.1468 (sec).
 Pair A242-HIS 4 , A243-HIE 20:     312.68734785 at      1.336 A (0.098 A by res) in 4.0229 (sec).
 Pair A242-HIS 4 , A243-HIE 21:       0.89266310 at      1.368 A (0.098 A by res) in 4.1069 (sec).
 Pair A242-HIS 4 , A243-HIE 22:       0.84522094 at      1.368 A (0.098 A by res) in 4.2606 (sec).
 Pair A242-HIS 4 , A243-HIE 23:       0.95775306 at      1.368 A (0.098 A by res) in 4.1425 (sec).
 Pair A242-HIS 4 , A243-HIE 24:       0.97427155 at      1.368 A (0.098 A by res) in 3.8684 (sec).
 Pair A242-HIS 4 , A243-HIE 25:       0.91537820 at      1.368 A (0.098 A by res) in 4.0626 (sec).
 Pair A242-HIS 4 , A243-HIE 26:       0.26908520 at      1.368 A (0.098 A by res) in 3.9707 (sec).
 Pair A242-HIS 7 , A243-HIS 0 :      12.94063516 at      1.368 A (0.098 A by res) in 4.4034 (sec).
 Pair A242-HIS 7 , A243-HID 1 :      11.87049879 at      1.368 A (0.098 A by res) in 4.1164 (sec).
 Pair A242-HIS 7 , A243-HIE 2 :      11.52698192 at      1.368 A (0.098 A by res) in 4.1122 (sec).
 Pair A242-HIS 7 , A243-HIS 3 :     599.85064328 at      0.953 A (0.098 A by res) in 3.8362 (sec).
 Pair A242-HIS 7 , A243-HIS 4 :	    NaN at      0.179 A (0.0979281403803554 A by res) < 0.250 Ang
 Rotamer pair eliminated: 30, 7, 31, 4
 Pair A242-HIS 7 , A243-HIS 5 :      12.99640048 at      1.368 A (0.098 A by res) in 4.2450 (sec).
 Pair A242-HIS 7 , A243-HIS 7 :      12.94455259 at      1.368 A (0.098 A by res) in 4.1185 (sec).
 Pair A242-HIS 7 , A243-HIS 8 :   29757.01500733 at      0.646 A (0.098 A by res) in 4.5107 (sec).
 Pair A242-HIS 7 , A243-HIS 9 :    1584.72725443 at      0.961 A (0.098 A by res) in 4.3761 (sec).
 Pair A242-HIS 7 , A243-HIS 10:   69386.61071273 at      0.506 A (0.098 A by res) in 4.5327 (sec).
 Pair A242-HIS 7 , A243-HID 11:     555.29258982 at      0.940 A (0.098 A by res) in 4.0744 (sec).
 Pair A242-HIS 7 , A243-HID 12:	    NaN at      0.198 A (0.0979281403803554 A by res) < 0.250 Ang
 Rotamer pair eliminated: 30, 7, 31, 12
 Pair A242-HIS 7 , A243-HID 13:      11.92943667 at      1.368 A (0.098 A by res) in 3.8958 (sec).
 Pair A242-HIS 7 , A243-HID 14:      11.80408063 at      1.368 A (0.098 A by res) in 3.9788 (sec).
 Pair A242-HIS 7 , A243-HID 15:      11.87282230 at      1.368 A (0.098 A by res) in 3.9376 (sec).
 Pair A242-HIS 7 , A243-HID 16:   30896.00424278 at      0.632 A (0.098 A by res) in 4.0948 (sec).
 Pair A242-HIS 7 , A243-HID 17:    1572.45376369 at      0.969 A (0.098 A by res) in 4.0740 (sec).
 Pair A242-HIS 7 , A243-HID 18:   71434.74786040 at      0.532 A (0.098 A by res) in 4.1655 (sec).
 Pair A242-HIS 7 , A243-HIE 19:     237.91896138 at      1.238 A (0.098 A by res) in 4.0025 (sec).
 Pair A242-HIS 7 , A243-HIE 20:	    NaN at      0.128 A (0.0979281403803554 A by res) < 0.250 Ang
 Rotamer pair eliminated: 30, 7, 31, 20
 Pair A242-HIS 7 , A243-HIE 21:      11.45778365 at      1.368 A (0.098 A by res) in 4.0299 (sec).
 Pair A242-HIS 7 , A243-HIE 22:      11.54521599 at      1.368 A (0.098 A by res) in 4.0649 (sec).
 Pair A242-HIS 7 , A243-HIE 23:      11.52645521 at      1.368 A (0.098 A by res) in 3.9062 (sec).
 Pair A242-HIS 7 , A243-HIE 24:   27928.73868222 at      0.670 A (0.098 A by res) in 4.0832 (sec).
 Pair A242-HIS 7 , A243-HIE 25:    1659.93131199 at      0.915 A (0.098 A by res) in 4.1844 (sec).
 Pair A242-HIS 7 , A243-HIE 26:   51632.42621904 at      0.567 A (0.098 A by res) in 4.0380 (sec).
 Pair A242-HIS 8 , A243-HIS 0 :       0.75145388 at      1.368 A (0.098 A by res) in 4.1912 (sec).
 Pair A242-HIS 8 , A243-HID 1 :       0.20067406 at      1.368 A (0.098 A by res) in 4.1872 (sec).
 Pair A242-HIS 8 , A243-HIE 2 :       0.07687323 at      1.368 A (0.098 A by res) in 4.1128 (sec).
 Pair A242-HIS 8 , A243-HIS 3 :       9.58843333 at      1.368 A (0.098 A by res) in 4.1599 (sec).
 Pair A242-HIS 8 , A243-HIS 4 :       3.14769376 at      1.368 A (0.098 A by res) in 4.0963 (sec).
 Pair A242-HIS 8 , A243-HIS 5 :       0.74946312 at      1.368 A (0.098 A by res) in 4.0185 (sec).
 Pair A242-HIS 8 , A243-HIS 7 :       0.75141614 at      1.368 A (0.098 A by res) in 4.2140 (sec).
 Pair A242-HIS 8 , A243-HIS 8 :       1.15878446 at      1.368 A (0.098 A by res) in 4.0447 (sec).
 Pair A242-HIS 8 , A243-HIS 9 :       1.01883608 at      1.368 A (0.098 A by res) in 4.0843 (sec).
 Pair A242-HIS 8 , A243-HIS 10:       5.14496870 at      1.368 A (0.098 A by res) in 4.2733 (sec).
 Pair A242-HIS 8 , A243-HID 11:       7.99475571 at      1.368 A (0.098 A by res) in 4.2527 (sec).
 Pair A242-HIS 8 , A243-HID 12:       2.12323577 at      1.368 A (0.098 A by res) in 4.3149 (sec).
 Pair A242-HIS 8 , A243-HID 13:       0.19829322 at      1.368 A (0.098 A by res) in 4.0341 (sec).
 Pair A242-HIS 8 , A243-HID 14:       0.19699741 at      1.368 A (0.098 A by res) in 4.0927 (sec).
 Pair A242-HIS 8 , A243-HID 15:       0.20114820 at      1.368 A (0.098 A by res) in 4.1555 (sec).
 Pair A242-HIS 8 , A243-HID 16:       0.17310185 at      1.368 A (0.098 A by res) in 4.1341 (sec).
 Pair A242-HIS 8 , A243-HID 17:       0.10507919 at      1.368 A (0.098 A by res) in 4.1050 (sec).
 Pair A242-HIS 8 , A243-HID 18:       3.77059333 at      1.368 A (0.098 A by res) in 4.2455 (sec).
 Pair A242-HIS 8 , A243-HIE 19:       2.31265999 at      1.368 A (0.098 A by res) in 4.0608 (sec).
 Pair A242-HIS 8 , A243-HIE 20:       2.24087831 at      1.368 A (0.098 A by res) in 3.9239 (sec).
 Pair A242-HIS 8 , A243-HIE 21:       0.08846022 at      1.368 A (0.098 A by res) in 4.0831 (sec).
 Pair A242-HIS 8 , A243-HIE 22:       0.07946056 at      1.368 A (0.098 A by res) in 3.9599 (sec).
 Pair A242-HIS 8 , A243-HIE 23:       0.07521975 at      1.368 A (0.098 A by res) in 3.9504 (sec).
 Pair A242-HIS 8 , A243-HIE 24:       0.25422790 at      1.368 A (0.098 A by res) in 4.0685 (sec).
 Pair A242-HIS 8 , A243-HIE 25:       0.13891050 at      1.368 A (0.098 A by res) in 3.9832 (sec).
 Pair A242-HIS 8 , A243-HIE 26:      -0.20109606 at      1.368 A (0.098 A by res) in 3.9969 (sec).
 Pair A242-HID 11, A243-HIS 0 :       0.43386290 at      1.368 A (0.098 A by res) in 4.0744 (sec).
 Pair A242-HID 11, A243-HID 1 :       0.30647207 at      1.368 A (0.098 A by res) in 4.0547 (sec).
 Pair A242-HID 11, A243-HIE 2 :       0.24525690 at      1.368 A (0.098 A by res) in 4.1091 (sec).
 Pair A242-HID 11, A243-HIS 3 :    3204.04906563 at      0.778 A (0.098 A by res) in 3.9974 (sec).
 Pair A242-HID 11, A243-HIS 4 :     951.90537559 at      0.929 A (0.098 A by res) in 4.0890 (sec).
 Pair A242-HID 11, A243-HIS 5 :       0.44278223 at      1.368 A (0.098 A by res) in 4.1366 (sec).
 Pair A242-HID 11, A243-HIS 7 :       0.43429768 at      1.368 A (0.098 A by res) in 3.9392 (sec).
 Pair A242-HID 11, A243-HIS 8 :       0.49706631 at      1.368 A (0.098 A by res) in 4.1570 (sec).
 Pair A242-HID 11, A243-HIS 9 :       0.52827594 at      1.368 A (0.098 A by res) in 4.0486 (sec).
 Pair A242-HID 11, A243-HIS 10:       3.43975218 at      1.368 A (0.098 A by res) in 4.0737 (sec).
 Pair A242-HID 11, A243-HID 11:    3075.76567763 at      0.766 A (0.098 A by res) in 3.8799 (sec).
 Pair A242-HID 11, A243-HID 12:     954.55121519 at      0.927 A (0.098 A by res) in 3.8341 (sec).
 Pair A242-HID 11, A243-HID 13:       0.30955116 at      1.368 A (0.098 A by res) in 4.0932 (sec).
 Pair A242-HID 11, A243-HID 14:       0.30027327 at      1.368 A (0.098 A by res) in 3.9574 (sec).
 Pair A242-HID 11, A243-HID 15:       0.30666405 at      1.368 A (0.098 A by res) in 4.0516 (sec).
 Pair A242-HID 11, A243-HID 16:       0.20140426 at      1.368 A (0.098 A by res) in 3.8530 (sec).
 Pair A242-HID 11, A243-HID 17:       0.27338770 at      1.368 A (0.098 A by res) in 4.0203 (sec).
 Pair A242-HID 11, A243-HID 18:       2.77235143 at      1.368 A (0.098 A by res) in 4.1954 (sec).
 Pair A242-HID 11, A243-HIE 19:    2959.92793073 at      0.795 A (0.098 A by res) in 4.1325 (sec).
 Pair A242-HID 11, A243-HIE 20:     926.95952131 at      0.933 A (0.098 A by res) in 3.9894 (sec).
 Pair A242-HID 11, A243-HIE 21:       0.24959530 at      1.368 A (0.098 A by res) in 4.0010 (sec).
 Pair A242-HID 11, A243-HIE 22:       0.23745374 at      1.368 A (0.098 A by res) in 3.9312 (sec).
 Pair A242-HID 11, A243-HIE 23:       0.24485990 at      1.368 A (0.098 A by res) in 3.9865 (sec).
 Pair A242-HID 11, A243-HIE 24:       0.15769980 at      1.368 A (0.098 A by res) in 4.0549 (sec).
 Pair A242-HID 11, A243-HIE 25:       0.20085432 at      1.368 A (0.098 A by res) in 3.8625 (sec).
 Pair A242-HID 11, A243-HIE 26:      -0.08524975 at      1.368 A (0.098 A by res) in 3.9728 (sec).
 Pair A242-HID 12, A243-HIS 0 :       1.36156893 at      1.368 A (0.098 A by res) in 4.0692 (sec).
 Pair A242-HID 12, A243-HID 1 :       0.89007336 at      1.368 A (0.098 A by res) in 4.0113 (sec).
 Pair A242-HID 12, A243-HIE 2 :       0.74363083 at      1.368 A (0.098 A by res) in 4.1787 (sec).
 Pair A242-HID 12, A243-HIS 3 :    1983.10613021 at      0.858 A (0.098 A by res) in 4.3173 (sec).
 Pair A242-HID 12, A243-HIS 4 :     298.41586026 at      1.327 A (0.098 A by res) in 4.0688 (sec).
 Pair A242-HID 12, A243-HIS 5 :       1.38414493 at      1.368 A (0.098 A by res) in 4.1890 (sec).
 Pair A242-HID 12, A243-HIS 7 :       1.36297142 at      1.368 A (0.098 A by res) in 4.1060 (sec).
 Pair A242-HID 12, A243-HIS 8 :       1.39715581 at      1.368 A (0.098 A by res) in 4.1198 (sec).
 Pair A242-HID 12, A243-HIS 9 :       1.47297447 at      1.368 A (0.098 A by res) in 4.0820 (sec).
 Pair A242-HID 12, A243-HIS 10:       4.55545629 at      1.368 A (0.098 A by res) in 4.0282 (sec).
 Pair A242-HID 12, A243-HID 11:    1912.88518663 at      0.858 A (0.098 A by res) in 3.9965 (sec).
 Pair A242-HID 12, A243-HID 12:     266.51018848 at      1.325 A (0.098 A by res) in 4.1115 (sec).
 Pair A242-HID 12, A243-HID 13:       0.91434452 at      1.368 A (0.098 A by res) in 4.0569 (sec).
 Pair A242-HID 12, A243-HID 14:       0.93306487 at      1.368 A (0.098 A by res) in 3.8598 (sec).
 Pair A242-HID 12, A243-HID 15:       0.89107140 at      1.368 A (0.098 A by res) in 3.9674 (sec).
 Pair A242-HID 12, A243-HID 16:       0.79219391 at      1.368 A (0.098 A by res) in 3.9347 (sec).
 Pair A242-HID 12, A243-HID 17:       0.92286541 at      1.368 A (0.098 A by res) in 4.0113 (sec).
 Pair A242-HID 12, A243-HID 18:       3.58687958 at      1.368 A (0.098 A by res) in 3.9549 (sec).
 Pair A242-HID 12, A243-HIE 19:    1828.76825984 at      0.861 A (0.098 A by res) in 4.1333 (sec).
 Pair A242-HID 12, A243-HIE 20:     288.26003621 at      1.330 A (0.098 A by res) in 4.0844 (sec).
 Pair A242-HID 12, A243-HIE 21:       0.71001294 at      1.368 A (0.098 A by res) in 3.9671 (sec).
 Pair A242-HID 12, A243-HIE 22:       0.66652401 at      1.368 A (0.098 A by res) in 4.0758 (sec).
 Pair A242-HID 12, A243-HIE 23:       0.74426402 at      1.368 A (0.098 A by res) in 4.2904 (sec).
 Pair A242-HID 12, A243-HIE 24:       0.67873251 at      1.368 A (0.098 A by res) in 4.1524 (sec).
 Pair A242-HID 12, A243-HIE 25:       0.71534774 at      1.368 A (0.098 A by res) in 4.1595 (sec).
 Pair A242-HID 12, A243-HIE 26:       0.31436739 at      1.368 A (0.098 A by res) in 4.1634 (sec).
 Pair A242-HID 15, A243-HIS 0 :      10.51296711 at      1.368 A (0.098 A by res) in 4.1072 (sec).
 Pair A242-HID 15, A243-HID 1 :      10.78109343 at      1.368 A (0.098 A by res) in 4.0073 (sec).
 Pair A242-HID 15, A243-HIE 2 :      10.84674107 at      1.368 A (0.098 A by res) in 4.1007 (sec).
 Pair A242-HID 15, A243-HIS 3 :     559.81951398 at      0.946 A (0.098 A by res) in 3.9509 (sec).
 Pair A242-HID 15, A243-HIS 4 :	    NaN at      0.203 A (0.0979281403803554 A by res) < 0.250 Ang
 Rotamer pair eliminated: 30, 15, 31, 4
 Pair A242-HID 15, A243-HIS 5 :      10.45010233 at      1.368 A (0.098 A by res) in 4.1816 (sec).
 Pair A242-HID 15, A243-HIS 7 :      10.51641273 at      1.368 A (0.098 A by res) in 4.1313 (sec).
 Pair A242-HID 15, A243-HIS 8 :   26075.89088534 at      0.656 A (0.098 A by res) in 4.1476 (sec).
 Pair A242-HID 15, A243-HIS 9 :     704.98049299 at      1.257 A (0.098 A by res) in 4.0540 (sec).
 Pair A242-HID 15, A243-HIS 10:   68642.51719882 at      0.479 A (0.098 A by res) in 4.3484 (sec).
 Pair A242-HID 15, A243-HID 11:     521.41437316 at      0.934 A (0.098 A by res) in 4.0717 (sec).
 Pair A242-HID 15, A243-HID 12:	    NaN at      0.222 A (0.0979281403803554 A by res) < 0.250 Ang
 Rotamer pair eliminated: 30, 15, 31, 12
 Pair A242-HID 15, A243-HID 13:      10.71687861 at      1.368 A (0.098 A by res) in 4.0344 (sec).
 Pair A242-HID 15, A243-HID 14:      10.73667606 at      1.368 A (0.098 A by res) in 3.9251 (sec).
 Pair A242-HID 15, A243-HID 15:      10.78285910 at      1.368 A (0.098 A by res) in 4.1827 (sec).
 Pair A242-HID 15, A243-HID 16:   25670.34641711 at      0.658 A (0.098 A by res) in 4.1614 (sec).
 Pair A242-HID 15, A243-HID 17:     701.40384063 at      1.346 A (0.098 A by res) in 4.0249 (sec).
 Pair A242-HID 15, A243-HID 18:   70819.42654797 at      0.504 A (0.098 A by res) in 4.2976 (sec).
 Pair A242-HID 15, A243-HIE 19:     227.44783343 at      1.247 A (0.098 A by res) in 4.0468 (sec).
 Pair A242-HID 15, A243-HIE 20:	    NaN at      0.151 A (0.0979281403803554 A by res) < 0.250 Ang
 Rotamer pair eliminated: 30, 15, 31, 20
 Pair A242-HID 15, A243-HIE 21:      10.83711633 at      1.368 A (0.098 A by res) in 3.9153 (sec).
 Pair A242-HID 15, A243-HIE 22:      10.76270246 at      1.368 A (0.098 A by res) in 3.9120 (sec).
 Pair A242-HID 15, A243-HIE 23:      10.85136573 at      1.368 A (0.098 A by res) in 4.0232 (sec).
 Pair A242-HID 15, A243-HIE 24:   26068.00563734 at      0.655 A (0.098 A by res) in 3.9463 (sec).
 Pair A242-HID 15, A243-HIE 25:     717.60941491 at      1.244 A (0.098 A by res) in 3.9421 (sec).
 Pair A242-HID 15, A243-HIE 26:   48089.74687414 at      0.575 A (0.098 A by res) in 3.9177 (sec).
 Pair A242-HID 16, A243-HIS 0 :       0.23658128 at      1.368 A (0.098 A by res) in 4.0846 (sec).
 Pair A242-HID 16, A243-HID 1 :       0.10943347 at      1.368 A (0.098 A by res) in 4.0708 (sec).
 Pair A242-HID 16, A243-HIE 2 :       0.05380409 at      1.368 A (0.098 A by res) in 4.0423 (sec).
 Pair A242-HID 16, A243-HIS 3 :       8.06749162 at      1.368 A (0.098 A by res) in 4.0014 (sec).
 Pair A242-HID 16, A243-HIS 4 :       2.38284006 at      1.368 A (0.098 A by res) in 3.9652 (sec).
 Pair A242-HID 16, A243-HIS 5 :       0.23305882 at      1.368 A (0.098 A by res) in 4.1131 (sec).
 Pair A242-HID 16, A243-HIS 7 :       0.23654987 at      1.368 A (0.098 A by res) in 4.1653 (sec).
 Pair A242-HID 16, A243-HIS 8 :       0.44043431 at      1.368 A (0.098 A by res) in 4.1788 (sec).
 Pair A242-HID 16, A243-HIS 9 :       0.34453608 at      1.368 A (0.098 A by res) in 3.9665 (sec).
 Pair A242-HID 16, A243-HIS 10:       4.06574970 at      1.368 A (0.098 A by res) in 3.9031 (sec).
 Pair A242-HID 16, A243-HID 11:       7.17755184 at      1.368 A (0.098 A by res) in 3.8118 (sec).
 Pair A242-HID 16, A243-HID 12:       2.08673239 at      1.368 A (0.098 A by res) in 4.0795 (sec).
 Pair A242-HID 16, A243-HID 13:       0.10388497 at      1.368 A (0.098 A by res) in 4.0188 (sec).
 Pair A242-HID 16, A243-HID 14:       0.10633113 at      1.368 A (0.098 A by res) in 4.1054 (sec).
 Pair A242-HID 16, A243-HID 15:       0.10926521 at      1.368 A (0.098 A by res) in 4.0334 (sec).
 Pair A242-HID 16, A243-HID 16:       0.12289839 at      1.368 A (0.098 A by res) in 4.0096 (sec).
 Pair A242-HID 16, A243-HID 17:       0.05538048 at      1.368 A (0.098 A by res) in 3.8210 (sec).
 Pair A242-HID 16, A243-HID 18:       3.30399100 at      1.368 A (0.098 A by res) in 4.0015 (sec).
 Pair A242-HID 16, A243-HIE 19:       2.72137597 at      1.368 A (0.098 A by res) in 4.1318 (sec).
 Pair A242-HID 16, A243-HIE 20:       2.13170538 at      1.368 A (0.098 A by res) in 3.9449 (sec).
 Pair A242-HID 16, A243-HIE 21:       0.06505733 at      1.368 A (0.098 A by res) in 3.8254 (sec).
 Pair A242-HID 16, A243-HIE 22:       0.05361450 at      1.368 A (0.098 A by res) in 4.0760 (sec).
 Pair A242-HID 16, A243-HIE 23:       0.05267670 at      1.368 A (0.098 A by res) in 4.2685 (sec).
 Pair A242-HID 16, A243-HIE 24:       0.14007246 at      1.368 A (0.098 A by res) in 4.0321 (sec).
 Pair A242-HID 16, A243-HIE 25:       0.07684198 at      1.368 A (0.098 A by res) in 4.1329 (sec).
 Pair A242-HID 16, A243-HIE 26:      -0.04307427 at      1.368 A (0.098 A by res) in 4.1564 (sec).
 Pair A242-HIE 19, A243-HIS 0 :       0.50585964 at      1.368 A (0.098 A by res) in 4.1286 (sec).
 Pair A242-HIE 19, A243-HID 1 :       0.34246159 at      1.368 A (0.098 A by res) in 3.9113 (sec).
 Pair A242-HIE 19, A243-HIE 2 :       0.29988504 at      1.368 A (0.098 A by res) in 4.0467 (sec).
 Pair A242-HIE 19, A243-HIS 3 :    4064.04030691 at      0.719 A (0.098 A by res) in 4.2053 (sec).
 Pair A242-HIE 19, A243-HIS 4 :    1262.96052415 at      0.873 A (0.098 A by res) in 4.1159 (sec).
 Pair A242-HIE 19, A243-HIS 5 :       0.52079410 at      1.368 A (0.098 A by res) in 3.9061 (sec).
 Pair A242-HIE 19, A243-HIS 7 :       0.50642901 at      1.368 A (0.098 A by res) in 3.9562 (sec).
 Pair A242-HIE 19, A243-HIS 8 :       0.47321995 at      1.368 A (0.098 A by res) in 4.0288 (sec).
 Pair A242-HIE 19, A243-HIS 9 :       0.53742683 at      1.368 A (0.098 A by res) in 4.0131 (sec).
 Pair A242-HIE 19, A243-HIS 10:       3.20155178 at      1.368 A (0.098 A by res) in 4.2138 (sec).
 Pair A242-HIE 19, A243-HID 11:    4028.49352884 at      0.708 A (0.098 A by res) in 4.2042 (sec).
 Pair A242-HIE 19, A243-HID 12:    1249.20850489 at      0.874 A (0.098 A by res) in 4.1948 (sec).
 Pair A242-HIE 19, A243-HID 13:       0.36229677 at      1.368 A (0.098 A by res) in 4.0864 (sec).
 Pair A242-HIE 19, A243-HID 14:       0.35148886 at      1.368 A (0.098 A by res) in 4.2732 (sec).
 Pair A242-HIE 19, A243-HID 15:       0.34265530 at      1.368 A (0.098 A by res) in 4.3055 (sec).
 Pair A242-HIE 19, A243-HID 16:       0.20736102 at      1.368 A (0.098 A by res) in 4.0766 (sec).
 Pair A242-HIE 19, A243-HID 17:       0.31008281 at      1.368 A (0.098 A by res) in 4.0461 (sec).
 Pair A242-HIE 19, A243-HID 18:       2.56907839 at      1.368 A (0.098 A by res) in 3.9500 (sec).
 Pair A242-HIE 19, A243-HIE 19:    3688.98949242 at      0.735 A (0.098 A by res) in 4.1029 (sec).
 Pair A242-HIE 19, A243-HIE 20:    1233.05434689 at      0.876 A (0.098 A by res) in 4.0958 (sec).
 Pair A242-HIE 19, A243-HIE 21:       0.27764076 at      1.368 A (0.098 A by res) in 4.0249 (sec).
 Pair A242-HIE 19, A243-HIE 22:       0.26796614 at      1.368 A (0.098 A by res) in 4.0057 (sec).
 Pair A242-HIE 19, A243-HIE 23:       0.30051596 at      1.368 A (0.098 A by res) in 4.1117 (sec).
 Pair A242-HIE 19, A243-HIE 24:       0.17065507 at      1.368 A (0.098 A by res) in 4.1472 (sec).
 Pair A242-HIE 19, A243-HIE 25:       0.20055712 at      1.368 A (0.098 A by res) in 3.9668 (sec).
 Pair A242-HIE 19, A243-HIE 26:       0.04619282 at      1.368 A (0.098 A by res) in 4.1301 (sec).
 Pair A242-HIE 20, A243-HIS 0 :      -0.27604968 at      1.368 A (0.098 A by res) in 4.1530 (sec).
 Pair A242-HIE 20, A243-HID 1 :      -0.14703667 at      1.368 A (0.098 A by res) in 4.0804 (sec).
 Pair A242-HIE 20, A243-HIE 2 :      -0.12960072 at      1.368 A (0.098 A by res) in 4.0898 (sec).
 Pair A242-HIE 20, A243-HIS 3 :    1146.77222487 at      1.072 A (0.098 A by res) in 4.3201 (sec).
 Pair A242-HIE 20, A243-HIS 4 :     206.53550615 at      1.330 A (0.098 A by res) in 4.1801 (sec).
 Pair A242-HIE 20, A243-HIS 5 :      -0.29009925 at      1.368 A (0.098 A by res) in 3.9776 (sec).
 Pair A242-HIE 20, A243-HIS 7 :      -0.27630934 at      1.368 A (0.098 A by res) in 4.2079 (sec).
 Pair A242-HIE 20, A243-HIS 8 :      -0.48489318 at      1.368 A (0.098 A by res) in 4.1859 (sec).
 Pair A242-HIE 20, A243-HIS 9 :      -0.34152412 at      1.368 A (0.098 A by res) in 3.8955 (sec).
 Pair A242-HIE 20, A243-HIS 10:       1.91023192 at      1.368 A (0.098 A by res) in 4.0203 (sec).
 Pair A242-HIE 20, A243-HID 11:    1080.46227129 at      1.091 A (0.098 A by res) in 4.0800 (sec).
 Pair A242-HIE 20, A243-HID 12:     179.71281177 at      1.368 A (0.098 A by res) in 4.0370 (sec).
 Pair A242-HIE 20, A243-HID 13:      -0.16353270 at      1.368 A (0.098 A by res) in 3.9817 (sec).
 Pair A242-HIE 20, A243-HID 14:      -0.16006593 at      1.368 A (0.098 A by res) in 3.9457 (sec).
 Pair A242-HIE 20, A243-HID 15:      -0.14714204 at      1.368 A (0.098 A by res) in 4.0480 (sec).
 Pair A242-HIE 20, A243-HID 16:      -0.42968362 at      1.368 A (0.098 A by res) in 3.9694 (sec).
 Pair A242-HIE 20, A243-HID 17:      -0.29205969 at      1.368 A (0.098 A by res) in 4.1628 (sec).
 Pair A242-HIE 20, A243-HID 18:       1.60003261 at      1.368 A (0.098 A by res) in 3.9305 (sec).
 Pair A242-HIE 20, A243-HIE 19:    1026.28672998 at      1.082 A (0.098 A by res) in 3.9269 (sec).
 Pair A242-HIE 20, A243-HIE 20:     202.10696884 at      1.336 A (0.098 A by res) in 3.9946 (sec).
 Pair A242-HIE 20, A243-HIE 21:      -0.11630830 at      1.368 A (0.098 A by res) in 3.9121 (sec).
 Pair A242-HIE 20, A243-HIE 22:      -0.12334563 at      1.368 A (0.098 A by res) in 4.2045 (sec).
 Pair A242-HIE 20, A243-HIE 23:      -0.13061072 at      1.368 A (0.098 A by res) in 4.0767 (sec).
 Pair A242-HIE 20, A243-HIE 24:      -0.36818068 at      1.368 A (0.098 A by res) in 3.9609 (sec).
 Pair A242-HIE 20, A243-HIE 25:      -0.17453037 at      1.368 A (0.098 A by res) in 4.2065 (sec).
 Pair A242-HIE 20, A243-HIE 26:      -0.11154462 at      1.368 A (0.098 A by res) in 4.1075 (sec).
 Pair A242-HIE 23, A243-HIS 0 :      11.28025062 at      1.368 A (0.098 A by res) in 4.1946 (sec).
 Pair A242-HIE 23, A243-HID 1 :      11.16675776 at      1.368 A (0.098 A by res) in 4.1718 (sec).
 Pair A242-HIE 23, A243-HIE 2 :      11.08746591 at      1.368 A (0.098 A by res) in 3.9656 (sec).
 Pair A242-HIE 23, A243-HIS 3 :     686.03600705 at      0.938 A (0.098 A by res) in 3.8454 (sec).
 Pair A242-HIE 23, A243-HIS 4 :	    NaN at      0.144 A (0.0979281403803554 A by res) < 0.250 Ang
 Rotamer pair eliminated: 30, 23, 31, 4
 Pair A242-HIE 23, A243-HIS 5 :      11.33865835 at      1.368 A (0.098 A by res) in 3.8673 (sec).
 Pair A242-HIE 23, A243-HIS 7 :      11.28427239 at      1.368 A (0.098 A by res) in 3.9567 (sec).
 Pair A242-HIE 23, A243-HIS 8 :   30338.68084820 at      0.624 A (0.098 A by res) in 4.1391 (sec).
 Pair A242-HIE 23, A243-HIS 9 :    1408.79683989 at      0.990 A (0.098 A by res) in 4.0206 (sec).
 Pair A242-HIE 23, A243-HIS 10:   67133.43333655 at      0.546 A (0.098 A by res) in 4.2494 (sec).
 Pair A242-HIE 23, A243-HID 11:     640.98610086 at      0.921 A (0.098 A by res) in 4.0697 (sec).
 Pair A242-HIE 23, A243-HID 12:	    NaN at      0.164 A (0.0979281403803554 A by res) < 0.250 Ang
 Rotamer pair eliminated: 30, 23, 31, 12
 Pair A242-HIE 23, A243-HID 13:      11.23118396 at      1.368 A (0.098 A by res) in 3.9320 (sec).
 Pair A242-HIE 23, A243-HID 14:      11.13669770 at      1.368 A (0.098 A by res) in 4.0314 (sec).
 Pair A242-HIE 23, A243-HID 15:      11.16947635 at      1.368 A (0.098 A by res) in 4.1394 (sec).
 Pair A242-HIE 23, A243-HID 16:   31584.93685070 at      0.610 A (0.098 A by res) in 4.0699 (sec).
 Pair A242-HIE 23, A243-HID 17:    1411.69654916 at      0.977 A (0.098 A by res) in 4.0573 (sec).
 Pair A242-HIE 23, A243-HID 18:   68633.65823806 at      0.542 A (0.098 A by res) in 4.4575 (sec).
 Pair A242-HIE 23, A243-HIE 19:     272.67325100 at      1.212 A (0.098 A by res) in 4.0262 (sec).
 Pair A242-HIE 23, A243-HIE 20:	    NaN at      0.098 A (0.0979281403803554 A by res) < 0.250 Ang
 Rotamer pair eliminated: 30, 23, 31, 20
 Pair A242-HIE 23, A243-HIE 21:      11.00307629 at      1.368 A (0.098 A by res) in 3.9665 (sec).
 Pair A242-HIE 23, A243-HIE 22:      11.07341861 at      1.368 A (0.098 A by res) in 3.8765 (sec).
 Pair A242-HIE 23, A243-HIE 23:      11.09116297 at      1.368 A (0.098 A by res) in 3.7937 (sec).
 Pair A242-HIE 23, A243-HIE 24:   28356.16701179 at      0.646 A (0.098 A by res) in 4.2134 (sec).
 Pair A242-HIE 23, A243-HIE 25:    1468.75012240 at      0.943 A (0.098 A by res) in 4.1039 (sec).
 Pair A242-HIE 23, A243-HIE 26:   53345.82529255 at      0.562 A (0.098 A by res) in 4.1249 (sec).
 Pair A242-HIE 24, A243-HIS 0 :       0.10862745 at      1.368 A (0.098 A by res) in 4.1701 (sec).
 Pair A242-HIE 24, A243-HID 1 :       0.06066717 at      1.368 A (0.098 A by res) in 4.0937 (sec).
 Pair A242-HIE 24, A243-HIE 2 :       0.04217176 at      1.368 A (0.098 A by res) in 4.0135 (sec).
 Pair A242-HIE 24, A243-HIS 3 :       7.78364813 at      1.368 A (0.098 A by res) in 4.0244 (sec).
 Pair A242-HIE 24, A243-HIS 4 :       2.22330271 at      1.368 A (0.098 A by res) in 4.0297 (sec).
 Pair A242-HIE 24, A243-HIS 5 :       0.11024110 at      1.368 A (0.098 A by res) in 3.9910 (sec).
 Pair A242-HIE 24, A243-HIS 7 :       0.10861240 at      1.368 A (0.098 A by res) in 3.9431 (sec).
 Pair A242-HIE 24, A243-HIS 8 :       0.22019465 at      1.368 A (0.098 A by res) in 3.9900 (sec).
 Pair A242-HIE 24, A243-HIS 9 :       0.12023204 at      1.368 A (0.098 A by res) in 4.1047 (sec).
 Pair A242-HIE 24, A243-HIS 10:       3.51435748 at      1.368 A (0.098 A by res) in 4.0917 (sec).
 Pair A242-HIE 24, A243-HID 11:       6.98959760 at      1.368 A (0.098 A by res) in 4.0498 (sec).
 Pair A242-HIE 24, A243-HID 12:       2.02957483 at      1.368 A (0.098 A by res) in 3.8965 (sec).
 Pair A242-HIE 24, A243-HID 13:       0.06306151 at      1.368 A (0.098 A by res) in 3.9966 (sec).
 Pair A242-HIE 24, A243-HID 14:       0.06441690 at      1.368 A (0.098 A by res) in 4.1695 (sec).
 Pair A242-HIE 24, A243-HID 15:       0.06037559 at      1.368 A (0.098 A by res) in 4.1705 (sec).
 Pair A242-HIE 24, A243-HID 16:       0.11613634 at      1.368 A (0.098 A by res) in 4.1405 (sec).
 Pair A242-HIE 24, A243-HID 17:       0.05604700 at      1.368 A (0.098 A by res) in 3.9838 (sec).
 Pair A242-HIE 24, A243-HID 18:       2.96256745 at      1.368 A (0.098 A by res) in 4.0963 (sec).
 Pair A242-HIE 24, A243-HIE 19:       2.76791101 at      1.368 A (0.098 A by res) in 4.3065 (sec).
 Pair A242-HIE 24, A243-HIE 20:       2.08927723 at      1.368 A (0.098 A by res) in 4.1598 (sec).
 Pair A242-HIE 24, A243-HIE 21:       0.04242656 at      1.368 A (0.098 A by res) in 4.0488 (sec).
 Pair A242-HIE 24, A243-HIE 22:       0.03345281 at      1.368 A (0.098 A by res) in 3.9976 (sec).
 Pair A242-HIE 24, A243-HIE 23:       0.04164145 at      1.368 A (0.098 A by res) in 4.1018 (sec).
 Pair A242-HIE 24, A243-HIE 24:       0.10082883 at      1.368 A (0.098 A by res) in 4.0606 (sec).
 Pair A242-HIE 24, A243-HIE 25:       0.01830211 at      1.368 A (0.098 A by res) in 3.9761 (sec).
 Pair A242-HIE 24, A243-HIE 26:       0.07114537 at      1.368 A (0.098 A by res) in 4.0834 (sec).
 Time for 2-body energies:           8261
 Number of 3-Body energies to calculate: 14728
 3-Body  A58-HIS 0 ,  A80-ASP 0 , A214-LYS 0 :       0.01742103 at      2.026 Ang (1.969 Ang by residue) in 3.7816 (sec).
 3-Body  A58-HIS 0 ,  A80-ASP 0 , A214-LYD 1 :       0.00658255 at      2.026 Ang (1.969 Ang by residue) in 3.8523 (sec).
 3-Body  A58-HIS 0 ,  A80-ASP 0 , A214-LYD 20:       0.00738197 at      1.991 Ang (1.969 Ang by residue) in 4.0348 (sec).
 3-Body  A58-HIS 0 ,  A80-ASP 0 , A214-LYD 22:       0.00651286 at      1.992 Ang (1.969 Ang by residue) in 3.8136 (sec).
 3-Body  A58-HIS 0 ,  A80-ASP 0 , A214-LYD 25:       0.00773118 at      2.027 Ang (1.969 Ang by residue) in 3.8207 (sec).
 3-Body  A58-HIS 0 ,  A80-ASP 0 , A214-LYD 26:       0.00193185 at      2.181 Ang (1.969 Ang by residue) in 3.7667 (sec).
 3-Body  A58-HIS 0 ,  A80-ASP 0 , A214-LYD 27:       0.00182651 at      2.186 Ang (1.969 Ang by residue) in 3.7886 (sec).
 3-Body  A58-HIS 0 ,  A80-ASP 0 , A214-LYS 44:       0.01755816 at      2.122 Ang (1.969 Ang by residue) in 3.8190 (sec).
 3-Body  A58-HIS 0 ,  A80-ASP 0 , A214-LYS 47:       0.01724313 at      1.991 Ang (1.969 Ang by residue) in 3.9416 (sec).
 3-Body  A58-HIS 0 ,  A80-ASP 0 , A214-LYS 49:       0.03827481 at      1.992 Ang (1.969 Ang by residue) in 3.9727 (sec).
 3-Body  A58-HIS 0 ,  A80-ASP 0 , A214-LYS 52:       0.02928019 at      2.027 Ang (1.969 Ang by residue) in 3.9423 (sec).
 3-Body  A58-HIS 0 ,  A80-ASP 0 , A214-LYS 53:       0.01179794 at      2.181 Ang (1.969 Ang by residue) in 3.9543 (sec).
 3-Body  A58-HIS 0 ,  A80-ASP 0 , A214-LYS 54:       0.00537838 at      2.186 Ang (1.969 Ang by residue) in 4.0700 (sec).
 3-Body  A58-HIS 0 ,  A80-ASP 24, A214-LYS 0 :       0.01950867 at      2.043 Ang (1.969 Ang by residue) in 4.1482 (sec).
 3-Body  A58-HIS 0 ,  A80-ASP 24, A214-LYD 1 :       0.00540541 at      2.043 Ang (1.969 Ang by residue) in 4.2981 (sec).
 3-Body  A58-HIS 0 ,  A80-ASP 24, A214-LYD 20:       0.00537860 at      2.006 Ang (1.969 Ang by residue) in 3.9770 (sec).
 3-Body  A58-HIS 0 ,  A80-ASP 24, A214-LYD 22:       0.00392844 at      2.003 Ang (1.969 Ang by residue) in 4.0287 (sec).
 3-Body  A58-HIS 0 ,  A80-ASP 24, A214-LYD 25:       0.00610925 at      2.052 Ang (1.969 Ang by residue) in 4.0174 (sec).
 3-Body  A58-HIS 0 ,  A80-ASP 24, A214-LYD 26:       0.00150488 at      2.197 Ang (1.969 Ang by residue) in 4.1351 (sec).
 3-Body  A58-HIS 0 ,  A80-ASP 24, A214-LYD 27:       0.00187804 at      2.205 Ang (1.969 Ang by residue) in 4.0143 (sec).
 3-Body  A58-HIS 0 ,  A80-ASP 24, A214-LYS 44:       0.02043932 at      2.107 Ang (1.969 Ang by residue) in 4.0619 (sec).
 3-Body  A58-HIS 0 ,  A80-ASP 24, A214-LYS 47:       0.01768616 at      2.006 Ang (1.969 Ang by residue) in 4.2234 (sec).
 3-Body  A58-HIS 0 ,  A80-ASP 24, A214-LYS 49:       0.03564844 at      2.003 Ang (1.969 Ang by residue) in 3.9460 (sec).
 3-Body  A58-HIS 0 ,  A80-ASP 24, A214-LYS 52:       0.02890015 at      2.052 Ang (1.969 Ang by residue) in 4.1200 (sec).
 3-Body  A58-HIS 0 ,  A80-ASP 24, A214-LYS 53:       0.01610653 at      2.197 Ang (1.969 Ang by residue) in 4.0327 (sec).
 3-Body  A58-HIS 0 ,  A80-ASP 24, A214-LYS 54:       0.00923990 at      2.205 Ang (1.969 Ang by residue) in 4.1890 (sec).
 3-Body  A58-HIS 0 ,  A80-ASP 25, A214-LYS 0 :       0.01419255 at      2.023 Ang (1.969 Ang by residue) in 4.1553 (sec).
 3-Body  A58-HIS 0 ,  A80-ASP 25, A214-LYD 1 :       0.00540906 at      2.023 Ang (1.969 Ang by residue) in 3.7724 (sec).
 3-Body  A58-HIS 0 ,  A80-ASP 25, A214-LYD 20:       0.00612618 at      1.990 Ang (1.969 Ang by residue) in 3.9451 (sec).
 3-Body  A58-HIS 0 ,  A80-ASP 25, A214-LYD 22:       0.00516594 at      1.989 Ang (1.969 Ang by residue) in 4.1496 (sec).
 3-Body  A58-HIS 0 ,  A80-ASP 25, A214-LYD 25:       0.00669682 at      2.027 Ang (1.969 Ang by residue) in 3.8674 (sec).
 3-Body  A58-HIS 0 ,  A80-ASP 25, A214-LYD 26:       0.00169809 at      2.178 Ang (1.969 Ang by residue) in 4.1350 (sec).
 3-Body  A58-HIS 0 ,  A80-ASP 25, A214-LYD 27:       0.00159569 at      2.184 Ang (1.969 Ang by residue) in 4.0474 (sec).
 3-Body  A58-HIS 0 ,  A80-ASP 25, A214-LYS 44:       0.01528403 at      2.117 Ang (1.969 Ang by residue) in 4.0151 (sec).
 3-Body  A58-HIS 0 ,  A80-ASP 25, A214-LYS 47:       0.01403368 at      1.990 Ang (1.969 Ang by residue) in 4.1030 (sec).
 3-Body  A58-HIS 0 ,  A80-ASP 25, A214-LYS 49:       0.03268645 at      1.989 Ang (1.969 Ang by residue) in 3.9602 (sec).
 3-Body  A58-HIS 0 ,  A80-ASP 25, A214-LYS 52:       0.02465793 at      2.027 Ang (1.969 Ang by residue) in 4.0401 (sec).
 3-Body  A58-HIS 0 ,  A80-ASP 25, A214-LYS 53:       0.01069221 at      2.178 Ang (1.969 Ang by residue) in 4.2114 (sec).
 3-Body  A58-HIS 0 ,  A80-ASP 25, A214-LYS 54:       0.00465628 at      2.184 Ang (1.969 Ang by residue) in 4.0782 (sec).
 3-Body  A58-HIS 0 ,  A80-ASP 26, A214-LYS 0 :       0.00586933 at      2.026 Ang (1.969 Ang by residue) in 3.7765 (sec).
 3-Body  A58-HIS 0 ,  A80-ASP 26, A214-LYD 1 :       0.00063018 at      2.026 Ang (1.969 Ang by residue) in 3.7820 (sec).
 3-Body  A58-HIS 0 ,  A80-ASP 26, A214-LYD 20:       0.00062136 at      1.995 Ang (1.969 Ang by residue) in 3.9587 (sec).
 3-Body  A58-HIS 0 ,  A80-ASP 26, A214-LYD 22:       0.00069202 at      1.976 Ang (1.969 Ang by residue) in 3.7458 (sec).
 3-Body  A58-HIS 0 ,  A80-ASP 26, A214-LYD 25:       0.00246223 at      2.016 Ang (1.969 Ang by residue) in 3.7534 (sec).
 3-Body  A58-HIS 0 ,  A80-ASP 26, A214-LYD 26:       0.00003087 at      2.136 Ang (1.969 Ang by residue) in 4.2062 (sec).
 3-Body  A58-HIS 0 ,  A80-ASP 26, A214-LYD 27:       0.00020788 at      2.178 Ang (1.969 Ang by residue) in 4.4192 (sec).
 3-Body  A58-HIS 0 ,  A80-ASP 26, A214-LYS 44:       0.00741391 at      2.092 Ang (1.969 Ang by residue) in 4.1357 (sec).
 3-Body  A58-HIS 0 ,  A80-ASP 26, A214-LYS 47:       0.00284074 at      1.995 Ang (1.969 Ang by residue) in 4.1290 (sec).
 3-Body  A58-HIS 0 ,  A80-ASP 26, A214-LYS 49:       0.01041995 at      1.976 Ang (1.969 Ang by residue) in 3.9691 (sec).
 3-Body  A58-HIS 0 ,  A80-ASP 26, A214-LYS 52:       0.00951887 at      2.016 Ang (1.969 Ang by residue) in 3.9475 (sec).
 3-Body  A58-HIS 0 ,  A80-ASP 26, A214-LYS 53:       0.00892711 at      2.136 Ang (1.969 Ang by residue) in 4.1618 (sec).
 3-Body  A58-HIS 0 ,  A80-ASP 26, A214-LYS 54:       0.00498921 at      2.178 Ang (1.969 Ang by residue) in 4.0446 (sec).
 3-Body  A58-HID 1 ,  A80-ASP 0 , A214-LYS 0 :       0.01292020 at      2.026 Ang (1.969 Ang by residue) in 3.9270 (sec).
 3-Body  A58-HID 1 ,  A80-ASP 0 , A214-LYD 1 :       0.00365627 at      2.026 Ang (1.969 Ang by residue) in 4.0733 (sec).
 3-Body  A58-HID 1 ,  A80-ASP 0 , A214-LYD 20:       0.00470420 at      1.991 Ang (1.969 Ang by residue) in 4.0899 (sec).
 3-Body  A58-HID 1 ,  A80-ASP 0 , A214-LYD 22:       0.00260063 at      1.992 Ang (1.969 Ang by residue) in 4.0758 (sec).
 3-Body  A58-HID 1 ,  A80-ASP 0 , A214-LYD 25:       0.00429964 at      2.027 Ang (1.969 Ang by residue) in 4.0034 (sec).
 3-Body  A58-HID 1 ,  A80-ASP 0 , A214-LYD 26:       0.00042025 at      2.181 Ang (1.969 Ang by residue) in 3.9974 (sec).
 3-Body  A58-HID 1 ,  A80-ASP 0 , A214-LYD 27:       0.00053323 at      2.186 Ang (1.969 Ang by residue) in 4.1030 (sec).
 3-Body  A58-HID 1 ,  A80-ASP 0 , A214-LYS 44:       0.01340322 at      2.122 Ang (1.969 Ang by residue) in 4.1131 (sec).
 3-Body  A58-HID 1 ,  A80-ASP 0 , A214-LYS 47:       0.01377818 at      1.991 Ang (1.969 Ang by residue) in 4.0413 (sec).
 3-Body  A58-HID 1 ,  A80-ASP 0 , A214-LYS 49:       0.03097528 at      1.992 Ang (1.969 Ang by residue) in 3.9854 (sec).
 3-Body  A58-HID 1 ,  A80-ASP 0 , A214-LYS 52:       0.02357855 at      2.027 Ang (1.969 Ang by residue) in 3.9272 (sec).
 3-Body  A58-HID 1 ,  A80-ASP 0 , A214-LYS 53:       0.00788879 at      2.181 Ang (1.969 Ang by residue) in 4.1607 (sec).
 3-Body  A58-HID 1 ,  A80-ASP 0 , A214-LYS 54:       0.00272309 at      2.186 Ang (1.969 Ang by residue) in 4.1377 (sec).
 3-Body  A58-HID 1 ,  A80-ASP 24, A214-LYS 0 :       0.01481342 at      2.043 Ang (1.969 Ang by residue) in 4.0449 (sec).
 3-Body  A58-HID 1 ,  A80-ASP 24, A214-LYD 1 :       0.00282811 at      2.043 Ang (1.969 Ang by residue) in 3.9584 (sec).
 3-Body  A58-HID 1 ,  A80-ASP 24, A214-LYD 20:       0.00290168 at      2.006 Ang (1.969 Ang by residue) in 3.8144 (sec).
 3-Body  A58-HID 1 ,  A80-ASP 24, A214-LYD 22:       0.00066777 at      2.003 Ang (1.969 Ang by residue) in 4.0090 (sec).
 3-Body  A58-HID 1 ,  A80-ASP 24, A214-LYD 25:       0.00298871 at      2.052 Ang (1.969 Ang by residue) in 4.1007 (sec).
 3-Body  A58-HID 1 ,  A80-ASP 24, A214-LYD 26:       0.00019616 at      2.197 Ang (1.969 Ang by residue) in 3.8460 (sec).
 3-Body  A58-HID 1 ,  A80-ASP 24, A214-LYD 27:       0.00070310 at      2.205 Ang (1.969 Ang by residue) in 3.8890 (sec).
 3-Body  A58-HID 1 ,  A80-ASP 24, A214-LYS 44:       0.01570190 at      2.107 Ang (1.969 Ang by residue) in 4.0407 (sec).
 3-Body  A58-HID 1 ,  A80-ASP 24, A214-LYS 47:       0.01363351 at      2.006 Ang (1.969 Ang by residue) in 3.8601 (sec).
 3-Body  A58-HID 1 ,  A80-ASP 24, A214-LYS 49:       0.02747119 at      2.003 Ang (1.969 Ang by residue) in 3.8974 (sec).
 3-Body  A58-HID 1 ,  A80-ASP 24, A214-LYS 52:       0.02266468 at      2.052 Ang (1.969 Ang by residue) in 4.0818 (sec).
 3-Body  A58-HID 1 ,  A80-ASP 24, A214-LYS 53:       0.01158562 at      2.197 Ang (1.969 Ang by residue) in 3.8385 (sec).
 3-Body  A58-HID 1 ,  A80-ASP 24, A214-LYS 54:       0.00630179 at      2.205 Ang (1.969 Ang by residue) in 3.7903 (sec).
 3-Body  A58-HID 1 ,  A80-ASP 25, A214-LYS 0 :       0.01020856 at      2.023 Ang (1.969 Ang by residue) in 4.1333 (sec).
 3-Body  A58-HID 1 ,  A80-ASP 25, A214-LYD 1 :       0.00291352 at      2.023 Ang (1.969 Ang by residue) in 3.9131 (sec).
 3-Body  A58-HID 1 ,  A80-ASP 25, A214-LYD 20:       0.00387986 at      1.990 Ang (1.969 Ang by residue) in 3.9504 (sec).
 3-Body  A58-HID 1 ,  A80-ASP 25, A214-LYD 22:       0.00187026 at      1.989 Ang (1.969 Ang by residue) in 3.9490 (sec).
 3-Body  A58-HID 1 ,  A80-ASP 25, A214-LYD 25:       0.00367078 at      2.027 Ang (1.969 Ang by residue) in 3.9025 (sec).
 3-Body  A58-HID 1 ,  A80-ASP 25, A214-LYD 26:       0.00031812 at      2.178 Ang (1.969 Ang by residue) in 3.9611 (sec).
 3-Body  A58-HID 1 ,  A80-ASP 25, A214-LYD 27:       0.00042751 at      2.184 Ang (1.969 Ang by residue) in 4.0653 (sec).
 3-Body  A58-HID 1 ,  A80-ASP 25, A214-LYS 44:       0.01139581 at      2.117 Ang (1.969 Ang by residue) in 4.1412 (sec).
 3-Body  A58-HID 1 ,  A80-ASP 25, A214-LYS 47:       0.01105451 at      1.990 Ang (1.969 Ang by residue) in 4.1274 (sec).
 3-Body  A58-HID 1 ,  A80-ASP 25, A214-LYS 49:       0.02611254 at      1.989 Ang (1.969 Ang by residue) in 4.0051 (sec).
 3-Body  A58-HID 1 ,  A80-ASP 25, A214-LYS 52:       0.01946316 at      2.027 Ang (1.969 Ang by residue) in 3.9118 (sec).
 3-Body  A58-HID 1 ,  A80-ASP 25, A214-LYS 53:       0.00695009 at      2.178 Ang (1.969 Ang by residue) in 4.1436 (sec).
 3-Body  A58-HID 1 ,  A80-ASP 25, A214-LYS 54:       0.00217772 at      2.184 Ang (1.969 Ang by residue) in 4.0235 (sec).
 3-Body  A58-HID 1 ,  A80-ASP 26, A214-LYS 0 :      -0.00080903 at      2.026 Ang (1.969 Ang by residue) in 3.8928 (sec).
 3-Body  A58-HID 1 ,  A80-ASP 26, A214-LYD 1 :      -0.00065554 at      2.026 Ang (1.969 Ang by residue) in 3.8692 (sec).
 3-Body  A58-HID 1 ,  A80-ASP 26, A214-LYD 20:      -0.00089567 at      1.995 Ang (1.969 Ang by residue) in 4.0981 (sec).
 3-Body  A58-HID 1 ,  A80-ASP 26, A214-LYD 22:      -0.00079189 at      1.976 Ang (1.969 Ang by residue) in 4.1058 (sec).
 3-Body  A58-HID 1 ,  A80-ASP 26, A214-LYD 25:       0.00099200 at      2.016 Ang (1.969 Ang by residue) in 3.8057 (sec).
 3-Body  A58-HID 1 ,  A80-ASP 26, A214-LYD 26:      -0.00047135 at      2.136 Ang (1.969 Ang by residue) in 4.1397 (sec).
 3-Body  A58-HID 1 ,  A80-ASP 26, A214-LYD 27:      -0.00049737 at      2.178 Ang (1.969 Ang by residue) in 4.0772 (sec).
 3-Body  A58-HID 1 ,  A80-ASP 26, A214-LYS 44:       0.00090763 at      2.092 Ang (1.969 Ang by residue) in 3.8869 (sec).
 3-Body  A58-HID 1 ,  A80-ASP 26, A214-LYS 47:      -0.00329563 at      1.995 Ang (1.969 Ang by residue) in 3.9098 (sec).
 3-Body  A58-HID 1 ,  A80-ASP 26, A214-LYS 49:       0.00155303 at      1.976 Ang (1.969 Ang by residue) in 3.9591 (sec).
 3-Body  A58-HID 1 ,  A80-ASP 26, A214-LYS 52:       0.00186013 at      2.016 Ang (1.969 Ang by residue) in 4.0057 (sec).
 3-Body  A58-HID 1 ,  A80-ASP 26, A214-LYS 53:       0.00237194 at      2.136 Ang (1.969 Ang by residue) in 3.8255 (sec).
 3-Body  A58-HID 1 ,  A80-ASP 26, A214-LYS 54:      -0.00008797 at      2.178 Ang (1.969 Ang by residue) in 4.0371 (sec).
 3-Body  A58-HIE 2 ,  A80-ASP 0 , A214-LYS 0 :       0.00880902 at      2.026 Ang (1.969 Ang by residue) in 4.0694 (sec).
 3-Body  A58-HIE 2 ,  A80-ASP 0 , A214-LYD 1 :       0.00070472 at      2.026 Ang (1.969 Ang by residue) in 3.9285 (sec).
 3-Body  A58-HIE 2 ,  A80-ASP 0 , A214-LYD 20:       0.00056105 at      1.991 Ang (1.969 Ang by residue) in 3.9481 (sec).
 3-Body  A58-HIE 2 ,  A80-ASP 0 , A214-LYD 22:      -0.00209144 at      1.992 Ang (1.969 Ang by residue) in 4.0034 (sec).
 3-Body  A58-HIE 2 ,  A80-ASP 0 , A214-LYD 25:       0.00134318 at      2.027 Ang (1.969 Ang by residue) in 3.9453 (sec).
 3-Body  A58-HIE 2 ,  A80-ASP 0 , A214-LYD 26:      -0.00089020 at      2.181 Ang (1.969 Ang by residue) in 3.7585 (sec).
 3-Body  A58-HIE 2 ,  A80-ASP 0 , A214-LYD 27:      -0.00048243 at      2.186 Ang (1.969 Ang by residue) in 3.9780 (sec).
 3-Body  A58-HIE 2 ,  A80-ASP 0 , A214-LYS 44:       0.01047162 at      2.122 Ang (1.969 Ang by residue) in 4.0838 (sec).
 3-Body  A58-HIE 2 ,  A80-ASP 0 , A214-LYS 47:       0.00786685 at      1.991 Ang (1.969 Ang by residue) in 3.9938 (sec).
 3-Body  A58-HIE 2 ,  A80-ASP 0 , A214-LYS 49:       0.02219808 at      1.992 Ang (1.969 Ang by residue) in 3.9684 (sec).
 3-Body  A58-HIE 2 ,  A80-ASP 0 , A214-LYS 52:       0.01812405 at      2.027 Ang (1.969 Ang by residue) in 3.9089 (sec).
 3-Body  A58-HIE 2 ,  A80-ASP 0 , A214-LYS 53:       0.00538317 at      2.181 Ang (1.969 Ang by residue) in 3.8403 (sec).
 3-Body  A58-HIE 2 ,  A80-ASP 0 , A214-LYS 54:       0.00153331 at      2.186 Ang (1.969 Ang by residue) in 4.1310 (sec).
 3-Body  A58-HIE 2 ,  A80-ASP 24, A214-LYS 0 :       0.01016286 at      2.043 Ang (1.969 Ang by residue) in 4.1581 (sec).
 3-Body  A58-HIE 2 ,  A80-ASP 24, A214-LYD 1 :       0.00028984 at      2.043 Ang (1.969 Ang by residue) in 4.1242 (sec).
 3-Body  A58-HIE 2 ,  A80-ASP 24, A214-LYD 20:      -0.00044197 at      2.006 Ang (1.969 Ang by residue) in 4.1656 (sec).
 3-Body  A58-HIE 2 ,  A80-ASP 24, A214-LYD 22:      -0.00258050 at      2.003 Ang (1.969 Ang by residue) in 4.1291 (sec).
 3-Body  A58-HIE 2 ,  A80-ASP 24, A214-LYD 25:       0.00001476 at      2.052 Ang (1.969 Ang by residue) in 3.9677 (sec).
 3-Body  A58-HIE 2 ,  A80-ASP 24, A214-LYD 26:      -0.00059691 at      2.197 Ang (1.969 Ang by residue) in 4.0711 (sec).
 3-Body  A58-HIE 2 ,  A80-ASP 24, A214-LYD 27:      -0.00011979 at      2.205 Ang (1.969 Ang by residue) in 4.0007 (sec).
 3-Body  A58-HIE 2 ,  A80-ASP 24, A214-LYS 44:       0.01089026 at      2.107 Ang (1.969 Ang by residue) in 3.9494 (sec).
 3-Body  A58-HIE 2 ,  A80-ASP 24, A214-LYS 47:       0.00802781 at      2.006 Ang (1.969 Ang by residue) in 3.8270 (sec).
 3-Body  A58-HIE 2 ,  A80-ASP 24, A214-LYS 49:       0.01650715 at      2.003 Ang (1.969 Ang by residue) in 4.0175 (sec).
 3-Body  A58-HIE 2 ,  A80-ASP 24, A214-LYS 52:       0.01528419 at      2.052 Ang (1.969 Ang by residue) in 3.8817 (sec).
 3-Body  A58-HIE 2 ,  A80-ASP 24, A214-LYS 53:       0.00702213 at      2.197 Ang (1.969 Ang by residue) in 3.8893 (sec).
 3-Body  A58-HIE 2 ,  A80-ASP 24, A214-LYS 54:       0.00427841 at      2.205 Ang (1.969 Ang by residue) in 3.9182 (sec).
 3-Body  A58-HIE 2 ,  A80-ASP 25, A214-LYS 0 :       0.00728216 at      2.023 Ang (1.969 Ang by residue) in 3.9946 (sec).
 3-Body  A58-HIE 2 ,  A80-ASP 25, A214-LYD 1 :       0.00073609 at      2.023 Ang (1.969 Ang by residue) in 3.7904 (sec).
 3-Body  A58-HIE 2 ,  A80-ASP 25, A214-LYD 20:       0.00064675 at      1.990 Ang (1.969 Ang by residue) in 3.8685 (sec).
 3-Body  A58-HIE 2 ,  A80-ASP 25, A214-LYD 22:      -0.00160441 at      1.989 Ang (1.969 Ang by residue) in 3.7404 (sec).
 3-Body  A58-HIE 2 ,  A80-ASP 25, A214-LYD 25:       0.00149068 at      2.027 Ang (1.969 Ang by residue) in 3.8079 (sec).
 3-Body  A58-HIE 2 ,  A80-ASP 25, A214-LYD 26:      -0.00070679 at      2.178 Ang (1.969 Ang by residue) in 3.7767 (sec).
 3-Body  A58-HIE 2 ,  A80-ASP 25, A214-LYD 27:      -0.00035686 at      2.184 Ang (1.969 Ang by residue) in 3.8283 (sec).
 3-Body  A58-HIE 2 ,  A80-ASP 25, A214-LYS 44:       0.00915470 at      2.117 Ang (1.969 Ang by residue) in 4.1006 (sec).
 3-Body  A58-HIE 2 ,  A80-ASP 25, A214-LYS 47:       0.00653974 at      1.990 Ang (1.969 Ang by residue) in 4.1566 (sec).
 3-Body  A58-HIE 2 ,  A80-ASP 25, A214-LYS 49:       0.01933528 at      1.989 Ang (1.969 Ang by residue) in 3.7849 (sec).
 3-Body  A58-HIE 2 ,  A80-ASP 25, A214-LYS 52:       0.01543122 at      2.027 Ang (1.969 Ang by residue) in 3.8484 (sec).
 3-Body  A58-HIE 2 ,  A80-ASP 25, A214-LYS 53:       0.00492831 at      2.178 Ang (1.969 Ang by residue) in 3.7262 (sec).
 3-Body  A58-HIE 2 ,  A80-ASP 25, A214-LYS 54:       0.00132642 at      2.184 Ang (1.969 Ang by residue) in 4.0450 (sec).
 3-Body  A58-HIE 2 ,  A80-ASP 26, A214-LYS 0 :       0.00613764 at      2.026 Ang (1.969 Ang by residue) in 4.1486 (sec).
 3-Body  A58-HIE 2 ,  A80-ASP 26, A214-LYD 1 :      -0.00042467 at      2.026 Ang (1.969 Ang by residue) in 4.0182 (sec).
 3-Body  A58-HIE 2 ,  A80-ASP 26, A214-LYD 20:      -0.00131040 at      1.995 Ang (1.969 Ang by residue) in 4.0605 (sec).
 3-Body  A58-HIE 2 ,  A80-ASP 26, A214-LYD 22:      -0.00170237 at      1.976 Ang (1.969 Ang by residue) in 4.0759 (sec).
 3-Body  A58-HIE 2 ,  A80-ASP 26, A214-LYD 25:       0.00074758 at      2.016 Ang (1.969 Ang by residue) in 4.2673 (sec).
 3-Body  A58-HIE 2 ,  A80-ASP 26, A214-LYD 26:      -0.00039298 at      2.136 Ang (1.969 Ang by residue) in 3.9762 (sec).
 3-Body  A58-HIE 2 ,  A80-ASP 26, A214-LYD 27:       0.00002235 at      2.178 Ang (1.969 Ang by residue) in 4.1802 (sec).
 3-Body  A58-HIE 2 ,  A80-ASP 26, A214-LYS 44:       0.00755643 at      2.092 Ang (1.969 Ang by residue) in 4.0526 (sec).
 3-Body  A58-HIE 2 ,  A80-ASP 26, A214-LYS 47:       0.00226446 at      1.995 Ang (1.969 Ang by residue) in 4.1592 (sec).
 3-Body  A58-HIE 2 ,  A80-ASP 26, A214-LYS 49:       0.00747984 at      1.976 Ang (1.969 Ang by residue) in 4.0700 (sec).
 3-Body  A58-HIE 2 ,  A80-ASP 26, A214-LYS 52:       0.00873342 at      2.016 Ang (1.969 Ang by residue) in 4.1515 (sec).
 3-Body  A58-HIE 2 ,  A80-ASP 26, A214-LYS 53:       0.00831281 at      2.136 Ang (1.969 Ang by residue) in 4.0533 (sec).
 3-Body  A58-HIE 2 ,  A80-ASP 26, A214-LYS 54:       0.00578838 at      2.178 Ang (1.969 Ang by residue) in 3.9236 (sec).
 3-Body  A58-HIS 5 ,  A80-ASP 0 , A214-LYS 0 :       0.02169392 at      1.976 Ang (1.969 Ang by residue) in 3.9017 (sec).
 3-Body  A58-HIS 5 ,  A80-ASP 0 , A214-LYD 1 :       0.00747304 at      1.976 Ang (1.969 Ang by residue) in 4.0689 (sec).
 3-Body  A58-HIS 5 ,  A80-ASP 0 , A214-LYD 20:       0.00724800 at      1.940 Ang (1.969 Ang by residue) in 4.0331 (sec).
 3-Body  A58-HIS 5 ,  A80-ASP 0 , A214-LYD 22:       0.00695765 at      1.944 Ang (1.969 Ang by residue) in 3.8921 (sec).
 3-Body  A58-HIS 5 ,  A80-ASP 0 , A214-LYD 25:       0.00902742 at      1.980 Ang (1.969 Ang by residue) in 3.9503 (sec).
 3-Body  A58-HIS 5 ,  A80-ASP 0 , A214-LYD 26:       0.00228839 at      2.135 Ang (1.969 Ang by residue) in 4.2134 (sec).
 3-Body  A58-HIS 5 ,  A80-ASP 0 , A214-LYD 27:       0.00241229 at      2.141 Ang (1.969 Ang by residue) in 3.9670 (sec).
 3-Body  A58-HIS 5 ,  A80-ASP 0 , A214-LYS 44:       0.02171718 at      2.077 Ang (1.969 Ang by residue) in 3.9128 (sec).
 3-Body  A58-HIS 5 ,  A80-ASP 0 , A214-LYS 47:       0.01945744 at      1.940 Ang (1.969 Ang by residue) in 3.9181 (sec).
 3-Body  A58-HIS 5 ,  A80-ASP 0 , A214-LYS 49:       0.04221188 at      1.944 Ang (1.969 Ang by residue) in 4.0679 (sec).
 3-Body  A58-HIS 5 ,  A80-ASP 0 , A214-LYS 52:       0.03395068 at      1.980 Ang (1.969 Ang by residue) in 4.0073 (sec).
 3-Body  A58-HIS 5 ,  A80-ASP 0 , A214-LYS 53:       0.01608621 at      2.135 Ang (1.969 Ang by residue) in 3.9878 (sec).
 3-Body  A58-HIS 5 ,  A80-ASP 0 , A214-LYS 54:       0.00915323 at      2.141 Ang (1.969 Ang by residue) in 3.7995 (sec).
 3-Body  A58-HIS 5 ,  A80-ASP 24, A214-LYS 0 :       0.02086929 at      2.031 Ang (1.969 Ang by residue) in 4.0393 (sec).
 3-Body  A58-HIS 5 ,  A80-ASP 24, A214-LYD 1 :       0.00635404 at      2.031 Ang (1.969 Ang by residue) in 4.0072 (sec).
 3-Body  A58-HIS 5 ,  A80-ASP 24, A214-LYD 20:       0.00560941 at      1.994 Ang (1.969 Ang by residue) in 3.9158 (sec).
 3-Body  A58-HIS 5 ,  A80-ASP 24, A214-LYD 22:       0.00544475 at      1.994 Ang (1.969 Ang by residue) in 4.0134 (sec).
 3-Body  A58-HIS 5 ,  A80-ASP 24, A214-LYD 25:       0.00736213 at      2.042 Ang (1.969 Ang by residue) in 4.0619 (sec).
 3-Body  A58-HIS 5 ,  A80-ASP 24, A214-LYD 26:       0.00235894 at      2.187 Ang (1.969 Ang by residue) in 4.1264 (sec).
 3-Body  A58-HIS 5 ,  A80-ASP 24, A214-LYD 27:       0.00235278 at      2.194 Ang (1.969 Ang by residue) in 4.2308 (sec).
 3-Body  A58-HIS 5 ,  A80-ASP 24, A214-LYS 44:       0.02088336 at      2.097 Ang (1.969 Ang by residue) in 4.0853 (sec).
 3-Body  A58-HIS 5 ,  A80-ASP 24, A214-LYS 47:       0.01824566 at      1.994 Ang (1.969 Ang by residue) in 4.1743 (sec).
 3-Body  A58-HIS 5 ,  A80-ASP 24, A214-LYS 49:       0.03708323 at      1.994 Ang (1.969 Ang by residue) in 4.0974 (sec).
 3-Body  A58-HIS 5 ,  A80-ASP 24, A214-LYS 52:       0.03056438 at      2.042 Ang (1.969 Ang by residue) in 4.2102 (sec).
 3-Body  A58-HIS 5 ,  A80-ASP 24, A214-LYS 53:       0.01589570 at      2.187 Ang (1.969 Ang by residue) in 4.2288 (sec).
 3-Body  A58-HIS 5 ,  A80-ASP 24, A214-LYS 54:       0.00983835 at      2.194 Ang (1.969 Ang by residue) in 4.0167 (sec).
 3-Body  A58-HIS 5 ,  A80-ASP 25, A214-LYS 0 :       0.01833194 at      1.978 Ang (1.969 Ang by residue) in 4.0540 (sec).
 3-Body  A58-HIS 5 ,  A80-ASP 25, A214-LYD 1 :       0.00668863 at      1.978 Ang (1.969 Ang by residue) in 4.1241 (sec).
 3-Body  A58-HIS 5 ,  A80-ASP 25, A214-LYD 20:       0.00645385 at      1.944 Ang (1.969 Ang by residue) in 4.2952 (sec).
 3-Body  A58-HIS 5 ,  A80-ASP 25, A214-LYD 22:       0.00631327 at      1.946 Ang (1.969 Ang by residue) in 4.0261 (sec).
 3-Body  A58-HIS 5 ,  A80-ASP 25, A214-LYD 25:       0.00868703 at      1.983 Ang (1.969 Ang by residue) in 4.0937 (sec).
 3-Body  A58-HIS 5 ,  A80-ASP 25, A214-LYD 26:       0.00229776 at      2.136 Ang (1.969 Ang by residue) in 3.8611 (sec).
 3-Body  A58-HIS 5 ,  A80-ASP 25, A214-LYD 27:       0.00225601 at      2.143 Ang (1.969 Ang by residue) in 3.9539 (sec).
 3-Body  A58-HIS 5 ,  A80-ASP 25, A214-LYS 44:       0.01952732 at      2.075 Ang (1.969 Ang by residue) in 3.9450 (sec).
 3-Body  A58-HIS 5 ,  A80-ASP 25, A214-LYS 47:       0.01618024 at      1.944 Ang (1.969 Ang by residue) in 3.9988 (sec).
 3-Body  A58-HIS 5 ,  A80-ASP 25, A214-LYS 49:       0.03820329 at      1.946 Ang (1.969 Ang by residue) in 4.1634 (sec).
 3-Body  A58-HIS 5 ,  A80-ASP 25, A214-LYS 52:       0.03024819 at      1.983 Ang (1.969 Ang by residue) in 4.0557 (sec).
 3-Body  A58-HIS 5 ,  A80-ASP 25, A214-LYS 53:       0.01478507 at      2.136 Ang (1.969 Ang by residue) in 4.0119 (sec).
 3-Body  A58-HIS 5 ,  A80-ASP 25, A214-LYS 54:       0.00774964 at      2.143 Ang (1.969 Ang by residue) in 3.9407 (sec).
 3-Body  A58-HIS 5 ,  A80-ASP 26, A214-LYS 0 :       0.01050362 at      2.009 Ang (1.969 Ang by residue) in 4.1292 (sec).
 3-Body  A58-HIS 5 ,  A80-ASP 26, A214-LYD 1 :       0.00175328 at      2.009 Ang (1.969 Ang by residue) in 4.0506 (sec).
 3-Body  A58-HIS 5 ,  A80-ASP 26, A214-LYD 20:       0.00193233 at      1.977 Ang (1.969 Ang by residue) in 4.0434 (sec).
 3-Body  A58-HIS 5 ,  A80-ASP 26, A214-LYD 22:       0.00265981 at      1.961 Ang (1.969 Ang by residue) in 3.8718 (sec).
 3-Body  A58-HIS 5 ,  A80-ASP 26, A214-LYD 25:       0.00228280 at      2.000 Ang (1.969 Ang by residue) in 3.8769 (sec).
 3-Body  A58-HIS 5 ,  A80-ASP 26, A214-LYD 26:       0.00099558 at      2.120 Ang (1.969 Ang by residue) in 3.9004 (sec).
 3-Body  A58-HIS 5 ,  A80-ASP 26, A214-LYD 27:       0.00078629 at      2.163 Ang (1.969 Ang by residue) in 3.8569 (sec).
 3-Body  A58-HIS 5 ,  A80-ASP 26, A214-LYS 44:       0.00855292 at      2.077 Ang (1.969 Ang by residue) in 4.1136 (sec).
 3-Body  A58-HIS 5 ,  A80-ASP 26, A214-LYS 47:       0.00903418 at      1.977 Ang (1.969 Ang by residue) in 3.9946 (sec).
 3-Body  A58-HIS 5 ,  A80-ASP 26, A214-LYS 49:       0.01293253 at      1.961 Ang (1.969 Ang by residue) in 4.0317 (sec).
 3-Body  A58-HIS 5 ,  A80-ASP 26, A214-LYS 52:       0.01151809 at      2.000 Ang (1.969 Ang by residue) in 3.8049 (sec).
 3-Body  A58-HIS 5 ,  A80-ASP 26, A214-LYS 53:       0.00878449 at      2.120 Ang (1.969 Ang by residue) in 3.9329 (sec).
 3-Body  A58-HIS 5 ,  A80-ASP 26, A214-LYS 54:       0.00722322 at      2.163 Ang (1.969 Ang by residue) in 3.8917 (sec).
 3-Body  A58-HIS 6 ,  A80-ASP 0 , A214-LYS 0 :       0.01353541 at      2.026 Ang (1.969 Ang by residue) in 3.9882 (sec).
 3-Body  A58-HIS 6 ,  A80-ASP 0 , A214-LYD 1 :       0.00533657 at      2.026 Ang (1.969 Ang by residue) in 3.9688 (sec).
 3-Body  A58-HIS 6 ,  A80-ASP 0 , A214-LYD 20:       0.00589741 at      1.990 Ang (1.969 Ang by residue) in 3.8721 (sec).
 3-Body  A58-HIS 6 ,  A80-ASP 0 , A214-LYD 22:       0.00537649 at      1.994 Ang (1.969 Ang by residue) in 4.0278 (sec).
 3-Body  A58-HIS 6 ,  A80-ASP 0 , A214-LYD 25:       0.00637069 at      2.029 Ang (1.969 Ang by residue) in 3.9181 (sec).
 3-Body  A58-HIS 6 ,  A80-ASP 0 , A214-LYD 26:       0.00167054 at      2.181 Ang (1.969 Ang by residue) in 4.0190 (sec).
 3-Body  A58-HIS 6 ,  A80-ASP 0 , A214-LYD 27:       0.00155873 at      2.187 Ang (1.969 Ang by residue) in 3.9648 (sec).
 3-Body  A58-HIS 6 ,  A80-ASP 0 , A214-LYS 44:       0.01371473 at      2.124 Ang (1.969 Ang by residue) in 3.8738 (sec).
 3-Body  A58-HIS 6 ,  A80-ASP 0 , A214-LYS 47:       0.01331145 at      1.990 Ang (1.969 Ang by residue) in 4.1877 (sec).
 3-Body  A58-HIS 6 ,  A80-ASP 0 , A214-LYS 49:       0.02979009 at      1.994 Ang (1.969 Ang by residue) in 4.0433 (sec).
 3-Body  A58-HIS 6 ,  A80-ASP 0 , A214-LYS 52:       0.02272049 at      2.029 Ang (1.969 Ang by residue) in 3.9649 (sec).
 3-Body  A58-HIS 6 ,  A80-ASP 0 , A214-LYS 53:       0.00929508 at      2.181 Ang (1.969 Ang by residue) in 4.0365 (sec).
 3-Body  A58-HIS 6 ,  A80-ASP 0 , A214-LYS 54:       0.00433374 at      2.187 Ang (1.969 Ang by residue) in 4.1025 (sec).
 3-Body  A58-HIS 6 ,  A80-ASP 24, A214-LYS 0 :       0.01537880 at      2.051 Ang (1.969 Ang by residue) in 4.3311 (sec).
 3-Body  A58-HIS 6 ,  A80-ASP 24, A214-LYD 1 :       0.00425988 at      2.051 Ang (1.969 Ang by residue) in 4.0011 (sec).
 3-Body  A58-HIS 6 ,  A80-ASP 24, A214-LYD 20:       0.00419865 at      2.013 Ang (1.969 Ang by residue) in 4.2507 (sec).
 3-Body  A58-HIS 6 ,  A80-ASP 24, A214-LYD 22:       0.00305197 at      2.014 Ang (1.969 Ang by residue) in 4.1354 (sec).
 3-Body  A58-HIS 6 ,  A80-ASP 24, A214-LYD 25:       0.00490346 at      2.061 Ang (1.969 Ang by residue) in 4.0635 (sec).
 3-Body  A58-HIS 6 ,  A80-ASP 24, A214-LYD 26:       0.00125105 at      2.204 Ang (1.969 Ang by residue) in 4.0978 (sec).
 3-Body  A58-HIS 6 ,  A80-ASP 24, A214-LYD 27:       0.00154087 at      2.212 Ang (1.969 Ang by residue) in 4.2906 (sec).
 3-Body  A58-HIS 6 ,  A80-ASP 24, A214-LYS 44:       0.01620767 at      2.115 Ang (1.969 Ang by residue) in 4.1895 (sec).
 3-Body  A58-HIS 6 ,  A80-ASP 24, A214-LYS 47:       0.01398920 at      2.013 Ang (1.969 Ang by residue) in 4.2488 (sec).
 3-Body  A58-HIS 6 ,  A80-ASP 24, A214-LYS 49:       0.02806278 at      2.014 Ang (1.969 Ang by residue) in 4.1693 (sec).
 3-Body  A58-HIS 6 ,  A80-ASP 24, A214-LYS 52:       0.02271174 at      2.061 Ang (1.969 Ang by residue) in 4.0800 (sec).
 3-Body  A58-HIS 6 ,  A80-ASP 24, A214-LYS 53:       0.01281900 at      2.204 Ang (1.969 Ang by residue) in 4.0840 (sec).
 3-Body  A58-HIS 6 ,  A80-ASP 24, A214-LYS 54:       0.00750338 at      2.212 Ang (1.969 Ang by residue) in 4.0923 (sec).
 3-Body  A58-HIS 6 ,  A80-ASP 25, A214-LYS 0 :       0.01104671 at      2.041 Ang (1.969 Ang by residue) in 4.2069 (sec).
 3-Body  A58-HIS 6 ,  A80-ASP 25, A214-LYD 1 :       0.00439977 at      2.041 Ang (1.969 Ang by residue) in 3.9199 (sec).
 3-Body  A58-HIS 6 ,  A80-ASP 25, A214-LYD 20:       0.00491091 at      2.008 Ang (1.969 Ang by residue) in 3.9403 (sec).
 3-Body  A58-HIS 6 ,  A80-ASP 25, A214-LYD 22:       0.00428866 at      2.010 Ang (1.969 Ang by residue) in 3.9606 (sec).
 3-Body  A58-HIS 6 ,  A80-ASP 25, A214-LYD 25:       0.00552394 at      2.046 Ang (1.969 Ang by residue) in 4.0443 (sec).
 3-Body  A58-HIS 6 ,  A80-ASP 25, A214-LYD 26:       0.00148199 at      2.195 Ang (1.969 Ang by residue) in 4.0066 (sec).
 3-Body  A58-HIS 6 ,  A80-ASP 25, A214-LYD 27:       0.00137010 at      2.201 Ang (1.969 Ang by residue) in 3.8388 (sec).
 3-Body  A58-HIS 6 ,  A80-ASP 25, A214-LYS 44:       0.01196491 at      2.136 Ang (1.969 Ang by residue) in 3.8564 (sec).
 3-Body  A58-HIS 6 ,  A80-ASP 25, A214-LYS 47:       0.01087154 at      2.008 Ang (1.969 Ang by residue) in 3.9551 (sec).
 3-Body  A58-HIS 6 ,  A80-ASP 25, A214-LYS 49:       0.02552810 at      2.010 Ang (1.969 Ang by residue) in 3.9874 (sec).
 3-Body  A58-HIS 6 ,  A80-ASP 25, A214-LYS 52:       0.01919800 at      2.046 Ang (1.969 Ang by residue) in 3.6957 (sec).
 3-Body  A58-HIS 6 ,  A80-ASP 25, A214-LYS 53:       0.00840814 at      2.195 Ang (1.969 Ang by residue) in 3.8513 (sec).
 3-Body  A58-HIS 6 ,  A80-ASP 25, A214-LYS 54:       0.00374605 at      2.201 Ang (1.969 Ang by residue) in 3.8853 (sec).
 3-Body  A58-HIS 6 ,  A80-ASP 26, A214-LYS 0 :       0.00675085 at      2.038 Ang (1.969 Ang by residue) in 3.8570 (sec).
 3-Body  A58-HIS 6 ,  A80-ASP 26, A214-LYD 1 :       0.00086542 at      2.038 Ang (1.969 Ang by residue) in 3.9141 (sec).
 3-Body  A58-HIS 6 ,  A80-ASP 26, A214-LYD 20:       0.00091958 at      2.006 Ang (1.969 Ang by residue) in 3.8145 (sec).
 3-Body  A58-HIS 6 ,  A80-ASP 26, A214-LYD 22:       0.00091238 at      1.991 Ang (1.969 Ang by residue) in 3.9990 (sec).
 3-Body  A58-HIS 6 ,  A80-ASP 26, A214-LYD 25:       0.00229933 at      2.029 Ang (1.969 Ang by residue) in 3.9541 (sec).
 3-Body  A58-HIS 6 ,  A80-ASP 26, A214-LYD 26:       0.00012764 at      2.148 Ang (1.969 Ang by residue) in 4.1268 (sec).
 3-Body  A58-HIS 6 ,  A80-ASP 26, A214-LYD 27:       0.00033506 at      2.190 Ang (1.969 Ang by residue) in 4.0725 (sec).
 3-Body  A58-HIS 6 ,  A80-ASP 26, A214-LYS 44:       0.00773068 at      2.105 Ang (1.969 Ang by residue) in 3.9094 (sec).
 3-Body  A58-HIS 6 ,  A80-ASP 26, A214-LYS 47:       0.00415995 at      2.006 Ang (1.969 Ang by residue) in 3.9147 (sec).
 3-Body  A58-HIS 6 ,  A80-ASP 26, A214-LYS 49:       0.01087593 at      1.991 Ang (1.969 Ang by residue) in 3.9028 (sec).
 3-Body  A58-HIS 6 ,  A80-ASP 26, A214-LYS 52:       0.00984444 at      2.029 Ang (1.969 Ang by residue) in 3.9124 (sec).
 3-Body  A58-HIS 6 ,  A80-ASP 26, A214-LYS 53:       0.00885945 at      2.148 Ang (1.969 Ang by residue) in 3.8307 (sec).
 3-Body  A58-HIS 6 ,  A80-ASP 26, A214-LYS 54:       0.00540460 at      2.190 Ang (1.969 Ang by residue) in 4.0640 (sec).
 3-Body  A58-HIS 7 ,  A80-ASP 0 , A214-LYS 0 :       0.01529957 at      1.961 Ang (1.969 Ang by residue) in 3.9572 (sec).
 3-Body  A58-HIS 7 ,  A80-ASP 0 , A214-LYD 1 :       0.00586241 at      1.961 Ang (1.969 Ang by residue) in 3.8133 (sec).
 3-Body  A58-HIS 7 ,  A80-ASP 0 , A214-LYD 20:       0.00550684 at      1.925 Ang (1.969 Ang by residue) in 3.8695 (sec).
 3-Body  A58-HIS 7 ,  A80-ASP 0 , A214-LYD 22:       0.00569442 at      1.929 Ang (1.969 Ang by residue) in 4.0390 (sec).
 3-Body  A58-HIS 7 ,  A80-ASP 0 , A214-LYD 25:       0.00781497 at      1.964 Ang (1.969 Ang by residue) in 3.8638 (sec).
 3-Body  A58-HIS 7 ,  A80-ASP 0 , A214-LYD 26:       0.00203386 at      2.121 Ang (1.969 Ang by residue) in 3.9247 (sec).
 3-Body  A58-HIS 7 ,  A80-ASP 0 , A214-LYD 27:       0.00182249 at      2.127 Ang (1.969 Ang by residue) in 3.8248 (sec).
 3-Body  A58-HIS 7 ,  A80-ASP 0 , A214-LYS 44:       0.01623592 at      2.063 Ang (1.969 Ang by residue) in 3.9868 (sec).
 3-Body  A58-HIS 7 ,  A80-ASP 0 , A214-LYS 47:       0.01309487 at      1.925 Ang (1.969 Ang by residue) in 3.9246 (sec).
 3-Body  A58-HIS 7 ,  A80-ASP 0 , A214-LYS 49:       0.03330941 at      1.929 Ang (1.969 Ang by residue) in 3.9705 (sec).
 3-Body  A58-HIS 7 ,  A80-ASP 0 , A214-LYS 52:       0.02656813 at      1.964 Ang (1.969 Ang by residue) in 3.9168 (sec).
 3-Body  A58-HIS 7 ,  A80-ASP 0 , A214-LYS 53:       0.01161151 at      2.121 Ang (1.969 Ang by residue) in 3.9511 (sec).
 3-Body  A58-HIS 7 ,  A80-ASP 0 , A214-LYS 54:       0.00546510 at      2.127 Ang (1.969 Ang by residue) in 3.9702 (sec).
 3-Body  A58-HIS 7 ,  A80-ASP 24, A214-LYS 0 :       0.02216274 at      1.994 Ang (1.969 Ang by residue) in 3.8978 (sec).
 3-Body  A58-HIS 7 ,  A80-ASP 24, A214-LYD 1 :       0.00525701 at      1.994 Ang (1.969 Ang by residue) in 4.0141 (sec).
 3-Body  A58-HIS 7 ,  A80-ASP 24, A214-LYD 20:       0.00438869 at      1.956 Ang (1.969 Ang by residue) in 4.0134 (sec).
 3-Body  A58-HIS 7 ,  A80-ASP 24, A214-LYD 22:       0.00303863 at      1.956 Ang (1.969 Ang by residue) in 3.8550 (sec).
 3-Body  A58-HIS 7 ,  A80-ASP 24, A214-LYD 25:       0.00649219 at      2.005 Ang (1.969 Ang by residue) in 3.8519 (sec).
 3-Body  A58-HIS 7 ,  A80-ASP 24, A214-LYD 26:       0.00161001 at      2.152 Ang (1.969 Ang by residue) in 4.1452 (sec).
 3-Body  A58-HIS 7 ,  A80-ASP 24, A214-LYD 27:       0.00218559 at      2.160 Ang (1.969 Ang by residue) in 4.0295 (sec).
 3-Body  A58-HIS 7 ,  A80-ASP 24, A214-LYS 44:       0.02403541 at      2.061 Ang (1.969 Ang by residue) in 4.1576 (sec).
 3-Body  A58-HIS 7 ,  A80-ASP 24, A214-LYS 47:       0.01874451 at      1.956 Ang (1.969 Ang by residue) in 4.0260 (sec).
 3-Body  A58-HIS 7 ,  A80-ASP 24, A214-LYS 49:       0.03850594 at      1.956 Ang (1.969 Ang by residue) in 3.8222 (sec).
 3-Body  A58-HIS 7 ,  A80-ASP 24, A214-LYS 52:       0.03258400 at      2.005 Ang (1.969 Ang by residue) in 3.8557 (sec).
 3-Body  A58-HIS 7 ,  A80-ASP 24, A214-LYS 53:       0.01971544 at      2.152 Ang (1.969 Ang by residue) in 3.8248 (sec).
 3-Body  A58-HIS 7 ,  A80-ASP 24, A214-LYS 54:       0.01243162 at      2.160 Ang (1.969 Ang by residue) in 3.9983 (sec).
 3-Body  A58-HIS 7 ,  A80-ASP 25, A214-LYS 0 :       0.01260432 at      1.962 Ang (1.969 Ang by residue) in 3.8421 (sec).
 3-Body  A58-HIS 7 ,  A80-ASP 25, A214-LYD 1 :       0.00486276 at      1.962 Ang (1.969 Ang by residue) in 3.8367 (sec).
 3-Body  A58-HIS 7 ,  A80-ASP 25, A214-LYD 20:       0.00459594 at      1.928 Ang (1.969 Ang by residue) in 3.9896 (sec).
 3-Body  A58-HIS 7 ,  A80-ASP 25, A214-LYD 22:       0.00458062 at      1.930 Ang (1.969 Ang by residue) in 3.8604 (sec).
 3-Body  A58-HIS 7 ,  A80-ASP 25, A214-LYD 25:       0.00693045 at      1.968 Ang (1.969 Ang by residue) in 4.0361 (sec).
 3-Body  A58-HIS 7 ,  A80-ASP 25, A214-LYD 26:       0.00185070 at      2.122 Ang (1.969 Ang by residue) in 3.9361 (sec).
 3-Body  A58-HIS 7 ,  A80-ASP 25, A214-LYD 27:       0.00161144 at      2.128 Ang (1.969 Ang by residue) in 3.9090 (sec).
 3-Body  A58-HIS 7 ,  A80-ASP 25, A214-LYS 44:       0.01438136 at      2.061 Ang (1.969 Ang by residue) in 3.9665 (sec).
 3-Body  A58-HIS 7 ,  A80-ASP 25, A214-LYS 47:       0.01070992 at      1.928 Ang (1.969 Ang by residue) in 4.0480 (sec).
 3-Body  A58-HIS 7 ,  A80-ASP 25, A214-LYS 49:       0.02922589 at      1.930 Ang (1.969 Ang by residue) in 3.9080 (sec).
 3-Body  A58-HIS 7 ,  A80-ASP 25, A214-LYS 52:       0.02296655 at      1.968 Ang (1.969 Ang by residue) in 3.8761 (sec).
 3-Body  A58-HIS 7 ,  A80-ASP 25, A214-LYS 53:       0.01058667 at      2.122 Ang (1.969 Ang by residue) in 4.0462 (sec).
 3-Body  A58-HIS 7 ,  A80-ASP 25, A214-LYS 54:       0.00470131 at      2.128 Ang (1.969 Ang by residue) in 4.0919 (sec).
 3-Body  A58-HIS 7 ,  A80-ASP 26, A214-LYS 0 :       0.00313351 at      2.014 Ang (1.969 Ang by residue) in 3.8380 (sec).
 3-Body  A58-HIS 7 ,  A80-ASP 26, A214-LYD 1 :      -0.00019758 at      2.014 Ang (1.969 Ang by residue) in 3.9111 (sec).
 3-Body  A58-HIS 7 ,  A80-ASP 26, A214-LYD 20:      -0.00051188 at      1.982 Ang (1.969 Ang by residue) in 4.1287 (sec).
 3-Body  A58-HIS 7 ,  A80-ASP 26, A214-LYD 22:      -0.00007776 at      1.966 Ang (1.969 Ang by residue) in 4.0386 (sec).
 3-Body  A58-HIS 7 ,  A80-ASP 26, A214-LYD 25:       0.00112125 at      2.005 Ang (1.969 Ang by residue) in 4.1772 (sec).
 3-Body  A58-HIS 7 ,  A80-ASP 26, A214-LYD 26:       0.00012488 at      2.125 Ang (1.969 Ang by residue) in 4.0255 (sec).
 3-Body  A58-HIS 7 ,  A80-ASP 26, A214-LYD 27:       0.00000659 at      2.167 Ang (1.969 Ang by residue) in 3.9838 (sec).
 3-Body  A58-HIS 7 ,  A80-ASP 26, A214-LYS 44:       0.00387773 at      2.081 Ang (1.969 Ang by residue) in 4.0061 (sec).
 3-Body  A58-HIS 7 ,  A80-ASP 26, A214-LYS 47:       0.00078940 at      1.982 Ang (1.969 Ang by residue) in 4.0588 (sec).
 3-Body  A58-HIS 7 ,  A80-ASP 26, A214-LYS 49:       0.00418381 at      1.966 Ang (1.969 Ang by residue) in 3.9521 (sec).
 3-Body  A58-HIS 7 ,  A80-ASP 26, A214-LYS 52:       0.00467061 at      2.005 Ang (1.969 Ang by residue) in 4.0663 (sec).
 3-Body  A58-HIS 7 ,  A80-ASP 26, A214-LYS 53:       0.00537275 at      2.125 Ang (1.969 Ang by residue) in 3.9516 (sec).
 3-Body  A58-HIS 7 ,  A80-ASP 26, A214-LYS 54:       0.00324649 at      2.167 Ang (1.969 Ang by residue) in 4.1225 (sec).
 3-Body  A58-HID 13,  A80-ASP 0 , A214-LYS 0 :       0.01655995 at      1.981 Ang (1.969 Ang by residue) in 3.9734 (sec).
 3-Body  A58-HID 13,  A80-ASP 0 , A214-LYD 1 :       0.00457978 at      1.981 Ang (1.969 Ang by residue) in 4.0105 (sec).
 3-Body  A58-HID 13,  A80-ASP 0 , A214-LYD 20:       0.00439392 at      1.944 Ang (1.969 Ang by residue) in 3.9045 (sec).
 3-Body  A58-HID 13,  A80-ASP 0 , A214-LYD 22:       0.00321720 at      1.949 Ang (1.969 Ang by residue) in 3.9226 (sec).
 3-Body  A58-HID 13,  A80-ASP 0 , A214-LYD 25:       0.00586564 at      1.984 Ang (1.969 Ang by residue) in 4.0649 (sec).
 3-Body  A58-HID 13,  A80-ASP 0 , A214-LYD 26:       0.00097203 at      2.139 Ang (1.969 Ang by residue) in 4.0035 (sec).
 3-Body  A58-HID 13,  A80-ASP 0 , A214-LYD 27:       0.00125169 at      2.145 Ang (1.969 Ang by residue) in 4.0303 (sec).
 3-Body  A58-HID 13,  A80-ASP 0 , A214-LYS 44:       0.01730255 at      2.081 Ang (1.969 Ang by residue) in 3.9945 (sec).
 3-Body  A58-HID 13,  A80-ASP 0 , A214-LYS 47:       0.01474008 at      1.944 Ang (1.969 Ang by residue) in 3.9516 (sec).
 3-Body  A58-HID 13,  A80-ASP 0 , A214-LYS 49:       0.03365214 at      1.949 Ang (1.969 Ang by residue) in 4.0009 (sec).
 3-Body  A58-HID 13,  A80-ASP 0 , A214-LYS 52:       0.02741677 at      1.984 Ang (1.969 Ang by residue) in 4.0573 (sec).
 3-Body  A58-HID 13,  A80-ASP 0 , A214-LYS 53:       0.01229392 at      2.139 Ang (1.969 Ang by residue) in 4.2304 (sec).
 3-Body  A58-HID 13,  A80-ASP 0 , A214-LYS 54:       0.00660182 at      2.145 Ang (1.969 Ang by residue) in 3.9444 (sec).
 3-Body  A58-HID 13,  A80-ASP 24, A214-LYS 0 :       0.01585763 at      2.036 Ang (1.969 Ang by residue) in 4.0377 (sec).
 3-Body  A58-HID 13,  A80-ASP 24, A214-LYD 1 :       0.00386563 at      2.036 Ang (1.969 Ang by residue) in 3.7958 (sec).
 3-Body  A58-HID 13,  A80-ASP 24, A214-LYD 20:       0.00321409 at      1.998 Ang (1.969 Ang by residue) in 4.0745 (sec).
 3-Body  A58-HID 13,  A80-ASP 24, A214-LYD 22:       0.00237819 at      1.999 Ang (1.969 Ang by residue) in 4.0250 (sec).
 3-Body  A58-HID 13,  A80-ASP 24, A214-LYD 25:       0.00451484 at      2.046 Ang (1.969 Ang by residue) in 3.9473 (sec).
 3-Body  A58-HID 13,  A80-ASP 24, A214-LYD 26:       0.00116189 at      2.191 Ang (1.969 Ang by residue) in 3.9754 (sec).
 3-Body  A58-HID 13,  A80-ASP 24, A214-LYD 27:       0.00128910 at      2.198 Ang (1.969 Ang by residue) in 4.1013 (sec).
 3-Body  A58-HID 13,  A80-ASP 24, A214-LYS 44:       0.01619992 at      2.101 Ang (1.969 Ang by residue) in 4.1568 (sec).
 3-Body  A58-HID 13,  A80-ASP 24, A214-LYS 47:       0.01368322 at      1.998 Ang (1.969 Ang by residue) in 4.0670 (sec).
 3-Body  A58-HID 13,  A80-ASP 24, A214-LYS 49:       0.02848466 at      1.999 Ang (1.969 Ang by residue) in 4.0158 (sec).
 3-Body  A58-HID 13,  A80-ASP 24, A214-LYS 52:       0.02392356 at      2.046 Ang (1.969 Ang by residue) in 3.9738 (sec).
 3-Body  A58-HID 13,  A80-ASP 24, A214-LYS 53:       0.01181033 at      2.191 Ang (1.969 Ang by residue) in 4.0127 (sec).
 3-Body  A58-HID 13,  A80-ASP 24, A214-LYS 54:       0.00714264 at      2.198 Ang (1.969 Ang by residue) in 3.9494 (sec).
 3-Body  A58-HID 13,  A80-ASP 25, A214-LYS 0 :       0.01374200 at      1.982 Ang (1.969 Ang by residue) in 3.8444 (sec).
 3-Body  A58-HID 13,  A80-ASP 25, A214-LYD 1 :       0.00407611 at      1.982 Ang (1.969 Ang by residue) in 3.8119 (sec).
 3-Body  A58-HID 13,  A80-ASP 25, A214-LYD 20:       0.00390725 at      1.948 Ang (1.969 Ang by residue) in 3.8905 (sec).
 3-Body  A58-HID 13,  A80-ASP 25, A214-LYD 22:       0.00293057 at      1.950 Ang (1.969 Ang by residue) in 4.1197 (sec).
 3-Body  A58-HID 13,  A80-ASP 25, A214-LYD 25:       0.00575171 at      1.988 Ang (1.969 Ang by residue) in 4.0301 (sec).
 3-Body  A58-HID 13,  A80-ASP 25, A214-LYD 26:       0.00101712 at      2.141 Ang (1.969 Ang by residue) in 4.1837 (sec).
 3-Body  A58-HID 13,  A80-ASP 25, A214-LYD 27:       0.00115255 at      2.147 Ang (1.969 Ang by residue) in 4.0813 (sec).
 3-Body  A58-HID 13,  A80-ASP 25, A214-LYS 44:       0.01541597 at      2.080 Ang (1.969 Ang by residue) in 3.9104 (sec).
 3-Body  A58-HID 13,  A80-ASP 25, A214-LYS 47:       0.01204181 at      1.948 Ang (1.969 Ang by residue) in 3.8359 (sec).
 3-Body  A58-HID 13,  A80-ASP 25, A214-LYS 49:       0.03040112 at      1.950 Ang (1.969 Ang by residue) in 3.8110 (sec).
 3-Body  A58-HID 13,  A80-ASP 25, A214-LYS 52:       0.02428754 at      1.988 Ang (1.969 Ang by residue) in 4.2351 (sec).
 3-Body  A58-HID 13,  A80-ASP 25, A214-LYS 53:       0.01116361 at      2.141 Ang (1.969 Ang by residue) in 3.9284 (sec).
 3-Body  A58-HID 13,  A80-ASP 25, A214-LYS 54:       0.00538162 at      2.147 Ang (1.969 Ang by residue) in 4.0891 (sec).
 3-Body  A58-HID 13,  A80-ASP 26, A214-LYS 0 :       0.00565941 at      2.013 Ang (1.969 Ang by residue) in 4.2080 (sec).
 3-Body  A58-HID 13,  A80-ASP 26, A214-LYD 1 :       0.00036514 at      2.013 Ang (1.969 Ang by residue) in 4.0972 (sec).
 3-Body  A58-HID 13,  A80-ASP 26, A214-LYD 20:       0.00021572 at      1.981 Ang (1.969 Ang by residue) in 4.0561 (sec).
 3-Body  A58-HID 13,  A80-ASP 26, A214-LYD 22:       0.00080911 at      1.965 Ang (1.969 Ang by residue) in 4.0169 (sec).
 3-Body  A58-HID 13,  A80-ASP 26, A214-LYD 25:       0.00063216 at      2.004 Ang (1.969 Ang by residue) in 4.0844 (sec).
 3-Body  A58-HID 13,  A80-ASP 26, A214-LYD 26:       0.00045415 at      2.124 Ang (1.969 Ang by residue) in 4.0301 (sec).
 3-Body  A58-HID 13,  A80-ASP 26, A214-LYD 27:       0.00016382 at      2.166 Ang (1.969 Ang by residue) in 4.0813 (sec).
 3-Body  A58-HID 13,  A80-ASP 26, A214-LYS 44:       0.00391239 at      2.080 Ang (1.969 Ang by residue) in 4.0366 (sec).
 3-Body  A58-HID 13,  A80-ASP 26, A214-LYS 47:       0.00438589 at      1.981 Ang (1.969 Ang by residue) in 3.8571 (sec).
 3-Body  A58-HID 13,  A80-ASP 26, A214-LYS 49:       0.00539021 at      1.965 Ang (1.969 Ang by residue) in 4.1040 (sec).
 3-Body  A58-HID 13,  A80-ASP 26, A214-LYS 52:       0.00562669 at      2.004 Ang (1.969 Ang by residue) in 3.9948 (sec).
 3-Body  A58-HID 13,  A80-ASP 26, A214-LYS 53:       0.00425092 at      2.124 Ang (1.969 Ang by residue) in 3.9876 (sec).
 3-Body  A58-HID 13,  A80-ASP 26, A214-LYS 54:       0.00390453 at      2.166 Ang (1.969 Ang by residue) in 4.0455 (sec).
 3-Body  A58-HID 14,  A80-ASP 0 , A214-LYS 0 :       0.00976039 at      2.026 Ang (1.969 Ang by residue) in 4.0464 (sec).
 3-Body  A58-HID 14,  A80-ASP 0 , A214-LYD 1 :       0.00298465 at      2.026 Ang (1.969 Ang by residue) in 3.9834 (sec).
 3-Body  A58-HID 14,  A80-ASP 0 , A214-LYD 20:       0.00363461 at      1.990 Ang (1.969 Ang by residue) in 4.0098 (sec).
 3-Body  A58-HID 14,  A80-ASP 0 , A214-LYD 22:       0.00229233 at      1.994 Ang (1.969 Ang by residue) in 4.0478 (sec).
 3-Body  A58-HID 14,  A80-ASP 0 , A214-LYD 25:       0.00372050 at      2.029 Ang (1.969 Ang by residue) in 4.0319 (sec).
 3-Body  A58-HID 14,  A80-ASP 0 , A214-LYD 26:       0.00052141 at      2.181 Ang (1.969 Ang by residue) in 4.0349 (sec).
 3-Body  A58-HID 14,  A80-ASP 0 , A214-LYD 27:       0.00056786 at      2.187 Ang (1.969 Ang by residue) in 4.0351 (sec).
 3-Body  A58-HID 14,  A80-ASP 0 , A214-LYS 44:       0.01035658 at      2.124 Ang (1.969 Ang by residue) in 3.9672 (sec).
 3-Body  A58-HID 14,  A80-ASP 0 , A214-LYS 47:       0.01006213 at      1.990 Ang (1.969 Ang by residue) in 3.9719 (sec).
 3-Body  A58-HID 14,  A80-ASP 0 , A214-LYS 49:       0.02344917 at      1.994 Ang (1.969 Ang by residue) in 4.2849 (sec).
 3-Body  A58-HID 14,  A80-ASP 0 , A214-LYS 52:       0.01789853 at      2.029 Ang (1.969 Ang by residue) in 4.0911 (sec).
 3-Body  A58-HID 14,  A80-ASP 0 , A214-LYS 53:       0.00634015 at      2.181 Ang (1.969 Ang by residue) in 4.2167 (sec).
 3-Body  A58-HID 14,  A80-ASP 0 , A214-LYS 54:       0.00235589 at      2.187 Ang (1.969 Ang by residue) in 4.1584 (sec).
 3-Body  A58-HID 14,  A80-ASP 24, A214-LYS 0 :       0.01164562 at      2.052 Ang (1.969 Ang by residue) in 4.2609 (sec).
 3-Body  A58-HID 14,  A80-ASP 24, A214-LYD 1 :       0.00226907 at      2.052 Ang (1.969 Ang by residue) in 3.8662 (sec).
 3-Body  A58-HID 14,  A80-ASP 24, A214-LYD 20:       0.00225450 at      2.015 Ang (1.969 Ang by residue) in 3.9624 (sec).
 3-Body  A58-HID 14,  A80-ASP 24, A214-LYD 22:       0.00058387 at      2.015 Ang (1.969 Ang by residue) in 4.0592 (sec).
 3-Body  A58-HID 14,  A80-ASP 24, A214-LYD 25:       0.00252680 at      2.063 Ang (1.969 Ang by residue) in 4.0765 (sec).
 3-Body  A58-HID 14,  A80-ASP 24, A214-LYD 26:       0.00026408 at      2.206 Ang (1.969 Ang by residue) in 4.1903 (sec).
 3-Body  A58-HID 14,  A80-ASP 24, A214-LYD 27:       0.00065164 at      2.214 Ang (1.969 Ang by residue) in 4.1996 (sec).
 3-Body  A58-HID 14,  A80-ASP 24, A214-LYS 44:       0.01248034 at      2.117 Ang (1.969 Ang by residue) in 3.7015 (sec).
 3-Body  A58-HID 14,  A80-ASP 24, A214-LYS 47:       0.01067251 at      2.015 Ang (1.969 Ang by residue) in 3.9083 (sec).
 3-Body  A58-HID 14,  A80-ASP 24, A214-LYS 49:       0.02142849 at      2.015 Ang (1.969 Ang by residue) in 3.8426 (sec).
 3-Body  A58-HID 14,  A80-ASP 24, A214-LYS 52:       0.01768639 at      2.063 Ang (1.969 Ang by residue) in 3.9951 (sec).
 3-Body  A58-HID 14,  A80-ASP 24, A214-LYS 53:       0.00941244 at      2.206 Ang (1.969 Ang by residue) in 3.8052 (sec).
 3-Body  A58-HID 14,  A80-ASP 24, A214-LYS 54:       0.00532095 at      2.214 Ang (1.969 Ang by residue) in 3.9753 (sec).
 3-Body  A58-HID 14,  A80-ASP 25, A214-LYS 0 :       0.00771705 at      2.043 Ang (1.969 Ang by residue) in 4.0424 (sec).
 3-Body  A58-HID 14,  A80-ASP 25, A214-LYD 1 :       0.00237148 at      2.043 Ang (1.969 Ang by residue) in 3.9798 (sec).
 3-Body  A58-HID 14,  A80-ASP 25, A214-LYD 20:       0.00298229 at      2.009 Ang (1.969 Ang by residue) in 4.0658 (sec).
 3-Body  A58-HID 14,  A80-ASP 25, A214-LYD 22:       0.00165363 at      2.011 Ang (1.969 Ang by residue) in 4.1273 (sec).
 3-Body  A58-HID 14,  A80-ASP 25, A214-LYD 25:       0.00316798 at      2.048 Ang (1.969 Ang by residue) in 3.9598 (sec).
 3-Body  A58-HID 14,  A80-ASP 25, A214-LYD 26:       0.00042224 at      2.197 Ang (1.969 Ang by residue) in 3.9325 (sec).
 3-Body  A58-HID 14,  A80-ASP 25, A214-LYD 27:       0.00046590 at      2.202 Ang (1.969 Ang by residue) in 4.0260 (sec).
 3-Body  A58-HID 14,  A80-ASP 25, A214-LYS 44:       0.00884627 at      2.137 Ang (1.969 Ang by residue) in 4.0293 (sec).
 3-Body  A58-HID 14,  A80-ASP 25, A214-LYS 47:       0.00806832 at      2.009 Ang (1.969 Ang by residue) in 3.8023 (sec).
 3-Body  A58-HID 14,  A80-ASP 25, A214-LYS 49:       0.01984850 at      2.011 Ang (1.969 Ang by residue) in 4.0057 (sec).
 3-Body  A58-HID 14,  A80-ASP 25, A214-LYS 52:       0.01484600 at      2.048 Ang (1.969 Ang by residue) in 3.9640 (sec).
 3-Body  A58-HID 14,  A80-ASP 25, A214-LYS 53:       0.00558474 at      2.197 Ang (1.969 Ang by residue) in 3.9000 (sec).
 3-Body  A58-HID 14,  A80-ASP 25, A214-LYS 54:       0.00189921 at      2.202 Ang (1.969 Ang by residue) in 3.7242 (sec).
 3-Body  A58-HID 14,  A80-ASP 26, A214-LYS 0 :       0.00255190 at      2.039 Ang (1.969 Ang by residue) in 4.0238 (sec).
 3-Body  A58-HID 14,  A80-ASP 26, A214-LYD 1 :      -0.00007593 at      2.039 Ang (1.969 Ang by residue) in 4.0636 (sec).
 3-Body  A58-HID 14,  A80-ASP 26, A214-LYD 20:      -0.00025673 at      2.007 Ang (1.969 Ang by residue) in 3.7866 (sec).
 3-Body  A58-HID 14,  A80-ASP 26, A214-LYD 22:      -0.00028818 at      1.992 Ang (1.969 Ang by residue) in 4.0531 (sec).
 3-Body  A58-HID 14,  A80-ASP 26, A214-LYD 25:       0.00122954 at      2.030 Ang (1.969 Ang by residue) in 3.8476 (sec).
 3-Body  A58-HID 14,  A80-ASP 26, A214-LYD 26:      -0.00025426 at      2.148 Ang (1.969 Ang by residue) in 4.1278 (sec).
 3-Body  A58-HID 14,  A80-ASP 26, A214-LYD 27:      -0.00015291 at      2.190 Ang (1.969 Ang by residue) in 3.8918 (sec).
 3-Body  A58-HID 14,  A80-ASP 26, A214-LYS 44:       0.00369984 at      2.106 Ang (1.969 Ang by residue) in 4.1123 (sec).
 3-Body  A58-HID 14,  A80-ASP 26, A214-LYS 47:       0.00017730 at      2.007 Ang (1.969 Ang by residue) in 3.9170 (sec).
 3-Body  A58-HID 14,  A80-ASP 26, A214-LYS 49:       0.00511052 at      1.992 Ang (1.969 Ang by residue) in 4.1041 (sec).
 3-Body  A58-HID 14,  A80-ASP 26, A214-LYS 52:       0.00505140 at      2.030 Ang (1.969 Ang by residue) in 4.1064 (sec).
 3-Body  A58-HID 14,  A80-ASP 26, A214-LYS 53:       0.00477615 at      2.148 Ang (1.969 Ang by residue) in 3.9651 (sec).
 3-Body  A58-HID 14,  A80-ASP 26, A214-LYS 54:       0.00228336 at      2.190 Ang (1.969 Ang by residue) in 4.0902 (sec).
 3-Body  A58-HID 15,  A80-ASP 0 , A214-LYS 0 :       0.00823460 at      1.962 Ang (1.969 Ang by residue) in 4.1009 (sec).
 3-Body  A58-HID 15,  A80-ASP 0 , A214-LYD 1 :       0.00218813 at      1.962 Ang (1.969 Ang by residue) in 3.9134 (sec).
 3-Body  A58-HID 15,  A80-ASP 0 , A214-LYD 20:       0.00208321 at      1.925 Ang (1.969 Ang by residue) in 3.9002 (sec).
 3-Body  A58-HID 15,  A80-ASP 0 , A214-LYD 22:       0.00100375 at      1.929 Ang (1.969 Ang by residue) in 4.0605 (sec).
 3-Body  A58-HID 15,  A80-ASP 0 , A214-LYD 25:       0.00358288 at      1.965 Ang (1.969 Ang by residue) in 4.0116 (sec).
 3-Body  A58-HID 15,  A80-ASP 0 , A214-LYD 26:       0.00029302 at      2.122 Ang (1.969 Ang by residue) in 4.0949 (sec).
 3-Body  A58-HID 15,  A80-ASP 0 , A214-LYD 27:       0.00028979 at      2.128 Ang (1.969 Ang by residue) in 3.9707 (sec).
 3-Body  A58-HID 15,  A80-ASP 0 , A214-LYS 44:       0.00985406 at      2.063 Ang (1.969 Ang by residue) in 4.1162 (sec).
 3-Body  A58-HID 15,  A80-ASP 0 , A214-LYS 47:       0.00707507 at      1.925 Ang (1.969 Ang by residue) in 3.8828 (sec).
 3-Body  A58-HID 15,  A80-ASP 0 , A214-LYS 49:       0.02179554 at      1.929 Ang (1.969 Ang by residue) in 3.8745 (sec).
 3-Body  A58-HID 15,  A80-ASP 0 , A214-LYS 52:       0.01735084 at      1.965 Ang (1.969 Ang by residue) in 3.9842 (sec).
 3-Body  A58-HID 15,  A80-ASP 0 , A214-LYS 53:       0.00587913 at      2.122 Ang (1.969 Ang by residue) in 4.0187 (sec).
 3-Body  A58-HID 15,  A80-ASP 0 , A214-LYS 54:       0.00160485 at      2.128 Ang (1.969 Ang by residue) in 3.8368 (sec).
 3-Body  A58-HID 15,  A80-ASP 24, A214-LYS 0 :       0.01503179 at      1.996 Ang (1.969 Ang by residue) in 3.8825 (sec).
 3-Body  A58-HID 15,  A80-ASP 24, A214-LYD 1 :       0.00228969 at      1.996 Ang (1.969 Ang by residue) in 4.0407 (sec).
 3-Body  A58-HID 15,  A80-ASP 24, A214-LYD 20:       0.00173547 at      1.957 Ang (1.969 Ang by residue) in 3.8356 (sec).
 3-Body  A58-HID 15,  A80-ASP 24, A214-LYD 22:      -0.00032825 at      1.958 Ang (1.969 Ang by residue) in 3.8708 (sec).
 3-Body  A58-HID 15,  A80-ASP 24, A214-LYD 25:       0.00283860 at      2.006 Ang (1.969 Ang by residue) in 3.9392 (sec).
 3-Body  A58-HID 15,  A80-ASP 24, A214-LYD 26:       0.00020499 at      2.153 Ang (1.969 Ang by residue) in 3.9290 (sec).
 3-Body  A58-HID 15,  A80-ASP 24, A214-LYD 27:       0.00085233 at      2.161 Ang (1.969 Ang by residue) in 4.0119 (sec).
 3-Body  A58-HID 15,  A80-ASP 24, A214-LYS 44:       0.01680254 at      2.062 Ang (1.969 Ang by residue) in 3.9533 (sec).
 3-Body  A58-HID 15,  A80-ASP 24, A214-LYS 47:       0.01275407 at      1.957 Ang (1.969 Ang by residue) in 4.0574 (sec).
 3-Body  A58-HID 15,  A80-ASP 24, A214-LYS 49:       0.02647317 at      1.958 Ang (1.969 Ang by residue) in 4.0091 (sec).
 3-Body  A58-HID 15,  A80-ASP 24, A214-LYS 52:       0.02281139 at      2.006 Ang (1.969 Ang by residue) in 4.3054 (sec).
 3-Body  A58-HID 15,  A80-ASP 24, A214-LYS 53:       0.01306169 at      2.153 Ang (1.969 Ang by residue) in 4.1173 (sec).
 3-Body  A58-HID 15,  A80-ASP 24, A214-LYS 54:       0.00807298 at      2.161 Ang (1.969 Ang by residue) in 4.0366 (sec).
 3-Body  A58-HID 15,  A80-ASP 25, A214-LYS 0 :       0.00626704 at      1.963 Ang (1.969 Ang by residue) in 4.1737 (sec).
 3-Body  A58-HID 15,  A80-ASP 25, A214-LYD 1 :       0.00169428 at      1.963 Ang (1.969 Ang by residue) in 4.0866 (sec).
 3-Body  A58-HID 15,  A80-ASP 25, A214-LYD 20:       0.00168547 at      1.929 Ang (1.969 Ang by residue) in 3.9165 (sec).
 3-Body  A58-HID 15,  A80-ASP 25, A214-LYD 22:       0.00058788 at      1.930 Ang (1.969 Ang by residue) in 4.0609 (sec).
 3-Body  A58-HID 15,  A80-ASP 25, A214-LYD 25:       0.00314646 at      1.968 Ang (1.969 Ang by residue) in 4.0480 (sec).
 3-Body  A58-HID 15,  A80-ASP 25, A214-LYD 26:       0.00023957 at      2.123 Ang (1.969 Ang by residue) in 4.1340 (sec).
 3-Body  A58-HID 15,  A80-ASP 25, A214-LYD 27:       0.00020693 at      2.129 Ang (1.969 Ang by residue) in 4.1940 (sec).
 3-Body  A58-HID 15,  A80-ASP 25, A214-LYS 44:       0.00836309 at      2.061 Ang (1.969 Ang by residue) in 4.2463 (sec).
 3-Body  A58-HID 15,  A80-ASP 25, A214-LYS 47:       0.00543158 at      1.929 Ang (1.969 Ang by residue) in 4.2415 (sec).
 3-Body  A58-HID 15,  A80-ASP 25, A214-LYS 49:       0.01874618 at      1.930 Ang (1.969 Ang by residue) in 4.0712 (sec).
 3-Body  A58-HID 15,  A80-ASP 25, A214-LYS 52:       0.01451064 at      1.968 Ang (1.969 Ang by residue) in 4.0683 (sec).
 3-Body  A58-HID 15,  A80-ASP 25, A214-LYS 53:       0.00504116 at      2.123 Ang (1.969 Ang by residue) in 3.9318 (sec).
 3-Body  A58-HID 15,  A80-ASP 25, A214-LYS 54:       0.00104160 at      2.129 Ang (1.969 Ang by residue) in 3.8756 (sec).
 3-Body  A58-HID 15,  A80-ASP 26, A214-LYS 0 :      -0.00515922 at      2.013 Ang (1.969 Ang by residue) in 3.9086 (sec).
 3-Body  A58-HID 15,  A80-ASP 26, A214-LYD 1 :      -0.00146083 at      2.013 Ang (1.969 Ang by residue) in 3.9080 (sec).
 3-Body  A58-HID 15,  A80-ASP 26, A214-LYD 20:      -0.00180430 at      1.981 Ang (1.969 Ang by residue) in 4.0744 (sec).
 3-Body  A58-HID 15,  A80-ASP 26, A214-LYD 22:      -0.00106444 at      1.965 Ang (1.969 Ang by residue) in 3.9571 (sec).
 3-Body  A58-HID 15,  A80-ASP 26, A214-LYD 25:      -0.00055046 at      2.004 Ang (1.969 Ang by residue) in 3.8439 (sec).
 3-Body  A58-HID 15,  A80-ASP 26, A214-LYD 26:      -0.00023966 at      2.124 Ang (1.969 Ang by residue) in 3.9604 (sec).
 3-Body  A58-HID 15,  A80-ASP 26, A214-LYD 27:      -0.00075081 at      2.166 Ang (1.969 Ang by residue) in 3.8932 (sec).
 3-Body  A58-HID 15,  A80-ASP 26, A214-LYS 44:      -0.00495481 at      2.081 Ang (1.969 Ang by residue) in 3.8986 (sec).
 3-Body  A58-HID 15,  A80-ASP 26, A214-LYS 47:      -0.00622707 at      1.981 Ang (1.969 Ang by residue) in 3.9546 (sec).
 3-Body  A58-HID 15,  A80-ASP 26, A214-LYS 49:      -0.00721006 at      1.965 Ang (1.969 Ang by residue) in 3.9789 (sec).
 3-Body  A58-HID 15,  A80-ASP 26, A214-LYS 52:      -0.00563199 at      2.004 Ang (1.969 Ang by residue) in 4.0553 (sec).
 3-Body  A58-HID 15,  A80-ASP 26, A214-LYS 53:      -0.00350714 at      2.124 Ang (1.969 Ang by residue) in 4.0711 (sec).
 3-Body  A58-HID 15,  A80-ASP 26, A214-LYS 54:      -0.00327295 at      2.166 Ang (1.969 Ang by residue) in 4.2120 (sec).
 3-Body  A58-HID 17,  A80-ASP 0 , A214-LYS 0 :       0.00611332 at      2.027 Ang (1.969 Ang by residue) in 3.9192 (sec).
 3-Body  A58-HID 17,  A80-ASP 0 , A214-LYD 1 :       0.00192476 at      2.027 Ang (1.969 Ang by residue) in 3.9355 (sec).
 3-Body  A58-HID 17,  A80-ASP 0 , A214-LYD 20:       0.00187143 at      1.992 Ang (1.969 Ang by residue) in 3.9348 (sec).
 3-Body  A58-HID 17,  A80-ASP 0 , A214-LYD 22:       0.00134990 at      1.996 Ang (1.969 Ang by residue) in 3.7958 (sec).
 3-Body  A58-HID 17,  A80-ASP 0 , A214-LYD 25:       0.00239448 at      2.029 Ang (1.969 Ang by residue) in 3.8709 (sec).
 3-Body  A58-HID 17,  A80-ASP 0 , A214-LYD 26:       0.00053826 at      2.182 Ang (1.969 Ang by residue) in 4.0098 (sec).
 3-Body  A58-HID 17,  A80-ASP 0 , A214-LYD 27:       0.00059748 at      2.188 Ang (1.969 Ang by residue) in 3.9584 (sec).
 3-Body  A58-HID 17,  A80-ASP 0 , A214-LYS 44:       0.00623134 at      2.125 Ang (1.969 Ang by residue) in 4.1600 (sec).
 3-Body  A58-HID 17,  A80-ASP 0 , A214-LYS 47:       0.00574000 at      1.992 Ang (1.969 Ang by residue) in 3.9638 (sec).
 3-Body  A58-HID 17,  A80-ASP 0 , A214-LYS 49:       0.01218203 at      1.996 Ang (1.969 Ang by residue) in 4.3099 (sec).
 3-Body  A58-HID 17,  A80-ASP 0 , A214-LYS 52:       0.00965905 at      2.029 Ang (1.969 Ang by residue) in 4.2790 (sec).
 3-Body  A58-HID 17,  A80-ASP 0 , A214-LYS 53:       0.00430460 at      2.182 Ang (1.969 Ang by residue) in 4.0606 (sec).
 3-Body  A58-HID 17,  A80-ASP 0 , A214-LYS 54:       0.00248501 at      2.188 Ang (1.969 Ang by residue) in 4.0691 (sec).
 3-Body  A58-HID 17,  A80-ASP 24, A214-LYS 0 :       0.00671072 at      2.069 Ang (1.969 Ang by residue) in 4.0951 (sec).
 3-Body  A58-HID 17,  A80-ASP 24, A214-LYD 1 :       0.00181230 at      2.069 Ang (1.969 Ang by residue) in 4.0131 (sec).
 3-Body  A58-HID 17,  A80-ASP 24, A214-LYD 20:       0.00161826 at      2.032 Ang (1.969 Ang by residue) in 4.1394 (sec).
 3-Body  A58-HID 17,  A80-ASP 24, A214-LYD 22:       0.00095948 at      2.032 Ang (1.969 Ang by residue) in 4.0233 (sec).
 3-Body  A58-HID 17,  A80-ASP 24, A214-LYD 25:       0.00223750 at      2.078 Ang (1.969 Ang by residue) in 4.0685 (sec).
 3-Body  A58-HID 17,  A80-ASP 24, A214-LYD 26:       0.00054914 at      2.221 Ang (1.969 Ang by residue) in 4.0472 (sec).
 3-Body  A58-HID 17,  A80-ASP 24, A214-LYD 27:       0.00061664 at      2.229 Ang (1.969 Ang by residue) in 4.1841 (sec).
 3-Body  A58-HID 17,  A80-ASP 24, A214-LYS 44:       0.00689184 at      2.132 Ang (1.969 Ang by residue) in 3.9601 (sec).
 3-Body  A58-HID 17,  A80-ASP 24, A214-LYS 47:       0.00624604 at      2.032 Ang (1.969 Ang by residue) in 3.8936 (sec).
 3-Body  A58-HID 17,  A80-ASP 24, A214-LYS 49:       0.01268247 at      2.032 Ang (1.969 Ang by residue) in 4.3601 (sec).
 3-Body  A58-HID 17,  A80-ASP 24, A214-LYS 52:       0.01025112 at      2.078 Ang (1.969 Ang by residue) in 4.3521 (sec).
 3-Body  A58-HID 17,  A80-ASP 24, A214-LYS 53:       0.00484359 at      2.221 Ang (1.969 Ang by residue) in 4.0242 (sec).
 3-Body  A58-HID 17,  A80-ASP 24, A214-LYS 54:       0.00297200 at      2.229 Ang (1.969 Ang by residue) in 4.0307 (sec).
 3-Body  A58-HID 17,  A80-ASP 25, A214-LYS 0 :       0.00552533 at      2.048 Ang (1.969 Ang by residue) in 4.2294 (sec).
 3-Body  A58-HID 17,  A80-ASP 25, A214-LYD 1 :       0.00179872 at      2.048 Ang (1.969 Ang by residue) in 4.0642 (sec).
 3-Body  A58-HID 17,  A80-ASP 25, A214-LYD 20:       0.00172917 at      2.016 Ang (1.969 Ang by residue) in 4.0711 (sec).
 3-Body  A58-HID 17,  A80-ASP 25, A214-LYD 22:       0.00123998 at      2.018 Ang (1.969 Ang by residue) in 4.2226 (sec).
 3-Body  A58-HID 17,  A80-ASP 25, A214-LYD 25:       0.00235902 at      2.053 Ang (1.969 Ang by residue) in 4.1207 (sec).
 3-Body  A58-HID 17,  A80-ASP 25, A214-LYD 26:       0.00056490 at      2.202 Ang (1.969 Ang by residue) in 4.0476 (sec).
 3-Body  A58-HID 17,  A80-ASP 25, A214-LYD 27:       0.00059261 at      2.208 Ang (1.969 Ang by residue) in 3.9898 (sec).
 3-Body  A58-HID 17,  A80-ASP 25, A214-LYS 44:       0.00588904 at      2.142 Ang (1.969 Ang by residue) in 3.9756 (sec).
 3-Body  A58-HID 17,  A80-ASP 25, A214-LYS 47:       0.00512133 at      2.016 Ang (1.969 Ang by residue) in 4.0167 (sec).
 3-Body  A58-HID 17,  A80-ASP 25, A214-LYS 49:       0.01145172 at      2.018 Ang (1.969 Ang by residue) in 3.9149 (sec).
 3-Body  A58-HID 17,  A80-ASP 25, A214-LYS 52:       0.00901498 at      2.053 Ang (1.969 Ang by residue) in 4.0849 (sec).
 3-Body  A58-HID 17,  A80-ASP 25, A214-LYS 53:       0.00414795 at      2.202 Ang (1.969 Ang by residue) in 4.0235 (sec).
 3-Body  A58-HID 17,  A80-ASP 25, A214-LYS 54:       0.00228672 at      2.208 Ang (1.969 Ang by residue) in 3.9198 (sec).
 3-Body  A58-HID 17,  A80-ASP 26, A214-LYS 0 :      -0.00016173 at      2.138 Ang (1.969 Ang by residue) in 3.9516 (sec).
 3-Body  A58-HID 17,  A80-ASP 26, A214-LYD 1 :       0.00005691 at      2.138 Ang (1.969 Ang by residue) in 4.0695 (sec).
 3-Body  A58-HID 17,  A80-ASP 26, A214-LYD 20:       0.00009087 at      2.108 Ang (1.969 Ang by residue) in 4.1275 (sec).
 3-Body  A58-HID 17,  A80-ASP 26, A214-LYD 22:       0.00022715 at      2.093 Ang (1.969 Ang by residue) in 4.1134 (sec).
 3-Body  A58-HID 17,  A80-ASP 26, A214-LYD 25:       0.00011323 at      2.129 Ang (1.969 Ang by residue) in 3.9727 (sec).
 3-Body  A58-HID 17,  A80-ASP 26, A214-LYD 26:       0.00008865 at      2.242 Ang (1.969 Ang by residue) in 4.0686 (sec).
 3-Body  A58-HID 17,  A80-ASP 26, A214-LYD 27:      -0.00000653 at      2.283 Ang (1.969 Ang by residue) in 3.9377 (sec).
 3-Body  A58-HID 17,  A80-ASP 26, A214-LYS 44:      -0.00037259 at      2.201 Ang (1.969 Ang by residue) in 3.9304 (sec).
 3-Body  A58-HID 17,  A80-ASP 26, A214-LYS 47:      -0.00022637 at      2.108 Ang (1.969 Ang by residue) in 3.8823 (sec).
 3-Body  A58-HID 17,  A80-ASP 26, A214-LYS 49:      -0.00021687 at      2.093 Ang (1.969 Ang by residue) in 3.9957 (sec).
 3-Body  A58-HID 17,  A80-ASP 26, A214-LYS 52:      -0.00022011 at      2.129 Ang (1.969 Ang by residue) in 3.8610 (sec).
 3-Body  A58-HID 17,  A80-ASP 26, A214-LYS 53:      -0.00022475 at      2.242 Ang (1.969 Ang by residue) in 3.9759 (sec).
 3-Body  A58-HID 17,  A80-ASP 26, A214-LYS 54:      -0.00023699 at      2.283 Ang (1.969 Ang by residue) in 3.9284 (sec).
 3-Body  A58-HIE 21,  A80-ASP 0 , A214-LYS 0 :       0.00489465 at      1.975 Ang (1.969 Ang by residue) in 3.9947 (sec).
 3-Body  A58-HIE 21,  A80-ASP 0 , A214-LYD 1 :      -0.00047965 at      1.975 Ang (1.969 Ang by residue) in 3.9865 (sec).
 3-Body  A58-HIE 21,  A80-ASP 0 , A214-LYD 20:      -0.00019273 at      1.939 Ang (1.969 Ang by residue) in 4.0419 (sec).
 3-Body  A58-HIE 21,  A80-ASP 0 , A214-LYD 22:      -0.00275604 at      1.943 Ang (1.969 Ang by residue) in 3.9575 (sec).
 3-Body  A58-HIE 21,  A80-ASP 0 , A214-LYD 25:      -0.00024102 at      1.979 Ang (1.969 Ang by residue) in 3.9679 (sec).
 3-Body  A58-HIE 21,  A80-ASP 0 , A214-LYD 26:      -0.00124877 at      2.135 Ang (1.969 Ang by residue) in 4.0925 (sec).
 3-Body  A58-HIE 21,  A80-ASP 0 , A214-LYD 27:      -0.00085580 at      2.140 Ang (1.969 Ang by residue) in 3.8938 (sec).
 3-Body  A58-HIE 21,  A80-ASP 0 , A214-LYS 44:       0.00644648 at      2.076 Ang (1.969 Ang by residue) in 4.0882 (sec).
 3-Body  A58-HIE 21,  A80-ASP 0 , A214-LYS 47:       0.00491692 at      1.939 Ang (1.969 Ang by residue) in 4.0950 (sec).
 3-Body  A58-HIE 21,  A80-ASP 0 , A214-LYS 49:       0.01468667 at      1.943 Ang (1.969 Ang by residue) in 4.0663 (sec).
 3-Body  A58-HIE 21,  A80-ASP 0 , A214-LYS 52:       0.01192053 at      1.979 Ang (1.969 Ang by residue) in 4.1854 (sec).
 3-Body  A58-HIE 21,  A80-ASP 0 , A214-LYS 53:       0.00239855 at      2.135 Ang (1.969 Ang by residue) in 4.1610 (sec).
 3-Body  A58-HIE 21,  A80-ASP 0 , A214-LYS 54:      -0.00015284 at      2.140 Ang (1.969 Ang by residue) in 4.1280 (sec).
 3-Body  A58-HIE 21,  A80-ASP 24, A214-LYS 0 :       0.00515668 at      2.031 Ang (1.969 Ang by residue) in 4.0774 (sec).
 3-Body  A58-HIE 21,  A80-ASP 24, A214-LYD 1 :      -0.00104575 at      2.031 Ang (1.969 Ang by residue) in 4.1472 (sec).
 3-Body  A58-HIE 21,  A80-ASP 24, A214-LYD 20:      -0.00123030 at      1.993 Ang (1.969 Ang by residue) in 3.9670 (sec).
 3-Body  A58-HIE 21,  A80-ASP 24, A214-LYD 22:      -0.00391759 at      1.993 Ang (1.969 Ang by residue) in 3.8354 (sec).
 3-Body  A58-HIE 21,  A80-ASP 24, A214-LYD 25:      -0.00088721 at      2.041 Ang (1.969 Ang by residue) in 4.0792 (sec).
 3-Body  A58-HIE 21,  A80-ASP 24, A214-LYD 26:      -0.00130835 at      2.186 Ang (1.969 Ang by residue) in 3.7632 (sec).
 3-Body  A58-HIE 21,  A80-ASP 24, A214-LYD 27:      -0.00075556 at      2.194 Ang (1.969 Ang by residue) in 3.9032 (sec).
 3-Body  A58-HIE 21,  A80-ASP 24, A214-LYS 44:       0.00714846 at      2.096 Ang (1.969 Ang by residue) in 3.9979 (sec).
 3-Body  A58-HIE 21,  A80-ASP 24, A214-LYS 47:       0.00406113 at      1.993 Ang (1.969 Ang by residue) in 3.8932 (sec).
 3-Body  A58-HIE 21,  A80-ASP 24, A214-LYS 49:       0.01167385 at      1.993 Ang (1.969 Ang by residue) in 3.9143 (sec).
 3-Body  A58-HIE 21,  A80-ASP 24, A214-LYS 52:       0.01035412 at      2.041 Ang (1.969 Ang by residue) in 4.0728 (sec).
 3-Body  A58-HIE 21,  A80-ASP 24, A214-LYS 53:       0.00405930 at      2.186 Ang (1.969 Ang by residue) in 3.9016 (sec).
 3-Body  A58-HIE 21,  A80-ASP 24, A214-LYS 54:       0.00145097 at      2.194 Ang (1.969 Ang by residue) in 3.9443 (sec).
 3-Body  A58-HIE 21,  A80-ASP 25, A214-LYS 0 :       0.00375909 at      1.977 Ang (1.969 Ang by residue) in 3.8582 (sec).
 3-Body  A58-HIE 21,  A80-ASP 25, A214-LYD 1 :      -0.00049714 at      1.977 Ang (1.969 Ang by residue) in 3.9651 (sec).
 3-Body  A58-HIE 21,  A80-ASP 25, A214-LYD 20:      -0.00012329 at      1.943 Ang (1.969 Ang by residue) in 4.0054 (sec).
 3-Body  A58-HIE 21,  A80-ASP 25, A214-LYD 22:      -0.00261640 at      1.945 Ang (1.969 Ang by residue) in 4.1421 (sec).
 3-Body  A58-HIE 21,  A80-ASP 25, A214-LYD 25:      -0.00003157 at      1.982 Ang (1.969 Ang by residue) in 4.0943 (sec).
 3-Body  A58-HIE 21,  A80-ASP 25, A214-LYD 26:      -0.00124025 at      2.136 Ang (1.969 Ang by residue) in 3.9207 (sec).
 3-Body  A58-HIE 21,  A80-ASP 25, A214-LYD 27:      -0.00084518 at      2.142 Ang (1.969 Ang by residue) in 4.1302 (sec).
 3-Body  A58-HIE 21,  A80-ASP 25, A214-LYS 44:       0.00575883 at      2.075 Ang (1.969 Ang by residue) in 4.0988 (sec).
 3-Body  A58-HIE 21,  A80-ASP 25, A214-LYS 47:       0.00395643 at      1.943 Ang (1.969 Ang by residue) in 4.1642 (sec).
 3-Body  A58-HIE 21,  A80-ASP 25, A214-LYS 49:       0.01365575 at      1.945 Ang (1.969 Ang by residue) in 4.0342 (sec).
 3-Body  A58-HIE 21,  A80-ASP 25, A214-LYS 52:       0.01060208 at      1.982 Ang (1.969 Ang by residue) in 4.0231 (sec).
 3-Body  A58-HIE 21,  A80-ASP 25, A214-LYS 53:       0.00207641 at      2.136 Ang (1.969 Ang by residue) in 4.0050 (sec).
 3-Body  A58-HIE 21,  A80-ASP 25, A214-LYS 54:      -0.00048868 at      2.142 Ang (1.969 Ang by residue) in 3.7818 (sec).
 3-Body  A58-HIE 21,  A80-ASP 26, A214-LYS 0 :       0.00816830 at      2.009 Ang (1.969 Ang by residue) in 3.7907 (sec).
 3-Body  A58-HIE 21,  A80-ASP 26, A214-LYD 1 :      -0.00000303 at      2.009 Ang (1.969 Ang by residue) in 3.7368 (sec).
 3-Body  A58-HIE 21,  A80-ASP 26, A214-LYD 20:      -0.00035164 at      1.977 Ang (1.969 Ang by residue) in 3.7032 (sec).
 3-Body  A58-HIE 21,  A80-ASP 26, A214-LYD 22:      -0.00121917 at      1.961 Ang (1.969 Ang by residue) in 3.9984 (sec).
 3-Body  A58-HIE 21,  A80-ASP 26, A214-LYD 25:      -0.00008856 at      2.000 Ang (1.969 Ang by residue) in 4.0510 (sec).
 3-Body  A58-HIE 21,  A80-ASP 26, A214-LYD 26:      -0.00029060 at      2.120 Ang (1.969 Ang by residue) in 3.9902 (sec).
 3-Body  A58-HIE 21,  A80-ASP 26, A214-LYD 27:       0.00023410 at      2.163 Ang (1.969 Ang by residue) in 3.8577 (sec).
 3-Body  A58-HIE 21,  A80-ASP 26, A214-LYS 44:       0.00808731 at      2.077 Ang (1.969 Ang by residue) in 3.9440 (sec).
 3-Body  A58-HIE 21,  A80-ASP 26, A214-LYS 47:       0.00669445 at      1.977 Ang (1.969 Ang by residue) in 3.8458 (sec).
 3-Body  A58-HIE 21,  A80-ASP 26, A214-LYS 49:       0.00876326 at      1.961 Ang (1.969 Ang by residue) in 4.0728 (sec).
 3-Body  A58-HIE 21,  A80-ASP 26, A214-LYS 52:       0.00936579 at      2.000 Ang (1.969 Ang by residue) in 3.9951 (sec).
 3-Body  A58-HIE 21,  A80-ASP 26, A214-LYS 53:       0.00791104 at      2.120 Ang (1.969 Ang by residue) in 3.9633 (sec).
 3-Body  A58-HIE 21,  A80-ASP 26, A214-LYS 54:       0.00662856 at      2.163 Ang (1.969 Ang by residue) in 4.1010 (sec).
 3-Body  A58-HIE 22,  A80-ASP 0 , A214-LYS 0 :       0.00660609 at      2.026 Ang (1.969 Ang by residue) in 4.0671 (sec).
 3-Body  A58-HIE 22,  A80-ASP 0 , A214-LYD 1 :       0.00040474 at      2.026 Ang (1.969 Ang by residue) in 3.8814 (sec).
 3-Body  A58-HIE 22,  A80-ASP 0 , A214-LYD 20:       0.00036708 at      1.990 Ang (1.969 Ang by residue) in 4.0913 (sec).
 3-Body  A58-HIE 22,  A80-ASP 0 , A214-LYD 22:      -0.00179426 at      1.994 Ang (1.969 Ang by residue) in 4.0326 (sec).
 3-Body  A58-HIE 22,  A80-ASP 0 , A214-LYD 25:       0.00093627 at      2.029 Ang (1.969 Ang by residue) in 3.7391 (sec).
 3-Body  A58-HIE 22,  A80-ASP 0 , A214-LYD 26:      -0.00076327 at      2.181 Ang (1.969 Ang by residue) in 3.7304 (sec).
 3-Body  A58-HIE 22,  A80-ASP 0 , A214-LYD 27:      -0.00043080 at      2.187 Ang (1.969 Ang by residue) in 3.9706 (sec).
 3-Body  A58-HIE 22,  A80-ASP 0 , A214-LYS 44:       0.00793986 at      2.124 Ang (1.969 Ang by residue) in 3.9031 (sec).
 3-Body  A58-HIE 22,  A80-ASP 0 , A214-LYS 47:       0.00611442 at      1.990 Ang (1.969 Ang by residue) in 4.0426 (sec).
 3-Body  A58-HIE 22,  A80-ASP 0 , A214-LYS 49:       0.01705349 at      1.994 Ang (1.969 Ang by residue) in 4.0531 (sec).
 3-Body  A58-HIE 22,  A80-ASP 0 , A214-LYS 52:       0.01382114 at      2.029 Ang (1.969 Ang by residue) in 4.0044 (sec).
 3-Body  A58-HIE 22,  A80-ASP 0 , A214-LYS 53:       0.00398483 at      2.181 Ang (1.969 Ang by residue) in 4.0291 (sec).
 3-Body  A58-HIE 22,  A80-ASP 0 , A214-LYS 54:       0.00110886 at      2.187 Ang (1.969 Ang by residue) in 3.8973 (sec).
 3-Body  A58-HIE 22,  A80-ASP 24, A214-LYS 0 :       0.00760718 at      2.066 Ang (1.969 Ang by residue) in 4.0485 (sec).
 3-Body  A58-HIE 22,  A80-ASP 24, A214-LYD 1 :      -0.00000416 at      2.066 Ang (1.969 Ang by residue) in 3.8087 (sec).
 3-Body  A58-HIE 22,  A80-ASP 24, A214-LYD 20:      -0.00053216 at      2.029 Ang (1.969 Ang by residue) in 3.8772 (sec).
 3-Body  A58-HIE 22,  A80-ASP 24, A214-LYD 22:      -0.00235556 at      2.029 Ang (1.969 Ang by residue) in 3.9394 (sec).
 3-Body  A58-HIE 22,  A80-ASP 24, A214-LYD 25:      -0.00021512 at      2.076 Ang (1.969 Ang by residue) in 3.9133 (sec).
 3-Body  A58-HIE 22,  A80-ASP 24, A214-LYD 26:      -0.00057567 at      2.218 Ang (1.969 Ang by residue) in 4.0034 (sec).
 3-Body  A58-HIE 22,  A80-ASP 24, A214-LYD 27:      -0.00018876 at      2.226 Ang (1.969 Ang by residue) in 3.7355 (sec).
 3-Body  A58-HIE 22,  A80-ASP 24, A214-LYS 44:       0.00819758 at      2.130 Ang (1.969 Ang by residue) in 3.9010 (sec).
 3-Body  A58-HIE 22,  A80-ASP 24, A214-LYS 47:       0.00618948 at      2.029 Ang (1.969 Ang by residue) in 4.0706 (sec).
 3-Body  A58-HIE 22,  A80-ASP 24, A214-LYS 49:       0.01248141 at      2.029 Ang (1.969 Ang by residue) in 3.8750 (sec).
 3-Body  A58-HIE 22,  A80-ASP 24, A214-LYS 52:       0.01152831 at      2.076 Ang (1.969 Ang by residue) in 4.0882 (sec).
 3-Body  A58-HIE 22,  A80-ASP 24, A214-LYS 53:       0.00515618 at      2.218 Ang (1.969 Ang by residue) in 3.9874 (sec).
 3-Body  A58-HIE 22,  A80-ASP 24, A214-LYS 54:       0.00318051 at      2.226 Ang (1.969 Ang by residue) in 4.2546 (sec).
 3-Body  A58-HIE 22,  A80-ASP 25, A214-LYS 0 :       0.00545731 at      2.042 Ang (1.969 Ang by residue) in 3.9790 (sec).
 3-Body  A58-HIE 22,  A80-ASP 25, A214-LYD 1 :       0.00045363 at      2.042 Ang (1.969 Ang by residue) in 4.0061 (sec).
 3-Body  A58-HIE 22,  A80-ASP 25, A214-LYD 20:       0.00045043 at      2.008 Ang (1.969 Ang by residue) in 3.9851 (sec).
 3-Body  A58-HIE 22,  A80-ASP 25, A214-LYD 22:      -0.00139600 at      2.010 Ang (1.969 Ang by residue) in 4.0669 (sec).
 3-Body  A58-HIE 22,  A80-ASP 25, A214-LYD 25:       0.00106251 at      2.047 Ang (1.969 Ang by residue) in 4.0797 (sec).
 3-Body  A58-HIE 22,  A80-ASP 25, A214-LYD 26:      -0.00060979 at      2.196 Ang (1.969 Ang by residue) in 4.1104 (sec).
 3-Body  A58-HIE 22,  A80-ASP 25, A214-LYD 27:      -0.00032443 at      2.202 Ang (1.969 Ang by residue) in 3.8383 (sec).
 3-Body  A58-HIE 22,  A80-ASP 25, A214-LYS 44:       0.00694967 at      2.136 Ang (1.969 Ang by residue) in 3.8392 (sec).
 3-Body  A58-HIE 22,  A80-ASP 25, A214-LYS 47:       0.00510081 at      2.008 Ang (1.969 Ang by residue) in 3.8838 (sec).
 3-Body  A58-HIE 22,  A80-ASP 25, A214-LYS 49:       0.01490476 at      2.010 Ang (1.969 Ang by residue) in 3.8756 (sec).
 3-Body  A58-HIE 22,  A80-ASP 25, A214-LYS 52:       0.01179705 at      2.047 Ang (1.969 Ang by residue) in 3.8451 (sec).
 3-Body  A58-HIE 22,  A80-ASP 25, A214-LYS 53:       0.00362624 at      2.196 Ang (1.969 Ang by residue) in 3.9101 (sec).
 3-Body  A58-HIE 22,  A80-ASP 25, A214-LYS 54:       0.00094119 at      2.202 Ang (1.969 Ang by residue) in 3.8106 (sec).
 3-Body  A58-HIE 22,  A80-ASP 26, A214-LYS 0 :       0.00687335 at      2.037 Ang (1.969 Ang by residue) in 3.9738 (sec).
 3-Body  A58-HIE 22,  A80-ASP 26, A214-LYD 1 :      -0.00005775 at      2.037 Ang (1.969 Ang by residue) in 3.8891 (sec).
 3-Body  A58-HIE 22,  A80-ASP 26, A214-LYD 20:      -0.00072408 at      2.005 Ang (1.969 Ang by residue) in 3.9442 (sec).
 3-Body  A58-HIE 22,  A80-ASP 26, A214-LYD 22:      -0.00117836 at      1.990 Ang (1.969 Ang by residue) in 3.9042 (sec).
 3-Body  A58-HIE 22,  A80-ASP 26, A214-LYD 25:       0.00068513 at      2.028 Ang (1.969 Ang by residue) in 4.0293 (sec).
 3-Body  A58-HIE 22,  A80-ASP 26, A214-LYD 26:      -0.00024880 at      2.147 Ang (1.969 Ang by residue) in 3.8799 (sec).
 3-Body  A58-HIE 22,  A80-ASP 26, A214-LYD 27:       0.00014545 at      2.189 Ang (1.969 Ang by residue) in 3.9367 (sec).
 3-Body  A58-HIE 22,  A80-ASP 26, A214-LYS 44:       0.00755064 at      2.104 Ang (1.969 Ang by residue) in 3.9258 (sec).
 3-Body  A58-HIE 22,  A80-ASP 26, A214-LYS 47:       0.00383799 at      2.005 Ang (1.969 Ang by residue) in 3.8207 (sec).
 3-Body  A58-HIE 22,  A80-ASP 26, A214-LYS 49:       0.00816466 at      1.990 Ang (1.969 Ang by residue) in 3.9618 (sec).
 3-Body  A58-HIE 22,  A80-ASP 26, A214-LYS 52:       0.00896253 at      2.028 Ang (1.969 Ang by residue) in 3.9493 (sec).
 3-Body  A58-HIE 22,  A80-ASP 26, A214-LYS 53:       0.00788693 at      2.147 Ang (1.969 Ang by residue) in 3.9654 (sec).
 3-Body  A58-HIE 22,  A80-ASP 26, A214-LYS 54:       0.00584159 at      2.189 Ang (1.969 Ang by residue) in 3.9139 (sec).
 3-Body  A58-HIE 23,  A80-ASP 0 , A214-LYS 0 :       0.01036813 at      1.962 Ang (1.969 Ang by residue) in 3.9373 (sec).
 3-Body  A58-HIE 23,  A80-ASP 0 , A214-LYD 1 :       0.00297903 at      1.962 Ang (1.969 Ang by residue) in 3.8200 (sec).
 3-Body  A58-HIE 23,  A80-ASP 0 , A214-LYD 20:       0.00269641 at      1.926 Ang (1.969 Ang by residue) in 3.9483 (sec).
 3-Body  A58-HIE 23,  A80-ASP 0 , A214-LYD 22:       0.00182630 at      1.930 Ang (1.969 Ang by residue) in 3.8898 (sec).
 3-Body  A58-HIE 23,  A80-ASP 0 , A214-LYD 25:       0.00437720 at      1.966 Ang (1.969 Ang by residue) in 3.9117 (sec).
 3-Body  A58-HIE 23,  A80-ASP 0 , A214-LYD 26:       0.00063015 at      2.123 Ang (1.969 Ang by residue) in 3.7911 (sec).
 3-Body  A58-HIE 23,  A80-ASP 0 , A214-LYD 27:       0.00063861 at      2.128 Ang (1.969 Ang by residue) in 4.0364 (sec).
 3-Body  A58-HIE 23,  A80-ASP 0 , A214-LYS 44:       0.01183251 at      2.064 Ang (1.969 Ang by residue) in 4.0160 (sec).
 3-Body  A58-HIE 23,  A80-ASP 0 , A214-LYS 47:       0.00875546 at      1.926 Ang (1.969 Ang by residue) in 4.0271 (sec).
 3-Body  A58-HIE 23,  A80-ASP 0 , A214-LYS 49:       0.02467800 at      1.930 Ang (1.969 Ang by residue) in 4.0226 (sec).
 3-Body  A58-HIE 23,  A80-ASP 0 , A214-LYS 52:       0.01993839 at      1.966 Ang (1.969 Ang by residue) in 3.9115 (sec).
 3-Body  A58-HIE 23,  A80-ASP 0 , A214-LYS 53:       0.00764767 at      2.123 Ang (1.969 Ang by residue) in 3.7689 (sec).
 3-Body  A58-HIE 23,  A80-ASP 0 , A214-LYS 54:       0.00293001 at      2.128 Ang (1.969 Ang by residue) in 3.8438 (sec).
 3-Body  A58-HIE 23,  A80-ASP 24, A214-LYS 0 :       0.01749989 at      1.990 Ang (1.969 Ang by residue) in 3.7803 (sec).
 3-Body  A58-HIE 23,  A80-ASP 24, A214-LYD 1 :       0.00300308 at      1.990 Ang (1.969 Ang by residue) in 3.6082 (sec).
 3-Body  A58-HIE 23,  A80-ASP 24, A214-LYD 20:       0.00223809 at      1.951 Ang (1.969 Ang by residue) in 3.8964 (sec).
 3-Body  A58-HIE 23,  A80-ASP 24, A214-LYD 22:       0.00030553 at      1.952 Ang (1.969 Ang by residue) in 4.1739 (sec).
 3-Body  A58-HIE 23,  A80-ASP 24, A214-LYD 25:       0.00362164 at      2.000 Ang (1.969 Ang by residue) in 4.0193 (sec).
 3-Body  A58-HIE 23,  A80-ASP 24, A214-LYD 26:       0.00051827 at      2.148 Ang (1.969 Ang by residue) in 4.1154 (sec).
 3-Body  A58-HIE 23,  A80-ASP 24, A214-LYD 27:       0.00120595 at      2.156 Ang (1.969 Ang by residue) in 3.7863 (sec).
 3-Body  A58-HIE 23,  A80-ASP 24, A214-LYS 44:       0.01926276 at      2.057 Ang (1.969 Ang by residue) in 3.9431 (sec).
 3-Body  A58-HIE 23,  A80-ASP 24, A214-LYS 47:       0.01464033 at      1.951 Ang (1.969 Ang by residue) in 3.8042 (sec).
 3-Body  A58-HIE 23,  A80-ASP 24, A214-LYS 49:       0.02978566 at      1.952 Ang (1.969 Ang by residue) in 3.8039 (sec).
 3-Body  A58-HIE 23,  A80-ASP 24, A214-LYS 52:       0.02587798 at      2.000 Ang (1.969 Ang by residue) in 3.8068 (sec).
 3-Body  A58-HIE 23,  A80-ASP 24, A214-LYS 53:       0.01534562 at      2.148 Ang (1.969 Ang by residue) in 3.9188 (sec).
 3-Body  A58-HIE 23,  A80-ASP 24, A214-LYS 54:       0.00974013 at      2.156 Ang (1.969 Ang by residue) in 4.0365 (sec).
 3-Body  A58-HIE 23,  A80-ASP 25, A214-LYS 0 :       0.00839272 at      1.964 Ang (1.969 Ang by residue) in 3.9811 (sec).
 3-Body  A58-HIE 23,  A80-ASP 25, A214-LYD 1 :       0.00240363 at      1.964 Ang (1.969 Ang by residue) in 3.8476 (sec).
 3-Body  A58-HIE 23,  A80-ASP 25, A214-LYD 20:       0.00222930 at      1.929 Ang (1.969 Ang by residue) in 3.9912 (sec).
 3-Body  A58-HIE 23,  A80-ASP 25, A214-LYD 22:       0.00129035 at      1.931 Ang (1.969 Ang by residue) in 3.9610 (sec).
 3-Body  A58-HIE 23,  A80-ASP 25, A214-LYD 25:       0.00390080 at      1.969 Ang (1.969 Ang by residue) in 3.9714 (sec).
 3-Body  A58-HIE 23,  A80-ASP 25, A214-LYD 26:       0.00054999 at      2.124 Ang (1.969 Ang by residue) in 4.1206 (sec).
 3-Body  A58-HIE 23,  A80-ASP 25, A214-LYD 27:       0.00053488 at      2.130 Ang (1.969 Ang by residue) in 4.0686 (sec).
 3-Body  A58-HIE 23,  A80-ASP 25, A214-LYS 44:       0.01041047 at      2.062 Ang (1.969 Ang by residue) in 4.0347 (sec).
 3-Body  A58-HIE 23,  A80-ASP 25, A214-LYS 47:       0.00710099 at      1.929 Ang (1.969 Ang by residue) in 4.0117 (sec).
 3-Body  A58-HIE 23,  A80-ASP 25, A214-LYS 49:       0.02168142 at      1.931 Ang (1.969 Ang by residue) in 3.9887 (sec).
 3-Body  A58-HIE 23,  A80-ASP 25, A214-LYS 52:       0.01714549 at      1.969 Ang (1.969 Ang by residue) in 4.1601 (sec).
 3-Body  A58-HIE 23,  A80-ASP 25, A214-LYS 53:       0.00690728 at      2.124 Ang (1.969 Ang by residue) in 4.2380 (sec).
 3-Body  A58-HIE 23,  A80-ASP 25, A214-LYS 54:       0.00241014 at      2.130 Ang (1.969 Ang by residue) in 3.9123 (sec).
 3-Body  A58-HIE 23,  A80-ASP 26, A214-LYS 0 :       0.00146869 at      2.014 Ang (1.969 Ang by residue) in 4.2993 (sec).
 3-Body  A58-HIE 23,  A80-ASP 26, A214-LYD 1 :      -0.00087447 at      2.014 Ang (1.969 Ang by residue) in 4.0832 (sec).
 3-Body  A58-HIE 23,  A80-ASP 26, A214-LYD 20:      -0.00137180 at      1.982 Ang (1.969 Ang by residue) in 4.0543 (sec).
 3-Body  A58-HIE 23,  A80-ASP 26, A214-LYD 22:      -0.00117759 at      1.967 Ang (1.969 Ang by residue) in 3.8868 (sec).
 3-Body  A58-HIE 23,  A80-ASP 26, A214-LYD 25:       0.00018482 at      2.006 Ang (1.969 Ang by residue) in 3.9716 (sec).
 3-Body  A58-HIE 23,  A80-ASP 26, A214-LYD 26:      -0.00023814 at      2.125 Ang (1.969 Ang by residue) in 3.9465 (sec).
 3-Body  A58-HIE 23,  A80-ASP 26, A214-LYD 27:      -0.00029427 at      2.168 Ang (1.969 Ang by residue) in 3.8540 (sec).
 3-Body  A58-HIE 23,  A80-ASP 26, A214-LYS 44:       0.00228562 at      2.082 Ang (1.969 Ang by residue) in 3.9111 (sec).
 3-Body  A58-HIE 23,  A80-ASP 26, A214-LYS 47:      -0.00072188 at      1.982 Ang (1.969 Ang by residue) in 4.1519 (sec).
 3-Body  A58-HIE 23,  A80-ASP 26, A214-LYS 49:       0.00128523 at      1.967 Ang (1.969 Ang by residue) in 3.8337 (sec).
 3-Body  A58-HIE 23,  A80-ASP 26, A214-LYS 52:       0.00254642 at      2.006 Ang (1.969 Ang by residue) in 3.9958 (sec).
 3-Body  A58-HIE 23,  A80-ASP 26, A214-LYS 53:       0.00362083 at      2.125 Ang (1.969 Ang by residue) in 4.0324 (sec).
 3-Body  A58-HIE 23,  A80-ASP 26, A214-LYS 54:       0.00214180 at      2.168 Ang (1.969 Ang by residue) in 3.9486 (sec).
 3-Body  A58-HIE 25,  A80-ASP 0 , A214-LYS 0 :       0.00303333 at      2.027 Ang (1.969 Ang by residue) in 3.8612 (sec).
 3-Body  A58-HIE 25,  A80-ASP 0 , A214-LYD 1 :       0.00027586 at      2.027 Ang (1.969 Ang by residue) in 4.0435 (sec).
 3-Body  A58-HIE 25,  A80-ASP 0 , A214-LYD 20:       0.00032238 at      1.992 Ang (1.969 Ang by residue) in 3.8082 (sec).
 3-Body  A58-HIE 25,  A80-ASP 0 , A214-LYD 22:      -0.00068525 at      1.996 Ang (1.969 Ang by residue) in 3.9707 (sec).
 3-Body  A58-HIE 25,  A80-ASP 0 , A214-LYD 25:       0.00058441 at      2.029 Ang (1.969 Ang by residue) in 3.9811 (sec).
 3-Body  A58-HIE 25,  A80-ASP 0 , A214-LYD 26:      -0.00021303 at      2.182 Ang (1.969 Ang by residue) in 3.8281 (sec).
 3-Body  A58-HIE 25,  A80-ASP 0 , A214-LYD 27:      -0.00006433 at      2.188 Ang (1.969 Ang by residue) in 3.9370 (sec).
 3-Body  A58-HIE 25,  A80-ASP 0 , A214-LYS 44:       0.00367767 at      2.125 Ang (1.969 Ang by residue) in 3.9966 (sec).
 3-Body  A58-HIE 25,  A80-ASP 0 , A214-LYS 47:       0.00297042 at      1.992 Ang (1.969 Ang by residue) in 4.0609 (sec).
 3-Body  A58-HIE 25,  A80-ASP 0 , A214-LYS 49:       0.00732513 at      1.996 Ang (1.969 Ang by residue) in 3.9522 (sec).
 3-Body  A58-HIE 25,  A80-ASP 0 , A214-LYS 52:       0.00592213 at      2.029 Ang (1.969 Ang by residue) in 4.0830 (sec).
 3-Body  A58-HIE 25,  A80-ASP 0 , A214-LYS 53:       0.00213066 at      2.182 Ang (1.969 Ang by residue) in 4.1402 (sec).
 3-Body  A58-HIE 25,  A80-ASP 0 , A214-LYS 54:       0.00091229 at      2.188 Ang (1.969 Ang by residue) in 3.8254 (sec).
 3-Body  A58-HIE 25,  A80-ASP 24, A214-LYS 0 :       0.00444378 at      2.069 Ang (1.969 Ang by residue) in 4.0197 (sec).
 3-Body  A58-HIE 25,  A80-ASP 24, A214-LYD 1 :       0.00028398 at      2.069 Ang (1.969 Ang by residue) in 4.1441 (sec).
 3-Body  A58-HIE 25,  A80-ASP 24, A214-LYD 20:       0.00026761 at      2.032 Ang (1.969 Ang by residue) in 3.9628 (sec).
 3-Body  A58-HIE 25,  A80-ASP 24, A214-LYD 22:      -0.00100766 at      2.032 Ang (1.969 Ang by residue) in 4.1656 (sec).
 3-Body  A58-HIE 25,  A80-ASP 24, A214-LYD 25:       0.00054589 at      2.078 Ang (1.969 Ang by residue) in 4.1917 (sec).
 3-Body  A58-HIE 25,  A80-ASP 24, A214-LYD 26:      -0.00028084 at      2.221 Ang (1.969 Ang by residue) in 4.3189 (sec).
 3-Body  A58-HIE 25,  A80-ASP 24, A214-LYD 27:      -0.00003535 at      2.229 Ang (1.969 Ang by residue) in 4.2405 (sec).
 3-Body  A58-HIE 25,  A80-ASP 24, A214-LYS 44:       0.00504814 at      2.132 Ang (1.969 Ang by residue) in 3.9747 (sec).
 3-Body  A58-HIE 25,  A80-ASP 24, A214-LYS 47:       0.00425732 at      2.032 Ang (1.969 Ang by residue) in 4.0321 (sec).
 3-Body  A58-HIE 25,  A80-ASP 24, A214-LYS 49:       0.00902208 at      2.032 Ang (1.969 Ang by residue) in 4.0221 (sec).
 3-Body  A58-HIE 25,  A80-ASP 24, A214-LYS 52:       0.00751232 at      2.078 Ang (1.969 Ang by residue) in 4.1371 (sec).
 3-Body  A58-HIE 25,  A80-ASP 24, A214-LYS 53:       0.00329301 at      2.221 Ang (1.969 Ang by residue) in 4.0426 (sec).
 3-Body  A58-HIE 25,  A80-ASP 24, A214-LYS 54:       0.00190615 at      2.229 Ang (1.969 Ang by residue) in 4.1116 (sec).
 3-Body  A58-HIE 25,  A80-ASP 25, A214-LYS 0 :       0.00256992 at      2.086 Ang (1.969 Ang by residue) in 4.1406 (sec).
 3-Body  A58-HIE 25,  A80-ASP 25, A214-LYD 1 :       0.00017752 at      2.086 Ang (1.969 Ang by residue) in 4.0210 (sec).
 3-Body  A58-HIE 25,  A80-ASP 25, A214-LYD 20:       0.00024499 at      2.053 Ang (1.969 Ang by residue) in 3.7705 (sec).
 3-Body  A58-HIE 25,  A80-ASP 25, A214-LYD 22:      -0.00075083 at      2.055 Ang (1.969 Ang by residue) in 4.0904 (sec).
 3-Body  A58-HIE 25,  A80-ASP 25, A214-LYD 25:       0.00050582 at      2.090 Ang (1.969 Ang by residue) in 3.8105 (sec).
 3-Body  A58-HIE 25,  A80-ASP 25, A214-LYD 26:      -0.00022895 at      2.236 Ang (1.969 Ang by residue) in 3.9236 (sec).
 3-Body  A58-HIE 25,  A80-ASP 25, A214-LYD 27:      -0.00009134 at      2.242 Ang (1.969 Ang by residue) in 3.8696 (sec).
 3-Body  A58-HIE 25,  A80-ASP 25, A214-LYS 44:       0.00331122 at      2.178 Ang (1.969 Ang by residue) in 3.9936 (sec).
 3-Body  A58-HIE 25,  A80-ASP 25, A214-LYS 47:       0.00254763 at      2.053 Ang (1.969 Ang by residue) in 3.9257 (sec).
 3-Body  A58-HIE 25,  A80-ASP 25, A214-LYS 49:       0.00666650 at      2.055 Ang (1.969 Ang by residue) in 4.1627 (sec).
 3-Body  A58-HIE 25,  A80-ASP 25, A214-LYS 52:       0.00532886 at      2.090 Ang (1.969 Ang by residue) in 4.0231 (sec).
 3-Body  A58-HIE 25,  A80-ASP 25, A214-LYS 53:       0.00187788 at      2.236 Ang (1.969 Ang by residue) in 4.0384 (sec).
 3-Body  A58-HIE 25,  A80-ASP 25, A214-LYS 54:       0.00072491 at      2.242 Ang (1.969 Ang by residue) in 4.1096 (sec).
 3-Body  A58-HIE 25,  A80-ASP 26, A214-LYS 0 :      -0.00025727 at      2.138 Ang (1.969 Ang by residue) in 4.0661 (sec).
 3-Body  A58-HIE 25,  A80-ASP 26, A214-LYD 1 :      -0.00008014 at      2.138 Ang (1.969 Ang by residue) in 4.0472 (sec).
 3-Body  A58-HIE 25,  A80-ASP 26, A214-LYD 20:      -0.00006449 at      2.108 Ang (1.969 Ang by residue) in 4.0383 (sec).
 3-Body  A58-HIE 25,  A80-ASP 26, A214-LYD 22:      -0.00000421 at      2.093 Ang (1.969 Ang by residue) in 4.0831 (sec).
 3-Body  A58-HIE 25,  A80-ASP 26, A214-LYD 25:      -0.00004215 at      2.129 Ang (1.969 Ang by residue) in 3.8418 (sec).
 3-Body  A58-HIE 25,  A80-ASP 26, A214-LYD 26:      -0.00001900 at      2.242 Ang (1.969 Ang by residue) in 3.9496 (sec).
 3-Body  A58-HIE 25,  A80-ASP 26, A214-LYD 27:      -0.00006733 at      2.283 Ang (1.969 Ang by residue) in 3.9687 (sec).
 3-Body  A58-HIE 25,  A80-ASP 26, A214-LYS 44:      -0.00033380 at      2.201 Ang (1.969 Ang by residue) in 3.8486 (sec).
 3-Body  A58-HIE 25,  A80-ASP 26, A214-LYS 47:      -0.00034772 at      2.108 Ang (1.969 Ang by residue) in 4.0130 (sec).
 3-Body  A58-HIE 25,  A80-ASP 26, A214-LYS 49:      -0.00036117 at      2.093 Ang (1.969 Ang by residue) in 4.1758 (sec).
 3-Body  A58-HIE 25,  A80-ASP 26, A214-LYS 52:      -0.00026433 at      2.129 Ang (1.969 Ang by residue) in 4.1409 (sec).
 3-Body  A58-HIE 25,  A80-ASP 26, A214-LYS 53:      -0.00017085 at      2.242 Ang (1.969 Ang by residue) in 3.8599 (sec).
 3-Body  A58-HIE 25,  A80-ASP 26, A214-LYS 54:      -0.00021504 at      2.283 Ang (1.969 Ang by residue) in 3.9738 (sec).
 3-Body A238-HIS 0 , A239-HIS 0 , A240-HIS 0 :       0.01425268 at      1.702 Ang (1.507 Ang by residue) in 4.0020 (sec).
 3-Body A238-HIS 0 , A239-HIS 0 , A240-HID 1 :       0.00766464 at      1.702 Ang (1.507 Ang by residue) in 4.1860 (sec).
 3-Body A238-HIS 0 , A239-HIS 0 , A240-HIE 2 :       0.00646049 at      1.702 Ang (1.507 Ang by residue) in 4.0688 (sec).
 3-Body A238-HIS 0 , A239-HIS 0 , A240-HIS 3 :       0.02786358 at      1.702 Ang (1.507 Ang by residue) in 4.2862 (sec).
 3-Body A238-HIS 0 , A239-HIS 0 , A240-HIS 4 :       0.01425213 at      1.702 Ang (1.507 Ang by residue) in 4.3569 (sec).
 3-Body A238-HIS 0 , A239-HIS 0 , A240-HIS 8 :       0.04824350 at      1.702 Ang (1.507 Ang by residue) in 4.1156 (sec).
 3-Body A238-HIS 0 , A239-HIS 0 , A240-HIS 9 :       0.03223786 at      1.702 Ang (1.507 Ang by residue) in 4.1098 (sec).
 3-Body A238-HIS 0 , A239-HIS 0 , A240-HIS 10:       0.12719394 at      1.639 Ang (1.507 Ang by residue) in 4.0879 (sec).
 3-Body A238-HIS 0 , A239-HIS 0 , A240-HID 11:       0.02167134 at      1.702 Ang (1.507 Ang by residue) in 4.0714 (sec).
 3-Body A238-HIS 0 , A239-HIS 0 , A240-HID 12:       0.00758069 at      1.702 Ang (1.507 Ang by residue) in 4.1312 (sec).
 3-Body A238-HIS 0 , A239-HIS 0 , A240-HID 15:       0.00297805 at      1.702 Ang (1.507 Ang by residue) in 3.9511 (sec).
 3-Body A238-HIS 0 , A239-HIS 0 , A240-HID 16:       0.00018059 at      1.702 Ang (1.507 Ang by residue) in 4.0221 (sec).
 3-Body A238-HIS 0 , A239-HIS 0 , A240-HID 17:       0.00296038 at      1.702 Ang (1.507 Ang by residue) in 4.1641 (sec).
 3-Body A238-HIS 0 , A239-HIS 0 , A240-HID 18:       0.08586707 at      1.647 Ang (1.507 Ang by residue) in 4.0349 (sec).
 3-Body A238-HIS 0 , A239-HIS 0 , A240-HIE 19:      -0.00730423 at      1.702 Ang (1.507 Ang by residue) in 3.9864 (sec).
 3-Body A238-HIS 0 , A239-HIS 0 , A240-HIE 20:       0.00667741 at      1.702 Ang (1.507 Ang by residue) in 3.9862 (sec).
 3-Body A238-HIS 0 , A239-HIS 0 , A240-HIE 23:       0.00158219 at      1.702 Ang (1.507 Ang by residue) in 4.0477 (sec).
 3-Body A238-HIS 0 , A239-HIS 0 , A240-HIE 24:       0.02747558 at      1.702 Ang (1.507 Ang by residue) in 4.1027 (sec).
 3-Body A238-HIS 0 , A239-HIS 0 , A240-HIE 25:       0.01263677 at      1.702 Ang (1.507 Ang by residue) in 4.0248 (sec).
 3-Body A238-HIS 0 , A239-HIS 0 , A240-HIE 26:      -0.00775835 at      1.689 Ang (1.507 Ang by residue) in 4.1975 (sec).
 3-Body A238-HIS 0 , A239-HID 1 , A240-HIS 0 :       0.01139435 at      1.702 Ang (1.507 Ang by residue) in 3.9996 (sec).
 3-Body A238-HIS 0 , A239-HID 1 , A240-HID 1 :       0.00483032 at      1.702 Ang (1.507 Ang by residue) in 3.8880 (sec).
 3-Body A238-HIS 0 , A239-HID 1 , A240-HIE 2 :       0.00398264 at      1.702 Ang (1.507 Ang by residue) in 3.9469 (sec).
 3-Body A238-HIS 0 , A239-HID 1 , A240-HIS 3 :       0.02215160 at      1.702 Ang (1.507 Ang by residue) in 4.0896 (sec).
 3-Body A238-HIS 0 , A239-HID 1 , A240-HIS 4 :       0.01139402 at      1.702 Ang (1.507 Ang by residue) in 4.0200 (sec).
 3-Body A238-HIS 0 , A239-HID 1 , A240-HIS 8 :       0.03095634 at      1.702 Ang (1.507 Ang by residue) in 4.1086 (sec).
 3-Body A238-HIS 0 , A239-HID 1 , A240-HIS 9 :       0.02035911 at      1.702 Ang (1.507 Ang by residue) in 4.1660 (sec).
 3-Body A238-HIS 0 , A239-HID 1 , A240-HIS 10:       0.09353488 at      1.639 Ang (1.507 Ang by residue) in 3.9538 (sec).
 3-Body A238-HIS 0 , A239-HID 1 , A240-HID 11:       0.01617350 at      1.702 Ang (1.507 Ang by residue) in 4.0643 (sec).
 3-Body A238-HIS 0 , A239-HID 1 , A240-HID 12:       0.00478602 at      1.702 Ang (1.507 Ang by residue) in 4.0058 (sec).
 3-Body A238-HIS 0 , A239-HID 1 , A240-HID 15:       0.00219621 at      1.702 Ang (1.507 Ang by residue) in 3.9389 (sec).
 3-Body A238-HIS 0 , A239-HID 1 , A240-HID 16:      -0.00663622 at      1.702 Ang (1.507 Ang by residue) in 4.0427 (sec).
 3-Body A238-HIS 0 , A239-HID 1 , A240-HID 17:      -0.00437624 at      1.702 Ang (1.507 Ang by residue) in 4.0003 (sec).
 3-Body A238-HIS 0 , A239-HID 1 , A240-HID 18:       0.06059691 at      1.647 Ang (1.507 Ang by residue) in 4.0019 (sec).
 3-Body A238-HIS 0 , A239-HID 1 , A240-HIE 19:      -0.00751656 at      1.702 Ang (1.507 Ang by residue) in 3.9683 (sec).
 3-Body A238-HIS 0 , A239-HID 1 , A240-HIE 20:       0.00412879 at      1.702 Ang (1.507 Ang by residue) in 3.8285 (sec).
 3-Body A238-HIS 0 , A239-HID 1 , A240-HIE 23:       0.00087429 at      1.702 Ang (1.507 Ang by residue) in 4.0455 (sec).
 3-Body A238-HIS 0 , A239-HID 1 , A240-HIE 24:       0.01322330 at      1.702 Ang (1.507 Ang by residue) in 4.0580 (sec).
 3-Body A238-HIS 0 , A239-HID 1 , A240-HIE 25:       0.00355850 at      1.702 Ang (1.507 Ang by residue) in 4.1016 (sec).
 3-Body A238-HIS 0 , A239-HID 1 , A240-HIE 26:      -0.01874793 at      1.689 Ang (1.507 Ang by residue) in 4.0037 (sec).
 3-Body A238-HIS 0 , A239-HIE 2 , A240-HIS 0 :       0.01093564 at      1.702 Ang (1.507 Ang by residue) in 4.0886 (sec).
 3-Body A238-HIS 0 , A239-HIE 2 , A240-HID 1 :       0.00546003 at      1.702 Ang (1.507 Ang by residue) in 4.0170 (sec).
 3-Body A238-HIS 0 , A239-HIE 2 , A240-HIE 2 :       0.00445947 at      1.702 Ang (1.507 Ang by residue) in 3.9645 (sec).
 3-Body A238-HIS 0 , A239-HIE 2 , A240-HIS 3 :       0.02020600 at      1.702 Ang (1.507 Ang by residue) in 4.0757 (sec).
 3-Body A238-HIS 0 , A239-HIE 2 , A240-HIS 4 :       0.01093499 at      1.702 Ang (1.507 Ang by residue) in 4.2036 (sec).
 3-Body A238-HIS 0 , A239-HIE 2 , A240-HIS 8 :       0.03369515 at      1.702 Ang (1.507 Ang by residue) in 4.2145 (sec).
 3-Body A238-HIS 0 , A239-HIE 2 , A240-HIS 9 :       0.02093285 at      1.702 Ang (1.507 Ang by residue) in 4.2689 (sec).
 3-Body A238-HIS 0 , A239-HIE 2 , A240-HIS 10:       0.09487716 at      1.639 Ang (1.507 Ang by residue) in 4.4430 (sec).
 3-Body A238-HIS 0 , A239-HIE 2 , A240-HID 11:       0.01515970 at      1.702 Ang (1.507 Ang by residue) in 4.0159 (sec).
 3-Body A238-HIS 0 , A239-HIE 2 , A240-HID 12:       0.00540599 at      1.702 Ang (1.507 Ang by residue) in 4.0724 (sec).
 3-Body A238-HIS 0 , A239-HIE 2 , A240-HID 15:       0.00220731 at      1.702 Ang (1.507 Ang by residue) in 4.2317 (sec).
 3-Body A238-HIS 0 , A239-HIE 2 , A240-HID 16:      -0.00112357 at      1.702 Ang (1.507 Ang by residue) in 4.1399 (sec).
 3-Body A238-HIS 0 , A239-HIE 2 , A240-HID 17:       0.00057739 at      1.702 Ang (1.507 Ang by residue) in 4.0828 (sec).
 3-Body A238-HIS 0 , A239-HIE 2 , A240-HID 18:       0.06481043 at      1.647 Ang (1.507 Ang by residue) in 4.1347 (sec).
 3-Body A238-HIS 0 , A239-HIE 2 , A240-HIE 19:      -0.00484466 at      1.702 Ang (1.507 Ang by residue) in 4.0806 (sec).
 3-Body A238-HIS 0 , A239-HIE 2 , A240-HIE 20:       0.00463232 at      1.702 Ang (1.507 Ang by residue) in 4.1803 (sec).
 3-Body A238-HIS 0 , A239-HIE 2 , A240-HIE 23:       0.00094687 at      1.702 Ang (1.507 Ang by residue) in 4.1674 (sec).
 3-Body A238-HIS 0 , A239-HIE 2 , A240-HIE 24:       0.01789670 at      1.702 Ang (1.507 Ang by residue) in 4.2112 (sec).
 3-Body A238-HIS 0 , A239-HIE 2 , A240-HIE 25:       0.00586974 at      1.702 Ang (1.507 Ang by residue) in 4.1845 (sec).
 3-Body A238-HIS 0 , A239-HIE 2 , A240-HIE 26:      -0.00610833 at      1.689 Ang (1.507 Ang by residue) in 4.0063 (sec).
 3-Body A238-HIS 0 , A239-HIS 3 , A240-HIS 0 :       0.03379971 at      1.702 Ang (1.507 Ang by residue) in 3.9447 (sec).
 3-Body A238-HIS 0 , A239-HIS 3 , A240-HID 1 :       0.01790201 at      1.702 Ang (1.507 Ang by residue) in 3.9473 (sec).
 3-Body A238-HIS 0 , A239-HIS 3 , A240-HIE 2 :       0.01712884 at      1.702 Ang (1.507 Ang by residue) in 4.1714 (sec).
 3-Body A238-HIS 0 , A239-HIS 3 , A240-HIS 3 :       0.06640593 at      1.702 Ang (1.507 Ang by residue) in 3.8651 (sec).
 3-Body A238-HIS 0 , A239-HIS 3 , A240-HIS 4 :       0.03379887 at      1.702 Ang (1.507 Ang by residue) in 4.0927 (sec).
 3-Body A238-HIS 0 , A239-HIS 3 , A240-HIS 8 :       0.06256290 at      1.702 Ang (1.507 Ang by residue) in 4.0965 (sec).
 3-Body A238-HIS 0 , A239-HIS 3 , A240-HIS 9 :       0.04608284 at      1.702 Ang (1.507 Ang by residue) in 3.8924 (sec).
 3-Body A238-HIS 0 , A239-HIS 3 , A240-HIS 10:       0.18413631 at      1.633 Ang (1.507 Ang by residue) in 3.8509 (sec).
 3-Body A238-HIS 0 , A239-HIS 3 , A240-HID 11:       0.05377601 at      1.702 Ang (1.507 Ang by residue) in 4.2902 (sec).
 3-Body A238-HIS 0 , A239-HIS 3 , A240-HID 12:       0.01741985 at      1.702 Ang (1.507 Ang by residue) in 4.1552 (sec).
 3-Body A238-HIS 0 , A239-HIS 3 , A240-HID 15:       0.00624518 at      1.702 Ang (1.507 Ang by residue) in 4.1651 (sec).
 3-Body A238-HIS 0 , A239-HIS 3 , A240-HID 16:       0.00560311 at      1.702 Ang (1.507 Ang by residue) in 4.0907 (sec).
 3-Body A238-HIS 0 , A239-HIS 3 , A240-HID 17:       0.00777133 at      1.702 Ang (1.507 Ang by residue) in 4.0333 (sec).
 3-Body A238-HIS 0 , A239-HIS 3 , A240-HID 18:       0.13173859 at      1.640 Ang (1.507 Ang by residue) in 4.2456 (sec).
 3-Body A238-HIS 0 , A239-HIS 3 , A240-HIE 19:      -0.01464634 at      1.702 Ang (1.507 Ang by residue) in 4.2387 (sec).
 3-Body A238-HIS 0 , A239-HIS 3 , A240-HIE 20:       0.01770867 at      1.702 Ang (1.507 Ang by residue) in 4.0552 (sec).
 3-Body A238-HIS 0 , A239-HIS 3 , A240-HIE 23:       0.00345485 at      1.702 Ang (1.507 Ang by residue) in 4.2604 (sec).
 3-Body A238-HIS 0 , A239-HIS 3 , A240-HIE 24:       0.03125198 at      1.702 Ang (1.507 Ang by residue) in 3.8013 (sec).
 3-Body A238-HIS 0 , A239-HIS 3 , A240-HIE 25:       0.01719343 at      1.702 Ang (1.507 Ang by residue) in 4.1091 (sec).
 3-Body A238-HIS 0 , A239-HIS 3 , A240-HIE 26:      -0.04320646 at      1.689 Ang (1.507 Ang by residue) in 4.0025 (sec).
 3-Body A238-HIS 0 , A239-HIS 4 , A240-HIS 0 :       0.03558965 at      1.702 Ang (1.507 Ang by residue) in 3.9570 (sec).
 3-Body A238-HIS 0 , A239-HIS 4 , A240-HID 1 :       0.01721867 at      1.702 Ang (1.507 Ang by residue) in 3.8042 (sec).
 3-Body A238-HIS 0 , A239-HIS 4 , A240-HIE 2 :       0.01899991 at      1.702 Ang (1.507 Ang by residue) in 3.9467 (sec).
 3-Body A238-HIS 0 , A239-HIS 4 , A240-HIS 3 :       0.07148211 at      1.702 Ang (1.507 Ang by residue) in 3.7998 (sec).
 3-Body A238-HIS 0 , A239-HIS 4 , A240-HIS 4 :       0.03559007 at      1.702 Ang (1.507 Ang by residue) in 4.2509 (sec).
 3-Body A238-HIS 0 , A239-HIS 4 , A240-HIS 8 :       0.05594837 at      1.702 Ang (1.507 Ang by residue) in 3.9422 (sec).
 3-Body A238-HIS 0 , A239-HIS 4 , A240-HIS 9 :       0.04105206 at      1.702 Ang (1.507 Ang by residue) in 4.0485 (sec).
 3-Body A238-HIS 0 , A239-HIS 4 , A240-HIS 10:       0.16134177 at      1.633 Ang (1.507 Ang by residue) in 3.9519 (sec).
 3-Body A238-HIS 0 , A239-HIS 4 , A240-HID 11:       0.05759238 at      1.702 Ang (1.507 Ang by residue) in 3.9769 (sec).
 3-Body A238-HIS 0 , A239-HIS 4 , A240-HID 12:       0.01663101 at      1.702 Ang (1.507 Ang by residue) in 3.9918 (sec).
 3-Body A238-HIS 0 , A239-HIS 4 , A240-HID 15:       0.00566509 at      1.702 Ang (1.507 Ang by residue) in 3.9136 (sec).
 3-Body A238-HIS 0 , A239-HIS 4 , A240-HID 16:       0.00511342 at      1.702 Ang (1.507 Ang by residue) in 4.2012 (sec).
 3-Body A238-HIS 0 , A239-HIS 4 , A240-HID 17:       0.00764058 at      1.702 Ang (1.507 Ang by residue) in 4.0201 (sec).
 3-Body A238-HIS 0 , A239-HIS 4 , A240-HID 18:       0.11409615 at      1.640 Ang (1.507 Ang by residue) in 4.1802 (sec).
 3-Body A238-HIS 0 , A239-HIS 4 , A240-HIE 19:      -0.01412230 at      1.702 Ang (1.507 Ang by residue) in 4.3387 (sec).
 3-Body A238-HIS 0 , A239-HIS 4 , A240-HIE 20:       0.01958410 at      1.702 Ang (1.507 Ang by residue) in 4.2931 (sec).
 3-Body A238-HIS 0 , A239-HIS 4 , A240-HIE 23:       0.00297979 at      1.702 Ang (1.507 Ang by residue) in 4.2597 (sec).
 3-Body A238-HIS 0 , A239-HIS 4 , A240-HIE 24:       0.02748687 at      1.702 Ang (1.507 Ang by residue) in 4.2351 (sec).
 3-Body A238-HIS 0 , A239-HIS 4 , A240-HIE 25:       0.01421583 at      1.702 Ang (1.507 Ang by residue) in 4.2859 (sec).
 3-Body A238-HIS 0 , A239-HIS 4 , A240-HIE 26:      -0.03678550 at      1.689 Ang (1.507 Ang by residue) in 3.9680 (sec).
 3-Body A238-HIS 0 , A239-HIS 9 , A240-HIS 0 :       0.00564403 at      1.702 Ang (1.507 Ang by residue) in 3.8977 (sec).
 3-Body A238-HIS 0 , A239-HIS 9 , A240-HID 1 :       0.00340635 at      1.702 Ang (1.507 Ang by residue) in 4.0977 (sec).
 3-Body A238-HIS 0 , A239-HIS 9 , A240-HIE 2 :       0.00260893 at      1.702 Ang (1.507 Ang by residue) in 4.1076 (sec).
 3-Body A238-HIS 0 , A239-HIS 9 , A240-HIS 3 :       0.01140867 at      1.702 Ang (1.507 Ang by residue) in 4.1184 (sec).
 3-Body A238-HIS 0 , A239-HIS 9 , A240-HIS 4 :       0.00564405 at      1.702 Ang (1.507 Ang by residue) in 4.1173 (sec).
 3-Body A238-HIS 0 , A239-HIS 9 , A240-HIS 8 :       0.03676253 at      1.691 Ang (1.507 Ang by residue) in 3.9164 (sec).
 3-Body A238-HIS 0 , A239-HIS 9 , A240-HIS 9 :       0.04303223 at      1.674 Ang (1.507 Ang by residue) in 4.0345 (sec).
 3-Body A238-HIS 0 , A239-HIS 9 , A240-HIS 10:       0.07529588 at      1.592 Ang (1.507 Ang by residue) in 3.9007 (sec).
 3-Body A238-HIS 0 , A239-HIS 9 , A240-HID 11:       0.00897507 at      1.702 Ang (1.507 Ang by residue) in 3.8628 (sec).
 3-Body A238-HIS 0 , A239-HIS 9 , A240-HID 12:       0.00343202 at      1.702 Ang (1.507 Ang by residue) in 4.0610 (sec).
 3-Body A238-HIS 0 , A239-HIS 9 , A240-HID 15:       0.00199407 at      1.702 Ang (1.507 Ang by residue) in 3.9435 (sec).
 3-Body A238-HIS 0 , A239-HIS 9 , A240-HID 16:       0.00513124 at      1.702 Ang (1.507 Ang by residue) in 4.0483 (sec).
 3-Body A238-HIS 0 , A239-HIS 9 , A240-HID 17:      -0.00252936 at      1.702 Ang (1.507 Ang by residue) in 4.0997 (sec).
 3-Body A238-HIS 0 , A239-HIS 9 , A240-HID 18:       0.04063395 at      1.601 Ang (1.507 Ang by residue) in 4.1225 (sec).
 3-Body A238-HIS 0 , A239-HIS 9 , A240-HIE 19:      -0.00291741 at      1.702 Ang (1.507 Ang by residue) in 3.9949 (sec).
 3-Body A238-HIS 0 , A239-HIS 9 , A240-HIE 20:       0.00263939 at      1.702 Ang (1.507 Ang by residue) in 3.7790 (sec).
 3-Body A238-HIS 0 , A239-HIS 9 , A240-HIE 23:       0.00091046 at      1.702 Ang (1.507 Ang by residue) in 4.0146 (sec).
 3-Body A238-HIS 0 , A239-HIS 9 , A240-HIE 24:       0.01629264 at      1.691 Ang (1.507 Ang by residue) in 3.9791 (sec).
 3-Body A238-HIS 0 , A239-HIS 9 , A240-HIE 25:       0.02149992 at      1.674 Ang (1.507 Ang by residue) in 3.9997 (sec).
 3-Body A238-HIS 0 , A239-HIS 9 , A240-HIE 26:      -0.00238677 at      1.600 Ang (1.507 Ang by residue) in 3.9338 (sec).
 3-Body A238-HIS 0 , A239-HIS 10, A240-HIS 0 :       0.00583493 at      1.702 Ang (1.507 Ang by residue) in 4.0405 (sec).
 3-Body A238-HIS 0 , A239-HIS 10, A240-HID 1 :       0.00300163 at      1.702 Ang (1.507 Ang by residue) in 4.1009 (sec).
 3-Body A238-HIS 0 , A239-HIS 10, A240-HIE 2 :       0.00208120 at      1.702 Ang (1.507 Ang by residue) in 3.9674 (sec).
 3-Body A238-HIS 0 , A239-HIS 10, A240-HIS 3 :       0.01179324 at      1.702 Ang (1.507 Ang by residue) in 4.0857 (sec).
 3-Body A238-HIS 0 , A239-HIS 10, A240-HIS 4 :       0.00583504 at      1.702 Ang (1.507 Ang by residue) in 4.1345 (sec).
 3-Body A238-HIS 0 , A239-HIS 10, A240-HIS 8 :       0.03811162 at      1.701 Ang (1.507 Ang by residue) in 4.4696 (sec).
 3-Body A238-HIS 0 , A239-HIS 10, A240-HIS 9 :       0.04149209 at      1.611 Ang (1.507 Ang by residue) in 4.4063 (sec).
 3-Body A238-HIS 0 , A239-HIS 10, A240-HIS 10:       0.07624682 at      1.639 Ang (1.507 Ang by residue) in 4.3387 (sec).
 3-Body A238-HIS 0 , A239-HIS 10, A240-HID 11:       0.00878210 at      1.702 Ang (1.507 Ang by residue) in 4.2720 (sec).
 3-Body A238-HIS 0 , A239-HIS 10, A240-HID 12:       0.00302767 at      1.702 Ang (1.507 Ang by residue) in 4.2985 (sec).
 3-Body A238-HIS 0 , A239-HIS 10, A240-HID 15:       0.00176802 at      1.702 Ang (1.507 Ang by residue) in 4.0367 (sec).
 3-Body A238-HIS 0 , A239-HIS 10, A240-HID 16:       0.01460593 at      1.700 Ang (1.507 Ang by residue) in 3.9923 (sec).
 3-Body A238-HIS 0 , A239-HIS 10, A240-HID 17:       0.00446429 at      1.614 Ang (1.507 Ang by residue) in 4.1902 (sec).
 3-Body A238-HIS 0 , A239-HIS 10, A240-HID 18:       0.04445586 at      1.646 Ang (1.507 Ang by residue) in 4.4624 (sec).
 3-Body A238-HIS 0 , A239-HIS 10, A240-HIE 19:      -0.00358889 at      1.702 Ang (1.507 Ang by residue) in 4.6272 (sec).
 3-Body A238-HIS 0 , A239-HIS 10, A240-HIE 20:       0.00211110 at      1.702 Ang (1.507 Ang by residue) in 4.5556 (sec).
 3-Body A238-HIS 0 , A239-HIS 10, A240-HIE 23:      -0.00008475 at      1.702 Ang (1.507 Ang by residue) in 4.5564 (sec).
 3-Body A238-HIS 0 , A239-HIS 10, A240-HIE 24:       0.01035931 at      1.698 Ang (1.507 Ang by residue) in 4.5293 (sec).
 3-Body A238-HIS 0 , A239-HIS 10, A240-HIE 25:       0.02234162 at      1.607 Ang (1.507 Ang by residue) in 4.7223 (sec).
 3-Body A238-HIS 0 , A239-HIS 10, A240-HIE 26:       0.00056530 at      1.689 Ang (1.507 Ang by residue) in 4.7311 (sec).
 3-Body A238-HIS 0 , A239-HID 11, A240-HIS 0 :       0.02953715 at      1.702 Ang (1.507 Ang by residue) in 4.4932 (sec).
 3-Body A238-HIS 0 , A239-HID 11, A240-HID 1 :       0.01052405 at      1.702 Ang (1.507 Ang by residue) in 4.5435 (sec).
 3-Body A238-HIS 0 , A239-HID 11, A240-HIE 2 :       0.01087949 at      1.702 Ang (1.507 Ang by residue) in 4.5050 (sec).
 3-Body A238-HIS 0 , A239-HID 11, A240-HIS 3 :       0.05473242 at      1.702 Ang (1.507 Ang by residue) in 4.5674 (sec).
 3-Body A238-HIS 0 , A239-HID 11, A240-HIS 4 :       0.02953691 at      1.702 Ang (1.507 Ang by residue) in 4.5924 (sec).
 3-Body A238-HIS 0 , A239-HID 11, A240-HIS 8 :       0.04512790 at      1.702 Ang (1.507 Ang by residue) in 4.5386 (sec).
 3-Body A238-HIS 0 , A239-HID 11, A240-HIS 9 :       0.03512823 at      1.702 Ang (1.507 Ang by residue) in 4.4527 (sec).
 3-Body A238-HIS 0 , A239-HID 11, A240-HIS 10:       0.14122614 at      1.633 Ang (1.507 Ang by residue) in 4.6232 (sec).
 3-Body A238-HIS 0 , A239-HID 11, A240-HID 11:       0.03910901 at      1.702 Ang (1.507 Ang by residue) in 4.6301 (sec).
 3-Body A238-HIS 0 , A239-HID 11, A240-HID 12:       0.01020510 at      1.702 Ang (1.507 Ang by residue) in 4.6527 (sec).
 3-Body A238-HIS 0 , A239-HID 11, A240-HID 15:       0.00481559 at      1.702 Ang (1.507 Ang by residue) in 4.6396 (sec).
 3-Body A238-HIS 0 , A239-HID 11, A240-HID 16:      -0.00593243 at      1.702 Ang (1.507 Ang by residue) in 4.5706 (sec).
 3-Body A238-HIS 0 , A239-HID 11, A240-HID 17:      -0.00326902 at      1.702 Ang (1.507 Ang by residue) in 4.6242 (sec).
 3-Body A238-HIS 0 , A239-HID 11, A240-HID 18:       0.09417567 at      1.640 Ang (1.507 Ang by residue) in 4.6988 (sec).
 3-Body A238-HIS 0 , A239-HID 11, A240-HIE 19:      -0.01583923 at      1.702 Ang (1.507 Ang by residue) in 4.6208 (sec).
 3-Body A238-HIS 0 , A239-HID 11, A240-HIE 20:       0.01128258 at      1.702 Ang (1.507 Ang by residue) in 4.7171 (sec).
 3-Body A238-HIS 0 , A239-HID 11, A240-HIE 23:       0.00197151 at      1.702 Ang (1.507 Ang by residue) in 4.5108 (sec).
 3-Body A238-HIS 0 , A239-HID 11, A240-HIE 24:       0.01357605 at      1.702 Ang (1.507 Ang by residue) in 4.7139 (sec).
 3-Body A238-HIS 0 , A239-HID 11, A240-HIE 25:       0.00485349 at      1.702 Ang (1.507 Ang by residue) in 4.6197 (sec).
 3-Body A238-HIS 0 , A239-HID 11, A240-HIE 26:      -0.05194489 at      1.689 Ang (1.507 Ang by residue) in 4.7094 (sec).
 3-Body A238-HIS 0 , A239-HID 12, A240-HIS 0 :       0.03153024 at      1.702 Ang (1.507 Ang by residue) in 4.6952 (sec).
 3-Body A238-HIS 0 , A239-HID 12, A240-HID 1 :       0.00987523 at      1.702 Ang (1.507 Ang by residue) in 4.5558 (sec).
 3-Body A238-HIS 0 , A239-HID 12, A240-HIE 2 :       0.01281292 at      1.702 Ang (1.507 Ang by residue) in 4.6495 (sec).
 3-Body A238-HIS 0 , A239-HID 12, A240-HIS 3 :       0.06163088 at      1.702 Ang (1.507 Ang by residue) in 4.5042 (sec).
 3-Body A238-HIS 0 , A239-HID 12, A240-HIS 4 :       0.03153101 at      1.702 Ang (1.507 Ang by residue) in 4.6458 (sec).
 3-Body A238-HIS 0 , A239-HID 12, A240-HIS 8 :       0.04003446 at      1.702 Ang (1.507 Ang by residue) in 4.6527 (sec).
 3-Body A238-HIS 0 , A239-HID 12, A240-HIS 9 :       0.03084966 at      1.702 Ang (1.507 Ang by residue) in 4.5413 (sec).
 3-Body A238-HIS 0 , A239-HID 12, A240-HIS 10:       0.12268987 at      1.633 Ang (1.507 Ang by residue) in 4.3776 (sec).
 3-Body A238-HIS 0 , A239-HID 12, A240-HID 11:       0.04512182 at      1.702 Ang (1.507 Ang by residue) in 4.3512 (sec).
 3-Body A238-HIS 0 , A239-HID 12, A240-HID 12:       0.00934383 at      1.702 Ang (1.507 Ang by residue) in 4.3968 (sec).
 3-Body A238-HIS 0 , A239-HID 12, A240-HID 15:       0.00422725 at      1.702 Ang (1.507 Ang by residue) in 4.4095 (sec).
 3-Body A238-HIS 0 , A239-HID 12, A240-HID 16:      -0.00879078 at      1.702 Ang (1.507 Ang by residue) in 4.4901 (sec).
 3-Body A238-HIS 0 , A239-HID 12, A240-HID 17:      -0.00456109 at      1.702 Ang (1.507 Ang by residue) in 4.5859 (sec).
 3-Body A238-HIS 0 , A239-HID 12, A240-HID 18:       0.07792615 at      1.640 Ang (1.507 Ang by residue) in 4.5209 (sec).
 3-Body A238-HIS 0 , A239-HID 12, A240-HIE 19:      -0.01859619 at      1.702 Ang (1.507 Ang by residue) in 4.5529 (sec).
 3-Body A238-HIS 0 , A239-HID 12, A240-HIE 20:       0.01325032 at      1.702 Ang (1.507 Ang by residue) in 4.5342 (sec).
 3-Body A238-HIS 0 , A239-HID 12, A240-HIE 23:       0.00140414 at      1.702 Ang (1.507 Ang by residue) in 4.5769 (sec).
 3-Body A238-HIS 0 , A239-HID 12, A240-HIE 24:       0.00948257 at      1.702 Ang (1.507 Ang by residue) in 4.6229 (sec).
 3-Body A238-HIS 0 , A239-HID 12, A240-HIE 25:       0.00114125 at      1.702 Ang (1.507 Ang by residue) in 4.4856 (sec).
 3-Body A238-HIS 0 , A239-HID 12, A240-HIE 26:      -0.05063348 at      1.689 Ang (1.507 Ang by residue) in 4.4738 (sec).
 3-Body A238-HIS 0 , A239-HID 16, A240-HIS 0 :       0.00508342 at      1.702 Ang (1.507 Ang by residue) in 4.5400 (sec).
 3-Body A238-HIS 0 , A239-HID 16, A240-HID 1 :       0.00275825 at      1.702 Ang (1.507 Ang by residue) in 4.4174 (sec).
 3-Body A238-HIS 0 , A239-HID 16, A240-HIE 2 :       0.00174399 at      1.702 Ang (1.507 Ang by residue) in 4.4999 (sec).
 3-Body A238-HIS 0 , A239-HID 16, A240-HIS 3 :       0.00978188 at      1.702 Ang (1.507 Ang by residue) in 4.5859 (sec).
 3-Body A238-HIS 0 , A239-HID 16, A240-HIS 4 :       0.00508371 at      1.702 Ang (1.507 Ang by residue) in 4.5274 (sec).
 3-Body A238-HIS 0 , A239-HID 16, A240-HIS 8 :       0.02695609 at      1.702 Ang (1.507 Ang by residue) in 4.6514 (sec).
 3-Body A238-HIS 0 , A239-HID 16, A240-HIS 9 :       0.03393989 at      1.664 Ang (1.507 Ang by residue) in 4.4345 (sec).
 3-Body A238-HIS 0 , A239-HID 16, A240-HIS 10:       0.05969545 at      1.639 Ang (1.507 Ang by residue) in 4.7705 (sec).
 3-Body A238-HIS 0 , A239-HID 16, A240-HID 11:       0.00736625 at      1.702 Ang (1.507 Ang by residue) in 4.6521 (sec).
 3-Body A238-HIS 0 , A239-HID 16, A240-HID 12:       0.00279939 at      1.702 Ang (1.507 Ang by residue) in 4.7958 (sec).
 3-Body A238-HIS 0 , A239-HID 16, A240-HID 15:       0.00265545 at      1.702 Ang (1.507 Ang by residue) in 4.6047 (sec).
 3-Body A238-HIS 0 , A239-HID 16, A240-HID 16:       0.00886126 at      1.702 Ang (1.507 Ang by residue) in 4.7315 (sec).
 3-Body A238-HIS 0 , A239-HID 16, A240-HID 17:      -0.00146416 at      1.665 Ang (1.507 Ang by residue) in 4.5593 (sec).
 3-Body A238-HIS 0 , A239-HID 16, A240-HID 18:       0.03461492 at      1.646 Ang (1.507 Ang by residue) in 4.5430 (sec).
 3-Body A238-HIS 0 , A239-HID 16, A240-HIE 19:      -0.00292194 at      1.702 Ang (1.507 Ang by residue) in 4.5232 (sec).
 3-Body A238-HIS 0 , A239-HID 16, A240-HIE 20:       0.00174015 at      1.702 Ang (1.507 Ang by residue) in 4.5222 (sec).
 3-Body A238-HIS 0 , A239-HID 16, A240-HIE 23:       0.00082504 at      1.702 Ang (1.507 Ang by residue) in 4.5278 (sec).
 3-Body A238-HIS 0 , A239-HID 16, A240-HIE 24:       0.00689131 at      1.702 Ang (1.507 Ang by residue) in 4.6404 (sec).
 3-Body A238-HIS 0 , A239-HID 16, A240-HIE 25:       0.01578391 at      1.661 Ang (1.507 Ang by residue) in 4.5950 (sec).
 3-Body A238-HIS 0 , A239-HID 16, A240-HIE 26:      -0.00586132 at      1.689 Ang (1.507 Ang by residue) in 4.7998 (sec).
 3-Body A238-HIS 0 , A239-HID 17, A240-HIS 0 :       0.00375292 at      1.702 Ang (1.507 Ang by residue) in 4.7021 (sec).
 3-Body A238-HIS 0 , A239-HID 17, A240-HID 1 :       0.00191955 at      1.702 Ang (1.507 Ang by residue) in 4.5909 (sec).
 3-Body A238-HIS 0 , A239-HID 17, A240-HIE 2 :       0.00115696 at      1.702 Ang (1.507 Ang by residue) in 4.6405 (sec).
 3-Body A238-HIS 0 , A239-HID 17, A240-HIS 3 :       0.00842191 at      1.702 Ang (1.507 Ang by residue) in 4.8549 (sec).
 3-Body A238-HIS 0 , A239-HID 17, A240-HIS 4 :       0.00375294 at      1.702 Ang (1.507 Ang by residue) in 4.6027 (sec).
 3-Body A238-HIS 0 , A239-HID 17, A240-HIS 8 :       0.02102715 at      1.690 Ang (1.507 Ang by residue) in 4.5010 (sec).
 3-Body A238-HIS 0 , A239-HID 17, A240-HIS 9 :       0.03055813 at      1.678 Ang (1.507 Ang by residue) in 4.6494 (sec).
 3-Body A238-HIS 0 , A239-HID 17, A240-HIS 10:       0.05178506 at      1.592 Ang (1.507 Ang by residue) in 4.5589 (sec).
 3-Body A238-HIS 0 , A239-HID 17, A240-HID 11:       0.00650412 at      1.702 Ang (1.507 Ang by residue) in 4.5678 (sec).
 3-Body A238-HIS 0 , A239-HID 17, A240-HID 12:       0.00196100 at      1.702 Ang (1.507 Ang by residue) in 4.6708 (sec).
 3-Body A238-HIS 0 , A239-HID 17, A240-HID 15:       0.00158812 at      1.702 Ang (1.507 Ang by residue) in 4.5200 (sec).
 3-Body A238-HIS 0 , A239-HID 17, A240-HID 16:      -0.00840412 at      1.702 Ang (1.507 Ang by residue) in 4.5662 (sec).
 3-Body A238-HIS 0 , A239-HID 17, A240-HID 17:      -0.01282013 at      1.702 Ang (1.507 Ang by residue) in 4.5335 (sec).
 3-Body A238-HIS 0 , A239-HID 17, A240-HID 18:       0.02168132 at      1.601 Ang (1.507 Ang by residue) in 4.6338 (sec).
 3-Body A238-HIS 0 , A239-HID 17, A240-HIE 19:      -0.00354766 at      1.702 Ang (1.507 Ang by residue) in 4.4573 (sec).
 3-Body A238-HIS 0 , A239-HID 17, A240-HIE 20:       0.00115280 at      1.702 Ang (1.507 Ang by residue) in 4.5917 (sec).
 3-Body A238-HIS 0 , A239-HID 17, A240-HIE 23:       0.00062756 at      1.702 Ang (1.507 Ang by residue) in 4.5470 (sec).
 3-Body A238-HIS 0 , A239-HID 17, A240-HIE 24:       0.00293538 at      1.690 Ang (1.507 Ang by residue) in 4.6388 (sec).
 3-Body A238-HIS 0 , A239-HID 17, A240-HIE 25:       0.01142917 at      1.678 Ang (1.507 Ang by residue) in 4.6364 (sec).
 3-Body A238-HIS 0 , A239-HID 17, A240-HIE 26:      -0.01705461 at      1.601 Ang (1.507 Ang by residue) in 4.4975 (sec).
 3-Body A238-HIS 0 , A239-HID 18, A240-HIS 0 :       0.00432568 at      1.702 Ang (1.507 Ang by residue) in 4.6830 (sec).
 3-Body A238-HIS 0 , A239-HID 18, A240-HID 1 :       0.00195770 at      1.702 Ang (1.507 Ang by residue) in 4.6409 (sec).
 3-Body A238-HIS 0 , A239-HID 18, A240-HIE 2 :       0.00108499 at      1.702 Ang (1.507 Ang by residue) in 4.4475 (sec).
 3-Body A238-HIS 0 , A239-HID 18, A240-HIS 3 :       0.00918148 at      1.702 Ang (1.507 Ang by residue) in 4.6007 (sec).
 3-Body A238-HIS 0 , A239-HID 18, A240-HIS 4 :       0.00432569 at      1.702 Ang (1.507 Ang by residue) in 4.5368 (sec).
 3-Body A238-HIS 0 , A239-HID 18, A240-HIS 8 :       0.02734868 at      1.702 Ang (1.507 Ang by residue) in 4.4545 (sec).
 3-Body A238-HIS 0 , A239-HID 18, A240-HIS 9 :       0.03215308 at      1.611 Ang (1.507 Ang by residue) in 4.4825 (sec).
 3-Body A238-HIS 0 , A239-HID 18, A240-HIS 10:       0.05795350 at      1.639 Ang (1.507 Ang by residue) in 4.6185 (sec).
 3-Body A238-HIS 0 , A239-HID 18, A240-HID 11:       0.00673960 at      1.702 Ang (1.507 Ang by residue) in 4.4875 (sec).
 3-Body A238-HIS 0 , A239-HID 18, A240-HID 12:       0.00199705 at      1.702 Ang (1.507 Ang by residue) in 4.5858 (sec).
 3-Body A238-HIS 0 , A239-HID 18, A240-HID 15:       0.00179113 at      1.702 Ang (1.507 Ang by residue) in 4.5033 (sec).
 3-Body A238-HIS 0 , A239-HID 18, A240-HID 16:       0.00759301 at      1.702 Ang (1.507 Ang by residue) in 4.6512 (sec).
 3-Body A238-HIS 0 , A239-HID 18, A240-HID 17:      -0.00229351 at      1.614 Ang (1.507 Ang by residue) in 4.6121 (sec).
 3-Body A238-HIS 0 , A239-HID 18, A240-HID 18:       0.03080184 at      1.646 Ang (1.507 Ang by residue) in 4.7140 (sec).
 3-Body A238-HIS 0 , A239-HID 18, A240-HIE 19:      -0.00371611 at      1.702 Ang (1.507 Ang by residue) in 4.5277 (sec).
 3-Body A238-HIS 0 , A239-HID 18, A240-HIE 20:       0.00108375 at      1.702 Ang (1.507 Ang by residue) in 4.6438 (sec).
 3-Body A238-HIS 0 , A239-HID 18, A240-HIE 23:       0.00011139 at      1.702 Ang (1.507 Ang by residue) in 4.6368 (sec).
 3-Body A238-HIS 0 , A239-HID 18, A240-HIE 24:       0.00230165 at      1.699 Ang (1.507 Ang by residue) in 4.6783 (sec).
 3-Body A238-HIS 0 , A239-HID 18, A240-HIE 25:       0.01553328 at      1.608 Ang (1.507 Ang by residue) in 4.6313 (sec).
 3-Body A238-HIS 0 , A239-HID 18, A240-HIE 26:      -0.00922156 at      1.689 Ang (1.507 Ang by residue) in 4.6060 (sec).
 3-Body A238-HIS 0 , A239-HIE 19, A240-HIS 0 :       0.02856083 at      1.702 Ang (1.507 Ang by residue) in 4.6199 (sec).
 3-Body A238-HIS 0 , A239-HIE 19, A240-HID 1 :       0.01236053 at      1.702 Ang (1.507 Ang by residue) in 4.4466 (sec).
 3-Body A238-HIS 0 , A239-HIE 19, A240-HIE 2 :       0.01207409 at      1.702 Ang (1.507 Ang by residue) in 4.5935 (sec).
 3-Body A238-HIS 0 , A239-HIE 19, A240-HIS 3 :       0.05131350 at      1.702 Ang (1.507 Ang by residue) in 4.5926 (sec).
 3-Body A238-HIS 0 , A239-HIE 19, A240-HIS 4 :       0.02855992 at      1.702 Ang (1.507 Ang by residue) in 4.5313 (sec).
 3-Body A238-HIS 0 , A239-HIE 19, A240-HIS 8 :       0.04419517 at      1.702 Ang (1.507 Ang by residue) in 4.5837 (sec).
 3-Body A238-HIS 0 , A239-HIE 19, A240-HIS 9 :       0.03235556 at      1.702 Ang (1.507 Ang by residue) in 4.4976 (sec).
 3-Body A238-HIS 0 , A239-HIE 19, A240-HIS 10:       0.13185758 at      1.633 Ang (1.507 Ang by residue) in 4.4488 (sec).
 3-Body A238-HIS 0 , A239-HIE 19, A240-HID 11:       0.03849511 at      1.702 Ang (1.507 Ang by residue) in 4.5290 (sec).
 3-Body A238-HIS 0 , A239-HIE 19, A240-HID 12:       0.01197361 at      1.702 Ang (1.507 Ang by residue) in 4.5831 (sec).
 3-Body A238-HIS 0 , A239-HIE 19, A240-HID 15:       0.00462114 at      1.702 Ang (1.507 Ang by residue) in 4.4976 (sec).
 3-Body A238-HIS 0 , A239-HIE 19, A240-HID 16:       0.00323900 at      1.702 Ang (1.507 Ang by residue) in 4.5015 (sec).
 3-Body A238-HIS 0 , A239-HIE 19, A240-HID 17:       0.00323562 at      1.702 Ang (1.507 Ang by residue) in 4.5646 (sec).
 3-Body A238-HIS 0 , A239-HIE 19, A240-HID 18:       0.09308417 at      1.640 Ang (1.507 Ang by residue) in 4.5430 (sec).
 3-Body A238-HIS 0 , A239-HIE 19, A240-HIE 19:      -0.01214596 at      1.702 Ang (1.507 Ang by residue) in 4.5138 (sec).
 3-Body A238-HIS 0 , A239-HIE 19, A240-HIE 20:       0.01254295 at      1.702 Ang (1.507 Ang by residue) in 4.6224 (sec).
 3-Body A238-HIS 0 , A239-HIE 19, A240-HIE 23:       0.00176812 at      1.702 Ang (1.507 Ang by residue) in 4.5786 (sec).
 3-Body A238-HIS 0 , A239-HIE 19, A240-HIE 24:       0.01674002 at      1.702 Ang (1.507 Ang by residue) in 4.5547 (sec).
 3-Body A238-HIS 0 , A239-HIE 19, A240-HIE 25:       0.00645592 at      1.702 Ang (1.507 Ang by residue) in 4.6011 (sec).
 3-Body A238-HIS 0 , A239-HIE 19, A240-HIE 26:      -0.03705349 at      1.689 Ang (1.507 Ang by residue) in 4.5936 (sec).
 3-Body A238-HIS 0 , A239-HIE 20, A240-HIS 0 :       0.02410073 at      1.702 Ang (1.507 Ang by residue) in 4.6351 (sec).
 3-Body A238-HIS 0 , A239-HIE 20, A240-HID 1 :       0.00946134 at      1.702 Ang (1.507 Ang by residue) in 4.5708 (sec).
 3-Body A238-HIS 0 , A239-HIE 20, A240-HIE 2 :       0.00976000 at      1.702 Ang (1.507 Ang by residue) in 4.6332 (sec).
 3-Body A238-HIS 0 , A239-HIE 20, A240-HIS 3 :       0.04720935 at      1.702 Ang (1.507 Ang by residue) in 4.6011 (sec).
 3-Body A238-HIS 0 , A239-HIE 20, A240-HIS 4 :       0.02410006 at      1.702 Ang (1.507 Ang by residue) in 4.5185 (sec).
 3-Body A238-HIS 0 , A239-HIE 20, A240-HIS 8 :       0.04201441 at      1.702 Ang (1.507 Ang by residue) in 4.4452 (sec).
 3-Body A238-HIS 0 , A239-HIE 20, A240-HIS 9 :       0.03238825 at      1.702 Ang (1.507 Ang by residue) in 4.6897 (sec).
 3-Body A238-HIS 0 , A239-HIE 20, A240-HIS 10:       0.12966448 at      1.633 Ang (1.507 Ang by residue) in 4.5818 (sec).
 3-Body A238-HIS 0 , A239-HIE 20, A240-HID 11:       0.03635294 at      1.702 Ang (1.507 Ang by residue) in 4.6744 (sec).
 3-Body A238-HIS 0 , A239-HIE 20, A240-HID 12:       0.00918719 at      1.702 Ang (1.507 Ang by residue) in 4.6261 (sec).
 3-Body A238-HIS 0 , A239-HIE 20, A240-HID 15:       0.00444978 at      1.702 Ang (1.507 Ang by residue) in 4.5165 (sec).
 3-Body A238-HIS 0 , A239-HIE 20, A240-HID 16:       0.00137200 at      1.702 Ang (1.507 Ang by residue) in 4.4170 (sec).
 3-Body A238-HIS 0 , A239-HIE 20, A240-HID 17:       0.00392545 at      1.702 Ang (1.507 Ang by residue) in 4.5110 (sec).
 3-Body A238-HIS 0 , A239-HIE 20, A240-HID 18:       0.09150524 at      1.640 Ang (1.507 Ang by residue) in 4.6131 (sec).
 3-Body A238-HIS 0 , A239-HIE 20, A240-HIE 19:      -0.01161636 at      1.702 Ang (1.507 Ang by residue) in 4.6299 (sec).
 3-Body A238-HIS 0 , A239-HIE 20, A240-HIE 20:       0.01012085 at      1.702 Ang (1.507 Ang by residue) in 4.6618 (sec).
 3-Body A238-HIS 0 , A239-HIE 20, A240-HIE 23:       0.00196699 at      1.702 Ang (1.507 Ang by residue) in 4.5418 (sec).
 3-Body A238-HIS 0 , A239-HIE 20, A240-HIE 24:       0.01697204 at      1.702 Ang (1.507 Ang by residue) in 4.6589 (sec).
 3-Body A238-HIS 0 , A239-HIE 20, A240-HIE 25:       0.00826099 at      1.702 Ang (1.507 Ang by residue) in 4.6560 (sec).
 3-Body A238-HIS 0 , A239-HIE 20, A240-HIE 26:      -0.03439012 at      1.689 Ang (1.507 Ang by residue) in 4.7262 (sec).
 3-Body A238-HIS 0 , A239-HIE 24, A240-HIS 0 :       0.00415216 at      1.702 Ang (1.507 Ang by residue) in 4.6876 (sec).
 3-Body A238-HIS 0 , A239-HIE 24, A240-HID 1 :       0.00221419 at      1.702 Ang (1.507 Ang by residue) in 4.7945 (sec).
 3-Body A238-HIS 0 , A239-HIE 24, A240-HIE 2 :       0.00131995 at      1.702 Ang (1.507 Ang by residue) in 4.5773 (sec).
 3-Body A238-HIS 0 , A239-HIE 24, A240-HIS 3 :       0.00854702 at      1.702 Ang (1.507 Ang by residue) in 4.6039 (sec).
 3-Body A238-HIS 0 , A239-HIE 24, A240-HIS 4 :       0.00415203 at      1.702 Ang (1.507 Ang by residue) in 4.5621 (sec).
 3-Body A238-HIS 0 , A239-HIE 24, A240-HIS 8 :       0.01221743 at      1.702 Ang (1.507 Ang by residue) in 4.5676 (sec).
 3-Body A238-HIS 0 , A239-HIE 24, A240-HIS 9 :       0.02665961 at      1.668 Ang (1.507 Ang by residue) in 4.6924 (sec).
 3-Body A238-HIS 0 , A239-HIE 24, A240-HIS 10:       0.04639057 at      1.639 Ang (1.507 Ang by residue) in 4.6389 (sec).
 3-Body A238-HIS 0 , A239-HIE 24, A240-HID 11:       0.00656856 at      1.702 Ang (1.507 Ang by residue) in 4.5791 (sec).
 3-Body A238-HIS 0 , A239-HIE 24, A240-HID 12:       0.00225444 at      1.702 Ang (1.507 Ang by residue) in 4.5475 (sec).
 3-Body A238-HIS 0 , A239-HIE 24, A240-HID 15:       0.00236852 at      1.702 Ang (1.507 Ang by residue) in 4.5834 (sec).
 3-Body A238-HIS 0 , A239-HIE 24, A240-HID 16:      -0.00629238 at      1.702 Ang (1.507 Ang by residue) in 4.5718 (sec).
 3-Body A238-HIS 0 , A239-HIE 24, A240-HID 17:      -0.00982285 at      1.668 Ang (1.507 Ang by residue) in 4.5774 (sec).
 3-Body A238-HIS 0 , A239-HIE 24, A240-HID 18:       0.02051950 at      1.646 Ang (1.507 Ang by residue) in 4.5604 (sec).
 3-Body A238-HIS 0 , A239-HIE 24, A240-HIE 19:      -0.00318114 at      1.702 Ang (1.507 Ang by residue) in 4.5183 (sec).
 3-Body A238-HIS 0 , A239-HIE 24, A240-HIE 20:       0.00131041 at      1.702 Ang (1.507 Ang by residue) in 4.6396 (sec).
 3-Body A238-HIS 0 , A239-HIE 24, A240-HIE 23:       0.00089877 at      1.702 Ang (1.507 Ang by residue) in 4.5396 (sec).
 3-Body A238-HIS 0 , A239-HIE 24, A240-HIE 24:      -0.00681385 at      1.702 Ang (1.507 Ang by residue) in 4.5671 (sec).
 3-Body A238-HIS 0 , A239-HIE 24, A240-HIE 25:       0.00905255 at      1.669 Ang (1.507 Ang by residue) in 4.6399 (sec).
 3-Body A238-HIS 0 , A239-HIE 24, A240-HIE 26:      -0.02104129 at      1.689 Ang (1.507 Ang by residue) in 4.6140 (sec).
 3-Body A238-HIS 0 , A239-HIE 25, A240-HIS 0 :       0.00393763 at      1.702 Ang (1.507 Ang by residue) in 4.4755 (sec).
 3-Body A238-HIS 0 , A239-HIE 25, A240-HID 1 :       0.00215571 at      1.702 Ang (1.507 Ang by residue) in 4.4687 (sec).
 3-Body A238-HIS 0 , A239-HIE 25, A240-HIE 2 :       0.00135084 at      1.702 Ang (1.507 Ang by residue) in 4.4765 (sec).
 3-Body A238-HIS 0 , A239-HIE 25, A240-HIS 3 :       0.00830765 at      1.702 Ang (1.507 Ang by residue) in 4.4724 (sec).
 3-Body A238-HIS 0 , A239-HIE 25, A240-HIS 4 :       0.00393756 at      1.702 Ang (1.507 Ang by residue) in 4.5740 (sec).
 3-Body A238-HIS 0 , A239-HIE 25, A240-HIS 8 :       0.02555654 at      1.702 Ang (1.507 Ang by residue) in 4.5279 (sec).
 3-Body A238-HIS 0 , A239-HIE 25, A240-HIS 9 :       0.03530192 at      1.676 Ang (1.507 Ang by residue) in 4.6157 (sec).
 3-Body A238-HIS 0 , A239-HIE 25, A240-HIS 10:       0.05930373 at      1.639 Ang (1.507 Ang by residue) in 4.5172 (sec).
 3-Body A238-HIS 0 , A239-HIE 25, A240-HID 11:       0.00648501 at      1.702 Ang (1.507 Ang by residue) in 4.6244 (sec).
 3-Body A238-HIS 0 , A239-HIE 25, A240-HID 12:       0.00219462 at      1.702 Ang (1.507 Ang by residue) in 4.5344 (sec).
 3-Body A238-HIS 0 , A239-HIE 25, A240-HID 15:       0.00183951 at      1.702 Ang (1.507 Ang by residue) in 4.5739 (sec).
 3-Body A238-HIS 0 , A239-HIE 25, A240-HID 16:       0.00357537 at      1.702 Ang (1.507 Ang by residue) in 4.5919 (sec).
 3-Body A238-HIS 0 , A239-HIE 25, A240-HID 17:      -0.00706655 at      1.702 Ang (1.507 Ang by residue) in 4.4449 (sec).
 3-Body A238-HIS 0 , A239-HIE 25, A240-HID 18:       0.03186365 at      1.646 Ang (1.507 Ang by residue) in 4.5062 (sec).
 3-Body A238-HIS 0 , A239-HIE 25, A240-HIE 19:      -0.00311750 at      1.702 Ang (1.507 Ang by residue) in 4.4888 (sec).
 3-Body A238-HIS 0 , A239-HIE 25, A240-HIE 20:       0.00134699 at      1.702 Ang (1.507 Ang by residue) in 4.5751 (sec).
 3-Body A238-HIS 0 , A239-HIE 25, A240-HIE 23:       0.00077543 at      1.702 Ang (1.507 Ang by residue) in 4.6532 (sec).
 3-Body A238-HIS 0 , A239-HIE 25, A240-HIE 24:       0.00859155 at      1.702 Ang (1.507 Ang by residue) in 4.4843 (sec).
 3-Body A238-HIS 0 , A239-HIE 25, A240-HIE 25:       0.01701936 at      1.676 Ang (1.507 Ang by residue) in 4.7240 (sec).
 3-Body A238-HIS 0 , A239-HIE 25, A240-HIE 26:      -0.00760671 at      1.674 Ang (1.507 Ang by residue) in 4.5897 (sec).
 3-Body A238-HIS 0 , A239-HIE 26, A240-HIS 0 :       0.00433543 at      1.702 Ang (1.507 Ang by residue) in 4.6074 (sec).
 3-Body A238-HIS 0 , A239-HIE 26, A240-HID 1 :       0.00201804 at      1.702 Ang (1.507 Ang by residue) in 4.5549 (sec).
 3-Body A238-HIS 0 , A239-HIE 26, A240-HIE 2 :       0.00106826 at      1.702 Ang (1.507 Ang by residue) in 4.5018 (sec).
 3-Body A238-HIS 0 , A239-HIE 26, A240-HIS 3 :       0.00862741 at      1.702 Ang (1.507 Ang by residue) in 4.5178 (sec).
 3-Body A238-HIS 0 , A239-HIE 26, A240-HIS 4 :       0.00433537 at      1.702 Ang (1.507 Ang by residue) in 4.6191 (sec).
 3-Body A238-HIS 0 , A239-HIE 26, A240-HIS 8 :       0.03085900 at      1.701 Ang (1.507 Ang by residue) in 4.5759 (sec).
 3-Body A238-HIS 0 , A239-HIE 26, A240-HIS 9 :       0.03409651 at      1.613 Ang (1.507 Ang by residue) in 4.5149 (sec).
 3-Body A238-HIS 0 , A239-HIE 26, A240-HIS 10:       0.06071335 at      1.639 Ang (1.507 Ang by residue) in 4.7048 (sec).
 3-Body A238-HIS 0 , A239-HIE 26, A240-HID 11:       0.00628754 at      1.702 Ang (1.507 Ang by residue) in 4.5451 (sec).
 3-Body A238-HIS 0 , A239-HIE 26, A240-HID 12:       0.00205801 at      1.702 Ang (1.507 Ang by residue) in 4.5583 (sec).
 3-Body A238-HIS 0 , A239-HIE 26, A240-HID 15:       0.00196686 at      1.702 Ang (1.507 Ang by residue) in 4.5691 (sec).
 3-Body A238-HIS 0 , A239-HIE 26, A240-HID 16:       0.01003632 at      1.701 Ang (1.507 Ang by residue) in 4.5550 (sec).
 3-Body A238-HIS 0 , A239-HIE 26, A240-HID 17:      -0.00051970 at      1.616 Ang (1.507 Ang by residue) in 4.5433 (sec).
 3-Body A238-HIS 0 , A239-HIE 26, A240-HID 18:       0.03244018 at      1.646 Ang (1.507 Ang by residue) in 4.5752 (sec).
 3-Body A238-HIS 0 , A239-HIE 26, A240-HIE 19:      -0.00334801 at      1.702 Ang (1.507 Ang by residue) in 4.5217 (sec).
 3-Body A238-HIS 0 , A239-HIE 26, A240-HIE 20:       0.00105998 at      1.702 Ang (1.507 Ang by residue) in 4.5490 (sec).
 3-Body A238-HIS 0 , A239-HIE 26, A240-HIE 23:       0.00012919 at      1.702 Ang (1.507 Ang by residue) in 4.5943 (sec).
 3-Body A238-HIS 0 , A239-HIE 26, A240-HIE 24:       0.00493454 at      1.698 Ang (1.507 Ang by residue) in 4.5614 (sec).
 3-Body A238-HIS 0 , A239-HIE 26, A240-HIE 25:       0.01695581 at      1.609 Ang (1.507 Ang by residue) in 4.4141 (sec).
 3-Body A238-HIS 0 , A239-HIE 26, A240-HIE 26:      -0.00554682 at      1.689 Ang (1.507 Ang by residue) in 4.7343 (sec).
 3-Body A238-HID 1 , A239-HIS 0 , A240-HIS 0 :       0.00524325 at      1.702 Ang (1.507 Ang by residue) in 4.5431 (sec).
 3-Body A238-HID 1 , A239-HIS 0 , A240-HID 1 :       0.00344542 at      1.702 Ang (1.507 Ang by residue) in 4.4577 (sec).
 3-Body A238-HID 1 , A239-HIS 0 , A240-HIE 2 :       0.00343150 at      1.702 Ang (1.507 Ang by residue) in 4.4790 (sec).
 3-Body A238-HID 1 , A239-HIS 0 , A240-HIS 3 :       0.01106619 at      1.702 Ang (1.507 Ang by residue) in 4.4878 (sec).
 3-Body A238-HID 1 , A239-HIS 0 , A240-HIS 4 :       0.00524309 at      1.702 Ang (1.507 Ang by residue) in 4.6922 (sec).
 3-Body A238-HID 1 , A239-HIS 0 , A240-HIS 8 :       0.01451578 at      1.702 Ang (1.507 Ang by residue) in 4.5976 (sec).
 3-Body A238-HID 1 , A239-HIS 0 , A240-HIS 9 :       0.01162592 at      1.702 Ang (1.507 Ang by residue) in 4.5315 (sec).
 3-Body A238-HID 1 , A239-HIS 0 , A240-HIS 10:       0.04042864 at      1.639 Ang (1.507 Ang by residue) in 4.4968 (sec).
 3-Body A238-HID 1 , A239-HIS 0 , A240-HID 11:       0.00974732 at      1.702 Ang (1.507 Ang by residue) in 4.5562 (sec).
 3-Body A238-HID 1 , A239-HIS 0 , A240-HID 12:       0.00338167 at      1.702 Ang (1.507 Ang by residue) in 4.4902 (sec).
 3-Body A238-HID 1 , A239-HIS 0 , A240-HID 15:       0.00117485 at      1.702 Ang (1.507 Ang by residue) in 4.4362 (sec).
 3-Body A238-HID 1 , A239-HIS 0 , A240-HID 16:       0.00278960 at      1.702 Ang (1.507 Ang by residue) in 4.5595 (sec).
 3-Body A238-HID 1 , A239-HIS 0 , A240-HID 17:       0.00355186 at      1.702 Ang (1.507 Ang by residue) in 4.6818 (sec).
 3-Body A238-HID 1 , A239-HIS 0 , A240-HID 18:       0.03081760 at      1.647 Ang (1.507 Ang by residue) in 4.6244 (sec).
 3-Body A238-HID 1 , A239-HIS 0 , A240-HIE 19:      -0.00204730 at      1.702 Ang (1.507 Ang by residue) in 4.6108 (sec).
 3-Body A238-HID 1 , A239-HIS 0 , A240-HIE 20:       0.00353503 at      1.702 Ang (1.507 Ang by residue) in 4.4657 (sec).
 3-Body A238-HID 1 , A239-HIS 0 , A240-HIE 23:       0.00110190 at      1.702 Ang (1.507 Ang by residue) in 4.4741 (sec).
 3-Body A238-HID 1 , A239-HIS 0 , A240-HIE 24:       0.01008618 at      1.702 Ang (1.507 Ang by residue) in 4.4060 (sec).
 3-Body A238-HID 1 , A239-HIS 0 , A240-HIE 25:       0.00751668 at      1.702 Ang (1.507 Ang by residue) in 4.5931 (sec).
 3-Body A238-HID 1 , A239-HIS 0 , A240-HIE 26:      -0.00446431 at      1.689 Ang (1.507 Ang by residue) in 4.5978 (sec).
 3-Body A238-HID 1 , A239-HID 1 , A240-HIS 0 :       0.00302556 at      1.702 Ang (1.507 Ang by residue) in 4.7415 (sec).
 3-Body A238-HID 1 , A239-HID 1 , A240-HID 1 :       0.00144482 at      1.702 Ang (1.507 Ang by residue) in 4.6173 (sec).
 3-Body A238-HID 1 , A239-HID 1 , A240-HIE 2 :       0.00178896 at      1.702 Ang (1.507 Ang by residue) in 4.4853 (sec).
 3-Body A238-HID 1 , A239-HID 1 , A240-HIS 3 :       0.00576294 at      1.702 Ang (1.507 Ang by residue) in 4.5082 (sec).
 3-Body A238-HID 1 , A239-HID 1 , A240-HIS 4 :       0.00302568 at      1.702 Ang (1.507 Ang by residue) in 4.6051 (sec).
 3-Body A238-HID 1 , A239-HID 1 , A240-HIS 8 :       0.00320707 at      1.702 Ang (1.507 Ang by residue) in 4.4765 (sec).
 3-Body A238-HID 1 , A239-HID 1 , A240-HIS 9 :       0.00526756 at      1.702 Ang (1.507 Ang by residue) in 4.6346 (sec).
 3-Body A238-HID 1 , A239-HID 1 , A240-HIS 10:       0.01439758 at      1.639 Ang (1.507 Ang by residue) in 4.5529 (sec).
 3-Body A238-HID 1 , A239-HID 1 , A240-HID 11:       0.00471809 at      1.702 Ang (1.507 Ang by residue) in 4.6040 (sec).
 3-Body A238-HID 1 , A239-HID 1 , A240-HID 12:       0.00142295 at      1.702 Ang (1.507 Ang by residue) in 4.5357 (sec).
 3-Body A238-HID 1 , A239-HID 1 , A240-HID 15:       0.00055004 at      1.702 Ang (1.507 Ang by residue) in 4.6702 (sec).
 3-Body A238-HID 1 , A239-HID 1 , A240-HID 16:       0.00433308 at      1.702 Ang (1.507 Ang by residue) in 4.4427 (sec).
 3-Body A238-HID 1 , A239-HID 1 , A240-HID 17:       0.00298763 at      1.702 Ang (1.507 Ang by residue) in 4.6176 (sec).
 3-Body A238-HID 1 , A239-HID 1 , A240-HID 18:       0.01362620 at      1.647 Ang (1.507 Ang by residue) in 4.5220 (sec).
 3-Body A238-HID 1 , A239-HID 1 , A240-HIE 19:      -0.00076404 at      1.702 Ang (1.507 Ang by residue) in 4.5440 (sec).
 3-Body A238-HID 1 , A239-HID 1 , A240-HIE 20:       0.00183106 at      1.702 Ang (1.507 Ang by residue) in 4.6816 (sec).
 3-Body A238-HID 1 , A239-HID 1 , A240-HIE 23:       0.00060279 at      1.702 Ang (1.507 Ang by residue) in 4.6079 (sec).
 3-Body A238-HID 1 , A239-HID 1 , A240-HIE 24:       0.00224339 at      1.702 Ang (1.507 Ang by residue) in 4.6141 (sec).
 3-Body A238-HID 1 , A239-HID 1 , A240-HIE 25:       0.00438013 at      1.702 Ang (1.507 Ang by residue) in 4.6169 (sec).
 3-Body A238-HID 1 , A239-HID 1 , A240-HIE 26:      -0.00504644 at      1.689 Ang (1.507 Ang by residue) in 4.6758 (sec).
 3-Body A238-HID 1 , A239-HIE 2 , A240-HIS 0 :       0.00075125 at      1.702 Ang (1.507 Ang by residue) in 4.6209 (sec).
 3-Body A238-HID 1 , A239-HIE 2 , A240-HID 1 :       0.00025503 at      1.702 Ang (1.507 Ang by residue) in 4.5636 (sec).
 3-Body A238-HID 1 , A239-HIE 2 , A240-HIE 2 :       0.00043439 at      1.702 Ang (1.507 Ang by residue) in 4.5147 (sec).
 3-Body A238-HID 1 , A239-HIE 2 , A240-HIS 3 :       0.00150224 at      1.702 Ang (1.507 Ang by residue) in 4.6916 (sec).
 3-Body A238-HID 1 , A239-HIE 2 , A240-HIS 4 :       0.00075136 at      1.702 Ang (1.507 Ang by residue) in 4.5930 (sec).
 3-Body A238-HID 1 , A239-HIE 2 , A240-HIS 8 :      -0.00308796 at      1.702 Ang (1.507 Ang by residue) in 4.6235 (sec).
 3-Body A238-HID 1 , A239-HIE 2 , A240-HIS 9 :      -0.00048161 at      1.702 Ang (1.507 Ang by residue) in 4.6644 (sec).
 3-Body A238-HID 1 , A239-HIE 2 , A240-HIS 10:      -0.00105260 at      1.639 Ang (1.507 Ang by residue) in 4.5437 (sec).
 3-Body A238-HID 1 , A239-HIE 2 , A240-HID 11:       0.00142571 at      1.702 Ang (1.507 Ang by residue) in 4.6715 (sec).
 3-Body A238-HID 1 , A239-HIE 2 , A240-HID 12:       0.00025589 at      1.702 Ang (1.507 Ang by residue) in 4.6913 (sec).
 3-Body A238-HID 1 , A239-HIE 2 , A240-HID 15:      -0.00000242 at      1.702 Ang (1.507 Ang by residue) in 4.5417 (sec).
 3-Body A238-HID 1 , A239-HIE 2 , A240-HID 16:       0.00114474 at      1.702 Ang (1.507 Ang by residue) in 4.5476 (sec).
 3-Body A238-HID 1 , A239-HIE 2 , A240-HID 17:       0.00132814 at      1.702 Ang (1.507 Ang by residue) in 4.6002 (sec).
 3-Body A238-HID 1 , A239-HIE 2 , A240-HID 18:       0.00159522 at      1.647 Ang (1.507 Ang by residue) in 4.6112 (sec).
 3-Body A238-HID 1 , A239-HIE 2 , A240-HIE 19:      -0.00029743 at      1.702 Ang (1.507 Ang by residue) in 4.6499 (sec).
 3-Body A238-HID 1 , A239-HIE 2 , A240-HIE 20:       0.00043660 at      1.702 Ang (1.507 Ang by residue) in 4.7622 (sec).
 3-Body A238-HID 1 , A239-HIE 2 , A240-HIE 23:       0.00007884 at      1.702 Ang (1.507 Ang by residue) in 4.6422 (sec).
 3-Body A238-HID 1 , A239-HIE 2 , A240-HIE 24:      -0.00234548 at      1.702 Ang (1.507 Ang by residue) in 4.6100 (sec).
 3-Body A238-HID 1 , A239-HIE 2 , A240-HIE 25:       0.00037954 at      1.702 Ang (1.507 Ang by residue) in 4.6251 (sec).
 3-Body A238-HID 1 , A239-HIE 2 , A240-HIE 26:      -0.00854947 at      1.689 Ang (1.507 Ang by residue) in 4.5241 (sec).
 3-Body A238-HID 1 , A239-HIS 3 , A240-HIS 0 :      -0.00043338 at      1.702 Ang (1.507 Ang by residue) in 4.4736 (sec).
 3-Body A238-HID 1 , A239-HIS 3 , A240-HID 1 :       0.00323552 at      1.702 Ang (1.507 Ang by residue) in 4.6163 (sec).
 3-Body A238-HID 1 , A239-HIS 3 , A240-HIE 2 :       0.00305631 at      1.702 Ang (1.507 Ang by residue) in 4.4596 (sec).
 3-Body A238-HID 1 , A239-HIS 3 , A240-HIS 3 :       0.00840848 at      1.702 Ang (1.507 Ang by residue) in 4.5229 (sec).
 3-Body A238-HID 1 , A239-HIS 3 , A240-HIS 4 :      -0.00043372 at      1.702 Ang (1.507 Ang by residue) in 4.6414 (sec).
 3-Body A238-HID 1 , A239-HIS 3 , A240-HIS 8 :       0.00554485 at      1.702 Ang (1.507 Ang by residue) in 4.5883 (sec).
 3-Body A238-HID 1 , A239-HIS 3 , A240-HIS 9 :       0.00309803 at      1.702 Ang (1.507 Ang by residue) in 4.5948 (sec).
 3-Body A238-HID 1 , A239-HIS 3 , A240-HIS 10:       0.03544104 at      1.633 Ang (1.507 Ang by residue) in 4.5487 (sec).
 3-Body A238-HID 1 , A239-HIS 3 , A240-HID 11:       0.01232355 at      1.702 Ang (1.507 Ang by residue) in 4.7532 (sec).
 3-Body A238-HID 1 , A239-HIS 3 , A240-HID 12:       0.00312900 at      1.702 Ang (1.507 Ang by residue) in 4.5898 (sec).
 3-Body A238-HID 1 , A239-HIS 3 , A240-HID 15:       0.00076601 at      1.702 Ang (1.507 Ang by residue) in 4.5771 (sec).
 3-Body A238-HID 1 , A239-HIS 3 , A240-HID 16:       0.00075457 at      1.702 Ang (1.507 Ang by residue) in 4.6432 (sec).
 3-Body A238-HID 1 , A239-HIS 3 , A240-HID 17:       0.00429296 at      1.702 Ang (1.507 Ang by residue) in 4.7122 (sec).
 3-Body A238-HID 1 , A239-HIS 3 , A240-HID 18:       0.03329511 at      1.640 Ang (1.507 Ang by residue) in 4.4925 (sec).
 3-Body A238-HID 1 , A239-HIS 3 , A240-HIE 19:      -0.00225976 at      1.702 Ang (1.507 Ang by residue) in 4.5499 (sec).
 3-Body A238-HID 1 , A239-HIS 3 , A240-HIE 20:       0.00312775 at      1.702 Ang (1.507 Ang by residue) in 4.6235 (sec).
 3-Body A238-HID 1 , A239-HIS 3 , A240-HIE 23:       0.00162005 at      1.702 Ang (1.507 Ang by residue) in 4.6503 (sec).
 3-Body A238-HID 1 , A239-HIS 3 , A240-HIE 24:       0.00882150 at      1.702 Ang (1.507 Ang by residue) in 4.6217 (sec).
 3-Body A238-HID 1 , A239-HIS 3 , A240-HIE 25:       0.00726269 at      1.702 Ang (1.507 Ang by residue) in 4.5913 (sec).
 3-Body A238-HID 1 , A239-HIS 3 , A240-HIE 26:      -0.01188301 at      1.689 Ang (1.507 Ang by residue) in 4.5316 (sec).
 3-Body A238-HID 1 , A239-HIS 4 , A240-HIS 0 :       0.00462294 at      1.702 Ang (1.507 Ang by residue) in 4.5343 (sec).
 3-Body A238-HID 1 , A239-HIS 4 , A240-HID 1 :       0.00475138 at      1.702 Ang (1.507 Ang by residue) in 4.5728 (sec).
 3-Body A238-HID 1 , A239-HIS 4 , A240-HIE 2 :       0.00592809 at      1.702 Ang (1.507 Ang by residue) in 4.5336 (sec).
 3-Body A238-HID 1 , A239-HIS 4 , A240-HIS 3 :       0.01647367 at      1.702 Ang (1.507 Ang by residue) in 4.5133 (sec).
 3-Body A238-HID 1 , A239-HIS 4 , A240-HIS 4 :       0.00462258 at      1.702 Ang (1.507 Ang by residue) in 4.6310 (sec).
 3-Body A238-HID 1 , A239-HIS 4 , A240-HIS 8 :       0.00684718 at      1.702 Ang (1.507 Ang by residue) in 4.5532 (sec).
 3-Body A238-HID 1 , A239-HIS 4 , A240-HIS 9 :       0.00281928 at      1.702 Ang (1.507 Ang by residue) in 4.6496 (sec).
 3-Body A238-HID 1 , A239-HIS 4 , A240-HIS 10:       0.03138255 at      1.633 Ang (1.507 Ang by residue) in 4.5827 (sec).
 3-Body A238-HID 1 , A239-HIS 4 , A240-HID 11:       0.01810484 at      1.702 Ang (1.507 Ang by residue) in 4.6032 (sec).
 3-Body A238-HID 1 , A239-HIS 4 , A240-HID 12:       0.00443593 at      1.702 Ang (1.507 Ang by residue) in 4.6713 (sec).
 3-Body A238-HID 1 , A239-HIS 4 , A240-HID 15:       0.00087584 at      1.702 Ang (1.507 Ang by residue) in 4.6622 (sec).
 3-Body A238-HID 1 , A239-HIS 4 , A240-HID 16:       0.00339083 at      1.702 Ang (1.507 Ang by residue) in 4.7574 (sec).
 3-Body A238-HID 1 , A239-HIS 4 , A240-HID 17:       0.00453174 at      1.702 Ang (1.507 Ang by residue) in 4.5464 (sec).
 3-Body A238-HID 1 , A239-HIS 4 , A240-HID 18:       0.02933550 at      1.640 Ang (1.507 Ang by residue) in 4.7165 (sec).
 3-Body A238-HID 1 , A239-HIS 4 , A240-HIE 19:      -0.00540140 at      1.702 Ang (1.507 Ang by residue) in 4.6968 (sec).
 3-Body A238-HID 1 , A239-HIS 4 , A240-HIE 20:       0.00612722 at      1.702 Ang (1.507 Ang by residue) in 4.6231 (sec).
 3-Body A238-HID 1 , A239-HIS 4 , A240-HIE 23:       0.00125221 at      1.702 Ang (1.507 Ang by residue) in 4.5361 (sec).
 3-Body A238-HID 1 , A239-HIS 4 , A240-HIE 24:       0.00809208 at      1.702 Ang (1.507 Ang by residue) in 4.6784 (sec).
 3-Body A238-HID 1 , A239-HIS 4 , A240-HIE 25:       0.00500786 at      1.702 Ang (1.507 Ang by residue) in 4.7067 (sec).
 3-Body A238-HID 1 , A239-HIS 4 , A240-HIE 26:      -0.01396905 at      1.689 Ang (1.507 Ang by residue) in 4.7370 (sec).
 3-Body A238-HID 1 , A239-HIS 9 , A240-HIS 0 :       0.00359395 at      1.702 Ang (1.507 Ang by residue) in 4.8026 (sec).
 3-Body A238-HID 1 , A239-HIS 9 , A240-HID 1 :       0.00291159 at      1.702 Ang (1.507 Ang by residue) in 4.6529 (sec).
 3-Body A238-HID 1 , A239-HIS 9 , A240-HIE 2 :       0.00268895 at      1.702 Ang (1.507 Ang by residue) in 4.5160 (sec).
 3-Body A238-HID 1 , A239-HIS 9 , A240-HIS 3 :       0.00577333 at      1.702 Ang (1.507 Ang by residue) in 4.5011 (sec).
 3-Body A238-HID 1 , A239-HIS 9 , A240-HIS 4 :       0.00359342 at      1.702 Ang (1.507 Ang by residue) in 4.4829 (sec).
 3-Body A238-HID 1 , A239-HIS 9 , A240-HIS 8 :       0.02482504 at      1.691 Ang (1.507 Ang by residue) in 4.5210 (sec).
 3-Body A238-HID 1 , A239-HIS 9 , A240-HIS 9 :       0.02609100 at      1.674 Ang (1.507 Ang by residue) in 4.6164 (sec).
 3-Body A238-HID 1 , A239-HIS 9 , A240-HIS 10:       0.04365088 at      1.592 Ang (1.507 Ang by residue) in 4.4137 (sec).
 3-Body A238-HID 1 , A239-HIS 9 , A240-HID 11:       0.00532107 at      1.702 Ang (1.507 Ang by residue) in 4.6581 (sec).
 3-Body A238-HID 1 , A239-HIS 9 , A240-HID 12:       0.00287463 at      1.702 Ang (1.507 Ang by residue) in 4.6298 (sec).
 3-Body A238-HID 1 , A239-HIS 9 , A240-HID 15:       0.00130949 at      1.702 Ang (1.507 Ang by residue) in 4.7061 (sec).
 3-Body A238-HID 1 , A239-HIS 9 , A240-HID 16:       0.00687882 at      1.702 Ang (1.507 Ang by residue) in 4.7329 (sec).
 3-Body A238-HID 1 , A239-HIS 9 , A240-HID 17:       0.00575790 at      1.702 Ang (1.507 Ang by residue) in 4.6407 (sec).
 3-Body A238-HID 1 , A239-HIS 9 , A240-HID 18:       0.02679243 at      1.601 Ang (1.507 Ang by residue) in 4.5553 (sec).
 3-Body A238-HID 1 , A239-HIS 9 , A240-HIE 19:       0.00033818 at      1.702 Ang (1.507 Ang by residue) in 4.6517 (sec).
 3-Body A238-HID 1 , A239-HIS 9 , A240-HIE 20:       0.00276338 at      1.702 Ang (1.507 Ang by residue) in 4.5940 (sec).
 3-Body A238-HID 1 , A239-HIS 9 , A240-HIE 23:       0.00107222 at      1.702 Ang (1.507 Ang by residue) in 4.6813 (sec).
 3-Body A238-HID 1 , A239-HIS 9 , A240-HIE 24:       0.01612417 at      1.691 Ang (1.507 Ang by residue) in 4.6808 (sec).
 3-Body A238-HID 1 , A239-HIS 9 , A240-HIE 25:       0.01608004 at      1.674 Ang (1.507 Ang by residue) in 4.4897 (sec).
 3-Body A238-HID 1 , A239-HIS 9 , A240-HIE 26:       0.00620284 at      1.600 Ang (1.507 Ang by residue) in 4.5662 (sec).
 3-Body A238-HID 1 , A239-HIS 10, A240-HIS 0 :       0.00384007 at      1.702 Ang (1.507 Ang by residue) in 4.5766 (sec).
 3-Body A238-HID 1 , A239-HIS 10, A240-HID 1 :       0.00295788 at      1.702 Ang (1.507 Ang by residue) in 4.5803 (sec).
 3-Body A238-HID 1 , A239-HIS 10, A240-HIE 2 :       0.00269872 at      1.702 Ang (1.507 Ang by residue) in 4.5886 (sec).
 3-Body A238-HID 1 , A239-HIS 10, A240-HIS 3 :       0.00620647 at      1.702 Ang (1.507 Ang by residue) in 4.5471 (sec).
 3-Body A238-HID 1 , A239-HIS 10, A240-HIS 4 :       0.00383954 at      1.702 Ang (1.507 Ang by residue) in 4.5885 (sec).
 3-Body A238-HID 1 , A239-HIS 10, A240-HIS 8 :       0.02115539 at      1.701 Ang (1.507 Ang by residue) in 4.5654 (sec).
 3-Body A238-HID 1 , A239-HIS 10, A240-HIS 9 :       0.02324102 at      1.611 Ang (1.507 Ang by residue) in 4.6731 (sec).
 3-Body A238-HID 1 , A239-HIS 10, A240-HIS 10:       0.04046665 at      1.639 Ang (1.507 Ang by residue) in 4.7280 (sec).
 3-Body A238-HID 1 , A239-HIS 10, A240-HID 11:       0.00555214 at      1.702 Ang (1.507 Ang by residue) in 4.6595 (sec).
 3-Body A238-HID 1 , A239-HIS 10, A240-HID 12:       0.00292166 at      1.702 Ang (1.507 Ang by residue) in 4.6858 (sec).
 3-Body A238-HID 1 , A239-HIS 10, A240-HID 15:       0.00140676 at      1.702 Ang (1.507 Ang by residue) in 4.6025 (sec).
 3-Body A238-HID 1 , A239-HIS 10, A240-HID 16:       0.00762245 at      1.700 Ang (1.507 Ang by residue) in 4.6482 (sec).
 3-Body A238-HID 1 , A239-HIS 10, A240-HID 17:       0.00298849 at      1.614 Ang (1.507 Ang by residue) in 4.6534 (sec).
 3-Body A238-HID 1 , A239-HIS 10, A240-HID 18:       0.02407775 at      1.646 Ang (1.507 Ang by residue) in 4.5908 (sec).
 3-Body A238-HID 1 , A239-HIS 10, A240-HIE 19:       0.00024456 at      1.702 Ang (1.507 Ang by residue) in 4.6200 (sec).
 3-Body A238-HID 1 , A239-HIS 10, A240-HIE 20:       0.00277173 at      1.702 Ang (1.507 Ang by residue) in 4.6446 (sec).
 3-Body A238-HID 1 , A239-HIS 10, A240-HIE 23:       0.00099934 at      1.702 Ang (1.507 Ang by residue) in 4.7091 (sec).
 3-Body A238-HID 1 , A239-HIS 10, A240-HIE 24:       0.01014927 at      1.698 Ang (1.507 Ang by residue) in 4.6116 (sec).
 3-Body A238-HID 1 , A239-HIS 10, A240-HIE 25:       0.01439685 at      1.607 Ang (1.507 Ang by residue) in 4.6591 (sec).
 3-Body A238-HID 1 , A239-HIS 10, A240-HIE 26:       0.00241730 at      1.689 Ang (1.507 Ang by residue) in 4.6121 (sec).
 3-Body A238-HID 1 , A239-HID 11, A240-HIS 0 :      -0.00265705 at      1.702 Ang (1.507 Ang by residue) in 4.5710 (sec).
 3-Body A238-HID 1 , A239-HID 11, A240-HID 1 :      -0.00107304 at      1.702 Ang (1.507 Ang by residue) in 4.5065 (sec).
 3-Body A238-HID 1 , A239-HID 11, A240-HIE 2 :      -0.00008945 at      1.702 Ang (1.507 Ang by residue) in 4.5832 (sec).
 3-Body A238-HID 1 , A239-HID 11, A240-HIS 3 :      -0.00206798 at      1.702 Ang (1.507 Ang by residue) in 4.5316 (sec).
 3-Body A238-HID 1 , A239-HID 11, A240-HIS 4 :      -0.00265676 at      1.702 Ang (1.507 Ang by residue) in 4.5018 (sec).
 3-Body A238-HID 1 , A239-HID 11, A240-HIS 8 :      -0.00421413 at      1.702 Ang (1.507 Ang by residue) in 4.5513 (sec).
 3-Body A238-HID 1 , A239-HID 11, A240-HIS 9 :      -0.00119109 at      1.702 Ang (1.507 Ang by residue) in 4.6240 (sec).
 3-Body A238-HID 1 , A239-HID 11, A240-HIS 10:      -0.00064171 at      1.633 Ang (1.507 Ang by residue) in 4.7800 (sec).
 3-Body A238-HID 1 , A239-HID 11, A240-HID 11:      -0.00054452 at      1.702 Ang (1.507 Ang by residue) in 4.6323 (sec).
 3-Body A238-HID 1 , A239-HID 11, A240-HID 12:      -0.00099849 at      1.702 Ang (1.507 Ang by residue) in 4.6280 (sec).
 3-Body A238-HID 1 , A239-HID 11, A240-HID 15:      -0.00016665 at      1.702 Ang (1.507 Ang by residue) in 4.6907 (sec).
 3-Body A238-HID 1 , A239-HID 11, A240-HID 16:       0.00099185 at      1.702 Ang (1.507 Ang by residue) in 4.6841 (sec).
 3-Body A238-HID 1 , A239-HID 11, A240-HID 17:       0.00286637 at      1.702 Ang (1.507 Ang by residue) in 4.6757 (sec).
 3-Body A238-HID 1 , A239-HID 11, A240-HID 18:       0.00448505 at      1.640 Ang (1.507 Ang by residue) in 4.5905 (sec).
 3-Body A238-HID 1 , A239-HID 11, A240-HIE 19:       0.00176820 at      1.702 Ang (1.507 Ang by residue) in 4.6973 (sec).
 3-Body A238-HID 1 , A239-HID 11, A240-HIE 20:      -0.00015023 at      1.702 Ang (1.507 Ang by residue) in 4.5417 (sec).
 3-Body A238-HID 1 , A239-HID 11, A240-HIE 23:       0.00088391 at      1.702 Ang (1.507 Ang by residue) in 4.6525 (sec).
 3-Body A238-HID 1 , A239-HID 11, A240-HIE 24:       0.00088143 at      1.702 Ang (1.507 Ang by residue) in 4.6263 (sec).
 3-Body A238-HID 1 , A239-HID 11, A240-HIE 25:       0.00354137 at      1.702 Ang (1.507 Ang by residue) in 4.5959 (sec).
 3-Body A238-HID 1 , A239-HID 11, A240-HIE 26:      -0.00427796 at      1.689 Ang (1.507 Ang by residue) in 4.6534 (sec).
 3-Body A238-HID 1 , A239-HID 12, A240-HIS 0 :       0.00261026 at      1.702 Ang (1.507 Ang by residue) in 4.5457 (sec).
 3-Body A238-HID 1 , A239-HID 12, A240-HID 1 :       0.00127921 at      1.702 Ang (1.507 Ang by residue) in 4.3427 (sec).
 3-Body A238-HID 1 , A239-HID 12, A240-HIE 2 :       0.00308061 at      1.702 Ang (1.507 Ang by residue) in 4.5537 (sec).
 3-Body A238-HID 1 , A239-HID 12, A240-HIS 3 :       0.00728138 at      1.702 Ang (1.507 Ang by residue) in 4.4849 (sec).
 3-Body A238-HID 1 , A239-HID 12, A240-HIS 4 :       0.00260992 at      1.702 Ang (1.507 Ang by residue) in 4.5684 (sec).
 3-Body A238-HID 1 , A239-HID 12, A240-HIS 8 :       0.00217951 at      1.702 Ang (1.507 Ang by residue) in 4.5183 (sec).
 3-Body A238-HID 1 , A239-HID 12, A240-HIS 9 :       0.00238514 at      1.702 Ang (1.507 Ang by residue) in 4.5931 (sec).
 3-Body A238-HID 1 , A239-HID 12, A240-HIS 10:       0.00591363 at      1.633 Ang (1.507 Ang by residue) in 4.5202 (sec).
 3-Body A238-HID 1 , A239-HID 12, A240-HID 11:       0.00728344 at      1.702 Ang (1.507 Ang by residue) in 4.6308 (sec).
 3-Body A238-HID 1 , A239-HID 12, A240-HID 12:       0.00107579 at      1.702 Ang (1.507 Ang by residue) in 4.4456 (sec).
 3-Body A238-HID 1 , A239-HID 12, A240-HID 15:       0.00027382 at      1.702 Ang (1.507 Ang by residue) in 4.6070 (sec).
 3-Body A238-HID 1 , A239-HID 12, A240-HID 16:       0.00238894 at      1.702 Ang (1.507 Ang by residue) in 4.6347 (sec).
 3-Body A238-HID 1 , A239-HID 12, A240-HID 17:       0.00260639 at      1.702 Ang (1.507 Ang by residue) in 4.4186 (sec).
 3-Body A238-HID 1 , A239-HID 12, A240-HID 18:       0.00596373 at      1.640 Ang (1.507 Ang by residue) in 4.5914 (sec).
 3-Body A238-HID 1 , A239-HID 12, A240-HIE 19:      -0.00310496 at      1.702 Ang (1.507 Ang by residue) in 4.5435 (sec).
 3-Body A238-HID 1 , A239-HID 12, A240-HIE 20:       0.00318993 at      1.702 Ang (1.507 Ang by residue) in 4.4016 (sec).
 3-Body A238-HID 1 , A239-HID 12, A240-HIE 23:       0.00057558 at      1.702 Ang (1.507 Ang by residue) in 4.5951 (sec).
 3-Body A238-HID 1 , A239-HID 12, A240-HIE 24:       0.00222765 at      1.702 Ang (1.507 Ang by residue) in 4.5857 (sec).
 3-Body A238-HID 1 , A239-HID 12, A240-HIE 25:       0.00248438 at      1.702 Ang (1.507 Ang by residue) in 4.4887 (sec).
 3-Body A238-HID 1 , A239-HID 12, A240-HIE 26:      -0.00827846 at      1.689 Ang (1.507 Ang by residue) in 4.5086 (sec).
 3-Body A238-HID 1 , A239-HID 16, A240-HIS 0 :       0.00301144 at      1.702 Ang (1.507 Ang by residue) in 4.7029 (sec).
 3-Body A238-HID 1 , A239-HID 16, A240-HID 1 :       0.00249562 at      1.702 Ang (1.507 Ang by residue) in 4.6085 (sec).
 3-Body A238-HID 1 , A239-HID 16, A240-HIE 2 :       0.00221107 at      1.702 Ang (1.507 Ang by residue) in 4.5201 (sec).
 3-Body A238-HID 1 , A239-HID 16, A240-HIS 3 :       0.00402415 at      1.702 Ang (1.507 Ang by residue) in 4.5485 (sec).
 3-Body A238-HID 1 , A239-HID 16, A240-HIS 4 :       0.00301097 at      1.702 Ang (1.507 Ang by residue) in 4.5615 (sec).
 3-Body A238-HID 1 , A239-HID 16, A240-HIS 8 :       0.01504430 at      1.702 Ang (1.507 Ang by residue) in 4.5499 (sec).
 3-Body A238-HID 1 , A239-HID 16, A240-HIS 9 :       0.01739698 at      1.664 Ang (1.507 Ang by residue) in 4.5852 (sec).
 3-Body A238-HID 1 , A239-HID 16, A240-HIS 10:       0.02845779 at      1.639 Ang (1.507 Ang by residue) in 4.5625 (sec).
 3-Body A238-HID 1 , A239-HID 16, A240-HID 11:       0.00377664 at      1.702 Ang (1.507 Ang by residue) in 4.6108 (sec).
 3-Body A238-HID 1 , A239-HID 16, A240-HID 12:       0.00246973 at      1.702 Ang (1.507 Ang by residue) in 4.5275 (sec).
 3-Body A238-HID 1 , A239-HID 16, A240-HID 15:       0.00156447 at      1.702 Ang (1.507 Ang by residue) in 4.5532 (sec).
 3-Body A238-HID 1 , A239-HID 16, A240-HID 16:       0.00502016 at      1.702 Ang (1.507 Ang by residue) in 4.7240 (sec).
 3-Body A238-HID 1 , A239-HID 16, A240-HID 17:       0.00046129 at      1.665 Ang (1.507 Ang by residue) in 4.5191 (sec).
 3-Body A238-HID 1 , A239-HID 16, A240-HID 18:       0.01685443 at      1.646 Ang (1.507 Ang by residue) in 4.4565 (sec).
 3-Body A238-HID 1 , A239-HID 16, A240-HIE 19:       0.00093921 at      1.702 Ang (1.507 Ang by residue) in 4.5984 (sec).
 3-Body A238-HID 1 , A239-HID 16, A240-HIE 20:       0.00226029 at      1.702 Ang (1.507 Ang by residue) in 4.7259 (sec).
 3-Body A238-HID 1 , A239-HID 16, A240-HIE 23:       0.00112215 at      1.702 Ang (1.507 Ang by residue) in 4.5985 (sec).
 3-Body A238-HID 1 , A239-HID 16, A240-HIE 24:       0.00724494 at      1.702 Ang (1.507 Ang by residue) in 4.5238 (sec).
 3-Body A238-HID 1 , A239-HID 16, A240-HIE 25:       0.00961418 at      1.661 Ang (1.507 Ang by residue) in 4.6104 (sec).
 3-Body A238-HID 1 , A239-HID 16, A240-HIE 26:       0.00032994 at      1.689 Ang (1.507 Ang by residue) in 4.6845 (sec).
 3-Body A238-HID 1 , A239-HID 17, A240-HIS 0 :       0.00215956 at      1.702 Ang (1.507 Ang by residue) in 4.5369 (sec).
 3-Body A238-HID 1 , A239-HID 17, A240-HID 1 :       0.00189811 at      1.702 Ang (1.507 Ang by residue) in 4.7958 (sec).
 3-Body A238-HID 1 , A239-HID 17, A240-HIE 2 :       0.00171373 at      1.702 Ang (1.507 Ang by residue) in 4.5965 (sec).
 3-Body A238-HID 1 , A239-HID 17, A240-HIS 3 :       0.00310416 at      1.702 Ang (1.507 Ang by residue) in 4.6258 (sec).
 3-Body A238-HID 1 , A239-HID 17, A240-HIS 4 :       0.00215897 at      1.702 Ang (1.507 Ang by residue) in 4.7319 (sec).
 3-Body A238-HID 1 , A239-HID 17, A240-HIS 8 :       0.01275190 at      1.690 Ang (1.507 Ang by residue) in 4.6368 (sec).
 3-Body A238-HID 1 , A239-HID 17, A240-HIS 9 :       0.01458131 at      1.678 Ang (1.507 Ang by residue) in 4.6709 (sec).
 3-Body A238-HID 1 , A239-HID 17, A240-HIS 10:       0.02623157 at      1.592 Ang (1.507 Ang by residue) in 4.7146 (sec).
 3-Body A238-HID 1 , A239-HID 17, A240-HID 11:       0.00313459 at      1.702 Ang (1.507 Ang by residue) in 4.5728 (sec).
 3-Body A238-HID 1 , A239-HID 17, A240-HID 12:       0.00187117 at      1.702 Ang (1.507 Ang by residue) in 4.5062 (sec).
 3-Body A238-HID 1 , A239-HID 17, A240-HID 15:       0.00077037 at      1.702 Ang (1.507 Ang by residue) in 4.6824 (sec).
 3-Body A238-HID 1 , A239-HID 17, A240-HID 16:      -0.00179123 at      1.702 Ang (1.507 Ang by residue) in 4.7538 (sec).
 3-Body A238-HID 1 , A239-HID 17, A240-HID 17:      -0.00140697 at      1.702 Ang (1.507 Ang by residue) in 4.5599 (sec).
 3-Body A238-HID 1 , A239-HID 17, A240-HID 18:       0.01393948 at      1.601 Ang (1.507 Ang by residue) in 4.5555 (sec).
 3-Body A238-HID 1 , A239-HID 17, A240-HIE 19:       0.00043797 at      1.702 Ang (1.507 Ang by residue) in 4.4817 (sec).
 3-Body A238-HID 1 , A239-HID 17, A240-HIE 20:       0.00176370 at      1.702 Ang (1.507 Ang by residue) in 4.5683 (sec).
 3-Body A238-HID 1 , A239-HID 17, A240-HIE 23:       0.00067362 at      1.702 Ang (1.507 Ang by residue) in 4.5912 (sec).
 3-Body A238-HID 1 , A239-HID 17, A240-HIE 24:       0.00672467 at      1.690 Ang (1.507 Ang by residue) in 4.7454 (sec).
 3-Body A238-HID 1 , A239-HID 17, A240-HIE 25:       0.00725277 at      1.678 Ang (1.507 Ang by residue) in 4.5694 (sec).
 3-Body A238-HID 1 , A239-HID 17, A240-HIE 26:      -0.00219025 at      1.601 Ang (1.507 Ang by residue) in 4.4866 (sec).
 3-Body A238-HID 1 , A239-HID 18, A240-HIS 0 :       0.00247101 at      1.702 Ang (1.507 Ang by residue) in 4.6098 (sec).
 3-Body A238-HID 1 , A239-HID 18, A240-HID 1 :       0.00206202 at      1.702 Ang (1.507 Ang by residue) in 4.5190 (sec).
 3-Body A238-HID 1 , A239-HID 18, A240-HIE 2 :       0.00185824 at      1.702 Ang (1.507 Ang by residue) in 4.5370 (sec).
 3-Body A238-HID 1 , A239-HID 18, A240-HIS 3 :       0.00359003 at      1.702 Ang (1.507 Ang by residue) in 4.5646 (sec).
 3-Body A238-HID 1 , A239-HID 18, A240-HIS 4 :       0.00247040 at      1.702 Ang (1.507 Ang by residue) in 4.6517 (sec).
 3-Body A238-HID 1 , A239-HID 18, A240-HIS 8 :       0.01325691 at      1.702 Ang (1.507 Ang by residue) in 4.6549 (sec).
 3-Body A238-HID 1 , A239-HID 18, A240-HIS 9 :       0.01551724 at      1.611 Ang (1.507 Ang by residue) in 4.6129 (sec).
 3-Body A238-HID 1 , A239-HID 18, A240-HIS 10:       0.02727919 at      1.639 Ang (1.507 Ang by residue) in 4.6366 (sec).
 3-Body A238-HID 1 , A239-HID 18, A240-HID 11:       0.00346775 at      1.702 Ang (1.507 Ang by residue) in 4.6548 (sec).
 3-Body A238-HID 1 , A239-HID 18, A240-HID 12:       0.00203451 at      1.702 Ang (1.507 Ang by residue) in 4.6947 (sec).
 3-Body A238-HID 1 , A239-HID 18, A240-HID 15:       0.00093523 at      1.702 Ang (1.507 Ang by residue) in 4.5130 (sec).
 3-Body A238-HID 1 , A239-HID 18, A240-HID 16:       0.00369853 at      1.702 Ang (1.507 Ang by residue) in 4.5924 (sec).
 3-Body A238-HID 1 , A239-HID 18, A240-HID 17:      -0.00049393 at      1.614 Ang (1.507 Ang by residue) in 4.5556 (sec).
 3-Body A238-HID 1 , A239-HID 18, A240-HID 18:       0.01556823 at      1.646 Ang (1.507 Ang by residue) in 4.5978 (sec).
 3-Body A238-HID 1 , A239-HID 18, A240-HIE 19:       0.00052533 at      1.702 Ang (1.507 Ang by residue) in 4.5726 (sec).
 3-Body A238-HID 1 , A239-HID 18, A240-HIE 20:       0.00190870 at      1.702 Ang (1.507 Ang by residue) in 4.4382 (sec).
 3-Body A238-HID 1 , A239-HID 18, A240-HIE 23:       0.00071313 at      1.702 Ang (1.507 Ang by residue) in 4.6285 (sec).
 3-Body A238-HID 1 , A239-HID 18, A240-HIE 24:       0.00527898 at      1.699 Ang (1.507 Ang by residue) in 4.6302 (sec).
 3-Body A238-HID 1 , A239-HID 18, A240-HIE 25:       0.00945613 at      1.608 Ang (1.507 Ang by residue) in 4.5726 (sec).
 3-Body A238-HID 1 , A239-HID 18, A240-HIE 26:      -0.00168246 at      1.689 Ang (1.507 Ang by residue) in 4.7141 (sec).
 3-Body A238-HID 1 , A239-HIE 19, A240-HIS 0 :      -0.00760944 at      1.702 Ang (1.507 Ang by residue) in 4.5838 (sec).
 3-Body A238-HID 1 , A239-HIE 19, A240-HID 1 :      -0.00321008 at      1.702 Ang (1.507 Ang by residue) in 4.5269 (sec).
 3-Body A238-HID 1 , A239-HIE 19, A240-HIE 2 :      -0.00311122 at      1.702 Ang (1.507 Ang by residue) in 4.5742 (sec).
 3-Body A238-HID 1 , A239-HIE 19, A240-HIS 3 :      -0.01047735 at      1.702 Ang (1.507 Ang by residue) in 4.5467 (sec).
 3-Body A238-HID 1 , A239-HIE 19, A240-HIS 4 :      -0.00760925 at      1.702 Ang (1.507 Ang by residue) in 4.6117 (sec).
 3-Body A238-HID 1 , A239-HIE 19, A240-HIS 8 :      -0.01474055 at      1.702 Ang (1.507 Ang by residue) in 4.5835 (sec).
 3-Body A238-HID 1 , A239-HIE 19, A240-HIS 9 :      -0.01017276 at      1.702 Ang (1.507 Ang by residue) in 4.7973 (sec).
 3-Body A238-HID 1 , A239-HIE 19, A240-HIS 10:      -0.02745244 at      1.633 Ang (1.507 Ang by residue) in 4.5226 (sec).
 3-Body A238-HID 1 , A239-HIE 19, A240-HID 11:      -0.00626173 at      1.702 Ang (1.507 Ang by residue) in 4.6637 (sec).
 3-Body A238-HID 1 , A239-HIE 19, A240-HID 12:      -0.00311991 at      1.702 Ang (1.507 Ang by residue) in 4.6650 (sec).
 3-Body A238-HID 1 , A239-HIE 19, A240-HID 15:      -0.00112918 at      1.702 Ang (1.507 Ang by residue) in 4.6755 (sec).
 3-Body A238-HID 1 , A239-HIE 19, A240-HID 16:      -0.00148144 at      1.702 Ang (1.507 Ang by residue) in 4.6530 (sec).
 3-Body A238-HID 1 , A239-HIE 19, A240-HID 17:       0.00110429 at      1.702 Ang (1.507 Ang by residue) in 4.5838 (sec).
 3-Body A238-HID 1 , A239-HIE 19, A240-HID 18:      -0.01498635 at      1.640 Ang (1.507 Ang by residue) in 4.6534 (sec).
 3-Body A238-HID 1 , A239-HIE 19, A240-HIE 19:       0.00098591 at      1.702 Ang (1.507 Ang by residue) in 4.6990 (sec).
 3-Body A238-HID 1 , A239-HIE 19, A240-HIE 20:      -0.00324295 at      1.702 Ang (1.507 Ang by residue) in 4.6151 (sec).
 3-Body A238-HID 1 , A239-HIE 19, A240-HIE 23:      -0.00029600 at      1.702 Ang (1.507 Ang by residue) in 4.8203 (sec).
 3-Body A238-HID 1 , A239-HIE 19, A240-HIE 24:      -0.00691636 at      1.702 Ang (1.507 Ang by residue) in 4.7062 (sec).
 3-Body A238-HID 1 , A239-HIE 19, A240-HIE 25:      -0.00219795 at      1.702 Ang (1.507 Ang by residue) in 4.6646 (sec).
 3-Body A238-HID 1 , A239-HIE 19, A240-HIE 26:      -0.00798752 at      1.689 Ang (1.507 Ang by residue) in 4.7573 (sec).
 3-Body A238-HID 1 , A239-HIE 20, A240-HIS 0 :      -0.00412696 at      1.702 Ang (1.507 Ang by residue) in 4.6655 (sec).
 3-Body A238-HID 1 , A239-HIE 20, A240-HID 1 :      -0.00090367 at      1.702 Ang (1.507 Ang by residue) in 4.5653 (sec).
 3-Body A238-HID 1 , A239-HIE 20, A240-HIE 2 :      -0.00071577 at      1.702 Ang (1.507 Ang by residue) in 4.5837 (sec).
 3-Body A238-HID 1 , A239-HIE 20, A240-HIS 3 :      -0.00398109 at      1.702 Ang (1.507 Ang by residue) in 4.5744 (sec).
 3-Body A238-HID 1 , A239-HIE 20, A240-HIS 4 :      -0.00412773 at      1.702 Ang (1.507 Ang by residue) in 4.6565 (sec).
 3-Body A238-HID 1 , A239-HIE 20, A240-HIS 8 :      -0.01108575 at      1.702 Ang (1.507 Ang by residue) in 4.6572 (sec).
 3-Body A238-HID 1 , A239-HIE 20, A240-HIS 9 :      -0.00817789 at      1.702 Ang (1.507 Ang by residue) in 4.6821 (sec).
 3-Body A238-HID 1 , A239-HIE 20, A240-HIS 10:      -0.01445023 at      1.633 Ang (1.507 Ang by residue) in 4.5755 (sec).
 3-Body A238-HID 1 , A239-HIE 20, A240-HID 11:      -0.00046381 at      1.702 Ang (1.507 Ang by residue) in 4.6031 (sec).
 3-Body A238-HID 1 , A239-HIE 20, A240-HID 12:      -0.00089568 at      1.702 Ang (1.507 Ang by residue) in 4.7238 (sec).
 3-Body A238-HID 1 , A239-HIE 20, A240-HID 15:      -0.00064760 at      1.702 Ang (1.507 Ang by residue) in 4.5691 (sec).
 3-Body A238-HID 1 , A239-HIE 20, A240-HID 16:      -0.00106002 at      1.702 Ang (1.507 Ang by residue) in 4.5232 (sec).
 3-Body A238-HID 1 , A239-HIE 20, A240-HID 17:       0.00030446 at      1.702 Ang (1.507 Ang by residue) in 4.5560 (sec).
 3-Body A238-HID 1 , A239-HIE 20, A240-HID 18:      -0.00558414 at      1.640 Ang (1.507 Ang by residue) in 4.6029 (sec).
 3-Body A238-HID 1 , A239-HIE 20, A240-HIE 19:       0.00089628 at      1.702 Ang (1.507 Ang by residue) in 4.5914 (sec).
 3-Body A238-HID 1 , A239-HIE 20, A240-HIE 20:      -0.00071915 at      1.702 Ang (1.507 Ang by residue) in 4.5696 (sec).
 3-Body A238-HID 1 , A239-HIE 20, A240-HIE 23:       0.00004830 at      1.702 Ang (1.507 Ang by residue) in 4.5636 (sec).
 3-Body A238-HID 1 , A239-HIE 20, A240-HIE 24:      -0.00539394 at      1.702 Ang (1.507 Ang by residue) in 4.6064 (sec).
 3-Body A238-HID 1 , A239-HIE 20, A240-HIE 25:      -0.00227191 at      1.702 Ang (1.507 Ang by residue) in 4.5938 (sec).
 3-Body A238-HID 1 , A239-HIE 20, A240-HIE 26:      -0.01629422 at      1.689 Ang (1.507 Ang by residue) in 4.6603 (sec).
 3-Body A238-HID 1 , A239-HIE 24, A240-HIS 0 :       0.00207595 at      1.702 Ang (1.507 Ang by residue) in 4.5668 (sec).
 3-Body A238-HID 1 , A239-HIE 24, A240-HID 1 :       0.00183955 at      1.702 Ang (1.507 Ang by residue) in 4.4727 (sec).
 3-Body A238-HID 1 , A239-HIE 24, A240-HIE 2 :       0.00160442 at      1.702 Ang (1.507 Ang by residue) in 4.5678 (sec).
 3-Body A238-HID 1 , A239-HIE 24, A240-HIS 3 :       0.00277197 at      1.702 Ang (1.507 Ang by residue) in 4.5400 (sec).
 3-Body A238-HID 1 , A239-HIE 24, A240-HIS 4 :       0.00207520 at      1.702 Ang (1.507 Ang by residue) in 4.4562 (sec).
 3-Body A238-HID 1 , A239-HIE 24, A240-HIS 8 :       0.00585156 at      1.702 Ang (1.507 Ang by residue) in 4.6267 (sec).
 3-Body A238-HID 1 , A239-HIE 24, A240-HIS 9 :       0.01191750 at      1.668 Ang (1.507 Ang by residue) in 4.6256 (sec).
 3-Body A238-HID 1 , A239-HIE 24, A240-HIS 10:       0.02052913 at      1.639 Ang (1.507 Ang by residue) in 4.6543 (sec).
 3-Body A238-HID 1 , A239-HIE 24, A240-HID 11:       0.00284264 at      1.702 Ang (1.507 Ang by residue) in 4.6272 (sec).
 3-Body A238-HID 1 , A239-HIE 24, A240-HID 12:       0.00181006 at      1.702 Ang (1.507 Ang by residue) in 4.6278 (sec).
 3-Body A238-HID 1 , A239-HIE 24, A240-HID 15:       0.00076949 at      1.702 Ang (1.507 Ang by residue) in 4.6471 (sec).
 3-Body A238-HID 1 , A239-HIE 24, A240-HID 16:      -0.00465278 at      1.702 Ang (1.507 Ang by residue) in 4.5946 (sec).
 3-Body A238-HID 1 , A239-HIE 24, A240-HID 17:      -0.00643432 at      1.668 Ang (1.507 Ang by residue) in 4.6159 (sec).
 3-Body A238-HID 1 , A239-HIE 24, A240-HID 18:       0.00839325 at      1.646 Ang (1.507 Ang by residue) in 4.4285 (sec).
 3-Body A238-HID 1 , A239-HIE 24, A240-HIE 19:       0.00070476 at      1.702 Ang (1.507 Ang by residue) in 4.4633 (sec).
 3-Body A238-HID 1 , A239-HIE 24, A240-HIE 20:       0.00165227 at      1.702 Ang (1.507 Ang by residue) in 4.5343 (sec).
 3-Body A238-HID 1 , A239-HIE 24, A240-HIE 23:       0.00051892 at      1.702 Ang (1.507 Ang by residue) in 4.6332 (sec).
 3-Body A238-HID 1 , A239-HIE 24, A240-HIE 24:      -0.00112662 at      1.702 Ang (1.507 Ang by residue) in 4.6125 (sec).
 3-Body A238-HID 1 , A239-HIE 24, A240-HIE 25:       0.00454087 at      1.669 Ang (1.507 Ang by residue) in 4.6183 (sec).
 3-Body A238-HID 1 , A239-HIE 24, A240-HIE 26:      -0.00852857 at      1.689 Ang (1.507 Ang by residue) in 4.6196 (sec).
 3-Body A238-HID 1 , A239-HIE 25, A240-HIS 0 :       0.00228091 at      1.702 Ang (1.507 Ang by residue) in 4.5498 (sec).
 3-Body A238-HID 1 , A239-HIE 25, A240-HID 1 :       0.00207574 at      1.702 Ang (1.507 Ang by residue) in 4.5036 (sec).
 3-Body A238-HID 1 , A239-HIE 25, A240-HIE 2 :       0.00184787 at      1.702 Ang (1.507 Ang by residue) in 4.5410 (sec).
 3-Body A238-HID 1 , A239-HIE 25, A240-HIS 3 :       0.00294942 at      1.702 Ang (1.507 Ang by residue) in 4.4975 (sec).
 3-Body A238-HID 1 , A239-HIE 25, A240-HIS 4 :       0.00228022 at      1.702 Ang (1.507 Ang by residue) in 4.6295 (sec).
 3-Body A238-HID 1 , A239-HIE 25, A240-HIS 8 :       0.00955558 at      1.702 Ang (1.507 Ang by residue) in 4.5291 (sec).
 3-Body A238-HID 1 , A239-HIE 25, A240-HIS 9 :       0.01347573 at      1.676 Ang (1.507 Ang by residue) in 4.4456 (sec).
 3-Body A238-HID 1 , A239-HIE 25, A240-HIS 10:       0.02304719 at      1.639 Ang (1.507 Ang by residue) in 4.6974 (sec).
 3-Body A238-HID 1 , A239-HIE 25, A240-HID 11:       0.00304704 at      1.702 Ang (1.507 Ang by residue) in 4.6071 (sec).
 3-Body A238-HID 1 , A239-HIE 25, A240-HID 12:       0.00204444 at      1.702 Ang (1.507 Ang by residue) in 4.6236 (sec).
 3-Body A238-HID 1 , A239-HIE 25, A240-HID 15:       0.00095040 at      1.702 Ang (1.507 Ang by residue) in 4.5528 (sec).
 3-Body A238-HID 1 , A239-HIE 25, A240-HID 16:      -0.00099980 at      1.702 Ang (1.507 Ang by residue) in 4.7351 (sec).
 3-Body A238-HID 1 , A239-HIE 25, A240-HID 17:      -0.00355934 at      1.702 Ang (1.507 Ang by residue) in 4.5823 (sec).
 3-Body A238-HID 1 , A239-HIE 25, A240-HID 18:       0.01154459 at      1.646 Ang (1.507 Ang by residue) in 4.6940 (sec).
 3-Body A238-HID 1 , A239-HIE 25, A240-HIE 19:       0.00101344 at      1.702 Ang (1.507 Ang by residue) in 4.5944 (sec).
 3-Body A238-HID 1 , A239-HIE 25, A240-HIE 20:       0.00189853 at      1.702 Ang (1.507 Ang by residue) in 4.6268 (sec).
 3-Body A238-HID 1 , A239-HIE 25, A240-HIE 23:       0.00074645 at      1.702 Ang (1.507 Ang by residue) in 4.5117 (sec).
 3-Body A238-HID 1 , A239-HIE 25, A240-HIE 24:       0.00350216 at      1.702 Ang (1.507 Ang by residue) in 4.4683 (sec).
 3-Body A238-HID 1 , A239-HIE 25, A240-HIE 25:       0.00601095 at      1.676 Ang (1.507 Ang by residue) in 4.7321 (sec).
 3-Body A238-HID 1 , A239-HIE 25, A240-HIE 26:      -0.00486616 at      1.674 Ang (1.507 Ang by residue) in 4.5867 (sec).
 3-Body A238-HID 1 , A239-HIE 26, A240-HIS 0 :       0.00247449 at      1.702 Ang (1.507 Ang by residue) in 4.6343 (sec).
 3-Body A238-HID 1 , A239-HIE 26, A240-HID 1 :       0.00214921 at      1.702 Ang (1.507 Ang by residue) in 4.6595 (sec).
 3-Body A238-HID 1 , A239-HIE 26, A240-HIE 2 :       0.00187397 at      1.702 Ang (1.507 Ang by residue) in 4.4896 (sec).
 3-Body A238-HID 1 , A239-HIE 26, A240-HIS 3 :       0.00309147 at      1.702 Ang (1.507 Ang by residue) in 4.4836 (sec).
 3-Body A238-HID 1 , A239-HIE 26, A240-HIS 4 :       0.00247374 at      1.702 Ang (1.507 Ang by residue) in 4.5702 (sec).
 3-Body A238-HID 1 , A239-HIE 26, A240-HIS 8 :       0.01369749 at      1.701 Ang (1.507 Ang by residue) in 4.6371 (sec).
 3-Body A238-HID 1 , A239-HIE 26, A240-HIS 9 :       0.01577985 at      1.613 Ang (1.507 Ang by residue) in 4.6014 (sec).
 3-Body A238-HID 1 , A239-HIE 26, A240-HIS 10:       0.02630513 at      1.639 Ang (1.507 Ang by residue) in 4.5654 (sec).
 3-Body A238-HID 1 , A239-HIE 26, A240-HID 11:       0.00307955 at      1.702 Ang (1.507 Ang by residue) in 4.6323 (sec).
 3-Body A238-HID 1 , A239-HIE 26, A240-HID 12:       0.00211789 at      1.702 Ang (1.507 Ang by residue) in 4.5511 (sec).
 3-Body A238-HID 1 , A239-HIE 26, A240-HID 15:       0.00102844 at      1.702 Ang (1.507 Ang by residue) in 4.6366 (sec).
 3-Body A238-HID 1 , A239-HIE 26, A240-HID 16:       0.00278255 at      1.701 Ang (1.507 Ang by residue) in 4.5487 (sec).
 3-Body A238-HID 1 , A239-HIE 26, A240-HID 17:      -0.00176954 at      1.616 Ang (1.507 Ang by residue) in 4.5282 (sec).
 3-Body A238-HID 1 , A239-HIE 26, A240-HID 18:       0.01318747 at      1.646 Ang (1.507 Ang by residue) in 4.5655 (sec).
 3-Body A238-HID 1 , A239-HIE 26, A240-HIE 19:       0.00106677 at      1.702 Ang (1.507 Ang by residue) in 4.5578 (sec).
 3-Body A238-HID 1 , A239-HIE 26, A240-HIE 20:       0.00192426 at      1.702 Ang (1.507 Ang by residue) in 4.6055 (sec).
 3-Body A238-HID 1 , A239-HIE 26, A240-HIE 23:       0.00067901 at      1.702 Ang (1.507 Ang by residue) in 4.5193 (sec).
 3-Body A238-HID 1 , A239-HIE 26, A240-HIE 24:       0.00470971 at      1.698 Ang (1.507 Ang by residue) in 4.4745 (sec).
 3-Body A238-HID 1 , A239-HIE 26, A240-HIE 25:       0.00878438 at      1.609 Ang (1.507 Ang by residue) in 4.5961 (sec).
 3-Body A238-HID 1 , A239-HIE 26, A240-HIE 26:      -0.00209945 at      1.689 Ang (1.507 Ang by residue) in 4.5552 (sec).
 3-Body A238-HIE 2 , A239-HIS 0 , A240-HIS 0 :       0.00886631 at      1.702 Ang (1.507 Ang by residue) in 4.6351 (sec).
 3-Body A238-HIE 2 , A239-HIS 0 , A240-HID 1 :       0.00531752 at      1.702 Ang (1.507 Ang by residue) in 4.6852 (sec).
 3-Body A238-HIE 2 , A239-HIS 0 , A240-HIE 2 :       0.00493044 at      1.702 Ang (1.507 Ang by residue) in 4.6110 (sec).
 3-Body A238-HIE 2 , A239-HIS 0 , A240-HIS 3 :       0.01713023 at      1.702 Ang (1.507 Ang by residue) in 4.5610 (sec).
 3-Body A238-HIE 2 , A239-HIS 0 , A240-HIS 4 :       0.00886592 at      1.702 Ang (1.507 Ang by residue) in 4.6290 (sec).
 3-Body A238-HIE 2 , A239-HIS 0 , A240-HIS 8 :       0.02872601 at      1.702 Ang (1.507 Ang by residue) in 4.5755 (sec).
 3-Body A238-HIE 2 , A239-HIS 0 , A240-HIS 9 :       0.01946014 at      1.702 Ang (1.507 Ang by residue) in 4.5215 (sec).
 3-Body A238-HIE 2 , A239-HIS 0 , A240-HIS 10:       0.07053144 at      1.639 Ang (1.507 Ang by residue) in 4.5927 (sec).
 3-Body A238-HIE 2 , A239-HIS 0 , A240-HID 11:       0.01413537 at      1.702 Ang (1.507 Ang by residue) in 4.5061 (sec).
 3-Body A238-HIE 2 , A239-HIS 0 , A240-HID 12:       0.00522295 at      1.702 Ang (1.507 Ang by residue) in 4.7614 (sec).
 3-Body A238-HIE 2 , A239-HIS 0 , A240-HID 15:       0.00187578 at      1.702 Ang (1.507 Ang by residue) in 4.5223 (sec).
 3-Body A238-HIE 2 , A239-HIS 0 , A240-HID 16:       0.00463752 at      1.702 Ang (1.507 Ang by residue) in 4.5332 (sec).
 3-Body A238-HIE 2 , A239-HIS 0 , A240-HID 17:       0.00534542 at      1.702 Ang (1.507 Ang by residue) in 4.6536 (sec).
 3-Body A238-HIE 2 , A239-HIS 0 , A240-HID 18:       0.05195326 at      1.647 Ang (1.507 Ang by residue) in 4.5159 (sec).
 3-Body A238-HIE 2 , A239-HIS 0 , A240-HIE 19:      -0.00334166 at      1.702 Ang (1.507 Ang by residue) in 4.4601 (sec).
 3-Body A238-HIE 2 , A239-HIS 0 , A240-HIE 20:       0.00509739 at      1.702 Ang (1.507 Ang by residue) in 4.6244 (sec).
 3-Body A238-HIE 2 , A239-HIS 0 , A240-HIE 23:       0.00133884 at      1.702 Ang (1.507 Ang by residue) in 4.5795 (sec).
 3-Body A238-HIE 2 , A239-HIS 0 , A240-HIE 24:       0.01983178 at      1.702 Ang (1.507 Ang by residue) in 4.7295 (sec).
 3-Body A238-HIE 2 , A239-HIS 0 , A240-HIE 25:       0.01088662 at      1.702 Ang (1.507 Ang by residue) in 4.5633 (sec).
 3-Body A238-HIE 2 , A239-HIS 0 , A240-HIE 26:       0.00255806 at      1.689 Ang (1.507 Ang by residue) in 4.7677 (sec).
 3-Body A238-HIE 2 , A239-HID 1 , A240-HIS 0 :       0.00620085 at      1.702 Ang (1.507 Ang by residue) in 4.5419 (sec).
 3-Body A238-HIE 2 , A239-HID 1 , A240-HID 1 :       0.00269427 at      1.702 Ang (1.507 Ang by residue) in 4.4579 (sec).
 3-Body A238-HIE 2 , A239-HID 1 , A240-HIE 2 :       0.00267164 at      1.702 Ang (1.507 Ang by residue) in 4.5735 (sec).
 3-Body A238-HIE 2 , A239-HID 1 , A240-HIS 3 :       0.01142023 at      1.702 Ang (1.507 Ang by residue) in 4.5992 (sec).
 3-Body A238-HIE 2 , A239-HID 1 , A240-HIS 4 :       0.00620072 at      1.702 Ang (1.507 Ang by residue) in 4.6696 (sec).
 3-Body A238-HIE 2 , A239-HID 1 , A240-HIS 8 :       0.01399469 at      1.702 Ang (1.507 Ang by residue) in 4.4476 (sec).
 3-Body A238-HIE 2 , A239-HID 1 , A240-HIS 9 :       0.01007236 at      1.702 Ang (1.507 Ang by residue) in 4.6247 (sec).
 3-Body A238-HIE 2 , A239-HID 1 , A240-HIS 10:       0.03960356 at      1.639 Ang (1.507 Ang by residue) in 4.4715 (sec).
 3-Body A238-HIE 2 , A239-HID 1 , A240-HID 11:       0.00858701 at      1.702 Ang (1.507 Ang by residue) in 4.6302 (sec).
 3-Body A238-HIE 2 , A239-HID 1 , A240-HID 12:       0.00264200 at      1.702 Ang (1.507 Ang by residue) in 4.6045 (sec).
 3-Body A238-HIE 2 , A239-HID 1 , A240-HID 15:       0.00105905 at      1.702 Ang (1.507 Ang by residue) in 4.6119 (sec).
 3-Body A238-HIE 2 , A239-HID 1 , A240-HID 16:       0.00148856 at      1.702 Ang (1.507 Ang by residue) in 4.6649 (sec).
 3-Body A238-HIE 2 , A239-HID 1 , A240-HID 17:       0.00121360 at      1.702 Ang (1.507 Ang by residue) in 4.7390 (sec).
 3-Body A238-HIE 2 , A239-HID 1 , A240-HID 18:       0.02953948 at      1.647 Ang (1.507 Ang by residue) in 4.6862 (sec).
 3-Body A238-HIE 2 , A239-HID 1 , A240-HIE 19:      -0.00297755 at      1.702 Ang (1.507 Ang by residue) in 4.5281 (sec).
 3-Body A238-HIE 2 , A239-HID 1 , A240-HIE 20:       0.00276670 at      1.702 Ang (1.507 Ang by residue) in 4.6286 (sec).
 3-Body A238-HIE 2 , A239-HID 1 , A240-HIE 23:       0.00061105 at      1.702 Ang (1.507 Ang by residue) in 4.6373 (sec).
 3-Body A238-HIE 2 , A239-HID 1 , A240-HIE 24:       0.00824756 at      1.702 Ang (1.507 Ang by residue) in 4.7759 (sec).
 3-Body A238-HIE 2 , A239-HID 1 , A240-HIE 25:       0.00444013 at      1.702 Ang (1.507 Ang by residue) in 4.5992 (sec).
 3-Body A238-HIE 2 , A239-HID 1 , A240-HIE 26:      -0.00403472 at      1.689 Ang (1.507 Ang by residue) in 4.5723 (sec).
 3-Body A238-HIE 2 , A239-HIE 2 , A240-HIS 0 :       0.00464411 at      1.702 Ang (1.507 Ang by residue) in 4.5129 (sec).
 3-Body A238-HIE 2 , A239-HIE 2 , A240-HID 1 :       0.00221588 at      1.702 Ang (1.507 Ang by residue) in 4.5814 (sec).
 3-Body A238-HIE 2 , A239-HIE 2 , A240-HIE 2 :       0.00201843 at      1.702 Ang (1.507 Ang by residue) in 4.5116 (sec).
 3-Body A238-HIE 2 , A239-HIE 2 , A240-HIS 3 :       0.00804681 at      1.702 Ang (1.507 Ang by residue) in 4.5406 (sec).
 3-Body A238-HIE 2 , A239-HIE 2 , A240-HIS 4 :       0.00464388 at      1.702 Ang (1.507 Ang by residue) in 4.5917 (sec).
 3-Body A238-HIE 2 , A239-HIE 2 , A240-HIS 8 :       0.01199682 at      1.702 Ang (1.507 Ang by residue) in 4.6191 (sec).
 3-Body A238-HIE 2 , A239-HIE 2 , A240-HIS 9 :       0.00738335 at      1.702 Ang (1.507 Ang by residue) in 4.6205 (sec).
 3-Body A238-HIE 2 , A239-HIE 2 , A240-HIS 10:       0.03180132 at      1.639 Ang (1.507 Ang by residue) in 4.5759 (sec).
 3-Body A238-HIE 2 , A239-HIE 2 , A240-HID 11:       0.00615459 at      1.702 Ang (1.507 Ang by residue) in 4.4870 (sec).
 3-Body A238-HIE 2 , A239-HIE 2 , A240-HID 12:       0.00217811 at      1.702 Ang (1.507 Ang by residue) in 4.6300 (sec).
 3-Body A238-HIE 2 , A239-HIE 2 , A240-HID 15:       0.00072700 at      1.702 Ang (1.507 Ang by residue) in 4.5887 (sec).
 3-Body A238-HIE 2 , A239-HIE 2 , A240-HID 16:       0.00206430 at      1.702 Ang (1.507 Ang by residue) in 4.5134 (sec).
 3-Body A238-HIE 2 , A239-HIE 2 , A240-HID 17:       0.00238097 at      1.702 Ang (1.507 Ang by residue) in 4.5950 (sec).
 3-Body A238-HIE 2 , A239-HIE 2 , A240-HID 18:       0.02463729 at      1.647 Ang (1.507 Ang by residue) in 4.5860 (sec).
 3-Body A238-HIE 2 , A239-HIE 2 , A240-HIE 19:      -0.00169588 at      1.702 Ang (1.507 Ang by residue) in 4.5586 (sec).
 3-Body A238-HIE 2 , A239-HIE 2 , A240-HIE 20:       0.00209478 at      1.702 Ang (1.507 Ang by residue) in 4.5633 (sec).
 3-Body A238-HIE 2 , A239-HIE 2 , A240-HIE 23:       0.00030827 at      1.702 Ang (1.507 Ang by residue) in 4.6993 (sec).
 3-Body A238-HIE 2 , A239-HIE 2 , A240-HIE 24:       0.00792386 at      1.702 Ang (1.507 Ang by residue) in 4.5382 (sec).
 3-Body A238-HIE 2 , A239-HIE 2 , A240-HIE 25:       0.00331547 at      1.702 Ang (1.507 Ang by residue) in 4.5003 (sec).
 3-Body A238-HIE 2 , A239-HIE 2 , A240-HIE 26:      -0.00039848 at      1.689 Ang (1.507 Ang by residue) in 4.5829 (sec).
 3-Body A238-HIE 2 , A239-HIS 3 , A240-HIS 0 :       0.01717981 at      1.702 Ang (1.507 Ang by residue) in 4.4936 (sec).
 3-Body A238-HIE 2 , A239-HIS 3 , A240-HID 1 :       0.01057086 at      1.702 Ang (1.507 Ang by residue) in 4.3828 (sec).
 3-Body A238-HIE 2 , A239-HIS 3 , A240-HIE 2 :       0.01039693 at      1.702 Ang (1.507 Ang by residue) in 4.4306 (sec).
 3-Body A238-HIE 2 , A239-HIS 3 , A240-HIS 3 :       0.03738465 at      1.702 Ang (1.507 Ang by residue) in 4.5161 (sec).
 3-Body A238-HIE 2 , A239-HIS 3 , A240-HIS 4 :       0.01717939 at      1.702 Ang (1.507 Ang by residue) in 4.5897 (sec).
 3-Body A238-HIE 2 , A239-HIS 3 , A240-HIS 8 :       0.03182883 at      1.702 Ang (1.507 Ang by residue) in 4.4477 (sec).
 3-Body A238-HIE 2 , A239-HIS 3 , A240-HIS 9 :       0.02282743 at      1.702 Ang (1.507 Ang by residue) in 4.4975 (sec).
 3-Body A238-HIE 2 , A239-HIS 3 , A240-HIS 10:       0.09905044 at      1.633 Ang (1.507 Ang by residue) in 4.5393 (sec).
 3-Body A238-HIE 2 , A239-HIS 3 , A240-HID 11:       0.03280951 at      1.702 Ang (1.507 Ang by residue) in 4.7135 (sec).
 3-Body A238-HIE 2 , A239-HIS 3 , A240-HID 12:       0.01025430 at      1.702 Ang (1.507 Ang by residue) in 4.6133 (sec).
 3-Body A238-HIE 2 , A239-HIS 3 , A240-HID 15:       0.00354185 at      1.702 Ang (1.507 Ang by residue) in 4.6168 (sec).
 3-Body A238-HIE 2 , A239-HIS 3 , A240-HID 16:       0.00575605 at      1.702 Ang (1.507 Ang by residue) in 4.3890 (sec).
 3-Body A238-HIE 2 , A239-HIS 3 , A240-HID 17:       0.00730168 at      1.702 Ang (1.507 Ang by residue) in 4.5215 (sec).
 3-Body A238-HIE 2 , A239-HIS 3 , A240-HID 18:       0.07698205 at      1.640 Ang (1.507 Ang by residue) in 4.7403 (sec).
 3-Body A238-HIE 2 , A239-HIS 3 , A240-HIE 19:      -0.00753582 at      1.702 Ang (1.507 Ang by residue) in 4.6527 (sec).
 3-Body A238-HIE 2 , A239-HIS 3 , A240-HIE 20:       0.01072811 at      1.702 Ang (1.507 Ang by residue) in 4.5587 (sec).
 3-Body A238-HIE 2 , A239-HIS 3 , A240-HIE 23:       0.00254139 at      1.702 Ang (1.507 Ang by residue) in 4.5477 (sec).
 3-Body A238-HIE 2 , A239-HIS 3 , A240-HIE 24:       0.02014783 at      1.702 Ang (1.507 Ang by residue) in 4.5120 (sec).
 3-Body A238-HIE 2 , A239-HIS 3 , A240-HIE 25:       0.01262416 at      1.702 Ang (1.507 Ang by residue) in 4.6129 (sec).
 3-Body A238-HIE 2 , A239-HIS 3 , A240-HIE 26:      -0.02025758 at      1.689 Ang (1.507 Ang by residue) in 4.5664 (sec).
 3-Body A238-HIE 2 , A239-HIS 4 , A240-HIS 0 :       0.02038105 at      1.702 Ang (1.507 Ang by residue) in 4.5686 (sec).
 3-Body A238-HIE 2 , A239-HIS 4 , A240-HID 1 :       0.01069588 at      1.702 Ang (1.507 Ang by residue) in 4.5387 (sec).
 3-Body A238-HIE 2 , A239-HIS 4 , A240-HIE 2 :       0.01261726 at      1.702 Ang (1.507 Ang by residue) in 4.5543 (sec).
 3-Body A238-HIE 2 , A239-HIS 4 , A240-HIS 3 :       0.04373276 at      1.702 Ang (1.507 Ang by residue) in 4.6812 (sec).
 3-Body A238-HIE 2 , A239-HIS 4 , A240-HIS 4 :       0.02038130 at      1.702 Ang (1.507 Ang by residue) in 4.5690 (sec).
 3-Body A238-HIE 2 , A239-HIS 4 , A240-HIS 8 :       0.02890273 at      1.702 Ang (1.507 Ang by residue) in 4.5574 (sec).
 3-Body A238-HIE 2 , A239-HIS 4 , A240-HIS 9 :       0.02042446 at      1.702 Ang (1.507 Ang by residue) in 4.6440 (sec).
 3-Body A238-HIE 2 , A239-HIS 4 , A240-HIS 10:       0.08418439 at      1.633 Ang (1.507 Ang by residue) in 4.5849 (sec).
 3-Body A238-HIE 2 , A239-HIS 4 , A240-HID 11:       0.03731250 at      1.702 Ang (1.507 Ang by residue) in 4.5628 (sec).
 3-Body A238-HIE 2 , A239-HIS 4 , A240-HID 12:       0.01024083 at      1.702 Ang (1.507 Ang by residue) in 4.6054 (sec).
 3-Body A238-HIE 2 , A239-HIS 4 , A240-HID 15:       0.00334970 at      1.702 Ang (1.507 Ang by residue) in 4.6350 (sec).
 3-Body A238-HIE 2 , A239-HIS 4 , A240-HID 16:       0.00781119 at      1.702 Ang (1.507 Ang by residue) in 4.5735 (sec).
 3-Body A238-HIE 2 , A239-HIS 4 , A240-HID 17:       0.00791914 at      1.702 Ang (1.507 Ang by residue) in 4.5324 (sec).
 3-Body A238-HIE 2 , A239-HIS 4 , A240-HID 18:       0.06530373 at      1.640 Ang (1.507 Ang by residue) in 4.6647 (sec).
 3-Body A238-HIE 2 , A239-HIS 4 , A240-HIE 19:      -0.00854211 at      1.702 Ang (1.507 Ang by residue) in 4.8047 (sec).
 3-Body A238-HIE 2 , A239-HIS 4 , A240-HIE 20:       0.01300018 at      1.702 Ang (1.507 Ang by residue) in 4.6478 (sec).
 3-Body A238-HIE 2 , A239-HIS 4 , A240-HIE 23:       0.00217595 at      1.702 Ang (1.507 Ang by residue) in 4.7176 (sec).
 3-Body A238-HIE 2 , A239-HIS 4 , A240-HIE 24:       0.01790533 at      1.702 Ang (1.507 Ang by residue) in 4.6503 (sec).
 3-Body A238-HIE 2 , A239-HIS 4 , A240-HIE 25:       0.01039884 at      1.702 Ang (1.507 Ang by residue) in 4.7347 (sec).
 3-Body A238-HIE 2 , A239-HIS 4 , A240-HIE 26:      -0.01791425 at      1.689 Ang (1.507 Ang by residue) in 4.6026 (sec).
 3-Body A238-HIE 2 , A239-HIS 9 , A240-HIS 0 :       0.00345897 at      1.702 Ang (1.507 Ang by residue) in 4.5546 (sec).
 3-Body A238-HIE 2 , A239-HIS 9 , A240-HID 1 :       0.00268252 at      1.702 Ang (1.507 Ang by residue) in 4.4094 (sec).
 3-Body A238-HIE 2 , A239-HIS 9 , A240-HIE 2 :       0.00242663 at      1.702 Ang (1.507 Ang by residue) in 4.6224 (sec).
 3-Body A238-HIE 2 , A239-HIS 9 , A240-HIS 3 :       0.00613357 at      1.702 Ang (1.507 Ang by residue) in 4.6520 (sec).
 3-Body A238-HIE 2 , A239-HIS 9 , A240-HIS 4 :       0.00345863 at      1.702 Ang (1.507 Ang by residue) in 4.6416 (sec).
 3-Body A238-HIE 2 , A239-HIS 9 , A240-HIS 8 :       0.02386409 at      1.691 Ang (1.507 Ang by residue) in 4.5623 (sec).
 3-Body A238-HIE 2 , A239-HIS 9 , A240-HIS 9 :       0.02548193 at      1.674 Ang (1.507 Ang by residue) in 4.6689 (sec).
 3-Body A238-HIE 2 , A239-HIS 9 , A240-HIS 10:       0.04375551 at      1.592 Ang (1.507 Ang by residue) in 4.6961 (sec).
 3-Body A238-HIE 2 , A239-HIS 9 , A240-HID 11:       0.00550385 at      1.702 Ang (1.507 Ang by residue) in 4.6049 (sec).
 3-Body A238-HIE 2 , A239-HIS 9 , A240-HID 12:       0.00265924 at      1.702 Ang (1.507 Ang by residue) in 4.6247 (sec).
 3-Body A238-HIE 2 , A239-HIS 9 , A240-HID 15:       0.00130108 at      1.702 Ang (1.507 Ang by residue) in 4.5303 (sec).
 3-Body A238-HIE 2 , A239-HIS 9 , A240-HID 16:       0.00783227 at      1.702 Ang (1.507 Ang by residue) in 4.6995 (sec).
 3-Body A238-HIE 2 , A239-HIS 9 , A240-HID 17:       0.00568305 at      1.702 Ang (1.507 Ang by residue) in 4.4733 (sec).
 3-Body A238-HIE 2 , A239-HIS 9 , A240-HID 18:       0.02731698 at      1.601 Ang (1.507 Ang by residue) in 4.5506 (sec).
 3-Body A238-HIE 2 , A239-HIS 9 , A240-HIE 19:      -0.00017982 at      1.702 Ang (1.507 Ang by residue) in 4.6431 (sec).
 3-Body A238-HIE 2 , A239-HIS 9 , A240-HIE 20:       0.00248209 at      1.702 Ang (1.507 Ang by residue) in 4.7114 (sec).
 3-Body A238-HIE 2 , A239-HIS 9 , A240-HIE 23:       0.00096679 at      1.702 Ang (1.507 Ang by residue) in 4.6229 (sec).
 3-Body A238-HIE 2 , A239-HIS 9 , A240-HIE 24:       0.01493294 at      1.691 Ang (1.507 Ang by residue) in 4.6798 (sec).
 3-Body A238-HIE 2 , A239-HIS 9 , A240-HIE 25:       0.01526524 at      1.674 Ang (1.507 Ang by residue) in 4.7294 (sec).
 3-Body A238-HIE 2 , A239-HIS 9 , A240-HIE 26:       0.00672619 at      1.600 Ang (1.507 Ang by residue) in 4.5011 (sec).
 3-Body A238-HIE 2 , A239-HIS 10, A240-HIS 0 :       0.00362998 at      1.702 Ang (1.507 Ang by residue) in 4.4662 (sec).
 3-Body A238-HIE 2 , A239-HIS 10, A240-HID 1 :       0.00259294 at      1.702 Ang (1.507 Ang by residue) in 4.4880 (sec).
 3-Body A238-HIE 2 , A239-HIS 10, A240-HIE 2 :       0.00228306 at      1.702 Ang (1.507 Ang by residue) in 4.5448 (sec).
 3-Body A238-HIE 2 , A239-HIS 10, A240-HIS 3 :       0.00647369 at      1.702 Ang (1.507 Ang by residue) in 4.4936 (sec).
 3-Body A238-HIE 2 , A239-HIS 10, A240-HIS 4 :       0.00362970 at      1.702 Ang (1.507 Ang by residue) in 4.6597 (sec).
 3-Body A238-HIE 2 , A239-HIS 10, A240-HIS 8 :       0.02085427 at      1.701 Ang (1.507 Ang by residue) in 4.6659 (sec).
 3-Body A238-HIE 2 , A239-HIS 10, A240-HIS 9 :       0.02260979 at      1.611 Ang (1.507 Ang by residue) in 4.5088 (sec).
 3-Body A238-HIE 2 , A239-HIS 10, A240-HIS 10:       0.04103416 at      1.639 Ang (1.507 Ang by residue) in 4.4469 (sec).
 3-Body A238-HIE 2 , A239-HIS 10, A240-HID 11:       0.00558520 at      1.702 Ang (1.507 Ang by residue) in 4.6905 (sec).
 3-Body A238-HIE 2 , A239-HIS 10, A240-HID 12:       0.00257018 at      1.702 Ang (1.507 Ang by residue) in 4.6871 (sec).
 3-Body A238-HIE 2 , A239-HIS 10, A240-HID 15:       0.00130918 at      1.702 Ang (1.507 Ang by residue) in 4.7110 (sec).
 3-Body A238-HIE 2 , A239-HIS 10, A240-HID 16:       0.00954496 at      1.700 Ang (1.507 Ang by residue) in 4.6376 (sec).
 3-Body A238-HIE 2 , A239-HIS 10, A240-HID 17:       0.00537734 at      1.614 Ang (1.507 Ang by residue) in 4.6956 (sec).
 3-Body A238-HIE 2 , A239-HIS 10, A240-HID 18:       0.02615352 at      1.646 Ang (1.507 Ang by residue) in 4.6384 (sec).
 3-Body A238-HIE 2 , A239-HIS 10, A240-HIE 19:      -0.00043451 at      1.702 Ang (1.507 Ang by residue) in 4.5663 (sec).
 3-Body A238-HIE 2 , A239-HIS 10, A240-HIE 20:       0.00233717 at      1.702 Ang (1.507 Ang by residue) in 4.6057 (sec).
 3-Body A238-HIE 2 , A239-HIS 10, A240-HIE 23:       0.00074945 at      1.702 Ang (1.507 Ang by residue) in 4.5718 (sec).
 3-Body A238-HIE 2 , A239-HIS 10, A240-HIE 24:       0.01020190 at      1.698 Ang (1.507 Ang by residue) in 4.5617 (sec).
 3-Body A238-HIE 2 , A239-HIS 10, A240-HIE 25:       0.01413068 at      1.607 Ang (1.507 Ang by residue) in 4.5231 (sec).
 3-Body A238-HIE 2 , A239-HIS 10, A240-HIE 26:       0.00456110 at      1.689 Ang (1.507 Ang by residue) in 4.4956 (sec).
 3-Body A238-HIE 2 , A239-HID 11, A240-HIS 0 :       0.01440861 at      1.702 Ang (1.507 Ang by residue) in 4.5584 (sec).
 3-Body A238-HIE 2 , A239-HID 11, A240-HID 1 :       0.00453968 at      1.702 Ang (1.507 Ang by residue) in 4.4504 (sec).
 3-Body A238-HIE 2 , A239-HID 11, A240-HIE 2 :       0.00554739 at      1.702 Ang (1.507 Ang by residue) in 4.5310 (sec).
 3-Body A238-HIE 2 , A239-HID 11, A240-HIS 3 :       0.02706157 at      1.702 Ang (1.507 Ang by residue) in 4.5439 (sec).
 3-Body A238-HIE 2 , A239-HID 11, A240-HIS 4 :       0.01440881 at      1.702 Ang (1.507 Ang by residue) in 4.6367 (sec).
 3-Body A238-HIE 2 , A239-HID 11, A240-HIS 8 :       0.01908787 at      1.702 Ang (1.507 Ang by residue) in 4.5642 (sec).
 3-Body A238-HIE 2 , A239-HID 11, A240-HIS 9 :       0.01597903 at      1.702 Ang (1.507 Ang by residue) in 4.5315 (sec).
 3-Body A238-HIE 2 , A239-HID 11, A240-HIS 10:       0.06113213 at      1.633 Ang (1.507 Ang by residue) in 4.6427 (sec).
 3-Body A238-HIE 2 , A239-HID 11, A240-HID 11:       0.01922578 at      1.702 Ang (1.507 Ang by residue) in 4.5990 (sec).
 3-Body A238-HIE 2 , A239-HID 11, A240-HID 12:       0.00438789 at      1.702 Ang (1.507 Ang by residue) in 4.6261 (sec).
 3-Body A238-HIE 2 , A239-HID 11, A240-HID 15:       0.00234507 at      1.702 Ang (1.507 Ang by residue) in 4.6097 (sec).
 3-Body A238-HIE 2 , A239-HID 11, A240-HID 16:      -0.00006068 at      1.702 Ang (1.507 Ang by residue) in 4.4810 (sec).
 3-Body A238-HIE 2 , A239-HID 11, A240-HID 17:       0.00102331 at      1.702 Ang (1.507 Ang by residue) in 4.4649 (sec).
 3-Body A238-HIE 2 , A239-HID 11, A240-HID 18:       0.04432802 at      1.640 Ang (1.507 Ang by residue) in 4.7083 (sec).
 3-Body A238-HIE 2 , A239-HID 11, A240-HIE 19:      -0.00676809 at      1.702 Ang (1.507 Ang by residue) in 4.6217 (sec).
 3-Body A238-HIE 2 , A239-HID 11, A240-HIE 20:       0.00572428 at      1.702 Ang (1.507 Ang by residue) in 4.5544 (sec).
 3-Body A238-HIE 2 , A239-HID 11, A240-HIE 23:       0.00131585 at      1.702 Ang (1.507 Ang by residue) in 4.5620 (sec).
 3-Body A238-HIE 2 , A239-HID 11, A240-HIE 24:       0.00733441 at      1.702 Ang (1.507 Ang by residue) in 4.5237 (sec).
 3-Body A238-HIE 2 , A239-HID 11, A240-HIE 25:       0.00448886 at      1.702 Ang (1.507 Ang by residue) in 4.5286 (sec).
 3-Body A238-HIE 2 , A239-HID 11, A240-HIE 26:      -0.02183773 at      1.689 Ang (1.507 Ang by residue) in 4.4812 (sec).
 3-Body A238-HIE 2 , A239-HID 12, A240-HIS 0 :       0.01783765 at      1.702 Ang (1.507 Ang by residue) in 4.5003 (sec).
 3-Body A238-HIE 2 , A239-HID 12, A240-HID 1 :       0.00502669 at      1.702 Ang (1.507 Ang by residue) in 4.5835 (sec).
 3-Body A238-HIE 2 , A239-HID 12, A240-HIE 2 :       0.00795460 at      1.702 Ang (1.507 Ang by residue) in 4.5963 (sec).
 3-Body A238-HIE 2 , A239-HID 12, A240-HIS 3 :       0.03518387 at      1.702 Ang (1.507 Ang by residue) in 4.5912 (sec).
 3-Body A238-HIE 2 , A239-HID 12, A240-HIS 4 :       0.01783813 at      1.702 Ang (1.507 Ang by residue) in 4.5829 (sec).
 3-Body A238-HIE 2 , A239-HID 12, A240-HIS 8 :       0.01899767 at      1.702 Ang (1.507 Ang by residue) in 4.5606 (sec).
 3-Body A238-HIE 2 , A239-HID 12, A240-HIS 9 :       0.01545424 at      1.702 Ang (1.507 Ang by residue) in 4.5612 (sec).
 3-Body A238-HIE 2 , A239-HID 12, A240-HIS 10:       0.05332022 at      1.633 Ang (1.507 Ang by residue) in 4.6612 (sec).
 3-Body A238-HIE 2 , A239-HID 12, A240-HID 11:       0.02603088 at      1.702 Ang (1.507 Ang by residue) in 4.6554 (sec).
 3-Body A238-HIE 2 , A239-HID 12, A240-HID 12:       0.00464984 at      1.702 Ang (1.507 Ang by residue) in 4.4366 (sec).
 3-Body A238-HIE 2 , A239-HID 12, A240-HID 15:       0.00226599 at      1.702 Ang (1.507 Ang by residue) in 4.5403 (sec).
 3-Body A238-HIE 2 , A239-HID 12, A240-HID 16:      -0.00062214 at      1.702 Ang (1.507 Ang by residue) in 4.5041 (sec).
 3-Body A238-HIE 2 , A239-HID 12, A240-HID 17:       0.00020914 at      1.702 Ang (1.507 Ang by residue) in 4.6136 (sec).
 3-Body A238-HIE 2 , A239-HID 12, A240-HID 18:       0.03555788 at      1.640 Ang (1.507 Ang by residue) in 4.5971 (sec).
 3-Body A238-HIE 2 , A239-HID 12, A240-HIE 19:      -0.01022519 at      1.702 Ang (1.507 Ang by residue) in 4.5972 (sec).
 3-Body A238-HIE 2 , A239-HID 12, A240-HIE 20:       0.00821874 at      1.702 Ang (1.507 Ang by residue) in 4.5789 (sec).
 3-Body A238-HIE 2 , A239-HID 12, A240-HIE 23:       0.00090455 at      1.702 Ang (1.507 Ang by residue) in 4.6192 (sec).
 3-Body A238-HIE 2 , A239-HID 12, A240-HIE 24:       0.00548856 at      1.702 Ang (1.507 Ang by residue) in 4.5410 (sec).
 3-Body A238-HIE 2 , A239-HID 12, A240-HIE 25:       0.00202164 at      1.702 Ang (1.507 Ang by residue) in 4.6404 (sec).
 3-Body A238-HIE 2 , A239-HID 12, A240-HIE 26:      -0.02356539 at      1.689 Ang (1.507 Ang by residue) in 4.6411 (sec).
 3-Body A238-HIE 2 , A239-HID 16, A240-HIS 0 :       0.00292628 at      1.702 Ang (1.507 Ang by residue) in 4.7515 (sec).
 3-Body A238-HIE 2 , A239-HID 16, A240-HID 1 :       0.00228573 at      1.702 Ang (1.507 Ang by residue) in 4.6139 (sec).
 3-Body A238-HIE 2 , A239-HID 16, A240-HIE 2 :       0.00194394 at      1.702 Ang (1.507 Ang by residue) in 4.5459 (sec).
 3-Body A238-HIE 2 , A239-HID 16, A240-HIS 3 :       0.00443475 at      1.702 Ang (1.507 Ang by residue) in 4.5880 (sec).
 3-Body A238-HIE 2 , A239-HID 16, A240-HIS 4 :       0.00292606 at      1.702 Ang (1.507 Ang by residue) in 4.7130 (sec).
 3-Body A238-HIE 2 , A239-HID 16, A240-HIS 8 :       0.01450381 at      1.702 Ang (1.507 Ang by residue) in 4.5860 (sec).
 3-Body A238-HIE 2 , A239-HID 16, A240-HIS 9 :       0.01718566 at      1.664 Ang (1.507 Ang by residue) in 4.6137 (sec).
 3-Body A238-HIE 2 , A239-HID 16, A240-HIS 10:       0.02852520 at      1.639 Ang (1.507 Ang by residue) in 4.5517 (sec).
 3-Body A238-HIE 2 , A239-HID 16, A240-HID 11:       0.00398707 at      1.702 Ang (1.507 Ang by residue) in 4.6186 (sec).
 3-Body A238-HIE 2 , A239-HID 16, A240-HID 12:       0.00227375 at      1.702 Ang (1.507 Ang by residue) in 4.4553 (sec).
 3-Body A238-HIE 2 , A239-HID 16, A240-HID 15:       0.00164737 at      1.702 Ang (1.507 Ang by residue) in 4.5360 (sec).
 3-Body A238-HIE 2 , A239-HID 16, A240-HID 16:       0.00677490 at      1.702 Ang (1.507 Ang by residue) in 4.6649 (sec).
 3-Body A238-HIE 2 , A239-HID 16, A240-HID 17:       0.00293109 at      1.665 Ang (1.507 Ang by residue) in 4.5171 (sec).
 3-Body A238-HIE 2 , A239-HID 16, A240-HID 18:       0.01836830 at      1.646 Ang (1.507 Ang by residue) in 4.5053 (sec).
 3-Body A238-HIE 2 , A239-HID 16, A240-HIE 19:       0.00037384 at      1.702 Ang (1.507 Ang by residue) in 4.5867 (sec).
 3-Body A238-HIE 2 , A239-HID 16, A240-HIE 20:       0.00197381 at      1.702 Ang (1.507 Ang by residue) in 4.6097 (sec).
 3-Body A238-HIE 2 , A239-HID 16, A240-HIE 23:       0.00106277 at      1.702 Ang (1.507 Ang by residue) in 4.5813 (sec).
 3-Body A238-HIE 2 , A239-HID 16, A240-HIE 24:       0.00713045 at      1.702 Ang (1.507 Ang by residue) in 4.7598 (sec).
 3-Body A238-HIE 2 , A239-HID 16, A240-HIE 25:       0.00989643 at      1.661 Ang (1.507 Ang by residue) in 4.6403 (sec).
 3-Body A238-HIE 2 , A239-HID 16, A240-HIE 26:       0.00185082 at      1.689 Ang (1.507 Ang by residue) in 4.8273 (sec).
 3-Body A238-HIE 2 , A239-HID 17, A240-HIS 0 :       0.00200762 at      1.702 Ang (1.507 Ang by residue) in 4.6536 (sec).
 3-Body A238-HIE 2 , A239-HID 17, A240-HID 1 :       0.00164703 at      1.702 Ang (1.507 Ang by residue) in 4.6044 (sec).
 3-Body A238-HIE 2 , A239-HID 17, A240-HIE 2 :       0.00142970 at      1.702 Ang (1.507 Ang by residue) in 4.6802 (sec).
 3-Body A238-HIE 2 , A239-HID 17, A240-HIS 3 :       0.00345336 at      1.702 Ang (1.507 Ang by residue) in 4.5934 (sec).
 3-Body A238-HIE 2 , A239-HID 17, A240-HIS 4 :       0.00200724 at      1.702 Ang (1.507 Ang by residue) in 4.5867 (sec).
 3-Body A238-HIE 2 , A239-HID 17, A240-HIS 8 :       0.01167467 at      1.690 Ang (1.507 Ang by residue) in 4.6105 (sec).
 3-Body A238-HIE 2 , A239-HID 17, A240-HIS 9 :       0.01431970 at      1.678 Ang (1.507 Ang by residue) in 4.5611 (sec).
 3-Body A238-HIE 2 , A239-HID 17, A240-HIS 10:       0.02541242 at      1.592 Ang (1.507 Ang by residue) in 4.6291 (sec).
 3-Body A238-HIE 2 , A239-HID 17, A240-HID 11:       0.00330655 at      1.702 Ang (1.507 Ang by residue) in 4.5434 (sec).
 3-Body A238-HIE 2 , A239-HID 17, A240-HID 12:       0.00163449 at      1.702 Ang (1.507 Ang by residue) in 4.6248 (sec).
 3-Body A238-HIE 2 , A239-HID 17, A240-HID 15:       0.00078628 at      1.702 Ang (1.507 Ang by residue) in 4.5424 (sec).
 3-Body A238-HIE 2 , A239-HID 17, A240-HID 16:      -0.00118417 at      1.702 Ang (1.507 Ang by residue) in 4.6283 (sec).
 3-Body A238-HIE 2 , A239-HID 17, A240-HID 17:      -0.00152985 at      1.702 Ang (1.507 Ang by residue) in 4.6626 (sec).
 3-Body A238-HIE 2 , A239-HID 17, A240-HID 18:       0.01351732 at      1.601 Ang (1.507 Ang by residue) in 4.5717 (sec).
 3-Body A238-HIE 2 , A239-HID 17, A240-HIE 19:      -0.00013339 at      1.702 Ang (1.507 Ang by residue) in 4.5461 (sec).
 3-Body A238-HIE 2 , A239-HID 17, A240-HIE 20:       0.00145985 at      1.702 Ang (1.507 Ang by residue) in 4.5476 (sec).
 3-Body A238-HIE 2 , A239-HID 17, A240-HIE 23:       0.00058822 at      1.702 Ang (1.507 Ang by residue) in 4.5249 (sec).
 3-Body A238-HIE 2 , A239-HID 17, A240-HIE 24:       0.00535015 at      1.690 Ang (1.507 Ang by residue) in 4.6153 (sec).
 3-Body A238-HIE 2 , A239-HID 17, A240-HIE 25:       0.00669310 at      1.678 Ang (1.507 Ang by residue) in 4.6152 (sec).
 3-Body A238-HIE 2 , A239-HID 17, A240-HIE 26:      -0.00249038 at      1.601 Ang (1.507 Ang by residue) in 4.6462 (sec).
 3-Body A238-HIE 2 , A239-HID 18, A240-HIS 0 :       0.00229914 at      1.702 Ang (1.507 Ang by residue) in 4.5855 (sec).
 3-Body A238-HIE 2 , A239-HID 18, A240-HID 1 :       0.00173460 at      1.702 Ang (1.507 Ang by residue) in 4.6521 (sec).
 3-Body A238-HIE 2 , A239-HID 18, A240-HIE 2 :       0.00148215 at      1.702 Ang (1.507 Ang by residue) in 4.5888 (sec).
 3-Body A238-HIE 2 , A239-HID 18, A240-HIS 3 :       0.00390299 at      1.702 Ang (1.507 Ang by residue) in 4.5634 (sec).
 3-Body A238-HIE 2 , A239-HID 18, A240-HIS 4 :       0.00229878 at      1.702 Ang (1.507 Ang by residue) in 4.6265 (sec).
 3-Body A238-HIE 2 , A239-HID 18, A240-HIS 8 :       0.01236129 at      1.702 Ang (1.507 Ang by residue) in 4.4891 (sec).
 3-Body A238-HIE 2 , A239-HID 18, A240-HIS 9 :       0.01430587 at      1.611 Ang (1.507 Ang by residue) in 4.5764 (sec).
 3-Body A238-HIE 2 , A239-HID 18, A240-HIS 10:       0.02672964 at      1.639 Ang (1.507 Ang by residue) in 4.7059 (sec).
 3-Body A238-HIE 2 , A239-HID 18, A240-HID 11:       0.00355131 at      1.702 Ang (1.507 Ang by residue) in 4.5653 (sec).
 3-Body A238-HIE 2 , A239-HID 18, A240-HID 12:       0.00172118 at      1.702 Ang (1.507 Ang by residue) in 4.6190 (sec).
 3-Body A238-HIE 2 , A239-HID 18, A240-HID 15:       0.00091891 at      1.702 Ang (1.507 Ang by residue) in 4.5652 (sec).
 3-Body A238-HIE 2 , A239-HID 18, A240-HID 16:       0.00506066 at      1.702 Ang (1.507 Ang by residue) in 4.5791 (sec).
 3-Body A238-HIE 2 , A239-HID 18, A240-HID 17:       0.00152743 at      1.614 Ang (1.507 Ang by residue) in 4.4759 (sec).
 3-Body A238-HIE 2 , A239-HID 18, A240-HID 18:       0.01656814 at      1.646 Ang (1.507 Ang by residue) in 4.7108 (sec).
 3-Body A238-HIE 2 , A239-HID 18, A240-HIE 19:      -0.00014275 at      1.702 Ang (1.507 Ang by residue) in 4.6019 (sec).
 3-Body A238-HIE 2 , A239-HID 18, A240-HIE 20:       0.00151302 at      1.702 Ang (1.507 Ang by residue) in 4.6432 (sec).
 3-Body A238-HIE 2 , A239-HID 18, A240-HIE 23:       0.00054380 at      1.702 Ang (1.507 Ang by residue) in 4.5733 (sec).
 3-Body A238-HIE 2 , A239-HID 18, A240-HIE 24:       0.00467939 at      1.699 Ang (1.507 Ang by residue) in 4.4520 (sec).
 3-Body A238-HIE 2 , A239-HID 18, A240-HIE 25:       0.00857973 at      1.608 Ang (1.507 Ang by residue) in 4.5973 (sec).
 3-Body A238-HIE 2 , A239-HID 18, A240-HIE 26:      -0.00063797 at      1.689 Ang (1.507 Ang by residue) in 4.6255 (sec).
 3-Body A238-HIE 2 , A239-HIE 19, A240-HIS 0 :       0.01117336 at      1.702 Ang (1.507 Ang by residue) in 4.6414 (sec).
 3-Body A238-HIE 2 , A239-HIE 19, A240-HID 1 :       0.00439757 at      1.702 Ang (1.507 Ang by residue) in 4.6560 (sec).
 3-Body A238-HIE 2 , A239-HIE 19, A240-HIE 2 :       0.00462672 at      1.702 Ang (1.507 Ang by residue) in 4.4153 (sec).
 3-Body A238-HIE 2 , A239-HIE 19, A240-HIS 3 :       0.02075778 at      1.702 Ang (1.507 Ang by residue) in 4.5689 (sec).
 3-Body A238-HIE 2 , A239-HIE 19, A240-HIS 4 :       0.01117325 at      1.702 Ang (1.507 Ang by residue) in 4.6735 (sec).
 3-Body A238-HIE 2 , A239-HIE 19, A240-HIS 8 :       0.01246550 at      1.702 Ang (1.507 Ang by residue) in 4.6762 (sec).
 3-Body A238-HIE 2 , A239-HIE 19, A240-HIS 9 :       0.00951216 at      1.702 Ang (1.507 Ang by residue) in 4.7226 (sec).
 3-Body A238-HIE 2 , A239-HIE 19, A240-HIS 10:       0.04132185 at      1.633 Ang (1.507 Ang by residue) in 4.5988 (sec).
 3-Body A238-HIE 2 , A239-HIE 19, A240-HID 11:       0.01590931 at      1.702 Ang (1.507 Ang by residue) in 4.7007 (sec).
 3-Body A238-HIE 2 , A239-HIE 19, A240-HID 12:       0.00422902 at      1.702 Ang (1.507 Ang by residue) in 4.5195 (sec).
 3-Body A238-HIE 2 , A239-HIE 19, A240-HID 15:       0.00170560 at      1.702 Ang (1.507 Ang by residue) in 4.6055 (sec).
 3-Body A238-HIE 2 , A239-HIE 19, A240-HID 16:       0.00290317 at      1.702 Ang (1.507 Ang by residue) in 4.5610 (sec).
 3-Body A238-HIE 2 , A239-HIE 19, A240-HID 17:       0.00299697 at      1.702 Ang (1.507 Ang by residue) in 4.6103 (sec).
 3-Body A238-HIE 2 , A239-HIE 19, A240-HID 18:       0.03269825 at      1.640 Ang (1.507 Ang by residue) in 4.5232 (sec).
 3-Body A238-HIE 2 , A239-HIE 19, A240-HIE 19:      -0.00517816 at      1.702 Ang (1.507 Ang by residue) in 4.5435 (sec).
 3-Body A238-HIE 2 , A239-HIE 19, A240-HIE 20:       0.00479189 at      1.702 Ang (1.507 Ang by residue) in 4.4300 (sec).
 3-Body A238-HIE 2 , A239-HIE 19, A240-HIE 23:       0.00059427 at      1.702 Ang (1.507 Ang by residue) in 4.4908 (sec).
 3-Body A238-HIE 2 , A239-HIE 19, A240-HIE 24:       0.00442406 at      1.702 Ang (1.507 Ang by residue) in 4.4911 (sec).
 3-Body A238-HIE 2 , A239-HIE 19, A240-HIE 25:       0.00217088 at      1.702 Ang (1.507 Ang by residue) in 4.6036 (sec).
 3-Body A238-HIE 2 , A239-HIE 19, A240-HIE 26:      -0.01685112 at      1.689 Ang (1.507 Ang by residue) in 4.6607 (sec).
 3-Body A238-HIE 2 , A239-HIE 20, A240-HIS 0 :       0.01015581 at      1.702 Ang (1.507 Ang by residue) in 4.6639 (sec).
 3-Body A238-HIE 2 , A239-HIE 20, A240-HID 1 :       0.00370290 at      1.702 Ang (1.507 Ang by residue) in 4.5710 (sec).
 3-Body A238-HIE 2 , A239-HIE 20, A240-HIE 2 :       0.00433847 at      1.702 Ang (1.507 Ang by residue) in 4.5611 (sec).
 3-Body A238-HIE 2 , A239-HIE 20, A240-HIS 3 :       0.02124648 at      1.702 Ang (1.507 Ang by residue) in 4.5733 (sec).
 3-Body A238-HIE 2 , A239-HIE 20, A240-HIS 4 :       0.01015542 at      1.702 Ang (1.507 Ang by residue) in 4.5281 (sec).
 3-Body A238-HIE 2 , A239-HIE 20, A240-HIS 8 :       0.01287313 at      1.702 Ang (1.507 Ang by residue) in 4.6118 (sec).
 3-Body A238-HIE 2 , A239-HIE 20, A240-HIS 9 :       0.01055211 at      1.702 Ang (1.507 Ang by residue) in 4.6834 (sec).
 3-Body A238-HIE 2 , A239-HIE 20, A240-HIS 10:       0.04552494 at      1.633 Ang (1.507 Ang by residue) in 4.5893 (sec).
 3-Body A238-HIE 2 , A239-HIE 20, A240-HID 11:       0.01700357 at      1.702 Ang (1.507 Ang by residue) in 4.4818 (sec).
 3-Body A238-HIE 2 , A239-HIE 20, A240-HID 12:       0.00357626 at      1.702 Ang (1.507 Ang by residue) in 4.6880 (sec).
 3-Body A238-HIE 2 , A239-HIE 20, A240-HID 15:       0.00184541 at      1.702 Ang (1.507 Ang by residue) in 4.5965 (sec).
 3-Body A238-HIE 2 , A239-HIE 20, A240-HID 16:       0.00270881 at      1.702 Ang (1.507 Ang by residue) in 4.5553 (sec).
 3-Body A238-HIE 2 , A239-HIE 20, A240-HID 17:       0.00330495 at      1.702 Ang (1.507 Ang by residue) in 4.7072 (sec).
 3-Body A238-HIE 2 , A239-HIE 20, A240-HID 18:       0.03582238 at      1.640 Ang (1.507 Ang by residue) in 4.6524 (sec).
 3-Body A238-HIE 2 , A239-HIE 20, A240-HIE 19:      -0.00454229 at      1.702 Ang (1.507 Ang by residue) in 4.5067 (sec).
 3-Body A238-HIE 2 , A239-HIE 20, A240-HIE 20:       0.00449866 at      1.702 Ang (1.507 Ang by residue) in 4.7132 (sec).
 3-Body A238-HIE 2 , A239-HIE 20, A240-HIE 23:       0.00088593 at      1.702 Ang (1.507 Ang by residue) in 4.4182 (sec).
 3-Body A238-HIE 2 , A239-HIE 20, A240-HIE 24:       0.00535362 at      1.702 Ang (1.507 Ang by residue) in 4.6044 (sec).
 3-Body A238-HIE 2 , A239-HIE 20, A240-HIE 25:       0.00329122 at      1.702 Ang (1.507 Ang by residue) in 4.5795 (sec).
 3-Body A238-HIE 2 , A239-HIE 20, A240-HIE 26:      -0.01930916 at      1.689 Ang (1.507 Ang by residue) in 4.6275 (sec).
 3-Body A238-HIE 2 , A239-HIE 24, A240-HIS 0 :       0.00198837 at      1.702 Ang (1.507 Ang by residue) in 4.7123 (sec).
 3-Body A238-HIE 2 , A239-HIE 24, A240-HID 1 :       0.00163464 at      1.702 Ang (1.507 Ang by residue) in 4.5663 (sec).
 3-Body A238-HIE 2 , A239-HIE 24, A240-HIE 2 :       0.00135687 at      1.702 Ang (1.507 Ang by residue) in 4.6343 (sec).
 3-Body A238-HIE 2 , A239-HIE 24, A240-HIS 3 :       0.00319943 at      1.702 Ang (1.507 Ang by residue) in 4.5477 (sec).
 3-Body A238-HIE 2 , A239-HIE 24, A240-HIS 4 :       0.00198786 at      1.702 Ang (1.507 Ang by residue) in 4.5395 (sec).
 3-Body A238-HIE 2 , A239-HIE 24, A240-HIS 8 :       0.00432800 at      1.702 Ang (1.507 Ang by residue) in 4.5175 (sec).
 3-Body A238-HIE 2 , A239-HIE 24, A240-HIS 9 :       0.01016221 at      1.668 Ang (1.507 Ang by residue) in 4.6235 (sec).
 3-Body A238-HIE 2 , A239-HIE 24, A240-HIS 10:       0.01942078 at      1.639 Ang (1.507 Ang by residue) in 4.5929 (sec).
 3-Body A238-HIE 2 , A239-HIE 24, A240-HID 11:       0.00307815 at      1.702 Ang (1.507 Ang by residue) in 4.6495 (sec).
 3-Body A238-HIE 2 , A239-HIE 24, A240-HID 12:       0.00161941 at      1.702 Ang (1.507 Ang by residue) in 4.6120 (sec).
 3-Body A238-HIE 2 , A239-HIE 24, A240-HID 15:       0.00082787 at      1.702 Ang (1.507 Ang by residue) in 4.5879 (sec).
 3-Body A238-HIE 2 , A239-HIE 24, A240-HID 16:      -0.00401480 at      1.702 Ang (1.507 Ang by residue) in 4.5386 (sec).
 3-Body A238-HIE 2 , A239-HIE 24, A240-HID 17:      -0.00580709 at      1.668 Ang (1.507 Ang by residue) in 4.7402 (sec).
 3-Body A238-HIE 2 , A239-HIE 24, A240-HID 18:       0.00852734 at      1.646 Ang (1.507 Ang by residue) in 4.6338 (sec).
 3-Body A238-HIE 2 , A239-HIE 24, A240-HIE 19:       0.00016099 at      1.702 Ang (1.507 Ang by residue) in 4.7555 (sec).
 3-Body A238-HIE 2 , A239-HIE 24, A240-HIE 20:       0.00138545 at      1.702 Ang (1.507 Ang by residue) in 4.4783 (sec).
 3-Body A238-HIE 2 , A239-HIE 24, A240-HIE 23:       0.00044233 at      1.702 Ang (1.507 Ang by residue) in 4.5832 (sec).
 3-Body A238-HIE 2 , A239-HIE 24, A240-HIE 24:      -0.00243410 at      1.702 Ang (1.507 Ang by residue) in 4.5753 (sec).
 3-Body A238-HIE 2 , A239-HIE 24, A240-HIE 25:       0.00300792 at      1.669 Ang (1.507 Ang by residue) in 4.7430 (sec).
 3-Body A238-HIE 2 , A239-HIE 24, A240-HIE 26:      -0.00835907 at      1.689 Ang (1.507 Ang by residue) in 4.4548 (sec).
 3-Body A238-HIE 2 , A239-HIE 25, A240-HIS 0 :       0.00216507 at      1.702 Ang (1.507 Ang by residue) in 4.6453 (sec).
 3-Body A238-HIE 2 , A239-HIE 25, A240-HID 1 :       0.00186324 at      1.702 Ang (1.507 Ang by residue) in 4.6056 (sec).
 3-Body A238-HIE 2 , A239-HIE 25, A240-HIE 2 :       0.00160728 at      1.702 Ang (1.507 Ang by residue) in 4.6638 (sec).
 3-Body A238-HIE 2 , A239-HIE 25, A240-HIS 3 :       0.00333926 at      1.702 Ang (1.507 Ang by residue) in 4.6294 (sec).
 3-Body A238-HIE 2 , A239-HIE 25, A240-HIS 4 :       0.00216459 at      1.702 Ang (1.507 Ang by residue) in 4.7162 (sec).
 3-Body A238-HIE 2 , A239-HIE 25, A240-HIS 8 :       0.00974743 at      1.702 Ang (1.507 Ang by residue) in 4.7185 (sec).
 3-Body A238-HIE 2 , A239-HIE 25, A240-HIS 9 :       0.01367359 at      1.676 Ang (1.507 Ang by residue) in 4.6551 (sec).
 3-Body A238-HIE 2 , A239-HIE 25, A240-HIS 10:       0.02407462 at      1.639 Ang (1.507 Ang by residue) in 4.8254 (sec).
 3-Body A238-HIE 2 , A239-HIE 25, A240-HID 11:       0.00326599 at      1.702 Ang (1.507 Ang by residue) in 4.9579 (sec).
 3-Body A238-HIE 2 , A239-HIE 25, A240-HID 12:       0.00184583 at      1.702 Ang (1.507 Ang by residue) in 4.7711 (sec).
 3-Body A238-HIE 2 , A239-HIE 25, A240-HID 15:       0.00097960 at      1.702 Ang (1.507 Ang by residue) in 4.8269 (sec).
 3-Body A238-HIE 2 , A239-HIE 25, A240-HID 16:       0.00174207 at      1.702 Ang (1.507 Ang by residue) in 4.5925 (sec).
 3-Body A238-HIE 2 , A239-HIE 25, A240-HID 17:      -0.00209062 at      1.702 Ang (1.507 Ang by residue) in 4.5879 (sec).
 3-Body A238-HIE 2 , A239-HIE 25, A240-HID 18:       0.01373125 at      1.646 Ang (1.507 Ang by residue) in 4.4786 (sec).
 3-Body A238-HIE 2 , A239-HIE 25, A240-HIE 19:       0.00046710 at      1.702 Ang (1.507 Ang by residue) in 4.6138 (sec).
 3-Body A238-HIE 2 , A239-HIE 25, A240-HIE 20:       0.00163942 at      1.702 Ang (1.507 Ang by residue) in 4.6144 (sec).
 3-Body A238-HIE 2 , A239-HIE 25, A240-HIE 23:       0.00068113 at      1.702 Ang (1.507 Ang by residue) in 4.6785 (sec).
 3-Body A238-HIE 2 , A239-HIE 25, A240-HIE 24:       0.00383505 at      1.702 Ang (1.507 Ang by residue) in 4.4715 (sec).
 3-Body A238-HIE 2 , A239-HIE 25, A240-HIE 25:       0.00635612 at      1.676 Ang (1.507 Ang by residue) in 4.7878 (sec).
 3-Body A238-HIE 2 , A239-HIE 25, A240-HIE 26:      -0.00266288 at      1.674 Ang (1.507 Ang by residue) in 4.6016 (sec).
 3-Body A238-HIE 2 , A239-HIE 26, A240-HIS 0 :       0.00232390 at      1.702 Ang (1.507 Ang by residue) in 4.5440 (sec).
 3-Body A238-HIE 2 , A239-HIE 26, A240-HID 1 :       0.00183105 at      1.702 Ang (1.507 Ang by residue) in 4.5610 (sec).
 3-Body A238-HIE 2 , A239-HIE 26, A240-HIE 2 :       0.00150336 at      1.702 Ang (1.507 Ang by residue) in 4.6055 (sec).
 3-Body A238-HIE 2 , A239-HIE 26, A240-HIS 3 :       0.00343332 at      1.702 Ang (1.507 Ang by residue) in 4.5553 (sec).
 3-Body A238-HIE 2 , A239-HIE 26, A240-HIS 4 :       0.00232341 at      1.702 Ang (1.507 Ang by residue) in 4.4810 (sec).
 3-Body A238-HIE 2 , A239-HIE 26, A240-HIS 8 :       0.01330067 at      1.701 Ang (1.507 Ang by residue) in 4.5862 (sec).
 3-Body A238-HIE 2 , A239-HIE 26, A240-HIS 9 :       0.01524852 at      1.613 Ang (1.507 Ang by residue) in 4.5736 (sec).
 3-Body A238-HIE 2 , A239-HIE 26, A240-HIS 10:       0.02645815 at      1.639 Ang (1.507 Ang by residue) in 4.4999 (sec).
 3-Body A238-HIE 2 , A239-HIE 26, A240-HID 11:       0.00318045 at      1.702 Ang (1.507 Ang by residue) in 4.6074 (sec).
 3-Body A238-HIE 2 , A239-HIE 26, A240-HID 12:       0.00181415 at      1.702 Ang (1.507 Ang by residue) in 4.5506 (sec).
 3-Body A238-HIE 2 , A239-HIE 26, A240-HID 15:       0.00101907 at      1.702 Ang (1.507 Ang by residue) in 4.5078 (sec).
 3-Body A238-HIE 2 , A239-HIE 26, A240-HID 16:       0.00467136 at      1.701 Ang (1.507 Ang by residue) in 4.6397 (sec).
 3-Body A238-HIE 2 , A239-HIE 26, A240-HID 17:       0.00077055 at      1.616 Ang (1.507 Ang by residue) in 4.5882 (sec).
 3-Body A238-HIE 2 , A239-HIE 26, A240-HID 18:       0.01488966 at      1.646 Ang (1.507 Ang by residue) in 4.6117 (sec).
 3-Body A238-HIE 2 , A239-HIE 26, A240-HIE 19:       0.00039056 at      1.702 Ang (1.507 Ang by residue) in 4.5254 (sec).
 3-Body A238-HIE 2 , A239-HIE 26, A240-HIE 20:       0.00153381 at      1.702 Ang (1.507 Ang by residue) in 4.5083 (sec).
 3-Body A238-HIE 2 , A239-HIE 26, A240-HIE 23:       0.00050994 at      1.702 Ang (1.507 Ang by residue) in 4.5739 (sec).
 3-Body A238-HIE 2 , A239-HIE 26, A240-HIE 24:       0.00463536 at      1.698 Ang (1.507 Ang by residue) in 4.6833 (sec).
 3-Body A238-HIE 2 , A239-HIE 26, A240-HIE 25:       0.00861819 at      1.609 Ang (1.507 Ang by residue) in 4.6079 (sec).
 3-Body A238-HIE 2 , A239-HIE 26, A240-HIE 26:      -0.00035051 at      1.689 Ang (1.507 Ang by residue) in 4.6510 (sec).
 3-Body A238-HIS 8 , A239-HIS 0 , A240-HIS 0 :       0.05656686 at      1.647 Ang (1.507 Ang by residue) in 4.7271 (sec).
 3-Body A238-HIS 8 , A239-HIS 0 , A240-HID 1 :       0.03350118 at      1.647 Ang (1.507 Ang by residue) in 4.6172 (sec).
 3-Body A238-HIS 8 , A239-HIS 0 , A240-HIE 2 :       0.02804156 at      1.647 Ang (1.507 Ang by residue) in 4.6938 (sec).
 3-Body A238-HIS 8 , A239-HIS 0 , A240-HIS 3 :       0.11670864 at      1.615 Ang (1.507 Ang by residue) in 4.5416 (sec).
 3-Body A238-HIS 8 , A239-HIS 0 , A240-HIS 4 :       0.05656385 at      1.647 Ang (1.507 Ang by residue) in 4.5273 (sec).
 3-Body A238-HIS 8 , A239-HIS 0 , A240-HIS 8 :       0.17004901 at      1.639 Ang (1.507 Ang by residue) in 4.5428 (sec).
 3-Body A238-HIS 8 , A239-HIS 0 , A240-HIS 9 :       0.11256109 at      1.656 Ang (1.507 Ang by residue) in 4.5968 (sec).
 3-Body A238-HIS 8 , A239-HIS 0 , A240-HIS 10:       0.48209791 at      1.528 Ang (1.507 Ang by residue) in 4.5373 (sec).
 3-Body A238-HIS 8 , A239-HIS 0 , A240-HID 11:       0.09394042 at      1.616 Ang (1.507 Ang by residue) in 4.5474 (sec).
 3-Body A238-HIS 8 , A239-HIS 0 , A240-HID 12:       0.03311145 at      1.650 Ang (1.507 Ang by residue) in 4.6019 (sec).
 3-Body A238-HIS 8 , A239-HIS 0 , A240-HID 15:       0.01358206 at      1.656 Ang (1.507 Ang by residue) in 4.7265 (sec).
 3-Body A238-HIS 8 , A239-HIS 0 , A240-HID 16:      -0.01957134 at      1.640 Ang (1.507 Ang by residue) in 4.5575 (sec).
 3-Body A238-HIS 8 , A239-HIS 0 , A240-HID 17:      -0.00070161 at      1.656 Ang (1.507 Ang by residue) in 4.5328 (sec).
 3-Body A238-HIS 8 , A239-HIS 0 , A240-HID 18:       0.30973983 at      1.528 Ang (1.507 Ang by residue) in 4.5384 (sec).
 3-Body A238-HIS 8 , A239-HIS 0 , A240-HIE 19:      -0.02595434 at      1.656 Ang (1.507 Ang by residue) in 4.4713 (sec).
 3-Body A238-HIS 8 , A239-HIS 0 , A240-HIE 20:       0.02898783 at      1.645 Ang (1.507 Ang by residue) in 4.5048 (sec).
 3-Body A238-HIS 8 , A239-HIS 0 , A240-HIE 23:       0.00746996 at      1.656 Ang (1.507 Ang by residue) in 4.5841 (sec).
 3-Body A238-HIS 8 , A239-HIS 0 , A240-HIE 24:       0.08426571 at      1.639 Ang (1.507 Ang by residue) in 4.6735 (sec).
 3-Body A238-HIS 8 , A239-HIS 0 , A240-HIE 25:       0.03297578 at      1.656 Ang (1.507 Ang by residue) in 4.6584 (sec).
 3-Body A238-HIS 8 , A239-HIS 0 , A240-HIE 26:      -0.06318260 at      1.610 Ang (1.507 Ang by residue) in 4.5378 (sec).
 3-Body A238-HIS 8 , A239-HID 1 , A240-HIS 0 :       0.04866504 at      1.647 Ang (1.507 Ang by residue) in 4.6570 (sec).
 3-Body A238-HIS 8 , A239-HID 1 , A240-HID 1 :       0.02524082 at      1.647 Ang (1.507 Ang by residue) in 4.4823 (sec).
 3-Body A238-HIS 8 , A239-HID 1 , A240-HIE 2 :       0.02031115 at      1.647 Ang (1.507 Ang by residue) in 4.5446 (sec).
 3-Body A238-HIS 8 , A239-HID 1 , A240-HIS 3 :       0.10384458 at      1.615 Ang (1.507 Ang by residue) in 4.6514 (sec).
 3-Body A238-HIS 8 , A239-HID 1 , A240-HIS 4 :       0.04866258 at      1.647 Ang (1.507 Ang by residue) in 4.5533 (sec).
 3-Body A238-HIS 8 , A239-HID 1 , A240-HIS 8 :       0.12931282 at      1.639 Ang (1.507 Ang by residue) in 4.5369 (sec).
 3-Body A238-HIS 8 , A239-HID 1 , A240-HIS 9 :       0.08224841 at      1.656 Ang (1.507 Ang by residue) in 4.4995 (sec).
 3-Body A238-HIS 8 , A239-HID 1 , A240-HIS 10:       0.41187230 at      1.528 Ang (1.507 Ang by residue) in 4.5656 (sec).
 3-Body A238-HIS 8 , A239-HID 1 , A240-HID 11:       0.08143456 at      1.616 Ang (1.507 Ang by residue) in 4.5921 (sec).
 3-Body A238-HIS 8 , A239-HID 1 , A240-HID 12:       0.02494430 at      1.650 Ang (1.507 Ang by residue) in 4.6081 (sec).
 3-Body A238-HIS 8 , A239-HID 1 , A240-HID 15:       0.01124928 at      1.656 Ang (1.507 Ang by residue) in 4.5755 (sec).
 3-Body A238-HIS 8 , A239-HID 1 , A240-HID 16:      -0.04598793 at      1.640 Ang (1.507 Ang by residue) in 4.7263 (sec).
 3-Body A238-HIS 8 , A239-HID 1 , A240-HID 17:      -0.02508887 at      1.656 Ang (1.507 Ang by residue) in 4.6185 (sec).
 3-Body A238-HIS 8 , A239-HID 1 , A240-HID 18:       0.25352014 at      1.528 Ang (1.507 Ang by residue) in 4.5537 (sec).
 3-Body A238-HIS 8 , A239-HID 1 , A240-HIE 19:      -0.03074525 at      1.656 Ang (1.507 Ang by residue) in 4.5412 (sec).
 3-Body A238-HIS 8 , A239-HID 1 , A240-HIE 20:       0.02107120 at      1.645 Ang (1.507 Ang by residue) in 4.5237 (sec).
 3-Body A238-HIS 8 , A239-HID 1 , A240-HIE 23:       0.00514099 at      1.656 Ang (1.507 Ang by residue) in 4.6122 (sec).
 3-Body A238-HIS 8 , A239-HID 1 , A240-HIE 24:       0.04764975 at      1.639 Ang (1.507 Ang by residue) in 4.6051 (sec).
 3-Body A238-HIS 8 , A239-HID 1 , A240-HIE 25:       0.00629366 at      1.656 Ang (1.507 Ang by residue) in 4.5322 (sec).
 3-Body A238-HIS 8 , A239-HID 1 , A240-HIE 26:      -0.10109206 at      1.610 Ang (1.507 Ang by residue) in 4.5960 (sec).
 3-Body A238-HIS 8 , A239-HIE 2 , A240-HIS 0 :       0.04990986 at      1.647 Ang (1.507 Ang by residue) in 4.6218 (sec).
 3-Body A238-HIS 8 , A239-HIE 2 , A240-HID 1 :       0.02891866 at      1.647 Ang (1.507 Ang by residue) in 4.5850 (sec).
 3-Body A238-HIS 8 , A239-HIE 2 , A240-HIE 2 :       0.02353880 at      1.647 Ang (1.507 Ang by residue) in 4.4971 (sec).
 3-Body A238-HIS 8 , A239-HIE 2 , A240-HIS 3 :       0.10462973 at      1.615 Ang (1.507 Ang by residue) in 4.6682 (sec).
 3-Body A238-HIS 8 , A239-HIE 2 , A240-HIS 4 :       0.04990654 at      1.647 Ang (1.507 Ang by residue) in 4.6209 (sec).
 3-Body A238-HIS 8 , A239-HIE 2 , A240-HIS 8 :       0.14856158 at      1.639 Ang (1.507 Ang by residue) in 4.7133 (sec).
 3-Body A238-HIS 8 , A239-HIE 2 , A240-HIS 9 :       0.09534638 at      1.656 Ang (1.507 Ang by residue) in 4.5900 (sec).
 3-Body A238-HIS 8 , A239-HIE 2 , A240-HIS 10:       0.44751018 at      1.528 Ang (1.507 Ang by residue) in 4.7324 (sec).
 3-Body A238-HIS 8 , A239-HIE 2 , A240-HID 11:       0.08414772 at      1.616 Ang (1.507 Ang by residue) in 4.5689 (sec).
 3-Body A238-HIS 8 , A239-HIE 2 , A240-HID 12:       0.02857362 at      1.650 Ang (1.507 Ang by residue) in 4.5942 (sec).
 3-Body A238-HIS 8 , A239-HIE 2 , A240-HID 15:       0.01237140 at      1.656 Ang (1.507 Ang by residue) in 4.4925 (sec).
 3-Body A238-HIS 8 , A239-HIE 2 , A240-HID 16:      -0.02488018 at      1.640 Ang (1.507 Ang by residue) in 4.6119 (sec).
 3-Body A238-HIS 8 , A239-HIE 2 , A240-HID 17:      -0.00723409 at      1.656 Ang (1.507 Ang by residue) in 4.5350 (sec).
 3-Body A238-HIS 8 , A239-HIE 2 , A240-HID 18:       0.29074693 at      1.528 Ang (1.507 Ang by residue) in 4.6242 (sec).
 3-Body A238-HIS 8 , A239-HIE 2 , A240-HIE 19:      -0.02325940 at      1.656 Ang (1.507 Ang by residue) in 4.4554 (sec).
 3-Body A238-HIS 8 , A239-HIE 2 , A240-HIE 20:       0.02442370 at      1.645 Ang (1.507 Ang by residue) in 4.5444 (sec).
 3-Body A238-HIS 8 , A239-HIE 2 , A240-HIE 23:       0.00637603 at      1.656 Ang (1.507 Ang by residue) in 4.5835 (sec).
 3-Body A238-HIS 8 , A239-HIE 2 , A240-HIE 24:       0.06983320 at      1.639 Ang (1.507 Ang by residue) in 4.6327 (sec).
 3-Body A238-HIS 8 , A239-HIE 2 , A240-HIE 25:       0.02200879 at      1.656 Ang (1.507 Ang by residue) in 4.4477 (sec).
 3-Body A238-HIS 8 , A239-HIE 2 , A240-HIE 26:      -0.05676591 at      1.610 Ang (1.507 Ang by residue) in 4.5748 (sec).
 3-Body A238-HIS 8 , A239-HIS 3 , A240-HIS 0 :       0.86213216 at      1.605 Ang (1.507 Ang by residue) in 4.6061 (sec).
 3-Body A238-HIS 8 , A239-HIS 3 , A240-HID 1 :       0.41063601 at      1.605 Ang (1.507 Ang by residue) in 4.5270 (sec).
 3-Body A238-HIS 8 , A239-HIS 3 , A240-HIE 2 :       0.50863964 at      1.605 Ang (1.507 Ang by residue) in 4.5727 (sec).
 3-Body A238-HIS 8 , A239-HIS 3 , A240-HIS 3 :       1.31010617 at      1.572 Ang (1.507 Ang by residue) in 4.6133 (sec).
 3-Body A238-HIS 8 , A239-HIS 3 , A240-HIS 4 :       0.86212618 at      1.605 Ang (1.507 Ang by residue) in 4.5336 (sec).
 3-Body A238-HIS 8 , A239-HIS 3 , A240-HIS 8 :       1.43110979 at      1.597 Ang (1.507 Ang by residue) in 4.4189 (sec).
 3-Body A238-HIS 8 , A239-HIS 3 , A240-HIS 9 :       1.19773395 at      1.614 Ang (1.507 Ang by residue) in 4.5942 (sec).
 3-Body A238-HIS 8 , A239-HIS 3 , A240-HIS 10:       2.64975720 at      1.475 Ang (1.507 Ang by residue) in 4.5414 (sec).
 3-Body A238-HIS 8 , A239-HIS 3 , A240-HID 11:       0.92608833 at      1.573 Ang (1.507 Ang by residue) in 4.4545 (sec).
 3-Body A238-HIS 8 , A239-HIS 3 , A240-HID 12:       0.40503239 at      1.607 Ang (1.507 Ang by residue) in 4.5140 (sec).
 3-Body A238-HIS 8 , A239-HIS 3 , A240-HID 15:       0.19959056 at      1.614 Ang (1.507 Ang by residue) in 4.5055 (sec).
 3-Body A238-HIS 8 , A239-HIS 3 , A240-HID 16:       0.48099217 at      1.598 Ang (1.507 Ang by residue) in 4.5514 (sec).
 3-Body A238-HIS 8 , A239-HIS 3 , A240-HID 17:       0.45994057 at      1.614 Ang (1.507 Ang by residue) in 4.4943 (sec).
 3-Body A238-HIS 8 , A239-HIS 3 , A240-HID 18:       1.74328237 at      1.475 Ang (1.507 Ang by residue) in 4.6003 (sec).
 3-Body A238-HIS 8 , A239-HIS 3 , A240-HIE 19:       0.13537481 at      1.614 Ang (1.507 Ang by residue) in 4.6114 (sec).
 3-Body A238-HIS 8 , A239-HIS 3 , A240-HIE 20:       0.52252939 at      1.602 Ang (1.507 Ang by residue) in 4.6611 (sec).
 3-Body A238-HIS 8 , A239-HIS 3 , A240-HIE 23:       0.13457409 at      1.614 Ang (1.507 Ang by residue) in 4.4382 (sec).
 3-Body A238-HIS 8 , A239-HIS 3 , A240-HIE 24:       0.85766811 at      1.597 Ang (1.507 Ang by residue) in 4.5843 (sec).
 3-Body A238-HIS 8 , A239-HIS 3 , A240-HIE 25:       0.60397876 at      1.614 Ang (1.507 Ang by residue) in 4.6071 (sec).
 3-Body A238-HIS 8 , A239-HIS 3 , A240-HIE 26:       0.42942943 at      1.567 Ang (1.507 Ang by residue) in 4.5290 (sec).
 3-Body A238-HIS 8 , A239-HIS 4 , A240-HIS 0 :       0.34544452 at      1.630 Ang (1.507 Ang by residue) in 4.5824 (sec).
 3-Body A238-HIS 8 , A239-HIS 4 , A240-HID 1 :       0.16010823 at      1.630 Ang (1.507 Ang by residue) in 4.5661 (sec).
 3-Body A238-HIS 8 , A239-HIS 4 , A240-HIE 2 :       0.19410231 at      1.630 Ang (1.507 Ang by residue) in 4.5111 (sec).
 3-Body A238-HIS 8 , A239-HIS 4 , A240-HIS 3 :       0.62835506 at      1.597 Ang (1.507 Ang by residue) in 4.5109 (sec).
 3-Body A238-HIS 8 , A239-HIS 4 , A240-HIS 4 :       0.34545046 at      1.630 Ang (1.507 Ang by residue) in 4.6847 (sec).
 3-Body A238-HIS 8 , A239-HIS 4 , A240-HIS 8 :       0.54783134 at      1.621 Ang (1.507 Ang by residue) in 4.6737 (sec).
 3-Body A238-HIS 8 , A239-HIS 4 , A240-HIS 9 :       0.44167977 at      1.638 Ang (1.507 Ang by residue) in 4.5394 (sec).
 3-Body A238-HIS 8 , A239-HIS 4 , A240-HIS 10:       1.26436923 at      1.502 Ang (1.507 Ang by residue) in 4.6416 (sec).
 3-Body A238-HIS 8 , A239-HIS 4 , A240-HID 11:       0.47521297 at      1.598 Ang (1.507 Ang by residue) in 4.6485 (sec).
 3-Body A238-HIS 8 , A239-HIS 4 , A240-HID 12:       0.15648327 at      1.632 Ang (1.507 Ang by residue) in 4.5693 (sec).
 3-Body A238-HIS 8 , A239-HIS 4 , A240-HID 15:       0.07814021 at      1.638 Ang (1.507 Ang by residue) in 4.6941 (sec).
 3-Body A238-HIS 8 , A239-HIS 4 , A240-HID 16:       0.07300641 at      1.622 Ang (1.507 Ang by residue) in 4.6596 (sec).
 3-Body A238-HIS 8 , A239-HIS 4 , A240-HID 17:       0.09834476 at      1.638 Ang (1.507 Ang by residue) in 4.6237 (sec).
 3-Body A238-HIS 8 , A239-HIS 4 , A240-HID 18:       0.83690167 at      1.502 Ang (1.507 Ang by residue) in 4.7320 (sec).
 3-Body A238-HIS 8 , A239-HIS 4 , A240-HIE 19:      -0.05393071 at      1.638 Ang (1.507 Ang by residue) in 4.6435 (sec).
 3-Body A238-HIS 8 , A239-HIS 4 , A240-HIE 20:       0.19985972 at      1.627 Ang (1.507 Ang by residue) in 4.6903 (sec).
 3-Body A238-HIS 8 , A239-HIS 4 , A240-HIE 23:       0.05080094 at      1.638 Ang (1.507 Ang by residue) in 4.5958 (sec).
 3-Body A238-HIS 8 , A239-HIS 4 , A240-HIE 24:       0.28721992 at      1.621 Ang (1.507 Ang by residue) in 4.5300 (sec).
 3-Body A238-HIS 8 , A239-HIS 4 , A240-HIE 25:       0.18130674 at      1.638 Ang (1.507 Ang by residue) in 4.5804 (sec).
 3-Body A238-HIS 8 , A239-HIS 4 , A240-HIE 26:      -0.12661407 at      1.592 Ang (1.507 Ang by residue) in 4.5738 (sec).
 3-Body A238-HIS 8 , A239-HIS 9 , A240-HIS 0 :       0.02314332 at      1.647 Ang (1.507 Ang by residue) in 4.6258 (sec).
 3-Body A238-HIS 8 , A239-HIS 9 , A240-HID 1 :       0.01351173 at      1.647 Ang (1.507 Ang by residue) in 4.4577 (sec).
 3-Body A238-HIS 8 , A239-HIS 9 , A240-HIE 2 :       0.01037563 at      1.647 Ang (1.507 Ang by residue) in 4.5298 (sec).
 3-Body A238-HIS 8 , A239-HIS 9 , A240-HIS 3 :       0.05267172 at      1.615 Ang (1.507 Ang by residue) in 4.6105 (sec).
 3-Body A238-HIS 8 , A239-HIS 9 , A240-HIS 4 :       0.02314499 at      1.647 Ang (1.507 Ang by residue) in 4.5614 (sec).
 3-Body A238-HIS 8 , A239-HIS 9 , A240-HIS 8 :       0.11595378 at      1.628 Ang (1.507 Ang by residue) in 4.5981 (sec).
 3-Body A238-HIS 8 , A239-HIS 9 , A240-HIS 9 :       0.12186806 at      1.627 Ang (1.507 Ang by residue) in 4.5728 (sec).
 3-Body A238-HIS 8 , A239-HIS 9 , A240-HIS 10:       0.27350755 at      1.477 Ang (1.507 Ang by residue) in 4.5101 (sec).
 3-Body A238-HIS 8 , A239-HIS 9 , A240-HID 11:       0.04079479 at      1.616 Ang (1.507 Ang by residue) in 4.6800 (sec).
 3-Body A238-HIS 8 , A239-HIS 9 , A240-HID 12:       0.01362507 at      1.650 Ang (1.507 Ang by residue) in 4.5369 (sec).
 3-Body A238-HIS 8 , A239-HIS 9 , A240-HID 15:       0.00726237 at      1.656 Ang (1.507 Ang by residue) in 4.5368 (sec).
 3-Body A238-HIS 8 , A239-HIS 9 , A240-HID 16:       0.03092370 at      1.640 Ang (1.507 Ang by residue) in 4.5723 (sec).
 3-Body A238-HIS 8 , A239-HIS 9 , A240-HID 17:       0.00972005 at      1.656 Ang (1.507 Ang by residue) in 4.6099 (sec).
 3-Body A238-HIS 8 , A239-HIS 9 , A240-HID 18:       0.17396356 at      1.479 Ang (1.507 Ang by residue) in 4.5113 (sec).
 3-Body A238-HIS 8 , A239-HIS 9 , A240-HIE 19:      -0.01454715 at      1.656 Ang (1.507 Ang by residue) in 4.4677 (sec).
 3-Body A238-HIS 8 , A239-HIS 9 , A240-HIE 20:       0.01057627 at      1.645 Ang (1.507 Ang by residue) in 4.6866 (sec).
 3-Body A238-HIS 8 , A239-HIS 9 , A240-HIE 23:       0.00349104 at      1.656 Ang (1.507 Ang by residue) in 4.6904 (sec).
 3-Body A238-HIS 8 , A239-HIS 9 , A240-HIE 24:       0.05967794 at      1.627 Ang (1.507 Ang by residue) in 4.4853 (sec).
 3-Body A238-HIS 8 , A239-HIS 9 , A240-HIE 25:       0.06396498 at      1.627 Ang (1.507 Ang by residue) in 4.5721 (sec).
 3-Body A238-HIS 8 , A239-HIS 9 , A240-HIE 26:      -0.01343563 at      1.517 Ang (1.507 Ang by residue) in 4.5585 (sec).
 3-Body A238-HIS 8 , A239-HIS 10, A240-HIS 0 :       0.02305465 at      1.647 Ang (1.507 Ang by residue) in 4.6045 (sec).
 3-Body A238-HIS 8 , A239-HIS 10, A240-HID 1 :       0.01238801 at      1.647 Ang (1.507 Ang by residue) in 4.5992 (sec).
 3-Body A238-HIS 8 , A239-HIS 10, A240-HIE 2 :       0.00904773 at      1.647 Ang (1.507 Ang by residue) in 4.5715 (sec).
 3-Body A238-HIS 8 , A239-HIS 10, A240-HIS 3 :       0.05268524 at      1.615 Ang (1.507 Ang by residue) in 4.7648 (sec).
 3-Body A238-HIS 8 , A239-HIS 10, A240-HIS 4 :       0.02305648 at      1.647 Ang (1.507 Ang by residue) in 4.8254 (sec).
 3-Body A238-HIS 8 , A239-HIS 10, A240-HIS 8 :       0.10279796 at      1.638 Ang (1.507 Ang by residue) in 4.5427 (sec).
 3-Body A238-HIS 8 , A239-HIS 10, A240-HIS 9 :       0.10700930 at      1.562 Ang (1.507 Ang by residue) in 4.6487 (sec).
 3-Body A238-HIS 8 , A239-HIS 10, A240-HIS 10:       0.25925778 at      1.528 Ang (1.507 Ang by residue) in 4.5817 (sec).
 3-Body A238-HIS 8 , A239-HIS 10, A240-HID 11:       0.03985281 at      1.616 Ang (1.507 Ang by residue) in 4.6297 (sec).
 3-Body A238-HIS 8 , A239-HIS 10, A240-HID 12:       0.01250336 at      1.650 Ang (1.507 Ang by residue) in 4.5684 (sec).
 3-Body A238-HIS 8 , A239-HIS 10, A240-HID 15:       0.00683925 at      1.656 Ang (1.507 Ang by residue) in 4.5852 (sec).
 3-Body A238-HIS 8 , A239-HIS 10, A240-HID 16:       0.03544310 at      1.638 Ang (1.507 Ang by residue) in 4.6944 (sec).
 3-Body A238-HIS 8 , A239-HIS 10, A240-HID 17:       0.01030297 at      1.565 Ang (1.507 Ang by residue) in 4.6729 (sec).
 3-Body A238-HIS 8 , A239-HIS 10, A240-HID 18:       0.16290947 at      1.528 Ang (1.507 Ang by residue) in 4.6247 (sec).
 3-Body A238-HIS 8 , A239-HIS 10, A240-HIE 19:      -0.01601874 at      1.656 Ang (1.507 Ang by residue) in 4.5032 (sec).
 3-Body A238-HIS 8 , A239-HIS 10, A240-HIE 20:       0.00923929 at      1.645 Ang (1.507 Ang by residue) in 4.6493 (sec).
 3-Body A238-HIS 8 , A239-HIS 10, A240-HIE 23:       0.00152869 at      1.656 Ang (1.507 Ang by residue) in 4.6916 (sec).
 3-Body A238-HIS 8 , A239-HIS 10, A240-HIE 24:       0.03022973 at      1.635 Ang (1.507 Ang by residue) in 4.5778 (sec).
 3-Body A238-HIS 8 , A239-HIS 10, A240-HIE 25:       0.05301423 at      1.558 Ang (1.507 Ang by residue) in 4.6352 (sec).
 3-Body A238-HIS 8 , A239-HIS 10, A240-HIE 26:      -0.02226251 at      1.610 Ang (1.507 Ang by residue) in 4.5392 (sec).
 3-Body A238-HIS 8 , A239-HID 11, A240-HIS 0 :       0.49668851 at      1.617 Ang (1.507 Ang by residue) in 4.5795 (sec).
 3-Body A238-HIS 8 , A239-HID 11, A240-HID 1 :       0.17054407 at      1.617 Ang (1.507 Ang by residue) in 4.5306 (sec).
 3-Body A238-HIS 8 , A239-HID 11, A240-HIE 2 :       0.23875810 at      1.617 Ang (1.507 Ang by residue) in 4.4501 (sec).
 3-Body A238-HIS 8 , A239-HID 11, A240-HIS 3 :       0.83293640 at      1.584 Ang (1.507 Ang by residue) in 4.5745 (sec).
 3-Body A238-HIS 8 , A239-HID 11, A240-HIS 4 :       0.49669664 at      1.617 Ang (1.507 Ang by residue) in 4.5151 (sec).
 3-Body A238-HIS 8 , A239-HID 11, A240-HIS 8 :       0.76159720 at      1.609 Ang (1.507 Ang by residue) in 4.4206 (sec).
 3-Body A238-HIS 8 , A239-HID 11, A240-HIS 9 :       0.62268467 at      1.626 Ang (1.507 Ang by residue) in 4.5525 (sec).
 3-Body A238-HIS 8 , A239-HID 11, A240-HIS 10:       1.60782268 at      1.488 Ang (1.507 Ang by residue) in 4.5824 (sec).
 3-Body A238-HIS 8 , A239-HID 11, A240-HID 11:       0.56518764 at      1.585 Ang (1.507 Ang by residue) in 4.4585 (sec).
 3-Body A238-HIS 8 , A239-HID 11, A240-HID 12:       0.16596252 at      1.619 Ang (1.507 Ang by residue) in 4.6698 (sec).
 3-Body A238-HIS 8 , A239-HID 11, A240-HID 15:       0.11099763 at      1.626 Ang (1.507 Ang by residue) in 4.5280 (sec).
 3-Body A238-HIS 8 , A239-HID 11, A240-HID 16:       0.03490102 at      1.610 Ang (1.507 Ang by residue) in 4.7023 (sec).
 3-Body A238-HIS 8 , A239-HID 11, A240-HID 17:       0.07089746 at      1.626 Ang (1.507 Ang by residue) in 4.4865 (sec).
 3-Body A238-HIS 8 , A239-HID 11, A240-HID 18:       0.96611637 at      1.488 Ang (1.507 Ang by residue) in 4.6293 (sec).
 3-Body A238-HIS 8 , A239-HID 11, A240-HIE 19:      -0.11173741 at      1.626 Ang (1.507 Ang by residue) in 4.6186 (sec).
 3-Body A238-HIS 8 , A239-HID 11, A240-HIE 20:       0.24663370 at      1.614 Ang (1.507 Ang by residue) in 4.6415 (sec).
 3-Body A238-HIS 8 , A239-HID 11, A240-HIE 23:       0.06432527 at      1.626 Ang (1.507 Ang by residue) in 4.7442 (sec).
 3-Body A238-HIS 8 , A239-HID 11, A240-HIE 24:       0.33917127 at      1.608 Ang (1.507 Ang by residue) in 4.6060 (sec).
 3-Body A238-HIS 8 , A239-HID 11, A240-HIE 25:       0.18703976 at      1.626 Ang (1.507 Ang by residue) in 4.5485 (sec).
 3-Body A238-HIS 8 , A239-HID 11, A240-HIE 26:      -0.21516621 at      1.579 Ang (1.507 Ang by residue) in 4.6874 (sec).
 3-Body A238-HIS 8 , A239-HID 12, A240-HIS 0 :       0.31787208 at      1.629 Ang (1.507 Ang by residue) in 4.6811 (sec).
 3-Body A238-HIS 8 , A239-HID 12, A240-HID 1 :       0.11499656 at      1.629 Ang (1.507 Ang by residue) in 4.5872 (sec).
 3-Body A238-HIS 8 , A239-HID 12, A240-HIE 2 :       0.15390154 at      1.629 Ang (1.507 Ang by residue) in 4.5701 (sec).
 3-Body A238-HIS 8 , A239-HID 12, A240-HIS 3 :       0.59724007 at      1.596 Ang (1.507 Ang by residue) in 4.7118 (sec).
 3-Body A238-HIS 8 , A239-HID 12, A240-HIS 4 :       0.31788212 at      1.629 Ang (1.507 Ang by residue) in 4.7096 (sec).
 3-Body A238-HIS 8 , A239-HID 12, A240-HIS 8 :       0.48076191 at      1.621 Ang (1.507 Ang by residue) in 4.4810 (sec).
 3-Body A238-HIS 8 , A239-HID 12, A240-HIS 9 :       0.38311878 at      1.638 Ang (1.507 Ang by residue) in 4.5848 (sec).
 3-Body A238-HIS 8 , A239-HID 12, A240-HIS 10:       1.17639710 at      1.501 Ang (1.507 Ang by residue) in 4.7062 (sec).
 3-Body A238-HIS 8 , A239-HID 12, A240-HID 11:       0.43280835 at      1.597 Ang (1.507 Ang by residue) in 4.5910 (sec).
 3-Body A238-HIS 8 , A239-HID 12, A240-HID 12:       0.11121294 at      1.631 Ang (1.507 Ang by residue) in 4.6175 (sec).
 3-Body A238-HIS 8 , A239-HID 12, A240-HID 15:       0.06830894 at      1.638 Ang (1.507 Ang by residue) in 4.5507 (sec).
 3-Body A238-HIS 8 , A239-HID 12, A240-HID 16:      -0.02390239 at      1.622 Ang (1.507 Ang by residue) in 4.5893 (sec).
 3-Body A238-HIS 8 , A239-HID 12, A240-HID 17:       0.01462255 at      1.638 Ang (1.507 Ang by residue) in 4.5751 (sec).
 3-Body A238-HIS 8 , A239-HID 12, A240-HID 18:       0.73368823 at      1.501 Ang (1.507 Ang by residue) in 4.7524 (sec).
 3-Body A238-HIS 8 , A239-HID 12, A240-HIE 19:      -0.11552397 at      1.638 Ang (1.507 Ang by residue) in 4.6803 (sec).
 3-Body A238-HIS 8 , A239-HID 12, A240-HIE 20:       0.15906020 at      1.626 Ang (1.507 Ang by residue) in 4.5635 (sec).
 3-Body A238-HIS 8 , A239-HID 12, A240-HIE 23:       0.03926828 at      1.638 Ang (1.507 Ang by residue) in 4.6585 (sec).
 3-Body A238-HIS 8 , A239-HID 12, A240-HIE 24:       0.20129816 at      1.620 Ang (1.507 Ang by residue) in 4.5752 (sec).
 3-Body A238-HIS 8 , A239-HID 12, A240-HIE 25:       0.10185261 at      1.638 Ang (1.507 Ang by residue) in 4.5430 (sec).
 3-Body A238-HIS 8 , A239-HID 12, A240-HIE 26:      -0.24906120 at      1.592 Ang (1.507 Ang by residue) in 4.6466 (sec).
 3-Body A238-HIS 8 , A239-HID 16, A240-HIS 0 :       0.01940949 at      1.647 Ang (1.507 Ang by residue) in 4.5579 (sec).
 3-Body A238-HIS 8 , A239-HID 16, A240-HID 1 :       0.00950269 at      1.647 Ang (1.507 Ang by residue) in 4.5463 (sec).
 3-Body A238-HIS 8 , A239-HID 16, A240-HIE 2 :       0.00589686 at      1.647 Ang (1.507 Ang by residue) in 4.5469 (sec).
 3-Body A238-HIS 8 , A239-HID 16, A240-HIS 3 :       0.04688150 at      1.615 Ang (1.507 Ang by residue) in 4.4866 (sec).
 3-Body A238-HIS 8 , A239-HID 16, A240-HIS 4 :       0.01941208 at      1.647 Ang (1.507 Ang by residue) in 4.6216 (sec).
 3-Body A238-HIS 8 , A239-HID 16, A240-HIS 8 :       0.07131750 at      1.639 Ang (1.507 Ang by residue) in 4.6568 (sec).
 3-Body A238-HIS 8 , A239-HID 16, A240-HIS 9 :       0.08405353 at      1.617 Ang (1.507 Ang by residue) in 4.5527 (sec).
 3-Body A238-HIS 8 , A239-HID 16, A240-HIS 10:       0.21628676 at      1.528 Ang (1.507 Ang by residue) in 4.5214 (sec).
 3-Body A238-HIS 8 , A239-HID 16, A240-HID 11:       0.03512549 at      1.616 Ang (1.507 Ang by residue) in 4.6083 (sec).
 3-Body A238-HIS 8 , A239-HID 16, A240-HID 12:       0.00968153 at      1.650 Ang (1.507 Ang by residue) in 4.5797 (sec).
 3-Body A238-HIS 8 , A239-HID 16, A240-HID 15:       0.00822043 at      1.656 Ang (1.507 Ang by residue) in 4.4976 (sec).
 3-Body A238-HIS 8 , A239-HID 16, A240-HID 16:       0.01453087 at      1.640 Ang (1.507 Ang by residue) in 4.5538 (sec).
 3-Body A238-HIS 8 , A239-HID 16, A240-HID 17:      -0.00822114 at      1.617 Ang (1.507 Ang by residue) in 4.6271 (sec).
 3-Body A238-HIS 8 , A239-HID 16, A240-HID 18:       0.13448536 at      1.528 Ang (1.507 Ang by residue) in 4.7216 (sec).
 3-Body A238-HIS 8 , A239-HID 16, A240-HIE 19:      -0.01799832 at      1.656 Ang (1.507 Ang by residue) in 4.6912 (sec).
 3-Body A238-HIS 8 , A239-HID 16, A240-HIE 20:       0.00596294 at      1.645 Ang (1.507 Ang by residue) in 4.6495 (sec).
 3-Body A238-HIS 8 , A239-HID 16, A240-HIE 23:       0.00285936 at      1.656 Ang (1.507 Ang by residue) in 4.5775 (sec).
 3-Body A238-HIS 8 , A239-HID 16, A240-HIE 24:       0.01518566 at      1.639 Ang (1.507 Ang by residue) in 4.5812 (sec).
 3-Body A238-HIS 8 , A239-HID 16, A240-HIE 25:       0.03152223 at      1.614 Ang (1.507 Ang by residue) in 4.5578 (sec).
 3-Body A238-HIS 8 , A239-HID 16, A240-HIE 26:      -0.05011845 at      1.610 Ang (1.507 Ang by residue) in 4.5762 (sec).
 3-Body A238-HIS 8 , A239-HID 17, A240-HIS 0 :       0.01655395 at      1.647 Ang (1.507 Ang by residue) in 4.5769 (sec).
 3-Body A238-HIS 8 , A239-HID 17, A240-HID 1 :       0.00752966 at      1.647 Ang (1.507 Ang by residue) in 4.6175 (sec).
 3-Body A238-HIS 8 , A239-HID 17, A240-HIE 2 :       0.00442665 at      1.647 Ang (1.507 Ang by residue) in 4.4112 (sec).
 3-Body A238-HIS 8 , A239-HID 17, A240-HIS 3 :       0.04407720 at      1.615 Ang (1.507 Ang by residue) in 4.5889 (sec).
 3-Body A238-HIS 8 , A239-HID 17, A240-HIS 4 :       0.01655608 at      1.647 Ang (1.507 Ang by residue) in 4.5956 (sec).
 3-Body A238-HIS 8 , A239-HID 17, A240-HIS 8 :       0.06615449 at      1.626 Ang (1.507 Ang by residue) in 4.6594 (sec).
 3-Body A238-HIS 8 , A239-HID 17, A240-HIS 9 :       0.08176368 at      1.631 Ang (1.507 Ang by residue) in 4.5536 (sec).
 3-Body A238-HIS 8 , A239-HID 17, A240-HIS 10:       0.20616259 at      1.478 Ang (1.507 Ang by residue) in 4.5914 (sec).
 3-Body A238-HIS 8 , A239-HID 17, A240-HID 11:       0.03319540 at      1.616 Ang (1.507 Ang by residue) in 4.5074 (sec).
 3-Body A238-HIS 8 , A239-HID 17, A240-HID 12:       0.00771240 at      1.650 Ang (1.507 Ang by residue) in 4.6202 (sec).
 3-Body A238-HIS 8 , A239-HID 17, A240-HID 15:       0.00550671 at      1.656 Ang (1.507 Ang by residue) in 4.7017 (sec).
 3-Body A238-HIS 8 , A239-HID 17, A240-HID 16:      -0.01819042 at      1.640 Ang (1.507 Ang by residue) in 4.6195 (sec).
 3-Body A238-HIS 8 , A239-HID 17, A240-HID 17:      -0.03156951 at      1.656 Ang (1.507 Ang by residue) in 4.6460 (sec).
 3-Body A238-HIS 8 , A239-HID 17, A240-HID 18:       0.11371197 at      1.479 Ang (1.507 Ang by residue) in 4.7227 (sec).
 3-Body A238-HIS 8 , A239-HID 17, A240-HIE 19:      -0.01967041 at      1.656 Ang (1.507 Ang by residue) in 4.7423 (sec).
 3-Body A238-HIS 8 , A239-HID 17, A240-HIE 20:       0.00449183 at      1.645 Ang (1.507 Ang by residue) in 4.6436 (sec).
 3-Body A238-HIS 8 , A239-HID 17, A240-HIE 23:       0.00187742 at      1.656 Ang (1.507 Ang by residue) in 4.5260 (sec).
 3-Body A238-HIS 8 , A239-HID 17, A240-HIE 24:       0.01300260 at      1.626 Ang (1.507 Ang by residue) in 4.5819 (sec).
 3-Body A238-HIS 8 , A239-HID 17, A240-HIE 25:       0.02681852 at      1.631 Ang (1.507 Ang by residue) in 4.5734 (sec).
 3-Body A238-HIS 8 , A239-HID 17, A240-HIE 26:      -0.06840108 at      1.518 Ang (1.507 Ang by residue) in 4.6699 (sec).
 3-Body A238-HIS 8 , A239-HID 18, A240-HIS 0 :       0.01729688 at      1.647 Ang (1.507 Ang by residue) in 4.5998 (sec).
 3-Body A238-HIS 8 , A239-HID 18, A240-HID 1 :       0.00734614 at      1.647 Ang (1.507 Ang by residue) in 4.5255 (sec).
 3-Body A238-HIS 8 , A239-HID 18, A240-HIE 2 :       0.00405833 at      1.647 Ang (1.507 Ang by residue) in 4.5560 (sec).
 3-Body A238-HIS 8 , A239-HID 18, A240-HIS 3 :       0.04491928 at      1.615 Ang (1.507 Ang by residue) in 4.5121 (sec).
 3-Body A238-HIS 8 , A239-HID 18, A240-HIS 4 :       0.01729895 at      1.647 Ang (1.507 Ang by residue) in 4.6034 (sec).
 3-Body A238-HIS 8 , A239-HID 18, A240-HIS 8 :       0.06987414 at      1.639 Ang (1.507 Ang by residue) in 4.5997 (sec).
 3-Body A238-HIS 8 , A239-HID 18, A240-HIS 9 :       0.07852487 at      1.562 Ang (1.507 Ang by residue) in 4.5374 (sec).
 3-Body A238-HIS 8 , A239-HID 18, A240-HIS 10:       0.21054044 at      1.528 Ang (1.507 Ang by residue) in 4.7381 (sec).
 3-Body A238-HIS 8 , A239-HID 18, A240-HID 11:       0.03317419 at      1.616 Ang (1.507 Ang by residue) in 4.6571 (sec).
 3-Body A238-HIS 8 , A239-HID 18, A240-HID 12:       0.00752489 at      1.650 Ang (1.507 Ang by residue) in 4.5887 (sec).
 3-Body A238-HIS 8 , A239-HID 18, A240-HID 15:       0.00587873 at      1.656 Ang (1.507 Ang by residue) in 4.6578 (sec).
 3-Body A238-HIS 8 , A239-HID 18, A240-HID 16:       0.00762687 at      1.639 Ang (1.507 Ang by residue) in 4.7157 (sec).
 3-Body A238-HIS 8 , A239-HID 18, A240-HID 17:      -0.01612685 at      1.565 Ang (1.507 Ang by residue) in 4.5869 (sec).
 3-Body A238-HIS 8 , A239-HID 18, A240-HID 18:       0.12196930 at      1.528 Ang (1.507 Ang by residue) in 4.5741 (sec).
 3-Body A238-HIS 8 , A239-HID 18, A240-HIE 19:      -0.02008297 at      1.656 Ang (1.507 Ang by residue) in 4.4931 (sec).
 3-Body A238-HIS 8 , A239-HID 18, A240-HIE 20:       0.00412422 at      1.645 Ang (1.507 Ang by residue) in 4.7415 (sec).
 3-Body A238-HIS 8 , A239-HID 18, A240-HIE 23:       0.00080067 at      1.656 Ang (1.507 Ang by residue) in 4.6917 (sec).
 3-Body A238-HIS 8 , A239-HID 18, A240-HIE 24:       0.00104439 at      1.636 Ang (1.507 Ang by residue) in 4.7074 (sec).
 3-Body A238-HIS 8 , A239-HID 18, A240-HIE 25:       0.02793562 at      1.558 Ang (1.507 Ang by residue) in 4.6726 (sec).
 3-Body A238-HIS 8 , A239-HID 18, A240-HIE 26:      -0.05943510 at      1.610 Ang (1.507 Ang by residue) in 4.5128 (sec).
 3-Body A238-HIS 8 , A239-HIE 19, A240-HIS 0 :       0.93470334 at      1.606 Ang (1.507 Ang by residue) in 4.6150 (sec).
 3-Body A238-HIS 8 , A239-HIE 19, A240-HID 1 :       0.32116285 at      1.606 Ang (1.507 Ang by residue) in 4.5167 (sec).
 3-Body A238-HIS 8 , A239-HIE 19, A240-HIE 2 :       0.44896599 at      1.606 Ang (1.507 Ang by residue) in 4.4088 (sec).
 3-Body A238-HIS 8 , A239-HIE 19, A240-HIS 3 :       1.41779373 at      1.572 Ang (1.507 Ang by residue) in 4.6476 (sec).
 3-Body A238-HIS 8 , A239-HIE 19, A240-HIS 4 :       0.93470667 at      1.606 Ang (1.507 Ang by residue) in 4.5133 (sec).
 3-Body A238-HIS 8 , A239-HIE 19, A240-HIS 8 :       1.59800867 at      1.597 Ang (1.507 Ang by residue) in 4.6711 (sec).
 3-Body A238-HIS 8 , A239-HIE 19, A240-HIS 9 :       1.32089093 at      1.614 Ang (1.507 Ang by residue) in 4.6157 (sec).
 3-Body A238-HIS 8 , A239-HIE 19, A240-HIS 10:       3.09709320 at      1.476 Ang (1.507 Ang by residue) in 4.6196 (sec).
 3-Body A238-HIS 8 , A239-HIE 19, A240-HID 11:       0.89224001 at      1.573 Ang (1.507 Ang by residue) in 4.5937 (sec).
 3-Body A238-HIS 8 , A239-HIE 19, A240-HID 12:       0.31505314 at      1.608 Ang (1.507 Ang by residue) in 4.6291 (sec).
 3-Body A238-HIS 8 , A239-HIE 19, A240-HID 15:       0.20390010 at      1.614 Ang (1.507 Ang by residue) in 4.5158 (sec).
 3-Body A238-HIS 8 , A239-HIE 19, A240-HID 16:       0.25970350 at      1.598 Ang (1.507 Ang by residue) in 4.5343 (sec).
 3-Body A238-HIS 8 , A239-HIE 19, A240-HID 17:       0.27008274 at      1.614 Ang (1.507 Ang by residue) in 4.5808 (sec).
 3-Body A238-HIS 8 , A239-HIE 19, A240-HID 18:       1.71844693 at      1.476 Ang (1.507 Ang by residue) in 4.6054 (sec).
 3-Body A238-HIS 8 , A239-HIE 19, A240-HIE 19:      -0.03560974 at      1.614 Ang (1.507 Ang by residue) in 4.5482 (sec).
 3-Body A238-HIS 8 , A239-HIE 19, A240-HIE 20:       0.46327342 at      1.603 Ang (1.507 Ang by residue) in 4.5009 (sec).
 3-Body A238-HIS 8 , A239-HIE 19, A240-HIE 23:       0.11412781 at      1.614 Ang (1.507 Ang by residue) in 4.5751 (sec).
 3-Body A238-HIS 8 , A239-HIE 19, A240-HIE 24:       0.75678974 at      1.597 Ang (1.507 Ang by residue) in 4.6196 (sec).
 3-Body A238-HIS 8 , A239-HIE 19, A240-HIE 25:       0.46532327 at      1.614 Ang (1.507 Ang by residue) in 4.5898 (sec).
 3-Body A238-HIS 8 , A239-HIE 19, A240-HIE 26:       0.20842569 at      1.568 Ang (1.507 Ang by residue) in 4.6567 (sec).
 3-Body A238-HIS 8 , A239-HIE 20, A240-HIS 0 :       0.33024598 at      1.630 Ang (1.507 Ang by residue) in 4.6237 (sec).
 3-Body A238-HIS 8 , A239-HIE 20, A240-HID 1 :       0.11865683 at      1.630 Ang (1.507 Ang by residue) in 4.5104 (sec).
 3-Body A238-HIS 8 , A239-HIE 20, A240-HIE 2 :       0.15699934 at      1.630 Ang (1.507 Ang by residue) in 4.5287 (sec).
 3-Body A238-HIS 8 , A239-HIE 20, A240-HIS 3 :       0.60758451 at      1.597 Ang (1.507 Ang by residue) in 4.6530 (sec).
 3-Body A238-HIS 8 , A239-HIE 20, A240-HIS 4 :       0.33025297 at      1.630 Ang (1.507 Ang by residue) in 4.5473 (sec).
 3-Body A238-HIS 8 , A239-HIE 20, A240-HIS 8 :       0.52901762 at      1.622 Ang (1.507 Ang by residue) in 4.5601 (sec).
 3-Body A238-HIS 8 , A239-HIE 20, A240-HIS 9 :       0.42469280 at      1.639 Ang (1.507 Ang by residue) in 4.6407 (sec).
 3-Body A238-HIS 8 , A239-HIE 20, A240-HIS 10:       1.26375161 at      1.502 Ang (1.507 Ang by residue) in 4.7920 (sec).
 3-Body A238-HIS 8 , A239-HIE 20, A240-HID 11:       0.43677430 at      1.598 Ang (1.507 Ang by residue) in 4.5606 (sec).
 3-Body A238-HIS 8 , A239-HIE 20, A240-HID 12:       0.11534074 at      1.632 Ang (1.507 Ang by residue) in 4.5876 (sec).
 3-Body A238-HIS 8 , A239-HIE 20, A240-HID 15:       0.07629992 at      1.639 Ang (1.507 Ang by residue) in 4.5992 (sec).
 3-Body A238-HIS 8 , A239-HIE 20, A240-HID 16:      -0.00564862 at      1.623 Ang (1.507 Ang by residue) in 4.5466 (sec).
 3-Body A238-HIS 8 , A239-HIE 20, A240-HID 17:       0.03190355 at      1.639 Ang (1.507 Ang by residue) in 4.5414 (sec).
 3-Body A238-HIS 8 , A239-HIE 20, A240-HID 18:       0.79513016 at      1.502 Ang (1.507 Ang by residue) in 4.6092 (sec).
 3-Body A238-HIS 8 , A239-HIE 20, A240-HIE 19:      -0.10904960 at      1.639 Ang (1.507 Ang by residue) in 4.6859 (sec).
 3-Body A238-HIS 8 , A239-HIE 20, A240-HIE 20:       0.16249140 at      1.627 Ang (1.507 Ang by residue) in 4.5708 (sec).
 3-Body A238-HIS 8 , A239-HIE 20, A240-HIE 23:       0.04444116 at      1.639 Ang (1.507 Ang by residue) in 4.6401 (sec).
 3-Body A238-HIS 8 , A239-HIE 20, A240-HIE 24:       0.23107936 at      1.621 Ang (1.507 Ang by residue) in 4.6967 (sec).
 3-Body A238-HIS 8 , A239-HIE 20, A240-HIE 25:       0.12251246 at      1.639 Ang (1.507 Ang by residue) in 4.6661 (sec).
 3-Body A238-HIS 8 , A239-HIE 20, A240-HIE 26:      -0.22411165 at      1.593 Ang (1.507 Ang by residue) in 4.7541 (sec).
 3-Body A238-HIS 8 , A239-HIE 24, A240-HIS 0 :       0.01642282 at      1.647 Ang (1.507 Ang by residue) in 4.6409 (sec).
 3-Body A238-HIS 8 , A239-HIE 24, A240-HID 1 :       0.00703171 at      1.647 Ang (1.507 Ang by residue) in 4.5464 (sec).
 3-Body A238-HIS 8 , A239-HIE 24, A240-HIE 2 :       0.00365422 at      1.647 Ang (1.507 Ang by residue) in 4.6175 (sec).
 3-Body A238-HIS 8 , A239-HIE 24, A240-HIS 3 :       0.04364030 at      1.615 Ang (1.507 Ang by residue) in 4.5781 (sec).
 3-Body A238-HIS 8 , A239-HIE 24, A240-HIS 4 :       0.01642474 at      1.647 Ang (1.507 Ang by residue) in 4.5769 (sec).
 3-Body A238-HIS 8 , A239-HIE 24, A240-HIS 8 :       0.03164263 at      1.639 Ang (1.507 Ang by residue) in 4.4887 (sec).
 3-Body A238-HIS 8 , A239-HIE 24, A240-HIS 9 :       0.06214393 at      1.621 Ang (1.507 Ang by residue) in 4.6533 (sec).
 3-Body A238-HIS 8 , A239-HIE 24, A240-HIS 10:       0.18258219 at      1.528 Ang (1.507 Ang by residue) in 4.5252 (sec).
 3-Body A238-HIS 8 , A239-HIE 24, A240-HID 11:       0.03258703 at      1.616 Ang (1.507 Ang by residue) in 4.5349 (sec).
 3-Body A238-HIS 8 , A239-HIE 24, A240-HID 12:       0.00722607 at      1.650 Ang (1.507 Ang by residue) in 4.5646 (sec).
 3-Body A238-HIS 8 , A239-HIE 24, A240-HID 15:       0.00619295 at      1.656 Ang (1.507 Ang by residue) in 4.6752 (sec).
 3-Body A238-HIS 8 , A239-HIE 24, A240-HID 16:      -0.02660269 at      1.640 Ang (1.507 Ang by residue) in 4.6602 (sec).
 3-Body A238-HIS 8 , A239-HIE 24, A240-HID 17:      -0.03296117 at      1.621 Ang (1.507 Ang by residue) in 4.6340 (sec).
 3-Body A238-HIS 8 , A239-HIE 24, A240-HID 18:       0.09811542 at      1.528 Ang (1.507 Ang by residue) in 4.6352 (sec).
 3-Body A238-HIS 8 , A239-HIE 24, A240-HIE 19:      -0.02063334 at      1.656 Ang (1.507 Ang by residue) in 4.5600 (sec).
 3-Body A238-HIS 8 , A239-HIE 24, A240-HIE 20:       0.00368760 at      1.645 Ang (1.507 Ang by residue) in 4.4696 (sec).
 3-Body A238-HIS 8 , A239-HIE 24, A240-HIE 23:       0.00146912 at      1.656 Ang (1.507 Ang by residue) in 4.5520 (sec).
 3-Body A238-HIS 8 , A239-HIE 24, A240-HIE 24:      -0.02358825 at      1.639 Ang (1.507 Ang by residue) in 4.5632 (sec).
 3-Body A238-HIS 8 , A239-HIE 24, A240-HIE 25:       0.00962672 at      1.622 Ang (1.507 Ang by residue) in 4.6691 (sec).
 3-Body A238-HIS 8 , A239-HIE 24, A240-HIE 26:      -0.09125262 at      1.610 Ang (1.507 Ang by residue) in 4.6851 (sec).
 3-Body A238-HIS 8 , A239-HIE 25, A240-HIS 0 :       0.01646048 at      1.647 Ang (1.507 Ang by residue) in 4.6532 (sec).
 3-Body A238-HIS 8 , A239-HIE 25, A240-HID 1 :       0.00735933 at      1.647 Ang (1.507 Ang by residue) in 4.5389 (sec).
 3-Body A238-HIS 8 , A239-HIE 25, A240-HIE 2 :       0.00416000 at      1.647 Ang (1.507 Ang by residue) in 4.5397 (sec).
 3-Body A238-HIS 8 , A239-HIE 25, A240-HIS 3 :       0.04369300 at      1.615 Ang (1.507 Ang by residue) in 4.5696 (sec).
 3-Body A238-HIS 8 , A239-HIE 25, A240-HIS 4 :       0.01646258 at      1.647 Ang (1.507 Ang by residue) in 4.6003 (sec).
 3-Body A238-HIS 8 , A239-HIE 25, A240-HIS 8 :       0.06089377 at      1.639 Ang (1.507 Ang by residue) in 4.5679 (sec).
 3-Body A238-HIS 8 , A239-HIE 25, A240-HIS 9 :       0.07832317 at      1.629 Ang (1.507 Ang by residue) in 4.6822 (sec).
 3-Body A238-HIS 8 , A239-HIE 25, A240-HIS 10:       0.21161045 at      1.528 Ang (1.507 Ang by residue) in 4.5618 (sec).
 3-Body A238-HIS 8 , A239-HIE 25, A240-HID 11:       0.03290036 at      1.616 Ang (1.507 Ang by residue) in 4.6235 (sec).
 3-Body A238-HIS 8 , A239-HIE 25, A240-HID 12:       0.00755053 at      1.650 Ang (1.507 Ang by residue) in 4.7147 (sec).
 3-Body A238-HIS 8 , A239-HIE 25, A240-HID 15:       0.00571717 at      1.656 Ang (1.507 Ang by residue) in 4.6550 (sec).
 3-Body A238-HIS 8 , A239-HIE 25, A240-HID 16:      -0.00914415 at      1.640 Ang (1.507 Ang by residue) in 4.6804 (sec).
 3-Body A238-HIS 8 , A239-HIE 25, A240-HID 17:      -0.03389991 at      1.656 Ang (1.507 Ang by residue) in 4.6736 (sec).
 3-Body A238-HIS 8 , A239-HIE 25, A240-HID 18:       0.12188164 at      1.528 Ang (1.507 Ang by residue) in 4.6797 (sec).
 3-Body A238-HIS 8 , A239-HIE 25, A240-HIE 19:      -0.02016581 at      1.656 Ang (1.507 Ang by residue) in 4.6176 (sec).
 3-Body A238-HIS 8 , A239-HIE 25, A240-HIE 20:       0.00420541 at      1.645 Ang (1.507 Ang by residue) in 4.6160 (sec).
 3-Body A238-HIS 8 , A239-HIE 25, A240-HIE 23:       0.00187282 at      1.656 Ang (1.507 Ang by residue) in 4.5278 (sec).
 3-Body A238-HIS 8 , A239-HIE 25, A240-HIE 24:       0.01013008 at      1.639 Ang (1.507 Ang by residue) in 4.6019 (sec).
 3-Body A238-HIS 8 , A239-HIE 25, A240-HIE 25:       0.02490554 at      1.629 Ang (1.507 Ang by residue) in 4.6595 (sec).
 3-Body A238-HIS 8 , A239-HIE 25, A240-HIE 26:      -0.06294795 at      1.594 Ang (1.507 Ang by residue) in 4.5955 (sec).
 3-Body A238-HIS 8 , A239-HIE 26, A240-HIS 0 :       0.01720657 at      1.647 Ang (1.507 Ang by residue) in 4.6351 (sec).
 3-Body A238-HIS 8 , A239-HIE 26, A240-HID 1 :       0.00706068 at      1.647 Ang (1.507 Ang by residue) in 4.5708 (sec).
 3-Body A238-HIS 8 , A239-HIE 26, A240-HIE 2 :       0.00358475 at      1.647 Ang (1.507 Ang by residue) in 4.6086 (sec).
 3-Body A238-HIS 8 , A239-HIE 26, A240-HIS 3 :       0.04427377 at      1.615 Ang (1.507 Ang by residue) in 4.6004 (sec).
 3-Body A238-HIS 8 , A239-HIE 26, A240-HIS 4 :       0.01720868 at      1.647 Ang (1.507 Ang by residue) in 4.5769 (sec).
 3-Body A238-HIS 8 , A239-HIE 26, A240-HIS 8 :       0.07894276 at      1.638 Ang (1.507 Ang by residue) in 4.5796 (sec).
 3-Body A238-HIS 8 , A239-HIE 26, A240-HIS 9 :       0.08547973 at      1.564 Ang (1.507 Ang by residue) in 4.4964 (sec).
 3-Body A238-HIS 8 , A239-HIE 26, A240-HIS 10:       0.22275816 at      1.528 Ang (1.507 Ang by residue) in 4.6977 (sec).
 3-Body A238-HIS 8 , A239-HIE 26, A240-HID 11:       0.03247012 at      1.616 Ang (1.507 Ang by residue) in 4.6110 (sec).
 3-Body A238-HIS 8 , A239-HIE 26, A240-HID 12:       0.00725329 at      1.650 Ang (1.507 Ang by residue) in 4.5741 (sec).
 3-Body A238-HIS 8 , A239-HIE 26, A240-HID 15:       0.00613430 at      1.656 Ang (1.507 Ang by residue) in 4.6144 (sec).
 3-Body A238-HIS 8 , A239-HIE 26, A240-HID 16:       0.01347101 at      1.639 Ang (1.507 Ang by residue) in 4.6149 (sec).
 3-Body A238-HIS 8 , A239-HIE 26, A240-HID 17:      -0.01138666 at      1.567 Ang (1.507 Ang by residue) in 4.5583 (sec).
 3-Body A238-HIS 8 , A239-HIE 26, A240-HID 18:       0.13017790 at      1.528 Ang (1.507 Ang by residue) in 4.5046 (sec).
 3-Body A238-HIS 8 , A239-HIE 26, A240-HIE 19:      -0.02065964 at      1.656 Ang (1.507 Ang by residue) in 4.6355 (sec).
 3-Body A238-HIS 8 , A239-HIE 26, A240-HIE 20:       0.00362056 at      1.645 Ang (1.507 Ang by residue) in 4.7524 (sec).
 3-Body A238-HIS 8 , A239-HIE 26, A240-HIE 23:       0.00065216 at      1.656 Ang (1.507 Ang by residue) in 4.6129 (sec).
 3-Body A238-HIS 8 , A239-HIE 26, A240-HIE 24:       0.00692940 at      1.634 Ang (1.507 Ang by residue) in 4.5439 (sec).
 3-Body A238-HIS 8 , A239-HIE 26, A240-HIE 25:       0.03293610 at      1.560 Ang (1.507 Ang by residue) in 4.6031 (sec).
 3-Body A238-HIS 8 , A239-HIE 26, A240-HIE 26:      -0.05114174 at      1.610 Ang (1.507 Ang by residue) in 4.4996 (sec).
 3-Body A238-HIS 9 , A239-HIS 0 , A240-HIS 0 :       0.01425126 at      1.702 Ang (1.507 Ang by residue) in 4.5857 (sec).
 3-Body A238-HIS 9 , A239-HIS 0 , A240-HID 1 :       0.00766403 at      1.702 Ang (1.507 Ang by residue) in 4.4870 (sec).
 3-Body A238-HIS 9 , A239-HIS 0 , A240-HIE 2 :       0.00646003 at      1.702 Ang (1.507 Ang by residue) in 4.5470 (sec).
 3-Body A238-HIS 9 , A239-HIS 0 , A240-HIS 3 :       0.02786204 at      1.702 Ang (1.507 Ang by residue) in 4.7979 (sec).
 3-Body A238-HIS 9 , A239-HIS 0 , A240-HIS 4 :       0.01425072 at      1.702 Ang (1.507 Ang by residue) in 4.5600 (sec).
 3-Body A238-HIS 9 , A239-HIS 0 , A240-HIS 8 :       0.04823967 at      1.702 Ang (1.507 Ang by residue) in 4.6575 (sec).
 3-Body A238-HIS 9 , A239-HIS 0 , A240-HIS 9 :       0.03223540 at      1.702 Ang (1.507 Ang by residue) in 4.4941 (sec).
 3-Body A238-HIS 9 , A239-HIS 0 , A240-HIS 10:       0.12718452 at      1.639 Ang (1.507 Ang by residue) in 4.6208 (sec).
 3-Body A238-HIS 9 , A239-HIS 0 , A240-HID 11:       0.02167074 at      1.702 Ang (1.507 Ang by residue) in 4.4990 (sec).
 3-Body A238-HIS 9 , A239-HIS 0 , A240-HID 12:       0.00758008 at      1.702 Ang (1.507 Ang by residue) in 4.5464 (sec).
 3-Body A238-HIS 9 , A239-HIS 0 , A240-HID 15:       0.00297782 at      1.702 Ang (1.507 Ang by residue) in 4.6677 (sec).
 3-Body A238-HIS 9 , A239-HIS 0 , A240-HID 16:       0.00017951 at      1.702 Ang (1.507 Ang by residue) in 4.7116 (sec).
 3-Body A238-HIS 9 , A239-HIS 0 , A240-HID 17:       0.00295972 at      1.702 Ang (1.507 Ang by residue) in 4.5971 (sec).
 3-Body A238-HIS 9 , A239-HIS 0 , A240-HID 18:       0.08586143 at      1.647 Ang (1.507 Ang by residue) in 4.6442 (sec).
 3-Body A238-HIS 9 , A239-HIS 0 , A240-HIE 19:      -0.00730444 at      1.702 Ang (1.507 Ang by residue) in 4.5923 (sec).
 3-Body A238-HIS 9 , A239-HIS 0 , A240-HIE 20:       0.00667692 at      1.702 Ang (1.507 Ang by residue) in 4.5343 (sec).
 3-Body A238-HIS 9 , A239-HIS 0 , A240-HIE 23:       0.00158218 at      1.702 Ang (1.507 Ang by residue) in 5.1829 (sec).
 3-Body A238-HIS 9 , A239-HIS 0 , A240-HIE 24:       0.02747378 at      1.702 Ang (1.507 Ang by residue) in 4.7392 (sec).
 3-Body A238-HIS 9 , A239-HIS 0 , A240-HIE 25:       0.01263635 at      1.702 Ang (1.507 Ang by residue) in 4.9040 (sec).
 3-Body A238-HIS 9 , A239-HIS 0 , A240-HIE 26:      -0.00775989 at      1.689 Ang (1.507 Ang by residue) in 4.7513 (sec).
 3-Body A238-HIS 9 , A239-HID 1 , A240-HIS 0 :       0.01139195 at      1.702 Ang (1.507 Ang by residue) in 4.7215 (sec).
 3-Body A238-HIS 9 , A239-HID 1 , A240-HID 1 :       0.00482921 at      1.702 Ang (1.507 Ang by residue) in 4.7317 (sec).
 3-Body A238-HIS 9 , A239-HID 1 , A240-HIE 2 :       0.00398178 at      1.702 Ang (1.507 Ang by residue) in 4.8492 (sec).
 3-Body A238-HIS 9 , A239-HID 1 , A240-HIS 3 :       0.02214757 at      1.702 Ang (1.507 Ang by residue) in 4.7073 (sec).
 3-Body A238-HIS 9 , A239-HID 1 , A240-HIS 4 :       0.01139164 at      1.702 Ang (1.507 Ang by residue) in 4.6211 (sec).
 3-Body A238-HIS 9 , A239-HID 1 , A240-HIS 8 :       0.03094864 at      1.702 Ang (1.507 Ang by residue) in 4.7012 (sec).
 3-Body A238-HIS 9 , A239-HID 1 , A240-HIS 9 :       0.02035458 at      1.702 Ang (1.507 Ang by residue) in 4.6153 (sec).
 3-Body A238-HIS 9 , A239-HID 1 , A240-HIS 10:       0.09351430 at      1.639 Ang (1.507 Ang by residue) in 4.6393 (sec).
 3-Body A238-HIS 9 , A239-HID 1 , A240-HID 11:       0.01617086 at      1.702 Ang (1.507 Ang by residue) in 4.6440 (sec).
 3-Body A238-HIS 9 , A239-HID 1 , A240-HID 12:       0.00478493 at      1.702 Ang (1.507 Ang by residue) in 4.7074 (sec).
 3-Body A238-HIS 9 , A239-HID 1 , A240-HID 15:       0.00219573 at      1.702 Ang (1.507 Ang by residue) in 4.6393 (sec).
 3-Body A238-HIS 9 , A239-HID 1 , A240-HID 16:      -0.00663430 at      1.702 Ang (1.507 Ang by residue) in 4.5527 (sec).
 3-Body A238-HIS 9 , A239-HID 1 , A240-HID 17:      -0.00437501 at      1.702 Ang (1.507 Ang by residue) in 4.5731 (sec).
 3-Body A238-HIS 9 , A239-HID 1 , A240-HID 18:       0.06058507 at      1.647 Ang (1.507 Ang by residue) in 4.6021 (sec).
 3-Body A238-HIS 9 , A239-HID 1 , A240-HIE 19:      -0.00751566 at      1.702 Ang (1.507 Ang by residue) in 4.5984 (sec).
 3-Body A238-HIS 9 , A239-HID 1 , A240-HIE 20:       0.00412789 at      1.702 Ang (1.507 Ang by residue) in 4.7354 (sec).
 3-Body A238-HIS 9 , A239-HID 1 , A240-HIE 23:       0.00087413 at      1.702 Ang (1.507 Ang by residue) in 4.7248 (sec).
 3-Body A238-HIS 9 , A239-HID 1 , A240-HIE 24:       0.01321988 at      1.702 Ang (1.507 Ang by residue) in 4.7013 (sec).
 3-Body A238-HIS 9 , A239-HID 1 , A240-HIE 25:       0.00355812 at      1.702 Ang (1.507 Ang by residue) in 4.6303 (sec).
 3-Body A238-HIS 9 , A239-HID 1 , A240-HIE 26:      -0.01874756 at      1.689 Ang (1.507 Ang by residue) in 4.6436 (sec).
 3-Body A238-HIS 9 , A239-HIE 2 , A240-HIS 0 :       0.01093170 at      1.702 Ang (1.507 Ang by residue) in 4.5572 (sec).
 3-Body A238-HIS 9 , A239-HIE 2 , A240-HID 1 :       0.00545797 at      1.702 Ang (1.507 Ang by residue) in 4.6106 (sec).
 3-Body A238-HIS 9 , A239-HIE 2 , A240-HIE 2 :       0.00445767 at      1.702 Ang (1.507 Ang by residue) in 4.6672 (sec).
 3-Body A238-HIS 9 , A239-HIE 2 , A240-HIS 3 :       0.02019893 at      1.702 Ang (1.507 Ang by residue) in 4.5947 (sec).
 3-Body A238-HIS 9 , A239-HIE 2 , A240-HIS 4 :       0.01093106 at      1.702 Ang (1.507 Ang by residue) in 4.7460 (sec).
 3-Body A238-HIS 9 , A239-HIE 2 , A240-HIS 8 :       0.03368250 at      1.702 Ang (1.507 Ang by residue) in 4.7270 (sec).
 3-Body A238-HIS 9 , A239-HIE 2 , A240-HIS 9 :       0.02092463 at      1.702 Ang (1.507 Ang by residue) in 4.6754 (sec).
 3-Body A238-HIS 9 , A239-HIE 2 , A240-HIS 10:       0.09484422 at      1.639 Ang (1.507 Ang by residue) in 4.4854 (sec).
 3-Body A238-HIS 9 , A239-HIE 2 , A240-HID 11:       0.01515451 at      1.702 Ang (1.507 Ang by residue) in 4.7321 (sec).
 3-Body A238-HIS 9 , A239-HIE 2 , A240-HID 12:       0.00540396 at      1.702 Ang (1.507 Ang by residue) in 4.5633 (sec).
 3-Body A238-HIS 9 , A239-HIE 2 , A240-HID 15:       0.00220647 at      1.702 Ang (1.507 Ang by residue) in 4.6203 (sec).
 3-Body A238-HIS 9 , A239-HIE 2 , A240-HID 16:      -0.00112248 at      1.702 Ang (1.507 Ang by residue) in 4.4840 (sec).
 3-Body A238-HIS 9 , A239-HIE 2 , A240-HID 17:       0.00057823 at      1.702 Ang (1.507 Ang by residue) in 4.7882 (sec).
 3-Body A238-HIS 9 , A239-HIE 2 , A240-HID 18:       0.06478938 at      1.647 Ang (1.507 Ang by residue) in 4.6548 (sec).
 3-Body A238-HIS 9 , A239-HIE 2 , A240-HIE 19:      -0.00484362 at      1.702 Ang (1.507 Ang by residue) in 4.7139 (sec).
 3-Body A238-HIS 9 , A239-HIE 2 , A240-HIE 20:       0.00463044 at      1.702 Ang (1.507 Ang by residue) in 4.5608 (sec).
 3-Body A238-HIS 9 , A239-HIE 2 , A240-HIE 23:       0.00094640 at      1.702 Ang (1.507 Ang by residue) in 4.6336 (sec).
 3-Body A238-HIS 9 , A239-HIE 2 , A240-HIE 24:       0.01788966 at      1.702 Ang (1.507 Ang by residue) in 4.5308 (sec).
 3-Body A238-HIS 9 , A239-HIE 2 , A240-HIE 25:       0.00586705 at      1.702 Ang (1.507 Ang by residue) in 4.4593 (sec).
 3-Body A238-HIS 9 , A239-HIE 2 , A240-HIE 26:      -0.00611013 at      1.689 Ang (1.507 Ang by residue) in 4.4711 (sec).
 3-Body A238-HIS 9 , A239-HIS 3 , A240-HIS 0 :       0.03379192 at      1.702 Ang (1.507 Ang by residue) in 4.5916 (sec).
 3-Body A238-HIS 9 , A239-HIS 3 , A240-HID 1 :       0.01789922 at      1.702 Ang (1.507 Ang by residue) in 4.6632 (sec).
 3-Body A238-HIS 9 , A239-HIS 3 , A240-HIE 2 :       0.01712591 at      1.702 Ang (1.507 Ang by residue) in 4.7519 (sec).
 3-Body A238-HIS 9 , A239-HIS 3 , A240-HIS 3 :       0.06639326 at      1.702 Ang (1.507 Ang by residue) in 4.6538 (sec).
 3-Body A238-HIS 9 , A239-HIS 3 , A240-HIS 4 :       0.03379108 at      1.702 Ang (1.507 Ang by residue) in 4.6015 (sec).
 3-Body A238-HIS 9 , A239-HIS 3 , A240-HIS 8 :       0.06255222 at      1.702 Ang (1.507 Ang by residue) in 4.6165 (sec).
 3-Body A238-HIS 9 , A239-HIS 3 , A240-HIS 9 :       0.04607487 at      1.702 Ang (1.507 Ang by residue) in 4.5818 (sec).
 3-Body A238-HIS 9 , A239-HIS 3 , A240-HIS 10:       0.18410650 at      1.633 Ang (1.507 Ang by residue) in 4.6030 (sec).
 3-Body A238-HIS 9 , A239-HIS 3 , A240-HID 11:       0.05376745 at      1.702 Ang (1.507 Ang by residue) in 4.5622 (sec).
 3-Body A238-HIS 9 , A239-HIS 3 , A240-HID 12:       0.01741715 at      1.702 Ang (1.507 Ang by residue) in 4.6517 (sec).
 3-Body A238-HIS 9 , A239-HIS 3 , A240-HID 15:       0.00624407 at      1.702 Ang (1.507 Ang by residue) in 4.5609 (sec).
 3-Body A238-HIS 9 , A239-HIS 3 , A240-HID 16:       0.00560246 at      1.702 Ang (1.507 Ang by residue) in 4.5630 (sec).
 3-Body A238-HIS 9 , A239-HIS 3 , A240-HID 17:       0.00777048 at      1.702 Ang (1.507 Ang by residue) in 4.5458 (sec).
 3-Body A238-HIS 9 , A239-HIS 3 , A240-HID 18:       0.13171908 at      1.640 Ang (1.507 Ang by residue) in 4.5051 (sec).
 3-Body A238-HIS 9 , A239-HIS 3 , A240-HIE 19:      -0.01464384 at      1.702 Ang (1.507 Ang by residue) in 4.7038 (sec).
 3-Body A238-HIS 9 , A239-HIS 3 , A240-HIE 20:       0.01770563 at      1.702 Ang (1.507 Ang by residue) in 4.6232 (sec).
 3-Body A238-HIS 9 , A239-HIS 3 , A240-HIE 23:       0.00345457 at      1.702 Ang (1.507 Ang by residue) in 4.5989 (sec).
 3-Body A238-HIS 9 , A239-HIS 3 , A240-HIE 24:       0.03124889 at      1.702 Ang (1.507 Ang by residue) in 4.6409 (sec).
 3-Body A238-HIS 9 , A239-HIS 3 , A240-HIE 25:       0.01719271 at      1.702 Ang (1.507 Ang by residue) in 4.7229 (sec).
 3-Body A238-HIS 9 , A239-HIS 3 , A240-HIE 26:      -0.04319781 at      1.689 Ang (1.507 Ang by residue) in 4.5828 (sec).
 3-Body A238-HIS 9 , A239-HIS 4 , A240-HIS 0 :       0.03558450 at      1.702 Ang (1.507 Ang by residue) in 4.5578 (sec).
 3-Body A238-HIS 9 , A239-HIS 4 , A240-HID 1 :       0.01721695 at      1.702 Ang (1.507 Ang by residue) in 4.4642 (sec).
 3-Body A238-HIS 9 , A239-HIS 4 , A240-HIE 2 :       0.01899812 at      1.702 Ang (1.507 Ang by residue) in 4.5323 (sec).
 3-Body A238-HIS 9 , A239-HIS 4 , A240-HIS 3 :       0.07147385 at      1.702 Ang (1.507 Ang by residue) in 4.5357 (sec).
 3-Body A238-HIS 9 , A239-HIS 4 , A240-HIS 4 :       0.03558492 at      1.702 Ang (1.507 Ang by residue) in 4.7141 (sec).
 3-Body A238-HIS 9 , A239-HIS 4 , A240-HIS 8 :       0.05594085 at      1.702 Ang (1.507 Ang by residue) in 4.6253 (sec).
 3-Body A238-HIS 9 , A239-HIS 4 , A240-HIS 9 :       0.04104577 at      1.702 Ang (1.507 Ang by residue) in 4.6501 (sec).
 3-Body A238-HIS 9 , A239-HIS 4 , A240-HIS 10:       0.16131966 at      1.633 Ang (1.507 Ang by residue) in 4.4903 (sec).
 3-Body A238-HIS 9 , A239-HIS 4 , A240-HID 11:       0.05758713 at      1.702 Ang (1.507 Ang by residue) in 4.4821 (sec).
 3-Body A238-HIS 9 , A239-HIS 4 , A240-HID 12:       0.01662930 at      1.702 Ang (1.507 Ang by residue) in 4.5153 (sec).
 3-Body A238-HIS 9 , A239-HIS 4 , A240-HID 15:       0.00566428 at      1.702 Ang (1.507 Ang by residue) in 4.6070 (sec).
 3-Body A238-HIS 9 , A239-HIS 4 , A240-HID 16:       0.00511422 at      1.702 Ang (1.507 Ang by residue) in 4.5905 (sec).
 3-Body A238-HIS 9 , A239-HIS 4 , A240-HID 17:       0.00764063 at      1.702 Ang (1.507 Ang by residue) in 4.5628 (sec).
 3-Body A238-HIS 9 , A239-HIS 4 , A240-HID 18:       0.11408270 at      1.640 Ang (1.507 Ang by residue) in 4.6962 (sec).
 3-Body A238-HIS 9 , A239-HIS 4 , A240-HIE 19:      -0.01412178 at      1.702 Ang (1.507 Ang by residue) in 4.6621 (sec).
 3-Body A238-HIS 9 , A239-HIS 4 , A240-HIE 20:       0.01958226 at      1.702 Ang (1.507 Ang by residue) in 4.6109 (sec).
 3-Body A238-HIS 9 , A239-HIS 4 , A240-HIE 23:       0.00297955 at      1.702 Ang (1.507 Ang by residue) in 4.6605 (sec).
 3-Body A238-HIS 9 , A239-HIS 4 , A240-HIE 24:       0.02748501 at      1.702 Ang (1.507 Ang by residue) in 4.6496 (sec).
 3-Body A238-HIS 9 , A239-HIS 4 , A240-HIE 25:       0.01421491 at      1.702 Ang (1.507 Ang by residue) in 4.5391 (sec).
 3-Body A238-HIS 9 , A239-HIS 4 , A240-HIE 26:      -0.03678081 at      1.689 Ang (1.507 Ang by residue) in 4.7260 (sec).
 3-Body A238-HIS 9 , A239-HIS 9 , A240-HIS 0 :       0.00564322 at      1.702 Ang (1.507 Ang by residue) in 4.6598 (sec).
 3-Body A238-HIS 9 , A239-HIS 9 , A240-HID 1 :       0.00340586 at      1.702 Ang (1.507 Ang by residue) in 4.5359 (sec).
 3-Body A238-HIS 9 , A239-HIS 9 , A240-HIE 2 :       0.00260856 at      1.702 Ang (1.507 Ang by residue) in 4.5056 (sec).
 3-Body A238-HIS 9 , A239-HIS 9 , A240-HIS 3 :       0.01140717 at      1.702 Ang (1.507 Ang by residue) in 4.5396 (sec).
 3-Body A238-HIS 9 , A239-HIS 9 , A240-HIS 4 :       0.00564326 at      1.702 Ang (1.507 Ang by residue) in 4.5643 (sec).
 3-Body A238-HIS 9 , A239-HIS 9 , A240-HIS 8 :       0.03676043 at      1.691 Ang (1.507 Ang by residue) in 4.7437 (sec).
 3-Body A238-HIS 9 , A239-HIS 9 , A240-HIS 9 :       0.04302996 at      1.674 Ang (1.507 Ang by residue) in 4.5198 (sec).
 3-Body A238-HIS 9 , A239-HIS 9 , A240-HIS 10:       0.07528980 at      1.592 Ang (1.507 Ang by residue) in 4.6566 (sec).
 3-Body A238-HIS 9 , A239-HIS 9 , A240-HID 11:       0.00897409 at      1.702 Ang (1.507 Ang by residue) in 4.6074 (sec).
 3-Body A238-HIS 9 , A239-HIS 9 , A240-HID 12:       0.00343152 at      1.702 Ang (1.507 Ang by residue) in 4.6060 (sec).
 3-Body A238-HIS 9 , A239-HIS 9 , A240-HID 15:       0.00199384 at      1.702 Ang (1.507 Ang by residue) in 4.6465 (sec).
 3-Body A238-HIS 9 , A239-HIS 9 , A240-HID 16:       0.00512976 at      1.702 Ang (1.507 Ang by residue) in 4.5893 (sec).
 3-Body A238-HIS 9 , A239-HIS 9 , A240-HID 17:      -0.00253003 at      1.702 Ang (1.507 Ang by residue) in 4.6630 (sec).
 3-Body A238-HIS 9 , A239-HIS 9 , A240-HID 18:       0.04062967 at      1.601 Ang (1.507 Ang by residue) in 4.6943 (sec).
 3-Body A238-HIS 9 , A239-HIS 9 , A240-HIE 19:      -0.00291737 at      1.702 Ang (1.507 Ang by residue) in 4.5087 (sec).
 3-Body A238-HIS 9 , A239-HIS 9 , A240-HIE 20:       0.00263902 at      1.702 Ang (1.507 Ang by residue) in 4.6719 (sec).
 3-Body A238-HIS 9 , A239-HIS 9 , A240-HIE 23:       0.00091033 at      1.702 Ang (1.507 Ang by residue) in 4.5877 (sec).
 3-Body A238-HIS 9 , A239-HIS 9 , A240-HIE 24:       0.01629181 at      1.691 Ang (1.507 Ang by residue) in 4.5521 (sec).
 3-Body A238-HIS 9 , A239-HIS 9 , A240-HIE 25:       0.02149862 at      1.674 Ang (1.507 Ang by residue) in 4.5562 (sec).
 3-Body A238-HIS 9 , A239-HIS 9 , A240-HIE 26:      -0.00238590 at      1.600 Ang (1.507 Ang by residue) in 4.6139 (sec).
 3-Body A238-HIS 9 , A239-HIS 10, A240-HIS 0 :       0.00583420 at      1.702 Ang (1.507 Ang by residue) in 4.5170 (sec).
 3-Body A238-HIS 9 , A239-HIS 10, A240-HID 1 :       0.00300125 at      1.702 Ang (1.507 Ang by residue) in 4.6230 (sec).
 3-Body A238-HIS 9 , A239-HIS 10, A240-HIE 2 :       0.00208095 at      1.702 Ang (1.507 Ang by residue) in 4.6496 (sec).
 3-Body A238-HIS 9 , A239-HIS 10, A240-HIS 3 :       0.01179185 at      1.702 Ang (1.507 Ang by residue) in 4.4570 (sec).
 3-Body A238-HIS 9 , A239-HIS 10, A240-HIS 4 :       0.00583431 at      1.702 Ang (1.507 Ang by residue) in 4.5360 (sec).
 3-Body A238-HIS 9 , A239-HIS 10, A240-HIS 8 :       0.03810927 at      1.701 Ang (1.507 Ang by residue) in 4.5630 (sec).
 3-Body A238-HIS 9 , A239-HIS 10, A240-HIS 9 :       0.04148971 at      1.611 Ang (1.507 Ang by residue) in 4.5349 (sec).
 3-Body A238-HIS 9 , A239-HIS 10, A240-HIS 10:       0.07624071 at      1.639 Ang (1.507 Ang by residue) in 4.5835 (sec).
 3-Body A238-HIS 9 , A239-HIS 10, A240-HID 11:       0.00878126 at      1.702 Ang (1.507 Ang by residue) in 4.5828 (sec).
 3-Body A238-HIS 9 , A239-HIS 10, A240-HID 12:       0.00302728 at      1.702 Ang (1.507 Ang by residue) in 4.5973 (sec).
 3-Body A238-HIS 9 , A239-HIS 10, A240-HID 15:       0.00176785 at      1.702 Ang (1.507 Ang by residue) in 4.6903 (sec).
 3-Body A238-HIS 9 , A239-HIS 10, A240-HID 16:       0.01460432 at      1.700 Ang (1.507 Ang by residue) in 4.5803 (sec).
 3-Body A238-HIS 9 , A239-HIS 10, A240-HID 17:       0.00446293 at      1.614 Ang (1.507 Ang by residue) in 4.5975 (sec).
 3-Body A238-HIS 9 , A239-HIS 10, A240-HID 18:       0.04445165 at      1.646 Ang (1.507 Ang by residue) in 4.5786 (sec).
 3-Body A238-HIS 9 , A239-HIS 10, A240-HIE 19:      -0.00358873 at      1.702 Ang (1.507 Ang by residue) in 4.6048 (sec).
 3-Body A238-HIS 9 , A239-HIS 10, A240-HIE 20:       0.00211085 at      1.702 Ang (1.507 Ang by residue) in 4.5432 (sec).
 3-Body A238-HIS 9 , A239-HIS 10, A240-HIE 23:      -0.00008476 at      1.702 Ang (1.507 Ang by residue) in 4.6014 (sec).
 3-Body A238-HIS 9 , A239-HIS 10, A240-HIE 24:       0.01035889 at      1.698 Ang (1.507 Ang by residue) in 4.5544 (sec).
 3-Body A238-HIS 9 , A239-HIS 10, A240-HIE 25:       0.02234038 at      1.607 Ang (1.507 Ang by residue) in 4.5331 (sec).
 3-Body A238-HIS 9 , A239-HIS 10, A240-HIE 26:       0.00056580 at      1.689 Ang (1.507 Ang by residue) in 4.6565 (sec).
 3-Body A238-HIS 9 , A239-HID 11, A240-HIS 0 :       0.02952760 at      1.702 Ang (1.507 Ang by residue) in 4.4586 (sec).
 3-Body A238-HIS 9 , A239-HID 11, A240-HID 1 :       0.01052066 at      1.702 Ang (1.507 Ang by residue) in 4.5188 (sec).
 3-Body A238-HIS 9 , A239-HID 11, A240-HIE 2 :       0.01087602 at      1.702 Ang (1.507 Ang by residue) in 4.4329 (sec).
 3-Body A238-HIS 9 , A239-HID 11, A240-HIS 3 :       0.05471562 at      1.702 Ang (1.507 Ang by residue) in 4.6538 (sec).
 3-Body A238-HIS 9 , A239-HID 11, A240-HIS 4 :       0.02952738 at      1.702 Ang (1.507 Ang by residue) in 4.5474 (sec).
 3-Body A238-HIS 9 , A239-HID 11, A240-HIS 8 :       0.04511397 at      1.702 Ang (1.507 Ang by residue) in 4.5579 (sec).
 3-Body A238-HIS 9 , A239-HID 11, A240-HIS 9 :       0.03511840 at      1.702 Ang (1.507 Ang by residue) in 4.4632 (sec).
 3-Body A238-HIS 9 , A239-HID 11, A240-HIS 10:       0.14118475 at      1.633 Ang (1.507 Ang by residue) in 4.5470 (sec).
 3-Body A238-HIS 9 , A239-HID 11, A240-HID 11:       0.03909731 at      1.702 Ang (1.507 Ang by residue) in 4.5335 (sec).
 3-Body A238-HIS 9 , A239-HID 11, A240-HID 12:       0.01020183 at      1.702 Ang (1.507 Ang by residue) in 4.7139 (sec).
 3-Body A238-HIS 9 , A239-HID 11, A240-HID 15:       0.00481410 at      1.702 Ang (1.507 Ang by residue) in 4.4757 (sec).
 3-Body A238-HIS 9 , A239-HID 11, A240-HID 16:      -0.00593080 at      1.702 Ang (1.507 Ang by residue) in 4.5450 (sec).
 3-Body A238-HIS 9 , A239-HID 11, A240-HID 17:      -0.00326821 at      1.702 Ang (1.507 Ang by residue) in 4.4841 (sec).
 3-Body A238-HIS 9 , A239-HID 11, A240-HID 18:       0.09414916 at      1.640 Ang (1.507 Ang by residue) in 4.4138 (sec).
 3-Body A238-HIS 9 , A239-HID 11, A240-HIE 19:      -0.01583484 at      1.702 Ang (1.507 Ang by residue) in 4.5883 (sec).
 3-Body A238-HIS 9 , A239-HID 11, A240-HIE 20:       0.01127897 at      1.702 Ang (1.507 Ang by residue) in 4.5488 (sec).
 3-Body A238-HIS 9 , A239-HID 11, A240-HIE 23:       0.00197107 at      1.702 Ang (1.507 Ang by residue) in 4.4944 (sec).
 3-Body A238-HIS 9 , A239-HID 11, A240-HIE 24:       0.01357227 at      1.702 Ang (1.507 Ang by residue) in 4.4696 (sec).
 3-Body A238-HIS 9 , A239-HID 11, A240-HIE 25:       0.00485326 at      1.702 Ang (1.507 Ang by residue) in 4.6122 (sec).
 3-Body A238-HIS 9 , A239-HID 11, A240-HIE 26:      -0.05193198 at      1.689 Ang (1.507 Ang by residue) in 4.5813 (sec).
 3-Body A238-HIS 9 , A239-HID 12, A240-HIS 0 :       0.03152442 at      1.702 Ang (1.507 Ang by residue) in 4.6864 (sec).
 3-Body A238-HIS 9 , A239-HID 12, A240-HID 1 :       0.00987354 at      1.702 Ang (1.507 Ang by residue) in 4.4578 (sec).
 3-Body A238-HIS 9 , A239-HID 12, A240-HIE 2 :       0.01281117 at      1.702 Ang (1.507 Ang by residue) in 4.4592 (sec).
 3-Body A238-HIS 9 , A239-HID 12, A240-HIS 3 :       0.06162077 at      1.702 Ang (1.507 Ang by residue) in 4.5791 (sec).
 3-Body A238-HIS 9 , A239-HID 12, A240-HIS 4 :       0.03152520 at      1.702 Ang (1.507 Ang by residue) in 4.5706 (sec).
 3-Body A238-HIS 9 , A239-HID 12, A240-HIS 8 :       0.04002701 at      1.702 Ang (1.507 Ang by residue) in 4.7351 (sec).
 3-Body A238-HIS 9 , A239-HID 12, A240-HIS 9 :       0.03084392 at      1.702 Ang (1.507 Ang by residue) in 4.5894 (sec).
 3-Body A238-HIS 9 , A239-HID 12, A240-HIS 10:       0.12266517 at      1.633 Ang (1.507 Ang by residue) in 4.6981 (sec).
 3-Body A238-HIS 9 , A239-HID 12, A240-HID 11:       0.04511529 at      1.702 Ang (1.507 Ang by residue) in 4.7362 (sec).
 3-Body A238-HIS 9 , A239-HID 12, A240-HID 12:       0.00934217 at      1.702 Ang (1.507 Ang by residue) in 4.6238 (sec).
 3-Body A238-HIS 9 , A239-HID 12, A240-HID 15:       0.00422634 at      1.702 Ang (1.507 Ang by residue) in 4.6422 (sec).
 3-Body A238-HIS 9 , A239-HID 12, A240-HID 16:      -0.00878850 at      1.702 Ang (1.507 Ang by residue) in 4.5868 (sec).
 3-Body A238-HIS 9 , A239-HID 12, A240-HID 17:      -0.00455962 at      1.702 Ang (1.507 Ang by residue) in 4.6412 (sec).
 3-Body A238-HIS 9 , A239-HID 12, A240-HID 18:       0.07791152 at      1.640 Ang (1.507 Ang by residue) in 4.6624 (sec).
 3-Body A238-HIS 9 , A239-HID 12, A240-HIE 19:      -0.01859404 at      1.702 Ang (1.507 Ang by residue) in 4.6044 (sec).
 3-Body A238-HIS 9 , A239-HID 12, A240-HIE 20:       0.01324852 at      1.702 Ang (1.507 Ang by residue) in 4.5684 (sec).
 3-Body A238-HIS 9 , A239-HID 12, A240-HIE 23:       0.00140393 at      1.702 Ang (1.507 Ang by residue) in 4.4888 (sec).
 3-Body A238-HIS 9 , A239-HID 12, A240-HIE 24:       0.00948185 at      1.702 Ang (1.507 Ang by residue) in 4.4726 (sec).
 3-Body A238-HIS 9 , A239-HID 12, A240-HIE 25:       0.00114177 at      1.702 Ang (1.507 Ang by residue) in 4.6063 (sec).
 3-Body A238-HIS 9 , A239-HID 12, A240-HIE 26:      -0.05062478 at      1.689 Ang (1.507 Ang by residue) in 4.7208 (sec).
 3-Body A238-HIS 9 , A239-HID 16, A240-HIS 0 :       0.00508247 at      1.702 Ang (1.507 Ang by residue) in 4.5796 (sec).
 3-Body A238-HIS 9 , A239-HID 16, A240-HID 1 :       0.00275780 at      1.702 Ang (1.507 Ang by residue) in 4.6149 (sec).
 3-Body A238-HIS 9 , A239-HID 16, A240-HIE 2 :       0.00174368 at      1.702 Ang (1.507 Ang by residue) in 4.5683 (sec).
 3-Body A238-HIS 9 , A239-HID 16, A240-HIS 3 :       0.00977984 at      1.702 Ang (1.507 Ang by residue) in 4.6052 (sec).
 3-Body A238-HIS 9 , A239-HID 16, A240-HIS 4 :       0.00508277 at      1.702 Ang (1.507 Ang by residue) in 4.6154 (sec).
 3-Body A238-HIS 9 , A239-HID 16, A240-HIS 8 :       0.02695363 at      1.702 Ang (1.507 Ang by residue) in 4.6949 (sec).
 3-Body A238-HIS 9 , A239-HID 16, A240-HIS 9 :       0.03393702 at      1.664 Ang (1.507 Ang by residue) in 4.6985 (sec).
 3-Body A238-HIS 9 , A239-HID 16, A240-HIS 10:       0.05968788 at      1.639 Ang (1.507 Ang by residue) in 4.6053 (sec).
 3-Body A238-HIS 9 , A239-HID 16, A240-HID 11:       0.00736490 at      1.702 Ang (1.507 Ang by residue) in 4.6690 (sec).
 3-Body A238-HIS 9 , A239-HID 16, A240-HID 12:       0.00279893 at      1.702 Ang (1.507 Ang by residue) in 4.7037 (sec).
 3-Body A238-HIS 9 , A239-HID 16, A240-HID 15:       0.00265512 at      1.702 Ang (1.507 Ang by residue) in 4.5399 (sec).
 3-Body A238-HIS 9 , A239-HID 16, A240-HID 16:       0.00886015 at      1.702 Ang (1.507 Ang by residue) in 4.5137 (sec).
 3-Body A238-HIS 9 , A239-HID 16, A240-HID 17:      -0.00146490 at      1.665 Ang (1.507 Ang by residue) in 4.5999 (sec).
 3-Body A238-HIS 9 , A239-HID 16, A240-HID 18:       0.03460994 at      1.646 Ang (1.507 Ang by residue) in 4.5477 (sec).
 3-Body A238-HIS 9 , A239-HID 16, A240-HIE 19:      -0.00292138 at      1.702 Ang (1.507 Ang by residue) in 4.5288 (sec).
 3-Body A238-HIS 9 , A239-HID 16, A240-HIE 20:       0.00173983 at      1.702 Ang (1.507 Ang by residue) in 4.5618 (sec).
 3-Body A238-HIS 9 , A239-HID 16, A240-HIE 23:       0.00082491 at      1.702 Ang (1.507 Ang by residue) in 4.5123 (sec).
 3-Body A238-HIS 9 , A239-HID 16, A240-HIE 24:       0.00689083 at      1.702 Ang (1.507 Ang by residue) in 4.5626 (sec).
 3-Body A238-HIS 9 , A239-HID 16, A240-HIE 25:       0.01578272 at      1.661 Ang (1.507 Ang by residue) in 4.6281 (sec).
 3-Body A238-HIS 9 , A239-HID 16, A240-HIE 26:      -0.00585974 at      1.689 Ang (1.507 Ang by residue) in 4.4162 (sec).
 3-Body A238-HIS 9 , A239-HID 17, A240-HIS 0 :       0.00375201 at      1.702 Ang (1.507 Ang by residue) in 4.5388 (sec).
 3-Body A238-HIS 9 , A239-HID 17, A240-HID 1 :       0.00191913 at      1.702 Ang (1.507 Ang by residue) in 4.6009 (sec).
 3-Body A238-HIS 9 , A239-HID 17, A240-HIE 2 :       0.00115666 at      1.702 Ang (1.507 Ang by residue) in 4.5039 (sec).
 3-Body A238-HIS 9 , A239-HID 17, A240-HIS 3 :       0.00841989 at      1.702 Ang (1.507 Ang by residue) in 4.5413 (sec).
 3-Body A238-HIS 9 , A239-HID 17, A240-HIS 4 :       0.00375204 at      1.702 Ang (1.507 Ang by residue) in 4.4710 (sec).
 3-Body A238-HIS 9 , A239-HID 17, A240-HIS 8 :       0.02102484 at      1.690 Ang (1.507 Ang by residue) in 4.6549 (sec).
 3-Body A238-HIS 9 , A239-HID 17, A240-HIS 9 :       0.03055530 at      1.678 Ang (1.507 Ang by residue) in 4.4910 (sec).
 3-Body A238-HIS 9 , A239-HID 17, A240-HIS 10:       0.05177797 at      1.592 Ang (1.507 Ang by residue) in 4.6186 (sec).
 3-Body A238-HIS 9 , A239-HID 17, A240-HID 11:       0.00650279 at      1.702 Ang (1.507 Ang by residue) in 4.5217 (sec).
 3-Body A238-HIS 9 , A239-HID 17, A240-HID 12:       0.00196057 at      1.702 Ang (1.507 Ang by residue) in 4.6883 (sec).
 3-Body A238-HIS 9 , A239-HID 17, A240-HID 15:       0.00158784 at      1.702 Ang (1.507 Ang by residue) in 4.5303 (sec).
 3-Body A238-HIS 9 , A239-HID 17, A240-HID 16:      -0.00840456 at      1.702 Ang (1.507 Ang by residue) in 4.7075 (sec).
 3-Body A238-HIS 9 , A239-HID 17, A240-HID 17:      -0.01281986 at      1.702 Ang (1.507 Ang by residue) in 4.5796 (sec).
 3-Body A238-HIS 9 , A239-HID 17, A240-HID 18:       0.02167713 at      1.601 Ang (1.507 Ang by residue) in 4.5435 (sec).
 3-Body A238-HIS 9 , A239-HID 17, A240-HIE 19:      -0.00354707 at      1.702 Ang (1.507 Ang by residue) in 4.5510 (sec).
 3-Body A238-HIS 9 , A239-HID 17, A240-HIE 20:       0.00115250 at      1.702 Ang (1.507 Ang by residue) in 4.5911 (sec).
 3-Body A238-HIS 9 , A239-HID 17, A240-HIE 23:       0.00062742 at      1.702 Ang (1.507 Ang by residue) in 4.5546 (sec).
 3-Body A238-HIS 9 , A239-HID 17, A240-HIE 24:       0.00293508 at      1.690 Ang (1.507 Ang by residue) in 4.5039 (sec).
 3-Body A238-HIS 9 , A239-HID 17, A240-HIE 25:       0.01142803 at      1.678 Ang (1.507 Ang by residue) in 4.5307 (sec).
 3-Body A238-HIS 9 , A239-HID 17, A240-HIE 26:      -0.01705220 at      1.601 Ang (1.507 Ang by residue) in 4.4977 (sec).
 3-Body A238-HIS 9 , A239-HID 18, A240-HIS 0 :       0.00432477 at      1.702 Ang (1.507 Ang by residue) in 4.6480 (sec).
 3-Body A238-HIS 9 , A239-HID 18, A240-HID 1 :       0.00195732 at      1.702 Ang (1.507 Ang by residue) in 4.4575 (sec).
 3-Body A238-HIS 9 , A239-HID 18, A240-HIE 2 :       0.00108475 at      1.702 Ang (1.507 Ang by residue) in 4.5003 (sec).
 3-Body A238-HIS 9 , A239-HID 18, A240-HIS 3 :       0.00917949 at      1.702 Ang (1.507 Ang by residue) in 4.5291 (sec).
 3-Body A238-HIS 9 , A239-HID 18, A240-HIS 4 :       0.00432478 at      1.702 Ang (1.507 Ang by residue) in 4.5530 (sec).
 3-Body A238-HIS 9 , A239-HID 18, A240-HIS 8 :       0.02734562 at      1.702 Ang (1.507 Ang by residue) in 4.6215 (sec).
 3-Body A238-HIS 9 , A239-HID 18, A240-HIS 9 :       0.03214989 at      1.611 Ang (1.507 Ang by residue) in 4.5634 (sec).
 3-Body A238-HIS 9 , A239-HID 18, A240-HIS 10:       0.05794564 at      1.639 Ang (1.507 Ang by residue) in 4.5837 (sec).
 3-Body A238-HIS 9 , A239-HID 18, A240-HID 11:       0.00673834 at      1.702 Ang (1.507 Ang by residue) in 4.7566 (sec).
 3-Body A238-HIS 9 , A239-HID 18, A240-HID 12:       0.00199666 at      1.702 Ang (1.507 Ang by residue) in 4.6228 (sec).
 3-Body A238-HIS 9 , A239-HID 18, A240-HID 15:       0.00179083 at      1.702 Ang (1.507 Ang by residue) in 4.6579 (sec).
 3-Body A238-HIS 9 , A239-HID 18, A240-HID 16:       0.00759179 at      1.702 Ang (1.507 Ang by residue) in 4.5775 (sec).
 3-Body A238-HIS 9 , A239-HID 18, A240-HID 17:      -0.00229423 at      1.614 Ang (1.507 Ang by residue) in 4.7306 (sec).
 3-Body A238-HIS 9 , A239-HID 18, A240-HID 18:       0.03079704 at      1.646 Ang (1.507 Ang by residue) in 4.6128 (sec).
 3-Body A238-HIS 9 , A239-HID 18, A240-HIE 19:      -0.00371546 at      1.702 Ang (1.507 Ang by residue) in 4.6644 (sec).
 3-Body A238-HIS 9 , A239-HID 18, A240-HIE 20:       0.00108351 at      1.702 Ang (1.507 Ang by residue) in 4.7303 (sec).
 3-Body A238-HIS 9 , A239-HID 18, A240-HIE 23:       0.00011132 at      1.702 Ang (1.507 Ang by residue) in 4.5923 (sec).
 3-Body A238-HIS 9 , A239-HID 18, A240-HIE 24:       0.00230136 at      1.699 Ang (1.507 Ang by residue) in 4.5676 (sec).
 3-Body A238-HIS 9 , A239-HID 18, A240-HIE 25:       0.01553200 at      1.608 Ang (1.507 Ang by residue) in 4.5476 (sec).
 3-Body A238-HIS 9 , A239-HID 18, A240-HIE 26:      -0.00922009 at      1.689 Ang (1.507 Ang by residue) in 4.5734 (sec).
 3-Body A238-HIS 9 , A239-HIE 19, A240-HIS 0 :       0.02855118 at      1.702 Ang (1.507 Ang by residue) in 4.4938 (sec).
 3-Body A238-HIS 9 , A239-HIE 19, A240-HID 1 :       0.01235639 at      1.702 Ang (1.507 Ang by residue) in 4.6022 (sec).
 3-Body A238-HIS 9 , A239-HIE 19, A240-HIE 2 :       0.01206982 at      1.702 Ang (1.507 Ang by residue) in 4.5607 (sec).
 3-Body A238-HIS 9 , A239-HIE 19, A240-HIS 3 :       0.05129604 at      1.702 Ang (1.507 Ang by residue) in 4.7077 (sec).
 3-Body A238-HIS 9 , A239-HIE 19, A240-HIS 4 :       0.02855028 at      1.702 Ang (1.507 Ang by residue) in 4.6023 (sec).
 3-Body A238-HIS 9 , A239-HIE 19, A240-HIS 8 :       0.04418009 at      1.702 Ang (1.507 Ang by residue) in 4.5627 (sec).
 3-Body A238-HIS 9 , A239-HIE 19, A240-HIS 9 :       0.03234480 at      1.702 Ang (1.507 Ang by residue) in 4.6886 (sec).
 3-Body A238-HIS 9 , A239-HIE 19, A240-HIS 10:       0.13181255 at      1.633 Ang (1.507 Ang by residue) in 4.6765 (sec).
 3-Body A238-HIS 9 , A239-HIE 19, A240-HID 11:       0.03848215 at      1.702 Ang (1.507 Ang by residue) in 4.7111 (sec).
 3-Body A238-HIS 9 , A239-HIE 19, A240-HID 12:       0.01196962 at      1.702 Ang (1.507 Ang by residue) in 4.5499 (sec).
 3-Body A238-HIS 9 , A239-HIE 19, A240-HID 15:       0.00461954 at      1.702 Ang (1.507 Ang by residue) in 4.7617 (sec).
 3-Body A238-HIS 9 , A239-HIE 19, A240-HID 16:       0.00323890 at      1.702 Ang (1.507 Ang by residue) in 4.7741 (sec).
 3-Body A238-HIS 9 , A239-HIE 19, A240-HID 17:       0.00323560 at      1.702 Ang (1.507 Ang by residue) in 4.5260 (sec).
 3-Body A238-HIS 9 , A239-HIE 19, A240-HID 18:       0.09305341 at      1.640 Ang (1.507 Ang by residue) in 4.5440 (sec).
 3-Body A238-HIS 9 , A239-HIE 19, A240-HIE 19:      -0.01214248 at      1.702 Ang (1.507 Ang by residue) in 4.5372 (sec).
 3-Body A238-HIS 9 , A239-HIE 19, A240-HIE 20:       0.01253852 at      1.702 Ang (1.507 Ang by residue) in 4.6748 (sec).
 3-Body A238-HIS 9 , A239-HIE 19, A240-HIE 23:       0.00176737 at      1.702 Ang (1.507 Ang by residue) in 4.5556 (sec).
 3-Body A238-HIS 9 , A239-HIE 19, A240-HIE 24:       0.01673396 at      1.702 Ang (1.507 Ang by residue) in 4.5123 (sec).
 3-Body A238-HIS 9 , A239-HIE 19, A240-HIE 25:       0.00645359 at      1.702 Ang (1.507 Ang by residue) in 4.5675 (sec).
 3-Body A238-HIS 9 , A239-HIE 19, A240-HIE 26:      -0.03704376 at      1.689 Ang (1.507 Ang by residue) in 4.6468 (sec).
 3-Body A238-HIS 9 , A239-HIE 20, A240-HIS 0 :       0.02409387 at      1.702 Ang (1.507 Ang by residue) in 4.6649 (sec).
 3-Body A238-HIS 9 , A239-HIE 20, A240-HID 1 :       0.00945883 at      1.702 Ang (1.507 Ang by residue) in 4.5522 (sec).
 3-Body A238-HIS 9 , A239-HIE 20, A240-HIE 2 :       0.00975719 at      1.702 Ang (1.507 Ang by residue) in 4.4596 (sec).
 3-Body A238-HIS 9 , A239-HIE 20, A240-HIS 3 :       0.04719718 at      1.702 Ang (1.507 Ang by residue) in 4.5623 (sec).
 3-Body A238-HIS 9 , A239-HIE 20, A240-HIS 4 :       0.02409321 at      1.702 Ang (1.507 Ang by residue) in 4.6564 (sec).
 3-Body A238-HIS 9 , A239-HIE 20, A240-HIS 8 :       0.04200209 at      1.702 Ang (1.507 Ang by residue) in 4.6543 (sec).
 3-Body A238-HIS 9 , A239-HIE 20, A240-HIS 9 :       0.03237893 at      1.702 Ang (1.507 Ang by residue) in 4.4457 (sec).
 3-Body A238-HIS 9 , A239-HIE 20, A240-HIS 10:       0.12963016 at      1.633 Ang (1.507 Ang by residue) in 4.7336 (sec).
 3-Body A238-HIS 9 , A239-HIE 20, A240-HID 11:       0.03634435 at      1.702 Ang (1.507 Ang by residue) in 4.5584 (sec).
 3-Body A238-HIS 9 , A239-HIE 20, A240-HID 12:       0.00918477 at      1.702 Ang (1.507 Ang by residue) in 4.4545 (sec).
 3-Body A238-HIS 9 , A239-HIE 20, A240-HID 15:       0.00444855 at      1.702 Ang (1.507 Ang by residue) in 4.7179 (sec).
 3-Body A238-HIS 9 , A239-HIE 20, A240-HID 16:       0.00137184 at      1.702 Ang (1.507 Ang by residue) in 4.7105 (sec).
 3-Body A238-HIS 9 , A239-HIE 20, A240-HID 17:       0.00392492 at      1.702 Ang (1.507 Ang by residue) in 4.6288 (sec).
 3-Body A238-HIS 9 , A239-HIE 20, A240-HID 18:       0.09148272 at      1.640 Ang (1.507 Ang by residue) in 4.6335 (sec).
 3-Body A238-HIS 9 , A239-HIE 20, A240-HIE 19:      -0.01161409 at      1.702 Ang (1.507 Ang by residue) in 4.8116 (sec).
 3-Body A238-HIS 9 , A239-HIE 20, A240-HIE 20:       0.01011795 at      1.702 Ang (1.507 Ang by residue) in 4.6488 (sec).
 3-Body A238-HIS 9 , A239-HIE 20, A240-HIE 23:       0.00196646 at      1.702 Ang (1.507 Ang by residue) in 4.5212 (sec).
 3-Body A238-HIS 9 , A239-HIE 20, A240-HIE 24:       0.01696685 at      1.702 Ang (1.507 Ang by residue) in 4.5734 (sec).
 3-Body A238-HIS 9 , A239-HIE 20, A240-HIE 25:       0.00825837 at      1.702 Ang (1.507 Ang by residue) in 4.6478 (sec).
 3-Body A238-HIS 9 , A239-HIE 20, A240-HIE 26:      -0.03438791 at      1.689 Ang (1.507 Ang by residue) in 4.6475 (sec).
 3-Body A238-HIS 9 , A239-HIE 24, A240-HIS 0 :       0.00415122 at      1.702 Ang (1.507 Ang by residue) in 4.6334 (sec).
 3-Body A238-HIS 9 , A239-HIE 24, A240-HID 1 :       0.00221379 at      1.702 Ang (1.507 Ang by residue) in 4.5420 (sec).
 3-Body A238-HIS 9 , A239-HIE 24, A240-HIE 2 :       0.00131968 at      1.702 Ang (1.507 Ang by residue) in 4.4065 (sec).
 3-Body A238-HIS 9 , A239-HIE 24, A240-HIS 3 :       0.00854492 at      1.702 Ang (1.507 Ang by residue) in 4.6700 (sec).
 3-Body A238-HIS 9 , A239-HIE 24, A240-HIS 4 :       0.00415110 at      1.702 Ang (1.507 Ang by residue) in 4.6494 (sec).
 3-Body A238-HIS 9 , A239-HIE 24, A240-HIS 8 :       0.01221603 at      1.702 Ang (1.507 Ang by residue) in 4.6852 (sec).
 3-Body A238-HIS 9 , A239-HIE 24, A240-HIS 9 :       0.02665762 at      1.668 Ang (1.507 Ang by residue) in 4.5201 (sec).
 3-Body A238-HIS 9 , A239-HIE 24, A240-HIS 10:       0.04638400 at      1.639 Ang (1.507 Ang by residue) in 4.4872 (sec).
 3-Body A238-HIS 9 , A239-HIE 24, A240-HID 11:       0.00656719 at      1.702 Ang (1.507 Ang by residue) in 4.5163 (sec).
 3-Body A238-HIS 9 , A239-HIE 24, A240-HID 12:       0.00225403 at      1.702 Ang (1.507 Ang by residue) in 4.6447 (sec).
 3-Body A238-HIS 9 , A239-HIE 24, A240-HID 15:       0.00236820 at      1.702 Ang (1.507 Ang by residue) in 4.4754 (sec).
 3-Body A238-HIS 9 , A239-HIE 24, A240-HID 16:      -0.00629281 at      1.702 Ang (1.507 Ang by residue) in 4.5226 (sec).
 3-Body A238-HIS 9 , A239-HIE 24, A240-HID 17:      -0.00982343 at      1.668 Ang (1.507 Ang by residue) in 4.5049 (sec).
 3-Body A238-HIS 9 , A239-HIE 24, A240-HID 18:       0.02051518 at      1.646 Ang (1.507 Ang by residue) in 4.5041 (sec).
 3-Body A238-HIS 9 , A239-HIE 24, A240-HIE 19:      -0.00318040 at      1.702 Ang (1.507 Ang by residue) in 4.5682 (sec).
 3-Body A238-HIS 9 , A239-HIE 24, A240-HIE 20:       0.00131013 at      1.702 Ang (1.507 Ang by residue) in 4.5501 (sec).
 3-Body A238-HIS 9 , A239-HIE 24, A240-HIE 23:       0.00089863 at      1.702 Ang (1.507 Ang by residue) in 4.4657 (sec).
 3-Body A238-HIS 9 , A239-HIE 24, A240-HIE 24:      -0.00681349 at      1.702 Ang (1.507 Ang by residue) in 4.5431 (sec).
 3-Body A238-HIS 9 , A239-HIE 24, A240-HIE 25:       0.00905201 at      1.669 Ang (1.507 Ang by residue) in 4.6687 (sec).
 3-Body A238-HIS 9 , A239-HIE 24, A240-HIE 26:      -0.02103892 at      1.689 Ang (1.507 Ang by residue) in 4.5334 (sec).
 3-Body A238-HIS 9 , A239-HIE 25, A240-HIS 0 :       0.00393678 at      1.702 Ang (1.507 Ang by residue) in 4.5378 (sec).
 3-Body A238-HIS 9 , A239-HIE 25, A240-HID 1 :       0.00215536 at      1.702 Ang (1.507 Ang by residue) in 4.5331 (sec).
 3-Body A238-HIS 9 , A239-HIE 25, A240-HIE 2 :       0.00135061 at      1.702 Ang (1.507 Ang by residue) in 4.4799 (sec).
 3-Body A238-HIS 9 , A239-HIE 25, A240-HIS 3 :       0.00830565 at      1.702 Ang (1.507 Ang by residue) in 4.5991 (sec).
 3-Body A238-HIS 9 , A239-HIE 25, A240-HIS 4 :       0.00393672 at      1.702 Ang (1.507 Ang by residue) in 4.4797 (sec).
 3-Body A238-HIS 9 , A239-HIE 25, A240-HIS 8 :       0.02555419 at      1.702 Ang (1.507 Ang by residue) in 4.5369 (sec).
 3-Body A238-HIS 9 , A239-HIE 25, A240-HIS 9 :       0.03529964 at      1.676 Ang (1.507 Ang by residue) in 4.6608 (sec).
 3-Body A238-HIS 9 , A239-HIE 25, A240-HIS 10:       0.05929602 at      1.639 Ang (1.507 Ang by residue) in 4.5861 (sec).
 3-Body A238-HIS 9 , A239-HIE 25, A240-HID 11:       0.00648372 at      1.702 Ang (1.507 Ang by residue) in 4.6629 (sec).
 3-Body A238-HIS 9 , A239-HIE 25, A240-HID 12:       0.00219426 at      1.702 Ang (1.507 Ang by residue) in 4.5960 (sec).
 3-Body A238-HIS 9 , A239-HIE 25, A240-HID 15:       0.00183928 at      1.702 Ang (1.507 Ang by residue) in 4.6965 (sec).
 3-Body A238-HIS 9 , A239-HIE 25, A240-HID 16:       0.00357475 at      1.702 Ang (1.507 Ang by residue) in 4.6461 (sec).
 3-Body A238-HIS 9 , A239-HIE 25, A240-HID 17:      -0.00706634 at      1.702 Ang (1.507 Ang by residue) in 4.5852 (sec).
 3-Body A238-HIS 9 , A239-HIE 25, A240-HID 18:       0.03185867 at      1.646 Ang (1.507 Ang by residue) in 4.5488 (sec).
 3-Body A238-HIS 9 , A239-HIE 25, A240-HIE 19:      -0.00311673 at      1.702 Ang (1.507 Ang by residue) in 4.5324 (sec).
 3-Body A238-HIS 9 , A239-HIE 25, A240-HIE 20:       0.00134675 at      1.702 Ang (1.507 Ang by residue) in 4.4384 (sec).
 3-Body A238-HIS 9 , A239-HIE 25, A240-HIE 23:       0.00077533 at      1.702 Ang (1.507 Ang by residue) in 4.6342 (sec).
 3-Body A238-HIS 9 , A239-HIE 25, A240-HIE 24:       0.00859088 at      1.702 Ang (1.507 Ang by residue) in 4.5887 (sec).
 3-Body A238-HIS 9 , A239-HIE 25, A240-HIE 25:       0.01701847 at      1.676 Ang (1.507 Ang by residue) in 4.4553 (sec).
 3-Body A238-HIS 9 , A239-HIE 25, A240-HIE 26:      -0.00760530 at      1.674 Ang (1.507 Ang by residue) in 4.5749 (sec).
 3-Body A238-HIS 9 , A239-HIE 26, A240-HIS 0 :       0.00433457 at      1.702 Ang (1.507 Ang by residue) in 4.5737 (sec).
 3-Body A238-HIS 9 , A239-HIE 26, A240-HID 1 :       0.00201774 at      1.702 Ang (1.507 Ang by residue) in 4.4864 (sec).
 3-Body A238-HIS 9 , A239-HIE 26, A240-HIE 2 :       0.00106808 at      1.702 Ang (1.507 Ang by residue) in 4.4828 (sec).
 3-Body A238-HIS 9 , A239-HIE 26, A240-HIS 3 :       0.00862538 at      1.702 Ang (1.507 Ang by residue) in 4.5227 (sec).
 3-Body A238-HIS 9 , A239-HIE 26, A240-HIS 4 :       0.00433452 at      1.702 Ang (1.507 Ang by residue) in 4.4661 (sec).
 3-Body A238-HIS 9 , A239-HIE 26, A240-HIS 8 :       0.03085606 at      1.701 Ang (1.507 Ang by residue) in 4.6390 (sec).
 3-Body A238-HIS 9 , A239-HIE 26, A240-HIS 9 :       0.03409382 at      1.613 Ang (1.507 Ang by residue) in 4.5235 (sec).
 3-Body A238-HIS 9 , A239-HIE 26, A240-HIS 10:       0.06070525 at      1.639 Ang (1.507 Ang by residue) in 4.5694 (sec).
 3-Body A238-HIS 9 , A239-HIE 26, A240-HID 11:       0.00628626 at      1.702 Ang (1.507 Ang by residue) in 4.7187 (sec).
 3-Body A238-HIS 9 , A239-HIE 26, A240-HID 12:       0.00205771 at      1.702 Ang (1.507 Ang by residue) in 4.5514 (sec).
 3-Body A238-HIS 9 , A239-HIE 26, A240-HID 15:       0.00196663 at      1.702 Ang (1.507 Ang by residue) in 4.4086 (sec).
 3-Body A238-HIS 9 , A239-HIE 26, A240-HID 16:       0.01003479 at      1.701 Ang (1.507 Ang by residue) in 4.7910 (sec).
 3-Body A238-HIS 9 , A239-HIE 26, A240-HID 17:      -0.00052067 at      1.616 Ang (1.507 Ang by residue) in 4.6574 (sec).
 3-Body A238-HIS 9 , A239-HIE 26, A240-HID 18:       0.03243471 at      1.646 Ang (1.507 Ang by residue) in 4.5489 (sec).
 3-Body A238-HIS 9 , A239-HIE 26, A240-HIE 19:      -0.00334716 at      1.702 Ang (1.507 Ang by residue) in 4.5575 (sec).
 3-Body A238-HIS 9 , A239-HIE 26, A240-HIE 20:       0.00105979 at      1.702 Ang (1.507 Ang by residue) in 4.7274 (sec).
 3-Body A238-HIS 9 , A239-HIE 26, A240-HIE 23:       0.00012915 at      1.702 Ang (1.507 Ang by residue) in 4.6368 (sec).
 3-Body A238-HIS 9 , A239-HIE 26, A240-HIE 24:       0.00493401 at      1.698 Ang (1.507 Ang by residue) in 4.5576 (sec).
 3-Body A238-HIS 9 , A239-HIE 26, A240-HIE 25:       0.01695465 at      1.609 Ang (1.507 Ang by residue) in 4.6180 (sec).
 3-Body A238-HIS 9 , A239-HIE 26, A240-HIE 26:      -0.00554568 at      1.689 Ang (1.507 Ang by residue) in 4.5856 (sec).
 3-Body A238-HID 12, A239-HIS 0 , A240-HIS 0 :       0.00309469 at      1.702 Ang (1.507 Ang by residue) in 4.4731 (sec).
 3-Body A238-HID 12, A239-HIS 0 , A240-HID 1 :       0.00211100 at      1.702 Ang (1.507 Ang by residue) in 4.5954 (sec).
 3-Body A238-HID 12, A239-HIS 0 , A240-HIE 2 :       0.00185024 at      1.702 Ang (1.507 Ang by residue) in 4.5303 (sec).
 3-Body A238-HID 12, A239-HIS 0 , A240-HIS 3 :       0.00599683 at      1.702 Ang (1.507 Ang by residue) in 4.7275 (sec).
 3-Body A238-HID 12, A239-HIS 0 , A240-HIS 4 :       0.00309456 at      1.702 Ang (1.507 Ang by residue) in 4.7789 (sec).
 3-Body A238-HID 12, A239-HIS 0 , A240-HIS 8 :       0.00875657 at      1.702 Ang (1.507 Ang by residue) in 4.7256 (sec).
 3-Body A238-HID 12, A239-HIS 0 , A240-HIS 9 :       0.00680321 at      1.702 Ang (1.507 Ang by residue) in 4.6111 (sec).
 3-Body A238-HID 12, A239-HIS 0 , A240-HIS 10:       0.02617497 at      1.651 Ang (1.507 Ang by residue) in 4.6819 (sec).
 3-Body A238-HID 12, A239-HIS 0 , A240-HID 11:       0.00497139 at      1.702 Ang (1.507 Ang by residue) in 4.5832 (sec).
 3-Body A238-HID 12, A239-HIS 0 , A240-HID 12:       0.00209813 at      1.702 Ang (1.507 Ang by residue) in 4.6373 (sec).
 3-Body A238-HID 12, A239-HIS 0 , A240-HID 15:       0.00073381 at      1.702 Ang (1.507 Ang by residue) in 4.5810 (sec).
 3-Body A238-HID 12, A239-HIS 0 , A240-HID 16:       0.00212311 at      1.702 Ang (1.507 Ang by residue) in 4.5186 (sec).
 3-Body A238-HID 12, A239-HIS 0 , A240-HID 17:       0.00213431 at      1.702 Ang (1.507 Ang by residue) in 4.5578 (sec).
 3-Body A238-HID 12, A239-HIS 0 , A240-HID 18:       0.01841611 at      1.651 Ang (1.507 Ang by residue) in 4.6549 (sec).
 3-Body A238-HID 12, A239-HIS 0 , A240-HIE 19:      -0.00079598 at      1.702 Ang (1.507 Ang by residue) in 4.7778 (sec).
 3-Body A238-HID 12, A239-HIS 0 , A240-HIE 20:       0.00190468 at      1.702 Ang (1.507 Ang by residue) in 4.5962 (sec).
 3-Body A238-HID 12, A239-HIS 0 , A240-HIE 23:       0.00056301 at      1.702 Ang (1.507 Ang by residue) in 4.5591 (sec).
 3-Body A238-HID 12, A239-HIS 0 , A240-HIE 24:       0.00480223 at      1.702 Ang (1.507 Ang by residue) in 4.5918 (sec).
 3-Body A238-HID 12, A239-HIS 0 , A240-HIE 25:       0.00338534 at      1.702 Ang (1.507 Ang by residue) in 4.6136 (sec).
 3-Body A238-HID 12, A239-HIS 0 , A240-HIE 26:      -0.00469733 at      1.702 Ang (1.507 Ang by residue) in 4.5054 (sec).
 3-Body A238-HID 12, A239-HID 1 , A240-HIS 0 :       0.00263480 at      1.702 Ang (1.507 Ang by residue) in 4.5153 (sec).
 3-Body A238-HID 12, A239-HID 1 , A240-HID 1 :       0.00158132 at      1.702 Ang (1.507 Ang by residue) in 4.4999 (sec).
 3-Body A238-HID 12, A239-HID 1 , A240-HIE 2 :       0.00137151 at      1.702 Ang (1.507 Ang by residue) in 4.5814 (sec).
 3-Body A238-HID 12, A239-HID 1 , A240-HIS 3 :       0.00528741 at      1.702 Ang (1.507 Ang by residue) in 4.5536 (sec).
 3-Body A238-HID 12, A239-HID 1 , A240-HIS 4 :       0.00263471 at      1.702 Ang (1.507 Ang by residue) in 4.5856 (sec).
 3-Body A238-HID 12, A239-HID 1 , A240-HIS 8 :       0.00620584 at      1.702 Ang (1.507 Ang by residue) in 4.5803 (sec).
 3-Body A238-HID 12, A239-HID 1 , A240-HIS 9 :       0.00475188 at      1.702 Ang (1.507 Ang by residue) in 4.6901 (sec).
 3-Body A238-HID 12, A239-HID 1 , A240-HIS 10:       0.02208073 at      1.651 Ang (1.507 Ang by residue) in 4.5992 (sec).
 3-Body A238-HID 12, A239-HID 1 , A240-HID 11:       0.00425516 at      1.702 Ang (1.507 Ang by residue) in 4.6723 (sec).
 3-Body A238-HID 12, A239-HID 1 , A240-HID 12:       0.00157315 at      1.702 Ang (1.507 Ang by residue) in 4.5707 (sec).
 3-Body A238-HID 12, A239-HID 1 , A240-HID 15:       0.00060593 at      1.702 Ang (1.507 Ang by residue) in 4.6884 (sec).
 3-Body A238-HID 12, A239-HID 1 , A240-HID 16:       0.00027838 at      1.702 Ang (1.507 Ang by residue) in 4.6224 (sec).
 3-Body A238-HID 12, A239-HID 1 , A240-HID 17:       0.00040911 at      1.702 Ang (1.507 Ang by residue) in 4.5176 (sec).
 3-Body A238-HID 12, A239-HID 1 , A240-HID 18:       0.01519248 at      1.651 Ang (1.507 Ang by residue) in 4.5544 (sec).
 3-Body A238-HID 12, A239-HID 1 , A240-HIE 19:      -0.00109874 at      1.702 Ang (1.507 Ang by residue) in 4.7825 (sec).
 3-Body A238-HID 12, A239-HID 1 , A240-HIE 20:       0.00141566 at      1.702 Ang (1.507 Ang by residue) in 4.7211 (sec).
 3-Body A238-HID 12, A239-HID 1 , A240-HIE 23:       0.00043726 at      1.702 Ang (1.507 Ang by residue) in 4.5633 (sec).
 3-Body A238-HID 12, A239-HID 1 , A240-HIE 24:       0.00250339 at      1.702 Ang (1.507 Ang by residue) in 4.5797 (sec).
 3-Body A238-HID 12, A239-HID 1 , A240-HIE 25:       0.00155636 at      1.702 Ang (1.507 Ang by residue) in 4.5716 (sec).
 3-Body A238-HID 12, A239-HID 1 , A240-HIE 26:      -0.00701339 at      1.702 Ang (1.507 Ang by residue) in 4.6284 (sec).
 3-Body A238-HID 12, A239-HIE 2 , A240-HIS 0 :       0.00273100 at      1.702 Ang (1.507 Ang by residue) in 4.6682 (sec).
 3-Body A238-HID 12, A239-HIE 2 , A240-HID 1 :       0.00176667 at      1.702 Ang (1.507 Ang by residue) in 4.5006 (sec).
 3-Body A238-HID 12, A239-HIE 2 , A240-HIE 2 :       0.00153760 at      1.702 Ang (1.507 Ang by residue) in 4.5614 (sec).
 3-Body A238-HID 12, A239-HIE 2 , A240-HIS 3 :       0.00527706 at      1.702 Ang (1.507 Ang by residue) in 4.6209 (sec).
 3-Body A238-HID 12, A239-HIE 2 , A240-HIS 4 :       0.00273082 at      1.702 Ang (1.507 Ang by residue) in 4.6688 (sec).
 3-Body A238-HID 12, A239-HIE 2 , A240-HIS 8 :       0.00689895 at      1.702 Ang (1.507 Ang by residue) in 4.5711 (sec).
 3-Body A238-HID 12, A239-HIE 2 , A240-HIS 9 :       0.00510285 at      1.702 Ang (1.507 Ang by residue) in 4.6553 (sec).
 3-Body A238-HID 12, A239-HIE 2 , A240-HIS 10:       0.02328339 at      1.651 Ang (1.507 Ang by residue) in 4.4788 (sec).
 3-Body A238-HID 12, A239-HIE 2 , A240-HID 11:       0.00433735 at      1.702 Ang (1.507 Ang by residue) in 4.4820 (sec).
 3-Body A238-HID 12, A239-HIE 2 , A240-HID 12:       0.00175320 at      1.702 Ang (1.507 Ang by residue) in 4.5061 (sec).
 3-Body A238-HID 12, A239-HIE 2 , A240-HID 15:       0.00063282 at      1.702 Ang (1.507 Ang by residue) in 4.5531 (sec).
 3-Body A238-HID 12, A239-HIE 2 , A240-HID 16:       0.00111842 at      1.702 Ang (1.507 Ang by residue) in 4.5915 (sec).
 3-Body A238-HID 12, A239-HIE 2 , A240-HID 17:       0.00108897 at      1.702 Ang (1.507 Ang by residue) in 4.5827 (sec).
 3-Body A238-HID 12, A239-HIE 2 , A240-HID 18:       0.01651894 at      1.651 Ang (1.507 Ang by residue) in 4.5697 (sec).
 3-Body A238-HID 12, A239-HIE 2 , A240-HIE 19:      -0.00067534 at      1.702 Ang (1.507 Ang by residue) in 4.4744 (sec).
 3-Body A238-HID 12, A239-HIE 2 , A240-HIE 20:       0.00159004 at      1.702 Ang (1.507 Ang by residue) in 4.5499 (sec).
 3-Body A238-HID 12, A239-HIE 2 , A240-HIE 23:       0.00046325 at      1.702 Ang (1.507 Ang by residue) in 4.5250 (sec).
 3-Body A238-HID 12, A239-HIE 2 , A240-HIE 24:       0.00331238 at      1.702 Ang (1.507 Ang by residue) in 4.6776 (sec).
 3-Body A238-HID 12, A239-HIE 2 , A240-HIE 25:       0.00202050 at      1.702 Ang (1.507 Ang by residue) in 4.4412 (sec).
 3-Body A238-HID 12, A239-HIE 2 , A240-HIE 26:      -0.00512568 at      1.702 Ang (1.507 Ang by residue) in 4.5851 (sec).
 3-Body A238-HID 12, A239-HIS 3 , A240-HIS 0 :       0.00371758 at      1.702 Ang (1.507 Ang by residue) in 4.6169 (sec).
 3-Body A238-HID 12, A239-HIS 3 , A240-HID 1 :       0.00247796 at      1.702 Ang (1.507 Ang by residue) in 4.6380 (sec).
 3-Body A238-HID 12, A239-HIS 3 , A240-HIE 2 :       0.00223627 at      1.702 Ang (1.507 Ang by residue) in 4.5374 (sec).
 3-Body A238-HID 12, A239-HIS 3 , A240-HIS 3 :       0.00728969 at      1.702 Ang (1.507 Ang by residue) in 4.6958 (sec).
 3-Body A238-HID 12, A239-HIS 3 , A240-HIS 4 :       0.00371738 at      1.702 Ang (1.507 Ang by residue) in 4.5438 (sec).
 3-Body A238-HID 12, A239-HIS 3 , A240-HIS 8 :       0.00825306 at      1.702 Ang (1.507 Ang by residue) in 4.8368 (sec).
 3-Body A238-HID 12, A239-HIS 3 , A240-HIS 9 :       0.00684558 at      1.702 Ang (1.507 Ang by residue) in 4.5539 (sec).
 3-Body A238-HID 12, A239-HIS 3 , A240-HIS 10:       0.02624201 at      1.644 Ang (1.507 Ang by residue) in 4.6674 (sec).
 3-Body A238-HID 12, A239-HIS 3 , A240-HID 11:       0.00613546 at      1.702 Ang (1.507 Ang by residue) in 4.7656 (sec).
 3-Body A238-HID 12, A239-HIS 3 , A240-HID 12:       0.00244762 at      1.702 Ang (1.507 Ang by residue) in 4.7666 (sec).
 3-Body A238-HID 12, A239-HIS 3 , A240-HID 15:       0.00085250 at      1.702 Ang (1.507 Ang by residue) in 4.6590 (sec).
 3-Body A238-HID 12, A239-HIS 3 , A240-HID 16:       0.00188560 at      1.702 Ang (1.507 Ang by residue) in 4.4838 (sec).
 3-Body A238-HID 12, A239-HIS 3 , A240-HID 17:       0.00221267 at      1.702 Ang (1.507 Ang by residue) in 4.5064 (sec).
 3-Body A238-HID 12, A239-HIS 3 , A240-HID 18:       0.01876795 at      1.644 Ang (1.507 Ang by residue) in 4.7238 (sec).
 3-Body A238-HID 12, A239-HIS 3 , A240-HIE 19:      -0.00101752 at      1.702 Ang (1.507 Ang by residue) in 4.6671 (sec).
 3-Body A238-HID 12, A239-HIS 3 , A240-HIE 20:       0.00230544 at      1.702 Ang (1.507 Ang by residue) in 4.5527 (sec).
 3-Body A238-HID 12, A239-HIS 3 , A240-HIE 23:       0.00064035 at      1.702 Ang (1.507 Ang by residue) in 4.6418 (sec).
 3-Body A238-HID 12, A239-HIS 3 , A240-HIE 24:       0.00409892 at      1.702 Ang (1.507 Ang by residue) in 4.5460 (sec).
 3-Body A238-HID 12, A239-HIS 3 , A240-HIE 25:       0.00331513 at      1.702 Ang (1.507 Ang by residue) in 4.5035 (sec).
 3-Body A238-HID 12, A239-HIS 3 , A240-HIE 26:      -0.00771557 at      1.702 Ang (1.507 Ang by residue) in 4.6043 (sec).
 3-Body A238-HID 12, A239-HIS 4 , A240-HIS 0 :       0.00379386 at      1.702 Ang (1.507 Ang by residue) in 4.6814 (sec).
 3-Body A238-HID 12, A239-HIS 4 , A240-HID 1 :       0.00246406 at      1.702 Ang (1.507 Ang by residue) in 4.4526 (sec).
 3-Body A238-HID 12, A239-HIS 4 , A240-HIE 2 :       0.00233873 at      1.702 Ang (1.507 Ang by residue) in 4.4959 (sec).
 3-Body A238-HID 12, A239-HIS 4 , A240-HIS 3 :       0.00744361 at      1.702 Ang (1.507 Ang by residue) in 4.4516 (sec).
 3-Body A238-HID 12, A239-HIS 4 , A240-HIS 4 :       0.00379373 at      1.702 Ang (1.507 Ang by residue) in 4.3886 (sec).
 3-Body A238-HID 12, A239-HIS 4 , A240-HIS 8 :       0.00766356 at      1.702 Ang (1.507 Ang by residue) in 4.5102 (sec).
 3-Body A238-HID 12, A239-HIS 4 , A240-HIS 9 :       0.00633420 at      1.702 Ang (1.507 Ang by residue) in 4.5646 (sec).
 3-Body A238-HID 12, A239-HIS 4 , A240-HIS 10:       0.02443280 at      1.644 Ang (1.507 Ang by residue) in 4.5533 (sec).
 3-Body A238-HID 12, A239-HIS 4 , A240-HID 11:       0.00622871 at      1.702 Ang (1.507 Ang by residue) in 4.6256 (sec).
 3-Body A238-HID 12, A239-HIS 4 , A240-HID 12:       0.00242677 at      1.702 Ang (1.507 Ang by residue) in 4.5338 (sec).
 3-Body A238-HID 12, A239-HIS 4 , A240-HID 15:       0.00078035 at      1.702 Ang (1.507 Ang by residue) in 4.7257 (sec).
 3-Body A238-HID 12, A239-HIS 4 , A240-HID 16:       0.00164635 at      1.702 Ang (1.507 Ang by residue) in 4.5201 (sec).
 3-Body A238-HID 12, A239-HIS 4 , A240-HID 17:       0.00203164 at      1.702 Ang (1.507 Ang by residue) in 4.6373 (sec).
 3-Body A238-HID 12, A239-HIS 4 , A240-HID 18:       0.01732106 at      1.644 Ang (1.507 Ang by residue) in 4.5359 (sec).
 3-Body A238-HID 12, A239-HIS 4 , A240-HIE 19:      -0.00092151 at      1.702 Ang (1.507 Ang by residue) in 4.6351 (sec).
 3-Body A238-HID 12, A239-HIS 4 , A240-HIE 20:       0.00240956 at      1.702 Ang (1.507 Ang by residue) in 4.6487 (sec).
 3-Body A238-HID 12, A239-HIS 4 , A240-HIE 23:       0.00057427 at      1.702 Ang (1.507 Ang by residue) in 4.5809 (sec).
 3-Body A238-HID 12, A239-HIS 4 , A240-HIE 24:       0.00369250 at      1.702 Ang (1.507 Ang by residue) in 4.5723 (sec).
 3-Body A238-HID 12, A239-HIS 4 , A240-HIE 25:       0.00297687 at      1.702 Ang (1.507 Ang by residue) in 4.6250 (sec).
 3-Body A238-HID 12, A239-HIS 4 , A240-HIE 26:      -0.00744535 at      1.702 Ang (1.507 Ang by residue) in 4.5676 (sec).
 3-Body A238-HID 12, A239-HIS 9 , A240-HIS 0 :       0.00304649 at      1.702 Ang (1.507 Ang by residue) in 4.6761 (sec).
 3-Body A238-HID 12, A239-HIS 9 , A240-HID 1 :       0.00225106 at      1.702 Ang (1.507 Ang by residue) in 4.5285 (sec).
 3-Body A238-HID 12, A239-HIS 9 , A240-HIE 2 :       0.00192730 at      1.702 Ang (1.507 Ang by residue) in 4.5316 (sec).
 3-Body A238-HID 12, A239-HIS 9 , A240-HIS 3 :       0.00538351 at      1.702 Ang (1.507 Ang by residue) in 4.5670 (sec).
 3-Body A238-HID 12, A239-HIS 9 , A240-HIS 4 :       0.00304633 at      1.702 Ang (1.507 Ang by residue) in 4.4937 (sec).
 3-Body A238-HID 12, A239-HIS 9 , A240-HIS 8 :       0.01741960 at      1.691 Ang (1.507 Ang by residue) in 4.5847 (sec).
 3-Body A238-HID 12, A239-HIS 9 , A240-HIS 9 :       0.01950983 at      1.674 Ang (1.507 Ang by residue) in 4.7051 (sec).
 3-Body A238-HID 12, A239-HIS 9 , A240-HIS 10:       0.03402460 at      1.603 Ang (1.507 Ang by residue) in 4.5593 (sec).
 3-Body A238-HID 12, A239-HIS 9 , A240-HID 11:       0.00446211 at      1.702 Ang (1.507 Ang by residue) in 4.5833 (sec).
 3-Body A238-HID 12, A239-HIS 9 , A240-HID 12:       0.00224558 at      1.702 Ang (1.507 Ang by residue) in 4.5574 (sec).
 3-Body A238-HID 12, A239-HIS 9 , A240-HID 15:       0.00112894 at      1.702 Ang (1.507 Ang by residue) in 4.5625 (sec).
 3-Body A238-HID 12, A239-HIS 9 , A240-HID 16:       0.00558409 at      1.702 Ang (1.507 Ang by residue) in 4.5694 (sec).
 3-Body A238-HID 12, A239-HIS 9 , A240-HID 17:       0.00334163 at      1.702 Ang (1.507 Ang by residue) in 4.4652 (sec).
 3-Body A238-HID 12, A239-HIS 9 , A240-HID 18:       0.02124680 at      1.606 Ang (1.507 Ang by residue) in 4.5093 (sec).
 3-Body A238-HID 12, A239-HIS 9 , A240-HIE 19:      -0.00010191 at      1.702 Ang (1.507 Ang by residue) in 4.5745 (sec).
 3-Body A238-HID 12, A239-HIS 9 , A240-HIE 20:       0.00197099 at      1.702 Ang (1.507 Ang by residue) in 4.5774 (sec).
 3-Body A238-HID 12, A239-HIS 9 , A240-HIE 23:       0.00078492 at      1.702 Ang (1.507 Ang by residue) in 4.6619 (sec).
 3-Body A238-HID 12, A239-HIS 9 , A240-HIE 24:       0.01013161 at      1.691 Ang (1.507 Ang by residue) in 4.4568 (sec).
 3-Body A238-HID 12, A239-HIS 9 , A240-HIE 25:       0.01148840 at      1.674 Ang (1.507 Ang by residue) in 4.6833 (sec).
 3-Body A238-HID 12, A239-HIS 9 , A240-HIE 26:       0.00166901 at      1.614 Ang (1.507 Ang by residue) in 4.6458 (sec).
 3-Body A238-HID 12, A239-HIS 10, A240-HIS 0 :       0.00301409 at      1.702 Ang (1.507 Ang by residue) in 4.6649 (sec).
 3-Body A238-HID 12, A239-HIS 10, A240-HID 1 :       0.00207539 at      1.702 Ang (1.507 Ang by residue) in 4.6444 (sec).
 3-Body A238-HID 12, A239-HIS 10, A240-HIE 2 :       0.00172005 at      1.702 Ang (1.507 Ang by residue) in 4.4851 (sec).
 3-Body A238-HID 12, A239-HIS 10, A240-HIS 3 :       0.00538977 at      1.702 Ang (1.507 Ang by residue) in 4.6338 (sec).
 3-Body A238-HID 12, A239-HIS 10, A240-HIS 4 :       0.00301395 at      1.702 Ang (1.507 Ang by residue) in 4.5039 (sec).
 3-Body A238-HID 12, A239-HIS 10, A240-HIS 8 :       0.01626170 at      1.701 Ang (1.507 Ang by residue) in 4.5200 (sec).
 3-Body A238-HID 12, A239-HIS 10, A240-HIS 9 :       0.01771892 at      1.611 Ang (1.507 Ang by residue) in 4.6105 (sec).
 3-Body A238-HID 12, A239-HIS 10, A240-HIS 10:       0.03302628 at      1.651 Ang (1.507 Ang by residue) in 4.7858 (sec).
 3-Body A238-HID 12, A239-HIS 10, A240-HID 11:       0.00433101 at      1.702 Ang (1.507 Ang by residue) in 4.4773 (sec).
 3-Body A238-HID 12, A239-HIS 10, A240-HID 12:       0.00207088 at      1.702 Ang (1.507 Ang by residue) in 4.5982 (sec).
 3-Body A238-HID 12, A239-HIS 10, A240-HID 15:       0.00104153 at      1.702 Ang (1.507 Ang by residue) in 4.5789 (sec).
 3-Body A238-HID 12, A239-HIS 10, A240-HID 16:       0.00602593 at      1.700 Ang (1.507 Ang by residue) in 4.5673 (sec).
 3-Body A238-HID 12, A239-HIS 10, A240-HID 17:       0.00209425 at      1.614 Ang (1.507 Ang by residue) in 4.6516 (sec).
 3-Body A238-HID 12, A239-HIS 10, A240-HID 18:       0.01987312 at      1.651 Ang (1.507 Ang by residue) in 4.5020 (sec).
 3-Body A238-HID 12, A239-HIS 10, A240-HIE 19:      -0.00034441 at      1.702 Ang (1.507 Ang by residue) in 4.5436 (sec).
 3-Body A238-HID 12, A239-HIS 10, A240-HIE 20:       0.00176164 at      1.702 Ang (1.507 Ang by residue) in 4.6248 (sec).
 3-Body A238-HID 12, A239-HIS 10, A240-HIE 23:       0.00050828 at      1.702 Ang (1.507 Ang by residue) in 4.5862 (sec).
 3-Body A238-HID 12, A239-HIS 10, A240-HIE 24:       0.00612530 at      1.698 Ang (1.507 Ang by residue) in 4.6026 (sec).
 3-Body A238-HID 12, A239-HIS 10, A240-HIE 25:       0.01027549 at      1.607 Ang (1.507 Ang by residue) in 4.5908 (sec).
 3-Body A238-HID 12, A239-HIS 10, A240-HIE 26:       0.00035035 at      1.702 Ang (1.507 Ang by residue) in 4.5122 (sec).
 3-Body A238-HID 12, A239-HID 11, A240-HIS 0 :       0.00322320 at      1.702 Ang (1.507 Ang by residue) in 4.5606 (sec).
 3-Body A238-HID 12, A239-HID 11, A240-HID 1 :       0.00177549 at      1.702 Ang (1.507 Ang by residue) in 4.6849 (sec).
 3-Body A238-HID 12, A239-HID 11, A240-HIE 2 :       0.00162643 at      1.702 Ang (1.507 Ang by residue) in 4.5050 (sec).
 3-Body A238-HID 12, A239-HID 11, A240-HIS 3 :       0.00638724 at      1.702 Ang (1.507 Ang by residue) in 4.5427 (sec).
 3-Body A238-HID 12, A239-HID 11, A240-HIS 4 :       0.00322306 at      1.702 Ang (1.507 Ang by residue) in 4.5383 (sec).
 3-Body A238-HID 12, A239-HID 11, A240-HIS 8 :       0.00596391 at      1.702 Ang (1.507 Ang by residue) in 4.5382 (sec).
 3-Body A238-HID 12, A239-HID 11, A240-HIS 9 :       0.00498001 at      1.702 Ang (1.507 Ang by residue) in 4.5511 (sec).
 3-Body A238-HID 12, A239-HID 11, A240-HIS 10:       0.02225396 at      1.644 Ang (1.507 Ang by residue) in 4.7115 (sec).
 3-Body A238-HID 12, A239-HID 11, A240-HID 11:       0.00510550 at      1.702 Ang (1.507 Ang by residue) in 4.5455 (sec).
 3-Body A238-HID 12, A239-HID 11, A240-HID 12:       0.00175356 at      1.702 Ang (1.507 Ang by residue) in 4.5447 (sec).
 3-Body A238-HID 12, A239-HID 11, A240-HID 15:       0.00069314 at      1.702 Ang (1.507 Ang by residue) in 4.4820 (sec).
 3-Body A238-HID 12, A239-HID 11, A240-HID 16:       0.00008640 at      1.702 Ang (1.507 Ang by residue) in 4.4971 (sec).
 3-Body A238-HID 12, A239-HID 11, A240-HID 17:       0.00051786 at      1.702 Ang (1.507 Ang by residue) in 4.5854 (sec).
 3-Body A238-HID 12, A239-HID 11, A240-HID 18:       0.01550959 at      1.644 Ang (1.507 Ang by residue) in 4.7030 (sec).
 3-Body A238-HID 12, A239-HID 11, A240-HIE 19:      -0.00135932 at      1.702 Ang (1.507 Ang by residue) in 4.5992 (sec).
 3-Body A238-HID 12, A239-HID 11, A240-HIE 20:       0.00168064 at      1.702 Ang (1.507 Ang by residue) in 4.5758 (sec).
 3-Body A238-HID 12, A239-HID 11, A240-HIE 23:       0.00047611 at      1.702 Ang (1.507 Ang by residue) in 4.4983 (sec).
 3-Body A238-HID 12, A239-HID 11, A240-HIE 24:       0.00193611 at      1.702 Ang (1.507 Ang by residue) in 4.6192 (sec).
 3-Body A238-HID 12, A239-HID 11, A240-HIE 25:       0.00151703 at      1.702 Ang (1.507 Ang by residue) in 4.5920 (sec).
 3-Body A238-HID 12, A239-HID 11, A240-HIE 26:      -0.00954048 at      1.702 Ang (1.507 Ang by residue) in 4.5810 (sec).
 3-Body A238-HID 12, A239-HID 12, A240-HIS 0 :       0.00337452 at      1.702 Ang (1.507 Ang by residue) in 4.7513 (sec).
 3-Body A238-HID 12, A239-HID 12, A240-HID 1 :       0.00173263 at      1.702 Ang (1.507 Ang by residue) in 4.4944 (sec).
 3-Body A238-HID 12, A239-HID 12, A240-HIE 2 :       0.00175300 at      1.702 Ang (1.507 Ang by residue) in 4.4259 (sec).
 3-Body A238-HID 12, A239-HID 12, A240-HIS 3 :       0.00671210 at      1.702 Ang (1.507 Ang by residue) in 4.6000 (sec).
 3-Body A238-HID 12, A239-HID 12, A240-HIS 4 :       0.00337445 at      1.702 Ang (1.507 Ang by residue) in 4.5314 (sec).
 3-Body A238-HID 12, A239-HID 12, A240-HIS 8 :       0.00541259 at      1.702 Ang (1.507 Ang by residue) in 4.5566 (sec).
 3-Body A238-HID 12, A239-HID 12, A240-HIS 9 :       0.00449211 at      1.702 Ang (1.507 Ang by residue) in 4.5391 (sec).
 3-Body A238-HID 12, A239-HID 12, A240-HIS 10:       0.02060052 at      1.644 Ang (1.507 Ang by residue) in 4.6284 (sec).
 3-Body A238-HID 12, A239-HID 12, A240-HID 11:       0.00531674 at      1.702 Ang (1.507 Ang by residue) in 4.5656 (sec).
 3-Body A238-HID 12, A239-HID 12, A240-HID 12:       0.00169745 at      1.702 Ang (1.507 Ang by residue) in 4.5712 (sec).
 3-Body A238-HID 12, A239-HID 12, A240-HID 15:       0.00062681 at      1.702 Ang (1.507 Ang by residue) in 4.5880 (sec).
 3-Body A238-HID 12, A239-HID 12, A240-HID 16:      -0.00017855 at      1.702 Ang (1.507 Ang by residue) in 4.7860 (sec).
 3-Body A238-HID 12, A239-HID 12, A240-HID 17:       0.00036587 at      1.702 Ang (1.507 Ang by residue) in 4.5906 (sec).
 3-Body A238-HID 12, A239-HID 12, A240-HID 18:       0.01415999 at      1.644 Ang (1.507 Ang by residue) in 4.5814 (sec).
 3-Body A238-HID 12, A239-HID 12, A240-HIE 19:      -0.00147579 at      1.702 Ang (1.507 Ang by residue) in 4.6113 (sec).
 3-Body A238-HID 12, A239-HID 12, A240-HIE 20:       0.00180931 at      1.702 Ang (1.507 Ang by residue) in 4.6384 (sec).
 3-Body A238-HID 12, A239-HID 12, A240-HIE 23:       0.00041434 at      1.702 Ang (1.507 Ang by residue) in 4.6329 (sec).
 3-Body A238-HID 12, A239-HID 12, A240-HIE 24:       0.00152531 at      1.702 Ang (1.507 Ang by residue) in 4.5492 (sec).
 3-Body A238-HID 12, A239-HID 12, A240-HIE 25:       0.00117541 at      1.702 Ang (1.507 Ang by residue) in 4.5163 (sec).
 3-Body A238-HID 12, A239-HID 12, A240-HIE 26:      -0.00954663 at      1.702 Ang (1.507 Ang by residue) in 4.4897 (sec).
 3-Body A238-HID 12, A239-HID 16, A240-HIS 0 :       0.00293523 at      1.702 Ang (1.507 Ang by residue) in 4.4644 (sec).
 3-Body A238-HID 12, A239-HID 16, A240-HID 1 :       0.00197194 at      1.702 Ang (1.507 Ang by residue) in 4.4502 (sec).
 3-Body A238-HID 12, A239-HID 16, A240-HIE 2 :       0.00158688 at      1.702 Ang (1.507 Ang by residue) in 4.5363 (sec).
 3-Body A238-HID 12, A239-HID 16, A240-HIS 3 :       0.00508527 at      1.702 Ang (1.507 Ang by residue) in 4.7212 (sec).
 3-Body A238-HID 12, A239-HID 16, A240-HIS 4 :       0.00293519 at      1.702 Ang (1.507 Ang by residue) in 4.6502 (sec).
 3-Body A238-HID 12, A239-HID 16, A240-HIS 8 :       0.01331395 at      1.702 Ang (1.507 Ang by residue) in 4.5901 (sec).
 3-Body A238-HID 12, A239-HID 16, A240-HIS 9 :       0.01542055 at      1.664 Ang (1.507 Ang by residue) in 4.7083 (sec).
 3-Body A238-HID 12, A239-HID 16, A240-HIS 10:       0.02870545 at      1.651 Ang (1.507 Ang by residue) in 4.6979 (sec).
 3-Body A238-HID 12, A239-HID 16, A240-HID 11:       0.00404085 at      1.702 Ang (1.507 Ang by residue) in 4.5497 (sec).
 3-Body A238-HID 12, A239-HID 16, A240-HID 12:       0.00197298 at      1.702 Ang (1.507 Ang by residue) in 4.6747 (sec).
 3-Body A238-HID 12, A239-HID 16, A240-HID 15:       0.00142343 at      1.702 Ang (1.507 Ang by residue) in 4.6548 (sec).
 3-Body A238-HID 12, A239-HID 16, A240-HID 16:       0.00427338 at      1.702 Ang (1.507 Ang by residue) in 4.6655 (sec).
 3-Body A238-HID 12, A239-HID 16, A240-HID 17:       0.00009198 at      1.665 Ang (1.507 Ang by residue) in 4.5994 (sec).
 3-Body A238-HID 12, A239-HID 16, A240-HID 18:       0.01743825 at      1.651 Ang (1.507 Ang by residue) in 4.5985 (sec).
 3-Body A238-HID 12, A239-HID 16, A240-HIE 19:      -0.00035870 at      1.702 Ang (1.507 Ang by residue) in 4.6236 (sec).
 3-Body A238-HID 12, A239-HID 16, A240-HIE 20:       0.00161737 at      1.702 Ang (1.507 Ang by residue) in 4.6851 (sec).
 3-Body A238-HID 12, A239-HID 16, A240-HIE 23:       0.00082509 at      1.702 Ang (1.507 Ang by residue) in 4.5379 (sec).
 3-Body A238-HID 12, A239-HID 16, A240-HIE 24:       0.00519845 at      1.702 Ang (1.507 Ang by residue) in 4.6959 (sec).
 3-Body A238-HID 12, A239-HID 16, A240-HIE 25:       0.00774482 at      1.661 Ang (1.507 Ang by residue) in 4.7415 (sec).
 3-Body A238-HID 12, A239-HID 16, A240-HIE 26:      -0.00170651 at      1.702 Ang (1.507 Ang by residue) in 4.6669 (sec).
 3-Body A238-HID 12, A239-HID 17, A240-HIS 0 :       0.00239419 at      1.702 Ang (1.507 Ang by residue) in 4.6057 (sec).
 3-Body A238-HID 12, A239-HID 17, A240-HID 1 :       0.00159218 at      1.702 Ang (1.507 Ang by residue) in 4.5074 (sec).
 3-Body A238-HID 12, A239-HID 17, A240-HIE 2 :       0.00128496 at      1.702 Ang (1.507 Ang by residue) in 4.4940 (sec).
 3-Body A238-HID 12, A239-HID 17, A240-HIS 3 :       0.00454278 at      1.702 Ang (1.507 Ang by residue) in 4.5647 (sec).
 3-Body A238-HID 12, A239-HID 17, A240-HIS 4 :       0.00239408 at      1.702 Ang (1.507 Ang by residue) in 4.5560 (sec).
 3-Body A238-HID 12, A239-HID 17, A240-HIS 8 :       0.01048747 at      1.690 Ang (1.507 Ang by residue) in 4.5049 (sec).
 3-Body A238-HID 12, A239-HID 17, A240-HIS 9 :       0.01355031 at      1.678 Ang (1.507 Ang by residue) in 4.4986 (sec).
 3-Body A238-HID 12, A239-HID 17, A240-HIS 10:       0.02541763 at      1.604 Ang (1.507 Ang by residue) in 4.5443 (sec).
 3-Body A238-HID 12, A239-HID 17, A240-HID 11:       0.00366637 at      1.702 Ang (1.507 Ang by residue) in 4.6560 (sec).
 3-Body A238-HID 12, A239-HID 17, A240-HID 12:       0.00159303 at      1.702 Ang (1.507 Ang by residue) in 4.6018 (sec).
 3-Body A238-HID 12, A239-HID 17, A240-HID 15:       0.00090338 at      1.702 Ang (1.507 Ang by residue) in 4.7222 (sec).
 3-Body A238-HID 12, A239-HID 17, A240-HID 16:      -0.00117226 at      1.702 Ang (1.507 Ang by residue) in 4.5186 (sec).
 3-Body A238-HID 12, A239-HID 17, A240-HID 17:      -0.00233822 at      1.702 Ang (1.507 Ang by residue) in 4.6041 (sec).
 3-Body A238-HID 12, A239-HID 17, A240-HID 18:       0.01365489 at      1.606 Ang (1.507 Ang by residue) in 4.6592 (sec).
 3-Body A238-HID 12, A239-HID 17, A240-HIE 19:      -0.00068326 at      1.702 Ang (1.507 Ang by residue) in 4.5856 (sec).
 3-Body A238-HID 12, A239-HID 17, A240-HIE 20:       0.00131599 at      1.702 Ang (1.507 Ang by residue) in 4.5636 (sec).
 3-Body A238-HID 12, A239-HID 17, A240-HIE 23:       0.00057629 at      1.702 Ang (1.507 Ang by residue) in 4.5218 (sec).
 3-Body A238-HID 12, A239-HID 17, A240-HIE 24:       0.00371098 at      1.690 Ang (1.507 Ang by residue) in 4.6472 (sec).
 3-Body A238-HID 12, A239-HID 17, A240-HIE 25:       0.00606760 at      1.678 Ang (1.507 Ang by residue) in 4.4469 (sec).
 3-Body A238-HID 12, A239-HID 17, A240-HIE 26:      -0.00531823 at      1.615 Ang (1.507 Ang by residue) in 4.5441 (sec).
 3-Body A238-HID 12, A239-HID 18, A240-HIS 0 :       0.00249274 at      1.702 Ang (1.507 Ang by residue) in 4.6460 (sec).
 3-Body A238-HID 12, A239-HID 18, A240-HID 1 :       0.00156929 at      1.702 Ang (1.507 Ang by residue) in 4.5030 (sec).
 3-Body A238-HID 12, A239-HID 18, A240-HIE 2 :       0.00123691 at      1.702 Ang (1.507 Ang by residue) in 4.4914 (sec).
 3-Body A238-HID 12, A239-HID 18, A240-HIS 3 :       0.00467789 at      1.702 Ang (1.507 Ang by residue) in 4.5897 (sec).
 3-Body A238-HID 12, A239-HID 18, A240-HIS 4 :       0.00249261 at      1.702 Ang (1.507 Ang by residue) in 4.6422 (sec).
 3-Body A238-HID 12, A239-HID 18, A240-HIS 8 :       0.01218856 at      1.702 Ang (1.507 Ang by residue) in 4.5229 (sec).
 3-Body A238-HID 12, A239-HID 18, A240-HIS 9 :       0.01401707 at      1.611 Ang (1.507 Ang by residue) in 4.6737 (sec).
 3-Body A238-HID 12, A239-HID 18, A240-HIS 10:       0.02721926 at      1.651 Ang (1.507 Ang by residue) in 4.5927 (sec).
 3-Body A238-HID 12, A239-HID 18, A240-HID 11:       0.00368365 at      1.702 Ang (1.507 Ang by residue) in 4.5428 (sec).
 3-Body A238-HID 12, A239-HID 18, A240-HID 12:       0.00157004 at      1.702 Ang (1.507 Ang by residue) in 4.6893 (sec).
 3-Body A238-HID 12, A239-HID 18, A240-HID 15:       0.00094060 at      1.702 Ang (1.507 Ang by residue) in 4.6262 (sec).
 3-Body A238-HID 12, A239-HID 18, A240-HID 16:       0.00279919 at      1.702 Ang (1.507 Ang by residue) in 4.5090 (sec).
 3-Body A238-HID 12, A239-HID 18, A240-HID 17:      -0.00124270 at      1.614 Ang (1.507 Ang by residue) in 4.5694 (sec).
 3-Body A238-HID 12, A239-HID 18, A240-HID 18:       0.01525774 at      1.651 Ang (1.507 Ang by residue) in 4.5617 (sec).
 3-Body A238-HID 12, A239-HID 18, A240-HIE 19:      -0.00074893 at      1.702 Ang (1.507 Ang by residue) in 4.5342 (sec).
 3-Body A238-HID 12, A239-HID 18, A240-HIE 20:       0.00126755 at      1.702 Ang (1.507 Ang by residue) in 4.6313 (sec).
 3-Body A238-HID 12, A239-HID 18, A240-HIE 23:       0.00044150 at      1.702 Ang (1.507 Ang by residue) in 4.4699 (sec).
 3-Body A238-HID 12, A239-HID 18, A240-HIE 24:       0.00274851 at      1.699 Ang (1.507 Ang by residue) in 4.6332 (sec).
 3-Body A238-HID 12, A239-HID 18, A240-HIE 25:       0.00717692 at      1.608 Ang (1.507 Ang by residue) in 4.4969 (sec).
 3-Body A238-HID 12, A239-HID 18, A240-HIE 26:      -0.00375164 at      1.702 Ang (1.507 Ang by residue) in 4.5197 (sec).
 3-Body A238-HID 12, A239-HIE 19, A240-HIS 0 :       0.00333651 at      1.702 Ang (1.507 Ang by residue) in 4.5268 (sec).
 3-Body A238-HID 12, A239-HIE 19, A240-HID 1 :       0.00198482 at      1.702 Ang (1.507 Ang by residue) in 4.5655 (sec).
 3-Body A238-HID 12, A239-HIE 19, A240-HIE 2 :       0.00180379 at      1.702 Ang (1.507 Ang by residue) in 4.5462 (sec).
 3-Body A238-HID 12, A239-HIE 19, A240-HIS 3 :       0.00634158 at      1.702 Ang (1.507 Ang by residue) in 4.5335 (sec).
 3-Body A238-HID 12, A239-HIE 19, A240-HIS 4 :       0.00333627 at      1.702 Ang (1.507 Ang by residue) in 4.5381 (sec).
 3-Body A238-HID 12, A239-HIE 19, A240-HIS 8 :       0.00671814 at      1.702 Ang (1.507 Ang by residue) in 4.5486 (sec).
 3-Body A238-HID 12, A239-HIE 19, A240-HIS 9 :       0.00545816 at      1.702 Ang (1.507 Ang by residue) in 4.4882 (sec).
 3-Body A238-HID 12, A239-HIE 19, A240-HIS 10:       0.02313950 at      1.644 Ang (1.507 Ang by residue) in 4.5488 (sec).
 3-Body A238-HID 12, A239-HIE 19, A240-HID 11:       0.00516073 at      1.702 Ang (1.507 Ang by residue) in 4.5708 (sec).
 3-Body A238-HID 12, A239-HIE 19, A240-HID 12:       0.00195730 at      1.702 Ang (1.507 Ang by residue) in 4.5731 (sec).
 3-Body A238-HID 12, A239-HIE 19, A240-HID 15:       0.00072692 at      1.702 Ang (1.507 Ang by residue) in 4.5032 (sec).
 3-Body A238-HID 12, A239-HIE 19, A240-HID 16:       0.00113044 at      1.702 Ang (1.507 Ang by residue) in 4.6590 (sec).
 3-Body A238-HID 12, A239-HIE 19, A240-HID 17:       0.00130210 at      1.702 Ang (1.507 Ang by residue) in 4.5606 (sec).
 3-Body A238-HID 12, A239-HIE 19, A240-HID 18:       0.01656771 at      1.644 Ang (1.507 Ang by residue) in 4.5527 (sec).
 3-Body A238-HID 12, A239-HIE 19, A240-HIE 19:      -0.00089328 at      1.702 Ang (1.507 Ang by residue) in 4.4649 (sec).
 3-Body A238-HID 12, A239-HIE 19, A240-HIE 20:       0.00186753 at      1.702 Ang (1.507 Ang by residue) in 4.7302 (sec).
 3-Body A238-HID 12, A239-HIE 19, A240-HIE 23:       0.00049727 at      1.702 Ang (1.507 Ang by residue) in 4.7455 (sec).
 3-Body A238-HID 12, A239-HIE 19, A240-HIE 24:       0.00278775 at      1.702 Ang (1.507 Ang by residue) in 4.6491 (sec).
 3-Body A238-HID 12, A239-HIE 19, A240-HIE 25:       0.00209215 at      1.702 Ang (1.507 Ang by residue) in 4.5823 (sec).
 3-Body A238-HID 12, A239-HIE 19, A240-HIE 26:      -0.00750834 at      1.702 Ang (1.507 Ang by residue) in 4.6992 (sec).
 3-Body A238-HID 12, A239-HIE 20, A240-HIS 0 :       0.00283284 at      1.702 Ang (1.507 Ang by residue) in 4.5901 (sec).
 3-Body A238-HID 12, A239-HIE 20, A240-HID 1 :       0.00166577 at      1.702 Ang (1.507 Ang by residue) in 4.7026 (sec).
 3-Body A238-HID 12, A239-HIE 20, A240-HIE 2 :       0.00144847 at      1.702 Ang (1.507 Ang by residue) in 4.4260 (sec).
 3-Body A238-HID 12, A239-HIE 20, A240-HIS 3 :       0.00567063 at      1.702 Ang (1.507 Ang by residue) in 4.4563 (sec).
 3-Body A238-HID 12, A239-HIE 20, A240-HIS 4 :       0.00283264 at      1.702 Ang (1.507 Ang by residue) in 4.6133 (sec).
 3-Body A238-HID 12, A239-HIE 20, A240-HIS 8 :       0.00642696 at      1.702 Ang (1.507 Ang by residue) in 4.6390 (sec).
 3-Body A238-HID 12, A239-HIE 20, A240-HIS 9 :       0.00528462 at      1.702 Ang (1.507 Ang by residue) in 4.5988 (sec).
 3-Body A238-HID 12, A239-HIE 20, A240-HIS 10:       0.02268570 at      1.644 Ang (1.507 Ang by residue) in 4.6525 (sec).
 3-Body A238-HID 12, A239-HIE 20, A240-HID 11:       0.00465138 at      1.702 Ang (1.507 Ang by residue) in 4.6927 (sec).
 3-Body A238-HID 12, A239-HIE 20, A240-HID 12:       0.00165179 at      1.702 Ang (1.507 Ang by residue) in 4.4794 (sec).
 3-Body A238-HID 12, A239-HIE 20, A240-HID 15:       0.00068235 at      1.702 Ang (1.507 Ang by residue) in 4.5980 (sec).
 3-Body A238-HID 12, A239-HIE 20, A240-HID 16:       0.00090894 at      1.702 Ang (1.507 Ang by residue) in 4.6393 (sec).
 3-Body A238-HID 12, A239-HIE 20, A240-HID 17:       0.00134378 at      1.702 Ang (1.507 Ang by residue) in 4.5676 (sec).
 3-Body A238-HID 12, A239-HIE 20, A240-HID 18:       0.01629703 at      1.644 Ang (1.507 Ang by residue) in 4.5958 (sec).
 3-Body A238-HID 12, A239-HIE 20, A240-HIE 19:      -0.00103605 at      1.702 Ang (1.507 Ang by residue) in 4.6778 (sec).
 3-Body A238-HID 12, A239-HIE 20, A240-HIE 20:       0.00150136 at      1.702 Ang (1.507 Ang by residue) in 4.5190 (sec).
 3-Body A238-HID 12, A239-HIE 20, A240-HIE 23:       0.00049787 at      1.702 Ang (1.507 Ang by residue) in 4.5231 (sec).
 3-Body A238-HID 12, A239-HIE 20, A240-HIE 24:       0.00271145 at      1.702 Ang (1.507 Ang by residue) in 4.5746 (sec).
 3-Body A238-HID 12, A239-HIE 20, A240-HIE 25:       0.00211984 at      1.702 Ang (1.507 Ang by residue) in 4.6907 (sec).
 3-Body A238-HID 12, A239-HIE 20, A240-HIE 26:      -0.00744308 at      1.702 Ang (1.507 Ang by residue) in 4.7153 (sec).
 3-Body A238-HID 12, A239-HIE 24, A240-HIS 0 :       0.00241777 at      1.702 Ang (1.507 Ang by residue) in 4.5377 (sec).
 3-Body A238-HID 12, A239-HIE 24, A240-HID 1 :       0.00155630 at      1.702 Ang (1.507 Ang by residue) in 4.5534 (sec).
 3-Body A238-HID 12, A239-HIE 24, A240-HIE 2 :       0.00122629 at      1.702 Ang (1.507 Ang by residue) in 4.5641 (sec).
 3-Body A238-HID 12, A239-HIE 24, A240-HIS 3 :       0.00452149 at      1.702 Ang (1.507 Ang by residue) in 4.5245 (sec).
 3-Body A238-HID 12, A239-HIE 24, A240-HIS 4 :       0.00241759 at      1.702 Ang (1.507 Ang by residue) in 4.5861 (sec).
 3-Body A238-HID 12, A239-HIE 24, A240-HIS 8 :       0.00556602 at      1.702 Ang (1.507 Ang by residue) in 4.6889 (sec).
 3-Body A238-HID 12, A239-HIE 24, A240-HIS 9 :       0.01074887 at      1.668 Ang (1.507 Ang by residue) in 4.5739 (sec).
 3-Body A238-HID 12, A239-HIE 24, A240-HIS 10:       0.02218566 at      1.651 Ang (1.507 Ang by residue) in 4.6001 (sec).
 3-Body A238-HID 12, A239-HIE 24, A240-HID 11:       0.00360837 at      1.702 Ang (1.507 Ang by residue) in 4.6192 (sec).
 3-Body A238-HID 12, A239-HIE 24, A240-HID 12:       0.00155734 at      1.702 Ang (1.507 Ang by residue) in 4.6365 (sec).
 3-Body A238-HID 12, A239-HIE 24, A240-HID 15:       0.00095344 at      1.702 Ang (1.507 Ang by residue) in 4.7386 (sec).
 3-Body A238-HID 12, A239-HIE 24, A240-HID 16:      -0.00325676 at      1.702 Ang (1.507 Ang by residue) in 4.5280 (sec).
 3-Body A238-HID 12, A239-HIE 24, A240-HID 17:      -0.00436988 at      1.668 Ang (1.507 Ang by residue) in 4.5127 (sec).
 3-Body A238-HID 12, A239-HIE 24, A240-HID 18:       0.01101297 at      1.651 Ang (1.507 Ang by residue) in 4.6516 (sec).
 3-Body A238-HID 12, A239-HIE 24, A240-HIE 19:      -0.00071581 at      1.702 Ang (1.507 Ang by residue) in 4.6237 (sec).
 3-Body A238-HID 12, A239-HIE 24, A240-HIE 20:       0.00125603 at      1.702 Ang (1.507 Ang by residue) in 4.5344 (sec).
 3-Body A238-HID 12, A239-HIE 24, A240-HIE 23:       0.00050606 at      1.702 Ang (1.507 Ang by residue) in 4.7290 (sec).
 3-Body A238-HID 12, A239-HIE 24, A240-HIE 24:      -0.00174864 at      1.702 Ang (1.507 Ang by residue) in 4.6764 (sec).
 3-Body A238-HID 12, A239-HIE 24, A240-HIE 25:       0.00361848 at      1.669 Ang (1.507 Ang by residue) in 4.5442 (sec).
 3-Body A238-HID 12, A239-HIE 24, A240-HIE 26:      -0.00889550 at      1.702 Ang (1.507 Ang by residue) in 4.5983 (sec).
 3-Body A238-HID 12, A239-HIE 25, A240-HIS 0 :       0.00245448 at      1.702 Ang (1.507 Ang by residue) in 4.6131 (sec).
 3-Body A238-HID 12, A239-HIE 25, A240-HID 1 :       0.00164220 at      1.702 Ang (1.507 Ang by residue) in 4.6656 (sec).
 3-Body A238-HID 12, A239-HIE 25, A240-HIE 2 :       0.00132028 at      1.702 Ang (1.507 Ang by residue) in 4.4832 (sec).
 3-Body A238-HID 12, A239-HIE 25, A240-HIS 3 :       0.00454043 at      1.702 Ang (1.507 Ang by residue) in 4.5693 (sec).
 3-Body A238-HID 12, A239-HIE 25, A240-HIS 4 :       0.00245435 at      1.702 Ang (1.507 Ang by residue) in 4.5783 (sec).
 3-Body A238-HID 12, A239-HIE 25, A240-HIS 8 :       0.01047867 at      1.702 Ang (1.507 Ang by residue) in 4.6866 (sec).
 3-Body A238-HID 12, A239-HIE 25, A240-HIS 9 :       0.01372431 at      1.676 Ang (1.507 Ang by residue) in 4.5214 (sec).
 3-Body A238-HID 12, A239-HIE 25, A240-HIS 10:       0.02669112 at      1.651 Ang (1.507 Ang by residue) in 4.5601 (sec).
 3-Body A238-HID 12, A239-HIE 25, A240-HID 11:       0.00366994 at      1.702 Ang (1.507 Ang by residue) in 4.6380 (sec).
 3-Body A238-HID 12, A239-HIE 25, A240-HID 12:       0.00164277 at      1.702 Ang (1.507 Ang by residue) in 4.6967 (sec).
 3-Body A238-HID 12, A239-HIE 25, A240-HID 15:       0.00096491 at      1.702 Ang (1.507 Ang by residue) in 4.4202 (sec).
 3-Body A238-HID 12, A239-HIE 25, A240-HID 16:      -0.00004035 at      1.702 Ang (1.507 Ang by residue) in 4.5589 (sec).
 3-Body A238-HID 12, A239-HIE 25, A240-HID 17:      -0.00296242 at      1.702 Ang (1.507 Ang by residue) in 4.6009 (sec).
 3-Body A238-HID 12, A239-HIE 25, A240-HID 18:       0.01476187 at      1.651 Ang (1.507 Ang by residue) in 4.6129 (sec).
 3-Body A238-HID 12, A239-HIE 25, A240-HIE 19:      -0.00059363 at      1.702 Ang (1.507 Ang by residue) in 4.5063 (sec).
 3-Body A238-HID 12, A239-HIE 25, A240-HIE 20:       0.00135101 at      1.702 Ang (1.507 Ang by residue) in 4.4779 (sec).
 3-Body A238-HID 12, A239-HIE 25, A240-HIE 23:       0.00059773 at      1.702 Ang (1.507 Ang by residue) in 4.5763 (sec).
 3-Body A238-HID 12, A239-HIE 25, A240-HIE 24:       0.00367387 at      1.702 Ang (1.507 Ang by residue) in 4.6024 (sec).
 3-Body A238-HID 12, A239-HIE 25, A240-HIE 25:       0.00607509 at      1.676 Ang (1.507 Ang by residue) in 4.7095 (sec).
 3-Body A238-HID 12, A239-HIE 25, A240-HIE 26:      -0.00442893 at      1.687 Ang (1.507 Ang by residue) in 4.6889 (sec).
 3-Body A238-HID 12, A239-HIE 26, A240-HIS 0 :       0.00255982 at      1.702 Ang (1.507 Ang by residue) in 4.6132 (sec).
 3-Body A238-HID 12, A239-HIE 26, A240-HID 1 :       0.00159294 at      1.702 Ang (1.507 Ang by residue) in 4.6220 (sec).
 3-Body A238-HID 12, A239-HIE 26, A240-HIE 2 :       0.00123425 at      1.702 Ang (1.507 Ang by residue) in 4.5687 (sec).
 3-Body A238-HID 12, A239-HIE 26, A240-HIS 3 :       0.00463902 at      1.702 Ang (1.507 Ang by residue) in 4.5489 (sec).
 3-Body A238-HID 12, A239-HIE 26, A240-HIS 4 :       0.00255965 at      1.702 Ang (1.507 Ang by residue) in 4.5145 (sec).
 3-Body A238-HID 12, A239-HIE 26, A240-HIS 8 :       0.01317067 at      1.701 Ang (1.507 Ang by residue) in 4.5996 (sec).
 3-Body A238-HID 12, A239-HIE 26, A240-HIS 9 :       0.01467373 at      1.613 Ang (1.507 Ang by residue) in 4.5641 (sec).
 3-Body A238-HID 12, A239-HIE 26, A240-HIS 10:       0.02840614 at      1.651 Ang (1.507 Ang by residue) in 4.6031 (sec).
 3-Body A238-HID 12, A239-HIE 26, A240-HID 11:       0.00362420 at      1.702 Ang (1.507 Ang by residue) in 4.4816 (sec).
 3-Body A238-HID 12, A239-HIE 26, A240-HID 12:       0.00159352 at      1.702 Ang (1.507 Ang by residue) in 4.5507 (sec).
 3-Body A238-HID 12, A239-HIE 26, A240-HID 15:       0.00099013 at      1.702 Ang (1.507 Ang by residue) in 4.6811 (sec).
 3-Body A238-HID 12, A239-HIE 26, A240-HID 16:       0.00320264 at      1.701 Ang (1.507 Ang by residue) in 4.5240 (sec).
 3-Body A238-HID 12, A239-HIE 26, A240-HID 17:      -0.00097918 at      1.616 Ang (1.507 Ang by residue) in 4.7442 (sec).
 3-Body A238-HID 12, A239-HIE 26, A240-HID 18:       0.01576528 at      1.651 Ang (1.507 Ang by residue) in 4.5755 (sec).
 3-Body A238-HID 12, A239-HIE 26, A240-HIE 19:      -0.00067726 at      1.702 Ang (1.507 Ang by residue) in 4.6277 (sec).
 3-Body A238-HID 12, A239-HIE 26, A240-HIE 20:       0.00126384 at      1.702 Ang (1.507 Ang by residue) in 4.6073 (sec).
 3-Body A238-HID 12, A239-HIE 26, A240-HIE 23:       0.00042270 at      1.702 Ang (1.507 Ang by residue) in 4.8346 (sec).
 3-Body A238-HID 12, A239-HIE 26, A240-HIE 24:       0.00320764 at      1.698 Ang (1.507 Ang by residue) in 4.5905 (sec).
 3-Body A238-HID 12, A239-HIE 26, A240-HIE 25:       0.00747968 at      1.609 Ang (1.507 Ang by residue) in 4.6196 (sec).
 3-Body A238-HID 12, A239-HIE 26, A240-HIE 26:      -0.00299520 at      1.702 Ang (1.507 Ang by residue) in 4.5708 (sec).
 3-Body A238-HID 16, A239-HIS 0 , A240-HIS 0 :       0.04798187 at      1.647 Ang (1.507 Ang by residue) in 4.5877 (sec).
 3-Body A238-HID 16, A239-HIS 0 , A240-HID 1 :       0.02820205 at      1.647 Ang (1.507 Ang by residue) in 4.4779 (sec).
 3-Body A238-HID 16, A239-HIS 0 , A240-HIE 2 :       0.02487145 at      1.647 Ang (1.507 Ang by residue) in 4.5812 (sec).
 3-Body A238-HID 16, A239-HIS 0 , A240-HIS 3 :       0.09978331 at      1.615 Ang (1.507 Ang by residue) in 4.5871 (sec).
 3-Body A238-HID 16, A239-HIS 0 , A240-HIS 4 :       0.04797977 at      1.647 Ang (1.507 Ang by residue) in 4.4337 (sec).
 3-Body A238-HID 16, A239-HIS 0 , A240-HIS 8 :       0.13626341 at      1.638 Ang (1.507 Ang by residue) in 4.5849 (sec).
 3-Body A238-HID 16, A239-HIS 0 , A240-HIS 9 :       0.09243460 at      1.658 Ang (1.507 Ang by residue) in 4.6437 (sec).
 3-Body A238-HID 16, A239-HIS 0 , A240-HIS 10:       0.38524725 at      1.529 Ang (1.507 Ang by residue) in 4.6232 (sec).
 3-Body A238-HID 16, A239-HIS 0 , A240-HID 11:       0.08024387 at      1.616 Ang (1.507 Ang by residue) in 4.7316 (sec).
 3-Body A238-HID 16, A239-HIS 0 , A240-HID 12:       0.02781763 at      1.649 Ang (1.507 Ang by residue) in 4.7069 (sec).
 3-Body A238-HID 16, A239-HIS 0 , A240-HID 15:       0.01166402 at      1.658 Ang (1.507 Ang by residue) in 4.6288 (sec).
 3-Body A238-HID 16, A239-HIS 0 , A240-HID 16:      -0.01242652 at      1.639 Ang (1.507 Ang by residue) in 4.5406 (sec).
 3-Body A238-HID 16, A239-HIS 0 , A240-HID 17:       0.00234562 at      1.658 Ang (1.507 Ang by residue) in 4.5926 (sec).
 3-Body A238-HID 16, A239-HIS 0 , A240-HID 18:       0.24871384 at      1.529 Ang (1.507 Ang by residue) in 4.5213 (sec).
 3-Body A238-HID 16, A239-HIS 0 , A240-HIE 19:      -0.02144382 at      1.658 Ang (1.507 Ang by residue) in 4.4917 (sec).
 3-Body A238-HID 16, A239-HIS 0 , A240-HIE 20:       0.02571226 at      1.644 Ang (1.507 Ang by residue) in 4.6638 (sec).
 3-Body A238-HID 16, A239-HIS 0 , A240-HIE 23:       0.00696070 at      1.658 Ang (1.507 Ang by residue) in 4.7311 (sec).
 3-Body A238-HID 16, A239-HIS 0 , A240-HIE 24:       0.06903144 at      1.638 Ang (1.507 Ang by residue) in 4.6473 (sec).
 3-Body A238-HID 16, A239-HIS 0 , A240-HIE 25:       0.02978166 at      1.658 Ang (1.507 Ang by residue) in 4.5115 (sec).
 3-Body A238-HID 16, A239-HIS 0 , A240-HIE 26:      -0.05092628 at      1.609 Ang (1.507 Ang by residue) in 4.5016 (sec).
 3-Body A238-HID 16, A239-HID 1 , A240-HIS 0 :       0.04172104 at      1.647 Ang (1.507 Ang by residue) in 4.5424 (sec).
 3-Body A238-HID 16, A239-HID 1 , A240-HID 1 :       0.02125626 at      1.647 Ang (1.507 Ang by residue) in 4.5306 (sec).
 3-Body A238-HID 16, A239-HID 1 , A240-HIE 2 :       0.01842281 at      1.647 Ang (1.507 Ang by residue) in 4.5802 (sec).
 3-Body A238-HID 16, A239-HID 1 , A240-HIS 3 :       0.08941627 at      1.615 Ang (1.507 Ang by residue) in 4.5390 (sec).
 3-Body A238-HID 16, A239-HID 1 , A240-HIS 4 :       0.04171946 at      1.647 Ang (1.507 Ang by residue) in 4.4545 (sec).
 3-Body A238-HID 16, A239-HID 1 , A240-HIS 8 :       0.10456561 at      1.638 Ang (1.507 Ang by residue) in 4.5761 (sec).
 3-Body A238-HID 16, A239-HID 1 , A240-HIS 9 :       0.06961215 at      1.658 Ang (1.507 Ang by residue) in 4.6208 (sec).
 3-Body A238-HID 16, A239-HID 1 , A240-HIS 10:       0.33099216 at      1.529 Ang (1.507 Ang by residue) in 4.6039 (sec).
 3-Body A238-HID 16, A239-HID 1 , A240-HID 11:       0.06981633 at      1.616 Ang (1.507 Ang by residue) in 4.6709 (sec).
 3-Body A238-HID 16, A239-HID 1 , A240-HID 12:       0.02095054 at      1.649 Ang (1.507 Ang by residue) in 4.4982 (sec).
 3-Body A238-HID 16, A239-HID 1 , A240-HID 15:       0.00971153 at      1.658 Ang (1.507 Ang by residue) in 4.7129 (sec).
 3-Body A238-HID 16, A239-HID 1 , A240-HID 16:      -0.03080765 at      1.639 Ang (1.507 Ang by residue) in 4.6247 (sec).
 3-Body A238-HID 16, A239-HID 1 , A240-HID 17:      -0.01526680 at      1.658 Ang (1.507 Ang by residue) in 4.6227 (sec).
 3-Body A238-HID 16, A239-HID 1 , A240-HID 18:       0.20605301 at      1.529 Ang (1.507 Ang by residue) in 4.6865 (sec).
 3-Body A238-HID 16, A239-HID 1 , A240-HIE 19:      -0.02530217 at      1.658 Ang (1.507 Ang by residue) in 4.6134 (sec).
 3-Body A238-HID 16, A239-HID 1 , A240-HIE 20:       0.01910877 at      1.644 Ang (1.507 Ang by residue) in 4.7364 (sec).
 3-Body A238-HID 16, A239-HID 1 , A240-HIE 23:       0.00496366 at      1.658 Ang (1.507 Ang by residue) in 4.6369 (sec).
 3-Body A238-HID 16, A239-HID 1 , A240-HIE 24:       0.04050474 at      1.638 Ang (1.507 Ang by residue) in 4.5054 (sec).
 3-Body A238-HID 16, A239-HID 1 , A240-HIE 25:       0.00968818 at      1.658 Ang (1.507 Ang by residue) in 4.6269 (sec).
 3-Body A238-HID 16, A239-HID 1 , A240-HIE 26:      -0.07799205 at      1.609 Ang (1.507 Ang by residue) in 4.6107 (sec).
 3-Body A238-HID 16, A239-HIE 2 , A240-HIS 0 :       0.04105888 at      1.647 Ang (1.507 Ang by residue) in 4.6628 (sec).
 3-Body A238-HID 16, A239-HIE 2 , A240-HID 1 :       0.02290419 at      1.647 Ang (1.507 Ang by residue) in 4.5954 (sec).
 3-Body A238-HID 16, A239-HIE 2 , A240-HIE 2 :       0.01955666 at      1.647 Ang (1.507 Ang by residue) in 4.6227 (sec).
 3-Body A238-HID 16, A239-HIE 2 , A240-HIS 3 :       0.08777823 at      1.615 Ang (1.507 Ang by residue) in 4.6451 (sec).
 3-Body A238-HID 16, A239-HIE 2 , A240-HIS 4 :       0.04105682 at      1.647 Ang (1.507 Ang by residue) in 4.6036 (sec).
 3-Body A238-HID 16, A239-HIE 2 , A240-HIS 8 :       0.11429886 at      1.638 Ang (1.507 Ang by residue) in 4.5308 (sec).
 3-Body A238-HID 16, A239-HIE 2 , A240-HIS 9 :       0.07565117 at      1.658 Ang (1.507 Ang by residue) in 4.6053 (sec).
 3-Body A238-HID 16, A239-HIE 2 , A240-HIS 10:       0.34905662 at      1.529 Ang (1.507 Ang by residue) in 4.6377 (sec).
 3-Body A238-HID 16, A239-HIE 2 , A240-HID 11:       0.07002659 at      1.616 Ang (1.507 Ang by residue) in 4.6221 (sec).
 3-Body A238-HID 16, A239-HIE 2 , A240-HID 12:       0.02258782 at      1.649 Ang (1.507 Ang by residue) in 4.6281 (sec).
 3-Body A238-HID 16, A239-HIE 2 , A240-HID 15:       0.01017852 at      1.658 Ang (1.507 Ang by residue) in 4.5608 (sec).
 3-Body A238-HID 16, A239-HIE 2 , A240-HID 16:      -0.01982696 at      1.639 Ang (1.507 Ang by residue) in 4.6042 (sec).
 3-Body A238-HID 16, A239-HIE 2 , A240-HID 17:      -0.00537658 at      1.658 Ang (1.507 Ang by residue) in 4.6721 (sec).
 3-Body A238-HID 16, A239-HIE 2 , A240-HID 18:       0.22563593 at      1.529 Ang (1.507 Ang by residue) in 4.7813 (sec).
 3-Body A238-HID 16, A239-HIE 2 , A240-HIE 19:      -0.02067382 at      1.658 Ang (1.507 Ang by residue) in 4.5106 (sec).
 3-Body A238-HID 16, A239-HIE 2 , A240-HIE 20:       0.02029557 at      1.644 Ang (1.507 Ang by residue) in 4.6048 (sec).
 3-Body A238-HID 16, A239-HIE 2 , A240-HIE 23:       0.00547864 at      1.658 Ang (1.507 Ang by residue) in 4.6810 (sec).
 3-Body A238-HID 16, A239-HIE 2 , A240-HIE 24:       0.05252933 at      1.638 Ang (1.507 Ang by residue) in 4.5359 (sec).
 3-Body A238-HID 16, A239-HIE 2 , A240-HIE 25:       0.01789236 at      1.658 Ang (1.507 Ang by residue) in 4.6157 (sec).
 3-Body A238-HID 16, A239-HIE 2 , A240-HIE 26:      -0.05248521 at      1.609 Ang (1.507 Ang by residue) in 4.5608 (sec).
 3-Body A238-HID 16, A239-HIS 3 , A240-HIS 0 :       0.08702750 at      1.609 Ang (1.507 Ang by residue) in 4.7123 (sec).
 3-Body A238-HID 16, A239-HIS 3 , A240-HID 1 :       0.04929281 at      1.609 Ang (1.507 Ang by residue) in 4.7961 (sec).
 3-Body A238-HID 16, A239-HIS 3 , A240-HIE 2 :       0.04947044 at      1.609 Ang (1.507 Ang by residue) in 4.6270 (sec).
 3-Body A238-HID 16, A239-HIS 3 , A240-HIS 3 :       0.18168049 at      1.576 Ang (1.507 Ang by residue) in 4.6366 (sec).
 3-Body A238-HID 16, A239-HIS 3 , A240-HIS 4 :       0.08702561 at      1.609 Ang (1.507 Ang by residue) in 4.5918 (sec).
 3-Body A238-HID 16, A239-HIS 3 , A240-HIS 8 :       0.15501840 at      1.600 Ang (1.507 Ang by residue) in 4.6395 (sec).
 3-Body A238-HID 16, A239-HIS 3 , A240-HIS 9 :       0.11455018 at      1.620 Ang (1.507 Ang by residue) in 4.5726 (sec).
 3-Body A238-HID 16, A239-HIS 3 , A240-HIS 10:       0.46747626 at      1.480 Ang (1.507 Ang by residue) in 4.5776 (sec).
 3-Body A238-HID 16, A239-HIS 3 , A240-HID 11:       0.14971258 at      1.577 Ang (1.507 Ang by residue) in 4.5212 (sec).
 3-Body A238-HID 16, A239-HIS 3 , A240-HID 12:       0.04800706 at      1.611 Ang (1.507 Ang by residue) in 4.5150 (sec).
 3-Body A238-HID 16, A239-HIS 3 , A240-HID 15:       0.01915450 at      1.620 Ang (1.507 Ang by residue) in 4.5807 (sec).
 3-Body A238-HID 16, A239-HIS 3 , A240-HID 16:       0.00657611 at      1.601 Ang (1.507 Ang by residue) in 4.5643 (sec).
 3-Body A238-HID 16, A239-HIS 3 , A240-HID 17:       0.01518742 at      1.620 Ang (1.507 Ang by residue) in 4.5190 (sec).
 3-Body A238-HID 16, A239-HIS 3 , A240-HID 18:       0.32516268 at      1.480 Ang (1.507 Ang by residue) in 4.4576 (sec).
 3-Body A238-HID 16, A239-HIS 3 , A240-HIE 19:      -0.03769942 at      1.620 Ang (1.507 Ang by residue) in 4.7072 (sec).
 3-Body A238-HID 16, A239-HIS 3 , A240-HIE 20:       0.05116020 at      1.606 Ang (1.507 Ang by residue) in 4.5900 (sec).
 3-Body A238-HID 16, A239-HIS 3 , A240-HIE 23:       0.01231607 at      1.620 Ang (1.507 Ang by residue) in 4.5965 (sec).
 3-Body A238-HID 16, A239-HIS 3 , A240-HIE 24:       0.07540506 at      1.600 Ang (1.507 Ang by residue) in 4.7225 (sec).
 3-Body A238-HID 16, A239-HIS 3 , A240-HIE 25:       0.04229395 at      1.620 Ang (1.507 Ang by residue) in 4.6282 (sec).
 3-Body A238-HID 16, A239-HIS 3 , A240-HIE 26:      -0.12229821 at      1.570 Ang (1.507 Ang by residue) in 4.6839 (sec).
 3-Body A238-HID 16, A239-HIS 4 , A240-HIS 0 :       0.09664771 at      1.632 Ang (1.507 Ang by residue) in 4.5514 (sec).
 3-Body A238-HID 16, A239-HIS 4 , A240-HID 1 :       0.05082217 at      1.632 Ang (1.507 Ang by residue) in 4.5624 (sec).
 3-Body A238-HID 16, A239-HIS 4 , A240-HIE 2 :       0.05494842 at      1.632 Ang (1.507 Ang by residue) in 4.5515 (sec).
 3-Body A238-HID 16, A239-HIS 4 , A240-HIS 3 :       0.20582207 at      1.600 Ang (1.507 Ang by residue) in 4.6119 (sec).
 3-Body A238-HID 16, A239-HIS 4 , A240-HIS 4 :       0.09664875 at      1.632 Ang (1.507 Ang by residue) in 4.5753 (sec).
 3-Body A238-HID 16, A239-HIS 4 , A240-HIS 8 :       0.15840748 at      1.623 Ang (1.507 Ang by residue) in 4.6026 (sec).
 3-Body A238-HID 16, A239-HIS 4 , A240-HIS 9 :       0.11678838 at      1.644 Ang (1.507 Ang by residue) in 4.6075 (sec).
 3-Body A238-HID 16, A239-HIS 4 , A240-HIS 10:       0.47892277 at      1.506 Ang (1.507 Ang by residue) in 4.5636 (sec).
 3-Body A238-HID 16, A239-HIS 4 , A240-HID 11:       0.16791330 at      1.601 Ang (1.507 Ang by residue) in 4.5001 (sec).
 3-Body A238-HID 16, A239-HIS 4 , A240-HID 12:       0.04930406 at      1.634 Ang (1.507 Ang by residue) in 4.5230 (sec).
 3-Body A238-HID 16, A239-HIS 4 , A240-HID 15:       0.01974482 at      1.644 Ang (1.507 Ang by residue) in 4.4826 (sec).
 3-Body A238-HID 16, A239-HIS 4 , A240-HID 16:       0.00235871 at      1.624 Ang (1.507 Ang by residue) in 4.5807 (sec).
 3-Body A238-HID 16, A239-HIS 4 , A240-HID 17:       0.01416703 at      1.644 Ang (1.507 Ang by residue) in 4.6865 (sec).
 3-Body A238-HID 16, A239-HIS 4 , A240-HID 18:       0.33066308 at      1.505 Ang (1.507 Ang by residue) in 4.6605 (sec).
 3-Body A238-HID 16, A239-HIS 4 , A240-HIE 19:      -0.04093270 at      1.644 Ang (1.507 Ang by residue) in 4.6237 (sec).
 3-Body A238-HID 16, A239-HIS 4 , A240-HIE 20:       0.05674057 at      1.629 Ang (1.507 Ang by residue) in 4.6600 (sec).
 3-Body A238-HID 16, A239-HIS 4 , A240-HIE 23:       0.01248982 at      1.644 Ang (1.507 Ang by residue) in 4.7166 (sec).
 3-Body A238-HID 16, A239-HIS 4 , A240-HIE 24:       0.07564006 at      1.623 Ang (1.507 Ang by residue) in 4.6839 (sec).
 3-Body A238-HID 16, A239-HIS 4 , A240-HIE 25:       0.04104059 at      1.644 Ang (1.507 Ang by residue) in 4.7120 (sec).
 3-Body A238-HID 16, A239-HIS 4 , A240-HIE 26:      -0.12081942 at      1.594 Ang (1.507 Ang by residue) in 4.5688 (sec).
 3-Body A238-HID 16, A239-HIS 9 , A240-HIS 0 :       0.02098827 at      1.647 Ang (1.507 Ang by residue) in 4.7289 (sec).
 3-Body A238-HID 16, A239-HIS 9 , A240-HID 1 :       0.01302420 at      1.647 Ang (1.507 Ang by residue) in 4.6152 (sec).
 3-Body A238-HID 16, A239-HIS 9 , A240-HIE 2 :       0.01053820 at      1.647 Ang (1.507 Ang by residue) in 4.5307 (sec).
 3-Body A238-HID 16, A239-HIS 9 , A240-HIS 3 :       0.04685153 at      1.615 Ang (1.507 Ang by residue) in 4.5559 (sec).
 3-Body A238-HID 16, A239-HIS 9 , A240-HIS 4 :       0.02098937 at      1.647 Ang (1.507 Ang by residue) in 4.5628 (sec).
 3-Body A238-HID 16, A239-HIS 9 , A240-HIS 8 :       0.10467364 at      1.627 Ang (1.507 Ang by residue) in 4.6302 (sec).
 3-Body A238-HID 16, A239-HIS 9 , A240-HIS 9 :       0.10691510 at      1.629 Ang (1.507 Ang by residue) in 4.6426 (sec).
 3-Body A238-HID 16, A239-HIS 9 , A240-HIS 10:       0.23827928 at      1.477 Ang (1.507 Ang by residue) in 4.6688 (sec).
 3-Body A238-HID 16, A239-HIS 9 , A240-HID 11:       0.03696990 at      1.616 Ang (1.507 Ang by residue) in 4.6252 (sec).
 3-Body A238-HID 16, A239-HIS 9 , A240-HID 12:       0.01307199 at      1.649 Ang (1.507 Ang by residue) in 4.4287 (sec).
 3-Body A238-HID 16, A239-HIS 9 , A240-HID 15:       0.00665146 at      1.658 Ang (1.507 Ang by residue) in 4.4359 (sec).
 3-Body A238-HID 16, A239-HIS 9 , A240-HID 16:       0.03350569 at      1.639 Ang (1.507 Ang by residue) in 4.4398 (sec).
 3-Body A238-HID 16, A239-HIS 9 , A240-HID 17:       0.01852471 at      1.658 Ang (1.507 Ang by residue) in 4.5143 (sec).
 3-Body A238-HID 16, A239-HIS 9 , A240-HID 18:       0.15657657 at      1.479 Ang (1.507 Ang by residue) in 4.7112 (sec).
 3-Body A238-HID 16, A239-HIS 9 , A240-HIE 19:      -0.01076154 at      1.658 Ang (1.507 Ang by residue) in 4.5870 (sec).
 3-Body A238-HID 16, A239-HIS 9 , A240-HIE 20:       0.01077816 at      1.644 Ang (1.507 Ang by residue) in 4.6674 (sec).
 3-Body A238-HID 16, A239-HIS 9 , A240-HIE 23:       0.00373362 at      1.658 Ang (1.507 Ang by residue) in 4.5342 (sec).
 3-Body A238-HID 16, A239-HIS 9 , A240-HIE 24:       0.06004716 at      1.627 Ang (1.507 Ang by residue) in 4.4821 (sec).
 3-Body A238-HID 16, A239-HIS 9 , A240-HIE 25:       0.06013648 at      1.630 Ang (1.507 Ang by residue) in 4.6258 (sec).
 3-Body A238-HID 16, A239-HIS 9 , A240-HIE 26:      -0.00339939 at      1.515 Ang (1.507 Ang by residue) in 4.4644 (sec).
 3-Body A238-HID 16, A239-HIS 10, A240-HIS 0 :       0.02097934 at      1.647 Ang (1.507 Ang by residue) in 4.3496 (sec).
 3-Body A238-HID 16, A239-HIS 10, A240-HID 1 :       0.01231468 at      1.647 Ang (1.507 Ang by residue) in 4.6751 (sec).
 3-Body A238-HID 16, A239-HIS 10, A240-HIE 2 :       0.00970203 at      1.647 Ang (1.507 Ang by residue) in 4.6813 (sec).
 3-Body A238-HID 16, A239-HIS 10, A240-HIS 3 :       0.04693912 at      1.615 Ang (1.507 Ang by residue) in 4.5575 (sec).
 3-Body A238-HID 16, A239-HIS 10, A240-HIS 4 :       0.02098053 at      1.647 Ang (1.507 Ang by residue) in 4.6554 (sec).
 3-Body A238-HID 16, A239-HIS 10, A240-HIS 8 :       0.08625767 at      1.637 Ang (1.507 Ang by residue) in 4.6705 (sec).
 3-Body A238-HID 16, A239-HIS 10, A240-HIS 9 :       0.08989147 at      1.565 Ang (1.507 Ang by residue) in 4.6151 (sec).
 3-Body A238-HID 16, A239-HIS 10, A240-HIS 10:       0.21966520 at      1.528 Ang (1.507 Ang by residue) in 4.6563 (sec).
 3-Body A238-HID 16, A239-HIS 10, A240-HID 11:       0.03641893 at      1.616 Ang (1.507 Ang by residue) in 4.6444 (sec).
 3-Body A238-HID 16, A239-HIS 10, A240-HID 12:       0.01236408 at      1.649 Ang (1.507 Ang by residue) in 4.5306 (sec).
 3-Body A238-HID 16, A239-HIS 10, A240-HID 15:       0.00652179 at      1.658 Ang (1.507 Ang by residue) in 4.6463 (sec).
 3-Body A238-HID 16, A239-HIS 10, A240-HID 16:       0.03008060 at      1.637 Ang (1.507 Ang by residue) in 4.5892 (sec).
 3-Body A238-HID 16, A239-HIS 10, A240-HID 17:       0.01061290 at      1.567 Ang (1.507 Ang by residue) in 4.4550 (sec).
 3-Body A238-HID 16, A239-HIS 10, A240-HID 18:       0.13965366 at      1.528 Ang (1.507 Ang by residue) in 4.5153 (sec).
 3-Body A238-HID 16, A239-HIS 10, A240-HIE 19:      -0.01169165 at      1.658 Ang (1.507 Ang by residue) in 4.7877 (sec).
 3-Body A238-HID 16, A239-HIS 10, A240-HIE 20:       0.00993284 at      1.644 Ang (1.507 Ang by residue) in 4.6189 (sec).
 3-Body A238-HID 16, A239-HIS 10, A240-HIE 23:       0.00260267 at      1.658 Ang (1.507 Ang by residue) in 4.6074 (sec).
 3-Body A238-HID 16, A239-HIS 10, A240-HIE 24:       0.03053243 at      1.634 Ang (1.507 Ang by residue) in 4.5401 (sec).
 3-Body A238-HID 16, A239-HIS 10, A240-HIE 25:       0.04643660 at      1.561 Ang (1.507 Ang by residue) in 4.7467 (sec).
 3-Body A238-HID 16, A239-HIS 10, A240-HIE 26:      -0.01835497 at      1.609 Ang (1.507 Ang by residue) in 4.5326 (sec).
 3-Body A238-HID 16, A239-HID 11, A240-HIS 0 :       0.08508352 at      1.624 Ang (1.507 Ang by residue) in 4.5987 (sec).
 3-Body A238-HID 16, A239-HID 11, A240-HID 1 :       0.03714940 at      1.624 Ang (1.507 Ang by residue) in 4.6792 (sec).
 3-Body A238-HID 16, A239-HID 11, A240-HIE 2 :       0.03990799 at      1.624 Ang (1.507 Ang by residue) in 4.7605 (sec).
 3-Body A238-HID 16, A239-HID 11, A240-HIS 3 :       0.17262835 at      1.592 Ang (1.507 Ang by residue) in 4.4924 (sec).
 3-Body A238-HID 16, A239-HID 11, A240-HIS 4 :       0.08508194 at      1.624 Ang (1.507 Ang by residue) in 4.6296 (sec).
 3-Body A238-HID 16, A239-HID 11, A240-HIS 8 :       0.13404041 at      1.615 Ang (1.507 Ang by residue) in 4.5604 (sec).
 3-Body A238-HID 16, A239-HID 11, A240-HIS 9 :       0.09901191 at      1.635 Ang (1.507 Ang by residue) in 4.5566 (sec).
 3-Body A238-HID 16, A239-HID 11, A240-HIS 10:       0.42458521 at      1.497 Ang (1.507 Ang by residue) in 4.6677 (sec).
 3-Body A238-HID 16, A239-HID 11, A240-HID 11:       0.13282254 at      1.593 Ang (1.507 Ang by residue) in 4.5827 (sec).
 3-Body A238-HID 16, A239-HID 11, A240-HID 12:       0.03590377 at      1.626 Ang (1.507 Ang by residue) in 4.5727 (sec).
 3-Body A238-HID 16, A239-HID 11, A240-HID 15:       0.01637787 at      1.635 Ang (1.507 Ang by residue) in 4.7444 (sec).
 3-Body A238-HID 16, A239-HID 11, A240-HID 16:      -0.01710235 at      1.616 Ang (1.507 Ang by residue) in 4.7751 (sec).
 3-Body A238-HID 16, A239-HID 11, A240-HID 17:      -0.00699126 at      1.635 Ang (1.507 Ang by residue) in 4.5379 (sec).
 3-Body A238-HID 16, A239-HID 11, A240-HID 18:       0.28305882 at      1.496 Ang (1.507 Ang by residue) in 4.5864 (sec).
 3-Body A238-HID 16, A239-HID 11, A240-HIE 19:      -0.04790222 at      1.635 Ang (1.507 Ang by residue) in 4.6442 (sec).
 3-Body A238-HID 16, A239-HID 11, A240-HIE 20:       0.04143492 at      1.621 Ang (1.507 Ang by residue) in 4.6291 (sec).
 3-Body A238-HID 16, A239-HID 11, A240-HIE 23:       0.00918724 at      1.635 Ang (1.507 Ang by residue) in 4.4362 (sec).
 3-Body A238-HID 16, A239-HID 11, A240-HIE 24:       0.04771955 at      1.615 Ang (1.507 Ang by residue) in 4.5042 (sec).
 3-Body A238-HID 16, A239-HID 11, A240-HIE 25:       0.01772116 at      1.635 Ang (1.507 Ang by residue) in 4.6473 (sec).
 3-Body A238-HID 16, A239-HID 11, A240-HIE 26:      -0.15103397 at      1.585 Ang (1.507 Ang by residue) in 4.5149 (sec).
 3-Body A238-HID 16, A239-HID 12, A240-HIS 0 :       0.09350462 at      1.634 Ang (1.507 Ang by residue) in 4.5246 (sec).
 3-Body A238-HID 16, A239-HID 12, A240-HID 1 :       0.03871812 at      1.634 Ang (1.507 Ang by residue) in 4.5193 (sec).
 3-Body A238-HID 16, A239-HID 12, A240-HIE 2 :       0.04524120 at      1.634 Ang (1.507 Ang by residue) in 4.5215 (sec).
 3-Body A238-HID 16, A239-HID 12, A240-HIS 3 :       0.19966831 at      1.602 Ang (1.507 Ang by residue) in 4.5754 (sec).
 3-Body A238-HID 16, A239-HID 12, A240-HIS 4 :       0.09350669 at      1.634 Ang (1.507 Ang by residue) in 4.5634 (sec).
 3-Body A238-HID 16, A239-HID 12, A240-HIS 8 :       0.14080500 at      1.625 Ang (1.507 Ang by residue) in 4.6666 (sec).
 3-Body A238-HID 16, A239-HID 12, A240-HIS 9 :       0.10471222 at      1.645 Ang (1.507 Ang by residue) in 4.6220 (sec).
 3-Body A238-HID 16, A239-HID 12, A240-HIS 10:       0.44801353 at      1.508 Ang (1.507 Ang by residue) in 4.6107 (sec).
 3-Body A238-HID 16, A239-HID 12, A240-HID 11:       0.15549691 at      1.603 Ang (1.507 Ang by residue) in 4.6267 (sec).
 3-Body A238-HID 16, A239-HID 12, A240-HID 12:       0.03716366 at      1.636 Ang (1.507 Ang by residue) in 4.5835 (sec).
 3-Body A238-HID 16, A239-HID 12, A240-HID 15:       0.01738187 at      1.645 Ang (1.507 Ang by residue) in 4.4775 (sec).
 3-Body A238-HID 16, A239-HID 12, A240-HID 16:      -0.02376796 at      1.626 Ang (1.507 Ang by residue) in 4.6972 (sec).
 3-Body A238-HID 16, A239-HID 12, A240-HID 17:      -0.00891690 at      1.645 Ang (1.507 Ang by residue) in 4.6074 (sec).
 3-Body A238-HID 16, A239-HID 12, A240-HID 18:       0.29556102 at      1.507 Ang (1.507 Ang by residue) in 4.6247 (sec).
 3-Body A238-HID 16, A239-HID 12, A240-HIE 19:      -0.05446140 at      1.645 Ang (1.507 Ang by residue) in 4.6552 (sec).
 3-Body A238-HID 16, A239-HID 12, A240-HIE 20:       0.04685628 at      1.631 Ang (1.507 Ang by residue) in 4.5378 (sec).
 3-Body A238-HID 16, A239-HID 12, A240-HIE 23:       0.00936228 at      1.645 Ang (1.507 Ang by residue) in 4.4717 (sec).
 3-Body A238-HID 16, A239-HID 12, A240-HIE 24:       0.04938340 at      1.625 Ang (1.507 Ang by residue) in 4.6248 (sec).
 3-Body A238-HID 16, A239-HID 12, A240-HIE 25:       0.01888552 at      1.645 Ang (1.507 Ang by residue) in 4.5329 (sec).
 3-Body A238-HID 16, A239-HID 12, A240-HIE 26:      -0.14892369 at      1.596 Ang (1.507 Ang by residue) in 4.5889 (sec).
 3-Body A238-HID 16, A239-HID 16, A240-HIS 0 :       0.01788083 at      1.647 Ang (1.507 Ang by residue) in 4.6004 (sec).
 3-Body A238-HID 16, A239-HID 16, A240-HID 1 :       0.00976362 at      1.647 Ang (1.507 Ang by residue) in 4.6160 (sec).
 3-Body A238-HID 16, A239-HID 16, A240-HIE 2 :       0.00693649 at      1.647 Ang (1.507 Ang by residue) in 4.4930 (sec).
 3-Body A238-HID 16, A239-HID 16, A240-HIS 3 :       0.04190705 at      1.615 Ang (1.507 Ang by residue) in 4.6121 (sec).
 3-Body A238-HID 16, A239-HID 16, A240-HIS 4 :       0.01788262 at      1.647 Ang (1.507 Ang by residue) in 4.5556 (sec).
 3-Body A238-HID 16, A239-HID 16, A240-HIS 8 :       0.06172249 at      1.638 Ang (1.507 Ang by residue) in 4.5328 (sec).
 3-Body A238-HID 16, A239-HID 16, A240-HIS 9 :       0.07103427 at      1.619 Ang (1.507 Ang by residue) in 4.6520 (sec).
 3-Body A238-HID 16, A239-HID 16, A240-HIS 10:       0.18477210 at      1.528 Ang (1.507 Ang by residue) in 4.6406 (sec).
 3-Body A238-HID 16, A239-HID 16, A240-HID 11:       0.03219512 at      1.616 Ang (1.507 Ang by residue) in 4.5352 (sec).
 3-Body A238-HID 16, A239-HID 16, A240-HID 12:       0.00986622 at      1.649 Ang (1.507 Ang by residue) in 4.6796 (sec).
 3-Body A238-HID 16, A239-HID 16, A240-HID 15:       0.00745679 at      1.658 Ang (1.507 Ang by residue) in 4.5276 (sec).
 3-Body A238-HID 16, A239-HID 16, A240-HID 16:       0.01389525 at      1.639 Ang (1.507 Ang by residue) in 4.5663 (sec).
 3-Body A238-HID 16, A239-HID 16, A240-HID 17:      -0.00338902 at      1.620 Ang (1.507 Ang by residue) in 4.6038 (sec).
 3-Body A238-HID 16, A239-HID 16, A240-HID 18:       0.11682782 at      1.528 Ang (1.507 Ang by residue) in 4.6752 (sec).
 3-Body A238-HID 16, A239-HID 16, A240-HIE 19:      -0.01326349 at      1.658 Ang (1.507 Ang by residue) in 4.5546 (sec).
 3-Body A238-HID 16, A239-HID 16, A240-HIE 20:       0.00706361 at      1.644 Ang (1.507 Ang by residue) in 4.6105 (sec).
 3-Body A238-HID 16, A239-HID 16, A240-HIE 23:       0.00341796 at      1.658 Ang (1.507 Ang by residue) in 4.5258 (sec).
 3-Body A238-HID 16, A239-HID 16, A240-HIE 24:       0.01801222 at      1.638 Ang (1.507 Ang by residue) in 4.7708 (sec).
 3-Body A238-HID 16, A239-HID 16, A240-HIE 25:       0.02882501 at      1.616 Ang (1.507 Ang by residue) in 4.5671 (sec).
 3-Body A238-HID 16, A239-HID 16, A240-HIE 26:      -0.03980458 at      1.609 Ang (1.507 Ang by residue) in 4.7127 (sec).
 3-Body A238-HID 16, A239-HID 17, A240-HIS 0 :       0.01540058 at      1.647 Ang (1.507 Ang by residue) in 4.6528 (sec).
 3-Body A238-HID 16, A239-HID 17, A240-HID 1 :       0.00796371 at      1.647 Ang (1.507 Ang by residue) in 4.4890 (sec).
 3-Body A238-HID 16, A239-HID 17, A240-HIE 2 :       0.00550807 at      1.647 Ang (1.507 Ang by residue) in 4.5337 (sec).
 3-Body A238-HID 16, A239-HID 17, A240-HIS 3 :       0.03942216 at      1.615 Ang (1.507 Ang by residue) in 4.4832 (sec).
 3-Body A238-HID 16, A239-HID 17, A240-HIS 4 :       0.01540203 at      1.647 Ang (1.507 Ang by residue) in 4.4532 (sec).
 3-Body A238-HID 16, A239-HID 17, A240-HIS 8 :       0.06017729 at      1.625 Ang (1.507 Ang by residue) in 4.5581 (sec).
