 Evaluating /Dedicated/schnieders/programs/stack-2021.1.sh
  Loading Modules
   Stack 2021.1
   GCC 9.3.0
   CMake 3.20.0
   Eigen 3.3.9
   Cuda 11.1.1
   Cuda: /usr/share/apps/2021.1/arch/gcc-9.3.0/cuda-11.1.1
   CudaNN 8.0.5.39-11.1
   Swig 4.0.2_gcc-9.3.0
  Loading software from /Dedicated/schnieders/programs/local
   Ant: /Dedicated/schnieders/programs/apache-ant-1.10.11
   FFX: /Dedicated/schnieders/programs/ffx-builds/forcefieldx-2026-01-04
   GDMA: /Dedicated/schnieders/programs/gdma-2.3
   Groovy: /Dedicated/schnieders/programs/groovy-4.0.1
   Java: /Dedicated/schnieders/programs/jdk-25.0.1
   Maven: /Dedicated/schnieders/programs/apache-maven-3.9.5
   VMD: /Dedicated/schnieders/programs/vmd
   NAMD: /Dedicated/schnieders/programs/NAMD_3.0alpha7_Linux-x86_64-multicore-CUDA
   OpenEye: /Dedicated/schnieders/programs/OpenEye
   Tinker: /Dedicated/schnieders/programs/tinker-tools
=== Titration pH 8.55 started: Sat May  2 04:02:09 CDT 2026 ===
  Copy already exists, skipping.
WARNING: Using incubator modules: jdk.incubator.vector
  Restart file found: /Dedicated/schnieders/maemmad/pKa_GNN/ffx_pipeline/data/fixed_pdbs/1EGO/1EGO_pH8.55.restart — adding --eR
WARNING: Using incubator modules: jdk.incubator.vector
 _________________________________________________________________________

        FORCE FIELD X - Polyglot Software for Molecular Biophysics 

        Version 1.0.0-6947  April 2026 
        Git Revision  519408079905b3dd4b967041b75b836f63fb563f 
 
        Please cite the following reference when using Force Field X:

        RA Gogal, AJ Nessler, AC Thiel, HV Bernabe, RA Corrigan Grove,
        LM Cousineau, JM Litman, JM Miller, G Qi, MJ Speranza,
        MR Tollefson, TD Fenn, JJ Michaelson, O Okada, JP Piquemal,
        JW Ponder, J Shen, RJH Smith, W Yang, P Ren and MJ Schnieders,
        2024, Journal of Chemical Physics, 161 (1).

        Copyright (c)  Michael J. Schnieders  2001-2025
        All Rights Reserved

        Force Field X is distributed under the GPL v. 3 license
        with linking exception and is hosted by the Schnieders Lab
        at The University of Iowa.

        User Manual:   https://ffx.biochem.uiowa.edu/manual.html
        Publications:  https://ffx.biochem.uiowa.edu/publications.html
        License:       https://ffx.biochem.uiowa.edu/licenses.html

 _________________________________________________________________________

 Sat May 02 04:02:40 CDT 2026
 Process ID 225092 on argon-itf-bx54-03.hpc.

 Command line arguments:
 [ManyBody, --tR, --pH, 8.55, --oT, -T, --kPH, 3.0, --eR, /Dedicated/schnieders/maemmad/pKa_GNN/ffx_pipeline/data/fixed_pdbs/1EGO/1EGO_pH8.55.restart, /Dedicated/schnieders/maemmad/pKa_GNN/ffx_pipeline/data/fixed_pdbs/1EGO/1EGO_pH8.55.pdb]

 Executing internal command: ffx.algorithms.commands.ManyBody

 Parsing: Internal force field (amoeba-bio-2018-cphmd).
 Parsing: Structure properties from (/Dedicated/schnieders/maemmad/pKa_GNN/ffx_pipeline/data/fixed_pdbs/1EGO/titrate.properties).
 Parsing: JVM system properties (i.e. command line -Dkey=value pairs).

 Attempting to read force field patch from /Dedicated/schnieders/maemmad/pKa_GNN/naphosphate_solute.09Feb21.prm.

 Renumbering Patch: FALSE
 Reading 1EGO_pH8.55.pdb

 Assigning atom types for 1 chains.
 Amino acid chain A
 Constructing Force Field AMOEBA-BIO-2018-CPHMD

 SMP threads:                                20
 The system will be treated as aperiodic (max separation =   42.4 A).

 Bonded Terms
  Bonds:                                   1354
  Angles:                                  2440
  Stretch-Bends:                           2161
  Out-of-Plane Bends:                       843
  Torsions:                                3576
  Pi-Orbital Torsions:                      157
  Torsion-Torsions:                           6

 Non-Bonded Terms

  Van der Waals
   Cut-Off:                                NONE
   Long-Range Correction:                 FALSE

 Electrostatics
   Polarization:                         MUTUAL
    SCF Convergence Criteria:         1.000e-06
    SCF Predictor:                         NONE
    SCF Algorithm:                           CG
    CG Preconditioner Cut-Off:            4.500
    CG Preconditioner Ewald Coeff.:       0.000
    CG Preconditioner Scale:              2.000
    CG Preconditioner Mode:     FLETCHER_REEVES
    Electrostatics Cut-Off:                NONE

  Continuum Solvation
   Radii:                                SOLUTE
   Generalized Kirkwood Cut-Off:           NONE
   GKC:                                  2.4550
   Solvent Dielectric:                  78.3000
   Solute Dielectric:                    2.0000
   Descreen with vdW Radii:                TRUE
   Descreen with Hydrogen Atoms:          FALSE
   Descreen Offset:                      0.0000
   General HCT Scale Factor:             0.7200
   Non-Polar Model:                  GAUSS-DISP
    GaussVol Radii Offset:               0.0000
    GaussVol Radii Scale:                1.0000
   Dispersion Integral Offset:           1.0560 (A)
   Cavitation Solvent Pressure:          0.0334 (Kcal/mol/A^3)
   Cavitation Surface Tension:           0.1030 (Kcal/mol/A^2)
   Cavitation Cross-Over Radius:         9.2515 (A)

  Overall system charge:                 -3.000

 Opened 1EGO_pH8.55.pdb in 0.952 sec.

 System Resources
  Total CPU time:          18.48 (sec)
  System load average:     27.91
  Open file handles:         146 of  81920 allowed
  System memory:           44917 MB free out of  45940 MB
  System swap space:        2053 MB free out of   2053 MB
  JVM memory:               4044 MB free out of   4096 MB

 Adding titration hydrogen to : /Dedicated/schnieders/maemmad/pKa_GNN/ffx_pipeline/data/fixed_pdbs/1EGO/1EGO_pH8.55.pdb

 Reading 1EGO_pH8.55.pdb

 Assigning atom types for 1 chains.
 Amino acid chain A
 Renumbering PDB file due to built atoms (1355 vs 1341)
 Total number of atoms: 1355

 Constructing Force Field AMOEBA-BIO-2018-CPHMD

 SMP threads:                                20
 The system will be treated as aperiodic (max separation =   42.9 A).

 Bonded Terms
  Bonds:                                   1368
  Angles:                                  2454
  Stretch-Bends:                           2161
  Out-of-Plane Bends:                       843
  Torsions:                                3604
  Pi-Orbital Torsions:                      157
  Torsion-Torsions:                           6

 Non-Bonded Terms

  Van der Waals
   Cut-Off:                                NONE
   Long-Range Correction:                 FALSE

 Electrostatics
   Polarization:                         MUTUAL
    SCF Convergence Criteria:         1.000e-06
    SCF Predictor:                         NONE
    SCF Algorithm:                           CG
    CG Preconditioner Cut-Off:            4.500
    CG Preconditioner Ewald Coeff.:       0.000
    CG Preconditioner Scale:              2.000
    CG Preconditioner Mode:     FLETCHER_REEVES
    Electrostatics Cut-Off:                NONE

  Continuum Solvation
   Radii:                                SOLUTE
   Generalized Kirkwood Cut-Off:           NONE
   GKC:                                  2.4550
   Solvent Dielectric:                  78.3000
   Solute Dielectric:                    2.0000
   Descreen with vdW Radii:                TRUE
   Descreen with Hydrogen Atoms:          FALSE
   Descreen Offset:                      0.0000
   General HCT Scale Factor:             0.7200
   Non-Polar Model:                  GAUSS-DISP
    GaussVol Radii Offset:               0.0000
    GaussVol Radii Scale:                1.0000
   Dispersion Integral Offset:           1.0560 (A)
   Cavitation Solvent Pressure:          0.0334 (Kcal/mol/A^3)
   Cavitation Surface Tension:           0.1030 (Kcal/mol/A^2)
   Cavitation Cross-Over Radius:         9.2515 (A)

  Overall system charge:                 11.000
 Temperature: 298.150000

 Energy restart file: 1EGO_pH8.55.restart

 Initial Potential Energy:
 Generalized Kirkwood  -1137.87731028      0.067
 Cavitation              871.11857612      0.046
 Dispersion             -587.32191615      0.131

 Computed Potential Energy
  Bond Stretching            192.67220607         1368        0.002 ( 0.01865)
  Angle Bending              309.47753296         2454        0.008 ( 2.82691)
  Stretch-Bend                -2.89622584         2161        0.006
  Out-of-Plane Bend           14.46014337          843        0.001
  Torsional Angle            140.65670856         3604        0.004
  Pi-Orbital Torsion          13.12992239          157        0.000
  Torsion-Torsion            -12.19466933            6        0.000
  Van der Waals              332.20527670       913513        0.304
  Atomic Multipoles         -490.88106605       913513
  Polarization              -105.90971102       913513        0.842
  Solvation                 -854.08065032       918690
  Total Potential           -463.36053252  (Kcal/mole)        1.167 (sec)

 Initial Rotamer Torsion Angles:

 Residue    Current Torsional Angles
 A   11-CYS  -40.334    0.000    0.000    0.000
 A   14-CYS  -56.095    0.000    0.000    0.000
 A   18-LYS  160.331 -100.184  169.613  -63.465
 A   19-ASH  -63.912  -18.163    0.000    0.000
 A   22-GLH -178.059  176.396  -38.116    0.000
 A   23-LYS -163.583  -85.407  -54.634 -165.936
 A   27-GLH  -66.832  172.377  -14.717    0.000
 A   29-ASH  -37.309  -28.797    0.000    0.000
 A   30-ASH -170.124   18.843    0.000    0.000
 A   37-ASH -178.895  -16.967    0.000    0.000
 A   41-GLH  -64.997  -65.013  -39.990    0.000
 A   45-LYS  -37.616   84.099   88.084  -62.841
 A   46-GLH  -72.228   62.537   27.661    0.000
 A   47-ASH  -54.758  -59.232    0.000    0.000
 A   51-LYS  -67.004 -179.997 -180.000 -179.994
 A   54-LYS -164.148 -166.698 -174.333   34.170
 A   57-GLH   70.145 -178.267  -62.056    0.000
 A   65-ASH  -65.443  -10.886    0.000    0.000
 A   68-HIS   62.018   79.984    0.000    0.000
 A   74-ASH   42.340  -92.514    0.000    0.000
 A   80-LYS -146.745  -81.003  125.994  -53.297
 A   81-GLH  -67.196  167.296  -26.437    0.000
 A   84-ASH  -57.689   -8.246    0.000    0.000

 Rotamer Library:     Richardson
 Algorithm:           ALL
 Goldstein Criteria:  true
 Three-Body Energies: true


 Computing Residue Distance Matrix
 Built residue neighbor list:              0.002 sec
 Pairwise distance matrix:               148.735 sec

 Beginning Energy   -1185.05286937

     Residue  Nrot
   1  A11-CYS   11
   2  A14-CYS   11
   3  A18-LYS   56
   4  A19-ASH   27
   5  A22-GLH   42
   6  A23-LYS   56
   7  A27-GLH   42
   8  A29-ASH   27
   9  A30-ASH   27
  10  A37-ASH   27
  11  A41-GLH   42
  12  A45-LYS   56
  13  A46-GLH   42
  14  A47-ASH   27
  15  A51-LYS   56
  16  A54-LYS   56
  17  A57-GLH   42
  18  A65-ASH   27
  19  A68-HIS   27
  20  A74-ASH   27
  21  A80-LYS   56
  22  A81-GLH   42
  23  A84-ASH   27

 Backbone energy:     -350.09277485

 Loaded self energies from restart file.
  Rotamer (A14-CYS, 2) self-energy      84.96748962 pruned by (A14-CYD, 1)      -4.44301534.
  Rotamer (A14-CYS, 3) self-energy      96.97499096 pruned by (A14-CYD, 1)      -4.44301534.
  Rotamer (A14-CYS, 5) self-energy      84.96748962 pruned by (A14-CYD, 1)      -4.44301534.
  Rotamer (A14-CYS, 6) self-energy      96.97499096 pruned by (A14-CYD, 1)      -4.44301534.
  Rotamer (A14-CYD, 8) self-energy      45.92719461 pruned by (A14-CYD, 1)      -4.44301534.
  Rotamer (A14-CYD, 9) self-energy      29.47001398 pruned by (A14-CYD, 1)      -4.44301534.
  Rotamer (A18-LYD, 2) self-energy      98.40826390 pruned by (A18-LYS, 0)     -17.66240542.
  Rotamer (A18-LYD, 3) self-energy    7214.71545017 pruned by (A18-LYS, 0)     -17.66240542.
  Rotamer (A18-LYD, 4) self-energy     815.21744562 pruned by (A18-LYS, 0)     -17.66240542.
  Rotamer (A18-LYD, 5) self-energy   25902.85659781 pruned by (A18-LYS, 0)     -17.66240542.
  Rotamer (A18-LYD, 6) self-energy      56.16393291 pruned by (A18-LYS, 0)     -17.66240542.
  Rotamer (A18-LYD, 7) self-energy      83.34200899 pruned by (A18-LYS, 0)     -17.66240542.
  Rotamer (A18-LYD, 8) self-energy    2389.39459114 pruned by (A18-LYS, 0)     -17.66240542.
  Rotamer (A18-LYD, 9) self-energy     115.78523567 pruned by (A18-LYS, 0)     -17.66240542.
  Rotamer (A18-LYD,15) self-energy    1755.24974963 pruned by (A18-LYS, 0)     -17.66240542.
  Rotamer (A18-LYD,16) self-energy    6013.72425798 pruned by (A18-LYS, 0)     -17.66240542.
  Rotamer (A18-LYD,17) self-energy     455.73886463 pruned by (A18-LYS, 0)     -17.66240542.
  Rotamer (A18-LYD,18) self-energy    1375.03682436 pruned by (A18-LYS, 0)     -17.66240542.
  Rotamer (A18-LYD,19) self-energy    1366.67977342 pruned by (A18-LYS, 0)     -17.66240542.
  Rotamer (A18-LYD,20) self-energy    7043.28397670 pruned by (A18-LYS, 0)     -17.66240542.
  Rotamer (A18-LYD,21) self-energy   56762.76436468 pruned by (A18-LYS, 0)     -17.66240542.
  Rotamer (A18-LYD,22) self-energy    7828.64496627 pruned by (A18-LYS, 0)     -17.66240542.
  Rotamer (A18-LYD,23) self-energy    2546.98901776 pruned by (A18-LYS, 0)     -17.66240542.
  Rotamer (A18-LYD,24) self-energy    2238.84449453 pruned by (A18-LYS, 0)     -17.66240542.
  Rotamer (A18-LYD,25) self-energy    8366.67938019 pruned by (A18-LYS, 0)     -17.66240542.
  Rotamer (A18-LYD,26) self-energy     304.80038934 pruned by (A18-LYS, 0)     -17.66240542.
  Rotamer (A18-LYD,27) self-energy     709.72817445 pruned by (A18-LYS, 0)     -17.66240542.
  Rotamer (A18-LYD,28) self-energy     348.82890696 pruned by (A18-LYS, 0)     -17.66240542.
  Rotamer (A18-LYS,29) self-energy      93.36411781 pruned by (A18-LYS, 0)     -17.66240542.
  Rotamer (A18-LYS,30) self-energy   30582.61781085 pruned by (A18-LYS, 0)     -17.66240542.
  Rotamer (A18-LYS,31) self-energy     809.47644712 pruned by (A18-LYS, 0)     -17.66240542.
  Rotamer (A18-LYS,32) self-energy   26017.56633861 pruned by (A18-LYS, 0)     -17.66240542.
  Rotamer (A18-LYS,33) self-energy      45.56106819 pruned by (A18-LYS, 0)     -17.66240542.
  Rotamer (A18-LYS,34) self-energy      73.52295557 pruned by (A18-LYS, 0)     -17.66240542.
  Rotamer (A18-LYS,35) self-energy   52070.01146529 pruned by (A18-LYS, 0)     -17.66240542.
  Rotamer (A18-LYS,36) self-energy     106.61866067 pruned by (A18-LYS, 0)     -17.66240542.
  Rotamer (A18-LYS,42) self-energy    1742.23046977 pruned by (A18-LYS, 0)     -17.66240542.
  Rotamer (A18-LYS,43) self-energy    6141.55532640 pruned by (A18-LYS, 0)     -17.66240542.
  Rotamer (A18-LYS,44) self-energy     783.13158082 pruned by (A18-LYS, 0)     -17.66240542.
  Rotamer (A18-LYS,45) self-energy    1371.52477804 pruned by (A18-LYS, 0)     -17.66240542.
  Rotamer (A18-LYS,46) self-energy    1386.14019641 pruned by (A18-LYS, 0)     -17.66240542.
  Rotamer (A18-LYS,47) self-energy    7027.97363239 pruned by (A18-LYS, 0)     -17.66240542.
  Rotamer (A18-LYS,48) self-energy   57929.03304383 pruned by (A18-LYS, 0)     -17.66240542.
  Rotamer (A18-LYS,49) self-energy   40108.37794152 pruned by (A18-LYS, 0)     -17.66240542.
  Rotamer (A18-LYS,50) self-energy    2561.02848770 pruned by (A18-LYS, 0)     -17.66240542.
  Rotamer (A18-LYS,51) self-energy    2234.96730274 pruned by (A18-LYS, 0)     -17.66240542.
  Rotamer (A18-LYS,52) self-energy    8514.11956168 pruned by (A18-LYS, 0)     -17.66240542.
  Rotamer (A18-LYS,53) self-energy     299.76758796 pruned by (A18-LYS, 0)     -17.66240542.
  Rotamer (A18-LYS,54) self-energy     833.05349398 pruned by (A18-LYS, 0)     -17.66240542.
  Rotamer (A18-LYS,55) self-energy     344.77199423 pruned by (A18-LYS, 0)     -17.66240542.
  Rotamer (A19-ASH, 1) self-energy      54.93653211 pruned by (A19-ASP, 0)     -20.13725016.
  Rotamer (A19-ASH, 2) self-energy     336.99619510 pruned by (A19-ASP, 0)     -20.13725016.
  Rotamer (A19-ASH, 3) self-energy     327.89928068 pruned by (A19-ASP, 0)     -20.13725016.
  Rotamer (A19-ASH, 4) self-energy     145.83335087 pruned by (A19-ASP, 0)     -20.13725016.
  Rotamer (A19-ASH, 5) self-energy      78.55242090 pruned by (A19-ASP, 0)     -20.13725016.
  Rotamer (A19-ASH, 6) self-energy      51.56746251 pruned by (A19-ASP, 0)     -20.13725016.
  Rotamer (A19-ASH, 7) self-energy     324.26631298 pruned by (A19-ASP, 0)     -20.13725016.
  Rotamer (A19-ASH, 8) self-energy     200.33431350 pruned by (A19-ASP, 0)     -20.13725016.
  Rotamer (A19-ASH, 9) self-energy      80.85602707 pruned by (A19-ASP, 0)     -20.13725016.
  Rotamer (A19-ASH,10) self-energy      74.54067533 pruned by (A19-ASP, 0)     -20.13725016.
  Rotamer (A19-ASH,11) self-energy      54.49911532 pruned by (A19-ASP, 0)     -20.13725016.
  Rotamer (A19-ASH,12) self-energy     306.74195530 pruned by (A19-ASP, 0)     -20.13725016.
  Rotamer (A19-ASH,13) self-energy     222.11094347 pruned by (A19-ASP, 0)     -20.13725016.
  Rotamer (A19-ASH,14) self-energy     244.37065982 pruned by (A19-ASP, 0)     -20.13725016.
  Rotamer (A19-ASH,15) self-energy      97.79825206 pruned by (A19-ASP, 0)     -20.13725016.
  Rotamer (A19-ASH,16) self-energy      61.21718633 pruned by (A19-ASP, 0)     -20.13725016.
  Rotamer (A19-ASH,17) self-energy     556.74958507 pruned by (A19-ASP, 0)     -20.13725016.
  Rotamer (A19-ASH,18) self-energy     358.48720924 pruned by (A19-ASP, 0)     -20.13725016.
  Rotamer (A19-ASH,19) self-energy     111.11296554 pruned by (A19-ASP, 0)     -20.13725016.
  Rotamer (A19-ASH,20) self-energy      79.92764500 pruned by (A19-ASP, 0)     -20.13725016.
  Rotamer (A19-ASH,21) self-energy      75.09223866 pruned by (A19-ASP, 0)     -20.13725016.
  Rotamer (A19-ASP,22) self-energy     301.90765326 pruned by (A19-ASP, 0)     -20.13725016.
  Rotamer (A19-ASP,23) self-energy     147.36821892 pruned by (A19-ASP, 0)     -20.13725016.
  Rotamer (A19-ASP,24) self-energy      11.78690280 pruned by (A19-ASP, 0)     -20.13725016.
  Rotamer (A19-ASP,25) self-energy      10.51295407 pruned by (A19-ASP, 0)     -20.13725016.
  Rotamer (A22-GLH, 1) self-energy      54.55886118 pruned by (A22-GLU, 0)     -13.84690673.
  Rotamer (A22-GLH, 2) self-energy      81.60671750 pruned by (A22-GLU, 0)     -13.84690673.
  Rotamer (A22-GLH, 3) self-energy   36766.38535336 pruned by (A22-GLU, 0)     -13.84690673.
  Rotamer (A22-GLH, 4) self-energy     132.75418794 pruned by (A22-GLU, 0)     -13.84690673.
  Rotamer (A22-GLH, 5) self-energy      48.57567662 pruned by (A22-GLU, 0)     -13.84690673.
  Rotamer (A22-GLH, 6) self-energy      50.76665339 pruned by (A22-GLU, 0)     -13.84690673.
  Rotamer (A22-GLH, 7) self-energy    3039.82303516 pruned by (A22-GLU, 0)     -13.84690673.
  Rotamer (A22-GLH, 8) self-energy     122.80049420 pruned by (A22-GLU, 0)     -13.84690673.
  Rotamer (A22-GLH, 9) self-energy  265581.23906247 pruned by (A22-GLU, 0)     -13.84690673.
  Rotamer (A22-GLH,10) self-energy      78.61854500 pruned by (A22-GLU, 0)     -13.84690673.
  Rotamer (A22-GLH,11) self-energy    4392.67395530 pruned by (A22-GLU, 0)     -13.84690673.
  Rotamer (A22-GLH,12) self-energy     295.75127032 pruned by (A22-GLU, 0)     -13.84690673.
  Rotamer (A22-GLH,13) self-energy      51.49598934 pruned by (A22-GLU, 0)     -13.84690673.
  Rotamer (A22-GLH,14) self-energy      56.63587710 pruned by (A22-GLU, 0)     -13.84690673.
  Rotamer (A22-GLH,15) self-energy   12503.62065224 pruned by (A22-GLU, 0)     -13.84690673.
  Rotamer (A22-GLH,16) self-energy     123.04934677 pruned by (A22-GLU, 0)     -13.84690673.
  Rotamer (A22-GLH,17) self-energy  644098.48784927 pruned by (A22-GLU, 0)     -13.84690673.
  Rotamer (A22-GLH,18) self-energy     158.97847130 pruned by (A22-GLU, 0)     -13.84690673.
  Rotamer (A22-GLH,19) self-energy   36433.64200973 pruned by (A22-GLU, 0)     -13.84690673.
  Rotamer (A22-GLH,20) self-energy     136.79050707 pruned by (A22-GLU, 0)     -13.84690673.
  Rotamer (A22-GLH,21) self-energy      52.32491386 pruned by (A22-GLU, 0)     -13.84690673.
  Rotamer (A22-GLH,22) self-energy      54.99439373 pruned by (A22-GLU, 0)     -13.84690673.
  Rotamer (A22-GLH,23) self-energy    3101.06859012 pruned by (A22-GLU, 0)     -13.84690673.
  Rotamer (A22-GLH,24) self-energy     151.77365220 pruned by (A22-GLU, 0)     -13.84690673.
  Rotamer (A22-GLH,25) self-energy  258219.48541249 pruned by (A22-GLU, 0)     -13.84690673.
  Rotamer (A22-GLH,26) self-energy      97.02140521 pruned by (A22-GLU, 0)     -13.84690673.
  Rotamer (A22-GLH,27) self-energy    4040.69392071 pruned by (A22-GLU, 0)     -13.84690673.
  Rotamer (A22-GLH,28) self-energy     258.88220007 pruned by (A22-GLU, 0)     -13.84690673.
  Rotamer (A22-GLH,29) self-energy      69.04215599 pruned by (A22-GLU, 0)     -13.84690673.
  Rotamer (A22-GLH,30) self-energy      86.13141821 pruned by (A22-GLU, 0)     -13.84690673.
  Rotamer (A22-GLH,31) self-energy    6823.64219144 pruned by (A22-GLU, 0)     -13.84690673.
  Rotamer (A22-GLH,32) self-energy     141.05198292 pruned by (A22-GLU, 0)     -13.84690673.
  Rotamer (A22-GLH,33) self-energy  644102.31817728 pruned by (A22-GLU, 0)     -13.84690673.
  Rotamer (A22-GLU,34) self-energy      17.07821992 pruned by (A22-GLU, 0)     -13.84690673.
  Rotamer (A22-GLU,35) self-energy   39244.78060613 pruned by (A22-GLU, 0)     -13.84690673.
  Rotamer (A22-GLU,36) self-energy      91.54890619 pruned by (A22-GLU, 0)     -13.84690673.
  Rotamer (A22-GLU,39) self-energy    3998.80320503 pruned by (A22-GLU, 0)     -13.84690673.
  Rotamer (A22-GLU,40) self-energy      59.13866584 pruned by (A22-GLU, 0)     -13.84690673.
  Rotamer (A22-GLU,41) self-energy  378120.44589211 pruned by (A22-GLU, 0)     -13.84690673.
  Rotamer (A23-LYD, 2) self-energy     361.38304308 pruned by (A23-LYS,40)     -20.09826717.
  Rotamer (A23-LYD, 3) self-energy   24248.18617384 pruned by (A23-LYS,40)     -20.09826717.
  Rotamer (A23-LYD, 4) self-energy   28157.86951992 pruned by (A23-LYS,40)     -20.09826717.
  Rotamer (A23-LYD, 5) self-energy   27008.45955221 pruned by (A23-LYS,40)     -20.09826717.
  Rotamer (A23-LYD, 6) self-energy     219.23265572 pruned by (A23-LYS,40)     -20.09826717.
  Rotamer (A23-LYD,17) self-energy     112.33920132 pruned by (A23-LYS,40)     -20.09826717.
  Rotamer (A23-LYD,18) self-energy      52.68763428 pruned by (A23-LYS,40)     -20.09826717.
  Rotamer (A23-LYD,19) self-energy       7.78789701 pruned by (A23-LYS,40)     -20.09826717.
  Rotamer (A23-LYD,20) self-energy      11.07289790 pruned by (A23-LYS,40)     -20.09826717.
  Rotamer (A23-LYD,21) self-energy       5.47785000 pruned by (A23-LYS,40)     -20.09826717.
  Rotamer (A23-LYD,22) self-energy       8.01985931 pruned by (A23-LYS,40)     -20.09826717.
  Rotamer (A23-LYD,23) self-energy      32.47260130 pruned by (A23-LYS,40)     -20.09826717.
  Rotamer (A23-LYD,24) self-energy     631.37310837 pruned by (A23-LYS,40)     -20.09826717.
  Rotamer (A23-LYD,25) self-energy      17.33137819 pruned by (A23-LYS,40)     -20.09826717.
  Rotamer (A23-LYD,26) self-energy      16.49568241 pruned by (A23-LYS,40)     -20.09826717.
  Rotamer (A23-LYD,27) self-energy      17.94191518 pruned by (A23-LYS,40)     -20.09826717.
  Rotamer (A23-LYD,28) self-energy      18.22445415 pruned by (A23-LYS,40)     -20.09826717.
  Rotamer (A23-LYS,29) self-energy     353.99265605 pruned by (A23-LYS,40)     -20.09826717.
  Rotamer (A23-LYS,31) self-energy   28188.38704286 pruned by (A23-LYS,40)     -20.09826717.
  Rotamer (A23-LYS,32) self-energy   27411.03592659 pruned by (A23-LYS,40)     -20.09826717.
  Rotamer (A23-LYS,33) self-energy     207.36414819 pruned by (A23-LYS,40)     -20.09826717.
  Rotamer (A23-LYS,44) self-energy     102.17238338 pruned by (A23-LYS,40)     -20.09826717.
  Rotamer (A23-LYS,45) self-energy      44.70062754 pruned by (A23-LYS,40)     -20.09826717.
  Rotamer (A23-LYS,50) self-energy      22.32095067 pruned by (A23-LYS,40)     -20.09826717.
  Rotamer (A23-LYS,51) self-energy     612.48367598 pruned by (A23-LYS,40)     -20.09826717.
  Rotamer (A23-LYS,52) self-energy       5.39084410 pruned by (A23-LYS,40)     -20.09826717.
  Rotamer (A23-LYS,55) self-energy       4.92606070 pruned by (A23-LYS,40)     -20.09826717.
  Rotamer (A27-GLH, 1) self-energy      54.27318536 pruned by (A27-GLU, 0)     -14.24078857.
  Rotamer (A27-GLH, 2) self-energy     117.59582456 pruned by (A27-GLU, 0)     -14.24078857.
  Rotamer (A27-GLH, 3) self-energy    2161.48263344 pruned by (A27-GLU, 0)     -14.24078857.
  Rotamer (A27-GLH, 4) self-energy      55.45576467 pruned by (A27-GLU, 0)     -14.24078857.
  Rotamer (A27-GLH, 5) self-energy      53.14697339 pruned by (A27-GLU, 0)     -14.24078857.
  Rotamer (A27-GLH, 6) self-energy    1810.64748743 pruned by (A27-GLU, 0)     -14.24078857.
  Rotamer (A27-GLH, 7) self-energy      73.54458360 pruned by (A27-GLU, 0)     -14.24078857.
  Rotamer (A27-GLH, 8) self-energy      48.09816883 pruned by (A27-GLU, 0)     -14.24078857.
  Rotamer (A27-GLH, 9) self-energy      50.34383954 pruned by (A27-GLU, 0)     -14.24078857.
  Rotamer (A27-GLH,10) self-energy      77.55937749 pruned by (A27-GLU, 0)     -14.24078857.
  Rotamer (A27-GLH,11) self-energy   11573.06759093 pruned by (A27-GLU, 0)     -14.24078857.
  Rotamer (A27-GLH,12) self-energy      57.93816434 pruned by (A27-GLU, 0)     -14.24078857.
  Rotamer (A27-GLH,13) self-energy      55.93177953 pruned by (A27-GLU, 0)     -14.24078857.
  Rotamer (A27-GLH,14) self-energy     929.33606160 pruned by (A27-GLU, 0)     -14.24078857.
  Rotamer (A27-GLH,15) self-energy      88.57094057 pruned by (A27-GLU, 0)     -14.24078857.
  Rotamer (A27-GLH,16) self-energy      51.72990415 pruned by (A27-GLU, 0)     -14.24078857.
  Rotamer (A27-GLH,17) self-energy      52.90192048 pruned by (A27-GLU, 0)     -14.24078857.
  Rotamer (A27-GLH,18) self-energy     164.12548597 pruned by (A27-GLU, 0)     -14.24078857.
  Rotamer (A27-GLH,19) self-energy    1416.42915347 pruned by (A27-GLU, 0)     -14.24078857.
  Rotamer (A27-GLH,20) self-energy      60.24328027 pruned by (A27-GLU, 0)     -14.24078857.
  Rotamer (A27-GLH,21) self-energy      57.45660476 pruned by (A27-GLU, 0)     -14.24078857.
  Rotamer (A27-GLH,22) self-energy     432.66069035 pruned by (A27-GLU, 0)     -14.24078857.
  Rotamer (A27-GLH,23) self-energy      77.27615204 pruned by (A27-GLU, 0)     -14.24078857.
  Rotamer (A27-GLH,24) self-energy      51.78448020 pruned by (A27-GLU, 0)     -14.24078857.
  Rotamer (A27-GLH,25) self-energy      54.89166440 pruned by (A27-GLU, 0)     -14.24078857.
  Rotamer (A27-GLH,26) self-energy      96.17581943 pruned by (A27-GLU, 0)     -14.24078857.
  Rotamer (A27-GLH,27) self-energy   11557.76487400 pruned by (A27-GLU, 0)     -14.24078857.
  Rotamer (A27-GLH,28) self-energy      76.07139937 pruned by (A27-GLU, 0)     -14.24078857.
  Rotamer (A27-GLH,29) self-energy      73.62054581 pruned by (A27-GLU, 0)     -14.24078857.
  Rotamer (A27-GLH,30) self-energy     919.18592332 pruned by (A27-GLU, 0)     -14.24078857.
  Rotamer (A27-GLH,31) self-energy      99.92415305 pruned by (A27-GLU, 0)     -14.24078857.
  Rotamer (A27-GLH,32) self-energy      70.19087270 pruned by (A27-GLU, 0)     -14.24078857.
  Rotamer (A27-GLH,33) self-energy      67.80817771 pruned by (A27-GLU, 0)     -14.24078857.
  Rotamer (A27-GLU,34) self-energy      22.11971844 pruned by (A27-GLU, 0)     -14.24078857.
  Rotamer (A27-GLU,35) self-energy    7499.49563765 pruned by (A27-GLU, 0)     -14.24078857.
  Rotamer (A27-GLU,38) self-energy     643.42675614 pruned by (A27-GLU, 0)     -14.24078857.
  Rotamer (A27-GLU,39) self-energy      18.82091567 pruned by (A27-GLU, 0)     -14.24078857.
  Rotamer (A29-ASH, 1) self-energy      54.62940403 pruned by (A29-ASP,25)     -19.26853511.
  Rotamer (A29-ASH, 2) self-energy     170.61934390 pruned by (A29-ASP,25)     -19.26853511.
  Rotamer (A29-ASH, 3) self-energy     117.10628331 pruned by (A29-ASP,25)     -19.26853511.
  Rotamer (A29-ASH, 4) self-energy      53.88505748 pruned by (A29-ASP,25)     -19.26853511.
  Rotamer (A29-ASH, 5) self-energy      52.86874303 pruned by (A29-ASP,25)     -19.26853511.
  Rotamer (A29-ASH, 6) self-energy      51.26767067 pruned by (A29-ASP,25)     -19.26853511.
  Rotamer (A29-ASH, 7) self-energy     274.19883560 pruned by (A29-ASP,25)     -19.26853511.
  Rotamer (A29-ASH, 8) self-energy     165.21090391 pruned by (A29-ASP,25)     -19.26853511.
  Rotamer (A29-ASH, 9) self-energy      57.74236589 pruned by (A29-ASP,25)     -19.26853511.
  Rotamer (A29-ASH,10) self-energy      52.67373129 pruned by (A29-ASP,25)     -19.26853511.
  Rotamer (A29-ASH,11) self-energy      55.31581507 pruned by (A29-ASP,25)     -19.26853511.
  Rotamer (A29-ASH,12) self-energy     175.98974215 pruned by (A29-ASP,25)     -19.26853511.
  Rotamer (A29-ASH,13) self-energy     123.13981953 pruned by (A29-ASP,25)     -19.26853511.
  Rotamer (A29-ASH,14) self-energy      59.01751995 pruned by (A29-ASP,25)     -19.26853511.
  Rotamer (A29-ASH,15) self-energy      59.23218267 pruned by (A29-ASP,25)     -19.26853511.
  Rotamer (A29-ASH,16) self-energy      56.39614415 pruned by (A29-ASP,25)     -19.26853511.
  Rotamer (A29-ASH,17) self-energy     699.13034920 pruned by (A29-ASP,25)     -19.26853511.
  Rotamer (A29-ASH,18) self-energy     462.53430963 pruned by (A29-ASP,25)     -19.26853511.
  Rotamer (A29-ASH,19) self-energy      83.67773339 pruned by (A29-ASP,25)     -19.26853511.
  Rotamer (A29-ASH,20) self-energy      58.16050586 pruned by (A29-ASP,25)     -19.26853511.
  Rotamer (A29-ASH,21) self-energy      78.82457940 pruned by (A29-ASP,25)     -19.26853511.
  Rotamer (A29-ASP,22) self-energy     126.06522302 pruned by (A29-ASP,25)     -19.26853511.
  Rotamer (A29-ASP,23) self-energy      57.63324423 pruned by (A29-ASP,25)     -19.26853511.
  Rotamer (A30-ASH, 1) self-energy      62.08085088 pruned by (A30-ASP, 0)     -18.42322620.
  Rotamer (A30-ASH, 2) self-energy      58.13664246 pruned by (A30-ASP, 0)     -18.42322620.
  Rotamer (A30-ASH, 3) self-energy      60.84256305 pruned by (A30-ASP, 0)     -18.42322620.
  Rotamer (A30-ASH, 4) self-energy      63.75933459 pruned by (A30-ASP, 0)     -18.42322620.
  Rotamer (A30-ASH, 5) self-energy      76.65201612 pruned by (A30-ASP, 0)     -18.42322620.
  Rotamer (A30-ASH, 6) self-energy      55.59398226 pruned by (A30-ASP, 0)     -18.42322620.
  Rotamer (A30-ASH, 7) self-energy      70.29448112 pruned by (A30-ASP, 0)     -18.42322620.
  Rotamer (A30-ASH, 8) self-energy      77.17429869 pruned by (A30-ASP, 0)     -18.42322620.
  Rotamer (A30-ASH, 9) self-energy      65.88243076 pruned by (A30-ASP, 0)     -18.42322620.
  Rotamer (A30-ASH,10) self-energy      60.74424566 pruned by (A30-ASP, 0)     -18.42322620.
  Rotamer (A30-ASH,11) self-energy      59.21301502 pruned by (A30-ASP, 0)     -18.42322620.
  Rotamer (A30-ASH,12) self-energy      63.43729537 pruned by (A30-ASP, 0)     -18.42322620.
  Rotamer (A30-ASH,13) self-energy      66.79099751 pruned by (A30-ASP, 0)     -18.42322620.
  Rotamer (A30-ASH,14) self-energy      68.28582287 pruned by (A30-ASP, 0)     -18.42322620.
  Rotamer (A30-ASH,15) self-energy      71.28967850 pruned by (A30-ASP, 0)     -18.42322620.
  Rotamer (A30-ASH,16) self-energy      60.71282934 pruned by (A30-ASP, 0)     -18.42322620.
  Rotamer (A30-ASH,17) self-energy     112.65085804 pruned by (A30-ASP, 0)     -18.42322620.
  Rotamer (A30-ASH,18) self-energy     156.52891677 pruned by (A30-ASP, 0)     -18.42322620.
  Rotamer (A30-ASH,19) self-energy      87.87220631 pruned by (A30-ASP, 0)     -18.42322620.
  Rotamer (A30-ASH,20) self-energy      65.97470400 pruned by (A30-ASP, 0)     -18.42322620.
  Rotamer (A30-ASH,21) self-energy      80.85319293 pruned by (A30-ASP, 0)     -18.42322620.
  Rotamer (A37-ASH, 1) self-energy      81.55730672 pruned by (A37-ASP, 0)     -18.55174096.
  Rotamer (A37-ASH, 2) self-energy     176.31601720 pruned by (A37-ASP, 0)     -18.55174096.
  Rotamer (A37-ASH, 3) self-energy     267.70655559 pruned by (A37-ASP, 0)     -18.55174096.
  Rotamer (A37-ASH, 4) self-energy      68.09574307 pruned by (A37-ASP, 0)     -18.55174096.
  Rotamer (A37-ASH, 5) self-energy      70.83015792 pruned by (A37-ASP, 0)     -18.55174096.
  Rotamer (A37-ASH, 6) self-energy     153.84336613 pruned by (A37-ASP, 0)     -18.55174096.
  Rotamer (A37-ASH, 7) self-energy     384.56491756 pruned by (A37-ASP, 0)     -18.55174096.
  Rotamer (A37-ASH, 8) self-energy    1142.37599665 pruned by (A37-ASP, 0)     -18.55174096.
  Rotamer (A37-ASH, 9) self-energy      89.81543505 pruned by (A37-ASP, 0)     -18.55174096.
  Rotamer (A37-ASH,10) self-energy      70.60134468 pruned by (A37-ASP, 0)     -18.55174096.
  Rotamer (A37-ASH,11) self-energy     359.44561901 pruned by (A37-ASP, 0)     -18.55174096.
  Rotamer (A37-ASH,12) self-energy     178.46038568 pruned by (A37-ASP, 0)     -18.55174096.
  Rotamer (A37-ASH,13) self-energy     272.43205902 pruned by (A37-ASP, 0)     -18.55174096.
  Rotamer (A37-ASH,14) self-energy      67.97805694 pruned by (A37-ASP, 0)     -18.55174096.
  Rotamer (A37-ASH,15) self-energy      77.82061320 pruned by (A37-ASP, 0)     -18.55174096.
  Rotamer (A37-ASH,16) self-energy     158.92186404 pruned by (A37-ASP, 0)     -18.55174096.
  Rotamer (A37-ASH,17) self-energy     324.34083353 pruned by (A37-ASP, 0)     -18.55174096.
  Rotamer (A37-ASH,18) self-energy     456.59736458 pruned by (A37-ASP, 0)     -18.55174096.
  Rotamer (A37-ASH,19) self-energy      97.85156240 pruned by (A37-ASP, 0)     -18.55174096.
  Rotamer (A37-ASH,20) self-energy      68.77695025 pruned by (A37-ASP, 0)     -18.55174096.
  Rotamer (A37-ASH,21) self-energy     162.99199268 pruned by (A37-ASP, 0)     -18.55174096.
  Rotamer (A37-ASP,22) self-energy     140.45544343 pruned by (A37-ASP, 0)     -18.55174096.
  Rotamer (A37-ASP,23) self-energy     250.50234174 pruned by (A37-ASP, 0)     -18.55174096.
  Rotamer (A37-ASP,26) self-energy     125.21731278 pruned by (A37-ASP, 0)     -18.55174096.
  Rotamer (A41-GLH, 1) self-energy      56.29835723 pruned by (A41-GLU,41)     -12.70200726.
  Rotamer (A41-GLH, 2) self-energy     141.39792096 pruned by (A41-GLU,41)     -12.70200726.
  Rotamer (A41-GLH, 3) self-energy    4867.26369915 pruned by (A41-GLU,41)     -12.70200726.
  Rotamer (A41-GLH, 4) self-energy      54.93930185 pruned by (A41-GLU,41)     -12.70200726.
  Rotamer (A41-GLH, 5) self-energy      61.43357140 pruned by (A41-GLU,41)     -12.70200726.
  Rotamer (A41-GLH, 6) self-energy      62.35054756 pruned by (A41-GLU,41)     -12.70200726.
  Rotamer (A41-GLH, 7) self-energy     518.91900816 pruned by (A41-GLU,41)     -12.70200726.
  Rotamer (A41-GLH, 8) self-energy     179.70543073 pruned by (A41-GLU,41)     -12.70200726.
  Rotamer (A41-GLH, 9) self-energy      52.11288766 pruned by (A41-GLU,41)     -12.70200726.
  Rotamer (A41-GLH,10) self-energy     161.15381441 pruned by (A41-GLU,41)     -12.70200726.
  Rotamer (A41-GLH,11) self-energy   17494.39442419 pruned by (A41-GLU,41)     -12.70200726.
  Rotamer (A41-GLH,12) self-energy      57.40071351 pruned by (A41-GLU,41)     -12.70200726.
  Rotamer (A41-GLH,13) self-energy      77.19327507 pruned by (A41-GLU,41)     -12.70200726.
  Rotamer (A41-GLH,14) self-energy      78.81286571 pruned by (A41-GLU,41)     -12.70200726.
  Rotamer (A41-GLH,15) self-energy    1013.55192224 pruned by (A41-GLU,41)     -12.70200726.
  Rotamer (A41-GLH,16) self-energy     104.83473323 pruned by (A41-GLU,41)     -12.70200726.
  Rotamer (A41-GLH,17) self-energy      54.59633691 pruned by (A41-GLU,41)     -12.70200726.
  Rotamer (A41-GLH,18) self-energy     142.46289387 pruned by (A41-GLU,41)     -12.70200726.
  Rotamer (A41-GLH,19) self-energy    4732.52905867 pruned by (A41-GLU,41)     -12.70200726.
  Rotamer (A41-GLH,20) self-energy      58.86626173 pruned by (A41-GLU,41)     -12.70200726.
  Rotamer (A41-GLH,21) self-energy      65.05513231 pruned by (A41-GLU,41)     -12.70200726.
  Rotamer (A41-GLH,22) self-energy      66.24480576 pruned by (A41-GLU,41)     -12.70200726.
  Rotamer (A41-GLH,23) self-energy     516.36583195 pruned by (A41-GLU,41)     -12.70200726.
  Rotamer (A41-GLH,24) self-energy     170.91531036 pruned by (A41-GLU,41)     -12.70200726.
  Rotamer (A41-GLH,25) self-energy      56.87675565 pruned by (A41-GLU,41)     -12.70200726.
  Rotamer (A41-GLH,26) self-energy     150.94038202 pruned by (A41-GLU,41)     -12.70200726.
  Rotamer (A41-GLH,27) self-energy    1682.50583686 pruned by (A41-GLU,41)     -12.70200726.
  Rotamer (A41-GLH,28) self-energy      75.56615066 pruned by (A41-GLU,41)     -12.70200726.
  Rotamer (A41-GLH,29) self-energy      88.72456089 pruned by (A41-GLU,41)     -12.70200726.
  Rotamer (A41-GLH,30) self-energy     103.49190023 pruned by (A41-GLU,41)     -12.70200726.
  Rotamer (A41-GLH,31) self-energy     564.95542857 pruned by (A41-GLU,41)     -12.70200726.
  Rotamer (A41-GLH,32) self-energy     113.80545351 pruned by (A41-GLU,41)     -12.70200726.
  Rotamer (A41-GLH,33) self-energy      69.23624532 pruned by (A41-GLU,41)     -12.70200726.
  Rotamer (A41-GLU,34) self-energy      73.22670058 pruned by (A41-GLU,41)     -12.70200726.
  Rotamer (A41-GLU,35) self-energy    5703.78455543 pruned by (A41-GLU,41)     -12.70200726.
  Rotamer (A41-GLU,39) self-energy     608.06082016 pruned by (A41-GLU,41)     -12.70200726.
  Rotamer (A41-GLU,40) self-energy     136.47394736 pruned by (A41-GLU,41)     -12.70200726.
  Rotamer (A45-LYD,10) self-energy       5.77365218 pruned by (A45-LYS,35)     -24.01856472.
  Rotamer (A45-LYD,17) self-energy       7.50806891 pruned by (A45-LYS,35)     -24.01856472.
  Rotamer (A45-LYD,18) self-energy      37.44943326 pruned by (A45-LYS,35)     -24.01856472.
  Rotamer (A45-LYS,37) self-energy       1.48507582 pruned by (A45-LYS,35)     -24.01856472.
  Rotamer (A45-LYS,45) self-energy      29.18645423 pruned by (A45-LYS,35)     -24.01856472.
  Rotamer (A46-GLH, 1) self-energy      60.96927176 pruned by (A46-GLU, 0)     -12.66709001.
  Rotamer (A46-GLH, 2) self-energy      56.69335175 pruned by (A46-GLU, 0)     -12.66709001.
  Rotamer (A46-GLH, 3) self-energy     170.00332664 pruned by (A46-GLU, 0)     -12.66709001.
  Rotamer (A46-GLH, 4) self-energy      56.40681181 pruned by (A46-GLU, 0)     -12.66709001.
  Rotamer (A46-GLH, 5) self-energy      54.32767134 pruned by (A46-GLU, 0)     -12.66709001.
  Rotamer (A46-GLH, 6) self-energy     265.70230846 pruned by (A46-GLU, 0)     -12.66709001.
  Rotamer (A46-GLH, 7) self-energy      58.32817429 pruned by (A46-GLU, 0)     -12.66709001.
  Rotamer (A46-GLH, 8) self-energy      52.46865753 pruned by (A46-GLU, 0)     -12.66709001.
  Rotamer (A46-GLH, 9) self-energy      55.20853121 pruned by (A46-GLU, 0)     -12.66709001.
  Rotamer (A46-GLH,10) self-energy      60.03233323 pruned by (A46-GLU, 0)     -12.66709001.
  Rotamer (A46-GLH,11) self-energy     353.36625920 pruned by (A46-GLU, 0)     -12.66709001.
  Rotamer (A46-GLH,12) self-energy      58.16740756 pruned by (A46-GLU, 0)     -12.66709001.
  Rotamer (A46-GLH,13) self-energy      57.30541856 pruned by (A46-GLU, 0)     -12.66709001.
  Rotamer (A46-GLH,14) self-energy     177.37168021 pruned by (A46-GLU, 0)     -12.66709001.
  Rotamer (A46-GLH,15) self-energy      65.02100439 pruned by (A46-GLU, 0)     -12.66709001.
  Rotamer (A46-GLH,16) self-energy      55.77712493 pruned by (A46-GLU, 0)     -12.66709001.
  Rotamer (A46-GLH,17) self-energy      58.48077149 pruned by (A46-GLU, 0)     -12.66709001.
  Rotamer (A46-GLH,18) self-energy      61.51335701 pruned by (A46-GLU, 0)     -12.66709001.
  Rotamer (A46-GLH,19) self-energy     151.12219503 pruned by (A46-GLU, 0)     -12.66709001.
  Rotamer (A46-GLH,20) self-energy      63.67668396 pruned by (A46-GLU, 0)     -12.66709001.
  Rotamer (A46-GLH,21) self-energy      58.72975332 pruned by (A46-GLU, 0)     -12.66709001.
  Rotamer (A46-GLH,22) self-energy     235.58800979 pruned by (A46-GLU, 0)     -12.66709001.
  Rotamer (A46-GLH,23) self-energy      62.00162853 pruned by (A46-GLU, 0)     -12.66709001.
  Rotamer (A46-GLH,24) self-energy      56.24769514 pruned by (A46-GLU, 0)     -12.66709001.
  Rotamer (A46-GLH,25) self-energy      59.17700850 pruned by (A46-GLU, 0)     -12.66709001.
  Rotamer (A46-GLH,26) self-energy      78.65598369 pruned by (A46-GLU, 0)     -12.66709001.
  Rotamer (A46-GLH,27) self-energy     410.16154788 pruned by (A46-GLU, 0)     -12.66709001.
  Rotamer (A46-GLH,28) self-energy      76.83268503 pruned by (A46-GLU, 0)     -12.66709001.
  Rotamer (A46-GLH,29) self-energy      75.13155522 pruned by (A46-GLU, 0)     -12.66709001.
  Rotamer (A46-GLH,30) self-energy     207.41943333 pruned by (A46-GLU, 0)     -12.66709001.
  Rotamer (A46-GLH,31) self-energy      97.50037635 pruned by (A46-GLU, 0)     -12.66709001.
  Rotamer (A46-GLH,32) self-energy      74.05521266 pruned by (A46-GLU, 0)     -12.66709001.
  Rotamer (A46-GLH,33) self-energy      73.16088852 pruned by (A46-GLU, 0)     -12.66709001.
  Rotamer (A46-GLU,35) self-energy     208.22624577 pruned by (A46-GLU, 0)     -12.66709001.
  Rotamer (A46-GLU,38) self-energy     131.85636812 pruned by (A46-GLU, 0)     -12.66709001.
  Rotamer (A47-ASH, 1) self-energy      54.97109883 pruned by (A47-ASP,25)     -23.04293553.
  Rotamer (A47-ASH, 2) self-energy     183.14269875 pruned by (A47-ASP,25)     -23.04293553.
  Rotamer (A47-ASH, 3) self-energy     228.94868938 pruned by (A47-ASP,25)     -23.04293553.
  Rotamer (A47-ASH, 4) self-energy      53.36763317 pruned by (A47-ASP,25)     -23.04293553.
  Rotamer (A47-ASH, 5) self-energy      50.28282444 pruned by (A47-ASP,25)     -23.04293553.
  Rotamer (A47-ASH, 6) self-energy      49.38384515 pruned by (A47-ASP,25)     -23.04293553.
  Rotamer (A47-ASH, 7) self-energy     196.85422667 pruned by (A47-ASP,25)     -23.04293553.
  Rotamer (A47-ASH, 8) self-energy     179.76083918 pruned by (A47-ASP,25)     -23.04293553.
  Rotamer (A47-ASH, 9) self-energy      57.30103479 pruned by (A47-ASP,25)     -23.04293553.
  Rotamer (A47-ASH,10) self-energy      49.62672776 pruned by (A47-ASP,25)     -23.04293553.
  Rotamer (A47-ASH,11) self-energy      53.18342677 pruned by (A47-ASP,25)     -23.04293553.
  Rotamer (A47-ASH,12) self-energy     155.20785829 pruned by (A47-ASP,25)     -23.04293553.
  Rotamer (A47-ASH,13) self-energy     175.83567091 pruned by (A47-ASP,25)     -23.04293553.
  Rotamer (A47-ASH,14) self-energy      59.33456058 pruned by (A47-ASP,25)     -23.04293553.
  Rotamer (A47-ASH,15) self-energy      60.00795270 pruned by (A47-ASP,25)     -23.04293553.
  Rotamer (A47-ASH,16) self-energy      55.82026886 pruned by (A47-ASP,25)     -23.04293553.
  Rotamer (A47-ASH,17) self-energy     372.92961649 pruned by (A47-ASP,25)     -23.04293553.
  Rotamer (A47-ASH,18) self-energy     280.65914959 pruned by (A47-ASP,25)     -23.04293553.
  Rotamer (A47-ASH,19) self-energy      86.65480824 pruned by (A47-ASP,25)     -23.04293553.
  Rotamer (A47-ASH,20) self-energy      55.15734775 pruned by (A47-ASP,25)     -23.04293553.
  Rotamer (A47-ASH,21) self-energy      75.04136664 pruned by (A47-ASP,25)     -23.04293553.
  Rotamer (A47-ASP,22) self-energy      79.99478329 pruned by (A47-ASP,25)     -23.04293553.
  Rotamer (A47-ASP,23) self-energy      77.62070690 pruned by (A47-ASP,25)     -23.04293553.
  Rotamer (A51-LYD, 2) self-energy       6.65129680 pruned by (A51-LYS,48)     -22.50301806.
  Rotamer (A51-LYD, 3) self-energy    1229.22960609 pruned by (A51-LYS,48)     -22.50301806.
  Rotamer (A51-LYD, 4) self-energy     412.43747283 pruned by (A51-LYS,48)     -22.50301806.
  Rotamer (A51-LYD, 5) self-energy     684.33294744 pruned by (A51-LYS,48)     -22.50301806.
  Rotamer (A51-LYD, 6) self-energy     269.34331956 pruned by (A51-LYS,48)     -22.50301806.
  Rotamer (A51-LYD,10) self-energy      53.68419089 pruned by (A51-LYS,48)     -22.50301806.
  Rotamer (A51-LYD,11) self-energy     219.26397792 pruned by (A51-LYS,48)     -22.50301806.
  Rotamer (A51-LYD,12) self-energy      23.56371666 pruned by (A51-LYS,48)     -22.50301806.
  Rotamer (A51-LYD,13) self-energy    1312.76544899 pruned by (A51-LYS,48)     -22.50301806.
  Rotamer (A51-LYD,14) self-energy      33.03625899 pruned by (A51-LYS,48)     -22.50301806.
  Rotamer (A51-LYD,17) self-energy       5.17915266 pruned by (A51-LYS,48)     -22.50301806.
  Rotamer (A51-LYD,18) self-energy      36.41959067 pruned by (A51-LYS,48)     -22.50301806.
  Rotamer (A51-LYD,24) self-energy      10.00662592 pruned by (A51-LYS,48)     -22.50301806.
  Rotamer (A51-LYS,31) self-energy     402.93892098 pruned by (A51-LYS,48)     -22.50301806.
  Rotamer (A51-LYS,32) self-energy     678.00754478 pruned by (A51-LYS,48)     -22.50301806.
  Rotamer (A51-LYS,33) self-energy     271.99652647 pruned by (A51-LYS,48)     -22.50301806.
  Rotamer (A51-LYS,37) self-energy      59.27807725 pruned by (A51-LYS,48)     -22.50301806.
  Rotamer (A51-LYS,38) self-energy     373.16128565 pruned by (A51-LYS,48)     -22.50301806.
  Rotamer (A51-LYS,39) self-energy      11.64576081 pruned by (A51-LYS,48)     -22.50301806.
  Rotamer (A51-LYS,40) self-energy    1316.94890768 pruned by (A51-LYS,48)     -22.50301806.
  Rotamer (A51-LYS,41) self-energy      22.28639327 pruned by (A51-LYS,48)     -22.50301806.
  Rotamer (A51-LYS,45) self-energy      27.73026648 pruned by (A51-LYS,48)     -22.50301806.
  Rotamer (A54-LYD, 2) self-energy   11399.02199754 pruned by (A54-LYS, 0)     -14.75718299.
  Rotamer (A54-LYD, 3) self-energy  100286.39769916 pruned by (A54-LYS, 0)     -14.75718299.
  Rotamer (A54-LYD, 4) self-energy   89310.56989330 pruned by (A54-LYS, 0)     -14.75718299.
  Rotamer (A54-LYD, 5) self-energy  146271.94870517 pruned by (A54-LYS, 0)     -14.75718299.
  Rotamer (A54-LYD, 6) self-energy   10151.94107836 pruned by (A54-LYS, 0)     -14.75718299.
  Rotamer (A54-LYD, 7) self-energy     123.55295343 pruned by (A54-LYS, 0)     -14.75718299.
  Rotamer (A54-LYD, 8) self-energy      19.56547177 pruned by (A54-LYS, 0)     -14.75718299.
  Rotamer (A54-LYD, 9) self-energy      20.36469873 pruned by (A54-LYS, 0)     -14.75718299.
  Rotamer (A54-LYD,10) self-energy      19.73362096 pruned by (A54-LYS, 0)     -14.75718299.
  Rotamer (A54-LYD,11) self-energy      24.79389850 pruned by (A54-LYS, 0)     -14.75718299.
  Rotamer (A54-LYD,15) self-energy     218.61920833 pruned by (A54-LYS, 0)     -14.75718299.
  Rotamer (A54-LYD,16) self-energy     277.37825535 pruned by (A54-LYS, 0)     -14.75718299.
  Rotamer (A54-LYD,17) self-energy    1069.56304196 pruned by (A54-LYS, 0)     -14.75718299.
  Rotamer (A54-LYD,18) self-energy    1757.54001419 pruned by (A54-LYS, 0)     -14.75718299.
  Rotamer (A54-LYD,19) self-energy    1781.21552431 pruned by (A54-LYS, 0)     -14.75718299.
  Rotamer (A54-LYD,20) self-energy  452489.23501913 pruned by (A54-LYS, 0)     -14.75718299.
  Rotamer (A54-LYD,21) self-energy   65133.59085325 pruned by (A54-LYS, 0)     -14.75718299.
  Rotamer (A54-LYD,22) self-energy  273160.28565660 pruned by (A54-LYS, 0)     -14.75718299.
  Rotamer (A54-LYD,23) self-energy   13115.48581670 pruned by (A54-LYS, 0)     -14.75718299.
  Rotamer (A54-LYD,24) self-energy   54932.35678608 pruned by (A54-LYS, 0)     -14.75718299.
  Rotamer (A54-LYD,25) self-energy    2695.12828048 pruned by (A54-LYS, 0)     -14.75718299.
  Rotamer (A54-LYD,26) self-energy    3053.91279138 pruned by (A54-LYS, 0)     -14.75718299.
  Rotamer (A54-LYD,27) self-energy    2041.27098588 pruned by (A54-LYS, 0)     -14.75718299.
  Rotamer (A54-LYD,28) self-energy   11355.99512931 pruned by (A54-LYS, 0)     -14.75718299.
  Rotamer (A54-LYS,29) self-energy   11610.32650884 pruned by (A54-LYS, 0)     -14.75718299.
  Rotamer (A54-LYS,30) self-energy    3444.36725903 pruned by (A54-LYS, 0)     -14.75718299.
  Rotamer (A54-LYS,31) self-energy   89382.78766835 pruned by (A54-LYS, 0)     -14.75718299.
  Rotamer (A54-LYS,32) self-energy  149132.38193923 pruned by (A54-LYS, 0)     -14.75718299.
  Rotamer (A54-LYS,33) self-energy   10146.51148382 pruned by (A54-LYS, 0)     -14.75718299.
  Rotamer (A54-LYS,34) self-energy     126.97548518 pruned by (A54-LYS, 0)     -14.75718299.
  Rotamer (A54-LYS,38) self-energy      12.91736188 pruned by (A54-LYS, 0)     -14.75718299.
  Rotamer (A54-LYS,42) self-energy     208.86061829 pruned by (A54-LYS, 0)     -14.75718299.
  Rotamer (A54-LYS,43) self-energy     258.50467617 pruned by (A54-LYS, 0)     -14.75718299.
  Rotamer (A54-LYS,44) self-energy    1178.66418388 pruned by (A54-LYS, 0)     -14.75718299.
  Rotamer (A54-LYS,45) self-energy    1744.01859658 pruned by (A54-LYS, 0)     -14.75718299.
  Rotamer (A54-LYS,46) self-energy    1824.67364106 pruned by (A54-LYS, 0)     -14.75718299.
  Rotamer (A54-LYS,47) self-energy  452218.69444598 pruned by (A54-LYS, 0)     -14.75718299.
  Rotamer (A54-LYS,48) self-energy   65394.72555337 pruned by (A54-LYS, 0)     -14.75718299.
  Rotamer (A54-LYS,49) self-energy  272950.89077937 pruned by (A54-LYS, 0)     -14.75718299.
  Rotamer (A54-LYS,50) self-energy   13260.86567300 pruned by (A54-LYS, 0)     -14.75718299.
  Rotamer (A54-LYS,51) self-energy  160104.64816100 pruned by (A54-LYS, 0)     -14.75718299.
  Rotamer (A54-LYS,52) self-energy   13354.12495021 pruned by (A54-LYS, 0)     -14.75718299.
  Rotamer (A54-LYS,53) self-energy    6682.23767083 pruned by (A54-LYS, 0)     -14.75718299.
  Rotamer (A54-LYS,54) self-energy    2281.68316148 pruned by (A54-LYS, 0)     -14.75718299.
  Rotamer (A54-LYS,55) self-energy   11424.38936481 pruned by (A54-LYS, 0)     -14.75718299.
  Rotamer (A57-GLH, 1) self-energy      55.47622823 pruned by (A57-GLU,41)     -12.85242072.
  Rotamer (A57-GLH, 2) self-energy      56.65311871 pruned by (A57-GLU,41)     -12.85242072.
  Rotamer (A57-GLH, 3) self-energy     205.75384023 pruned by (A57-GLU,41)     -12.85242072.
  Rotamer (A57-GLH, 4) self-energy      58.04252799 pruned by (A57-GLU,41)     -12.85242072.
  Rotamer (A57-GLH, 5) self-energy      81.86322927 pruned by (A57-GLU,41)     -12.85242072.
  Rotamer (A57-GLH, 6) self-energy      71.88289941 pruned by (A57-GLU,41)     -12.85242072.
  Rotamer (A57-GLH, 7) self-energy     257.29304055 pruned by (A57-GLU,41)     -12.85242072.
  Rotamer (A57-GLH, 8) self-energy      50.32034690 pruned by (A57-GLU,41)     -12.85242072.
  Rotamer (A57-GLH, 9) self-energy      51.90759065 pruned by (A57-GLU,41)     -12.85242072.
  Rotamer (A57-GLH,10) self-energy      56.40380917 pruned by (A57-GLU,41)     -12.85242072.
  Rotamer (A57-GLH,11) self-energy     794.91229057 pruned by (A57-GLU,41)     -12.85242072.
  Rotamer (A57-GLH,12) self-energy      60.08038676 pruned by (A57-GLU,41)     -12.85242072.
  Rotamer (A57-GLH,13) self-energy      68.14371715 pruned by (A57-GLU,41)     -12.85242072.
  Rotamer (A57-GLH,14) self-energy      96.81709520 pruned by (A57-GLU,41)     -12.85242072.
  Rotamer (A57-GLH,15) self-energy     304.31056234 pruned by (A57-GLU,41)     -12.85242072.
  Rotamer (A57-GLH,16) self-energy      54.78894535 pruned by (A57-GLU,41)     -12.85242072.
  Rotamer (A57-GLH,17) self-energy      54.37866057 pruned by (A57-GLU,41)     -12.85242072.
  Rotamer (A57-GLH,18) self-energy      58.58749594 pruned by (A57-GLU,41)     -12.85242072.
  Rotamer (A57-GLH,19) self-energy     202.40145448 pruned by (A57-GLU,41)     -12.85242072.
  Rotamer (A57-GLH,20) self-energy      62.22209364 pruned by (A57-GLU,41)     -12.85242072.
  Rotamer (A57-GLH,21) self-energy      63.09107402 pruned by (A57-GLU,41)     -12.85242072.
  Rotamer (A57-GLH,22) self-energy      71.29313389 pruned by (A57-GLU,41)     -12.85242072.
  Rotamer (A57-GLH,23) self-energy     214.25472848 pruned by (A57-GLU,41)     -12.85242072.
  Rotamer (A57-GLH,24) self-energy      53.82189377 pruned by (A57-GLU,41)     -12.85242072.
  Rotamer (A57-GLH,25) self-energy      56.47412061 pruned by (A57-GLU,41)     -12.85242072.
  Rotamer (A57-GLH,26) self-energy      74.10409035 pruned by (A57-GLU,41)     -12.85242072.
  Rotamer (A57-GLH,27) self-energy     267.75437696 pruned by (A57-GLU,41)     -12.85242072.
  Rotamer (A57-GLH,28) self-energy      78.00369817 pruned by (A57-GLU,41)     -12.85242072.
  Rotamer (A57-GLH,29) self-energy      84.27906313 pruned by (A57-GLU,41)     -12.85242072.
  Rotamer (A57-GLH,30) self-energy     108.13323350 pruned by (A57-GLU,41)     -12.85242072.
  Rotamer (A57-GLH,31) self-energy     288.64463173 pruned by (A57-GLU,41)     -12.85242072.
  Rotamer (A57-GLH,32) self-energy      71.77270714 pruned by (A57-GLU,41)     -12.85242072.
  Rotamer (A57-GLH,33) self-energy      69.15420164 pruned by (A57-GLU,41)     -12.85242072.
  Rotamer (A57-GLU,35) self-energy     166.37719927 pruned by (A57-GLU,41)     -12.85242072.
  Rotamer (A57-GLU,39) self-energy     219.19934079 pruned by (A57-GLU,41)     -12.85242072.
  Rotamer (A65-ASH, 1) self-energy      56.98899688 pruned by (A65-ASP, 0)     -18.89962297.
  Rotamer (A65-ASH, 2) self-energy      85.23727779 pruned by (A65-ASP, 0)     -18.89962297.
  Rotamer (A65-ASH, 3) self-energy      62.13164596 pruned by (A65-ASP, 0)     -18.89962297.
  Rotamer (A65-ASH, 4) self-energy      58.72524964 pruned by (A65-ASP, 0)     -18.89962297.
  Rotamer (A65-ASH, 5) self-energy      57.69035235 pruned by (A65-ASP, 0)     -18.89962297.
  Rotamer (A65-ASH, 6) self-energy      52.58440829 pruned by (A65-ASP, 0)     -18.89962297.
  Rotamer (A65-ASH, 7) self-energy      91.10416180 pruned by (A65-ASP, 0)     -18.89962297.
  Rotamer (A65-ASH, 8) self-energy      66.97326465 pruned by (A65-ASP, 0)     -18.89962297.
  Rotamer (A65-ASH, 9) self-energy      61.14625926 pruned by (A65-ASP, 0)     -18.89962297.
  Rotamer (A65-ASH,10) self-energy      55.40191267 pruned by (A65-ASP, 0)     -18.89962297.
  Rotamer (A65-ASH,11) self-energy      77.57756043 pruned by (A65-ASP, 0)     -18.89962297.
  Rotamer (A65-ASH,12) self-energy      90.59523071 pruned by (A65-ASP, 0)     -18.89962297.
  Rotamer (A65-ASH,13) self-energy      68.27111643 pruned by (A65-ASP, 0)     -18.89962297.
  Rotamer (A65-ASH,14) self-energy      63.94759923 pruned by (A65-ASP, 0)     -18.89962297.
  Rotamer (A65-ASH,15) self-energy      64.06910817 pruned by (A65-ASP, 0)     -18.89962297.
  Rotamer (A65-ASH,16) self-energy      56.61005979 pruned by (A65-ASP, 0)     -18.89962297.
  Rotamer (A65-ASH,17) self-energy     135.64261943 pruned by (A65-ASP, 0)     -18.89962297.
  Rotamer (A65-ASH,18) self-energy     110.72098900 pruned by (A65-ASP, 0)     -18.89962297.
  Rotamer (A65-ASH,19) self-energy      87.59772422 pruned by (A65-ASP, 0)     -18.89962297.
  Rotamer (A65-ASH,20) self-energy      61.20408681 pruned by (A65-ASP, 0)     -18.89962297.
  Rotamer (A65-ASH,21) self-energy      83.46857681 pruned by (A65-ASP, 0)     -18.89962297.
  Rotamer (A65-ASP,22) self-energy      24.29553378 pruned by (A65-ASP, 0)     -18.89962297.
  Rotamer (A68-HIS, 5) self-energy      12.55809903 pruned by (A68-HIE,19)     -29.95665048.
  Rotamer (A68-HIS, 6) self-energy      71.39378951 pruned by (A68-HIE,19)     -29.95665048.
  Rotamer (A68-HIS, 8) self-energy    2361.65288222 pruned by (A68-HIE,19)     -29.95665048.
  Rotamer (A68-HIS, 9) self-energy    8968.28856427 pruned by (A68-HIE,19)     -29.95665048.
  Rotamer (A68-HIS,10) self-energy    2090.24986767 pruned by (A68-HIE,19)     -29.95665048.
  Rotamer (A68-HID,14) self-energy      43.93043696 pruned by (A68-HIE,19)     -29.95665048.
  Rotamer (A68-HID,16) self-energy    1939.18231178 pruned by (A68-HIE,19)     -29.95665048.
  Rotamer (A68-HID,17) self-energy    8507.77551339 pruned by (A68-HIE,19)     -29.95665048.
  Rotamer (A68-HID,18) self-energy    2011.99271663 pruned by (A68-HIE,19)     -29.95665048.
  Rotamer (A68-HIE,21) self-energy      -2.76109261 pruned by (A68-HIE,19)     -29.95665048.
  Rotamer (A68-HIE,22) self-energy      42.01789243 pruned by (A68-HIE,19)     -29.95665048.
  Rotamer (A68-HIE,24) self-energy    2060.47727089 pruned by (A68-HIE,19)     -29.95665048.
  Rotamer (A68-HIE,25) self-energy    7914.09368949 pruned by (A68-HIE,19)     -29.95665048.
  Rotamer (A68-HIE,26) self-energy    1839.51290222 pruned by (A68-HIE,19)     -29.95665048.
  Rotamer (A74-ASH, 1) self-energy      73.67631014 pruned by (A74-ASP, 0)     -12.38711626.
  Rotamer (A74-ASH, 2) self-energy     268.29284055 pruned by (A74-ASP, 0)     -12.38711626.
  Rotamer (A74-ASH, 3) self-energy     172.36503316 pruned by (A74-ASP, 0)     -12.38711626.
  Rotamer (A74-ASH, 4) self-energy     303.58044011 pruned by (A74-ASP, 0)     -12.38711626.
  Rotamer (A74-ASH, 5) self-energy     167.05977687 pruned by (A74-ASP, 0)     -12.38711626.
  Rotamer (A74-ASH, 6) self-energy      58.90380173 pruned by (A74-ASP, 0)     -12.38711626.
  Rotamer (A74-ASH, 7) self-energy     287.63524133 pruned by (A74-ASP, 0)     -12.38711626.
  Rotamer (A74-ASH, 8) self-energy     207.55314839 pruned by (A74-ASP, 0)     -12.38711626.
  Rotamer (A74-ASH, 9) self-energy     132.29989203 pruned by (A74-ASP, 0)     -12.38711626.
  Rotamer (A74-ASH,10) self-energy     100.99943259 pruned by (A74-ASP, 0)     -12.38711626.
  Rotamer (A74-ASH,11) self-energy      62.90374886 pruned by (A74-ASP, 0)     -12.38711626.
  Rotamer (A74-ASH,12) self-energy     224.74035166 pruned by (A74-ASP, 0)     -12.38711626.
  Rotamer (A74-ASH,13) self-energy     148.52170761 pruned by (A74-ASP, 0)     -12.38711626.
  Rotamer (A74-ASH,14) self-energy     315.41868801 pruned by (A74-ASP, 0)     -12.38711626.
  Rotamer (A74-ASH,15) self-energy     167.42161805 pruned by (A74-ASP, 0)     -12.38711626.
  Rotamer (A74-ASH,16) self-energy      64.52275103 pruned by (A74-ASP, 0)     -12.38711626.
  Rotamer (A74-ASH,17) self-energy     556.55645195 pruned by (A74-ASP, 0)     -12.38711626.
  Rotamer (A74-ASH,18) self-energy     466.70631183 pruned by (A74-ASP, 0)     -12.38711626.
  Rotamer (A74-ASH,19) self-energy     162.65020033 pruned by (A74-ASP, 0)     -12.38711626.
  Rotamer (A74-ASH,20) self-energy     106.65193506 pruned by (A74-ASP, 0)     -12.38711626.
  Rotamer (A74-ASH,21) self-energy      85.00501626 pruned by (A74-ASP, 0)     -12.38711626.
  Rotamer (A74-ASP,22) self-energy     135.56210490 pruned by (A74-ASP, 0)     -12.38711626.
  Rotamer (A74-ASP,23) self-energy     101.10578952 pruned by (A74-ASP, 0)     -12.38711626.
  Rotamer (A74-ASP,24) self-energy      85.58260567 pruned by (A74-ASP, 0)     -12.38711626.
  Rotamer (A74-ASP,25) self-energy      47.89901334 pruned by (A74-ASP, 0)     -12.38711626.
  Rotamer (A80-LYD, 2) self-energy      60.08159852 pruned by (A80-LYS,40)     -22.44633758.
  Rotamer (A80-LYD, 3) self-energy     141.21464818 pruned by (A80-LYS,40)     -22.44633758.
  Rotamer (A80-LYD, 4) self-energy     140.37659950 pruned by (A80-LYS,40)     -22.44633758.
  Rotamer (A80-LYD, 5) self-energy    2966.00840046 pruned by (A80-LYS,40)     -22.44633758.
  Rotamer (A80-LYD, 6) self-energy      42.64816642 pruned by (A80-LYS,40)     -22.44633758.
  Rotamer (A80-LYD,17) self-energy      35.91777247 pruned by (A80-LYS,40)     -22.44633758.
  Rotamer (A80-LYD,18) self-energy      42.77210496 pruned by (A80-LYS,40)     -22.44633758.
  Rotamer (A80-LYD,23) self-energy       6.61741874 pruned by (A80-LYS,40)     -22.44633758.
  Rotamer (A80-LYD,24) self-energy     268.54771664 pruned by (A80-LYS,40)     -22.44633758.
  Rotamer (A80-LYD,25) self-energy       3.28863547 pruned by (A80-LYS,40)     -22.44633758.
  Rotamer (A80-LYD,27) self-energy       5.48848440 pruned by (A80-LYS,40)     -22.44633758.
  Rotamer (A80-LYD,28) self-energy       4.10193046 pruned by (A80-LYS,40)     -22.44633758.
  Rotamer (A80-LYS,29) self-energy      48.90516149 pruned by (A80-LYS,40)     -22.44633758.
  Rotamer (A80-LYS,31) self-energy     128.30162874 pruned by (A80-LYS,40)     -22.44633758.
  Rotamer (A80-LYS,32) self-energy    3044.18776778 pruned by (A80-LYS,40)     -22.44633758.
  Rotamer (A80-LYS,33) self-energy      30.13099372 pruned by (A80-LYS,40)     -22.44633758.
  Rotamer (A80-LYS,44) self-energy      25.65939157 pruned by (A80-LYS,40)     -22.44633758.
  Rotamer (A80-LYS,45) self-energy      33.97979168 pruned by (A80-LYS,40)     -22.44633758.
  Rotamer (A80-LYS,51) self-energy     260.77488153 pruned by (A80-LYS,40)     -22.44633758.
  Rotamer (A81-GLH, 1) self-energy      54.05293639 pruned by (A81-GLU, 0)     -13.34950875.
  Rotamer (A81-GLH, 2) self-energy     122.51229563 pruned by (A81-GLU, 0)     -13.34950875.
  Rotamer (A81-GLH, 3) self-energy   45854.27728305 pruned by (A81-GLU, 0)     -13.34950875.
  Rotamer (A81-GLH, 4) self-energy      53.88047375 pruned by (A81-GLU, 0)     -13.34950875.
  Rotamer (A81-GLH, 5) self-energy      51.77865103 pruned by (A81-GLU, 0)     -13.34950875.
  Rotamer (A81-GLH, 6) self-energy     106.76013016 pruned by (A81-GLU, 0)     -13.34950875.
  Rotamer (A81-GLH, 7) self-energy    3809.48243889 pruned by (A81-GLU, 0)     -13.34950875.
  Rotamer (A81-GLH, 8) self-energy      49.31837669 pruned by (A81-GLU, 0)     -13.34950875.
  Rotamer (A81-GLH, 9) self-energy      51.10166430 pruned by (A81-GLU, 0)     -13.34950875.
  Rotamer (A81-GLH,10) self-energy     110.35077450 pruned by (A81-GLU, 0)     -13.34950875.
  Rotamer (A81-GLH,11) self-energy    5284.93058572 pruned by (A81-GLU, 0)     -13.34950875.
  Rotamer (A81-GLH,12) self-energy      56.33533653 pruned by (A81-GLU, 0)     -13.34950875.
  Rotamer (A81-GLH,13) self-energy      54.77932295 pruned by (A81-GLU, 0)     -13.34950875.
  Rotamer (A81-GLH,14) self-energy     188.44155917 pruned by (A81-GLU, 0)     -13.34950875.
  Rotamer (A81-GLH,15) self-energy    2832.41353291 pruned by (A81-GLU, 0)     -13.34950875.
  Rotamer (A81-GLH,16) self-energy      52.59327430 pruned by (A81-GLU, 0)     -13.34950875.
  Rotamer (A81-GLH,17) self-energy      53.69417973 pruned by (A81-GLU, 0)     -13.34950875.
  Rotamer (A81-GLH,18) self-energy     216.75814186 pruned by (A81-GLU, 0)     -13.34950875.
  Rotamer (A81-GLH,19) self-energy   11403.95565856 pruned by (A81-GLU, 0)     -13.34950875.
  Rotamer (A81-GLH,20) self-energy      57.93266341 pruned by (A81-GLU, 0)     -13.34950875.
  Rotamer (A81-GLH,21) self-energy      55.50627190 pruned by (A81-GLU, 0)     -13.34950875.
  Rotamer (A81-GLH,22) self-energy     110.65355405 pruned by (A81-GLU, 0)     -13.34950875.
  Rotamer (A81-GLH,23) self-energy    3811.64228249 pruned by (A81-GLU, 0)     -13.34950875.
  Rotamer (A81-GLH,24) self-energy      52.92610023 pruned by (A81-GLU, 0)     -13.34950875.
  Rotamer (A81-GLH,25) self-energy      55.60730071 pruned by (A81-GLU, 0)     -13.34950875.
  Rotamer (A81-GLH,26) self-energy     128.74571320 pruned by (A81-GLU, 0)     -13.34950875.
  Rotamer (A81-GLH,27) self-energy    4398.64497312 pruned by (A81-GLU, 0)     -13.34950875.
  Rotamer (A81-GLH,28) self-energy      74.44995610 pruned by (A81-GLU, 0)     -13.34950875.
  Rotamer (A81-GLH,29) self-energy      72.49464204 pruned by (A81-GLU, 0)     -13.34950875.
  Rotamer (A81-GLH,30) self-energy     166.77414567 pruned by (A81-GLU, 0)     -13.34950875.
  Rotamer (A81-GLH,31) self-energy    1015.33537280 pruned by (A81-GLU, 0)     -13.34950875.
  Rotamer (A81-GLH,32) self-energy      70.94115345 pruned by (A81-GLU, 0)     -13.34950875.
  Rotamer (A81-GLH,33) self-energy      68.56481752 pruned by (A81-GLU, 0)     -13.34950875.
  Rotamer (A81-GLU,34) self-energy      57.22013784 pruned by (A81-GLU, 0)     -13.34950875.
  Rotamer (A81-GLU,35) self-energy    5530.36476398 pruned by (A81-GLU, 0)     -13.34950875.
  Rotamer (A81-GLU,38) self-energy      59.02772423 pruned by (A81-GLU, 0)     -13.34950875.
  Rotamer (A81-GLU,39) self-energy    4859.51587149 pruned by (A81-GLU, 0)     -13.34950875.
  Rotamer (A84-ASH, 1) self-energy      55.35508741 pruned by (A84-ASP, 0)     -19.24998553.
  Rotamer (A84-ASH, 2) self-energy     128.97589273 pruned by (A84-ASP, 0)     -19.24998553.
  Rotamer (A84-ASH, 3) self-energy     132.31296480 pruned by (A84-ASP, 0)     -19.24998553.
  Rotamer (A84-ASH, 4) self-energy      72.85676050 pruned by (A84-ASP, 0)     -19.24998553.
  Rotamer (A84-ASH, 5) self-energy      61.51587633 pruned by (A84-ASP, 0)     -19.24998553.
  Rotamer (A84-ASH, 6) self-energy      57.45427539 pruned by (A84-ASP, 0)     -19.24998553.
  Rotamer (A84-ASH, 7) self-energy     220.47082313 pruned by (A84-ASP, 0)     -19.24998553.
  Rotamer (A84-ASH, 8) self-energy     160.89249552 pruned by (A84-ASP, 0)     -19.24998553.
  Rotamer (A84-ASH, 9) self-energy      73.63735418 pruned by (A84-ASP, 0)     -19.24998553.
  Rotamer (A84-ASH,10) self-energy      58.35889718 pruned by (A84-ASP, 0)     -19.24998553.
  Rotamer (A84-ASH,11) self-energy      86.85131522 pruned by (A84-ASP, 0)     -19.24998553.
  Rotamer (A84-ASH,12) self-energy     131.43618031 pruned by (A84-ASP, 0)     -19.24998553.
  Rotamer (A84-ASH,13) self-energy     133.27228253 pruned by (A84-ASP, 0)     -19.24998553.
  Rotamer (A84-ASH,14) self-energy      78.15739165 pruned by (A84-ASP, 0)     -19.24998553.
  Rotamer (A84-ASH,15) self-energy      67.88332104 pruned by (A84-ASP, 0)     -19.24998553.
  Rotamer (A84-ASH,16) self-energy      62.37544256 pruned by (A84-ASP, 0)     -19.24998553.
  Rotamer (A84-ASH,17) self-energy     168.14353090 pruned by (A84-ASP, 0)     -19.24998553.
  Rotamer (A84-ASH,18) self-energy     153.82652748 pruned by (A84-ASP, 0)     -19.24998553.
  Rotamer (A84-ASH,19) self-energy     105.75917201 pruned by (A84-ASP, 0)     -19.24998553.
  Rotamer (A84-ASH,20) self-energy      64.49506504 pruned by (A84-ASP, 0)     -19.24998553.
  Rotamer (A84-ASH,21) self-energy     101.98694089 pruned by (A84-ASP, 0)     -19.24998553.
  Rotamer (A84-ASP,22) self-energy      78.49601190 pruned by (A84-ASP, 0)     -19.24998553.
  Rotamer (A84-ASP,23) self-energy      79.36544475 pruned by (A84-ASP, 0)     -19.24998553.
 Loaded 2-body energies from restart file.
 Rotamer Pair (     11,28) (     15,13) 2-body energy          NaN pre-pruned since energy is NaN.
 Rotamer Pair (     11,28) (     15,40) 2-body energy          NaN pre-pruned since energy is NaN.
 Rotamer Pair (     11,55) (     15,13) 2-body energy          NaN pre-pruned since energy is NaN.
 Rotamer Pair (     11,55) (     15,40) 2-body energy          NaN pre-pruned since energy is NaN.
 Loaded trimer energies from restart file.

 Number of self energies: 0
 Backbone energy:     -350.09277485

 Time for single energies:       0.8477
 Number of 2-body energies to calculate: 0
 Time for 2-body energies:        0.02520
 Number of 3-Body energies to calculate: 8782
 3-Body  A45-LYS 53,  A46-GLU 40,  A54-LYD 14:       0.00028729 at      1.767 Ang (1.348 Ang by residue) in 0.9475 (sec).
 3-Body  A45-LYS 53,  A46-GLU 40,  A54-LYS 35:      -0.00001752 at      1.990 Ang (1.348 Ang by residue) in 0.9588 (sec).
 3-Body  A45-LYS 53,  A46-GLU 40,  A54-LYS 36:       0.00004203 at      1.912 Ang (1.348 Ang by residue) in 0.7594 (sec).
 3-Body  A45-LYS 53,  A46-GLU 40,  A54-LYS 37:       0.00157617 at      1.680 Ang (1.348 Ang by residue) in 0.7981 (sec).
 3-Body  A45-LYS 53,  A46-GLU 40,  A54-LYS 39:       0.00026043 at      1.759 Ang (1.348 Ang by residue) in 0.7924 (sec).
 3-Body  A45-LYS 53,  A46-GLU 40,  A54-LYS 40:       0.00110783 at      1.669 Ang (1.348 Ang by residue) in 0.7717 (sec).
 3-Body  A45-LYS 53,  A46-GLU 40,  A54-LYS 41:       0.00032168 at      1.767 Ang (1.348 Ang by residue) in 0.7761 (sec).
 3-Body  A45-LYS 53,  A46-GLU 41,  A54-LYS 0 :       0.00083250 at      1.776 Ang (1.348 Ang by residue) in 0.7703 (sec).
 3-Body  A45-LYS 53,  A46-GLU 41,  A54-LYD 1 :       0.00049633 at      1.776 Ang (1.348 Ang by residue) in 0.7591 (sec).
 3-Body  A45-LYS 53,  A46-GLU 41,  A54-LYD 12:       0.00046846 at      1.759 Ang (1.348 Ang by residue) in 0.7170 (sec).
 3-Body  A45-LYS 53,  A46-GLU 41,  A54-LYD 13:       0.00169257 at      1.669 Ang (1.348 Ang by residue) in 0.7705 (sec).
 3-Body  A45-LYS 53,  A46-GLU 41,  A54-LYD 14:       0.00034387 at      1.767 Ang (1.348 Ang by residue) in 0.7247 (sec).
 3-Body  A45-LYS 53,  A46-GLU 41,  A54-LYS 35:       0.00010125 at      1.990 Ang (1.348 Ang by residue) in 0.7089 (sec).
 3-Body  A45-LYS 53,  A46-GLU 41,  A54-LYS 36:       0.00040333 at      1.912 Ang (1.348 Ang by residue) in 0.7346 (sec).
 3-Body  A45-LYS 53,  A46-GLU 41,  A54-LYS 37:       0.00285660 at      1.680 Ang (1.348 Ang by residue) in 0.6410 (sec).
 3-Body  A45-LYS 53,  A46-GLU 41,  A54-LYS 39:       0.00083559 at      1.759 Ang (1.348 Ang by residue) in 0.7659 (sec).
 3-Body  A45-LYS 53,  A46-GLU 41,  A54-LYS 40:       0.00509901 at      1.669 Ang (1.348 Ang by residue) in 0.7417 (sec).
 3-Body  A45-LYS 53,  A46-GLU 41,  A54-LYS 41:       0.00109378 at      1.767 Ang (1.348 Ang by residue) in 0.6943 (sec).
 3-Body  A45-LYS 53,  A54-LYS 0 ,  A57-GLU 0 :       0.00369977 at      1.679 Ang (1.550 Ang by residue) in 0.7476 (sec).
 3-Body  A45-LYS 53,  A54-LYS 0 ,  A57-GLU 34:       0.00172976 at      1.655 Ang (1.550 Ang by residue) in 0.6975 (sec).
 3-Body  A45-LYS 53,  A54-LYS 0 ,  A57-GLU 36:       0.00318560 at      1.734 Ang (1.550 Ang by residue) in 0.6892 (sec).
 3-Body  A45-LYS 53,  A54-LYS 0 ,  A57-GLU 37:       0.00363826 at      1.734 Ang (1.550 Ang by residue) in 0.8505 (sec).
 3-Body  A45-LYS 53,  A54-LYS 0 ,  A57-GLU 38:       0.00859037 at      1.734 Ang (1.550 Ang by residue) in 0.7766 (sec).
 3-Body  A45-LYS 53,  A54-LYS 0 ,  A57-GLU 40:       0.00194576 at      1.734 Ang (1.550 Ang by residue) in 0.8730 (sec).
 3-Body  A45-LYS 53,  A54-LYS 0 ,  A57-GLU 41:       0.00198375 at      1.734 Ang (1.550 Ang by residue) in 0.7061 (sec).
 3-Body  A45-LYS 53,  A54-LYD 1 ,  A57-GLU 0 :       0.00428850 at      1.679 Ang (1.550 Ang by residue) in 0.7473 (sec).
 3-Body  A45-LYS 53,  A54-LYD 1 ,  A57-GLU 34:       0.00407387 at      1.655 Ang (1.550 Ang by residue) in 0.7033 (sec).
 3-Body  A45-LYS 53,  A54-LYD 1 ,  A57-GLU 36:       0.00222764 at      1.734 Ang (1.550 Ang by residue) in 0.7554 (sec).
 3-Body  A45-LYS 53,  A54-LYD 1 ,  A57-GLU 37:       0.00187130 at      1.734 Ang (1.550 Ang by residue) in 0.7856 (sec).
 3-Body  A45-LYS 53,  A54-LYD 1 ,  A57-GLU 38:       0.00313271 at      1.734 Ang (1.550 Ang by residue) in 0.7503 (sec).
 3-Body  A45-LYS 53,  A54-LYD 1 ,  A57-GLU 40:       0.00099361 at      1.734 Ang (1.550 Ang by residue) in 0.7234 (sec).
 3-Body  A45-LYS 53,  A54-LYD 1 ,  A57-GLU 41:       0.00141889 at      1.734 Ang (1.550 Ang by residue) in 0.7340 (sec).
 3-Body  A45-LYS 53,  A54-LYD 12,  A57-GLU 0 :       0.00492352 at      1.653 Ang (1.550 Ang by residue) in 0.7450 (sec).
 3-Body  A45-LYS 53,  A54-LYD 12,  A57-GLU 34:       0.00493895 at      1.640 Ang (1.550 Ang by residue) in 0.7557 (sec).
 3-Body  A45-LYS 53,  A54-LYD 12,  A57-GLU 36:       0.00272713 at      1.653 Ang (1.550 Ang by residue) in 0.6543 (sec).
 3-Body  A45-LYS 53,  A54-LYD 12,  A57-GLU 37:       0.00233894 at      1.653 Ang (1.550 Ang by residue) in 0.7169 (sec).
 3-Body  A45-LYS 53,  A54-LYD 12,  A57-GLU 38:       0.00435403 at      1.653 Ang (1.550 Ang by residue) in 0.7861 (sec).
 3-Body  A45-LYS 53,  A54-LYD 12,  A57-GLU 40:       0.00143260 at      1.653 Ang (1.550 Ang by residue) in 0.7641 (sec).
 3-Body  A45-LYS 53,  A54-LYD 12,  A57-GLU 41:       0.00182158 at      1.653 Ang (1.550 Ang by residue) in 0.7365 (sec).
 3-Body  A45-LYS 53,  A54-LYD 13,  A57-GLU 0 :       0.00364777 at      1.639 Ang (1.550 Ang by residue) in 0.7349 (sec).
 3-Body  A45-LYS 53,  A54-LYD 13,  A57-GLU 34:       0.00255629 at      1.647 Ang (1.550 Ang by residue) in 0.7660 (sec).
 3-Body  A45-LYS 53,  A54-LYD 13,  A57-GLU 36:       0.00492555 at      1.647 Ang (1.550 Ang by residue) in 0.8053 (sec).
 3-Body  A45-LYS 53,  A54-LYD 13,  A57-GLU 37:       0.00392266 at      1.647 Ang (1.550 Ang by residue) in 0.7750 (sec).
 3-Body  A45-LYS 53,  A54-LYD 13,  A57-GLU 38:       0.01075753 at      1.647 Ang (1.550 Ang by residue) in 0.6969 (sec).
 3-Body  A45-LYS 53,  A54-LYD 13,  A57-GLU 40:       0.00271743 at      1.647 Ang (1.550 Ang by residue) in 0.7177 (sec).
 3-Body  A45-LYS 53,  A54-LYD 13,  A57-GLU 41:       0.00361002 at      1.647 Ang (1.550 Ang by residue) in 0.7334 (sec).
 3-Body  A45-LYS 53,  A54-LYD 14,  A57-GLU 0 :       0.00057515 at      1.683 Ang (1.550 Ang by residue) in 0.6777 (sec).
 3-Body  A45-LYS 53,  A54-LYD 14,  A57-GLU 34:      -0.00019235 at      1.683 Ang (1.550 Ang by residue) in 0.7885 (sec).
 3-Body  A45-LYS 53,  A54-LYD 14,  A57-GLU 36:       0.00160366 at      1.683 Ang (1.550 Ang by residue) in 0.7708 (sec).
 3-Body  A45-LYS 53,  A54-LYD 14,  A57-GLU 37:       0.00128852 at      1.683 Ang (1.550 Ang by residue) in 0.7799 (sec).
 3-Body  A45-LYS 53,  A54-LYD 14,  A57-GLU 38:       0.00344377 at      1.683 Ang (1.550 Ang by residue) in 0.7535 (sec).
 3-Body  A45-LYS 53,  A54-LYD 14,  A57-GLU 40:       0.00068187 at      1.683 Ang (1.550 Ang by residue) in 0.8418 (sec).
 3-Body  A45-LYS 53,  A54-LYD 14,  A57-GLU 41:       0.00098101 at      1.683 Ang (1.550 Ang by residue) in 0.7983 (sec).
 3-Body  A45-LYS 53,  A54-LYS 35,  A57-GLU 0 :       0.00471371 at      1.722 Ang (1.550 Ang by residue) in 0.8245 (sec).
 3-Body  A45-LYS 53,  A54-LYS 35,  A57-GLU 34:      -0.00109535 at      1.742 Ang (1.550 Ang by residue) in 0.7658 (sec).
 3-Body  A45-LYS 53,  A54-LYS 35,  A57-GLU 36:       0.00564998 at      1.814 Ang (1.550 Ang by residue) in 0.7696 (sec).
 3-Body  A45-LYS 53,  A54-LYS 35,  A57-GLU 37:       0.00600158 at      1.814 Ang (1.550 Ang by residue) in 0.7832 (sec).
 3-Body  A45-LYS 53,  A54-LYS 35,  A57-GLU 38:       0.02670628 at      1.729 Ang (1.550 Ang by residue) in 0.7816 (sec).
 3-Body  A45-LYS 53,  A54-LYS 35,  A57-GLU 40:       0.00146603 at      1.820 Ang (1.550 Ang by residue) in 0.7872 (sec).
 3-Body  A45-LYS 53,  A54-LYS 35,  A57-GLU 41:       0.00241706 at      1.818 Ang (1.550 Ang by residue) in 0.7710 (sec).
 3-Body  A45-LYS 53,  A54-LYS 36,  A57-GLU 0 :       0.01724761 at      1.656 Ang (1.550 Ang by residue) in 0.7450 (sec).
 3-Body  A45-LYS 53,  A54-LYS 36,  A57-GLU 34:       0.01164635 at      1.643 Ang (1.550 Ang by residue) in 0.8284 (sec).
 3-Body  A45-LYS 53,  A54-LYS 36,  A57-GLU 36:       0.00844562 at      1.746 Ang (1.550 Ang by residue) in 0.7732 (sec).
 3-Body  A45-LYS 53,  A54-LYS 36,  A57-GLU 37:       0.00909095 at      1.746 Ang (1.550 Ang by residue) in 0.7177 (sec).
 3-Body  A45-LYS 53,  A54-LYS 36,  A57-GLU 38:       0.02079832 at      1.738 Ang (1.550 Ang by residue) in 0.7498 (sec).
 3-Body  A45-LYS 53,  A54-LYS 36,  A57-GLU 40:       0.00617528 at      1.746 Ang (1.550 Ang by residue) in 0.7120 (sec).
 3-Body  A45-LYS 53,  A54-LYS 36,  A57-GLU 41:       0.00609189 at      1.746 Ang (1.550 Ang by residue) in 0.7612 (sec).
 3-Body  A45-LYS 53,  A54-LYS 37,  A57-GLU 0 :       0.00075554 at      1.728 Ang (1.550 Ang by residue) in 0.7441 (sec).
 3-Body  A45-LYS 53,  A54-LYS 37,  A57-GLU 34:       0.00027920 at      1.743 Ang (1.550 Ang by residue) in 0.7246 (sec).
 3-Body  A45-LYS 53,  A54-LYS 37,  A57-GLU 36:       0.00073243 at      1.810 Ang (1.550 Ang by residue) in 0.7135 (sec).
 3-Body  A45-LYS 53,  A54-LYS 37,  A57-GLU 37:       0.00065277 at      1.810 Ang (1.550 Ang by residue) in 0.7661 (sec).
 3-Body  A45-LYS 53,  A54-LYS 37,  A57-GLU 38:       0.00200291 at      1.810 Ang (1.550 Ang by residue) in 0.7775 (sec).
 3-Body  A45-LYS 53,  A54-LYS 37,  A57-GLU 40:       0.00054553 at      1.810 Ang (1.550 Ang by residue) in 0.7763 (sec).
 3-Body  A45-LYS 53,  A54-LYS 37,  A57-GLU 41:       0.00060081 at      1.810 Ang (1.550 Ang by residue) in 0.7693 (sec).
 3-Body  A45-LYS 53,  A54-LYS 39,  A57-GLU 0 :       0.00596571 at      1.653 Ang (1.550 Ang by residue) in 0.8378 (sec).
 3-Body  A45-LYS 53,  A54-LYS 39,  A57-GLU 34:       0.00422612 at      1.640 Ang (1.550 Ang by residue) in 0.7812 (sec).
 3-Body  A45-LYS 53,  A54-LYS 39,  A57-GLU 36:       0.00415521 at      1.653 Ang (1.550 Ang by residue) in 0.8693 (sec).
 3-Body  A45-LYS 53,  A54-LYS 39,  A57-GLU 37:       0.00450692 at      1.653 Ang (1.550 Ang by residue) in 1.0475 (sec).
 3-Body  A45-LYS 53,  A54-LYS 39,  A57-GLU 38:       0.01087813 at      1.653 Ang (1.550 Ang by residue) in 1.2808 (sec).
 3-Body  A45-LYS 53,  A54-LYS 39,  A57-GLU 40:       0.00279076 at      1.653 Ang (1.550 Ang by residue) in 1.7872 (sec).
 3-Body  A45-LYS 53,  A54-LYS 39,  A57-GLU 41:       0.00281277 at      1.653 Ang (1.550 Ang by residue) in 4.9328 (sec).
 3-Body  A45-LYS 53,  A54-LYS 40,  A57-GLU 0 :       0.01456034 at      1.639 Ang (1.550 Ang by residue) in 3.4972 (sec).
 3-Body  A45-LYS 53,  A54-LYS 40,  A57-GLU 34:       0.01374392 at      1.647 Ang (1.550 Ang by residue) in 2.2262 (sec).
 3-Body  A45-LYS 53,  A54-LYS 40,  A57-GLU 36:       0.01068903 at      1.647 Ang (1.550 Ang by residue) in 1.4780 (sec).
 3-Body  A45-LYS 53,  A54-LYS 40,  A57-GLU 37:       0.01088168 at      1.647 Ang (1.550 Ang by residue) in 1.3925 (sec).
 3-Body  A45-LYS 53,  A54-LYS 40,  A57-GLU 38:       0.02612981 at      1.647 Ang (1.550 Ang by residue) in 1.4047 (sec).
 3-Body  A45-LYS 53,  A54-LYS 40,  A57-GLU 40:       0.00881482 at      1.647 Ang (1.550 Ang by residue) in 1.3421 (sec).
 3-Body  A45-LYS 53,  A54-LYS 40,  A57-GLU 41:       0.00863101 at      1.647 Ang (1.550 Ang by residue) in 1.8464 (sec).
 3-Body  A45-LYS 53,  A54-LYS 41,  A57-GLU 0 :       0.00209353 at      1.683 Ang (1.550 Ang by residue) in 1.0423 (sec).
 3-Body  A45-LYS 53,  A54-LYS 41,  A57-GLU 34:       0.00138265 at      1.683 Ang (1.550 Ang by residue) in 1.0117 (sec).
 3-Body  A45-LYS 53,  A54-LYS 41,  A57-GLU 36:       0.00259997 at      1.683 Ang (1.550 Ang by residue) in 0.9835 (sec).
 3-Body  A45-LYS 53,  A54-LYS 41,  A57-GLU 37:       0.00232597 at      1.683 Ang (1.550 Ang by residue) in 0.9110 (sec).
 3-Body  A45-LYS 53,  A54-LYS 41,  A57-GLU 38:       0.00639494 at      1.683 Ang (1.550 Ang by residue) in 0.9020 (sec).
 3-Body  A45-LYS 53,  A54-LYS 41,  A57-GLU 40:       0.00163630 at      1.683 Ang (1.550 Ang by residue) in 0.8701 (sec).
 3-Body  A45-LYS 53,  A54-LYS 41,  A57-GLU 41:       0.00186910 at      1.683 Ang (1.550 Ang by residue) in 0.9191 (sec).
 3-Body  A45-LYS 54,  A46-GLU 0 ,  A54-LYS 0 :      -0.00239555 at      1.776 Ang (1.348 Ang by residue) in 0.8232 (sec).
 3-Body  A45-LYS 54,  A46-GLU 0 ,  A54-LYD 1 :       0.00060681 at      1.776 Ang (1.348 Ang by residue) in 0.7835 (sec).
 3-Body  A45-LYS 54,  A46-GLU 0 ,  A54-LYD 12:       0.00032542 at      1.759 Ang (1.348 Ang by residue) in 0.8523 (sec).
 3-Body  A45-LYS 54,  A46-GLU 0 ,  A54-LYD 13:      -0.00002149 at      1.669 Ang (1.348 Ang by residue) in 0.7237 (sec).
 3-Body  A45-LYS 54,  A46-GLU 0 ,  A54-LYD 14:       0.00091241 at      1.767 Ang (1.348 Ang by residue) in 0.7691 (sec).
 3-Body  A45-LYS 54,  A46-GLU 0 ,  A54-LYS 35:      -0.00101461 at      2.008 Ang (1.348 Ang by residue) in 0.9125 (sec).
 3-Body  A45-LYS 54,  A46-GLU 0 ,  A54-LYS 36:      -0.00234412 at      1.936 Ang (1.348 Ang by residue) in 0.8153 (sec).
 3-Body  A45-LYS 54,  A46-GLU 0 ,  A54-LYS 37:      -0.00231889 at      1.680 Ang (1.348 Ang by residue) in 0.8643 (sec).
 3-Body  A45-LYS 54,  A46-GLU 0 ,  A54-LYS 39:      -0.00269531 at      1.759 Ang (1.348 Ang by residue) in 0.9545 (sec).
 3-Body  A45-LYS 54,  A46-GLU 0 ,  A54-LYS 40:      -0.01586140 at      1.669 Ang (1.348 Ang by residue) in 0.8807 (sec).
 3-Body  A45-LYS 54,  A46-GLU 0 ,  A54-LYS 41:      -0.00312300 at      1.767 Ang (1.348 Ang by residue) in 0.8581 (sec).
 3-Body  A45-LYS 54,  A46-GLU 34,  A54-LYS 0 :       0.00033482 at      1.776 Ang (1.348 Ang by residue) in 0.8892 (sec).
 3-Body  A45-LYS 54,  A46-GLU 34,  A54-LYD 1 :       0.00041038 at      1.776 Ang (1.348 Ang by residue) in 0.7872 (sec).
 3-Body  A45-LYS 54,  A46-GLU 34,  A54-LYD 12:       0.00033193 at      1.759 Ang (1.348 Ang by residue) in 0.8710 (sec).
 3-Body  A45-LYS 54,  A46-GLU 34,  A54-LYD 13:       0.00079890 at      1.669 Ang (1.348 Ang by residue) in 0.8862 (sec).
 3-Body  A45-LYS 54,  A46-GLU 34,  A54-LYD 14:       0.00034399 at      1.767 Ang (1.348 Ang by residue) in 0.8312 (sec).
 3-Body  A45-LYS 54,  A46-GLU 34,  A54-LYS 35:      -0.00003133 at      2.008 Ang (1.348 Ang by residue) in 0.7907 (sec).
 3-Body  A45-LYS 54,  A46-GLU 34,  A54-LYS 36:      -0.00001110 at      1.936 Ang (1.348 Ang by residue) in 0.8807 (sec).
 3-Body  A45-LYS 54,  A46-GLU 34,  A54-LYS 37:       0.00141163 at      1.680 Ang (1.348 Ang by residue) in 0.9148 (sec).
 3-Body  A45-LYS 54,  A46-GLU 34,  A54-LYS 39:       0.00022974 at      1.759 Ang (1.348 Ang by residue) in 0.8878 (sec).
 3-Body  A45-LYS 54,  A46-GLU 34,  A54-LYS 40:       0.00076949 at      1.669 Ang (1.348 Ang by residue) in 0.7963 (sec).
 3-Body  A45-LYS 54,  A46-GLU 34,  A54-LYS 41:       0.00020274 at      1.767 Ang (1.348 Ang by residue) in 0.8714 (sec).
 3-Body  A45-LYS 54,  A46-GLU 36,  A54-LYS 0 :       0.00077275 at      1.776 Ang (1.348 Ang by residue) in 0.9420 (sec).
 3-Body  A45-LYS 54,  A46-GLU 36,  A54-LYD 1 :       0.00046761 at      1.776 Ang (1.348 Ang by residue) in 0.7835 (sec).
 3-Body  A45-LYS 54,  A46-GLU 36,  A54-LYD 12:       0.00043770 at      1.759 Ang (1.348 Ang by residue) in 0.8253 (sec).
 3-Body  A45-LYS 54,  A46-GLU 36,  A54-LYD 13:       0.00139494 at      1.669 Ang (1.348 Ang by residue) in 0.8767 (sec).
 3-Body  A45-LYS 54,  A46-GLU 36,  A54-LYD 14:       0.00034443 at      1.767 Ang (1.348 Ang by residue) in 0.9101 (sec).
 3-Body  A45-LYS 54,  A46-GLU 36,  A54-LYS 35:       0.00007406 at      2.008 Ang (1.348 Ang by residue) in 0.9305 (sec).
 3-Body  A45-LYS 54,  A46-GLU 36,  A54-LYS 36:       0.00031205 at      1.936 Ang (1.348 Ang by residue) in 0.7994 (sec).
 3-Body  A45-LYS 54,  A46-GLU 36,  A54-LYS 37:       0.00218583 at      1.680 Ang (1.348 Ang by residue) in 0.8439 (sec).
 3-Body  A45-LYS 54,  A46-GLU 36,  A54-LYS 39:       0.00075159 at      1.759 Ang (1.348 Ang by residue) in 0.8272 (sec).
 3-Body  A45-LYS 54,  A46-GLU 36,  A54-LYS 40:       0.00445229 at      1.669 Ang (1.348 Ang by residue) in 0.8210 (sec).
 3-Body  A45-LYS 54,  A46-GLU 36,  A54-LYS 41:       0.00093451 at      1.767 Ang (1.348 Ang by residue) in 0.9058 (sec).
 3-Body  A45-LYS 54,  A46-GLU 37,  A54-LYS 0 :       0.00043937 at      1.776 Ang (1.348 Ang by residue) in 0.9001 (sec).
 3-Body  A45-LYS 54,  A46-GLU 37,  A54-LYD 1 :       0.00038513 at      1.776 Ang (1.348 Ang by residue) in 1.0214 (sec).
 3-Body  A45-LYS 54,  A46-GLU 37,  A54-LYD 12:       0.00033304 at      1.759 Ang (1.348 Ang by residue) in 1.0282 (sec).
 3-Body  A45-LYS 54,  A46-GLU 37,  A54-LYD 13:       0.00098741 at      1.669 Ang (1.348 Ang by residue) in 0.9961 (sec).
 3-Body  A45-LYS 54,  A46-GLU 37,  A54-LYD 14:       0.00030654 at      1.767 Ang (1.348 Ang by residue) in 1.3142 (sec).
 3-Body  A45-LYS 54,  A46-GLU 37,  A54-LYS 35:      -0.00000119 at      2.008 Ang (1.348 Ang by residue) in 0.9111 (sec).
 3-Body  A45-LYS 54,  A46-GLU 37,  A54-LYS 36:       0.00009674 at      1.936 Ang (1.348 Ang by residue) in 0.9739 (sec).
 3-Body  A45-LYS 54,  A46-GLU 37,  A54-LYS 37:       0.00145330 at      1.680 Ang (1.348 Ang by residue) in 1.1096 (sec).
 3-Body  A45-LYS 54,  A46-GLU 37,  A54-LYS 39:       0.00037996 at      1.759 Ang (1.348 Ang by residue) in 1.0149 (sec).
 3-Body  A45-LYS 54,  A46-GLU 37,  A54-LYS 40:       0.00202452 at      1.669 Ang (1.348 Ang by residue) in 1.0012 (sec).
 3-Body  A45-LYS 54,  A46-GLU 37,  A54-LYS 41:       0.00044451 at      1.767 Ang (1.348 Ang by residue) in 0.9714 (sec).
 3-Body  A45-LYS 54,  A46-GLU 39,  A54-LYS 0 :      -0.00083056 at      1.776 Ang (1.348 Ang by residue) in 1.1126 (sec).
 3-Body  A45-LYS 54,  A46-GLU 39,  A54-LYD 1 :       0.00068718 at      1.776 Ang (1.348 Ang by residue) in 1.0620 (sec).
 3-Body  A45-LYS 54,  A46-GLU 39,  A54-LYD 12:       0.00046730 at      1.759 Ang (1.348 Ang by residue) in 1.0266 (sec).
 3-Body  A45-LYS 54,  A46-GLU 39,  A54-LYD 13:       0.00163286 at      1.669 Ang (1.348 Ang by residue) in 1.0706 (sec).
 3-Body  A45-LYS 54,  A46-GLU 39,  A54-LYD 14:       0.00085760 at      1.767 Ang (1.348 Ang by residue) in 0.9870 (sec).
 3-Body  A45-LYS 54,  A46-GLU 39,  A54-LYS 35:      -0.00054244 at      2.008 Ang (1.348 Ang by residue) in 0.9606 (sec).
 3-Body  A45-LYS 54,  A46-GLU 39,  A54-LYS 36:      -0.00120142 at      1.936 Ang (1.348 Ang by residue) in 0.9386 (sec).
 3-Body  A45-LYS 54,  A46-GLU 39,  A54-LYS 37:      -0.00004922 at      1.680 Ang (1.348 Ang by residue) in 0.9525 (sec).
 3-Body  A45-LYS 54,  A46-GLU 39,  A54-LYS 39:      -0.00110777 at      1.759 Ang (1.348 Ang by residue) in 1.1979 (sec).
 3-Body  A45-LYS 54,  A46-GLU 39,  A54-LYS 40:      -0.00583484 at      1.669 Ang (1.348 Ang by residue) in 1.0767 (sec).
 3-Body  A45-LYS 54,  A46-GLU 39,  A54-LYS 41:      -0.00146399 at      1.767 Ang (1.348 Ang by residue) in 1.0104 (sec).
 3-Body  A45-LYS 54,  A46-GLU 40,  A54-LYS 0 :       0.00029720 at      1.776 Ang (1.348 Ang by residue) in 0.9848 (sec).
 3-Body  A45-LYS 54,  A46-GLU 40,  A54-LYD 1 :       0.00035563 at      1.776 Ang (1.348 Ang by residue) in 1.1224 (sec).
 3-Body  A45-LYS 54,  A46-GLU 40,  A54-LYD 12:       0.00029680 at      1.759 Ang (1.348 Ang by residue) in 1.0758 (sec).
 3-Body  A45-LYS 54,  A46-GLU 40,  A54-LYD 13:       0.00084472 at      1.669 Ang (1.348 Ang by residue) in 1.2162 (sec).
 3-Body  A45-LYS 54,  A46-GLU 40,  A54-LYD 14:       0.00028232 at      1.767 Ang (1.348 Ang by residue) in 1.0928 (sec).
 3-Body  A45-LYS 54,  A46-GLU 40,  A54-LYS 35:      -0.00002946 at      2.008 Ang (1.348 Ang by residue) in 1.0958 (sec).
 3-Body  A45-LYS 54,  A46-GLU 40,  A54-LYS 36:      -0.00000731 at      1.936 Ang (1.348 Ang by residue) in 1.2103 (sec).
 3-Body  A45-LYS 54,  A46-GLU 40,  A54-LYS 37:       0.00160198 at      1.680 Ang (1.348 Ang by residue) in 1.1878 (sec).
 3-Body  A45-LYS 54,  A46-GLU 40,  A54-LYS 39:       0.00022762 at      1.759 Ang (1.348 Ang by residue) in 1.1331 (sec).
 3-Body  A45-LYS 54,  A46-GLU 40,  A54-LYS 40:       0.00079186 at      1.669 Ang (1.348 Ang by residue) in 1.0735 (sec).
 3-Body  A45-LYS 54,  A46-GLU 40,  A54-LYS 41:       0.00028840 at      1.767 Ang (1.348 Ang by residue) in 0.9531 (sec).
 3-Body  A45-LYS 54,  A46-GLU 41,  A54-LYS 0 :       0.00090199 at      1.776 Ang (1.348 Ang by residue) in 0.9622 (sec).
 3-Body  A45-LYS 54,  A46-GLU 41,  A54-LYD 1 :       0.00059500 at      1.776 Ang (1.348 Ang by residue) in 1.0526 (sec).
 3-Body  A45-LYS 54,  A46-GLU 41,  A54-LYD 12:       0.00056069 at      1.759 Ang (1.348 Ang by residue) in 1.0303 (sec).
 3-Body  A45-LYS 54,  A46-GLU 41,  A54-LYD 13:       0.00192373 at      1.669 Ang (1.348 Ang by residue) in 0.9588 (sec).
 3-Body  A45-LYS 54,  A46-GLU 41,  A54-LYD 14:       0.00045721 at      1.767 Ang (1.348 Ang by residue) in 1.0194 (sec).
 3-Body  A45-LYS 54,  A46-GLU 41,  A54-LYS 35:       0.00010134 at      2.008 Ang (1.348 Ang by residue) in 1.1110 (sec).
 3-Body  A45-LYS 54,  A46-GLU 41,  A54-LYS 36:       0.00034233 at      1.936 Ang (1.348 Ang by residue) in 1.0326 (sec).
 3-Body  A45-LYS 54,  A46-GLU 41,  A54-LYS 37:       0.00297060 at      1.680 Ang (1.348 Ang by residue) in 1.0452 (sec).
 3-Body  A45-LYS 54,  A46-GLU 41,  A54-LYS 39:       0.00088409 at      1.759 Ang (1.348 Ang by residue) in 1.0449 (sec).
 3-Body  A45-LYS 54,  A46-GLU 41,  A54-LYS 40:       0.00473581 at      1.669 Ang (1.348 Ang by residue) in 1.0986 (sec).
 3-Body  A45-LYS 54,  A46-GLU 41,  A54-LYS 41:       0.00115497 at      1.767 Ang (1.348 Ang by residue) in 0.9513 (sec).
 3-Body  A45-LYS 54,  A54-LYS 0 ,  A57-GLU 0 :      -0.00121803 at      1.785 Ang (1.550 Ang by residue) in 1.0126 (sec).
 3-Body  A45-LYS 54,  A54-LYS 0 ,  A57-GLU 34:      -0.00250290 at      1.762 Ang (1.550 Ang by residue) in 0.9210 (sec).
 3-Body  A45-LYS 54,  A54-LYS 0 ,  A57-GLU 36:       0.00100310 at      1.836 Ang (1.550 Ang by residue) in 1.0444 (sec).
 3-Body  A45-LYS 54,  A54-LYS 0 ,  A57-GLU 37:       0.00132640 at      1.836 Ang (1.550 Ang by residue) in 1.0342 (sec).
 3-Body  A45-LYS 54,  A54-LYS 0 ,  A57-GLU 38:      -0.00093705 at      1.836 Ang (1.550 Ang by residue) in 1.0206 (sec).
 3-Body  A45-LYS 54,  A54-LYS 0 ,  A57-GLU 40:       0.00068632 at      1.836 Ang (1.550 Ang by residue) in 1.1989 (sec).
 3-Body  A45-LYS 54,  A54-LYS 0 ,  A57-GLU 41:       0.00063035 at      1.836 Ang (1.550 Ang by residue) in 1.1968 (sec).
 3-Body  A45-LYS 54,  A54-LYD 1 ,  A57-GLU 0 :       0.00141151 at      1.785 Ang (1.550 Ang by residue) in 1.0243 (sec).
 3-Body  A45-LYS 54,  A54-LYD 1 ,  A57-GLU 34:       0.00109428 at      1.762 Ang (1.550 Ang by residue) in 0.9911 (sec).
 3-Body  A45-LYS 54,  A54-LYD 1 ,  A57-GLU 36:       0.00062906 at      1.836 Ang (1.550 Ang by residue) in 1.0374 (sec).
 3-Body  A45-LYS 54,  A54-LYD 1 ,  A57-GLU 37:       0.00052590 at      1.836 Ang (1.550 Ang by residue) in 1.0238 (sec).
 3-Body  A45-LYS 54,  A54-LYD 1 ,  A57-GLU 38:      -0.00039170 at      1.836 Ang (1.550 Ang by residue) in 1.1234 (sec).
 3-Body  A45-LYS 54,  A54-LYD 1 ,  A57-GLU 40:       0.00027938 at      1.836 Ang (1.550 Ang by residue) in 1.0906 (sec).
 3-Body  A45-LYS 54,  A54-LYD 1 ,  A57-GLU 41:       0.00043947 at      1.836 Ang (1.550 Ang by residue) in 1.0650 (sec).
 3-Body  A45-LYS 54,  A54-LYD 12,  A57-GLU 0 :       0.00143968 at      1.760 Ang (1.550 Ang by residue) in 1.1086 (sec).
 3-Body  A45-LYS 54,  A54-LYD 12,  A57-GLU 34:       0.00122807 at      1.748 Ang (1.550 Ang by residue) in 1.1106 (sec).
 3-Body  A45-LYS 54,  A54-LYD 12,  A57-GLU 36:       0.00071898 at      1.760 Ang (1.550 Ang by residue) in 1.0087 (sec).
 3-Body  A45-LYS 54,  A54-LYD 12,  A57-GLU 37:       0.00059966 at      1.760 Ang (1.550 Ang by residue) in 1.1971 (sec).
 3-Body  A45-LYS 54,  A54-LYD 12,  A57-GLU 38:       0.00035707 at      1.760 Ang (1.550 Ang by residue) in 1.0870 (sec).
 3-Body  A45-LYS 54,  A54-LYD 12,  A57-GLU 40:       0.00038881 at      1.760 Ang (1.550 Ang by residue) in 1.0738 (sec).
 3-Body  A45-LYS 54,  A54-LYD 12,  A57-GLU 41:       0.00053441 at      1.760 Ang (1.550 Ang by residue) in 0.9924 (sec).
 3-Body  A45-LYS 54,  A54-LYD 13,  A57-GLU 0 :       0.00100181 at      1.747 Ang (1.550 Ang by residue) in 0.9370 (sec).
 3-Body  A45-LYS 54,  A54-LYD 13,  A57-GLU 34:       0.00025315 at      1.755 Ang (1.550 Ang by residue) in 1.0370 (sec).
 3-Body  A45-LYS 54,  A54-LYD 13,  A57-GLU 36:       0.00202917 at      1.755 Ang (1.550 Ang by residue) in 1.0484 (sec).
 3-Body  A45-LYS 54,  A54-LYD 13,  A57-GLU 37:       0.00144597 at      1.755 Ang (1.550 Ang by residue) in 1.1233 (sec).
 3-Body  A45-LYS 54,  A54-LYD 13,  A57-GLU 38:       0.00372826 at      1.755 Ang (1.550 Ang by residue) in 1.0048 (sec).
 3-Body  A45-LYS 54,  A54-LYD 13,  A57-GLU 40:       0.00098504 at      1.755 Ang (1.550 Ang by residue) in 1.1964 (sec).
 3-Body  A45-LYS 54,  A54-LYD 13,  A57-GLU 41:       0.00152368 at      1.755 Ang (1.550 Ang by residue) in 1.2116 (sec).
 3-Body  A45-LYS 54,  A54-LYD 14,  A57-GLU 0 :      -0.00001028 at      1.788 Ang (1.550 Ang by residue) in 1.2000 (sec).
 3-Body  A45-LYS 54,  A54-LYD 14,  A57-GLU 34:      -0.00057966 at      1.788 Ang (1.550 Ang by residue) in 1.2160 (sec).
 3-Body  A45-LYS 54,  A54-LYD 14,  A57-GLU 36:       0.00055271 at      1.788 Ang (1.550 Ang by residue) in 0.9847 (sec).
 3-Body  A45-LYS 54,  A54-LYD 14,  A57-GLU 37:       0.00045906 at      1.788 Ang (1.550 Ang by residue) in 1.1125 (sec).
 3-Body  A45-LYS 54,  A54-LYD 14,  A57-GLU 38:       0.00104789 at      1.788 Ang (1.550 Ang by residue) in 1.1817 (sec).
 3-Body  A45-LYS 54,  A54-LYD 14,  A57-GLU 40:       0.00022938 at      1.788 Ang (1.550 Ang by residue) in 1.0942 (sec).
 3-Body  A45-LYS 54,  A54-LYD 14,  A57-GLU 41:       0.00034656 at      1.788 Ang (1.550 Ang by residue) in 1.0296 (sec).
 3-Body  A45-LYS 54,  A54-LYS 35,  A57-GLU 0 :      -0.01317847 at      1.844 Ang (1.550 Ang by residue) in 1.0620 (sec).
 3-Body  A45-LYS 54,  A54-LYS 35,  A57-GLU 34:      -0.01578321 at      1.863 Ang (1.550 Ang by residue) in 1.1839 (sec).
 3-Body  A45-LYS 54,  A54-LYS 35,  A57-GLU 36:      -0.00165457 at      1.930 Ang (1.550 Ang by residue) in 1.0438 (sec).
 3-Body  A45-LYS 54,  A54-LYS 35,  A57-GLU 37:      -0.00214263 at      1.930 Ang (1.550 Ang by residue) in 1.0865 (sec).
 3-Body  A45-LYS 54,  A54-LYS 35,  A57-GLU 38:      -0.00383102 at      1.851 Ang (1.550 Ang by residue) in 1.0503 (sec).
 3-Body  A45-LYS 54,  A54-LYS 35,  A57-GLU 40:      -0.00234563 at      1.936 Ang (1.550 Ang by residue) in 1.0288 (sec).
 3-Body  A45-LYS 54,  A54-LYS 35,  A57-GLU 41:      -0.00158513 at      1.934 Ang (1.550 Ang by residue) in 1.0471 (sec).
 3-Body  A45-LYS 54,  A54-LYS 36,  A57-GLU 0 :      -0.00080391 at      1.790 Ang (1.550 Ang by residue) in 1.0063 (sec).
 3-Body  A45-LYS 54,  A54-LYS 36,  A57-GLU 34:      -0.00411691 at      1.778 Ang (1.550 Ang by residue) in 1.0266 (sec).
 3-Body  A45-LYS 54,  A54-LYS 36,  A57-GLU 36:       0.00168330 at      1.874 Ang (1.550 Ang by residue) in 1.0637 (sec).
 3-Body  A45-LYS 54,  A54-LYS 36,  A57-GLU 37:       0.00195929 at      1.874 Ang (1.550 Ang by residue) in 0.9177 (sec).
 3-Body  A45-LYS 54,  A54-LYS 36,  A57-GLU 38:       0.00225780 at      1.866 Ang (1.550 Ang by residue) in 1.0268 (sec).
 3-Body  A45-LYS 54,  A54-LYS 36,  A57-GLU 40:       0.00111712 at      1.874 Ang (1.550 Ang by residue) in 1.0617 (sec).
 3-Body  A45-LYS 54,  A54-LYS 36,  A57-GLU 41:       0.00113020 at      1.874 Ang (1.550 Ang by residue) in 0.9791 (sec).
 3-Body  A45-LYS 54,  A54-LYS 37,  A57-GLU 0 :       0.00050434 at      1.831 Ang (1.550 Ang by residue) in 1.1170 (sec).
 3-Body  A45-LYS 54,  A54-LYS 37,  A57-GLU 34:       0.00002596 at      1.845 Ang (1.550 Ang by residue) in 1.1302 (sec).
 3-Body  A45-LYS 54,  A54-LYS 37,  A57-GLU 36:       0.00050152 at      1.908 Ang (1.550 Ang by residue) in 1.0943 (sec).
 3-Body  A45-LYS 54,  A54-LYS 37,  A57-GLU 37:       0.00046527 at      1.908 Ang (1.550 Ang by residue) in 0.9373 (sec).
 3-Body  A45-LYS 54,  A54-LYS 37,  A57-GLU 38:       0.00122754 at      1.908 Ang (1.550 Ang by residue) in 1.1607 (sec).
 3-Body  A45-LYS 54,  A54-LYS 37,  A57-GLU 40:       0.00041974 at      1.908 Ang (1.550 Ang by residue) in 0.9528 (sec).
 3-Body  A45-LYS 54,  A54-LYS 37,  A57-GLU 41:       0.00044554 at      1.908 Ang (1.550 Ang by residue) in 1.1997 (sec).
 3-Body  A45-LYS 54,  A54-LYS 39,  A57-GLU 0 :      -0.00048708 at      1.760 Ang (1.550 Ang by residue) in 1.0254 (sec).
 3-Body  A45-LYS 54,  A54-LYS 39,  A57-GLU 34:      -0.00165167 at      1.748 Ang (1.550 Ang by residue) in 1.0315 (sec).
 3-Body  A45-LYS 54,  A54-LYS 39,  A57-GLU 36:       0.00127519 at      1.760 Ang (1.550 Ang by residue) in 1.2196 (sec).
 3-Body  A45-LYS 54,  A54-LYS 39,  A57-GLU 37:       0.00152800 at      1.760 Ang (1.550 Ang by residue) in 1.0576 (sec).
 3-Body  A45-LYS 54,  A54-LYS 39,  A57-GLU 38:       0.00091112 at      1.760 Ang (1.550 Ang by residue) in 1.1143 (sec).
 3-Body  A45-LYS 54,  A54-LYS 39,  A57-GLU 40:       0.00093493 at      1.760 Ang (1.550 Ang by residue) in 1.1265 (sec).
 3-Body  A45-LYS 54,  A54-LYS 39,  A57-GLU 41:       0.00088845 at      1.760 Ang (1.550 Ang by residue) in 1.0867 (sec).
 3-Body  A45-LYS 54,  A54-LYS 40,  A57-GLU 0 :       0.00914693 at      1.747 Ang (1.550 Ang by residue) in 1.1283 (sec).
 3-Body  A45-LYS 54,  A54-LYS 40,  A57-GLU 34:       0.00860394 at      1.755 Ang (1.550 Ang by residue) in 1.0421 (sec).
 3-Body  A45-LYS 54,  A54-LYS 40,  A57-GLU 36:       0.00666757 at      1.755 Ang (1.550 Ang by residue) in 1.0992 (sec).
 3-Body  A45-LYS 54,  A54-LYS 40,  A57-GLU 37:       0.00705407 at      1.755 Ang (1.550 Ang by residue) in 1.0700 (sec).
 3-Body  A45-LYS 54,  A54-LYS 40,  A57-GLU 38:       0.01555468 at      1.755 Ang (1.550 Ang by residue) in 1.0522 (sec).
 3-Body  A45-LYS 54,  A54-LYS 40,  A57-GLU 40:       0.00596040 at      1.755 Ang (1.550 Ang by residue) in 1.1970 (sec).
 3-Body  A45-LYS 54,  A54-LYS 40,  A57-GLU 41:       0.00559224 at      1.755 Ang (1.550 Ang by residue) in 1.0914 (sec).
 3-Body  A45-LYS 54,  A54-LYS 41,  A57-GLU 0 :       0.00108967 at      1.788 Ang (1.550 Ang by residue) in 0.9657 (sec).
 3-Body  A45-LYS 54,  A54-LYS 41,  A57-GLU 34:       0.00055005 at      1.788 Ang (1.550 Ang by residue) in 1.2963 (sec).
 3-Body  A45-LYS 54,  A54-LYS 41,  A57-GLU 36:       0.00141004 at      1.788 Ang (1.550 Ang by residue) in 1.1729 (sec).
 3-Body  A45-LYS 54,  A54-LYS 41,  A57-GLU 37:       0.00132899 at      1.788 Ang (1.550 Ang by residue) in 1.2361 (sec).
 3-Body  A45-LYS 54,  A54-LYS 41,  A57-GLU 38:       0.00328054 at      1.788 Ang (1.550 Ang by residue) in 1.1465 (sec).
 3-Body  A45-LYS 54,  A54-LYS 41,  A57-GLU 40:       0.00102890 at      1.788 Ang (1.550 Ang by residue) in 0.9930 (sec).
 3-Body  A45-LYS 54,  A54-LYS 41,  A57-GLU 41:       0.00110755 at      1.788 Ang (1.550 Ang by residue) in 1.0029 (sec).
 3-Body  A45-LYS 55,  A46-GLU 0 ,  A54-LYS 0 :       0.00072012 at      1.647 Ang (1.348 Ang by residue) in 0.9593 (sec).
 3-Body  A45-LYS 55,  A46-GLU 0 ,  A54-LYD 1 :       0.00430734 at      1.647 Ang (1.348 Ang by residue) in 0.8933 (sec).
 3-Body  A45-LYS 55,  A46-GLU 0 ,  A54-LYD 12:       0.00400715 at      1.642 Ang (1.348 Ang by residue) in 0.9954 (sec).
 3-Body  A45-LYS 55,  A46-GLU 0 ,  A54-LYD 14:       0.00431245 at      1.638 Ang (1.348 Ang by residue) in 1.1344 (sec).
 3-Body  A45-LYS 55,  A46-GLU 0 ,  A54-LYS 35:      -0.00071566 at      1.854 Ang (1.348 Ang by residue) in 1.0884 (sec).
 3-Body  A45-LYS 55,  A46-GLU 0 ,  A54-LYS 36:      -0.00184730 at      1.791 Ang (1.348 Ang by residue) in 0.9284 (sec).
 3-Body  A45-LYS 55,  A46-GLU 0 ,  A54-LYS 37:      -0.00084799 at      1.637 Ang (1.348 Ang by residue) in 1.0679 (sec).
 3-Body  A45-LYS 55,  A46-GLU 0 ,  A54-LYS 39:       0.00031210 at      1.642 Ang (1.348 Ang by residue) in 1.0082 (sec).
 3-Body  A45-LYS 55,  A46-GLU 0 ,  A54-LYS 41:      -0.00139910 at      1.638 Ang (1.348 Ang by residue) in 1.0116 (sec).
 3-Body  A45-LYS 55,  A46-GLU 34,  A54-LYS 0 :       0.00192177 at      1.647 Ang (1.348 Ang by residue) in 0.9866 (sec).
 3-Body  A45-LYS 55,  A46-GLU 34,  A54-LYD 1 :       0.00177193 at      1.647 Ang (1.348 Ang by residue) in 1.0017 (sec).
 3-Body  A45-LYS 55,  A46-GLU 34,  A54-LYD 12:       0.00193137 at      1.642 Ang (1.348 Ang by residue) in 1.0976 (sec).
 3-Body  A45-LYS 55,  A46-GLU 34,  A54-LYD 14:       0.00175963 at      1.638 Ang (1.348 Ang by residue) in 1.0220 (sec).
 3-Body  A45-LYS 55,  A46-GLU 34,  A54-LYS 35:       0.00019347 at      1.854 Ang (1.348 Ang by residue) in 1.2560 (sec).
 3-Body  A45-LYS 55,  A46-GLU 34,  A54-LYS 36:       0.00077543 at      1.791 Ang (1.348 Ang by residue) in 1.0230 (sec).
 3-Body  A45-LYS 55,  A46-GLU 34,  A54-LYS 37:       0.00224596 at      1.637 Ang (1.348 Ang by residue) in 1.0849 (sec).
 3-Body  A45-LYS 55,  A46-GLU 34,  A54-LYS 39:       0.00206519 at      1.642 Ang (1.348 Ang by residue) in 1.0289 (sec).
 3-Body  A45-LYS 55,  A46-GLU 34,  A54-LYS 41:       0.00154082 at      1.638 Ang (1.348 Ang by residue) in 1.1043 (sec).
 3-Body  A45-LYS 55,  A46-GLU 36,  A54-LYS 0 :       0.00082234 at      1.647 Ang (1.348 Ang by residue) in 1.0256 (sec).
 3-Body  A45-LYS 55,  A46-GLU 36,  A54-LYD 1 :      -0.00025788 at      1.647 Ang (1.348 Ang by residue) in 1.0238 (sec).
 3-Body  A45-LYS 55,  A46-GLU 36,  A54-LYD 12:      -0.00008251 at      1.642 Ang (1.348 Ang by residue) in 1.0667 (sec).
 3-Body  A45-LYS 55,  A46-GLU 36,  A54-LYD 14:      -0.00138294 at      1.638 Ang (1.348 Ang by residue) in 0.9610 (sec).
 3-Body  A45-LYS 55,  A46-GLU 36,  A54-LYS 35:       0.00027385 at      1.854 Ang (1.348 Ang by residue) in 1.0109 (sec).
 3-Body  A45-LYS 55,  A46-GLU 36,  A54-LYS 36:       0.00139770 at      1.791 Ang (1.348 Ang by residue) in 1.0284 (sec).
 3-Body  A45-LYS 55,  A46-GLU 36,  A54-LYS 37:       0.00291743 at      1.637 Ang (1.348 Ang by residue) in 1.0684 (sec).
 3-Body  A45-LYS 55,  A46-GLU 36,  A54-LYS 39:       0.00106762 at      1.642 Ang (1.348 Ang by residue) in 1.1966 (sec).
 3-Body  A45-LYS 55,  A46-GLU 36,  A54-LYS 41:       0.00143603 at      1.638 Ang (1.348 Ang by residue) in 1.1571 (sec).
 3-Body  A45-LYS 55,  A46-GLU 37,  A54-LYS 0 :       0.00138361 at      1.647 Ang (1.348 Ang by residue) in 1.0535 (sec).
 3-Body  A45-LYS 55,  A46-GLU 37,  A54-LYD 1 :       0.00097423 at      1.647 Ang (1.348 Ang by residue) in 1.1527 (sec).
 3-Body  A45-LYS 55,  A46-GLU 37,  A54-LYD 12:       0.00111802 at      1.642 Ang (1.348 Ang by residue) in 0.9998 (sec).
 3-Body  A45-LYS 55,  A46-GLU 37,  A54-LYD 14:       0.00066928 at      1.638 Ang (1.348 Ang by residue) in 1.0321 (sec).
 3-Body  A45-LYS 55,  A46-GLU 37,  A54-LYS 35:       0.00017365 at      1.854 Ang (1.348 Ang by residue) in 1.0489 (sec).
 3-Body  A45-LYS 55,  A46-GLU 37,  A54-LYS 36:       0.00084463 at      1.791 Ang (1.348 Ang by residue) in 0.9447 (sec).
 3-Body  A45-LYS 55,  A46-GLU 37,  A54-LYS 37:       0.00225313 at      1.637 Ang (1.348 Ang by residue) in 0.9464 (sec).
 3-Body  A45-LYS 55,  A46-GLU 37,  A54-LYS 39:       0.00154122 at      1.642 Ang (1.348 Ang by residue) in 1.0122 (sec).
 3-Body  A45-LYS 55,  A46-GLU 37,  A54-LYS 41:       0.00145107 at      1.638 Ang (1.348 Ang by residue) in 0.9288 (sec).
 3-Body  A45-LYS 55,  A46-GLU 39,  A54-LYS 0 :       0.00277558 at      1.647 Ang (1.348 Ang by residue) in 1.0218 (sec).
 3-Body  A45-LYS 55,  A46-GLU 39,  A54-LYD 1 :       0.00450012 at      1.647 Ang (1.348 Ang by residue) in 0.9342 (sec).
 3-Body  A45-LYS 55,  A46-GLU 39,  A54-LYD 12:       0.00448271 at      1.642 Ang (1.348 Ang by residue) in 0.9951 (sec).
 3-Body  A45-LYS 55,  A46-GLU 39,  A54-LYD 14:       0.00486543 at      1.638 Ang (1.348 Ang by residue) in 0.9980 (sec).
 3-Body  A45-LYS 55,  A46-GLU 39,  A54-LYS 35:      -0.00017703 at      1.854 Ang (1.348 Ang by residue) in 0.9810 (sec).
 3-Body  A45-LYS 55,  A46-GLU 39,  A54-LYS 36:      -0.00024595 at      1.791 Ang (1.348 Ang by residue) in 0.9982 (sec).
 3-Body  A45-LYS 55,  A46-GLU 39,  A54-LYS 37:       0.00173793 at      1.637 Ang (1.348 Ang by residue) in 0.9826 (sec).
 3-Body  A45-LYS 55,  A46-GLU 39,  A54-LYS 39:       0.00268888 at      1.642 Ang (1.348 Ang by residue) in 0.9369 (sec).
 3-Body  A45-LYS 55,  A46-GLU 39,  A54-LYS 41:       0.00137576 at      1.638 Ang (1.348 Ang by residue) in 0.9470 (sec).
 3-Body  A45-LYS 55,  A46-GLU 40,  A54-LYS 0 :       0.00180348 at      1.647 Ang (1.348 Ang by residue) in 0.8890 (sec).
 3-Body  A45-LYS 55,  A46-GLU 40,  A54-LYD 1 :       0.00171904 at      1.647 Ang (1.348 Ang by residue) in 0.9324 (sec).
 3-Body  A45-LYS 55,  A46-GLU 40,  A54-LYD 12:       0.00175027 at      1.642 Ang (1.348 Ang by residue) in 0.9374 (sec).
 3-Body  A45-LYS 55,  A46-GLU 40,  A54-LYD 14:       0.00134652 at      1.638 Ang (1.348 Ang by residue) in 0.9565 (sec).
 3-Body  A45-LYS 55,  A46-GLU 40,  A54-LYS 35:       0.00019043 at      1.854 Ang (1.348 Ang by residue) in 0.9455 (sec).
 3-Body  A45-LYS 55,  A46-GLU 40,  A54-LYS 36:       0.00072002 at      1.791 Ang (1.348 Ang by residue) in 0.9076 (sec).
 3-Body  A45-LYS 55,  A46-GLU 40,  A54-LYS 37:       0.00250685 at      1.637 Ang (1.348 Ang by residue) in 0.9464 (sec).
 3-Body  A45-LYS 55,  A46-GLU 40,  A54-LYS 39:       0.00181478 at      1.642 Ang (1.348 Ang by residue) in 1.0958 (sec).
 3-Body  A45-LYS 55,  A46-GLU 40,  A54-LYS 41:       0.00165217 at      1.638 Ang (1.348 Ang by residue) in 1.0222 (sec).
 3-Body  A45-LYS 55,  A46-GLU 41,  A54-LYS 0 :       0.00194418 at      1.647 Ang (1.348 Ang by residue) in 0.9938 (sec).
 3-Body  A45-LYS 55,  A46-GLU 41,  A54-LYD 1 :       0.00097919 at      1.647 Ang (1.348 Ang by residue) in 0.9929 (sec).
 3-Body  A45-LYS 55,  A46-GLU 41,  A54-LYD 12:       0.00100306 at      1.642 Ang (1.348 Ang by residue) in 1.0240 (sec).
 3-Body  A45-LYS 55,  A46-GLU 41,  A54-LYD 14:      -0.00036426 at      1.638 Ang (1.348 Ang by residue) in 1.0468 (sec).
 3-Body  A45-LYS 55,  A46-GLU 41,  A54-LYS 35:       0.00040642 at      1.854 Ang (1.348 Ang by residue) in 1.0526 (sec).
 3-Body  A45-LYS 55,  A46-GLU 41,  A54-LYS 36:       0.00162742 at      1.791 Ang (1.348 Ang by residue) in 0.9573 (sec).
 3-Body  A45-LYS 55,  A46-GLU 41,  A54-LYS 37:       0.00438810 at      1.637 Ang (1.348 Ang by residue) in 1.0051 (sec).
 3-Body  A45-LYS 55,  A46-GLU 41,  A54-LYS 39:       0.00202560 at      1.642 Ang (1.348 Ang by residue) in 1.0552 (sec).
 3-Body  A45-LYS 55,  A46-GLU 41,  A54-LYS 41:       0.00279725 at      1.638 Ang (1.348 Ang by residue) in 0.9495 (sec).
 3-Body  A45-LYS 55,  A54-LYS 0 ,  A57-GLU 0 :       0.03746507 at      1.423 Ang (1.550 Ang by residue) in 1.0933 (sec).
 3-Body  A45-LYS 55,  A54-LYS 0 ,  A57-GLU 34:       0.02721768 at      1.394 Ang (1.550 Ang by residue) in 0.9902 (sec).
 3-Body  A45-LYS 55,  A54-LYS 0 ,  A57-GLU 36:       0.02256429 at      1.487 Ang (1.550 Ang by residue) in 1.0048 (sec).
 3-Body  A45-LYS 55,  A54-LYS 0 ,  A57-GLU 37:       0.02359081 at      1.487 Ang (1.550 Ang by residue) in 0.9500 (sec).
 3-Body  A45-LYS 55,  A54-LYS 0 ,  A57-GLU 38:       0.01397218 at      1.487 Ang (1.550 Ang by residue) in 1.0342 (sec).
 3-Body  A45-LYS 55,  A54-LYS 0 ,  A57-GLU 40:       0.01462447 at      1.487 Ang (1.550 Ang by residue) in 1.0799 (sec).
 3-Body  A45-LYS 55,  A54-LYS 0 ,  A57-GLU 41:       0.01647843 at      1.487 Ang (1.550 Ang by residue) in 0.9796 (sec).
 3-Body  A45-LYS 55,  A54-LYD 1 ,  A57-GLU 0 :       0.01761819 at      1.423 Ang (1.550 Ang by residue) in 0.9847 (sec).
 3-Body  A45-LYS 55,  A54-LYD 1 ,  A57-GLU 34:       0.01449397 at      1.394 Ang (1.550 Ang by residue) in 0.9704 (sec).
 3-Body  A45-LYS 55,  A54-LYD 1 ,  A57-GLU 36:       0.01283238 at      1.487 Ang (1.550 Ang by residue) in 1.0165 (sec).
 3-Body  A45-LYS 55,  A54-LYD 1 ,  A57-GLU 37:       0.00983596 at      1.487 Ang (1.550 Ang by residue) in 1.0727 (sec).
 3-Body  A45-LYS 55,  A54-LYD 1 ,  A57-GLU 38:      -0.01076410 at      1.487 Ang (1.550 Ang by residue) in 1.0531 (sec).
 3-Body  A45-LYS 55,  A54-LYD 1 ,  A57-GLU 40:       0.00529011 at      1.487 Ang (1.550 Ang by residue) in 0.9429 (sec).
 3-Body  A45-LYS 55,  A54-LYD 1 ,  A57-GLU 41:       0.00909494 at      1.487 Ang (1.550 Ang by residue) in 1.0066 (sec).
 3-Body  A45-LYS 55,  A54-LYD 12,  A57-GLU 0 :       0.02201302 at      1.408 Ang (1.550 Ang by residue) in 1.0844 (sec).
 3-Body  A45-LYS 55,  A54-LYD 12,  A57-GLU 34:       0.01976462 at      1.393 Ang (1.550 Ang by residue) in 1.0861 (sec).
 3-Body  A45-LYS 55,  A54-LYD 12,  A57-GLU 36:       0.01685800 at      1.408 Ang (1.550 Ang by residue) in 1.0976 (sec).
 3-Body  A45-LYS 55,  A54-LYD 12,  A57-GLU 37:       0.01380217 at      1.408 Ang (1.550 Ang by residue) in 1.0289 (sec).
 3-Body  A45-LYS 55,  A54-LYD 12,  A57-GLU 38:      -0.00197852 at      1.408 Ang (1.550 Ang by residue) in 1.0399 (sec).
 3-Body  A45-LYS 55,  A54-LYD 12,  A57-GLU 40:       0.00880776 at      1.408 Ang (1.550 Ang by residue) in 1.0339 (sec).
 3-Body  A45-LYS 55,  A54-LYD 12,  A57-GLU 41:       0.01243525 at      1.408 Ang (1.550 Ang by residue) in 1.0683 (sec).
 3-Body  A45-LYS 55,  A54-LYD 14,  A57-GLU 0 :       0.01285378 at      1.429 Ang (1.550 Ang by residue) in 1.0779 (sec).
 3-Body  A45-LYS 55,  A54-LYD 14,  A57-GLU 34:       0.00637555 at      1.429 Ang (1.550 Ang by residue) in 1.0216 (sec).
 3-Body  A45-LYS 55,  A54-LYD 14,  A57-GLU 36:       0.01956255 at      1.429 Ang (1.550 Ang by residue) in 0.9997 (sec).
 3-Body  A45-LYS 55,  A54-LYD 14,  A57-GLU 37:       0.01577761 at      1.429 Ang (1.550 Ang by residue) in 1.0169 (sec).
 3-Body  A45-LYS 55,  A54-LYD 14,  A57-GLU 38:       0.03042750 at      1.429 Ang (1.550 Ang by residue) in 1.2308 (sec).
 3-Body  A45-LYS 55,  A54-LYD 14,  A57-GLU 40:       0.01036530 at      1.429 Ang (1.550 Ang by residue) in 1.0725 (sec).
 3-Body  A45-LYS 55,  A54-LYD 14,  A57-GLU 41:       0.01491887 at      1.429 Ang (1.550 Ang by residue) in 1.1000 (sec).
 3-Body  A45-LYS 55,  A54-LYS 35,  A57-GLU 0 :       0.04700458 at      1.446 Ang (1.550 Ang by residue) in 1.0175 (sec).
 3-Body  A45-LYS 55,  A54-LYS 35,  A57-GLU 34:       0.02641419 at      1.470 Ang (1.550 Ang by residue) in 1.1870 (sec).
 3-Body  A45-LYS 55,  A54-LYS 35,  A57-GLU 36:       0.02419878 at      1.554 Ang (1.550 Ang by residue) in 0.9663 (sec).
 3-Body  A45-LYS 55,  A54-LYS 35,  A57-GLU 37:       0.02832763 at      1.554 Ang (1.550 Ang by residue) in 0.9952 (sec).
 3-Body  A45-LYS 55,  A54-LYS 35,  A57-GLU 38:       0.03332123 at      1.454 Ang (1.550 Ang by residue) in 0.9227 (sec).
 3-Body  A45-LYS 55,  A54-LYS 35,  A57-GLU 40:       0.01328718 at      1.561 Ang (1.550 Ang by residue) in 0.9327 (sec).
 3-Body  A45-LYS 55,  A54-LYS 35,  A57-GLU 41:       0.01434444 at      1.559 Ang (1.550 Ang by residue) in 0.8863 (sec).
 3-Body  A45-LYS 55,  A54-LYS 36,  A57-GLU 0 :       0.09491656 at      1.394 Ang (1.550 Ang by residue) in 0.8771 (sec).
 3-Body  A45-LYS 55,  A54-LYS 36,  A57-GLU 34:       0.07205920 at      1.379 Ang (1.550 Ang by residue) in 0.8521 (sec).
 3-Body  A45-LYS 55,  A54-LYS 36,  A57-GLU 36:       0.04180217 at      1.501 Ang (1.550 Ang by residue) in 1.1372 (sec).
 3-Body  A45-LYS 55,  A54-LYS 36,  A57-GLU 37:       0.04690609 at      1.501 Ang (1.550 Ang by residue) in 0.9347 (sec).
 3-Body  A45-LYS 55,  A54-LYS 36,  A57-GLU 38:       0.03172064 at      1.491 Ang (1.550 Ang by residue) in 0.8793 (sec).
 3-Body  A45-LYS 55,  A54-LYS 36,  A57-GLU 40:       0.03430181 at      1.501 Ang (1.550 Ang by residue) in 1.0103 (sec).
 3-Body  A45-LYS 55,  A54-LYS 36,  A57-GLU 41:       0.03328633 at      1.501 Ang (1.550 Ang by residue) in 0.9934 (sec).
 3-Body  A45-LYS 55,  A54-LYS 37,  A57-GLU 0 :       0.00770449 at      1.578 Ang (1.550 Ang by residue) in 1.1183 (sec).
 3-Body  A45-LYS 55,  A54-LYS 37,  A57-GLU 34:       0.00513551 at      1.595 Ang (1.550 Ang by residue) in 1.0789 (sec).
 3-Body  A45-LYS 55,  A54-LYS 37,  A57-GLU 36:       0.00570650 at      1.667 Ang (1.550 Ang by residue) in 1.0845 (sec).
 3-Body  A45-LYS 55,  A54-LYS 37,  A57-GLU 37:       0.00517241 at      1.667 Ang (1.550 Ang by residue) in 1.0313 (sec).
 3-Body  A45-LYS 55,  A54-LYS 37,  A57-GLU 38:       0.01268560 at      1.667 Ang (1.550 Ang by residue) in 1.0435 (sec).
 3-Body  A45-LYS 55,  A54-LYS 37,  A57-GLU 40:       0.00439002 at      1.667 Ang (1.550 Ang by residue) in 1.0023 (sec).
 3-Body  A45-LYS 55,  A54-LYS 37,  A57-GLU 41:       0.00488962 at      1.667 Ang (1.550 Ang by residue) in 1.0135 (sec).
 3-Body  A45-LYS 55,  A54-LYS 39,  A57-GLU 0 :       0.05011520 at      1.408 Ang (1.550 Ang by residue) in 0.9529 (sec).
 3-Body  A45-LYS 55,  A54-LYS 39,  A57-GLU 34:       0.03951459 at      1.393 Ang (1.550 Ang by residue) in 1.0862 (sec).
 3-Body  A45-LYS 55,  A54-LYS 39,  A57-GLU 36:       0.02941757 at      1.408 Ang (1.550 Ang by residue) in 1.0341 (sec).
 3-Body  A45-LYS 55,  A54-LYS 39,  A57-GLU 37:       0.03084849 at      1.408 Ang (1.550 Ang by residue) in 1.0314 (sec).
 3-Body  A45-LYS 55,  A54-LYS 39,  A57-GLU 38:       0.02817846 at      1.408 Ang (1.550 Ang by residue) in 0.9641 (sec).
 3-Body  A45-LYS 55,  A54-LYS 39,  A57-GLU 40:       0.02092630 at      1.408 Ang (1.550 Ang by residue) in 1.0779 (sec).
 3-Body  A45-LYS 55,  A54-LYS 39,  A57-GLU 41:       0.02235614 at      1.408 Ang (1.550 Ang by residue) in 1.0506 (sec).
 3-Body  A45-LYS 55,  A54-LYS 41,  A57-GLU 0 :       0.03724539 at      1.429 Ang (1.550 Ang by residue) in 0.9939 (sec).
 3-Body  A45-LYS 55,  A54-LYS 41,  A57-GLU 34:       0.03199161 at      1.429 Ang (1.550 Ang by residue) in 0.9366 (sec).
 3-Body  A45-LYS 55,  A54-LYS 41,  A57-GLU 36:       0.03142889 at      1.429 Ang (1.550 Ang by residue) in 1.0259 (sec).
 3-Body  A45-LYS 55,  A54-LYS 41,  A57-GLU 37:       0.02884349 at      1.429 Ang (1.550 Ang by residue) in 1.1519 (sec).
 3-Body  A45-LYS 55,  A54-LYS 41,  A57-GLU 38:       0.05638296 at      1.429 Ang (1.550 Ang by residue) in 1.0968 (sec).
 3-Body  A45-LYS 55,  A54-LYS 41,  A57-GLU 40:       0.02278201 at      1.429 Ang (1.550 Ang by residue) in 1.2668 (sec).
 3-Body  A45-LYS 55,  A54-LYS 41,  A57-GLU 41:       0.02610521 at      1.429 Ang (1.550 Ang by residue) in 1.0250 (sec).
 3-Body  A46-GLU 0 ,  A47-ASP 0 ,  A54-LYS 0 :       0.00003323 at      2.064 Ang (1.887 Ang by residue) in 1.0835 (sec).
 3-Body  A46-GLU 0 ,  A47-ASP 0 ,  A54-LYD 1 :       0.00004405 at      2.064 Ang (1.887 Ang by residue) in 1.0305 (sec).
 3-Body  A46-GLU 0 ,  A47-ASP 0 ,  A54-LYD 12:       0.00003566 at      2.081 Ang (1.887 Ang by residue) in 1.0716 (sec).
 3-Body  A46-GLU 0 ,  A47-ASP 0 ,  A54-LYD 13:       0.00005890 at      2.062 Ang (1.887 Ang by residue) in 1.0984 (sec).
 3-Body  A46-GLU 0 ,  A47-ASP 0 ,  A54-LYD 14:       0.00003802 at      2.081 Ang (1.887 Ang by residue) in 1.0006 (sec).
 3-Body  A46-GLU 0 ,  A47-ASP 0 ,  A54-LYS 35:      -0.00003289 at      2.149 Ang (1.887 Ang by residue) in 1.0452 (sec).
 3-Body  A46-GLU 0 ,  A47-ASP 0 ,  A54-LYS 36:      -0.00002893 at      2.149 Ang (1.887 Ang by residue) in 1.1490 (sec).
 3-Body  A46-GLU 0 ,  A47-ASP 0 ,  A54-LYS 37:       0.00021380 at      1.994 Ang (1.887 Ang by residue) in 1.0712 (sec).
 3-Body  A46-GLU 0 ,  A47-ASP 0 ,  A54-LYS 39:       0.00001901 at      2.081 Ang (1.887 Ang by residue) in 1.1125 (sec).
 3-Body  A46-GLU 0 ,  A47-ASP 0 ,  A54-LYS 40:       0.00014218 at      2.062 Ang (1.887 Ang by residue) in 1.0093 (sec).
 3-Body  A46-GLU 0 ,  A47-ASP 0 ,  A54-LYS 41:      -0.00000138 at      2.081 Ang (1.887 Ang by residue) in 1.0248 (sec).
 3-Body  A46-GLU 0 ,  A47-ASP 24,  A54-LYS 0 :       0.00012160 at      2.064 Ang (1.887 Ang by residue) in 0.9935 (sec).
 3-Body  A46-GLU 0 ,  A47-ASP 24,  A54-LYD 1 :       0.00006381 at      2.064 Ang (1.887 Ang by residue) in 0.9885 (sec).
 3-Body  A46-GLU 0 ,  A47-ASP 24,  A54-LYD 12:       0.00005293 at      2.081 Ang (1.887 Ang by residue) in 0.8986 (sec).
 3-Body  A46-GLU 0 ,  A47-ASP 24,  A54-LYD 13:       0.00006179 at      2.062 Ang (1.887 Ang by residue) in 1.0080 (sec).
 3-Body  A46-GLU 0 ,  A47-ASP 24,  A54-LYD 14:       0.00005080 at      2.081 Ang (1.887 Ang by residue) in 0.9428 (sec).
 3-Body  A46-GLU 0 ,  A47-ASP 24,  A54-LYS 35:       0.00004417 at      2.149 Ang (1.887 Ang by residue) in 1.0858 (sec).
 3-Body  A46-GLU 0 ,  A47-ASP 24,  A54-LYS 36:       0.00005865 at      2.149 Ang (1.887 Ang by residue) in 1.0860 (sec).
 3-Body  A46-GLU 0 ,  A47-ASP 24,  A54-LYS 37:       0.00025956 at      1.994 Ang (1.887 Ang by residue) in 0.9292 (sec).
 3-Body  A46-GLU 0 ,  A47-ASP 24,  A54-LYS 39:       0.00010241 at      2.081 Ang (1.887 Ang by residue) in 1.0775 (sec).
 3-Body  A46-GLU 0 ,  A47-ASP 24,  A54-LYS 40:       0.00019348 at      2.062 Ang (1.887 Ang by residue) in 1.0380 (sec).
 3-Body  A46-GLU 0 ,  A47-ASP 24,  A54-LYS 41:       0.00007479 at      2.081 Ang (1.887 Ang by residue) in 0.9680 (sec).
 3-Body  A46-GLU 0 ,  A47-ASP 25,  A54-LYS 0 :       0.00011343 at      2.064 Ang (1.887 Ang by residue) in 1.0149 (sec).
 3-Body  A46-GLU 0 ,  A47-ASP 25,  A54-LYD 1 :       0.00006861 at      2.064 Ang (1.887 Ang by residue) in 1.0296 (sec).
 3-Body  A46-GLU 0 ,  A47-ASP 25,  A54-LYD 12:       0.00005891 at      2.081 Ang (1.887 Ang by residue) in 1.1836 (sec).
 3-Body  A46-GLU 0 ,  A47-ASP 25,  A54-LYD 13:       0.00007187 at      2.062 Ang (1.887 Ang by residue) in 1.0638 (sec).
 3-Body  A46-GLU 0 ,  A47-ASP 25,  A54-LYD 14:       0.00005713 at      2.081 Ang (1.887 Ang by residue) in 1.0773 (sec).
 3-Body  A46-GLU 0 ,  A47-ASP 25,  A54-LYS 35:       0.00003754 at      2.149 Ang (1.887 Ang by residue) in 1.0102 (sec).
 3-Body  A46-GLU 0 ,  A47-ASP 25,  A54-LYS 36:       0.00005051 at      2.149 Ang (1.887 Ang by residue) in 1.0202 (sec).
 3-Body  A46-GLU 0 ,  A47-ASP 25,  A54-LYS 37:       0.00025910 at      1.994 Ang (1.887 Ang by residue) in 1.1657 (sec).
 3-Body  A46-GLU 0 ,  A47-ASP 25,  A54-LYS 39:       0.00009675 at      2.081 Ang (1.887 Ang by residue) in 0.9296 (sec).
 3-Body  A46-GLU 0 ,  A47-ASP 25,  A54-LYS 40:       0.00018969 at      2.062 Ang (1.887 Ang by residue) in 0.9815 (sec).
 3-Body  A46-GLU 0 ,  A47-ASP 25,  A54-LYS 41:       0.00007324 at      2.081 Ang (1.887 Ang by residue) in 0.9259 (sec).
 3-Body  A46-GLU 0 ,  A47-ASP 26,  A54-LYS 0 :       0.00001067 at      2.064 Ang (1.887 Ang by residue) in 0.9879 (sec).
 3-Body  A46-GLU 0 ,  A47-ASP 26,  A54-LYD 1 :       0.00003786 at      2.064 Ang (1.887 Ang by residue) in 1.0065 (sec).
 3-Body  A46-GLU 0 ,  A47-ASP 26,  A54-LYD 12:       0.00002876 at      2.081 Ang (1.887 Ang by residue) in 0.8705 (sec).
 3-Body  A46-GLU 0 ,  A47-ASP 26,  A54-LYD 13:       0.00005280 at      2.062 Ang (1.887 Ang by residue) in 0.9843 (sec).
 3-Body  A46-GLU 0 ,  A47-ASP 26,  A54-LYD 14:       0.00003569 at      2.081 Ang (1.887 Ang by residue) in 1.1158 (sec).
 3-Body  A46-GLU 0 ,  A47-ASP 26,  A54-LYS 35:      -0.00004440 at      2.149 Ang (1.887 Ang by residue) in 1.0100 (sec).
 3-Body  A46-GLU 0 ,  A47-ASP 26,  A54-LYS 36:      -0.00004778 at      2.149 Ang (1.887 Ang by residue) in 1.0192 (sec).
 3-Body  A46-GLU 0 ,  A47-ASP 26,  A54-LYS 37:       0.00016376 at      1.994 Ang (1.887 Ang by residue) in 1.0583 (sec).
 3-Body  A46-GLU 0 ,  A47-ASP 26,  A54-LYS 39:      -0.00000449 at      2.081 Ang (1.887 Ang by residue) in 0.9300 (sec).
 3-Body  A46-GLU 0 ,  A47-ASP 26,  A54-LYS 40:       0.00009808 at      2.062 Ang (1.887 Ang by residue) in 1.1249 (sec).
 3-Body  A46-GLU 0 ,  A47-ASP 26,  A54-LYS 41:      -0.00003219 at      2.081 Ang (1.887 Ang by residue) in 1.0813 (sec).
 3-Body  A46-GLU 34,  A47-ASP 0 ,  A54-LYS 0 :      -0.00003053 at      2.064 Ang (1.887 Ang by residue) in 1.1324 (sec).
 3-Body  A46-GLU 34,  A47-ASP 0 ,  A54-LYD 1 :       0.00008315 at      2.064 Ang (1.887 Ang by residue) in 0.9527 (sec).
 3-Body  A46-GLU 34,  A47-ASP 0 ,  A54-LYD 12:       0.00006772 at      2.081 Ang (1.887 Ang by residue) in 1.0516 (sec).
 3-Body  A46-GLU 34,  A47-ASP 0 ,  A54-LYD 13:       0.00010646 at      2.062 Ang (1.887 Ang by residue) in 0.9777 (sec).
 3-Body  A46-GLU 34,  A47-ASP 0 ,  A54-LYD 14:       0.00007870 at      2.081 Ang (1.887 Ang by residue) in 0.9690 (sec).
 3-Body  A46-GLU 34,  A47-ASP 0 ,  A54-LYS 35:      -0.00010718 at      2.149 Ang (1.887 Ang by residue) in 0.9646 (sec).
 3-Body  A46-GLU 34,  A47-ASP 0 ,  A54-LYS 36:      -0.00011924 at      2.149 Ang (1.887 Ang by residue) in 0.9354 (sec).
 3-Body  A46-GLU 34,  A47-ASP 0 ,  A54-LYS 37:       0.00016009 at      1.994 Ang (1.887 Ang by residue) in 0.9830 (sec).
 3-Body  A46-GLU 34,  A47-ASP 0 ,  A54-LYS 39:      -0.00005779 at      2.081 Ang (1.887 Ang by residue) in 1.0049 (sec).
 3-Body  A46-GLU 34,  A47-ASP 0 ,  A54-LYS 40:       0.00009248 at      2.062 Ang (1.887 Ang by residue) in 1.0945 (sec).
 3-Body  A46-GLU 34,  A47-ASP 0 ,  A54-LYS 41:      -0.00009620 at      2.081 Ang (1.887 Ang by residue) in 1.0139 (sec).
 3-Body  A46-GLU 34,  A47-ASP 24,  A54-LYS 0 :       0.00012150 at      2.064 Ang (1.887 Ang by residue) in 1.0602 (sec).
 3-Body  A46-GLU 34,  A47-ASP 24,  A54-LYD 1 :       0.00007419 at      2.064 Ang (1.887 Ang by residue) in 1.0183 (sec).
 3-Body  A46-GLU 34,  A47-ASP 24,  A54-LYD 12:       0.00006195 at      2.081 Ang (1.887 Ang by residue) in 1.0134 (sec).
 3-Body  A46-GLU 34,  A47-ASP 24,  A54-LYD 13:       0.00007501 at      2.062 Ang (1.887 Ang by residue) in 0.9996 (sec).
 3-Body  A46-GLU 34,  A47-ASP 24,  A54-LYD 14:       0.00006197 at      2.081 Ang (1.887 Ang by residue) in 0.9988 (sec).
 3-Body  A46-GLU 34,  A47-ASP 24,  A54-LYS 35:       0.00003648 at      2.149 Ang (1.887 Ang by residue) in 1.0869 (sec).
 3-Body  A46-GLU 34,  A47-ASP 24,  A54-LYS 36:       0.00004907 at      2.149 Ang (1.887 Ang by residue) in 1.0261 (sec).
 3-Body  A46-GLU 34,  A47-ASP 24,  A54-LYS 37:       0.00031487 at      1.994 Ang (1.887 Ang by residue) in 1.0660 (sec).
 3-Body  A46-GLU 34,  A47-ASP 24,  A54-LYS 39:       0.00010074 at      2.081 Ang (1.887 Ang by residue) in 1.1285 (sec).
 3-Body  A46-GLU 34,  A47-ASP 24,  A54-LYS 40:       0.00021938 at      2.062 Ang (1.887 Ang by residue) in 1.0775 (sec).
 3-Body  A46-GLU 34,  A47-ASP 24,  A54-LYS 41:       0.00007358 at      2.081 Ang (1.887 Ang by residue) in 1.1473 (sec).
 3-Body  A46-GLU 34,  A47-ASP 25,  A54-LYS 0 :       0.00010540 at      2.064 Ang (1.887 Ang by residue) in 1.0001 (sec).
 3-Body  A46-GLU 34,  A47-ASP 25,  A54-LYD 1 :       0.00008218 at      2.064 Ang (1.887 Ang by residue) in 0.9502 (sec).
 3-Body  A46-GLU 34,  A47-ASP 25,  A54-LYD 12:       0.00007177 at      2.081 Ang (1.887 Ang by residue) in 1.0136 (sec).
 3-Body  A46-GLU 34,  A47-ASP 25,  A54-LYD 13:       0.00009067 at      2.062 Ang (1.887 Ang by residue) in 0.9319 (sec).
 3-Body  A46-GLU 34,  A47-ASP 25,  A54-LYD 14:       0.00007280 at      2.081 Ang (1.887 Ang by residue) in 0.9878 (sec).
 3-Body  A46-GLU 34,  A47-ASP 25,  A54-LYS 35:       0.00002450 at      2.149 Ang (1.887 Ang by residue) in 0.9738 (sec).
 3-Body  A46-GLU 34,  A47-ASP 25,  A54-LYS 36:       0.00003366 at      2.149 Ang (1.887 Ang by residue) in 1.0800 (sec).
 3-Body  A46-GLU 34,  A47-ASP 25,  A54-LYS 37:       0.00030930 at      1.994 Ang (1.887 Ang by residue) in 1.0026 (sec).
 3-Body  A46-GLU 34,  A47-ASP 25,  A54-LYS 39:       0.00008874 at      2.081 Ang (1.887 Ang by residue) in 1.0430 (sec).
 3-Body  A46-GLU 34,  A47-ASP 25,  A54-LYS 40:       0.00020712 at      2.062 Ang (1.887 Ang by residue) in 1.1661 (sec).
 3-Body  A46-GLU 34,  A47-ASP 25,  A54-LYS 41:       0.00006830 at      2.081 Ang (1.887 Ang by residue) in 0.9158 (sec).
 3-Body  A46-GLU 34,  A47-ASP 26,  A54-LYS 0 :      -0.00011427 at      2.064 Ang (1.887 Ang by residue) in 0.9102 (sec).
 3-Body  A46-GLU 34,  A47-ASP 26,  A54-LYD 1 :       0.00005148 at      2.064 Ang (1.887 Ang by residue) in 0.8839 (sec).
 3-Body  A46-GLU 34,  A47-ASP 26,  A54-LYD 12:       0.00003462 at      2.081 Ang (1.887 Ang by residue) in 0.8051 (sec).
 3-Body  A46-GLU 34,  A47-ASP 26,  A54-LYD 13:       0.00006867 at      2.062 Ang (1.887 Ang by residue) in 0.8728 (sec).
 3-Body  A46-GLU 34,  A47-ASP 26,  A54-LYD 14:       0.00006290 at      2.081 Ang (1.887 Ang by residue) in 0.8869 (sec).
 3-Body  A46-GLU 34,  A47-ASP 26,  A54-LYS 35:      -0.00013647 at      2.149 Ang (1.887 Ang by residue) in 0.8832 (sec).
 3-Body  A46-GLU 34,  A47-ASP 26,  A54-LYS 36:      -0.00018158 at      2.149 Ang (1.887 Ang by residue) in 0.8778 (sec).
 3-Body  A46-GLU 34,  A47-ASP 26,  A54-LYS 37:      -0.00003337 at      1.994 Ang (1.887 Ang by residue) in 0.9446 (sec).
 3-Body  A46-GLU 34,  A47-ASP 26,  A54-LYS 39:      -0.00014483 at      2.081 Ang (1.887 Ang by residue) in 0.8065 (sec).
 3-Body  A46-GLU 34,  A47-ASP 26,  A54-LYS 40:      -0.00011052 at      2.062 Ang (1.887 Ang by residue) in 0.8779 (sec).
 3-Body  A46-GLU 34,  A47-ASP 26,  A54-LYS 41:      -0.00021537 at      2.081 Ang (1.887 Ang by residue) in 0.8526 (sec).
 3-Body  A46-GLU 36,  A47-ASP 0 ,  A54-LYS 0 :       0.00013390 at      2.064 Ang (1.887 Ang by residue) in 0.8383 (sec).
 3-Body  A46-GLU 36,  A47-ASP 0 ,  A54-LYD 1 :       0.00010457 at      2.064 Ang (1.887 Ang by residue) in 0.8752 (sec).
 3-Body  A46-GLU 36,  A47-ASP 0 ,  A54-LYD 12:       0.00009172 at      2.081 Ang (1.887 Ang by residue) in 0.8271 (sec).
 3-Body  A46-GLU 36,  A47-ASP 0 ,  A54-LYD 13:       0.00012450 at      2.062 Ang (1.887 Ang by residue) in 0.8359 (sec).
 3-Body  A46-GLU 36,  A47-ASP 0 ,  A54-LYD 14:       0.00009472 at      2.081 Ang (1.887 Ang by residue) in 0.7897 (sec).
 3-Body  A46-GLU 36,  A47-ASP 0 ,  A54-LYS 35:       0.00001362 at      2.149 Ang (1.887 Ang by residue) in 0.8193 (sec).
 3-Body  A46-GLU 36,  A47-ASP 0 ,  A54-LYS 36:       0.00002754 at      2.149 Ang (1.887 Ang by residue) in 0.8571 (sec).
 3-Body  A46-GLU 36,  A47-ASP 0 ,  A54-LYS 37:       0.00052589 at      1.994 Ang (1.887 Ang by residue) in 0.8983 (sec).
 3-Body  A46-GLU 36,  A47-ASP 0 ,  A54-LYS 39:       0.00011427 at      2.081 Ang (1.887 Ang by residue) in 0.9088 (sec).
 3-Body  A46-GLU 36,  A47-ASP 0 ,  A54-LYS 40:       0.00030274 at      2.062 Ang (1.887 Ang by residue) in 0.7859 (sec).
 3-Body  A46-GLU 36,  A47-ASP 0 ,  A54-LYS 41:       0.00009049 at      2.081 Ang (1.887 Ang by residue) in 0.8503 (sec).
 3-Body  A46-GLU 36,  A47-ASP 24,  A54-LYS 0 :       0.00022988 at      2.064 Ang (1.887 Ang by residue) in 0.8273 (sec).
 3-Body  A46-GLU 36,  A47-ASP 24,  A54-LYD 1 :       0.00012358 at      2.064 Ang (1.887 Ang by residue) in 0.7701 (sec).
 3-Body  A46-GLU 36,  A47-ASP 24,  A54-LYD 12:       0.00010732 at      2.081 Ang (1.887 Ang by residue) in 0.7983 (sec).
 3-Body  A46-GLU 36,  A47-ASP 24,  A54-LYD 13:       0.00012165 at      2.062 Ang (1.887 Ang by residue) in 0.8563 (sec).
 3-Body  A46-GLU 36,  A47-ASP 24,  A54-LYD 14:       0.00010479 at      2.081 Ang (1.887 Ang by residue) in 0.8156 (sec).
 3-Body  A46-GLU 36,  A47-ASP 24,  A54-LYS 35:       0.00010199 at      2.149 Ang (1.887 Ang by residue) in 0.7926 (sec).
 3-Body  A46-GLU 36,  A47-ASP 24,  A54-LYS 36:       0.00012718 at      2.149 Ang (1.887 Ang by residue) in 0.7775 (sec).
 3-Body  A46-GLU 36,  A47-ASP 24,  A54-LYS 37:       0.00051832 at      1.994 Ang (1.887 Ang by residue) in 0.9167 (sec).
 3-Body  A46-GLU 36,  A47-ASP 24,  A54-LYS 39:       0.00020191 at      2.081 Ang (1.887 Ang by residue) in 0.8373 (sec).
 3-Body  A46-GLU 36,  A47-ASP 24,  A54-LYS 40:       0.00034473 at      2.062 Ang (1.887 Ang by residue) in 0.8181 (sec).
 3-Body  A46-GLU 36,  A47-ASP 24,  A54-LYS 41:       0.00016544 at      2.081 Ang (1.887 Ang by residue) in 0.7999 (sec).
 3-Body  A46-GLU 36,  A47-ASP 25,  A54-LYS 0 :       0.00021694 at      2.064 Ang (1.887 Ang by residue) in 0.8437 (sec).
 3-Body  A46-GLU 36,  A47-ASP 25,  A54-LYD 1 :       0.00013361 at      2.064 Ang (1.887 Ang by residue) in 0.8202 (sec).
 3-Body  A46-GLU 36,  A47-ASP 25,  A54-LYD 12:       0.00011951 at      2.081 Ang (1.887 Ang by residue) in 0.8648 (sec).
 3-Body  A46-GLU 36,  A47-ASP 25,  A54-LYD 13:       0.00013963 at      2.062 Ang (1.887 Ang by residue) in 0.8367 (sec).
 3-Body  A46-GLU 36,  A47-ASP 25,  A54-LYD 14:       0.00011785 at      2.081 Ang (1.887 Ang by residue) in 0.7960 (sec).
 3-Body  A46-GLU 36,  A47-ASP 25,  A54-LYS 35:       0.00009229 at      2.149 Ang (1.887 Ang by residue) in 0.8255 (sec).
 3-Body  A46-GLU 36,  A47-ASP 25,  A54-LYS 36:       0.00011450 at      2.149 Ang (1.887 Ang by residue) in 0.8506 (sec).
 3-Body  A46-GLU 36,  A47-ASP 25,  A54-LYS 37:       0.00052036 at      1.994 Ang (1.887 Ang by residue) in 0.8355 (sec).
 3-Body  A46-GLU 36,  A47-ASP 25,  A54-LYS 39:       0.00019337 at      2.081 Ang (1.887 Ang by residue) in 0.9090 (sec).
 3-Body  A46-GLU 36,  A47-ASP 25,  A54-LYS 40:       0.00033579 at      2.062 Ang (1.887 Ang by residue) in 0.9736 (sec).
 3-Body  A46-GLU 36,  A47-ASP 25,  A54-LYS 41:       0.00016363 at      2.081 Ang (1.887 Ang by residue) in 0.8213 (sec).
 3-Body  A46-GLU 36,  A47-ASP 26,  A54-LYS 0 :       0.00009121 at      2.064 Ang (1.887 Ang by residue) in 0.8698 (sec).
 3-Body  A46-GLU 36,  A47-ASP 26,  A54-LYD 1 :       0.00007750 at      2.064 Ang (1.887 Ang by residue) in 0.8442 (sec).
 3-Body  A46-GLU 36,  A47-ASP 26,  A54-LYD 12:       0.00006357 at      2.081 Ang (1.887 Ang by residue) in 0.8723 (sec).
 3-Body  A46-GLU 36,  A47-ASP 26,  A54-LYD 13:       0.00009068 at      2.062 Ang (1.887 Ang by residue) in 0.8701 (sec).
 3-Body  A46-GLU 36,  A47-ASP 26,  A54-LYD 14:       0.00007179 at      2.081 Ang (1.887 Ang by residue) in 0.8589 (sec).
 3-Body  A46-GLU 36,  A47-ASP 26,  A54-LYS 35:      -0.00001073 at      2.149 Ang (1.887 Ang by residue) in 0.7784 (sec).
 3-Body  A46-GLU 36,  A47-ASP 26,  A54-LYS 36:      -0.00000530 at      2.149 Ang (1.887 Ang by residue) in 0.7880 (sec).
 3-Body  A46-GLU 36,  A47-ASP 26,  A54-LYS 37:       0.00042808 at      1.994 Ang (1.887 Ang by residue) in 0.8123 (sec).
 3-Body  A46-GLU 36,  A47-ASP 26,  A54-LYS 39:       0.00006904 at      2.081 Ang (1.887 Ang by residue) in 0.7964 (sec).
 3-Body  A46-GLU 36,  A47-ASP 26,  A54-LYS 40:       0.00023371 at      2.062 Ang (1.887 Ang by residue) in 0.7843 (sec).
 3-Body  A46-GLU 36,  A47-ASP 26,  A54-LYS 41:       0.00003208 at      2.081 Ang (1.887 Ang by residue) in 0.8141 (sec).
 3-Body  A46-GLU 37,  A47-ASP 0 ,  A54-LYS 0 :       0.00006443 at      2.064 Ang (1.887 Ang by residue) in 0.7602 (sec).
 3-Body  A46-GLU 37,  A47-ASP 0 ,  A54-LYD 1 :       0.00007611 at      2.064 Ang (1.887 Ang by residue) in 0.7640 (sec).
 3-Body  A46-GLU 37,  A47-ASP 0 ,  A54-LYD 12:       0.00006483 at      2.081 Ang (1.887 Ang by residue) in 0.8572 (sec).
 3-Body  A46-GLU 37,  A47-ASP 0 ,  A54-LYD 13:       0.00009504 at      2.062 Ang (1.887 Ang by residue) in 0.8082 (sec).
 3-Body  A46-GLU 37,  A47-ASP 0 ,  A54-LYD 14:       0.00006844 at      2.081 Ang (1.887 Ang by residue) in 0.8101 (sec).
 3-Body  A46-GLU 37,  A47-ASP 0 ,  A54-LYS 35:      -0.00002346 at      2.149 Ang (1.887 Ang by residue) in 0.7957 (sec).
 3-Body  A46-GLU 37,  A47-ASP 0 ,  A54-LYS 36:      -0.00001812 at      2.149 Ang (1.887 Ang by residue) in 0.8579 (sec).
 3-Body  A46-GLU 37,  A47-ASP 0 ,  A54-LYS 37:       0.00035814 at      1.994 Ang (1.887 Ang by residue) in 0.8546 (sec).
 3-Body  A46-GLU 37,  A47-ASP 0 ,  A54-LYS 39:       0.00004833 at      2.081 Ang (1.887 Ang by residue) in 0.8734 (sec).
 3-Body  A46-GLU 37,  A47-ASP 0 ,  A54-LYS 40:       0.00020011 at      2.062 Ang (1.887 Ang by residue) in 0.8163 (sec).
 3-Body  A46-GLU 37,  A47-ASP 0 ,  A54-LYS 41:       0.00003144 at      2.081 Ang (1.887 Ang by residue) in 0.7670 (sec).
 3-Body  A46-GLU 37,  A47-ASP 24,  A54-LYS 0 :       0.00014961 at      2.064 Ang (1.887 Ang by residue) in 0.7782 (sec).
 3-Body  A46-GLU 37,  A47-ASP 24,  A54-LYD 1 :       0.00007930 at      2.064 Ang (1.887 Ang by residue) in 0.7763 (sec).
 3-Body  A46-GLU 37,  A47-ASP 24,  A54-LYD 12:       0.00006688 at      2.081 Ang (1.887 Ang by residue) in 0.7987 (sec).
 3-Body  A46-GLU 37,  A47-ASP 24,  A54-LYD 13:       0.00007913 at      2.062 Ang (1.887 Ang by residue) in 0.8849 (sec).
 3-Body  A46-GLU 37,  A47-ASP 24,  A54-LYD 14:       0.00006581 at      2.081 Ang (1.887 Ang by residue) in 0.8967 (sec).
 3-Body  A46-GLU 37,  A47-ASP 24,  A54-LYS 35:       0.00005615 at      2.149 Ang (1.887 Ang by residue) in 0.7869 (sec).
 3-Body  A46-GLU 37,  A47-ASP 24,  A54-LYS 36:       0.00007358 at      2.149 Ang (1.887 Ang by residue) in 0.7721 (sec).
 3-Body  A46-GLU 37,  A47-ASP 24,  A54-LYS 37:       0.00037067 at      1.994 Ang (1.887 Ang by residue) in 0.7006 (sec).
 3-Body  A46-GLU 37,  A47-ASP 24,  A54-LYS 39:       0.00012886 at      2.081 Ang (1.887 Ang by residue) in 0.7747 (sec).
 3-Body  A46-GLU 37,  A47-ASP 24,  A54-LYS 40:       0.00024479 at      2.062 Ang (1.887 Ang by residue) in 0.8038 (sec).
 3-Body  A46-GLU 37,  A47-ASP 24,  A54-LYS 41:       0.00010326 at      2.081 Ang (1.887 Ang by residue) in 0.7194 (sec).
 3-Body  A46-GLU 37,  A47-ASP 25,  A54-LYS 0 :       0.00013910 at      2.064 Ang (1.887 Ang by residue) in 0.6775 (sec).
 3-Body  A46-GLU 37,  A47-ASP 25,  A54-LYD 1 :       0.00008994 at      2.064 Ang (1.887 Ang by residue) in 0.7566 (sec).
 3-Body  A46-GLU 37,  A47-ASP 25,  A54-LYD 12:       0.00007905 at      2.081 Ang (1.887 Ang by residue) in 0.7460 (sec).
 3-Body  A46-GLU 37,  A47-ASP 25,  A54-LYD 13:       0.00009664 at      2.062 Ang (1.887 Ang by residue) in 0.7705 (sec).
 3-Body  A46-GLU 37,  A47-ASP 25,  A54-LYD 14:       0.00007884 at      2.081 Ang (1.887 Ang by residue) in 0.6881 (sec).
 3-Body  A46-GLU 37,  A47-ASP 25,  A54-LYS 35:       0.00004787 at      2.149 Ang (1.887 Ang by residue) in 0.7681 (sec).
 3-Body  A46-GLU 37,  A47-ASP 25,  A54-LYS 36:       0.00006250 at      2.149 Ang (1.887 Ang by residue) in 0.7725 (sec).
 3-Body  A46-GLU 37,  A47-ASP 25,  A54-LYS 37:       0.00037049 at      1.994 Ang (1.887 Ang by residue) in 0.6951 (sec).
 3-Body  A46-GLU 37,  A47-ASP 25,  A54-LYS 39:       0.00012177 at      2.081 Ang (1.887 Ang by residue) in 0.6658 (sec).
 3-Body  A46-GLU 37,  A47-ASP 25,  A54-LYS 40:       0.00023706 at      2.062 Ang (1.887 Ang by residue) in 0.6838 (sec).
 3-Body  A46-GLU 37,  A47-ASP 25,  A54-LYS 41:       0.00010181 at      2.081 Ang (1.887 Ang by residue) in 0.6744 (sec).
 3-Body  A46-GLU 37,  A47-ASP 26,  A54-LYS 0 :       0.00003105 at      2.064 Ang (1.887 Ang by residue) in 0.7419 (sec).
 3-Body  A46-GLU 37,  A47-ASP 26,  A54-LYD 1 :       0.00005446 at      2.064 Ang (1.887 Ang by residue) in 0.7526 (sec).
 3-Body  A46-GLU 37,  A47-ASP 26,  A54-LYD 12:       0.00004253 at      2.081 Ang (1.887 Ang by residue) in 0.7360 (sec).
 3-Body  A46-GLU 37,  A47-ASP 26,  A54-LYD 13:       0.00006773 at      2.062 Ang (1.887 Ang by residue) in 0.7028 (sec).
 3-Body  A46-GLU 37,  A47-ASP 26,  A54-LYD 14:       0.00005113 at      2.081 Ang (1.887 Ang by residue) in 0.7304 (sec).
 3-Body  A46-GLU 37,  A47-ASP 26,  A54-LYS 35:      -0.00004090 at      2.149 Ang (1.887 Ang by residue) in 0.7286 (sec).
 3-Body  A46-GLU 37,  A47-ASP 26,  A54-LYS 36:      -0.00004320 at      2.149 Ang (1.887 Ang by residue) in 0.8578 (sec).
 3-Body  A46-GLU 37,  A47-ASP 26,  A54-LYS 37:       0.00028201 at      1.994 Ang (1.887 Ang by residue) in 0.7166 (sec).
 3-Body  A46-GLU 37,  A47-ASP 26,  A54-LYS 39:       0.00001306 at      2.081 Ang (1.887 Ang by residue) in 0.6685 (sec).
 3-Body  A46-GLU 37,  A47-ASP 26,  A54-LYS 40:       0.00014239 at      2.062 Ang (1.887 Ang by residue) in 0.6751 (sec).
 3-Body  A46-GLU 37,  A47-ASP 26,  A54-LYS 41:      -0.00001581 at      2.081 Ang (1.887 Ang by residue) in 0.7059 (sec).
 3-Body  A46-GLU 39,  A47-ASP 0 ,  A54-LYS 0 :       0.00001933 at      2.064 Ang (1.887 Ang by residue) in 0.6994 (sec).
 3-Body  A46-GLU 39,  A47-ASP 0 ,  A54-LYD 1 :       0.00003799 at      2.064 Ang (1.887 Ang by residue) in 0.7018 (sec).
 3-Body  A46-GLU 39,  A47-ASP 0 ,  A54-LYD 12:       0.00003004 at      2.081 Ang (1.887 Ang by residue) in 0.6718 (sec).
 3-Body  A46-GLU 39,  A47-ASP 0 ,  A54-LYD 13:       0.00005133 at      2.062 Ang (1.887 Ang by residue) in 0.6771 (sec).
 3-Body  A46-GLU 39,  A47-ASP 0 ,  A54-LYD 14:       0.00003229 at      2.081 Ang (1.887 Ang by residue) in 0.6852 (sec).
 3-Body  A46-GLU 39,  A47-ASP 0 ,  A54-LYS 35:      -0.00004446 at      2.149 Ang (1.887 Ang by residue) in 0.6502 (sec).
 3-Body  A46-GLU 39,  A47-ASP 0 ,  A54-LYS 36:      -0.00004076 at      2.149 Ang (1.887 Ang by residue) in 0.8988 (sec).
 3-Body  A46-GLU 39,  A47-ASP 0 ,  A54-LYS 37:       0.00019893 at      1.994 Ang (1.887 Ang by residue) in 0.9188 (sec).
 3-Body  A46-GLU 39,  A47-ASP 0 ,  A54-LYS 39:       0.00000571 at      2.081 Ang (1.887 Ang by residue) in 0.8507 (sec).
 3-Body  A46-GLU 39,  A47-ASP 0 ,  A54-LYS 40:       0.00013390 at      2.062 Ang (1.887 Ang by residue) in 0.7199 (sec).
 3-Body  A46-GLU 39,  A47-ASP 0 ,  A54-LYS 41:      -0.00001291 at      2.081 Ang (1.887 Ang by residue) in 0.8074 (sec).
 3-Body  A46-GLU 39,  A47-ASP 24,  A54-LYS 0 :       0.00011683 at      2.064 Ang (1.887 Ang by residue) in 0.7696 (sec).
 3-Body  A46-GLU 39,  A47-ASP 24,  A54-LYD 1 :       0.00006170 at      2.064 Ang (1.887 Ang by residue) in 0.7412 (sec).
 3-Body  A46-GLU 39,  A47-ASP 24,  A54-LYD 12:       0.00005089 at      2.081 Ang (1.887 Ang by residue) in 0.7496 (sec).
 3-Body  A46-GLU 39,  A47-ASP 24,  A54-LYD 13:       0.00005915 at      2.062 Ang (1.887 Ang by residue) in 0.7354 (sec).
 3-Body  A46-GLU 39,  A47-ASP 24,  A54-LYD 14:       0.00004871 at      2.081 Ang (1.887 Ang by residue) in 0.6401 (sec).
 3-Body  A46-GLU 39,  A47-ASP 24,  A54-LYS 35:       0.00003915 at      2.149 Ang (1.887 Ang by residue) in 0.7063 (sec).
 3-Body  A46-GLU 39,  A47-ASP 24,  A54-LYS 36:       0.00005396 at      2.149 Ang (1.887 Ang by residue) in 0.7137 (sec).
 3-Body  A46-GLU 39,  A47-ASP 24,  A54-LYS 37:       0.00025487 at      1.994 Ang (1.887 Ang by residue) in 0.6909 (sec).
 3-Body  A46-GLU 39,  A47-ASP 24,  A54-LYS 39:       0.00009784 at      2.081 Ang (1.887 Ang by residue) in 0.7493 (sec).
 3-Body  A46-GLU 39,  A47-ASP 24,  A54-LYS 40:       0.00019271 at      2.062 Ang (1.887 Ang by residue) in 0.6937 (sec).
 3-Body  A46-GLU 39,  A47-ASP 24,  A54-LYS 41:       0.00007120 at      2.081 Ang (1.887 Ang by residue) in 0.7122 (sec).
 3-Body  A46-GLU 39,  A47-ASP 25,  A54-LYS 0 :       0.00010784 at      2.064 Ang (1.887 Ang by residue) in 0.7380 (sec).
 3-Body  A46-GLU 39,  A47-ASP 25,  A54-LYD 1 :       0.00006611 at      2.064 Ang (1.887 Ang by residue) in 0.7798 (sec).
 3-Body  A46-GLU 39,  A47-ASP 25,  A54-LYD 12:       0.00005662 at      2.081 Ang (1.887 Ang by residue) in 0.7272 (sec).
 3-Body  A46-GLU 39,  A47-ASP 25,  A54-LYD 13:       0.00006913 at      2.062 Ang (1.887 Ang by residue) in 0.7324 (sec).
 3-Body  A46-GLU 39,  A47-ASP 25,  A54-LYD 14:       0.00005488 at      2.081 Ang (1.887 Ang by residue) in 0.7838 (sec).
 3-Body  A46-GLU 39,  A47-ASP 25,  A54-LYS 35:       0.00003208 at      2.149 Ang (1.887 Ang by residue) in 0.7657 (sec).
 3-Body  A46-GLU 39,  A47-ASP 25,  A54-LYS 36:       0.00004523 at      2.149 Ang (1.887 Ang by residue) in 0.7939 (sec).
 3-Body  A46-GLU 39,  A47-ASP 25,  A54-LYS 37:       0.00025418 at      1.994 Ang (1.887 Ang by residue) in 0.8043 (sec).
 3-Body  A46-GLU 39,  A47-ASP 25,  A54-LYS 39:       0.00009156 at      2.081 Ang (1.887 Ang by residue) in 0.7654 (sec).
 3-Body  A46-GLU 39,  A47-ASP 25,  A54-LYS 40:       0.00018862 at      2.062 Ang (1.887 Ang by residue) in 0.7762 (sec).
 3-Body  A46-GLU 39,  A47-ASP 25,  A54-LYS 41:       0.00006940 at      2.081 Ang (1.887 Ang by residue) in 0.7524 (sec).
 3-Body  A46-GLU 39,  A47-ASP 26,  A54-LYS 0 :       0.00000217 at      2.064 Ang (1.887 Ang by residue) in 0.7724 (sec).
 3-Body  A46-GLU 39,  A47-ASP 26,  A54-LYD 1 :       0.00003717 at      2.064 Ang (1.887 Ang by residue) in 0.6925 (sec).
 3-Body  A46-GLU 39,  A47-ASP 26,  A54-LYD 12:       0.00002821 at      2.081 Ang (1.887 Ang by residue) in 0.7069 (sec).
 3-Body  A46-GLU 39,  A47-ASP 26,  A54-LYD 13:       0.00005518 at      2.062 Ang (1.887 Ang by residue) in 0.6817 (sec).
 3-Body  A46-GLU 39,  A47-ASP 26,  A54-LYD 14:       0.00003512 at      2.081 Ang (1.887 Ang by residue) in 0.7126 (sec).
 3-Body  A46-GLU 39,  A47-ASP 26,  A54-LYS 35:      -0.00005370 at      2.149 Ang (1.887 Ang by residue) in 0.7610 (sec).
 3-Body  A46-GLU 39,  A47-ASP 26,  A54-LYS 36:      -0.00005711 at      2.149 Ang (1.887 Ang by residue) in 0.7384 (sec).
 3-Body  A46-GLU 39,  A47-ASP 26,  A54-LYS 37:       0.00016040 at      1.994 Ang (1.887 Ang by residue) in 0.7145 (sec).
 3-Body  A46-GLU 39,  A47-ASP 26,  A54-LYS 39:      -0.00001251 at      2.081 Ang (1.887 Ang by residue) in 0.7744 (sec).
 3-Body  A46-GLU 39,  A47-ASP 26,  A54-LYS 40:       0.00010022 at      2.062 Ang (1.887 Ang by residue) in 0.7375 (sec).
 3-Body  A46-GLU 39,  A47-ASP 26,  A54-LYS 41:      -0.00003749 at      2.081 Ang (1.887 Ang by residue) in 0.7014 (sec).
 3-Body  A46-GLU 40,  A47-ASP 0 ,  A54-LYS 0 :       0.00000383 at      2.064 Ang (1.887 Ang by residue) in 0.7651 (sec).
 3-Body  A46-GLU 40,  A47-ASP 0 ,  A54-LYD 1 :       0.00004283 at      2.064 Ang (1.887 Ang by residue) in 0.7172 (sec).
 3-Body  A46-GLU 40,  A47-ASP 0 ,  A54-LYD 12:       0.00003495 at      2.081 Ang (1.887 Ang by residue) in 0.7037 (sec).
 3-Body  A46-GLU 40,  A47-ASP 0 ,  A54-LYD 13:       0.00005614 at      2.062 Ang (1.887 Ang by residue) in 0.7219 (sec).
 3-Body  A46-GLU 40,  A47-ASP 0 ,  A54-LYD 14:       0.00003811 at      2.081 Ang (1.887 Ang by residue) in 0.7159 (sec).
 3-Body  A46-GLU 40,  A47-ASP 0 ,  A54-LYS 35:      -0.00004717 at      2.149 Ang (1.887 Ang by residue) in 0.7449 (sec).
 3-Body  A46-GLU 40,  A47-ASP 0 ,  A54-LYS 36:      -0.00004843 at      2.149 Ang (1.887 Ang by residue) in 0.7003 (sec).
 3-Body  A46-GLU 40,  A47-ASP 0 ,  A54-LYS 37:       0.00015775 at      1.994 Ang (1.887 Ang by residue) in 0.6970 (sec).
 3-Body  A46-GLU 40,  A47-ASP 0 ,  A54-LYS 39:      -0.00000795 at      2.081 Ang (1.887 Ang by residue) in 0.6874 (sec).
 3-Body  A46-GLU 40,  A47-ASP 0 ,  A54-LYS 40:       0.00008843 at      2.062 Ang (1.887 Ang by residue) in 0.7440 (sec).
