 Evaluating /Dedicated/schnieders/programs/stack-2021.1.sh
  Loading Modules
   Stack 2021.1
   GCC 9.3.0
   CMake 3.20.0
   Eigen 3.3.9
   Cuda 11.1.1
   Cuda: /usr/share/apps/2021.1/arch/gcc-9.3.0/cuda-11.1.1
   CudaNN 8.0.5.39-11.1
   Swig 4.0.2_gcc-9.3.0
  Loading software from /Dedicated/schnieders/programs/local
   Ant: /Dedicated/schnieders/programs/apache-ant-1.10.11
   FFX: /Dedicated/schnieders/programs/ffx-builds/forcefieldx-2026-01-04
   GDMA: /Dedicated/schnieders/programs/gdma-2.3
   Groovy: /Dedicated/schnieders/programs/groovy-4.0.1
   Java: /Dedicated/schnieders/programs/jdk-25.0.1
   Maven: /Dedicated/schnieders/programs/apache-maven-3.9.5
   VMD: /Dedicated/schnieders/programs/vmd
   NAMD: /Dedicated/schnieders/programs/NAMD_3.0alpha7_Linux-x86_64-multicore-CUDA
   OpenEye: /Dedicated/schnieders/programs/OpenEye
   Tinker: /Dedicated/schnieders/programs/tinker-tools
=== Titration pH 8.55 started: Sun May 31 02:46:14 CDT 2026 ===
  Copy already exists, skipping.
WARNING: Using incubator modules: jdk.incubator.vector
  Restart file found: /Dedicated/schnieders/maemmad/pKa_GNN/ffx_pipeline/data/fixed_pdbs/2HNP/2HNP_pH8.55.restart — adding --eR
WARNING: Using incubator modules: jdk.incubator.vector
 _________________________________________________________________________

        FORCE FIELD X - Polyglot Software for Molecular Biophysics 

        Version 1.0.0-6947  April 2026 
        Git Revision  519408079905b3dd4b967041b75b836f63fb563f 
 
        Please cite the following reference when using Force Field X:

        RA Gogal, AJ Nessler, AC Thiel, HV Bernabe, RA Corrigan Grove,
        LM Cousineau, JM Litman, JM Miller, G Qi, MJ Speranza,
        MR Tollefson, TD Fenn, JJ Michaelson, O Okada, JP Piquemal,
        JW Ponder, J Shen, RJH Smith, W Yang, P Ren and MJ Schnieders,
        2024, Journal of Chemical Physics, 161 (1).

        Copyright (c)  Michael J. Schnieders  2001-2025
        All Rights Reserved

        Force Field X is distributed under the GPL v. 3 license
        with linking exception and is hosted by the Schnieders Lab
        at The University of Iowa.

        User Manual:   https://ffx.biochem.uiowa.edu/manual.html
        Publications:  https://ffx.biochem.uiowa.edu/publications.html
        License:       https://ffx.biochem.uiowa.edu/licenses.html

 _________________________________________________________________________

 Sun May 31 02:46:46 CDT 2026
 Process ID 22357 on argon-itf-bx54-13.hpc.

 Command line arguments:
 [ManyBody, --tR, --pH, 8.55, --oT, -T, --kPH, 3.0, --eR, /Dedicated/schnieders/maemmad/pKa_GNN/ffx_pipeline/data/fixed_pdbs/2HNP/2HNP_pH8.55.restart, /Dedicated/schnieders/maemmad/pKa_GNN/ffx_pipeline/data/fixed_pdbs/2HNP/2HNP_pH8.55.pdb]

 Executing internal command: ffx.algorithms.commands.ManyBody

 Parsing: Internal force field (amoeba-bio-2018-cphmd).
 Parsing: Structure properties from (/Dedicated/schnieders/maemmad/pKa_GNN/ffx_pipeline/data/fixed_pdbs/2HNP/titrate.properties).
 Parsing: JVM system properties (i.e. command line -Dkey=value pairs).

 Attempting to read force field patch from /Dedicated/schnieders/maemmad/pKa_GNN/naphosphate_solute.09Feb21.prm.

 Renumbering Patch: FALSE
 Reading 2HNP_pH8.55.pdb

 Assigning atom types for 1 chains.
 Amino acid chain A
 Constructing Force Field AMOEBA-BIO-2018-CPHMD

 SMP threads:                                20
 The system will be treated as aperiodic (max separation =  236.9 A).

 Bonded Terms
  Bonds:                                   5285
  Angles:                                  9579
  Stretch-Bends:                           8493
  Out-of-Plane Bends:                      3186
  Torsions:                               14110
  Pi-Orbital Torsions:                      598
  Torsion-Torsions:                          14

 Non-Bonded Terms

  Van der Waals
   Cut-Off:                                NONE
   Long-Range Correction:                 FALSE

 Electrostatics
   Polarization:                         MUTUAL
    SCF Convergence Criteria:         1.000e-06
    SCF Predictor:                         NONE
    SCF Algorithm:                           CG
    CG Preconditioner Cut-Off:            4.500
    CG Preconditioner Ewald Coeff.:       0.000
    CG Preconditioner Scale:              2.000
    CG Preconditioner Mode:     FLETCHER_REEVES
    Electrostatics Cut-Off:                NONE

  Continuum Solvation
   Radii:                                SOLUTE
   Generalized Kirkwood Cut-Off:           NONE
   GKC:                                  2.4550
   Solvent Dielectric:                  78.3000
   Solute Dielectric:                    2.0000
   Descreen with vdW Radii:                TRUE
   Descreen with Hydrogen Atoms:          FALSE
   Descreen Offset:                      0.0000
   General HCT Scale Factor:             0.7200
   Non-Polar Model:                  GAUSS-DISP
    GaussVol Radii Offset:               0.0000
    GaussVol Radii Scale:                1.0000
   Dispersion Integral Offset:           1.0560 (A)
   Cavitation Solvent Pressure:          0.0334 (Kcal/mol/A^3)
   Cavitation Surface Tension:           0.1030 (Kcal/mol/A^2)
   Cavitation Cross-Over Radius:         9.2515 (A)

  Overall system charge:                  5.000

 Opened 2HNP_pH8.55.pdb in 1.543 sec.

 System Resources
  Total CPU time:          18.23 (sec)
  System load average:      0.38
  Open file handles:         146 of  81920 allowed
  System memory:           42917 MB free out of  44520 MB
  System swap space:        2053 MB free out of   2053 MB
  JVM memory:               3942 MB free out of   4096 MB

 Adding titration hydrogen to : /Dedicated/schnieders/maemmad/pKa_GNN/ffx_pipeline/data/fixed_pdbs/2HNP/2HNP_pH8.55.pdb

 Reading 2HNP_pH8.55.pdb

 Assigning atom types for 1 chains.
 Amino acid chain A
 Renumbering PDB file due to built atoms (5266 vs 5218)
 Total number of atoms: 5266

 Constructing Force Field AMOEBA-BIO-2018-CPHMD

 SMP threads:                                20
 The system will be treated as aperiodic (max separation =  236.9 A).

 Bonded Terms
  Bonds:                                   5333
  Angles:                                  9627
  Stretch-Bends:                           8493
  Out-of-Plane Bends:                      3186
  Torsions:                               14206
  Pi-Orbital Torsions:                      598
  Torsion-Torsions:                          14

 Non-Bonded Terms

  Van der Waals
   Cut-Off:                                NONE
   Long-Range Correction:                 FALSE

 Electrostatics
   Polarization:                         MUTUAL
    SCF Convergence Criteria:         1.000e-06
    SCF Predictor:                         NONE
    SCF Algorithm:                           CG
    CG Preconditioner Cut-Off:            4.500
    CG Preconditioner Ewald Coeff.:       0.000
    CG Preconditioner Scale:              2.000
    CG Preconditioner Mode:     FLETCHER_REEVES
    Electrostatics Cut-Off:                NONE

  Continuum Solvation
   Radii:                                SOLUTE
   Generalized Kirkwood Cut-Off:           NONE
   GKC:                                  2.4550
   Solvent Dielectric:                  78.3000
   Solute Dielectric:                    2.0000
   Descreen with vdW Radii:                TRUE
   Descreen with Hydrogen Atoms:          FALSE
   Descreen Offset:                      0.0000
   General HCT Scale Factor:             0.7200
   Non-Polar Model:                  GAUSS-DISP
    GaussVol Radii Offset:               0.0000
    GaussVol Radii Scale:                1.0000
   Dispersion Integral Offset:           1.0560 (A)
   Cavitation Solvent Pressure:          0.0334 (Kcal/mol/A^3)
   Cavitation Surface Tension:           0.1030 (Kcal/mol/A^2)
   Cavitation Cross-Over Radius:         9.2515 (A)

  Overall system charge:                 53.000
 Temperature: 298.150000

 Energy restart file: 2HNP_pH8.55.restart

 Initial Potential Energy:
 Generalized Kirkwood -10093.52292037      0.414
 Cavitation             3385.95219101      0.386
 Dispersion            -2204.13074705      0.538

 Computed Potential Energy
  Bond Stretching           2940.29663775         5333        0.002 ( 0.04677)
  Angle Bending             2455.18800263         9627        0.001 ( 4.15852)
  Stretch-Bend               197.62048261         8493        0.007
  Out-of-Plane Bend           65.30011032         3186        0.004
  Torsional Angle            471.39440114        14206        0.004
  Pi-Orbital Torsion         110.81424404          598        0.001
  Torsion-Torsion            -64.02739397           14        0.000
  Van der Waals              780.22913941     13847785        0.110
  Atomic Multipoles         4545.85511675     13847785
  Polarization              -466.39734396     13847785        4.299
  Solvation                -8911.70147640     13868011
  Total Potential           2124.57192031  (Kcal/mole)        4.428 (sec)

 Initial Rotamer Torsion Angles:

 Residue    Current Torsional Angles
 A    2-GLH  -65.001  -64.968  -40.041    0.000
 A    4-GLH  103.308 -167.285 -165.987    0.000
 A    5-LYS  -67.024  179.961  180.000 -179.992
 A    6-GLH -175.396 -175.379  -25.072    0.000
 A    8-GLH  -56.631 -174.673  -16.904    0.000
 A   11-ASH -131.290   27.505    0.000    0.000
 A   12-LYS -168.933  173.096 -163.642   66.335
 A   22-ASH -161.367   21.940    0.000    0.000
 A   25-HIS -177.004   60.043    0.000    0.000
 A   26-GLH  -66.358  175.860   69.440    0.000
 A   29-ASH -178.958   25.437    0.000    0.000
 A   32-CYS  -70.671    0.000    0.000    0.000
 A   36-LYS  -67.008 -179.991 -179.961 -179.983
 A   39-LYS   70.599 -178.242  177.038  179.761
 A   41-LYS -176.998  179.995 -180.000 -179.982
 A   48-ASH   59.630  -48.282    0.000    0.000
 A   53-ASH  -59.495  -21.903    0.000    0.000
 A   54-HIS -177.003   60.031    0.000    0.000
 A   58-LYS  -52.297 -150.568  -53.109  172.221
 A   60-HIS -176.996   59.975    0.000    0.000
 A   62-GLH  -64.977  -65.028  -40.001    0.000
 A   63-ASH  170.029   64.381    0.000    0.000
 A   65-ASH   63.309   12.775    0.000    0.000
 A   73-LYS  -93.374 -171.196   56.760   53.157
 A   75-GLH -177.014   65.008    9.999    0.000
 A   76-GLH -149.082  -61.850   69.578    0.000
 A   92-CYS  -56.527    0.000    0.000    0.000
 A   94-HIS  -52.926  146.534    0.000    0.000
 A   97-GLH -176.180 -161.140    0.395    0.000
 A  101-GLH  -66.336  163.762  -22.005    0.000
 A  103-LYS  -57.106 -176.678 -167.834  -58.144
 A  115-GLH  -56.570  176.714  -52.712    0.000
 A  116-LYS  -72.491  150.884   50.445  176.809
 A  120-LYS  -61.989  -44.000  177.623 -175.712
 A  121-CYS -179.216    0.000    0.000    0.000
 A  128-LYS  -67.011  179.980 -180.000 -179.986
 A  129-GLH   62.013 -179.991  -19.993    0.000
 A  130-GLH  -65.008  -64.968  -40.042    0.000
 A  131-LYS -177.007  179.998 -180.000  179.998
 A  132-GLH   30.570   56.455   66.730    0.000
 A  136-GLH  -73.825   62.013   35.181    0.000
 A  137-ASH   57.534  -31.571    0.000    0.000
 A  141-LYS -170.881 -166.398  -51.863  176.785
 A  147-GLH   62.714  176.752   -2.666    0.000
 A  148-ASH -178.195   12.237    0.000    0.000
 A  150-LYS  -34.904 -160.385   76.310   59.752
 A  159-GLH -176.658 -171.887  -64.722    0.000
 A  161-GLH  179.529 -178.053    0.026    0.000
 A  167-GLH  -67.235  178.619   88.145    0.000
 A  170-GLH -174.812 -153.428   72.417    0.000
 A  173-HIS  176.992  -78.060    0.000    0.000
 A  175-HIS -175.725  175.455    0.000    0.000
 A  181-ASH -134.968   36.909    0.000    0.000
 A  186-GLH   43.091   54.398   74.244    0.000
 A  197-LYS  -62.024  -67.994  179.954  179.994
 A  200-GLH  -72.813  170.387   -7.532    0.000
 A  207-GLH  -65.017  -64.980  -40.023    0.000
 A  208-HIS  -54.651   95.442    0.000    0.000
 A  214-HIS   72.412   87.027    0.000    0.000
 A  215-CYS   50.837    0.000    0.000    0.000
 A  226-CYS  -63.655    0.000    0.000    0.000
 A  229-ASH -172.440   36.271    0.000    0.000
 A  231-CYS  -69.589    0.000    0.000    0.000
 A  236-ASH -177.012   64.998    0.000    0.000
 A  237-LYS -177.022  179.982 -179.965 -179.973
 A  239-LYS -136.720   75.462 -176.620 -178.962
 A  240-ASH -177.140   30.927    0.000    0.000
 A  245-ASH  171.140   19.032    0.000    0.000
 A  247-LYS  -48.171  179.156  -61.470  -51.432
 A  248-LYS  -66.992 -179.979  180.000  179.959
 A  252-GLH  176.682   64.488   32.993    0.000
 A  255-LYS  -59.833  179.104  179.699  178.960
 A  265-ASH -172.280   31.657    0.000    0.000
 A  276-GLH -145.695  -59.336  -56.879    0.000
 A  279-LYS  -51.572  -52.993 -176.131 -177.963
 A  284-ASH   61.993   30.011    0.000    0.000
 A  289-ASH  -70.007  -14.994    0.000    0.000
 A  292-LYS   61.987  179.992 -179.967 -179.963
 A  293-GLH   61.996  179.997  -19.995    0.000
 A  296-HIS   61.993   80.025    0.000    0.000
 A  297-GLH  -64.997  -64.984  -40.037    0.000
 A  298-ASH  -69.985  -15.001    0.000    0.000
 A  300-GLH  -66.996  179.996   -9.996    0.000
 A  304-GLH  -65.027  -64.986  -40.006    0.000
 A  305-HIS  -64.991  -70.002    0.000    0.000
 A  314-LYS  -67.016 -179.994 -179.949  179.999
 A  318-GLH  157.651   68.618   19.085    0.000
 A  320-HIS  -64.980  -70.006    0.000    0.000

 Rotamer Library:     Richardson
 Algorithm:           ALL
 Goldstein Criteria:  true
 Three-Body Energies: true


 Computing Residue Distance Matrix
 Built residue neighbor list:              0.012 sec
 Pairwise distance matrix:               403.062 sec

 Beginning Energy    -325.65146028

     Residue  Nrot
   1   A2-GLH   42
   2   A4-GLH   42
   3   A5-LYS   56
   4   A6-GLH   42
   5   A8-GLH   42
   6  A11-ASH   27
   7  A12-LYS   56
   8  A22-ASH   27
   9  A25-HIS   27
  10  A26-GLH   42
  11  A29-ASH   27
  12  A32-CYS   11
  13  A36-LYS   56
  14  A39-LYS   56
  15  A41-LYS   56
  16  A48-ASH   27
  17  A53-ASH   27
  18  A54-HIS   27
  19  A58-LYS   56
  20  A60-HIS   27
  21  A62-GLH   42
  22  A63-ASH   27
  23  A65-ASH   27
  24  A73-LYS   56
  25  A75-GLH   42
  26  A76-GLH   42
  27  A92-CYS   11
  28  A94-HIS   27
  29  A97-GLH   42
  30 A101-GLH   42
  31 A103-LYS   56
  32 A115-GLH   42
  33 A116-LYS   56
  34 A120-LYS   56
  35 A121-CYS   11
  36 A128-LYS   56
  37 A129-GLH   42
  38 A130-GLH   42
  39 A131-LYS   56
  40 A132-GLH   42
  41 A136-GLH   42
  42 A137-ASH   27
  43 A141-LYS   56
  44 A147-GLH   42
  45 A148-ASH   27
  46 A150-LYS   56
  47 A159-GLH   42
  48 A161-GLH   42
  49 A167-GLH   42
  50 A170-GLH   42
  51 A173-HIS   27
  52 A175-HIS   27
  53 A181-ASH   27
  54 A186-GLH   42
  55 A197-LYS   56
  56 A200-GLH   42
  57 A207-GLH   42
  58 A208-HIS   27
  59 A214-HIS   27
  60 A215-CYS   11
  61 A226-CYS   11
  62 A229-ASH   27
  63 A231-CYS   11
  64 A236-ASH   27
  65 A237-LYS   56
  66 A239-LYS   56
  67 A240-ASH   27
  68 A245-ASH   27
  69 A247-LYS   56
  70 A248-LYS   56
  71 A252-GLH   42
  72 A255-LYS   56
  73 A265-ASH   27
  74 A276-GLH   42
  75 A279-LYS   56
  76 A284-ASH   27
  77 A289-ASH   27
  78 A292-LYS   56
  79 A293-GLH   42
  80 A296-HIS   27
  81 A297-GLH   42
  82 A298-ASH   27
  83 A300-GLH   42
  84 A304-GLH   42
  85 A305-HIS   27
  86 A314-LYS   56
  87 A318-GLH   42
  88 A320-HIS   27

 Backbone energy:     2777.74463185

 Loaded self energies from restart file.
  Rotamer ( A2-GLH, 1) self-energy      58.75930923 pruned by ( A2-GLU, 0)     -11.03466123.
  Rotamer ( A2-GLH, 2) self-energy     139.81558464 pruned by ( A2-GLU, 0)     -11.03466123.
  Rotamer ( A2-GLH, 3) self-energy    5007.47901561 pruned by ( A2-GLU, 0)     -11.03466123.
  Rotamer ( A2-GLH, 4) self-energy      94.40142202 pruned by ( A2-GLU, 0)     -11.03466123.
  Rotamer ( A2-GLH, 5) self-energy      83.90391659 pruned by ( A2-GLU, 0)     -11.03466123.
  Rotamer ( A2-GLH, 6) self-energy     121.38014071 pruned by ( A2-GLU, 0)     -11.03466123.
  Rotamer ( A2-GLH, 7) self-energy      86.01436629 pruned by ( A2-GLU, 0)     -11.03466123.
  Rotamer ( A2-GLH, 8) self-energy      53.58193765 pruned by ( A2-GLU, 0)     -11.03466123.
  Rotamer ( A2-GLH, 9) self-energy      54.53650298 pruned by ( A2-GLU, 0)     -11.03466123.
  Rotamer ( A2-GLH,10) self-energy     140.77280464 pruned by ( A2-GLU, 0)     -11.03466123.
  Rotamer ( A2-GLH,11) self-energy   15785.80797306 pruned by ( A2-GLU, 0)     -11.03466123.
  Rotamer ( A2-GLH,12) self-energy      96.33542056 pruned by ( A2-GLU, 0)     -11.03466123.
  Rotamer ( A2-GLH,13) self-energy      86.88077705 pruned by ( A2-GLU, 0)     -11.03466123.
  Rotamer ( A2-GLH,14) self-energy     241.80579008 pruned by ( A2-GLU, 0)     -11.03466123.
  Rotamer ( A2-GLH,15) self-energy     112.68755944 pruned by ( A2-GLU, 0)     -11.03466123.
  Rotamer ( A2-GLH,16) self-energy      56.90592908 pruned by ( A2-GLU, 0)     -11.03466123.
  Rotamer ( A2-GLH,17) self-energy      57.34868097 pruned by ( A2-GLU, 0)     -11.03466123.
  Rotamer ( A2-GLH,18) self-energy     164.75105996 pruned by ( A2-GLU, 0)     -11.03466123.
  Rotamer ( A2-GLH,19) self-energy    4869.79271537 pruned by ( A2-GLU, 0)     -11.03466123.
  Rotamer ( A2-GLH,20) self-energy      98.10960096 pruned by ( A2-GLU, 0)     -11.03466123.
  Rotamer ( A2-GLH,21) self-energy      87.50663546 pruned by ( A2-GLU, 0)     -11.03466123.
  Rotamer ( A2-GLH,22) self-energy     125.07479528 pruned by ( A2-GLU, 0)     -11.03466123.
  Rotamer ( A2-GLH,23) self-energy      89.83129083 pruned by ( A2-GLU, 0)     -11.03466123.
  Rotamer ( A2-GLH,24) self-energy      57.31027538 pruned by ( A2-GLU, 0)     -11.03466123.
  Rotamer ( A2-GLH,25) self-energy      59.00459975 pruned by ( A2-GLU, 0)     -11.03466123.
  Rotamer ( A2-GLH,26) self-energy     159.14759986 pruned by ( A2-GLU, 0)     -11.03466123.
  Rotamer ( A2-GLH,27) self-energy   15759.73419324 pruned by ( A2-GLU, 0)     -11.03466123.
  Rotamer ( A2-GLH,28) self-energy     115.15930678 pruned by ( A2-GLU, 0)     -11.03466123.
  Rotamer ( A2-GLH,29) self-energy     104.54923272 pruned by ( A2-GLU, 0)     -11.03466123.
  Rotamer ( A2-GLH,30) self-energy     177.58606072 pruned by ( A2-GLU, 0)     -11.03466123.
  Rotamer ( A2-GLH,31) self-energy     139.85200186 pruned by ( A2-GLU, 0)     -11.03466123.
  Rotamer ( A2-GLH,32) self-energy      74.99810774 pruned by ( A2-GLU, 0)     -11.03466123.
  Rotamer ( A2-GLH,33) self-energy      71.43417960 pruned by ( A2-GLU, 0)     -11.03466123.
  Rotamer ( A2-GLU,34) self-energy      75.98687024 pruned by ( A2-GLU, 0)     -11.03466123.
  Rotamer ( A2-GLU,35) self-energy   23303.85654254 pruned by ( A2-GLU, 0)     -11.03466123.
  Rotamer ( A2-GLU,36) self-energy      27.07891751 pruned by ( A2-GLU, 0)     -11.03466123.
  Rotamer ( A2-GLU,37) self-energy      20.99055578 pruned by ( A2-GLU, 0)     -11.03466123.
  Rotamer ( A2-GLU,38) self-energy      70.32267247 pruned by ( A2-GLU, 0)     -11.03466123.
  Rotamer ( A2-GLU,39) self-energy      30.50540374 pruned by ( A2-GLU, 0)     -11.03466123.
  Rotamer ( A4-GLH, 1) self-energy      55.92576423 pruned by ( A4-GLU,40)     -18.04380446.
  Rotamer ( A4-GLH, 2) self-energy      80.00677247 pruned by ( A4-GLU,40)     -18.04380446.
  Rotamer ( A4-GLH, 3) self-energy    7829.23146411 pruned by ( A4-GLU,40)     -18.04380446.
  Rotamer ( A4-GLH, 4) self-energy     564.30844285 pruned by ( A4-GLU,40)     -18.04380446.
  Rotamer ( A4-GLH, 5) self-energy      46.86004993 pruned by ( A4-GLU,40)     -18.04380446.
  Rotamer ( A4-GLH, 6) self-energy      49.86161233 pruned by ( A4-GLU,40)     -18.04380446.
  Rotamer ( A4-GLH, 7) self-energy     175.82571416 pruned by ( A4-GLU,40)     -18.04380446.
  Rotamer ( A4-GLH, 8) self-energy      44.37784432 pruned by ( A4-GLU,40)     -18.04380446.
  Rotamer ( A4-GLH, 9) self-energy     155.89751917 pruned by ( A4-GLU,40)     -18.04380446.
  Rotamer ( A4-GLH,10) self-energy      83.08393160 pruned by ( A4-GLU,40)     -18.04380446.
  Rotamer ( A4-GLH,11) self-energy   10302.97515113 pruned by ( A4-GLU,40)     -18.04380446.
  Rotamer ( A4-GLH,12) self-energy     301.48427807 pruned by ( A4-GLU,40)     -18.04380446.
  Rotamer ( A4-GLH,13) self-energy      49.76950370 pruned by ( A4-GLU,40)     -18.04380446.
  Rotamer ( A4-GLH,14) self-energy      54.07358324 pruned by ( A4-GLU,40)     -18.04380446.
  Rotamer ( A4-GLH,15) self-energy     294.44797552 pruned by ( A4-GLU,40)     -18.04380446.
  Rotamer ( A4-GLH,16) self-energy      47.89477598 pruned by ( A4-GLU,40)     -18.04380446.
  Rotamer ( A4-GLH,17) self-energy     321.14018347 pruned by ( A4-GLU,40)     -18.04380446.
  Rotamer ( A4-GLH,18) self-energy      90.11123948 pruned by ( A4-GLU,40)     -18.04380446.
  Rotamer ( A4-GLH,19) self-energy    7128.65427365 pruned by ( A4-GLU,40)     -18.04380446.
  Rotamer ( A4-GLH,20) self-energy     566.52589761 pruned by ( A4-GLU,40)     -18.04380446.
  Rotamer ( A4-GLH,21) self-energy      50.71894633 pruned by ( A4-GLU,40)     -18.04380446.
  Rotamer ( A4-GLH,22) self-energy      54.08731638 pruned by ( A4-GLU,40)     -18.04380446.
  Rotamer ( A4-GLH,23) self-energy     179.63277007 pruned by ( A4-GLU,40)     -18.04380446.
  Rotamer ( A4-GLH,24) self-energy      48.08867961 pruned by ( A4-GLU,40)     -18.04380446.
  Rotamer ( A4-GLH,25) self-energy     156.91905785 pruned by ( A4-GLU,40)     -18.04380446.
  Rotamer ( A4-GLH,26) self-energy     101.59052729 pruned by ( A4-GLU,40)     -18.04380446.
  Rotamer ( A4-GLH,27) self-energy    9294.42409933 pruned by ( A4-GLU,40)     -18.04380446.
  Rotamer ( A4-GLH,28) self-energy     309.29028879 pruned by ( A4-GLU,40)     -18.04380446.
  Rotamer ( A4-GLH,29) self-energy      67.25310004 pruned by ( A4-GLU,40)     -18.04380446.
  Rotamer ( A4-GLH,30) self-energy      82.69206945 pruned by ( A4-GLU,40)     -18.04380446.
  Rotamer ( A4-GLH,31) self-energy     328.66947751 pruned by ( A4-GLU,40)     -18.04380446.
  Rotamer ( A4-GLH,32) self-energy      65.79612240 pruned by ( A4-GLU,40)     -18.04380446.
  Rotamer ( A4-GLH,33) self-energy     271.45587666 pruned by ( A4-GLU,40)     -18.04380446.
  Rotamer ( A4-GLU,34) self-energy      15.94390435 pruned by ( A4-GLU,40)     -18.04380446.
  Rotamer ( A4-GLU,35) self-energy    9070.98576312 pruned by ( A4-GLU,40)     -18.04380446.
  Rotamer ( A4-GLU,36) self-energy     576.52015053 pruned by ( A4-GLU,40)     -18.04380446.
  Rotamer ( A4-GLU,39) self-energy     166.91148076 pruned by ( A4-GLU,40)     -18.04380446.
  Rotamer ( A4-GLU,41) self-energy     128.87370473 pruned by ( A4-GLU,40)     -18.04380446.
  Rotamer ( A5-LYD, 2) self-energy      12.91812561 pruned by ( A5-LYS, 0)     -21.10067404.
  Rotamer ( A5-LYD, 3) self-energy      11.56447851 pruned by ( A5-LYS, 0)     -21.10067404.
  Rotamer ( A5-LYD, 4) self-energy      11.35107913 pruned by ( A5-LYS, 0)     -21.10067404.
  Rotamer ( A5-LYD, 5) self-energy      13.33280872 pruned by ( A5-LYS, 0)     -21.10067404.
  Rotamer ( A5-LYD, 6) self-energy      12.85855593 pruned by ( A5-LYS, 0)     -21.10067404.
  Rotamer ( A5-LYD, 7) self-energy    1919.03676639 pruned by ( A5-LYS, 0)     -21.10067404.
  Rotamer ( A5-LYD, 8) self-energy     119.32808213 pruned by ( A5-LYS, 0)     -21.10067404.
  Rotamer ( A5-LYD, 9) self-energy      84.24225656 pruned by ( A5-LYS, 0)     -21.10067404.
  Rotamer ( A5-LYD,17) self-energy      24.82574364 pruned by ( A5-LYS, 0)     -21.10067404.
  Rotamer ( A5-LYD,18) self-energy      37.57467174 pruned by ( A5-LYS, 0)     -21.10067404.
  Rotamer ( A5-LYD,27) self-energy      68.44164970 pruned by ( A5-LYS, 0)     -21.10067404.
  Rotamer ( A5-LYS,34) self-energy    3457.60059298 pruned by ( A5-LYS, 0)     -21.10067404.
  Rotamer ( A5-LYS,35) self-energy     143.47005360 pruned by ( A5-LYS, 0)     -21.10067404.
  Rotamer ( A5-LYS,36) self-energy      73.26613080 pruned by ( A5-LYS, 0)     -21.10067404.
  Rotamer ( A5-LYS,44) self-energy      16.96909308 pruned by ( A5-LYS, 0)     -21.10067404.
  Rotamer ( A5-LYS,45) self-energy      30.94376910 pruned by ( A5-LYS, 0)     -21.10067404.
  Rotamer ( A5-LYS,54) self-energy     104.21444664 pruned by ( A5-LYS, 0)     -21.10067404.
  Rotamer ( A6-GLH, 1) self-energy      53.47443778 pruned by ( A6-GLU, 0)     -17.83213816.
  Rotamer ( A6-GLH, 2) self-energy      55.85851339 pruned by ( A6-GLU, 0)     -17.83213816.
  Rotamer ( A6-GLH, 3) self-energy      74.65401121 pruned by ( A6-GLU, 0)     -17.83213816.
  Rotamer ( A6-GLH, 4) self-energy      52.04311731 pruned by ( A6-GLU, 0)     -17.83213816.
  Rotamer ( A6-GLH, 5) self-energy      49.33743749 pruned by ( A6-GLU, 0)     -17.83213816.
  Rotamer ( A6-GLH, 6) self-energy     445.52899927 pruned by ( A6-GLU, 0)     -17.83213816.
  Rotamer ( A6-GLH, 7) self-energy      52.84928556 pruned by ( A6-GLU, 0)     -17.83213816.
  Rotamer ( A6-GLH, 8) self-energy      47.23385475 pruned by ( A6-GLU, 0)     -17.83213816.
  Rotamer ( A6-GLH, 9) self-energy      48.74630189 pruned by ( A6-GLU, 0)     -17.83213816.
  Rotamer ( A6-GLH,10) self-energy      59.17631006 pruned by ( A6-GLU, 0)     -17.83213816.
  Rotamer ( A6-GLH,11) self-energy     107.39546443 pruned by ( A6-GLU, 0)     -17.83213816.
  Rotamer ( A6-GLH,12) self-energy      54.30154094 pruned by ( A6-GLU, 0)     -17.83213816.
  Rotamer ( A6-GLH,13) self-energy      52.00218215 pruned by ( A6-GLU, 0)     -17.83213816.
  Rotamer ( A6-GLH,14) self-energy     277.14359530 pruned by ( A6-GLU, 0)     -17.83213816.
  Rotamer ( A6-GLH,15) self-energy      57.49749222 pruned by ( A6-GLU, 0)     -17.83213816.
  Rotamer ( A6-GLH,16) self-energy      50.73234711 pruned by ( A6-GLU, 0)     -17.83213816.
  Rotamer ( A6-GLH,17) self-energy      51.53833577 pruned by ( A6-GLU, 0)     -17.83213816.
  Rotamer ( A6-GLH,18) self-energy      59.54625691 pruned by ( A6-GLU, 0)     -17.83213816.
  Rotamer ( A6-GLH,19) self-energy      78.86741379 pruned by ( A6-GLU, 0)     -17.83213816.
  Rotamer ( A6-GLH,20) self-energy      58.20507464 pruned by ( A6-GLU, 0)     -17.83213816.
  Rotamer ( A6-GLH,21) self-energy      53.54005782 pruned by ( A6-GLU, 0)     -17.83213816.
  Rotamer ( A6-GLH,22) self-energy     397.44972956 pruned by ( A6-GLU, 0)     -17.83213816.
  Rotamer ( A6-GLH,23) self-energy      56.54393267 pruned by ( A6-GLU, 0)     -17.83213816.
  Rotamer ( A6-GLH,24) self-energy      50.91836006 pruned by ( A6-GLU, 0)     -17.83213816.
  Rotamer ( A6-GLH,25) self-energy      53.24232222 pruned by ( A6-GLU, 0)     -17.83213816.
  Rotamer ( A6-GLH,26) self-energy      77.71532431 pruned by ( A6-GLU, 0)     -17.83213816.
  Rotamer ( A6-GLH,27) self-energy     148.61044625 pruned by ( A6-GLU, 0)     -17.83213816.
  Rotamer ( A6-GLH,28) self-energy      72.67645497 pruned by ( A6-GLU, 0)     -17.83213816.
  Rotamer ( A6-GLH,29) self-energy      69.45394630 pruned by ( A6-GLU, 0)     -17.83213816.
  Rotamer ( A6-GLH,30) self-energy     303.75685222 pruned by ( A6-GLU, 0)     -17.83213816.
  Rotamer ( A6-GLH,31) self-energy      89.44287720 pruned by ( A6-GLU, 0)     -17.83213816.
  Rotamer ( A6-GLH,32) self-energy      69.02544543 pruned by ( A6-GLU, 0)     -17.83213816.
  Rotamer ( A6-GLH,33) self-energy      66.44662825 pruned by ( A6-GLU, 0)     -17.83213816.
  Rotamer ( A6-GLU,35) self-energy       8.01880506 pruned by ( A6-GLU, 0)     -17.83213816.
  Rotamer ( A6-GLU,38) self-energy     282.73468471 pruned by ( A6-GLU, 0)     -17.83213816.
  Rotamer ( A8-GLH, 1) self-energy      51.89322112 pruned by ( A8-GLU, 0)     -17.89607984.
  Rotamer ( A8-GLH, 2) self-energy      94.91514360 pruned by ( A8-GLU, 0)     -17.89607984.
  Rotamer ( A8-GLH, 3) self-energy    1990.43889079 pruned by ( A8-GLU, 0)     -17.89607984.
  Rotamer ( A8-GLH, 4) self-energy      54.04581915 pruned by ( A8-GLU, 0)     -17.89607984.
  Rotamer ( A8-GLH, 5) self-energy      51.93682608 pruned by ( A8-GLU, 0)     -17.89607984.
  Rotamer ( A8-GLH, 6) self-energy      53.75910378 pruned by ( A8-GLU, 0)     -17.89607984.
  Rotamer ( A8-GLH, 7) self-energy      53.67273148 pruned by ( A8-GLU, 0)     -17.89607984.
  Rotamer ( A8-GLH, 8) self-energy      47.92780044 pruned by ( A8-GLU, 0)     -17.89607984.
  Rotamer ( A8-GLH, 9) self-energy      49.90993779 pruned by ( A8-GLU, 0)     -17.89607984.
  Rotamer ( A8-GLH,10) self-energy      90.20034217 pruned by ( A8-GLU, 0)     -17.89607984.
  Rotamer ( A8-GLH,11) self-energy    1072.64905778 pruned by ( A8-GLU, 0)     -17.89607984.
  Rotamer ( A8-GLH,12) self-energy      56.55669390 pruned by ( A8-GLU, 0)     -17.89607984.
  Rotamer ( A8-GLH,13) self-energy      55.05430877 pruned by ( A8-GLU, 0)     -17.89607984.
  Rotamer ( A8-GLH,14) self-energy      63.23098379 pruned by ( A8-GLU, 0)     -17.89607984.
  Rotamer ( A8-GLH,15) self-energy      62.13332823 pruned by ( A8-GLU, 0)     -17.89607984.
  Rotamer ( A8-GLH,16) self-energy      51.47719786 pruned by ( A8-GLU, 0)     -17.89607984.
  Rotamer ( A8-GLH,17) self-energy      52.22802493 pruned by ( A8-GLU, 0)     -17.89607984.
  Rotamer ( A8-GLH,18) self-energy     143.55174281 pruned by ( A8-GLU, 0)     -17.89607984.
  Rotamer ( A8-GLH,19) self-energy    1085.21811498 pruned by ( A8-GLU, 0)     -17.89607984.
  Rotamer ( A8-GLH,20) self-energy      57.91301017 pruned by ( A8-GLU, 0)     -17.89607984.
  Rotamer ( A8-GLH,21) self-energy      55.68912781 pruned by ( A8-GLU, 0)     -17.89607984.
  Rotamer ( A8-GLH,22) self-energy      57.67815080 pruned by ( A8-GLU, 0)     -17.89607984.
  Rotamer ( A8-GLH,23) self-energy      57.21324728 pruned by ( A8-GLU, 0)     -17.89607984.
  Rotamer ( A8-GLH,24) self-energy      51.79338048 pruned by ( A8-GLU, 0)     -17.89607984.
  Rotamer ( A8-GLH,25) self-energy      55.11203858 pruned by ( A8-GLU, 0)     -17.89607984.
  Rotamer ( A8-GLH,26) self-energy     108.60693575 pruned by ( A8-GLU, 0)     -17.89607984.
  Rotamer ( A8-GLH,27) self-energy    1113.63009483 pruned by ( A8-GLU, 0)     -17.89607984.
  Rotamer ( A8-GLH,28) self-energy      74.86021934 pruned by ( A8-GLU, 0)     -17.89607984.
  Rotamer ( A8-GLH,29) self-energy      72.62474859 pruned by ( A8-GLU, 0)     -17.89607984.
  Rotamer ( A8-GLH,30) self-energy      91.07851572 pruned by ( A8-GLU, 0)     -17.89607984.
  Rotamer ( A8-GLH,31) self-energy      94.03765323 pruned by ( A8-GLU, 0)     -17.89607984.
  Rotamer ( A8-GLH,32) self-energy      69.62864103 pruned by ( A8-GLU, 0)     -17.89607984.
  Rotamer ( A8-GLH,33) self-energy      66.82660689 pruned by ( A8-GLU, 0)     -17.89607984.
  Rotamer ( A8-GLU,34) self-energy      28.44355569 pruned by ( A8-GLU, 0)     -17.89607984.
  Rotamer ( A8-GLU,35) self-energy    1024.31937489 pruned by ( A8-GLU, 0)     -17.89607984.
  Rotamer (A11-ASH, 1) self-energy      69.80586808 pruned by (A11-ASP, 0)     -21.51181370.
  Rotamer (A11-ASH, 2) self-energy     442.76452918 pruned by (A11-ASP, 0)     -21.51181370.
  Rotamer (A11-ASH, 3) self-energy    1727.21184959 pruned by (A11-ASP, 0)     -21.51181370.
  Rotamer (A11-ASH, 4) self-energy      58.06772003 pruned by (A11-ASP, 0)     -21.51181370.
  Rotamer (A11-ASH, 5) self-energy      53.89695537 pruned by (A11-ASP, 0)     -21.51181370.
  Rotamer (A11-ASH, 6) self-energy     162.46289284 pruned by (A11-ASP, 0)     -21.51181370.
  Rotamer (A11-ASH, 7) self-energy     298.00757445 pruned by (A11-ASP, 0)     -21.51181370.
  Rotamer (A11-ASH, 8) self-energy     223.74382575 pruned by (A11-ASP, 0)     -21.51181370.
  Rotamer (A11-ASH, 9) self-energy      62.48985704 pruned by (A11-ASP, 0)     -21.51181370.
  Rotamer (A11-ASH,10) self-energy      53.65541338 pruned by (A11-ASP, 0)     -21.51181370.
  Rotamer (A11-ASH,11) self-energy     402.61941374 pruned by (A11-ASP, 0)     -21.51181370.
  Rotamer (A11-ASH,12) self-energy     339.05184319 pruned by (A11-ASP, 0)     -21.51181370.
  Rotamer (A11-ASH,13) self-energy     321.12580924 pruned by (A11-ASP, 0)     -21.51181370.
  Rotamer (A11-ASH,14) self-energy      63.34889507 pruned by (A11-ASP, 0)     -21.51181370.
  Rotamer (A11-ASH,15) self-energy      60.22605175 pruned by (A11-ASP, 0)     -21.51181370.
  Rotamer (A11-ASH,16) self-energy     165.19602877 pruned by (A11-ASP, 0)     -21.51181370.
  Rotamer (A11-ASH,17) self-energy     458.99600269 pruned by (A11-ASP, 0)     -21.51181370.
  Rotamer (A11-ASH,18) self-energy     347.92436787 pruned by (A11-ASP, 0)     -21.51181370.
  Rotamer (A11-ASH,19) self-energy      91.90282294 pruned by (A11-ASP, 0)     -21.51181370.
  Rotamer (A11-ASH,20) self-energy      60.19555636 pruned by (A11-ASP, 0)     -21.51181370.
  Rotamer (A11-ASH,21) self-energy     427.38426519 pruned by (A11-ASP, 0)     -21.51181370.
  Rotamer (A11-ASP,22) self-energy     302.44954097 pruned by (A11-ASP, 0)     -21.51181370.
  Rotamer (A11-ASP,23) self-energy     213.03098404 pruned by (A11-ASP, 0)     -21.51181370.
  Rotamer (A11-ASP,26) self-energy     144.76579525 pruned by (A11-ASP, 0)     -21.51181370.
  Rotamer (A12-LYD, 2) self-energy     231.80778107 pruned by (A12-LYS, 0)     -21.02016634.
  Rotamer (A12-LYD, 3) self-energy    3475.90071943 pruned by (A12-LYS, 0)     -21.02016634.
  Rotamer (A12-LYD, 4) self-energy   11593.26238779 pruned by (A12-LYS, 0)     -21.02016634.
  Rotamer (A12-LYD, 5) self-energy    3345.48758408 pruned by (A12-LYS, 0)     -21.02016634.
  Rotamer (A12-LYD, 6) self-energy      32.48636149 pruned by (A12-LYS, 0)     -21.02016634.
  Rotamer (A12-LYD,17) self-energy      39.47029105 pruned by (A12-LYS, 0)     -21.02016634.
  Rotamer (A12-LYD,18) self-energy      43.27849028 pruned by (A12-LYS, 0)     -21.02016634.
  Rotamer (A12-LYD,23) self-energy     215.49351818 pruned by (A12-LYS, 0)     -21.02016634.
  Rotamer (A12-LYD,24) self-energy     193.12338966 pruned by (A12-LYS, 0)     -21.02016634.
  Rotamer (A12-LYD,27) self-energy       4.32689839 pruned by (A12-LYS, 0)     -21.02016634.
  Rotamer (A12-LYD,28) self-energy       4.76364247 pruned by (A12-LYS, 0)     -21.02016634.
  Rotamer (A12-LYS,29) self-energy     457.90660189 pruned by (A12-LYS, 0)     -21.02016634.
  Rotamer (A12-LYS,31) self-energy   11498.30447226 pruned by (A12-LYS, 0)     -21.02016634.
  Rotamer (A12-LYS,32) self-energy    3481.80619736 pruned by (A12-LYS, 0)     -21.02016634.
  Rotamer (A12-LYS,33) self-energy      21.62772774 pruned by (A12-LYS, 0)     -21.02016634.
  Rotamer (A12-LYS,44) self-energy      30.36437199 pruned by (A12-LYS, 0)     -21.02016634.
  Rotamer (A12-LYS,45) self-energy      36.28756474 pruned by (A12-LYS, 0)     -21.02016634.
  Rotamer (A12-LYS,50) self-energy     199.64889452 pruned by (A12-LYS, 0)     -21.02016634.
  Rotamer (A12-LYS,51) self-energy     182.75326502 pruned by (A12-LYS, 0)     -21.02016634.
  Rotamer (A22-ASH, 1) self-energy      60.40503903 pruned by (A22-ASP, 0)     -19.53633520.
  Rotamer (A22-ASH, 2) self-energy     213.95858605 pruned by (A22-ASP, 0)     -19.53633520.
  Rotamer (A22-ASH, 3) self-energy     120.51613306 pruned by (A22-ASP, 0)     -19.53633520.
  Rotamer (A22-ASH, 4) self-energy      62.06438707 pruned by (A22-ASP, 0)     -19.53633520.
  Rotamer (A22-ASH, 5) self-energy      55.46514650 pruned by (A22-ASP, 0)     -19.53633520.
  Rotamer (A22-ASH, 6) self-energy      54.42616481 pruned by (A22-ASP, 0)     -19.53633520.
  Rotamer (A22-ASH, 7) self-energy     163.93707120 pruned by (A22-ASP, 0)     -19.53633520.
  Rotamer (A22-ASH, 8) self-energy      88.11056922 pruned by (A22-ASP, 0)     -19.53633520.
  Rotamer (A22-ASH, 9) self-energy      68.42806998 pruned by (A22-ASP, 0)     -19.53633520.
  Rotamer (A22-ASH,10) self-energy      55.39478677 pruned by (A22-ASP, 0)     -19.53633520.
  Rotamer (A22-ASH,11) self-energy      58.12490544 pruned by (A22-ASP, 0)     -19.53633520.
  Rotamer (A22-ASH,12) self-energy     217.64161341 pruned by (A22-ASP, 0)     -19.53633520.
  Rotamer (A22-ASH,13) self-energy     119.68609030 pruned by (A22-ASP, 0)     -19.53633520.
  Rotamer (A22-ASH,14) self-energy      67.25099502 pruned by (A22-ASP, 0)     -19.53633520.
  Rotamer (A22-ASH,15) self-energy      61.92006157 pruned by (A22-ASP, 0)     -19.53633520.
  Rotamer (A22-ASH,16) self-energy      59.59708796 pruned by (A22-ASP, 0)     -19.53633520.
  Rotamer (A22-ASH,17) self-energy     208.45258894 pruned by (A22-ASP, 0)     -19.53633520.
  Rotamer (A22-ASH,18) self-energy     133.34620058 pruned by (A22-ASP, 0)     -19.53633520.
  Rotamer (A22-ASH,19) self-energy     102.58297079 pruned by (A22-ASP, 0)     -19.53633520.
  Rotamer (A22-ASH,20) self-energy      60.93178851 pruned by (A22-ASP, 0)     -19.53633520.
  Rotamer (A22-ASH,21) self-energy      81.62685648 pruned by (A22-ASP, 0)     -19.53633520.
  Rotamer (A22-ASP,22) self-energy     185.69572578 pruned by (A22-ASP, 0)     -19.53633520.
  Rotamer (A22-ASP,23) self-energy      54.72422812 pruned by (A22-ASP, 0)     -19.53633520.
  Rotamer (A25-HIS, 3) self-energy    2949.87178876 pruned by (A25-HIE,23)     -30.71972861.
  Rotamer (A25-HIS, 4) self-energy    4377.65938201 pruned by (A25-HIE,23)     -30.71972861.
  Rotamer (A25-HIS, 8) self-energy      40.43242597 pruned by (A25-HIE,23)     -30.71972861.
  Rotamer (A25-HIS,10) self-energy     588.33743332 pruned by (A25-HIE,23)     -30.71972861.
  Rotamer (A25-HID,11) self-energy    2503.20695823 pruned by (A25-HIE,23)     -30.71972861.
  Rotamer (A25-HID,12) self-energy    4378.02461032 pruned by (A25-HIE,23)     -30.71972861.
  Rotamer (A25-HID,16) self-energy      25.06440540 pruned by (A25-HIE,23)     -30.71972861.
  Rotamer (A25-HID,18) self-energy     576.43801714 pruned by (A25-HIE,23)     -30.71972861.
  Rotamer (A25-HIE,19) self-energy    2920.87165778 pruned by (A25-HIE,23)     -30.71972861.
  Rotamer (A25-HIE,20) self-energy    4159.45989230 pruned by (A25-HIE,23)     -30.71972861.
  Rotamer (A25-HIE,24) self-energy      31.12203029 pruned by (A25-HIE,23)     -30.71972861.
  Rotamer (A25-HIE,26) self-energy      53.58721639 pruned by (A25-HIE,23)     -30.71972861.
  Rotamer (A26-GLH, 1) self-energy      52.84673976 pruned by (A26-GLU, 0)     -15.82736159.
  Rotamer (A26-GLH, 2) self-energy     438.13118947 pruned by (A26-GLU, 0)     -15.82736159.
  Rotamer (A26-GLH, 3) self-energy   30355.18862103 pruned by (A26-GLU, 0)     -15.82736159.
  Rotamer (A26-GLH, 4) self-energy      58.36560200 pruned by (A26-GLU, 0)     -15.82736159.
  Rotamer (A26-GLH, 5) self-energy      75.48047516 pruned by (A26-GLU, 0)     -15.82736159.
  Rotamer (A26-GLH, 6) self-energy    6655.40027693 pruned by (A26-GLU, 0)     -15.82736159.
  Rotamer (A26-GLH, 7) self-energy    2765.99271240 pruned by (A26-GLU, 0)     -15.82736159.
  Rotamer (A26-GLH, 8) self-energy      49.08278887 pruned by (A26-GLU, 0)     -15.82736159.
  Rotamer (A26-GLH, 9) self-energy      50.47528505 pruned by (A26-GLU, 0)     -15.82736159.
  Rotamer (A26-GLH,10) self-energy     371.97866388 pruned by (A26-GLU, 0)     -15.82736159.
  Rotamer (A26-GLH,11) self-energy  138917.77084916 pruned by (A26-GLU, 0)     -15.82736159.
  Rotamer (A26-GLH,12) self-energy      60.64168733 pruned by (A26-GLU, 0)     -15.82736159.
  Rotamer (A26-GLH,13) self-energy     103.20906813 pruned by (A26-GLU, 0)     -15.82736159.
  Rotamer (A26-GLH,14) self-energy    9729.25020790 pruned by (A26-GLU, 0)     -15.82736159.
  Rotamer (A26-GLH,15) self-energy    2314.27138377 pruned by (A26-GLU, 0)     -15.82736159.
  Rotamer (A26-GLH,16) self-energy      55.08606793 pruned by (A26-GLU, 0)     -15.82736159.
  Rotamer (A26-GLH,17) self-energy      53.15758211 pruned by (A26-GLU, 0)     -15.82736159.
  Rotamer (A26-GLH,18) self-energy     450.46930556 pruned by (A26-GLU, 0)     -15.82736159.
  Rotamer (A26-GLH,19) self-energy   26071.97505418 pruned by (A26-GLU, 0)     -15.82736159.
  Rotamer (A26-GLH,20) self-energy      62.36347396 pruned by (A26-GLU, 0)     -15.82736159.
  Rotamer (A26-GLH,21) self-energy      79.19225910 pruned by (A26-GLU, 0)     -15.82736159.
  Rotamer (A26-GLH,22) self-energy    6658.78060771 pruned by (A26-GLU, 0)     -15.82736159.
  Rotamer (A26-GLH,23) self-energy    2769.49554374 pruned by (A26-GLU, 0)     -15.82736159.
  Rotamer (A26-GLH,24) self-energy      52.71210272 pruned by (A26-GLU, 0)     -15.82736159.
  Rotamer (A26-GLH,25) self-energy      54.92472213 pruned by (A26-GLU, 0)     -15.82736159.
  Rotamer (A26-GLH,26) self-energy     388.90945559 pruned by (A26-GLU, 0)     -15.82736159.
  Rotamer (A26-GLH,27) self-energy  137359.30850311 pruned by (A26-GLU, 0)     -15.82736159.
  Rotamer (A26-GLH,28) self-energy      78.66087532 pruned by (A26-GLU, 0)     -15.82736159.
  Rotamer (A26-GLH,29) self-energy     112.95605841 pruned by (A26-GLU, 0)     -15.82736159.
  Rotamer (A26-GLH,30) self-energy    2374.83854274 pruned by (A26-GLU, 0)     -15.82736159.
  Rotamer (A26-GLH,31) self-energy     859.28694553 pruned by (A26-GLU, 0)     -15.82736159.
  Rotamer (A26-GLH,32) self-energy      74.60379474 pruned by (A26-GLU, 0)     -15.82736159.
  Rotamer (A26-GLH,33) self-energy      67.84802695 pruned by (A26-GLU, 0)     -15.82736159.
  Rotamer (A26-GLU,34) self-energy     366.31747732 pruned by (A26-GLU, 0)     -15.82736159.
  Rotamer (A26-GLU,35) self-energy   69732.37973757 pruned by (A26-GLU, 0)     -15.82736159.
  Rotamer (A26-GLU,37) self-energy      17.87564448 pruned by (A26-GLU, 0)     -15.82736159.
  Rotamer (A26-GLU,38) self-energy    9848.24288413 pruned by (A26-GLU, 0)     -15.82736159.
  Rotamer (A26-GLU,39) self-energy    3535.93516331 pruned by (A26-GLU, 0)     -15.82736159.
  Rotamer (A29-ASH, 1) self-energy      59.52543211 pruned by (A29-ASP, 0)     -21.11949313.
  Rotamer (A29-ASH, 2) self-energy      80.76796435 pruned by (A29-ASP, 0)     -21.11949313.
  Rotamer (A29-ASH, 3) self-energy      88.68701642 pruned by (A29-ASP, 0)     -21.11949313.
  Rotamer (A29-ASH, 4) self-energy      55.55508078 pruned by (A29-ASP, 0)     -21.11949313.
  Rotamer (A29-ASH, 5) self-energy      55.91392875 pruned by (A29-ASP, 0)     -21.11949313.
  Rotamer (A29-ASH, 6) self-energy      54.49932263 pruned by (A29-ASP, 0)     -21.11949313.
  Rotamer (A29-ASH, 7) self-energy     155.01879559 pruned by (A29-ASP, 0)     -21.11949313.
  Rotamer (A29-ASH, 8) self-energy     140.75933355 pruned by (A29-ASP, 0)     -21.11949313.
  Rotamer (A29-ASH, 9) self-energy      58.95348495 pruned by (A29-ASP, 0)     -21.11949313.
  Rotamer (A29-ASH,10) self-energy      55.45314059 pruned by (A29-ASP, 0)     -21.11949313.
  Rotamer (A29-ASH,11) self-energy      60.79468377 pruned by (A29-ASP, 0)     -21.11949313.
  Rotamer (A29-ASH,12) self-energy      86.11898024 pruned by (A29-ASP, 0)     -21.11949313.
  Rotamer (A29-ASH,13) self-energy      94.68584619 pruned by (A29-ASP, 0)     -21.11949313.
  Rotamer (A29-ASH,14) self-energy      60.62495304 pruned by (A29-ASP, 0)     -21.11949313.
  Rotamer (A29-ASH,15) self-energy      61.98868522 pruned by (A29-ASP, 0)     -21.11949313.
  Rotamer (A29-ASH,16) self-energy      59.54333528 pruned by (A29-ASP, 0)     -21.11949313.
  Rotamer (A29-ASH,17) self-energy     436.24863599 pruned by (A29-ASP, 0)     -21.11949313.
  Rotamer (A29-ASH,18) self-energy     618.51012514 pruned by (A29-ASP, 0)     -21.11949313.
  Rotamer (A29-ASH,19) self-energy      86.14702366 pruned by (A29-ASP, 0)     -21.11949313.
  Rotamer (A29-ASH,20) self-energy      60.99871965 pruned by (A29-ASP, 0)     -21.11949313.
  Rotamer (A29-ASH,21) self-energy      84.74241112 pruned by (A29-ASP, 0)     -21.11949313.
  Rotamer (A29-ASP,22) self-energy      13.46192055 pruned by (A29-ASP, 0)     -21.11949313.
  Rotamer (A29-ASP,23) self-energy      23.86642304 pruned by (A29-ASP, 0)     -21.11949313.
  Rotamer (A32-CYS, 3) self-energy      65.63851564 pruned by (A32-CYD, 1)      -7.12444926.
  Rotamer (A32-CYS, 6) self-energy      65.63851564 pruned by (A32-CYD, 1)      -7.12444926.
  Rotamer (A32-CYD, 9) self-energy      41.96446832 pruned by (A32-CYD, 1)      -7.12444926.
  Rotamer (A36-LYD, 3) self-energy      35.72355346 pruned by (A36-LYS, 0)     -20.40066433.
  Rotamer (A36-LYD, 4) self-energy      33.00969535 pruned by (A36-LYS, 0)     -20.40066433.
  Rotamer (A36-LYD, 5) self-energy   23439.62508265 pruned by (A36-LYS, 0)     -20.40066433.
  Rotamer (A36-LYD,17) self-energy       5.14769062 pruned by (A36-LYS, 0)     -20.40066433.
  Rotamer (A36-LYD,18) self-energy      36.70811910 pruned by (A36-LYS, 0)     -20.40066433.
  Rotamer (A36-LYS,31) self-energy      23.54925308 pruned by (A36-LYS, 0)     -20.40066433.
  Rotamer (A36-LYS,32) self-energy   22774.27039683 pruned by (A36-LYS, 0)     -20.40066433.
  Rotamer (A36-LYS,45) self-energy      30.25708346 pruned by (A36-LYS, 0)     -20.40066433.
  Rotamer (A39-LYD, 5) self-energy      13.31436417 pruned by (A39-LYS, 0)     -20.89818700.
  Rotamer (A39-LYD,10) self-energy     281.43466649 pruned by (A39-LYS, 0)     -20.89818700.
  Rotamer (A39-LYD,11) self-energy       7.98236819 pruned by (A39-LYS, 0)     -20.89818700.
  Rotamer (A39-LYD,12) self-energy       5.95379001 pruned by (A39-LYS, 0)     -20.89818700.
  Rotamer (A39-LYD,13) self-energy       5.26028806 pruned by (A39-LYS, 0)     -20.89818700.
  Rotamer (A39-LYD,14) self-energy     278.48447282 pruned by (A39-LYS, 0)     -20.89818700.
  Rotamer (A39-LYD,17) self-energy       7.86707917 pruned by (A39-LYS, 0)     -20.89818700.
  Rotamer (A39-LYD,18) self-energy      39.43863665 pruned by (A39-LYS, 0)     -20.89818700.
  Rotamer (A39-LYS,37) self-energy     337.74070945 pruned by (A39-LYS, 0)     -20.89818700.
  Rotamer (A39-LYS,41) self-energy     330.67228288 pruned by (A39-LYS, 0)     -20.89818700.
  Rotamer (A39-LYS,45) self-energy      33.17703507 pruned by (A39-LYS, 0)     -20.89818700.
  Rotamer (A41-LYD,17) self-energy      45.50652978 pruned by (A41-LYS, 0)     -19.07975049.
  Rotamer (A41-LYD,18) self-energy      39.84610626 pruned by (A41-LYS, 0)     -19.07975049.
  Rotamer (A41-LYD,20) self-energy     112.20666259 pruned by (A41-LYS, 0)     -19.07975049.
  Rotamer (A41-LYD,24) self-energy      94.44662215 pruned by (A41-LYS, 0)     -19.07975049.
  Rotamer (A41-LYD,27) self-energy      43.09776571 pruned by (A41-LYS, 0)     -19.07975049.
  Rotamer (A41-LYS,44) self-energy      37.15953457 pruned by (A41-LYS, 0)     -19.07975049.
  Rotamer (A41-LYS,45) self-energy      33.35158980 pruned by (A41-LYS, 0)     -19.07975049.
  Rotamer (A41-LYS,47) self-energy     319.69939493 pruned by (A41-LYS, 0)     -19.07975049.
  Rotamer (A41-LYS,51) self-energy      90.16871846 pruned by (A41-LYS, 0)     -19.07975049.
  Rotamer (A41-LYS,54) self-energy      35.60148462 pruned by (A41-LYS, 0)     -19.07975049.
  Rotamer (A48-ASH, 1) self-energy      58.54802966 pruned by (A48-ASP, 0)     -22.26713250.
  Rotamer (A48-ASH, 2) self-energy      64.18263985 pruned by (A48-ASP, 0)     -22.26713250.
  Rotamer (A48-ASH, 3) self-energy      72.88123342 pruned by (A48-ASP, 0)     -22.26713250.
  Rotamer (A48-ASH, 4) self-energy      80.55345058 pruned by (A48-ASP, 0)     -22.26713250.
  Rotamer (A48-ASH, 5) self-energy      59.45280600 pruned by (A48-ASP, 0)     -22.26713250.
  Rotamer (A48-ASH, 6) self-energy      54.97061933 pruned by (A48-ASP, 0)     -22.26713250.
  Rotamer (A48-ASH, 7) self-energy     119.76094298 pruned by (A48-ASP, 0)     -22.26713250.
  Rotamer (A48-ASH, 8) self-energy     116.83930344 pruned by (A48-ASP, 0)     -22.26713250.
  Rotamer (A48-ASH, 9) self-energy      86.86241329 pruned by (A48-ASP, 0)     -22.26713250.
  Rotamer (A48-ASH,10) self-energy      58.39663964 pruned by (A48-ASP, 0)     -22.26713250.
  Rotamer (A48-ASH,11) self-energy      58.52016833 pruned by (A48-ASP, 0)     -22.26713250.
  Rotamer (A48-ASH,12) self-energy      69.36248044 pruned by (A48-ASP, 0)     -22.26713250.
  Rotamer (A48-ASH,13) self-energy      78.69783735 pruned by (A48-ASP, 0)     -22.26713250.
  Rotamer (A48-ASH,14) self-energy      85.68411423 pruned by (A48-ASP, 0)     -22.26713250.
  Rotamer (A48-ASH,15) self-energy      65.96481706 pruned by (A48-ASP, 0)     -22.26713250.
  Rotamer (A48-ASH,16) self-energy      60.12185014 pruned by (A48-ASP, 0)     -22.26713250.
  Rotamer (A48-ASH,17) self-energy     140.72331610 pruned by (A48-ASP, 0)     -22.26713250.
  Rotamer (A48-ASH,18) self-energy     143.99299709 pruned by (A48-ASP, 0)     -22.26713250.
  Rotamer (A48-ASH,19) self-energy     130.42700566 pruned by (A48-ASP, 0)     -22.26713250.
  Rotamer (A48-ASH,20) self-energy      63.84875830 pruned by (A48-ASP, 0)     -22.26713250.
  Rotamer (A48-ASH,21) self-energy      79.94321318 pruned by (A48-ASP, 0)     -22.26713250.
  Rotamer (A48-ASP,23) self-energy       6.13883231 pruned by (A48-ASP, 0)     -22.26713250.
  Rotamer (A48-ASP,24) self-energy      12.58087473 pruned by (A48-ASP, 0)     -22.26713250.
  Rotamer (A53-ASH, 1) self-energy      62.64614665 pruned by (A53-ASP, 0)     -23.25195743.
  Rotamer (A53-ASH, 2) self-energy      72.80046952 pruned by (A53-ASP, 0)     -23.25195743.
  Rotamer (A53-ASH, 3) self-energy      97.87638941 pruned by (A53-ASP, 0)     -23.25195743.
  Rotamer (A53-ASH, 4) self-energy      61.28320970 pruned by (A53-ASP, 0)     -23.25195743.
  Rotamer (A53-ASH, 5) self-energy      54.86252247 pruned by (A53-ASP, 0)     -23.25195743.
  Rotamer (A53-ASH, 6) self-energy      53.73816534 pruned by (A53-ASP, 0)     -23.25195743.
  Rotamer (A53-ASH, 7) self-energy     110.99185469 pruned by (A53-ASP, 0)     -23.25195743.
  Rotamer (A53-ASH, 8) self-energy      95.82408585 pruned by (A53-ASP, 0)     -23.25195743.
  Rotamer (A53-ASH, 9) self-energy      69.30762447 pruned by (A53-ASP, 0)     -23.25195743.
  Rotamer (A53-ASH,10) self-energy      55.81486189 pruned by (A53-ASP, 0)     -23.25195743.
  Rotamer (A53-ASH,11) self-energy      57.79987583 pruned by (A53-ASP, 0)     -23.25195743.
  Rotamer (A53-ASH,12) self-energy      74.41733964 pruned by (A53-ASP, 0)     -23.25195743.
  Rotamer (A53-ASH,13) self-energy      88.40863241 pruned by (A53-ASP, 0)     -23.25195743.
  Rotamer (A53-ASH,14) self-energy      66.57926226 pruned by (A53-ASP, 0)     -23.25195743.
  Rotamer (A53-ASH,15) self-energy      61.24629972 pruned by (A53-ASP, 0)     -23.25195743.
  Rotamer (A53-ASH,16) self-energy      56.13657116 pruned by (A53-ASP, 0)     -23.25195743.
  Rotamer (A53-ASH,17) self-energy     288.00119533 pruned by (A53-ASP, 0)     -23.25195743.
  Rotamer (A53-ASH,18) self-energy     234.99959876 pruned by (A53-ASP, 0)     -23.25195743.
  Rotamer (A53-ASH,19) self-energy     102.92945085 pruned by (A53-ASP, 0)     -23.25195743.
  Rotamer (A53-ASH,20) self-energy      61.52215039 pruned by (A53-ASP, 0)     -23.25195743.
  Rotamer (A53-ASH,21) self-energy      76.94424592 pruned by (A53-ASP, 0)     -23.25195743.
  Rotamer (A53-ASP,23) self-energy       2.28765151 pruned by (A53-ASP, 0)     -23.25195743.
  Rotamer (A54-HIS, 3) self-energy      -3.83392112 pruned by (A54-HIE,23)     -30.44063134.
  Rotamer (A58-LYD, 7) self-energy     181.12330678 pruned by (A58-LYS,40)     -20.99178265.
  Rotamer (A58-LYD, 8) self-energy      31.58650647 pruned by (A58-LYS,40)     -20.99178265.
  Rotamer (A58-LYD, 9) self-energy      10.30944274 pruned by (A58-LYS,40)     -20.99178265.
  Rotamer (A58-LYD,17) self-energy    1888.66461361 pruned by (A58-LYS,40)     -20.99178265.
  Rotamer (A58-LYD,18) self-energy      36.38427990 pruned by (A58-LYS,40)     -20.99178265.
  Rotamer (A58-LYD,22) self-energy     165.78086294 pruned by (A58-LYS,40)     -20.99178265.
  Rotamer (A58-LYD,25) self-energy    6808.41338549 pruned by (A58-LYS,40)     -20.99178265.
  Rotamer (A58-LYD,26) self-energy   64042.02027855 pruned by (A58-LYS,40)     -20.99178265.
  Rotamer (A58-LYD,27) self-energy    4680.72272007 pruned by (A58-LYS,40)     -20.99178265.
  Rotamer (A58-LYD,28) self-energy    5319.07327258 pruned by (A58-LYS,40)     -20.99178265.
  Rotamer (A58-LYS,30) self-energy      61.09257561 pruned by (A58-LYS,40)     -20.99178265.
  Rotamer (A58-LYS,34) self-energy     170.63265629 pruned by (A58-LYS,40)     -20.99178265.
  Rotamer (A58-LYS,35) self-energy      43.72130909 pruned by (A58-LYS,40)     -20.99178265.
  Rotamer (A58-LYS,44) self-energy    1853.95011887 pruned by (A58-LYS,40)     -20.99178265.
  Rotamer (A58-LYS,45) self-energy      29.89450869 pruned by (A58-LYS,40)     -20.99178265.
  Rotamer (A58-LYS,49) self-energy     166.64869794 pruned by (A58-LYS,40)     -20.99178265.
  Rotamer (A58-LYS,52) self-energy    6810.96990438 pruned by (A58-LYS,40)     -20.99178265.
  Rotamer (A58-LYS,53) self-energy   71655.94156113 pruned by (A58-LYS,40)     -20.99178265.
  Rotamer (A58-LYS,54) self-energy    4754.26090908 pruned by (A58-LYS,40)     -20.99178265.
  Rotamer (A58-LYS,55) self-energy    4942.38456231 pruned by (A58-LYS,40)     -20.99178265.
  Rotamer (A60-HIS, 6) self-energy      -6.26933592 pruned by (A60-HIE,19)     -32.69962675.
  Rotamer (A62-GLH, 1) self-energy      55.73685456 pruned by (A62-GLU,41)     -14.13453138.
  Rotamer (A62-GLH, 2) self-energy      52.57778565 pruned by (A62-GLU,41)     -14.13453138.
  Rotamer (A62-GLH, 3) self-energy      66.08210763 pruned by (A62-GLU,41)     -14.13453138.
  Rotamer (A62-GLH, 4) self-energy      55.59705672 pruned by (A62-GLU,41)     -14.13453138.
  Rotamer (A62-GLH, 5) self-energy      53.57073884 pruned by (A62-GLU,41)     -14.13453138.
  Rotamer (A62-GLH, 6) self-energy      55.94428107 pruned by (A62-GLU,41)     -14.13453138.
  Rotamer (A62-GLH, 7) self-energy      57.87775530 pruned by (A62-GLU,41)     -14.13453138.
  Rotamer (A62-GLH, 8) self-energy      50.06324669 pruned by (A62-GLU,41)     -14.13453138.
  Rotamer (A62-GLH, 9) self-energy      51.59670588 pruned by (A62-GLU,41)     -14.13453138.
  Rotamer (A62-GLH,10) self-energy      55.91376709 pruned by (A62-GLU,41)     -14.13453138.
  Rotamer (A62-GLH,11) self-energy     127.09825782 pruned by (A62-GLU,41)     -14.13453138.
  Rotamer (A62-GLH,12) self-energy      57.97241761 pruned by (A62-GLU,41)     -14.13453138.
  Rotamer (A62-GLH,13) self-energy      56.52842229 pruned by (A62-GLU,41)     -14.13453138.
  Rotamer (A62-GLH,14) self-energy      63.55865151 pruned by (A62-GLU,41)     -14.13453138.
  Rotamer (A62-GLH,15) self-energy      62.75862519 pruned by (A62-GLU,41)     -14.13453138.
  Rotamer (A62-GLH,16) self-energy      53.35725881 pruned by (A62-GLU,41)     -14.13453138.
  Rotamer (A62-GLH,17) self-energy      54.14224271 pruned by (A62-GLU,41)     -14.13453138.
  Rotamer (A62-GLH,18) self-energy      56.56049627 pruned by (A62-GLU,41)     -14.13453138.
  Rotamer (A62-GLH,19) self-energy      69.83451451 pruned by (A62-GLU,41)     -14.13453138.
  Rotamer (A62-GLH,20) self-energy      59.45695200 pruned by (A62-GLU,41)     -14.13453138.
  Rotamer (A62-GLH,21) self-energy      57.32207272 pruned by (A62-GLU,41)     -14.13453138.
  Rotamer (A62-GLH,22) self-energy      59.87127180 pruned by (A62-GLU,41)     -14.13453138.
  Rotamer (A62-GLH,23) self-energy      61.57111659 pruned by (A62-GLU,41)     -14.13453138.
  Rotamer (A62-GLH,24) self-energy      53.80102425 pruned by (A62-GLU,41)     -14.13453138.
  Rotamer (A62-GLH,25) self-energy      56.09174544 pruned by (A62-GLU,41)     -14.13453138.
  Rotamer (A62-GLH,26) self-energy      74.38453080 pruned by (A62-GLU,41)     -14.13453138.
  Rotamer (A62-GLH,27) self-energy     180.93158587 pruned by (A62-GLU,41)     -14.13453138.
  Rotamer (A62-GLH,28) self-energy      76.11737770 pruned by (A62-GLU,41)     -14.13453138.
  Rotamer (A62-GLH,29) self-energy      74.16361900 pruned by (A62-GLU,41)     -14.13453138.
  Rotamer (A62-GLH,30) self-energy      93.24229975 pruned by (A62-GLU,41)     -14.13453138.
  Rotamer (A62-GLH,31) self-energy      96.62907995 pruned by (A62-GLU,41)     -14.13453138.
  Rotamer (A62-GLH,32) self-energy      71.46329413 pruned by (A62-GLU,41)     -14.13453138.
  Rotamer (A62-GLH,33) self-energy      68.71882195 pruned by (A62-GLU,41)     -14.13453138.
  Rotamer (A63-ASH, 1) self-energy      61.86585460 pruned by (A63-ASP, 0)     -20.09951854.
  Rotamer (A63-ASH, 2) self-energy     258.25027430 pruned by (A63-ASP, 0)     -20.09951854.
  Rotamer (A63-ASH, 3) self-energy     267.05793962 pruned by (A63-ASP, 0)     -20.09951854.
  Rotamer (A63-ASH, 4) self-energy      59.03624481 pruned by (A63-ASP, 0)     -20.09951854.
  Rotamer (A63-ASH, 5) self-energy      57.72973818 pruned by (A63-ASP, 0)     -20.09951854.
  Rotamer (A63-ASH, 6) self-energy      56.14365787 pruned by (A63-ASP, 0)     -20.09951854.
  Rotamer (A63-ASH, 7) self-energy     794.22880792 pruned by (A63-ASP, 0)     -20.09951854.
  Rotamer (A63-ASH, 8) self-energy     494.02792559 pruned by (A63-ASP, 0)     -20.09951854.
  Rotamer (A63-ASH, 9) self-energy      62.64545358 pruned by (A63-ASP, 0)     -20.09951854.
  Rotamer (A63-ASH,10) self-energy      56.86275017 pruned by (A63-ASP, 0)     -20.09951854.
  Rotamer (A63-ASH,11) self-energy      59.92063232 pruned by (A63-ASP, 0)     -20.09951854.
  Rotamer (A63-ASH,12) self-energy     215.48483292 pruned by (A63-ASP, 0)     -20.09951854.
  Rotamer (A63-ASH,13) self-energy     237.74785532 pruned by (A63-ASP, 0)     -20.09951854.
  Rotamer (A63-ASH,14) self-energy      64.15580796 pruned by (A63-ASP, 0)     -20.09951854.
  Rotamer (A63-ASH,15) self-energy      65.93519345 pruned by (A63-ASP, 0)     -20.09951854.
  Rotamer (A63-ASH,16) self-energy      61.47870753 pruned by (A63-ASP, 0)     -20.09951854.
  Rotamer (A63-ASH,17) self-energy    1709.77525765 pruned by (A63-ASP, 0)     -20.09951854.
  Rotamer (A63-ASH,18) self-energy    1452.82654974 pruned by (A63-ASP, 0)     -20.09951854.
  Rotamer (A63-ASH,19) self-energy      87.73401671 pruned by (A63-ASP, 0)     -20.09951854.
  Rotamer (A63-ASH,20) self-energy      62.25253066 pruned by (A63-ASP, 0)     -20.09951854.
  Rotamer (A63-ASH,21) self-energy      81.17423922 pruned by (A63-ASP, 0)     -20.09951854.
  Rotamer (A63-ASP,22) self-energy     189.22082533 pruned by (A63-ASP, 0)     -20.09951854.
  Rotamer (A63-ASP,23) self-energy     201.36353318 pruned by (A63-ASP, 0)     -20.09951854.
  Rotamer (A65-ASH, 1) self-energy      60.38925863 pruned by (A65-ASP, 0)     -22.57536036.
  Rotamer (A65-ASH, 2) self-energy      57.98154279 pruned by (A65-ASP, 0)     -22.57536036.
  Rotamer (A65-ASH, 3) self-energy      59.53445585 pruned by (A65-ASP, 0)     -22.57536036.
  Rotamer (A65-ASH, 4) self-energy     256.93137729 pruned by (A65-ASP, 0)     -22.57536036.
  Rotamer (A65-ASH, 5) self-energy     438.15349647 pruned by (A65-ASP, 0)     -22.57536036.
  Rotamer (A65-ASH, 6) self-energy      76.51398928 pruned by (A65-ASP, 0)     -22.57536036.
  Rotamer (A65-ASH, 7) self-energy      70.82471227 pruned by (A65-ASP, 0)     -22.57536036.
  Rotamer (A65-ASH, 8) self-energy      90.97025821 pruned by (A65-ASP, 0)     -22.57536036.
  Rotamer (A65-ASH, 9) self-energy     849.21729855 pruned by (A65-ASP, 0)     -22.57536036.
  Rotamer (A65-ASH,10) self-energy    1074.76534699 pruned by (A65-ASP, 0)     -22.57536036.
  Rotamer (A65-ASH,11) self-energy     147.63016855 pruned by (A65-ASP, 0)     -22.57536036.
  Rotamer (A65-ASH,12) self-energy      62.67665502 pruned by (A65-ASP, 0)     -22.57536036.
  Rotamer (A65-ASH,13) self-energy      64.96658956 pruned by (A65-ASP, 0)     -22.57536036.
  Rotamer (A65-ASH,14) self-energy     259.73934013 pruned by (A65-ASP, 0)     -22.57536036.
  Rotamer (A65-ASH,15) self-energy     363.18531834 pruned by (A65-ASP, 0)     -22.57536036.
  Rotamer (A65-ASH,16) self-energy      81.69271945 pruned by (A65-ASP, 0)     -22.57536036.
  Rotamer (A65-ASH,17) self-energy      98.55150309 pruned by (A65-ASP, 0)     -22.57536036.
  Rotamer (A65-ASH,18) self-energy     111.57026704 pruned by (A65-ASP, 0)     -22.57536036.
  Rotamer (A65-ASH,19) self-energy     311.15138606 pruned by (A65-ASP, 0)     -22.57536036.
  Rotamer (A65-ASH,20) self-energy    1005.28228740 pruned by (A65-ASP, 0)     -22.57536036.
  Rotamer (A65-ASH,21) self-energy     109.54653763 pruned by (A65-ASP, 0)     -22.57536036.
  Rotamer (A65-ASP,24) self-energy     229.48635389 pruned by (A65-ASP, 0)     -22.57536036.
  Rotamer (A65-ASP,25) self-energy     357.02641439 pruned by (A65-ASP, 0)     -22.57536036.
  Rotamer (A65-ASP,26) self-energy      15.35157801 pruned by (A65-ASP, 0)     -22.57536036.
  Rotamer (A73-LYD, 2) self-energy       1.28855878 pruned by (A73-LYS,40)     -24.04482286.
  Rotamer (A73-LYD, 3) self-energy       4.57320711 pruned by (A73-LYS,40)     -24.04482286.
  Rotamer (A73-LYD, 4) self-energy       2.89086984 pruned by (A73-LYS,40)     -24.04482286.
  Rotamer (A73-LYD, 5) self-energy     233.13105566 pruned by (A73-LYS,40)     -24.04482286.
  Rotamer (A73-LYD, 6) self-energy       1.03718714 pruned by (A73-LYS,40)     -24.04482286.
  Rotamer (A73-LYD,17) self-energy   20661.29755533 pruned by (A73-LYS,40)     -24.04482286.
  Rotamer (A73-LYD,18) self-energy      38.15625808 pruned by (A73-LYS,40)     -24.04482286.
  Rotamer (A73-LYD,20) self-energy     340.21101960 pruned by (A73-LYS,40)     -24.04482286.
  Rotamer (A73-LYD,21) self-energy      23.07574421 pruned by (A73-LYS,40)     -24.04482286.
  Rotamer (A73-LYD,22) self-energy      36.29131846 pruned by (A73-LYS,40)     -24.04482286.
  Rotamer (A73-LYD,25) self-energy     252.58757689 pruned by (A73-LYS,40)     -24.04482286.
  Rotamer (A73-LYD,26) self-energy     215.37772034 pruned by (A73-LYS,40)     -24.04482286.
  Rotamer (A73-LYD,27) self-energy    1253.18301207 pruned by (A73-LYS,40)     -24.04482286.
  Rotamer (A73-LYD,28) self-energy      26.24545368 pruned by (A73-LYS,40)     -24.04482286.
  Rotamer (A73-LYS,30) self-energy      45.90485956 pruned by (A73-LYS,40)     -24.04482286.
  Rotamer (A73-LYS,32) self-energy     221.17269668 pruned by (A73-LYS,40)     -24.04482286.
  Rotamer (A73-LYS,44) self-energy   20656.95707163 pruned by (A73-LYS,40)     -24.04482286.
  Rotamer (A73-LYS,45) self-energy      31.32622202 pruned by (A73-LYS,40)     -24.04482286.
  Rotamer (A73-LYS,47) self-energy     431.77621704 pruned by (A73-LYS,40)     -24.04482286.
  Rotamer (A73-LYS,48) self-energy      11.44662061 pruned by (A73-LYS,40)     -24.04482286.
  Rotamer (A73-LYS,49) self-energy      26.03002141 pruned by (A73-LYS,40)     -24.04482286.
  Rotamer (A73-LYS,52) self-energy     244.85591166 pruned by (A73-LYS,40)     -24.04482286.
  Rotamer (A73-LYS,53) self-energy     210.24196112 pruned by (A73-LYS,40)     -24.04482286.
  Rotamer (A73-LYS,54) self-energy    2101.40180669 pruned by (A73-LYS,40)     -24.04482286.
  Rotamer (A73-LYS,55) self-energy      42.70976262 pruned by (A73-LYS,40)     -24.04482286.
  Rotamer (A75-GLH, 1) self-energy      57.46436766 pruned by (A75-GLU,41)     -17.99529463.
  Rotamer (A75-GLH, 2) self-energy      53.67453500 pruned by (A75-GLU,41)     -17.99529463.
  Rotamer (A75-GLH, 3) self-energy      68.26534465 pruned by (A75-GLU,41)     -17.99529463.
  Rotamer (A75-GLH, 4) self-energy      53.41931710 pruned by (A75-GLU,41)     -17.99529463.
  Rotamer (A75-GLH, 5) self-energy      51.86901724 pruned by (A75-GLU,41)     -17.99529463.
  Rotamer (A75-GLH, 6) self-energy      54.25380548 pruned by (A75-GLU,41)     -17.99529463.
  Rotamer (A75-GLH, 7) self-energy      55.22926757 pruned by (A75-GLU,41)     -17.99529463.
  Rotamer (A75-GLH, 8) self-energy      48.77386282 pruned by (A75-GLU,41)     -17.99529463.
  Rotamer (A75-GLH, 9) self-energy      48.22835761 pruned by (A75-GLU,41)     -17.99529463.
  Rotamer (A75-GLH,10) self-energy      56.98261686 pruned by (A75-GLU,41)     -17.99529463.
  Rotamer (A75-GLH,11) self-energy     121.51578404 pruned by (A75-GLU,41)     -17.99529463.
  Rotamer (A75-GLH,12) self-energy      55.78148984 pruned by (A75-GLU,41)     -17.99529463.
  Rotamer (A75-GLH,13) self-energy      54.84745929 pruned by (A75-GLU,41)     -17.99529463.
  Rotamer (A75-GLH,14) self-energy      64.99451880 pruned by (A75-GLU,41)     -17.99529463.
  Rotamer (A75-GLH,15) self-energy      59.87148659 pruned by (A75-GLU,41)     -17.99529463.
  Rotamer (A75-GLH,16) self-energy      52.06235679 pruned by (A75-GLU,41)     -17.99529463.
  Rotamer (A75-GLH,17) self-energy      50.82385789 pruned by (A75-GLU,41)     -17.99529463.
  Rotamer (A75-GLH,18) self-energy      57.69722337 pruned by (A75-GLU,41)     -17.99529463.
  Rotamer (A75-GLH,19) self-energy      71.99722955 pruned by (A75-GLU,41)     -17.99529463.
  Rotamer (A75-GLH,20) self-energy      57.33113998 pruned by (A75-GLU,41)     -17.99529463.
  Rotamer (A75-GLH,21) self-energy      55.64119081 pruned by (A75-GLU,41)     -17.99529463.
  Rotamer (A75-GLH,22) self-energy      58.25734403 pruned by (A75-GLU,41)     -17.99529463.
  Rotamer (A75-GLH,23) self-energy      59.00910436 pruned by (A75-GLU,41)     -17.99529463.
  Rotamer (A75-GLH,24) self-energy      52.50912426 pruned by (A75-GLU,41)     -17.99529463.
  Rotamer (A75-GLH,25) self-energy      52.76495922 pruned by (A75-GLU,41)     -17.99529463.
  Rotamer (A75-GLH,26) self-energy      75.49521937 pruned by (A75-GLU,41)     -17.99529463.
  Rotamer (A75-GLH,27) self-energy     172.72672893 pruned by (A75-GLU,41)     -17.99529463.
  Rotamer (A75-GLH,28) self-energy      73.87006199 pruned by (A75-GLU,41)     -17.99529463.
  Rotamer (A75-GLH,29) self-energy      72.54190726 pruned by (A75-GLU,41)     -17.99529463.
  Rotamer (A75-GLH,30) self-energy      94.65312737 pruned by (A75-GLU,41)     -17.99529463.
  Rotamer (A75-GLH,31) self-energy      93.26892802 pruned by (A75-GLU,41)     -17.99529463.
  Rotamer (A75-GLH,32) self-energy      70.24285685 pruned by (A75-GLU,41)     -17.99529463.
  Rotamer (A75-GLH,33) self-energy      65.51290563 pruned by (A75-GLU,41)     -17.99529463.
  Rotamer (A76-GLH, 1) self-energy      59.76130955 pruned by (A76-GLU, 0)     -16.67207832.
  Rotamer (A76-GLH, 2) self-energy      64.19854474 pruned by (A76-GLU, 0)     -16.67207832.
  Rotamer (A76-GLH, 3) self-energy      87.95064320 pruned by (A76-GLU, 0)     -16.67207832.
  Rotamer (A76-GLH, 4) self-energy      52.54994931 pruned by (A76-GLU, 0)     -16.67207832.
  Rotamer (A76-GLH, 5) self-energy      88.21856422 pruned by (A76-GLU, 0)     -16.67207832.
  Rotamer (A76-GLH, 6) self-energy     994.59879332 pruned by (A76-GLU, 0)     -16.67207832.
  Rotamer (A76-GLH, 7) self-energy      56.74002461 pruned by (A76-GLU, 0)     -16.67207832.
  Rotamer (A76-GLH, 8) self-energy      48.64502900 pruned by (A76-GLU, 0)     -16.67207832.
  Rotamer (A76-GLH, 9) self-energy      50.51718085 pruned by (A76-GLU, 0)     -16.67207832.
  Rotamer (A76-GLH,10) self-energy      67.37031087 pruned by (A76-GLU, 0)     -16.67207832.
  Rotamer (A76-GLH,11) self-energy     164.82923798 pruned by (A76-GLU, 0)     -16.67207832.
  Rotamer (A76-GLH,12) self-energy      55.02257768 pruned by (A76-GLU, 0)     -16.67207832.
  Rotamer (A76-GLH,13) self-energy     143.16690123 pruned by (A76-GLU, 0)     -16.67207832.
  Rotamer (A76-GLH,14) self-energy    1849.39160701 pruned by (A76-GLU, 0)     -16.67207832.
  Rotamer (A76-GLH,15) self-energy      62.24306895 pruned by (A76-GLU, 0)     -16.67207832.
  Rotamer (A76-GLH,16) self-energy      52.86696538 pruned by (A76-GLU, 0)     -16.67207832.
  Rotamer (A76-GLH,17) self-energy      53.05657736 pruned by (A76-GLU, 0)     -16.67207832.
  Rotamer (A76-GLH,18) self-energy      68.12772670 pruned by (A76-GLU, 0)     -16.67207832.
  Rotamer (A76-GLH,19) self-energy      90.94072570 pruned by (A76-GLU, 0)     -16.67207832.
  Rotamer (A76-GLH,20) self-energy      57.47688764 pruned by (A76-GLU, 0)     -16.67207832.
  Rotamer (A76-GLH,21) self-energy      88.42575672 pruned by (A76-GLU, 0)     -16.67207832.
  Rotamer (A76-GLH,22) self-energy     992.41051722 pruned by (A76-GLU, 0)     -16.67207832.
  Rotamer (A76-GLH,23) self-energy      60.37051331 pruned by (A76-GLU, 0)     -16.67207832.
  Rotamer (A76-GLH,24) self-energy      52.28237320 pruned by (A76-GLU, 0)     -16.67207832.
  Rotamer (A76-GLH,25) self-energy      55.04603819 pruned by (A76-GLU, 0)     -16.67207832.
  Rotamer (A76-GLH,26) self-energy      85.51627891 pruned by (A76-GLU, 0)     -16.67207832.
  Rotamer (A76-GLH,27) self-energy     219.87875208 pruned by (A76-GLU, 0)     -16.67207832.
  Rotamer (A76-GLH,28) self-energy      73.17463813 pruned by (A76-GLU, 0)     -16.67207832.
  Rotamer (A76-GLH,29) self-energy     158.52129826 pruned by (A76-GLU, 0)     -16.67207832.
  Rotamer (A76-GLH,30) self-energy     750.32099453 pruned by (A76-GLU, 0)     -16.67207832.
  Rotamer (A76-GLH,31) self-energy      97.80585304 pruned by (A76-GLU, 0)     -16.67207832.
  Rotamer (A76-GLH,32) self-energy      70.50456119 pruned by (A76-GLU, 0)     -16.67207832.
  Rotamer (A76-GLH,33) self-energy      68.07469991 pruned by (A76-GLU, 0)     -16.67207832.
  Rotamer (A76-GLU,35) self-energy      20.92553535 pruned by (A76-GLU, 0)     -16.67207832.
  Rotamer (A76-GLU,37) self-energy      58.00428700 pruned by (A76-GLU, 0)     -16.67207832.
  Rotamer (A76-GLU,38) self-energy    1254.79970784 pruned by (A76-GLU, 0)     -16.67207832.
  Rotamer (A92-CYS, 3) self-energy      37.44495443 pruned by (A92-CYD, 1)     -10.91279923.
  Rotamer (A92-CYS, 6) self-energy      37.44495443 pruned by (A92-CYD, 1)     -10.91279923.
  Rotamer (A92-CYD, 9) self-energy      39.47998248 pruned by (A92-CYD, 1)     -10.91279923.
  Rotamer (A94-HIS, 3) self-energy    5311.16238787 pruned by (A94-HIE, 2)     -30.44762826.
  Rotamer (A94-HIS, 4) self-energy   19184.20446875 pruned by (A94-HIE, 2)     -30.44762826.
  Rotamer (A94-HIS, 5) self-energy    1627.34917573 pruned by (A94-HIE, 2)     -30.44762826.
  Rotamer (A94-HIS, 6) self-energy   10308.36171925 pruned by (A94-HIE, 2)     -30.44762826.
  Rotamer (A94-HIS, 7) self-energy   16388.84111187 pruned by (A94-HIE, 2)     -30.44762826.
  Rotamer (A94-HIS, 8) self-energy       1.60837081 pruned by (A94-HIE, 2)     -30.44762826.
  Rotamer (A94-HIS, 9) self-energy      -0.98658641 pruned by (A94-HIE, 2)     -30.44762826.
  Rotamer (A94-HIS,10) self-energy       4.52370459 pruned by (A94-HIE, 2)     -30.44762826.
  Rotamer (A94-HID,11) self-energy    5495.68658810 pruned by (A94-HIE, 2)     -30.44762826.
  Rotamer (A94-HID,12) self-energy   13552.61418634 pruned by (A94-HIE, 2)     -30.44762826.
  Rotamer (A94-HID,13) self-energy    1514.02601155 pruned by (A94-HIE, 2)     -30.44762826.
  Rotamer (A94-HID,14) self-energy   10514.81270556 pruned by (A94-HIE, 2)     -30.44762826.
  Rotamer (A94-HID,15) self-energy   12079.52588518 pruned by (A94-HIE, 2)     -30.44762826.
  Rotamer (A94-HIE,19) self-energy    5240.16548204 pruned by (A94-HIE, 2)     -30.44762826.
  Rotamer (A94-HIE,20) self-energy   22205.75320139 pruned by (A94-HIE, 2)     -30.44762826.
  Rotamer (A94-HIE,21) self-energy    1504.99365141 pruned by (A94-HIE, 2)     -30.44762826.
  Rotamer (A94-HIE,22) self-energy    7958.24857388 pruned by (A94-HIE, 2)     -30.44762826.
  Rotamer (A94-HIE,23) self-energy   12762.61025670 pruned by (A94-HIE, 2)     -30.44762826.
  Rotamer (A97-GLH, 1) self-energy      58.23714808 pruned by (A97-GLU, 0)     -14.92254579.
  Rotamer (A97-GLH, 2) self-energy     219.59859137 pruned by (A97-GLU, 0)     -14.92254579.
  Rotamer (A97-GLH, 3) self-energy    2982.11019857 pruned by (A97-GLU, 0)     -14.92254579.
  Rotamer (A97-GLH, 4) self-energy      52.91276304 pruned by (A97-GLU, 0)     -14.92254579.
  Rotamer (A97-GLH, 5) self-energy      56.05639599 pruned by (A97-GLU, 0)     -14.92254579.
  Rotamer (A97-GLH, 6) self-energy     135.68958224 pruned by (A97-GLU, 0)     -14.92254579.
  Rotamer (A97-GLH, 7) self-energy    3680.87787562 pruned by (A97-GLU, 0)     -14.92254579.
  Rotamer (A97-GLH, 8) self-energy   18513.60099762 pruned by (A97-GLU, 0)     -14.92254579.
  Rotamer (A97-GLH, 9) self-energy     416.33865822 pruned by (A97-GLU, 0)     -14.92254579.
  Rotamer (A97-GLH,10) self-energy     177.38358261 pruned by (A97-GLU, 0)     -14.92254579.
  Rotamer (A97-GLH,11) self-energy    3290.84762545 pruned by (A97-GLU, 0)     -14.92254579.
  Rotamer (A97-GLH,12) self-energy      56.32184858 pruned by (A97-GLU, 0)     -14.92254579.
  Rotamer (A97-GLH,13) self-energy      55.08749794 pruned by (A97-GLU, 0)     -14.92254579.
  Rotamer (A97-GLH,14) self-energy     135.99266068 pruned by (A97-GLU, 0)     -14.92254579.
  Rotamer (A97-GLH,15) self-energy    1470.74951274 pruned by (A97-GLU, 0)     -14.92254579.
  Rotamer (A97-GLH,16) self-energy    6952.17933994 pruned by (A97-GLU, 0)     -14.92254579.
  Rotamer (A97-GLH,17) self-energy     287.69189747 pruned by (A97-GLU, 0)     -14.92254579.
  Rotamer (A97-GLH,18) self-energy     197.34513980 pruned by (A97-GLU, 0)     -14.92254579.
  Rotamer (A97-GLH,19) self-energy    1678.01983112 pruned by (A97-GLU, 0)     -14.92254579.
  Rotamer (A97-GLH,20) self-energy      57.22124175 pruned by (A97-GLU, 0)     -14.92254579.
  Rotamer (A97-GLH,21) self-energy      57.59470346 pruned by (A97-GLU, 0)     -14.92254579.
  Rotamer (A97-GLH,22) self-energy     127.10067575 pruned by (A97-GLU, 0)     -14.92254579.
  Rotamer (A97-GLH,23) self-energy    4877.47364426 pruned by (A97-GLU, 0)     -14.92254579.
  Rotamer (A97-GLH,24) self-energy  113177.16119456 pruned by (A97-GLU, 0)     -14.92254579.
  Rotamer (A97-GLH,25) self-energy     459.21140796 pruned by (A97-GLU, 0)     -14.92254579.
  Rotamer (A97-GLH,26) self-energy     195.16035997 pruned by (A97-GLU, 0)     -14.92254579.
  Rotamer (A97-GLH,27) self-energy    3295.84704024 pruned by (A97-GLU, 0)     -14.92254579.
  Rotamer (A97-GLH,28) self-energy      76.40749093 pruned by (A97-GLU, 0)     -14.92254579.
  Rotamer (A97-GLH,29) self-energy      73.74383090 pruned by (A97-GLU, 0)     -14.92254579.
  Rotamer (A97-GLH,30) self-energy     163.27483034 pruned by (A97-GLU, 0)     -14.92254579.
  Rotamer (A97-GLH,31) self-energy    1176.64098781 pruned by (A97-GLU, 0)     -14.92254579.
  Rotamer (A97-GLH,32) self-energy    6968.84210311 pruned by (A97-GLU, 0)     -14.92254579.
  Rotamer (A97-GLH,33) self-energy     302.62022411 pruned by (A97-GLU, 0)     -14.92254579.
  Rotamer (A97-GLU,34) self-energy     124.59080630 pruned by (A97-GLU, 0)     -14.92254579.
  Rotamer (A97-GLU,35) self-energy    2742.50365677 pruned by (A97-GLU, 0)     -14.92254579.
  Rotamer (A97-GLU,38) self-energy      85.09696790 pruned by (A97-GLU, 0)     -14.92254579.
  Rotamer (A97-GLU,39) self-energy    3041.03291662 pruned by (A97-GLU, 0)     -14.92254579.
  Rotamer (A97-GLU,40) self-energy    6212.53395979 pruned by (A97-GLU, 0)     -14.92254579.
  Rotamer (A97-GLU,41) self-energy     249.82831987 pruned by (A97-GLU, 0)     -14.92254579.
  Rotamer (A101-GLH, 1) self-energy      60.36226489 pruned by (A101-GLU, 0)     -15.11995186.
  Rotamer (A101-GLH, 2) self-energy      79.14232407 pruned by (A101-GLU, 0)     -15.11995186.
  Rotamer (A101-GLH, 3) self-energy   45383.59760937 pruned by (A101-GLU, 0)     -15.11995186.
  Rotamer (A101-GLH, 4) self-energy      56.63802422 pruned by (A101-GLU, 0)     -15.11995186.
  Rotamer (A101-GLH, 5) self-energy      56.21572498 pruned by (A101-GLU, 0)     -15.11995186.
  Rotamer (A101-GLH, 6) self-energy     338.91627319 pruned by (A101-GLU, 0)     -15.11995186.
  Rotamer (A101-GLH, 7) self-energy    9891.37519724 pruned by (A101-GLU, 0)     -15.11995186.
  Rotamer (A101-GLH, 8) self-energy      58.35331512 pruned by (A101-GLU, 0)     -15.11995186.
  Rotamer (A101-GLH, 9) self-energy      55.10669919 pruned by (A101-GLU, 0)     -15.11995186.
  Rotamer (A101-GLH,10) self-energy      87.06666962 pruned by (A101-GLU, 0)     -15.11995186.
  Rotamer (A101-GLH,11) self-energy   59141.12407488 pruned by (A101-GLU, 0)     -15.11995186.
  Rotamer (A101-GLH,12) self-energy      59.08550764 pruned by (A101-GLU, 0)     -15.11995186.
  Rotamer (A101-GLH,13) self-energy      62.09591196 pruned by (A101-GLU, 0)     -15.11995186.
  Rotamer (A101-GLH,14) self-energy     364.88344790 pruned by (A101-GLU, 0)     -15.11995186.
  Rotamer (A101-GLH,15) self-energy   50429.71510808 pruned by (A101-GLU, 0)     -15.11995186.
  Rotamer (A101-GLH,16) self-energy      74.16814687 pruned by (A101-GLU, 0)     -15.11995186.
  Rotamer (A101-GLH,17) self-energy      57.66384835 pruned by (A101-GLU, 0)     -15.11995186.
  Rotamer (A101-GLH,18) self-energy     113.43870989 pruned by (A101-GLU, 0)     -15.11995186.
  Rotamer (A101-GLH,19) self-energy   40208.64947683 pruned by (A101-GLU, 0)     -15.11995186.
  Rotamer (A101-GLH,20) self-energy      60.64278301 pruned by (A101-GLU, 0)     -15.11995186.
  Rotamer (A101-GLH,21) self-energy      59.80744719 pruned by (A101-GLU, 0)     -15.11995186.
  Rotamer (A101-GLH,22) self-energy     342.07376736 pruned by (A101-GLU, 0)     -15.11995186.
  Rotamer (A101-GLH,23) self-energy    9893.29921788 pruned by (A101-GLU, 0)     -15.11995186.
  Rotamer (A101-GLH,24) self-energy      59.82147587 pruned by (A101-GLU, 0)     -15.11995186.
  Rotamer (A101-GLH,25) self-energy      59.84118280 pruned by (A101-GLU, 0)     -15.11995186.
  Rotamer (A101-GLH,26) self-energy      95.46098917 pruned by (A101-GLU, 0)     -15.11995186.
  Rotamer (A101-GLH,27) self-energy   59038.32824224 pruned by (A101-GLU, 0)     -15.11995186.
  Rotamer (A101-GLH,28) self-energy      77.47232097 pruned by (A101-GLU, 0)     -15.11995186.
  Rotamer (A101-GLH,29) self-energy      74.77715599 pruned by (A101-GLU, 0)     -15.11995186.
  Rotamer (A101-GLH,30) self-energy     264.33862507 pruned by (A101-GLU, 0)     -15.11995186.
  Rotamer (A101-GLH,31) self-energy    2715.01052113 pruned by (A101-GLU, 0)     -15.11995186.
  Rotamer (A101-GLH,32) self-energy      76.35508517 pruned by (A101-GLU, 0)     -15.11995186.
  Rotamer (A101-GLH,33) self-energy      72.43586494 pruned by (A101-GLU, 0)     -15.11995186.
  Rotamer (A101-GLU,34) self-energy      13.47362239 pruned by (A101-GLU, 0)     -15.11995186.
  Rotamer (A101-GLU,35) self-energy   56597.36157989 pruned by (A101-GLU, 0)     -15.11995186.
  Rotamer (A101-GLU,38) self-energy     333.62056052 pruned by (A101-GLU, 0)     -15.11995186.
  Rotamer (A101-GLU,39) self-energy   12378.16905216 pruned by (A101-GLU, 0)     -15.11995186.
  Rotamer (A103-LYD, 2) self-energy       5.72644348 pruned by (A103-LYS, 0)     -22.56921972.
  Rotamer (A103-LYD, 3) self-energy       6.20021171 pruned by (A103-LYS, 0)     -22.56921972.
  Rotamer (A103-LYD, 4) self-energy       3.91538775 pruned by (A103-LYS, 0)     -22.56921972.
  Rotamer (A103-LYD, 5) self-energy       5.69246154 pruned by (A103-LYS, 0)     -22.56921972.
  Rotamer (A103-LYD, 6) self-energy       5.54229430 pruned by (A103-LYS, 0)     -22.56921972.
  Rotamer (A103-LYD, 8) self-energy       5.95744037 pruned by (A103-LYS, 0)     -22.56921972.
  Rotamer (A103-LYD,17) self-energy       6.09067561 pruned by (A103-LYS, 0)     -22.56921972.
  Rotamer (A103-LYD,18) self-energy      36.60014909 pruned by (A103-LYS, 0)     -22.56921972.
  Rotamer (A103-LYS,45) self-energy      29.65816965 pruned by (A103-LYS, 0)     -22.56921972.
  Rotamer (A115-GLH, 1) self-energy      60.10185205 pruned by (A115-GLU, 0)     -19.28623928.
  Rotamer (A115-GLH, 2) self-energy      52.08532622 pruned by (A115-GLU, 0)     -19.28623928.
  Rotamer (A115-GLH, 3) self-energy      62.28626362 pruned by (A115-GLU, 0)     -19.28623928.
  Rotamer (A115-GLH, 4) self-energy     339.61080629 pruned by (A115-GLU, 0)     -19.28623928.
  Rotamer (A115-GLH, 5) self-energy      55.55864259 pruned by (A115-GLU, 0)     -19.28623928.
  Rotamer (A115-GLH, 6) self-energy      53.47876621 pruned by (A115-GLU, 0)     -19.28623928.
  Rotamer (A115-GLH, 7) self-energy     793.44419976 pruned by (A115-GLU, 0)     -19.28623928.
  Rotamer (A115-GLH, 8) self-energy      65.61135563 pruned by (A115-GLU, 0)     -19.28623928.
  Rotamer (A115-GLH, 9) self-energy     566.70006147 pruned by (A115-GLU, 0)     -19.28623928.
  Rotamer (A115-GLH,10) self-energy      62.78978362 pruned by (A115-GLU, 0)     -19.28623928.
  Rotamer (A115-GLH,11) self-energy      80.51242512 pruned by (A115-GLU, 0)     -19.28623928.
  Rotamer (A115-GLH,12) self-energy    1218.24677157 pruned by (A115-GLU, 0)     -19.28623928.
  Rotamer (A115-GLH,13) self-energy      59.44734995 pruned by (A115-GLU, 0)     -19.28623928.
  Rotamer (A115-GLH,14) self-energy      62.65763460 pruned by (A115-GLU, 0)     -19.28623928.
  Rotamer (A115-GLH,15) self-energy     262.44237157 pruned by (A115-GLU, 0)     -19.28623928.
  Rotamer (A115-GLH,16) self-energy      61.94405546 pruned by (A115-GLU, 0)     -19.28623928.
  Rotamer (A115-GLH,17) self-energy     955.70704254 pruned by (A115-GLU, 0)     -19.28623928.
  Rotamer (A115-GLH,18) self-energy      55.44313403 pruned by (A115-GLU, 0)     -19.28623928.
  Rotamer (A115-GLH,19) self-energy      65.67945464 pruned by (A115-GLU, 0)     -19.28623928.
  Rotamer (A115-GLH,20) self-energy     345.94319773 pruned by (A115-GLU, 0)     -19.28623928.
  Rotamer (A115-GLH,21) self-energy      65.45962342 pruned by (A115-GLU, 0)     -19.28623928.
  Rotamer (A115-GLH,22) self-energy      59.45171443 pruned by (A115-GLU, 0)     -19.28623928.
  Rotamer (A115-GLH,23) self-energy     280.89091671 pruned by (A115-GLU, 0)     -19.28623928.
  Rotamer (A115-GLH,24) self-energy      79.73840693 pruned by (A115-GLU, 0)     -19.28623928.
  Rotamer (A115-GLH,25) self-energy     754.63307090 pruned by (A115-GLU, 0)     -19.28623928.
  Rotamer (A115-GLH,26) self-energy      74.10763943 pruned by (A115-GLU, 0)     -19.28623928.
  Rotamer (A115-GLH,27) self-energy     112.01799448 pruned by (A115-GLU, 0)     -19.28623928.
  Rotamer (A115-GLH,28) self-energy     228.02103276 pruned by (A115-GLU, 0)     -19.28623928.
  Rotamer (A115-GLH,29) self-energy      73.40596096 pruned by (A115-GLU, 0)     -19.28623928.
  Rotamer (A115-GLH,30) self-energy      92.89872946 pruned by (A115-GLU, 0)     -19.28623928.
  Rotamer (A115-GLH,31) self-energy     292.99347565 pruned by (A115-GLU, 0)     -19.28623928.
  Rotamer (A115-GLH,32) self-energy      72.82301617 pruned by (A115-GLU, 0)     -19.28623928.
  Rotamer (A115-GLH,33) self-energy     305.12472484 pruned by (A115-GLU, 0)     -19.28623928.
  Rotamer (A115-GLU,36) self-energy     317.30536020 pruned by (A115-GLU, 0)     -19.28623928.
  Rotamer (A115-GLU,39) self-energy     190.19925719 pruned by (A115-GLU, 0)     -19.28623928.
  Rotamer (A115-GLU,41) self-energy     331.44271152 pruned by (A115-GLU, 0)     -19.28623928.
  Rotamer (A116-LYD, 9) self-energy       7.45819459 pruned by (A116-LYS, 0)     -18.67970234.
  Rotamer (A116-LYD,12) self-energy      21.53018160 pruned by (A116-LYS, 0)     -18.67970234.
  Rotamer (A116-LYD,15) self-energy     114.92713791 pruned by (A116-LYS, 0)     -18.67970234.
  Rotamer (A116-LYD,16) self-energy    5442.81969103 pruned by (A116-LYS, 0)     -18.67970234.
  Rotamer (A116-LYD,17) self-energy     561.40002779 pruned by (A116-LYS, 0)     -18.67970234.
  Rotamer (A116-LYD,18) self-energy      92.40655111 pruned by (A116-LYS, 0)     -18.67970234.
  Rotamer (A116-LYD,19) self-energy      81.27070860 pruned by (A116-LYS, 0)     -18.67970234.
  Rotamer (A116-LYD,20) self-energy    6745.82377519 pruned by (A116-LYS, 0)     -18.67970234.
  Rotamer (A116-LYD,21) self-energy      68.24868437 pruned by (A116-LYS, 0)     -18.67970234.
  Rotamer (A116-LYD,22) self-energy     315.47959684 pruned by (A116-LYS, 0)     -18.67970234.
  Rotamer (A116-LYD,25) self-energy     315.60764078 pruned by (A116-LYS, 0)     -18.67970234.
  Rotamer (A116-LYD,26) self-energy     522.77557134 pruned by (A116-LYS, 0)     -18.67970234.
  Rotamer (A116-LYD,27) self-energy     145.63730319 pruned by (A116-LYS, 0)     -18.67970234.
  Rotamer (A116-LYD,28) self-energy    1219.94984060 pruned by (A116-LYS, 0)     -18.67970234.
  Rotamer (A116-LYS,30) self-energy    2686.43849250 pruned by (A116-LYS, 0)     -18.67970234.
  Rotamer (A116-LYS,36) self-energy      15.29477933 pruned by (A116-LYS, 0)     -18.67970234.
  Rotamer (A116-LYS,39) self-energy      12.27361848 pruned by (A116-LYS, 0)     -18.67970234.
  Rotamer (A116-LYS,42) self-energy     104.18086225 pruned by (A116-LYS, 0)     -18.67970234.
  Rotamer (A116-LYS,43) self-energy    5593.37942641 pruned by (A116-LYS, 0)     -18.67970234.
  Rotamer (A116-LYS,44) self-energy     569.82336049 pruned by (A116-LYS, 0)     -18.67970234.
  Rotamer (A116-LYS,45) self-energy      86.21668675 pruned by (A116-LYS, 0)     -18.67970234.
  Rotamer (A116-LYS,46) self-energy      88.89080536 pruned by (A116-LYS, 0)     -18.67970234.
  Rotamer (A116-LYS,47) self-energy    6480.75359941 pruned by (A116-LYS, 0)     -18.67970234.
  Rotamer (A116-LYS,48) self-energy      54.82965424 pruned by (A116-LYS, 0)     -18.67970234.
  Rotamer (A116-LYS,49) self-energy     790.16017082 pruned by (A116-LYS, 0)     -18.67970234.
  Rotamer (A116-LYS,52) self-energy     301.50197202 pruned by (A116-LYS, 0)     -18.67970234.
  Rotamer (A116-LYS,53) self-energy   18047.23021823 pruned by (A116-LYS, 0)     -18.67970234.
  Rotamer (A116-LYS,54) self-energy     137.61706896 pruned by (A116-LYS, 0)     -18.67970234.
  Rotamer (A116-LYS,55) self-energy    1193.56132691 pruned by (A116-LYS, 0)     -18.67970234.
  Rotamer (A120-LYD, 2) self-energy      83.21526815 pruned by (A120-LYS,48)     -20.68439319.
  Rotamer (A120-LYD, 3) self-energy   28625.08374044 pruned by (A120-LYS,48)     -20.68439319.
  Rotamer (A120-LYD, 4) self-energy   15866.83376805 pruned by (A120-LYS,48)     -20.68439319.
  Rotamer (A120-LYD, 5) self-energy    8209.08731909 pruned by (A120-LYS,48)     -20.68439319.
  Rotamer (A120-LYD, 6) self-energy    1842.64857847 pruned by (A120-LYS,48)     -20.68439319.
  Rotamer (A120-LYD, 7) self-energy   16438.99790522 pruned by (A120-LYS,48)     -20.68439319.
  Rotamer (A120-LYD, 8) self-energy   21207.39041227 pruned by (A120-LYS,48)     -20.68439319.
  Rotamer (A120-LYD, 9) self-energy   27597.67751249 pruned by (A120-LYS,48)     -20.68439319.
  Rotamer (A120-LYD,10) self-energy    9876.75306309 pruned by (A120-LYS,48)     -20.68439319.
  Rotamer (A120-LYD,11) self-energy    1583.53181010 pruned by (A120-LYS,48)     -20.68439319.
  Rotamer (A120-LYD,12) self-energy    1610.22232361 pruned by (A120-LYS,48)     -20.68439319.
  Rotamer (A120-LYD,13) self-energy    1321.39957033 pruned by (A120-LYS,48)     -20.68439319.
  Rotamer (A120-LYD,14) self-energy    3607.95309397 pruned by (A120-LYS,48)     -20.68439319.
  Rotamer (A120-LYD,15) self-energy     273.38835466 pruned by (A120-LYS,48)     -20.68439319.
  Rotamer (A120-LYD,16) self-energy     272.57995557 pruned by (A120-LYS,48)     -20.68439319.
  Rotamer (A120-LYD,17) self-energy       7.11378178 pruned by (A120-LYS,48)     -20.68439319.
  Rotamer (A120-LYD,18) self-energy      70.88489558 pruned by (A120-LYS,48)     -20.68439319.
  Rotamer (A120-LYD,19) self-energy       7.74375574 pruned by (A120-LYS,48)     -20.68439319.
  Rotamer (A120-LYD,20) self-energy      49.41950739 pruned by (A120-LYS,48)     -20.68439319.
  Rotamer (A120-LYD,24) self-energy     175.62923843 pruned by (A120-LYS,48)     -20.68439319.
  Rotamer (A120-LYD,28) self-energy      42.96745409 pruned by (A120-LYS,48)     -20.68439319.
  Rotamer (A120-LYS,29) self-energy      76.20632666 pruned by (A120-LYS,48)     -20.68439319.
  Rotamer (A120-LYS,31) self-energy   16016.25527344 pruned by (A120-LYS,48)     -20.68439319.
  Rotamer (A120-LYS,32) self-energy    8187.20290467 pruned by (A120-LYS,48)     -20.68439319.
  Rotamer (A120-LYS,33) self-energy    1867.64147084 pruned by (A120-LYS,48)     -20.68439319.
  Rotamer (A120-LYS,34) self-energy   17280.53534563 pruned by (A120-LYS,48)     -20.68439319.
  Rotamer (A120-LYS,35) self-energy   21403.17227532 pruned by (A120-LYS,48)     -20.68439319.
  Rotamer (A120-LYS,36) self-energy   27505.18971125 pruned by (A120-LYS,48)     -20.68439319.
  Rotamer (A120-LYS,37) self-energy    9940.34408400 pruned by (A120-LYS,48)     -20.68439319.
  Rotamer (A120-LYS,38) self-energy    1652.38890914 pruned by (A120-LYS,48)     -20.68439319.
  Rotamer (A120-LYS,39) self-energy    2318.95237496 pruned by (A120-LYS,48)     -20.68439319.
  Rotamer (A120-LYS,40) self-energy    1325.61602386 pruned by (A120-LYS,48)     -20.68439319.
  Rotamer (A120-LYS,41) self-energy    3610.65362314 pruned by (A120-LYS,48)     -20.68439319.
  Rotamer (A120-LYS,42) self-energy     280.42172807 pruned by (A120-LYS,48)     -20.68439319.
  Rotamer (A120-LYS,43) self-energy     270.13885922 pruned by (A120-LYS,48)     -20.68439319.
  Rotamer (A120-LYS,45) self-energy      73.92064011 pruned by (A120-LYS,48)     -20.68439319.
  Rotamer (A120-LYS,47) self-energy      42.02965251 pruned by (A120-LYS,48)     -20.68439319.
  Rotamer (A120-LYS,51) self-energy     186.46062126 pruned by (A120-LYS,48)     -20.68439319.
  Rotamer (A120-LYS,55) self-energy      38.97441519 pruned by (A120-LYS,48)     -20.68439319.
  Rotamer (A121-CYS, 2) self-energy      40.03433781 pruned by (A121-CYD, 1)      -7.02125993.
  Rotamer (A121-CYS, 4) self-energy      33.74174136 pruned by (A121-CYD, 1)      -7.02125993.
  Rotamer (A121-CYS, 5) self-energy      40.03433781 pruned by (A121-CYD, 1)      -7.02125993.
  Rotamer (A121-CYS, 7) self-energy      33.74174136 pruned by (A121-CYD, 1)      -7.02125993.
  Rotamer (A121-CYD, 8) self-energy      23.09759655 pruned by (A121-CYD, 1)      -7.02125993.
  Rotamer (A128-LYD, 3) self-energy       5.99653321 pruned by (A128-LYS,48)     -21.57411500.
  Rotamer (A128-LYD,17) self-energy       6.43585692 pruned by (A128-LYS,48)     -21.57411500.
  Rotamer (A128-LYD,18) self-energy      36.92832432 pruned by (A128-LYS,48)     -21.57411500.
  Rotamer (A128-LYS,45) self-energy      29.80206461 pruned by (A128-LYS,48)     -21.57411500.
  Rotamer (A129-GLH, 1) self-energy      53.90500105 pruned by (A129-GLU,34)     -13.05881345.
  Rotamer (A129-GLH, 2) self-energy      49.60141971 pruned by (A129-GLU,34)     -13.05881345.
  Rotamer (A129-GLH, 3) self-energy      58.14078044 pruned by (A129-GLU,34)     -13.05881345.
  Rotamer (A129-GLH, 4) self-energy    8932.90533106 pruned by (A129-GLU,34)     -13.05881345.
  Rotamer (A129-GLH, 5) self-energy      91.57442485 pruned by (A129-GLU,34)     -13.05881345.
  Rotamer (A129-GLH, 6) self-energy      77.01229124 pruned by (A129-GLU,34)     -13.05881345.
  Rotamer (A129-GLH, 7) self-energy     167.36009630 pruned by (A129-GLU,34)     -13.05881345.
  Rotamer (A129-GLH, 8) self-energy     204.55908286 pruned by (A129-GLU,34)     -13.05881345.
  Rotamer (A129-GLH, 9) self-energy *     1.1270e+06 pruned by (A129-GLU,34)     -13.05881345.
  Rotamer (A129-GLH,10) self-energy      52.39770300 pruned by (A129-GLU,34)     -13.05881345.
  Rotamer (A129-GLH,11) self-energy      92.74064266 pruned by (A129-GLU,34)     -13.05881345.
  Rotamer (A129-GLH,12) self-energy   13179.20882918 pruned by (A129-GLU,34)     -13.05881345.
  Rotamer (A129-GLH,13) self-energy      93.33274243 pruned by (A129-GLU,34)     -13.05881345.
  Rotamer (A129-GLH,14) self-energy      85.26828961 pruned by (A129-GLU,34)     -13.05881345.
  Rotamer (A129-GLH,15) self-energy     117.72838969 pruned by (A129-GLU,34)     -13.05881345.
  Rotamer (A129-GLH,16) self-energy     229.39277427 pruned by (A129-GLU,34)     -13.05881345.
  Rotamer (A129-GLH,17) self-energy   53133.81444457 pruned by (A129-GLU,34)     -13.05881345.
  Rotamer (A129-GLH,18) self-energy      53.52732497 pruned by (A129-GLU,34)     -13.05881345.
  Rotamer (A129-GLH,19) self-energy      61.82643504 pruned by (A129-GLU,34)     -13.05881345.
  Rotamer (A129-GLH,20) self-energy    7761.01039366 pruned by (A129-GLU,34)     -13.05881345.
  Rotamer (A129-GLH,21) self-energy      95.16057172 pruned by (A129-GLU,34)     -13.05881345.
  Rotamer (A129-GLH,22) self-energy      80.90510266 pruned by (A129-GLU,34)     -13.05881345.
  Rotamer (A129-GLH,23) self-energy     206.08452780 pruned by (A129-GLU,34)     -13.05881345.
  Rotamer (A129-GLH,24) self-energy     181.39322274 pruned by (A129-GLU,34)     -13.05881345.
  Rotamer (A129-GLH,25) self-energy *     1.1275e+06 pruned by (A129-GLU,34)     -13.05881345.
  Rotamer (A129-GLH,26) self-energy      71.23096690 pruned by (A129-GLU,34)     -13.05881345.
  Rotamer (A129-GLH,27) self-energy     129.11111901 pruned by (A129-GLU,34)     -13.05881345.
  Rotamer (A129-GLH,28) self-energy   11056.19349160 pruned by (A129-GLU,34)     -13.05881345.
  Rotamer (A129-GLH,29) self-energy     111.17113949 pruned by (A129-GLU,34)     -13.05881345.
  Rotamer (A129-GLH,30) self-energy     114.75941367 pruned by (A129-GLU,34)     -13.05881345.
  Rotamer (A129-GLH,31) self-energy     149.81432741 pruned by (A129-GLU,34)     -13.05881345.
  Rotamer (A129-GLH,32) self-energy     247.48159179 pruned by (A129-GLU,34)     -13.05881345.
  Rotamer (A129-GLH,33) self-energy   52752.32750704 pruned by (A129-GLU,34)     -13.05881345.
  Rotamer (A129-GLU,36) self-energy    8114.62001836 pruned by (A129-GLU,34)     -13.05881345.
  Rotamer (A129-GLU,37) self-energy      30.00766790 pruned by (A129-GLU,34)     -13.05881345.
  Rotamer (A129-GLU,38) self-energy      14.84984261 pruned by (A129-GLU,34)     -13.05881345.
  Rotamer (A129-GLU,39) self-energy      53.71180897 pruned by (A129-GLU,34)     -13.05881345.
  Rotamer (A129-GLU,40) self-energy     170.14486575 pruned by (A129-GLU,34)     -13.05881345.
  Rotamer (A129-GLU,41) self-energy *     1.5156e+06 pruned by (A129-GLU,34)     -13.05881345.
  Rotamer (A130-GLH, 1) self-energy      54.81898926 pruned by (A130-GLU, 0)     -14.39974406.
  Rotamer (A130-GLH, 2) self-energy      51.48340511 pruned by (A130-GLU, 0)     -14.39974406.
  Rotamer (A130-GLH, 3) self-energy      58.08873748 pruned by (A130-GLU, 0)     -14.39974406.
  Rotamer (A130-GLH, 4) self-energy      63.09901026 pruned by (A130-GLU, 0)     -14.39974406.
  Rotamer (A130-GLH, 5) self-energy      60.50888396 pruned by (A130-GLU, 0)     -14.39974406.
  Rotamer (A130-GLH, 6) self-energy      76.11990867 pruned by (A130-GLU, 0)     -14.39974406.
  Rotamer (A130-GLH, 7) self-energy      52.89842278 pruned by (A130-GLU, 0)     -14.39974406.
  Rotamer (A130-GLH, 8) self-energy      49.49108430 pruned by (A130-GLU, 0)     -14.39974406.
  Rotamer (A130-GLH, 9) self-energy      50.67580189 pruned by (A130-GLU, 0)     -14.39974406.
  Rotamer (A130-GLH,10) self-energy      54.80565641 pruned by (A130-GLU, 0)     -14.39974406.
  Rotamer (A130-GLH,11) self-energy      82.72936503 pruned by (A130-GLU, 0)     -14.39974406.
  Rotamer (A130-GLH,12) self-energy      65.32524221 pruned by (A130-GLU, 0)     -14.39974406.
  Rotamer (A130-GLH,13) self-energy      63.48941648 pruned by (A130-GLU, 0)     -14.39974406.
  Rotamer (A130-GLH,14) self-energy      88.75661792 pruned by (A130-GLU, 0)     -14.39974406.
  Rotamer (A130-GLH,15) self-energy      57.88424401 pruned by (A130-GLU, 0)     -14.39974406.
  Rotamer (A130-GLH,16) self-energy      52.78773577 pruned by (A130-GLU, 0)     -14.39974406.
  Rotamer (A130-GLH,17) self-energy      53.23870462 pruned by (A130-GLU, 0)     -14.39974406.
  Rotamer (A130-GLH,18) self-energy      55.44156975 pruned by (A130-GLU, 0)     -14.39974406.
  Rotamer (A130-GLH,19) self-energy      61.77490040 pruned by (A130-GLU, 0)     -14.39974406.
  Rotamer (A130-GLH,20) self-energy      66.85336669 pruned by (A130-GLU, 0)     -14.39974406.
  Rotamer (A130-GLH,21) self-energy      64.14663906 pruned by (A130-GLU, 0)     -14.39974406.
  Rotamer (A130-GLH,22) self-energy      80.02469074 pruned by (A130-GLU, 0)     -14.39974406.
  Rotamer (A130-GLH,23) self-energy      56.54271983 pruned by (A130-GLU, 0)     -14.39974406.
  Rotamer (A130-GLH,24) self-energy      53.18271194 pruned by (A130-GLU, 0)     -14.39974406.
  Rotamer (A130-GLH,25) self-energy      55.15302124 pruned by (A130-GLU, 0)     -14.39974406.
  Rotamer (A130-GLH,26) self-energy      73.03883271 pruned by (A130-GLU, 0)     -14.39974406.
  Rotamer (A130-GLH,27) self-energy     111.36187137 pruned by (A130-GLU, 0)     -14.39974406.
  Rotamer (A130-GLH,28) self-energy      83.34606628 pruned by (A130-GLU, 0)     -14.39974406.
  Rotamer (A130-GLH,29) self-energy      80.94835438 pruned by (A130-GLU, 0)     -14.39974406.
  Rotamer (A130-GLH,30) self-energy     118.46498642 pruned by (A130-GLU, 0)     -14.39974406.
  Rotamer (A130-GLH,31) self-energy      89.72969028 pruned by (A130-GLU, 0)     -14.39974406.
  Rotamer (A130-GLH,32) self-energy      70.69861390 pruned by (A130-GLU, 0)     -14.39974406.
  Rotamer (A130-GLH,33) self-energy      67.63667731 pruned by (A130-GLU, 0)     -14.39974406.
  Rotamer (A130-GLU,38) self-energy      17.49645475 pruned by (A130-GLU, 0)     -14.39974406.
  Rotamer (A131-LYD,17) self-energy      45.42020975 pruned by (A131-LYS,40)     -21.91242108.
  Rotamer (A131-LYD,18) self-energy      38.38010507 pruned by (A131-LYS,40)     -21.91242108.
  Rotamer (A131-LYS,44) self-energy      35.32881908 pruned by (A131-LYS,40)     -21.91242108.
  Rotamer (A131-LYS,45) self-energy      30.93817615 pruned by (A131-LYS,40)     -21.91242108.
  Rotamer (A132-GLH, 1) self-energy      55.96491341 pruned by (A132-GLU, 0)     -15.53845891.
  Rotamer (A132-GLH, 2) self-energy      49.15720220 pruned by (A132-GLU, 0)     -15.53845891.
  Rotamer (A132-GLH, 3) self-energy      58.37085574 pruned by (A132-GLU, 0)     -15.53845891.
  Rotamer (A132-GLH, 4) self-energy   17107.82357907 pruned by (A132-GLU, 0)     -15.53845891.
  Rotamer (A132-GLH, 5) self-energy     183.34388561 pruned by (A132-GLU, 0)     -15.53845891.
  Rotamer (A132-GLH, 6) self-energy     475.60815536 pruned by (A132-GLU, 0)     -15.53845891.
  Rotamer (A132-GLH, 7) self-energy     163.25463045 pruned by (A132-GLU, 0)     -15.53845891.
  Rotamer (A132-GLH, 8) self-energy     939.69164998 pruned by (A132-GLU, 0)     -15.53845891.
  Rotamer (A132-GLH, 9) self-energy    3581.91422994 pruned by (A132-GLU, 0)     -15.53845891.
  Rotamer (A132-GLH,10) self-energy      58.43706000 pruned by (A132-GLU, 0)     -15.53845891.
  Rotamer (A132-GLH,11) self-energy      92.43142883 pruned by (A132-GLU, 0)     -15.53845891.
  Rotamer (A132-GLH,12) self-energy   69219.45398810 pruned by (A132-GLU, 0)     -15.53845891.
  Rotamer (A132-GLH,13) self-energy     166.07848673 pruned by (A132-GLU, 0)     -15.53845891.
  Rotamer (A132-GLH,14) self-energy     715.57276866 pruned by (A132-GLU, 0)     -15.53845891.
  Rotamer (A132-GLH,15) self-energy     144.63792431 pruned by (A132-GLU, 0)     -15.53845891.
  Rotamer (A132-GLH,16) self-energy     928.26119152 pruned by (A132-GLU, 0)     -15.53845891.
  Rotamer (A132-GLH,17) self-energy    1894.33867302 pruned by (A132-GLU, 0)     -15.53845891.
  Rotamer (A132-GLH,18) self-energy      53.02772182 pruned by (A132-GLU, 0)     -15.53845891.
  Rotamer (A132-GLH,19) self-energy      62.17704866 pruned by (A132-GLU, 0)     -15.53845891.
  Rotamer (A132-GLH,20) self-energy   15930.31183887 pruned by (A132-GLU, 0)     -15.53845891.
  Rotamer (A132-GLH,21) self-energy     223.36602087 pruned by (A132-GLU, 0)     -15.53845891.
  Rotamer (A132-GLH,22) self-energy     802.45625047 pruned by (A132-GLU, 0)     -15.53845891.
  Rotamer (A132-GLH,23) self-energy     744.51575683 pruned by (A132-GLU, 0)     -15.53845891.
  Rotamer (A132-GLH,24) self-energy    2837.72589528 pruned by (A132-GLU, 0)     -15.53845891.
  Rotamer (A132-GLH,25) self-energy    3588.02392937 pruned by (A132-GLU, 0)     -15.53845891.
  Rotamer (A132-GLH,26) self-energy      75.81024486 pruned by (A132-GLU, 0)     -15.53845891.
  Rotamer (A132-GLH,27) self-energy     127.37279395 pruned by (A132-GLU, 0)     -15.53845891.
  Rotamer (A132-GLH,28) self-energy   66421.13862327 pruned by (A132-GLU, 0)     -15.53845891.
  Rotamer (A132-GLH,29) self-energy     183.28649180 pruned by (A132-GLU, 0)     -15.53845891.
  Rotamer (A132-GLH,30) self-energy     737.67887230 pruned by (A132-GLU, 0)     -15.53845891.
  Rotamer (A132-GLH,31) self-energy     176.93388997 pruned by (A132-GLU, 0)     -15.53845891.
  Rotamer (A132-GLH,32) self-energy     941.97892748 pruned by (A132-GLU, 0)     -15.53845891.
  Rotamer (A132-GLH,33) self-energy    1835.01770762 pruned by (A132-GLU, 0)     -15.53845891.
  Rotamer (A132-GLU,36) self-energy   45196.69724138 pruned by (A132-GLU, 0)     -15.53845891.
  Rotamer (A132-GLU,37) self-energy     122.87637803 pruned by (A132-GLU, 0)     -15.53845891.
  Rotamer (A132-GLU,38) self-energy     661.98132893 pruned by (A132-GLU, 0)     -15.53845891.
  Rotamer (A132-GLU,39) self-energy      89.01121416 pruned by (A132-GLU, 0)     -15.53845891.
  Rotamer (A132-GLU,40) self-energy     983.50003093 pruned by (A132-GLU, 0)     -15.53845891.
  Rotamer (A132-GLU,41) self-energy    3589.38736744 pruned by (A132-GLU, 0)     -15.53845891.
  Rotamer (A136-GLH, 1) self-energy      57.05895229 pruned by (A136-GLU, 0)     -15.40065562.
  Rotamer (A136-GLH, 2) self-energy      54.20458647 pruned by (A136-GLU, 0)     -15.40065562.
  Rotamer (A136-GLH, 3) self-energy      65.61119912 pruned by (A136-GLU, 0)     -15.40065562.
  Rotamer (A136-GLH, 4) self-energy      55.48262595 pruned by (A136-GLU, 0)     -15.40065562.
  Rotamer (A136-GLH, 5) self-energy      53.31512145 pruned by (A136-GLU, 0)     -15.40065562.
  Rotamer (A136-GLH, 6) self-energy      55.73321103 pruned by (A136-GLU, 0)     -15.40065562.
  Rotamer (A136-GLH, 7) self-energy      56.12454303 pruned by (A136-GLU, 0)     -15.40065562.
  Rotamer (A136-GLH, 8) self-energy      50.27213862 pruned by (A136-GLU, 0)     -15.40065562.
  Rotamer (A136-GLH, 9) self-energy      51.93288753 pruned by (A136-GLU, 0)     -15.40065562.
  Rotamer (A136-GLH,10) self-energy      57.48827060 pruned by (A136-GLU, 0)     -15.40065562.
  Rotamer (A136-GLH,11) self-energy     100.57445013 pruned by (A136-GLU, 0)     -15.40065562.
  Rotamer (A136-GLH,12) self-energy      57.94250599 pruned by (A136-GLU, 0)     -15.40065562.
  Rotamer (A136-GLH,13) self-energy      56.29766095 pruned by (A136-GLU, 0)     -15.40065562.
  Rotamer (A136-GLH,14) self-energy      67.94253060 pruned by (A136-GLU, 0)     -15.40065562.
  Rotamer (A136-GLH,15) self-energy      60.88532750 pruned by (A136-GLU, 0)     -15.40065562.
  Rotamer (A136-GLH,16) self-energy      53.58648769 pruned by (A136-GLU, 0)     -15.40065562.
  Rotamer (A136-GLH,17) self-energy      54.70408269 pruned by (A136-GLU, 0)     -15.40065562.
  Rotamer (A136-GLH,18) self-energy      58.18889438 pruned by (A136-GLU, 0)     -15.40065562.
  Rotamer (A136-GLH,19) self-energy      69.35859583 pruned by (A136-GLU, 0)     -15.40065562.
  Rotamer (A136-GLH,20) self-energy      59.46608043 pruned by (A136-GLU, 0)     -15.40065562.
  Rotamer (A136-GLH,21) self-energy      57.07685200 pruned by (A136-GLU, 0)     -15.40065562.
  Rotamer (A136-GLH,22) self-energy      59.65624725 pruned by (A136-GLU, 0)     -15.40065562.
  Rotamer (A136-GLH,23) self-energy      60.06703415 pruned by (A136-GLU, 0)     -15.40065562.
  Rotamer (A136-GLH,24) self-energy      54.00994695 pruned by (A136-GLU, 0)     -15.40065562.
  Rotamer (A136-GLH,25) self-energy      56.53728178 pruned by (A136-GLU, 0)     -15.40065562.
  Rotamer (A136-GLH,26) self-energy      76.00340531 pruned by (A136-GLU, 0)     -15.40065562.
  Rotamer (A136-GLH,27) self-energy     147.53512667 pruned by (A136-GLU, 0)     -15.40065562.
  Rotamer (A136-GLH,28) self-energy      76.29448970 pruned by (A136-GLU, 0)     -15.40065562.
  Rotamer (A136-GLH,29) self-energy      73.94593255 pruned by (A136-GLU, 0)     -15.40065562.
  Rotamer (A136-GLH,30) self-energy      96.42661065 pruned by (A136-GLU, 0)     -15.40065562.
  Rotamer (A136-GLH,31) self-energy      92.80874503 pruned by (A136-GLU, 0)     -15.40065562.
  Rotamer (A136-GLH,32) self-energy      71.72950929 pruned by (A136-GLU, 0)     -15.40065562.
  Rotamer (A136-GLH,33) self-energy      69.46432782 pruned by (A136-GLU, 0)     -15.40065562.
  Rotamer (A137-ASH, 1) self-energy      61.64536226 pruned by (A137-ASP, 0)     -20.42134707.
  Rotamer (A137-ASH, 2) self-energy      84.71844203 pruned by (A137-ASP, 0)     -20.42134707.
  Rotamer (A137-ASH, 3) self-energy      92.58539775 pruned by (A137-ASP, 0)     -20.42134707.
  Rotamer (A137-ASH, 4) self-energy      64.24650339 pruned by (A137-ASP, 0)     -20.42134707.
  Rotamer (A137-ASH, 5) self-energy      60.20234497 pruned by (A137-ASP, 0)     -20.42134707.
  Rotamer (A137-ASH, 6) self-energy      58.33538445 pruned by (A137-ASP, 0)     -20.42134707.
  Rotamer (A137-ASH, 7) self-energy     165.61262369 pruned by (A137-ASP, 0)     -20.42134707.
  Rotamer (A137-ASH, 8) self-energy     154.93314171 pruned by (A137-ASP, 0)     -20.42134707.
  Rotamer (A137-ASH, 9) self-energy      69.16888703 pruned by (A137-ASP, 0)     -20.42134707.
  Rotamer (A137-ASH,10) self-energy      59.19231012 pruned by (A137-ASP, 0)     -20.42134707.
  Rotamer (A137-ASH,11) self-energy      61.92057671 pruned by (A137-ASP, 0)     -20.42134707.
  Rotamer (A137-ASH,12) self-energy      89.36595558 pruned by (A137-ASP, 0)     -20.42134707.
  Rotamer (A137-ASH,13) self-energy      97.87843011 pruned by (A137-ASP, 0)     -20.42134707.
  Rotamer (A137-ASH,14) self-energy      69.09968328 pruned by (A137-ASP, 0)     -20.42134707.
  Rotamer (A137-ASH,15) self-energy      68.11175294 pruned by (A137-ASP, 0)     -20.42134707.
  Rotamer (A137-ASH,16) self-energy      63.52073913 pruned by (A137-ASP, 0)     -20.42134707.
  Rotamer (A137-ASH,17) self-energy     464.10397943 pruned by (A137-ASP, 0)     -20.42134707.
  Rotamer (A137-ASH,18) self-energy     356.99442322 pruned by (A137-ASP, 0)     -20.42134707.
  Rotamer (A137-ASH,19) self-energy      99.08603128 pruned by (A137-ASP, 0)     -20.42134707.
  Rotamer (A137-ASH,20) self-energy      64.57717025 pruned by (A137-ASP, 0)     -20.42134707.
  Rotamer (A137-ASH,21) self-energy      82.96513805 pruned by (A137-ASP, 0)     -20.42134707.
  Rotamer (A137-ASP,22) self-energy      14.41288985 pruned by (A137-ASP, 0)     -20.42134707.
  Rotamer (A137-ASP,23) self-energy      24.84960542 pruned by (A137-ASP, 0)     -20.42134707.
  Rotamer (A141-LYD, 2) self-energy      73.27371610 pruned by (A141-LYS,31)     -22.18125844.
  Rotamer (A141-LYD, 7) self-energy      60.79184127 pruned by (A141-LYS,31)     -22.18125844.
  Rotamer (A141-LYD, 8) self-energy      54.45085773 pruned by (A141-LYS,31)     -22.18125844.
  Rotamer (A141-LYD, 9) self-energy      26.82437867 pruned by (A141-LYS,31)     -22.18125844.
  Rotamer (A141-LYD,10) self-energy      11.29885227 pruned by (A141-LYS,31)     -22.18125844.
  Rotamer (A141-LYD,14) self-energy      57.37814308 pruned by (A141-LYS,31)     -22.18125844.
  Rotamer (A141-LYD,16) self-energy      39.34765392 pruned by (A141-LYS,31)     -22.18125844.
  Rotamer (A141-LYD,17) self-energy    2002.55246178 pruned by (A141-LYS,31)     -22.18125844.
  Rotamer (A141-LYD,18) self-energy     126.10345583 pruned by (A141-LYS,31)     -22.18125844.
  Rotamer (A141-LYD,19) self-energy      81.65188825 pruned by (A141-LYS,31)     -22.18125844.
  Rotamer (A141-LYD,20) self-energy    1747.55908204 pruned by (A141-LYS,31)     -22.18125844.
  Rotamer (A141-LYD,21) self-energy     161.02262764 pruned by (A141-LYS,31)     -22.18125844.
  Rotamer (A141-LYD,22) self-energy     277.02665009 pruned by (A141-LYS,31)     -22.18125844.
  Rotamer (A141-LYD,23) self-energy     464.43531799 pruned by (A141-LYS,31)     -22.18125844.
  Rotamer (A141-LYD,24) self-energy   13704.25919154 pruned by (A141-LYS,31)     -22.18125844.
  Rotamer (A141-LYD,25) self-energy    3145.13429253 pruned by (A141-LYS,31)     -22.18125844.
  Rotamer (A141-LYD,26) self-energy   17274.60301645 pruned by (A141-LYS,31)     -22.18125844.
  Rotamer (A141-LYD,27) self-energy    8971.47361137 pruned by (A141-LYS,31)     -22.18125844.
  Rotamer (A141-LYD,28) self-energy    3497.63829766 pruned by (A141-LYS,31)     -22.18125844.
  Rotamer (A141-LYS,29) self-energy      62.07466217 pruned by (A141-LYS,31)     -22.18125844.
  Rotamer (A141-LYS,30) self-energy     169.24390078 pruned by (A141-LYS,31)     -22.18125844.
  Rotamer (A141-LYS,34) self-energy      51.78383132 pruned by (A141-LYS,31)     -22.18125844.
  Rotamer (A141-LYS,35) self-energy      51.64851014 pruned by (A141-LYS,31)     -22.18125844.
  Rotamer (A141-LYS,36) self-energy      15.54444119 pruned by (A141-LYS,31)     -22.18125844.
  Rotamer (A141-LYS,41) self-energy      57.57094480 pruned by (A141-LYS,31)     -22.18125844.
  Rotamer (A141-LYS,43) self-energy      28.43513692 pruned by (A141-LYS,31)     -22.18125844.
  Rotamer (A141-LYS,44) self-energy    1992.44490711 pruned by (A141-LYS,31)     -22.18125844.
  Rotamer (A141-LYS,45) self-energy     119.06345536 pruned by (A141-LYS,31)     -22.18125844.
  Rotamer (A141-LYS,46) self-energy      70.02512460 pruned by (A141-LYS,31)     -22.18125844.
  Rotamer (A141-LYS,47) self-energy    1829.77216886 pruned by (A141-LYS,31)     -22.18125844.
  Rotamer (A141-LYS,48) self-energy     149.20271177 pruned by (A141-LYS,31)     -22.18125844.
  Rotamer (A141-LYS,49) self-energy     290.51669663 pruned by (A141-LYS,31)     -22.18125844.
  Rotamer (A141-LYS,50) self-energy     452.57819467 pruned by (A141-LYS,31)     -22.18125844.
  Rotamer (A141-LYS,51) self-energy   18477.78857279 pruned by (A141-LYS,31)     -22.18125844.
  Rotamer (A141-LYS,52) self-energy    3136.53314731 pruned by (A141-LYS,31)     -22.18125844.
  Rotamer (A141-LYS,53) self-energy  814966.80309619 pruned by (A141-LYS,31)     -22.18125844.
  Rotamer (A141-LYS,54) self-energy    8970.51685389 pruned by (A141-LYS,31)     -22.18125844.
  Rotamer (A141-LYS,55) self-energy   49070.75598052 pruned by (A141-LYS,31)     -22.18125844.
  Rotamer (A147-GLH, 1) self-energy      52.73116482 pruned by (A147-GLU, 0)     -18.37998807.
  Rotamer (A147-GLH, 2) self-energy      48.21354427 pruned by (A147-GLU, 0)     -18.37998807.
  Rotamer (A147-GLH, 3) self-energy      58.24012140 pruned by (A147-GLU, 0)     -18.37998807.
  Rotamer (A147-GLH, 4) self-energy     852.44935094 pruned by (A147-GLU, 0)     -18.37998807.
  Rotamer (A147-GLH, 5) self-energy    5750.16587842 pruned by (A147-GLU, 0)     -18.37998807.
  Rotamer (A147-GLH, 6) self-energy     832.19933446 pruned by (A147-GLU, 0)     -18.37998807.
  Rotamer (A147-GLH, 7) self-energy   58787.82154468 pruned by (A147-GLU, 0)     -18.37998807.
  Rotamer (A147-GLH, 8) self-energy     886.84551258 pruned by (A147-GLU, 0)     -18.37998807.
  Rotamer (A147-GLH, 9) self-energy   24069.61931374 pruned by (A147-GLU, 0)     -18.37998807.
  Rotamer (A147-GLH,10) self-energy      57.70683694 pruned by (A147-GLU, 0)     -18.37998807.
  Rotamer (A147-GLH,11) self-energy      72.89639818 pruned by (A147-GLU, 0)     -18.37998807.
  Rotamer (A147-GLH,12) self-energy    1101.06399088 pruned by (A147-GLU, 0)     -18.37998807.
  Rotamer (A147-GLH,13) self-energy    2158.33323212 pruned by (A147-GLU, 0)     -18.37998807.
  Rotamer (A147-GLH,14) self-energy     270.91924858 pruned by (A147-GLU, 0)     -18.37998807.
  Rotamer (A147-GLH,15) self-energy    4500.04354491 pruned by (A147-GLU, 0)     -18.37998807.
  Rotamer (A147-GLH,16) self-energy     765.73353579 pruned by (A147-GLU, 0)     -18.37998807.
  Rotamer (A147-GLH,17) self-energy    2560.04330653 pruned by (A147-GLU, 0)     -18.37998807.
  Rotamer (A147-GLH,18) self-energy      51.81250828 pruned by (A147-GLU, 0)     -18.37998807.
  Rotamer (A147-GLH,19) self-energy      62.05084747 pruned by (A147-GLU, 0)     -18.37998807.
  Rotamer (A147-GLH,20) self-energy    1101.31120327 pruned by (A147-GLU, 0)     -18.37998807.
  Rotamer (A147-GLH,21) self-energy   15205.56031094 pruned by (A147-GLU, 0)     -18.37998807.
  Rotamer (A147-GLH,22) self-energy   12461.70365720 pruned by (A147-GLU, 0)     -18.37998807.
  Rotamer (A147-GLH,23) self-energy   61202.30272436 pruned by (A147-GLU, 0)     -18.37998807.
  Rotamer (A147-GLH,24) self-energy    1040.88919272 pruned by (A147-GLU, 0)     -18.37998807.
  Rotamer (A147-GLH,25) self-energy    4626.69845915 pruned by (A147-GLU, 0)     -18.37998807.
  Rotamer (A147-GLH,26) self-energy      71.96636066 pruned by (A147-GLU, 0)     -18.37998807.
  Rotamer (A147-GLH,27) self-energy     105.86928591 pruned by (A147-GLU, 0)     -18.37998807.
  Rotamer (A147-GLH,28) self-energy    1000.48848062 pruned by (A147-GLU, 0)     -18.37998807.
  Rotamer (A147-GLH,29) self-energy    2173.87156343 pruned by (A147-GLU, 0)     -18.37998807.
  Rotamer (A147-GLH,30) self-energy     290.77746299 pruned by (A147-GLU, 0)     -18.37998807.
  Rotamer (A147-GLH,31) self-energy    4509.32437266 pruned by (A147-GLU, 0)     -18.37998807.
  Rotamer (A147-GLH,32) self-energy     771.29091289 pruned by (A147-GLU, 0)     -18.37998807.
  Rotamer (A147-GLH,33) self-energy    2469.24475545 pruned by (A147-GLU, 0)     -18.37998807.
  Rotamer (A147-GLU,36) self-energy     934.69787596 pruned by (A147-GLU, 0)     -18.37998807.
  Rotamer (A147-GLU,37) self-energy    4944.49600775 pruned by (A147-GLU, 0)     -18.37998807.
  Rotamer (A147-GLU,38) self-energy     323.76379042 pruned by (A147-GLU, 0)     -18.37998807.
  Rotamer (A147-GLU,39) self-energy   11937.46446461 pruned by (A147-GLU, 0)     -18.37998807.
  Rotamer (A147-GLU,40) self-energy    1119.56473894 pruned by (A147-GLU, 0)     -18.37998807.
  Rotamer (A147-GLU,41) self-energy    3072.33065067 pruned by (A147-GLU, 0)     -18.37998807.
  Rotamer (A148-ASH, 1) self-energy      59.69760292 pruned by (A148-ASP, 0)     -20.35544878.
  Rotamer (A148-ASH, 2) self-energy      99.10482473 pruned by (A148-ASP, 0)     -20.35544878.
  Rotamer (A148-ASH, 3) self-energy     125.35759723 pruned by (A148-ASP, 0)     -20.35544878.
  Rotamer (A148-ASH, 4) self-energy      56.02969469 pruned by (A148-ASP, 0)     -20.35544878.
  Rotamer (A148-ASH, 5) self-energy      56.15249671 pruned by (A148-ASP, 0)     -20.35544878.
  Rotamer (A148-ASH, 6) self-energy      55.92819787 pruned by (A148-ASP, 0)     -20.35544878.
  Rotamer (A148-ASH, 7) self-energy     208.92962358 pruned by (A148-ASP, 0)     -20.35544878.
  Rotamer (A148-ASH, 8) self-energy     191.46410262 pruned by (A148-ASP, 0)     -20.35544878.
  Rotamer (A148-ASH, 9) self-energy      58.96318224 pruned by (A148-ASP, 0)     -20.35544878.
  Rotamer (A148-ASH,10) self-energy      56.24214622 pruned by (A148-ASP, 0)     -20.35544878.
  Rotamer (A148-ASH,11) self-energy      59.85725845 pruned by (A148-ASP, 0)     -20.35544878.
  Rotamer (A148-ASH,12) self-energy      98.57257064 pruned by (A148-ASP, 0)     -20.35544878.
  Rotamer (A148-ASH,13) self-energy     112.64229392 pruned by (A148-ASP, 0)     -20.35544878.
  Rotamer (A148-ASH,14) self-energy      61.19582706 pruned by (A148-ASP, 0)     -20.35544878.
  Rotamer (A148-ASH,15) self-energy      62.42374503 pruned by (A148-ASP, 0)     -20.35544878.
  Rotamer (A148-ASH,16) self-energy      61.09135860 pruned by (A148-ASP, 0)     -20.35544878.
  Rotamer (A148-ASH,17) self-energy     346.45679861 pruned by (A148-ASP, 0)     -20.35544878.
  Rotamer (A148-ASH,18) self-energy    1013.86442592 pruned by (A148-ASP, 0)     -20.35544878.
  Rotamer (A148-ASH,19) self-energy      81.07968782 pruned by (A148-ASP, 0)     -20.35544878.
  Rotamer (A148-ASH,20) self-energy      61.71556911 pruned by (A148-ASP, 0)     -20.35544878.
  Rotamer (A148-ASH,21) self-energy      81.01972071 pruned by (A148-ASP, 0)     -20.35544878.
  Rotamer (A148-ASP,22) self-energy      27.94482651 pruned by (A148-ASP, 0)     -20.35544878.
  Rotamer (A148-ASP,23) self-energy      42.98796641 pruned by (A148-ASP, 0)     -20.35544878.
  Rotamer (A150-LYD, 2) self-energy   10846.69358407 pruned by (A150-LYS,48)     -18.44820027.
  Rotamer (A150-LYD, 3) self-energy   93747.73535700 pruned by (A150-LYS,48)     -18.44820027.
  Rotamer (A150-LYD, 4) self-energy  226616.84768849 pruned by (A150-LYS,48)     -18.44820027.
  Rotamer (A150-LYD, 5) self-energy   53672.70839975 pruned by (A150-LYS,48)     -18.44820027.
  Rotamer (A150-LYD, 6) self-energy    4530.82272666 pruned by (A150-LYS,48)     -18.44820027.
  Rotamer (A150-LYD, 7) self-energy       8.32173953 pruned by (A150-LYS,48)     -18.44820027.
  Rotamer (A150-LYD, 9) self-energy       7.16992763 pruned by (A150-LYS,48)     -18.44820027.
  Rotamer (A150-LYD,10) self-energy    1728.64436382 pruned by (A150-LYS,48)     -18.44820027.
  Rotamer (A150-LYD,11) self-energy    1486.63011757 pruned by (A150-LYS,48)     -18.44820027.
  Rotamer (A150-LYD,12) self-energy      23.46898442 pruned by (A150-LYS,48)     -18.44820027.
  Rotamer (A150-LYD,13) self-energy      23.35989280 pruned by (A150-LYS,48)     -18.44820027.
  Rotamer (A150-LYD,14) self-energy      47.16361860 pruned by (A150-LYS,48)     -18.44820027.
  Rotamer (A150-LYD,15) self-energy      23.55173125 pruned by (A150-LYS,48)     -18.44820027.
  Rotamer (A150-LYD,16) self-energy      25.68397904 pruned by (A150-LYS,48)     -18.44820027.
  Rotamer (A150-LYD,17) self-energy      15.47884642 pruned by (A150-LYS,48)     -18.44820027.
  Rotamer (A150-LYD,18) self-energy      40.71169964 pruned by (A150-LYS,48)     -18.44820027.
  Rotamer (A150-LYD,23) self-energy    3142.07656975 pruned by (A150-LYS,48)     -18.44820027.
  Rotamer (A150-LYD,24) self-energy     110.68235740 pruned by (A150-LYS,48)     -18.44820027.
  Rotamer (A150-LYS,29) self-energy   14573.56881955 pruned by (A150-LYS,48)     -18.44820027.
  Rotamer (A150-LYS,31) self-energy  226288.60601906 pruned by (A150-LYS,48)     -18.44820027.
  Rotamer (A150-LYS,32) self-energy   53819.04725728 pruned by (A150-LYS,48)     -18.44820027.
  Rotamer (A150-LYS,33) self-energy    4557.27834065 pruned by (A150-LYS,48)     -18.44820027.
  Rotamer (A150-LYS,37) self-energy    1717.96718564 pruned by (A150-LYS,48)     -18.44820027.
  Rotamer (A150-LYS,38) self-energy    1483.38701740 pruned by (A150-LYS,48)     -18.44820027.
  Rotamer (A150-LYS,39) self-energy      13.39331429 pruned by (A150-LYS,48)     -18.44820027.
  Rotamer (A150-LYS,40) self-energy      12.54941441 pruned by (A150-LYS,48)     -18.44820027.
  Rotamer (A150-LYS,41) self-energy      77.64510225 pruned by (A150-LYS,48)     -18.44820027.
  Rotamer (A150-LYS,42) self-energy      11.68246034 pruned by (A150-LYS,48)     -18.44820027.
  Rotamer (A150-LYS,43) self-energy      14.01929007 pruned by (A150-LYS,48)     -18.44820027.
  Rotamer (A150-LYS,44) self-energy       6.55432073 pruned by (A150-LYS,48)     -18.44820027.
  Rotamer (A150-LYS,45) self-energy      43.49510712 pruned by (A150-LYS,48)     -18.44820027.
  Rotamer (A150-LYS,50) self-energy    3161.83119890 pruned by (A150-LYS,48)     -18.44820027.
  Rotamer (A150-LYS,51) self-energy      98.26316263 pruned by (A150-LYS,48)     -18.44820027.
  Rotamer (A159-GLH, 1) self-energy      52.98009720 pruned by (A159-GLU, 0)     -15.25355352.
  Rotamer (A159-GLH, 2) self-energy     125.69621156 pruned by (A159-GLU, 0)     -15.25355352.
  Rotamer (A159-GLH, 3) self-energy    2786.08986202 pruned by (A159-GLU, 0)     -15.25355352.
  Rotamer (A159-GLH, 4) self-energy      63.37159072 pruned by (A159-GLU, 0)     -15.25355352.
  Rotamer (A159-GLH, 5) self-energy      48.65306494 pruned by (A159-GLU, 0)     -15.25355352.
  Rotamer (A159-GLH, 6) self-energy      51.89028626 pruned by (A159-GLU, 0)     -15.25355352.
  Rotamer (A159-GLH, 7) self-energy   41631.85686023 pruned by (A159-GLU, 0)     -15.25355352.
  Rotamer (A159-GLH, 8) self-energy     153.80293763 pruned by (A159-GLU, 0)     -15.25355352.
  Rotamer (A159-GLH, 9) self-energy      84.18265880 pruned by (A159-GLU, 0)     -15.25355352.
  Rotamer (A159-GLH,10) self-energy     109.12240825 pruned by (A159-GLU, 0)     -15.25355352.
  Rotamer (A159-GLH,11) self-energy    1306.19237877 pruned by (A159-GLU, 0)     -15.25355352.
  Rotamer (A159-GLH,12) self-energy      54.67984438 pruned by (A159-GLU, 0)     -15.25355352.
  Rotamer (A159-GLH,13) self-energy      53.55206429 pruned by (A159-GLU, 0)     -15.25355352.
  Rotamer (A159-GLH,14) self-energy      70.48901862 pruned by (A159-GLU, 0)     -15.25355352.
  Rotamer (A159-GLH,15) self-energy  119735.55224837 pruned by (A159-GLU, 0)     -15.25355352.
  Rotamer (A159-GLH,16) self-energy     131.16248012 pruned by (A159-GLU, 0)     -15.25355352.
  Rotamer (A159-GLH,17) self-energy      88.81436464 pruned by (A159-GLU, 0)     -15.25355352.
  Rotamer (A159-GLH,18) self-energy     283.03422368 pruned by (A159-GLU, 0)     -15.25355352.
  Rotamer (A159-GLH,19) self-energy    6780.57251074 pruned by (A159-GLU, 0)     -15.25355352.
  Rotamer (A159-GLH,20) self-energy      67.90012633 pruned by (A159-GLU, 0)     -15.25355352.
  Rotamer (A159-GLH,21) self-energy      55.04497345 pruned by (A159-GLU, 0)     -15.25355352.
  Rotamer (A159-GLH,22) self-energy      58.04089527 pruned by (A159-GLU, 0)     -15.25355352.
  Rotamer (A159-GLH,23) self-energy   41384.24109709 pruned by (A159-GLU, 0)     -15.25355352.
  Rotamer (A159-GLH,24) self-energy     159.06263150 pruned by (A159-GLU, 0)     -15.25355352.
  Rotamer (A159-GLH,25) self-energy      90.21209572 pruned by (A159-GLU, 0)     -15.25355352.
  Rotamer (A159-GLH,26) self-energy     127.17360640 pruned by (A159-GLU, 0)     -15.25355352.
  Rotamer (A159-GLH,27) self-energy    1320.43400217 pruned by (A159-GLU, 0)     -15.25355352.
  Rotamer (A159-GLH,28) self-energy      72.42160752 pruned by (A159-GLU, 0)     -15.25355352.
  Rotamer (A159-GLH,29) self-energy      76.60186534 pruned by (A159-GLU, 0)     -15.25355352.
  Rotamer (A159-GLH,30) self-energy     100.30791461 pruned by (A159-GLU, 0)     -15.25355352.
  Rotamer (A159-GLH,31) self-energy  119680.58140023 pruned by (A159-GLU, 0)     -15.25355352.
  Rotamer (A159-GLH,32) self-energy     149.80326814 pruned by (A159-GLU, 0)     -15.25355352.
  Rotamer (A159-GLH,33) self-energy     101.94369135 pruned by (A159-GLU, 0)     -15.25355352.
  Rotamer (A159-GLU,34) self-energy      50.76106473 pruned by (A159-GLU, 0)     -15.25355352.
  Rotamer (A159-GLU,35) self-energy    2503.82134737 pruned by (A159-GLU, 0)     -15.25355352.
  Rotamer (A159-GLU,39) self-energy  387466.58316760 pruned by (A159-GLU, 0)     -15.25355352.
  Rotamer (A159-GLU,40) self-energy      87.72060893 pruned by (A159-GLU, 0)     -15.25355352.
  Rotamer (A159-GLU,41) self-energy      18.45484243 pruned by (A159-GLU, 0)     -15.25355352.
  Rotamer (A161-GLH, 1) self-energy      52.88298752 pruned by (A161-GLU, 0)     -16.22990368.
  Rotamer (A161-GLH, 2) self-energy      51.24474096 pruned by (A161-GLU, 0)     -16.22990368.
  Rotamer (A161-GLH, 3) self-energy     105.71856867 pruned by (A161-GLU, 0)     -16.22990368.
  Rotamer (A161-GLH, 4) self-energy     389.53987893 pruned by (A161-GLU, 0)     -16.22990368.
  Rotamer (A161-GLH, 5) self-energy      49.45980628 pruned by (A161-GLU, 0)     -16.22990368.
  Rotamer (A161-GLH, 6) self-energy      94.14276313 pruned by (A161-GLU, 0)     -16.22990368.
  Rotamer (A161-GLH, 7) self-energy      56.72802785 pruned by (A161-GLU, 0)     -16.22990368.
  Rotamer (A161-GLH, 8) self-energy      71.88818365 pruned by (A161-GLU, 0)     -16.22990368.
  Rotamer (A161-GLH, 9) self-energy    2656.48425412 pruned by (A161-GLU, 0)     -16.22990368.
  Rotamer (A161-GLH,10) self-energy      54.69912032 pruned by (A161-GLU, 0)     -16.22990368.
  Rotamer (A161-GLH,11) self-energy     161.73133674 pruned by (A161-GLU, 0)     -16.22990368.
  Rotamer (A161-GLH,12) self-energy    1570.80741160 pruned by (A161-GLU, 0)     -16.22990368.
  Rotamer (A161-GLH,13) self-energy      52.27700611 pruned by (A161-GLU, 0)     -16.22990368.
  Rotamer (A161-GLH,14) self-energy     105.87484267 pruned by (A161-GLU, 0)     -16.22990368.
  Rotamer (A161-GLH,15) self-energy      61.16308174 pruned by (A161-GLU, 0)     -16.22990368.
  Rotamer (A161-GLH,16) self-energy      75.45416680 pruned by (A161-GLU, 0)     -16.22990368.
  Rotamer (A161-GLH,17) self-energy    1266.08149412 pruned by (A161-GLU, 0)     -16.22990368.
  Rotamer (A161-GLH,18) self-energy      55.35185836 pruned by (A161-GLU, 0)     -16.22990368.
  Rotamer (A161-GLH,19) self-energy     107.99304010 pruned by (A161-GLU, 0)     -16.22990368.
  Rotamer (A161-GLH,20) self-energy     368.68958160 pruned by (A161-GLU, 0)     -16.22990368.
  Rotamer (A161-GLH,21) self-energy      54.90159552 pruned by (A161-GLU, 0)     -16.22990368.
  Rotamer (A161-GLH,22) self-energy      91.69162184 pruned by (A161-GLU, 0)     -16.22990368.
  Rotamer (A161-GLH,23) self-energy      60.46446088 pruned by (A161-GLU, 0)     -16.22990368.
  Rotamer (A161-GLH,24) self-energy      75.80367417 pruned by (A161-GLU, 0)     -16.22990368.
  Rotamer (A161-GLH,25) self-energy    2466.22907608 pruned by (A161-GLU, 0)     -16.22990368.
  Rotamer (A161-GLH,26) self-energy      73.29080466 pruned by (A161-GLU, 0)     -16.22990368.
  Rotamer (A161-GLH,27) self-energy     195.63616662 pruned by (A161-GLU, 0)     -16.22990368.
  Rotamer (A161-GLH,28) self-energy     912.10355248 pruned by (A161-GLU, 0)     -16.22990368.
  Rotamer (A161-GLH,29) self-energy      69.95808389 pruned by (A161-GLU, 0)     -16.22990368.
  Rotamer (A161-GLH,30) self-energy     126.82337226 pruned by (A161-GLU, 0)     -16.22990368.
  Rotamer (A161-GLH,31) self-energy      94.51472006 pruned by (A161-GLU, 0)     -16.22990368.
  Rotamer (A161-GLH,32) self-energy      93.68049261 pruned by (A161-GLU, 0)     -16.22990368.
  Rotamer (A161-GLH,33) self-energy    1224.17255369 pruned by (A161-GLU, 0)     -16.22990368.
  Rotamer (A161-GLU,35) self-energy      69.19710772 pruned by (A161-GLU, 0)     -16.22990368.
  Rotamer (A161-GLU,36) self-energy     359.31455348 pruned by (A161-GLU, 0)     -16.22990368.
  Rotamer (A161-GLU,38) self-energy      28.84201930 pruned by (A161-GLU, 0)     -16.22990368.
  Rotamer (A161-GLU,41) self-energy    2599.36008115 pruned by (A161-GLU, 0)     -16.22990368.
  Rotamer (A167-GLH, 1) self-energy      54.19641252 pruned by (A167-GLU, 0)     -15.75887071.
  Rotamer (A167-GLH, 2) self-energy    1161.48123564 pruned by (A167-GLU, 0)     -15.75887071.
  Rotamer (A167-GLH, 3) self-energy    2907.23815505 pruned by (A167-GLU, 0)     -15.75887071.
  Rotamer (A167-GLH, 4) self-energy      57.06616175 pruned by (A167-GLU, 0)     -15.75887071.
  Rotamer (A167-GLH, 5) self-energy     151.51799055 pruned by (A167-GLU, 0)     -15.75887071.
  Rotamer (A167-GLH, 6) self-energy   12347.60812580 pruned by (A167-GLU, 0)     -15.75887071.
  Rotamer (A167-GLH, 7) self-energy    1762.30373731 pruned by (A167-GLU, 0)     -15.75887071.
  Rotamer (A167-GLH, 8) self-energy      53.63240956 pruned by (A167-GLU, 0)     -15.75887071.
  Rotamer (A167-GLH, 9) self-energy      51.44295862 pruned by (A167-GLU, 0)     -15.75887071.
  Rotamer (A167-GLH,10) self-energy     811.66535185 pruned by (A167-GLU, 0)     -15.75887071.
  Rotamer (A167-GLH,11) self-energy    8750.56282375 pruned by (A167-GLU, 0)     -15.75887071.
  Rotamer (A167-GLH,12) self-energy      59.45169338 pruned by (A167-GLU, 0)     -15.75887071.
  Rotamer (A167-GLH,13) self-energy     159.59856225 pruned by (A167-GLU, 0)     -15.75887071.
  Rotamer (A167-GLH,14) self-energy    1493.40016899 pruned by (A167-GLU, 0)     -15.75887071.
  Rotamer (A167-GLH,15) self-energy   21472.45223875 pruned by (A167-GLU, 0)     -15.75887071.
  Rotamer (A167-GLH,16) self-energy      64.58110732 pruned by (A167-GLU, 0)     -15.75887071.
  Rotamer (A167-GLH,17) self-energy      54.04142646 pruned by (A167-GLU, 0)     -15.75887071.
  Rotamer (A167-GLH,18) self-energy    1111.64074144 pruned by (A167-GLU, 0)     -15.75887071.
  Rotamer (A167-GLH,19) self-energy    2769.51692894 pruned by (A167-GLU, 0)     -15.75887071.
  Rotamer (A167-GLH,20) self-energy      62.15867642 pruned by (A167-GLU, 0)     -15.75887071.
  Rotamer (A167-GLH,21) self-energy     121.39938469 pruned by (A167-GLU, 0)     -15.75887071.
  Rotamer (A167-GLH,22) self-energy   12171.88700757 pruned by (A167-GLU, 0)     -15.75887071.
  Rotamer (A167-GLH,23) self-energy     834.57433385 pruned by (A167-GLU, 0)     -15.75887071.
  Rotamer (A167-GLH,24) self-energy      57.25830062 pruned by (A167-GLU, 0)     -15.75887071.
  Rotamer (A167-GLH,25) self-energy      56.04041522 pruned by (A167-GLU, 0)     -15.75887071.
  Rotamer (A167-GLH,26) self-energy     825.97593426 pruned by (A167-GLU, 0)     -15.75887071.
  Rotamer (A167-GLH,27) self-energy    8747.59544289 pruned by (A167-GLU, 0)     -15.75887071.
  Rotamer (A167-GLH,28) self-energy      77.59251665 pruned by (A167-GLU, 0)     -15.75887071.
  Rotamer (A167-GLH,29) self-energy     161.62258423 pruned by (A167-GLU, 0)     -15.75887071.
  Rotamer (A167-GLH,30) self-energy    1479.09121804 pruned by (A167-GLU, 0)     -15.75887071.
  Rotamer (A167-GLH,31) self-energy     652.17656516 pruned by (A167-GLU, 0)     -15.75887071.
  Rotamer (A167-GLH,32) self-energy      88.41467283 pruned by (A167-GLU, 0)     -15.75887071.
  Rotamer (A167-GLH,33) self-energy      69.23980862 pruned by (A167-GLU, 0)     -15.75887071.
  Rotamer (A167-GLU,34) self-energy     961.00321087 pruned by (A167-GLU, 0)     -15.75887071.
  Rotamer (A167-GLU,35) self-energy   11685.90514756 pruned by (A167-GLU, 0)     -15.75887071.
  Rotamer (A167-GLU,37) self-energy      41.73900550 pruned by (A167-GLU, 0)     -15.75887071.
  Rotamer (A167-GLU,38) self-energy   15064.11828060 pruned by (A167-GLU, 0)     -15.75887071.
  Rotamer (A167-GLU,39) self-energy     946.89596577 pruned by (A167-GLU, 0)     -15.75887071.
  Rotamer (A170-GLH, 1) self-energy      57.15546995 pruned by (A170-GLU,41)     -17.03665014.
  Rotamer (A170-GLH, 2) self-energy      68.33239312 pruned by (A170-GLU,41)     -17.03665014.
  Rotamer (A170-GLH, 3) self-energy      89.11556103 pruned by (A170-GLU,41)     -17.03665014.
  Rotamer (A170-GLH, 4) self-energy     188.15941538 pruned by (A170-GLU,41)     -17.03665014.
  Rotamer (A170-GLH, 5) self-energy      74.45948822 pruned by (A170-GLU,41)     -17.03665014.
  Rotamer (A170-GLH, 6) self-energy     197.10088773 pruned by (A170-GLU,41)     -17.03665014.
  Rotamer (A170-GLH, 7) self-energy      55.05637694 pruned by (A170-GLU,41)     -17.03665014.
  Rotamer (A170-GLH, 8) self-energy      49.35725149 pruned by (A170-GLU,41)     -17.03665014.
  Rotamer (A170-GLH, 9) self-energy      48.95238987 pruned by (A170-GLU,41)     -17.03665014.
  Rotamer (A170-GLH,10) self-energy      71.28395489 pruned by (A170-GLU,41)     -17.03665014.
  Rotamer (A170-GLH,11) self-energy     133.48842620 pruned by (A170-GLU,41)     -17.03665014.
  Rotamer (A170-GLH,12) self-energy     176.17761675 pruned by (A170-GLU,41)     -17.03665014.
  Rotamer (A170-GLH,13) self-energy      58.53367949 pruned by (A170-GLU,41)     -17.03665014.
  Rotamer (A170-GLH,14) self-energy     127.73521670 pruned by (A170-GLU,41)     -17.03665014.
  Rotamer (A170-GLH,15) self-energy      60.08381714 pruned by (A170-GLU,41)     -17.03665014.
  Rotamer (A170-GLH,16) self-energy      52.58788785 pruned by (A170-GLU,41)     -17.03665014.
  Rotamer (A170-GLH,17) self-energy      52.41316725 pruned by (A170-GLU,41)     -17.03665014.
  Rotamer (A170-GLH,18) self-energy      72.38170190 pruned by (A170-GLU,41)     -17.03665014.
  Rotamer (A170-GLH,19) self-energy      94.87769061 pruned by (A170-GLU,41)     -17.03665014.
  Rotamer (A170-GLH,20) self-energy     169.12759982 pruned by (A170-GLU,41)     -17.03665014.
  Rotamer (A170-GLH,21) self-energy     111.10767981 pruned by (A170-GLU,41)     -17.03665014.
  Rotamer (A170-GLH,22) self-energy     123.57553629 pruned by (A170-GLU,41)     -17.03665014.
  Rotamer (A170-GLH,23) self-energy      58.68416179 pruned by (A170-GLU,41)     -17.03665014.
  Rotamer (A170-GLH,24) self-energy      53.03173944 pruned by (A170-GLU,41)     -17.03665014.
  Rotamer (A170-GLH,25) self-energy      53.38865570 pruned by (A170-GLU,41)     -17.03665014.
  Rotamer (A170-GLH,26) self-energy      90.06218462 pruned by (A170-GLU,41)     -17.03665014.
  Rotamer (A170-GLH,27) self-energy     170.66333283 pruned by (A170-GLU,41)     -17.03665014.
  Rotamer (A170-GLH,28) self-energy     193.90688975 pruned by (A170-GLU,41)     -17.03665014.
  Rotamer (A170-GLH,29) self-energy      75.99024458 pruned by (A170-GLU,41)     -17.03665014.
  Rotamer (A170-GLH,30) self-energy     156.71425907 pruned by (A170-GLU,41)     -17.03665014.
  Rotamer (A170-GLH,31) self-energy      94.40423542 pruned by (A170-GLU,41)     -17.03665014.
  Rotamer (A170-GLH,32) self-energy      71.16113419 pruned by (A170-GLU,41)     -17.03665014.
  Rotamer (A170-GLH,33) self-energy      67.30318624 pruned by (A170-GLU,41)     -17.03665014.
  Rotamer (A170-GLU,35) self-energy      24.30461321 pruned by (A170-GLU,41)     -17.03665014.
  Rotamer (A170-GLU,36) self-energy     141.22978403 pruned by (A170-GLU,41)     -17.03665014.
  Rotamer (A170-GLU,38) self-energy      48.33972290 pruned by (A170-GLU,41)     -17.03665014.
  Rotamer (A173-HIS, 3) self-energy   34982.04868013 pruned by (A173-HIE, 2)     -29.15768486.
  Rotamer (A173-HIS, 4) self-energy   61654.29738157 pruned by (A173-HIE, 2)     -29.15768486.
  Rotamer (A173-HIS, 7) self-energy      -1.76927851 pruned by (A173-HIE, 2)     -29.15768486.
  Rotamer (A173-HIS, 8) self-energy    1169.97481500 pruned by (A173-HIE, 2)     -29.15768486.
  Rotamer (A173-HIS, 9) self-energy    8585.44542814 pruned by (A173-HIE, 2)     -29.15768486.
  Rotamer (A173-HIS,10) self-energy     448.73148189 pruned by (A173-HIE, 2)     -29.15768486.
  Rotamer (A173-HID,11) self-energy   24211.24299509 pruned by (A173-HIE, 2)     -29.15768486.
  Rotamer (A173-HID,12) self-energy   47828.92724947 pruned by (A173-HIE, 2)     -29.15768486.
  Rotamer (A173-HID,16) self-energy    1171.32575866 pruned by (A173-HIE, 2)     -29.15768486.
  Rotamer (A173-HID,17) self-energy   10049.94036902 pruned by (A173-HIE, 2)     -29.15768486.
  Rotamer (A173-HID,18) self-energy     347.68672706 pruned by (A173-HIE, 2)     -29.15768486.
  Rotamer (A173-HIE,19) self-energy   37100.88278499 pruned by (A173-HIE, 2)     -29.15768486.
  Rotamer (A173-HIE,20) self-energy   37357.57010420 pruned by (A173-HIE, 2)     -29.15768486.
  Rotamer (A173-HIE,24) self-energy    1053.99678132 pruned by (A173-HIE, 2)     -29.15768486.
  Rotamer (A173-HIE,25) self-energy    2498.14846337 pruned by (A173-HIE, 2)     -29.15768486.
  Rotamer (A173-HIE,26) self-energy     424.32679662 pruned by (A173-HIE, 2)     -29.15768486.
  Rotamer (A175-HIS, 3) self-energy   22300.53284169 pruned by (A175-HIE, 2)     -26.18318130.
  Rotamer (A175-HIS, 4) self-energy    8139.07924164 pruned by (A175-HIE, 2)     -26.18318130.
  Rotamer (A175-HIS, 5) self-energy      -0.19024384 pruned by (A175-HIE, 2)     -26.18318130.
  Rotamer (A175-HIS, 6) self-energy     109.89447045 pruned by (A175-HIE, 2)     -26.18318130.
  Rotamer (A175-HIS, 7) self-energy     134.10422523 pruned by (A175-HIE, 2)     -26.18318130.
  Rotamer (A175-HIS, 8) self-energy     221.45714410 pruned by (A175-HIE, 2)     -26.18318130.
  Rotamer (A175-HIS, 9) self-energy      48.91815297 pruned by (A175-HIE, 2)     -26.18318130.
  Rotamer (A175-HIS,10) self-energy      23.59220029 pruned by (A175-HIE, 2)     -26.18318130.
  Rotamer (A175-HID,11) self-energy   20460.95040893 pruned by (A175-HIE, 2)     -26.18318130.
  Rotamer (A175-HID,12) self-energy    8441.13517359 pruned by (A175-HIE, 2)     -26.18318130.
  Rotamer (A175-HID,14) self-energy      86.91544213 pruned by (A175-HIE, 2)     -26.18318130.
  Rotamer (A175-HID,15) self-energy     106.24541752 pruned by (A175-HIE, 2)     -26.18318130.
  Rotamer (A175-HID,16) self-energy     196.65069342 pruned by (A175-HIE, 2)     -26.18318130.
  Rotamer (A175-HID,17) self-energy      30.24085514 pruned by (A175-HIE, 2)     -26.18318130.
  Rotamer (A175-HID,18) self-energy       9.01024074 pruned by (A175-HIE, 2)     -26.18318130.
  Rotamer (A175-HIE,19) self-energy   16830.48379582 pruned by (A175-HIE, 2)     -26.18318130.
  Rotamer (A175-HIE,20) self-energy    6829.19488776 pruned by (A175-HIE, 2)     -26.18318130.
  Rotamer (A175-HIE,22) self-energy      28.39585671 pruned by (A175-HIE, 2)     -26.18318130.
  Rotamer (A175-HIE,23) self-energy      72.23139774 pruned by (A175-HIE, 2)     -26.18318130.
  Rotamer (A175-HIE,24) self-energy      85.47191750 pruned by (A175-HIE, 2)     -26.18318130.
  Rotamer (A175-HIE,25) self-energy      14.24039298 pruned by (A175-HIE, 2)     -26.18318130.
  Rotamer (A175-HIE,26) self-energy       5.34826135 pruned by (A175-HIE, 2)     -26.18318130.
  Rotamer (A181-ASH, 1) self-energy      58.42306115 pruned by (A181-ASP,24)     -23.55835190.
  Rotamer (A181-ASH, 2) self-energy      76.97604398 pruned by (A181-ASP,24)     -23.55835190.
  Rotamer (A181-ASH, 3) self-energy      83.09705675 pruned by (A181-ASP,24)     -23.55835190.
  Rotamer (A181-ASH, 4) self-energy      52.46854344 pruned by (A181-ASP,24)     -23.55835190.
  Rotamer (A181-ASH, 5) self-energy      82.10772088 pruned by (A181-ASP,24)     -23.55835190.
  Rotamer (A181-ASH, 6) self-energy      51.87291206 pruned by (A181-ASP,24)     -23.55835190.
  Rotamer (A181-ASH, 7) self-energy     157.99417872 pruned by (A181-ASP,24)     -23.55835190.
  Rotamer (A181-ASH, 8) self-energy     141.02789115 pruned by (A181-ASP,24)     -23.55835190.
  Rotamer (A181-ASH, 9) self-energy      55.08872699 pruned by (A181-ASP,24)     -23.55835190.
  Rotamer (A181-ASH,10) self-energy      60.75881332 pruned by (A181-ASP,24)     -23.55835190.
  Rotamer (A181-ASH,11) self-energy      58.33536872 pruned by (A181-ASP,24)     -23.55835190.
  Rotamer (A181-ASH,12) self-energy      82.25040064 pruned by (A181-ASP,24)     -23.55835190.
  Rotamer (A181-ASH,13) self-energy      89.03107691 pruned by (A181-ASP,24)     -23.55835190.
  Rotamer (A181-ASH,14) self-energy      57.30672444 pruned by (A181-ASP,24)     -23.55835190.
  Rotamer (A181-ASH,15) self-energy      91.36514050 pruned by (A181-ASP,24)     -23.55835190.
  Rotamer (A181-ASH,16) self-energy      56.68741512 pruned by (A181-ASP,24)     -23.55835190.
  Rotamer (A181-ASH,17) self-energy     456.23484024 pruned by (A181-ASP,24)     -23.55835190.
  Rotamer (A181-ASH,18) self-energy     285.33130907 pruned by (A181-ASP,24)     -23.55835190.
  Rotamer (A181-ASH,19) self-energy      79.83987790 pruned by (A181-ASP,24)     -23.55835190.
  Rotamer (A181-ASH,20) self-energy      65.80892217 pruned by (A181-ASP,24)     -23.55835190.
  Rotamer (A181-ASH,21) self-energy      77.50022285 pruned by (A181-ASP,24)     -23.55835190.
  Rotamer (A181-ASP,22) self-energy       6.60262057 pruned by (A181-ASP,24)     -23.55835190.
  Rotamer (A181-ASP,23) self-energy      14.28632830 pruned by (A181-ASP,24)     -23.55835190.
  Rotamer (A186-GLH, 1) self-energy      56.52293645 pruned by (A186-GLU, 0)     -17.39850576.
  Rotamer (A186-GLH, 2) self-energy      50.87126048 pruned by (A186-GLU, 0)     -17.39850576.
  Rotamer (A186-GLH, 3) self-energy      59.62798200 pruned by (A186-GLU, 0)     -17.39850576.
  Rotamer (A186-GLH, 4) self-energy      55.14025707 pruned by (A186-GLU, 0)     -17.39850576.
  Rotamer (A186-GLH, 5) self-energy      52.98135339 pruned by (A186-GLU, 0)     -17.39850576.
  Rotamer (A186-GLH, 6) self-energy      55.66273346 pruned by (A186-GLU, 0)     -17.39850576.
  Rotamer (A186-GLH, 7) self-energy      56.63762785 pruned by (A186-GLU, 0)     -17.39850576.
  Rotamer (A186-GLH, 8) self-energy      49.53273823 pruned by (A186-GLU, 0)     -17.39850576.
  Rotamer (A186-GLH, 9) self-energy      51.13585583 pruned by (A186-GLU, 0)     -17.39850576.
  Rotamer (A186-GLH,10) self-energy      54.18144818 pruned by (A186-GLU, 0)     -17.39850576.
  Rotamer (A186-GLH,11) self-energy      96.75971673 pruned by (A186-GLU, 0)     -17.39850576.
  Rotamer (A186-GLH,12) self-energy      57.52248278 pruned by (A186-GLU, 0)     -17.39850576.
  Rotamer (A186-GLH,13) self-energy      55.96481479 pruned by (A186-GLU, 0)     -17.39850576.
  Rotamer (A186-GLH,14) self-energy      66.09936250 pruned by (A186-GLU, 0)     -17.39850576.
  Rotamer (A186-GLH,15) self-energy      61.09365395 pruned by (A186-GLU, 0)     -17.39850576.
  Rotamer (A186-GLH,16) self-energy      52.81659402 pruned by (A186-GLU, 0)     -17.39850576.
  Rotamer (A186-GLH,17) self-energy      53.78527524 pruned by (A186-GLU, 0)     -17.39850576.
  Rotamer (A186-GLH,18) self-energy      54.86772943 pruned by (A186-GLU, 0)     -17.39850576.
  Rotamer (A186-GLH,19) self-energy      63.36791689 pruned by (A186-GLU, 0)     -17.39850576.
  Rotamer (A186-GLH,20) self-energy      58.98890005 pruned by (A186-GLU, 0)     -17.39850576.
  Rotamer (A186-GLH,21) self-energy      56.74723502 pruned by (A186-GLU, 0)     -17.39850576.
  Rotamer (A186-GLH,22) self-energy      59.61063166 pruned by (A186-GLU, 0)     -17.39850576.
  Rotamer (A186-GLH,23) self-energy      60.21326443 pruned by (A186-GLU, 0)     -17.39850576.
  Rotamer (A186-GLH,24) self-energy      53.29378735 pruned by (A186-GLU, 0)     -17.39850576.
  Rotamer (A186-GLH,25) self-energy      55.63867331 pruned by (A186-GLU, 0)     -17.39850576.
  Rotamer (A186-GLH,26) self-energy      72.65495839 pruned by (A186-GLU, 0)     -17.39850576.
  Rotamer (A186-GLH,27) self-energy     145.71854675 pruned by (A186-GLU, 0)     -17.39850576.
  Rotamer (A186-GLH,28) self-energy      75.93050963 pruned by (A186-GLU, 0)     -17.39850576.
  Rotamer (A186-GLH,29) self-energy      73.56740484 pruned by (A186-GLU, 0)     -17.39850576.
  Rotamer (A186-GLH,30) self-energy      92.71452689 pruned by (A186-GLU, 0)     -17.39850576.
  Rotamer (A186-GLH,31) self-energy      92.84933316 pruned by (A186-GLU, 0)     -17.39850576.
  Rotamer (A186-GLH,32) self-energy      70.87497029 pruned by (A186-GLU, 0)     -17.39850576.
  Rotamer (A186-GLH,33) self-energy      68.34755458 pruned by (A186-GLU, 0)     -17.39850576.
  Rotamer (A197-LYD, 2) self-energy    1254.35374810 pruned by (A197-LYS,53)     -18.04808639.
  Rotamer (A197-LYD, 3) self-energy    1263.13803579 pruned by (A197-LYS,53)     -18.04808639.
  Rotamer (A197-LYD, 4) self-energy    1267.12194238 pruned by (A197-LYS,53)     -18.04808639.
  Rotamer (A197-LYD, 5) self-energy    1870.34453208 pruned by (A197-LYS,53)     -18.04808639.
  Rotamer (A197-LYD, 6) self-energy   24855.77452164 pruned by (A197-LYS,53)     -18.04808639.
  Rotamer (A197-LYD,10) self-energy    4708.14434834 pruned by (A197-LYS,53)     -18.04808639.
  Rotamer (A197-LYD,11) self-energy  214919.23249546 pruned by (A197-LYS,53)     -18.04808639.
  Rotamer (A197-LYD,12) self-energy     425.34815752 pruned by (A197-LYS,53)     -18.04808639.
  Rotamer (A197-LYD,13) self-energy    1224.38424288 pruned by (A197-LYS,53)     -18.04808639.
  Rotamer (A197-LYD,14) self-energy     973.31475979 pruned by (A197-LYS,53)     -18.04808639.
  Rotamer (A197-LYD,15) self-energy   70622.56681324 pruned by (A197-LYS,53)     -18.04808639.
  Rotamer (A197-LYD,16) self-energy   10631.90269121 pruned by (A197-LYS,53)     -18.04808639.
  Rotamer (A197-LYD,17) self-energy      11.86703739 pruned by (A197-LYS,53)     -18.04808639.
  Rotamer (A197-LYD,18) self-energy   15238.07415405 pruned by (A197-LYS,53)     -18.04808639.
  Rotamer (A197-LYD,19) self-energy  101690.57309258 pruned by (A197-LYS,53)     -18.04808639.
  Rotamer (A197-LYD,20) self-energy     179.03091967 pruned by (A197-LYS,53)     -18.04808639.
  Rotamer (A197-LYD,21) self-energy     294.74898808 pruned by (A197-LYS,53)     -18.04808639.
  Rotamer (A197-LYD,22) self-energy      72.51952667 pruned by (A197-LYS,53)     -18.04808639.
  Rotamer (A197-LYD,23) self-energy    1070.86526428 pruned by (A197-LYS,53)     -18.04808639.
  Rotamer (A197-LYD,24) self-energy     269.70591732 pruned by (A197-LYS,53)     -18.04808639.
  Rotamer (A197-LYS,29) self-energy    1320.09670102 pruned by (A197-LYS,53)     -18.04808639.
  Rotamer (A197-LYS,30) self-energy     433.93706734 pruned by (A197-LYS,53)     -18.04808639.
  Rotamer (A197-LYS,31) self-energy    2835.22411995 pruned by (A197-LYS,53)     -18.04808639.
  Rotamer (A197-LYS,32) self-energy    1930.77929922 pruned by (A197-LYS,53)     -18.04808639.
  Rotamer (A197-LYS,33) self-energy  173847.36561716 pruned by (A197-LYS,53)     -18.04808639.
  Rotamer (A197-LYS,37) self-energy    4803.52616105 pruned by (A197-LYS,53)     -18.04808639.
  Rotamer (A197-LYS,38) self-energy  214429.41356234 pruned by (A197-LYS,53)     -18.04808639.
  Rotamer (A197-LYS,39) self-energy     419.98095773 pruned by (A197-LYS,53)     -18.04808639.
  Rotamer (A197-LYS,40) self-energy    1229.67177890 pruned by (A197-LYS,53)     -18.04808639.
  Rotamer (A197-LYS,41) self-energy    1130.80621019 pruned by (A197-LYS,53)     -18.04808639.
  Rotamer (A197-LYS,42) self-energy  106885.21365801 pruned by (A197-LYS,53)     -18.04808639.
  Rotamer (A197-LYS,43) self-energy   10658.30076544 pruned by (A197-LYS,53)     -18.04808639.
  Rotamer (A197-LYS,45) self-energy   15430.52810507 pruned by (A197-LYS,53)     -18.04808639.
  Rotamer (A197-LYS,46) self-energy  108405.39851527 pruned by (A197-LYS,53)     -18.04808639.
  Rotamer (A197-LYS,47) self-energy     169.20036904 pruned by (A197-LYS,53)     -18.04808639.
  Rotamer (A197-LYS,48) self-energy     347.84428113 pruned by (A197-LYS,53)     -18.04808639.
  Rotamer (A197-LYS,49) self-energy      62.00880393 pruned by (A197-LYS,53)     -18.04808639.
  Rotamer (A197-LYS,50) self-energy    2460.56779266 pruned by (A197-LYS,53)     -18.04808639.
  Rotamer (A197-LYS,51) self-energy     520.96606322 pruned by (A197-LYS,53)     -18.04808639.
  Rotamer (A200-GLH, 1) self-energy      52.97853643 pruned by (A200-GLU, 0)     -16.51493082.
  Rotamer (A200-GLH, 2) self-energy      59.22847060 pruned by (A200-GLU, 0)     -16.51493082.
  Rotamer (A200-GLH, 3) self-energy    1107.77951604 pruned by (A200-GLU, 0)     -16.51493082.
  Rotamer (A200-GLH, 4) self-energy      53.75094948 pruned by (A200-GLU, 0)     -16.51493082.
  Rotamer (A200-GLH, 5) self-energy      51.58182149 pruned by (A200-GLU, 0)     -16.51493082.
  Rotamer (A200-GLH, 6) self-energy      53.95238462 pruned by (A200-GLU, 0)     -16.51493082.
  Rotamer (A200-GLH, 7) self-energy    1798.44884393 pruned by (A200-GLU, 0)     -16.51493082.
  Rotamer (A200-GLH, 8) self-energy      50.35220646 pruned by (A200-GLU, 0)     -16.51493082.
  Rotamer (A200-GLH, 9) self-energy      53.13089015 pruned by (A200-GLU, 0)     -16.51493082.
  Rotamer (A200-GLH,10) self-energy      61.94907604 pruned by (A200-GLU, 0)     -16.51493082.
  Rotamer (A200-GLH,11) self-energy     885.72961751 pruned by (A200-GLU, 0)     -16.51493082.
  Rotamer (A200-GLH,12) self-energy      56.21577752 pruned by (A200-GLU, 0)     -16.51493082.
  Rotamer (A200-GLH,13) self-energy      54.45997265 pruned by (A200-GLU, 0)     -16.51493082.
  Rotamer (A200-GLH,14) self-energy      63.67789061 pruned by (A200-GLU, 0)     -16.51493082.
  Rotamer (A200-GLH,15) self-energy     765.31868123 pruned by (A200-GLU, 0)     -16.51493082.
  Rotamer (A200-GLH,16) self-energy      53.77895179 pruned by (A200-GLU, 0)     -16.51493082.
  Rotamer (A200-GLH,17) self-energy      55.67713090 pruned by (A200-GLU, 0)     -16.51493082.
  Rotamer (A200-GLH,18) self-energy      66.14376284 pruned by (A200-GLU, 0)     -16.51493082.
  Rotamer (A200-GLH,19) self-energy     603.14126760 pruned by (A200-GLU, 0)     -16.51493082.
  Rotamer (A200-GLH,20) self-energy      57.70331293 pruned by (A200-GLU, 0)     -16.51493082.
  Rotamer (A200-GLH,21) self-energy      55.34003848 pruned by (A200-GLU, 0)     -16.51493082.
  Rotamer (A200-GLH,22) self-energy      57.85910973 pruned by (A200-GLU, 0)     -16.51493082.
  Rotamer (A200-GLH,23) self-energy    1778.07718765 pruned by (A200-GLU, 0)     -16.51493082.
  Rotamer (A200-GLH,24) self-energy      54.11543241 pruned by (A200-GLU, 0)     -16.51493082.
  Rotamer (A200-GLH,25) self-energy      57.70711834 pruned by (A200-GLU, 0)     -16.51493082.
  Rotamer (A200-GLH,26) self-energy      80.44549878 pruned by (A200-GLU, 0)     -16.51493082.
  Rotamer (A200-GLH,27) self-energy     891.98540509 pruned by (A200-GLU, 0)     -16.51493082.
  Rotamer (A200-GLH,28) self-energy      74.42583011 pruned by (A200-GLU, 0)     -16.51493082.
  Rotamer (A200-GLH,29) self-energy      72.18334035 pruned by (A200-GLU, 0)     -16.51493082.
  Rotamer (A200-GLH,30) self-energy      93.18853809 pruned by (A200-GLU, 0)     -16.51493082.
  Rotamer (A200-GLH,31) self-energy     587.38229249 pruned by (A200-GLU, 0)     -16.51493082.
  Rotamer (A200-GLH,32) self-energy      71.97040752 pruned by (A200-GLU, 0)     -16.51493082.
  Rotamer (A200-GLH,33) self-energy      70.38796877 pruned by (A200-GLU, 0)     -16.51493082.
  Rotamer (A200-GLU,35) self-energy     788.47705958 pruned by (A200-GLU, 0)     -16.51493082.
  Rotamer (A200-GLU,39) self-energy    1927.38495314 pruned by (A200-GLU, 0)     -16.51493082.
  Rotamer (A207-GLH, 1) self-energy      56.01584421 pruned by (A207-GLU,41)     -13.85298028.
  Rotamer (A207-GLH, 2) self-energy      50.18124543 pruned by (A207-GLU,41)     -13.85298028.
  Rotamer (A207-GLH, 3) self-energy      64.37886733 pruned by (A207-GLU,41)     -13.85298028.
  Rotamer (A207-GLH, 4) self-energy      60.43080579 pruned by (A207-GLU,41)     -13.85298028.
  Rotamer (A207-GLH, 5) self-energy      57.69746380 pruned by (A207-GLU,41)     -13.85298028.
  Rotamer (A207-GLH, 6) self-energy      61.89315488 pruned by (A207-GLU,41)     -13.85298028.
  Rotamer (A207-GLH, 7) self-energy      55.95096367 pruned by (A207-GLU,41)     -13.85298028.
  Rotamer (A207-GLH, 8) self-energy      50.25898832 pruned by (A207-GLU,41)     -13.85298028.
  Rotamer (A207-GLH, 9) self-energy      51.84539424 pruned by (A207-GLU,41)     -13.85298028.
  Rotamer (A207-GLH,10) self-energy      53.78999092 pruned by (A207-GLU,41)     -13.85298028.
  Rotamer (A207-GLH,11) self-energy     109.46672136 pruned by (A207-GLU,41)     -13.85298028.
  Rotamer (A207-GLH,12) self-energy      62.87611359 pruned by (A207-GLU,41)     -13.85298028.
  Rotamer (A207-GLH,13) self-energy      60.67192685 pruned by (A207-GLU,41)     -13.85298028.
  Rotamer (A207-GLH,14) self-energy      70.83140371 pruned by (A207-GLU,41)     -13.85298028.
  Rotamer (A207-GLH,15) self-energy      61.96207941 pruned by (A207-GLU,41)     -13.85298028.
  Rotamer (A207-GLH,16) self-energy      53.58573903 pruned by (A207-GLU,41)     -13.85298028.
  Rotamer (A207-GLH,17) self-energy      54.52518928 pruned by (A207-GLU,41)     -13.85298028.
  Rotamer (A207-GLH,18) self-energy      54.36699459 pruned by (A207-GLU,41)     -13.85298028.
  Rotamer (A207-GLH,19) self-energy      65.03833823 pruned by (A207-GLU,41)     -13.85298028.
  Rotamer (A207-GLH,20) self-energy      64.29310747 pruned by (A207-GLU,41)     -13.85298028.
  Rotamer (A207-GLH,21) self-energy      61.38126117 pruned by (A207-GLU,41)     -13.85298028.
  Rotamer (A207-GLH,22) self-energy      65.67314408 pruned by (A207-GLU,41)     -13.85298028.
  Rotamer (A207-GLH,23) self-energy      59.47166806 pruned by (A207-GLU,41)     -13.85298028.
  Rotamer (A207-GLH,24) self-energy      53.96470398 pruned by (A207-GLU,41)     -13.85298028.
  Rotamer (A207-GLH,25) self-energy      56.42801955 pruned by (A207-GLU,41)     -13.85298028.
  Rotamer (A207-GLH,26) self-energy      72.14485746 pruned by (A207-GLU,41)     -13.85298028.
  Rotamer (A207-GLH,27) self-energy     147.56087291 pruned by (A207-GLU,41)     -13.85298028.
  Rotamer (A207-GLH,28) self-energy      81.23824930 pruned by (A207-GLU,41)     -13.85298028.
  Rotamer (A207-GLH,29) self-energy      78.18488679 pruned by (A207-GLU,41)     -13.85298028.
  Rotamer (A207-GLH,30) self-energy     100.34775931 pruned by (A207-GLU,41)     -13.85298028.
  Rotamer (A207-GLH,31) self-energy      92.43225968 pruned by (A207-GLU,41)     -13.85298028.
  Rotamer (A207-GLH,32) self-energy      71.56714822 pruned by (A207-GLU,41)     -13.85298028.
  Rotamer (A207-GLH,33) self-energy      69.03869680 pruned by (A207-GLU,41)     -13.85298028.
  Rotamer (A208-HIS, 3) self-energy     403.88390718 pruned by (A208-HIE, 2)     -29.56295347.
  Rotamer (A208-HIS, 4) self-energy     224.21420269 pruned by (A208-HIE, 2)     -29.56295347.
  Rotamer (A208-HIS, 5) self-energy   43729.02422833 pruned by (A208-HIE, 2)     -29.56295347.
  Rotamer (A208-HIS, 6) self-energy    5123.98146920 pruned by (A208-HIE, 2)     -29.56295347.
  Rotamer (A208-HIS, 7) self-energy    2116.31530695 pruned by (A208-HIE, 2)     -29.56295347.
  Rotamer (A208-HIS, 9) self-energy     316.80241687 pruned by (A208-HIE, 2)     -29.56295347.
  Rotamer (A208-HID,11) self-energy     331.85765273 pruned by (A208-HIE, 2)     -29.56295347.
  Rotamer (A208-HID,12) self-energy     166.38772540 pruned by (A208-HIE, 2)     -29.56295347.
  Rotamer (A208-HID,13) self-energy   24951.80129942 pruned by (A208-HIE, 2)     -29.56295347.
  Rotamer (A208-HID,14) self-energy    3605.04330092 pruned by (A208-HIE, 2)     -29.56295347.
  Rotamer (A208-HID,15) self-energy     970.80071020 pruned by (A208-HIE, 2)     -29.56295347.
  Rotamer (A208-HID,17) self-energy     242.38919309 pruned by (A208-HIE, 2)     -29.56295347.
  Rotamer (A208-HIE,19) self-energy     339.72370356 pruned by (A208-HIE, 2)     -29.56295347.
  Rotamer (A208-HIE,20) self-energy     130.64025057 pruned by (A208-HIE, 2)     -29.56295347.
  Rotamer (A208-HIE,21) self-energy   50158.27913669 pruned by (A208-HIE, 2)     -29.56295347.
  Rotamer (A208-HIE,22) self-energy    3627.21765925 pruned by (A208-HIE, 2)     -29.56295347.
  Rotamer (A208-HIE,23) self-energy    1919.29146724 pruned by (A208-HIE, 2)     -29.56295347.
  Rotamer (A208-HIE,25) self-energy     262.88860018 pruned by (A208-HIE, 2)     -29.56295347.
  Rotamer (A214-HIS, 4) self-energy      -1.85149963 pruned by (A214-HIE,19)     -27.28854566.
  Rotamer (A214-HIS, 5) self-energy   69357.12959956 pruned by (A214-HIE,19)     -27.28854566.
  Rotamer (A214-HIS, 6) self-energy    2006.92969875 pruned by (A214-HIE,19)     -27.28854566.
  Rotamer (A214-HIS, 7) self-energy    8234.37022369 pruned by (A214-HIE,19)     -27.28854566.
  Rotamer (A214-HIS, 8) self-energy  102358.14040254 pruned by (A214-HIE,19)     -27.28854566.
  Rotamer (A214-HIS, 9) self-energy  604039.86227159 pruned by (A214-HIE,19)     -27.28854566.
  Rotamer (A214-HIS,10) self-energy  265179.45385950 pruned by (A214-HIE,19)     -27.28854566.
  Rotamer (A214-HID,13) self-energy   64621.32071404 pruned by (A214-HIE,19)     -27.28854566.
  Rotamer (A214-HID,14) self-energy    1867.11803309 pruned by (A214-HIE,19)     -27.28854566.
  Rotamer (A214-HID,15) self-energy    5065.39551803 pruned by (A214-HIE,19)     -27.28854566.
  Rotamer (A214-HID,16) self-energy   86072.87788032 pruned by (A214-HIE,19)     -27.28854566.
  Rotamer (A214-HID,17) self-energy *     1.2505e+06 pruned by (A214-HIE,19)     -27.28854566.
  Rotamer (A214-HID,18) self-energy  203882.35247527 pruned by (A214-HIE,19)     -27.28854566.
  Rotamer (A214-HIE,21) self-energy  104906.30691933 pruned by (A214-HIE,19)     -27.28854566.
  Rotamer (A214-HIE,22) self-energy    1927.10642267 pruned by (A214-HIE,19)     -27.28854566.
  Rotamer (A214-HIE,23) self-energy    7692.95930506 pruned by (A214-HIE,19)     -27.28854566.
  Rotamer (A214-HIE,24) self-energy   82079.70324529 pruned by (A214-HIE,19)     -27.28854566.
  Rotamer (A214-HIE,25) self-energy  394309.80954221 pruned by (A214-HIE,19)     -27.28854566.
  Rotamer (A214-HIE,26) self-energy  311300.00752733 pruned by (A214-HIE,19)     -27.28854566.
  Rotamer (A215-CYS, 3) self-energy      96.97016031 pruned by (A215-CYD, 1)     -17.06614951.
  Rotamer (A215-CYS, 4) self-energy     268.31075018 pruned by (A215-CYD, 1)     -17.06614951.
  Rotamer (A215-CYS, 6) self-energy      96.97016031 pruned by (A215-CYD, 1)     -17.06614951.
  Rotamer (A215-CYS, 7) self-energy     268.31075018 pruned by (A215-CYD, 1)     -17.06614951.
  Rotamer (A215-CYD, 9) self-energy      85.57546749 pruned by (A215-CYD, 1)     -17.06614951.
  Rotamer (A215-CYD,10) self-energy      86.69795478 pruned by (A215-CYD, 1)     -17.06614951.
  Rotamer (A226-CYS, 3) self-energy      24.41851446 pruned by (A226-CYD, 1)      -6.01679853.
  Rotamer (A226-CYS, 6) self-energy      24.41851446 pruned by (A226-CYD, 1)      -6.01679853.
  Rotamer (A226-CYD, 9) self-energy      32.64241833 pruned by (A226-CYD, 1)      -6.01679853.
  Rotamer (A229-ASH, 1) self-energy      76.64923666 pruned by (A229-ASP, 0)     -18.66826901.
  Rotamer (A229-ASH, 2) self-energy     425.93038829 pruned by (A229-ASP, 0)     -18.66826901.
  Rotamer (A229-ASH, 3) self-energy    1236.97385197 pruned by (A229-ASP, 0)     -18.66826901.
  Rotamer (A229-ASH, 4) self-energy      73.73253744 pruned by (A229-ASP, 0)     -18.66826901.
  Rotamer (A229-ASH, 5) self-energy      92.33587252 pruned by (A229-ASP, 0)     -18.66826901.
  Rotamer (A229-ASH, 6) self-energy     246.81629472 pruned by (A229-ASP, 0)     -18.66826901.
  Rotamer (A229-ASH, 7) self-energy     354.04265841 pruned by (A229-ASP, 0)     -18.66826901.
  Rotamer (A229-ASH, 8) self-energy     251.99754439 pruned by (A229-ASP, 0)     -18.66826901.
  Rotamer (A229-ASH, 9) self-energy      88.01018038 pruned by (A229-ASP, 0)     -18.66826901.
  Rotamer (A229-ASH,10) self-energy      75.64272865 pruned by (A229-ASP, 0)     -18.66826901.
  Rotamer (A229-ASH,11) self-energy     350.03849507 pruned by (A229-ASP, 0)     -18.66826901.
  Rotamer (A229-ASH,12) self-energy     342.80446809 pruned by (A229-ASP, 0)     -18.66826901.
  Rotamer (A229-ASH,13) self-energy     244.69704326 pruned by (A229-ASP, 0)     -18.66826901.
  Rotamer (A229-ASH,14) self-energy      74.90063265 pruned by (A229-ASP, 0)     -18.66826901.
  Rotamer (A229-ASH,15) self-energy     173.80999006 pruned by (A229-ASP, 0)     -18.66826901.
  Rotamer (A229-ASH,16) self-energy     245.85566571 pruned by (A229-ASP, 0)     -18.66826901.
  Rotamer (A229-ASH,17) self-energy     681.04051965 pruned by (A229-ASP, 0)     -18.66826901.
  Rotamer (A229-ASH,18) self-energy     537.64132414 pruned by (A229-ASP, 0)     -18.66826901.
  Rotamer (A229-ASH,19) self-energy     118.96328601 pruned by (A229-ASP, 0)     -18.66826901.
  Rotamer (A229-ASH,20) self-energy      81.80122171 pruned by (A229-ASP, 0)     -18.66826901.
  Rotamer (A229-ASH,21) self-energy     274.95219144 pruned by (A229-ASP, 0)     -18.66826901.
  Rotamer (A229-ASP,22) self-energy     333.71952719 pruned by (A229-ASP, 0)     -18.66826901.
  Rotamer (A229-ASP,23) self-energy     183.96010739 pruned by (A229-ASP, 0)     -18.66826901.
  Rotamer (A229-ASP,26) self-energy     210.33320612 pruned by (A229-ASP, 0)     -18.66826901.
  Rotamer (A231-CYS, 2) self-energy     804.09135972 pruned by (A231-CYD, 1)     -10.16334186.
  Rotamer (A231-CYS, 3) self-energy      46.59257634 pruned by (A231-CYD, 1)     -10.16334186.
  Rotamer (A231-CYS, 5) self-energy     804.09135972 pruned by (A231-CYD, 1)     -10.16334186.
  Rotamer (A231-CYS, 6) self-energy      46.59257634 pruned by (A231-CYD, 1)     -10.16334186.
  Rotamer (A231-CYD, 8) self-energy     124.82049809 pruned by (A231-CYD, 1)     -10.16334186.
  Rotamer (A231-CYD, 9) self-energy      41.27815567 pruned by (A231-CYD, 1)     -10.16334186.
  Rotamer (A236-ASH, 1) self-energy      59.59270238 pruned by (A236-ASP, 0)     -18.23252259.
  Rotamer (A236-ASH, 2) self-energy     265.57003615 pruned by (A236-ASP, 0)     -18.23252259.
  Rotamer (A236-ASH, 3) self-energy     198.02964125 pruned by (A236-ASP, 0)     -18.23252259.
  Rotamer (A236-ASH, 4) self-energy      59.80946238 pruned by (A236-ASP, 0)     -18.23252259.
  Rotamer (A236-ASH, 5) self-energy      55.90782587 pruned by (A236-ASP, 0)     -18.23252259.
  Rotamer (A236-ASH, 6) self-energy      56.71941535 pruned by (A236-ASP, 0)     -18.23252259.
  Rotamer (A236-ASH, 7) self-energy     236.36504893 pruned by (A236-ASP, 0)     -18.23252259.
  Rotamer (A236-ASH, 8) self-energy     150.48987220 pruned by (A236-ASP, 0)     -18.23252259.
  Rotamer (A236-ASH, 9) self-energy      65.43355390 pruned by (A236-ASP, 0)     -18.23252259.
  Rotamer (A236-ASH,10) self-energy      55.06067882 pruned by (A236-ASP, 0)     -18.23252259.
  Rotamer (A236-ASH,11) self-energy      70.06445307 pruned by (A236-ASP, 0)     -18.23252259.
  Rotamer (A236-ASH,12) self-energy     222.71502859 pruned by (A236-ASP, 0)     -18.23252259.
  Rotamer (A236-ASH,13) self-energy     161.51804978 pruned by (A236-ASP, 0)     -18.23252259.
  Rotamer (A236-ASH,14) self-energy      65.14860115 pruned by (A236-ASP, 0)     -18.23252259.
  Rotamer (A236-ASH,15) self-energy      62.33468038 pruned by (A236-ASP, 0)     -18.23252259.
  Rotamer (A236-ASH,16) self-energy      61.83982235 pruned by (A236-ASP, 0)     -18.23252259.
  Rotamer (A236-ASH,17) self-energy     399.13117500 pruned by (A236-ASP, 0)     -18.23252259.
  Rotamer (A236-ASH,18) self-energy     319.04675469 pruned by (A236-ASP, 0)     -18.23252259.
  Rotamer (A236-ASH,19) self-energy      99.10189456 pruned by (A236-ASP, 0)     -18.23252259.
  Rotamer (A236-ASH,20) self-energy      60.60700532 pruned by (A236-ASP, 0)     -18.23252259.
  Rotamer (A236-ASH,21) self-energy      84.06724860 pruned by (A236-ASP, 0)     -18.23252259.
  Rotamer (A236-ASP,22) self-energy     182.35679347 pruned by (A236-ASP, 0)     -18.23252259.
  Rotamer (A236-ASP,23) self-energy      96.65391230 pruned by (A236-ASP, 0)     -18.23252259.
  Rotamer (A237-LYD, 2) self-energy     475.21599982 pruned by (A237-LYS,40)     -19.31508171.
  Rotamer (A237-LYD, 3) self-energy     554.54213049 pruned by (A237-LYS,40)     -19.31508171.
  Rotamer (A237-LYD, 4) self-energy     294.93360671 pruned by (A237-LYS,40)     -19.31508171.
  Rotamer (A237-LYD, 5) self-energy     646.13751202 pruned by (A237-LYS,40)     -19.31508171.
  Rotamer (A237-LYD, 6) self-energy      14.63950694 pruned by (A237-LYS,40)     -19.31508171.
  Rotamer (A237-LYD,15) self-energy      14.23017227 pruned by (A237-LYS,40)     -19.31508171.
  Rotamer (A237-LYD,17) self-energy      13.25173840 pruned by (A237-LYS,40)     -19.31508171.
  Rotamer (A237-LYD,18) self-energy      39.95188675 pruned by (A237-LYS,40)     -19.31508171.
  Rotamer (A237-LYD,19) self-energy      28.69696241 pruned by (A237-LYS,40)     -19.31508171.
  Rotamer (A237-LYD,20) self-energy      10.79975614 pruned by (A237-LYS,40)     -19.31508171.
  Rotamer (A237-LYD,21) self-energy      37.93760667 pruned by (A237-LYS,40)     -19.31508171.
  Rotamer (A237-LYD,23) self-energy     281.50575064 pruned by (A237-LYS,40)     -19.31508171.
  Rotamer (A237-LYD,24) self-energy      38.81845215 pruned by (A237-LYS,40)     -19.31508171.
  Rotamer (A237-LYS,29) self-energy     481.86674708 pruned by (A237-LYS,40)     -19.31508171.
  Rotamer (A237-LYS,31) self-energy     284.83855976 pruned by (A237-LYS,40)     -19.31508171.
  Rotamer (A237-LYS,32) self-energy     833.08605534 pruned by (A237-LYS,40)     -19.31508171.
  Rotamer (A237-LYS,42) self-energy      16.62019513 pruned by (A237-LYS,40)     -19.31508171.
  Rotamer (A237-LYS,45) self-energy      33.19104991 pruned by (A237-LYS,40)     -19.31508171.
  Rotamer (A237-LYS,46) self-energy      17.03091512 pruned by (A237-LYS,40)     -19.31508171.
  Rotamer (A237-LYS,48) self-energy      51.07128980 pruned by (A237-LYS,40)     -19.31508171.
  Rotamer (A237-LYS,50) self-energy     305.97745516 pruned by (A237-LYS,40)     -19.31508171.
  Rotamer (A237-LYS,51) self-energy      30.58740387 pruned by (A237-LYS,40)     -19.31508171.
  Rotamer (A239-LYD, 7) self-energy    7559.66872717 pruned by (A239-LYS, 0)     -23.23133278.
  Rotamer (A239-LYD, 8) self-energy     114.40988861 pruned by (A239-LYS, 0)     -23.23133278.
  Rotamer (A239-LYD, 9) self-energy      72.49426915 pruned by (A239-LYS, 0)     -23.23133278.
  Rotamer (A239-LYD,17) self-energy     148.48789927 pruned by (A239-LYS, 0)     -23.23133278.
  Rotamer (A239-LYD,18) self-energy      37.16312419 pruned by (A239-LYS, 0)     -23.23133278.
  Rotamer (A239-LYD,25) self-energy       5.58744341 pruned by (A239-LYS, 0)     -23.23133278.
  Rotamer (A239-LYD,26) self-energy       5.60176973 pruned by (A239-LYS, 0)     -23.23133278.
  Rotamer (A239-LYD,27) self-energy     340.32290414 pruned by (A239-LYS, 0)     -23.23133278.
  Rotamer (A239-LYS,34) self-energy    7174.20449310 pruned by (A239-LYS, 0)     -23.23133278.
  Rotamer (A239-LYS,35) self-energy     101.76043162 pruned by (A239-LYS, 0)     -23.23133278.
  Rotamer (A239-LYS,36) self-energy      60.34421161 pruned by (A239-LYS, 0)     -23.23133278.
  Rotamer (A239-LYS,44) self-energy     136.50253877 pruned by (A239-LYS, 0)     -23.23133278.
  Rotamer (A239-LYS,45) self-energy      29.27515221 pruned by (A239-LYS, 0)     -23.23133278.
  Rotamer (A239-LYS,54) self-energy     414.75982863 pruned by (A239-LYS, 0)     -23.23133278.
  Rotamer (A240-ASH, 1) self-energy      59.88971563 pruned by (A240-ASP, 0)     -22.02811813.
  Rotamer (A240-ASH, 2) self-energy      89.80197485 pruned by (A240-ASP, 0)     -22.02811813.
  Rotamer (A240-ASH, 3) self-energy     124.50058139 pruned by (A240-ASP, 0)     -22.02811813.
  Rotamer (A240-ASH, 4) self-energy      57.55211433 pruned by (A240-ASP, 0)     -22.02811813.
  Rotamer (A240-ASH, 5) self-energy      63.41241910 pruned by (A240-ASP, 0)     -22.02811813.
  Rotamer (A240-ASH, 6) self-energy      58.25113338 pruned by (A240-ASP, 0)     -22.02811813.
  Rotamer (A240-ASH, 7) self-energy     151.55064490 pruned by (A240-ASP, 0)     -22.02811813.
  Rotamer (A240-ASH, 8) self-energy     190.20913582 pruned by (A240-ASP, 0)     -22.02811813.
  Rotamer (A240-ASH, 9) self-energy      63.81658804 pruned by (A240-ASP, 0)     -22.02811813.
  Rotamer (A240-ASH,10) self-energy      56.76077023 pruned by (A240-ASP, 0)     -22.02811813.
  Rotamer (A240-ASH,11) self-energy      75.62600965 pruned by (A240-ASP, 0)     -22.02811813.
  Rotamer (A240-ASH,12) self-energy      91.25121999 pruned by (A240-ASP, 0)     -22.02811813.
  Rotamer (A240-ASH,13) self-energy     110.50280933 pruned by (A240-ASP, 0)     -22.02811813.
  Rotamer (A240-ASH,14) self-energy      62.31622929 pruned by (A240-ASP, 0)     -22.02811813.
  Rotamer (A240-ASH,15) self-energy      66.85078540 pruned by (A240-ASP, 0)     -22.02811813.
  Rotamer (A240-ASH,16) self-energy      63.54064906 pruned by (A240-ASP, 0)     -22.02811813.
  Rotamer (A240-ASH,17) self-energy     295.01236691 pruned by (A240-ASP, 0)     -22.02811813.
  Rotamer (A240-ASH,18) self-energy    1112.19806989 pruned by (A240-ASP, 0)     -22.02811813.
  Rotamer (A240-ASH,19) self-energy      85.56725795 pruned by (A240-ASP, 0)     -22.02811813.
  Rotamer (A240-ASH,20) self-energy      61.89534149 pruned by (A240-ASP, 0)     -22.02811813.
  Rotamer (A240-ASH,21) self-energy     105.32703518 pruned by (A240-ASP, 0)     -22.02811813.
  Rotamer (A240-ASP,22) self-energy      17.58346274 pruned by (A240-ASP, 0)     -22.02811813.
  Rotamer (A240-ASP,23) self-energy      36.52708842 pruned by (A240-ASP, 0)     -22.02811813.
  Rotamer (A245-ASH, 1) self-energy      62.32763306 pruned by (A245-ASP, 0)     -20.62742638.
  Rotamer (A245-ASH, 2) self-energy      78.92390260 pruned by (A245-ASP, 0)     -20.62742638.
  Rotamer (A245-ASH, 3) self-energy      87.71719511 pruned by (A245-ASP, 0)     -20.62742638.
  Rotamer (A245-ASH, 4) self-energy      57.59098717 pruned by (A245-ASP, 0)     -20.62742638.
  Rotamer (A245-ASH, 5) self-energy      60.23604742 pruned by (A245-ASP, 0)     -20.62742638.
  Rotamer (A245-ASH, 6) self-energy      57.78318361 pruned by (A245-ASP, 0)     -20.62742638.
  Rotamer (A245-ASH, 7) self-energy     146.03370204 pruned by (A245-ASP, 0)     -20.62742638.
  Rotamer (A245-ASH, 8) self-energy     143.04986339 pruned by (A245-ASP, 0)     -20.62742638.
  Rotamer (A245-ASH, 9) self-energy      61.45280055 pruned by (A245-ASP, 0)     -20.62742638.
  Rotamer (A245-ASH,10) self-energy      56.88614756 pruned by (A245-ASP, 0)     -20.62742638.
  Rotamer (A245-ASH,11) self-energy      61.64532405 pruned by (A245-ASP, 0)     -20.62742638.
  Rotamer (A245-ASH,12) self-energy      84.19681991 pruned by (A245-ASP, 0)     -20.62742638.
  Rotamer (A245-ASH,13) self-energy      93.61778591 pruned by (A245-ASP, 0)     -20.62742638.
  Rotamer (A245-ASH,14) self-energy      62.57964249 pruned by (A245-ASP, 0)     -20.62742638.
  Rotamer (A245-ASH,15) self-energy      69.94327797 pruned by (A245-ASP, 0)     -20.62742638.
  Rotamer (A245-ASH,16) self-energy      62.93626066 pruned by (A245-ASP, 0)     -20.62742638.
  Rotamer (A245-ASH,17) self-energy     360.20089910 pruned by (A245-ASP, 0)     -20.62742638.
  Rotamer (A245-ASH,18) self-energy     634.20231992 pruned by (A245-ASP, 0)     -20.62742638.
  Rotamer (A245-ASH,19) self-energy      85.83130255 pruned by (A245-ASP, 0)     -20.62742638.
  Rotamer (A245-ASH,20) self-energy      62.35464070 pruned by (A245-ASP, 0)     -20.62742638.
  Rotamer (A245-ASH,21) self-energy      83.38641476 pruned by (A245-ASP, 0)     -20.62742638.
  Rotamer (A245-ASP,22) self-energy       9.42249715 pruned by (A245-ASP, 0)     -20.62742638.
  Rotamer (A245-ASP,23) self-energy      20.80598177 pruned by (A245-ASP, 0)     -20.62742638.
  Rotamer (A247-LYD, 7) self-energy  113463.66458992 pruned by (A247-LYS, 0)     -17.98849136.
  Rotamer (A247-LYD, 8) self-energy  138625.84387985 pruned by (A247-LYS, 0)     -17.98849136.
  Rotamer (A247-LYD, 9) self-energy  109813.60571051 pruned by (A247-LYS, 0)     -17.98849136.
  Rotamer (A247-LYD,12) self-energy     595.56933485 pruned by (A247-LYS, 0)     -17.98849136.
  Rotamer (A247-LYD,13) self-energy      35.01791508 pruned by (A247-LYS, 0)     -17.98849136.
  Rotamer (A247-LYD,14) self-energy      57.47927943 pruned by (A247-LYS, 0)     -17.98849136.
  Rotamer (A247-LYD,15) self-energy      23.83042532 pruned by (A247-LYS, 0)     -17.98849136.
  Rotamer (A247-LYD,16) self-energy     422.35057192 pruned by (A247-LYS, 0)     -17.98849136.
  Rotamer (A247-LYD,17) self-energy     330.23030604 pruned by (A247-LYS, 0)     -17.98849136.
  Rotamer (A247-LYD,18) self-energy      58.83277002 pruned by (A247-LYS, 0)     -17.98849136.
  Rotamer (A247-LYD,19) self-energy      13.91423953 pruned by (A247-LYS, 0)     -17.98849136.
  Rotamer (A247-LYD,20) self-energy     212.27060182 pruned by (A247-LYS, 0)     -17.98849136.
  Rotamer (A247-LYD,21) self-energy     394.51168510 pruned by (A247-LYS, 0)     -17.98849136.
  Rotamer (A247-LYD,22) self-energy    1345.25947521 pruned by (A247-LYS, 0)     -17.98849136.
  Rotamer (A247-LYD,25) self-energy    4399.58009126 pruned by (A247-LYS, 0)     -17.98849136.
  Rotamer (A247-LYD,26) self-energy  127844.76417605 pruned by (A247-LYS, 0)     -17.98849136.
  Rotamer (A247-LYD,27) self-energy    1589.77432246 pruned by (A247-LYS, 0)     -17.98849136.
  Rotamer (A247-LYD,28) self-energy   41537.16891237 pruned by (A247-LYS, 0)     -17.98849136.
  Rotamer (A247-LYS,30) self-energy    1815.34146412 pruned by (A247-LYS, 0)     -17.98849136.
  Rotamer (A247-LYS,34) self-energy  113687.13571043 pruned by (A247-LYS, 0)     -17.98849136.
  Rotamer (A247-LYS,35) self-energy  137617.06788131 pruned by (A247-LYS, 0)     -17.98849136.
  Rotamer (A247-LYS,36) self-energy  111307.60316194 pruned by (A247-LYS, 0)     -17.98849136.
  Rotamer (A247-LYS,39) self-energy   55308.89922248 pruned by (A247-LYS, 0)     -17.98849136.
  Rotamer (A247-LYS,40) self-energy      24.52630447 pruned by (A247-LYS, 0)     -17.98849136.
  Rotamer (A247-LYS,41) self-energy      46.93631647 pruned by (A247-LYS, 0)     -17.98849136.
  Rotamer (A247-LYS,42) self-energy      13.72993329 pruned by (A247-LYS, 0)     -17.98849136.
  Rotamer (A247-LYS,43) self-energy     495.38673884 pruned by (A247-LYS, 0)     -17.98849136.
  Rotamer (A247-LYS,44) self-energy     339.96256330 pruned by (A247-LYS, 0)     -17.98849136.
  Rotamer (A247-LYS,45) self-energy      52.88907131 pruned by (A247-LYS, 0)     -17.98849136.
  Rotamer (A247-LYS,46) self-energy      12.50487720 pruned by (A247-LYS, 0)     -17.98849136.
  Rotamer (A247-LYS,47) self-energy     270.49381318 pruned by (A247-LYS, 0)     -17.98849136.
  Rotamer (A247-LYS,48) self-energy     385.86771723 pruned by (A247-LYS, 0)     -17.98849136.
  Rotamer (A247-LYS,49) self-energy    1507.73685408 pruned by (A247-LYS, 0)     -17.98849136.
  Rotamer (A247-LYS,52) self-energy    4367.81177657 pruned by (A247-LYS, 0)     -17.98849136.
  Rotamer (A247-LYS,53) self-energy  127644.64557633 pruned by (A247-LYS, 0)     -17.98849136.
  Rotamer (A247-LYS,54) self-energy    1627.22373037 pruned by (A247-LYS, 0)     -17.98849136.
  Rotamer (A247-LYS,55) self-energy   45903.97704117 pruned by (A247-LYS, 0)     -17.98849136.
  Rotamer (A248-LYD, 4) self-energy       5.79053129 pruned by (A248-LYS, 0)     -21.11786440.
  Rotamer (A248-LYD, 5) self-energy     187.35928761 pruned by (A248-LYS, 0)     -21.11786440.
  Rotamer (A248-LYD,17) self-energy       4.83591743 pruned by (A248-LYS, 0)     -21.11786440.
  Rotamer (A248-LYD,18) self-energy      36.85894183 pruned by (A248-LYS, 0)     -21.11786440.
  Rotamer (A248-LYS,32) self-energy     190.42904455 pruned by (A248-LYS, 0)     -21.11786440.
  Rotamer (A248-LYS,45) self-energy      30.25361309 pruned by (A248-LYS, 0)     -21.11786440.
  Rotamer (A252-GLH, 1) self-energy      55.32165980 pruned by (A252-GLU, 0)     -17.58717189.
  Rotamer (A252-GLH, 2) self-energy     205.46548365 pruned by (A252-GLU, 0)     -17.58717189.
  Rotamer (A252-GLH, 3) self-energy    9005.51430128 pruned by (A252-GLU, 0)     -17.58717189.
  Rotamer (A252-GLH, 4) self-energy      52.28656041 pruned by (A252-GLU, 0)     -17.58717189.
  Rotamer (A252-GLH, 5) self-energy      51.84685088 pruned by (A252-GLU, 0)     -17.58717189.
  Rotamer (A252-GLH, 6) self-energy     274.57034119 pruned by (A252-GLU, 0)     -17.58717189.
  Rotamer (A252-GLH, 7) self-energy    3664.03764943 pruned by (A252-GLU, 0)     -17.58717189.
  Rotamer (A252-GLH, 8) self-energy      52.60590293 pruned by (A252-GLU, 0)     -17.58717189.
  Rotamer (A252-GLH, 9) self-energy      54.14987518 pruned by (A252-GLU, 0)     -17.58717189.
  Rotamer (A252-GLH,10) self-energy     159.24604458 pruned by (A252-GLU, 0)     -17.58717189.
  Rotamer (A252-GLH,11) self-energy    2424.54092117 pruned by (A252-GLU, 0)     -17.58717189.
  Rotamer (A252-GLH,12) self-energy      55.24212992 pruned by (A252-GLU, 0)     -17.58717189.
  Rotamer (A252-GLH,13) self-energy      54.61339494 pruned by (A252-GLU, 0)     -17.58717189.
  Rotamer (A252-GLH,14) self-energy     266.67564780 pruned by (A252-GLU, 0)     -17.58717189.
  Rotamer (A252-GLH,15) self-energy    1194.96566999 pruned by (A252-GLU, 0)     -17.58717189.
  Rotamer (A252-GLH,16) self-energy      56.07743938 pruned by (A252-GLU, 0)     -17.58717189.
  Rotamer (A252-GLH,17) self-energy      56.64502803 pruned by (A252-GLU, 0)     -17.58717189.
  Rotamer (A252-GLH,18) self-energy     240.43620760 pruned by (A252-GLU, 0)     -17.58717189.
  Rotamer (A252-GLH,19) self-energy    1705.81133611 pruned by (A252-GLU, 0)     -17.58717189.
  Rotamer (A252-GLH,20) self-energy      56.60676285 pruned by (A252-GLU, 0)     -17.58717189.
  Rotamer (A252-GLH,21) self-energy      55.54664701 pruned by (A252-GLU, 0)     -17.58717189.
  Rotamer (A252-GLH,22) self-energy     279.77479571 pruned by (A252-GLU, 0)     -17.58717189.
  Rotamer (A252-GLH,23) self-energy    3659.27556872 pruned by (A252-GLU, 0)     -17.58717189.
  Rotamer (A252-GLH,24) self-energy      56.18417289 pruned by (A252-GLU, 0)     -17.58717189.
  Rotamer (A252-GLH,25) self-energy      58.56787651 pruned by (A252-GLU, 0)     -17.58717189.
  Rotamer (A252-GLH,26) self-energy     177.61913356 pruned by (A252-GLU, 0)     -17.58717189.
  Rotamer (A252-GLH,27) self-energy    2393.22310817 pruned by (A252-GLU, 0)     -17.58717189.
  Rotamer (A252-GLH,28) self-energy      73.52400244 pruned by (A252-GLU, 0)     -17.58717189.
  Rotamer (A252-GLH,29) self-energy      72.27319839 pruned by (A252-GLU, 0)     -17.58717189.
  Rotamer (A252-GLH,30) self-energy     275.34913497 pruned by (A252-GLU, 0)     -17.58717189.
  Rotamer (A252-GLH,31) self-energy     823.32519095 pruned by (A252-GLU, 0)     -17.58717189.
  Rotamer (A252-GLH,32) self-energy      74.36643717 pruned by (A252-GLU, 0)     -17.58717189.
  Rotamer (A252-GLH,33) self-energy      71.46875295 pruned by (A252-GLU, 0)     -17.58717189.
  Rotamer (A252-GLU,34) self-energy     115.27528305 pruned by (A252-GLU, 0)     -17.58717189.
  Rotamer (A252-GLU,35) self-energy    2144.14196418 pruned by (A252-GLU, 0)     -17.58717189.
  Rotamer (A252-GLU,38) self-energy     279.75238733 pruned by (A252-GLU, 0)     -17.58717189.
  Rotamer (A252-GLU,39) self-energy    4064.87101669 pruned by (A252-GLU, 0)     -17.58717189.
  Rotamer (A255-LYD, 2) self-energy      94.74805269 pruned by (A255-LYS, 0)     -21.80349939.
  Rotamer (A255-LYD, 3) self-energy   33646.63234173 pruned by (A255-LYS, 0)     -21.80349939.
  Rotamer (A255-LYD, 4) self-energy    4109.33003482 pruned by (A255-LYS, 0)     -21.80349939.
  Rotamer (A255-LYD, 5) self-energy    5581.36806027 pruned by (A255-LYS, 0)     -21.80349939.
  Rotamer (A255-LYD, 6) self-energy      85.86692768 pruned by (A255-LYS, 0)     -21.80349939.
  Rotamer (A255-LYD, 7) self-energy    1715.43477162 pruned by (A255-LYS, 0)     -21.80349939.
  Rotamer (A255-LYD, 8) self-energy   88642.29260573 pruned by (A255-LYS, 0)     -21.80349939.
  Rotamer (A255-LYD, 9) self-energy    2023.84336807 pruned by (A255-LYS, 0)     -21.80349939.
  Rotamer (A255-LYD,10) self-energy      20.53318084 pruned by (A255-LYS, 0)     -21.80349939.
  Rotamer (A255-LYD,17) self-energy      16.00641132 pruned by (A255-LYS, 0)     -21.80349939.
  Rotamer (A255-LYD,18) self-energy      38.78695111 pruned by (A255-LYS, 0)     -21.80349939.
  Rotamer (A255-LYD,24) self-energy     335.62031403 pruned by (A255-LYS, 0)     -21.80349939.
  Rotamer (A255-LYD,25) self-energy      69.33611392 pruned by (A255-LYS, 0)     -21.80349939.
  Rotamer (A255-LYD,26) self-energy      81.01995722 pruned by (A255-LYS, 0)     -21.80349939.
  Rotamer (A255-LYD,27) self-energy      73.98353808 pruned by (A255-LYS, 0)     -21.80349939.
  Rotamer (A255-LYD,28) self-energy      82.63576077 pruned by (A255-LYS, 0)     -21.80349939.
  Rotamer (A255-LYS,29) self-energy      83.53659099 pruned by (A255-LYS, 0)     -21.80349939.
  Rotamer (A255-LYS,31) self-energy    4101.85072251 pruned by (A255-LYS, 0)     -21.80349939.
  Rotamer (A255-LYS,32) self-energy    5585.08532015 pruned by (A255-LYS, 0)     -21.80349939.
  Rotamer (A255-LYS,33) self-energy      74.53966779 pruned by (A255-LYS, 0)     -21.80349939.
  Rotamer (A255-LYS,34) self-energy    1708.69378939 pruned by (A255-LYS, 0)     -21.80349939.
  Rotamer (A255-LYS,35) self-energy  105590.26494810 pruned by (A255-LYS, 0)     -21.80349939.
  Rotamer (A255-LYS,36) self-energy    2007.46868754 pruned by (A255-LYS, 0)     -21.80349939.
  Rotamer (A255-LYS,37) self-energy       9.92178820 pruned by (A255-LYS, 0)     -21.80349939.
  Rotamer (A255-LYS,44) self-energy       7.64664874 pruned by (A255-LYS, 0)     -21.80349939.
  Rotamer (A255-LYS,45) self-energy      31.80066051 pruned by (A255-LYS, 0)     -21.80349939.
  Rotamer (A255-LYS,51) self-energy     330.90810262 pruned by (A255-LYS, 0)     -21.80349939.
  Rotamer (A255-LYS,52) self-energy      58.68746315 pruned by (A255-LYS, 0)     -21.80349939.
  Rotamer (A255-LYS,53) self-energy      67.31534763 pruned by (A255-LYS, 0)     -21.80349939.
  Rotamer (A255-LYS,54) self-energy      69.27241404 pruned by (A255-LYS, 0)     -21.80349939.
  Rotamer (A255-LYS,55) self-energy      77.74044315 pruned by (A255-LYS, 0)     -21.80349939.
  Rotamer (A265-ASH, 1) self-energy      63.38841348 pruned by (A265-ASP, 0)     -20.46347839.
  Rotamer (A265-ASH, 2) self-energy     239.49531819 pruned by (A265-ASP, 0)     -20.46347839.
  Rotamer (A265-ASH, 3) self-energy     168.36530541 pruned by (A265-ASP, 0)     -20.46347839.
  Rotamer (A265-ASH, 4) self-energy      62.51073167 pruned by (A265-ASP, 0)     -20.46347839.
  Rotamer (A265-ASH, 5) self-energy     111.52821062 pruned by (A265-ASP, 0)     -20.46347839.
  Rotamer (A265-ASH, 6) self-energy      56.83210493 pruned by (A265-ASP, 0)     -20.46347839.
  Rotamer (A265-ASH, 7) self-energy     320.55203831 pruned by (A265-ASP, 0)     -20.46347839.
  Rotamer (A265-ASH, 8) self-energy     167.54343092 pruned by (A265-ASP, 0)     -20.46347839.
  Rotamer (A265-ASH, 9) self-energy      63.21782454 pruned by (A265-ASP, 0)     -20.46347839.
  Rotamer (A265-ASH,10) self-energy      64.96140110 pruned by (A265-ASP, 0)     -20.46347839.
  Rotamer (A265-ASH,11) self-energy      60.72589074 pruned by (A265-ASP, 0)     -20.46347839.
  Rotamer (A265-ASH,12) self-energy     243.35809422 pruned by (A265-ASP, 0)     -20.46347839.
  Rotamer (A265-ASH,13) self-energy     171.48881736 pruned by (A265-ASP, 0)     -20.46347839.
  Rotamer (A265-ASH,14) self-energy      65.35775984 pruned by (A265-ASP, 0)     -20.46347839.
  Rotamer (A265-ASH,15) self-energy      85.93832144 pruned by (A265-ASP, 0)     -20.46347839.
  Rotamer (A265-ASH,16) self-energy      62.17344895 pruned by (A265-ASP, 0)     -20.46347839.
  Rotamer (A265-ASH,17) self-energy     452.89808845 pruned by (A265-ASP, 0)     -20.46347839.
  Rotamer (A265-ASH,18) self-energy     269.85381603 pruned by (A265-ASP, 0)     -20.46347839.
  Rotamer (A265-ASH,19) self-energy      88.13308438 pruned by (A265-ASP, 0)     -20.46347839.
  Rotamer (A265-ASH,20) self-energy      70.32949840 pruned by (A265-ASP, 0)     -20.46347839.
  Rotamer (A265-ASH,21) self-energy      82.66014362 pruned by (A265-ASP, 0)     -20.46347839.
  Rotamer (A265-ASP,22) self-energy     216.56766310 pruned by (A265-ASP, 0)     -20.46347839.
  Rotamer (A265-ASP,23) self-energy     118.78697390 pruned by (A265-ASP, 0)     -20.46347839.
  Rotamer (A276-GLH, 1) self-energy      55.11311142 pruned by (A276-GLU,41)     -18.11788994.
  Rotamer (A276-GLH, 2) self-energy   43031.92510612 pruned by (A276-GLU,41)     -18.11788994.
  Rotamer (A276-GLH, 3) self-energy   29015.89109600 pruned by (A276-GLU,41)     -18.11788994.
  Rotamer (A276-GLH, 4) self-energy      49.62387194 pruned by (A276-GLU,41)     -18.11788994.
  Rotamer (A276-GLH, 5) self-energy     344.41323169 pruned by (A276-GLU,41)     -18.11788994.
  Rotamer (A276-GLH, 6) self-energy     137.14132747 pruned by (A276-GLU,41)     -18.11788994.
  Rotamer (A276-GLH, 7) self-energy    6270.36377871 pruned by (A276-GLU,41)     -18.11788994.
  Rotamer (A276-GLH, 8) self-energy     360.98719092 pruned by (A276-GLU,41)     -18.11788994.
  Rotamer (A276-GLH, 9) self-energy      48.45260934 pruned by (A276-GLU,41)     -18.11788994.
  Rotamer (A276-GLH,10) self-energy    4762.57763467 pruned by (A276-GLU,41)     -18.11788994.
  Rotamer (A276-GLH,11) self-energy    8806.79076654 pruned by (A276-GLU,41)     -18.11788994.
  Rotamer (A276-GLH,12) self-energy      52.24091829 pruned by (A276-GLU,41)     -18.11788994.
  Rotamer (A276-GLH,13) self-energy    2765.15588967 pruned by (A276-GLU,41)     -18.11788994.
  Rotamer (A276-GLH,14) self-energy     217.18909855 pruned by (A276-GLU,41)     -18.11788994.
  Rotamer (A276-GLH,15) self-energy   26549.17602217 pruned by (A276-GLU,41)     -18.11788994.
  Rotamer (A276-GLH,16) self-energy     383.47231760 pruned by (A276-GLU,41)     -18.11788994.
  Rotamer (A276-GLH,17) self-energy      50.81804301 pruned by (A276-GLU,41)     -18.11788994.
  Rotamer (A276-GLH,18) self-energy   11386.99553804 pruned by (A276-GLU,41)     -18.11788994.
  Rotamer (A276-GLH,19) self-energy   28270.88717877 pruned by (A276-GLU,41)     -18.11788994.
  Rotamer (A276-GLH,20) self-energy      53.70037368 pruned by (A276-GLU,41)     -18.11788994.
  Rotamer (A276-GLH,21) self-energy     347.70460439 pruned by (A276-GLU,41)     -18.11788994.
  Rotamer (A276-GLH,22) self-energy     140.69891051 pruned by (A276-GLU,41)     -18.11788994.
  Rotamer (A276-GLH,23) self-energy    6271.03118999 pruned by (A276-GLU,41)     -18.11788994.
  Rotamer (A276-GLH,24) self-energy     364.25131171 pruned by (A276-GLU,41)     -18.11788994.
  Rotamer (A276-GLH,25) self-energy      53.12823818 pruned by (A276-GLU,41)     -18.11788994.
  Rotamer (A276-GLH,26) self-energy    4181.91936518 pruned by (A276-GLU,41)     -18.11788994.
  Rotamer (A276-GLH,27) self-energy    7723.12504470 pruned by (A276-GLU,41)     -18.11788994.
  Rotamer (A276-GLH,28) self-energy      70.50873986 pruned by (A276-GLU,41)     -18.11788994.
  Rotamer (A276-GLH,29) self-energy     894.49701486 pruned by (A276-GLU,41)     -18.11788994.
  Rotamer (A276-GLH,30) self-energy     187.41213866 pruned by (A276-GLU,41)     -18.11788994.
  Rotamer (A276-GLH,31) self-energy    5404.22898062 pruned by (A276-GLU,41)     -18.11788994.
  Rotamer (A276-GLH,32) self-energy     347.41115267 pruned by (A276-GLU,41)     -18.11788994.
  Rotamer (A276-GLH,33) self-energy      65.56275187 pruned by (A276-GLU,41)     -18.11788994.
  Rotamer (A276-GLU,34) self-energy   11464.41443072 pruned by (A276-GLU,41)     -18.11788994.
  Rotamer (A276-GLU,35) self-energy   34755.44911941 pruned by (A276-GLU,41)     -18.11788994.
  Rotamer (A276-GLU,37) self-energy     386.30837382 pruned by (A276-GLU,41)     -18.11788994.
  Rotamer (A276-GLU,38) self-energy     102.67076488 pruned by (A276-GLU,41)     -18.11788994.
  Rotamer (A276-GLU,39) self-energy    8535.66952243 pruned by (A276-GLU,41)     -18.11788994.
  Rotamer (A276-GLU,40) self-energy     393.52163630 pruned by (A276-GLU,41)     -18.11788994.
  Rotamer (A279-LYD, 2) self-energy      40.68756336 pruned by (A279-LYS,48)     -22.03744866.
  Rotamer (A279-LYD, 3) self-energy    1903.89520201 pruned by (A279-LYS,48)     -22.03744866.
  Rotamer (A279-LYD, 4) self-energy      69.98103052 pruned by (A279-LYS,48)     -22.03744866.
  Rotamer (A279-LYD, 5) self-energy     142.97566647 pruned by (A279-LYS,48)     -22.03744866.
  Rotamer (A279-LYD, 6) self-energy      31.68607083 pruned by (A279-LYS,48)     -22.03744866.
  Rotamer (A279-LYD,17) self-energy       7.23641418 pruned by (A279-LYS,48)     -22.03744866.
  Rotamer (A279-LYD,18) self-energy      36.41769871 pruned by (A279-LYS,48)     -22.03744866.
  Rotamer (A279-LYD,24) self-energy     390.59718357 pruned by (A279-LYS,48)     -22.03744866.
  Rotamer (A279-LYS,29) self-energy      28.99020498 pruned by (A279-LYS,48)     -22.03744866.
  Rotamer (A279-LYS,31) self-energy      57.89579524 pruned by (A279-LYS,48)     -22.03744866.
  Rotamer (A279-LYS,32) self-energy     131.69836989 pruned by (A279-LYS,48)     -22.03744866.
  Rotamer (A279-LYS,33) self-energy      20.09972571 pruned by (A279-LYS,48)     -22.03744866.
  Rotamer (A279-LYS,45) self-energy      29.06231353 pruned by (A279-LYS,48)     -22.03744866.
  Rotamer (A279-LYS,51) self-energy     389.39012164 pruned by (A279-LYS,48)     -22.03744866.
  Rotamer (A284-ASH, 1) self-energy      57.18757954 pruned by (A284-ASP,22)     -19.22704826.
  Rotamer (A284-ASH, 2) self-energy      53.58363968 pruned by (A284-ASP,22)     -19.22704826.
  Rotamer (A284-ASH, 3) self-energy      53.18369257 pruned by (A284-ASP,22)     -19.22704826.
  Rotamer (A284-ASH, 4) self-energy     371.05275211 pruned by (A284-ASP,22)     -19.22704826.
  Rotamer (A284-ASH, 5) self-energy     344.69210767 pruned by (A284-ASP,22)     -19.22704826.
  Rotamer (A284-ASH, 6) self-energy      68.54201023 pruned by (A284-ASP,22)     -19.22704826.
  Rotamer (A284-ASH, 7) self-energy      56.16394244 pruned by (A284-ASP,22)     -19.22704826.
  Rotamer (A284-ASH, 8) self-energy      54.48802222 pruned by (A284-ASP,22)     -19.22704826.
  Rotamer (A284-ASH, 9) self-energy     217.58440840 pruned by (A284-ASP,22)     -19.22704826.
  Rotamer (A284-ASH,10) self-energy     116.64028387 pruned by (A284-ASP,22)     -19.22704826.
  Rotamer (A284-ASH,11) self-energy     102.25669534 pruned by (A284-ASP,22)     -19.22704826.
  Rotamer (A284-ASH,12) self-energy      58.81087273 pruned by (A284-ASP,22)     -19.22704826.
  Rotamer (A284-ASH,13) self-energy      59.02426312 pruned by (A284-ASP,22)     -19.22704826.
  Rotamer (A284-ASH,14) self-energy     372.87787765 pruned by (A284-ASP,22)     -19.22704826.
  Rotamer (A284-ASH,15) self-energy     129.09385070 pruned by (A284-ASP,22)     -19.22704826.
  Rotamer (A284-ASH,16) self-energy      73.70112577 pruned by (A284-ASP,22)     -19.22704826.
  Rotamer (A284-ASH,17) self-energy      75.81780441 pruned by (A284-ASP,22)     -19.22704826.
  Rotamer (A284-ASH,18) self-energy      73.29146908 pruned by (A284-ASP,22)     -19.22704826.
  Rotamer (A284-ASH,19) self-energy     183.14670889 pruned by (A284-ASP,22)     -19.22704826.
  Rotamer (A284-ASH,20) self-energy     121.31087760 pruned by (A284-ASP,22)     -19.22704826.
  Rotamer (A284-ASH,21) self-energy     123.09764405 pruned by (A284-ASP,22)     -19.22704826.
  Rotamer (A284-ASP,24) self-energy     364.62113748 pruned by (A284-ASP,22)     -19.22704826.
  Rotamer (A284-ASP,25) self-energy      54.18845033 pruned by (A284-ASP,22)     -19.22704826.
  Rotamer (A284-ASP,26) self-energy       6.42372217 pruned by (A284-ASP,22)     -19.22704826.
  Rotamer (A289-ASH, 1) self-energy      60.02484066 pruned by (A289-ASP, 0)     -15.90652117.
  Rotamer (A289-ASH, 2) self-energy      57.99432504 pruned by (A289-ASP, 0)     -15.90652117.
  Rotamer (A289-ASH, 3) self-energy      54.23183603 pruned by (A289-ASP, 0)     -15.90652117.
  Rotamer (A289-ASH, 4) self-energy     222.59138972 pruned by (A289-ASP, 0)     -15.90652117.
  Rotamer (A289-ASH, 5) self-energy     241.30722325 pruned by (A289-ASP, 0)     -15.90652117.
  Rotamer (A289-ASH, 6) self-energy      55.60544425 pruned by (A289-ASP, 0)     -15.90652117.
  Rotamer (A289-ASH, 7) self-energy      57.52777084 pruned by (A289-ASP, 0)     -15.90652117.
  Rotamer (A289-ASH, 8) self-energy      54.11304495 pruned by (A289-ASP, 0)     -15.90652117.
  Rotamer (A289-ASH, 9) self-energy     493.04134208 pruned by (A289-ASP, 0)     -15.90652117.
  Rotamer (A289-ASH,10) self-energy    9891.54607981 pruned by (A289-ASP, 0)     -15.90652117.
  Rotamer (A289-ASH,11) self-energy      58.97906981 pruned by (A289-ASP, 0)     -15.90652117.
  Rotamer (A289-ASH,12) self-energy      63.32390739 pruned by (A289-ASP, 0)     -15.90652117.
  Rotamer (A289-ASH,13) self-energy      60.22594785 pruned by (A289-ASP, 0)     -15.90652117.
  Rotamer (A289-ASH,14) self-energy     201.26669905 pruned by (A289-ASP, 0)     -15.90652117.
  Rotamer (A289-ASH,15) self-energy     245.78096398 pruned by (A289-ASP, 0)     -15.90652117.
  Rotamer (A289-ASH,16) self-energy      60.76169150 pruned by (A289-ASP, 0)     -15.90652117.
  Rotamer (A289-ASH,17) self-energy      79.06878578 pruned by (A289-ASP, 0)     -15.90652117.
  Rotamer (A289-ASH,18) self-energy      67.89165312 pruned by (A289-ASP, 0)     -15.90652117.
  Rotamer (A289-ASH,19) self-energy     896.13424870 pruned by (A289-ASP, 0)     -15.90652117.
  Rotamer (A289-ASH,20) self-energy     248.42314458 pruned by (A289-ASP, 0)     -15.90652117.
  Rotamer (A289-ASH,21) self-energy      76.89076512 pruned by (A289-ASP, 0)     -15.90652117.
  Rotamer (A289-ASP,24) self-energy     153.07096893 pruned by (A289-ASP, 0)     -15.90652117.
  Rotamer (A289-ASP,25) self-energy     229.61047190 pruned by (A289-ASP, 0)     -15.90652117.
  Rotamer (A292-LYD, 7) self-energy     441.20031162 pruned by (A292-LYS,31)     -20.41926434.
  Rotamer (A292-LYD, 8) self-energy     265.85240167 pruned by (A292-LYS,31)     -20.41926434.
  Rotamer (A292-LYD, 9) self-energy     254.87756364 pruned by (A292-LYS,31)     -20.41926434.
  Rotamer (A292-LYD,10) self-energy       6.08270405 pruned by (A292-LYS,31)     -20.41926434.
  Rotamer (A292-LYD,11) self-energy       4.94400911 pruned by (A292-LYS,31)     -20.41926434.
  Rotamer (A292-LYD,16) self-energy       5.70609766 pruned by (A292-LYS,31)     -20.41926434.
  Rotamer (A292-LYD,17) self-energy      15.66743996 pruned by (A292-LYS,31)     -20.41926434.
  Rotamer (A292-LYD,18) self-energy      37.37283995 pruned by (A292-LYS,31)     -20.41926434.
  Rotamer (A292-LYD,25) self-energy      28.65804344 pruned by (A292-LYS,31)     -20.41926434.
  Rotamer (A292-LYD,26) self-energy      27.69616353 pruned by (A292-LYS,31)     -20.41926434.
  Rotamer (A292-LYD,27) self-energy      29.57046414 pruned by (A292-LYS,31)     -20.41926434.
  Rotamer (A292-LYD,28) self-energy      32.35348308 pruned by (A292-LYS,31)     -20.41926434.
  Rotamer (A292-LYS,34) self-energy     434.44071385 pruned by (A292-LYS,31)     -20.41926434.
  Rotamer (A292-LYS,35) self-energy     261.22778517 pruned by (A292-LYS,31)     -20.41926434.
  Rotamer (A292-LYS,36) self-energy     240.52708753 pruned by (A292-LYS,31)     -20.41926434.
  Rotamer (A292-LYS,44) self-energy       5.09015613 pruned by (A292-LYS,31)     -20.41926434.
  Rotamer (A292-LYS,45) self-energy      28.73295449 pruned by (A292-LYS,31)     -20.41926434.
  Rotamer (A292-LYS,52) self-energy      16.08255627 pruned by (A292-LYS,31)     -20.41926434.
  Rotamer (A292-LYS,53) self-energy      13.91225591 pruned by (A292-LYS,31)     -20.41926434.
  Rotamer (A292-LYS,54) self-energy      16.30530116 pruned by (A292-LYS,31)     -20.41926434.
  Rotamer (A292-LYS,55) self-energy      17.88250332 pruned by (A292-LYS,31)     -20.41926434.
  Rotamer (A293-GLH, 1) self-energy      50.66791486 pruned by (A293-GLU,34)     -15.00658060.
  Rotamer (A293-GLH, 2) self-energy      46.38293198 pruned by (A293-GLU,34)     -15.00658060.
  Rotamer (A293-GLH, 3) self-energy      66.63647283 pruned by (A293-GLU,34)     -15.00658060.
  Rotamer (A293-GLH, 4) self-energy      55.04828710 pruned by (A293-GLU,34)     -15.00658060.
  Rotamer (A293-GLH, 5) self-energy      50.55069160 pruned by (A293-GLU,34)     -15.00658060.
  Rotamer (A293-GLH, 6) self-energy      57.95072875 pruned by (A293-GLU,34)     -15.00658060.
  Rotamer (A293-GLH, 7) self-energy      82.65165336 pruned by (A293-GLU,34)     -15.00658060.
  Rotamer (A293-GLH, 8) self-energy      47.99572491 pruned by (A293-GLU,34)     -15.00658060.
  Rotamer (A293-GLH, 9) self-energy      49.44472945 pruned by (A293-GLU,34)     -15.00658060.
  Rotamer (A293-GLH,10) self-energy      49.73416347 pruned by (A293-GLU,34)     -15.00658060.
  Rotamer (A293-GLH,11) self-energy     129.17753123 pruned by (A293-GLU,34)     -15.00658060.
  Rotamer (A293-GLH,12) self-energy      56.37175499 pruned by (A293-GLU,34)     -15.00658060.
  Rotamer (A293-GLH,13) self-energy      53.49989800 pruned by (A293-GLU,34)     -15.00658060.
  Rotamer (A293-GLH,14) self-energy      67.55758125 pruned by (A293-GLU,34)     -15.00658060.
  Rotamer (A293-GLH,15) self-energy      74.99494466 pruned by (A293-GLU,34)     -15.00658060.
  Rotamer (A293-GLH,16) self-energy      51.29314065 pruned by (A293-GLU,34)     -15.00658060.
  Rotamer (A293-GLH,17) self-energy      52.14426041 pruned by (A293-GLU,34)     -15.00658060.
  Rotamer (A293-GLH,18) self-energy      50.20417148 pruned by (A293-GLU,34)     -15.00658060.
  Rotamer (A293-GLH,19) self-energy      70.39528052 pruned by (A293-GLU,34)     -15.00658060.
  Rotamer (A293-GLH,20) self-energy      59.46194195 pruned by (A293-GLU,34)     -15.00658060.
  Rotamer (A293-GLH,21) self-energy      54.47117632 pruned by (A293-GLU,34)     -15.00658060.
  Rotamer (A293-GLH,22) self-energy      62.98673015 pruned by (A293-GLU,34)     -15.00658060.
  Rotamer (A293-GLH,23) self-energy      86.00228901 pruned by (A293-GLU,34)     -15.00658060.
  Rotamer (A293-GLH,24) self-energy      51.61614238 pruned by (A293-GLU,34)     -15.00658060.
  Rotamer (A293-GLH,25) self-energy      53.15203259 pruned by (A293-GLU,34)     -15.00658060.
  Rotamer (A293-GLH,26) self-energy      68.04288894 pruned by (A293-GLU,34)     -15.00658060.
  Rotamer (A293-GLH,27) self-energy     177.31434425 pruned by (A293-GLU,34)     -15.00658060.
  Rotamer (A293-GLH,28) self-energy      74.41171156 pruned by (A293-GLU,34)     -15.00658060.
  Rotamer (A293-GLH,29) self-energy      70.84728520 pruned by (A293-GLU,34)     -15.00658060.
  Rotamer (A293-GLH,30) self-energy      96.34201732 pruned by (A293-GLU,34)     -15.00658060.
  Rotamer (A293-GLH,31) self-energy     106.74377532 pruned by (A293-GLU,34)     -15.00658060.
  Rotamer (A293-GLH,32) self-energy      69.10449702 pruned by (A293-GLU,34)     -15.00658060.
  Rotamer (A293-GLH,33) self-energy      66.92216959 pruned by (A293-GLU,34)     -15.00658060.
  Rotamer (A293-GLU,39) self-energy      20.49563630 pruned by (A293-GLU,34)     -15.00658060.
  Rotamer (A296-HIS, 5) self-energy     590.28353299 pruned by (A296-HIE,19)     -32.27255388.
  Rotamer (A296-HIS, 6) self-energy     253.42205451 pruned by (A296-HIE,19)     -32.27255388.
  Rotamer (A296-HIS, 7) self-energy      41.49979924 pruned by (A296-HIE,19)     -32.27255388.
  Rotamer (A296-HID,13) self-energy     574.74354977 pruned by (A296-HIE,19)     -32.27255388.
  Rotamer (A296-HID,14) self-energy     240.13602442 pruned by (A296-HIE,19)     -32.27255388.
  Rotamer (A296-HID,15) self-energy      30.17726441 pruned by (A296-HIE,19)     -32.27255388.
  Rotamer (A296-HIE,21) self-energy     574.66606343 pruned by (A296-HIE,19)     -32.27255388.
  Rotamer (A296-HIE,22) self-energy     224.12050966 pruned by (A296-HIE,19)     -32.27255388.
  Rotamer (A296-HIE,23) self-energy      26.37252391 pruned by (A296-HIE,19)     -32.27255388.
  Rotamer (A297-GLH, 1) self-energy      52.01799630 pruned by (A297-GLU,41)     -16.28918832.
  Rotamer (A297-GLH, 2) self-energy      52.65945907 pruned by (A297-GLU,41)     -16.28918832.
  Rotamer (A297-GLH, 3) self-energy    7398.19243012 pruned by (A297-GLU,41)     -16.28918832.
  Rotamer (A297-GLH, 4) self-energy     164.67533905 pruned by (A297-GLU,41)     -16.28918832.
  Rotamer (A297-GLH, 5) self-energy      49.35346675 pruned by (A297-GLU,41)     -16.28918832.
  Rotamer (A297-GLH, 6) self-energy      52.64156229 pruned by (A297-GLU,41)     -16.28918832.
  Rotamer (A297-GLH, 7) self-energy    2075.04224382 pruned by (A297-GLU,41)     -16.28918832.
  Rotamer (A297-GLH, 8) self-energy      48.66315857 pruned by (A297-GLU,41)     -16.28918832.
  Rotamer (A297-GLH, 9) self-energy      47.93129086 pruned by (A297-GLU,41)     -16.28918832.
  Rotamer (A297-GLH,10) self-energy      56.02569125 pruned by (A297-GLU,41)     -16.28918832.
  Rotamer (A297-GLH,11) self-energy   96617.58164610 pruned by (A297-GLU,41)     -16.28918832.
  Rotamer (A297-GLH,12) self-energy      79.64812534 pruned by (A297-GLU,41)     -16.28918832.
  Rotamer (A297-GLH,13) self-energy      52.33291405 pruned by (A297-GLU,41)     -16.28918832.
  Rotamer (A297-GLH,14) self-energy      56.84812528 pruned by (A297-GLU,41)     -16.28918832.
  Rotamer (A297-GLH,15) self-energy    1313.65539238 pruned by (A297-GLU,41)     -16.28918832.
  Rotamer (A297-GLH,16) self-energy      51.94632269 pruned by (A297-GLU,41)     -16.28918832.
  Rotamer (A297-GLH,17) self-energy      51.03526502 pruned by (A297-GLU,41)     -16.28918832.
  Rotamer (A297-GLH,18) self-energy      56.34735707 pruned by (A297-GLU,41)     -16.28918832.
  Rotamer (A297-GLH,19) self-energy    7402.34305283 pruned by (A297-GLU,41)     -16.28918832.
  Rotamer (A297-GLH,20) self-energy     159.53336965 pruned by (A297-GLU,41)     -16.28918832.
  Rotamer (A297-GLH,21) self-energy      53.10015930 pruned by (A297-GLU,41)     -16.28918832.
  Rotamer (A297-GLH,22) self-energy      58.34399785 pruned by (A297-GLU,41)     -16.28918832.
  Rotamer (A297-GLH,23) self-energy    2078.93683615 pruned by (A297-GLU,41)     -16.28918832.
  Rotamer (A297-GLH,24) self-energy      52.35042433 pruned by (A297-GLU,41)     -16.28918832.
  Rotamer (A297-GLH,25) self-energy      52.34038112 pruned by (A297-GLU,41)     -16.28918832.
  Rotamer (A297-GLH,26) self-energy      74.24715766 pruned by (A297-GLU,41)     -16.28918832.
  Rotamer (A297-GLH,27) self-energy    4680.10448423 pruned by (A297-GLU,41)     -16.28918832.
  Rotamer (A297-GLH,28) self-energy      97.39315753 pruned by (A297-GLU,41)     -16.28918832.
  Rotamer (A297-GLH,29) self-energy      69.49319225 pruned by (A297-GLU,41)     -16.28918832.
  Rotamer (A297-GLH,30) self-energy      85.20923176 pruned by (A297-GLU,41)     -16.28918832.
  Rotamer (A297-GLH,31) self-energy    1021.34891980 pruned by (A297-GLU,41)     -16.28918832.
  Rotamer (A297-GLH,32) self-energy      69.56220556 pruned by (A297-GLU,41)     -16.28918832.
  Rotamer (A297-GLH,33) self-energy      65.86739543 pruned by (A297-GLU,41)     -16.28918832.
  Rotamer (A297-GLU,35) self-energy   10008.92234723 pruned by (A297-GLU,41)     -16.28918832.
  Rotamer (A297-GLU,36) self-energy      25.45057205 pruned by (A297-GLU,41)     -16.28918832.
  Rotamer (A297-GLU,39) self-energy    2731.11947938 pruned by (A297-GLU,41)     -16.28918832.
  Rotamer (A298-ASH, 1) self-energy      57.99648261 pruned by (A298-ASP, 0)     -17.41473781.
  Rotamer (A298-ASH, 2) self-energy      54.46017432 pruned by (A298-ASP, 0)     -17.41473781.
  Rotamer (A298-ASH, 3) self-energy      54.10589964 pruned by (A298-ASP, 0)     -17.41473781.
  Rotamer (A298-ASH, 4) self-energy     763.93716815 pruned by (A298-ASP, 0)     -17.41473781.
  Rotamer (A298-ASH, 5) self-energy     111.74189348 pruned by (A298-ASP, 0)     -17.41473781.
  Rotamer (A298-ASH, 6) self-energy      53.71871758 pruned by (A298-ASP, 0)     -17.41473781.
  Rotamer (A298-ASH, 7) self-energy      57.00427373 pruned by (A298-ASP, 0)     -17.41473781.
  Rotamer (A298-ASH, 8) self-energy      55.52291604 pruned by (A298-ASP, 0)     -17.41473781.
  Rotamer (A298-ASH, 9) self-energy    1823.64982394 pruned by (A298-ASP, 0)     -17.41473781.
  Rotamer (A298-ASH,10) self-energy     102.15541362 pruned by (A298-ASP, 0)     -17.41473781.
  Rotamer (A298-ASH,11) self-energy      57.01547927 pruned by (A298-ASP, 0)     -17.41473781.
  Rotamer (A298-ASH,12) self-energy      59.65699012 pruned by (A298-ASP, 0)     -17.41473781.
  Rotamer (A298-ASH,13) self-energy      59.93368327 pruned by (A298-ASP, 0)     -17.41473781.
  Rotamer (A298-ASH,14) self-energy     769.16834153 pruned by (A298-ASP, 0)     -17.41473781.
  Rotamer (A298-ASH,15) self-energy     118.16130551 pruned by (A298-ASP, 0)     -17.41473781.
  Rotamer (A298-ASH,16) self-energy      58.78667209 pruned by (A298-ASP, 0)     -17.41473781.
  Rotamer (A298-ASH,17) self-energy      81.56630293 pruned by (A298-ASP, 0)     -17.41473781.
  Rotamer (A298-ASH,18) self-energy      69.56574002 pruned by (A298-ASP, 0)     -17.41473781.
  Rotamer (A298-ASH,19) self-energy    5577.04813572 pruned by (A298-ASP, 0)     -17.41473781.
  Rotamer (A298-ASH,20) self-energy     112.95108498 pruned by (A298-ASP, 0)     -17.41473781.
  Rotamer (A298-ASH,21) self-energy      73.05023772 pruned by (A298-ASP, 0)     -17.41473781.
  Rotamer (A298-ASP,24) self-energy     884.24097387 pruned by (A298-ASP, 0)     -17.41473781.
  Rotamer (A298-ASP,25) self-energy      48.87803768 pruned by (A298-ASP, 0)     -17.41473781.
  Rotamer (A300-GLH, 1) self-energy      53.55295095 pruned by (A300-GLU,40)     -12.17362824.
  Rotamer (A300-GLH, 2) self-energy      51.88040272 pruned by (A300-GLU,40)     -12.17362824.
  Rotamer (A300-GLH, 3) self-energy     122.42600347 pruned by (A300-GLU,40)     -12.17362824.
  Rotamer (A300-GLH, 4) self-energy  184076.18874414 pruned by (A300-GLU,40)     -12.17362824.
  Rotamer (A300-GLH, 5) self-energy    1162.00953958 pruned by (A300-GLU,40)     -12.17362824.
  Rotamer (A300-GLH, 6) self-energy    1036.10943286 pruned by (A300-GLU,40)     -12.17362824.
  Rotamer (A300-GLH, 7) self-energy     116.71863234 pruned by (A300-GLU,40)     -12.17362824.
  Rotamer (A300-GLH, 8) self-energy      49.34494707 pruned by (A300-GLU,40)     -12.17362824.
  Rotamer (A300-GLH, 9) self-energy      90.39682418 pruned by (A300-GLU,40)     -12.17362824.
  Rotamer (A300-GLH,10) self-energy      55.21728366 pruned by (A300-GLU,40)     -12.17362824.
  Rotamer (A300-GLH,11) self-energy     274.22320922 pruned by (A300-GLU,40)     -12.17362824.
  Rotamer (A300-GLH,12) self-energy   16364.69881609 pruned by (A300-GLU,40)     -12.17362824.
  Rotamer (A300-GLH,13) self-energy    1161.82961722 pruned by (A300-GLU,40)     -12.17362824.
  Rotamer (A300-GLH,14) self-energy    1029.58162277 pruned by (A300-GLU,40)     -12.17362824.
  Rotamer (A300-GLH,15) self-energy     159.64928210 pruned by (A300-GLU,40)     -12.17362824.
  Rotamer (A300-GLH,16) self-energy      52.59068098 pruned by (A300-GLU,40)     -12.17362824.
  Rotamer (A300-GLH,17) self-energy     167.89917465 pruned by (A300-GLU,40)     -12.17362824.
  Rotamer (A300-GLH,18) self-energy      55.65226263 pruned by (A300-GLU,40)     -12.17362824.
  Rotamer (A300-GLH,19) self-energy     126.12393530 pruned by (A300-GLU,40)     -12.17362824.
  Rotamer (A300-GLH,20) self-energy  178073.21967014 pruned by (A300-GLU,40)     -12.17362824.
  Rotamer (A300-GLH,21) self-energy    1174.62908714 pruned by (A300-GLU,40)     -12.17362824.
  Rotamer (A300-GLH,22) self-energy    1139.97701603 pruned by (A300-GLU,40)     -12.17362824.
  Rotamer (A300-GLH,23) self-energy     115.49996943 pruned by (A300-GLU,40)     -12.17362824.
  Rotamer (A300-GLH,24) self-energy      53.10077509 pruned by (A300-GLU,40)     -12.17362824.
  Rotamer (A300-GLH,25) self-energy      94.97203701 pruned by (A300-GLU,40)     -12.17362824.
  Rotamer (A300-GLH,26) self-energy      73.87625666 pruned by (A300-GLU,40)     -12.17362824.
  Rotamer (A300-GLH,27) self-energy     235.96576763 pruned by (A300-GLU,40)     -12.17362824.
  Rotamer (A300-GLH,28) self-energy   16375.40535778 pruned by (A300-GLU,40)     -12.17362824.
  Rotamer (A300-GLH,29) self-energy    1179.23691427 pruned by (A300-GLU,40)     -12.17362824.
  Rotamer (A300-GLH,30) self-energy    1058.01483836 pruned by (A300-GLU,40)     -12.17362824.
  Rotamer (A300-GLH,31) self-energy     118.79060880 pruned by (A300-GLU,40)     -12.17362824.
  Rotamer (A300-GLH,32) self-energy      70.40908650 pruned by (A300-GLU,40)     -12.17362824.
  Rotamer (A300-GLH,33) self-energy     233.54999166 pruned by (A300-GLU,40)     -12.17362824.
  Rotamer (A300-GLU,35) self-energy      77.43089669 pruned by (A300-GLU,40)     -12.17362824.
  Rotamer (A300-GLU,36) self-energy   20533.85800852 pruned by (A300-GLU,40)     -12.17362824.
  Rotamer (A300-GLU,37) self-energy    1114.95686067 pruned by (A300-GLU,40)     -12.17362824.
  Rotamer (A300-GLU,38) self-energy     965.84574503 pruned by (A300-GLU,40)     -12.17362824.
  Rotamer (A300-GLU,39) self-energy      67.69621370 pruned by (A300-GLU,40)     -12.17362824.
  Rotamer (A300-GLU,41) self-energy      42.89874750 pruned by (A300-GLU,40)     -12.17362824.
  Rotamer (A304-GLH, 1) self-energy      55.86882575 pruned by (A304-GLU, 0)     -12.24428524.
  Rotamer (A304-GLH, 2) self-energy      51.47089332 pruned by (A304-GLU, 0)     -12.24428524.
  Rotamer (A304-GLH, 3) self-energy      74.54114074 pruned by (A304-GLU, 0)     -12.24428524.
  Rotamer (A304-GLH, 4) self-energy      75.84198141 pruned by (A304-GLU, 0)     -12.24428524.
  Rotamer (A304-GLH, 5) self-energy      67.51368321 pruned by (A304-GLU, 0)     -12.24428524.
  Rotamer (A304-GLH, 6) self-energy     119.03938623 pruned by (A304-GLU, 0)     -12.24428524.
  Rotamer (A304-GLH, 7) self-energy      70.12834707 pruned by (A304-GLU, 0)     -12.24428524.
  Rotamer (A304-GLH, 8) self-energy      51.10942756 pruned by (A304-GLU, 0)     -12.24428524.
  Rotamer (A304-GLH, 9) self-energy      51.76522803 pruned by (A304-GLU, 0)     -12.24428524.
  Rotamer (A304-GLH,10) self-energy      54.79454378 pruned by (A304-GLU, 0)     -12.24428524.
  Rotamer (A304-GLH,11) self-energy     176.01796091 pruned by (A304-GLU, 0)     -12.24428524.
  Rotamer (A304-GLH,12) self-energy      76.25371120 pruned by (A304-GLU, 0)     -12.24428524.
  Rotamer (A304-GLH,13) self-energy      70.53580191 pruned by (A304-GLU, 0)     -12.24428524.
  Rotamer (A304-GLH,14) self-energy     164.13877182 pruned by (A304-GLU, 0)     -12.24428524.
  Rotamer (A304-GLH,15) self-energy      72.20604866 pruned by (A304-GLU, 0)     -12.24428524.
  Rotamer (A304-GLH,16) self-energy      54.36638966 pruned by (A304-GLU, 0)     -12.24428524.
  Rotamer (A304-GLH,17) self-energy      54.47955690 pruned by (A304-GLU, 0)     -12.24428524.
  Rotamer (A304-GLH,18) self-energy      55.31852866 pruned by (A304-GLU, 0)     -12.24428524.
  Rotamer (A304-GLH,19) self-energy      78.22482810 pruned by (A304-GLU, 0)     -12.24428524.
  Rotamer (A304-GLH,20) self-energy      80.32595717 pruned by (A304-GLU, 0)     -12.24428524.
  Rotamer (A304-GLH,21) self-energy      71.37523753 pruned by (A304-GLU, 0)     -12.24428524.
  Rotamer (A304-GLH,22) self-energy     122.66428484 pruned by (A304-GLU, 0)     -12.24428524.
  Rotamer (A304-GLH,23) self-energy      72.92000077 pruned by (A304-GLU, 0)     -12.24428524.
  Rotamer (A304-GLH,24) self-energy      54.78011427 pruned by (A304-GLU, 0)     -12.24428524.
  Rotamer (A304-GLH,25) self-energy      55.90306082 pruned by (A304-GLU, 0)     -12.24428524.
  Rotamer (A304-GLH,26) self-energy      73.16629033 pruned by (A304-GLU, 0)     -12.24428524.
  Rotamer (A304-GLH,27) self-energy     150.05285408 pruned by (A304-GLU, 0)     -12.24428524.
  Rotamer (A304-GLH,28) self-energy      94.09507762 pruned by (A304-GLU, 0)     -12.24428524.
  Rotamer (A304-GLH,29) self-energy      87.94368124 pruned by (A304-GLU, 0)     -12.24428524.
  Rotamer (A304-GLH,30) self-energy     193.29664104 pruned by (A304-GLU, 0)     -12.24428524.
  Rotamer (A304-GLH,31) self-energy      98.66575537 pruned by (A304-GLU, 0)     -12.24428524.
  Rotamer (A304-GLH,32) self-energy      72.27861248 pruned by (A304-GLU, 0)     -12.24428524.
  Rotamer (A304-GLH,33) self-energy      69.29222781 pruned by (A304-GLU, 0)     -12.24428524.
  Rotamer (A304-GLU,35) self-energy      18.33715605 pruned by (A304-GLU, 0)     -12.24428524.
  Rotamer (A304-GLU,38) self-energy      96.78931792 pruned by (A304-GLU, 0)     -12.24428524.
  Rotamer (A305-HIS, 5) self-energy   27701.41444896 pruned by (A305-HIE,26)     -32.79629043.
  Rotamer (A305-HIS, 6) self-energy     119.26191424 pruned by (A305-HIE,26)     -32.79629043.
  Rotamer (A305-HIS, 7) self-energy     403.91786951 pruned by (A305-HIE,26)     -32.79629043.
  Rotamer (A305-HID,13) self-energy   28277.88349716 pruned by (A305-HIE,26)     -32.79629043.
  Rotamer (A305-HID,14) self-energy     101.15505033 pruned by (A305-HIE,26)     -32.79629043.
  Rotamer (A305-HID,15) self-energy     382.36898504 pruned by (A305-HIE,26)     -32.79629043.
  Rotamer (A305-HIE,21) self-energy   26850.64024425 pruned by (A305-HIE,26)     -32.79629043.
  Rotamer (A305-HIE,22) self-energy      95.15798010 pruned by (A305-HIE,26)     -32.79629043.
  Rotamer (A305-HIE,23) self-energy     342.22124946 pruned by (A305-HIE,26)     -32.79629043.
  Rotamer (A314-LYD, 7) self-energy  200882.25473967 pruned by (A314-LYS,48)     -22.95129299.
  Rotamer (A314-LYD, 8) self-energy   74953.76693465 pruned by (A314-LYS,48)     -22.95129299.
  Rotamer (A314-LYD, 9) self-energy   69968.88423033 pruned by (A314-LYS,48)     -22.95129299.
  Rotamer (A314-LYD,10) self-energy      17.82898214 pruned by (A314-LYS,48)     -22.95129299.
  Rotamer (A314-LYD,11) self-energy      16.54130661 pruned by (A314-LYS,48)     -22.95129299.
  Rotamer (A314-LYD,12) self-energy     273.03150817 pruned by (A314-LYS,48)     -22.95129299.
  Rotamer (A314-LYD,13) self-energy      39.78308364 pruned by (A314-LYS,48)     -22.95129299.
  Rotamer (A314-LYD,14) self-energy      47.13950692 pruned by (A314-LYS,48)     -22.95129299.
  Rotamer (A314-LYD,15) self-energy      16.89679895 pruned by (A314-LYS,48)     -22.95129299.
  Rotamer (A314-LYD,16) self-energy      34.92245117 pruned by (A314-LYS,48)     -22.95129299.
  Rotamer (A314-LYD,17) self-energy       2.94898137 pruned by (A314-LYS,48)     -22.95129299.
  Rotamer (A314-LYD,18) self-energy      38.00730958 pruned by (A314-LYS,48)     -22.95129299.
  Rotamer (A314-LYD,28) self-energy    2370.32842601 pruned by (A314-LYS,48)     -22.95129299.
  Rotamer (A314-LYS,34) self-energy  218703.64696112 pruned by (A314-LYS,48)     -22.95129299.
  Rotamer (A314-LYS,35) self-energy   90327.75470490 pruned by (A314-LYS,48)     -22.95129299.
  Rotamer (A314-LYS,36) self-energy   69995.60398147 pruned by (A314-LYS,48)     -22.95129299.
  Rotamer (A314-LYS,37) self-energy       6.18776723 pruned by (A314-LYS,48)     -22.95129299.
  Rotamer (A314-LYS,38) self-energy       3.59847516 pruned by (A314-LYS,48)     -22.95129299.
  Rotamer (A314-LYS,39) self-energy    2454.88481496 pruned by (A314-LYS,48)     -22.95129299.
  Rotamer (A314-LYS,40) self-energy      26.92938433 pruned by (A314-LYS,48)     -22.95129299.
  Rotamer (A314-LYS,41) self-energy      34.99373766 pruned by (A314-LYS,48)     -22.95129299.
  Rotamer (A314-LYS,42) self-energy       4.22707731 pruned by (A314-LYS,48)     -22.95129299.
  Rotamer (A314-LYS,43) self-energy      27.26240366 pruned by (A314-LYS,48)     -22.95129299.
  Rotamer (A314-LYS,45) self-energy      29.83266207 pruned by (A314-LYS,48)     -22.95129299.
  Rotamer (A314-LYS,55) self-energy    2437.65694228 pruned by (A314-LYS,48)     -22.95129299.
  Rotamer (A318-GLH, 1) self-energy      57.14959989 pruned by (A318-GLU, 0)     -12.45963482.
  Rotamer (A318-GLH, 2) self-energy      52.50052059 pruned by (A318-GLU, 0)     -12.45963482.
  Rotamer (A318-GLH, 3) self-energy     241.58154833 pruned by (A318-GLU, 0)     -12.45963482.
  Rotamer (A318-GLH, 4) self-energy      60.43101348 pruned by (A318-GLU, 0)     -12.45963482.
  Rotamer (A318-GLH, 5) self-energy      56.68269160 pruned by (A318-GLU, 0)     -12.45963482.
  Rotamer (A318-GLH, 6) self-energy      72.24526016 pruned by (A318-GLU, 0)     -12.45963482.
  Rotamer (A318-GLH, 7) self-energy     464.89564905 pruned by (A318-GLU, 0)     -12.45963482.
  Rotamer (A318-GLH, 8) self-energy      54.74626610 pruned by (A318-GLU, 0)     -12.45963482.
  Rotamer (A318-GLH, 9) self-energy      57.68321148 pruned by (A318-GLU, 0)     -12.45963482.
  Rotamer (A318-GLH,10) self-energy      55.87408026 pruned by (A318-GLU, 0)     -12.45963482.
  Rotamer (A318-GLH,11) self-energy     420.78875738 pruned by (A318-GLU, 0)     -12.45963482.
  Rotamer (A318-GLH,12) self-energy      62.27194089 pruned by (A318-GLU, 0)     -12.45963482.
  Rotamer (A318-GLH,13) self-energy      59.73976464 pruned by (A318-GLU, 0)     -12.45963482.
  Rotamer (A318-GLH,14) self-energy      87.37766590 pruned by (A318-GLU, 0)     -12.45963482.
  Rotamer (A318-GLH,15) self-energy     468.47754726 pruned by (A318-GLU, 0)     -12.45963482.
  Rotamer (A318-GLH,16) self-energy      58.02054143 pruned by (A318-GLU, 0)     -12.45963482.
  Rotamer (A318-GLH,17) self-energy      60.40350087 pruned by (A318-GLU, 0)     -12.45963482.
  Rotamer (A318-GLH,18) self-energy      56.62205649 pruned by (A318-GLU, 0)     -12.45963482.
  Rotamer (A318-GLH,19) self-energy     237.41523928 pruned by (A318-GLU, 0)     -12.45963482.
  Rotamer (A318-GLH,20) self-energy      64.35335730 pruned by (A318-GLU, 0)     -12.45963482.
  Rotamer (A318-GLH,21) self-energy      60.42095862 pruned by (A318-GLU, 0)     -12.45963482.
  Rotamer (A318-GLH,22) self-energy      73.75808014 pruned by (A318-GLU, 0)     -12.45963482.
  Rotamer (A318-GLH,23) self-energy     467.18636956 pruned by (A318-GLU, 0)     -12.45963482.
  Rotamer (A318-GLH,24) self-energy      58.41878171 pruned by (A318-GLU, 0)     -12.45963482.
  Rotamer (A318-GLH,25) self-energy      61.92247796 pruned by (A318-GLU, 0)     -12.45963482.
  Rotamer (A318-GLH,26) self-energy      74.28637579 pruned by (A318-GLU, 0)     -12.45963482.
  Rotamer (A318-GLH,27) self-energy     391.48995324 pruned by (A318-GLU, 0)     -12.45963482.
  Rotamer (A318-GLH,28) self-energy      80.48722944 pruned by (A318-GLU, 0)     -12.45963482.
  Rotamer (A318-GLH,29) self-energy      77.22050297 pruned by (A318-GLU, 0)     -12.45963482.
  Rotamer (A318-GLH,30) self-energy     113.97711020 pruned by (A318-GLU, 0)     -12.45963482.
  Rotamer (A318-GLH,31) self-energy     225.47541263 pruned by (A318-GLU, 0)     -12.45963482.
  Rotamer (A318-GLH,32) self-energy      75.91068986 pruned by (A318-GLU, 0)     -12.45963482.
  Rotamer (A318-GLH,33) self-energy      75.17829829 pruned by (A318-GLU, 0)     -12.45963482.
  Rotamer (A318-GLU,35) self-energy     279.56037432 pruned by (A318-GLU, 0)     -12.45963482.
  Rotamer (A318-GLU,38) self-energy      15.76118323 pruned by (A318-GLU, 0)     -12.45963482.
  Rotamer (A318-GLU,39) self-energy     513.58859509 pruned by (A318-GLU, 0)     -12.45963482.
  Rotamer (A320-HIS, 3) self-energy    1390.19101094 pruned by (A320-HIE,26)     -32.54155176.
  Rotamer (A320-HIS, 4) self-energy   12682.52865495 pruned by (A320-HIE,26)     -32.54155176.
  Rotamer (A320-HIS, 6) self-energy     202.31697307 pruned by (A320-HIE,26)     -32.54155176.
  Rotamer (A320-HIS, 7) self-energy      -5.28817998 pruned by (A320-HIE,26)     -32.54155176.
  Rotamer (A320-HID,11) self-energy    1384.58933787 pruned by (A320-HIE,26)     -32.54155176.
  Rotamer (A320-HID,12) self-energy   13880.18647640 pruned by (A320-HIE,26)     -32.54155176.
  Rotamer (A320-HID,14) self-energy     164.03756615 pruned by (A320-HIE,26)     -32.54155176.
  Rotamer (A320-HIE,19) self-energy    1374.84061810 pruned by (A320-HIE,26)     -32.54155176.
  Rotamer (A320-HIE,20) self-energy    8524.52638331 pruned by (A320-HIE,26)     -32.54155176.
  Rotamer (A320-HIE,22) self-energy     102.88635569 pruned by (A320-HIE,26)     -32.54155176.
 Loaded 2-body energies from restart file.
 Rotamer Pair (      4,38) (      6,20) 2-body energy          NaN pre-pruned since energy is NaN.
 Rotamer Pair (      4,38) (      6,47) 2-body energy          NaN pre-pruned since energy is NaN.
 Rotamer Pair (     19,10) (     29,37) 2-body energy          NaN pre-pruned since energy is NaN.
 Rotamer Pair (     19,18) (     29,37) 2-body energy          NaN pre-pruned since energy is NaN.
 Rotamer Pair (     35,24) (     38, 4) 2-body energy          NaN pre-pruned since energy is NaN.
 Rotamer Pair (     35,24) (     38,31) 2-body energy          NaN pre-pruned since energy is NaN.
 Rotamer Pair (     35,51) (     38, 4) 2-body energy          NaN pre-pruned since energy is NaN.
 Rotamer Pair (     35,51) (     38,31) 2-body energy          NaN pre-pruned since energy is NaN.
 Rotamer Pair (     42, 3) (     47,34) 2-body energy          NaN pre-pruned since energy is NaN.
 Rotamer Pair (     42, 4) (     47,34) 2-body energy          NaN pre-pruned since energy is NaN.
 Rotamer Pair (     42, 5) (     47,34) 2-body energy          NaN pre-pruned since energy is NaN.
 Rotamer Pair (     42, 6) (     47,34) 2-body energy          NaN pre-pruned since energy is NaN.
 Rotamer Pair (     42,31) (     47,34) 2-body energy          NaN pre-pruned since energy is NaN.
 Rotamer Pair (     42,32) (     47,34) 2-body energy          NaN pre-pruned since energy is NaN.
 Rotamer Pair (     42,33) (     47,34) 2-body energy          NaN pre-pruned since energy is NaN.
 Loaded trimer energies from restart file.

 Number of self energies: 0
 Backbone energy:     2777.74463185

 Time for single energies:        7.077
 Number of 2-body energies to calculate: 0
 Time for 2-body energies:         0.2474
 Number of 3-Body energies to calculate: 18001
 3-Body A132-GLU 34, A159-GLU 38, A161-GLU 34:      -0.00487080 at      1.929 Ang (1.348 Ang by residue) in 7.1671 (sec).
 3-Body A132-GLU 34, A159-GLU 38, A161-GLU 40:      -0.00775748 at      1.977 Ang (1.348 Ang by residue) in 7.0330 (sec).
 3-Body A132-GLU 34, A159-GLU 38, A161-GLU 39:      -0.02380723 at      1.910 Ang (1.348 Ang by residue) in 6.8969 (sec).
 3-Body A132-GLU 35, A141-LYS 0 , A159-GLU 36:       0.00038030 at      1.970 Ang (1.292 Ang by residue) in 6.7809 (sec).
 3-Body A132-GLU 35, A141-LYS 0 , A159-GLU 0 :       0.00084693 at      1.970 Ang (1.292 Ang by residue) in 6.8779 (sec).
 3-Body A132-GLU 35, A141-LYS 0 , A159-GLU 38:       0.00152323 at      1.970 Ang (1.292 Ang by residue) in 6.7937 (sec).
 3-Body A132-GLU 35, A141-LYS 0 , A159-GLU 37:       0.00064723 at      1.970 Ang (1.292 Ang by residue) in 6.8693 (sec).
 3-Body A132-GLU 35, A141-LYS 0 , A161-GLU 34:      -0.03790135 at      1.569 Ang (0.735 Ang by residue) in 6.9627 (sec).
 3-Body A132-GLU 35, A141-LYS 0 , A161-GLU 0 :       0.00361014 at      1.858 Ang (0.735 Ang by residue) in 6.7524 (sec).
 3-Body A132-GLU 35, A141-LYS 0 , A161-GLU 39:       0.00504999 at      1.772 Ang (0.735 Ang by residue) in 6.8293 (sec).
 3-Body A132-GLU 35, A141-LYS 0 , A161-GLU 37:       0.00341631 at      1.864 Ang (0.735 Ang by residue) in 6.8026 (sec).
 3-Body A132-GLU 35, A141-LYD 1 , A159-GLU 0 :       0.00025619 at      1.970 Ang (1.292 Ang by residue) in 7.5608 (sec).
 3-Body A132-GLU 35, A141-LYS 0 , A161-GLU 40:       0.00476479 at      1.825 Ang (0.735 Ang by residue) in 8.1727 (sec).
 3-Body A132-GLU 35, A141-LYD 1 , A159-GLU 37:       0.00010608 at      1.970 Ang (1.292 Ang by residue) in 8.0775 (sec).
 3-Body A132-GLU 35, A141-LYD 1 , A159-GLU 36:       0.00011468 at      1.970 Ang (1.292 Ang by residue) in 8.0275 (sec).
 3-Body A132-GLU 35, A141-LYD 1 , A161-GLU 0 :       0.00159635 at      1.858 Ang (0.735 Ang by residue) in 8.1518 (sec).
 3-Body A132-GLU 35, A141-LYD 1 , A159-GLU 38:       0.00041574 at      1.970 Ang (1.292 Ang by residue) in 7.9873 (sec).
 3-Body A132-GLU 35, A141-LYD 1 , A161-GLU 37:       0.00152928 at      1.864 Ang (0.735 Ang by residue) in 8.0540 (sec).
 3-Body A132-GLU 35, A141-LYD 1 , A161-GLU 34:      -0.03548187 at      1.569 Ang (0.735 Ang by residue) in 8.1261 (sec).
 3-Body A132-GLU 35, A141-LYD 1 , A161-GLU 40:       0.00248149 at      1.825 Ang (0.735 Ang by residue) in 8.0974 (sec).
 3-Body A132-GLU 35, A141-LYD 1 , A161-GLU 39:      -0.00007440 at      1.772 Ang (0.735 Ang by residue) in 8.0678 (sec).
 3-Body A132-GLU 35, A141-LYD 3 , A159-GLU 36:       0.00011470 at      2.058 Ang (1.292 Ang by residue) in 7.2725 (sec).
 3-Body A132-GLU 35, A141-LYD 3 , A159-GLU 0 :       0.00009707 at      2.032 Ang (1.292 Ang by residue) in 6.7512 (sec).
 3-Body A132-GLU 35, A141-LYD 3 , A159-GLU 38:       0.00145659 at      1.958 Ang (1.292 Ang by residue) in 6.6777 (sec).
 3-Body A132-GLU 35, A141-LYD 3 , A159-GLU 37:       0.00008689 at      2.053 Ang (1.292 Ang by residue) in 6.8235 (sec).
 3-Body A132-GLU 35, A141-LYD 3 , A161-GLU 37:      -0.00439506 at      1.865 Ang (0.735 Ang by residue) in 6.7500 (sec).
 3-Body A132-GLU 35, A141-LYD 3 , A161-GLU 0 :      -0.00415186 at      1.867 Ang (0.735 Ang by residue) in 6.9888 (sec).
 3-Body A132-GLU 35, A141-LYD 3 , A161-GLU 40:      -0.00711918 at      1.840 Ang (0.735 Ang by residue) in 6.7725 (sec).
 3-Body A132-GLU 35, A141-LYD 3 , A161-GLU 39:       0.00177082 at      1.799 Ang (0.735 Ang by residue) in 6.7408 (sec).
 3-Body A132-GLU 35, A141-LYD 4 , A159-GLU 36:       0.00007284 at      2.111 Ang (1.292 Ang by residue) in 7.2488 (sec).
 3-Body A132-GLU 35, A141-LYD 4 , A159-GLU 0 :      -0.00000365 at      2.094 Ang (1.292 Ang by residue) in 6.5594 (sec).
 3-Body A132-GLU 35, A141-LYD 4 , A159-GLU 38:       0.00032123 at      2.030 Ang (1.292 Ang by residue) in 6.4223 (sec).
 3-Body A132-GLU 35, A141-LYD 4 , A159-GLU 37:       0.00002019 at      2.107 Ang (1.292 Ang by residue) in 6.4643 (sec).
 3-Body A132-GLU 35, A141-LYD 4 , A161-GLU 37:      -0.00696976 at      1.890 Ang (0.735 Ang by residue) in 6.6041 (sec).
 3-Body A132-GLU 35, A141-LYD 4 , A161-GLU 0 :      -0.00687432 at      1.888 Ang (0.735 Ang by residue) in 6.4629 (sec).
 3-Body A132-GLU 35, A141-LYD 4 , A161-GLU 40:      -0.01012594 at      1.856 Ang (0.735 Ang by residue) in 6.4768 (sec).
 3-Body A132-GLU 35, A141-LYD 4 , A161-GLU 39:       0.00383944 at      1.833 Ang (0.735 Ang by residue) in 7.0039 (sec).
 3-Body A132-GLU 35, A141-LYD 5 , A159-GLU 36:       0.00008608 at      2.111 Ang (1.292 Ang by residue) in 7.2907 (sec).
 3-Body A132-GLU 35, A141-LYD 5 , A159-GLU 0 :       0.00002669 at      2.098 Ang (1.292 Ang by residue) in 7.3037 (sec).
 3-Body A132-GLU 35, A141-LYD 5 , A159-GLU 38:       0.00038652 at      2.029 Ang (1.292 Ang by residue) in 7.2169 (sec).
 3-Body A132-GLU 35, A141-LYD 5 , A159-GLU 37:       0.00004393 at      2.107 Ang (1.292 Ang by residue) in 7.2090 (sec).
 3-Body A132-GLU 35, A141-LYD 5 , A161-GLU 37:      -0.02687090 at      1.877 Ang (0.735 Ang by residue) in 8.1196 (sec).
 3-Body A132-GLU 35, A141-LYD 5 , A161-GLU 0 :      -0.02736205 at      1.870 Ang (0.735 Ang by residue) in 7.2606 (sec).
 3-Body A132-GLU 35, A141-LYD 5 , A161-GLU 40:      -0.00458730 at      1.828 Ang (0.735 Ang by residue) in 7.1356 (sec).
 3-Body A132-GLU 35, A141-LYD 5 , A161-GLU 39:       0.00371432 at      1.818 Ang (0.735 Ang by residue) in 7.1990 (sec).
 3-Body A132-GLU 35, A141-LYD 6 , A159-GLU 36:       0.00014401 at      2.071 Ang (1.292 Ang by residue) in 7.5138 (sec).
 3-Body A132-GLU 35, A141-LYD 6 , A159-GLU 0 :       0.00020302 at      2.071 Ang (1.292 Ang by residue) in 7.3399 (sec).
 3-Body A132-GLU 35, A141-LYD 6 , A159-GLU 38:       0.00050471 at      1.993 Ang (1.292 Ang by residue) in 7.4337 (sec).
 3-Body A132-GLU 35, A141-LYD 6 , A159-GLU 37:       0.00017209 at      2.071 Ang (1.292 Ang by residue) in 7.1188 (sec).
 3-Body A132-GLU 35, A141-LYD 6 , A161-GLU 37:      -0.00015238 at      1.895 Ang (0.735 Ang by residue) in 7.2594 (sec).
 3-Body A132-GLU 35, A141-LYD 6 , A161-GLU 0 :      -0.00044828 at      1.890 Ang (0.735 Ang by residue) in 7.2120 (sec).
 3-Body A132-GLU 35, A141-LYD 6 , A161-GLU 40:       0.00040144 at      1.854 Ang (0.735 Ang by residue) in 7.1475 (sec).
 3-Body A132-GLU 35, A141-LYD 6 , A161-GLU 39:       0.00093803 at      1.834 Ang (0.735 Ang by residue) in 7.2423 (sec).
 3-Body A132-GLU 35, A141-LYD 11, A159-GLU 36:       0.00023197 at      1.963 Ang (1.292 Ang by residue) in 7.1315 (sec).
 3-Body A132-GLU 35, A141-LYD 11, A159-GLU 0 :       0.00031013 at      1.963 Ang (1.292 Ang by residue) in 7.3126 (sec).
 3-Body A132-GLU 35, A141-LYD 11, A159-GLU 38:       0.00000538 at      1.902 Ang (1.292 Ang by residue) in 7.2581 (sec).
 3-Body A132-GLU 35, A141-LYD 11, A159-GLU 37:       0.00033414 at      1.963 Ang (1.292 Ang by residue) in 7.3725 (sec).
 3-Body A132-GLU 35, A141-LYD 11, A161-GLU 34:      -0.03532269 at      1.514 Ang (0.735 Ang by residue) in 7.3667 (sec).
 3-Body A132-GLU 35, A141-LYD 11, A161-GLU 0 :       0.00058922 at      1.851 Ang (0.735 Ang by residue) in 7.2829 (sec).
 3-Body A132-GLU 35, A141-LYD 11, A161-GLU 39:       0.00012162 at      1.764 Ang (0.735 Ang by residue) in 7.1387 (sec).
 3-Body A132-GLU 35, A141-LYD 11, A161-GLU 37:       0.00059123 at      1.856 Ang (0.735 Ang by residue) in 7.3310 (sec).
 3-Body A132-GLU 35, A141-LYD 12, A159-GLU 0 :       0.00402705 at      1.873 Ang (1.292 Ang by residue) in 7.0739 (sec).
 3-Body A132-GLU 35, A141-LYD 11, A161-GLU 40:       0.00103514 at      1.796 Ang (0.735 Ang by residue) in 7.2142 (sec).
 3-Body A132-GLU 35, A141-LYD 12, A159-GLU 37:       0.00424975 at      1.873 Ang (1.292 Ang by residue) in 7.4107 (sec).
 3-Body A132-GLU 35, A141-LYD 12, A159-GLU 36:       0.00133484 at      1.873 Ang (1.292 Ang by residue) in 7.2306 (sec).
 3-Body A132-GLU 35, A141-LYD 12, A161-GLU 0 :      -0.00362481 at      1.754 Ang (0.735 Ang by residue) in 7.4693 (sec).
 3-Body A132-GLU 35, A141-LYD 12, A159-GLU 38:       0.00067630 at      1.873 Ang (1.292 Ang by residue) in 7.2463 (sec).
 3-Body A132-GLU 35, A141-LYD 12, A161-GLU 37:      -0.00312296 at      1.760 Ang (0.735 Ang by residue) in 7.1279 (sec).
 3-Body A132-GLU 35, A141-LYD 12, A161-GLU 34:      -0.11757705 at      1.439 Ang (0.735 Ang by residue) in 6.8053 (sec).
 3-Body A132-GLU 35, A141-LYD 12, A161-GLU 40:      -0.00049463 at      1.720 Ang (0.735 Ang by residue) in 7.2216 (sec).
 3-Body A132-GLU 35, A141-LYD 12, A161-GLU 39:      -0.00239960 at      1.663 Ang (0.735 Ang by residue) in 7.0036 (sec).
 3-Body A132-GLU 35, A141-LYD 13, A159-GLU 36:       0.00066488 at      1.868 Ang (1.292 Ang by residue) in 6.9173 (sec).
 3-Body A132-GLU 35, A141-LYD 13, A159-GLU 0 :       0.00158871 at      1.868 Ang (1.292 Ang by residue) in 7.1511 (sec).
 3-Body A132-GLU 35, A141-LYD 13, A159-GLU 38:       0.00022387 at      1.868 Ang (1.292 Ang by residue) in 7.1068 (sec).
 3-Body A132-GLU 35, A141-LYD 13, A159-GLU 37:       0.00166788 at      1.868 Ang (1.292 Ang by residue) in 7.1470 (sec).
 3-Body A132-GLU 35, A141-LYD 13, A161-GLU 34:      -0.07171973 at      1.434 Ang (0.735 Ang by residue) in 7.0668 (sec).
 3-Body A132-GLU 35, A141-LYD 13, A161-GLU 0 :       0.00030179 at      1.750 Ang (0.735 Ang by residue) in 7.1998 (sec).
 3-Body A132-GLU 35, A141-LYD 13, A161-GLU 39:      -0.00136474 at      1.658 Ang (0.735 Ang by residue) in 6.9766 (sec).
 3-Body A132-GLU 35, A141-LYD 13, A161-GLU 37:       0.00043034 at      1.756 Ang (0.735 Ang by residue) in 6.8423 (sec).
 3-Body A132-GLU 35, A141-LYD 15, A159-GLU 0 :       0.00040985 at      1.977 Ang (1.292 Ang by residue) in 7.1517 (sec).
 3-Body A132-GLU 35, A141-LYD 13, A161-GLU 40:       0.00128967 at      1.715 Ang (0.735 Ang by residue) in 7.1091 (sec).
 3-Body A132-GLU 35, A141-LYD 15, A159-GLU 37:       0.00027231 at      1.977 Ang (1.292 Ang by residue) in 6.8936 (sec).
 3-Body A132-GLU 35, A141-LYD 15, A159-GLU 36:       0.00020312 at      1.977 Ang (1.292 Ang by residue) in 7.0383 (sec).
 3-Body A132-GLU 35, A141-LYD 15, A161-GLU 0 :       0.00238259 at      1.865 Ang (0.735 Ang by residue) in 6.9954 (sec).
 3-Body A132-GLU 35, A141-LYD 15, A159-GLU 38:       0.00033234 at      1.977 Ang (1.292 Ang by residue) in 7.0564 (sec).
 3-Body A132-GLU 35, A141-LYD 15, A161-GLU 37:       0.00219544 at      1.871 Ang (0.735 Ang by residue) in 7.1257 (sec).
 3-Body A132-GLU 35, A141-LYD 15, A161-GLU 34:      -0.02558720 at      1.565 Ang (0.735 Ang by residue) in 8.3092 (sec).
 3-Body A132-GLU 35, A141-LYD 15, A161-GLU 40:       0.00359084 at      1.833 Ang (0.735 Ang by residue) in 8.4059 (sec).
 3-Body A132-GLU 35, A141-LYD 15, A161-GLU 39:      -0.00123387 at      1.779 Ang (0.735 Ang by residue) in 8.4385 (sec).
 3-Body A132-GLU 35, A141-LYS 31, A159-GLU 36:       0.00025027 at      2.111 Ang (1.292 Ang by residue) in 8.4771 (sec).
 3-Body A132-GLU 35, A141-LYS 31, A159-GLU 0 :       0.00030471 at      2.094 Ang (1.292 Ang by residue) in 8.4404 (sec).
 3-Body A132-GLU 35, A141-LYS 31, A159-GLU 38:       0.00088212 at      2.030 Ang (1.292 Ang by residue) in 8.4927 (sec).
 3-Body A132-GLU 35, A141-LYS 31, A159-GLU 37:       0.00032178 at      2.107 Ang (1.292 Ang by residue) in 8.5826 (sec).
 3-Body A132-GLU 35, A141-LYS 31, A161-GLU 37:       0.00686138 at      1.890 Ang (0.735 Ang by residue) in 8.7697 (sec).
 3-Body A132-GLU 35, A141-LYS 31, A161-GLU 0 :       0.00598771 at      1.888 Ang (0.735 Ang by residue) in 8.4674 (sec).
 3-Body A132-GLU 35, A141-LYS 31, A161-GLU 40:       0.00147650 at      1.856 Ang (0.735 Ang by residue) in 8.6507 (sec).
 3-Body A132-GLU 35, A141-LYS 31, A161-GLU 39:       0.00979094 at      1.833 Ang (0.735 Ang by residue) in 8.6744 (sec).
 3-Body A132-GLU 35, A141-LYS 32, A159-GLU 36:       0.00021350 at      2.111 Ang (1.292 Ang by residue) in 8.2916 (sec).
 3-Body A132-GLU 35, A141-LYS 32, A159-GLU 0 :       0.00020169 at      2.098 Ang (1.292 Ang by residue) in 8.5582 (sec).
 3-Body A132-GLU 35, A141-LYS 32, A159-GLU 38:       0.00068779 at      2.029 Ang (1.292 Ang by residue) in 8.5647 (sec).
 3-Body A132-GLU 35, A141-LYS 32, A159-GLU 37:       0.00023042 at      2.107 Ang (1.292 Ang by residue) in 8.5664 (sec).
 3-Body A132-GLU 35, A141-LYS 32, A161-GLU 37:       0.00661705 at      1.877 Ang (0.735 Ang by residue) in 8.4499 (sec).
 3-Body A132-GLU 35, A141-LYS 32, A161-GLU 0 :       0.00585997 at      1.870 Ang (0.735 Ang by residue) in 8.3920 (sec).
 3-Body A132-GLU 35, A141-LYS 32, A161-GLU 40:      -0.00177659 at      1.828 Ang (0.735 Ang by residue) in 8.3648 (sec).
 3-Body A132-GLU 35, A141-LYS 32, A161-GLU 39:       0.00819501 at      1.818 Ang (0.735 Ang by residue) in 8.6029 (sec).
 3-Body A132-GLU 35, A141-LYS 33, A159-GLU 36:       0.00042485 at      2.071 Ang (1.292 Ang by residue) in 8.6513 (sec).
 3-Body A132-GLU 35, A141-LYS 33, A159-GLU 0 :       0.00080568 at      2.071 Ang (1.292 Ang by residue) in 8.3463 (sec).
 3-Body A132-GLU 35, A141-LYS 33, A159-GLU 38:       0.00184361 at      1.993 Ang (1.292 Ang by residue) in 8.5198 (sec).
 3-Body A132-GLU 35, A141-LYS 33, A159-GLU 37:       0.00069603 at      2.071 Ang (1.292 Ang by residue) in 8.4592 (sec).
 3-Body A132-GLU 35, A141-LYS 33, A161-GLU 37:       0.00546589 at      1.895 Ang (0.735 Ang by residue) in 8.3238 (sec).
 3-Body A132-GLU 35, A141-LYS 33, A161-GLU 0 :       0.00545889 at      1.890 Ang (0.735 Ang by residue) in 8.5384 (sec).
 3-Body A132-GLU 35, A141-LYS 33, A161-GLU 40:       0.01155235 at      1.854 Ang (0.735 Ang by residue) in 8.3504 (sec).
 3-Body A132-GLU 35, A141-LYS 33, A161-GLU 39:       0.00791974 at      1.834 Ang (0.735 Ang by residue) in 8.3626 (sec).
 3-Body A132-GLU 35, A141-LYS 37, A159-GLU 36:       0.00166371 at      1.940 Ang (1.292 Ang by residue) in 8.6442 (sec).
 3-Body A132-GLU 35, A141-LYS 37, A159-GLU 0 :       0.00284150 at      1.906 Ang (1.292 Ang by residue) in 8.6710 (sec).
 3-Body A132-GLU 35, A141-LYS 37, A159-GLU 38:       0.00417425 at      1.823 Ang (1.292 Ang by residue) in 8.6145 (sec).
 3-Body A132-GLU 35, A141-LYS 37, A159-GLU 37:       0.00304987 at      1.940 Ang (1.292 Ang by residue) in 8.4698 (sec).
 3-Body A132-GLU 35, A141-LYS 37, A161-GLU 34:      -0.03850196 at      1.518 Ang (0.735 Ang by residue) in 8.7370 (sec).
 3-Body A132-GLU 35, A141-LYS 37, A161-GLU 0 :       0.00293033 at      1.851 Ang (0.735 Ang by residue) in 8.5150 (sec).
 3-Body A132-GLU 35, A141-LYS 37, A161-GLU 39:       0.01595349 at      1.762 Ang (0.735 Ang by residue) in 8.4849 (sec).
 3-Body A132-GLU 35, A141-LYS 37, A161-GLU 37:       0.00320661 at      1.856 Ang (0.735 Ang by residue) in 8.5302 (sec).
 3-Body A132-GLU 35, A141-LYS 38, A159-GLU 0 :       0.00146548 at      1.963 Ang (1.292 Ang by residue) in 8.2945 (sec).
 3-Body A132-GLU 35, A141-LYS 37, A161-GLU 40:       0.00887123 at      1.801 Ang (0.735 Ang by residue) in 7.3887 (sec).
 3-Body A132-GLU 35, A141-LYS 38, A159-GLU 37:       0.00144951 at      1.963 Ang (1.292 Ang by residue) in 7.5810 (sec).
 3-Body A132-GLU 35, A141-LYS 38, A159-GLU 36:       0.00074704 at      1.963 Ang (1.292 Ang by residue) in 7.4203 (sec).
 3-Body A132-GLU 35, A141-LYS 38, A161-GLU 0 :       0.00362391 at      1.851 Ang (0.735 Ang by residue) in 7.4840 (sec).
 3-Body A132-GLU 35, A141-LYS 38, A159-GLU 38:       0.00182472 at      1.902 Ang (1.292 Ang by residue) in 8.1538 (sec).
 3-Body A132-GLU 35, A141-LYS 38, A161-GLU 37:       0.00365577 at      1.856 Ang (0.735 Ang by residue) in 8.8182 (sec).
 3-Body A132-GLU 35, A141-LYS 38, A161-GLU 34:      -0.03414880 at      1.514 Ang (0.735 Ang by residue) in 8.5508 (sec).
 3-Body A132-GLU 35, A141-LYS 38, A161-GLU 40:       0.00858148 at      1.796 Ang (0.735 Ang by residue) in 9.0740 (sec).
 3-Body A132-GLU 35, A141-LYS 38, A161-GLU 39:       0.00795438 at      1.764 Ang (0.735 Ang by residue) in 8.5953 (sec).
 3-Body A132-GLU 35, A141-LYS 39, A159-GLU 36:       0.00568644 at      1.873 Ang (1.292 Ang by residue) in 8.4584 (sec).
 3-Body A132-GLU 35, A141-LYS 39, A159-GLU 0 :       0.01166454 at      1.873 Ang (1.292 Ang by residue) in 8.5867 (sec).
 3-Body A132-GLU 35, A141-LYS 39, A159-GLU 38:       0.01502335 at      1.873 Ang (1.292 Ang by residue) in 8.6454 (sec).
 3-Body A132-GLU 35, A141-LYS 39, A159-GLU 37:       0.00972413 at      1.873 Ang (1.292 Ang by residue) in 8.6491 (sec).
 3-Body A132-GLU 35, A141-LYS 39, A161-GLU 34:      -0.00938223 at      1.439 Ang (0.735 Ang by residue) in 8.6485 (sec).
 3-Body A132-GLU 35, A141-LYS 39, A161-GLU 0 :       0.02444413 at      1.754 Ang (0.735 Ang by residue) in 8.9366 (sec).
 3-Body A132-GLU 35, A141-LYS 39, A161-GLU 39:       0.02176010 at      1.663 Ang (0.735 Ang by residue) in 8.7144 (sec).
 3-Body A132-GLU 35, A141-LYS 39, A161-GLU 37:       0.02383176 at      1.760 Ang (0.735 Ang by residue) in 8.5371 (sec).
 3-Body A132-GLU 35, A141-LYS 40, A159-GLU 0 :       0.00526917 at      1.868 Ang (1.292 Ang by residue) in 8.3477 (sec).
 3-Body A132-GLU 35, A141-LYS 39, A161-GLU 40:       0.02899211 at      1.720 Ang (0.735 Ang by residue) in 8.6984 (sec).
 3-Body A132-GLU 35, A141-LYS 40, A159-GLU 37:       0.00471210 at      1.868 Ang (1.292 Ang by residue) in 8.6585 (sec).
 3-Body A132-GLU 35, A141-LYS 40, A159-GLU 36:       0.00209433 at      1.868 Ang (1.292 Ang by residue) in 8.6125 (sec).
 3-Body A132-GLU 35, A141-LYS 40, A161-GLU 0 :       0.00779115 at      1.750 Ang (0.735 Ang by residue) in 9.1653 (sec).
 3-Body A132-GLU 35, A141-LYS 40, A159-GLU 38:       0.00573360 at      1.868 Ang (1.292 Ang by residue) in 8.7301 (sec).
 3-Body A132-GLU 35, A141-LYS 40, A161-GLU 37:       0.00777088 at      1.756 Ang (0.735 Ang by residue) in 8.7226 (sec).
 3-Body A132-GLU 35, A141-LYS 40, A161-GLU 34:      -0.05057322 at      1.434 Ang (0.735 Ang by residue) in 8.7886 (sec).
 3-Body A132-GLU 35, A141-LYS 40, A161-GLU 40:       0.01239739 at      1.715 Ang (0.735 Ang by residue) in 8.6432 (sec).
 3-Body A132-GLU 35, A141-LYS 40, A161-GLU 39:       0.01197061 at      1.658 Ang (0.735 Ang by residue) in 8.6839 (sec).
 3-Body A132-GLU 35, A141-LYS 42, A159-GLU 36:       0.00054916 at      1.977 Ang (1.292 Ang by residue) in 8.7671 (sec).
 3-Body A132-GLU 35, A141-LYS 42, A159-GLU 0 :       0.00120081 at      1.977 Ang (1.292 Ang by residue) in 8.8809 (sec).
 3-Body A132-GLU 35, A141-LYS 42, A159-GLU 38:       0.00190042 at      1.977 Ang (1.292 Ang by residue) in 8.7820 (sec).
 3-Body A132-GLU 35, A141-LYS 42, A159-GLU 37:       0.00090002 at      1.977 Ang (1.292 Ang by residue) in 8.6811 (sec).
 3-Body A132-GLU 35, A141-LYS 42, A161-GLU 34:      -0.01823929 at      1.565 Ang (0.735 Ang by residue) in 8.6880 (sec).
 3-Body A132-GLU 35, A141-LYS 42, A161-GLU 0 :       0.00477736 at      1.865 Ang (0.735 Ang by residue) in 8.6843 (sec).
 3-Body A132-GLU 35, A141-LYS 42, A161-GLU 39:       0.00412745 at      1.779 Ang (0.735 Ang by residue) in 8.9176 (sec).
 3-Body A132-GLU 35, A141-LYS 42, A161-GLU 37:       0.00458251 at      1.871 Ang (0.735 Ang by residue) in 8.7500 (sec).
 3-Body A132-GLU 35, A159-GLU 0 , A161-GLU 0 :      -0.00019882 at      2.293 Ang (1.348 Ang by residue) in 8.7975 (sec).
 3-Body A132-GLU 35, A141-LYS 42, A161-GLU 40:       0.00632228 at      1.833 Ang (0.735 Ang by residue) in 8.7473 (sec).
 3-Body A132-GLU 35, A159-GLU 0 , A161-GLU 37:      -0.00020272 at      2.297 Ang (1.348 Ang by residue) in 8.6697 (sec).
 3-Body A132-GLU 35, A159-GLU 0 , A161-GLU 34:      -0.00021827 at      2.129 Ang (1.348 Ang by residue) in 8.6335 (sec).
 3-Body A132-GLU 35, A159-GLU 0 , A161-GLU 40:      -0.00092419 at      2.205 Ang (1.348 Ang by residue) in 8.3729 (sec).
 3-Body A132-GLU 35, A159-GLU 0 , A161-GLU 39:      -0.00479479 at      2.113 Ang (1.348 Ang by residue) in 8.7485 (sec).
 3-Body A132-GLU 35, A159-GLU 36, A161-GLU 34:      -0.00003512 at      2.129 Ang (1.348 Ang by residue) in 8.7650 (sec).
 3-Body A132-GLU 35, A159-GLU 36, A161-GLU 0 :      -0.00004038 at      2.293 Ang (1.348 Ang by residue) in 8.5526 (sec).
 3-Body A132-GLU 35, A159-GLU 36, A161-GLU 39:      -0.00200607 at      2.129 Ang (1.348 Ang by residue) in 8.5743 (sec).
 3-Body A132-GLU 35, A159-GLU 36, A161-GLU 37:      -0.00003786 at      2.297 Ang (1.348 Ang by residue) in 8.7005 (sec).
 3-Body A132-GLU 35, A159-GLU 37, A161-GLU 0 :      -0.00008908 at      2.293 Ang (1.348 Ang by residue) in 8.9764 (sec).
 3-Body A132-GLU 35, A159-GLU 36, A161-GLU 40:       0.00004819 at      2.203 Ang (1.348 Ang by residue) in 8.8757 (sec).
 3-Body A132-GLU 35, A159-GLU 37, A161-GLU 37:      -0.00008750 at      2.297 Ang (1.348 Ang by residue) in 8.7146 (sec).
 3-Body A132-GLU 35, A159-GLU 37, A161-GLU 34:      -0.00005658 at      2.129 Ang (1.348 Ang by residue) in 9.0081 (sec).
 3-Body A132-GLU 35, A159-GLU 37, A161-GLU 40:      -0.00008943 at      2.199 Ang (1.348 Ang by residue) in 8.8231 (sec).
 3-Body A132-GLU 35, A159-GLU 37, A161-GLU 39:      -0.00392942 at      2.121 Ang (1.348 Ang by residue) in 8.7782 (sec).
 3-Body A132-GLU 35, A159-GLU 38, A161-GLU 34:      -0.00032574 at      2.056 Ang (1.348 Ang by residue) in 8.7793 (sec).
 3-Body A132-GLU 35, A159-GLU 38, A161-GLU 0 :      -0.00032679 at      2.223 Ang (1.348 Ang by residue) in 8.4962 (sec).
 3-Body A132-GLU 35, A159-GLU 38, A161-GLU 39:      -0.01197914 at      2.044 Ang (1.348 Ang by residue) in 8.4365 (sec).
 3-Body A132-GLU 35, A159-GLU 38, A161-GLU 37:      -0.00034296 at      2.229 Ang (1.348 Ang by residue) in 8.3925 (sec).
 3-Body A141-LYS 0 , A159-GLU 0 , A161-GLU 0 :      -0.00126643 at      1.755 Ang (0.701 Ang by residue) in 8.5735 (sec).
 3-Body A132-GLU 35, A159-GLU 38, A161-GLU 40:       0.00023810 at      2.129 Ang (1.348 Ang by residue) in 8.4009 (sec).
 3-Body A141-LYS 0 , A159-GLU 0 , A161-GLU 37:      -0.00095700 at      1.755 Ang (0.701 Ang by residue) in 8.3244 (sec).
 3-Body A141-LYS 0 , A159-GLU 0 , A161-GLU 34:      -0.01495731 at      1.677 Ang (0.701 Ang by residue) in 8.5563 (sec).
 3-Body A141-LYS 0 , A159-GLU 0 , A161-GLU 40:      -0.01597894 at      1.675 Ang (0.701 Ang by residue) in 8.4385 (sec).
 3-Body A141-LYS 0 , A159-GLU 0 , A161-GLU 39:       0.01674501 at      1.613 Ang (0.701 Ang by residue) in 8.6385 (sec).
 3-Body A141-LYS 0 , A159-GLU 36, A161-GLU 34:      -0.00224861 at      1.677 Ang (0.701 Ang by residue) in 8.6621 (sec).
 3-Body A141-LYS 0 , A159-GLU 36, A161-GLU 0 :      -0.00125360 at      1.755 Ang (0.701 Ang by residue) in 8.6163 (sec).
 3-Body A141-LYS 0 , A159-GLU 36, A161-GLU 39:       0.02350880 at      1.633 Ang (0.701 Ang by residue) in 8.6361 (sec).
 3-Body A141-LYS 0 , A159-GLU 36, A161-GLU 37:      -0.00103539 at      1.755 Ang (0.701 Ang by residue) in 8.7712 (sec).
 3-Body A141-LYS 0 , A159-GLU 37, A161-GLU 0 :      -0.00076139 at      1.755 Ang (0.701 Ang by residue) in 8.2212 (sec).
 3-Body A141-LYS 0 , A159-GLU 36, A161-GLU 40:       0.00107724 at      1.672 Ang (0.701 Ang by residue) in 8.8684 (sec).
 3-Body A141-LYS 0 , A159-GLU 37, A161-GLU 37:      -0.00055126 at      1.755 Ang (0.701 Ang by residue) in 8.5539 (sec).
 3-Body A141-LYS 0 , A159-GLU 37, A161-GLU 34:       0.00575655 at      1.677 Ang (0.701 Ang by residue) in 8.5441 (sec).
 3-Body A141-LYS 0 , A159-GLU 37, A161-GLU 40:       0.00080680 at      1.667 Ang (0.701 Ang by residue) in 7.6796 (sec).
 3-Body A141-LYS 0 , A159-GLU 37, A161-GLU 39:       0.03258174 at      1.623 Ang (0.701 Ang by residue) in 7.1814 (sec).
 3-Body A141-LYS 0 , A159-GLU 38, A161-GLU 34:      -0.13152469 at      1.582 Ang (0.701 Ang by residue) in 7.2666 (sec).
 3-Body A141-LYS 0 , A159-GLU 38, A161-GLU 0 :      -0.01650283 at      1.663 Ang (0.701 Ang by residue) in 7.1975 (sec).
 3-Body A141-LYS 0 , A159-GLU 38, A161-GLU 39:      -0.21722519 at      1.521 Ang (0.701 Ang by residue) in 6.9761 (sec).
 3-Body A141-LYS 0 , A159-GLU 38, A161-GLU 37:      -0.01532096 at      1.665 Ang (0.701 Ang by residue) in 7.2407 (sec).
 3-Body A141-LYD 1 , A159-GLU 0 , A161-GLU 0 :      -0.00135455 at      1.755 Ang (0.701 Ang by residue) in 7.1495 (sec).
 3-Body A141-LYS 0 , A159-GLU 38, A161-GLU 40:      -0.07571868 at      1.574 Ang (0.701 Ang by residue) in 7.2770 (sec).
 3-Body A141-LYD 1 , A159-GLU 0 , A161-GLU 37:      -0.00123142 at      1.755 Ang (0.701 Ang by residue) in 7.0921 (sec).
 3-Body A141-LYD 1 , A159-GLU 0 , A161-GLU 34:      -0.02060526 at      1.677 Ang (0.701 Ang by residue) in 7.0493 (sec).
 3-Body A141-LYD 1 , A159-GLU 0 , A161-GLU 40:      -0.01916525 at      1.675 Ang (0.701 Ang by residue) in 7.1248 (sec).
 3-Body A141-LYD 1 , A159-GLU 0 , A161-GLU 39:      -0.03691831 at      1.613 Ang (0.701 Ang by residue) in 7.1032 (sec).
 3-Body A141-LYD 1 , A159-GLU 36, A161-GLU 34:      -0.00202665 at      1.677 Ang (0.701 Ang by residue) in 7.1968 (sec).
 3-Body A141-LYD 1 , A159-GLU 36, A161-GLU 0 :      -0.00003240 at      1.755 Ang (0.701 Ang by residue) in 7.1820 (sec).
 3-Body A141-LYD 1 , A159-GLU 36, A161-GLU 39:      -0.00322474 at      1.633 Ang (0.701 Ang by residue) in 7.2053 (sec).
 3-Body A141-LYD 1 , A159-GLU 36, A161-GLU 37:       0.00002414 at      1.755 Ang (0.701 Ang by residue) in 7.2925 (sec).
 3-Body A141-LYD 1 , A159-GLU 37, A161-GLU 0 :      -0.00103415 at      1.755 Ang (0.701 Ang by residue) in 7.1012 (sec).
 3-Body A141-LYD 1 , A159-GLU 36, A161-GLU 40:       0.00017280 at      1.672 Ang (0.701 Ang by residue) in 8.8595 (sec).
 3-Body A141-LYD 1 , A159-GLU 37, A161-GLU 37:      -0.00088450 at      1.755 Ang (0.701 Ang by residue) in 8.5993 (sec).
 3-Body A141-LYD 1 , A159-GLU 37, A161-GLU 34:       0.00022143 at      1.677 Ang (0.701 Ang by residue) in 8.7338 (sec).
 3-Body A141-LYD 1 , A159-GLU 37, A161-GLU 40:      -0.00707750 at      1.667 Ang (0.701 Ang by residue) in 8.7138 (sec).
 3-Body A141-LYD 1 , A159-GLU 37, A161-GLU 39:      -0.01012414 at      1.623 Ang (0.701 Ang by residue) in 8.4215 (sec).
 3-Body A141-LYD 1 , A159-GLU 38, A161-GLU 34:      -0.12702538 at      1.582 Ang (0.701 Ang by residue) in 7.8501 (sec).
 3-Body A141-LYD 1 , A159-GLU 38, A161-GLU 0 :      -0.00823106 at      1.663 Ang (0.701 Ang by residue) in 7.0982 (sec).
 3-Body A141-LYD 1 , A159-GLU 38, A161-GLU 39:      -0.15487755 at      1.521 Ang (0.701 Ang by residue) in 8.3687 (sec).
 3-Body A141-LYD 1 , A159-GLU 38, A161-GLU 37:      -0.00829842 at      1.665 Ang (0.701 Ang by residue) in 9.0284 (sec).
 3-Body A141-LYD 3 , A159-GLU 0 , A161-GLU 0 :      -0.06503800 at      1.487 Ang (0.701 Ang by residue) in 8.3026 (sec).
 3-Body A141-LYD 1 , A159-GLU 38, A161-GLU 40:      -0.07642126 at      1.574 Ang (0.701 Ang by residue) in 8.2960 (sec).
 3-Body A141-LYD 3 , A159-GLU 0 , A161-GLU 39:      -0.12129255 at      1.342 Ang (0.701 Ang by residue) in 8.3567 (sec).
 3-Body A141-LYD 3 , A159-GLU 0 , A161-GLU 37:      -0.07858271 at      1.478 Ang (0.701 Ang by residue) in 8.5273 (sec).
 3-Body A141-LYD 3 , A159-GLU 36, A161-GLU 0 :       0.00595790 at      1.523 Ang (0.701 Ang by residue) in 8.4143 (sec).
 3-Body A141-LYD 3 , A159-GLU 0 , A161-GLU 40:      -0.33061724 at      1.400 Ang (0.701 Ang by residue) in 8.9235 (sec).
 3-Body A141-LYD 3 , A159-GLU 36, A161-GLU 39:      -0.44460171 at      1.405 Ang (0.701 Ang by residue) in 8.6066 (sec).
 3-Body A141-LYD 3 , A159-GLU 36, A161-GLU 37:       0.00554095 at      1.514 Ang (0.701 Ang by residue) in 8.4520 (sec).
 3-Body A141-LYD 3 , A159-GLU 37, A161-GLU 0 :      -0.02195056 at      1.517 Ang (0.701 Ang by residue) in 8.4238 (sec).
 3-Body A141-LYD 3 , A159-GLU 36, A161-GLU 40:      -0.17382406 at      1.434 Ang (0.701 Ang by residue) in 8.5133 (sec).
 3-Body A141-LYD 3 , A159-GLU 37, A161-GLU 39:      -0.51579939 at      1.386 Ang (0.701 Ang by residue) in 8.6157 (sec).
 3-Body A141-LYD 3 , A159-GLU 37, A161-GLU 37:      -0.02541706 at      1.508 Ang (0.701 Ang by residue) in 8.4522 (sec).
 3-Body A141-LYD 3 , A159-GLU 38, A161-GLU 0 :      -0.50549543 at      1.266 Ang (0.701 Ang by residue) in 8.6854 (sec).
 3-Body A141-LYD 3 , A159-GLU 37, A161-GLU 40:      -0.24261203 at      1.422 Ang (0.701 Ang by residue) in 8.5627 (sec).
 3-Body A141-LYD 3 , A159-GLU 38, A161-GLU 39:       1.53162900 at      1.103 Ang (0.701 Ang by residue) in 8.2686 (sec).
 3-Body A141-LYD 3 , A159-GLU 38, A161-GLU 37:      -0.56387770 at      1.258 Ang (0.701 Ang by residue) in 8.7604 (sec).
 3-Body A141-LYD 4 , A159-GLU 0 , A161-GLU 0 :      -0.02204655 at      1.596 Ang (0.701 Ang by residue) in 8.4890 (sec).
 3-Body A141-LYD 3 , A159-GLU 38, A161-GLU 40:      -1.13560170 at      1.156 Ang (0.701 Ang by residue) in 8.4319 (sec).
 3-Body A141-LYD 4 , A159-GLU 0 , A161-GLU 39:      -0.36674529 at      1.477 Ang (0.701 Ang by residue) in 8.2304 (sec).
 3-Body A141-LYD 4 , A159-GLU 0 , A161-GLU 37:      -0.02681232 at      1.592 Ang (0.701 Ang by residue) in 7.1282 (sec).
 3-Body A141-LYD 4 , A159-GLU 36, A161-GLU 0 :       0.00409629 at      1.618 Ang (0.701 Ang by residue) in 7.3087 (sec).
 3-Body A141-LYD 4 , A159-GLU 0 , A161-GLU 40:       0.10341288 at      1.509 Ang (0.701 Ang by residue) in 7.3426 (sec).
 3-Body A141-LYD 4 , A159-GLU 36, A161-GLU 39:      -0.03835107 at      1.522 Ang (0.701 Ang by residue) in 7.5765 (sec).
 3-Body A141-LYD 4 , A159-GLU 36, A161-GLU 37:       0.00429382 at      1.614 Ang (0.701 Ang by residue) in 7.5195 (sec).
 3-Body A141-LYD 4 , A159-GLU 37, A161-GLU 0 :      -0.01092479 at      1.613 Ang (0.701 Ang by residue) in 7.3653 (sec).
 3-Body A141-LYD 4 , A159-GLU 36, A161-GLU 40:      -0.00014626 at      1.528 Ang (0.701 Ang by residue) in 6.9326 (sec).
 3-Body A141-LYD 4 , A159-GLU 37, A161-GLU 39:      -0.09904395 at      1.506 Ang (0.701 Ang by residue) in 7.1789 (sec).
 3-Body A141-LYD 4 , A159-GLU 37, A161-GLU 37:      -0.01138983 at      1.609 Ang (0.701 Ang by residue) in 7.3522 (sec).
 3-Body A141-LYD 4 , A159-GLU 38, A161-GLU 0 :      -0.08031637 at      1.404 Ang (0.701 Ang by residue) in 7.7675 (sec).
 3-Body A141-LYD 4 , A159-GLU 37, A161-GLU 40:       0.00815281 at      1.518 Ang (0.701 Ang by residue) in 6.9861 (sec).
 3-Body A141-LYD 4 , A159-GLU 38, A161-GLU 39:      -1.75932315 at      1.276 Ang (0.701 Ang by residue) in 7.1290 (sec).
 3-Body A141-LYD 4 , A159-GLU 38, A161-GLU 37:      -0.08913015 at      1.402 Ang (0.701 Ang by residue) in 7.2972 (sec).
 3-Body A141-LYD 5 , A159-GLU 0 , A161-GLU 0 :      -0.31215767 at      1.581 Ang (0.701 Ang by residue) in 7.2469 (sec).
 3-Body A141-LYD 4 , A159-GLU 38, A161-GLU 40:      -0.01307744 at      1.298 Ang (0.701 Ang by residue) in 7.2240 (sec).
 3-Body A141-LYD 5 , A159-GLU 0 , A161-GLU 39:      -0.34278431 at      1.464 Ang (0.701 Ang by residue) in 7.2210 (sec).
 3-Body A141-LYD 5 , A159-GLU 0 , A161-GLU 37:      -0.31360290 at      1.582 Ang (0.701 Ang by residue) in 7.3062 (sec).
 3-Body A141-LYD 5 , A159-GLU 36, A161-GLU 0 :      -0.18284179 at      1.597 Ang (0.701 Ang by residue) in 7.2344 (sec).
 3-Body A141-LYD 5 , A159-GLU 0 , A161-GLU 40:      -0.03803163 at      1.480 Ang (0.701 Ang by residue) in 7.4627 (sec).
 3-Body A141-LYD 5 , A159-GLU 36, A161-GLU 39:      -0.01671283 at      1.504 Ang (0.701 Ang by residue) in 7.3399 (sec).
 3-Body A141-LYD 5 , A159-GLU 36, A161-GLU 37:      -0.18363799 at      1.599 Ang (0.701 Ang by residue) in 7.1817 (sec).
 3-Body A141-LYD 5 , A159-GLU 37, A161-GLU 0 :      -0.21544651 at      1.593 Ang (0.701 Ang by residue) in 6.9303 (sec).
 3-Body A141-LYD 5 , A159-GLU 36, A161-GLU 40:       0.01409602 at      1.494 Ang (0.701 Ang by residue) in 6.9746 (sec).
 3-Body A141-LYD 5 , A159-GLU 37, A161-GLU 39:      -0.07509707 at      1.488 Ang (0.701 Ang by residue) in 7.1609 (sec).
 3-Body A141-LYD 5 , A159-GLU 37, A161-GLU 37:      -0.21495777 at      1.594 Ang (0.701 Ang by residue) in 6.9634 (sec).
 3-Body A141-LYD 5 , A159-GLU 38, A161-GLU 0 :      -1.54394298 at      1.379 Ang (0.701 Ang by residue) in 7.3616 (sec).
 3-Body A141-LYD 5 , A159-GLU 37, A161-GLU 40:      -0.00872918 at      1.485 Ang (0.701 Ang by residue) in 7.1261 (sec).
 3-Body A141-LYD 5 , A159-GLU 38, A161-GLU 39:      -1.89830640 at      1.254 Ang (0.701 Ang by residue) in 7.2605 (sec).
 3-Body A141-LYD 5 , A159-GLU 38, A161-GLU 37:      -1.55708289 at      1.383 Ang (0.701 Ang by residue) in 7.3006 (sec).
 3-Body A141-LYD 6 , A159-GLU 0 , A161-GLU 0 :      -0.01202180 at      1.671 Ang (0.701 Ang by residue) in 7.3150 (sec).
 3-Body A141-LYD 5 , A159-GLU 38, A161-GLU 40:      -0.23045446 at      1.257 Ang (0.701 Ang by residue) in 6.9837 (sec).
 3-Body A141-LYD 6 , A159-GLU 0 , A161-GLU 39:      -0.25315831 at      1.555 Ang (0.701 Ang by residue) in 7.0987 (sec).
 3-Body A141-LYD 6 , A159-GLU 0 , A161-GLU 37:      -0.01344237 at      1.670 Ang (0.701 Ang by residue) in 7.1417 (sec).
 3-Body A141-LYD 6 , A159-GLU 36, A161-GLU 0 :       0.00050713 at      1.671 Ang (0.701 Ang by residue) in 7.5960 (sec).
 3-Body A141-LYD 6 , A159-GLU 0 , A161-GLU 40:      -0.18509047 at      1.582 Ang (0.701 Ang by residue) in 8.3343 (sec).
 3-Body A141-LYD 6 , A159-GLU 36, A161-GLU 39:      -0.01973275 at      1.576 Ang (0.701 Ang by residue) in 8.6348 (sec).
 3-Body A141-LYD 6 , A159-GLU 36, A161-GLU 37:       0.00024607 at      1.670 Ang (0.701 Ang by residue) in 8.5001 (sec).
 3-Body A141-LYD 6 , A159-GLU 37, A161-GLU 0 :      -0.00316622 at      1.671 Ang (0.701 Ang by residue) in 8.8303 (sec).
 3-Body A141-LYD 6 , A159-GLU 36, A161-GLU 40:       0.00199416 at      1.579 Ang (0.701 Ang by residue) in 8.5854 (sec).
 3-Body A141-LYD 6 , A159-GLU 37, A161-GLU 39:      -0.06092338 at      1.566 Ang (0.701 Ang by residue) in 8.5544 (sec).
 3-Body A141-LYD 6 , A159-GLU 37, A161-GLU 37:      -0.00386724 at      1.670 Ang (0.701 Ang by residue) in 8.5120 (sec).
 3-Body A141-LYD 6 , A159-GLU 38, A161-GLU 0 :      -0.02836530 at      1.470 Ang (0.701 Ang by residue) in 8.7559 (sec).
 3-Body A141-LYD 6 , A159-GLU 37, A161-GLU 40:      -0.03877701 at      1.574 Ang (0.701 Ang by residue) in 8.5601 (sec).
 3-Body A141-LYD 6 , A159-GLU 38, A161-GLU 39:      -0.89129828 at      1.346 Ang (0.701 Ang by residue) in 8.4706 (sec).
 3-Body A141-LYD 6 , A159-GLU 38, A161-GLU 37:      -0.03909604 at      1.471 Ang (0.701 Ang by residue) in 8.4962 (sec).
 3-Body A141-LYD 11, A159-GLU 0 , A161-GLU 0 :      -0.00320367 at      1.755 Ang (0.701 Ang by residue) in 8.7119 (sec).
 3-Body A141-LYD 6 , A159-GLU 38, A161-GLU 40:      -0.44235920 at      1.363 Ang (0.701 Ang by residue) in 8.5249 (sec).
 3-Body A141-LYD 11, A159-GLU 0 , A161-GLU 37:      -0.00323821 at      1.755 Ang (0.701 Ang by residue) in 8.7175 (sec).
 3-Body A141-LYD 11, A159-GLU 0 , A161-GLU 34:      -0.00061101 at      1.634 Ang (0.701 Ang by residue) in 8.8205 (sec).
 3-Body A141-LYD 11, A159-GLU 0 , A161-GLU 40:      -0.09929696 at      1.652 Ang (0.701 Ang by residue) in 8.3469 (sec).
 3-Body A141-LYD 11, A159-GLU 0 , A161-GLU 39:      -0.08302058 at      1.613 Ang (0.701 Ang by residue) in 8.6982 (sec).
 3-Body A141-LYD 11, A159-GLU 36, A161-GLU 34:       0.00463150 at      1.634 Ang (0.701 Ang by residue) in 8.5556 (sec).
 3-Body A141-LYD 11, A159-GLU 36, A161-GLU 0 :      -0.00030759 at      1.755 Ang (0.701 Ang by residue) in 8.8181 (sec).
 3-Body A141-LYD 11, A159-GLU 36, A161-GLU 39:      -0.00119196 at      1.633 Ang (0.701 Ang by residue) in 8.4819 (sec).
 3-Body A141-LYD 11, A159-GLU 36, A161-GLU 37:      -0.00035006 at      1.755 Ang (0.701 Ang by residue) in 8.5023 (sec).
 3-Body A141-LYD 11, A159-GLU 37, A161-GLU 0 :      -0.00093653 at      1.755 Ang (0.701 Ang by residue) in 8.5835 (sec).
 3-Body A141-LYD 11, A159-GLU 36, A161-GLU 40:       0.00046155 at      1.649 Ang (0.701 Ang by residue) in 8.7043 (sec).
 3-Body A141-LYD 11, A159-GLU 37, A161-GLU 37:      -0.00109073 at      1.755 Ang (0.701 Ang by residue) in 8.6894 (sec).
 3-Body A141-LYD 11, A159-GLU 37, A161-GLU 34:       0.00479591 at      1.634 Ang (0.701 Ang by residue) in 8.5969 (sec).
 3-Body A141-LYD 11, A159-GLU 37, A161-GLU 40:      -0.02089378 at      1.644 Ang (0.701 Ang by residue) in 8.6899 (sec).
 3-Body A141-LYD 11, A159-GLU 37, A161-GLU 39:      -0.01672697 at      1.623 Ang (0.701 Ang by residue) in 7.3411 (sec).
 3-Body A141-LYD 11, A159-GLU 38, A161-GLU 34:      -0.04531222 at      1.459 Ang (0.701 Ang by residue) in 7.1591 (sec).
 3-Body A141-LYD 11, A159-GLU 38, A161-GLU 0 :      -0.00968729 at      1.591 Ang (0.701 Ang by residue) in 7.1685 (sec).
 3-Body A141-LYD 11, A159-GLU 38, A161-GLU 39:      -0.36119994 at      1.441 Ang (0.701 Ang by residue) in 7.4462 (sec).
 3-Body A141-LYD 11, A159-GLU 38, A161-GLU 37:      -0.01087243 at      1.593 Ang (0.701 Ang by residue) in 7.0477 (sec).
 3-Body A141-LYD 12, A159-GLU 0 , A161-GLU 0 :      -0.00034332 at      1.755 Ang (0.701 Ang by residue) in 7.0946 (sec).
 3-Body A141-LYD 11, A159-GLU 38, A161-GLU 40:      -0.26357738 at      1.472 Ang (0.701 Ang by residue) in 7.2387 (sec).
 3-Body A141-LYD 12, A159-GLU 0 , A161-GLU 37:      -0.00035516 at      1.755 Ang (0.701 Ang by residue) in 7.3035 (sec).
 3-Body A141-LYD 12, A159-GLU 0 , A161-GLU 34:      -0.00958888 at      1.672 Ang (0.701 Ang by residue) in 7.3602 (sec).
 3-Body A141-LYD 12, A159-GLU 0 , A161-GLU 40:      -0.01047468 at      1.675 Ang (0.701 Ang by residue) in 7.3246 (sec).
 3-Body A141-LYD 12, A159-GLU 0 , A161-GLU 39:      -0.02388041 at      1.613 Ang (0.701 Ang by residue) in 6.9996 (sec).
 3-Body A141-LYD 12, A159-GLU 36, A161-GLU 34:       0.00035223 at      1.672 Ang (0.701 Ang by residue) in 7.2227 (sec).
 3-Body A141-LYD 12, A159-GLU 36, A161-GLU 0 :       0.00024023 at      1.755 Ang (0.701 Ang by residue) in 7.0703 (sec).
 3-Body A141-LYD 12, A159-GLU 36, A161-GLU 39:       0.00058641 at      1.633 Ang (0.701 Ang by residue) in 7.1097 (sec).
 3-Body A141-LYD 12, A159-GLU 36, A161-GLU 37:       0.00022812 at      1.755 Ang (0.701 Ang by residue) in 7.4954 (sec).
 3-Body A141-LYD 12, A159-GLU 37, A161-GLU 0 :       0.00025041 at      1.755 Ang (0.701 Ang by residue) in 7.1603 (sec).
 3-Body A141-LYD 12, A159-GLU 36, A161-GLU 40:       0.00057834 at      1.672 Ang (0.701 Ang by residue) in 7.1684 (sec).
 3-Body A141-LYD 12, A159-GLU 37, A161-GLU 37:       0.00022020 at      1.755 Ang (0.701 Ang by residue) in 7.1172 (sec).
 3-Body A141-LYD 12, A159-GLU 37, A161-GLU 34:       0.00259994 at      1.672 Ang (0.701 Ang by residue) in 7.4463 (sec).
 3-Body A141-LYD 12, A159-GLU 37, A161-GLU 40:      -0.00156284 at      1.667 Ang (0.701 Ang by residue) in 7.3596 (sec).
 3-Body A141-LYD 12, A159-GLU 37, A161-GLU 39:      -0.00430695 at      1.623 Ang (0.701 Ang by residue) in 8.3600 (sec).
 3-Body A141-LYD 12, A159-GLU 38, A161-GLU 34:      -0.07371545 at      1.577 Ang (0.701 Ang by residue) in 8.6531 (sec).
 3-Body A141-LYD 12, A159-GLU 38, A161-GLU 0 :      -0.00593725 at      1.663 Ang (0.701 Ang by residue) in 8.4295 (sec).
 3-Body A141-LYD 12, A159-GLU 38, A161-GLU 39:      -0.12317364 at      1.521 Ang (0.701 Ang by residue) in 8.5207 (sec).
 3-Body A141-LYD 12, A159-GLU 38, A161-GLU 37:      -0.00579721 at      1.665 Ang (0.701 Ang by residue) in 8.4993 (sec).
 3-Body A141-LYD 13, A159-GLU 0 , A161-GLU 0 :      -0.00036815 at      1.755 Ang (0.701 Ang by residue) in 8.3937 (sec).
 3-Body A141-LYD 12, A159-GLU 38, A161-GLU 40:      -0.04314815 at      1.574 Ang (0.701 Ang by residue) in 7.3361 (sec).
 3-Body A141-LYD 13, A159-GLU 0 , A161-GLU 37:      -0.00037791 at      1.755 Ang (0.701 Ang by residue) in 7.2675 (sec).
 3-Body A141-LYD 13, A159-GLU 0 , A161-GLU 34:      -0.00960632 at      1.672 Ang (0.701 Ang by residue) in 6.9785 (sec).
 3-Body A141-LYD 13, A159-GLU 0 , A161-GLU 40:      -0.01080471 at      1.675 Ang (0.701 Ang by residue) in 7.2782 (sec).
 3-Body A141-LYD 13, A159-GLU 0 , A161-GLU 39:      -0.02220988 at      1.613 Ang (0.701 Ang by residue) in 7.1513 (sec).
 3-Body A141-LYD 13, A159-GLU 36, A161-GLU 34:       0.00054158 at      1.672 Ang (0.701 Ang by residue) in 7.3339 (sec).
 3-Body A141-LYD 13, A159-GLU 36, A161-GLU 0 :       0.00024108 at      1.755 Ang (0.701 Ang by residue) in 7.3177 (sec).
 3-Body A141-LYD 13, A159-GLU 36, A161-GLU 39:       0.00184928 at      1.633 Ang (0.701 Ang by residue) in 7.2536 (sec).
 3-Body A141-LYD 13, A159-GLU 36, A161-GLU 37:       0.00022939 at      1.755 Ang (0.701 Ang by residue) in 6.9019 (sec).
 3-Body A141-LYD 13, A159-GLU 37, A161-GLU 0 :       0.00025720 at      1.755 Ang (0.701 Ang by residue) in 7.3979 (sec).
 3-Body A141-LYD 13, A159-GLU 36, A161-GLU 40:       0.00076877 at      1.672 Ang (0.701 Ang by residue) in 7.2402 (sec).
 3-Body A141-LYD 13, A159-GLU 37, A161-GLU 37:       0.00022598 at      1.755 Ang (0.701 Ang by residue) in 7.3279 (sec).
 3-Body A141-LYD 13, A159-GLU 37, A161-GLU 34:       0.00293535 at      1.672 Ang (0.701 Ang by residue) in 7.2113 (sec).
 3-Body A141-LYD 13, A159-GLU 37, A161-GLU 40:      -0.00147958 at      1.667 Ang (0.701 Ang by residue) in 7.0936 (sec).
 3-Body A141-LYD 13, A159-GLU 37, A161-GLU 39:      -0.00278558 at      1.623 Ang (0.701 Ang by residue) in 7.1364 (sec).
 3-Body A141-LYD 13, A159-GLU 38, A161-GLU 34:      -0.07512944 at      1.577 Ang (0.701 Ang by residue) in 7.0348 (sec).
 3-Body A141-LYD 13, A159-GLU 38, A161-GLU 0 :      -0.00584629 at      1.663 Ang (0.701 Ang by residue) in 7.1648 (sec).
 3-Body A141-LYD 13, A159-GLU 38, A161-GLU 39:      -0.12820797 at      1.521 Ang (0.701 Ang by residue) in 7.2720 (sec).
 3-Body A141-LYD 13, A159-GLU 38, A161-GLU 37:      -0.00568951 at      1.665 Ang (0.701 Ang by residue) in 6.8763 (sec).
 3-Body A141-LYD 15, A159-GLU 0 , A161-GLU 0 :      -0.00062409 at      1.755 Ang (0.701 Ang by residue) in 6.7960 (sec).
 3-Body A141-LYD 13, A159-GLU 38, A161-GLU 40:      -0.04366972 at      1.574 Ang (0.701 Ang by residue) in 6.8473 (sec).
 3-Body A141-LYD 15, A159-GLU 0 , A161-GLU 37:      -0.00062689 at      1.755 Ang (0.701 Ang by residue) in 7.0006 (sec).
 3-Body A141-LYD 15, A159-GLU 0 , A161-GLU 34:      -0.01447228 at      1.665 Ang (0.701 Ang by residue) in 6.8743 (sec).
 3-Body A141-LYD 15, A159-GLU 0 , A161-GLU 40:      -0.01333234 at      1.675 Ang (0.701 Ang by residue) in 7.0328 (sec).
 3-Body A141-LYD 15, A159-GLU 0 , A161-GLU 39:      -0.02653155 at      1.613 Ang (0.701 Ang by residue) in 6.8695 (sec).
 3-Body A141-LYD 15, A159-GLU 36, A161-GLU 34:      -0.00045221 at      1.665 Ang (0.701 Ang by residue) in 6.8039 (sec).
 3-Body A141-LYD 15, A159-GLU 36, A161-GLU 0 :       0.00018413 at      1.755 Ang (0.701 Ang by residue) in 6.8812 (sec).
 3-Body A141-LYD 15, A159-GLU 36, A161-GLU 39:      -0.00085726 at      1.633 Ang (0.701 Ang by residue) in 6.8765 (sec).
 3-Body A141-LYD 15, A159-GLU 36, A161-GLU 37:       0.00017645 at      1.755 Ang (0.701 Ang by residue) in 6.8258 (sec).
 3-Body A141-LYD 15, A159-GLU 37, A161-GLU 0 :       0.00004978 at      1.755 Ang (0.701 Ang by residue) in 6.7250 (sec).
 3-Body A141-LYD 15, A159-GLU 36, A161-GLU 40:       0.00022627 at      1.672 Ang (0.701 Ang by residue) in 6.7319 (sec).
 3-Body A141-LYD 15, A159-GLU 37, A161-GLU 37:       0.00002824 at      1.755 Ang (0.701 Ang by residue) in 6.6114 (sec).
 3-Body A141-LYD 15, A159-GLU 37, A161-GLU 34:       0.00119707 at      1.665 Ang (0.701 Ang by residue) in 6.7674 (sec).
 3-Body A141-LYD 15, A159-GLU 37, A161-GLU 40:      -0.00285536 at      1.667 Ang (0.701 Ang by residue) in 6.7665 (sec).
 3-Body A141-LYD 15, A159-GLU 37, A161-GLU 39:      -0.00607474 at      1.623 Ang (0.701 Ang by residue) in 6.7118 (sec).
 3-Body A141-LYD 15, A159-GLU 38, A161-GLU 34:      -0.09536907 at      1.570 Ang (0.701 Ang by residue) in 6.7977 (sec).
 3-Body A141-LYD 15, A159-GLU 38, A161-GLU 0 :      -0.00691325 at      1.663 Ang (0.701 Ang by residue) in 6.8381 (sec).
 3-Body A141-LYD 15, A159-GLU 38, A161-GLU 39:      -0.12486782 at      1.521 Ang (0.701 Ang by residue) in 6.8391 (sec).
 3-Body A141-LYD 15, A159-GLU 38, A161-GLU 37:      -0.00681931 at      1.665 Ang (0.701 Ang by residue) in 6.8721 (sec).
 3-Body A141-LYS 31, A159-GLU 0 , A161-GLU 0 :      -0.00946837 at      1.596 Ang (0.701 Ang by residue) in 8.4500 (sec).
 3-Body A141-LYD 15, A159-GLU 38, A161-GLU 40:      -0.04950092 at      1.574 Ang (0.701 Ang by residue) in 8.3128 (sec).
 3-Body A141-LYS 31, A159-GLU 0 , A161-GLU 39:      -0.21466213 at      1.477 Ang (0.701 Ang by residue) in 8.2051 (sec).
 3-Body A141-LYS 31, A159-GLU 0 , A161-GLU 37:      -0.01611859 at      1.592 Ang (0.701 Ang by residue) in 8.0208 (sec).
 3-Body A141-LYS 31, A159-GLU 36, A161-GLU 0 :       0.01893489 at      1.618 Ang (0.701 Ang by residue) in 7.9577 (sec).
 3-Body A141-LYS 31, A159-GLU 0 , A161-GLU 40:      -0.37154867 at      1.509 Ang (0.701 Ang by residue) in 8.2118 (sec).
 3-Body A141-LYS 31, A159-GLU 36, A161-GLU 39:       0.08256209 at      1.522 Ang (0.701 Ang by residue) in 8.3925 (sec).
 3-Body A141-LYS 31, A159-GLU 36, A161-GLU 37:       0.01763197 at      1.614 Ang (0.701 Ang by residue) in 8.1562 (sec).
 3-Body A141-LYS 31, A159-GLU 37, A161-GLU 0 :       0.02941073 at      1.613 Ang (0.701 Ang by residue) in 8.1098 (sec).
 3-Body A141-LYS 31, A159-GLU 36, A161-GLU 40:       0.00385959 at      1.528 Ang (0.701 Ang by residue) in 8.3070 (sec).
 3-Body A141-LYS 31, A159-GLU 37, A161-GLU 39:       0.08465783 at      1.506 Ang (0.701 Ang by residue) in 8.1404 (sec).
 3-Body A141-LYS 31, A159-GLU 37, A161-GLU 37:       0.02796676 at      1.609 Ang (0.701 Ang by residue) in 8.0509 (sec).
 3-Body A141-LYS 31, A159-GLU 38, A161-GLU 0 :      -0.23677183 at      1.404 Ang (0.701 Ang by residue) in 8.3175 (sec).
 3-Body A141-LYS 31, A159-GLU 37, A161-GLU 40:      -0.00682977 at      1.518 Ang (0.701 Ang by residue) in 8.5704 (sec).
 3-Body A141-LYS 31, A159-GLU 38, A161-GLU 39:      -3.10430575 at      1.276 Ang (0.701 Ang by residue) in 7.5685 (sec).
 3-Body A141-LYS 31, A159-GLU 38, A161-GLU 37:      -0.25648752 at      1.402 Ang (0.701 Ang by residue) in 7.0073 (sec).
 3-Body A141-LYS 32, A159-GLU 0 , A161-GLU 0 :       0.00630793 at      1.581 Ang (0.701 Ang by residue) in 6.9843 (sec).
 3-Body A141-LYS 31, A159-GLU 38, A161-GLU 40:      -1.11097971 at      1.298 Ang (0.701 Ang by residue) in 6.9475 (sec).
 3-Body A141-LYS 32, A159-GLU 0 , A161-GLU 39:      -0.30104841 at      1.464 Ang (0.701 Ang by residue) in 7.2012 (sec).
 3-Body A141-LYS 32, A159-GLU 0 , A161-GLU 37:       0.00108607 at      1.582 Ang (0.701 Ang by residue) in 6.9638 (sec).
 3-Body A141-LYS 32, A159-GLU 36, A161-GLU 0 :       0.05146958 at      1.597 Ang (0.701 Ang by residue) in 7.0012 (sec).
 3-Body A141-LYS 32, A159-GLU 0 , A161-GLU 40:      -0.19205999 at      1.480 Ang (0.701 Ang by residue) in 7.1490 (sec).
 3-Body A141-LYS 32, A159-GLU 36, A161-GLU 39:       0.10247310 at      1.504 Ang (0.701 Ang by residue) in 7.1846 (sec).
 3-Body A141-LYS 32, A159-GLU 36, A161-GLU 37:       0.05180159 at      1.599 Ang (0.701 Ang by residue) in 7.2387 (sec).
 3-Body A141-LYS 32, A159-GLU 37, A161-GLU 0 :       0.04984921 at      1.593 Ang (0.701 Ang by residue) in 7.2731 (sec).
 3-Body A141-LYS 32, A159-GLU 36, A161-GLU 40:       0.02360518 at      1.494 Ang (0.701 Ang by residue) in 7.3398 (sec).
 3-Body A141-LYS 32, A159-GLU 37, A161-GLU 39:       0.11077061 at      1.488 Ang (0.701 Ang by residue) in 7.1098 (sec).
 3-Body A141-LYS 32, A159-GLU 37, A161-GLU 37:       0.04929596 at      1.594 Ang (0.701 Ang by residue) in 7.1573 (sec).
 3-Body A141-LYS 32, A159-GLU 38, A161-GLU 0 :      -0.80097220 at      1.379 Ang (0.701 Ang by residue) in 7.1704 (sec).
 3-Body A141-LYS 32, A159-GLU 37, A161-GLU 40:       0.01696427 at      1.485 Ang (0.701 Ang by residue) in 7.2429 (sec).
 3-Body A141-LYS 32, A159-GLU 38, A161-GLU 39:      -4.06483417 at      1.254 Ang (0.701 Ang by residue) in 7.4524 (sec).
 3-Body A141-LYS 32, A159-GLU 38, A161-GLU 37:      -0.81391007 at      1.383 Ang (0.701 Ang by residue) in 7.2773 (sec).
 3-Body A141-LYS 33, A159-GLU 0 , A161-GLU 0 :      -0.01124177 at      1.671 Ang (0.701 Ang by residue) in 7.3073 (sec).
 3-Body A141-LYS 32, A159-GLU 38, A161-GLU 40:      -1.68441133 at      1.257 Ang (0.701 Ang by residue) in 7.2938 (sec).
 3-Body A141-LYS 33, A159-GLU 0 , A161-GLU 39:      -0.12912198 at      1.555 Ang (0.701 Ang by residue) in 7.3893 (sec).
 3-Body A141-LYS 33, A159-GLU 0 , A161-GLU 37:      -0.01250786 at      1.670 Ang (0.701 Ang by residue) in 7.3064 (sec).
 3-Body A141-LYS 33, A159-GLU 36, A161-GLU 0 :       0.00012658 at      1.671 Ang (0.701 Ang by residue) in 7.2446 (sec).
 3-Body A141-LYS 33, A159-GLU 0 , A161-GLU 40:      -0.21053757 at      1.582 Ang (0.701 Ang by residue) in 7.1175 (sec).
 3-Body A141-LYS 33, A159-GLU 36, A161-GLU 39:       0.05044368 at      1.576 Ang (0.701 Ang by residue) in 7.0970 (sec).
 3-Body A141-LYS 33, A159-GLU 36, A161-GLU 37:      -0.00000444 at      1.670 Ang (0.701 Ang by residue) in 7.2507 (sec).
 3-Body A141-LYS 33, A159-GLU 37, A161-GLU 0 :       0.00064887 at      1.671 Ang (0.701 Ang by residue) in 7.1858 (sec).
 3-Body A141-LYS 33, A159-GLU 36, A161-GLU 40:       0.00469813 at      1.579 Ang (0.701 Ang by residue) in 7.1980 (sec).
 3-Body A141-LYS 33, A159-GLU 37, A161-GLU 39:       0.04950113 at      1.566 Ang (0.701 Ang by residue) in 7.2706 (sec).
 3-Body A141-LYS 33, A159-GLU 37, A161-GLU 37:       0.00003023 at      1.670 Ang (0.701 Ang by residue) in 7.1776 (sec).
 3-Body A141-LYS 33, A159-GLU 38, A161-GLU 0 :      -0.03854006 at      1.470 Ang (0.701 Ang by residue) in 7.4575 (sec).
 3-Body A141-LYS 33, A159-GLU 37, A161-GLU 40:      -0.02379156 at      1.574 Ang (0.701 Ang by residue) in 7.1101 (sec).
 3-Body A141-LYS 33, A159-GLU 38, A161-GLU 39:      -1.21757356 at      1.346 Ang (0.701 Ang by residue) in 7.3046 (sec).
 3-Body A141-LYS 33, A159-GLU 38, A161-GLU 37:      -0.04923234 at      1.471 Ang (0.701 Ang by residue) in 7.3660 (sec).
 3-Body A141-LYS 37, A159-GLU 0 , A161-GLU 0 :      -0.00071767 at      1.691 Ang (0.701 Ang by residue) in 7.3066 (sec).
 3-Body A141-LYS 33, A159-GLU 38, A161-GLU 40:      -0.48517261 at      1.363 Ang (0.701 Ang by residue) in 7.1642 (sec).
 3-Body A141-LYS 37, A159-GLU 0 , A161-GLU 37:      -0.00083106 at      1.691 Ang (0.701 Ang by residue) in 7.4034 (sec).
 3-Body A141-LYS 37, A159-GLU 0 , A161-GLU 34:       0.00534726 at      1.569 Ang (0.701 Ang by residue) in 7.2546 (sec).
 3-Body A141-LYS 37, A159-GLU 0 , A161-GLU 40:      -0.05166825 at      1.588 Ang (0.701 Ang by residue) in 7.2115 (sec).
 3-Body A141-LYS 37, A159-GLU 0 , A161-GLU 39:      -0.04488863 at      1.541 Ang (0.701 Ang by residue) in 7.2383 (sec).
 3-Body A141-LYS 37, A159-GLU 36, A161-GLU 34:       0.01430698 at      1.610 Ang (0.701 Ang by residue) in 7.4726 (sec).
 3-Body A141-LYS 37, A159-GLU 36, A161-GLU 0 :       0.00175799 at      1.729 Ang (0.701 Ang by residue) in 7.3081 (sec).
 3-Body A141-LYS 37, A159-GLU 36, A161-GLU 39:       0.05506429 at      1.603 Ang (0.701 Ang by residue) in 7.3179 (sec).
 3-Body A141-LYS 37, A159-GLU 36, A161-GLU 37:       0.00174646 at      1.729 Ang (0.701 Ang by residue) in 7.3151 (sec).
 3-Body A141-LYS 37, A159-GLU 37, A161-GLU 0 :       0.00414560 at      1.729 Ang (0.701 Ang by residue) in 7.3039 (sec).
 3-Body A141-LYS 37, A159-GLU 36, A161-GLU 40:       0.01964245 at      1.625 Ang (0.701 Ang by residue) in 7.2323 (sec).
 3-Body A141-LYS 37, A159-GLU 37, A161-GLU 37:       0.00415452 at      1.729 Ang (0.701 Ang by residue) in 7.1456 (sec).
 3-Body A141-LYS 37, A159-GLU 37, A161-GLU 34:       0.02648475 at      1.610 Ang (0.701 Ang by residue) in 7.2340 (sec).
 3-Body A141-LYS 37, A159-GLU 37, A161-GLU 40:       0.02213700 at      1.621 Ang (0.701 Ang by residue) in 7.4058 (sec).
 3-Body A141-LYS 37, A159-GLU 37, A161-GLU 39:       0.14411002 at      1.593 Ang (0.701 Ang by residue) in 7.3971 (sec).
 3-Body A141-LYS 37, A159-GLU 38, A161-GLU 34:      -0.08379963 at      1.357 Ang (0.701 Ang by residue) in 7.3058 (sec).
 3-Body A141-LYS 37, A159-GLU 38, A161-GLU 0 :      -0.00612063 at      1.495 Ang (0.701 Ang by residue) in 7.1703 (sec).
 3-Body A141-LYS 37, A159-GLU 38, A161-GLU 39:      -0.67751960 at      1.332 Ang (0.701 Ang by residue) in 7.3042 (sec).
 3-Body A141-LYS 37, A159-GLU 38, A161-GLU 37:      -0.00667298 at      1.497 Ang (0.701 Ang by residue) in 7.3064 (sec).
 3-Body A141-LYS 38, A159-GLU 0 , A161-GLU 0 :      -0.00222695 at      1.755 Ang (0.701 Ang by residue) in 6.7994 (sec).
 3-Body A141-LYS 37, A159-GLU 38, A161-GLU 40:      -0.24465881 at      1.372 Ang (0.701 Ang by residue) in 6.8729 (sec).
 3-Body A141-LYS 38, A159-GLU 0 , A161-GLU 37:      -0.00223611 at      1.755 Ang (0.701 Ang by residue) in 6.8388 (sec).
 3-Body A141-LYS 38, A159-GLU 0 , A161-GLU 34:       0.00833456 at      1.634 Ang (0.701 Ang by residue) in 6.8245 (sec).
 3-Body A141-LYS 38, A159-GLU 0 , A161-GLU 40:      -0.09989501 at      1.652 Ang (0.701 Ang by residue) in 6.8491 (sec).
 3-Body A141-LYS 38, A159-GLU 0 , A161-GLU 39:       0.00810917 at      1.613 Ang (0.701 Ang by residue) in 6.6742 (sec).
 3-Body A141-LYS 38, A159-GLU 36, A161-GLU 34:       0.00949030 at      1.634 Ang (0.701 Ang by residue) in 6.8162 (sec).
 3-Body A141-LYS 38, A159-GLU 36, A161-GLU 0 :      -0.00059100 at      1.755 Ang (0.701 Ang by residue) in 7.0884 (sec).
 3-Body A141-LYS 38, A159-GLU 36, A161-GLU 39:       0.04865995 at      1.633 Ang (0.701 Ang by residue) in 6.9393 (sec).
 3-Body A141-LYS 38, A159-GLU 36, A161-GLU 37:      -0.00063751 at      1.755 Ang (0.701 Ang by residue) in 6.8285 (sec).
 3-Body A141-LYS 38, A159-GLU 37, A161-GLU 0 :       0.00134385 at      1.755 Ang (0.701 Ang by residue) in 6.7417 (sec).
 3-Body A141-LYS 38, A159-GLU 36, A161-GLU 40:       0.00368277 at      1.649 Ang (0.701 Ang by residue) in 6.9655 (sec).
 3-Body A141-LYS 38, A159-GLU 37, A161-GLU 37:       0.00109605 at      1.755 Ang (0.701 Ang by residue) in 6.8807 (sec).
 3-Body A141-LYS 38, A159-GLU 37, A161-GLU 34:       0.02186605 at      1.634 Ang (0.701 Ang by residue) in 6.9853 (sec).
 3-Body A141-LYS 38, A159-GLU 37, A161-GLU 40:      -0.00734599 at      1.644 Ang (0.701 Ang by residue) in 6.9040 (sec).
 3-Body A141-LYS 38, A159-GLU 37, A161-GLU 39:       0.06213176 at      1.623 Ang (0.701 Ang by residue) in 7.1309 (sec).
 3-Body A141-LYS 38, A159-GLU 38, A161-GLU 34:      -0.05971660 at      1.459 Ang (0.701 Ang by residue) in 7.2814 (sec).
 3-Body A141-LYS 38, A159-GLU 38, A161-GLU 0 :      -0.01421464 at      1.591 Ang (0.701 Ang by residue) in 7.1523 (sec).
 3-Body A141-LYS 38, A159-GLU 38, A161-GLU 39:      -0.51059369 at      1.441 Ang (0.701 Ang by residue) in 6.9269 (sec).
 3-Body A141-LYS 38, A159-GLU 38, A161-GLU 37:      -0.01445649 at      1.593 Ang (0.701 Ang by residue) in 7.0742 (sec).
 3-Body A141-LYS 39, A159-GLU 0 , A161-GLU 0 :       0.00007444 at      1.755 Ang (0.701 Ang by residue) in 7.2518 (sec).
 3-Body A141-LYS 38, A159-GLU 38, A161-GLU 40:      -0.24889251 at      1.472 Ang (0.701 Ang by residue) in 7.3595 (sec).
 3-Body A141-LYS 39, A159-GLU 0 , A161-GLU 37:       0.00008357 at      1.755 Ang (0.701 Ang by residue) in 7.0797 (sec).
 3-Body A141-LYS 39, A159-GLU 0 , A161-GLU 34:      -0.01004503 at      1.672 Ang (0.701 Ang by residue) in 7.1079 (sec).
 3-Body A141-LYS 39, A159-GLU 0 , A161-GLU 40:      -0.00618115 at      1.675 Ang (0.701 Ang by residue) in 7.2121 (sec).
 3-Body A141-LYS 39, A159-GLU 0 , A161-GLU 39:       0.00125164 at      1.613 Ang (0.701 Ang by residue) in 7.1842 (sec).
 3-Body A141-LYS 39, A159-GLU 36, A161-GLU 34:      -0.00033131 at      1.672 Ang (0.701 Ang by residue) in 7.4996 (sec).
 3-Body A141-LYS 39, A159-GLU 36, A161-GLU 0 :       0.00026595 at      1.755 Ang (0.701 Ang by residue) in 7.7298 (sec).
 3-Body A141-LYS 39, A159-GLU 36, A161-GLU 39:       0.01418949 at      1.633 Ang (0.701 Ang by residue) in 7.3508 (sec).
 3-Body A141-LYS 39, A159-GLU 36, A161-GLU 37:       0.00024988 at      1.755 Ang (0.701 Ang by residue) in 7.2641 (sec).
 3-Body A141-LYS 39, A159-GLU 37, A161-GLU 0 :       0.00055669 at      1.755 Ang (0.701 Ang by residue) in 7.1213 (sec).
 3-Body A141-LYS 39, A159-GLU 36, A161-GLU 40:       0.00100837 at      1.672 Ang (0.701 Ang by residue) in 7.1391 (sec).
 3-Body A141-LYS 39, A159-GLU 37, A161-GLU 37:       0.00052172 at      1.755 Ang (0.701 Ang by residue) in 7.0423 (sec).
 3-Body A141-LYS 39, A159-GLU 37, A161-GLU 34:       0.00286119 at      1.672 Ang (0.701 Ang by residue) in 7.2990 (sec).
 3-Body A141-LYS 39, A159-GLU 37, A161-GLU 40:       0.00033224 at      1.667 Ang (0.701 Ang by residue) in 7.0665 (sec).
 3-Body A141-LYS 39, A159-GLU 37, A161-GLU 39:       0.01771260 at      1.623 Ang (0.701 Ang by residue) in 7.0641 (sec).
 3-Body A141-LYS 39, A159-GLU 38, A161-GLU 34:      -0.07969193 at      1.577 Ang (0.701 Ang by residue) in 7.1501 (sec).
 3-Body A141-LYS 39, A159-GLU 38, A161-GLU 0 :      -0.00763150 at      1.663 Ang (0.701 Ang by residue) in 6.9198 (sec).
 3-Body A141-LYS 39, A159-GLU 38, A161-GLU 39:      -0.14216779 at      1.521 Ang (0.701 Ang by residue) in 7.2593 (sec).
 3-Body A141-LYS 39, A159-GLU 38, A161-GLU 37:      -0.00727845 at      1.665 Ang (0.701 Ang by residue) in 7.1680 (sec).
 3-Body A141-LYS 40, A159-GLU 0 , A161-GLU 0 :       0.00033633 at      1.755 Ang (0.701 Ang by residue) in 7.1318 (sec).
 3-Body A141-LYS 39, A159-GLU 38, A161-GLU 40:      -0.04170457 at      1.574 Ang (0.701 Ang by residue) in 7.0031 (sec).
 3-Body A141-LYS 40, A159-GLU 0 , A161-GLU 37:       0.00035413 at      1.755 Ang (0.701 Ang by residue) in 6.9996 (sec).
 3-Body A141-LYS 40, A159-GLU 0 , A161-GLU 34:      -0.00866392 at      1.672 Ang (0.701 Ang by residue) in 7.3416 (sec).
 3-Body A141-LYS 40, A159-GLU 0 , A161-GLU 40:      -0.00281071 at      1.675 Ang (0.701 Ang by residue) in 7.1660 (sec).
 3-Body A141-LYS 40, A159-GLU 0 , A161-GLU 39:       0.01098341 at      1.613 Ang (0.701 Ang by residue) in 6.8928 (sec).
 3-Body A141-LYS 40, A159-GLU 36, A161-GLU 34:       0.00032642 at      1.672 Ang (0.701 Ang by residue) in 7.1037 (sec).
 3-Body A141-LYS 40, A159-GLU 36, A161-GLU 0 :       0.00032810 at      1.755 Ang (0.701 Ang by residue) in 7.2755 (sec).
 3-Body A141-LYS 40, A159-GLU 36, A161-GLU 39:       0.01824245 at      1.633 Ang (0.701 Ang by residue) in 6.9947 (sec).
 3-Body A141-LYS 40, A159-GLU 36, A161-GLU 37:       0.00031405 at      1.755 Ang (0.701 Ang by residue) in 6.9630 (sec).
 3-Body A141-LYS 40, A159-GLU 37, A161-GLU 0 :       0.00073382 at      1.755 Ang (0.701 Ang by residue) in 7.3005 (sec).
 3-Body A141-LYS 40, A159-GLU 36, A161-GLU 40:       0.00176487 at      1.672 Ang (0.701 Ang by residue) in 7.0269 (sec).
 3-Body A141-LYS 40, A159-GLU 37, A161-GLU 37:       0.00069939 at      1.755 Ang (0.701 Ang by residue) in 7.2783 (sec).
 3-Body A141-LYS 40, A159-GLU 37, A161-GLU 34:       0.00412337 at      1.672 Ang (0.701 Ang by residue) in 7.2861 (sec).
 3-Body A141-LYS 40, A159-GLU 37, A161-GLU 40:       0.00207639 at      1.667 Ang (0.701 Ang by residue) in 7.2696 (sec).
 3-Body A141-LYS 40, A159-GLU 37, A161-GLU 39:       0.02364921 at      1.623 Ang (0.701 Ang by residue) in 7.0551 (sec).
 3-Body A141-LYS 40, A159-GLU 38, A161-GLU 34:      -0.07657763 at      1.577 Ang (0.701 Ang by residue) in 7.1633 (sec).
 3-Body A141-LYS 40, A159-GLU 38, A161-GLU 0 :      -0.00662399 at      1.663 Ang (0.701 Ang by residue) in 6.9163 (sec).
 3-Body A141-LYS 40, A159-GLU 38, A161-GLU 39:      -0.13384469 at      1.521 Ang (0.701 Ang by residue) in 7.2986 (sec).
 3-Body A141-LYS 40, A159-GLU 38, A161-GLU 37:      -0.00620763 at      1.665 Ang (0.701 Ang by residue) in 7.2660 (sec).
 3-Body A141-LYS 42, A159-GLU 0 , A161-GLU 0 :      -0.00031032 at      1.755 Ang (0.701 Ang by residue) in 7.1104 (sec).
 3-Body A141-LYS 40, A159-GLU 38, A161-GLU 40:      -0.03490942 at      1.574 Ang (0.701 Ang by residue) in 7.1960 (sec).
 3-Body A141-LYS 42, A159-GLU 0 , A161-GLU 37:      -0.00023044 at      1.755 Ang (0.701 Ang by residue) in 7.4729 (sec).
 3-Body A141-LYS 42, A159-GLU 0 , A161-GLU 34:      -0.01322742 at      1.665 Ang (0.701 Ang by residue) in 7.2928 (sec).
 3-Body A141-LYS 42, A159-GLU 0 , A161-GLU 40:      -0.00744479 at      1.675 Ang (0.701 Ang by residue) in 7.3616 (sec).
 3-Body A141-LYS 42, A159-GLU 0 , A161-GLU 39:       0.00234097 at      1.613 Ang (0.701 Ang by residue) in 7.6931 (sec).
 3-Body A141-LYS 42, A159-GLU 36, A161-GLU 34:      -0.00137810 at      1.665 Ang (0.701 Ang by residue) in 7.3599 (sec).
 3-Body A141-LYS 42, A159-GLU 36, A161-GLU 0 :      -0.00009366 at      1.755 Ang (0.701 Ang by residue) in 8.0984 (sec).
 3-Body A141-LYS 42, A159-GLU 36, A161-GLU 39:       0.01330486 at      1.633 Ang (0.701 Ang by residue) in 8.5467 (sec).
 3-Body A141-LYS 42, A159-GLU 36, A161-GLU 37:      -0.00005516 at      1.755 Ang (0.701 Ang by residue) in 8.4571 (sec).
 3-Body A141-LYS 42, A159-GLU 37, A161-GLU 0 :       0.00018544 at      1.755 Ang (0.701 Ang by residue) in 8.5689 (sec).
 3-Body A141-LYS 42, A159-GLU 36, A161-GLU 40:       0.00084137 at      1.672 Ang (0.701 Ang by residue) in 8.5176 (sec).
 3-Body A141-LYS 42, A159-GLU 37, A161-GLU 37:       0.00021499 at      1.755 Ang (0.701 Ang by residue) in 8.7385 (sec).
 3-Body A141-LYS 42, A159-GLU 37, A161-GLU 34:       0.00230223 at      1.665 Ang (0.701 Ang by residue) in 8.8875 (sec).
 3-Body A141-LYS 42, A159-GLU 37, A161-GLU 40:       0.00078083 at      1.667 Ang (0.701 Ang by residue) in 8.4026 (sec).
 3-Body A141-LYS 42, A159-GLU 37, A161-GLU 39:       0.01751790 at      1.623 Ang (0.701 Ang by residue) in 8.3827 (sec).
 3-Body A141-LYS 42, A159-GLU 38, A161-GLU 34:      -0.10422240 at      1.570 Ang (0.701 Ang by residue) in 7.7231 (sec).
 3-Body A141-LYS 42, A159-GLU 38, A161-GLU 0 :      -0.01221110 at      1.663 Ang (0.701 Ang by residue) in 7.3867 (sec).
 3-Body A141-LYS 42, A159-GLU 38, A161-GLU 39:      -0.14165258 at      1.521 Ang (0.701 Ang by residue) in 7.3158 (sec).
 3-Body A141-LYS 42, A159-GLU 38, A161-GLU 37:      -0.01168843 at      1.665 Ang (0.701 Ang by residue) in 7.0624 (sec).
 3-Body A147-GLU 0 , A173-HIS 0 , A175-HIS 0 :       0.00144940 at      2.310 Ang (0.996 Ang by residue) in 7.1642 (sec).
 3-Body A141-LYS 42, A159-GLU 38, A161-GLU 40:      -0.05101156 at      1.574 Ang (0.701 Ang by residue) in 6.9948 (sec).
 3-Body A147-GLU 0 , A173-HIS 0 , A175-HIE 2 :       0.00076700 at      2.310 Ang (0.996 Ang by residue) in 7.1487 (sec).
 3-Body A147-GLU 0 , A173-HIS 0 , A175-HID 1 :       0.00125210 at      2.310 Ang (0.996 Ang by residue) in 7.1720 (sec).
 3-Body A147-GLU 0 , A173-HIS 0 , A175-HIE 21:       0.00081853 at      2.314 Ang (0.996 Ang by residue) in 7.2249 (sec).
 3-Body A147-GLU 0 , A173-HIS 0 , A175-HID 13:       0.00111111 at      2.306 Ang (0.996 Ang by residue) in 7.1084 (sec).
 3-Body A147-GLU 0 , A173-HID 1 , A175-HID 1 :       0.00105642 at      2.310 Ang (0.996 Ang by residue) in 7.3180 (sec).
 3-Body A147-GLU 0 , A173-HID 1 , A175-HIS 0 :       0.00128641 at      2.310 Ang (0.996 Ang by residue) in 7.1112 (sec).
 3-Body A147-GLU 0 , A173-HID 1 , A175-HID 13:       0.00093191 at      2.306 Ang (0.996 Ang by residue) in 7.2092 (sec).
 3-Body A147-GLU 0 , A173-HID 1 , A175-HIE 2 :       0.00052381 at      2.310 Ang (0.996 Ang by residue) in 7.1524 (sec).
 3-Body A147-GLU 0 , A173-HIE 2 , A175-HIS 0 :       0.00076109 at      2.310 Ang (0.996 Ang by residue) in 7.1788 (sec).
 3-Body A147-GLU 0 , A173-HID 1 , A175-HIE 21:       0.00058485 at      2.314 Ang (0.996 Ang by residue) in 7.0974 (sec).
 3-Body A147-GLU 0 , A173-HIE 2 , A175-HIE 2 :      -0.00009922 at      2.310 Ang (0.996 Ang by residue) in 7.0519 (sec).
 3-Body A147-GLU 0 , A173-HIE 2 , A175-HID 1 :       0.00046889 at      2.310 Ang (0.996 Ang by residue) in 7.2042 (sec).
 3-Body A147-GLU 0 , A173-HIE 2 , A175-HIE 21:      -0.00001030 at      2.314 Ang (0.996 Ang by residue) in 7.3740 (sec).
 3-Body A147-GLU 0 , A173-HIE 2 , A175-HID 13:       0.00036854 at      2.306 Ang (0.996 Ang by residue) in 7.0639 (sec).
 3-Body A147-GLU 0 , A173-HIS 5 , A175-HID 1 :       0.00026287 at      2.375 Ang (0.996 Ang by residue) in 7.1570 (sec).
 3-Body A147-GLU 0 , A173-HIS 5 , A175-HIS 0 :       0.00035688 at      2.375 Ang (0.996 Ang by residue) in 7.0482 (sec).
 3-Body A147-GLU 0 , A173-HIS 5 , A175-HID 13:       0.00022604 at      2.373 Ang (0.996 Ang by residue) in 7.2033 (sec).
 3-Body A147-GLU 0 , A173-HIS 5 , A175-HIE 2 :       0.00008000 at      2.375 Ang (0.996 Ang by residue) in 7.2205 (sec).
 3-Body A147-GLU 0 , A173-HIS 6 , A175-HIS 0 :       0.00133177 at      2.316 Ang (0.996 Ang by residue) in 7.3690 (sec).
 3-Body A147-GLU 0 , A173-HIS 5 , A175-HIE 21:       0.00009250 at      2.380 Ang (0.996 Ang by residue) in 7.5289 (sec).
 3-Body A147-GLU 0 , A173-HIS 6 , A175-HIE 2 :       0.00071729 at      2.316 Ang (0.996 Ang by residue) in 7.3452 (sec).
 3-Body A147-GLU 0 , A173-HIS 6 , A175-HID 1 :       0.00109729 at      2.316 Ang (0.996 Ang by residue) in 7.2792 (sec).
 3-Body A147-GLU 0 , A173-HIS 6 , A175-HIE 21:       0.00076750 at      2.320 Ang (0.996 Ang by residue) in 7.1180 (sec).
 3-Body A147-GLU 0 , A173-HIS 6 , A175-HID 13:       0.00100855 at      2.313 Ang (0.996 Ang by residue) in 7.1581 (sec).
 3-Body A147-GLU 0 , A173-HID 13, A175-HID 1 :       0.00029774 at      2.375 Ang (0.996 Ang by residue) in 7.2169 (sec).
 3-Body A147-GLU 0 , A173-HID 13, A175-HIS 0 :       0.00041632 at      2.375 Ang (0.996 Ang by residue) in 7.4253 (sec).
 3-Body A147-GLU 0 , A173-HID 13, A175-HID 13:       0.00026862 at      2.373 Ang (0.996 Ang by residue) in 7.2283 (sec).
 3-Body A147-GLU 0 , A173-HID 13, A175-HIE 2 :       0.00006595 at      2.375 Ang (0.996 Ang by residue) in 7.2984 (sec).
 3-Body A147-GLU 0 , A173-HID 14, A175-HIS 0 :       0.00122953 at      2.320 Ang (0.996 Ang by residue) in 7.5852 (sec).
 3-Body A147-GLU 0 , A173-HID 13, A175-HIE 21:       0.00008702 at      2.380 Ang (0.996 Ang by residue) in 7.2574 (sec).
 3-Body A147-GLU 0 , A173-HID 14, A175-HIE 2 :       0.00056008 at      2.320 Ang (0.996 Ang by residue) in 7.3401 (sec).
 3-Body A147-GLU 0 , A173-HID 14, A175-HID 1 :       0.00097371 at      2.320 Ang (0.996 Ang by residue) in 7.1800 (sec).
 3-Body A147-GLU 0 , A173-HID 14, A175-HIE 21:       0.00061585 at      2.325 Ang (0.996 Ang by residue) in 7.4284 (sec).
 3-Body A147-GLU 0 , A173-HID 14, A175-HID 13:       0.00089782 at      2.318 Ang (0.996 Ang by residue) in 7.3767 (sec).
 3-Body A147-GLU 0 , A173-HID 15, A175-HID 1 :       0.00013798 at      2.372 Ang (0.996 Ang by residue) in 7.2623 (sec).
 3-Body A147-GLU 0 , A173-HID 15, A175-HIS 0 :       0.00028998 at      2.372 Ang (0.996 Ang by residue) in 7.4745 (sec).
 3-Body A147-GLU 0 , A173-HID 15, A175-HID 13:       0.00011943 at      2.370 Ang (0.996 Ang by residue) in 7.3361 (sec).
 3-Body A147-GLU 0 , A173-HID 15, A175-HIE 2 :      -0.00013134 at      2.372 Ang (0.996 Ang by residue) in 7.4148 (sec).
 3-Body A147-GLU 0 , A173-HIE 21, A175-HIS 0 :       0.00028602 at      2.375 Ang (0.996 Ang by residue) in 7.2625 (sec).
 3-Body A147-GLU 0 , A173-HID 15, A175-HIE 21:      -0.00009927 at      2.377 Ang (0.996 Ang by residue) in 7.3630 (sec).
 3-Body A147-GLU 0 , A173-HIE 21, A175-HIE 2 :      -0.00010529 at      2.375 Ang (0.996 Ang by residue) in 7.5573 (sec).
 3-Body A147-GLU 0 , A173-HIE 21, A175-HID 1 :       0.00012774 at      2.375 Ang (0.996 Ang by residue) in 7.4188 (sec).
 3-Body A147-GLU 0 , A173-HIE 21, A175-HIE 21:      -0.00007542 at      2.380 Ang (0.996 Ang by residue) in 7.4434 (sec).
 3-Body A147-GLU 0 , A173-HIE 21, A175-HID 13:       0.00010312 at      2.373 Ang (0.996 Ang by residue) in 7.2835 (sec).
 3-Body A147-GLU 0 , A173-HIE 22, A175-HID 1 :       0.00036761 at      2.317 Ang (0.996 Ang by residue) in 7.4231 (sec).
 3-Body A147-GLU 0 , A173-HIE 22, A175-HIS 0 :       0.00065538 at      2.317 Ang (0.996 Ang by residue) in 7.3072 (sec).
 3-Body A147-GLU 0 , A173-HIE 22, A175-HID 13:       0.00031512 at      2.315 Ang (0.996 Ang by residue) in 7.5980 (sec).
 3-Body A147-GLU 0 , A173-HIE 22, A175-HIE 2 :      -0.00006489 at      2.317 Ang (0.996 Ang by residue) in 7.6025 (sec).
 3-Body A147-GLU 0 , A173-HIE 23, A175-HIS 0 :       0.00054359 at      2.367 Ang (0.996 Ang by residue) in 7.4418 (sec).
 3-Body A147-GLU 0 , A173-HIE 22, A175-HIE 21:       0.00000736 at      2.322 Ang (0.996 Ang by residue) in 7.3139 (sec).
 3-Body A147-GLU 0 , A173-HIE 23, A175-HIE 2 :       0.00009290 at      2.367 Ang (0.996 Ang by residue) in 7.3282 (sec).
 3-Body A147-GLU 0 , A173-HIE 23, A175-HID 1 :       0.00039207 at      2.367 Ang (0.996 Ang by residue) in 7.5693 (sec).
 3-Body A147-GLU 0 , A173-HIE 23, A175-HIE 21:       0.00012596 at      2.372 Ang (0.996 Ang by residue) in 7.3607 (sec).
 3-Body A147-GLU 0 , A173-HIE 23, A175-HID 13:       0.00033911 at      2.365 Ang (0.996 Ang by residue) in 7.4420 (sec).
 3-Body A147-GLU 34, A173-HIS 0 , A175-HID 1 :       0.00123126 at      2.317 Ang (0.996 Ang by residue) in 7.4433 (sec).
 3-Body A147-GLU 34, A173-HIS 0 , A175-HIS 0 :       0.00142384 at      2.317 Ang (0.996 Ang by residue) in 7.4519 (sec).
 3-Body A147-GLU 34, A173-HIS 0 , A175-HID 13:       0.00109187 at      2.312 Ang (0.996 Ang by residue) in 7.2576 (sec).
 3-Body A147-GLU 34, A173-HIS 0 , A175-HIE 2 :       0.00076806 at      2.317 Ang (0.996 Ang by residue) in 7.3528 (sec).
 3-Body A147-GLU 34, A173-HID 1 , A175-HIS 0 :       0.00127611 at      2.317 Ang (0.996 Ang by residue) in 7.1396 (sec).
 3-Body A147-GLU 34, A173-HIS 0 , A175-HIE 21:       0.00081611 at      2.314 Ang (0.996 Ang by residue) in 7.2983 (sec).
 3-Body A147-GLU 34, A173-HID 1 , A175-HIE 2 :       0.00054830 at      2.317 Ang (0.996 Ang by residue) in 7.3540 (sec).
 3-Body A147-GLU 34, A173-HID 1 , A175-HID 1 :       0.00105332 at      2.317 Ang (0.996 Ang by residue) in 7.1557 (sec).
 3-Body A147-GLU 34, A173-HID 1 , A175-HIE 21:       0.00060435 at      2.314 Ang (0.996 Ang by residue) in 7.5015 (sec).
 3-Body A147-GLU 34, A173-HID 1 , A175-HID 13:       0.00092917 at      2.312 Ang (0.996 Ang by residue) in 7.3978 (sec).
 3-Body A147-GLU 34, A173-HIE 2 , A175-HID 1 :       0.00047995 at      2.317 Ang (0.996 Ang by residue) in 7.3117 (sec).
 3-Body A147-GLU 34, A173-HIE 2 , A175-HIS 0 :       0.00075900 at      2.317 Ang (0.996 Ang by residue) in 7.5132 (sec).
 3-Body A147-GLU 34, A173-HIE 2 , A175-HID 13:       0.00037882 at      2.312 Ang (0.996 Ang by residue) in 7.3398 (sec).
 3-Body A147-GLU 34, A173-HIE 2 , A175-HIE 2 :      -0.00005517 at      2.317 Ang (0.996 Ang by residue) in 7.5889 (sec).
 3-Body A147-GLU 34, A173-HIS 5 , A175-HIS 0 :       0.00034852 at      2.383 Ang (0.996 Ang by residue) in 7.4022 (sec).
 3-Body A147-GLU 34, A173-HIE 2 , A175-HIE 21:       0.00002662 at      2.314 Ang (0.996 Ang by residue) in 7.3279 (sec).
 3-Body A147-GLU 34, A173-HIS 5 , A175-HIE 2 :       0.00008636 at      2.383 Ang (0.996 Ang by residue) in 7.2895 (sec).
 3-Body A147-GLU 34, A173-HIS 5 , A175-HID 1 :       0.00025982 at      2.383 Ang (0.996 Ang by residue) in 7.2128 (sec).
 3-Body A147-GLU 34, A173-HIS 5 , A175-HIE 21:       0.00009823 at      2.381 Ang (0.996 Ang by residue) in 7.3862 (sec).
 3-Body A147-GLU 34, A173-HIS 5 , A175-HID 13:       0.00022264 at      2.379 Ang (0.996 Ang by residue) in 7.2845 (sec).
 3-Body A147-GLU 34, A173-HIS 6 , A175-HID 1 :       0.00107418 at      2.324 Ang (0.996 Ang by residue) in 7.1140 (sec).
 3-Body A147-GLU 34, A173-HIS 6 , A175-HIS 0 :       0.00130179 at      2.324 Ang (0.996 Ang by residue) in 7.1641 (sec).
 3-Body A147-GLU 34, A173-HIS 6 , A175-HID 13:       0.00098614 at      2.320 Ang (0.996 Ang by residue) in 7.3067 (sec).
 3-Body A147-GLU 34, A173-HIS 6 , A175-HIE 2 :       0.00070937 at      2.324 Ang (0.996 Ang by residue) in 7.1408 (sec).
 3-Body A147-GLU 34, A173-HID 13, A175-HIS 0 :       0.00040834 at      2.383 Ang (0.996 Ang by residue) in 7.3320 (sec).
 3-Body A147-GLU 34, A173-HIS 6 , A175-HIE 21:       0.00075723 at      2.322 Ang (0.996 Ang by residue) in 7.2749 (sec).
 3-Body A147-GLU 34, A173-HID 13, A175-HIE 2 :       0.00007856 at      2.383 Ang (0.996 Ang by residue) in 7.3282 (sec).
 3-Body A147-GLU 34, A173-HID 13, A175-HID 1 :       0.00029650 at      2.383 Ang (0.996 Ang by residue) in 7.3864 (sec).
 3-Body A147-GLU 34, A173-HID 13, A175-HIE 21:       0.00009790 at      2.381 Ang (0.996 Ang by residue) in 7.3384 (sec).
 3-Body A147-GLU 34, A173-HID 13, A175-HID 13:       0.00026647 at      2.379 Ang (0.996 Ang by residue) in 7.3609 (sec).
 3-Body A147-GLU 34, A173-HID 14, A175-HID 1 :       0.00096314 at      2.328 Ang (0.996 Ang by residue) in 7.2174 (sec).
 3-Body A147-GLU 34, A173-HID 14, A175-HIS 0 :       0.00121032 at      2.328 Ang (0.996 Ang by residue) in 7.1497 (sec).
 3-Body A147-GLU 34, A173-HID 14, A175-HID 13:       0.00088713 at      2.324 Ang (0.996 Ang by residue) in 7.2637 (sec).
 3-Body A147-GLU 34, A173-HID 14, A175-HIE 2 :       0.00056896 at      2.328 Ang (0.996 Ang by residue) in 7.2803 (sec).
 3-Body A147-GLU 34, A173-HID 15, A175-HIS 0 :       0.00029433 at      2.379 Ang (0.996 Ang by residue) in 7.3314 (sec).
 3-Body A147-GLU 34, A173-HID 14, A175-HIE 21:       0.00062127 at      2.326 Ang (0.996 Ang by residue) in 7.2682 (sec).
 3-Body A147-GLU 34, A173-HID 15, A175-HIE 2 :      -0.00010297 at      2.379 Ang (0.996 Ang by residue) in 7.2981 (sec).
 3-Body A147-GLU 34, A173-HID 15, A175-HID 1 :       0.00014997 at      2.379 Ang (0.996 Ang by residue) in 7.1042 (sec).
 3-Body A147-GLU 34, A173-HID 15, A175-HIE 21:      -0.00007326 at      2.378 Ang (0.996 Ang by residue) in 7.1822 (sec).
 3-Body A147-GLU 34, A173-HID 15, A175-HID 13:       0.00012935 at      2.375 Ang (0.996 Ang by residue) in 7.2928 (sec).
 3-Body A147-GLU 34, A173-HIE 21, A175-HID 1 :       0.00013281 at      2.383 Ang (0.996 Ang by residue) in 7.3778 (sec).
 3-Body A147-GLU 34, A173-HIE 21, A175-HIS 0 :       0.00028226 at      2.383 Ang (0.996 Ang by residue) in 7.0176 (sec).
 3-Body A147-GLU 34, A173-HIE 21, A175-HID 13:       0.00010707 at      2.379 Ang (0.996 Ang by residue) in 7.4666 (sec).
 3-Body A147-GLU 34, A173-HIE 21, A175-HIE 2 :      -0.00008630 at      2.383 Ang (0.996 Ang by residue) in 7.5077 (sec).
 3-Body A147-GLU 34, A173-HIE 22, A175-HIS 0 :       0.00065069 at      2.325 Ang (0.996 Ang by residue) in 7.8311 (sec).
 3-Body A147-GLU 34, A173-HIE 21, A175-HIE 21:      -0.00005889 at      2.381 Ang (0.996 Ang by residue) in 7.3517 (sec).
 3-Body A147-GLU 34, A173-HIE 22, A175-HIE 2 :      -0.00003302 at      2.325 Ang (0.996 Ang by residue) in 7.2300 (sec).
 3-Body A147-GLU 34, A173-HIE 22, A175-HID 1 :       0.00037536 at      2.325 Ang (0.996 Ang by residue) in 6.8600 (sec).
 3-Body A147-GLU 34, A173-HIE 22, A175-HIE 21:       0.00003411 at      2.323 Ang (0.996 Ang by residue) in 7.1234 (sec).
 3-Body A147-GLU 34, A173-HIE 22, A175-HID 13:       0.00032147 at      2.321 Ang (0.996 Ang by residue) in 6.9650 (sec).
 3-Body A147-GLU 34, A173-HIE 23, A175-HID 1 :       0.00038551 at      2.374 Ang (0.996 Ang by residue) in 7.2243 (sec).
 3-Body A147-GLU 34, A173-HIE 23, A175-HIS 0 :       0.00053029 at      2.374 Ang (0.996 Ang by residue) in 7.0639 (sec).
 3-Body A147-GLU 34, A173-HIE 23, A175-HID 13:       0.00033263 at      2.370 Ang (0.996 Ang by residue) in 7.0751 (sec).
 3-Body A147-GLU 34, A173-HIE 23, A175-HIE 2 :       0.00010304 at      2.374 Ang (0.996 Ang by residue) in 6.9557 (sec).
 3-Body A147-GLU 35, A173-HIS 0 , A175-HIS 0 :       0.00063943 at      2.308 Ang (0.996 Ang by residue) in 6.8902 (sec).
 3-Body A147-GLU 34, A173-HIE 23, A175-HIE 21:       0.00013427 at      2.373 Ang (0.996 Ang by residue) in 6.8673 (sec).
 3-Body A147-GLU 35, A173-HIS 0 , A175-HIE 2 :       0.00053584 at      2.308 Ang (0.996 Ang by residue) in 6.9710 (sec).
 3-Body A147-GLU 35, A173-HIS 0 , A175-HID 1 :       0.00067469 at      2.308 Ang (0.996 Ang by residue) in 7.3118 (sec).
 3-Body A147-GLU 35, A173-HIS 0 , A175-HIE 21:       0.00053143 at      2.305 Ang (0.996 Ang by residue) in 7.0979 (sec).
 3-Body A147-GLU 35, A173-HIS 0 , A175-HID 13:       0.00059804 at      2.305 Ang (0.996 Ang by residue) in 6.9765 (sec).
 3-Body A147-GLU 35, A173-HID 1 , A175-HID 1 :       0.00050343 at      2.308 Ang (0.996 Ang by residue) in 7.0766 (sec).
 3-Body A147-GLU 35, A173-HID 1 , A175-HIS 0 :       0.00049391 at      2.308 Ang (0.996 Ang by residue) in 7.0676 (sec).
 3-Body A147-GLU 35, A173-HID 1 , A175-HID 13:       0.00043855 at      2.305 Ang (0.996 Ang by residue) in 7.0980 (sec).
 3-Body A147-GLU 35, A173-HID 1 , A175-HIE 2 :       0.00035148 at      2.308 Ang (0.996 Ang by residue) in 7.1218 (sec).
 3-Body A147-GLU 35, A173-HIE 2 , A175-HIS 0 :       0.00020817 at      2.308 Ang (0.996 Ang by residue) in 7.0229 (sec).
 3-Body A147-GLU 35, A173-HID 1 , A175-HIE 21:       0.00034879 at      2.305 Ang (0.996 Ang by residue) in 6.9815 (sec).
 3-Body A147-GLU 35, A173-HIE 2 , A175-HIE 2 :      -0.00001520 at      2.308 Ang (0.996 Ang by residue) in 7.0878 (sec).
 3-Body A147-GLU 35, A173-HIE 2 , A175-HID 1 :       0.00016403 at      2.308 Ang (0.996 Ang by residue) in 7.1357 (sec).
 3-Body A147-GLU 35, A173-HIE 2 , A175-HIE 21:      -0.00000642 at      2.305 Ang (0.996 Ang by residue) in 7.3700 (sec).
 3-Body A147-GLU 35, A173-HIE 2 , A175-HID 13:       0.00010896 at      2.305 Ang (0.996 Ang by residue) in 7.2436 (sec).
 3-Body A147-GLU 35, A173-HIS 5 , A175-HID 1 :       0.00015987 at      2.373 Ang (0.996 Ang by residue) in 7.2820 (sec).
 3-Body A147-GLU 35, A173-HIS 5 , A175-HIS 0 :       0.00012753 at      2.373 Ang (0.996 Ang by residue) in 7.1143 (sec).
 3-Body A147-GLU 35, A173-HIS 5 , A175-HID 13:       0.00014058 at      2.371 Ang (0.996 Ang by residue) in 6.8916 (sec).
 3-Body A147-GLU 35, A173-HIS 5 , A175-HIE 2 :       0.00010643 at      2.373 Ang (0.996 Ang by residue) in 7.0298 (sec).
 3-Body A147-GLU 35, A173-HIS 6 , A175-HIS 0 :       0.00061807 at      2.314 Ang (0.996 Ang by residue) in 6.9823 (sec).
 3-Body A147-GLU 35, A173-HIS 5 , A175-HIE 21:       0.00010583 at      2.371 Ang (0.996 Ang by residue) in 7.7587 (sec).
 3-Body A147-GLU 35, A173-HIS 6 , A175-HIE 2 :       0.00049763 at      2.314 Ang (0.996 Ang by residue) in 6.9272 (sec).
 3-Body A147-GLU 35, A173-HIS 6 , A175-HID 1 :       0.00061893 at      2.314 Ang (0.996 Ang by residue) in 6.8720 (sec).
 3-Body A147-GLU 35, A173-HIS 6 , A175-HIE 21:       0.00050435 at      2.311 Ang (0.996 Ang by residue) in 7.2578 (sec).
 3-Body A147-GLU 35, A173-HIS 6 , A175-HID 13:       0.00056881 at      2.311 Ang (0.996 Ang by residue) in 7.2659 (sec).
 3-Body A147-GLU 35, A173-HID 13, A175-HID 1 :       0.00011260 at      2.373 Ang (0.996 Ang by residue) in 7.5799 (sec).
 3-Body A147-GLU 35, A173-HID 13, A175-HIS 0 :       0.00010615 at      2.373 Ang (0.996 Ang by residue) in 7.3373 (sec).
 3-Body A147-GLU 35, A173-HID 13, A175-HID 13:       0.00009639 at      2.371 Ang (0.996 Ang by residue) in 7.4106 (sec).
 3-Body A147-GLU 35, A173-HID 13, A175-HIE 2 :       0.00003874 at      2.373 Ang (0.996 Ang by residue) in 7.4251 (sec).
 3-Body A147-GLU 35, A173-HID 14, A175-HIS 0 :       0.00051201 at      2.319 Ang (0.996 Ang by residue) in 7.4107 (sec).
 3-Body A147-GLU 35, A173-HID 13, A175-HIE 21:       0.00003844 at      2.371 Ang (0.996 Ang by residue) in 7.1637 (sec).
 3-Body A147-GLU 35, A173-HID 14, A175-HIE 2 :       0.00035544 at      2.319 Ang (0.996 Ang by residue) in 7.5394 (sec).
 3-Body A147-GLU 35, A173-HID 14, A175-HID 1 :       0.00049018 at      2.319 Ang (0.996 Ang by residue) in 7.4242 (sec).
 3-Body A147-GLU 35, A173-HID 14, A175-HIE 21:       0.00036372 at      2.315 Ang (0.996 Ang by residue) in 7.2016 (sec).
 3-Body A147-GLU 35, A173-HID 14, A175-HID 13:       0.00044908 at      2.315 Ang (0.996 Ang by residue) in 7.4795 (sec).
 3-Body A147-GLU 35, A173-HID 15, A175-HID 1 :       0.00002837 at      2.373 Ang (0.996 Ang by residue) in 7.4396 (sec).
 3-Body A147-GLU 35, A173-HID 15, A175-HIS 0 :       0.00003977 at      2.373 Ang (0.996 Ang by residue) in 7.4577 (sec).
 3-Body A147-GLU 35, A173-HID 15, A175-HID 13:       0.00002100 at      2.371 Ang (0.996 Ang by residue) in 7.4732 (sec).
 3-Body A147-GLU 35, A173-HID 15, A175-HIE 2 :      -0.00005162 at      2.373 Ang (0.996 Ang by residue) in 7.3179 (sec).
 3-Body A147-GLU 35, A173-HIE 21, A175-HIS 0 :       0.00008814 at      2.373 Ang (0.996 Ang by residue) in 7.4319 (sec).
 3-Body A147-GLU 35, A173-HID 15, A175-HIE 21:      -0.00004649 at      2.371 Ang (0.996 Ang by residue) in 7.3282 (sec).
 3-Body A147-GLU 35, A173-HIE 21, A175-HIE 2 :      -0.00001384 at      2.373 Ang (0.996 Ang by residue) in 7.2724 (sec).
 3-Body A147-GLU 35, A173-HIE 21, A175-HID 1 :       0.00006892 at      2.373 Ang (0.996 Ang by residue) in 7.2818 (sec).
 3-Body A147-GLU 35, A173-HIE 21, A175-HIE 21:      -0.00000776 at      2.371 Ang (0.996 Ang by residue) in 7.3919 (sec).
 3-Body A147-GLU 35, A173-HIE 21, A175-HID 13:       0.00005514 at      2.371 Ang (0.996 Ang by residue) in 7.4060 (sec).
 3-Body A147-GLU 35, A173-HIE 22, A175-HID 1 :       0.00011972 at      2.316 Ang (0.996 Ang by residue) in 7.2408 (sec).
 3-Body A147-GLU 35, A173-HIE 22, A175-HIS 0 :       0.00017660 at      2.316 Ang (0.996 Ang by residue) in 7.7325 (sec).
 3-Body A147-GLU 35, A173-HIE 22, A175-HID 13:       0.00008860 at      2.312 Ang (0.996 Ang by residue) in 7.4259 (sec).
 3-Body A147-GLU 35, A173-HIE 22, A175-HIE 2 :      -0.00002764 at      2.316 Ang (0.996 Ang by residue) in 7.0850 (sec).
 3-Body A147-GLU 35, A173-HIE 23, A175-HIS 0 :       0.00018468 at      2.373 Ang (0.996 Ang by residue) in 7.1512 (sec).
 3-Body A147-GLU 35, A173-HIE 22, A175-HIE 21:      -0.00001352 at      2.312 Ang (0.996 Ang by residue) in 7.2954 (sec).
 3-Body A147-GLU 35, A173-HIE 23, A175-HIE 2 :       0.00008023 at      2.373 Ang (0.996 Ang by residue) in 7.1745 (sec).
 3-Body A147-GLU 35, A173-HIE 23, A175-HID 1 :       0.00017960 at      2.373 Ang (0.996 Ang by residue) in 7.1861 (sec).
 3-Body A147-GLU 35, A173-HIE 23, A175-HIE 21:       0.00008252 at      2.371 Ang (0.996 Ang by residue) in 7.0618 (sec).
 3-Body A147-GLU 35, A173-HIE 23, A175-HID 13:       0.00014878 at      2.371 Ang (0.996 Ang by residue) in 7.1360 (sec).
 3-Body A148-ASP 0 , A150-LYS 0 , A197-LYD 1 :      -0.00067652 at      2.050 Ang (1.123 Ang by residue) in 7.0894 (sec).
 3-Body A148-ASP 0 , A150-LYS 0 , A197-LYS 0 :      -0.00347493 at      2.050 Ang (1.123 Ang by residue) in 7.3067 (sec).
 3-Body A148-ASP 0 , A150-LYS 0 , A197-LYD 8 :       0.00022915 at      1.943 Ang (1.123 Ang by residue) in 7.4521 (sec).
 3-Body A148-ASP 0 , A150-LYS 0 , A197-LYD 7 :       0.00001254 at      1.951 Ang (1.123 Ang by residue) in 7.5947 (sec).
 3-Body A148-ASP 0 , A150-LYS 0 , A197-LYD 25:       0.00037438 at      1.894 Ang (1.123 Ang by residue) in 7.1843 (sec).
 3-Body A148-ASP 0 , A150-LYS 0 , A197-LYD 9 :      -0.00038610 at      1.775 Ang (1.123 Ang by residue) in 7.2601 (sec).
 3-Body A148-ASP 0 , A150-LYS 0 , A197-LYD 27:      -0.00069424 at      2.085 Ang (1.123 Ang by residue) in 7.3058 (sec).
 3-Body A148-ASP 0 , A150-LYS 0 , A197-LYD 26:      -0.00067601 at      2.050 Ang (1.123 Ang by residue) in 7.5583 (sec).
 3-Body A148-ASP 0 , A150-LYS 0 , A197-LYS 34:       0.00229647 at      1.951 Ang (1.123 Ang by residue) in 7.3355 (sec).
 3-Body A148-ASP 0 , A150-LYS 0 , A197-LYD 28:      -0.00019561 at      1.930 Ang (1.123 Ang by residue) in 7.5192 (sec).
 3-Body A148-ASP 0 , A150-LYS 0 , A197-LYS 36:       0.01360291 at      1.775 Ang (1.123 Ang by residue) in 7.1420 (sec).
 3-Body A148-ASP 0 , A150-LYS 0 , A197-LYS 35:       0.00228992 at      1.943 Ang (1.123 Ang by residue) in 6.9999 (sec).
 3-Body A148-ASP 0 , A150-LYS 0 , A197-LYS 52:      -0.00445242 at      1.894 Ang (1.123 Ang by residue) in 7.0245 (sec).
 3-Body A148-ASP 0 , A150-LYS 0 , A197-LYS 44:      -0.00380382 at      1.986 Ang (1.123 Ang by residue) in 7.1241 (sec).
 3-Body A148-ASP 0 , A150-LYS 0 , A197-LYS 54:      -0.00354519 at      2.085 Ang (1.123 Ang by residue) in 7.0890 (sec).
 3-Body A148-ASP 0 , A150-LYS 0 , A197-LYS 53:      -0.00347486 at      2.050 Ang (1.123 Ang by residue) in 6.8167 (sec).
 3-Body A148-ASP 0 , A150-LYD 1 , A197-LYS 0 :      -0.00261830 at      2.050 Ang (1.123 Ang by residue) in 7.0475 (sec).
 3-Body A148-ASP 0 , A150-LYS 0 , A197-LYS 55:      -0.00052890 at      1.930 Ang (1.123 Ang by residue) in 7.1031 (sec).
 3-Body A148-ASP 0 , A150-LYD 1 , A197-LYD 7 :      -0.00032469 at      1.951 Ang (1.123 Ang by residue) in 6.9499 (sec).
 3-Body A148-ASP 0 , A150-LYD 1 , A197-LYD 1 :      -0.00064486 at      2.050 Ang (1.123 Ang by residue) in 7.0154 (sec).
 3-Body A148-ASP 0 , A150-LYD 1 , A197-LYD 9 :      -0.00125780 at      1.775 Ang (1.123 Ang by residue) in 6.8124 (sec).
 3-Body A148-ASP 0 , A150-LYD 1 , A197-LYD 8 :      -0.00021415 at      1.943 Ang (1.123 Ang by residue) in 6.8957 (sec).
 3-Body A148-ASP 0 , A150-LYD 1 , A197-LYD 26:      -0.00064472 at      2.050 Ang (1.123 Ang by residue) in 7.0714 (sec).
 3-Body A148-ASP 0 , A150-LYD 1 , A197-LYD 25:       0.00021278 at      1.894 Ang (1.123 Ang by residue) in 6.9337 (sec).
 3-Body A148-ASP 0 , A150-LYD 1 , A197-LYD 28:      -0.00041024 at      1.930 Ang (1.123 Ang by residue) in 7.1820 (sec).
 3-Body A148-ASP 0 , A150-LYD 1 , A197-LYD 27:      -0.00065403 at      2.085 Ang (1.123 Ang by residue) in 6.7681 (sec).
 3-Body A148-ASP 0 , A150-LYD 1 , A197-LYS 35:       0.00122459 at      1.943 Ang (1.123 Ang by residue) in 6.8911 (sec).
 3-Body A148-ASP 0 , A150-LYD 1 , A197-LYS 34:       0.00091660 at      1.951 Ang (1.123 Ang by residue) in 6.8124 (sec).
 3-Body A148-ASP 0 , A150-LYD 1 , A197-LYS 44:      -0.00424245 at      1.986 Ang (1.123 Ang by residue) in 8.5820 (sec).
 3-Body A148-ASP 0 , A150-LYD 1 , A197-LYS 36:       0.00920774 at      1.775 Ang (1.123 Ang by residue) in 8.7963 (sec).
 3-Body A148-ASP 0 , A150-LYD 1 , A197-LYS 53:      -0.00261839 at      2.050 Ang (1.123 Ang by residue) in 8.6949 (sec).
 3-Body A148-ASP 0 , A150-LYD 1 , A197-LYS 52:      -0.00608797 at      1.894 Ang (1.123 Ang by residue) in 8.8475 (sec).
 3-Body A148-ASP 0 , A150-LYD 1 , A197-LYS 55:      -0.00081721 at      1.930 Ang (1.123 Ang by residue) in 8.6485 (sec).
 3-Body A148-ASP 0 , A150-LYD 1 , A197-LYS 54:      -0.00275598 at      2.085 Ang (1.123 Ang by residue) in 8.5646 (sec).
 3-Body A148-ASP 0 , A150-LYD 8 , A197-LYD 1 :      -0.00000356 at      2.319 Ang (1.123 Ang by residue) in 8.7657 (sec).
 3-Body A148-ASP 0 , A150-LYD 8 , A197-LYS 0 :       0.00011931 at      2.319 Ang (1.123 Ang by residue) in 8.9507 (sec).
 3-Body A148-ASP 0 , A150-LYD 8 , A197-LYD 8 :       0.00003591 at      2.304 Ang (1.123 Ang by residue) in 8.7340 (sec).
 3-Body A148-ASP 0 , A150-LYD 8 , A197-LYD 7 :       0.00002734 at      2.307 Ang (1.123 Ang by residue) in 8.6680 (sec).
 3-Body A148-ASP 0 , A150-LYD 8 , A197-LYD 25:       0.00003748 at      2.200 Ang (1.123 Ang by residue) in 8.6608 (sec).
 3-Body A148-ASP 0 , A150-LYD 8 , A197-LYD 9 :       0.00002561 at      2.184 Ang (1.123 Ang by residue) in 8.5891 (sec).
 3-Body A148-ASP 0 , A150-LYD 8 , A197-LYD 27:       0.00001407 at      2.346 Ang (1.123 Ang by residue) in 9.0891 (sec).
 3-Body A148-ASP 0 , A150-LYD 8 , A197-LYD 26:      -0.00000354 at      2.319 Ang (1.123 Ang by residue) in 8.7422 (sec).
 3-Body A148-ASP 0 , A150-LYD 8 , A197-LYS 34:       0.00015798 at      2.307 Ang (1.123 Ang by residue) in 9.0604 (sec).
 3-Body A148-ASP 0 , A150-LYD 8 , A197-LYD 28:       0.00004038 at      2.265 Ang (1.123 Ang by residue) in 8.8377 (sec).
 3-Body A148-ASP 0 , A150-LYD 8 , A197-LYS 36:       0.00053913 at      2.184 Ang (1.123 Ang by residue) in 8.8301 (sec).
 3-Body A148-ASP 0 , A150-LYD 8 , A197-LYS 35:       0.00021130 at      2.304 Ang (1.123 Ang by residue) in 8.9916 (sec).
 3-Body A148-ASP 0 , A150-LYD 8 , A197-LYS 52:       0.00014729 at      2.200 Ang (1.123 Ang by residue) in 8.6751 (sec).
 3-Body A148-ASP 0 , A150-LYD 8 , A197-LYS 44:       0.00013773 at      2.280 Ang (1.123 Ang by residue) in 8.8003 (sec).
 3-Body A148-ASP 0 , A150-LYD 8 , A197-LYS 54:       0.00006296 at      2.346 Ang (1.123 Ang by residue) in 8.7829 (sec).
 3-Body A148-ASP 0 , A150-LYD 8 , A197-LYS 53:       0.00011931 at      2.319 Ang (1.123 Ang by residue) in 8.6303 (sec).
 3-Body A148-ASP 0 , A150-LYD 19, A197-LYS 0 :      -0.00028839 at      1.998 Ang (1.123 Ang by residue) in 8.6987 (sec).
 3-Body A148-ASP 0 , A150-LYD 8 , A197-LYS 55:       0.00019731 at      2.265 Ang (1.123 Ang by residue) in 8.6410 (sec).
 3-Body A148-ASP 0 , A150-LYD 19, A197-LYD 7 :       0.00005666 at      2.029 Ang (1.123 Ang by residue) in 8.4803 (sec).
 3-Body A148-ASP 0 , A150-LYD 19, A197-LYD 1 :      -0.00012638 at      1.998 Ang (1.123 Ang by residue) in 8.4341 (sec).
 3-Body A148-ASP 0 , A150-LYD 19, A197-LYD 9 :      -0.00033049 at      1.899 Ang (1.123 Ang by residue) in 8.3368 (sec).
 3-Body A148-ASP 0 , A150-LYD 19, A197-LYD 8 :       0.00010772 at      2.025 Ang (1.123 Ang by residue) in 8.8276 (sec).
 3-Body A148-ASP 0 , A150-LYD 19, A197-LYD 26:      -0.00012630 at      1.998 Ang (1.123 Ang by residue) in 8.5310 (sec).
 3-Body A148-ASP 0 , A150-LYD 19, A197-LYD 25:       0.00070900 at      1.862 Ang (1.123 Ang by residue) in 8.7254 (sec).
 3-Body A148-ASP 0 , A150-LYD 19, A197-LYD 28:       0.00015350 at      1.939 Ang (1.123 Ang by residue) in 8.5161 (sec).
 3-Body A148-ASP 0 , A150-LYD 19, A197-LYD 27:      -0.00003423 at      2.031 Ang (1.123 Ang by residue) in 8.5436 (sec).
 3-Body A148-ASP 0 , A150-LYD 19, A197-LYS 35:       0.00109909 at      2.025 Ang (1.123 Ang by residue) in 8.7785 (sec).
 3-Body A148-ASP 0 , A150-LYD 19, A197-LYS 34:       0.00063833 at      2.029 Ang (1.123 Ang by residue) in 8.5667 (sec).
 3-Body A148-ASP 0 , A150-LYD 19, A197-LYS 44:      -0.00120184 at      1.946 Ang (1.123 Ang by residue) in 8.5324 (sec).
 3-Body A148-ASP 0 , A150-LYD 19, A197-LYS 36:       0.00398081 at      1.899 Ang (1.123 Ang by residue) in 8.2047 (sec).
 3-Body A148-ASP 0 , A150-LYD 19, A197-LYS 53:      -0.00028847 at      1.998 Ang (1.123 Ang by residue) in 7.1971 (sec).
 3-Body A148-ASP 0 , A150-LYD 19, A197-LYS 52:      -0.00267857 at      1.862 Ang (1.123 Ang by residue) in 7.0536 (sec).
 3-Body A148-ASP 0 , A150-LYD 19, A197-LYS 55:       0.00062002 at      1.939 Ang (1.123 Ang by residue) in 7.2962 (sec).
 3-Body A148-ASP 0 , A150-LYD 19, A197-LYS 54:      -0.00068869 at      2.031 Ang (1.123 Ang by residue) in 7.3237 (sec).
 3-Body A148-ASP 0 , A150-LYD 20, A197-LYD 1 :      -0.00121024 at      1.987 Ang (1.123 Ang by residue) in 7.2130 (sec).
 3-Body A148-ASP 0 , A150-LYD 20, A197-LYS 0 :      -0.00005846 at      1.987 Ang (1.123 Ang by residue) in 7.2970 (sec).
 3-Body A148-ASP 0 , A150-LYD 20, A197-LYD 8 :       0.00076228 at      1.839 Ang (1.123 Ang by residue) in 7.4195 (sec).
 3-Body A148-ASP 0 , A150-LYD 20, A197-LYD 7 :      -0.00009496 at      1.846 Ang (1.123 Ang by residue) in 7.4222 (sec).
 3-Body A148-ASP 0 , A150-LYD 20, A197-LYD 25:      -0.00045415 at      1.807 Ang (1.123 Ang by residue) in 7.3128 (sec).
 3-Body A148-ASP 0 , A150-LYD 20, A197-LYD 9 :      -0.00437173 at      1.681 Ang (1.123 Ang by residue) in 7.3986 (sec).
 3-Body A148-ASP 0 , A150-LYD 20, A197-LYD 27:      -0.00079730 at      2.024 Ang (1.123 Ang by residue) in 7.3467 (sec).
 3-Body A148-ASP 0 , A150-LYD 20, A197-LYD 26:      -0.00120913 at      1.987 Ang (1.123 Ang by residue) in 7.3675 (sec).
 3-Body A148-ASP 0 , A150-LYD 20, A197-LYS 34:       0.00586835 at      1.846 Ang (1.123 Ang by residue) in 7.4219 (sec).
 3-Body A148-ASP 0 , A150-LYD 20, A197-LYD 28:       0.00075365 at      1.839 Ang (1.123 Ang by residue) in 9.1829 (sec).
 3-Body A148-ASP 0 , A150-LYD 20, A197-LYS 36:       0.04098612 at      1.681 Ang (1.123 Ang by residue) in 8.6791 (sec).
 3-Body A148-ASP 0 , A150-LYD 20, A197-LYS 35:       0.00803936 at      1.839 Ang (1.123 Ang by residue) in 8.9224 (sec).
 3-Body A148-ASP 0 , A150-LYD 20, A197-LYS 52:      -0.00330571 at      1.807 Ang (1.123 Ang by residue) in 8.9445 (sec).
 3-Body A148-ASP 0 , A150-LYD 20, A197-LYS 44:      -0.00073693 at      1.910 Ang (1.123 Ang by residue) in 8.7424 (sec).
 3-Body A148-ASP 0 , A150-LYD 20, A197-LYS 54:      -0.00089293 at      2.024 Ang (1.123 Ang by residue) in 8.7651 (sec).
 3-Body A148-ASP 0 , A150-LYD 20, A197-LYS 53:      -0.00005786 at      1.987 Ang (1.123 Ang by residue) in 8.9532 (sec).
 3-Body A148-ASP 0 , A150-LYD 21, A197-LYS 0 :      -0.00644480 at      1.985 Ang (1.123 Ang by residue) in 7.4744 (sec).
 3-Body A148-ASP 0 , A150-LYD 20, A197-LYS 55:       0.00582645 at      1.839 Ang (1.123 Ang by residue) in 7.1377 (sec).
 3-Body A148-ASP 0 , A150-LYD 21, A197-LYD 7 :      -0.00074454 at      1.863 Ang (1.123 Ang by residue) in 7.0112 (sec).
 3-Body A148-ASP 0 , A150-LYD 21, A197-LYD 1 :      -0.00137101 at      1.985 Ang (1.123 Ang by residue) in 7.1328 (sec).
 3-Body A148-ASP 0 , A150-LYD 21, A197-LYD 9 :      -0.00202651 at      1.654 Ang (1.123 Ang by residue) in 9.1826 (sec).
 3-Body A148-ASP 0 , A150-LYD 21, A197-LYD 8 :      -0.00087523 at      1.853 Ang (1.123 Ang by residue) in 8.8476 (sec).
 3-Body A148-ASP 0 , A150-LYD 21, A197-LYD 26:      -0.00137097 at      1.985 Ang (1.123 Ang by residue) in 8.7252 (sec).
 3-Body A148-ASP 0 , A150-LYD 21, A197-LYD 25:      -0.00648865 at      1.800 Ang (1.123 Ang by residue) in 8.7877 (sec).
 3-Body A148-ASP 0 , A150-LYD 21, A197-LYD 28:      -0.00224295 at      1.803 Ang (1.123 Ang by residue) in 8.7195 (sec).
 3-Body A148-ASP 0 , A150-LYD 21, A197-LYD 27:      -0.00153967 at      2.022 Ang (1.123 Ang by residue) in 8.7933 (sec).
 3-Body A148-ASP 0 , A150-LYD 21, A197-LYS 35:       0.00144598 at      1.853 Ang (1.123 Ang by residue) in 8.8537 (sec).
 3-Body A148-ASP 0 , A150-LYD 21, A197-LYS 34:       0.00089668 at      1.863 Ang (1.123 Ang by residue) in 8.6349 (sec).
 3-Body A148-ASP 0 , A150-LYD 21, A197-LYS 44:      -0.01290127 at      1.896 Ang (1.123 Ang by residue) in 8.6519 (sec).
 3-Body A148-ASP 0 , A150-LYD 21, A197-LYS 36:       0.00351716 at      1.654 Ang (1.123 Ang by residue) in 8.7907 (sec).
 3-Body A148-ASP 0 , A150-LYD 21, A197-LYS 53:      -0.00644344 at      1.985 Ang (1.123 Ang by residue) in 8.8106 (sec).
 3-Body A148-ASP 0 , A150-LYD 21, A197-LYS 52:      -0.02298964 at      1.800 Ang (1.123 Ang by residue) in 8.5061 (sec).
 3-Body A148-ASP 0 , A150-LYD 21, A197-LYS 55:      -0.00474586 at      1.803 Ang (1.123 Ang by residue) in 8.7546 (sec).
 3-Body A148-ASP 0 , A150-LYD 21, A197-LYS 54:      -0.00578258 at      2.022 Ang (1.123 Ang by residue) in 8.7367 (sec).
 3-Body A148-ASP 0 , A150-LYD 22, A197-LYD 1 :      -0.00111938 at      2.050 Ang (1.123 Ang by residue) in 8.6495 (sec).
 3-Body A148-ASP 0 , A150-LYD 22, A197-LYS 0 :      -0.00472714 at      2.050 Ang (1.123 Ang by residue) in 8.4963 (sec).
 3-Body A148-ASP 0 , A150-LYD 22, A197-LYD 8 :      -0.00049921 at      1.939 Ang (1.123 Ang by residue) in 8.5886 (sec).
 3-Body A148-ASP 0 , A150-LYD 22, A197-LYD 7 :      -0.00044126 at      1.949 Ang (1.123 Ang by residue) in 8.7379 (sec).
 3-Body A148-ASP 0 , A150-LYD 22, A197-LYD 25:      -0.00277003 at      1.874 Ang (1.123 Ang by residue) in 8.6031 (sec).
 3-Body A148-ASP 0 , A150-LYD 22, A197-LYD 9 :      -0.00097730 at      1.753 Ang (1.123 Ang by residue) in 8.5688 (sec).
 3-Body A148-ASP 0 , A150-LYD 22, A197-LYD 27:      -0.00119808 at      2.086 Ang (1.123 Ang by residue) in 8.9962 (sec).
 3-Body A148-ASP 0 , A150-LYD 22, A197-LYD 26:      -0.00111923 at      2.050 Ang (1.123 Ang by residue) in 8.8956 (sec).
 3-Body A148-ASP 0 , A150-LYD 22, A197-LYS 34:       0.00141602 at      1.949 Ang (1.123 Ang by residue) in 8.6143 (sec).
 3-Body A148-ASP 0 , A150-LYD 22, A197-LYD 28:      -0.00119826 at      1.899 Ang (1.123 Ang by residue) in 9.1538 (sec).
 3-Body A148-ASP 0 , A150-LYD 22, A197-LYS 36:       0.00517717 at      1.753 Ang (1.123 Ang by residue) in 8.8644 (sec).
 3-Body A148-ASP 0 , A150-LYD 22, A197-LYS 35:       0.00198515 at      1.939 Ang (1.123 Ang by residue) in 8.7892 (sec).
 3-Body A148-ASP 0 , A150-LYD 22, A197-LYS 52:      -0.01546742 at      1.874 Ang (1.123 Ang by residue) in 8.5291 (sec).
 3-Body A148-ASP 0 , A150-LYD 22, A197-LYS 44:      -0.00919951 at      1.973 Ang (1.123 Ang by residue) in 8.7393 (sec).
 3-Body A148-ASP 0 , A150-LYD 22, A197-LYS 54:      -0.00481603 at      2.086 Ang (1.123 Ang by residue) in 8.4980 (sec).
 3-Body A148-ASP 0 , A150-LYD 22, A197-LYS 53:      -0.00472656 at      2.050 Ang (1.123 Ang by residue) in 8.5909 (sec).
 3-Body A148-ASP 0 , A150-LYD 25, A197-LYS 0 :      -0.00128067 at      2.147 Ang (1.123 Ang by residue) in 8.6041 (sec).
 3-Body A148-ASP 0 , A150-LYD 22, A197-LYS 55:      -0.00261875 at      1.899 Ang (1.123 Ang by residue) in 8.6503 (sec).
 3-Body A148-ASP 0 , A150-LYD 25, A197-LYD 7 :       0.00006186 at      2.041 Ang (1.123 Ang by residue) in 8.5686 (sec).
 3-Body A148-ASP 0 , A150-LYD 25, A197-LYD 1 :      -0.00054335 at      2.147 Ang (1.123 Ang by residue) in 8.5690 (sec).
 3-Body A148-ASP 0 , A150-LYD 25, A197-LYD 9 :       0.00041319 at      1.863 Ang (1.123 Ang by residue) in 8.2081 (sec).
 3-Body A148-ASP 0 , A150-LYD 25, A197-LYD 8 :       0.00036552 at      2.033 Ang (1.123 Ang by residue) in 8.5901 (sec).
 3-Body A148-ASP 0 , A150-LYD 25, A197-LYD 26:      -0.00054276 at      2.147 Ang (1.123 Ang by residue) in 8.6755 (sec).
 3-Body A148-ASP 0 , A150-LYD 25, A197-LYD 25:      -0.00022030 at      1.984 Ang (1.123 Ang by residue) in 8.5556 (sec).
 3-Body A148-ASP 0 , A150-LYD 25, A197-LYD 28:       0.00015393 at      2.008 Ang (1.123 Ang by residue) in 8.5425 (sec).
 3-Body A148-ASP 0 , A150-LYD 25, A197-LYD 27:      -0.00040715 at      2.181 Ang (1.123 Ang by residue) in 8.8282 (sec).
 3-Body A148-ASP 0 , A150-LYD 25, A197-LYS 35:       0.00401824 at      2.033 Ang (1.123 Ang by residue) in 8.8354 (sec).
 3-Body A148-ASP 0 , A150-LYD 25, A197-LYS 34:       0.00353307 at      2.041 Ang (1.123 Ang by residue) in 8.6834 (sec).
 3-Body A148-ASP 0 , A150-LYD 25, A197-LYS 44:      -0.00145575 at      2.076 Ang (1.123 Ang by residue) in 8.5238 (sec).
 3-Body A148-ASP 0 , A150-LYD 25, A197-LYS 36:       0.01193303 at      1.863 Ang (1.123 Ang by residue) in 8.6270 (sec).
 3-Body A148-ASP 0 , A150-LYD 25, A197-LYS 53:      -0.00128024 at      2.147 Ang (1.123 Ang by residue) in 8.6437 (sec).
 3-Body A148-ASP 0 , A150-LYD 25, A197-LYS 52:      -0.00234549 at      1.984 Ang (1.123 Ang by residue) in 8.8188 (sec).
 3-Body A148-ASP 0 , A150-LYD 25, A197-LYS 55:       0.00165635 at      2.008 Ang (1.123 Ang by residue) in 8.7461 (sec).
 3-Body A148-ASP 0 , A150-LYD 25, A197-LYS 54:      -0.00170320 at      2.181 Ang (1.123 Ang by residue) in 8.8120 (sec).
 3-Body A148-ASP 0 , A150-LYD 26, A197-LYD 1 :      -0.00038997 at      2.162 Ang (1.123 Ang by residue) in 8.6627 (sec).
 3-Body A148-ASP 0 , A150-LYD 26, A197-LYS 0 :      -0.00111028 at      2.162 Ang (1.123 Ang by residue) in 8.7908 (sec).
 3-Body A148-ASP 0 , A150-LYD 26, A197-LYD 8 :       0.00046869 at      2.069 Ang (1.123 Ang by residue) in 9.0718 (sec).
 3-Body A148-ASP 0 , A150-LYD 26, A197-LYD 7 :       0.00019359 at      2.076 Ang (1.123 Ang by residue) in 8.7889 (sec).
 3-Body A148-ASP 0 , A150-LYD 26, A197-LYD 25:       0.00010439 at      2.012 Ang (1.123 Ang by residue) in 8.5389 (sec).
 3-Body A148-ASP 0 , A150-LYD 26, A197-LYD 9 :       0.00079710 at      1.909 Ang (1.123 Ang by residue) in 8.6206 (sec).
 3-Body A148-ASP 0 , A150-LYD 26, A197-LYD 27:      -0.00029098 at      2.193 Ang (1.123 Ang by residue) in 8.7664 (sec).
 3-Body A148-ASP 0 , A150-LYD 26, A197-LYD 26:      -0.00038947 at      2.162 Ang (1.123 Ang by residue) in 8.7347 (sec).
 3-Body A148-ASP 0 , A150-LYD 26, A197-LYS 34:       0.00323560 at      2.076 Ang (1.123 Ang by residue) in 8.8172 (sec).
 3-Body A148-ASP 0 , A150-LYD 26, A197-LYD 28:       0.00026144 at      2.031 Ang (1.123 Ang by residue) in 8.4404 (sec).
 3-Body A148-ASP 0 , A150-LYD 26, A197-LYS 36:       0.01130776 at      1.909 Ang (1.123 Ang by residue) in 8.6629 (sec).
 3-Body A148-ASP 0 , A150-LYD 26, A197-LYS 35:       0.00369133 at      2.069 Ang (1.123 Ang by residue) in 8.5738 (sec).
 3-Body A148-ASP 0 , A150-LYD 26, A197-LYS 52:      -0.00188368 at      2.012 Ang (1.123 Ang by residue) in 8.5717 (sec).
 3-Body A148-ASP 0 , A150-LYD 26, A197-LYS 44:      -0.00126622 at      2.092 Ang (1.123 Ang by residue) in 8.8226 (sec).
 3-Body A148-ASP 0 , A150-LYD 26, A197-LYS 54:      -0.00153343 at      2.193 Ang (1.123 Ang by residue) in 8.3654 (sec).
 3-Body A148-ASP 0 , A150-LYD 26, A197-LYS 53:      -0.00110996 at      2.162 Ang (1.123 Ang by residue) in 8.5780 (sec).
 3-Body A148-ASP 0 , A150-LYD 27, A197-LYS 0 :      -0.00350411 at      2.128 Ang (1.123 Ang by residue) in 8.4305 (sec).
 3-Body A148-ASP 0 , A150-LYD 26, A197-LYS 55:       0.00149305 at      2.031 Ang (1.123 Ang by residue) in 8.8298 (sec).
 3-Body A148-ASP 0 , A150-LYD 27, A197-LYD 7 :      -0.00022306 at      2.041 Ang (1.123 Ang by residue) in 8.7187 (sec).
 3-Body A148-ASP 0 , A150-LYD 27, A197-LYD 1 :      -0.00055967 at      2.128 Ang (1.123 Ang by residue) in 8.2760 (sec).
 3-Body A148-ASP 0 , A150-LYD 27, A197-LYD 9 :       0.00022596 at      1.871 Ang (1.123 Ang by residue) in 8.4554 (sec).
 3-Body A148-ASP 0 , A150-LYD 27, A197-LYD 8 :      -0.00010487 at      2.034 Ang (1.123 Ang by residue) in 8.4556 (sec).
 3-Body A148-ASP 0 , A150-LYD 27, A197-LYD 26:      -0.00055912 at      2.128 Ang (1.123 Ang by residue) in 8.4339 (sec).
 3-Body A148-ASP 0 , A150-LYD 27, A197-LYD 25:      -0.00005150 at      1.976 Ang (1.123 Ang by residue) in 8.4490 (sec).
 3-Body A148-ASP 0 , A150-LYD 27, A197-LYD 28:      -0.00014358 at      1.995 Ang (1.123 Ang by residue) in 8.3662 (sec).
 3-Body A148-ASP 0 , A150-LYD 27, A197-LYD 27:      -0.00062384 at      2.160 Ang (1.123 Ang by residue) in 8.5731 (sec).
 3-Body A148-ASP 0 , A150-LYD 27, A197-LYS 35:       0.00078023 at      2.034 Ang (1.123 Ang by residue) in 8.4137 (sec).
 3-Body A148-ASP 0 , A150-LYD 27, A197-LYS 34:       0.00046412 at      2.041 Ang (1.123 Ang by residue) in 8.5080 (sec).
 3-Body A148-ASP 0 , A150-LYD 27, A197-LYS 44:      -0.00367896 at      2.057 Ang (1.123 Ang by residue) in 8.6265 (sec).
 3-Body A148-ASP 0 , A150-LYD 27, A197-LYS 36:       0.00944793 at      1.871 Ang (1.123 Ang by residue) in 8.6307 (sec).
 3-Body A148-ASP 0 , A150-LYD 27, A197-LYS 53:      -0.00350369 at      2.128 Ang (1.123 Ang by residue) in 8.3000 (sec).
 3-Body A148-ASP 0 , A150-LYD 27, A197-LYS 52:      -0.00426703 at      1.976 Ang (1.123 Ang by residue) in 8.6687 (sec).
 3-Body A148-ASP 0 , A150-LYD 27, A197-LYS 55:      -0.00123440 at      1.995 Ang (1.123 Ang by residue) in 8.7383 (sec).
 3-Body A148-ASP 0 , A150-LYD 27, A197-LYS 54:      -0.00367459 at      2.160 Ang (1.123 Ang by residue) in 8.5370 (sec).
 3-Body A148-ASP 0 , A150-LYD 28, A197-LYD 1 :      -0.00009682 at      2.251 Ang (1.123 Ang by residue) in 8.3704 (sec).
 3-Body A148-ASP 0 , A150-LYD 28, A197-LYS 0 :       0.00000344 at      2.251 Ang (1.123 Ang by residue) in 8.1966 (sec).
 3-Body A148-ASP 0 , A150-LYD 28, A197-LYD 8 :       0.00013188 at      2.162 Ang (1.123 Ang by residue) in 8.3864 (sec).
 3-Body A148-ASP 0 , A150-LYD 28, A197-LYD 7 :       0.00007502 at      2.169 Ang (1.123 Ang by residue) in 8.5925 (sec).
 3-Body A148-ASP 0 , A150-LYD 28, A197-LYD 25:       0.00021685 at      2.108 Ang (1.123 Ang by residue) in 8.7210 (sec).
 3-Body A148-ASP 0 , A150-LYD 28, A197-LYD 9 :       0.00013803 at      2.010 Ang (1.123 Ang by residue) in 8.6931 (sec).
 3-Body A148-ASP 0 , A150-LYD 28, A197-LYD 27:      -0.00003546 at      2.281 Ang (1.123 Ang by residue) in 8.7041 (sec).
 3-Body A148-ASP 0 , A150-LYD 28, A197-LYD 26:      -0.00009665 at      2.251 Ang (1.123 Ang by residue) in 8.3919 (sec).
 3-Body A148-ASP 0 , A150-LYD 28, A197-LYS 34:       0.00071800 at      2.169 Ang (1.123 Ang by residue) in 8.6373 (sec).
 3-Body A148-ASP 0 , A150-LYD 28, A197-LYD 28:       0.00015193 at      2.126 Ang (1.123 Ang by residue) in 8.6336 (sec).
 3-Body A148-ASP 0 , A150-LYD 28, A197-LYS 36:       0.00367561 at      2.010 Ang (1.123 Ang by residue) in 8.9389 (sec).
 3-Body A148-ASP 0 , A150-LYD 28, A197-LYS 35:       0.00103658 at      2.162 Ang (1.123 Ang by residue) in 9.2979 (sec).
 3-Body A148-ASP 0 , A150-LYD 28, A197-LYS 52:      -0.00023393 at      2.108 Ang (1.123 Ang by residue) in 9.1022 (sec).
 3-Body A148-ASP 0 , A150-LYD 28, A197-LYS 44:      -0.00007963 at      2.184 Ang (1.123 Ang by residue) in 8.9120 (sec).
 3-Body A148-ASP 0 , A150-LYD 28, A197-LYS 54:      -0.00027456 at      2.281 Ang (1.123 Ang by residue) in 8.6618 (sec).
 3-Body A148-ASP 0 , A150-LYD 28, A197-LYS 53:       0.00000349 at      2.251 Ang (1.123 Ang by residue) in 8.9703 (sec).
 3-Body A148-ASP 0 , A150-LYS 30, A197-LYS 0 :      -0.00596757 at      2.043 Ang (1.123 Ang by residue) in 8.5340 (sec).
 3-Body A148-ASP 0 , A150-LYD 28, A197-LYS 55:       0.00066594 at      2.126 Ang (1.123 Ang by residue) in 8.2324 (sec).
 3-Body A148-ASP 0 , A150-LYS 30, A197-LYD 7 :      -0.00038843 at      2.008 Ang (1.123 Ang by residue) in 7.0739 (sec).
 3-Body A148-ASP 0 , A150-LYS 30, A197-LYD 1 :      -0.00102171 at      2.043 Ang (1.123 Ang by residue) in 7.1230 (sec).
 3-Body A148-ASP 0 , A150-LYS 30, A197-LYD 9 :      -0.00141739 at      1.831 Ang (1.123 Ang by residue) in 7.3162 (sec).
 3-Body A148-ASP 0 , A150-LYS 30, A197-LYD 8 :      -0.00024016 at      1.999 Ang (1.123 Ang by residue) in 7.2966 (sec).
 3-Body A148-ASP 0 , A150-LYS 30, A197-LYD 26:      -0.00102089 at      2.043 Ang (1.123 Ang by residue) in 7.2634 (sec).
 3-Body A148-ASP 0 , A150-LYS 30, A197-LYD 25:      -0.00033361 at      1.891 Ang (1.123 Ang by residue) in 7.2829 (sec).
 3-Body A148-ASP 0 , A150-LYS 30, A197-LYD 28:      -0.00064004 at      1.945 Ang (1.123 Ang by residue) in 7.2224 (sec).
 3-Body A148-ASP 0 , A150-LYS 30, A197-LYD 27:      -0.00114965 at      2.078 Ang (1.123 Ang by residue) in 7.2273 (sec).
 3-Body A148-ASP 0 , A150-LYS 30, A197-LYS 35:       0.00092419 at      1.999 Ang (1.123 Ang by residue) in 7.4063 (sec).
 3-Body A148-ASP 0 , A150-LYS 30, A197-LYS 34:       0.00137757 at      2.008 Ang (1.123 Ang by residue) in 7.4432 (sec).
 3-Body A148-ASP 0 , A150-LYS 30, A197-LYS 44:      -0.00541110 at      1.983 Ang (1.123 Ang by residue) in 7.2180 (sec).
 3-Body A148-ASP 0 , A150-LYS 30, A197-LYS 36:       0.01186866 at      1.831 Ang (1.123 Ang by residue) in 7.3056 (sec).
 3-Body A148-ASP 0 , A150-LYS 30, A197-LYS 53:      -0.00596711 at      2.043 Ang (1.123 Ang by residue) in 7.1481 (sec).
 3-Body A148-ASP 0 , A150-LYS 30, A197-LYS 52:      -0.00577104 at      1.891 Ang (1.123 Ang by residue) in 7.2828 (sec).
 3-Body A148-ASP 0 , A150-LYS 30, A197-LYS 55:      -0.00204796 at      1.945 Ang (1.123 Ang by residue) in 7.2527 (sec).
 3-Body A148-ASP 0 , A150-LYS 30, A197-LYS 54:      -0.00562368 at      2.078 Ang (1.123 Ang by residue) in 7.0903 (sec).
 3-Body A148-ASP 0 , A150-LYS 34, A197-LYD 1 :       0.00008480 at      2.319 Ang (1.123 Ang by residue) in 7.0747 (sec).
 3-Body A148-ASP 0 , A150-LYS 34, A197-LYS 0 :       0.00018005 at      2.319 Ang (1.123 Ang by residue) in 7.2285 (sec).
 3-Body A148-ASP 0 , A150-LYS 34, A197-LYD 8 :       0.00014372 at      2.304 Ang (1.123 Ang by residue) in 7.2791 (sec).
 3-Body A148-ASP 0 , A150-LYS 34, A197-LYD 7 :       0.00012862 at      2.307 Ang (1.123 Ang by residue) in 7.3668 (sec).
 3-Body A148-ASP 0 , A150-LYS 34, A197-LYD 25:       0.00014124 at      2.200 Ang (1.123 Ang by residue) in 7.2935 (sec).
 3-Body A148-ASP 0 , A150-LYS 34, A197-LYD 9 :       0.00020273 at      2.184 Ang (1.123 Ang by residue) in 7.3062 (sec).
 3-Body A148-ASP 0 , A150-LYS 34, A197-LYD 27:       0.00009578 at      2.346 Ang (1.123 Ang by residue) in 7.2915 (sec).
 3-Body A148-ASP 0 , A150-LYS 34, A197-LYD 26:       0.00008483 at      2.319 Ang (1.123 Ang by residue) in 7.3326 (sec).
 3-Body A148-ASP 0 , A150-LYS 34, A197-LYS 34:       0.00029025 at      2.307 Ang (1.123 Ang by residue) in 7.3035 (sec).
 3-Body A148-ASP 0 , A150-LYS 34, A197-LYD 28:       0.00014492 at      2.265 Ang (1.123 Ang by residue) in 7.4860 (sec).
 3-Body A148-ASP 0 , A150-LYS 34, A197-LYS 36:       0.00073791 at      2.184 Ang (1.123 Ang by residue) in 7.2369 (sec).
 3-Body A148-ASP 0 , A150-LYS 34, A197-LYS 35:       0.00033918 at      2.304 Ang (1.123 Ang by residue) in 7.5662 (sec).
 3-Body A148-ASP 0 , A150-LYS 34, A197-LYS 52:       0.00025911 at      2.200 Ang (1.123 Ang by residue) in 7.2458 (sec).
 3-Body A148-ASP 0 , A150-LYS 34, A197-LYS 44:       0.00021949 at      2.280 Ang (1.123 Ang by residue) in 7.4690 (sec).
 3-Body A148-ASP 0 , A150-LYS 34, A197-LYS 54:       0.00012151 at      2.346 Ang (1.123 Ang by residue) in 7.4152 (sec).
 3-Body A148-ASP 0 , A150-LYS 34, A197-LYS 53:       0.00018006 at      2.319 Ang (1.123 Ang by residue) in 7.1872 (sec).
 3-Body A148-ASP 0 , A150-LYS 35, A197-LYS 0 :       0.00018148 at      2.319 Ang (1.123 Ang by residue) in 7.2366 (sec).
 3-Body A148-ASP 0 , A150-LYS 34, A197-LYS 55:       0.00029539 at      2.265 Ang (1.123 Ang by residue) in 8.0871 (sec).
 3-Body A148-ASP 0 , A150-LYS 35, A197-LYD 7 :       0.00013506 at      2.307 Ang (1.123 Ang by residue) in 8.8028 (sec).
 3-Body A148-ASP 0 , A150-LYS 35, A197-LYD 1 :       0.00009236 at      2.319 Ang (1.123 Ang by residue) in 8.6330 (sec).
 3-Body A148-ASP 0 , A150-LYS 35, A197-LYD 9 :       0.00022112 at      2.184 Ang (1.123 Ang by residue) in 8.5730 (sec).
 3-Body A148-ASP 0 , A150-LYS 35, A197-LYD 8 :       0.00015346 at      2.304 Ang (1.123 Ang by residue) in 8.8052 (sec).
 3-Body A148-ASP 0 , A150-LYS 35, A197-LYD 26:       0.00009238 at      2.319 Ang (1.123 Ang by residue) in 8.5092 (sec).
 3-Body A148-ASP 0 , A150-LYS 35, A197-LYD 25:       0.00015087 at      2.200 Ang (1.123 Ang by residue) in 8.9265 (sec).
 3-Body A148-ASP 0 , A150-LYS 35, A197-LYD 28:       0.00015446 at      2.265 Ang (1.123 Ang by residue) in 8.7161 (sec).
 3-Body A148-ASP 0 , A150-LYS 35, A197-LYD 27:       0.00010217 at      2.346 Ang (1.123 Ang by residue) in 8.7713 (sec).
 3-Body A148-ASP 0 , A150-LYS 35, A197-LYS 35:       0.00035242 at      2.304 Ang (1.123 Ang by residue) in 8.5259 (sec).
 3-Body A148-ASP 0 , A150-LYS 35, A197-LYS 34:       0.00030822 at      2.307 Ang (1.123 Ang by residue) in 8.7279 (sec).
 3-Body A148-ASP 0 , A150-LYS 35, A197-LYS 44:       0.00022432 at      2.280 Ang (1.123 Ang by residue) in 8.4974 (sec).
 3-Body A148-ASP 0 , A150-LYS 35, A197-LYS 36:       0.00077925 at      2.184 Ang (1.123 Ang by residue) in 9.1481 (sec).
 3-Body A148-ASP 0 , A150-LYS 35, A197-LYS 53:       0.00018149 at      2.319 Ang (1.123 Ang by residue) in 8.7454 (sec).
 3-Body A148-ASP 0 , A150-LYS 35, A197-LYS 52:       0.00026566 at      2.200 Ang (1.123 Ang by residue) in 9.1469 (sec).
 3-Body A148-ASP 0 , A150-LYS 35, A197-LYS 55:       0.00030285 at      2.265 Ang (1.123 Ang by residue) in 8.6279 (sec).
 3-Body A148-ASP 0 , A150-LYS 35, A197-LYS 54:       0.00012429 at      2.346 Ang (1.123 Ang by residue) in 8.5896 (sec).
 3-Body A148-ASP 0 , A150-LYS 36, A197-LYD 1 :       0.00013255 at      2.304 Ang (1.123 Ang by residue) in 8.8065 (sec).
 3-Body A148-ASP 0 , A150-LYS 36, A197-LYS 0 :       0.00019699 at      2.304 Ang (1.123 Ang by residue) in 8.5884 (sec).
 3-Body A148-ASP 0 , A150-LYS 36, A197-LYD 8 :       0.00017382 at      2.304 Ang (1.123 Ang by residue) in 9.2108 (sec).
 3-Body A148-ASP 0 , A150-LYS 36, A197-LYD 7 :       0.00015686 at      2.307 Ang (1.123 Ang by residue) in 8.1982 (sec).
 3-Body A148-ASP 0 , A150-LYS 36, A197-LYD 25:       0.00021643 at      2.170 Ang (1.123 Ang by residue) in 8.1364 (sec).
 3-Body A148-ASP 0 , A150-LYS 36, A197-LYD 9 :       0.00024769 at      2.184 Ang (1.123 Ang by residue) in 8.4037 (sec).
 3-Body A148-ASP 0 , A150-LYS 36, A197-LYD 27:       0.00014061 at      2.331 Ang (1.123 Ang by residue) in 8.5387 (sec).
 3-Body A148-ASP 0 , A150-LYS 36, A197-LYD 26:       0.00013258 at      2.304 Ang (1.123 Ang by residue) in 8.2358 (sec).
 3-Body A148-ASP 0 , A150-LYS 36, A197-LYS 34:       0.00030287 at      2.307 Ang (1.123 Ang by residue) in 7.9836 (sec).
 3-Body A148-ASP 0 , A150-LYS 36, A197-LYD 28:       0.00018625 at      2.265 Ang (1.123 Ang by residue) in 8.5646 (sec).
 3-Body A148-ASP 0 , A150-LYS 36, A197-LYS 36:       0.00073718 at      2.184 Ang (1.123 Ang by residue) in 8.4918 (sec).
 3-Body A148-ASP 0 , A150-LYS 36, A197-LYS 35:       0.00034336 at      2.304 Ang (1.123 Ang by residue) in 8.3704 (sec).
 3-Body A148-ASP 0 , A150-LYS 36, A197-LYS 52:       0.00033135 at      2.170 Ang (1.123 Ang by residue) in 8.1433 (sec).
 3-Body A148-ASP 0 , A150-LYS 36, A197-LYS 44:       0.00025301 at      2.280 Ang (1.123 Ang by residue) in 8.6063 (sec).
 3-Body A148-ASP 0 , A150-LYS 36, A197-LYS 54:       0.00013616 at      2.331 Ang (1.123 Ang by residue) in 8.4381 (sec).
 3-Body A148-ASP 0 , A150-LYS 36, A197-LYS 53:       0.00019699 at      2.304 Ang (1.123 Ang by residue) in 8.2764 (sec).
 3-Body A148-ASP 0 , A150-LYS 46, A197-LYS 0 :       0.00092457 at      1.998 Ang (1.123 Ang by residue) in 8.7407 (sec).
 3-Body A148-ASP 0 , A150-LYS 36, A197-LYS 55:       0.00030785 at      2.265 Ang (1.123 Ang by residue) in 8.3714 (sec).
 3-Body A148-ASP 0 , A150-LYS 46, A197-LYD 7 :       0.00052892 at      2.029 Ang (1.123 Ang by residue) in 8.2726 (sec).
 3-Body A148-ASP 0 , A150-LYS 46, A197-LYD 1 :       0.00075631 at      1.998 Ang (1.123 Ang by residue) in 8.3386 (sec).
 3-Body A148-ASP 0 , A150-LYS 46, A197-LYD 9 :       0.00033073 at      1.899 Ang (1.123 Ang by residue) in 7.0963 (sec).
 3-Body A148-ASP 0 , A150-LYS 46, A197-LYD 8 :       0.00064656 at      2.025 Ang (1.123 Ang by residue) in 6.9949 (sec).
 3-Body A148-ASP 0 , A150-LYS 46, A197-LYD 26:       0.00075654 at      1.998 Ang (1.123 Ang by residue) in 6.9481 (sec).
 3-Body A148-ASP 0 , A150-LYS 46, A197-LYD 25:       0.00338167 at      1.862 Ang (1.123 Ang by residue) in 6.9288 (sec).
 3-Body A148-ASP 0 , A150-LYS 46, A197-LYD 28:       0.00124740 at      1.939 Ang (1.123 Ang by residue) in 6.8948 (sec).
 3-Body A148-ASP 0 , A150-LYS 46, A197-LYD 27:       0.00083287 at      2.031 Ang (1.123 Ang by residue) in 6.8803 (sec).
 3-Body A148-ASP 0 , A150-LYS 46, A197-LYS 35:       0.00156381 at      2.025 Ang (1.123 Ang by residue) in 7.0566 (sec).
 3-Body A148-ASP 0 , A150-LYS 46, A197-LYS 34:       0.00109662 at      2.029 Ang (1.123 Ang by residue) in 6.7314 (sec).
 3-Body A148-ASP 0 , A150-LYS 46, A197-LYS 44:       0.00193110 at      1.946 Ang (1.123 Ang by residue) in 7.1097 (sec).
 3-Body A148-ASP 0 , A150-LYS 46, A197-LYS 36:       0.00578699 at      1.899 Ang (1.123 Ang by residue) in 6.9807 (sec).
 3-Body A148-ASP 0 , A150-LYS 46, A197-LYS 53:       0.00092427 at      1.998 Ang (1.123 Ang by residue) in 7.0051 (sec).
 3-Body A148-ASP 0 , A150-LYS 46, A197-LYS 52:       0.00380095 at      1.862 Ang (1.123 Ang by residue) in 6.9961 (sec).
 3-Body A148-ASP 0 , A150-LYS 46, A197-LYS 55:       0.00201269 at      1.939 Ang (1.123 Ang by residue) in 7.0306 (sec).
 3-Body A148-ASP 0 , A150-LYS 46, A197-LYS 54:       0.00022702 at      2.031 Ang (1.123 Ang by residue) in 7.2237 (sec).
 3-Body A148-ASP 0 , A150-LYS 47, A197-LYD 1 :      -0.00389021 at      1.987 Ang (1.123 Ang by residue) in 7.2269 (sec).
 3-Body A148-ASP 0 , A150-LYS 47, A197-LYS 0 :      -0.01940685 at      1.987 Ang (1.123 Ang by residue) in 7.9490 (sec).
 3-Body A148-ASP 0 , A150-LYS 47, A197-LYD 8 :      -0.00391125 at      1.839 Ang (1.123 Ang by residue) in 8.7057 (sec).
 3-Body A148-ASP 0 , A150-LYS 47, A197-LYD 7 :      -0.00332484 at      1.846 Ang (1.123 Ang by residue) in 8.7884 (sec).
 3-Body A148-ASP 0 , A150-LYS 47, A197-LYD 25:      -0.00418933 at      1.807 Ang (1.123 Ang by residue) in 8.6275 (sec).
 3-Body A148-ASP 0 , A150-LYS 47, A197-LYD 9 :      -0.01268686 at      1.681 Ang (1.123 Ang by residue) in 8.5733 (sec).
 3-Body A148-ASP 0 , A150-LYS 47, A197-LYD 27:      -0.00458548 at      2.024 Ang (1.123 Ang by residue) in 8.5052 (sec).
 3-Body A148-ASP 0 , A150-LYS 47, A197-LYD 26:      -0.00388822 at      1.987 Ang (1.123 Ang by residue) in 8.8028 (sec).
 3-Body A148-ASP 0 , A150-LYS 47, A197-LYS 34:      -0.00488966 at      1.846 Ang (1.123 Ang by residue) in 8.6546 (sec).
 3-Body A148-ASP 0 , A150-LYS 47, A197-LYD 28:      -0.00482147 at      1.839 Ang (1.123 Ang by residue) in 8.8935 (sec).
 3-Body A148-ASP 0 , A150-LYS 47, A197-LYS 36:       0.03634053 at      1.681 Ang (1.123 Ang by residue) in 8.6063 (sec).
 3-Body A148-ASP 0 , A150-LYS 47, A197-LYS 35:      -0.00387619 at      1.839 Ang (1.123 Ang by residue) in 8.6605 (sec).
 3-Body A148-ASP 0 , A150-LYS 47, A197-LYS 52:      -0.02909473 at      1.807 Ang (1.123 Ang by residue) in 8.6515 (sec).
 3-Body A148-ASP 0 , A150-LYS 47, A197-LYS 44:      -0.02330230 at      1.910 Ang (1.123 Ang by residue) in 8.6902 (sec).
 3-Body A148-ASP 0 , A150-LYS 47, A197-LYS 54:      -0.01848644 at      2.024 Ang (1.123 Ang by residue) in 8.4535 (sec).
 3-Body A148-ASP 0 , A150-LYS 47, A197-LYS 53:      -0.01940488 at      1.987 Ang (1.123 Ang by residue) in 7.9822 (sec).
 3-Body A148-ASP 0 , A150-LYS 48, A197-LYS 0 :      -0.00558780 at      1.985 Ang (1.123 Ang by residue) in 7.2094 (sec).
 3-Body A148-ASP 0 , A150-LYS 47, A197-LYS 55:      -0.01361729 at      1.839 Ang (1.123 Ang by residue) in 7.3349 (sec).
 3-Body A148-ASP 0 , A150-LYS 48, A197-LYD 7 :      -0.00048087 at      1.863 Ang (1.123 Ang by residue) in 7.4358 (sec).
 3-Body A148-ASP 0 , A150-LYS 48, A197-LYD 1 :      -0.00172532 at      1.985 Ang (1.123 Ang by residue) in 7.3944 (sec).
 3-Body A148-ASP 0 , A150-LYS 48, A197-LYD 9 :      -0.00791784 at      1.654 Ang (1.123 Ang by residue) in 7.2629 (sec).
 3-Body A148-ASP 0 , A150-LYS 48, A197-LYD 8 :       0.00020309 at      1.853 Ang (1.123 Ang by residue) in 7.4398 (sec).
 3-Body A148-ASP 0 , A150-LYS 48, A197-LYD 26:      -0.00172392 at      1.985 Ang (1.123 Ang by residue) in 7.2706 (sec).
 3-Body A148-ASP 0 , A150-LYS 48, A197-LYD 25:      -0.00363603 at      1.800 Ang (1.123 Ang by residue) in 7.2908 (sec).
 3-Body A148-ASP 0 , A150-LYS 48, A197-LYD 28:      -0.00038302 at      1.803 Ang (1.123 Ang by residue) in 7.2574 (sec).
 3-Body A148-ASP 0 , A150-LYS 48, A197-LYD 27:      -0.00150046 at      2.022 Ang (1.123 Ang by residue) in 7.6037 (sec).
 3-Body A148-ASP 0 , A150-LYS 48, A197-LYS 35:       0.00366905 at      1.853 Ang (1.123 Ang by residue) in 7.2435 (sec).
 3-Body A148-ASP 0 , A150-LYS 48, A197-LYS 34:       0.00121673 at      1.863 Ang (1.123 Ang by residue) in 7.3783 (sec).
 3-Body A148-ASP 0 , A150-LYS 48, A197-LYS 44:      -0.00714395 at      1.896 Ang (1.123 Ang by residue) in 7.3997 (sec).
 3-Body A148-ASP 0 , A150-LYS 48, A197-LYS 36:       0.02092278 at      1.654 Ang (1.123 Ang by residue) in 7.3507 (sec).
 3-Body A148-ASP 0 , A150-LYS 48, A197-LYS 53:      -0.00558757 at      1.985 Ang (1.123 Ang by residue) in 7.1492 (sec).
 3-Body A148-ASP 0 , A150-LYS 48, A197-LYS 52:      -0.01237669 at      1.800 Ang (1.123 Ang by residue) in 7.7807 (sec).
 3-Body A148-ASP 0 , A150-LYS 48, A197-LYS 55:       0.00106164 at      1.803 Ang (1.123 Ang by residue) in 8.4794 (sec).
 3-Body A148-ASP 0 , A150-LYS 48, A197-LYS 54:      -0.00668558 at      2.022 Ang (1.123 Ang by residue) in 8.6720 (sec).
 3-Body A148-ASP 0 , A150-LYS 49, A197-LYD 1 :      -0.00066766 at      2.050 Ang (1.123 Ang by residue) in 8.7690 (sec).
 3-Body A148-ASP 0 , A150-LYS 49, A197-LYS 0 :      -0.00604758 at      2.050 Ang (1.123 Ang by residue) in 8.6203 (sec).
 3-Body A148-ASP 0 , A150-LYS 49, A197-LYD 8 :       0.00019923 at      1.939 Ang (1.123 Ang by residue) in 9.0050 (sec).
 3-Body A148-ASP 0 , A150-LYS 49, A197-LYD 7 :       0.00010078 at      1.949 Ang (1.123 Ang by residue) in 8.7708 (sec).
 3-Body A148-ASP 0 , A150-LYS 49, A197-LYD 25:      -0.00170743 at      1.874 Ang (1.123 Ang by residue) in 8.7402 (sec).
 3-Body A148-ASP 0 , A150-LYS 49, A197-LYD 9 :      -0.00031468 at      1.753 Ang (1.123 Ang by residue) in 8.5595 (sec).
 3-Body A148-ASP 0 , A150-LYS 49, A197-LYD 27:      -0.00095086 at      2.086 Ang (1.123 Ang by residue) in 8.5822 (sec).
 3-Body A148-ASP 0 , A150-LYS 49, A197-LYD 26:      -0.00066727 at      2.050 Ang (1.123 Ang by residue) in 8.6588 (sec).
 3-Body A148-ASP 0 , A150-LYS 49, A197-LYS 34:       0.00224827 at      1.949 Ang (1.123 Ang by residue) in 8.7080 (sec).
 3-Body A148-ASP 0 , A150-LYS 49, A197-LYD 28:      -0.00033489 at      1.899 Ang (1.123 Ang by residue) in 8.6888 (sec).
 3-Body A148-ASP 0 , A150-LYS 49, A197-LYS 36:       0.01257550 at      1.753 Ang (1.123 Ang by residue) in 8.6878 (sec).
 3-Body A148-ASP 0 , A150-LYS 49, A197-LYS 35:       0.00255518 at      1.939 Ang (1.123 Ang by residue) in 8.5474 (sec).
 3-Body A148-ASP 0 , A150-LYS 49, A197-LYS 52:      -0.01541456 at      1.874 Ang (1.123 Ang by residue) in 8.1545 (sec).
 3-Body A148-ASP 0 , A150-LYS 49, A197-LYS 44:      -0.00979212 at      1.973 Ang (1.123 Ang by residue) in 8.6639 (sec).
 3-Body A148-ASP 0 , A150-LYS 49, A197-LYS 54:      -0.00585603 at      2.086 Ang (1.123 Ang by residue) in 8.6674 (sec).
 3-Body A148-ASP 0 , A150-LYS 49, A197-LYS 53:      -0.00604674 at      2.050 Ang (1.123 Ang by residue) in 8.6897 (sec).
 3-Body A148-ASP 0 , A150-LYS 52, A197-LYS 0 :      -0.00353381 at      2.147 Ang (1.123 Ang by residue) in 8.6077 (sec).
 3-Body A148-ASP 0 , A150-LYS 49, A197-LYS 55:      -0.00251194 at      1.899 Ang (1.123 Ang by residue) in 8.6213 (sec).
 3-Body A148-ASP 0 , A150-LYS 52, A197-LYD 7 :       0.00042017 at      2.041 Ang (1.123 Ang by residue) in 8.6476 (sec).
 3-Body A148-ASP 0 , A150-LYS 52, A197-LYD 1 :      -0.00048791 at      2.147 Ang (1.123 Ang by residue) in 8.7192 (sec).
 3-Body A148-ASP 0 , A150-LYS 52, A197-LYD 9 :       0.00123874 at      1.863 Ang (1.123 Ang by residue) in 8.5612 (sec).
 3-Body A148-ASP 0 , A150-LYS 52, A197-LYD 8 :       0.00083119 at      2.033 Ang (1.123 Ang by residue) in 8.8666 (sec).
 3-Body A148-ASP 0 , A150-LYS 52, A197-LYD 26:      -0.00048698 at      2.147 Ang (1.123 Ang by residue) in 8.8911 (sec).
 3-Body A148-ASP 0 , A150-LYS 52, A197-LYD 25:       0.00103651 at      1.984 Ang (1.123 Ang by residue) in 8.7389 (sec).
 3-Body A148-ASP 0 , A150-LYS 52, A197-LYD 28:       0.00049985 at      2.008 Ang (1.123 Ang by residue) in 8.6130 (sec).
 3-Body A148-ASP 0 , A150-LYS 52, A197-LYD 27:      -0.00050682 at      2.181 Ang (1.123 Ang by residue) in 8.8859 (sec).
 3-Body A148-ASP 0 , A150-LYS 52, A197-LYS 35:       0.00430179 at      2.033 Ang (1.123 Ang by residue) in 8.6935 (sec).
 3-Body A148-ASP 0 , A150-LYS 52, A197-LYS 34:       0.00435285 at      2.041 Ang (1.123 Ang by residue) in 8.6174 (sec).
 3-Body A148-ASP 0 , A150-LYS 52, A197-LYS 44:      -0.00247583 at      2.076 Ang (1.123 Ang by residue) in 8.6069 (sec).
 3-Body A148-ASP 0 , A150-LYS 52, A197-LYS 36:       0.01775474 at      1.863 Ang (1.123 Ang by residue) in 8.4223 (sec).
 3-Body A148-ASP 0 , A150-LYS 52, A197-LYS 53:      -0.00353342 at      2.147 Ang (1.123 Ang by residue) in 8.6044 (sec).
 3-Body A148-ASP 0 , A150-LYS 52, A197-LYS 52:      -0.00192225 at      1.984 Ang (1.123 Ang by residue) in 8.4525 (sec).
 3-Body A148-ASP 0 , A150-LYS 52, A197-LYS 55:       0.00105462 at      2.008 Ang (1.123 Ang by residue) in 8.3495 (sec).
 3-Body A148-ASP 0 , A150-LYS 52, A197-LYS 54:      -0.00384111 at      2.181 Ang (1.123 Ang by residue) in 8.5347 (sec).
 3-Body A148-ASP 0 , A150-LYS 53, A197-LYD 1 :      -0.00018939 at      2.162 Ang (1.123 Ang by residue) in 8.6532 (sec).
 3-Body A148-ASP 0 , A150-LYS 53, A197-LYS 0 :      -0.00123653 at      2.162 Ang (1.123 Ang by residue) in 8.4856 (sec).
 3-Body A148-ASP 0 , A150-LYS 53, A197-LYD 8 :       0.00105295 at      2.069 Ang (1.123 Ang by residue) in 8.6841 (sec).
 3-Body A148-ASP 0 , A150-LYS 53, A197-LYD 7 :       0.00066071 at      2.076 Ang (1.123 Ang by residue) in 8.6049 (sec).
 3-Body A148-ASP 0 , A150-LYS 53, A197-LYD 25:       0.00038894 at      2.012 Ang (1.123 Ang by residue) in 8.9089 (sec).
 3-Body A148-ASP 0 , A150-LYS 53, A197-LYD 9 :       0.00206346 at      1.909 Ang (1.123 Ang by residue) in 9.1164 (sec).
 3-Body A148-ASP 0 , A150-LYS 53, A197-LYD 27:      -0.00011865 at      2.193 Ang (1.123 Ang by residue) in 8.6691 (sec).
 3-Body A148-ASP 0 , A150-LYS 53, A197-LYD 26:      -0.00018888 at      2.162 Ang (1.123 Ang by residue) in 8.6248 (sec).
 3-Body A148-ASP 0 , A150-LYS 53, A197-LYS 34:       0.00470919 at      2.076 Ang (1.123 Ang by residue) in 8.7889 (sec).
 3-Body A148-ASP 0 , A150-LYS 53, A197-LYD 28:       0.00064321 at      2.031 Ang (1.123 Ang by residue) in 8.5207 (sec).
 3-Body A148-ASP 0 , A150-LYS 53, A197-LYS 36:       0.01420199 at      1.909 Ang (1.123 Ang by residue) in 8.6695 (sec).
 3-Body A148-ASP 0 , A150-LYS 53, A197-LYS 35:       0.00501766 at      2.069 Ang (1.123 Ang by residue) in 8.8010 (sec).
 3-Body A148-ASP 0 , A150-LYS 53, A197-LYS 52:      -0.00233300 at      2.012 Ang (1.123 Ang by residue) in 8.5116 (sec).
 3-Body A148-ASP 0 , A150-LYS 53, A197-LYS 44:      -0.00150208 at      2.092 Ang (1.123 Ang by residue) in 8.4391 (sec).
 3-Body A148-ASP 0 , A150-LYS 53, A197-LYS 54:      -0.00163668 at      2.193 Ang (1.123 Ang by residue) in 8.5121 (sec).
 3-Body A148-ASP 0 , A150-LYS 53, A197-LYS 53:      -0.00123617 at      2.162 Ang (1.123 Ang by residue) in 8.6749 (sec).
 3-Body A148-ASP 0 , A150-LYS 54, A197-LYS 0 :      -0.00218093 at      2.128 Ang (1.123 Ang by residue) in 8.6826 (sec).
 3-Body A148-ASP 0 , A150-LYS 53, A197-LYS 55:       0.00199705 at      2.031 Ang (1.123 Ang by residue) in 8.6743 (sec).
 3-Body A148-ASP 0 , A150-LYS 54, A197-LYD 7 :       0.00156807 at      2.041 Ang (1.123 Ang by residue) in 8.7463 (sec).
 3-Body A148-ASP 0 , A150-LYS 54, A197-LYD 1 :      -0.00072453 at      2.128 Ang (1.123 Ang by residue) in 8.7099 (sec).
 3-Body A148-ASP 0 , A150-LYS 54, A197-LYD 9 :       0.00578905 at      1.871 Ang (1.123 Ang by residue) in 8.3696 (sec).
 3-Body A148-ASP 0 , A150-LYS 54, A197-LYD 8 :       0.00241642 at      2.034 Ang (1.123 Ang by residue) in 8.7160 (sec).
 3-Body A148-ASP 0 , A150-LYS 54, A197-LYD 26:      -0.00072330 at      2.128 Ang (1.123 Ang by residue) in 8.7812 (sec).
 3-Body A148-ASP 0 , A150-LYS 54, A197-LYD 25:       0.00052709 at      1.976 Ang (1.123 Ang by residue) in 8.5771 (sec).
 3-Body A148-ASP 0 , A150-LYS 54, A197-LYD 28:       0.00113920 at      1.995 Ang (1.123 Ang by residue) in 8.6794 (sec).
 3-Body A148-ASP 0 , A150-LYS 54, A197-LYD 27:      -0.00047349 at      2.160 Ang (1.123 Ang by residue) in 8.7267 (sec).
 3-Body A148-ASP 0 , A150-LYS 54, A197-LYS 35:       0.01376825 at      2.034 Ang (1.123 Ang by residue) in 8.7787 (sec).
 3-Body A148-ASP 0 , A150-LYS 54, A197-LYS 34:       0.01339592 at      2.041 Ang (1.123 Ang by residue) in 8.1407 (sec).
 3-Body A148-ASP 0 , A150-LYS 54, A197-LYS 44:      -0.00280511 at      2.057 Ang (1.123 Ang by residue) in 8.6275 (sec).
 3-Body A148-ASP 0 , A150-LYS 54, A197-LYS 36:       0.03545243 at      1.871 Ang (1.123 Ang by residue) in 8.7054 (sec).
 3-Body A148-ASP 0 , A150-LYS 54, A197-LYS 53:      -0.00218004 at      2.128 Ang (1.123 Ang by residue) in 8.8259 (sec).
 3-Body A148-ASP 0 , A150-LYS 54, A197-LYS 52:      -0.00451038 at      1.976 Ang (1.123 Ang by residue) in 8.8493 (sec).
 3-Body A148-ASP 0 , A150-LYS 54, A197-LYS 55:       0.00555926 at      1.995 Ang (1.123 Ang by residue) in 8.7973 (sec).
 3-Body A148-ASP 0 , A150-LYS 54, A197-LYS 54:      -0.00324884 at      2.160 Ang (1.123 Ang by residue) in 8.7121 (sec).
 3-Body A148-ASP 0 , A150-LYS 55, A197-LYD 1 :       0.00004855 at      2.251 Ang (1.123 Ang by residue) in 8.8993 (sec).
 3-Body A148-ASP 0 , A150-LYS 55, A197-LYS 0 :       0.00005451 at      2.251 Ang (1.123 Ang by residue) in 8.5867 (sec).
 3-Body A148-ASP 0 , A150-LYS 55, A197-LYD 8 :       0.00035003 at      2.162 Ang (1.123 Ang by residue) in 8.5819 (sec).
 3-Body A148-ASP 0 , A150-LYS 55, A197-LYD 7 :       0.00026704 at      2.169 Ang (1.123 Ang by residue) in 8.9247 (sec).
 3-Body A148-ASP 0 , A150-LYS 55, A197-LYD 25:       0.00041841 at      2.108 Ang (1.123 Ang by residue) in 8.7241 (sec).
 3-Body A148-ASP 0 , A150-LYS 55, A197-LYD 9 :       0.00054956 at      2.010 Ang (1.123 Ang by residue) in 8.6905 (sec).
 3-Body A148-ASP 0 , A150-LYS 55, A197-LYD 27:       0.00009480 at      2.281 Ang (1.123 Ang by residue) in 8.8266 (sec).
 3-Body A148-ASP 0 , A150-LYS 55, A197-LYD 26:       0.00004869 at      2.251 Ang (1.123 Ang by residue) in 7.2274 (sec).
 3-Body A148-ASP 0 , A150-LYS 55, A197-LYS 34:       0.00104648 at      2.169 Ang (1.123 Ang by residue) in 7.2198 (sec).
 3-Body A148-ASP 0 , A150-LYS 55, A197-LYD 28:       0.00033526 at      2.126 Ang (1.123 Ang by residue) in 7.4162 (sec).
 3-Body A148-ASP 0 , A150-LYS 55, A197-LYS 36:       0.00411938 at      2.010 Ang (1.123 Ang by residue) in 7.3114 (sec).
 3-Body A148-ASP 0 , A150-LYS 55, A197-LYS 35:       0.00133684 at      2.162 Ang (1.123 Ang by residue) in 7.1554 (sec).
 3-Body A148-ASP 0 , A150-LYS 55, A197-LYS 52:      -0.00030118 at      2.108 Ang (1.123 Ang by residue) in 7.1575 (sec).
 3-Body A148-ASP 0 , A150-LYS 55, A197-LYS 44:      -0.00009348 at      2.184 Ang (1.123 Ang by residue) in 7.3017 (sec).
 3-Body A148-ASP 0 , A150-LYS 55, A197-LYS 54:      -0.00022437 at      2.281 Ang (1.123 Ang by residue) in 7.0986 (sec).
 3-Body A148-ASP 0 , A150-LYS 55, A197-LYS 53:       0.00005454 at      2.251 Ang (1.123 Ang by residue) in 7.2428 (sec).
 3-Body A148-ASP 24, A150-LYS 0 , A197-LYS 0 :      -0.00413377 at      2.151 Ang (1.123 Ang by residue) in 7.2239 (sec).
 3-Body A148-ASP 0 , A150-LYS 55, A197-LYS 55:       0.00081006 at      2.126 Ang (1.123 Ang by residue) in 7.1746 (sec).
 3-Body A148-ASP 24, A150-LYS 0 , A197-LYD 7 :      -0.00001741 at      2.029 Ang (1.123 Ang by residue) in 7.1846 (sec).
 3-Body A148-ASP 24, A150-LYS 0 , A197-LYD 1 :      -0.00067118 at      2.151 Ang (1.123 Ang by residue) in 7.1653 (sec).
 3-Body A148-ASP 24, A150-LYS 0 , A197-LYD 9 :       0.00000524 at      1.855 Ang (1.123 Ang by residue) in 7.1418 (sec).
 3-Body A148-ASP 24, A150-LYS 0 , A197-LYD 8 :       0.00012321 at      2.025 Ang (1.123 Ang by residue) in 7.0806 (sec).
 3-Body A148-ASP 24, A150-LYS 0 , A197-LYD 26:      -0.00067083 at      2.151 Ang (1.123 Ang by residue) in 8.4888 (sec).
 3-Body A148-ASP 24, A150-LYS 0 , A197-LYD 25:       0.00011115 at      2.004 Ang (1.123 Ang by residue) in 8.4562 (sec).
 3-Body A148-ASP 24, A150-LYS 0 , A197-LYD 28:      -0.00036736 at      2.019 Ang (1.123 Ang by residue) in 8.3664 (sec).
 3-Body A148-ASP 24, A150-LYS 0 , A197-LYD 27:      -0.00074868 at      2.169 Ang (1.123 Ang by residue) in 8.5785 (sec).
 3-Body A148-ASP 24, A150-LYS 0 , A197-LYS 35:       0.00143188 at      2.025 Ang (1.123 Ang by residue) in 8.3760 (sec).
 3-Body A148-ASP 24, A150-LYS 0 , A197-LYS 34:       0.00160543 at      2.029 Ang (1.123 Ang by residue) in 8.5207 (sec).
 3-Body A148-ASP 24, A150-LYS 0 , A197-LYS 44:      -0.00507452 at      2.087 Ang (1.123 Ang by residue) in 8.9169 (sec).
 3-Body A148-ASP 24, A150-LYS 0 , A197-LYS 36:       0.01030451 at      1.855 Ang (1.123 Ang by residue) in 8.7031 (sec).
 3-Body A148-ASP 24, A150-LYS 0 , A197-LYS 53:      -0.00413374 at      2.151 Ang (1.123 Ang by residue) in 8.4958 (sec).
 3-Body A148-ASP 24, A150-LYS 0 , A197-LYS 52:      -0.00630167 at      2.004 Ang (1.123 Ang by residue) in 8.3060 (sec).
 3-Body A148-ASP 24, A150-LYS 0 , A197-LYS 55:      -0.00160222 at      2.019 Ang (1.123 Ang by residue) in 8.5218 (sec).
 3-Body A148-ASP 24, A150-LYS 0 , A197-LYS 54:      -0.00408781 at      2.169 Ang (1.123 Ang by residue) in 8.3875 (sec).
 3-Body A148-ASP 24, A150-LYD 1 , A197-LYD 1 :      -0.00061592 at      2.151 Ang (1.123 Ang by residue) in 8.3322 (sec).
 3-Body A148-ASP 24, A150-LYD 1 , A197-LYS 0 :      -0.00307386 at      2.151 Ang (1.123 Ang by residue) in 8.4207 (sec).
 3-Body A148-ASP 24, A150-LYD 1 , A197-LYD 8 :      -0.00024257 at      2.025 Ang (1.123 Ang by residue) in 8.3718 (sec).
 3-Body A148-ASP 24, A150-LYD 1 , A197-LYD 7 :      -0.00029802 at      2.029 Ang (1.123 Ang by residue) in 8.4965 (sec).
 3-Body A148-ASP 24, A150-LYD 1 , A197-LYD 25:       0.00003069 at      2.004 Ang (1.123 Ang by residue) in 8.5514 (sec).
 3-Body A148-ASP 24, A150-LYD 1 , A197-LYD 9 :      -0.00074612 at      1.855 Ang (1.123 Ang by residue) in 8.4148 (sec).
 3-Body A148-ASP 24, A150-LYD 1 , A197-LYD 27:      -0.00067332 at      2.169 Ang (1.123 Ang by residue) in 8.4411 (sec).
 3-Body A148-ASP 24, A150-LYD 1 , A197-LYD 26:      -0.00061589 at      2.151 Ang (1.123 Ang by residue) in 8.3340 (sec).
 3-Body A148-ASP 24, A150-LYD 1 , A197-LYS 34:       0.00052597 at      2.029 Ang (1.123 Ang by residue) in 8.3714 (sec).
 3-Body A148-ASP 24, A150-LYD 1 , A197-LYD 28:      -0.00050208 at      2.019 Ang (1.123 Ang by residue) in 8.6174 (sec).
 3-Body A148-ASP 24, A150-LYD 1 , A197-LYS 36:       0.00682695 at      1.855 Ang (1.123 Ang by residue) in 8.3110 (sec).
 3-Body A148-ASP 24, A150-LYD 1 , A197-LYS 35:       0.00072687 at      2.025 Ang (1.123 Ang by residue) in 8.5493 (sec).
 3-Body A148-ASP 24, A150-LYD 1 , A197-LYS 52:      -0.00745630 at      2.004 Ang (1.123 Ang by residue) in 8.6500 (sec).
 3-Body A148-ASP 24, A150-LYD 1 , A197-LYS 44:      -0.00517611 at      2.087 Ang (1.123 Ang by residue) in 8.3629 (sec).
 3-Body A148-ASP 24, A150-LYD 1 , A197-LYS 54:      -0.00314264 at      2.169 Ang (1.123 Ang by residue) in 8.3720 (sec).
 3-Body A148-ASP 24, A150-LYD 1 , A197-LYS 53:      -0.00307398 at      2.151 Ang (1.123 Ang by residue) in 8.3436 (sec).
 3-Body A148-ASP 24, A150-LYD 8 , A197-LYS 0 :       0.00010469 at      2.354 Ang (1.123 Ang by residue) in 8.6394 (sec).
 3-Body A148-ASP 24, A150-LYD 1 , A197-LYS 55:      -0.00156520 at      2.019 Ang (1.123 Ang by residue) in 8.5457 (sec).
 3-Body A148-ASP 24, A150-LYD 8 , A197-LYD 7 :       0.00002858 at      2.319 Ang (1.123 Ang by residue) in 8.5108 (sec).
 3-Body A148-ASP 24, A150-LYD 8 , A197-LYD 1 :      -0.00000595 at      2.354 Ang (1.123 Ang by residue) in 8.6001 (sec).
 3-Body A148-ASP 24, A150-LYD 8 , A197-LYD 9 :       0.00002813 at      2.192 Ang (1.123 Ang by residue) in 8.5283 (sec).
 3-Body A148-ASP 24, A150-LYD 8 , A197-LYD 8 :       0.00003662 at      2.319 Ang (1.123 Ang by residue) in 8.6223 (sec).
 3-Body A148-ASP 24, A150-LYD 8 , A197-LYD 26:      -0.00000592 at      2.355 Ang (1.123 Ang by residue) in 8.7586 (sec).
 3-Body A148-ASP 24, A150-LYD 8 , A197-LYD 25:       0.00004537 at      2.239 Ang (1.123 Ang by residue) in 8.4020 (sec).
 3-Body A148-ASP 24, A150-LYD 8 , A197-LYD 28:       0.00004069 at      2.286 Ang (1.123 Ang by residue) in 8.8025 (sec).
 3-Body A148-ASP 24, A150-LYD 8 , A197-LYD 27:       0.00001210 at      2.367 Ang (1.123 Ang by residue) in 8.6787 (sec).
 3-Body A148-ASP 24, A150-LYD 8 , A197-LYS 35:       0.00021256 at      2.319 Ang (1.123 Ang by residue) in 8.9604 (sec).
 3-Body A148-ASP 24, A150-LYD 8 , A197-LYS 34:       0.00015947 at      2.319 Ang (1.123 Ang by residue) in 8.8415 (sec).
 3-Body A148-ASP 24, A150-LYD 8 , A197-LYS 44:       0.00010949 at      2.314 Ang (1.123 Ang by residue) in 8.5857 (sec).
 3-Body A148-ASP 24, A150-LYD 8 , A197-LYS 36:       0.00054991 at      2.192 Ang (1.123 Ang by residue) in 8.5774 (sec).
 3-Body A148-ASP 24, A150-LYD 8 , A197-LYS 53:       0.00010469 at      2.355 Ang (1.123 Ang by residue) in 8.5408 (sec).
 3-Body A148-ASP 24, A150-LYD 8 , A197-LYS 52:       0.00010187 at      2.239 Ang (1.123 Ang by residue) in 8.7315 (sec).
 3-Body A148-ASP 24, A150-LYD 8 , A197-LYS 55:       0.00019066 at      2.286 Ang (1.123 Ang by residue) in 8.5978 (sec).
 3-Body A148-ASP 24, A150-LYD 8 , A197-LYS 54:       0.00004036 at      2.367 Ang (1.123 Ang by residue) in 8.7249 (sec).
 3-Body A148-ASP 24, A150-LYD 19, A197-LYD 1 :      -0.00012880 at      2.069 Ang (1.123 Ang by residue) in 8.7475 (sec).
 3-Body A148-ASP 24, A150-LYD 19, A197-LYS 0 :      -0.00067068 at      2.069 Ang (1.123 Ang by residue) in 8.7310 (sec).
 3-Body A148-ASP 24, A150-LYD 19, A197-LYD 8 :       0.00007219 at      2.072 Ang (1.123 Ang by residue) in 8.8494 (sec).
 3-Body A148-ASP 24, A150-LYD 19, A197-LYD 7 :       0.00004637 at      2.072 Ang (1.123 Ang by residue) in 8.6183 (sec).
 3-Body A148-ASP 24, A150-LYD 19, A197-LYD 25:       0.00061423 at      1.940 Ang (1.123 Ang by residue) in 8.6418 (sec).
 3-Body A148-ASP 24, A150-LYD 19, A197-LYD 9 :      -0.00013757 at      1.940 Ang (1.123 Ang by residue) in 8.8795 (sec).
 3-Body A148-ASP 24, A150-LYD 19, A197-LYD 27:      -0.00007311 at      2.085 Ang (1.123 Ang by residue) in 8.4854 (sec).
 3-Body A148-ASP 24, A150-LYD 19, A197-LYD 26:      -0.00012880 at      2.069 Ang (1.123 Ang by residue) in 8.6706 (sec).
 3-Body A148-ASP 24, A150-LYD 19, A197-LYS 34:       0.00037104 at      2.072 Ang (1.123 Ang by residue) in 8.7485 (sec).
 3-Body A148-ASP 24, A150-LYD 19, A197-LYD 28:       0.00007041 at      1.994 Ang (1.123 Ang by residue) in 8.6190 (sec).
 3-Body A148-ASP 24, A150-LYD 19, A197-LYS 36:       0.00311718 at      1.940 Ang (1.123 Ang by residue) in 8.5750 (sec).
 3-Body A148-ASP 24, A150-LYD 19, A197-LYS 35:       0.00075797 at      2.072 Ang (1.123 Ang by residue) in 8.6740 (sec).
 3-Body A148-ASP 24, A150-LYD 19, A197-LYS 52:      -0.00383644 at      1.940 Ang (1.123 Ang by residue) in 8.5808 (sec).
 3-Body A148-ASP 24, A150-LYD 19, A197-LYS 44:      -0.00198726 at      2.016 Ang (1.123 Ang by residue) in 8.5605 (sec).
 3-Body A148-ASP 24, A150-LYD 19, A197-LYS 54:      -0.00101717 at      2.085 Ang (1.123 Ang by residue) in 8.6307 (sec).
 3-Body A148-ASP 24, A150-LYD 19, A197-LYS 53:      -0.00067077 at      2.069 Ang (1.123 Ang by residue) in 8.8758 (sec).
 3-Body A148-ASP 24, A150-LYD 20, A197-LYS 0 :      -0.00309814 at      2.047 Ang (1.123 Ang by residue) in 8.3892 (sec).
 3-Body A148-ASP 24, A150-LYD 19, A197-LYS 55:       0.00008256 at      1.994 Ang (1.123 Ang by residue) in 8.3209 (sec).
 3-Body A148-ASP 24, A150-LYD 20, A197-LYD 7 :      -0.00055832 at      1.881 Ang (1.123 Ang by residue) in 8.4424 (sec).
 3-Body A148-ASP 24, A150-LYD 20, A197-LYD 1 :      -0.00116131 at      2.047 Ang (1.123 Ang by residue) in 8.4568 (sec).
 3-Body A148-ASP 24, A150-LYD 20, A197-LYD 9 :      -0.00258660 at      1.713 Ang (1.123 Ang by residue) in 8.6132 (sec).
 3-Body A148-ASP 24, A150-LYD 20, A197-LYD 8 :      -0.00010676 at      1.877 Ang (1.123 Ang by residue) in 8.7527 (sec).
 3-Body A148-ASP 24, A150-LYD 20, A197-LYD 26:      -0.00116066 at      2.047 Ang (1.123 Ang by residue) in 8.6245 (sec).
 3-Body A148-ASP 24, A150-LYD 20, A197-LYD 25:      -0.00117457 at      1.874 Ang (1.123 Ang by residue) in 8.4922 (sec).
 3-Body A148-ASP 24, A150-LYD 20, A197-LYD 28:      -0.00030601 at      1.884 Ang (1.123 Ang by residue) in 8.8461 (sec).
 3-Body A148-ASP 24, A150-LYD 20, A197-LYD 27:      -0.00111315 at      2.067 Ang (1.123 Ang by residue) in 8.5949 (sec).
 3-Body A148-ASP 24, A150-LYD 20, A197-LYS 35:       0.00337241 at      1.877 Ang (1.123 Ang by residue) in 8.7602 (sec).
 3-Body A148-ASP 24, A150-LYD 20, A197-LYS 34:       0.00182722 at      1.881 Ang (1.123 Ang by residue) in 8.8525 (sec).
 3-Body A148-ASP 24, A150-LYD 20, A197-LYS 44:      -0.00508041 at      1.970 Ang (1.123 Ang by residue) in 8.6428 (sec).
 3-Body A148-ASP 24, A150-LYD 20, A197-LYS 36:       0.02469488 at      1.713 Ang (1.123 Ang by residue) in 8.7147 (sec).
 3-Body A148-ASP 24, A150-LYD 20, A197-LYS 53:      -0.00309763 at      2.047 Ang (1.123 Ang by residue) in 8.5534 (sec).
 3-Body A148-ASP 24, A150-LYD 20, A197-LYS 52:      -0.00859439 at      1.874 Ang (1.123 Ang by residue) in 8.6540 (sec).
 3-Body A148-ASP 24, A150-LYD 20, A197-LYS 55:       0.00047569 at      1.884 Ang (1.123 Ang by residue) in 8.6798 (sec).
 3-Body A148-ASP 24, A150-LYD 20, A197-LYS 54:      -0.00336326 at      2.067 Ang (1.123 Ang by residue) in 8.9360 (sec).
 3-Body A148-ASP 24, A150-LYD 21, A197-LYD 1 :      -0.00121850 at      2.060 Ang (1.123 Ang by residue) in 8.6935 (sec).
 3-Body A148-ASP 24, A150-LYD 21, A197-LYS 0 :      -0.00646926 at      2.060 Ang (1.123 Ang by residue) in 8.7645 (sec).
 3-Body A148-ASP 24, A150-LYD 21, A197-LYD 8 :      -0.00088523 at      1.907 Ang (1.123 Ang by residue) in 8.8370 (sec).
 3-Body A148-ASP 24, A150-LYD 21, A197-LYD 7 :      -0.00071183 at      1.913 Ang (1.123 Ang by residue) in 8.6416 (sec).
 3-Body A148-ASP 24, A150-LYD 21, A197-LYD 25:      -0.00561723 at      1.883 Ang (1.123 Ang by residue) in 8.6686 (sec).
 3-Body A148-ASP 24, A150-LYD 21, A197-LYD 9 :      -0.00117011 at      1.705 Ang (1.123 Ang by residue) in 9.3498 (sec).
 3-Body A148-ASP 24, A150-LYD 21, A197-LYD 27:      -0.00145139 at      2.080 Ang (1.123 Ang by residue) in 8.7564 (sec).
 3-Body A148-ASP 24, A150-LYD 21, A197-LYD 26:      -0.00121856 at      2.060 Ang (1.123 Ang by residue) in 8.6876 (sec).
 3-Body A148-ASP 24, A150-LYD 21, A197-LYS 34:      -0.00026623 at      1.913 Ang (1.123 Ang by residue) in 8.7337 (sec).
 3-Body A148-ASP 24, A150-LYD 21, A197-LYD 28:      -0.00215990 at      1.865 Ang (1.123 Ang by residue) in 8.4931 (sec).
 3-Body A148-ASP 24, A150-LYD 21, A197-LYS 36:       0.00251231 at      1.705 Ang (1.123 Ang by residue) in 8.8662 (sec).
 3-Body A148-ASP 24, A150-LYD 21, A197-LYS 35:       0.00011935 at      1.907 Ang (1.123 Ang by residue) in 8.9999 (sec).
 3-Body A148-ASP 24, A150-LYD 21, A197-LYS 52:      -0.02137784 at      1.883 Ang (1.123 Ang by residue) in 8.7435 (sec).
 3-Body A148-ASP 24, A150-LYD 21, A197-LYS 44:      -0.01243459 at      1.971 Ang (1.123 Ang by residue) in 9.0211 (sec).
 3-Body A148-ASP 24, A150-LYD 21, A197-LYS 54:      -0.00580091 at      2.080 Ang (1.123 Ang by residue) in 9.0799 (sec).
 3-Body A148-ASP 24, A150-LYD 21, A197-LYS 53:      -0.00646816 at      2.060 Ang (1.123 Ang by residue) in 8.9955 (sec).
 3-Body A148-ASP 24, A150-LYD 22, A197-LYS 0 :      -0.00532431 at      2.124 Ang (1.123 Ang by residue) in 9.1144 (sec).
 3-Body A148-ASP 24, A150-LYD 21, A197-LYS 55:      -0.00551867 at      1.865 Ang (1.123 Ang by residue) in 8.7874 (sec).
 3-Body A148-ASP 24, A150-LYD 22, A197-LYD 7 :      -0.00048667 at      1.998 Ang (1.123 Ang by residue) in 8.7394 (sec).
 3-Body A148-ASP 24, A150-LYD 22, A197-LYD 1 :      -0.00100179 at      2.124 Ang (1.123 Ang by residue) in 8.7804 (sec).
 3-Body A148-ASP 24, A150-LYD 22, A197-LYD 9 :      -0.00031693 at      1.802 Ang (1.123 Ang by residue) in 8.6230 (sec).
 3-Body A148-ASP 24, A150-LYD 22, A197-LYD 8 :      -0.00062217 at      1.992 Ang (1.123 Ang by residue) in 8.7209 (sec).
 3-Body A148-ASP 24, A150-LYD 22, A197-LYD 26:      -0.00100182 at      2.124 Ang (1.123 Ang by residue) in 8.9068 (sec).
 3-Body A148-ASP 24, A150-LYD 22, A197-LYD 25:      -0.00276177 at      1.956 Ang (1.123 Ang by residue) in 8.8487 (sec).
 3-Body A148-ASP 24, A150-LYD 22, A197-LYD 28:      -0.00134222 at      1.959 Ang (1.123 Ang by residue) in 8.8057 (sec).
 3-Body A148-ASP 24, A150-LYD 22, A197-LYD 27:      -0.00118677 at      2.143 Ang (1.123 Ang by residue) in 9.0408 (sec).
 3-Body A148-ASP 24, A150-LYD 22, A197-LYS 35:       0.00044086 at      1.992 Ang (1.123 Ang by residue) in 8.8208 (sec).
 3-Body A148-ASP 24, A150-LYD 22, A197-LYS 34:       0.00012057 at      1.998 Ang (1.123 Ang by residue) in 8.3308 (sec).
 3-Body A148-ASP 24, A150-LYD 22, A197-LYS 44:      -0.01002862 at      2.046 Ang (1.123 Ang by residue) in 8.3362 (sec).
 3-Body A148-ASP 24, A150-LYD 22, A197-LYS 36:       0.00206815 at      1.802 Ang (1.123 Ang by residue) in 8.3489 (sec).
 3-Body A148-ASP 24, A150-LYD 22, A197-LYS 53:      -0.00532382 at      2.124 Ang (1.123 Ang by residue) in 8.3388 (sec).
 3-Body A148-ASP 24, A150-LYD 22, A197-LYS 52:      -0.01627651 at      1.956 Ang (1.123 Ang by residue) in 8.6228 (sec).
 3-Body A148-ASP 24, A150-LYD 22, A197-LYS 55:      -0.00406491 at      1.959 Ang (1.123 Ang by residue) in 8.6649 (sec).
 3-Body A148-ASP 24, A150-LYD 22, A197-LYS 54:      -0.00522332 at      2.143 Ang (1.123 Ang by residue) in 8.8532 (sec).
 3-Body A148-ASP 24, A150-LYD 25, A197-LYD 1 :      -0.00053355 at      2.186 Ang (1.123 Ang by residue) in 8.6031 (sec).
 3-Body A148-ASP 24, A150-LYD 25, A197-LYS 0 :      -0.00195931 at      2.186 Ang (1.123 Ang by residue) in 8.6577 (sec).
 3-Body A148-ASP 24, A150-LYD 25, A197-LYD 8 :       0.00030624 at      2.050 Ang (1.123 Ang by residue) in 8.5837 (sec).
 3-Body A148-ASP 24, A150-LYD 25, A197-LYD 7 :       0.00000763 at      2.055 Ang (1.123 Ang by residue) in 8.6600 (sec).
 3-Body A148-ASP 24, A150-LYD 25, A197-LYD 25:      -0.00029121 at      2.027 Ang (1.123 Ang by residue) in 8.7811 (sec).
 3-Body A148-ASP 24, A150-LYD 25, A197-LYD 9 :       0.00046332 at      1.873 Ang (1.123 Ang by residue) in 8.6592 (sec).
 3-Body A148-ASP 24, A150-LYD 25, A197-LYD 27:      -0.00045746 at      2.204 Ang (1.123 Ang by residue) in 8.9816 (sec).
 3-Body A148-ASP 24, A150-LYD 25, A197-LYD 26:      -0.00053301 at      2.186 Ang (1.123 Ang by residue) in 8.7791 (sec).
 3-Body A148-ASP 24, A150-LYD 25, A197-LYS 34:       0.00329674 at      2.055 Ang (1.123 Ang by residue) in 8.6920 (sec).
 3-Body A148-ASP 24, A150-LYD 25, A197-LYD 28:       0.00006616 at      2.032 Ang (1.123 Ang by residue) in 8.7389 (sec).
 3-Body A148-ASP 24, A150-LYD 25, A197-LYS 36:       0.01149847 at      1.873 Ang (1.123 Ang by residue) in 8.7320 (sec).
 3-Body A148-ASP 24, A150-LYD 25, A197-LYS 35:       0.00352462 at      2.050 Ang (1.123 Ang by residue) in 9.0421 (sec).
 3-Body A148-ASP 24, A150-LYD 25, A197-LYS 52:      -0.00336941 at      2.027 Ang (1.123 Ang by residue) in 8.8305 (sec).
 3-Body A148-ASP 24, A150-LYD 25, A197-LYS 44:      -0.00226177 at      2.114 Ang (1.123 Ang by residue) in 8.7237 (sec).
 3-Body A148-ASP 24, A150-LYD 25, A197-LYS 54:      -0.00222721 at      2.204 Ang (1.123 Ang by residue) in 9.3291 (sec).
 3-Body A148-ASP 24, A150-LYD 25, A197-LYS 53:      -0.00195885 at      2.186 Ang (1.123 Ang by residue) in 9.0037 (sec).
 3-Body A148-ASP 24, A150-LYD 26, A197-LYS 0 :      -0.00156879 at      2.200 Ang (1.123 Ang by residue) in 8.6755 (sec).
 3-Body A148-ASP 24, A150-LYD 25, A197-LYS 55:       0.00096066 at      2.032 Ang (1.123 Ang by residue) in 8.9981 (sec).
 3-Body A148-ASP 24, A150-LYD 26, A197-LYD 7 :       0.00015238 at      2.089 Ang (1.123 Ang by residue) in 9.1075 (sec).
 3-Body A148-ASP 24, A150-LYD 26, A197-LYD 1 :      -0.00037764 at      2.200 Ang (1.123 Ang by residue) in 8.7405 (sec).
 3-Body A148-ASP 24, A150-LYD 26, A197-LYD 9 :       0.00081260 at      1.919 Ang (1.123 Ang by residue) in 8.7901 (sec).
 3-Body A148-ASP 24, A150-LYD 26, A197-LYD 8 :       0.00041947 at      2.086 Ang (1.123 Ang by residue) in 8.8630 (sec).
 3-Body A148-ASP 24, A150-LYD 26, A197-LYD 26:      -0.00037718 at      2.200 Ang (1.123 Ang by residue) in 8.7504 (sec).
 3-Body A148-ASP 24, A150-LYD 26, A197-LYD 25:       0.00005466 at      2.055 Ang (1.123 Ang by residue) in 8.6424 (sec).
 3-Body A148-ASP 24, A150-LYD 26, A197-LYD 28:       0.00019125 at      2.054 Ang (1.123 Ang by residue) in 8.5809 (sec).
 3-Body A148-ASP 24, A150-LYD 26, A197-LYD 27:      -0.00032105 at      2.216 Ang (1.123 Ang by residue) in 8.7531 (sec).
 3-Body A148-ASP 24, A150-LYD 26, A197-LYS 35:       0.00324850 at      2.086 Ang (1.123 Ang by residue) in 9.0838 (sec).
 3-Body A148-ASP 24, A150-LYD 26, A197-LYS 34:       0.00303210 at      2.089 Ang (1.123 Ang by residue) in 8.6336 (sec).
 3-Body A148-ASP 24, A150-LYD 26, A197-LYS 44:      -0.00182842 at      2.129 Ang (1.123 Ang by residue) in 8.4708 (sec).
 3-Body A148-ASP 24, A150-LYD 26, A197-LYS 36:       0.01050752 at      1.919 Ang (1.123 Ang by residue) in 8.6619 (sec).
 3-Body A148-ASP 24, A150-LYD 26, A197-LYS 53:      -0.00156845 at      2.200 Ang (1.123 Ang by residue) in 8.6075 (sec).
 3-Body A148-ASP 24, A150-LYD 26, A197-LYS 52:      -0.00262274 at      2.055 Ang (1.123 Ang by residue) in 8.3266 (sec).
 3-Body A148-ASP 24, A150-LYD 26, A197-LYS 55:       0.00096259 at      2.054 Ang (1.123 Ang by residue) in 8.6293 (sec).
 3-Body A148-ASP 24, A150-LYD 26, A197-LYS 54:      -0.00188390 at      2.216 Ang (1.123 Ang by residue) in 8.4443 (sec).
 3-Body A148-ASP 24, A150-LYD 27, A197-LYD 1 :      -0.00054822 at      2.155 Ang (1.123 Ang by residue) in 8.3632 (sec).
 3-Body A148-ASP 24, A150-LYD 27, A197-LYS 0 :      -0.00395969 at      2.155 Ang (1.123 Ang by residue) in 8.4030 (sec).
 3-Body A148-ASP 24, A150-LYD 27, A197-LYD 8 :      -0.00028584 at      2.037 Ang (1.123 Ang by residue) in 8.8450 (sec).
 3-Body A148-ASP 24, A150-LYD 27, A197-LYD 7 :      -0.00033100 at      2.041 Ang (1.123 Ang by residue) in 8.5866 (sec).
 3-Body A148-ASP 24, A150-LYD 27, A197-LYD 25:      -0.00013933 at      2.006 Ang (1.123 Ang by residue) in 8.6325 (sec).
 3-Body A148-ASP 24, A150-LYD 27, A197-LYD 9 :      -0.00007778 at      1.866 Ang (1.123 Ang by residue) in 8.7941 (sec).
 3-Body A148-ASP 24, A150-LYD 27, A197-LYD 27:      -0.00066251 at      2.171 Ang (1.123 Ang by residue) in 8.4470 (sec).
 3-Body A148-ASP 24, A150-LYD 27, A197-LYD 26:      -0.00054776 at      2.155 Ang (1.123 Ang by residue) in 8.3293 (sec).
 3-Body A148-ASP 24, A150-LYD 27, A197-LYS 34:      -0.00061534 at      2.041 Ang (1.123 Ang by residue) in 8.7198 (sec).
 3-Body A148-ASP 24, A150-LYD 27, A197-LYD 28:      -0.00027777 at      2.005 Ang (1.123 Ang by residue) in 8.7640 (sec).
 3-Body A148-ASP 24, A150-LYD 27, A197-LYS 36:       0.00726059 at      1.866 Ang (1.123 Ang by residue) in 8.6003 (sec).
 3-Body A148-ASP 24, A150-LYD 27, A197-LYS 35:      -0.00043004 at      2.037 Ang (1.123 Ang by residue) in 8.7688 (sec).
 3-Body A148-ASP 24, A150-LYD 27, A197-LYS 52:      -0.00488552 at      2.006 Ang (1.123 Ang by residue) in 8.4565 (sec).
 3-Body A148-ASP 24, A150-LYD 27, A197-LYS 44:      -0.00421654 at      2.081 Ang (1.123 Ang by residue) in 8.7619 (sec).
 3-Body A148-ASP 24, A150-LYD 27, A197-LYS 54:      -0.00398063 at      2.171 Ang (1.123 Ang by residue) in 8.4725 (sec).
 3-Body A148-ASP 24, A150-LYD 27, A197-LYS 53:      -0.00395931 at      2.155 Ang (1.123 Ang by residue) in 8.5553 (sec).
 3-Body A148-ASP 24, A150-LYD 28, A197-LYS 0 :      -0.00023152 at      2.286 Ang (1.123 Ang by residue) in 8.4668 (sec).
 3-Body A148-ASP 24, A150-LYD 27, A197-LYS 55:      -0.00210945 at      2.005 Ang (1.123 Ang by residue) in 8.6375 (sec).
 3-Body A148-ASP 24, A150-LYD 28, A197-LYD 7 :       0.00007364 at      2.179 Ang (1.123 Ang by residue) in 8.6718 (sec).
 3-Body A148-ASP 24, A150-LYD 28, A197-LYD 1 :      -0.00011520 at      2.286 Ang (1.123 Ang by residue) in 8.7725 (sec).
 3-Body A148-ASP 24, A150-LYD 28, A197-LYD 9 :       0.00017298 at      2.016 Ang (1.123 Ang by residue) in 8.6786 (sec).
 3-Body A148-ASP 24, A150-LYD 28, A197-LYD 8 :       0.00012510 at      2.175 Ang (1.123 Ang by residue) in 8.7415 (sec).
 3-Body A148-ASP 24, A150-LYD 28, A197-LYD 26:      -0.00011503 at      2.286 Ang (1.123 Ang by residue) in 8.3571 (sec).
 3-Body A148-ASP 24, A150-LYD 28, A197-LYD 25:       0.00022177 at      2.146 Ang (1.123 Ang by residue) in 8.5608 (sec).
 3-Body A148-ASP 24, A150-LYD 28, A197-LYD 28:       0.00012427 at      2.145 Ang (1.123 Ang by residue) in 8.4438 (sec).
 3-Body A148-ASP 24, A150-LYD 28, A197-LYD 27:      -0.00006529 at      2.301 Ang (1.123 Ang by residue) in 8.2619 (sec).
 3-Body A148-ASP 24, A150-LYD 28, A197-LYS 35:       0.00095960 at      2.175 Ang (1.123 Ang by residue) in 8.0404 (sec).
 3-Body A148-ASP 24, A150-LYD 28, A197-LYS 34:       0.00067069 at      2.179 Ang (1.123 Ang by residue) in 8.5333 (sec).
 3-Body A148-ASP 24, A150-LYD 28, A197-LYS 44:      -0.00047253 at      2.217 Ang (1.123 Ang by residue) in 8.5144 (sec).
 3-Body A148-ASP 24, A150-LYD 28, A197-LYS 36:       0.00352910 at      2.016 Ang (1.123 Ang by residue) in 8.7873 (sec).
 3-Body A148-ASP 24, A150-LYD 28, A197-LYS 53:      -0.00023147 at      2.286 Ang (1.123 Ang by residue) in 8.7500 (sec).
 3-Body A148-ASP 24, A150-LYD 28, A197-LYS 52:      -0.00080340 at      2.146 Ang (1.123 Ang by residue) in 8.3501 (sec).
 3-Body A148-ASP 24, A150-LYD 28, A197-LYS 55:       0.00046699 at      2.145 Ang (1.123 Ang by residue) in 8.3350 (sec).
 3-Body A148-ASP 24, A150-LYD 28, A197-LYS 54:      -0.00052475 at      2.301 Ang (1.123 Ang by residue) in 8.3684 (sec).
 3-Body A148-ASP 24, A150-LYS 30, A197-LYD 1 :      -0.00088348 at      2.142 Ang (1.123 Ang by residue) in 8.5284 (sec).
 3-Body A148-ASP 24, A150-LYS 30, A197-LYS 0 :      -0.00609331 at      2.142 Ang (1.123 Ang by residue) in 8.5271 (sec).
 3-Body A148-ASP 24, A150-LYS 30, A197-LYD 8 :      -0.00013170 at      2.077 Ang (1.123 Ang by residue) in 8.3552 (sec).
 3-Body A148-ASP 24, A150-LYS 30, A197-LYD 7 :      -0.00028027 at      2.082 Ang (1.123 Ang by residue) in 8.5317 (sec).
 3-Body A148-ASP 24, A150-LYS 30, A197-LYD 25:      -0.00035323 at      1.999 Ang (1.123 Ang by residue) in 8.6011 (sec).
 3-Body A148-ASP 24, A150-LYS 30, A197-LYD 9 :      -0.00090431 at      1.907 Ang (1.123 Ang by residue) in 8.9067 (sec).
 3-Body A148-ASP 24, A150-LYS 30, A197-LYD 27:      -0.00106525 at      2.161 Ang (1.123 Ang by residue) in 9.0141 (sec).
 3-Body A148-ASP 24, A150-LYS 30, A197-LYD 26:      -0.00088277 at      2.142 Ang (1.123 Ang by residue) in 8.4745 (sec).
 3-Body A148-ASP 24, A150-LYS 30, A197-LYS 34:       0.00069631 at      2.082 Ang (1.123 Ang by residue) in 8.7286 (sec).
 3-Body A148-ASP 24, A150-LYS 30, A197-LYD 28:      -0.00053160 at      2.031 Ang (1.123 Ang by residue) in 8.9510 (sec).
 3-Body A148-ASP 24, A150-LYS 30, A197-LYS 36:       0.01049443 at      1.907 Ang (1.123 Ang by residue) in 8.7675 (sec).
 3-Body A148-ASP 24, A150-LYS 30, A197-LYS 35:       0.00023811 at      2.077 Ang (1.123 Ang by residue) in 8.8104 (sec).
 3-Body A148-ASP 24, A150-LYS 30, A197-LYS 52:      -0.00654555 at      1.999 Ang (1.123 Ang by residue) in 8.8243 (sec).
 3-Body A148-ASP 24, A150-LYS 30, A197-LYS 44:      -0.00587717 at      2.082 Ang (1.123 Ang by residue) in 8.6856 (sec).
 3-Body A148-ASP 24, A150-LYS 30, A197-LYS 54:      -0.00569203 at      2.161 Ang (1.123 Ang by residue) in 8.3816 (sec).
 3-Body A148-ASP 24, A150-LYS 30, A197-LYS 53:      -0.00609289 at      2.142 Ang (1.123 Ang by residue) in 8.8026 (sec).
 3-Body A148-ASP 24, A150-LYS 34, A197-LYS 0 :       0.00016236 at      2.354 Ang (1.123 Ang by residue) in 8.0675 (sec).
 3-Body A148-ASP 24, A150-LYS 30, A197-LYS 55:      -0.00256931 at      2.031 Ang (1.123 Ang by residue) in 8.7202 (sec).
 3-Body A148-ASP 24, A150-LYS 34, A197-LYD 7 :       0.00012143 at      2.319 Ang (1.123 Ang by residue) in 7.7007 (sec).
 3-Body A148-ASP 24, A150-LYS 34, A197-LYD 1 :       0.00007955 at      2.354 Ang (1.123 Ang by residue) in 7.4050 (sec).
 3-Body A148-ASP 24, A150-LYS 34, A197-LYD 9 :       0.00018400 at      2.192 Ang (1.123 Ang by residue) in 7.1639 (sec).
 3-Body A148-ASP 24, A150-LYS 34, A197-LYD 8 :       0.00013544 at      2.319 Ang (1.123 Ang by residue) in 7.5075 (sec).
 3-Body A148-ASP 24, A150-LYS 34, A197-LYD 26:       0.00007959 at      2.355 Ang (1.123 Ang by residue) in 7.1487 (sec).
 3-Body A148-ASP 24, A150-LYS 34, A197-LYD 25:       0.00014617 at      2.239 Ang (1.123 Ang by residue) in 7.1782 (sec).
 3-Body A148-ASP 24, A150-LYS 34, A197-LYD 28:       0.00013987 at      2.286 Ang (1.123 Ang by residue) in 6.9861 (sec).
 3-Body A148-ASP 24, A150-LYS 34, A197-LYD 27:       0.00009125 at      2.367 Ang (1.123 Ang by residue) in 7.1659 (sec).
 3-Body A148-ASP 24, A150-LYS 34, A197-LYS 35:       0.00032919 at      2.319 Ang (1.123 Ang by residue) in 7.2923 (sec).
 3-Body A148-ASP 24, A150-LYS 34, A197-LYS 34:       0.00028213 at      2.319 Ang (1.123 Ang by residue) in 7.2104 (sec).
 3-Body A148-ASP 24, A150-LYS 34, A197-LYS 44:       0.00019108 at      2.314 Ang (1.123 Ang by residue) in 7.2102 (sec).
 3-Body A148-ASP 24, A150-LYS 34, A197-LYS 36:       0.00072449 at      2.192 Ang (1.123 Ang by residue) in 7.2837 (sec).
 3-Body A148-ASP 24, A150-LYS 34, A197-LYS 53:       0.00016236 at      2.355 Ang (1.123 Ang by residue) in 7.2972 (sec).
 3-Body A148-ASP 24, A150-LYS 34, A197-LYS 52:       0.00021804 at      2.239 Ang (1.123 Ang by residue) in 7.3083 (sec).
 3-Body A148-ASP 24, A150-LYS 34, A197-LYS 55:       0.00028300 at      2.286 Ang (1.123 Ang by residue) in 7.3260 (sec).
 3-Body A148-ASP 24, A150-LYS 34, A197-LYS 54:       0.00009578 at      2.367 Ang (1.123 Ang by residue) in 7.1337 (sec).
 3-Body A148-ASP 24, A150-LYS 35, A197-LYD 1 :       0.00008705 at      2.354 Ang (1.123 Ang by residue) in 7.3629 (sec).
 3-Body A148-ASP 24, A150-LYS 35, A197-LYS 0 :       0.00016288 at      2.354 Ang (1.123 Ang by residue) in 7.0589 (sec).
 3-Body A148-ASP 24, A150-LYS 35, A197-LYD 8 :       0.00014400 at      2.319 Ang (1.123 Ang by residue) in 8.7453 (sec).
 3-Body A148-ASP 24, A150-LYS 35, A197-LYD 7 :       0.00012693 at      2.319 Ang (1.123 Ang by residue) in 8.6182 (sec).
 3-Body A148-ASP 24, A150-LYS 35, A197-LYD 25:       0.00015558 at      2.239 Ang (1.123 Ang by residue) in 8.5493 (sec).
 3-Body A148-ASP 24, A150-LYS 35, A197-LYD 9 :       0.00019876 at      2.192 Ang (1.123 Ang by residue) in 8.4900 (sec).
 3-Body A148-ASP 24, A150-LYS 35, A197-LYD 27:       0.00009749 at      2.367 Ang (1.123 Ang by residue) in 8.6370 (sec).
 3-Body A148-ASP 24, A150-LYS 35, A197-LYD 26:       0.00008708 at      2.355 Ang (1.123 Ang by residue) in 8.6049 (sec).
 3-Body A148-ASP 24, A150-LYS 35, A197-LYS 34:       0.00029763 at      2.319 Ang (1.123 Ang by residue) in 8.7341 (sec).
 3-Body A148-ASP 24, A150-LYS 35, A197-LYD 28:       0.00014868 at      2.286 Ang (1.123 Ang by residue) in 8.6435 (sec).
 3-Body A148-ASP 24, A150-LYS 35, A197-LYS 36:       0.00075703 at      2.192 Ang (1.123 Ang by residue) in 8.5752 (sec).
 3-Body A148-ASP 24, A150-LYS 35, A197-LYS 35:       0.00033965 at      2.319 Ang (1.123 Ang by residue) in 8.2752 (sec).
 3-Body A148-ASP 24, A150-LYS 35, A197-LYS 52:       0.00022434 at      2.239 Ang (1.123 Ang by residue) in 8.5396 (sec).
 3-Body A148-ASP 24, A150-LYS 35, A197-LYS 44:       0.00019526 at      2.314 Ang (1.123 Ang by residue) in 8.4416 (sec).
 3-Body A148-ASP 24, A150-LYS 35, A197-LYS 54:       0.00009801 at      2.367 Ang (1.123 Ang by residue) in 8.5276 (sec).
 3-Body A148-ASP 24, A150-LYS 35, A197-LYS 53:       0.00016288 at      2.355 Ang (1.123 Ang by residue) in 8.5860 (sec).
 3-Body A148-ASP 24, A150-LYS 36, A197-LYS 0 :       0.00017552 at      2.340 Ang (1.123 Ang by residue) in 8.3384 (sec).
 3-Body A148-ASP 24, A150-LYS 35, A197-LYS 55:       0.00028867 at      2.286 Ang (1.123 Ang by residue) in 8.3658 (sec).
 3-Body A148-ASP 24, A150-LYS 36, A197-LYD 7 :       0.00014664 at      2.319 Ang (1.123 Ang by residue) in 8.6344 (sec).
 3-Body A148-ASP 24, A150-LYS 36, A197-LYD 1 :       0.00012532 at      2.340 Ang (1.123 Ang by residue) in 8.3340 (sec).
 3-Body A148-ASP 24, A150-LYS 36, A197-LYD 9 :       0.00022162 at      2.192 Ang (1.123 Ang by residue) in 8.4480 (sec).
 3-Body A148-ASP 24, A150-LYS 36, A197-LYD 8 :       0.00016237 at      2.319 Ang (1.123 Ang by residue) in 8.3983 (sec).
 3-Body A148-ASP 24, A150-LYS 36, A197-LYD 26:       0.00012535 at      2.340 Ang (1.123 Ang by residue) in 8.6537 (sec).
 3-Body A148-ASP 24, A150-LYS 36, A197-LYD 25:       0.00021910 at      2.209 Ang (1.123 Ang by residue) in 6.9740 (sec).
 3-Body A148-ASP 24, A150-LYS 36, A197-LYD 28:       0.00017869 at      2.286 Ang (1.123 Ang by residue) in 7.0569 (sec).
 3-Body A148-ASP 24, A150-LYS 36, A197-LYD 27:       0.00013411 at      2.352 Ang (1.123 Ang by residue) in 7.0241 (sec).
 3-Body A148-ASP 24, A150-LYS 36, A197-LYS 35:       0.00032931 at      2.319 Ang (1.123 Ang by residue) in 6.9169 (sec).
 3-Body A148-ASP 24, A150-LYS 36, A197-LYS 34:       0.00029027 at      2.319 Ang (1.123 Ang by residue) in 7.0946 (sec).
 3-Body A148-ASP 24, A150-LYS 36, A197-LYS 44:       0.00021981 at      2.314 Ang (1.123 Ang by residue) in 6.9719 (sec).
 3-Body A148-ASP 24, A150-LYS 36, A197-LYS 36:       0.00071955 at      2.192 Ang (1.123 Ang by residue) in 7.0193 (sec).
 3-Body A148-ASP 24, A150-LYS 36, A197-LYS 53:       0.00017552 at      2.340 Ang (1.123 Ang by residue) in 7.0547 (sec).
 3-Body A148-ASP 24, A150-LYS 36, A197-LYS 52:       0.00028325 at      2.209 Ang (1.123 Ang by residue) in 7.0671 (sec).
 3-Body A148-ASP 24, A150-LYS 36, A197-LYS 55:       0.00029199 at      2.286 Ang (1.123 Ang by residue) in 6.8684 (sec).
 3-Body A148-ASP 24, A150-LYS 36, A197-LYS 54:       0.00010685 at      2.352 Ang (1.123 Ang by residue) in 6.8464 (sec).
 3-Body A148-ASP 24, A150-LYS 46, A197-LYD 1 :       0.00072729 at      2.069 Ang (1.123 Ang by residue) in 6.8894 (sec).
 3-Body A148-ASP 24, A150-LYS 46, A197-LYS 0 :       0.00045555 at      2.069 Ang (1.123 Ang by residue) in 7.5052 (sec).
 3-Body A148-ASP 24, A150-LYS 46, A197-LYD 8 :       0.00055891 at      2.072 Ang (1.123 Ang by residue) in 7.9691 (sec).
 3-Body A148-ASP 24, A150-LYS 46, A197-LYD 7 :       0.00047225 at      2.072 Ang (1.123 Ang by residue) in 7.5579 (sec).
 3-Body A148-ASP 24, A150-LYS 46, A197-LYD 25:       0.00324603 at      1.940 Ang (1.123 Ang by residue) in 6.9500 (sec).
 3-Body A148-ASP 24, A150-LYS 46, A197-LYD 9 :       0.00043977 at      1.940 Ang (1.123 Ang by residue) in 7.0607 (sec).
 3-Body A148-ASP 24, A150-LYS 46, A197-LYD 27:       0.00076011 at      2.085 Ang (1.123 Ang by residue) in 7.0782 (sec).
 3-Body A148-ASP 24, A150-LYS 46, A197-LYD 26:       0.00072742 at      2.069 Ang (1.123 Ang by residue) in 6.8877 (sec).
 3-Body A148-ASP 24, A150-LYS 46, A197-LYS 34:       0.00076228 at      2.072 Ang (1.123 Ang by residue) in 7.0667 (sec).
 3-Body A148-ASP 24, A150-LYS 46, A197-LYD 28:       0.00108485 at      1.994 Ang (1.123 Ang by residue) in 7.1276 (sec).
 3-Body A148-ASP 24, A150-LYS 46, A197-LYS 36:       0.00465171 at      1.940 Ang (1.123 Ang by residue) in 7.0676 (sec).
 3-Body A148-ASP 24, A150-LYS 46, A197-LYS 35:       0.00115533 at      2.072 Ang (1.123 Ang by residue) in 7.1724 (sec).
 3-Body A148-ASP 24, A150-LYS 46, A197-LYS 52:       0.00225369 at      1.940 Ang (1.123 Ang by residue) in 7.1286 (sec).
 3-Body A148-ASP 24, A150-LYS 46, A197-LYS 44:       0.00091811 at      2.016 Ang (1.123 Ang by residue) in 7.0346 (sec).
 3-Body A148-ASP 24, A150-LYS 46, A197-LYS 54:      -0.00016024 at      2.085 Ang (1.123 Ang by residue) in 7.2798 (sec).
 3-Body A148-ASP 24, A150-LYS 46, A197-LYS 53:       0.00045527 at      2.069 Ang (1.123 Ang by residue) in 7.2342 (sec).
 3-Body A148-ASP 24, A150-LYS 47, A197-LYS 0 :      -0.02219040 at      2.047 Ang (1.123 Ang by residue) in 6.9386 (sec).
 3-Body A148-ASP 24, A150-LYS 46, A197-LYS 55:       0.00134239 at      1.994 Ang (1.123 Ang by residue) in 6.8997 (sec).
 3-Body A148-ASP 24, A150-LYS 47, A197-LYD 7 :      -0.00314263 at      1.881 Ang (1.123 Ang by residue) in 7.0750 (sec).
 3-Body A148-ASP 24, A150-LYS 47, A197-LYD 1 :      -0.00323272 at      2.047 Ang (1.123 Ang by residue) in 7.1837 (sec).
 3-Body A148-ASP 24, A150-LYS 47, A197-LYD 9 :      -0.00913652 at      1.713 Ang (1.123 Ang by residue) in 6.7796 (sec).
 3-Body A148-ASP 24, A150-LYS 47, A197-LYD 8 :      -0.00392240 at      1.877 Ang (1.123 Ang by residue) in 7.0147 (sec).
 3-Body A148-ASP 24, A150-LYS 47, A197-LYD 26:      -0.00323136 at      2.047 Ang (1.123 Ang by residue) in 7.0338 (sec).
 3-Body A148-ASP 24, A150-LYS 47, A197-LYD 25:      -0.00425866 at      1.874 Ang (1.123 Ang by residue) in 7.0647 (sec).
 3-Body A148-ASP 24, A150-LYS 47, A197-LYD 28:      -0.00493599 at      1.884 Ang (1.123 Ang by residue) in 7.8547 (sec).
 3-Body A148-ASP 24, A150-LYS 47, A197-LYD 27:      -0.00442831 at      2.067 Ang (1.123 Ang by residue) in 8.5184 (sec).
 3-Body A148-ASP 24, A150-LYS 47, A197-LYS 35:      -0.01024378 at      1.877 Ang (1.123 Ang by residue) in 8.2835 (sec).
 3-Body A148-ASP 24, A150-LYS 47, A197-LYS 34:      -0.01007218 at      1.881 Ang (1.123 Ang by residue) in 8.3944 (sec).
 3-Body A148-ASP 24, A150-LYS 47, A197-LYS 44:      -0.02668344 at      1.970 Ang (1.123 Ang by residue) in 8.2655 (sec).
 3-Body A148-ASP 24, A150-LYS 47, A197-LYS 36:       0.02168854 at      1.713 Ang (1.123 Ang by residue) in 8.2923 (sec).
 3-Body A148-ASP 24, A150-LYS 47, A197-LYS 53:      -0.02218855 at      2.047 Ang (1.123 Ang by residue) in 8.5244 (sec).
 3-Body A148-ASP 24, A150-LYS 47, A197-LYS 52:      -0.03281941 at      1.874 Ang (1.123 Ang by residue) in 8.6580 (sec).
 3-Body A148-ASP 24, A150-LYS 47, A197-LYS 55:      -0.01909908 at      1.884 Ang (1.123 Ang by residue) in 7.6057 (sec).
 3-Body A148-ASP 24, A150-LYS 47, A197-LYS 54:      -0.02039622 at      2.067 Ang (1.123 Ang by residue) in 7.4013 (sec).
 3-Body A148-ASP 24, A150-LYS 48, A197-LYD 1 :      -0.00119427 at      2.060 Ang (1.123 Ang by residue) in 7.6559 (sec).
 3-Body A148-ASP 24, A150-LYS 48, A197-LYS 0 :      -0.00573588 at      2.060 Ang (1.123 Ang by residue) in 7.3302 (sec).
 3-Body A148-ASP 24, A150-LYS 48, A197-LYD 8 :       0.00023596 at      1.907 Ang (1.123 Ang by residue) in 7.3824 (sec).
 3-Body A148-ASP 24, A150-LYS 48, A197-LYD 7 :      -0.00025552 at      1.913 Ang (1.123 Ang by residue) in 7.0651 (sec).
 3-Body A148-ASP 24, A150-LYS 48, A197-LYD 25:      -0.00253963 at      1.883 Ang (1.123 Ang by residue) in 7.2305 (sec).
 3-Body A148-ASP 24, A150-LYS 48, A197-LYD 9 :      -0.00479679 at      1.705 Ang (1.123 Ang by residue) in 7.4765 (sec).
 3-Body A148-ASP 24, A150-LYS 48, A197-LYD 27:      -0.00119638 at      2.080 Ang (1.123 Ang by residue) in 7.2778 (sec).
 3-Body A148-ASP 24, A150-LYS 48, A197-LYD 26:      -0.00119332 at      2.060 Ang (1.123 Ang by residue) in 7.4064 (sec).
 3-Body A148-ASP 24, A150-LYS 48, A197-LYS 34:      -0.00017901 at      1.913 Ang (1.123 Ang by residue) in 7.3998 (sec).
 3-Body A148-ASP 24, A150-LYS 48, A197-LYD 28:      -0.00015006 at      1.865 Ang (1.123 Ang by residue) in 7.4403 (sec).
 3-Body A148-ASP 24, A150-LYS 48, A197-LYS 36:       0.01550942 at      1.705 Ang (1.123 Ang by residue) in 7.4819 (sec).
 3-Body A148-ASP 24, A150-LYS 48, A197-LYS 35:       0.00170085 at      1.907 Ang (1.123 Ang by residue) in 7.4046 (sec).
 3-Body A148-ASP 24, A150-LYS 48, A197-LYS 52:      -0.01217726 at      1.883 Ang (1.123 Ang by residue) in 7.4491 (sec).
 3-Body A148-ASP 24, A150-LYS 48, A197-LYS 44:      -0.00760144 at      1.971 Ang (1.123 Ang by residue) in 7.3511 (sec).
 3-Body A148-ASP 24, A150-LYS 48, A197-LYS 54:      -0.00649520 at      2.080 Ang (1.123 Ang by residue) in 7.3643 (sec).
 3-Body A148-ASP 24, A150-LYS 48, A197-LYS 53:      -0.00573575 at      2.060 Ang (1.123 Ang by residue) in 7.4554 (sec).
 3-Body A148-ASP 24, A150-LYS 49, A197-LYS 0 :      -0.00673768 at      2.124 Ang (1.123 Ang by residue) in 7.3226 (sec).
 3-Body A148-ASP 24, A150-LYS 48, A197-LYS 55:      -0.00083398 at      1.865 Ang (1.123 Ang by residue) in 7.5036 (sec).
 3-Body A148-ASP 24, A150-LYS 49, A197-LYD 7 :       0.00005272 at      1.998 Ang (1.123 Ang by residue) in 7.3317 (sec).
 3-Body A148-ASP 24, A150-LYS 49, A197-LYD 1 :      -0.00051050 at      2.124 Ang (1.123 Ang by residue) in 7.3909 (sec).
 3-Body A148-ASP 24, A150-LYS 49, A197-LYD 9 :       0.00055370 at      1.802 Ang (1.123 Ang by residue) in 7.3486 (sec).
 3-Body A148-ASP 24, A150-LYS 49, A197-LYD 8 :       0.00004013 at      1.992 Ang (1.123 Ang by residue) in 7.2999 (sec).
 3-Body A148-ASP 24, A150-LYS 49, A197-LYD 26:      -0.00051036 at      2.124 Ang (1.123 Ang by residue) in 7.0420 (sec).
 3-Body A148-ASP 24, A150-LYS 49, A197-LYD 25:      -0.00185027 at      1.956 Ang (1.123 Ang by residue) in 7.1988 (sec).
 3-Body A148-ASP 24, A150-LYS 49, A197-LYD 28:      -0.00054457 at      1.959 Ang (1.123 Ang by residue) in 7.4004 (sec).
 3-Body A148-ASP 24, A150-LYS 49, A197-LYD 27:      -0.00092331 at      2.143 Ang (1.123 Ang by residue) in 7.2858 (sec).
 3-Body A148-ASP 24, A150-LYS 49, A197-LYS 35:       0.00062953 at      1.992 Ang (1.123 Ang by residue) in 7.2152 (sec).
 3-Body A148-ASP 24, A150-LYS 49, A197-LYS 34:       0.00069244 at      1.998 Ang (1.123 Ang by residue) in 7.2851 (sec).
 3-Body A148-ASP 24, A150-LYS 49, A197-LYS 44:      -0.01088549 at      2.046 Ang (1.123 Ang by residue) in 7.0996 (sec).
 3-Body A148-ASP 24, A150-LYS 49, A197-LYS 36:       0.00813367 at      1.802 Ang (1.123 Ang by residue) in 7.3176 (sec).
 3-Body A148-ASP 24, A150-LYS 49, A197-LYS 53:      -0.00673691 at      2.124 Ang (1.123 Ang by residue) in 7.3588 (sec).
 3-Body A148-ASP 24, A150-LYS 49, A197-LYS 52:      -0.01667837 at      1.956 Ang (1.123 Ang by residue) in 7.5035 (sec).
 3-Body A148-ASP 24, A150-LYS 49, A197-LYS 55:      -0.00436409 at      1.959 Ang (1.123 Ang by residue) in 7.3125 (sec).
 3-Body A148-ASP 24, A150-LYS 49, A197-LYS 54:      -0.00627382 at      2.143 Ang (1.123 Ang by residue) in 7.3650 (sec).
 3-Body A148-ASP 24, A150-LYS 52, A197-LYD 1 :      -0.00047697 at      2.186 Ang (1.123 Ang by residue) in 7.3895 (sec).
 3-Body A148-ASP 24, A150-LYS 52, A197-LYS 0 :      -0.00435365 at      2.186 Ang (1.123 Ang by residue) in 7.2832 (sec).
 3-Body A148-ASP 24, A150-LYS 52, A197-LYD 8 :       0.00073485 at      2.050 Ang (1.123 Ang by residue) in 7.5188 (sec).
 3-Body A148-ASP 24, A150-LYS 52, A197-LYD 7 :       0.00033493 at      2.055 Ang (1.123 Ang by residue) in 7.4121 (sec).
 3-Body A148-ASP 24, A150-LYS 52, A197-LYD 25:       0.00081617 at      2.027 Ang (1.123 Ang by residue) in 7.1914 (sec).
 3-Body A148-ASP 24, A150-LYS 52, A197-LYD 9 :       0.00133417 at      1.873 Ang (1.123 Ang by residue) in 7.2497 (sec).
 3-Body A148-ASP 24, A150-LYS 52, A197-LYD 27:      -0.00057340 at      2.204 Ang (1.123 Ang by residue) in 7.4318 (sec).
 3-Body A148-ASP 24, A150-LYS 52, A197-LYD 26:      -0.00047615 at      2.186 Ang (1.123 Ang by residue) in 7.2961 (sec).
 3-Body A148-ASP 24, A150-LYS 52, A197-LYS 34:       0.00379467 at      2.055 Ang (1.123 Ang by residue) in 7.5609 (sec).
 3-Body A148-ASP 24, A150-LYS 52, A197-LYD 28:       0.00035804 at      2.032 Ang (1.123 Ang by residue) in 7.3007 (sec).
 3-Body A148-ASP 24, A150-LYS 52, A197-LYS 36:       0.01622381 at      1.873 Ang (1.123 Ang by residue) in 7.2723 (sec).
 3-Body A148-ASP 24, A150-LYS 52, A197-LYS 35:       0.00343843 at      2.050 Ang (1.123 Ang by residue) in 7.2613 (sec).
 3-Body A148-ASP 24, A150-LYS 52, A197-LYS 52:      -0.00347701 at      2.027 Ang (1.123 Ang by residue) in 7.2636 (sec).
 3-Body A148-ASP 24, A150-LYS 52, A197-LYS 44:      -0.00360322 at      2.114 Ang (1.123 Ang by residue) in 7.1810 (sec).
 3-Body A148-ASP 24, A150-LYS 52, A197-LYS 54:      -0.00444977 at      2.204 Ang (1.123 Ang by residue) in 7.2363 (sec).
 3-Body A148-ASP 24, A150-LYS 52, A197-LYS 53:      -0.00435323 at      2.186 Ang (1.123 Ang by residue) in 7.4644 (sec).
 3-Body A148-ASP 24, A150-LYS 53, A197-LYS 0 :      -0.00186887 at      2.200 Ang (1.123 Ang by residue) in 7.2954 (sec).
 3-Body A148-ASP 24, A150-LYS 52, A197-LYS 55:       0.00002386 at      2.032 Ang (1.123 Ang by residue) in 7.1392 (sec).
 3-Body A148-ASP 24, A150-LYS 53, A197-LYD 7 :       0.00056704 at      2.089 Ang (1.123 Ang by residue) in 7.5487 (sec).
 3-Body A148-ASP 24, A150-LYS 53, A197-LYD 1 :      -0.00018328 at      2.200 Ang (1.123 Ang by residue) in 7.2899 (sec).
 3-Body A148-ASP 24, A150-LYS 53, A197-LYD 9 :       0.00199169 at      1.919 Ang (1.123 Ang by residue) in 7.2274 (sec).
 3-Body A148-ASP 24, A150-LYS 53, A197-LYD 8 :       0.00094061 at      2.086 Ang (1.123 Ang by residue) in 7.3970 (sec).
 3-Body A148-ASP 24, A150-LYS 53, A197-LYD 26:      -0.00018283 at      2.200 Ang (1.123 Ang by residue) in 7.2187 (sec).
 3-Body A148-ASP 24, A150-LYS 53, A197-LYD 25:       0.00030487 at      2.055 Ang (1.123 Ang by residue) in 7.2418 (sec).
 3-Body A148-ASP 24, A150-LYS 53, A197-LYD 28:       0.00052208 at      2.054 Ang (1.123 Ang by residue) in 7.3621 (sec).
 3-Body A148-ASP 24, A150-LYS 53, A197-LYD 27:      -0.00016987 at      2.216 Ang (1.123 Ang by residue) in 7.3548 (sec).
 3-Body A148-ASP 24, A150-LYS 53, A197-LYS 35:       0.00431452 at      2.086 Ang (1.123 Ang by residue) in 7.0284 (sec).
 3-Body A148-ASP 24, A150-LYS 53, A197-LYS 34:       0.00432492 at      2.089 Ang (1.123 Ang by residue) in 7.0235 (sec).
 3-Body A148-ASP 24, A150-LYS 53, A197-LYS 44:      -0.00226190 at      2.129 Ang (1.123 Ang by residue) in 7.3027 (sec).
 3-Body A148-ASP 24, A150-LYS 53, A197-LYS 36:       0.01291301 at      1.919 Ang (1.123 Ang by residue) in 7.4211 (sec).
 3-Body A148-ASP 24, A150-LYS 53, A197-LYS 53:      -0.00186850 at      2.200 Ang (1.123 Ang by residue) in 7.3097 (sec).
 3-Body A148-ASP 24, A150-LYS 53, A197-LYS 52:      -0.00330321 at      2.055 Ang (1.123 Ang by residue) in 7.3690 (sec).
 3-Body A148-ASP 24, A150-LYS 53, A197-LYS 55:       0.00122441 at      2.054 Ang (1.123 Ang by residue) in 7.1642 (sec).
 3-Body A148-ASP 24, A150-LYS 53, A197-LYS 54:      -0.00211662 at      2.216 Ang (1.123 Ang by residue) in 7.3770 (sec).
 3-Body A148-ASP 24, A150-LYS 54, A197-LYD 1 :      -0.00068817 at      2.155 Ang (1.123 Ang by residue) in 7.3794 (sec).
 3-Body A148-ASP 24, A150-LYS 54, A197-LYS 0 :      -0.00368717 at      2.155 Ang (1.123 Ang by residue) in 7.3974 (sec).
 3-Body A148-ASP 24, A150-LYS 54, A197-LYD 8 :       0.00205211 at      2.037 Ang (1.123 Ang by residue) in 7.2742 (sec).
 3-Body A148-ASP 24, A150-LYS 54, A197-LYD 7 :       0.00125703 at      2.041 Ang (1.123 Ang by residue) in 7.3364 (sec).
 3-Body A148-ASP 24, A150-LYS 54, A197-LYD 25:       0.00025075 at      2.006 Ang (1.123 Ang by residue) in 7.4589 (sec).
 3-Body A148-ASP 24, A150-LYS 54, A197-LYD 9 :       0.00544205 at      1.866 Ang (1.123 Ang by residue) in 7.3328 (sec).
 3-Body A148-ASP 24, A150-LYS 54, A197-LYD 27:      -0.00058922 at      2.171 Ang (1.123 Ang by residue) in 7.3965 (sec).
 3-Body A148-ASP 24, A150-LYS 54, A197-LYD 26:      -0.00068711 at      2.155 Ang (1.123 Ang by residue) in 7.3255 (sec).
 3-Body A148-ASP 24, A150-LYS 54, A197-LYS 34:       0.01214646 at      2.041 Ang (1.123 Ang by residue) in 7.5130 (sec).
 3-Body A148-ASP 24, A150-LYS 54, A197-LYD 28:       0.00079095 at      2.005 Ang (1.123 Ang by residue) in 7.6482 (sec).
 3-Body A148-ASP 24, A150-LYS 54, A197-LYS 36:       0.03109914 at      1.866 Ang (1.123 Ang by residue) in 7.4714 (sec).
 3-Body A148-ASP 24, A150-LYS 54, A197-LYS 35:       0.01160931 at      2.037 Ang (1.123 Ang by residue) in 7.2969 (sec).
 3-Body A148-ASP 24, A150-LYS 54, A197-LYS 52:      -0.00635764 at      2.006 Ang (1.123 Ang by residue) in 7.2869 (sec).
 3-Body A148-ASP 24, A150-LYS 54, A197-LYS 44:      -0.00438704 at      2.081 Ang (1.123 Ang by residue) in 7.3832 (sec).
 3-Body A148-ASP 24, A150-LYS 54, A197-LYS 54:      -0.00428375 at      2.171 Ang (1.123 Ang by residue) in 7.3664 (sec).
 3-Body A148-ASP 24, A150-LYS 54, A197-LYS 53:      -0.00368625 at      2.155 Ang (1.123 Ang by residue) in 7.3211 (sec).
 3-Body A148-ASP 24, A150-LYS 55, A197-LYS 0 :      -0.00020353 at      2.286 Ang (1.123 Ang by residue) in 7.5844 (sec).
 3-Body A148-ASP 24, A150-LYS 54, A197-LYS 55:       0.00349225 at      2.005 Ang (1.123 Ang by residue) in 7.3392 (sec).
 3-Body A148-ASP 24, A150-LYS 55, A197-LYD 7 :       0.00024732 at      2.179 Ang (1.123 Ang by residue) in 7.3159 (sec).
 3-Body A148-ASP 24, A150-LYS 55, A197-LYD 1 :       0.00002258 at      2.286 Ang (1.123 Ang by residue) in 7.3585 (sec).
 3-Body A148-ASP 24, A150-LYS 55, A197-LYD 9 :       0.00054066 at      2.016 Ang (1.123 Ang by residue) in 7.5000 (sec).
 3-Body A148-ASP 24, A150-LYS 55, A197-LYD 8 :       0.00032161 at      2.175 Ang (1.123 Ang by residue) in 7.4495 (sec).
 3-Body A148-ASP 24, A150-LYS 55, A197-LYD 26:       0.00002272 at      2.286 Ang (1.123 Ang by residue) in 7.4124 (sec).
 3-Body A148-ASP 24, A150-LYS 55, A197-LYD 25:       0.00041576 at      2.146 Ang (1.123 Ang by residue) in 7.2871 (sec).
 3-Body A148-ASP 24, A150-LYS 55, A197-LYD 28:       0.00029032 at      2.145 Ang (1.123 Ang by residue) in 7.4242 (sec).
 3-Body A148-ASP 24, A150-LYS 55, A197-LYD 27:       0.00005700 at      2.301 Ang (1.123 Ang by residue) in 7.4270 (sec).
 3-Body A148-ASP 24, A150-LYS 55, A197-LYS 35:       0.00122619 at      2.175 Ang (1.123 Ang by residue) in 7.4691 (sec).
 3-Body A148-ASP 24, A150-LYS 55, A197-LYS 34:       0.00097259 at      2.179 Ang (1.123 Ang by residue) in 7.4232 (sec).
 3-Body A148-ASP 24, A150-LYS 55, A197-LYS 44:      -0.00052768 at      2.217 Ang (1.123 Ang by residue) in 7.4437 (sec).
 3-Body A148-ASP 24, A150-LYS 55, A197-LYS 36:       0.00385638 at      2.016 Ang (1.123 Ang by residue) in 7.4707 (sec).
 3-Body A148-ASP 24, A150-LYS 55, A197-LYS 53:      -0.00020351 at      2.286 Ang (1.123 Ang by residue) in 7.3242 (sec).
 3-Body A148-ASP 24, A150-LYS 55, A197-LYS 52:      -0.00092527 at      2.146 Ang (1.123 Ang by residue) in 7.2778 (sec).
 3-Body A148-ASP 24, A150-LYS 55, A197-LYS 55:       0.00057546 at      2.145 Ang (1.123 Ang by residue) in 7.5068 (sec).
 3-Body A148-ASP 24, A150-LYS 55, A197-LYS 54:      -0.00049601 at      2.301 Ang (1.123 Ang by residue) in 7.6438 (sec).
 3-Body A148-ASP 25, A150-LYS 0 , A197-LYD 1 :      -0.00169503 at      2.142 Ang (1.123 Ang by residue) in 8.1454 (sec).
 3-Body A148-ASP 25, A150-LYS 0 , A197-LYS 0 :      -0.00556241 at      2.142 Ang (1.123 Ang by residue) in 8.7539 (sec).
 3-Body A148-ASP 25, A150-LYS 0 , A197-LYD 8 :      -0.00056372 at      2.012 Ang (1.123 Ang by residue) in 8.9170 (sec).
 3-Body A148-ASP 25, A150-LYS 0 , A197-LYD 7 :      -0.00083928 at      2.016 Ang (1.123 Ang by residue) in 7.4059 (sec).
 3-Body A148-ASP 25, A150-LYS 0 , A197-LYD 25:      -0.00166086 at      1.968 Ang (1.123 Ang by residue) in 7.3883 (sec).
 3-Body A148-ASP 25, A150-LYS 0 , A197-LYD 9 :      -0.00274695 at      1.841 Ang (1.123 Ang by residue) in 7.4617 (sec).
 3-Body A148-ASP 25, A150-LYS 0 , A197-LYD 27:      -0.00166202 at      2.146 Ang (1.123 Ang by residue) in 7.4045 (sec).
 3-Body A148-ASP 25, A150-LYS 0 , A197-LYD 26:      -0.00169498 at      2.142 Ang (1.123 Ang by residue) in 7.2995 (sec).
 3-Body A148-ASP 25, A150-LYS 0 , A197-LYS 34:       0.00282309 at      2.016 Ang (1.123 Ang by residue) in 7.4327 (sec).
 3-Body A148-ASP 25, A150-LYS 0 , A197-LYD 28:      -0.00177063 at      2.003 Ang (1.123 Ang by residue) in 7.3287 (sec).
 3-Body A148-ASP 25, A150-LYS 0 , A197-LYS 36:       0.00550173 at      1.841 Ang (1.123 Ang by residue) in 7.2247 (sec).
 3-Body A148-ASP 25, A150-LYS 0 , A197-LYS 35:       0.00244347 at      2.012 Ang (1.123 Ang by residue) in 7.2787 (sec).
 3-Body A148-ASP 25, A150-LYS 0 , A197-LYS 52:      -0.01419458 at      1.968 Ang (1.123 Ang by residue) in 7.5602 (sec).
 3-Body A148-ASP 25, A150-LYS 0 , A197-LYS 44:      -0.00960372 at      2.050 Ang (1.123 Ang by residue) in 7.3087 (sec).
 3-Body A148-ASP 25, A150-LYS 0 , A197-LYS 54:      -0.00577356 at      2.146 Ang (1.123 Ang by residue) in 7.4137 (sec).
 3-Body A148-ASP 25, A150-LYS 0 , A197-LYS 53:      -0.00556272 at      2.142 Ang (1.123 Ang by residue) in 7.4477 (sec).
 3-Body A148-ASP 25, A150-LYD 1 , A197-LYS 0 :      -0.00406738 at      2.142 Ang (1.123 Ang by residue) in 7.4904 (sec).
 3-Body A148-ASP 25, A150-LYS 0 , A197-LYS 55:      -0.00286111 at      2.003 Ang (1.123 Ang by residue) in 7.3890 (sec).
 3-Body A148-ASP 25, A150-LYD 1 , A197-LYD 7 :      -0.00051619 at      2.016 Ang (1.123 Ang by residue) in 7.2445 (sec).
 3-Body A148-ASP 25, A150-LYD 1 , A197-LYD 1 :      -0.00119888 at      2.142 Ang (1.123 Ang by residue) in 7.2573 (sec).
 3-Body A148-ASP 25, A150-LYD 1 , A197-LYD 9 :      -0.00193875 at      1.841 Ang (1.123 Ang by residue) in 7.3101 (sec).
 3-Body A148-ASP 25, A150-LYD 1 , A197-LYD 8 :      -0.00032526 at      2.012 Ang (1.123 Ang by residue) in 7.3796 (sec).
 3-Body A148-ASP 25, A150-LYD 1 , A197-LYD 26:      -0.00119927 at      2.142 Ang (1.123 Ang by residue) in 7.2487 (sec).
 3-Body A148-ASP 25, A150-LYD 1 , A197-LYD 25:      -0.00097000 at      1.968 Ang (1.123 Ang by residue) in 7.2007 (sec).
 3-Body A148-ASP 25, A150-LYD 1 , A197-LYD 28:      -0.00123428 at      2.003 Ang (1.123 Ang by residue) in 7.4255 (sec).
 3-Body A148-ASP 25, A150-LYD 1 , A197-LYD 27:      -0.00119272 at      2.146 Ang (1.123 Ang by residue) in 7.4457 (sec).
 3-Body A148-ASP 25, A150-LYD 1 , A197-LYS 35:       0.00216629 at      2.012 Ang (1.123 Ang by residue) in 7.3513 (sec).
 3-Body A148-ASP 25, A150-LYD 1 , A197-LYS 34:       0.00196668 at      2.016 Ang (1.123 Ang by residue) in 7.3674 (sec).
 3-Body A148-ASP 25, A150-LYD 1 , A197-LYS 44:      -0.00942465 at      2.050 Ang (1.123 Ang by residue) in 7.2835 (sec).
 3-Body A148-ASP 25, A150-LYD 1 , A197-LYS 36:       0.00255135 at      1.841 Ang (1.123 Ang by residue) in 7.1940 (sec).
 3-Body A148-ASP 25, A150-LYD 1 , A197-LYS 53:      -0.00406794 at      2.142 Ang (1.123 Ang by residue) in 7.4396 (sec).
 3-Body A148-ASP 25, A150-LYD 1 , A197-LYS 52:      -0.01506589 at      1.968 Ang (1.123 Ang by residue) in 7.2665 (sec).
 3-Body A148-ASP 25, A150-LYD 1 , A197-LYS 55:      -0.00228644 at      2.003 Ang (1.123 Ang by residue) in 7.2994 (sec).
 3-Body A148-ASP 25, A150-LYD 1 , A197-LYS 54:      -0.00446215 at      2.146 Ang (1.123 Ang by residue) in 7.2189 (sec).
 3-Body A148-ASP 25, A150-LYD 8 , A197-LYD 1 :      -0.00001185 at      2.344 Ang (1.123 Ang by residue) in 7.1361 (sec).
 3-Body A148-ASP 25, A150-LYD 8 , A197-LYS 0 :       0.00029496 at      2.344 Ang (1.123 Ang by residue) in 7.2212 (sec).
 3-Body A148-ASP 25, A150-LYD 8 , A197-LYD 8 :       0.00005000 at      2.305 Ang (1.123 Ang by residue) in 7.3088 (sec).
 3-Body A148-ASP 25, A150-LYD 8 , A197-LYD 7 :       0.00003256 at      2.305 Ang (1.123 Ang by residue) in 7.0872 (sec).
 3-Body A148-ASP 25, A150-LYD 8 , A197-LYD 25:       0.00003642 at      2.204 Ang (1.123 Ang by residue) in 7.2303 (sec).
 3-Body A148-ASP 25, A150-LYD 8 , A197-LYD 9 :      -0.00000943 at      2.177 Ang (1.123 Ang by residue) in 7.4288 (sec).
 3-Body A148-ASP 25, A150-LYD 8 , A197-LYD 27:       0.00002674 at      2.345 Ang (1.123 Ang by residue) in 7.2113 (sec).
 3-Body A148-ASP 25, A150-LYD 8 , A197-LYD 26:      -0.00001180 at      2.344 Ang (1.123 Ang by residue) in 7.1641 (sec).
 3-Body A148-ASP 25, A150-LYD 8 , A197-LYS 34:       0.00035813 at      2.305 Ang (1.123 Ang by residue) in 7.4050 (sec).
 3-Body A148-ASP 25, A150-LYD 8 , A197-LYD 28:       0.00005965 at      2.270 Ang (1.123 Ang by residue) in 7.2623 (sec).
 3-Body A148-ASP 25, A150-LYD 8 , A197-LYS 36:       0.00076801 at      2.177 Ang (1.123 Ang by residue) in 7.1514 (sec).
 3-Body A148-ASP 25, A150-LYD 8 , A197-LYS 35:       0.00043280 at      2.305 Ang (1.123 Ang by residue) in 7.1224 (sec).
 3-Body A148-ASP 25, A150-LYD 8 , A197-LYS 52:       0.00042441 at      2.204 Ang (1.123 Ang by residue) in 7.3204 (sec).
 3-Body A148-ASP 25, A150-LYD 8 , A197-LYS 44:       0.00037256 at      2.278 Ang (1.123 Ang by residue) in 7.4685 (sec).
 3-Body A148-ASP 25, A150-LYD 8 , A197-LYS 54:       0.00019640 at      2.345 Ang (1.123 Ang by residue) in 7.4191 (sec).
 3-Body A148-ASP 25, A150-LYD 8 , A197-LYS 53:       0.00029498 at      2.344 Ang (1.123 Ang by residue) in 7.6749 (sec).
 3-Body A148-ASP 25, A150-LYD 19, A197-LYS 0 :      -0.00122032 at      2.033 Ang (1.123 Ang by residue) in 7.3214 (sec).
 3-Body A148-ASP 25, A150-LYD 8 , A197-LYS 55:       0.00043465 at      2.270 Ang (1.123 Ang by residue) in 7.1981 (sec).
 3-Body A148-ASP 25, A150-LYD 19, A197-LYD 7 :       0.00007793 at      2.032 Ang (1.123 Ang by residue) in 6.9561 (sec).
 3-Body A148-ASP 25, A150-LYD 19, A197-LYD 1 :      -0.00055528 at      2.033 Ang (1.123 Ang by residue) in 6.7604 (sec).
 3-Body A148-ASP 25, A150-LYD 19, A197-LYD 9 :      -0.00079916 at      1.897 Ang (1.123 Ang by residue) in 7.2358 (sec).
 3-Body A148-ASP 25, A150-LYD 19, A197-LYD 8 :       0.00021683 at      2.032 Ang (1.123 Ang by residue) in 6.8583 (sec).
 3-Body A148-ASP 25, A150-LYD 19, A197-LYD 26:      -0.00055517 at      2.033 Ang (1.123 Ang by residue) in 7.0555 (sec).
 3-Body A148-ASP 25, A150-LYD 19, A197-LYD 25:      -0.00073433 at      1.873 Ang (1.123 Ang by residue) in 6.8699 (sec).
 3-Body A148-ASP 25, A150-LYD 19, A197-LYD 28:      -0.00004222 at      1.949 Ang (1.123 Ang by residue) in 6.9043 (sec).
 3-Body A148-ASP 25, A150-LYD 19, A197-LYD 27:      -0.00040747 at      2.035 Ang (1.123 Ang by residue) in 7.0458 (sec).
 3-Body A148-ASP 25, A150-LYD 19, A197-LYS 35:       0.00263281 at      2.032 Ang (1.123 Ang by residue) in 6.9871 (sec).
 3-Body A148-ASP 25, A150-LYD 19, A197-LYS 34:       0.00207124 at      2.032 Ang (1.123 Ang by residue) in 6.9828 (sec).
 3-Body A148-ASP 25, A150-LYD 19, A197-LYS 44:      -0.00420032 at      1.949 Ang (1.123 Ang by residue) in 6.8818 (sec).
 3-Body A148-ASP 25, A150-LYD 19, A197-LYS 36:       0.00432231 at      1.897 Ang (1.123 Ang by residue) in 6.9391 (sec).
 3-Body A148-ASP 25, A150-LYD 19, A197-LYS 53:      -0.00122012 at      2.033 Ang (1.123 Ang by residue) in 6.8385 (sec).
 3-Body A148-ASP 25, A150-LYD 19, A197-LYS 52:      -0.01018215 at      1.873 Ang (1.123 Ang by residue) in 7.0697 (sec).
 3-Body A148-ASP 25, A150-LYD 19, A197-LYS 55:       0.00097279 at      1.949 Ang (1.123 Ang by residue) in 7.1892 (sec).
 3-Body A148-ASP 25, A150-LYD 19, A197-LYS 54:      -0.00188333 at      2.035 Ang (1.123 Ang by residue) in 7.1930 (sec).
 3-Body A148-ASP 25, A150-LYD 20, A197-LYD 1 :       0.00010278 at      2.038 Ang (1.123 Ang by residue) in 7.1943 (sec).
 3-Body A148-ASP 25, A150-LYD 20, A197-LYS 0 :      -0.00770444 at      2.038 Ang (1.123 Ang by residue) in 7.2447 (sec).
 3-Body A148-ASP 25, A150-LYD 20, A197-LYD 8 :       0.00130596 at      1.863 Ang (1.123 Ang by residue) in 7.1146 (sec).
 3-Body A148-ASP 25, A150-LYD 20, A197-LYD 7 :       0.00049314 at      1.867 Ang (1.123 Ang by residue) in 7.1910 (sec).
 3-Body A148-ASP 25, A150-LYD 20, A197-LYD 25:      -0.00288302 at      1.835 Ang (1.123 Ang by residue) in 7.2601 (sec).
 3-Body A148-ASP 25, A150-LYD 20, A197-LYD 9 :       0.00535262 at      1.698 Ang (1.123 Ang by residue) in 7.2536 (sec).
 3-Body A148-ASP 25, A150-LYD 20, A197-LYD 27:      -0.00074597 at      2.043 Ang (1.123 Ang by residue) in 7.2242 (sec).
 3-Body A148-ASP 25, A150-LYD 20, A197-LYD 26:       0.00010248 at      2.038 Ang (1.123 Ang by residue) in 6.8849 (sec).
 3-Body A148-ASP 25, A150-LYD 20, A197-LYS 34:      -0.00019173 at      1.867 Ang (1.123 Ang by residue) in 7.0108 (sec).
 3-Body A148-ASP 25, A150-LYD 20, A197-LYD 28:       0.00010136 at      1.867 Ang (1.123 Ang by residue) in 7.1208 (sec).
 3-Body A148-ASP 25, A150-LYD 20, A197-LYS 36:       0.00820639 at      1.698 Ang (1.123 Ang by residue) in 7.2235 (sec).
 3-Body A148-ASP 25, A150-LYD 20, A197-LYS 35:      -0.00065591 at      1.863 Ang (1.123 Ang by residue) in 7.2836 (sec).
 3-Body A148-ASP 25, A150-LYD 20, A197-LYS 52:      -0.01826161 at      1.835 Ang (1.123 Ang by residue) in 7.1779 (sec).
 3-Body A148-ASP 25, A150-LYD 20, A197-LYS 44:      -0.01139336 at      1.930 Ang (1.123 Ang by residue) in 7.1641 (sec).
 3-Body A148-ASP 25, A150-LYD 20, A197-LYS 54:      -0.00582765 at      2.043 Ang (1.123 Ang by residue) in 7.1772 (sec).
 3-Body A148-ASP 25, A150-LYD 20, A197-LYS 53:      -0.00770347 at      2.038 Ang (1.123 Ang by residue) in 7.1941 (sec).
 3-Body A148-ASP 25, A150-LYD 21, A197-LYS 0 :      -0.01458426 at      2.010 Ang (1.123 Ang by residue) in 6.9297 (sec).
 3-Body A148-ASP 25, A150-LYD 20, A197-LYS 55:      -0.00569679 at      1.867 Ang (1.123 Ang by residue) in 6.7363 (sec).
 3-Body A148-ASP 25, A150-LYD 21, A197-LYD 7 :      -0.00144399 at      1.855 Ang (1.123 Ang by residue) in 7.0898 (sec).
 3-Body A148-ASP 25, A150-LYD 21, A197-LYD 1 :      -0.00137553 at      2.010 Ang (1.123 Ang by residue) in 6.9962 (sec).
 3-Body A148-ASP 25, A150-LYD 21, A197-LYD 9 :      -0.00062763 at      1.639 Ang (1.123 Ang by residue) in 6.9676 (sec).
 3-Body A148-ASP 25, A150-LYD 21, A197-LYD 8 :      -0.00176676 at      1.849 Ang (1.123 Ang by residue) in 7.1404 (sec).
 3-Body A148-ASP 25, A150-LYD 21, A197-LYD 26:      -0.00137632 at      2.010 Ang (1.123 Ang by residue) in 6.9068 (sec).
 3-Body A148-ASP 25, A150-LYD 21, A197-LYD 25:      -0.01286006 at      1.799 Ang (1.123 Ang by residue) in 7.2181 (sec).
 3-Body A148-ASP 25, A150-LYD 21, A197-LYD 28:      -0.00453137 at      1.803 Ang (1.123 Ang by residue) in 7.1689 (sec).
 3-Body A148-ASP 25, A150-LYD 21, A197-LYD 27:      -0.00244737 at      2.016 Ang (1.123 Ang by residue) in 6.8537 (sec).
 3-Body A148-ASP 25, A150-LYD 21, A197-LYS 35:      -0.00270113 at      1.849 Ang (1.123 Ang by residue) in 7.1750 (sec).
 3-Body A148-ASP 25, A150-LYD 21, A197-LYS 34:      -0.00039704 at      1.855 Ang (1.123 Ang by residue) in 6.9233 (sec).
 3-Body A148-ASP 25, A150-LYD 21, A197-LYS 44:      -0.02593555 at      1.888 Ang (1.123 Ang by residue) in 6.9245 (sec).
 3-Body A148-ASP 25, A150-LYD 21, A197-LYS 36:      -0.00839908 at      1.639 Ang (1.123 Ang by residue) in 6.8336 (sec).
 3-Body A148-ASP 25, A150-LYD 21, A197-LYS 53:      -0.01458117 at      2.010 Ang (1.123 Ang by residue) in 6.8573 (sec).
 3-Body A148-ASP 25, A150-LYD 21, A197-LYS 52:      -0.04521327 at      1.799 Ang (1.123 Ang by residue) in 6.9515 (sec).
 3-Body A148-ASP 25, A150-LYD 21, A197-LYS 55:      -0.01459128 at      1.803 Ang (1.123 Ang by residue) in 6.7974 (sec).
 3-Body A148-ASP 25, A150-LYD 21, A197-LYS 54:      -0.01119040 at      2.016 Ang (1.123 Ang by residue) in 6.8696 (sec).
 3-Body A148-ASP 25, A150-LYD 22, A197-LYD 1 :      -0.00130505 at      2.074 Ang (1.123 Ang by residue) in 6.7677 (sec).
 3-Body A148-ASP 25, A150-LYD 22, A197-LYS 0 :      -0.01125338 at      2.074 Ang (1.123 Ang by residue) in 6.5366 (sec).
 3-Body A148-ASP 25, A150-LYD 22, A197-LYD 8 :      -0.00109753 at      1.935 Ang (1.123 Ang by residue) in 6.9915 (sec).
 3-Body A148-ASP 25, A150-LYD 22, A197-LYD 7 :      -0.00103882 at      1.942 Ang (1.123 Ang by residue) in 6.9025 (sec).
 3-Body A148-ASP 25, A150-LYD 22, A197-LYD 25:      -0.00749656 at      1.874 Ang (1.123 Ang by residue) in 6.9607 (sec).
 3-Body A148-ASP 25, A150-LYD 22, A197-LYD 9 :      -0.00032352 at      1.740 Ang (1.123 Ang by residue) in 6.7676 (sec).
 3-Body A148-ASP 25, A150-LYD 22, A197-LYD 27:      -0.00201080 at      2.080 Ang (1.123 Ang by residue) in 6.9363 (sec).
 3-Body A148-ASP 25, A150-LYD 22, A197-LYD 26:      -0.00130555 at      2.074 Ang (1.123 Ang by residue) in 6.7765 (sec).
 3-Body A148-ASP 25, A150-LYD 22, A197-LYS 34:       0.00147650 at      1.942 Ang (1.123 Ang by residue) in 6.8871 (sec).
 3-Body A148-ASP 25, A150-LYD 22, A197-LYD 28:      -0.00298151 at      1.899 Ang (1.123 Ang by residue) in 6.7254 (sec).
 3-Body A148-ASP 25, A150-LYD 22, A197-LYS 36:      -0.00341565 at      1.740 Ang (1.123 Ang by residue) in 6.6504 (sec).
 3-Body A148-ASP 25, A150-LYD 22, A197-LYS 35:      -0.00008140 at      1.935 Ang (1.123 Ang by residue) in 6.7420 (sec).
 3-Body A148-ASP 25, A150-LYD 22, A197-LYS 52:      -0.03363554 at      1.874 Ang (1.123 Ang by residue) in 6.6357 (sec).
 3-Body A148-ASP 25, A150-LYD 22, A197-LYS 44:      -0.01987582 at      1.966 Ang (1.123 Ang by residue) in 6.8365 (sec).
 3-Body A148-ASP 25, A150-LYD 22, A197-LYS 54:      -0.00937132 at      2.080 Ang (1.123 Ang by residue) in 6.8534 (sec).
 3-Body A148-ASP 25, A150-LYD 22, A197-LYS 53:      -0.01125160 at      2.074 Ang (1.123 Ang by residue) in 7.0319 (sec).
 3-Body A148-ASP 25, A150-LYD 25, A197-LYS 0 :       0.00253766 at      2.231 Ang (1.123 Ang by residue) in 6.9320 (sec).
 3-Body A148-ASP 25, A150-LYD 22, A197-LYS 55:      -0.00962975 at      1.899 Ang (1.123 Ang by residue) in 7.1735 (sec).
 3-Body A148-ASP 25, A150-LYD 25, A197-LYD 7 :       0.00037380 at      2.099 Ang (1.123 Ang by residue) in 7.0531 (sec).
 3-Body A148-ASP 25, A150-LYD 25, A197-LYD 1 :      -0.00046151 at      2.231 Ang (1.123 Ang by residue) in 7.0539 (sec).
 3-Body A148-ASP 25, A150-LYD 25, A197-LYD 9 :       0.00022349 at      1.920 Ang (1.123 Ang by residue) in 6.9159 (sec).
 3-Body A148-ASP 25, A150-LYD 25, A197-LYD 8 :       0.00076759 at      2.094 Ang (1.123 Ang by residue) in 7.1371 (sec).
 3-Body A148-ASP 25, A150-LYD 25, A197-LYD 26:      -0.00046079 at      2.231 Ang (1.123 Ang by residue) in 6.9661 (sec).
 3-Body A148-ASP 25, A150-LYD 25, A197-LYD 25:       0.00013961 at      2.050 Ang (1.123 Ang by residue) in 7.3463 (sec).
 3-Body A148-ASP 25, A150-LYD 25, A197-LYD 28:       0.00066804 at      2.074 Ang (1.123 Ang by residue) in 7.2426 (sec).
 3-Body A148-ASP 25, A150-LYD 25, A197-LYD 27:       0.00000035 at      2.235 Ang (1.123 Ang by residue) in 7.0559 (sec).
 3-Body A148-ASP 25, A150-LYD 25, A197-LYS 35:       0.00699819 at      2.094 Ang (1.123 Ang by residue) in 7.3453 (sec).
 3-Body A148-ASP 25, A150-LYD 25, A197-LYS 34:       0.00565590 at      2.099 Ang (1.123 Ang by residue) in 7.0392 (sec).
 3-Body A148-ASP 25, A150-LYD 25, A197-LYS 44:       0.00301907 at      2.133 Ang (1.123 Ang by residue) in 6.8307 (sec).
 3-Body A148-ASP 25, A150-LYD 25, A197-LYS 36:       0.01153185 at      1.920 Ang (1.123 Ang by residue) in 6.7864 (sec).
 3-Body A148-ASP 25, A150-LYD 25, A197-LYS 53:       0.00253793 at      2.231 Ang (1.123 Ang by residue) in 6.9386 (sec).
 3-Body A148-ASP 25, A150-LYD 25, A197-LYS 52:       0.00293377 at      2.050 Ang (1.123 Ang by residue) in 6.8316 (sec).
 3-Body A148-ASP 25, A150-LYD 25, A197-LYS 55:       0.00563212 at      2.074 Ang (1.123 Ang by residue) in 6.8427 (sec).
 3-Body A148-ASP 25, A150-LYD 25, A197-LYS 54:       0.00142659 at      2.235 Ang (1.123 Ang by residue) in 7.1879 (sec).
 3-Body A148-ASP 25, A150-LYD 26, A197-LYD 1 :      -0.00041153 at      2.244 Ang (1.123 Ang by residue) in 7.1665 (sec).
 3-Body A148-ASP 25, A150-LYD 26, A197-LYS 0 :       0.00173415 at      2.244 Ang (1.123 Ang by residue) in 8.0395 (sec).
 3-Body A148-ASP 25, A150-LYD 26, A197-LYD 8 :       0.00058304 at      2.128 Ang (1.123 Ang by residue) in 8.1512 (sec).
 3-Body A148-ASP 25, A150-LYD 26, A197-LYD 7 :       0.00028359 at      2.132 Ang (1.123 Ang by residue) in 8.5004 (sec).
 3-Body A148-ASP 25, A150-LYD 26, A197-LYD 25:       0.00027157 at      2.076 Ang (1.123 Ang by residue) in 8.3344 (sec).
 3-Body A148-ASP 25, A150-LYD 26, A197-LYD 9 :       0.00020695 at      1.965 Ang (1.123 Ang by residue) in 8.4406 (sec).
 3-Body A148-ASP 25, A150-LYD 26, A197-LYD 27:      -0.00005064 at      2.247 Ang (1.123 Ang by residue) in 8.4998 (sec).
 3-Body A148-ASP 25, A150-LYD 26, A197-LYD 26:      -0.00041089 at      2.244 Ang (1.123 Ang by residue) in 8.7732 (sec).
 3-Body A148-ASP 25, A150-LYD 26, A197-LYS 34:       0.00465742 at      2.132 Ang (1.123 Ang by residue) in 8.3739 (sec).
 3-Body A148-ASP 25, A150-LYD 26, A197-LYD 28:       0.00048756 at      2.095 Ang (1.123 Ang by residue) in 8.0279 (sec).
 3-Body A148-ASP 25, A150-LYD 26, A197-LYS 36:       0.01025205 at      1.965 Ang (1.123 Ang by residue) in 8.0005 (sec).
 3-Body A148-ASP 25, A150-LYD 26, A197-LYS 35:       0.00559316 at      2.128 Ang (1.123 Ang by residue) in 8.1924 (sec).
 3-Body A148-ASP 25, A150-LYD 26, A197-LYS 52:       0.00218692 at      2.076 Ang (1.123 Ang by residue) in 8.2685 (sec).
 3-Body A148-ASP 25, A150-LYD 26, A197-LYS 44:       0.00215509 at      2.147 Ang (1.123 Ang by residue) in 8.4764 (sec).
 3-Body A148-ASP 25, A150-LYD 26, A197-LYS 54:       0.00079387 at      2.247 Ang (1.123 Ang by residue) in 7.3368 (sec).
 3-Body A148-ASP 25, A150-LYD 26, A197-LYS 53:       0.00173439 at      2.244 Ang (1.123 Ang by residue) in 7.3864 (sec).
 3-Body A148-ASP 25, A150-LYD 27, A197-LYS 0 :       0.00240030 at      2.174 Ang (1.123 Ang by residue) in 7.0544 (sec).
 3-Body A148-ASP 25, A150-LYD 26, A197-LYS 55:       0.00430690 at      2.095 Ang (1.123 Ang by residue) in 7.2647 (sec).
 3-Body A148-ASP 25, A150-LYD 27, A197-LYD 7 :       0.00016592 at      2.057 Ang (1.123 Ang by residue) in 7.1738 (sec).
 3-Body A148-ASP 25, A150-LYD 27, A197-LYD 1 :      -0.00081180 at      2.174 Ang (1.123 Ang by residue) in 6.9847 (sec).
 3-Body A148-ASP 25, A150-LYD 27, A197-LYD 9 :      -0.00020071 at      1.884 Ang (1.123 Ang by residue) in 7.1999 (sec).
 3-Body A148-ASP 25, A150-LYD 27, A197-LYD 8 :       0.00057134 at      2.054 Ang (1.123 Ang by residue) in 7.2490 (sec).
 3-Body A148-ASP 25, A150-LYD 27, A197-LYD 26:      -0.00081079 at      2.174 Ang (1.123 Ang by residue) in 7.5101 (sec).
 3-Body A148-ASP 25, A150-LYD 27, A197-LYD 25:       0.00021204 at      2.000 Ang (1.123 Ang by residue) in 7.3395 (sec).
 3-Body A148-ASP 25, A150-LYD 27, A197-LYD 28:       0.00055176 at      2.019 Ang (1.123 Ang by residue) in 7.1915 (sec).
 3-Body A148-ASP 25, A150-LYD 27, A197-LYD 27:      -0.00022468 at      2.177 Ang (1.123 Ang by residue) in 7.2991 (sec).
 3-Body A148-ASP 25, A150-LYD 27, A197-LYS 35:       0.00837788 at      2.054 Ang (1.123 Ang by residue) in 7.2197 (sec).
 3-Body A148-ASP 25, A150-LYD 27, A197-LYS 34:       0.00686949 at      2.057 Ang (1.123 Ang by residue) in 7.2654 (sec).
 3-Body A148-ASP 25, A150-LYD 27, A197-LYS 44:       0.00303407 at      2.073 Ang (1.123 Ang by residue) in 7.3936 (sec).
 3-Body A148-ASP 25, A150-LYD 27, A197-LYS 36:       0.01609994 at      1.884 Ang (1.123 Ang by residue) in 7.1924 (sec).
 3-Body A148-ASP 25, A150-LYD 27, A197-LYS 53:       0.00240069 at      2.174 Ang (1.123 Ang by residue) in 7.2120 (sec).
 3-Body A148-ASP 25, A150-LYD 27, A197-LYS 52:       0.00315797 at      2.000 Ang (1.123 Ang by residue) in 7.4625 (sec).
 3-Body A148-ASP 25, A150-LYD 27, A197-LYS 55:       0.00643164 at      2.019 Ang (1.123 Ang by residue) in 7.4155 (sec).
 3-Body A148-ASP 25, A150-LYD 27, A197-LYS 54:       0.00098815 at      2.177 Ang (1.123 Ang by residue) in 7.5126 (sec).
 3-Body A148-ASP 25, A150-LYD 28, A197-LYD 1 :      -0.00014198 at      2.284 Ang (1.123 Ang by residue) in 7.3807 (sec).
 3-Body A148-ASP 25, A150-LYD 28, A197-LYS 0 :       0.00130107 at      2.284 Ang (1.123 Ang by residue) in 7.2236 (sec).
 3-Body A148-ASP 25, A150-LYD 28, A197-LYD 8 :       0.00029110 at      2.171 Ang (1.123 Ang by residue) in 7.4093 (sec).
 3-Body A148-ASP 25, A150-LYD 28, A197-LYD 7 :       0.00017098 at      2.174 Ang (1.123 Ang by residue) in 7.3461 (sec).
 3-Body A148-ASP 25, A150-LYD 28, A197-LYD 25:       0.00031256 at      2.120 Ang (1.123 Ang by residue) in 7.1179 (sec).
 3-Body A148-ASP 25, A150-LYD 28, A197-LYD 9 :      -0.00007769 at      2.011 Ang (1.123 Ang by residue) in 7.1042 (sec).
 3-Body A148-ASP 25, A150-LYD 28, A197-LYD 27:       0.00006434 at      2.287 Ang (1.123 Ang by residue) in 7.1894 (sec).
 3-Body A148-ASP 25, A150-LYD 28, A197-LYD 26:      -0.00014163 at      2.284 Ang (1.123 Ang by residue) in 7.2854 (sec).
 3-Body A148-ASP 25, A150-LYD 28, A197-LYS 34:       0.00214270 at      2.174 Ang (1.123 Ang by residue) in 7.5086 (sec).
 3-Body A148-ASP 25, A150-LYD 28, A197-LYD 28:       0.00032913 at      2.138 Ang (1.123 Ang by residue) in 7.3577 (sec).
 3-Body A148-ASP 25, A150-LYD 28, A197-LYS 36:       0.00469644 at      2.011 Ang (1.123 Ang by residue) in 7.2807 (sec).
 3-Body A148-ASP 25, A150-LYD 28, A197-LYS 35:       0.00263936 at      2.171 Ang (1.123 Ang by residue) in 7.1906 (sec).
 3-Body A148-ASP 25, A150-LYD 28, A197-LYS 52:       0.00179528 at      2.120 Ang (1.123 Ang by residue) in 7.4632 (sec).
 3-Body A148-ASP 25, A150-LYD 28, A197-LYS 44:       0.00164334 at      2.189 Ang (1.123 Ang by residue) in 7.1563 (sec).
 3-Body A148-ASP 25, A150-LYD 28, A197-LYS 54:       0.00070930 at      2.287 Ang (1.123 Ang by residue) in 7.4560 (sec).
 3-Body A148-ASP 25, A150-LYD 28, A197-LYS 53:       0.00130119 at      2.284 Ang (1.123 Ang by residue) in 7.3393 (sec).
 3-Body A148-ASP 25, A150-LYS 30, A197-LYS 0 :      -0.00760272 at      2.125 Ang (1.123 Ang by residue) in 7.4550 (sec).
 3-Body A148-ASP 25, A150-LYD 28, A197-LYS 55:       0.00241486 at      2.138 Ang (1.123 Ang by residue) in 7.3319 (sec).
 3-Body A148-ASP 25, A150-LYS 30, A197-LYD 7 :      -0.00098545 at      2.060 Ang (1.123 Ang by residue) in 7.1695 (sec).
 3-Body A148-ASP 25, A150-LYS 30, A197-LYD 1 :      -0.00135567 at      2.125 Ang (1.123 Ang by residue) in 7.3456 (sec).
 3-Body A148-ASP 25, A150-LYS 30, A197-LYD 9 :      -0.00235414 at      1.883 Ang (1.123 Ang by residue) in 7.4148 (sec).
 3-Body A148-ASP 25, A150-LYS 30, A197-LYD 8 :      -0.00063979 at      2.055 Ang (1.123 Ang by residue) in 7.3244 (sec).
 3-Body A148-ASP 25, A150-LYS 30, A197-LYD 26:      -0.00135487 at      2.125 Ang (1.123 Ang by residue) in 7.2728 (sec).
 3-Body A148-ASP 25, A150-LYS 30, A197-LYD 25:      -0.00187467 at      1.954 Ang (1.123 Ang by residue) in 7.3004 (sec).
 3-Body A148-ASP 25, A150-LYS 30, A197-LYD 28:      -0.00138767 at      2.006 Ang (1.123 Ang by residue) in 7.3147 (sec).
 3-Body A148-ASP 25, A150-LYS 30, A197-LYD 27:      -0.00156586 at      2.129 Ang (1.123 Ang by residue) in 7.2133 (sec).
 3-Body A148-ASP 25, A150-LYS 30, A197-LYS 35:       0.00018232 at      2.055 Ang (1.123 Ang by residue) in 7.3364 (sec).
 3-Body A148-ASP 25, A150-LYS 30, A197-LYS 34:       0.00155125 at      2.060 Ang (1.123 Ang by residue) in 7.3905 (sec).
 3-Body A148-ASP 25, A150-LYS 30, A197-LYS 44:      -0.00700865 at      2.036 Ang (1.123 Ang by residue) in 7.2463 (sec).
 3-Body A148-ASP 25, A150-LYS 30, A197-LYS 36:       0.01008426 at      1.883 Ang (1.123 Ang by residue) in 7.2532 (sec).
 3-Body A148-ASP 25, A150-LYS 30, A197-LYS 53:      -0.00760187 at      2.125 Ang (1.123 Ang by residue) in 7.3985 (sec).
 3-Body A148-ASP 25, A150-LYS 30, A197-LYS 52:      -0.00851151 at      1.954 Ang (1.123 Ang by residue) in 7.3776 (sec).
 3-Body A148-ASP 25, A150-LYS 30, A197-LYS 55:      -0.00358809 at      2.006 Ang (1.123 Ang by residue) in 7.4346 (sec).
 3-Body A148-ASP 25, A150-LYS 30, A197-LYS 54:      -0.00651823 at      2.129 Ang (1.123 Ang by residue) in 7.1589 (sec).
 3-Body A148-ASP 25, A150-LYS 34, A197-LYD 1 :       0.00007577 at      2.344 Ang (1.123 Ang by residue) in 7.3162 (sec).
 3-Body A148-ASP 25, A150-LYS 34, A197-LYS 0 :       0.00034901 at      2.344 Ang (1.123 Ang by residue) in 6.9593 (sec).
 3-Body A148-ASP 25, A150-LYS 34, A197-LYD 8 :       0.00014724 at      2.305 Ang (1.123 Ang by residue) in 6.9843 (sec).
 3-Body A148-ASP 25, A150-LYS 34, A197-LYD 7 :       0.00012556 at      2.305 Ang (1.123 Ang by residue) in 6.9744 (sec).
 3-Body A148-ASP 25, A150-LYS 34, A197-LYD 25:       0.00013945 at      2.204 Ang (1.123 Ang by residue) in 6.8734 (sec).
 3-Body A148-ASP 25, A150-LYS 34, A197-LYD 9 :       0.00014355 at      2.177 Ang (1.123 Ang by residue) in 7.0633 (sec).
 3-Body A148-ASP 25, A150-LYS 34, A197-LYD 27:       0.00010817 at      2.345 Ang (1.123 Ang by residue) in 7.0568 (sec).
 3-Body A148-ASP 25, A150-LYS 34, A197-LYD 26:       0.00007584 at      2.344 Ang (1.123 Ang by residue) in 6.7921 (sec).
 3-Body A148-ASP 25, A150-LYS 34, A197-LYS 34:       0.00048385 at      2.305 Ang (1.123 Ang by residue) in 6.8358 (sec).
 3-Body A148-ASP 25, A150-LYS 34, A197-LYD 28:       0.00016169 at      2.270 Ang (1.123 Ang by residue) in 7.5821 (sec).
 3-Body A148-ASP 25, A150-LYS 34, A197-LYS 36:       0.00095403 at      2.177 Ang (1.123 Ang by residue) in 8.1806 (sec).
 3-Body A148-ASP 25, A150-LYS 34, A197-LYS 35:       0.00054826 at      2.305 Ang (1.123 Ang by residue) in 8.2851 (sec).
 3-Body A148-ASP 25, A150-LYS 34, A197-LYS 52:       0.00054789 at      2.204 Ang (1.123 Ang by residue) in 7.7228 (sec).
 3-Body A148-ASP 25, A150-LYS 34, A197-LYS 44:       0.00045536 at      2.278 Ang (1.123 Ang by residue) in 6.6691 (sec).
 3-Body A148-ASP 25, A150-LYS 34, A197-LYS 54:       0.00024869 at      2.345 Ang (1.123 Ang by residue) in 6.9432 (sec).
 3-Body A148-ASP 25, A150-LYS 34, A197-LYS 53:       0.00034904 at      2.344 Ang (1.123 Ang by residue) in 6.8036 (sec).
 3-Body A148-ASP 25, A150-LYS 35, A197-LYS 0 :       0.00035001 at      2.344 Ang (1.123 Ang by residue) in 7.0084 (sec).
 3-Body A148-ASP 25, A150-LYS 34, A197-LYS 55:       0.00052743 at      2.270 Ang (1.123 Ang by residue) in 7.0163 (sec).
 3-Body A148-ASP 25, A150-LYS 35, A197-LYD 7 :       0.00013093 at      2.305 Ang (1.123 Ang by residue) in 6.8341 (sec).
 3-Body A148-ASP 25, A150-LYS 35, A197-LYD 1 :       0.00008383 at      2.344 Ang (1.123 Ang by residue) in 7.2430 (sec).
 3-Body A148-ASP 25, A150-LYS 35, A197-LYD 9 :       0.00015866 at      2.177 Ang (1.123 Ang by residue) in 7.0351 (sec).
 3-Body A148-ASP 25, A150-LYS 35, A197-LYD 8 :       0.00015549 at      2.305 Ang (1.123 Ang by residue) in 6.8818 (sec).
 3-Body A148-ASP 25, A150-LYS 35, A197-LYD 26:       0.00008390 at      2.344 Ang (1.123 Ang by residue) in 6.8714 (sec).
 3-Body A148-ASP 25, A150-LYS 35, A197-LYD 25:       0.00015026 at      2.204 Ang (1.123 Ang by residue) in 6.9448 (sec).
 3-Body A148-ASP 25, A150-LYS 35, A197-LYD 28:       0.00017054 at      2.270 Ang (1.123 Ang by residue) in 7.0397 (sec).
 3-Body A148-ASP 25, A150-LYS 35, A197-LYD 27:       0.00011495 at      2.345 Ang (1.123 Ang by residue) in 6.8613 (sec).
 3-Body A148-ASP 25, A150-LYS 35, A197-LYS 35:       0.00055726 at      2.305 Ang (1.123 Ang by residue) in 6.7654 (sec).
 3-Body A148-ASP 25, A150-LYS 35, A197-LYS 34:       0.00049854 at      2.305 Ang (1.123 Ang by residue) in 6.8327 (sec).
 3-Body A148-ASP 25, A150-LYS 35, A197-LYS 44:       0.00046011 at      2.278 Ang (1.123 Ang by residue) in 6.9748 (sec).
 3-Body A148-ASP 25, A150-LYS 35, A197-LYS 36:       0.00098455 at      2.177 Ang (1.123 Ang by residue) in 6.9044 (sec).
 3-Body A148-ASP 25, A150-LYS 35, A197-LYS 53:       0.00035004 at      2.344 Ang (1.123 Ang by residue) in 6.9966 (sec).
 3-Body A148-ASP 25, A150-LYS 35, A197-LYS 52:       0.00055490 at      2.204 Ang (1.123 Ang by residue) in 7.0177 (sec).
 3-Body A148-ASP 25, A150-LYS 35, A197-LYS 55:       0.00053253 at      2.270 Ang (1.123 Ang by residue) in 6.9795 (sec).
 3-Body A148-ASP 25, A150-LYS 35, A197-LYS 54:       0.00025179 at      2.345 Ang (1.123 Ang by residue) in 7.0450 (sec).
 3-Body A148-ASP 25, A150-LYS 36, A197-LYD 1 :       0.00012495 at      2.330 Ang (1.123 Ang by residue) in 6.9099 (sec).
 3-Body A148-ASP 25, A150-LYS 36, A197-LYS 0 :       0.00036489 at      2.330 Ang (1.123 Ang by residue) in 6.8068 (sec).
 3-Body A148-ASP 25, A150-LYS 36, A197-LYD 8 :       0.00017661 at      2.305 Ang (1.123 Ang by residue) in 6.9440 (sec).
 3-Body A148-ASP 25, A150-LYS 36, A197-LYD 7 :       0.00015334 at      2.305 Ang (1.123 Ang by residue) in 6.7913 (sec).
 3-Body A148-ASP 25, A150-LYS 36, A197-LYD 25:       0.00021849 at      2.174 Ang (1.123 Ang by residue) in 7.0649 (sec).
 3-Body A148-ASP 25, A150-LYS 36, A197-LYD 9 :       0.00018619 at      2.177 Ang (1.123 Ang by residue) in 6.9013 (sec).
 3-Body A148-ASP 25, A150-LYS 36, A197-LYD 27:       0.00015444 at      2.330 Ang (1.123 Ang by residue) in 6.9280 (sec).
 3-Body A148-ASP 25, A150-LYS 36, A197-LYD 26:       0.00012501 at      2.330 Ang (1.123 Ang by residue) in 6.9768 (sec).
 3-Body A148-ASP 25, A150-LYS 36, A197-LYS 34:       0.00049509 at      2.305 Ang (1.123 Ang by residue) in 6.8166 (sec).
 3-Body A148-ASP 25, A150-LYS 36, A197-LYD 28:       0.00020493 at      2.270 Ang (1.123 Ang by residue) in 6.9545 (sec).
 3-Body A148-ASP 25, A150-LYS 36, A197-LYS 36:       0.00095041 at      2.177 Ang (1.123 Ang by residue) in 7.0687 (sec).
 3-Body A148-ASP 25, A150-LYS 36, A197-LYS 35:       0.00055166 at      2.305 Ang (1.123 Ang by residue) in 6.9226 (sec).
 3-Body A148-ASP 25, A150-LYS 36, A197-LYS 52:       0.00061983 at      2.174 Ang (1.123 Ang by residue) in 6.9446 (sec).
 3-Body A148-ASP 25, A150-LYS 36, A197-LYS 44:       0.00048745 at      2.278 Ang (1.123 Ang by residue) in 6.9591 (sec).
 3-Body A148-ASP 25, A150-LYS 36, A197-LYS 54:       0.00026190 at      2.330 Ang (1.123 Ang by residue) in 6.9241 (sec).
 3-Body A148-ASP 25, A150-LYS 36, A197-LYS 53:       0.00036491 at      2.330 Ang (1.123 Ang by residue) in 6.9184 (sec).
 3-Body A148-ASP 25, A150-LYS 46, A197-LYS 0 :      -0.00050664 at      2.033 Ang (1.123 Ang by residue) in 6.8376 (sec).
 3-Body A148-ASP 25, A150-LYS 36, A197-LYS 55:       0.00054073 at      2.270 Ang (1.123 Ang by residue) in 7.0104 (sec).
 3-Body A148-ASP 25, A150-LYS 46, A197-LYD 7 :       0.00032688 at      2.032 Ang (1.123 Ang by residue) in 6.9495 (sec).
 3-Body A148-ASP 25, A150-LYS 46, A197-LYD 1 :      -0.00013741 at      2.033 Ang (1.123 Ang by residue) in 6.8428 (sec).
 3-Body A148-ASP 25, A150-LYS 46, A197-LYD 9 :      -0.00063054 at      1.897 Ang (1.123 Ang by residue) in 6.8004 (sec).
 3-Body A148-ASP 25, A150-LYS 46, A197-LYD 8 :       0.00050835 at      2.032 Ang (1.123 Ang by residue) in 6.8465 (sec).
 3-Body A148-ASP 25, A150-LYS 46, A197-LYD 26:      -0.00013707 at      2.033 Ang (1.123 Ang by residue) in 7.2068 (sec).
 3-Body A148-ASP 25, A150-LYS 46, A197-LYD 25:      -0.00041654 at      1.873 Ang (1.123 Ang by residue) in 7.2018 (sec).
 3-Body A148-ASP 25, A150-LYS 46, A197-LYD 28:       0.00062465 at      1.949 Ang (1.123 Ang by residue) in 6.8613 (sec).
 3-Body A148-ASP 25, A150-LYS 46, A197-LYD 27:       0.00007584 at      2.035 Ang (1.123 Ang by residue) in 6.9944 (sec).
 3-Body A148-ASP 25, A150-LYS 46, A197-LYS 35:       0.00290749 at      2.032 Ang (1.123 Ang by residue) in 7.0665 (sec).
 3-Body A148-ASP 25, A150-LYS 46, A197-LYS 34:       0.00237709 at      2.032 Ang (1.123 Ang by residue) in 6.8861 (sec).
 3-Body A148-ASP 25, A150-LYS 46, A197-LYS 44:      -0.00167457 at      1.949 Ang (1.123 Ang by residue) in 6.9445 (sec).
 3-Body A148-ASP 25, A150-LYS 46, A197-LYS 36:       0.00604077 at      1.897 Ang (1.123 Ang by residue) in 6.8466 (sec).
 3-Body A148-ASP 25, A150-LYS 46, A197-LYS 53:      -0.00050658 at      2.033 Ang (1.123 Ang by residue) in 6.9813 (sec).
 3-Body A148-ASP 25, A150-LYS 46, A197-LYS 52:      -0.00542684 at      1.873 Ang (1.123 Ang by residue) in 7.0776 (sec).
 3-Body A148-ASP 25, A150-LYS 46, A197-LYS 55:       0.00201348 at      1.949 Ang (1.123 Ang by residue) in 6.8709 (sec).
 3-Body A148-ASP 25, A150-LYS 46, A197-LYS 54:      -0.00138101 at      2.035 Ang (1.123 Ang by residue) in 6.9057 (sec).
 3-Body A148-ASP 25, A150-LYS 47, A197-LYD 1 :      -0.00412117 at      2.038 Ang (1.123 Ang by residue) in 6.8288 (sec).
 3-Body A148-ASP 25, A150-LYS 47, A197-LYS 0 :      -0.02800037 at      2.038 Ang (1.123 Ang by residue) in 6.9462 (sec).
 3-Body A148-ASP 25, A150-LYS 47, A197-LYD 8 :      -0.00663046 at      1.863 Ang (1.123 Ang by residue) in 6.8387 (sec).
 3-Body A148-ASP 25, A150-LYS 47, A197-LYD 7 :      -0.00601481 at      1.867 Ang (1.123 Ang by residue) in 6.9383 (sec).
 3-Body A148-ASP 25, A150-LYS 47, A197-LYD 25:      -0.00971148 at      1.835 Ang (1.123 Ang by residue) in 7.0199 (sec).
 3-Body A148-ASP 25, A150-LYS 47, A197-LYD 9 :      -0.01171444 at      1.698 Ang (1.123 Ang by residue) in 7.1150 (sec).
 3-Body A148-ASP 25, A150-LYS 47, A197-LYD 27:      -0.00584468 at      2.043 Ang (1.123 Ang by residue) in 7.0687 (sec).
 3-Body A148-ASP 25, A150-LYS 47, A197-LYD 26:      -0.00412068 at      2.038 Ang (1.123 Ang by residue) in 6.9959 (sec).
 3-Body A148-ASP 25, A150-LYS 47, A197-LYS 34:      -0.01365239 at      1.867 Ang (1.123 Ang by residue) in 6.9908 (sec).
 3-Body A148-ASP 25, A150-LYS 47, A197-LYD 28:      -0.00847952 at      1.867 Ang (1.123 Ang by residue) in 6.9548 (sec).
 3-Body A148-ASP 25, A150-LYS 47, A197-LYS 36:      -0.00989006 at      1.698 Ang (1.123 Ang by residue) in 6.9676 (sec).
 3-Body A148-ASP 25, A150-LYS 47, A197-LYS 35:      -0.01764819 at      1.863 Ang (1.123 Ang by residue) in 6.9102 (sec).
 3-Body A148-ASP 25, A150-LYS 47, A197-LYS 52:      -0.04460769 at      1.835 Ang (1.123 Ang by residue) in 7.1767 (sec).
 3-Body A148-ASP 25, A150-LYS 47, A197-LYS 44:      -0.03427700 at      1.930 Ang (1.123 Ang by residue) in 7.3144 (sec).
 3-Body A148-ASP 25, A150-LYS 47, A197-LYS 54:      -0.02368930 at      2.043 Ang (1.123 Ang by residue) in 7.0214 (sec).
 3-Body A148-ASP 25, A150-LYS 47, A197-LYS 53:      -0.02799799 at      2.038 Ang (1.123 Ang by residue) in 7.1024 (sec).
 3-Body A148-ASP 25, A150-LYS 48, A197-LYS 0 :      -0.01596820 at      2.010 Ang (1.123 Ang by residue) in 6.8999 (sec).
 3-Body A148-ASP 25, A150-LYS 47, A197-LYS 55:      -0.02823902 at      1.867 Ang (1.123 Ang by residue) in 6.8756 (sec).
 3-Body A148-ASP 25, A150-LYS 48, A197-LYD 7 :      -0.00237238 at      1.855 Ang (1.123 Ang by residue) in 7.1488 (sec).
 3-Body A148-ASP 25, A150-LYS 48, A197-LYD 1 :      -0.00288748 at      2.010 Ang (1.123 Ang by residue) in 7.1901 (sec).
 3-Body A148-ASP 25, A150-LYS 48, A197-LYD 9 :      -0.00827673 at      1.639 Ang (1.123 Ang by residue) in 6.9041 (sec).
 3-Body A148-ASP 25, A150-LYS 48, A197-LYD 8 :      -0.00239332 at      1.849 Ang (1.123 Ang by residue) in 6.8916 (sec).
 3-Body A148-ASP 25, A150-LYS 48, A197-LYD 26:      -0.00288712 at      2.010 Ang (1.123 Ang by residue) in 6.9322 (sec).
 3-Body A148-ASP 25, A150-LYS 48, A197-LYD 25:      -0.01517811 at      1.799 Ang (1.123 Ang by residue) in 6.9298 (sec).
 3-Body A148-ASP 25, A150-LYS 48, A197-LYD 28:      -0.00561416 at      1.803 Ang (1.123 Ang by residue) in 6.8975 (sec).
 3-Body A148-ASP 25, A150-LYS 48, A197-LYD 27:      -0.00343879 at      2.016 Ang (1.123 Ang by residue) in 7.0367 (sec).
 3-Body A148-ASP 25, A150-LYS 48, A197-LYS 35:      -0.00317052 at      1.849 Ang (1.123 Ang by residue) in 6.9008 (sec).
 3-Body A148-ASP 25, A150-LYS 48, A197-LYS 34:      -0.00165650 at      1.855 Ang (1.123 Ang by residue) in 7.0468 (sec).
 3-Body A148-ASP 25, A150-LYS 48, A197-LYS 44:      -0.02418343 at      1.888 Ang (1.123 Ang by residue) in 6.9089 (sec).
 3-Body A148-ASP 25, A150-LYS 48, A197-LYS 36:      -0.00078189 at      1.639 Ang (1.123 Ang by residue) in 7.3167 (sec).
 3-Body A148-ASP 25, A150-LYS 48, A197-LYS 53:      -0.01596571 at      2.010 Ang (1.123 Ang by residue) in 7.1543 (sec).
 3-Body A148-ASP 25, A150-LYS 48, A197-LYS 52:      -0.04176508 at      1.799 Ang (1.123 Ang by residue) in 6.9791 (sec).
 3-Body A148-ASP 25, A150-LYS 48, A197-LYS 55:      -0.01386404 at      1.803 Ang (1.123 Ang by residue) in 6.9770 (sec).
 3-Body A148-ASP 25, A150-LYS 48, A197-LYS 54:      -0.01341373 at      2.016 Ang (1.123 Ang by residue) in 6.8991 (sec).
 3-Body A148-ASP 25, A150-LYS 49, A197-LYD 1 :      -0.00147619 at      2.074 Ang (1.123 Ang by residue) in 6.9068 (sec).
 3-Body A148-ASP 25, A150-LYS 49, A197-LYS 0 :      -0.01325649 at      2.074 Ang (1.123 Ang by residue) in 6.7442 (sec).
 3-Body A148-ASP 25, A150-LYS 49, A197-LYD 8 :      -0.00117737 at      1.935 Ang (1.123 Ang by residue) in 7.0054 (sec).
 3-Body A148-ASP 25, A150-LYS 49, A197-LYD 7 :      -0.00125443 at      1.942 Ang (1.123 Ang by residue) in 7.0474 (sec).
 3-Body A148-ASP 25, A150-LYS 49, A197-LYD 25:      -0.00736045 at      1.874 Ang (1.123 Ang by residue) in 6.8224 (sec).
 3-Body A148-ASP 25, A150-LYS 49, A197-LYD 9 :      -0.00154920 at      1.740 Ang (1.123 Ang by residue) in 7.0676 (sec).
 3-Body A148-ASP 25, A150-LYS 49, A197-LYD 27:      -0.00231720 at      2.080 Ang (1.123 Ang by residue) in 6.7709 (sec).
 3-Body A148-ASP 25, A150-LYS 49, A197-LYD 26:      -0.00147629 at      2.074 Ang (1.123 Ang by residue) in 6.8662 (sec).
 3-Body A148-ASP 25, A150-LYS 49, A197-LYS 34:       0.00119915 at      1.942 Ang (1.123 Ang by residue) in 7.2515 (sec).
 3-Body A148-ASP 25, A150-LYS 49, A197-LYD 28:      -0.00295033 at      1.899 Ang (1.123 Ang by residue) in 7.0318 (sec).
 3-Body A148-ASP 25, A150-LYS 49, A197-LYS 36:       0.00159925 at      1.740 Ang (1.123 Ang by residue) in 7.1204 (sec).
 3-Body A148-ASP 25, A150-LYS 49, A197-LYS 35:      -0.00087303 at      1.935 Ang (1.123 Ang by residue) in 7.0178 (sec).
 3-Body A148-ASP 25, A150-LYS 49, A197-LYS 52:      -0.03338668 at      1.874 Ang (1.123 Ang by residue) in 6.9611 (sec).
 3-Body A148-ASP 25, A150-LYS 49, A197-LYS 44:      -0.02062230 at      1.966 Ang (1.123 Ang by residue) in 7.1427 (sec).
 3-Body A148-ASP 25, A150-LYS 49, A197-LYS 54:      -0.01105405 at      2.080 Ang (1.123 Ang by residue) in 6.8082 (sec).
 3-Body A148-ASP 25, A150-LYS 49, A197-LYS 53:      -0.01325446 at      2.074 Ang (1.123 Ang by residue) in 6.9032 (sec).
 3-Body A148-ASP 25, A150-LYS 52, A197-LYS 0 :      -0.00142149 at      2.231 Ang (1.123 Ang by residue) in 6.9321 (sec).
 3-Body A148-ASP 25, A150-LYS 49, A197-LYS 55:      -0.01042335 at      1.899 Ang (1.123 Ang by residue) in 7.0582 (sec).
 3-Body A148-ASP 25, A150-LYS 52, A197-LYD 7 :       0.00018462 at      2.099 Ang (1.123 Ang by residue) in 6.8889 (sec).
 3-Body A148-ASP 25, A150-LYS 52, A197-LYD 1 :      -0.00069547 at      2.231 Ang (1.123 Ang by residue) in 6.9059 (sec).
 3-Body A148-ASP 25, A150-LYS 52, A197-LYD 9 :      -0.00016555 at      1.920 Ang (1.123 Ang by residue) in 7.0042 (sec).
 3-Body A148-ASP 25, A150-LYS 52, A197-LYD 8 :       0.00073503 at      2.094 Ang (1.123 Ang by residue) in 7.8825 (sec).
 3-Body A148-ASP 25, A150-LYS 52, A197-LYD 26:      -0.00069437 at      2.231 Ang (1.123 Ang by residue) in 8.5684 (sec).
 3-Body A148-ASP 25, A150-LYS 52, A197-LYD 25:       0.00069424 at      2.050 Ang (1.123 Ang by residue) in 8.7406 (sec).
 3-Body A148-ASP 25, A150-LYS 52, A197-LYD 28:       0.00041337 at      2.074 Ang (1.123 Ang by residue) in 8.4597 (sec).
 3-Body A148-ASP 25, A150-LYS 52, A197-LYD 27:      -0.00047453 at      2.235 Ang (1.123 Ang by residue) in 8.5700 (sec).
 3-Body A148-ASP 25, A150-LYS 52, A197-LYS 35:       0.00607869 at      2.094 Ang (1.123 Ang by residue) in 8.5090 (sec).
 3-Body A148-ASP 25, A150-LYS 52, A197-LYS 34:       0.00584393 at      2.099 Ang (1.123 Ang by residue) in 8.5183 (sec).
 3-Body A148-ASP 25, A150-LYS 52, A197-LYS 44:       0.00028730 at      2.133 Ang (1.123 Ang by residue) in 8.6260 (sec).
 3-Body A148-ASP 25, A150-LYS 52, A197-LYS 36:       0.01638941 at      1.920 Ang (1.123 Ang by residue) in 8.5339 (sec).
 3-Body A148-ASP 25, A150-LYS 52, A197-LYS 53:      -0.00142107 at      2.231 Ang (1.123 Ang by residue) in 8.7770 (sec).
 3-Body A148-ASP 25, A150-LYS 52, A197-LYS 52:       0.00122925 at      2.050 Ang (1.123 Ang by residue) in 8.3411 (sec).
 3-Body A148-ASP 25, A150-LYS 52, A197-LYS 55:       0.00341073 at      2.074 Ang (1.123 Ang by residue) in 8.4238 (sec).
 3-Body A148-ASP 25, A150-LYS 52, A197-LYS 54:      -0.00201557 at      2.235 Ang (1.123 Ang by residue) in 8.5677 (sec).
 3-Body A148-ASP 25, A150-LYS 53, A197-LYD 1 :      -0.00022164 at      2.244 Ang (1.123 Ang by residue) in 7.2674 (sec).
 3-Body A148-ASP 25, A150-LYS 53, A197-LYS 0 :       0.00180488 at      2.244 Ang (1.123 Ang by residue) in 7.2867 (sec).
 3-Body A148-ASP 25, A150-LYS 53, A197-LYD 8 :       0.00113065 at      2.128 Ang (1.123 Ang by residue) in 6.8458 (sec).
 3-Body A148-ASP 25, A150-LYS 53, A197-LYD 7 :       0.00070761 at      2.132 Ang (1.123 Ang by residue) in 6.9690 (sec).
 3-Body A148-ASP 25, A150-LYS 53, A197-LYD 25:       0.00057302 at      2.076 Ang (1.123 Ang by residue) in 6.8422 (sec).
 3-Body A148-ASP 25, A150-LYS 53, A197-LYD 9 :       0.00117894 at      1.965 Ang (1.123 Ang by residue) in 7.3302 (sec).
 3-Body A148-ASP 25, A150-LYS 53, A197-LYD 27:       0.00013508 at      2.247 Ang (1.123 Ang by residue) in 6.9140 (sec).
 3-Body A148-ASP 25, A150-LYS 53, A197-LYD 26:      -0.00022098 at      2.244 Ang (1.123 Ang by residue) in 6.8700 (sec).
 3-Body A148-ASP 25, A150-LYS 53, A197-LYS 34:       0.00630883 at      2.132 Ang (1.123 Ang by residue) in 7.0792 (sec).
 3-Body A148-ASP 25, A150-LYS 53, A197-LYD 28:       0.00086897 at      2.095 Ang (1.123 Ang by residue) in 6.8332 (sec).
 3-Body A148-ASP 25, A150-LYS 53, A197-LYS 36:       0.01355142 at      1.965 Ang (1.123 Ang by residue) in 6.7816 (sec).
 3-Body A148-ASP 25, A150-LYS 53, A197-LYS 35:       0.00709417 at      2.128 Ang (1.123 Ang by residue) in 6.8578 (sec).
 3-Body A148-ASP 25, A150-LYS 53, A197-LYS 52:       0.00201656 at      2.076 Ang (1.123 Ang by residue) in 6.9121 (sec).
 3-Body A148-ASP 25, A150-LYS 53, A197-LYS 44:       0.00217525 at      2.147 Ang (1.123 Ang by residue) in 7.2341 (sec).
 3-Body A148-ASP 25, A150-LYS 53, A197-LYS 54:       0.00086579 at      2.247 Ang (1.123 Ang by residue) in 7.0866 (sec).
 3-Body A148-ASP 25, A150-LYS 53, A197-LYS 53:       0.00180516 at      2.244 Ang (1.123 Ang by residue) in 7.2781 (sec).
 3-Body A148-ASP 25, A150-LYS 54, A197-LYS 0 :       0.00417122 at      2.174 Ang (1.123 Ang by residue) in 6.9730 (sec).
 3-Body A148-ASP 25, A150-LYS 53, A197-LYS 55:       0.00505502 at      2.095 Ang (1.123 Ang by residue) in 6.8789 (sec).
 3-Body A148-ASP 25, A150-LYS 54, A197-LYD 7 :       0.00158591 at      2.057 Ang (1.123 Ang by residue) in 6.8755 (sec).
 3-Body A148-ASP 25, A150-LYS 54, A197-LYD 1 :      -0.00100502 at      2.174 Ang (1.123 Ang by residue) in 7.1732 (sec).
 3-Body A148-ASP 25, A150-LYS 54, A197-LYD 9 :       0.00338540 at      1.884 Ang (1.123 Ang by residue) in 6.9036 (sec).
 3-Body A148-ASP 25, A150-LYS 54, A197-LYD 8 :       0.00264163 at      2.054 Ang (1.123 Ang by residue) in 6.8420 (sec).
 3-Body A148-ASP 25, A150-LYS 54, A197-LYD 26:      -0.00100331 at      2.174 Ang (1.123 Ang by residue) in 6.9433 (sec).
 3-Body A148-ASP 25, A150-LYS 54, A197-LYD 25:       0.00068020 at      2.000 Ang (1.123 Ang by residue) in 6.9312 (sec).
 3-Body A148-ASP 25, A150-LYS 54, A197-LYD 28:       0.00162329 at      2.019 Ang (1.123 Ang by residue) in 7.0184 (sec).
 3-Body A148-ASP 25, A150-LYS 54, A197-LYD 27:      -0.00007474 at      2.177 Ang (1.123 Ang by residue) in 6.9607 (sec).
 3-Body A148-ASP 25, A150-LYS 54, A197-LYS 35:       0.02002114 at      2.054 Ang (1.123 Ang by residue) in 6.9619 (sec).
 3-Body A148-ASP 25, A150-LYS 54, A197-LYS 34:       0.01854610 at      2.057 Ang (1.123 Ang by residue) in 6.8600 (sec).
 3-Body A148-ASP 25, A150-LYS 54, A197-LYS 44:       0.00472205 at      2.073 Ang (1.123 Ang by residue) in 7.0111 (sec).
 3-Body A148-ASP 25, A150-LYS 54, A197-LYS 36:       0.04085511 at      1.884 Ang (1.123 Ang by residue) in 6.8954 (sec).
 3-Body A148-ASP 25, A150-LYS 54, A197-LYS 53:       0.00417211 at      2.174 Ang (1.123 Ang by residue) in 7.0192 (sec).
 3-Body A148-ASP 25, A150-LYS 54, A197-LYS 52:       0.00405198 at      2.000 Ang (1.123 Ang by residue) in 7.2544 (sec).
 3-Body A148-ASP 25, A150-LYS 54, A197-LYS 55:       0.01301071 at      2.019 Ang (1.123 Ang by residue) in 7.1534 (sec).
 3-Body A148-ASP 25, A150-LYS 54, A197-LYS 54:       0.00193816 at      2.177 Ang (1.123 Ang by residue) in 6.9252 (sec).
 3-Body A148-ASP 25, A150-LYS 55, A197-LYD 1 :       0.00001445 at      2.284 Ang (1.123 Ang by residue) in 7.1532 (sec).
 3-Body A148-ASP 25, A150-LYS 55, A197-LYS 0 :       0.00140501 at      2.284 Ang (1.123 Ang by residue) in 6.9839 (sec).
 3-Body A148-ASP 25, A150-LYS 55, A197-LYD 8 :       0.00050860 at      2.171 Ang (1.123 Ang by residue) in 7.0723 (sec).
 3-Body A148-ASP 25, A150-LYS 55, A197-LYD 7 :       0.00035878 at      2.174 Ang (1.123 Ang by residue) in 6.9691 (sec).
 3-Body A148-ASP 25, A150-LYS 55, A197-LYD 25:       0.00053730 at      2.120 Ang (1.123 Ang by residue) in 7.0015 (sec).
 3-Body A148-ASP 25, A150-LYS 55, A197-LYD 9 :       0.00027074 at      2.011 Ang (1.123 Ang by residue) in 6.9360 (sec).
 3-Body A148-ASP 25, A150-LYS 55, A197-LYD 27:       0.00020993 at      2.287 Ang (1.123 Ang by residue) in 7.0013 (sec).
 3-Body A148-ASP 25, A150-LYS 55, A197-LYD 26:       0.00001477 at      2.284 Ang (1.123 Ang by residue) in 6.8160 (sec).
 3-Body A148-ASP 25, A150-LYS 55, A197-LYS 34:       0.00252869 at      2.174 Ang (1.123 Ang by residue) in 8.2848 (sec).
 3-Body A148-ASP 25, A150-LYS 55, A197-LYD 28:       0.00053043 at      2.138 Ang (1.123 Ang by residue) in 8.3182 (sec).
 3-Body A148-ASP 25, A150-LYS 55, A197-LYS 36:       0.00527134 at      2.011 Ang (1.123 Ang by residue) in 8.5903 (sec).
 3-Body A148-ASP 25, A150-LYS 55, A197-LYS 35:       0.00298169 at      2.171 Ang (1.123 Ang by residue) in 8.8934 (sec).
 3-Body A148-ASP 25, A150-LYS 55, A197-LYS 52:       0.00180586 at      2.120 Ang (1.123 Ang by residue) in 8.3597 (sec).
 3-Body A148-ASP 25, A150-LYS 55, A197-LYS 44:       0.00170890 at      2.189 Ang (1.123 Ang by residue) in 8.7932 (sec).
 3-Body A148-ASP 25, A150-LYS 55, A197-LYS 54:       0.00081423 at      2.287 Ang (1.123 Ang by residue) in 8.2499 (sec).
 3-Body A148-ASP 25, A150-LYS 55, A197-LYS 53:       0.00140511 at      2.284 Ang (1.123 Ang by residue) in 8.0226 (sec).
 3-Body A148-ASP 26, A150-LYS 0 , A197-LYS 0 :      -0.00005680 at      2.257 Ang (1.123 Ang by residue) in 8.0471 (sec).
 3-Body A148-ASP 25, A150-LYS 55, A197-LYS 55:       0.00263505 at      2.138 Ang (1.123 Ang by residue) in 8.1274 (sec).
 3-Body A148-ASP 26, A150-LYS 0 , A197-LYD 7 :       0.00021767 at      2.086 Ang (1.123 Ang by residue) in 7.9642 (sec).
 3-Body A148-ASP 26, A150-LYS 0 , A197-LYD 1 :       0.00022142 at      2.257 Ang (1.123 Ang by residue) in 7.8347 (sec).
 3-Body A148-ASP 26, A150-LYS 0 , A197-LYD 9 :       0.00035921 at      1.915 Ang (1.123 Ang by residue) in 7.1866 (sec).
 3-Body A148-ASP 26, A150-LYS 0 , A197-LYD 8 :       0.00024921 at      2.082 Ang (1.123 Ang by residue) in 7.1254 (sec).
 3-Body A148-ASP 26, A150-LYS 0 , A197-LYD 26:       0.00022142 at      2.257 Ang (1.123 Ang by residue) in 7.0365 (sec).
 3-Body A148-ASP 26, A150-LYS 0 , A197-LYD 25:       0.00038266 at      2.132 Ang (1.123 Ang by residue) in 7.3177 (sec).
 3-Body A148-ASP 26, A150-LYS 0 , A197-LYD 28:       0.00028793 at      2.131 Ang (1.123 Ang by residue) in 7.1065 (sec).
 3-Body A148-ASP 26, A150-LYS 0 , A197-LYD 27:       0.00017749 at      2.261 Ang (1.123 Ang by residue) in 7.2341 (sec).
 3-Body A148-ASP 26, A150-LYS 0 , A197-LYS 35:       0.00008143 at      2.082 Ang (1.123 Ang by residue) in 7.0841 (sec).
 3-Body A148-ASP 26, A150-LYS 0 , A197-LYS 34:       0.00020482 at      2.086 Ang (1.123 Ang by residue) in 7.0824 (sec).
 3-Body A148-ASP 26, A150-LYS 0 , A197-LYS 44:       0.00006095 at      2.205 Ang (1.123 Ang by residue) in 7.0869 (sec).
 3-Body A148-ASP 26, A150-LYS 0 , A197-LYS 36:       0.00032129 at      1.915 Ang (1.123 Ang by residue) in 7.1847 (sec).
 3-Body A148-ASP 26, A150-LYS 0 , A197-LYS 53:      -0.00005681 at      2.257 Ang (1.123 Ang by residue) in 7.1242 (sec).
 3-Body A148-ASP 26, A150-LYS 0 , A197-LYS 52:       0.00019142 at      2.132 Ang (1.123 Ang by residue) in 7.2813 (sec).
 3-Body A148-ASP 26, A150-LYS 0 , A197-LYS 55:       0.00008357 at      2.131 Ang (1.123 Ang by residue) in 7.1565 (sec).
 3-Body A148-ASP 26, A150-LYS 0 , A197-LYS 54:      -0.00003855 at      2.261 Ang (1.123 Ang by residue) in 6.8546 (sec).
 3-Body A148-ASP 26, A150-LYD 1 , A197-LYD 1 :       0.00002496 at      2.257 Ang (1.123 Ang by residue) in 6.7777 (sec).
 3-Body A148-ASP 26, A150-LYD 1 , A197-LYS 0 :       0.00000426 at      2.257 Ang (1.123 Ang by residue) in 6.8123 (sec).
 3-Body A148-ASP 26, A150-LYD 1 , A197-LYD 8 :       0.00005632 at      2.082 Ang (1.123 Ang by residue) in 7.0022 (sec).
 3-Body A148-ASP 26, A150-LYD 1 , A197-LYD 7 :       0.00004659 at      2.086 Ang (1.123 Ang by residue) in 6.9510 (sec).
 3-Body A148-ASP 26, A150-LYD 1 , A197-LYD 25:       0.00006445 at      2.132 Ang (1.123 Ang by residue) in 6.9430 (sec).
 3-Body A148-ASP 26, A150-LYD 1 , A197-LYD 9 :       0.00001540 at      1.915 Ang (1.123 Ang by residue) in 7.0927 (sec).
 3-Body A148-ASP 26, A150-LYD 1 , A197-LYD 27:       0.00002332 at      2.261 Ang (1.123 Ang by residue) in 7.2242 (sec).
 3-Body A148-ASP 26, A150-LYD 1 , A197-LYD 26:       0.00002495 at      2.257 Ang (1.123 Ang by residue) in 8.3168 (sec).
 3-Body A148-ASP 26, A150-LYD 1 , A197-LYS 34:       0.00007350 at      2.086 Ang (1.123 Ang by residue) in 8.3727 (sec).
 3-Body A148-ASP 26, A150-LYD 1 , A197-LYD 28:       0.00005960 at      2.131 Ang (1.123 Ang by residue) in 8.1017 (sec).
 3-Body A148-ASP 26, A150-LYD 1 , A197-LYS 36:       0.00020114 at      1.915 Ang (1.123 Ang by residue) in 8.1408 (sec).
 3-Body A148-ASP 26, A150-LYD 1 , A197-LYS 35:       0.00005933 at      2.082 Ang (1.123 Ang by residue) in 9.1384 (sec).
 3-Body A148-ASP 26, A150-LYD 1 , A197-LYS 52:      -0.00005476 at      2.132 Ang (1.123 Ang by residue) in 8.8818 (sec).
 3-Body A148-ASP 26, A150-LYD 1 , A197-LYS 44:      -0.00000669 at      2.205 Ang (1.123 Ang by residue) in 8.7703 (sec).
 3-Body A148-ASP 26, A150-LYD 1 , A197-LYS 54:      -0.00000011 at      2.261 Ang (1.123 Ang by residue) in 8.6345 (sec).
 3-Body A148-ASP 26, A150-LYD 1 , A197-LYS 53:       0.00000425 at      2.257 Ang (1.123 Ang by residue) in 8.9023 (sec).
 3-Body A148-ASP 26, A150-LYD 8 , A197-LYS 0 :       0.00005647 at      2.407 Ang (1.123 Ang by residue) in 8.7454 (sec).
 3-Body A148-ASP 26, A150-LYD 1 , A197-LYS 55:       0.00007272 at      2.131 Ang (1.123 Ang by residue) in 8.8106 (sec).
 3-Body A148-ASP 26, A150-LYD 8 , A197-LYD 7 :       0.00001276 at      2.322 Ang (1.123 Ang by residue) in 8.7315 (sec).
 3-Body A148-ASP 26, A150-LYD 8 , A197-LYD 1 :       0.00000521 at      2.407 Ang (1.123 Ang by residue) in 8.8489 (sec).
 3-Body A148-ASP 26, A150-LYD 8 , A197-LYD 9 :       0.00000547 at      2.194 Ang (1.123 Ang by residue) in 8.6790 (sec).
 3-Body A148-ASP 26, A150-LYD 8 , A197-LYD 8 :       0.00001450 at      2.322 Ang (1.123 Ang by residue) in 8.9019 (sec).
 3-Body A148-ASP 26, A150-LYD 8 , A197-LYD 26:       0.00000521 at      2.407 Ang (1.123 Ang by residue) in 8.8900 (sec).
 3-Body A148-ASP 26, A150-LYD 8 , A197-LYD 25:       0.00001147 at      2.307 Ang (1.123 Ang by residue) in 8.6807 (sec).
 3-Body A148-ASP 26, A150-LYD 8 , A197-LYD 28:       0.00001711 at      2.340 Ang (1.123 Ang by residue) in 8.7929 (sec).
 3-Body A148-ASP 26, A150-LYD 8 , A197-LYD 27:       0.00001182 at      2.407 Ang (1.123 Ang by residue) in 8.8824 (sec).
 3-Body A148-ASP 26, A150-LYD 8 , A197-LYS 35:       0.00007332 at      2.322 Ang (1.123 Ang by residue) in 8.8324 (sec).
 3-Body A148-ASP 26, A150-LYD 8 , A197-LYS 34:       0.00006485 at      2.322 Ang (1.123 Ang by residue) in 8.6420 (sec).
 3-Body A148-ASP 26, A150-LYD 8 , A197-LYS 44:       0.00006850 at      2.376 Ang (1.123 Ang by residue) in 8.6956 (sec).
 3-Body A148-ASP 26, A150-LYD 8 , A197-LYS 36:       0.00008980 at      2.194 Ang (1.123 Ang by residue) in 8.7040 (sec).
 3-Body A148-ASP 26, A150-LYD 8 , A197-LYS 53:       0.00005646 at      2.407 Ang (1.123 Ang by residue) in 8.5958 (sec).
 3-Body A148-ASP 26, A150-LYD 8 , A197-LYS 52:       0.00007801 at      2.307 Ang (1.123 Ang by residue) in 8.6628 (sec).
 3-Body A148-ASP 26, A150-LYD 8 , A197-LYS 55:       0.00007734 at      2.340 Ang (1.123 Ang by residue) in 8.9738 (sec).
 3-Body A148-ASP 26, A150-LYD 8 , A197-LYS 54:       0.00003941 at      2.407 Ang (1.123 Ang by residue) in 8.5778 (sec).
 3-Body A148-ASP 26, A150-LYD 19, A197-LYD 1 :       0.00005119 at      2.154 Ang (1.123 Ang by residue) in 8.6933 (sec).
 3-Body A148-ASP 26, A150-LYD 19, A197-LYS 0 :       0.00012938 at      2.154 Ang (1.123 Ang by residue) in 8.8437 (sec).
 3-Body A148-ASP 26, A150-LYD 19, A197-LYD 8 :       0.00003701 at      2.102 Ang (1.123 Ang by residue) in 8.7891 (sec).
 3-Body A148-ASP 26, A150-LYD 19, A197-LYD 7 :       0.00003383 at      2.102 Ang (1.123 Ang by residue) in 8.7901 (sec).
 3-Body A148-ASP 26, A150-LYD 19, A197-LYD 25:       0.00023180 at      2.045 Ang (1.123 Ang by residue) in 8.7124 (sec).
 3-Body A148-ASP 26, A150-LYD 19, A197-LYD 9 :      -0.00002552 at      1.970 Ang (1.123 Ang by residue) in 8.8773 (sec).
 3-Body A148-ASP 26, A150-LYD 19, A197-LYD 27:       0.00007527 at      2.156 Ang (1.123 Ang by residue) in 8.7153 (sec).
 3-Body A148-ASP 26, A150-LYD 19, A197-LYD 26:       0.00005121 at      2.154 Ang (1.123 Ang by residue) in 8.8802 (sec).
 3-Body A148-ASP 26, A150-LYD 19, A197-LYS 34:       0.00013001 at      2.102 Ang (1.123 Ang by residue) in 8.5470 (sec).
 3-Body A148-ASP 26, A150-LYD 19, A197-LYD 28:       0.00006881 at      2.082 Ang (1.123 Ang by residue) in 8.8920 (sec).
 3-Body A148-ASP 26, A150-LYD 19, A197-LYS 36:       0.00026883 at      1.970 Ang (1.123 Ang by residue) in 8.7774 (sec).
 3-Body A148-ASP 26, A150-LYD 19, A197-LYS 35:       0.00015554 at      2.102 Ang (1.123 Ang by residue) in 8.8545 (sec).
 3-Body A148-ASP 26, A150-LYD 19, A197-LYS 52:       0.00023528 at      2.045 Ang (1.123 Ang by residue) in 8.6734 (sec).
 3-Body A148-ASP 26, A150-LYD 19, A197-LYS 44:       0.00023313 at      2.113 Ang (1.123 Ang by residue) in 8.9834 (sec).
 3-Body A148-ASP 26, A150-LYD 19, A197-LYS 54:       0.00009145 at      2.156 Ang (1.123 Ang by residue) in 8.9271 (sec).
 3-Body A148-ASP 26, A150-LYD 19, A197-LYS 53:       0.00012938 at      2.154 Ang (1.123 Ang by residue) in 8.7684 (sec).
 3-Body A148-ASP 26, A150-LYD 20, A197-LYS 0 :       0.00160914 at      2.176 Ang (1.123 Ang by residue) in 8.8365 (sec).
 3-Body A148-ASP 26, A150-LYD 19, A197-LYS 55:       0.00021167 at      2.082 Ang (1.123 Ang by residue) in 8.8323 (sec).
 3-Body A148-ASP 26, A150-LYD 20, A197-LYD 7 :       0.00011520 at      1.962 Ang (1.123 Ang by residue) in 8.7937 (sec).
 3-Body A148-ASP 26, A150-LYD 20, A197-LYD 1 :      -0.00000277 at      2.176 Ang (1.123 Ang by residue) in 8.7118 (sec).
 3-Body A148-ASP 26, A150-LYD 20, A197-LYD 9 :      -0.00090022 at      1.800 Ang (1.123 Ang by residue) in 8.7510 (sec).
 3-Body A148-ASP 26, A150-LYD 20, A197-LYD 8 :       0.00021941 at      1.959 Ang (1.123 Ang by residue) in 8.6384 (sec).
 3-Body A148-ASP 26, A150-LYD 20, A197-LYD 26:      -0.00000262 at      2.176 Ang (1.123 Ang by residue) in 8.7590 (sec).
 3-Body A148-ASP 26, A150-LYD 20, A197-LYD 25:       0.00038631 at      2.030 Ang (1.123 Ang by residue) in 8.9725 (sec).
 3-Body A148-ASP 26, A150-LYD 20, A197-LYD 28:       0.00041589 at      2.023 Ang (1.123 Ang by residue) in 8.6640 (sec).
 3-Body A148-ASP 26, A150-LYD 20, A197-LYD 27:       0.00017467 at      2.181 Ang (1.123 Ang by residue) in 8.6254 (sec).
 3-Body A148-ASP 26, A150-LYD 20, A197-LYS 35:       0.00137550 at      1.959 Ang (1.123 Ang by residue) in 8.8666 (sec).
 3-Body A148-ASP 26, A150-LYD 20, A197-LYS 34:       0.00081800 at      1.962 Ang (1.123 Ang by residue) in 8.7752 (sec).
 3-Body A148-ASP 26, A150-LYD 20, A197-LYS 44:       0.00230592 at      2.113 Ang (1.123 Ang by residue) in 8.5877 (sec).
 3-Body A148-ASP 26, A150-LYD 20, A197-LYS 36:       0.00484605 at      1.800 Ang (1.123 Ang by residue) in 8.7539 (sec).
 3-Body A148-ASP 26, A150-LYD 20, A197-LYS 53:       0.00160909 at      2.176 Ang (1.123 Ang by residue) in 8.5948 (sec).
 3-Body A148-ASP 26, A150-LYD 20, A197-LYS 52:       0.00299682 at      2.030 Ang (1.123 Ang by residue) in 9.0937 (sec).
 3-Body A148-ASP 26, A150-LYD 20, A197-LYS 55:       0.00216827 at      2.023 Ang (1.123 Ang by residue) in 8.6027 (sec).
 3-Body A148-ASP 26, A150-LYD 20, A197-LYS 54:       0.00135260 at      2.181 Ang (1.123 Ang by residue) in 8.7665 (sec).
 3-Body A148-ASP 26, A150-LYD 21, A197-LYD 1 :      -0.00003038 at      2.173 Ang (1.123 Ang by residue) in 8.6337 (sec).
 3-Body A148-ASP 26, A150-LYD 21, A197-LYS 0 :       0.00015654 at      2.173 Ang (1.123 Ang by residue) in 8.9183 (sec).
 3-Body A148-ASP 26, A150-LYD 21, A197-LYD 8 :       0.00003911 at      1.970 Ang (1.123 Ang by residue) in 8.7130 (sec).
 3-Body A148-ASP 26, A150-LYD 21, A197-LYD 7 :       0.00000857 at      1.976 Ang (1.123 Ang by residue) in 8.7982 (sec).
 3-Body A148-ASP 26, A150-LYD 21, A197-LYD 25:      -0.00007991 at      2.022 Ang (1.123 Ang by residue) in 9.0322 (sec).
 3-Body A148-ASP 26, A150-LYD 21, A197-LYD 9 :      -0.00011587 at      1.773 Ang (1.123 Ang by residue) in 8.8061 (sec).
 3-Body A148-ASP 26, A150-LYD 21, A197-LYD 27:      -0.00000278 at      2.178 Ang (1.123 Ang by residue) in 9.0087 (sec).
 3-Body A148-ASP 26, A150-LYD 21, A197-LYD 26:      -0.00003034 at      2.173 Ang (1.123 Ang by residue) in 8.9338 (sec).
 3-Body A148-ASP 26, A150-LYD 21, A197-LYS 34:       0.00012640 at      1.976 Ang (1.123 Ang by residue) in 8.9054 (sec).
 3-Body A148-ASP 26, A150-LYD 21, A197-LYD 28:       0.00000701 at      1.989 Ang (1.123 Ang by residue) in 8.9466 (sec).
 3-Body A148-ASP 26, A150-LYD 21, A197-LYS 36:       0.00045534 at      1.773 Ang (1.123 Ang by residue) in 8.7980 (sec).
 3-Body A148-ASP 26, A150-LYD 21, A197-LYS 35:       0.00024357 at      1.970 Ang (1.123 Ang by residue) in 8.7218 (sec).
 3-Body A148-ASP 26, A150-LYD 21, A197-LYS 52:       0.00007328 at      2.022 Ang (1.123 Ang by residue) in 8.8075 (sec).
 3-Body A148-ASP 26, A150-LYD 21, A197-LYS 44:       0.00015560 at      2.099 Ang (1.123 Ang by residue) in 8.6347 (sec).
 3-Body A148-ASP 26, A150-LYD 21, A197-LYS 54:       0.00008548 at      2.178 Ang (1.123 Ang by residue) in 7.3017 (sec).
 3-Body A148-ASP 26, A150-LYD 21, A197-LYS 53:       0.00015653 at      2.173 Ang (1.123 Ang by residue) in 7.2393 (sec).
 3-Body A148-ASP 26, A150-LYD 22, A197-LYS 0 :       0.00019224 at      2.232 Ang (1.123 Ang by residue) in 8.6102 (sec).
 3-Body A148-ASP 26, A150-LYD 21, A197-LYS 55:       0.00028251 at      1.989 Ang (1.123 Ang by residue) in 8.9487 (sec).
 3-Body A148-ASP 26, A150-LYD 22, A197-LYD 7 :       0.00006920 at      2.057 Ang (1.123 Ang by residue) in 8.8697 (sec).
 3-Body A148-ASP 26, A150-LYD 22, A197-LYD 1 :       0.00002895 at      2.232 Ang (1.123 Ang by residue) in 8.6739 (sec).
 3-Body A148-ASP 26, A150-LYD 22, A197-LYD 9 :      -0.00001174 at      1.866 Ang (1.123 Ang by residue) in 8.7322 (sec).
 3-Body A148-ASP 26, A150-LYD 22, A197-LYD 8 :       0.00008494 at      2.052 Ang (1.123 Ang by residue) in 8.7603 (sec).
 3-Body A148-ASP 26, A150-LYD 22, A197-LYD 26:       0.00002898 at      2.232 Ang (1.123 Ang by residue) in 9.0460 (sec).
 3-Body A148-ASP 26, A150-LYD 22, A197-LYD 25:       0.00017523 at      2.088 Ang (1.123 Ang by residue) in 8.7220 (sec).
 3-Body A148-ASP 26, A150-LYD 22, A197-LYD 28:       0.00012311 at      2.077 Ang (1.123 Ang by residue) in 8.6755 (sec).
 3-Body A148-ASP 26, A150-LYD 22, A197-LYD 27:       0.00004799 at      2.238 Ang (1.123 Ang by residue) in 9.2006 (sec).
 3-Body A148-ASP 26, A150-LYD 22, A197-LYS 35:       0.00018795 at      2.052 Ang (1.123 Ang by residue) in 8.7112 (sec).
 3-Body A148-ASP 26, A150-LYD 22, A197-LYS 34:       0.00013742 at      2.057 Ang (1.123 Ang by residue) in 8.6471 (sec).
 3-Body A148-ASP 26, A150-LYD 22, A197-LYS 44:       0.00033222 at      2.169 Ang (1.123 Ang by residue) in 8.8040 (sec).
 3-Body A148-ASP 26, A150-LYD 22, A197-LYS 36:       0.00042812 at      1.866 Ang (1.123 Ang by residue) in 8.8496 (sec).
 3-Body A148-ASP 26, A150-LYD 22, A197-LYS 53:       0.00019221 at      2.232 Ang (1.123 Ang by residue) in 8.6256 (sec).
 3-Body A148-ASP 26, A150-LYD 22, A197-LYS 52:       0.00049073 at      2.088 Ang (1.123 Ang by residue) in 8.5654 (sec).
 3-Body A148-ASP 26, A150-LYD 22, A197-LYS 55:       0.00032448 at      2.077 Ang (1.123 Ang by residue) in 8.7005 (sec).
 3-Body A148-ASP 26, A150-LYD 22, A197-LYS 54:       0.00013560 at      2.238 Ang (1.123 Ang by residue) in 8.8771 (sec).
 3-Body A148-ASP 26, A150-LYD 25, A197-LYD 1 :      -0.00000410 at      2.329 Ang (1.123 Ang by residue) in 8.7663 (sec).
 3-Body A148-ASP 26, A150-LYD 25, A197-LYS 0 :       0.00010793 at      2.329 Ang (1.123 Ang by residue) in 8.7285 (sec).
 3-Body A148-ASP 26, A150-LYD 25, A197-LYD 8 :       0.00001936 at      2.148 Ang (1.123 Ang by residue) in 8.8904 (sec).
 3-Body A148-ASP 26, A150-LYD 25, A197-LYD 7 :       0.00001546 at      2.153 Ang (1.123 Ang by residue) in 8.8049 (sec).
 3-Body A148-ASP 26, A150-LYD 25, A197-LYD 25:       0.00000089 at      2.195 Ang (1.123 Ang by residue) in 8.7341 (sec).
 3-Body A148-ASP 26, A150-LYD 25, A197-LYD 9 :      -0.00000200 at      1.978 Ang (1.123 Ang by residue) in 8.7381 (sec).
 3-Body A148-ASP 26, A150-LYD 25, A197-LYD 27:       0.00000711 at      2.333 Ang (1.123 Ang by residue) in 8.7509 (sec).
 3-Body A148-ASP 26, A150-LYD 25, A197-LYD 26:      -0.00000409 at      2.329 Ang (1.123 Ang by residue) in 8.8261 (sec).
 3-Body A148-ASP 26, A150-LYD 25, A197-LYS 34:       0.00008390 at      2.153 Ang (1.123 Ang by residue) in 9.0429 (sec).
 3-Body A148-ASP 26, A150-LYD 25, A197-LYD 28:       0.00001778 at      2.185 Ang (1.123 Ang by residue) in 8.8280 (sec).
 3-Body A148-ASP 26, A150-LYD 25, A197-LYS 36:       0.00016930 at      1.978 Ang (1.123 Ang by residue) in 8.7905 (sec).
 3-Body A148-ASP 26, A150-LYD 25, A197-LYS 35:       0.00012275 at      2.148 Ang (1.123 Ang by residue) in 8.9944 (sec).
 3-Body A148-ASP 26, A150-LYD 25, A197-LYS 52:       0.00014987 at      2.195 Ang (1.123 Ang by residue) in 8.9249 (sec).
 3-Body A148-ASP 26, A150-LYD 25, A197-LYS 44:       0.00013056 at      2.270 Ang (1.123 Ang by residue) in 8.4136 (sec).
 3-Body A148-ASP 26, A150-LYD 25, A197-LYS 54:       0.00008538 at      2.333 Ang (1.123 Ang by residue) in 8.2980 (sec).
 3-Body A148-ASP 26, A150-LYD 25, A197-LYS 53:       0.00010792 at      2.329 Ang (1.123 Ang by residue) in 8.7550 (sec).
 3-Body A148-ASP 26, A150-LYD 26, A197-LYS 0 :       0.00005637 at      2.345 Ang (1.123 Ang by residue) in 8.7728 (sec).
 3-Body A148-ASP 26, A150-LYD 25, A197-LYS 55:       0.00013769 at      2.185 Ang (1.123 Ang by residue) in 8.5900 (sec).
 3-Body A148-ASP 26, A150-LYD 26, A197-LYD 7 :       0.00002674 at      2.189 Ang (1.123 Ang by residue) in 7.2621 (sec).
 3-Body A148-ASP 26, A150-LYD 26, A197-LYD 1 :       0.00001370 at      2.345 Ang (1.123 Ang by residue) in 7.6950 (sec).
 3-Body A148-ASP 26, A150-LYD 26, A197-LYD 9 :       0.00003081 at      2.025 Ang (1.123 Ang by residue) in 7.4815 (sec).
 3-Body A148-ASP 26, A150-LYD 26, A197-LYD 8 :       0.00002841 at      2.185 Ang (1.123 Ang by residue) in 7.3579 (sec).
 3-Body A148-ASP 26, A150-LYD 26, A197-LYD 26:       0.00001370 at      2.345 Ang (1.123 Ang by residue) in 7.3719 (sec).
 3-Body A148-ASP 26, A150-LYD 26, A197-LYD 25:       0.00002076 at      2.223 Ang (1.123 Ang by residue) in 7.3690 (sec).
 3-Body A148-ASP 26, A150-LYD 26, A197-LYD 28:       0.00002757 at      2.208 Ang (1.123 Ang by residue) in 7.1298 (sec).
 3-Body A148-ASP 26, A150-LYD 26, A197-LYD 27:       0.00001589 at      2.348 Ang (1.123 Ang by residue) in 7.3137 (sec).
 3-Body A148-ASP 26, A150-LYD 26, A197-LYS 35:       0.00006506 at      2.185 Ang (1.123 Ang by residue) in 7.1228 (sec).
 3-Body A148-ASP 26, A150-LYD 26, A197-LYS 34:       0.00005023 at      2.189 Ang (1.123 Ang by residue) in 7.3427 (sec).
 3-Body A148-ASP 26, A150-LYD 26, A197-LYS 44:       0.00007361 at      2.287 Ang (1.123 Ang by residue) in 7.1182 (sec).
 3-Body A148-ASP 26, A150-LYD 26, A197-LYS 36:       0.00005854 at      2.025 Ang (1.123 Ang by residue) in 7.1346 (sec).
 3-Body A148-ASP 26, A150-LYD 26, A197-LYS 53:       0.00005636 at      2.345 Ang (1.123 Ang by residue) in 7.3042 (sec).
 3-Body A148-ASP 26, A150-LYD 26, A197-LYS 52:       0.00009155 at      2.223 Ang (1.123 Ang by residue) in 7.4680 (sec).
 3-Body A148-ASP 26, A150-LYD 26, A197-LYS 55:       0.00007201 at      2.208 Ang (1.123 Ang by residue) in 7.3210 (sec).
 3-Body A148-ASP 26, A150-LYD 26, A197-LYS 54:       0.00004797 at      2.348 Ang (1.123 Ang by residue) in 7.3640 (sec).
 3-Body A148-ASP 26, A150-LYD 27, A197-LYD 1 :       0.00001609 at      2.287 Ang (1.123 Ang by residue) in 7.0873 (sec).
 3-Body A148-ASP 26, A150-LYD 27, A197-LYS 0 :      -0.00015862 at      2.287 Ang (1.123 Ang by residue) in 7.1210 (sec).
 3-Body A148-ASP 26, A150-LYD 27, A197-LYD 8 :      -0.00000226 at      2.123 Ang (1.123 Ang by residue) in 7.1864 (sec).
 3-Body A148-ASP 26, A150-LYD 27, A197-LYD 7 :       0.00001977 at      2.126 Ang (1.123 Ang by residue) in 7.0874 (sec).
 3-Body A148-ASP 26, A150-LYD 27, A197-LYD 25:       0.00002349 at      2.162 Ang (1.123 Ang by residue) in 7.1691 (sec).
 3-Body A148-ASP 26, A150-LYD 27, A197-LYD 9 :       0.00001819 at      1.957 Ang (1.123 Ang by residue) in 9.0549 (sec).
 3-Body A148-ASP 26, A150-LYD 27, A197-LYD 27:      -0.00000425 at      2.290 Ang (1.123 Ang by residue) in 8.7827 (sec).
 3-Body A148-ASP 26, A150-LYD 27, A197-LYD 26:       0.00001608 at      2.287 Ang (1.123 Ang by residue) in 8.7512 (sec).
 3-Body A148-ASP 26, A150-LYD 27, A197-LYS 34:      -0.00011056 at      2.126 Ang (1.123 Ang by residue) in 8.8095 (sec).
 3-Body A148-ASP 26, A150-LYD 27, A197-LYD 28:      -0.00001379 at      2.147 Ang (1.123 Ang by residue) in 8.9035 (sec).
 3-Body A148-ASP 26, A150-LYD 27, A197-LYS 36:      -0.00065130 at      1.957 Ang (1.123 Ang by residue) in 8.5036 (sec).
 3-Body A148-ASP 26, A150-LYD 27, A197-LYS 35:      -0.00010645 at      2.123 Ang (1.123 Ang by residue) in 8.1794 (sec).
 3-Body A148-ASP 26, A150-LYD 27, A197-LYS 52:      -0.00022284 at      2.162 Ang (1.123 Ang by residue) in 8.9753 (sec).
 3-Body A148-ASP 26, A150-LYD 27, A197-LYS 44:      -0.00020686 at      2.227 Ang (1.123 Ang by residue) in 8.8896 (sec).
 3-Body A148-ASP 26, A150-LYD 27, A197-LYS 54:      -0.00015307 at      2.290 Ang (1.123 Ang by residue) in 8.7317 (sec).
 3-Body A148-ASP 26, A150-LYD 27, A197-LYS 53:      -0.00015862 at      2.287 Ang (1.123 Ang by residue) in 8.6671 (sec).
 3-Body A148-ASP 26, A150-LYD 28, A197-LYS 0 :       0.00005943 at      2.360 Ang (1.123 Ang by residue) in 8.6918 (sec).
 3-Body A148-ASP 26, A150-LYD 27, A197-LYS 55:      -0.00017367 at      2.147 Ang (1.123 Ang by residue) in 8.4153 (sec).
 3-Body A148-ASP 26, A150-LYD 28, A197-LYD 7 :       0.00001504 at      2.204 Ang (1.123 Ang by residue) in 8.6066 (sec).
 3-Body A148-ASP 26, A150-LYD 28, A197-LYD 1 :       0.00000450 at      2.360 Ang (1.123 Ang by residue) in 8.8130 (sec).
 3-Body A148-ASP 26, A150-LYD 28, A197-LYD 9 :      -0.00000215 at      2.041 Ang (1.123 Ang by residue) in 8.9466 (sec).
 3-Body A148-ASP 26, A150-LYD 28, A197-LYD 8 :       0.00001524 at      2.201 Ang (1.123 Ang by residue) in 8.6152 (sec).
 3-Body A148-ASP 26, A150-LYD 28, A197-LYD 26:       0.00000450 at      2.360 Ang (1.123 Ang by residue) in 8.7587 (sec).
 3-Body A148-ASP 26, A150-LYD 28, A197-LYD 25:       0.00001048 at      2.239 Ang (1.123 Ang by residue) in 8.6716 (sec).
 3-Body A148-ASP 26, A150-LYD 28, A197-LYD 28:       0.00001854 at      2.224 Ang (1.123 Ang by residue) in 8.7437 (sec).
 3-Body A148-ASP 26, A150-LYD 28, A197-LYD 27:       0.00001161 at      2.362 Ang (1.123 Ang by residue) in 8.8219 (sec).
 3-Body A148-ASP 26, A150-LYD 28, A197-LYS 35:       0.00007557 at      2.201 Ang (1.123 Ang by residue) in 8.6097 (sec).
 3-Body A148-ASP 26, A150-LYD 28, A197-LYS 34:       0.00006195 at      2.204 Ang (1.123 Ang by residue) in 8.7241 (sec).
 3-Body A148-ASP 26, A150-LYD 28, A197-LYS 44:       0.00007510 at      2.302 Ang (1.123 Ang by residue) in 8.6160 (sec).
 3-Body A148-ASP 26, A150-LYD 28, A197-LYS 36:       0.00005904 at      2.041 Ang (1.123 Ang by residue) in 8.8881 (sec).
 3-Body A148-ASP 26, A150-LYD 28, A197-LYS 53:       0.00005942 at      2.360 Ang (1.123 Ang by residue) in 8.7227 (sec).
 3-Body A148-ASP 26, A150-LYD 28, A197-LYS 52:       0.00008400 at      2.239 Ang (1.123 Ang by residue) in 8.7091 (sec).
 3-Body A148-ASP 26, A150-LYD 28, A197-LYS 55:       0.00008506 at      2.224 Ang (1.123 Ang by residue) in 8.7655 (sec).
 3-Body A148-ASP 26, A150-LYD 28, A197-LYS 54:       0.00004492 at      2.362 Ang (1.123 Ang by residue) in 8.8171 (sec).
 3-Body A148-ASP 26, A150-LYS 30, A197-LYD 1 :       0.00023528 at      2.274 Ang (1.123 Ang by residue) in 8.5049 (sec).
 3-Body A148-ASP 26, A150-LYS 30, A197-LYS 0 :      -0.00016032 at      2.274 Ang (1.123 Ang by residue) in 8.7367 (sec).
 3-Body A148-ASP 26, A150-LYS 30, A197-LYD 8 :       0.00026056 at      2.159 Ang (1.123 Ang by residue) in 8.6464 (sec).
 3-Body A148-ASP 26, A150-LYS 30, A197-LYD 7 :       0.00022713 at      2.164 Ang (1.123 Ang by residue) in 8.7005 (sec).
 3-Body A148-ASP 26, A150-LYS 30, A197-LYD 25:       0.00042174 at      2.154 Ang (1.123 Ang by residue) in 8.7402 (sec).
 3-Body A148-ASP 26, A150-LYS 30, A197-LYD 9 :       0.00038395 at      1.994 Ang (1.123 Ang by residue) in 8.7663 (sec).
 3-Body A148-ASP 26, A150-LYS 30, A197-LYD 27:       0.00017620 at      2.278 Ang (1.123 Ang by residue) in 8.8975 (sec).
 3-Body A148-ASP 26, A150-LYS 30, A197-LYD 26:       0.00023527 at      2.274 Ang (1.123 Ang by residue) in 8.6661 (sec).
 3-Body A148-ASP 26, A150-LYS 30, A197-LYS 34:       0.00007730 at      2.164 Ang (1.123 Ang by residue) in 8.5878 (sec).
 3-Body A148-ASP 26, A150-LYS 30, A197-LYD 28:       0.00030755 at      2.169 Ang (1.123 Ang by residue) in 8.7361 (sec).
 3-Body A148-ASP 26, A150-LYS 30, A197-LYS 36:       0.00011592 at      1.994 Ang (1.123 Ang by residue) in 8.6276 (sec).
 3-Body A148-ASP 26, A150-LYS 30, A197-LYS 35:      -0.00004145 at      2.159 Ang (1.123 Ang by residue) in 8.6469 (sec).
 3-Body A148-ASP 26, A150-LYS 30, A197-LYS 52:       0.00008775 at      2.154 Ang (1.123 Ang by residue) in 8.0592 (sec).
 3-Body A148-ASP 26, A150-LYS 30, A197-LYS 44:      -0.00006552 at      2.227 Ang (1.123 Ang by residue) in 7.2428 (sec).
 3-Body A148-ASP 26, A150-LYS 30, A197-LYS 54:      -0.00014812 at      2.278 Ang (1.123 Ang by residue) in 7.1068 (sec).
 3-Body A148-ASP 26, A150-LYS 30, A197-LYS 53:      -0.00016034 at      2.274 Ang (1.123 Ang by residue) in 7.0440 (sec).
 3-Body A148-ASP 26, A150-LYS 34, A197-LYS 0 :       0.00006743 at      2.407 Ang (1.123 Ang by residue) in 7.0840 (sec).
 3-Body A148-ASP 26, A150-LYS 30, A197-LYS 55:      -0.00002770 at      2.169 Ang (1.123 Ang by residue) in 6.9495 (sec).
 3-Body A148-ASP 26, A150-LYS 34, A197-LYD 7 :       0.00004780 at      2.322 Ang (1.123 Ang by residue) in 7.2360 (sec).
 3-Body A148-ASP 26, A150-LYS 34, A197-LYD 1 :       0.00003865 at      2.407 Ang (1.123 Ang by residue) in 7.1071 (sec).
 3-Body A148-ASP 26, A150-LYS 34, A197-LYD 9 :       0.00005022 at      2.194 Ang (1.123 Ang by residue) in 7.1474 (sec).
 3-Body A148-ASP 26, A150-LYS 34, A197-LYD 8 :       0.00004652 at      2.322 Ang (1.123 Ang by residue) in 7.1607 (sec).
 3-Body A148-ASP 26, A150-LYS 34, A197-LYD 26:       0.00003865 at      2.407 Ang (1.123 Ang by residue) in 7.3690 (sec).
 3-Body A148-ASP 26, A150-LYS 34, A197-LYD 25:       0.00004630 at      2.307 Ang (1.123 Ang by residue) in 7.0457 (sec).
 3-Body A148-ASP 26, A150-LYS 34, A197-LYD 28:       0.00004749 at      2.340 Ang (1.123 Ang by residue) in 7.0214 (sec).
 3-Body A148-ASP 26, A150-LYS 34, A197-LYD 27:       0.00004255 at      2.407 Ang (1.123 Ang by residue) in 7.1295 (sec).
 3-Body A148-ASP 26, A150-LYS 34, A197-LYS 35:       0.00009930 at      2.322 Ang (1.123 Ang by residue) in 7.0922 (sec).
 3-Body A148-ASP 26, A150-LYS 34, A197-LYS 34:       0.00010140 at      2.322 Ang (1.123 Ang by residue) in 6.9708 (sec).
 3-Body A148-ASP 26, A150-LYS 34, A197-LYS 44:       0.00008160 at      2.376 Ang (1.123 Ang by residue) in 7.1216 (sec).
 3-Body A148-ASP 26, A150-LYS 34, A197-LYS 36:       0.00009448 at      2.194 Ang (1.123 Ang by residue) in 7.4552 (sec).
 3-Body A148-ASP 26, A150-LYS 34, A197-LYS 53:       0.00006743 at      2.407 Ang (1.123 Ang by residue) in 7.6898 (sec).
 3-Body A148-ASP 26, A150-LYS 34, A197-LYS 52:       0.00009227 at      2.307 Ang (1.123 Ang by residue) in 7.6929 (sec).
 3-Body A148-ASP 26, A150-LYS 34, A197-LYS 55:       0.00009062 at      2.340 Ang (1.123 Ang by residue) in 7.4897 (sec).
 3-Body A148-ASP 26, A150-LYS 34, A197-LYS 54:       0.00005341 at      2.407 Ang (1.123 Ang by residue) in 7.2903 (sec).
 3-Body A148-ASP 26, A150-LYS 35, A197-LYD 1 :       0.00004449 at      2.407 Ang (1.123 Ang by residue) in 7.1053 (sec).
 3-Body A148-ASP 26, A150-LYS 35, A197-LYS 0 :       0.00006895 at      2.407 Ang (1.123 Ang by residue) in 6.9235 (sec).
 3-Body A148-ASP 26, A150-LYS 35, A197-LYD 8 :       0.00005481 at      2.322 Ang (1.123 Ang by residue) in 6.9450 (sec).
 3-Body A148-ASP 26, A150-LYS 35, A197-LYD 7 :       0.00005469 at      2.322 Ang (1.123 Ang by residue) in 7.0662 (sec).
 3-Body A148-ASP 26, A150-LYS 35, A197-LYD 25:       0.00005307 at      2.307 Ang (1.123 Ang by residue) in 7.2043 (sec).
 3-Body A148-ASP 26, A150-LYS 35, A197-LYD 9 :       0.00006347 at      2.194 Ang (1.123 Ang by residue) in 7.3171 (sec).
 3-Body A148-ASP 26, A150-LYS 35, A197-LYD 27:       0.00004775 at      2.407 Ang (1.123 Ang by residue) in 7.8125 (sec).
 3-Body A148-ASP 26, A150-LYS 35, A197-LYD 26:       0.00004449 at      2.407 Ang (1.123 Ang by residue) in 8.4314 (sec).
 3-Body A148-ASP 26, A150-LYS 35, A197-LYS 34:       0.00011133 at      2.322 Ang (1.123 Ang by residue) in 8.4633 (sec).
 3-Body A148-ASP 26, A150-LYS 35, A197-LYD 28:       0.00005454 at      2.340 Ang (1.123 Ang by residue) in 8.2075 (sec).
 3-Body A148-ASP 26, A150-LYS 35, A197-LYS 36:       0.00010784 at      2.194 Ang (1.123 Ang by residue) in 8.3830 (sec).
 3-Body A148-ASP 26, A150-LYS 35, A197-LYS 35:       0.00010542 at      2.322 Ang (1.123 Ang by residue) in 8.3133 (sec).
 3-Body A148-ASP 26, A150-LYS 35, A197-LYS 52:       0.00009428 at      2.307 Ang (1.123 Ang by residue) in 8.2417 (sec).
 3-Body A148-ASP 26, A150-LYS 35, A197-LYS 44:       0.00008381 at      2.376 Ang (1.123 Ang by residue) in 8.3363 (sec).
 3-Body A148-ASP 26, A150-LYS 35, A197-LYS 54:       0.00005557 at      2.407 Ang (1.123 Ang by residue) in 8.4038 (sec).
 3-Body A148-ASP 26, A150-LYS 35, A197-LYS 53:       0.00006895 at      2.407 Ang (1.123 Ang by residue) in 8.2044 (sec).
 3-Body A148-ASP 26, A150-LYS 36, A197-LYS 0 :       0.00007397 at      2.392 Ang (1.123 Ang by residue) in 8.0772 (sec).
 3-Body A148-ASP 26, A150-LYS 35, A197-LYS 55:       0.00009397 at      2.340 Ang (1.123 Ang by residue) in 8.0847 (sec).
 3-Body A148-ASP 26, A150-LYS 36, A197-LYD 7 :       0.00005748 at      2.322 Ang (1.123 Ang by residue) in 8.1680 (sec).
 3-Body A148-ASP 26, A150-LYS 36, A197-LYD 1 :       0.00005709 at      2.392 Ang (1.123 Ang by residue) in 8.5998 (sec).
 3-Body A148-ASP 26, A150-LYS 36, A197-LYD 9 :       0.00005805 at      2.194 Ang (1.123 Ang by residue) in 8.7522 (sec).
 3-Body A148-ASP 26, A150-LYS 36, A197-LYD 8 :       0.00005496 at      2.322 Ang (1.123 Ang by residue) in 8.7675 (sec).
 3-Body A148-ASP 26, A150-LYS 36, A197-LYD 26:       0.00005709 at      2.392 Ang (1.123 Ang by residue) in 8.5248 (sec).
 3-Body A148-ASP 26, A150-LYS 36, A197-LYD 25:       0.00007024 at      2.278 Ang (1.123 Ang by residue) in 8.6153 (sec).
 3-Body A148-ASP 26, A150-LYS 36, A197-LYD 28:       0.00006081 at      2.340 Ang (1.123 Ang by residue) in 8.9585 (sec).
 3-Body A148-ASP 26, A150-LYS 36, A197-LYD 27:       0.00006099 at      2.392 Ang (1.123 Ang by residue) in 8.9856 (sec).
 3-Body A148-ASP 26, A150-LYS 36, A197-LYS 35:       0.00009172 at      2.322 Ang (1.123 Ang by residue) in 8.5410 (sec).
 3-Body A148-ASP 26, A150-LYS 36, A197-LYS 34:       0.00009960 at      2.322 Ang (1.123 Ang by residue) in 8.7601 (sec).
 3-Body A148-ASP 26, A150-LYS 36, A197-LYS 44:       0.00009435 at      2.376 Ang (1.123 Ang by residue) in 8.5785 (sec).
 3-Body A148-ASP 26, A150-LYS 36, A197-LYS 36:       0.00006969 at      2.194 Ang (1.123 Ang by residue) in 8.8092 (sec).
 3-Body A148-ASP 26, A150-LYS 36, A197-LYS 53:       0.00007396 at      2.392 Ang (1.123 Ang by residue) in 8.7421 (sec).
 3-Body A148-ASP 26, A150-LYS 36, A197-LYS 52:       0.00011431 at      2.278 Ang (1.123 Ang by residue) in 8.6637 (sec).
 3-Body A148-ASP 26, A150-LYS 36, A197-LYS 55:       0.00009070 at      2.340 Ang (1.123 Ang by residue) in 8.7058 (sec).
 3-Body A148-ASP 26, A150-LYS 36, A197-LYS 54:       0.00006022 at      2.392 Ang (1.123 Ang by residue) in 8.8403 (sec).
 3-Body A148-ASP 26, A150-LYS 46, A197-LYD 1 :       0.00046171 at      2.154 Ang (1.123 Ang by residue) in 8.6305 (sec).
 3-Body A148-ASP 26, A150-LYS 46, A197-LYS 0 :       0.00055041 at      2.154 Ang (1.123 Ang by residue) in 8.7757 (sec).
 3-Body A148-ASP 26, A150-LYS 46, A197-LYD 8 :       0.00022421 at      2.102 Ang (1.123 Ang by residue) in 8.7019 (sec).
 3-Body A148-ASP 26, A150-LYS 46, A197-LYD 7 :       0.00021777 at      2.102 Ang (1.123 Ang by residue) in 8.6701 (sec).
 3-Body A148-ASP 26, A150-LYS 46, A197-LYD 25:       0.00135700 at      2.045 Ang (1.123 Ang by residue) in 8.7714 (sec).
 3-Body A148-ASP 26, A150-LYS 46, A197-LYD 9 :       0.00016414 at      1.970 Ang (1.123 Ang by residue) in 8.5937 (sec).
 3-Body A148-ASP 26, A150-LYS 46, A197-LYD 27:       0.00046815 at      2.156 Ang (1.123 Ang by residue) in 8.6672 (sec).
 3-Body A148-ASP 26, A150-LYS 46, A197-LYD 26:       0.00046172 at      2.154 Ang (1.123 Ang by residue) in 8.7812 (sec).
 3-Body A148-ASP 26, A150-LYS 46, A197-LYS 34:       0.00025620 at      2.102 Ang (1.123 Ang by residue) in 8.6716 (sec).
 3-Body A148-ASP 26, A150-LYS 46, A197-LYD 28:       0.00046824 at      2.082 Ang (1.123 Ang by residue) in 8.7671 (sec).
 3-Body A148-ASP 26, A150-LYS 46, A197-LYS 36:       0.00050052 at      1.970 Ang (1.123 Ang by residue) in 8.6117 (sec).
 3-Body A148-ASP 26, A150-LYS 46, A197-LYS 35:       0.00026370 at      2.102 Ang (1.123 Ang by residue) in 8.7871 (sec).
 3-Body A148-ASP 26, A150-LYS 46, A197-LYS 52:       0.00191389 at      2.045 Ang (1.123 Ang by residue) in 9.1973 (sec).
 3-Body A148-ASP 26, A150-LYS 46, A197-LYS 44:       0.00106437 at      2.113 Ang (1.123 Ang by residue) in 8.8762 (sec).
 3-Body A148-ASP 26, A150-LYS 46, A197-LYS 54:       0.00045040 at      2.156 Ang (1.123 Ang by residue) in 8.5288 (sec).
 3-Body A148-ASP 26, A150-LYS 46, A197-LYS 53:       0.00055033 at      2.154 Ang (1.123 Ang by residue) in 8.7774 (sec).
 3-Body A148-ASP 26, A150-LYS 47, A197-LYS 0 :      -0.00160964 at      2.176 Ang (1.123 Ang by residue) in 8.8549 (sec).
 3-Body A148-ASP 26, A150-LYS 46, A197-LYS 55:       0.00060311 at      2.082 Ang (1.123 Ang by residue) in 8.6876 (sec).
 3-Body A148-ASP 26, A150-LYS 47, A197-LYD 7 :       0.00069373 at      1.962 Ang (1.123 Ang by residue) in 8.6602 (sec).
 3-Body A148-ASP 26, A150-LYS 47, A197-LYD 1 :       0.00046129 at      2.176 Ang (1.123 Ang by residue) in 8.5481 (sec).
 3-Body A148-ASP 26, A150-LYS 47, A197-LYD 9 :       0.00117954 at      1.800 Ang (1.123 Ang by residue) in 8.5175 (sec).
 3-Body A148-ASP 26, A150-LYS 47, A197-LYD 8 :       0.00092449 at      1.959 Ang (1.123 Ang by residue) in 8.8469 (sec).
 3-Body A148-ASP 26, A150-LYS 47, A197-LYD 26:       0.00046143 at      2.176 Ang (1.123 Ang by residue) in 8.7378 (sec).
 3-Body A148-ASP 26, A150-LYS 47, A197-LYD 25:       0.00105740 at      2.030 Ang (1.123 Ang by residue) in 8.7635 (sec).
 3-Body A148-ASP 26, A150-LYS 47, A197-LYD 28:       0.00096606 at      2.023 Ang (1.123 Ang by residue) in 9.3361 (sec).
 3-Body A148-ASP 26, A150-LYS 47, A197-LYD 27:       0.00022952 at      2.181 Ang (1.123 Ang by residue) in 8.8002 (sec).
 3-Body A148-ASP 26, A150-LYS 47, A197-LYS 35:      -0.00003282 at      1.959 Ang (1.123 Ang by residue) in 8.5896 (sec).
 3-Body A148-ASP 26, A150-LYS 47, A197-LYS 34:       0.00016705 at      1.962 Ang (1.123 Ang by residue) in 8.7883 (sec).
 3-Body A148-ASP 26, A150-LYS 47, A197-LYS 44:      -0.00098440 at      2.113 Ang (1.123 Ang by residue) in 8.7379 (sec).
 3-Body A148-ASP 26, A150-LYS 47, A197-LYS 36:       0.00830376 at      1.800 Ang (1.123 Ang by residue) in 8.8173 (sec).
 3-Body A148-ASP 26, A150-LYS 47, A197-LYS 53:      -0.00160952 at      2.176 Ang (1.123 Ang by residue) in 8.8787 (sec).
 3-Body A148-ASP 26, A150-LYS 47, A197-LYS 52:      -0.00036142 at      2.030 Ang (1.123 Ang by residue) in 8.7512 (sec).
 3-Body A148-ASP 26, A150-LYS 47, A197-LYS 55:      -0.00041662 at      2.023 Ang (1.123 Ang by residue) in 8.4766 (sec).
 3-Body A148-ASP 26, A150-LYS 47, A197-LYS 54:      -0.00138222 at      2.181 Ang (1.123 Ang by residue) in 8.3700 (sec).
 3-Body A148-ASP 26, A150-LYS 48, A197-LYD 1 :       0.00058015 at      2.173 Ang (1.123 Ang by residue) in 8.5634 (sec).
 3-Body A148-ASP 26, A150-LYS 48, A197-LYS 0 :       0.00070624 at      2.173 Ang (1.123 Ang by residue) in 8.4143 (sec).
 3-Body A148-ASP 26, A150-LYS 48, A197-LYD 8 :       0.00083782 at      1.970 Ang (1.123 Ang by residue) in 8.4298 (sec).
 3-Body A148-ASP 26, A150-LYS 48, A197-LYD 7 :       0.00063639 at      1.976 Ang (1.123 Ang by residue) in 8.5657 (sec).
 3-Body A148-ASP 26, A150-LYS 48, A197-LYD 25:       0.00169428 at      2.022 Ang (1.123 Ang by residue) in 8.5546 (sec).
 3-Body A148-ASP 26, A150-LYS 48, A197-LYD 9 :       0.00032706 at      1.773 Ang (1.123 Ang by residue) in 8.4830 (sec).
 3-Body A148-ASP 26, A150-LYS 48, A197-LYD 27:       0.00055037 at      2.178 Ang (1.123 Ang by residue) in 8.6733 (sec).
 3-Body A148-ASP 26, A150-LYS 48, A197-LYD 26:       0.00058023 at      2.173 Ang (1.123 Ang by residue) in 8.7677 (sec).
 3-Body A148-ASP 26, A150-LYS 48, A197-LYS 34:       0.00059330 at      1.976 Ang (1.123 Ang by residue) in 8.5884 (sec).
 3-Body A148-ASP 26, A150-LYS 48, A197-LYD 28:       0.00153643 at      1.989 Ang (1.123 Ang by residue) in 8.5287 (sec).
 3-Body A148-ASP 26, A150-LYS 48, A197-LYS 36:       0.00360408 at      1.773 Ang (1.123 Ang by residue) in 8.5722 (sec).
 3-Body A148-ASP 26, A150-LYS 48, A197-LYS 35:       0.00089437 at      1.970 Ang (1.123 Ang by residue) in 8.7287 (sec).
 3-Body A148-ASP 26, A150-LYS 48, A197-LYS 52:       0.00245985 at      2.022 Ang (1.123 Ang by residue) in 8.6549 (sec).
 3-Body A148-ASP 26, A150-LYS 48, A197-LYS 44:       0.00148111 at      2.099 Ang (1.123 Ang by residue) in 8.5564 (sec).
 3-Body A148-ASP 26, A150-LYS 48, A197-LYS 54:       0.00041404 at      2.178 Ang (1.123 Ang by residue) in 8.6739 (sec).
 3-Body A148-ASP 26, A150-LYS 48, A197-LYS 53:       0.00070604 at      2.173 Ang (1.123 Ang by residue) in 8.5274 (sec).
 3-Body A148-ASP 26, A150-LYS 49, A197-LYS 0 :       0.00000566 at      2.232 Ang (1.123 Ang by residue) in 8.3899 (sec).
 3-Body A148-ASP 26, A150-LYS 48, A197-LYS 55:       0.00202820 at      1.989 Ang (1.123 Ang by residue) in 8.6412 (sec).
 3-Body A148-ASP 26, A150-LYS 49, A197-LYD 7 :       0.00024392 at      2.057 Ang (1.123 Ang by residue) in 8.7415 (sec).
 3-Body A148-ASP 26, A150-LYS 49, A197-LYD 1 :       0.00023149 at      2.232 Ang (1.123 Ang by residue) in 8.6728 (sec).
 3-Body A148-ASP 26, A150-LYS 49, A197-LYD 9 :       0.00030578 at      1.866 Ang (1.123 Ang by residue) in 8.5717 (sec).
 3-Body A148-ASP 26, A150-LYS 49, A197-LYD 8 :       0.00026715 at      2.052 Ang (1.123 Ang by residue) in 8.6453 (sec).
 3-Body A148-ASP 26, A150-LYS 49, A197-LYD 26:       0.00023149 at      2.232 Ang (1.123 Ang by residue) in 8.6072 (sec).
 3-Body A148-ASP 26, A150-LYS 49, A197-LYD 25:       0.00044497 at      2.088 Ang (1.123 Ang by residue) in 8.5093 (sec).
 3-Body A148-ASP 26, A150-LYS 49, A197-LYD 28:       0.00034277 at      2.077 Ang (1.123 Ang by residue) in 8.6456 (sec).
 3-Body A148-ASP 26, A150-LYS 49, A197-LYD 27:       0.00019750 at      2.238 Ang (1.123 Ang by residue) in 8.8103 (sec).
 3-Body A148-ASP 26, A150-LYS 49, A197-LYS 35:       0.00006563 at      2.052 Ang (1.123 Ang by residue) in 8.8764 (sec).
 3-Body A148-ASP 26, A150-LYS 49, A197-LYS 34:       0.00015381 at      2.057 Ang (1.123 Ang by residue) in 8.6226 (sec).
 3-Body A148-ASP 26, A150-LYS 49, A197-LYS 44:       0.00016921 at      2.169 Ang (1.123 Ang by residue) in 8.7656 (sec).
 3-Body A148-ASP 26, A150-LYS 49, A197-LYS 36:       0.00040284 at      1.866 Ang (1.123 Ang by residue) in 8.5851 (sec).
 3-Body A148-ASP 26, A150-LYS 49, A197-LYS 53:       0.00000566 at      2.232 Ang (1.123 Ang by residue) in 8.5403 (sec).
 3-Body A148-ASP 26, A150-LYS 49, A197-LYS 52:       0.00036571 at      2.088 Ang (1.123 Ang by residue) in 8.6306 (sec).
 3-Body A148-ASP 26, A150-LYS 49, A197-LYS 55:       0.00017443 at      2.077 Ang (1.123 Ang by residue) in 8.6012 (sec).
 3-Body A148-ASP 26, A150-LYS 49, A197-LYS 54:       0.00001635 at      2.238 Ang (1.123 Ang by residue) in 8.5336 (sec).
 3-Body A148-ASP 26, A150-LYS 52, A197-LYD 1 :       0.00018125 at      2.329 Ang (1.123 Ang by residue) in 8.6594 (sec).
 3-Body A148-ASP 26, A150-LYS 52, A197-LYS 0 :      -0.00008325 at      2.329 Ang (1.123 Ang by residue) in 8.8180 (sec).
 3-Body A148-ASP 26, A150-LYS 52, A197-LYD 8 :       0.00021669 at      2.148 Ang (1.123 Ang by residue) in 8.7327 (sec).
 3-Body A148-ASP 26, A150-LYS 52, A197-LYD 7 :       0.00019080 at      2.153 Ang (1.123 Ang by residue) in 8.4292 (sec).
 3-Body A148-ASP 26, A150-LYS 52, A197-LYD 25:       0.00028661 at      2.195 Ang (1.123 Ang by residue) in 8.6838 (sec).
 3-Body A148-ASP 26, A150-LYS 52, A197-LYD 9 :       0.00034855 at      1.978 Ang (1.123 Ang by residue) in 8.6465 (sec).
 3-Body A148-ASP 26, A150-LYS 52, A197-LYD 27:       0.00013745 at      2.333 Ang (1.123 Ang by residue) in 8.9398 (sec).
 3-Body A148-ASP 26, A150-LYS 52, A197-LYD 26:       0.00018124 at      2.329 Ang (1.123 Ang by residue) in 8.6683 (sec).
 3-Body A148-ASP 26, A150-LYS 52, A197-LYS 34:       0.00013867 at      2.153 Ang (1.123 Ang by residue) in 8.6160 (sec).
 3-Body A148-ASP 26, A150-LYS 52, A197-LYD 28:       0.00022997 at      2.185 Ang (1.123 Ang by residue) in 8.7904 (sec).
 3-Body A148-ASP 26, A150-LYS 52, A197-LYS 36:       0.00011620 at      1.978 Ang (1.123 Ang by residue) in 8.5439 (sec).
 3-Body A148-ASP 26, A150-LYS 52, A197-LYS 35:       0.00004156 at      2.148 Ang (1.123 Ang by residue) in 8.4242 (sec).
 3-Body A148-ASP 26, A150-LYS 52, A197-LYS 52:       0.00007206 at      2.195 Ang (1.123 Ang by residue) in 8.7428 (sec).
 3-Body A148-ASP 26, A150-LYS 52, A197-LYS 44:      -0.00002490 at      2.270 Ang (1.123 Ang by residue) in 8.9651 (sec).
 3-Body A148-ASP 26, A150-LYS 52, A197-LYS 54:      -0.00007069 at      2.333 Ang (1.123 Ang by residue) in 8.7424 (sec).
 3-Body A148-ASP 26, A150-LYS 52, A197-LYS 53:      -0.00008327 at      2.329 Ang (1.123 Ang by residue) in 8.6704 (sec).
 3-Body A148-ASP 26, A150-LYS 53, A197-LYS 0 :       0.00001706 at      2.345 Ang (1.123 Ang by residue) in 8.6174 (sec).
 3-Body A148-ASP 26, A150-LYS 52, A197-LYS 55:       0.00000633 at      2.185 Ang (1.123 Ang by residue) in 8.8609 (sec).
 3-Body A148-ASP 26, A150-LYS 53, A197-LYD 7 :       0.00012015 at      2.189 Ang (1.123 Ang by residue) in 9.0781 (sec).
 3-Body A148-ASP 26, A150-LYS 53, A197-LYD 1 :       0.00008784 at      2.345 Ang (1.123 Ang by residue) in 8.5630 (sec).
 3-Body A148-ASP 26, A150-LYS 53, A197-LYD 9 :       0.00023962 at      2.025 Ang (1.123 Ang by residue) in 8.6975 (sec).
 3-Body A148-ASP 26, A150-LYS 53, A197-LYD 8 :       0.00013418 at      2.185 Ang (1.123 Ang by residue) in 8.4858 (sec).
 3-Body A148-ASP 26, A150-LYS 53, A197-LYD 26:       0.00008783 at      2.345 Ang (1.123 Ang by residue) in 8.7946 (sec).
 3-Body A148-ASP 26, A150-LYS 53, A197-LYD 25:       0.00009657 at      2.223 Ang (1.123 Ang by residue) in 8.7818 (sec).
 3-Body A148-ASP 26, A150-LYS 53, A197-LYD 28:       0.00010457 at      2.208 Ang (1.123 Ang by residue) in 8.8768 (sec).
 3-Body A148-ASP 26, A150-LYS 53, A197-LYD 27:       0.00007483 at      2.348 Ang (1.123 Ang by residue) in 9.1348 (sec).
 3-Body A148-ASP 26, A150-LYS 53, A197-LYS 35:       0.00019037 at      2.185 Ang (1.123 Ang by residue) in 8.8573 (sec).
 3-Body A148-ASP 26, A150-LYS 53, A197-LYS 34:       0.00024770 at      2.189 Ang (1.123 Ang by residue) in 8.7729 (sec).
 3-Body A148-ASP 26, A150-LYS 53, A197-LYS 44:       0.00000802 at      2.287 Ang (1.123 Ang by residue) in 8.4145 (sec).
 3-Body A148-ASP 26, A150-LYS 53, A197-LYS 36:       0.00025084 at      2.025 Ang (1.123 Ang by residue) in 8.7562 (sec).
 3-Body A148-ASP 26, A150-LYS 53, A197-LYS 53:       0.00001705 at      2.345 Ang (1.123 Ang by residue) in 8.5892 (sec).
 3-Body A148-ASP 26, A150-LYS 53, A197-LYS 52:      -0.00001355 at      2.223 Ang (1.123 Ang by residue) in 8.5954 (sec).
 3-Body A148-ASP 26, A150-LYS 53, A197-LYS 55:       0.00007635 at      2.208 Ang (1.123 Ang by residue) in 8.1263 (sec).
 3-Body A148-ASP 26, A150-LYS 53, A197-LYS 54:       0.00002409 at      2.348 Ang (1.123 Ang by residue) in 7.2889 (sec).
 3-Body A148-ASP 26, A150-LYS 54, A197-LYD 1 :       0.00016491 at      2.287 Ang (1.123 Ang by residue) in 7.4801 (sec).
 3-Body A148-ASP 26, A150-LYS 54, A197-LYS 0 :      -0.00048600 at      2.287 Ang (1.123 Ang by residue) in 7.2852 (sec).
 3-Body A148-ASP 26, A150-LYS 54, A197-LYD 8 :       0.00030621 at      2.123 Ang (1.123 Ang by residue) in 7.4053 (sec).
 3-Body A148-ASP 26, A150-LYS 54, A197-LYD 7 :       0.00025234 at      2.126 Ang (1.123 Ang by residue) in 7.6141 (sec).
 3-Body A148-ASP 26, A150-LYS 54, A197-LYD 25:       0.00018148 at      2.162 Ang (1.123 Ang by residue) in 7.4054 (sec).
 3-Body A148-ASP 26, A150-LYS 54, A197-LYD 9 :       0.00093344 at      1.957 Ang (1.123 Ang by residue) in 7.4248 (sec).
 3-Body A148-ASP 26, A150-LYS 54, A197-LYD 27:       0.00008291 at      2.290 Ang (1.123 Ang by residue) in 7.3865 (sec).
 3-Body A148-ASP 26, A150-LYS 54, A197-LYD 26:       0.00016490 at      2.287 Ang (1.123 Ang by residue) in 7.2827 (sec).
 3-Body A148-ASP 26, A150-LYS 54, A197-LYS 34:       0.00095007 at      2.126 Ang (1.123 Ang by residue) in 7.2376 (sec).
 3-Body A148-ASP 26, A150-LYS 54, A197-LYD 28:       0.00015174 at      2.147 Ang (1.123 Ang by residue) in 7.3799 (sec).
 3-Body A148-ASP 26, A150-LYS 54, A197-LYS 36:       0.00111650 at      1.957 Ang (1.123 Ang by residue) in 7.3430 (sec).
 3-Body A148-ASP 26, A150-LYS 54, A197-LYS 35:       0.00058084 at      2.123 Ang (1.123 Ang by residue) in 7.2406 (sec).
 3-Body A148-ASP 26, A150-LYS 54, A197-LYS 52:      -0.00075702 at      2.162 Ang (1.123 Ang by residue) in 7.6403 (sec).
 3-Body A148-ASP 26, A150-LYS 54, A197-LYS 44:      -0.00060714 at      2.227 Ang (1.123 Ang by residue) in 7.4635 (sec).
 3-Body A148-ASP 26, A150-LYS 54, A197-LYS 54:      -0.00042113 at      2.290 Ang (1.123 Ang by residue) in 7.2721 (sec).
 3-Body A148-ASP 26, A150-LYS 54, A197-LYS 53:      -0.00048594 at      2.287 Ang (1.123 Ang by residue) in 7.3037 (sec).
 3-Body A148-ASP 26, A150-LYS 55, A197-LYS 0 :       0.00007074 at      2.360 Ang (1.123 Ang by residue) in 7.2539 (sec).
 3-Body A148-ASP 26, A150-LYS 54, A197-LYS 55:      -0.00018760 at      2.147 Ang (1.123 Ang by residue) in 7.6217 (sec).
 3-Body A148-ASP 26, A150-LYS 55, A197-LYD 7 :       0.00007464 at      2.204 Ang (1.123 Ang by residue) in 7.2182 (sec).
 3-Body A148-ASP 26, A150-LYS 55, A197-LYD 1 :       0.00005762 at      2.360 Ang (1.123 Ang by residue) in 7.4018 (sec).
 3-Body A148-ASP 26, A150-LYS 55, A197-LYD 9 :       0.00008992 at      2.041 Ang (1.123 Ang by residue) in 7.3706 (sec).
 3-Body A148-ASP 26, A150-LYS 55, A197-LYD 8 :       0.00007548 at      2.201 Ang (1.123 Ang by residue) in 7.5347 (sec).
 3-Body A148-ASP 26, A150-LYS 55, A197-LYD 26:       0.00005761 at      2.360 Ang (1.123 Ang by residue) in 7.4601 (sec).
 3-Body A148-ASP 26, A150-LYS 55, A197-LYD 25:       0.00006845 at      2.239 Ang (1.123 Ang by residue) in 7.4253 (sec).
 3-Body A148-ASP 26, A150-LYS 55, A197-LYD 28:       0.00007121 at      2.224 Ang (1.123 Ang by residue) in 7.2408 (sec).
 3-Body A148-ASP 26, A150-LYS 55, A197-LYD 27:       0.00005937 at      2.362 Ang (1.123 Ang by residue) in 7.2438 (sec).
 3-Body A148-ASP 26, A150-LYS 55, A197-LYS 35:       0.00013244 at      2.201 Ang (1.123 Ang by residue) in 7.4046 (sec).
 3-Body A148-ASP 26, A150-LYS 55, A197-LYS 34:       0.00014202 at      2.204 Ang (1.123 Ang by residue) in 7.3315 (sec).
 3-Body A148-ASP 26, A150-LYS 55, A197-LYS 44:       0.00007536 at      2.302 Ang (1.123 Ang by residue) in 7.2442 (sec).
 3-Body A148-ASP 26, A150-LYS 55, A197-LYS 36:       0.00009441 at      2.041 Ang (1.123 Ang by residue) in 7.2490 (sec).
 3-Body A148-ASP 26, A150-LYS 55, A197-LYS 53:       0.00007073 at      2.360 Ang (1.123 Ang by residue) in 7.3743 (sec).
 3-Body A148-ASP 26, A150-LYS 55, A197-LYS 52:       0.00006945 at      2.239 Ang (1.123 Ang by residue) in 7.3298 (sec).
 3-Body A148-ASP 26, A150-LYS 55, A197-LYS 55:       0.00010581 at      2.224 Ang (1.123 Ang by residue) in 7.3011 (sec).
 3-Body A148-ASP 26, A150-LYS 55, A197-LYS 54:       0.00006070 at      2.362 Ang (1.123 Ang by residue) in 8.2294 (sec).
 3-Body A236-ASP 0 , A237-LYS 0 , A239-LYD 1 :       0.00015743 at      1.503 Ang (1.745 Ang by residue) in 8.7153 (sec).
 3-Body A236-ASP 0 , A237-LYS 0 , A239-LYS 0 :       0.00671968 at      1.503 Ang (1.745 Ang by residue) in 8.9099 (sec).
 3-Body A236-ASP 0 , A237-LYS 0 , A239-LYD 3 :       0.00042519 at      1.569 Ang (1.745 Ang by residue) in 9.1008 (sec).
 3-Body A236-ASP 0 , A237-LYS 0 , A239-LYD 2 :       0.00058458 at      1.569 Ang (1.745 Ang by residue) in 9.0749 (sec).
 3-Body A236-ASP 0 , A237-LYS 0 , A239-LYD 5 :       0.00049508 at      1.569 Ang (1.745 Ang by residue) in 8.8294 (sec).
 3-Body A236-ASP 0 , A237-LYS 0 , A239-LYD 4 :       0.00043205 at      1.569 Ang (1.745 Ang by residue) in 8.9576 (sec).
 3-Body A236-ASP 0 , A237-LYS 0 , A239-LYD 10:       0.00034479 at      1.569 Ang (1.745 Ang by residue) in 8.0337 (sec).
 3-Body A236-ASP 0 , A237-LYS 0 , A239-LYD 6 :       0.00042166 at      1.569 Ang (1.745 Ang by residue) in 8.7147 (sec).
 3-Body A236-ASP 0 , A237-LYS 0 , A239-LYD 12:       0.00036092 at      1.569 Ang (1.745 Ang by residue) in 8.4520 (sec).
 3-Body A236-ASP 0 , A237-LYS 0 , A239-LYD 11:       0.00035528 at      1.569 Ang (1.745 Ang by residue) in 8.6195 (sec).
 3-Body A236-ASP 0 , A237-LYS 0 , A239-LYD 14:       0.00037001 at      1.569 Ang (1.745 Ang by residue) in 8.5163 (sec).
 3-Body A236-ASP 0 , A237-LYS 0 , A239-LYD 13:       0.00035640 at      1.569 Ang (1.745 Ang by residue) in 8.8355 (sec).
 3-Body A236-ASP 0 , A237-LYS 0 , A239-LYD 16:       0.00067323 at      1.569 Ang (1.745 Ang by residue) in 8.7282 (sec).
 3-Body A236-ASP 0 , A237-LYS 0 , A239-LYD 15:       0.00049127 at      1.569 Ang (1.745 Ang by residue) in 8.9578 (sec).
 3-Body A236-ASP 0 , A237-LYS 0 , A239-LYD 20:      -0.00043299 at      1.483 Ang (1.745 Ang by residue) in 8.6285 (sec).
 3-Body A236-ASP 0 , A237-LYS 0 , A239-LYD 19:       0.00047575 at      1.483 Ang (1.745 Ang by residue) in 8.8286 (sec).
 3-Body A236-ASP 0 , A237-LYS 0 , A239-LYD 22:       0.00193828 at      1.483 Ang (1.745 Ang by residue) in 8.8024 (sec).
 3-Body A236-ASP 0 , A237-LYS 0 , A239-LYD 21:       0.00090067 at      1.483 Ang (1.745 Ang by residue) in 8.8898 (sec).
 3-Body A236-ASP 0 , A237-LYS 0 , A239-LYD 24:       0.00093113 at      1.473 Ang (1.745 Ang by residue) in 8.6626 (sec).
 3-Body A236-ASP 0 , A237-LYS 0 , A239-LYD 23:       0.00057393 at      1.483 Ang (1.745 Ang by residue) in 8.7939 (sec).
 3-Body A236-ASP 0 , A237-LYS 0 , A239-LYS 29:       0.00076238 at      1.569 Ang (1.745 Ang by residue) in 8.8222 (sec).
 3-Body A236-ASP 0 , A237-LYS 0 , A239-LYD 28:       0.00113806 at      1.484 Ang (1.745 Ang by residue) in 8.6866 (sec).
 3-Body A236-ASP 0 , A237-LYS 0 , A239-LYS 31:       0.00041477 at      1.569 Ang (1.745 Ang by residue) in 8.8131 (sec).
 3-Body A236-ASP 0 , A237-LYS 0 , A239-LYS 30:       0.00647323 at      1.508 Ang (1.745 Ang by residue) in 8.5928 (sec).
 3-Body A236-ASP 0 , A237-LYS 0 , A239-LYS 33:       0.00043087 at      1.569 Ang (1.745 Ang by residue) in 8.8317 (sec).
 3-Body A236-ASP 0 , A237-LYS 0 , A239-LYS 32:       0.00060480 at      1.569 Ang (1.745 Ang by residue) in 8.7329 (sec).
 3-Body A236-ASP 0 , A237-LYS 0 , A239-LYS 38:       0.00037806 at      1.569 Ang (1.745 Ang by residue) in 7.9653 (sec).
 3-Body A236-ASP 0 , A237-LYS 0 , A239-LYS 37:       0.00038963 at      1.569 Ang (1.745 Ang by residue) in 8.8918 (sec).
 3-Body A236-ASP 0 , A237-LYS 0 , A239-LYS 40:       0.00037684 at      1.569 Ang (1.745 Ang by residue) in 8.5594 (sec).
 3-Body A236-ASP 0 , A237-LYS 0 , A239-LYS 39:       0.00047920 at      1.569 Ang (1.745 Ang by residue) in 8.7205 (sec).
 3-Body A236-ASP 0 , A237-LYS 0 , A239-LYS 42:       0.00068509 at      1.569 Ang (1.745 Ang by residue) in 8.6862 (sec).
 3-Body A236-ASP 0 , A237-LYS 0 , A239-LYS 41:       0.00038789 at      1.569 Ang (1.745 Ang by residue) in 8.6813 (sec).
 3-Body A236-ASP 0 , A237-LYS 0 , A239-LYS 46:       0.00071130 at      1.483 Ang (1.745 Ang by residue) in 8.6919 (sec).
 3-Body A236-ASP 0 , A237-LYS 0 , A239-LYS 43:       0.00128200 at      1.569 Ang (1.745 Ang by residue) in 8.7425 (sec).
 3-Body A236-ASP 0 , A237-LYS 0 , A239-LYS 48:       0.00182335 at      1.483 Ang (1.745 Ang by residue) in 8.5740 (sec).
 3-Body A236-ASP 0 , A237-LYS 0 , A239-LYS 47:       0.00669572 at      1.483 Ang (1.745 Ang by residue) in 8.6288 (sec).
 3-Body A236-ASP 0 , A237-LYS 0 , A239-LYS 50:       0.00090777 at      1.483 Ang (1.745 Ang by residue) in 8.2810 (sec).
 3-Body A236-ASP 0 , A237-LYS 0 , A239-LYS 49:       0.00510345 at      1.483 Ang (1.745 Ang by residue) in 8.9207 (sec).
 3-Body A236-ASP 0 , A237-LYS 0 , A239-LYS 52:       0.01237952 at      1.437 Ang (1.745 Ang by residue) in 9.0529 (sec).
 3-Body A236-ASP 0 , A237-LYS 0 , A239-LYS 51:       0.00305248 at      1.473 Ang (1.745 Ang by residue) in 8.6515 (sec).
 3-Body A236-ASP 0 , A237-LYS 0 , A239-LYS 55:       0.00370998 at      1.484 Ang (1.745 Ang by residue) in 8.3789 (sec).
 3-Body A236-ASP 0 , A237-LYS 0 , A239-LYS 53:       0.02438059 at      1.413 Ang (1.745 Ang by residue) in 8.5564 (sec).
 3-Body A236-ASP 0 , A237-LYD 1 , A239-LYD 1 :      -0.00022771 at      1.503 Ang (1.745 Ang by residue) in 8.7478 (sec).
 3-Body A236-ASP 0 , A237-LYD 1 , A239-LYS 0 :       0.00502399 at      1.503 Ang (1.745 Ang by residue) in 8.4909 (sec).
 3-Body A236-ASP 0 , A237-LYD 1 , A239-LYD 3 :       0.00036808 at      1.569 Ang (1.745 Ang by residue) in 8.4836 (sec).
 3-Body A236-ASP 0 , A237-LYD 1 , A239-LYD 2 :       0.00051698 at      1.569 Ang (1.745 Ang by residue) in 8.6685 (sec).
 3-Body A236-ASP 0 , A237-LYD 1 , A239-LYD 5 :       0.00043398 at      1.569 Ang (1.745 Ang by residue) in 8.7187 (sec).
 3-Body A236-ASP 0 , A237-LYD 1 , A239-LYD 4 :       0.00037682 at      1.569 Ang (1.745 Ang by residue) in 8.7191 (sec).
 3-Body A236-ASP 0 , A237-LYD 1 , A239-LYD 10:       0.00029308 at      1.569 Ang (1.745 Ang by residue) in 8.7116 (sec).
 3-Body A236-ASP 0 , A237-LYD 1 , A239-LYD 6 :       0.00036460 at      1.569 Ang (1.745 Ang by residue) in 8.3788 (sec).
 3-Body A236-ASP 0 , A237-LYD 1 , A239-LYD 12:       0.00030526 at      1.569 Ang (1.745 Ang by residue) in 8.6260 (sec).
 3-Body A236-ASP 0 , A237-LYD 1 , A239-LYD 11:       0.00030464 at      1.569 Ang (1.745 Ang by residue) in 8.4910 (sec).
 3-Body A236-ASP 0 , A237-LYD 1 , A239-LYD 14:       0.00031438 at      1.569 Ang (1.745 Ang by residue) in 9.1368 (sec).
 3-Body A236-ASP 0 , A237-LYD 1 , A239-LYD 13:       0.00030369 at      1.569 Ang (1.745 Ang by residue) in 8.6152 (sec).
 3-Body A236-ASP 0 , A237-LYD 1 , A239-LYD 16:       0.00059109 at      1.569 Ang (1.745 Ang by residue) in 8.7374 (sec).
 3-Body A236-ASP 0 , A237-LYD 1 , A239-LYD 15:       0.00041950 at      1.569 Ang (1.745 Ang by residue) in 8.8776 (sec).
 3-Body A236-ASP 0 , A237-LYD 1 , A239-LYD 20:      -0.00065409 at      1.483 Ang (1.745 Ang by residue) in 8.8477 (sec).
 3-Body A236-ASP 0 , A237-LYD 1 , A239-LYD 19:       0.00039082 at      1.483 Ang (1.745 Ang by residue) in 8.5525 (sec).
 3-Body A236-ASP 0 , A237-LYD 1 , A239-LYD 22:       0.00167635 at      1.483 Ang (1.745 Ang by residue) in 8.6698 (sec).
 3-Body A236-ASP 0 , A237-LYD 1 , A239-LYD 21:       0.00076327 at      1.483 Ang (1.745 Ang by residue) in 8.7037 (sec).
 3-Body A236-ASP 0 , A237-LYD 1 , A239-LYD 24:       0.00082582 at      1.473 Ang (1.745 Ang by residue) in 8.5826 (sec).
 3-Body A236-ASP 0 , A237-LYD 1 , A239-LYD 23:       0.00049226 at      1.483 Ang (1.745 Ang by residue) in 8.7928 (sec).
 3-Body A236-ASP 0 , A237-LYD 1 , A239-LYS 29:       0.00069843 at      1.569 Ang (1.745 Ang by residue) in 8.6697 (sec).
 3-Body A236-ASP 0 , A237-LYD 1 , A239-LYD 28:       0.00082187 at      1.484 Ang (1.745 Ang by residue) in 8.9009 (sec).
 3-Body A236-ASP 0 , A237-LYD 1 , A239-LYS 31:       0.00036317 at      1.569 Ang (1.745 Ang by residue) in 8.7217 (sec).
 3-Body A236-ASP 0 , A237-LYD 1 , A239-LYS 30:       0.00599212 at      1.508 Ang (1.745 Ang by residue) in 8.6062 (sec).
 3-Body A236-ASP 0 , A237-LYD 1 , A239-LYS 33:       0.00036766 at      1.569 Ang (1.745 Ang by residue) in 8.7576 (sec).
 3-Body A236-ASP 0 , A237-LYD 1 , A239-LYS 32:       0.00055760 at      1.569 Ang (1.745 Ang by residue) in 8.7707 (sec).
 3-Body A236-ASP 0 , A237-LYD 1 , A239-LYS 38:       0.00031841 at      1.569 Ang (1.745 Ang by residue) in 8.5529 (sec).
 3-Body A236-ASP 0 , A237-LYD 1 , A239-LYS 37:       0.00033111 at      1.569 Ang (1.745 Ang by residue) in 8.6790 (sec).
 3-Body A236-ASP 0 , A237-LYD 1 , A239-LYS 40:       0.00030230 at      1.569 Ang (1.745 Ang by residue) in 8.4635 (sec).
 3-Body A236-ASP 0 , A237-LYD 1 , A239-LYS 39:       0.00038843 at      1.569 Ang (1.745 Ang by residue) in 8.5665 (sec).
 3-Body A236-ASP 0 , A237-LYD 1 , A239-LYS 42:       0.00059373 at      1.569 Ang (1.745 Ang by residue) in 8.3514 (sec).
 3-Body A236-ASP 0 , A237-LYD 1 , A239-LYS 41:       0.00031666 at      1.569 Ang (1.745 Ang by residue) in 8.6836 (sec).
 3-Body A236-ASP 0 , A237-LYD 1 , A239-LYS 46:       0.00059570 at      1.483 Ang (1.745 Ang by residue) in 8.6391 (sec).
 3-Body A236-ASP 0 , A237-LYD 1 , A239-LYS 43:       0.00113904 at      1.569 Ang (1.745 Ang by residue) in 8.6391 (sec).
 3-Body A236-ASP 0 , A237-LYD 1 , A239-LYS 48:       0.00165918 at      1.483 Ang (1.745 Ang by residue) in 8.5944 (sec).
 3-Body A236-ASP 0 , A237-LYD 1 , A239-LYS 47:       0.00661914 at      1.483 Ang (1.745 Ang by residue) in 8.7357 (sec).
 3-Body A236-ASP 0 , A237-LYD 1 , A239-LYS 50:       0.00082437 at      1.483 Ang (1.745 Ang by residue) in 8.7869 (sec).
 3-Body A236-ASP 0 , A237-LYD 1 , A239-LYS 49:       0.00458662 at      1.483 Ang (1.745 Ang by residue) in 8.6451 (sec).
 3-Body A236-ASP 0 , A237-LYD 1 , A239-LYS 52:       0.01107200 at      1.437 Ang (1.745 Ang by residue) in 9.0296 (sec).
 3-Body A236-ASP 0 , A237-LYD 1 , A239-LYS 51:       0.00297142 at      1.473 Ang (1.745 Ang by residue) in 8.7660 (sec).
 3-Body A236-ASP 0 , A237-LYD 1 , A239-LYS 55:       0.00313984 at      1.484 Ang (1.745 Ang by residue) in 8.7987 (sec).
 3-Body A236-ASP 0 , A237-LYD 1 , A239-LYS 53:       0.01850558 at      1.413 Ang (1.745 Ang by residue) in 8.6417 (sec).
 3-Body A236-ASP 0 , A237-LYD 7 , A239-LYD 1 :      -0.00054552 at      1.503 Ang (1.745 Ang by residue) in 8.5658 (sec).
 3-Body A236-ASP 0 , A237-LYD 7 , A239-LYS 0 :       0.00523441 at      1.503 Ang (1.745 Ang by residue) in 8.6815 (sec).
 3-Body A236-ASP 0 , A237-LYD 7 , A239-LYD 3 :       0.00035353 at      1.569 Ang (1.745 Ang by residue) in 8.7185 (sec).
 3-Body A236-ASP 0 , A237-LYD 7 , A239-LYD 2 :       0.00051238 at      1.569 Ang (1.745 Ang by residue) in 8.4853 (sec).
 3-Body A236-ASP 0 , A237-LYD 7 , A239-LYD 5 :       0.00042056 at      1.569 Ang (1.745 Ang by residue) in 8.7110 (sec).
 3-Body A236-ASP 0 , A237-LYD 7 , A239-LYD 4 :       0.00036285 at      1.569 Ang (1.745 Ang by residue) in 8.7362 (sec).
 3-Body A236-ASP 0 , A237-LYD 7 , A239-LYD 10:       0.00026830 at      1.569 Ang (1.745 Ang by residue) in 8.3175 (sec).
 3-Body A236-ASP 0 , A237-LYD 7 , A239-LYD 6 :       0.00034678 at      1.569 Ang (1.745 Ang by residue) in 8.5968 (sec).
 3-Body A236-ASP 0 , A237-LYD 7 , A239-LYD 12:       0.00028003 at      1.569 Ang (1.745 Ang by residue) in 8.9106 (sec).
 3-Body A236-ASP 0 , A237-LYD 7 , A239-LYD 11:       0.00028128 at      1.569 Ang (1.745 Ang by residue) in 8.4616 (sec).
 3-Body A236-ASP 0 , A237-LYD 7 , A239-LYD 14:       0.00029196 at      1.569 Ang (1.745 Ang by residue) in 8.9586 (sec).
 3-Body A236-ASP 0 , A237-LYD 7 , A239-LYD 13:       0.00027917 at      1.569 Ang (1.745 Ang by residue) in 8.6918 (sec).
 3-Body A236-ASP 0 , A237-LYD 7 , A239-LYD 16:       0.00057699 at      1.569 Ang (1.745 Ang by residue) in 9.0227 (sec).
 3-Body A236-ASP 0 , A237-LYD 7 , A239-LYD 15:       0.00039739 at      1.569 Ang (1.745 Ang by residue) in 8.4117 (sec).
 3-Body A236-ASP 0 , A237-LYD 7 , A239-LYD 20:      -0.00103826 at      1.483 Ang (1.745 Ang by residue) in 8.6999 (sec).
 3-Body A236-ASP 0 , A237-LYD 7 , A239-LYD 19:       0.00025804 at      1.483 Ang (1.745 Ang by residue) in 8.5035 (sec).
 3-Body A236-ASP 0 , A237-LYD 7 , A239-LYD 22:       0.00156029 at      1.483 Ang (1.745 Ang by residue) in 8.7437 (sec).
 3-Body A236-ASP 0 , A237-LYD 7 , A239-LYD 21:       0.00062930 at      1.483 Ang (1.745 Ang by residue) in 8.6598 (sec).
 3-Body A236-ASP 0 , A237-LYD 7 , A239-LYD 24:       0.00071023 at      1.473 Ang (1.745 Ang by residue) in 8.5025 (sec).
 3-Body A236-ASP 0 , A237-LYD 7 , A239-LYD 23:       0.00037602 at      1.483 Ang (1.745 Ang by residue) in 8.6703 (sec).
 3-Body A236-ASP 0 , A237-LYD 7 , A239-LYS 29:       0.00073315 at      1.569 Ang (1.745 Ang by residue) in 8.4242 (sec).
 3-Body A236-ASP 0 , A237-LYD 7 , A239-LYD 28:       0.00050406 at      1.484 Ang (1.745 Ang by residue) in 8.6772 (sec).
 3-Body A236-ASP 0 , A237-LYD 7 , A239-LYS 31:       0.00035850 at      1.569 Ang (1.745 Ang by residue) in 8.5192 (sec).
 3-Body A236-ASP 0 , A237-LYD 7 , A239-LYS 30:       0.00634489 at      1.508 Ang (1.745 Ang by residue) in 9.1709 (sec).
 3-Body A236-ASP 0 , A237-LYD 7 , A239-LYS 33:       0.00036363 at      1.569 Ang (1.745 Ang by residue) in 9.0432 (sec).
 3-Body A236-ASP 0 , A237-LYD 7 , A239-LYS 32:       0.00057553 at      1.569 Ang (1.745 Ang by residue) in 8.9091 (sec).
 3-Body A236-ASP 0 , A237-LYD 7 , A239-LYS 38:       0.00030902 at      1.569 Ang (1.745 Ang by residue) in 8.8766 (sec).
 3-Body A236-ASP 0 , A237-LYD 7 , A239-LYS 37:       0.00032027 at      1.569 Ang (1.745 Ang by residue) in 8.9123 (sec).
 3-Body A236-ASP 0 , A237-LYD 7 , A239-LYS 40:       0.00029055 at      1.569 Ang (1.745 Ang by residue) in 9.1342 (sec).
 3-Body A236-ASP 0 , A237-LYD 7 , A239-LYS 39:       0.00038318 at      1.569 Ang (1.745 Ang by residue) in 8.7569 (sec).
 3-Body A236-ASP 0 , A237-LYD 7 , A239-LYS 42:       0.00060721 at      1.569 Ang (1.745 Ang by residue) in 8.8883 (sec).
 3-Body A236-ASP 0 , A237-LYD 7 , A239-LYS 41:       0.00030447 at      1.569 Ang (1.745 Ang by residue) in 8.8819 (sec).
 3-Body A236-ASP 0 , A237-LYD 7 , A239-LYS 46:       0.00050603 at      1.483 Ang (1.745 Ang by residue) in 8.7618 (sec).
 3-Body A236-ASP 0 , A237-LYD 7 , A239-LYS 43:       0.00119576 at      1.569 Ang (1.745 Ang by residue) in 8.7371 (sec).
 3-Body A236-ASP 0 , A237-LYD 7 , A239-LYS 48:       0.00166172 at      1.483 Ang (1.745 Ang by residue) in 8.5090 (sec).
 3-Body A236-ASP 0 , A237-LYD 7 , A239-LYS 47:       0.00716429 at      1.483 Ang (1.745 Ang by residue) in 8.7816 (sec).
 3-Body A236-ASP 0 , A237-LYD 7 , A239-LYS 50:       0.00077241 at      1.483 Ang (1.745 Ang by residue) in 8.6798 (sec).
 3-Body A236-ASP 0 , A237-LYD 7 , A239-LYS 49:       0.00479348 at      1.483 Ang (1.745 Ang by residue) in 8.6686 (sec).
 3-Body A236-ASP 0 , A237-LYD 7 , A239-LYS 52:       0.01105812 at      1.437 Ang (1.745 Ang by residue) in 8.8046 (sec).
 3-Body A236-ASP 0 , A237-LYD 7 , A239-LYS 51:       0.00322424 at      1.473 Ang (1.745 Ang by residue) in 8.7900 (sec).
 3-Body A236-ASP 0 , A237-LYD 7 , A239-LYS 55:       0.00303151 at      1.484 Ang (1.745 Ang by residue) in 8.7870 (sec).
 3-Body A236-ASP 0 , A237-LYD 7 , A239-LYS 53:       0.01862090 at      1.413 Ang (1.745 Ang by residue) in 8.7833 (sec).
 3-Body A236-ASP 0 , A237-LYD 8 , A239-LYD 1 :      -0.00056469 at      1.503 Ang (1.745 Ang by residue) in 8.7699 (sec).
 3-Body A236-ASP 0 , A237-LYD 8 , A239-LYS 0 :       0.00514732 at      1.503 Ang (1.745 Ang by residue) in 8.6773 (sec).
 3-Body A236-ASP 0 , A237-LYD 8 , A239-LYD 3 :       0.00034678 at      1.569 Ang (1.745 Ang by residue) in 8.7513 (sec).
 3-Body A236-ASP 0 , A237-LYD 8 , A239-LYD 2 :       0.00050187 at      1.569 Ang (1.745 Ang by residue) in 8.5048 (sec).
 3-Body A236-ASP 0 , A237-LYD 8 , A239-LYD 5 :       0.00041241 at      1.569 Ang (1.745 Ang by residue) in 8.9625 (sec).
 3-Body A236-ASP 0 , A237-LYD 8 , A239-LYD 4 :       0.00035531 at      1.569 Ang (1.745 Ang by residue) in 8.5982 (sec).
 3-Body A236-ASP 0 , A237-LYD 8 , A239-LYD 10:       0.00026458 at      1.569 Ang (1.745 Ang by residue) in 8.7518 (sec).
 3-Body A236-ASP 0 , A237-LYD 8 , A239-LYD 6 :       0.00034005 at      1.569 Ang (1.745 Ang by residue) in 8.5889 (sec).
 3-Body A236-ASP 0 , A237-LYD 8 , A239-LYD 12:       0.00027651 at      1.569 Ang (1.745 Ang by residue) in 8.4638 (sec).
 3-Body A236-ASP 0 , A237-LYD 8 , A239-LYD 11:       0.00027688 at      1.569 Ang (1.745 Ang by residue) in 8.4760 (sec).
 3-Body A236-ASP 0 , A237-LYD 8 , A239-LYD 14:       0.00028780 at      1.569 Ang (1.745 Ang by residue) in 8.7641 (sec).
 3-Body A236-ASP 0 , A237-LYD 8 , A239-LYD 13:       0.00027482 at      1.569 Ang (1.745 Ang by residue) in 8.7061 (sec).
 3-Body A236-ASP 0 , A237-LYD 8 , A239-LYD 16:       0.00057093 at      1.569 Ang (1.745 Ang by residue) in 8.9160 (sec).
 3-Body A236-ASP 0 , A237-LYD 8 , A239-LYD 15:       0.00039159 at      1.569 Ang (1.745 Ang by residue) in 8.5367 (sec).
 3-Body A236-ASP 0 , A237-LYD 8 , A239-LYD 20:      -0.00103587 at      1.483 Ang (1.745 Ang by residue) in 9.1703 (sec).
 3-Body A236-ASP 0 , A237-LYD 8 , A239-LYD 19:       0.00025300 at      1.483 Ang (1.745 Ang by residue) in 8.6443 (sec).
 3-Body A236-ASP 0 , A237-LYD 8 , A239-LYD 22:       0.00155941 at      1.483 Ang (1.745 Ang by residue) in 8.4846 (sec).
 3-Body A236-ASP 0 , A237-LYD 8 , A239-LYD 21:       0.00062487 at      1.483 Ang (1.745 Ang by residue) in 8.6930 (sec).
 3-Body A236-ASP 0 , A237-LYD 8 , A239-LYD 24:       0.00069264 at      1.473 Ang (1.745 Ang by residue) in 8.3863 (sec).
 3-Body A236-ASP 0 , A237-LYD 8 , A239-LYD 23:       0.00036841 at      1.483 Ang (1.745 Ang by residue) in 8.6203 (sec).
 3-Body A236-ASP 0 , A237-LYD 8 , A239-LYS 29:       0.00072256 at      1.569 Ang (1.745 Ang by residue) in 8.6138 (sec).
 3-Body A236-ASP 0 , A237-LYD 8 , A239-LYD 28:       0.00049443 at      1.484 Ang (1.745 Ang by residue) in 8.6174 (sec).
 3-Body A236-ASP 0 , A237-LYD 8 , A239-LYS 31:       0.00035154 at      1.569 Ang (1.745 Ang by residue) in 8.7379 (sec).
 3-Body A236-ASP 0 , A237-LYD 8 , A239-LYS 30:       0.00638333 at      1.508 Ang (1.745 Ang by residue) in 8.7279 (sec).
 3-Body A236-ASP 0 , A237-LYD 8 , A239-LYS 33:       0.00035761 at      1.569 Ang (1.745 Ang by residue) in 8.8466 (sec).
 3-Body A236-ASP 0 , A237-LYD 8 , A239-LYS 32:       0.00056097 at      1.569 Ang (1.745 Ang by residue) in 8.4950 (sec).
 3-Body A236-ASP 0 , A237-LYD 8 , A239-LYS 38:       0.00030485 at      1.569 Ang (1.745 Ang by residue) in 8.7725 (sec).
 3-Body A236-ASP 0 , A237-LYD 8 , A239-LYS 37:       0.00031470 at      1.569 Ang (1.745 Ang by residue) in 8.6347 (sec).
 3-Body A236-ASP 0 , A237-LYD 8 , A239-LYS 40:       0.00028690 at      1.569 Ang (1.745 Ang by residue) in 8.8446 (sec).
 3-Body A236-ASP 0 , A237-LYD 8 , A239-LYS 39:       0.00037787 at      1.569 Ang (1.745 Ang by residue) in 8.8962 (sec).
 3-Body A236-ASP 0 , A237-LYD 8 , A239-LYS 42:       0.00060310 at      1.569 Ang (1.745 Ang by residue) in 8.7749 (sec).
 3-Body A236-ASP 0 , A237-LYD 8 , A239-LYS 41:       0.00029929 at      1.569 Ang (1.745 Ang by residue) in 8.9306 (sec).
 3-Body A236-ASP 0 , A237-LYD 8 , A239-LYS 46:       0.00050337 at      1.483 Ang (1.745 Ang by residue) in 8.7032 (sec).
 3-Body A236-ASP 0 , A237-LYD 8 , A239-LYS 43:       0.00118939 at      1.569 Ang (1.745 Ang by residue) in 9.0070 (sec).
 3-Body A236-ASP 0 , A237-LYD 8 , A239-LYS 48:       0.00166629 at      1.483 Ang (1.745 Ang by residue) in 8.8103 (sec).
 3-Body A236-ASP 0 , A237-LYD 8 , A239-LYS 47:       0.00715825 at      1.483 Ang (1.745 Ang by residue) in 8.5648 (sec).
 3-Body A236-ASP 0 , A237-LYD 8 , A239-LYS 50:       0.00076428 at      1.483 Ang (1.745 Ang by residue) in 8.7732 (sec).
 3-Body A236-ASP 0 , A237-LYD 8 , A239-LYS 49:       0.00481559 at      1.483 Ang (1.745 Ang by residue) in 8.8779 (sec).
 3-Body A236-ASP 0 , A237-LYD 8 , A239-LYS 52:       0.01101425 at      1.437 Ang (1.745 Ang by residue) in 9.1127 (sec).
 3-Body A236-ASP 0 , A237-LYD 8 , A239-LYS 51:       0.00317438 at      1.473 Ang (1.745 Ang by residue) in 8.9069 (sec).
 3-Body A236-ASP 0 , A237-LYD 8 , A239-LYS 55:       0.00300912 at      1.484 Ang (1.745 Ang by residue) in 8.7394 (sec).
 3-Body A236-ASP 0 , A237-LYD 8 , A239-LYS 53:       0.01829404 at      1.413 Ang (1.745 Ang by residue) in 8.8295 (sec).
 3-Body A236-ASP 0 , A237-LYD 9 , A239-LYD 1 :      -0.00050178 at      1.503 Ang (1.745 Ang by residue) in 8.8943 (sec).
 3-Body A236-ASP 0 , A237-LYD 9 , A239-LYS 0 :       0.00516408 at      1.503 Ang (1.745 Ang by residue) in 8.7827 (sec).
 3-Body A236-ASP 0 , A237-LYD 9 , A239-LYD 3 :       0.00035766 at      1.569 Ang (1.745 Ang by residue) in 8.8534 (sec).
 3-Body A236-ASP 0 , A237-LYD 9 , A239-LYD 2 :       0.00051363 at      1.569 Ang (1.745 Ang by residue) in 8.4612 (sec).
 3-Body A236-ASP 0 , A237-LYD 9 , A239-LYD 5 :       0.00042448 at      1.569 Ang (1.745 Ang by residue) in 7.2167 (sec).
 3-Body A236-ASP 0 , A237-LYD 9 , A239-LYD 4 :       0.00036617 at      1.569 Ang (1.745 Ang by residue) in 7.4488 (sec).
 3-Body A236-ASP 0 , A237-LYD 9 , A239-LYD 10:       0.00027435 at      1.569 Ang (1.745 Ang by residue) in 7.2383 (sec).
 3-Body A236-ASP 0 , A237-LYD 9 , A239-LYD 6 :       0.00035111 at      1.569 Ang (1.745 Ang by residue) in 7.3027 (sec).
 3-Body A236-ASP 0 , A237-LYD 9 , A239-LYD 12:       0.00028641 at      1.569 Ang (1.745 Ang by residue) in 7.4573 (sec).
 3-Body A236-ASP 0 , A237-LYD 9 , A239-LYD 11:       0.00028645 at      1.569 Ang (1.745 Ang by residue) in 7.0551 (sec).
 3-Body A236-ASP 0 , A237-LYD 9 , A239-LYD 14:       0.00029725 at      1.569 Ang (1.745 Ang by residue) in 7.5113 (sec).
 3-Body A236-ASP 0 , A237-LYD 9 , A239-LYD 13:       0.00028480 at      1.569 Ang (1.745 Ang by residue) in 7.9922 (sec).
 3-Body A236-ASP 0 , A237-LYD 9 , A239-LYD 16:       0.00058107 at      1.569 Ang (1.745 Ang by residue) in 8.8714 (sec).
 3-Body A236-ASP 0 , A237-LYD 9 , A239-LYD 15:       0.00040266 at      1.569 Ang (1.745 Ang by residue) in 8.6502 (sec).
 3-Body A236-ASP 0 , A237-LYD 9 , A239-LYD 20:      -0.00097148 at      1.483 Ang (1.745 Ang by residue) in 8.9295 (sec).
 3-Body A236-ASP 0 , A237-LYD 9 , A239-LYD 19:       0.00028612 at      1.483 Ang (1.745 Ang by residue) in 8.8452 (sec).
 3-Body A236-ASP 0 , A237-LYD 9 , A239-LYD 22:       0.00157546 at      1.483 Ang (1.745 Ang by residue) in 8.7723 (sec).
 3-Body A236-ASP 0 , A237-LYD 9 , A239-LYD 21:       0.00065662 at      1.483 Ang (1.745 Ang by residue) in 8.6361 (sec).
 3-Body A236-ASP 0 , A237-LYD 9 , A239-LYD 24:       0.00073230 at      1.473 Ang (1.745 Ang by residue) in 8.9471 (sec).
 3-Body A236-ASP 0 , A237-LYD 9 , A239-LYD 23:       0.00040032 at      1.483 Ang (1.745 Ang by residue) in 8.9297 (sec).
 3-Body A236-ASP 0 , A237-LYD 9 , A239-LYS 29:       0.00072357 at      1.569 Ang (1.745 Ang by residue) in 8.9973 (sec).
 3-Body A236-ASP 0 , A237-LYD 9 , A239-LYD 28:       0.00056309 at      1.484 Ang (1.745 Ang by residue) in 8.9457 (sec).
 3-Body A236-ASP 0 , A237-LYD 9 , A239-LYS 31:       0.00035634 at      1.569 Ang (1.745 Ang by residue) in 8.8634 (sec).
 3-Body A236-ASP 0 , A237-LYD 9 , A239-LYS 30:       0.00629161 at      1.508 Ang (1.745 Ang by residue) in 9.0770 (sec).
 3-Body A236-ASP 0 , A237-LYD 9 , A239-LYS 33:       0.00036140 at      1.569 Ang (1.745 Ang by residue) in 9.2716 (sec).
 3-Body A236-ASP 0 , A237-LYD 9 , A239-LYS 32:       0.00056505 at      1.569 Ang (1.745 Ang by residue) in 9.1087 (sec).
 3-Body A236-ASP 0 , A237-LYD 9 , A239-LYS 38:       0.00030766 at      1.569 Ang (1.745 Ang by residue) in 8.9816 (sec).
 3-Body A236-ASP 0 , A237-LYD 9 , A239-LYS 37:       0.00031822 at      1.569 Ang (1.745 Ang by residue) in 9.1996 (sec).
 3-Body A236-ASP 0 , A237-LYD 9 , A239-LYS 40:       0.00029021 at      1.569 Ang (1.745 Ang by residue) in 9.0018 (sec).
 3-Body A236-ASP 0 , A237-LYD 9 , A239-LYS 39:       0.00038081 at      1.569 Ang (1.745 Ang by residue) in 9.0734 (sec).
 3-Body A236-ASP 0 , A237-LYD 9 , A239-LYS 42:       0.00060282 at      1.569 Ang (1.745 Ang by residue) in 8.9683 (sec).
 3-Body A236-ASP 0 , A237-LYD 9 , A239-LYS 41:       0.00030330 at      1.569 Ang (1.745 Ang by residue) in 8.7940 (sec).
 3-Body A236-ASP 0 , A237-LYD 9 , A239-LYS 46:       0.00052363 at      1.483 Ang (1.745 Ang by residue) in 9.0114 (sec).
 3-Body A236-ASP 0 , A237-LYD 9 , A239-LYS 43:       0.00118464 at      1.569 Ang (1.745 Ang by residue) in 8.3789 (sec).
 3-Body A236-ASP 0 , A237-LYD 9 , A239-LYS 48:       0.00166844 at      1.483 Ang (1.745 Ang by residue) in 8.7317 (sec).
 3-Body A236-ASP 0 , A237-LYD 9 , A239-LYS 47:       0.00709394 at      1.483 Ang (1.745 Ang by residue) in 8.6762 (sec).
 3-Body A236-ASP 0 , A237-LYD 9 , A239-LYS 50:       0.00078164 at      1.483 Ang (1.745 Ang by residue) in 8.9824 (sec).
 3-Body A236-ASP 0 , A237-LYD 9 , A239-LYS 49:       0.00476475 at      1.483 Ang (1.745 Ang by residue) in 9.1124 (sec).
 3-Body A236-ASP 0 , A237-LYD 9 , A239-LYS 52:       0.01100360 at      1.437 Ang (1.745 Ang by residue) in 9.0718 (sec).
 3-Body A236-ASP 0 , A237-LYD 9 , A239-LYS 51:       0.00316736 at      1.473 Ang (1.745 Ang by residue) in 9.0455 (sec).
 3-Body A236-ASP 0 , A237-LYD 9 , A239-LYS 55:       0.00305968 at      1.484 Ang (1.745 Ang by residue) in 8.9300 (sec).
 3-Body A236-ASP 0 , A237-LYD 9 , A239-LYS 53:       0.01835470 at      1.413 Ang (1.745 Ang by residue) in 9.0917 (sec).
 3-Body A236-ASP 0 , A237-LYD 10, A239-LYD 1 :      -0.00025307 at      1.503 Ang (1.745 Ang by residue) in 9.0035 (sec).
 3-Body A236-ASP 0 , A237-LYD 10, A239-LYS 0 :       0.00512828 at      1.503 Ang (1.745 Ang by residue) in 8.9363 (sec).
 3-Body A236-ASP 0 , A237-LYD 10, A239-LYD 3 :       0.00037386 at      1.569 Ang (1.745 Ang by residue) in 8.9468 (sec).
 3-Body A236-ASP 0 , A237-LYD 10, A239-LYD 2 :       0.00052579 at      1.569 Ang (1.745 Ang by residue) in 8.5708 (sec).
 3-Body A236-ASP 0 , A237-LYD 10, A239-LYD 5 :       0.00044072 at      1.569 Ang (1.745 Ang by residue) in 9.0382 (sec).
 3-Body A236-ASP 0 , A237-LYD 10, A239-LYD 4 :       0.00038302 at      1.569 Ang (1.745 Ang by residue) in 8.9314 (sec).
 3-Body A236-ASP 0 , A237-LYD 10, A239-LYD 10:       0.00029499 at      1.569 Ang (1.745 Ang by residue) in 8.1458 (sec).
 3-Body A236-ASP 0 , A237-LYD 10, A239-LYD 6 :       0.00037031 at      1.569 Ang (1.745 Ang by residue) in 7.6081 (sec).
 3-Body A236-ASP 0 , A237-LYD 10, A239-LYD 12:       0.00030722 at      1.569 Ang (1.745 Ang by residue) in 7.3209 (sec).
 3-Body A236-ASP 0 , A237-LYD 10, A239-LYD 11:       0.00030708 at      1.569 Ang (1.745 Ang by residue) in 7.3741 (sec).
 3-Body A236-ASP 0 , A237-LYD 10, A239-LYD 14:       0.00031681 at      1.569 Ang (1.745 Ang by residue) in 7.2835 (sec).
 3-Body A236-ASP 0 , A237-LYD 10, A239-LYD 13:       0.00030580 at      1.569 Ang (1.745 Ang by residue) in 7.4076 (sec).
 3-Body A236-ASP 0 , A237-LYD 10, A239-LYD 16:       0.00059916 at      1.569 Ang (1.745 Ang by residue) in 7.4383 (sec).
 3-Body A236-ASP 0 , A237-LYD 10, A239-LYD 15:       0.00042353 at      1.569 Ang (1.745 Ang by residue) in 7.3574 (sec).
 3-Body A236-ASP 0 , A237-LYD 10, A239-LYD 20:      -0.00068627 at      1.483 Ang (1.745 Ang by residue) in 7.5377 (sec).
 3-Body A236-ASP 0 , A237-LYD 10, A239-LYD 19:       0.00038863 at      1.483 Ang (1.745 Ang by residue) in 7.2799 (sec).
 3-Body A236-ASP 0 , A237-LYD 10, A239-LYD 22:       0.00171722 at      1.483 Ang (1.745 Ang by residue) in 7.3701 (sec).
 3-Body A236-ASP 0 , A237-LYD 10, A239-LYD 21:       0.00077037 at      1.483 Ang (1.745 Ang by residue) in 7.3932 (sec).
 3-Body A236-ASP 0 , A237-LYD 10, A239-LYD 24:       0.00083091 at      1.473 Ang (1.745 Ang by residue) in 7.3348 (sec).
 3-Body A236-ASP 0 , A237-LYD 10, A239-LYD 23:       0.00049255 at      1.483 Ang (1.745 Ang by residue) in 7.3773 (sec).
 3-Body A236-ASP 0 , A237-LYD 10, A239-LYS 29:       0.00071572 at      1.569 Ang (1.745 Ang by residue) in 7.5002 (sec).
 3-Body A236-ASP 0 , A237-LYD 10, A239-LYD 28:       0.00082385 at      1.484 Ang (1.745 Ang by residue) in 7.2296 (sec).
 3-Body A236-ASP 0 , A237-LYD 10, A239-LYS 31:       0.00037245 at      1.569 Ang (1.745 Ang by residue) in 7.4817 (sec).
 3-Body A236-ASP 0 , A237-LYD 10, A239-LYS 30:       0.00616623 at      1.508 Ang (1.745 Ang by residue) in 7.4985 (sec).
 3-Body A236-ASP 0 , A237-LYD 10, A239-LYS 33:       0.00037696 at      1.569 Ang (1.745 Ang by residue) in 7.3263 (sec).
 3-Body A236-ASP 0 , A237-LYD 10, A239-LYS 32:       0.00057249 at      1.569 Ang (1.745 Ang by residue) in 7.4628 (sec).
 3-Body A236-ASP 0 , A237-LYD 10, A239-LYS 38:       0.00032471 at      1.569 Ang (1.745 Ang by residue) in 7.5838 (sec).
 3-Body A236-ASP 0 , A237-LYD 10, A239-LYS 37:       0.00033741 at      1.569 Ang (1.745 Ang by residue) in 7.2282 (sec).
 3-Body A236-ASP 0 , A237-LYD 10, A239-LYS 40:       0.00030752 at      1.569 Ang (1.745 Ang by residue) in 7.4287 (sec).
 3-Body A236-ASP 0 , A237-LYD 10, A239-LYS 39:       0.00039548 at      1.569 Ang (1.745 Ang by residue) in 7.5348 (sec).
 3-Body A236-ASP 0 , A237-LYD 10, A239-LYS 42:       0.00060636 at      1.569 Ang (1.745 Ang by residue) in 7.2940 (sec).
 3-Body A236-ASP 0 , A237-LYD 10, A239-LYS 41:       0.00032200 at      1.569 Ang (1.745 Ang by residue) in 7.4590 (sec).
 3-Body A236-ASP 0 , A237-LYD 10, A239-LYS 46:       0.00060270 at      1.483 Ang (1.745 Ang by residue) in 7.8459 (sec).
 3-Body A236-ASP 0 , A237-LYD 10, A239-LYS 43:       0.00116425 at      1.569 Ang (1.745 Ang by residue) in 7.3358 (sec).
 3-Body A236-ASP 0 , A237-LYD 10, A239-LYS 48:       0.00169268 at      1.483 Ang (1.745 Ang by residue) in 7.5114 (sec).
 3-Body A236-ASP 0 , A237-LYD 10, A239-LYS 47:       0.00676648 at      1.483 Ang (1.745 Ang by residue) in 7.4121 (sec).
 3-Body A236-ASP 0 , A237-LYD 10, A239-LYS 50:       0.00083705 at      1.483 Ang (1.745 Ang by residue) in 7.3149 (sec).
 3-Body A236-ASP 0 , A237-LYD 10, A239-LYS 49:       0.00471063 at      1.483 Ang (1.745 Ang by residue) in 7.4991 (sec).
 3-Body A236-ASP 0 , A237-LYD 10, A239-LYS 52:       0.01138347 at      1.437 Ang (1.745 Ang by residue) in 7.4905 (sec).
 3-Body A236-ASP 0 , A237-LYD 10, A239-LYS 51:       0.00302714 at      1.473 Ang (1.745 Ang by residue) in 7.5557 (sec).
 3-Body A236-ASP 0 , A237-LYD 10, A239-LYS 55:       0.00319040 at      1.484 Ang (1.745 Ang by residue) in 7.4401 (sec).
 3-Body A236-ASP 0 , A237-LYD 10, A239-LYS 53:       0.01900593 at      1.413 Ang (1.745 Ang by residue) in 7.4091 (sec).
 3-Body A236-ASP 0 , A237-LYD 11, A239-LYD 1 :      -0.00019116 at      1.503 Ang (1.745 Ang by residue) in 7.6611 (sec).
 3-Body A236-ASP 0 , A237-LYD 11, A239-LYS 0 :       0.00522434 at      1.503 Ang (1.745 Ang by residue) in 7.5235 (sec).
 3-Body A236-ASP 0 , A237-LYD 11, A239-LYD 3 :       0.00038075 at      1.569 Ang (1.745 Ang by residue) in 7.7012 (sec).
 3-Body A236-ASP 0 , A237-LYD 11, A239-LYD 2 :       0.00053296 at      1.569 Ang (1.745 Ang by residue) in 7.6338 (sec).
 3-Body A236-ASP 0 , A237-LYD 11, A239-LYD 5 :       0.00044773 at      1.569 Ang (1.745 Ang by residue) in 7.1486 (sec).
 3-Body A236-ASP 0 , A237-LYD 11, A239-LYD 4 :       0.00038940 at      1.569 Ang (1.745 Ang by residue) in 7.2824 (sec).
 3-Body A236-ASP 0 , A237-LYD 11, A239-LYD 10:       0.00030348 at      1.569 Ang (1.745 Ang by residue) in 7.2074 (sec).
 3-Body A236-ASP 0 , A237-LYD 11, A239-LYD 6 :       0.00037689 at      1.569 Ang (1.745 Ang by residue) in 7.1157 (sec).
 3-Body A236-ASP 0 , A237-LYD 11, A239-LYD 12:       0.00031592 at      1.569 Ang (1.745 Ang by residue) in 7.2978 (sec).
 3-Body A236-ASP 0 , A237-LYD 11, A239-LYD 11:       0.00031510 at      1.569 Ang (1.745 Ang by residue) in 7.1787 (sec).
 3-Body A236-ASP 0 , A237-LYD 11, A239-LYD 14:       0.00032494 at      1.569 Ang (1.745 Ang by residue) in 7.1554 (sec).
 3-Body A236-ASP 0 , A237-LYD 11, A239-LYD 13:       0.00031381 at      1.569 Ang (1.745 Ang by residue) in 7.1631 (sec).
 3-Body A236-ASP 0 , A237-LYD 11, A239-LYD 16:       0.00060926 at      1.569 Ang (1.745 Ang by residue) in 7.0861 (sec).
 3-Body A236-ASP 0 , A237-LYD 11, A239-LYD 15:       0.00043341 at      1.569 Ang (1.745 Ang by residue) in 7.2330 (sec).
 3-Body A236-ASP 0 , A237-LYD 11, A239-LYD 20:      -0.00061762 at      1.483 Ang (1.745 Ang by residue) in 7.2811 (sec).
 3-Body A236-ASP 0 , A237-LYD 11, A239-LYD 19:       0.00041898 at      1.483 Ang (1.745 Ang by residue) in 7.3530 (sec).
 3-Body A236-ASP 0 , A237-LYD 11, A239-LYD 22:       0.00175852 at      1.483 Ang (1.745 Ang by residue) in 7.3370 (sec).
 3-Body A236-ASP 0 , A237-LYD 11, A239-LYD 21:       0.00080734 at      1.483 Ang (1.745 Ang by residue) in 7.2278 (sec).
 3-Body A236-ASP 0 , A237-LYD 11, A239-LYD 24:       0.00086269 at      1.473 Ang (1.745 Ang by residue) in 7.1255 (sec).
 3-Body A236-ASP 0 , A237-LYD 11, A239-LYD 23:       0.00052268 at      1.483 Ang (1.745 Ang by residue) in 7.3163 (sec).
 3-Body A236-ASP 0 , A237-LYD 11, A239-LYS 29:       0.00071878 at      1.569 Ang (1.745 Ang by residue) in 7.2457 (sec).
 3-Body A236-ASP 0 , A237-LYD 11, A239-LYD 28:       0.00089709 at      1.484 Ang (1.745 Ang by residue) in 7.3294 (sec).
 3-Body A236-ASP 0 , A237-LYD 11, A239-LYS 31:       0.00037683 at      1.569 Ang (1.745 Ang by residue) in 7.2873 (sec).
 3-Body A236-ASP 0 , A237-LYD 11, A239-LYS 30:       0.00617673 at      1.508 Ang (1.745 Ang by residue) in 7.3972 (sec).
 3-Body A236-ASP 0 , A237-LYD 11, A239-LYS 33:       0.00038221 at      1.569 Ang (1.745 Ang by residue) in 7.3615 (sec).
 3-Body A236-ASP 0 , A237-LYD 11, A239-LYS 32:       0.00057251 at      1.569 Ang (1.745 Ang by residue) in 8.2978 (sec).
 3-Body A236-ASP 0 , A237-LYD 11, A239-LYS 38:       0.00033131 at      1.569 Ang (1.745 Ang by residue) in 9.1677 (sec).
 3-Body A236-ASP 0 , A237-LYD 11, A239-LYS 37:       0.00034342 at      1.569 Ang (1.745 Ang by residue) in 8.8649 (sec).
 3-Body A236-ASP 0 , A237-LYD 11, A239-LYS 40:       0.00031554 at      1.569 Ang (1.745 Ang by residue) in 8.7876 (sec).
 3-Body A236-ASP 0 , A237-LYD 11, A239-LYS 39:       0.00040370 at      1.569 Ang (1.745 Ang by residue) in 8.7928 (sec).
 3-Body A236-ASP 0 , A237-LYD 11, A239-LYS 42:       0.00061438 at      1.569 Ang (1.745 Ang by residue) in 8.8210 (sec).
 3-Body A236-ASP 0 , A237-LYD 11, A239-LYS 41:       0.00032921 at      1.569 Ang (1.745 Ang by residue) in 8.8715 (sec).
 3-Body A236-ASP 0 , A237-LYD 11, A239-LYS 46:       0.00063162 at      1.483 Ang (1.745 Ang by residue) in 9.1239 (sec).
 3-Body A236-ASP 0 , A237-LYD 11, A239-LYS 43:       0.00117200 at      1.569 Ang (1.745 Ang by residue) in 8.9882 (sec).
 3-Body A236-ASP 0 , A237-LYD 11, A239-LYS 48:       0.00172345 at      1.483 Ang (1.745 Ang by residue) in 8.9012 (sec).
 3-Body A236-ASP 0 , A237-LYD 11, A239-LYS 47:       0.00676528 at      1.483 Ang (1.745 Ang by residue) in 8.8143 (sec).
 3-Body A236-ASP 0 , A237-LYD 11, A239-LYS 50:       0.00086162 at      1.483 Ang (1.745 Ang by residue) in 8.7895 (sec).
 3-Body A236-ASP 0 , A237-LYD 11, A239-LYS 49:       0.00474522 at      1.483 Ang (1.745 Ang by residue) in 8.7324 (sec).
 3-Body A236-ASP 0 , A237-LYD 11, A239-LYS 52:       0.01148801 at      1.437 Ang (1.745 Ang by residue) in 8.4297 (sec).
 3-Body A236-ASP 0 , A237-LYD 11, A239-LYS 51:       0.00303181 at      1.473 Ang (1.745 Ang by residue) in 8.3213 (sec).
 3-Body A236-ASP 0 , A237-LYD 11, A239-LYS 55:       0.00326422 at      1.484 Ang (1.745 Ang by residue) in 8.2471 (sec).
 3-Body A236-ASP 0 , A237-LYD 11, A239-LYS 53:       0.01933340 at      1.413 Ang (1.745 Ang by residue) in 8.7765 (sec).
 3-Body A236-ASP 0 , A237-LYD 12, A239-LYD 1 :      -0.00028959 at      1.503 Ang (1.745 Ang by residue) in 8.7953 (sec).
 3-Body A236-ASP 0 , A237-LYD 12, A239-LYS 0 :       0.00494380 at      1.503 Ang (1.745 Ang by residue) in 8.8969 (sec).
 3-Body A236-ASP 0 , A237-LYD 12, A239-LYD 3 :       0.00035676 at      1.569 Ang (1.745 Ang by residue) in 8.5010 (sec).
 3-Body A236-ASP 0 , A237-LYD 12, A239-LYD 2 :       0.00050460 at      1.569 Ang (1.745 Ang by residue) in 8.5777 (sec).
 3-Body A236-ASP 0 , A237-LYD 12, A239-LYD 5 :       0.00042154 at      1.569 Ang (1.745 Ang by residue) in 8.7840 (sec).
 3-Body A236-ASP 0 , A237-LYD 12, A239-LYD 4 :       0.00036566 at      1.569 Ang (1.745 Ang by residue) in 8.8504 (sec).
 3-Body A236-ASP 0 , A237-LYD 12, A239-LYD 10:       0.00028242 at      1.569 Ang (1.745 Ang by residue) in 9.1952 (sec).
 3-Body A236-ASP 0 , A237-LYD 12, A239-LYD 6 :       0.00035317 at      1.569 Ang (1.745 Ang by residue) in 8.7398 (sec).
 3-Body A236-ASP 0 , A237-LYD 12, A239-LYD 12:       0.00029437 at      1.569 Ang (1.745 Ang by residue) in 8.8396 (sec).
 3-Body A236-ASP 0 , A237-LYD 12, A239-LYD 11:       0.00029424 at      1.569 Ang (1.745 Ang by residue) in 8.8561 (sec).
 3-Body A236-ASP 0 , A237-LYD 12, A239-LYD 14:       0.00030383 at      1.569 Ang (1.745 Ang by residue) in 8.6889 (sec).
 3-Body A236-ASP 0 , A237-LYD 12, A239-LYD 13:       0.00029297 at      1.569 Ang (1.745 Ang by residue) in 8.6471 (sec).
 3-Body A236-ASP 0 , A237-LYD 12, A239-LYD 16:       0.00057876 at      1.569 Ang (1.745 Ang by residue) in 9.3279 (sec).
 3-Body A236-ASP 0 , A237-LYD 12, A239-LYD 15:       0.00040708 at      1.569 Ang (1.745 Ang by residue) in 8.8064 (sec).
 3-Body A236-ASP 0 , A237-LYD 12, A239-LYD 20:      -0.00071879 at      1.483 Ang (1.745 Ang by residue) in 8.7194 (sec).
 3-Body A236-ASP 0 , A237-LYD 12, A239-LYD 19:       0.00035814 at      1.483 Ang (1.745 Ang by residue) in 8.5644 (sec).
 3-Body A236-ASP 0 , A237-LYD 12, A239-LYD 22:       0.00164435 at      1.483 Ang (1.745 Ang by residue) in 8.8761 (sec).
 3-Body A236-ASP 0 , A237-LYD 12, A239-LYD 21:       0.00072769 at      1.483 Ang (1.745 Ang by residue) in 8.8389 (sec).
 3-Body A236-ASP 0 , A237-LYD 12, A239-LYD 24:       0.00078782 at      1.473 Ang (1.745 Ang by residue) in 8.7299 (sec).
 3-Body A236-ASP 0 , A237-LYD 12, A239-LYD 23:       0.00046039 at      1.483 Ang (1.745 Ang by residue) in 8.8686 (sec).
 3-Body A236-ASP 0 , A237-LYD 12, A239-LYS 29:       0.00069354 at      1.569 Ang (1.745 Ang by residue) in 8.6917 (sec).
 3-Body A236-ASP 0 , A237-LYD 12, A239-LYD 28:       0.00074605 at      1.484 Ang (1.745 Ang by residue) in 8.8845 (sec).
 3-Body A236-ASP 0 , A237-LYD 12, A239-LYS 31:       0.00035634 at      1.569 Ang (1.745 Ang by residue) in 8.7524 (sec).
 3-Body A236-ASP 0 , A237-LYD 12, A239-LYS 30:       0.00602285 at      1.508 Ang (1.745 Ang by residue) in 8.7835 (sec).
 3-Body A236-ASP 0 , A237-LYD 12, A239-LYS 33:       0.00036069 at      1.569 Ang (1.745 Ang by residue) in 8.8810 (sec).
 3-Body A236-ASP 0 , A237-LYD 12, A239-LYS 32:       0.00055160 at      1.569 Ang (1.745 Ang by residue) in 8.9662 (sec).
 3-Body A236-ASP 0 , A237-LYD 12, A239-LYS 38:       0.00031202 at      1.569 Ang (1.745 Ang by residue) in 9.0302 (sec).
 3-Body A236-ASP 0 , A237-LYD 12, A239-LYS 37:       0.00032429 at      1.569 Ang (1.745 Ang by residue) in 8.7465 (sec).
 3-Body A236-ASP 0 , A237-LYD 12, A239-LYS 40:       0.00029471 at      1.569 Ang (1.745 Ang by residue) in 9.0131 (sec).
 3-Body A236-ASP 0 , A237-LYD 12, A239-LYS 39:       0.00038034 at      1.569 Ang (1.745 Ang by residue) in 8.8944 (sec).
 3-Body A236-ASP 0 , A237-LYD 12, A239-LYS 42:       0.00058775 at      1.569 Ang (1.745 Ang by residue) in 8.2804 (sec).
 3-Body A236-ASP 0 , A237-LYD 12, A239-LYS 41:       0.00030885 at      1.569 Ang (1.745 Ang by residue) in 8.5067 (sec).
 3-Body A236-ASP 0 , A237-LYD 12, A239-LYS 46:       0.00057002 at      1.483 Ang (1.745 Ang by residue) in 8.7174 (sec).
 3-Body A236-ASP 0 , A237-LYD 12, A239-LYS 43:       0.00113395 at      1.569 Ang (1.745 Ang by residue) in 8.4022 (sec).
 3-Body A236-ASP 0 , A237-LYD 12, A239-LYS 48:       0.00164099 at      1.483 Ang (1.745 Ang by residue) in 8.8084 (sec).
 3-Body A236-ASP 0 , A237-LYD 12, A239-LYS 47:       0.00664582 at      1.483 Ang (1.745 Ang by residue) in 8.6409 (sec).
 3-Body A236-ASP 0 , A237-LYD 12, A239-LYS 50:       0.00080217 at      1.483 Ang (1.745 Ang by residue) in 8.6174 (sec).
 3-Body A236-ASP 0 , A237-LYD 12, A239-LYS 49:       0.00458890 at      1.483 Ang (1.745 Ang by residue) in 9.0291 (sec).
 3-Body A236-ASP 0 , A237-LYD 12, A239-LYS 52:       0.01099285 at      1.437 Ang (1.745 Ang by residue) in 8.8335 (sec).
 3-Body A236-ASP 0 , A237-LYD 12, A239-LYS 51:       0.00296322 at      1.473 Ang (1.745 Ang by residue) in 8.9737 (sec).
 3-Body A236-ASP 0 , A237-LYD 12, A239-LYS 55:       0.00306495 at      1.484 Ang (1.745 Ang by residue) in 8.8178 (sec).
 3-Body A236-ASP 0 , A237-LYD 12, A239-LYS 53:       0.01821567 at      1.413 Ang (1.745 Ang by residue) in 8.8427 (sec).
 3-Body A236-ASP 0 , A237-LYD 13, A239-LYD 1 :      -0.00022807 at      1.503 Ang (1.745 Ang by residue) in 8.7551 (sec).
 3-Body A236-ASP 0 , A237-LYD 13, A239-LYS 0 :       0.00502318 at      1.503 Ang (1.745 Ang by residue) in 8.7141 (sec).
 3-Body A236-ASP 0 , A237-LYD 13, A239-LYD 3 :       0.00036804 at      1.569 Ang (1.745 Ang by residue) in 8.9264 (sec).
 3-Body A236-ASP 0 , A237-LYD 13, A239-LYD 2 :       0.00051693 at      1.569 Ang (1.745 Ang by residue) in 8.9427 (sec).
 3-Body A236-ASP 0 , A237-LYD 13, A239-LYD 5 :       0.00043394 at      1.569 Ang (1.745 Ang by residue) in 8.8408 (sec).
 3-Body A236-ASP 0 , A237-LYD 13, A239-LYD 4 :       0.00037677 at      1.569 Ang (1.745 Ang by residue) in 8.7914 (sec).
 3-Body A236-ASP 0 , A237-LYD 13, A239-LYD 10:       0.00029304 at      1.569 Ang (1.745 Ang by residue) in 8.8855 (sec).
 3-Body A236-ASP 0 , A237-LYD 13, A239-LYD 6 :       0.00036456 at      1.569 Ang (1.745 Ang by residue) in 8.7997 (sec).
 3-Body A236-ASP 0 , A237-LYD 13, A239-LYD 12:       0.00030522 at      1.569 Ang (1.745 Ang by residue) in 8.9529 (sec).
 3-Body A236-ASP 0 , A237-LYD 13, A239-LYD 11:       0.00030460 at      1.569 Ang (1.745 Ang by residue) in 8.7879 (sec).
 3-Body A236-ASP 0 , A237-LYD 13, A239-LYD 14:       0.00031433 at      1.569 Ang (1.745 Ang by residue) in 8.8774 (sec).
 3-Body A236-ASP 0 , A237-LYD 13, A239-LYD 13:       0.00030365 at      1.569 Ang (1.745 Ang by residue) in 8.7231 (sec).
 3-Body A236-ASP 0 , A237-LYD 13, A239-LYD 16:       0.00059102 at      1.569 Ang (1.745 Ang by residue) in 8.8749 (sec).
 3-Body A236-ASP 0 , A237-LYD 13, A239-LYD 15:       0.00041944 at      1.569 Ang (1.745 Ang by residue) in 8.7628 (sec).
 3-Body A236-ASP 0 , A237-LYD 13, A239-LYD 20:      -0.00065450 at      1.483 Ang (1.745 Ang by residue) in 8.6679 (sec).
 3-Body A236-ASP 0 , A237-LYD 13, A239-LYD 19:       0.00039064 at      1.483 Ang (1.745 Ang by residue) in 8.7656 (sec).
 3-Body A236-ASP 0 , A237-LYD 13, A239-LYD 22:       0.00167596 at      1.483 Ang (1.745 Ang by residue) in 8.8934 (sec).
 3-Body A236-ASP 0 , A237-LYD 13, A239-LYD 21:       0.00076302 at      1.483 Ang (1.745 Ang by residue) in 8.7564 (sec).
 3-Body A236-ASP 0 , A237-LYD 13, A239-LYD 24:       0.00082564 at      1.473 Ang (1.745 Ang by residue) in 8.4458 (sec).
 3-Body A236-ASP 0 , A237-LYD 13, A239-LYD 23:       0.00049208 at      1.483 Ang (1.745 Ang by residue) in 8.8268 (sec).
 3-Body A236-ASP 0 , A237-LYD 13, A239-LYS 29:       0.00069839 at      1.569 Ang (1.745 Ang by residue) in 8.5256 (sec).
 3-Body A236-ASP 0 , A237-LYD 13, A239-LYD 28:       0.00082141 at      1.484 Ang (1.745 Ang by residue) in 8.8457 (sec).
 3-Body A236-ASP 0 , A237-LYD 13, A239-LYS 31:       0.00036313 at      1.569 Ang (1.745 Ang by residue) in 8.8167 (sec).
 3-Body A236-ASP 0 , A237-LYD 13, A239-LYS 30:       0.00599169 at      1.508 Ang (1.745 Ang by residue) in 8.8142 (sec).
 3-Body A236-ASP 0 , A237-LYD 13, A239-LYS 33:       0.00036762 at      1.569 Ang (1.745 Ang by residue) in 8.8329 (sec).
 3-Body A236-ASP 0 , A237-LYD 13, A239-LYS 32:       0.00055758 at      1.569 Ang (1.745 Ang by residue) in 8.8466 (sec).
 3-Body A236-ASP 0 , A237-LYD 13, A239-LYS 38:       0.00031837 at      1.569 Ang (1.745 Ang by residue) in 8.9642 (sec).
 3-Body A236-ASP 0 , A237-LYD 13, A239-LYS 37:       0.00033106 at      1.569 Ang (1.745 Ang by residue) in 8.8736 (sec).
 3-Body A236-ASP 0 , A237-LYD 13, A239-LYS 40:       0.00030224 at      1.569 Ang (1.745 Ang by residue) in 8.8583 (sec).
 3-Body A236-ASP 0 , A237-LYD 13, A239-LYS 39:       0.00038837 at      1.569 Ang (1.745 Ang by residue) in 8.6798 (sec).
 3-Body A236-ASP 0 , A237-LYD 13, A239-LYS 42:       0.00059367 at      1.569 Ang (1.745 Ang by residue) in 8.8449 (sec).
 3-Body A236-ASP 0 , A237-LYD 13, A239-LYS 41:       0.00031661 at      1.569 Ang (1.745 Ang by residue) in 8.8176 (sec).
 3-Body A236-ASP 0 , A237-LYD 13, A239-LYS 46:       0.00059551 at      1.483 Ang (1.745 Ang by residue) in 8.8013 (sec).
 3-Body A236-ASP 0 , A237-LYD 13, A239-LYS 43:       0.00113894 at      1.569 Ang (1.745 Ang by residue) in 8.9014 (sec).
 3-Body A236-ASP 0 , A237-LYD 13, A239-LYS 48:       0.00165895 at      1.483 Ang (1.745 Ang by residue) in 8.9999 (sec).
 3-Body A236-ASP 0 , A237-LYD 13, A239-LYS 47:       0.00661897 at      1.483 Ang (1.745 Ang by residue) in 8.8074 (sec).
 3-Body A236-ASP 0 , A237-LYD 13, A239-LYS 50:       0.00082421 at      1.483 Ang (1.745 Ang by residue) in 8.6524 (sec).
 3-Body A236-ASP 0 , A237-LYD 13, A239-LYS 49:       0.00458618 at      1.483 Ang (1.745 Ang by residue) in 8.8864 (sec).
 3-Body A236-ASP 0 , A237-LYD 13, A239-LYS 52:       0.01107020 at      1.437 Ang (1.745 Ang by residue) in 8.9749 (sec).
 3-Body A236-ASP 0 , A237-LYD 13, A239-LYS 51:       0.00297137 at      1.473 Ang (1.745 Ang by residue) in 9.0003 (sec).
 3-Body A236-ASP 0 , A237-LYD 13, A239-LYS 55:       0.00313930 at      1.484 Ang (1.745 Ang by residue) in 8.7950 (sec).
 3-Body A236-ASP 0 , A237-LYD 13, A239-LYS 53:       0.01850188 at      1.413 Ang (1.745 Ang by residue) in 8.6225 (sec).
 3-Body A236-ASP 0 , A237-LYD 14, A239-LYD 1 :      -0.00017488 at      1.503 Ang (1.745 Ang by residue) in 8.7275 (sec).
 3-Body A236-ASP 0 , A237-LYD 14, A239-LYS 0 :       0.00520974 at      1.503 Ang (1.745 Ang by residue) in 8.6803 (sec).
 3-Body A236-ASP 0 , A237-LYD 14, A239-LYD 3 :       0.00038489 at      1.569 Ang (1.745 Ang by residue) in 8.9509 (sec).
 3-Body A236-ASP 0 , A237-LYD 14, A239-LYD 2 :       0.00053765 at      1.569 Ang (1.745 Ang by residue) in 8.9989 (sec).
 3-Body A236-ASP 0 , A237-LYD 14, A239-LYD 5 :       0.00045223 at      1.569 Ang (1.745 Ang by residue) in 9.0400 (sec).
 3-Body A236-ASP 0 , A237-LYD 14, A239-LYD 4 :       0.00039370 at      1.569 Ang (1.745 Ang by residue) in 8.7540 (sec).
 3-Body A236-ASP 0 , A237-LYD 14, A239-LYD 10:       0.00030652 at      1.569 Ang (1.745 Ang by residue) in 8.7888 (sec).
 3-Body A236-ASP 0 , A237-LYD 14, A239-LYD 6 :       0.00038107 at      1.569 Ang (1.745 Ang by residue) in 9.1240 (sec).
 3-Body A236-ASP 0 , A237-LYD 14, A239-LYD 12:       0.00031881 at      1.569 Ang (1.745 Ang by residue) in 8.8598 (sec).
 3-Body A236-ASP 0 , A237-LYD 14, A239-LYD 11:       0.00031834 at      1.569 Ang (1.745 Ang by residue) in 8.5759 (sec).
 3-Body A236-ASP 0 , A237-LYD 14, A239-LYD 14:       0.00032814 at      1.569 Ang (1.745 Ang by residue) in 9.2562 (sec).
 3-Body A236-ASP 0 , A237-LYD 14, A239-LYD 13:       0.00031713 at      1.569 Ang (1.745 Ang by residue) in 8.8464 (sec).
 3-Body A236-ASP 0 , A237-LYD 14, A239-LYD 16:       0.00061121 at      1.569 Ang (1.745 Ang by residue) in 8.6104 (sec).
 3-Body A236-ASP 0 , A237-LYD 14, A239-LYD 15:       0.00043651 at      1.569 Ang (1.745 Ang by residue) in 8.6797 (sec).
 3-Body A236-ASP 0 , A237-LYD 14, A239-LYD 20:      -0.00060320 at      1.483 Ang (1.745 Ang by residue) in 8.9605 (sec).
 3-Body A236-ASP 0 , A237-LYD 14, A239-LYD 19:       0.00042621 at      1.483 Ang (1.745 Ang by residue) in 8.8356 (sec).
 3-Body A236-ASP 0 , A237-LYD 14, A239-LYD 22:       0.00174908 at      1.483 Ang (1.745 Ang by residue) in 8.9594 (sec).
 3-Body A236-ASP 0 , A237-LYD 14, A239-LYD 21:       0.00081028 at      1.483 Ang (1.745 Ang by residue) in 8.9980 (sec).
 3-Body A236-ASP 0 , A237-LYD 14, A239-LYD 24:       0.00087162 at      1.473 Ang (1.745 Ang by residue) in 8.8567 (sec).
 3-Body A236-ASP 0 , A237-LYD 14, A239-LYD 23:       0.00052999 at      1.483 Ang (1.745 Ang by residue) in 8.8133 (sec).
 3-Body A236-ASP 0 , A237-LYD 14, A239-LYS 29:       0.00072131 at      1.569 Ang (1.745 Ang by residue) in 8.9675 (sec).
 3-Body A236-ASP 0 , A237-LYD 14, A239-LYD 28:       0.00091167 at      1.484 Ang (1.745 Ang by residue) in 8.9736 (sec).
 3-Body A236-ASP 0 , A237-LYD 14, A239-LYS 31:       0.00038050 at      1.569 Ang (1.745 Ang by residue) in 8.5254 (sec).
 3-Body A236-ASP 0 , A237-LYD 14, A239-LYS 30:       0.00610988 at      1.508 Ang (1.745 Ang by residue) in 8.7923 (sec).
 3-Body A236-ASP 0 , A237-LYD 14, A239-LYS 33:       0.00038575 at      1.569 Ang (1.745 Ang by residue) in 8.8184 (sec).
 3-Body A236-ASP 0 , A237-LYD 14, A239-LYS 32:       0.00057769 at      1.569 Ang (1.745 Ang by residue) in 8.9853 (sec).
 3-Body A236-ASP 0 , A237-LYD 14, A239-LYS 38:       0.00033407 at      1.569 Ang (1.745 Ang by residue) in 8.8159 (sec).
 3-Body A236-ASP 0 , A237-LYD 14, A239-LYS 37:       0.00034704 at      1.569 Ang (1.745 Ang by residue) in 8.8432 (sec).
 3-Body A236-ASP 0 , A237-LYD 14, A239-LYS 40:       0.00031840 at      1.569 Ang (1.745 Ang by residue) in 8.8737 (sec).
 3-Body A236-ASP 0 , A237-LYD 14, A239-LYS 39:       0.00040689 at      1.569 Ang (1.745 Ang by residue) in 8.9084 (sec).
 3-Body A236-ASP 0 , A237-LYD 14, A239-LYS 42:       0.00061468 at      1.569 Ang (1.745 Ang by residue) in 8.7420 (sec).
 3-Body A236-ASP 0 , A237-LYD 14, A239-LYS 41:       0.00033298 at      1.569 Ang (1.745 Ang by residue) in 9.1395 (sec).
 3-Body A236-ASP 0 , A237-LYD 14, A239-LYS 46:       0.00063510 at      1.483 Ang (1.745 Ang by residue) in 9.0916 (sec).
 3-Body A236-ASP 0 , A237-LYD 14, A239-LYS 43:       0.00116886 at      1.569 Ang (1.745 Ang by residue) in 8.8660 (sec).
 3-Body A236-ASP 0 , A237-LYD 14, A239-LYS 48:       0.00171401 at      1.483 Ang (1.745 Ang by residue) in 8.6913 (sec).
 3-Body A236-ASP 0 , A237-LYD 14, A239-LYS 47:       0.00671608 at      1.483 Ang (1.745 Ang by residue) in 8.9042 (sec).
 3-Body A236-ASP 0 , A237-LYD 14, A239-LYS 50:       0.00086533 at      1.483 Ang (1.745 Ang by residue) in 8.7835 (sec).
 3-Body A236-ASP 0 , A237-LYD 14, A239-LYS 49:       0.00469458 at      1.483 Ang (1.745 Ang by residue) in 8.7710 (sec).
 3-Body A236-ASP 0 , A237-LYD 14, A239-LYS 52:       0.01143321 at      1.437 Ang (1.745 Ang by residue) in 8.8867 (sec).
 3-Body A236-ASP 0 , A237-LYD 14, A239-LYS 51:       0.00303183 at      1.473 Ang (1.745 Ang by residue) in 8.8698 (sec).
 3-Body A236-ASP 0 , A237-LYD 14, A239-LYS 55:       0.00326622 at      1.484 Ang (1.745 Ang by residue) in 8.8342 (sec).
 3-Body A236-ASP 0 , A237-LYD 14, A239-LYS 53:       0.01925978 at      1.413 Ang (1.745 Ang by residue) in 8.8825 (sec).
 3-Body A236-ASP 0 , A237-LYD 16, A239-LYD 1 :      -0.00013033 at      1.503 Ang (1.745 Ang by residue) in 8.8118 (sec).
 3-Body A236-ASP 0 , A237-LYD 16, A239-LYS 0 :       0.00560535 at      1.503 Ang (1.745 Ang by residue) in 8.5767 (sec).
 3-Body A236-ASP 0 , A237-LYD 16, A239-LYD 3 :       0.00039221 at      1.569 Ang (1.745 Ang by residue) in 8.9650 (sec).
 3-Body A236-ASP 0 , A237-LYD 16, A239-LYD 2 :       0.00054983 at      1.569 Ang (1.745 Ang by residue) in 8.8446 (sec).
 3-Body A236-ASP 0 , A237-LYD 16, A239-LYD 5 :       0.00045886 at      1.569 Ang (1.745 Ang by residue) in 9.0156 (sec).
 3-Body A236-ASP 0 , A237-LYD 16, A239-LYD 4 :       0.00040073 at      1.569 Ang (1.745 Ang by residue) in 8.7523 (sec).
 3-Body A236-ASP 0 , A237-LYD 16, A239-LYD 10:       0.00031699 at      1.569 Ang (1.745 Ang by residue) in 8.7424 (sec).
 3-Body A236-ASP 0 , A237-LYD 16, A239-LYD 6 :       0.00038866 at      1.569 Ang (1.745 Ang by residue) in 8.9065 (sec).
 3-Body A236-ASP 0 , A237-LYD 16, A239-LYD 12:       0.00033020 at      1.569 Ang (1.745 Ang by residue) in 8.6536 (sec).
 3-Body A236-ASP 0 , A237-LYD 16, A239-LYD 11:       0.00032891 at      1.569 Ang (1.745 Ang by residue) in 8.7585 (sec).
 3-Body A236-ASP 0 , A237-LYD 16, A239-LYD 14:       0.00033957 at      1.569 Ang (1.745 Ang by residue) in 9.1138 (sec).
 3-Body A236-ASP 0 , A237-LYD 16, A239-LYD 13:       0.00032746 at      1.569 Ang (1.745 Ang by residue) in 8.7912 (sec).
 3-Body A236-ASP 0 , A237-LYD 16, A239-LYD 16:       0.00063663 at      1.569 Ang (1.745 Ang by residue) in 9.0579 (sec).
 3-Body A236-ASP 0 , A237-LYD 16, A239-LYD 15:       0.00045369 at      1.569 Ang (1.745 Ang by residue) in 8.9509 (sec).
 3-Body A236-ASP 0 , A237-LYD 16, A239-LYD 20:      -0.00054904 at      1.483 Ang (1.745 Ang by residue) in 8.7412 (sec).
 3-Body A236-ASP 0 , A237-LYD 16, A239-LYD 19:       0.00047030 at      1.483 Ang (1.745 Ang by residue) in 8.7333 (sec).
 3-Body A236-ASP 0 , A237-LYD 16, A239-LYD 22:       0.00189018 at      1.483 Ang (1.745 Ang by residue) in 8.8303 (sec).
 3-Body A236-ASP 0 , A237-LYD 16, A239-LYD 21:       0.00088326 at      1.483 Ang (1.745 Ang by residue) in 8.9217 (sec).
 3-Body A236-ASP 0 , A237-LYD 16, A239-LYD 24:       0.00091962 at      1.473 Ang (1.745 Ang by residue) in 8.8205 (sec).
 3-Body A236-ASP 0 , A237-LYD 16, A239-LYD 23:       0.00057577 at      1.483 Ang (1.745 Ang by residue) in 8.7055 (sec).
 3-Body A236-ASP 0 , A237-LYD 16, A239-LYS 29:       0.00074483 at      1.569 Ang (1.745 Ang by residue) in 9.1209 (sec).
 3-Body A236-ASP 0 , A237-LYD 16, A239-LYD 28:       0.00102847 at      1.484 Ang (1.745 Ang by residue) in 9.1420 (sec).
 3-Body A236-ASP 0 , A237-LYD 16, A239-LYS 31:       0.00039200 at      1.569 Ang (1.745 Ang by residue) in 8.7309 (sec).
 3-Body A236-ASP 0 , A237-LYD 16, A239-LYS 30:       0.00645020 at      1.508 Ang (1.745 Ang by residue) in 8.8782 (sec).
 3-Body A236-ASP 0 , A237-LYD 16, A239-LYS 33:       0.00040135 at      1.569 Ang (1.745 Ang by residue) in 8.6136 (sec).
 3-Body A236-ASP 0 , A237-LYD 16, A239-LYS 32:       0.00058457 at      1.569 Ang (1.745 Ang by residue) in 8.8991 (sec).
 3-Body A236-ASP 0 , A237-LYD 16, A239-LYS 38:       0.00035310 at      1.569 Ang (1.745 Ang by residue) in 8.6943 (sec).
 3-Body A236-ASP 0 , A237-LYD 16, A239-LYS 37:       0.00036469 at      1.569 Ang (1.745 Ang by residue) in 9.2506 (sec).
 3-Body A236-ASP 0 , A237-LYD 16, A239-LYS 40:       0.00033946 at      1.569 Ang (1.745 Ang by residue) in 8.6288 (sec).
 3-Body A236-ASP 0 , A237-LYD 16, A239-LYS 39:       0.00043260 at      1.569 Ang (1.745 Ang by residue) in 8.7693 (sec).
 3-Body A236-ASP 0 , A237-LYD 16, A239-LYS 42:       0.00065020 at      1.569 Ang (1.745 Ang by residue) in 8.8693 (sec).
 3-Body A236-ASP 0 , A237-LYD 16, A239-LYS 41:       0.00035245 at      1.569 Ang (1.745 Ang by residue) in 8.6410 (sec).
 3-Body A236-ASP 0 , A237-LYD 16, A239-LYS 46:       0.00070135 at      1.483 Ang (1.745 Ang by residue) in 8.6808 (sec).
 3-Body A236-ASP 0 , A237-LYD 16, A239-LYS 43:       0.00123139 at      1.569 Ang (1.745 Ang by residue) in 8.9632 (sec).
 3-Body A236-ASP 0 , A237-LYD 16, A239-LYS 48:       0.00183869 at      1.483 Ang (1.745 Ang by residue) in 8.7447 (sec).
 3-Body A236-ASP 0 , A237-LYD 16, A239-LYS 47:       0.00700460 at      1.483 Ang (1.745 Ang by residue) in 8.8101 (sec).
 3-Body A236-ASP 0 , A237-LYD 16, A239-LYS 50:       0.00092938 at      1.483 Ang (1.745 Ang by residue) in 8.6407 (sec).
 3-Body A236-ASP 0 , A237-LYD 16, A239-LYS 49:       0.00500326 at      1.483 Ang (1.745 Ang by residue) in 8.5800 (sec).
 3-Body A236-ASP 0 , A237-LYD 16, A239-LYS 52:       0.01215614 at      1.437 Ang (1.745 Ang by residue) in 8.8830 (sec).
 3-Body A236-ASP 0 , A237-LYD 16, A239-LYS 51:       0.00313072 at      1.473 Ang (1.745 Ang by residue) in 8.4424 (sec).
 3-Body A236-ASP 0 , A237-LYD 16, A239-LYS 55:       0.00348390 at      1.484 Ang (1.745 Ang by residue) in 8.7775 (sec).
 3-Body A236-ASP 0 , A237-LYD 16, A239-LYS 53:       0.02068187 at      1.413 Ang (1.745 Ang by residue) in 8.3504 (sec).
 3-Body A236-ASP 0 , A237-LYD 22, A239-LYD 1 :      -0.00075055 at      1.503 Ang (1.745 Ang by residue) in 8.7134 (sec).
 3-Body A236-ASP 0 , A237-LYD 22, A239-LYS 0 :       0.00636935 at      1.503 Ang (1.745 Ang by residue) in 8.9801 (sec).
 3-Body A236-ASP 0 , A237-LYD 22, A239-LYD 3 :       0.00035065 at      1.569 Ang (1.745 Ang by residue) in 8.6259 (sec).
 3-Body A236-ASP 0 , A237-LYD 22, A239-LYD 2 :       0.00051152 at      1.569 Ang (1.745 Ang by residue) in 8.7308 (sec).
 3-Body A236-ASP 0 , A237-LYD 22, A239-LYD 5 :       0.00041065 at      1.569 Ang (1.745 Ang by residue) in 8.9565 (sec).
 3-Body A236-ASP 0 , A237-LYD 22, A239-LYD 4 :       0.00036028 at      1.569 Ang (1.745 Ang by residue) in 8.8492 (sec).
 3-Body A236-ASP 0 , A237-LYD 22, A239-LYD 10:       0.00027973 at      1.569 Ang (1.745 Ang by residue) in 8.3284 (sec).
 3-Body A236-ASP 0 , A237-LYD 22, A239-LYD 6 :       0.00034931 at      1.569 Ang (1.745 Ang by residue) in 8.5912 (sec).
 3-Body A236-ASP 0 , A237-LYD 22, A239-LYD 12:       0.00029470 at      1.569 Ang (1.745 Ang by residue) in 8.4976 (sec).
 3-Body A236-ASP 0 , A237-LYD 22, A239-LYD 11:       0.00029558 at      1.569 Ang (1.745 Ang by residue) in 8.8528 (sec).
 3-Body A236-ASP 0 , A237-LYD 22, A239-LYD 14:       0.00031159 at      1.569 Ang (1.745 Ang by residue) in 8.5630 (sec).
 3-Body A236-ASP 0 , A237-LYD 22, A239-LYD 13:       0.00029391 at      1.569 Ang (1.745 Ang by residue) in 8.4539 (sec).
 3-Body A236-ASP 0 , A237-LYD 22, A239-LYD 16:       0.00064112 at      1.569 Ang (1.745 Ang by residue) in 8.7414 (sec).
 3-Body A236-ASP 0 , A237-LYD 22, A239-LYD 15:       0.00042834 at      1.569 Ang (1.745 Ang by residue) in 8.7016 (sec).
 3-Body A236-ASP 0 , A237-LYD 22, A239-LYD 20:      -0.00126582 at      1.483 Ang (1.745 Ang by residue) in 8.9401 (sec).
 3-Body A236-ASP 0 , A237-LYD 22, A239-LYD 19:       0.00030602 at      1.483 Ang (1.745 Ang by residue) in 8.9665 (sec).
 3-Body A236-ASP 0 , A237-LYD 22, A239-LYD 22:       0.00181802 at      1.483 Ang (1.745 Ang by residue) in 8.7286 (sec).
 3-Body A236-ASP 0 , A237-LYD 22, A239-LYD 21:       0.00071830 at      1.483 Ang (1.745 Ang by residue) in 8.6174 (sec).
 3-Body A236-ASP 0 , A237-LYD 22, A239-LYD 24:       0.00070529 at      1.473 Ang (1.745 Ang by residue) in 8.7415 (sec).
 3-Body A236-ASP 0 , A237-LYD 22, A239-LYD 23:       0.00041054 at      1.483 Ang (1.745 Ang by residue) in 8.8933 (sec).
 3-Body A236-ASP 0 , A237-LYD 22, A239-LYS 29:       0.00078530 at      1.569 Ang (1.745 Ang by residue) in 8.9543 (sec).
 3-Body A236-ASP 0 , A237-LYD 22, A239-LYD 28:       0.00052752 at      1.484 Ang (1.745 Ang by residue) in 8.8472 (sec).
 3-Body A236-ASP 0 , A237-LYD 22, A239-LYS 31:       0.00038018 at      1.569 Ang (1.745 Ang by residue) in 8.9169 (sec).
 3-Body A236-ASP 0 , A237-LYD 22, A239-LYS 30:       0.00752313 at      1.508 Ang (1.745 Ang by residue) in 8.9860 (sec).
 3-Body A236-ASP 0 , A237-LYD 22, A239-LYS 33:       0.00040873 at      1.569 Ang (1.745 Ang by residue) in 9.2751 (sec).
 3-Body A236-ASP 0 , A237-LYD 22, A239-LYS 32:       0.00054549 at      1.569 Ang (1.745 Ang by residue) in 8.9610 (sec).
 3-Body A236-ASP 0 , A237-LYD 22, A239-LYS 38:       0.00036926 at      1.569 Ang (1.745 Ang by residue) in 8.8110 (sec).
 3-Body A236-ASP 0 , A237-LYD 22, A239-LYS 37:       0.00038145 at      1.569 Ang (1.745 Ang by residue) in 8.9197 (sec).
 3-Body A236-ASP 0 , A237-LYD 22, A239-LYS 40:       0.00035581 at      1.569 Ang (1.745 Ang by residue) in 8.8756 (sec).
 3-Body A236-ASP 0 , A237-LYD 22, A239-LYS 39:       0.00047150 at      1.569 Ang (1.745 Ang by residue) in 8.9857 (sec).
 3-Body A236-ASP 0 , A237-LYD 22, A239-LYS 42:       0.00073328 at      1.569 Ang (1.745 Ang by residue) in 8.6756 (sec).
 3-Body A236-ASP 0 , A237-LYD 22, A239-LYS 41:       0.00036986 at      1.569 Ang (1.745 Ang by residue) in 8.6591 (sec).
 3-Body A236-ASP 0 , A237-LYD 22, A239-LYS 46:       0.00067008 at      1.483 Ang (1.745 Ang by residue) in 9.0564 (sec).
 3-Body A236-ASP 0 , A237-LYD 22, A239-LYS 43:       0.00145832 at      1.569 Ang (1.745 Ang by residue) in 7.9300 (sec).
 3-Body A236-ASP 0 , A237-LYD 22, A239-LYS 48:       0.00202277 at      1.483 Ang (1.745 Ang by residue) in 7.4506 (sec).
 3-Body A236-ASP 0 , A237-LYD 22, A239-LYS 47:       0.00820844 at      1.483 Ang (1.745 Ang by residue) in 7.3549 (sec).
 3-Body A236-ASP 0 , A237-LYD 22, A239-LYS 50:       0.00090016 at      1.483 Ang (1.745 Ang by residue) in 7.4161 (sec).
 3-Body A236-ASP 0 , A237-LYD 22, A239-LYS 49:       0.00590250 at      1.483 Ang (1.745 Ang by residue) in 7.3724 (sec).
 3-Body A236-ASP 0 , A237-LYD 22, A239-LYS 52:       0.01236225 at      1.437 Ang (1.745 Ang by residue) in 7.5533 (sec).
 3-Body A236-ASP 0 , A237-LYD 22, A239-LYS 51:       0.00338398 at      1.473 Ang (1.745 Ang by residue) in 7.4787 (sec).
 3-Body A236-ASP 0 , A237-LYD 22, A239-LYS 55:       0.00346820 at      1.484 Ang (1.745 Ang by residue) in 7.3321 (sec).
 3-Body A236-ASP 0 , A237-LYD 22, A239-LYS 53:       0.02123427 at      1.413 Ang (1.745 Ang by residue) in 7.5098 (sec).
 3-Body A236-ASP 0 , A237-LYD 25, A239-LYD 1 :      -0.00158124 at      1.503 Ang (1.745 Ang by residue) in 7.1192 (sec).
 3-Body A236-ASP 0 , A237-LYD 25, A239-LYS 0 :       0.00800499 at      1.503 Ang (1.745 Ang by residue) in 7.1210 (sec).
 3-Body A236-ASP 0 , A237-LYD 25, A239-LYD 3 :       0.00033435 at      1.569 Ang (1.745 Ang by residue) in 7.3901 (sec).
 3-Body A236-ASP 0 , A237-LYD 25, A239-LYD 2 :       0.00051601 at      1.569 Ang (1.745 Ang by residue) in 7.3017 (sec).
 3-Body A236-ASP 0 , A237-LYD 25, A239-LYD 5 :       0.00039534 at      1.569 Ang (1.745 Ang by residue) in 7.5882 (sec).
 3-Body A236-ASP 0 , A237-LYD 25, A239-LYD 4 :       0.00034351 at      1.569 Ang (1.745 Ang by residue) in 7.3135 (sec).
 3-Body A236-ASP 0 , A237-LYD 25, A239-LYD 10:       0.00024741 at      1.569 Ang (1.745 Ang by residue) in 7.5182 (sec).
 3-Body A236-ASP 0 , A237-LYD 25, A239-LYD 6 :       0.00032836 at      1.569 Ang (1.745 Ang by residue) in 7.5832 (sec).
 3-Body A236-ASP 0 , A237-LYD 25, A239-LYD 12:       0.00026419 at      1.569 Ang (1.745 Ang by residue) in 7.6944 (sec).
 3-Body A236-ASP 0 , A237-LYD 25, A239-LYD 11:       0.00026646 at      1.569 Ang (1.745 Ang by residue) in 7.7324 (sec).
 3-Body A236-ASP 0 , A237-LYD 25, A239-LYD 14:       0.00029027 at      1.569 Ang (1.745 Ang by residue) in 7.4492 (sec).
 3-Body A236-ASP 0 , A237-LYD 25, A239-LYD 13:       0.00026263 at      1.569 Ang (1.745 Ang by residue) in 7.3812 (sec).
 3-Body A236-ASP 0 , A237-LYD 25, A239-LYD 16:       0.00067054 at      1.569 Ang (1.745 Ang by residue) in 7.4031 (sec).
 3-Body A236-ASP 0 , A237-LYD 25, A239-LYD 15:       0.00041828 at      1.569 Ang (1.745 Ang by residue) in 7.4696 (sec).
 3-Body A236-ASP 0 , A237-LYD 25, A239-LYD 20:      -0.00204643 at      1.483 Ang (1.745 Ang by residue) in 7.4356 (sec).
 3-Body A236-ASP 0 , A237-LYD 25, A239-LYD 19:       0.00009625 at      1.483 Ang (1.745 Ang by residue) in 7.5785 (sec).
 3-Body A236-ASP 0 , A237-LYD 25, A239-LYD 22:       0.00178604 at      1.483 Ang (1.745 Ang by residue) in 7.2630 (sec).
 3-Body A236-ASP 0 , A237-LYD 25, A239-LYD 21:       0.00054443 at      1.483 Ang (1.745 Ang by residue) in 7.6133 (sec).
 3-Body A236-ASP 0 , A237-LYD 25, A239-LYD 24:       0.00048390 at      1.473 Ang (1.745 Ang by residue) in 7.4409 (sec).
 3-Body A236-ASP 0 , A237-LYD 25, A239-LYD 23:       0.00022005 at      1.483 Ang (1.745 Ang by residue) in 7.4289 (sec).
 3-Body A236-ASP 0 , A237-LYD 25, A239-LYS 29:       0.00091065 at      1.569 Ang (1.745 Ang by residue) in 7.3873 (sec).
 3-Body A236-ASP 0 , A237-LYD 25, A239-LYD 28:       0.00000648 at      1.484 Ang (1.745 Ang by residue) in 7.3977 (sec).
 3-Body A236-ASP 0 , A237-LYD 25, A239-LYS 31:       0.00041118 at      1.569 Ang (1.745 Ang by residue) in 7.5126 (sec).
 3-Body A236-ASP 0 , A237-LYD 25, A239-LYS 30:       0.00914846 at      1.508 Ang (1.745 Ang by residue) in 7.4943 (sec).
 3-Body A236-ASP 0 , A237-LYD 25, A239-LYS 33:       0.00046364 at      1.569 Ang (1.745 Ang by residue) in 7.2539 (sec).
 3-Body A236-ASP 0 , A237-LYD 25, A239-LYS 32:       0.00058201 at      1.569 Ang (1.745 Ang by residue) in 7.1855 (sec).
 3-Body A236-ASP 0 , A237-LYD 25, A239-LYS 38:       0.00041891 at      1.569 Ang (1.745 Ang by residue) in 7.4168 (sec).
 3-Body A236-ASP 0 , A237-LYD 25, A239-LYS 37:       0.00042593 at      1.569 Ang (1.745 Ang by residue) in 7.4102 (sec).
 3-Body A236-ASP 0 , A237-LYD 25, A239-LYS 40:       0.00041526 at      1.569 Ang (1.745 Ang by residue) in 7.3846 (sec).
 3-Body A236-ASP 0 , A237-LYD 25, A239-LYS 39:       0.00056747 at      1.569 Ang (1.745 Ang by residue) in 7.2952 (sec).
 3-Body A236-ASP 0 , A237-LYD 25, A239-LYS 42:       0.00088514 at      1.569 Ang (1.745 Ang by residue) in 7.1845 (sec).
 3-Body A236-ASP 0 , A237-LYD 25, A239-LYS 41:       0.00042386 at      1.569 Ang (1.745 Ang by residue) in 7.4972 (sec).
 3-Body A236-ASP 0 , A237-LYD 25, A239-LYS 46:       0.00065621 at      1.483 Ang (1.745 Ang by residue) in 7.3060 (sec).
 3-Body A236-ASP 0 , A237-LYD 25, A239-LYS 43:       0.00181125 at      1.569 Ang (1.745 Ang by residue) in 7.4430 (sec).
 3-Body A236-ASP 0 , A237-LYD 25, A239-LYS 48:       0.00232103 at      1.483 Ang (1.745 Ang by residue) in 7.3135 (sec).
 3-Body A236-ASP 0 , A237-LYD 25, A239-LYS 47:       0.00980978 at      1.483 Ang (1.745 Ang by residue) in 7.4024 (sec).
 3-Body A236-ASP 0 , A237-LYD 25, A239-LYS 50:       0.00090049 at      1.483 Ang (1.745 Ang by residue) in 7.2915 (sec).
 3-Body A236-ASP 0 , A237-LYD 25, A239-LYS 49:       0.00720046 at      1.483 Ang (1.745 Ang by residue) in 7.1103 (sec).
 3-Body A236-ASP 0 , A237-LYD 25, A239-LYS 52:       0.01350159 at      1.437 Ang (1.745 Ang by residue) in 7.1556 (sec).
 3-Body A236-ASP 0 , A237-LYD 25, A239-LYS 51:       0.00385035 at      1.473 Ang (1.745 Ang by residue) in 7.4432 (sec).
 3-Body A236-ASP 0 , A237-LYD 25, A239-LYS 55:       0.00378865 at      1.484 Ang (1.745 Ang by residue) in 7.2698 (sec).
 3-Body A236-ASP 0 , A237-LYD 25, A239-LYS 53:       0.02400478 at      1.413 Ang (1.745 Ang by residue) in 7.3599 (sec).
 3-Body A236-ASP 0 , A237-LYD 26, A239-LYD 1 :      -0.00136191 at      1.503 Ang (1.745 Ang by residue) in 7.5307 (sec).
 3-Body A236-ASP 0 , A237-LYD 26, A239-LYS 0 :       0.00912644 at      1.503 Ang (1.745 Ang by residue) in 7.0529 (sec).
 3-Body A236-ASP 0 , A237-LYD 26, A239-LYD 3 :       0.00036702 at      1.569 Ang (1.745 Ang by residue) in 7.2683 (sec).
 3-Body A236-ASP 0 , A237-LYD 26, A239-LYD 2 :       0.00056098 at      1.569 Ang (1.745 Ang by residue) in 7.3670 (sec).
 3-Body A236-ASP 0 , A237-LYD 26, A239-LYD 5 :       0.00042941 at      1.569 Ang (1.745 Ang by residue) in 7.3146 (sec).
 3-Body A236-ASP 0 , A237-LYD 26, A239-LYD 4 :       0.00037605 at      1.569 Ang (1.745 Ang by residue) in 7.3524 (sec).
 3-Body A236-ASP 0 , A237-LYD 26, A239-LYD 10:       0.00027944 at      1.569 Ang (1.745 Ang by residue) in 7.2369 (sec).
 3-Body A236-ASP 0 , A237-LYD 26, A239-LYD 6 :       0.00036094 at      1.569 Ang (1.745 Ang by residue) in 7.3143 (sec).
 3-Body A236-ASP 0 , A237-LYD 26, A239-LYD 12:       0.00029821 at      1.569 Ang (1.745 Ang by residue) in 7.2748 (sec).
 3-Body A236-ASP 0 , A237-LYD 26, A239-LYD 11:       0.00029945 at      1.569 Ang (1.745 Ang by residue) in 7.1549 (sec).
 3-Body A236-ASP 0 , A237-LYD 26, A239-LYD 14:       0.00032542 at      1.569 Ang (1.745 Ang by residue) in 8.0722 (sec).
 3-Body A236-ASP 0 , A237-LYD 26, A239-LYD 13:       0.00029484 at      1.569 Ang (1.745 Ang by residue) in 9.1890 (sec).
 3-Body A236-ASP 0 , A237-LYD 26, A239-LYD 16:       0.00073992 at      1.569 Ang (1.745 Ang by residue) in 8.8791 (sec).
 3-Body A236-ASP 0 , A237-LYD 26, A239-LYD 15:       0.00046833 at      1.569 Ang (1.745 Ang by residue) in 8.8236 (sec).
 3-Body A236-ASP 0 , A237-LYD 26, A239-LYD 20:      -0.00186728 at      1.483 Ang (1.745 Ang by residue) in 9.2876 (sec).
 3-Body A236-ASP 0 , A237-LYD 26, A239-LYD 19:       0.00020090 at      1.483 Ang (1.745 Ang by residue) in 8.7637 (sec).
 3-Body A236-ASP 0 , A237-LYD 26, A239-LYD 22:       0.00213628 at      1.483 Ang (1.745 Ang by residue) in 8.8494 (sec).
 3-Body A236-ASP 0 , A237-LYD 26, A239-LYD 21:       0.00071881 at      1.483 Ang (1.745 Ang by residue) in 8.9944 (sec).
 3-Body A236-ASP 0 , A237-LYD 26, A239-LYD 24:       0.00060098 at      1.473 Ang (1.745 Ang by residue) in 8.7527 (sec).
 3-Body A236-ASP 0 , A237-LYD 26, A239-LYD 23:       0.00032803 at      1.483 Ang (1.745 Ang by residue) in 8.1944 (sec).
 3-Body A236-ASP 0 , A237-LYD 26, A239-LYS 29:       0.00098724 at      1.569 Ang (1.745 Ang by residue) in 7.6879 (sec).
 3-Body A236-ASP 0 , A237-LYD 26, A239-LYD 28:       0.00030641 at      1.484 Ang (1.745 Ang by residue) in 7.0009 (sec).
 3-Body A236-ASP 0 , A237-LYD 26, A239-LYS 31:       0.00046266 at      1.569 Ang (1.745 Ang by residue) in 7.2584 (sec).
 3-Body A236-ASP 0 , A237-LYD 26, A239-LYS 30:       0.00991373 at      1.508 Ang (1.745 Ang by residue) in 7.0884 (sec).
 3-Body A236-ASP 0 , A237-LYD 26, A239-LYS 33:       0.00052443 at      1.569 Ang (1.745 Ang by residue) in 7.2199 (sec).
 3-Body A236-ASP 0 , A237-LYD 26, A239-LYS 32:       0.00063381 at      1.569 Ang (1.745 Ang by residue) in 7.4014 (sec).
 3-Body A236-ASP 0 , A237-LYD 26, A239-LYS 38:       0.00048099 at      1.569 Ang (1.745 Ang by residue) in 7.2973 (sec).
 3-Body A236-ASP 0 , A237-LYD 26, A239-LYS 37:       0.00048656 at      1.569 Ang (1.745 Ang by residue) in 7.2966 (sec).
 3-Body A236-ASP 0 , A237-LYD 26, A239-LYS 40:       0.00048373 at      1.569 Ang (1.745 Ang by residue) in 7.0346 (sec).
 3-Body A236-ASP 0 , A237-LYD 26, A239-LYS 39:       0.00065055 at      1.569 Ang (1.745 Ang by residue) in 7.1036 (sec).
 3-Body A236-ASP 0 , A237-LYD 26, A239-LYS 42:       0.00098490 at      1.569 Ang (1.745 Ang by residue) in 7.1951 (sec).
 3-Body A236-ASP 0 , A237-LYD 26, A239-LYS 41:       0.00048983 at      1.569 Ang (1.745 Ang by residue) in 7.1442 (sec).
 3-Body A236-ASP 0 , A237-LYD 26, A239-LYS 46:       0.00081916 at      1.483 Ang (1.745 Ang by residue) in 7.3229 (sec).
 3-Body A236-ASP 0 , A237-LYD 26, A239-LYS 43:       0.00197530 at      1.569 Ang (1.745 Ang by residue) in 7.1929 (sec).
 3-Body A236-ASP 0 , A237-LYD 26, A239-LYS 48:       0.00259960 at      1.483 Ang (1.745 Ang by residue) in 7.1284 (sec).
 3-Body A236-ASP 0 , A237-LYD 26, A239-LYS 47:       0.01033886 at      1.483 Ang (1.745 Ang by residue) in 7.1640 (sec).
 3-Body A236-ASP 0 , A237-LYD 26, A239-LYS 50:       0.00105222 at      1.483 Ang (1.745 Ang by residue) in 7.1564 (sec).
 3-Body A236-ASP 0 , A237-LYD 26, A239-LYS 49:       0.00790469 at      1.483 Ang (1.745 Ang by residue) in 7.6312 (sec).
 3-Body A236-ASP 0 , A237-LYD 26, A239-LYS 52:       0.01535188 at      1.437 Ang (1.745 Ang by residue) in 7.3317 (sec).
 3-Body A236-ASP 0 , A237-LYD 26, A239-LYS 51:       0.00406718 at      1.473 Ang (1.745 Ang by residue) in 7.4341 (sec).
 3-Body A236-ASP 0 , A237-LYD 26, A239-LYS 55:       0.00433309 at      1.484 Ang (1.745 Ang by residue) in 6.9623 (sec).
 3-Body A236-ASP 0 , A237-LYD 26, A239-LYS 53:       0.02807171 at      1.413 Ang (1.745 Ang by residue) in 7.1589 (sec).
 3-Body A236-ASP 0 , A237-LYD 27, A239-LYD 1 :      -0.00330735 at      1.503 Ang (1.745 Ang by residue) in 7.2091 (sec).
 3-Body A236-ASP 0 , A237-LYD 27, A239-LYS 0 :       0.00619600 at      1.503 Ang (1.745 Ang by residue) in 7.0293 (sec).
 3-Body A236-ASP 0 , A237-LYD 27, A239-LYD 3 :       0.00025945 at      1.569 Ang (1.745 Ang by residue) in 7.2315 (sec).
 3-Body A236-ASP 0 , A237-LYD 27, A239-LYD 2 :       0.00042781 at      1.569 Ang (1.745 Ang by residue) in 7.1023 (sec).
 3-Body A236-ASP 0 , A237-LYD 27, A239-LYD 5 :       0.00031283 at      1.569 Ang (1.745 Ang by residue) in 7.1232 (sec).
 3-Body A236-ASP 0 , A237-LYD 27, A239-LYD 4 :       0.00026904 at      1.569 Ang (1.745 Ang by residue) in 7.5082 (sec).
 3-Body A236-ASP 0 , A237-LYD 27, A239-LYD 10:       0.00014940 at      1.569 Ang (1.745 Ang by residue) in 7.3555 (sec).
 3-Body A236-ASP 0 , A237-LYD 27, A239-LYD 6 :       0.00024457 at      1.569 Ang (1.745 Ang by residue) in 6.8949 (sec).
 3-Body A236-ASP 0 , A237-LYD 27, A239-LYD 12:       0.00016594 at      1.569 Ang (1.745 Ang by residue) in 7.1319 (sec).
 3-Body A236-ASP 0 , A237-LYD 27, A239-LYD 11:       0.00016787 at      1.569 Ang (1.745 Ang by residue) in 7.2496 (sec).
 3-Body A236-ASP 0 , A237-LYD 27, A239-LYD 14:       0.00018715 at      1.569 Ang (1.745 Ang by residue) in 7.2717 (sec).
 3-Body A236-ASP 0 , A237-LYD 27, A239-LYD 13:       0.00016101 at      1.569 Ang (1.745 Ang by residue) in 7.3861 (sec).
 3-Body A236-ASP 0 , A237-LYD 27, A239-LYD 16:       0.00053056 at      1.569 Ang (1.745 Ang by residue) in 7.3614 (sec).
 3-Body A236-ASP 0 , A237-LYD 27, A239-LYD 15:       0.00028363 at      1.569 Ang (1.745 Ang by residue) in 7.1225 (sec).
 3-Body A236-ASP 0 , A237-LYD 27, A239-LYD 20:      -0.00327324 at      1.483 Ang (1.745 Ang by residue) in 7.3420 (sec).
 3-Body A236-ASP 0 , A237-LYD 27, A239-LYD 19:      -0.00032976 at      1.483 Ang (1.745 Ang by residue) in 7.1975 (sec).
 3-Body A236-ASP 0 , A237-LYD 27, A239-LYD 22:       0.00074503 at      1.483 Ang (1.745 Ang by residue) in 7.1923 (sec).
 3-Body A236-ASP 0 , A237-LYD 27, A239-LYD 21:      -0.00005209 at      1.483 Ang (1.745 Ang by residue) in 7.2718 (sec).
 3-Body A236-ASP 0 , A237-LYD 27, A239-LYD 24:       0.00002694 at      1.473 Ang (1.745 Ang by residue) in 7.2689 (sec).
 3-Body A236-ASP 0 , A237-LYD 27, A239-LYD 23:      -0.00017690 at      1.483 Ang (1.745 Ang by residue) in 7.2746 (sec).
 3-Body A236-ASP 0 , A237-LYD 27, A239-LYS 29:       0.00086052 at      1.569 Ang (1.745 Ang by residue) in 7.0296 (sec).
 3-Body A236-ASP 0 , A237-LYD 27, A239-LYD 28:      -0.00125758 at      1.484 Ang (1.745 Ang by residue) in 7.2012 (sec).
 3-Body A236-ASP 0 , A237-LYD 27, A239-LYS 31:       0.00033640 at      1.569 Ang (1.745 Ang by residue) in 7.3187 (sec).
 3-Body A236-ASP 0 , A237-LYD 27, A239-LYS 30:       0.00883928 at      1.508 Ang (1.745 Ang by residue) in 7.3890 (sec).
 3-Body A236-ASP 0 , A237-LYD 27, A239-LYS 33:       0.00036409 at      1.569 Ang (1.745 Ang by residue) in 7.3631 (sec).
 3-Body A236-ASP 0 , A237-LYD 27, A239-LYS 32:       0.00052078 at      1.569 Ang (1.745 Ang by residue) in 7.2520 (sec).
 3-Body A236-ASP 0 , A237-LYD 27, A239-LYS 38:       0.00029967 at      1.569 Ang (1.745 Ang by residue) in 7.2114 (sec).
 3-Body A236-ASP 0 , A237-LYD 27, A239-LYS 37:       0.00029616 at      1.569 Ang (1.745 Ang by residue) in 8.7767 (sec).
 3-Body A236-ASP 0 , A237-LYD 27, A239-LYS 40:       0.00027166 at      1.569 Ang (1.745 Ang by residue) in 9.1428 (sec).
 3-Body A236-ASP 0 , A237-LYD 27, A239-LYS 39:       0.00039904 at      1.569 Ang (1.745 Ang by residue) in 7.6923 (sec).
 3-Body A236-ASP 0 , A237-LYD 27, A239-LYS 42:       0.00075585 at      1.569 Ang (1.745 Ang by residue) in 7.2852 (sec).
 3-Body A236-ASP 0 , A237-LYD 27, A239-LYS 41:       0.00027479 at      1.569 Ang (1.745 Ang by residue) in 7.2135 (sec).
 3-Body A236-ASP 0 , A237-LYD 27, A239-LYS 46:       0.00024783 at      1.483 Ang (1.745 Ang by residue) in 7.2421 (sec).
 3-Body A236-ASP 0 , A237-LYD 27, A239-LYS 43:       0.00171831 at      1.569 Ang (1.745 Ang by residue) in 7.1747 (sec).
 3-Body A236-ASP 0 , A237-LYD 27, A239-LYS 48:       0.00198171 at      1.483 Ang (1.745 Ang by residue) in 7.1814 (sec).
 3-Body A236-ASP 0 , A237-LYD 27, A239-LYS 47:       0.00999390 at      1.483 Ang (1.745 Ang by residue) in 7.3830 (sec).
 3-Body A236-ASP 0 , A237-LYD 27, A239-LYS 50:       0.00056909 at      1.483 Ang (1.745 Ang by residue) in 7.2609 (sec).
 3-Body A236-ASP 0 , A237-LYD 27, A239-LYS 49:       0.00677802 at      1.483 Ang (1.745 Ang by residue) in 7.2141 (sec).
 3-Body A236-ASP 0 , A237-LYD 27, A239-LYS 52:       0.00915221 at      1.437 Ang (1.745 Ang by residue) in 7.1914 (sec).
 3-Body A236-ASP 0 , A237-LYD 27, A239-LYS 51:       0.00378913 at      1.473 Ang (1.745 Ang by residue) in 7.1702 (sec).
 3-Body A236-ASP 0 , A237-LYD 27, A239-LYS 55:       0.00274336 at      1.484 Ang (1.745 Ang by residue) in 7.1566 (sec).
 3-Body A236-ASP 0 , A237-LYD 27, A239-LYS 53:       0.01157647 at      1.413 Ang (1.745 Ang by residue) in 7.1749 (sec).
 3-Body A236-ASP 0 , A237-LYD 28, A239-LYD 1 :      -0.00168515 at      1.503 Ang (1.745 Ang by residue) in 7.2019 (sec).
 3-Body A236-ASP 0 , A237-LYD 28, A239-LYS 0 :       0.00687532 at      1.503 Ang (1.745 Ang by residue) in 7.3878 (sec).
 3-Body A236-ASP 0 , A237-LYD 28, A239-LYD 3 :       0.00030786 at      1.569 Ang (1.745 Ang by residue) in 7.1420 (sec).
 3-Body A236-ASP 0 , A237-LYD 28, A239-LYD 2 :       0.00047847 at      1.569 Ang (1.745 Ang by residue) in 7.2383 (sec).
 3-Body A236-ASP 0 , A237-LYD 28, A239-LYD 5 :       0.00036663 at      1.569 Ang (1.745 Ang by residue) in 7.3152 (sec).
 3-Body A236-ASP 0 , A237-LYD 28, A239-LYD 4 :       0.00031579 at      1.569 Ang (1.745 Ang by residue) in 7.3025 (sec).
 3-Body A236-ASP 0 , A237-LYD 28, A239-LYD 10:       0.00022183 at      1.569 Ang (1.745 Ang by residue) in 7.4764 (sec).
 3-Body A236-ASP 0 , A237-LYD 28, A239-LYD 6 :       0.00030112 at      1.569 Ang (1.745 Ang by residue) in 7.1568 (sec).
 3-Body A236-ASP 0 , A237-LYD 28, A239-LYD 12:       0.00023703 at      1.569 Ang (1.745 Ang by residue) in 7.3419 (sec).
 3-Body A236-ASP 0 , A237-LYD 28, A239-LYD 11:       0.00023894 at      1.569 Ang (1.745 Ang by residue) in 7.2352 (sec).
 3-Body A236-ASP 0 , A237-LYD 28, A239-LYD 14:       0.00026104 at      1.569 Ang (1.745 Ang by residue) in 7.1266 (sec).
 3-Body A236-ASP 0 , A237-LYD 28, A239-LYD 13:       0.00023587 at      1.569 Ang (1.745 Ang by residue) in 7.1789 (sec).
 3-Body A236-ASP 0 , A237-LYD 28, A239-LYD 16:       0.00060946 at      1.569 Ang (1.745 Ang by residue) in 7.2252 (sec).
 3-Body A236-ASP 0 , A237-LYD 28, A239-LYD 15:       0.00037570 at      1.569 Ang (1.745 Ang by residue) in 7.1007 (sec).
 3-Body A236-ASP 0 , A237-LYD 28, A239-LYD 20:      -0.00216165 at      1.483 Ang (1.745 Ang by residue) in 7.2340 (sec).
 3-Body A236-ASP 0 , A237-LYD 28, A239-LYD 19:       0.00002397 at      1.483 Ang (1.745 Ang by residue) in 7.5435 (sec).
 3-Body A236-ASP 0 , A237-LYD 28, A239-LYD 22:       0.00151730 at      1.483 Ang (1.745 Ang by residue) in 7.2789 (sec).
 3-Body A236-ASP 0 , A237-LYD 28, A239-LYD 21:       0.00041683 at      1.483 Ang (1.745 Ang by residue) in 7.3483 (sec).
 3-Body A236-ASP 0 , A237-LYD 28, A239-LYD 24:       0.00039835 at      1.473 Ang (1.745 Ang by residue) in 7.2180 (sec).
 3-Body A236-ASP 0 , A237-LYD 28, A239-LYD 23:       0.00014676 at      1.483 Ang (1.745 Ang by residue) in 7.4871 (sec).
 3-Body A236-ASP 0 , A237-LYD 28, A239-LYS 29:       0.00083252 at      1.569 Ang (1.745 Ang by residue) in 7.2882 (sec).
 3-Body A236-ASP 0 , A237-LYD 28, A239-LYD 28:      -0.00020113 at      1.484 Ang (1.745 Ang by residue) in 7.2418 (sec).
 3-Body A236-ASP 0 , A237-LYD 28, A239-LYS 31:       0.00035307 at      1.569 Ang (1.745 Ang by residue) in 7.2992 (sec).
 3-Body A236-ASP 0 , A237-LYD 28, A239-LYS 30:       0.00847365 at      1.508 Ang (1.745 Ang by residue) in 7.5073 (sec).
 3-Body A236-ASP 0 , A237-LYD 28, A239-LYS 33:       0.00039931 at      1.569 Ang (1.745 Ang by residue) in 7.2748 (sec).
 3-Body A236-ASP 0 , A237-LYD 28, A239-LYS 32:       0.00051997 at      1.569 Ang (1.745 Ang by residue) in 7.5199 (sec).
 3-Body A236-ASP 0 , A237-LYD 28, A239-LYS 38:       0.00035398 at      1.569 Ang (1.745 Ang by residue) in 7.4218 (sec).
 3-Body A236-ASP 0 , A237-LYD 28, A239-LYS 37:       0.00036035 at      1.569 Ang (1.745 Ang by residue) in 7.5361 (sec).
 3-Body A236-ASP 0 , A237-LYD 28, A239-LYS 40:       0.00034571 at      1.569 Ang (1.745 Ang by residue) in 7.6588 (sec).
 3-Body A236-ASP 0 , A237-LYD 28, A239-LYS 39:       0.00048219 at      1.569 Ang (1.745 Ang by residue) in 7.4626 (sec).
 3-Body A236-ASP 0 , A237-LYD 28, A239-LYS 42:       0.00078698 at      1.569 Ang (1.745 Ang by residue) in 7.4390 (sec).
 3-Body A236-ASP 0 , A237-LYD 28, A239-LYS 41:       0.00035442 at      1.569 Ang (1.745 Ang by residue) in 7.5036 (sec).
 3-Body A236-ASP 0 , A237-LYD 28, A239-LYS 46:       0.00051923 at      1.483 Ang (1.745 Ang by residue) in 7.4139 (sec).
 3-Body A236-ASP 0 , A237-LYD 28, A239-LYS 43:       0.00164313 at      1.569 Ang (1.745 Ang by residue) in 7.2699 (sec).
 3-Body A236-ASP 0 , A237-LYD 28, A239-LYS 48:       0.00208714 at      1.483 Ang (1.745 Ang by residue) in 7.3332 (sec).
 3-Body A236-ASP 0 , A237-LYD 28, A239-LYS 47:       0.00941873 at      1.483 Ang (1.745 Ang by residue) in 7.4220 (sec).
 3-Body A236-ASP 0 , A237-LYD 28, A239-LYS 50:       0.00077764 at      1.483 Ang (1.745 Ang by residue) in 7.3793 (sec).
 3-Body A236-ASP 0 , A237-LYD 28, A239-LYS 49:       0.00655398 at      1.483 Ang (1.745 Ang by residue) in 7.5086 (sec).
 3-Body A236-ASP 0 , A237-LYD 28, A239-LYS 52:       0.01202552 at      1.437 Ang (1.745 Ang by residue) in 7.6686 (sec).
 3-Body A236-ASP 0 , A237-LYD 28, A239-LYS 51:       0.00369326 at      1.473 Ang (1.745 Ang by residue) in 7.3483 (sec).
 3-Body A236-ASP 0 , A237-LYD 28, A239-LYS 55:       0.00332087 at      1.484 Ang (1.745 Ang by residue) in 7.5320 (sec).
 3-Body A236-ASP 0 , A237-LYD 28, A239-LYS 53:       0.02038644 at      1.413 Ang (1.745 Ang by residue) in 7.5552 (sec).
 3-Body A236-ASP 0 , A237-LYS 30, A239-LYD 1 :       0.00057478 at      1.503 Ang (1.745 Ang by residue) in 7.5742 (sec).
 3-Body A236-ASP 0 , A237-LYS 30, A239-LYS 0 :       0.01064070 at      1.503 Ang (1.745 Ang by residue) in 8.9200 (sec).
 3-Body A236-ASP 0 , A237-LYS 30, A239-LYD 3 :       0.00049829 at      1.569 Ang (1.745 Ang by residue) in 9.0248 (sec).
 3-Body A236-ASP 0 , A237-LYS 30, A239-LYD 2 :       0.00069505 at      1.569 Ang (1.745 Ang by residue) in 9.0080 (sec).
 3-Body A236-ASP 0 , A237-LYS 30, A239-LYD 5 :       0.00056483 at      1.569 Ang (1.745 Ang by residue) in 8.7736 (sec).
 3-Body A236-ASP 0 , A237-LYS 30, A239-LYD 4 :       0.00050551 at      1.569 Ang (1.745 Ang by residue) in 9.1448 (sec).
 3-Body A236-ASP 0 , A237-LYS 30, A239-LYD 10:       0.00042952 at      1.569 Ang (1.745 Ang by residue) in 9.1965 (sec).
 3-Body A236-ASP 0 , A237-LYS 30, A239-LYD 6 :       0.00049838 at      1.569 Ang (1.745 Ang by residue) in 8.7779 (sec).
 3-Body A236-ASP 0 , A237-LYS 30, A239-LYD 12:       0.00044981 at      1.569 Ang (1.745 Ang by residue) in 8.7568 (sec).
 3-Body A236-ASP 0 , A237-LYS 30, A239-LYD 11:       0.00044532 at      1.569 Ang (1.745 Ang by residue) in 8.6920 (sec).
 3-Body A236-ASP 0 , A237-LYS 30, A239-LYD 14:       0.00046844 at      1.569 Ang (1.745 Ang by residue) in 8.7214 (sec).
 3-Body A236-ASP 0 , A237-LYS 30, A239-LYD 13:       0.00044356 at      1.569 Ang (1.745 Ang by residue) in 8.8356 (sec).
 3-Body A236-ASP 0 , A237-LYS 30, A239-LYD 16:       0.00088165 at      1.569 Ang (1.745 Ang by residue) in 8.8533 (sec).
 3-Body A236-ASP 0 , A237-LYS 30, A239-LYD 15:       0.00063487 at      1.569 Ang (1.745 Ang by residue) in 8.7401 (sec).
 3-Body A236-ASP 0 , A237-LYS 30, A239-LYD 20:      -0.00007366 at      1.483 Ang (1.745 Ang by residue) in 8.8835 (sec).
 3-Body A236-ASP 0 , A237-LYS 30, A239-LYD 19:       0.00079789 at      1.483 Ang (1.745 Ang by residue) in 9.0105 (sec).
 3-Body A236-ASP 0 , A237-LYS 30, A239-LYD 22:       0.00307623 at      1.483 Ang (1.745 Ang by residue) in 8.9324 (sec).
 3-Body A236-ASP 0 , A237-LYS 30, A239-LYD 21:       0.00143642 at      1.483 Ang (1.745 Ang by residue) in 8.5499 (sec).
 3-Body A236-ASP 0 , A237-LYS 30, A239-LYD 24:       0.00125327 at      1.473 Ang (1.745 Ang by residue) in 8.8552 (sec).
 3-Body A236-ASP 0 , A237-LYS 30, A239-LYD 23:       0.00090026 at      1.483 Ang (1.745 Ang by residue) in 8.6563 (sec).
 3-Body A236-ASP 0 , A237-LYS 30, A239-LYS 29:       0.00099115 at      1.569 Ang (1.745 Ang by residue) in 8.8352 (sec).
 3-Body A236-ASP 0 , A237-LYS 30, A239-LYD 28:       0.00197593 at      1.484 Ang (1.745 Ang by residue) in 7.6320 (sec).
 3-Body A236-ASP 0 , A237-LYS 30, A239-LYS 31:       0.00055415 at      1.569 Ang (1.745 Ang by residue) in 9.0556 (sec).
 3-Body A236-ASP 0 , A237-LYS 30, A239-LYS 30:       0.00917517 at      1.508 Ang (1.745 Ang by residue) in 9.4620 (sec).
 3-Body A236-ASP 0 , A237-LYS 30, A239-LYS 33:       0.00061359 at      1.569 Ang (1.745 Ang by residue) in 8.7038 (sec).
 3-Body A236-ASP 0 , A237-LYS 30, A239-LYS 32:       0.00070465 at      1.569 Ang (1.745 Ang by residue) in 8.8639 (sec).
 3-Body A236-ASP 0 , A237-LYS 30, A239-LYS 38:       0.00058031 at      1.569 Ang (1.745 Ang by residue) in 8.8883 (sec).
 3-Body A236-ASP 0 , A237-LYS 30, A239-LYS 37:       0.00059036 at      1.569 Ang (1.745 Ang by residue) in 8.9229 (sec).
 3-Body A236-ASP 0 , A237-LYS 30, A239-LYS 40:       0.00059986 at      1.569 Ang (1.745 Ang by residue) in 8.8394 (sec).
 3-Body A236-ASP 0 , A237-LYS 30, A239-LYS 39:       0.00075847 at      1.569 Ang (1.745 Ang by residue) in 8.9931 (sec).
 3-Body A236-ASP 0 , A237-LYS 30, A239-LYS 42:       0.00102397 at      1.569 Ang (1.745 Ang by residue) in 8.9999 (sec).
 3-Body A236-ASP 0 , A237-LYS 30, A239-LYS 41:       0.00060660 at      1.569 Ang (1.745 Ang by residue) in 9.0272 (sec).
 3-Body A236-ASP 0 , A237-LYS 30, A239-LYS 46:       0.00126205 at      1.483 Ang (1.745 Ang by residue) in 8.8014 (sec).
 3-Body A236-ASP 0 , A237-LYS 30, A239-LYS 43:       0.00186363 at      1.569 Ang (1.745 Ang by residue) in 9.1460 (sec).
 3-Body A236-ASP 0 , A237-LYS 30, A239-LYS 48:       0.00278304 at      1.483 Ang (1.745 Ang by residue) in 9.1056 (sec).
 3-Body A236-ASP 0 , A237-LYS 30, A239-LYS 47:       0.00871307 at      1.483 Ang (1.745 Ang by residue) in 8.8097 (sec).
 3-Body A236-ASP 0 , A237-LYS 30, A239-LYS 50:       0.00141174 at      1.483 Ang (1.745 Ang by residue) in 9.0732 (sec).
 3-Body A236-ASP 0 , A237-LYS 30, A239-LYS 49:       0.00763400 at      1.483 Ang (1.745 Ang by residue) in 8.7859 (sec).
 3-Body A236-ASP 0 , A237-LYS 30, A239-LYS 52:       0.01812842 at      1.437 Ang (1.745 Ang by residue) in 9.0154 (sec).
 3-Body A236-ASP 0 , A237-LYS 30, A239-LYS 51:       0.00375080 at      1.473 Ang (1.745 Ang by residue) in 8.9163 (sec).
 3-Body A236-ASP 0 , A237-LYS 30, A239-LYS 55:       0.00543840 at      1.484 Ang (1.745 Ang by residue) in 9.0499 (sec).
 3-Body A236-ASP 0 , A237-LYS 30, A239-LYS 53:       0.03824654 at      1.413 Ang (1.745 Ang by residue) in 8.8503 (sec).
 3-Body A236-ASP 0 , A237-LYS 33, A239-LYD 1 :       0.00027865 at      1.503 Ang (1.745 Ang by residue) in 7.3226 (sec).
 3-Body A236-ASP 0 , A237-LYS 33, A239-LYS 0 :       0.00788369 at      1.503 Ang (1.745 Ang by residue) in 7.5287 (sec).
 3-Body A236-ASP 0 , A237-LYS 33, A239-LYD 3 :       0.00054245 at      1.569 Ang (1.745 Ang by residue) in 7.4083 (sec).
 3-Body A236-ASP 0 , A237-LYS 33, A239-LYD 2 :       0.00073670 at      1.569 Ang (1.745 Ang by residue) in 7.5150 (sec).
 3-Body A236-ASP 0 , A237-LYS 33, A239-LYD 5 :       0.00062760 at      1.569 Ang (1.745 Ang by residue) in 7.3896 (sec).
 3-Body A236-ASP 0 , A237-LYS 33, A239-LYD 4 :       0.00055160 at      1.569 Ang (1.745 Ang by residue) in 7.3664 (sec).
 3-Body A236-ASP 0 , A237-LYS 33, A239-LYD 10:       0.00044265 at      1.569 Ang (1.745 Ang by residue) in 7.6231 (sec).
 3-Body A236-ASP 0 , A237-LYS 33, A239-LYD 6 :       0.00054069 at      1.569 Ang (1.745 Ang by residue) in 7.5511 (sec).
 3-Body A236-ASP 0 , A237-LYS 33, A239-LYD 12:       0.00046283 at      1.569 Ang (1.745 Ang by residue) in 7.4376 (sec).
 3-Body A236-ASP 0 , A237-LYS 33, A239-LYD 11:       0.00045628 at      1.569 Ang (1.745 Ang by residue) in 7.5406 (sec).
 3-Body A236-ASP 0 , A237-LYS 33, A239-LYD 14:       0.00047296 at      1.569 Ang (1.745 Ang by residue) in 7.5601 (sec).
 3-Body A236-ASP 0 , A237-LYS 33, A239-LYD 13:       0.00045688 at      1.569 Ang (1.745 Ang by residue) in 7.6934 (sec).
 3-Body A236-ASP 0 , A237-LYS 33, A239-LYD 16:       0.00084755 at      1.569 Ang (1.745 Ang by residue) in 7.3592 (sec).
 3-Body A236-ASP 0 , A237-LYS 33, A239-LYD 15:       0.00062263 at      1.569 Ang (1.745 Ang by residue) in 7.5627 (sec).
 3-Body A236-ASP 0 , A237-LYS 33, A239-LYD 20:      -0.00038716 at      1.483 Ang (1.745 Ang by residue) in 7.3520 (sec).
 3-Body A236-ASP 0 , A237-LYS 33, A239-LYD 19:       0.00069055 at      1.483 Ang (1.745 Ang by residue) in 7.5746 (sec).
 3-Body A236-ASP 0 , A237-LYS 33, A239-LYD 22:       0.00252332 at      1.483 Ang (1.745 Ang by residue) in 7.7784 (sec).
 3-Body A236-ASP 0 , A237-LYS 33, A239-LYD 21:       0.00122934 at      1.483 Ang (1.745 Ang by residue) in 7.5873 (sec).
 3-Body A236-ASP 0 , A237-LYS 33, A239-LYD 24:       0.00124522 at      1.473 Ang (1.745 Ang by residue) in 7.6619 (sec).
 3-Body A236-ASP 0 , A237-LYS 33, A239-LYD 23:       0.00080892 at      1.483 Ang (1.745 Ang by residue) in 7.4459 (sec).
 3-Body A236-ASP 0 , A237-LYS 33, A239-LYS 29:       0.00095174 at      1.569 Ang (1.745 Ang by residue) in 7.4599 (sec).
 3-Body A236-ASP 0 , A237-LYS 33, A239-LYD 28:       0.00154782 at      1.484 Ang (1.745 Ang by residue) in 7.3698 (sec).
 3-Body A236-ASP 0 , A237-LYS 33, A239-LYS 31:       0.00053075 at      1.569 Ang (1.745 Ang by residue) in 7.5366 (sec).
 3-Body A236-ASP 0 , A237-LYS 33, A239-LYS 30:       0.00800049 at      1.508 Ang (1.745 Ang by residue) in 8.2047 (sec).
 3-Body A236-ASP 0 , A237-LYS 33, A239-LYS 33:       0.00055464 at      1.569 Ang (1.745 Ang by residue) in 8.7941 (sec).
 3-Body A236-ASP 0 , A237-LYS 33, A239-LYS 32:       0.00073983 at      1.569 Ang (1.745 Ang by residue) in 8.5662 (sec).
 3-Body A236-ASP 0 , A237-LYS 33, A239-LYS 38:       0.00048700 at      1.569 Ang (1.745 Ang by residue) in 8.6201 (sec).
 3-Body A236-ASP 0 , A237-LYS 33, A239-LYS 37:       0.00050248 at      1.569 Ang (1.745 Ang by residue) in 7.4739 (sec).
 3-Body A236-ASP 0 , A237-LYS 33, A239-LYS 40:       0.00048213 at      1.569 Ang (1.745 Ang by residue) in 7.3634 (sec).
 3-Body A236-ASP 0 , A237-LYS 33, A239-LYS 39:       0.00060412 at      1.569 Ang (1.745 Ang by residue) in 7.4317 (sec).
 3-Body A236-ASP 0 , A237-LYS 33, A239-LYS 42:       0.00086531 at      1.569 Ang (1.745 Ang by residue) in 7.2615 (sec).
 3-Body A236-ASP 0 , A237-LYS 33, A239-LYS 41:       0.00049635 at      1.569 Ang (1.745 Ang by residue) in 7.2034 (sec).
 3-Body A236-ASP 0 , A237-LYS 33, A239-LYS 46:       0.00098165 at      1.483 Ang (1.745 Ang by residue) in 7.3384 (sec).
 3-Body A236-ASP 0 , A237-LYS 33, A239-LYS 43:       0.00158915 at      1.569 Ang (1.745 Ang by residue) in 7.3718 (sec).
 3-Body A236-ASP 0 , A237-LYS 33, A239-LYS 48:       0.00236646 at      1.483 Ang (1.745 Ang by residue) in 7.4359 (sec).
 3-Body A236-ASP 0 , A237-LYS 33, A239-LYS 47:       0.00841416 at      1.483 Ang (1.745 Ang by residue) in 7.3409 (sec).
 3-Body A236-ASP 0 , A237-LYS 33, A239-LYS 50:       0.00121665 at      1.483 Ang (1.745 Ang by residue) in 7.3626 (sec).
 3-Body A236-ASP 0 , A237-LYS 33, A239-LYS 49:       0.00638165 at      1.483 Ang (1.745 Ang by residue) in 7.5447 (sec).
 3-Body A236-ASP 0 , A237-LYS 33, A239-LYS 52:       0.01538776 at      1.437 Ang (1.745 Ang by residue) in 7.5379 (sec).
 3-Body A236-ASP 0 , A237-LYS 33, A239-LYS 51:       0.00377817 at      1.473 Ang (1.745 Ang by residue) in 7.4893 (sec).
 3-Body A236-ASP 0 , A237-LYS 33, A239-LYS 55:       0.00460082 at      1.484 Ang (1.745 Ang by residue) in 7.4026 (sec).
 3-Body A236-ASP 0 , A237-LYS 33, A239-LYS 53:       0.02910316 at      1.413 Ang (1.745 Ang by residue) in 7.4426 (sec).
 3-Body A236-ASP 0 , A237-LYS 34, A239-LYD 1 :       0.00051465 at      1.503 Ang (1.745 Ang by residue) in 7.4197 (sec).
 3-Body A236-ASP 0 , A237-LYS 34, A239-LYS 0 :       0.00793086 at      1.503 Ang (1.745 Ang by residue) in 7.5875 (sec).
 3-Body A236-ASP 0 , A237-LYS 34, A239-LYD 3 :       0.00057185 at      1.569 Ang (1.745 Ang by residue) in 7.6265 (sec).
 3-Body A236-ASP 0 , A237-LYS 34, A239-LYD 2 :       0.00076714 at      1.569 Ang (1.745 Ang by residue) in 7.4666 (sec).
 3-Body A236-ASP 0 , A237-LYS 34, A239-LYD 5 :       0.00065677 at      1.569 Ang (1.745 Ang by residue) in 7.8499 (sec).
 3-Body A236-ASP 0 , A237-LYS 34, A239-LYD 4 :       0.00057760 at      1.569 Ang (1.745 Ang by residue) in 7.4397 (sec).
 3-Body A236-ASP 0 , A237-LYS 34, A239-LYD 10:       0.00046132 at      1.569 Ang (1.745 Ang by residue) in 7.4005 (sec).
 3-Body A236-ASP 0 , A237-LYS 34, A239-LYD 6 :       0.00056333 at      1.569 Ang (1.745 Ang by residue) in 7.2942 (sec).
 3-Body A236-ASP 0 , A237-LYS 34, A239-LYD 12:       0.00047946 at      1.569 Ang (1.745 Ang by residue) in 7.3398 (sec).
 3-Body A236-ASP 0 , A237-LYS 34, A239-LYD 11:       0.00047208 at      1.569 Ang (1.745 Ang by residue) in 7.5882 (sec).
 3-Body A236-ASP 0 , A237-LYS 34, A239-LYD 14:       0.00048890 at      1.569 Ang (1.745 Ang by residue) in 7.4017 (sec).
 3-Body A236-ASP 0 , A237-LYS 34, A239-LYD 13:       0.00047329 at      1.569 Ang (1.745 Ang by residue) in 7.6542 (sec).
 3-Body A236-ASP 0 , A237-LYS 34, A239-LYD 16:       0.00084106 at      1.569 Ang (1.745 Ang by residue) in 7.4475 (sec).
 3-Body A236-ASP 0 , A237-LYS 34, A239-LYD 15:       0.00063752 at      1.569 Ang (1.745 Ang by residue) in 7.1153 (sec).
 3-Body A236-ASP 0 , A237-LYS 34, A239-LYD 20:      -0.00008666 at      1.483 Ang (1.745 Ang by residue) in 7.5253 (sec).
 3-Body A236-ASP 0 , A237-LYS 34, A239-LYD 19:       0.00078025 at      1.483 Ang (1.745 Ang by residue) in 7.3122 (sec).
 3-Body A236-ASP 0 , A237-LYS 34, A239-LYD 22:       0.00238297 at      1.483 Ang (1.745 Ang by residue) in 7.4002 (sec).
 3-Body A236-ASP 0 , A237-LYS 34, A239-LYD 21:       0.00127536 at      1.483 Ang (1.745 Ang by residue) in 7.7616 (sec).
 3-Body A236-ASP 0 , A237-LYS 34, A239-LYD 24:       0.00134887 at      1.473 Ang (1.745 Ang by residue) in 7.7016 (sec).
 3-Body A236-ASP 0 , A237-LYS 34, A239-LYD 23:       0.00090618 at      1.483 Ang (1.745 Ang by residue) in 7.3906 (sec).
 3-Body A236-ASP 0 , A237-LYS 34, A239-LYS 29:       0.00093740 at      1.569 Ang (1.745 Ang by residue) in 7.5660 (sec).
 3-Body A236-ASP 0 , A237-LYS 34, A239-LYD 28:       0.00178795 at      1.484 Ang (1.745 Ang by residue) in 7.2697 (sec).
 3-Body A236-ASP 0 , A237-LYS 34, A239-LYS 31:       0.00053536 at      1.569 Ang (1.745 Ang by residue) in 7.4967 (sec).
 3-Body A236-ASP 0 , A237-LYS 34, A239-LYS 30:       0.00711100 at      1.508 Ang (1.745 Ang by residue) in 7.3078 (sec).
 3-Body A236-ASP 0 , A237-LYS 34, A239-LYS 33:       0.00055607 at      1.569 Ang (1.745 Ang by residue) in 7.3771 (sec).
 3-Body A236-ASP 0 , A237-LYS 34, A239-LYS 32:       0.00074973 at      1.569 Ang (1.745 Ang by residue) in 7.1586 (sec).
 3-Body A236-ASP 0 , A237-LYS 34, A239-LYS 38:       0.00048286 at      1.569 Ang (1.745 Ang by residue) in 7.4076 (sec).
 3-Body A236-ASP 0 , A237-LYS 34, A239-LYS 37:       0.00049573 at      1.569 Ang (1.745 Ang by residue) in 7.2724 (sec).
 3-Body A236-ASP 0 , A237-LYS 34, A239-LYS 40:       0.00048797 at      1.569 Ang (1.745 Ang by residue) in 7.2511 (sec).
 3-Body A236-ASP 0 , A237-LYS 34, A239-LYS 39:       0.00060671 at      1.569 Ang (1.745 Ang by residue) in 7.1744 (sec).
 3-Body A236-ASP 0 , A237-LYS 34, A239-LYS 42:       0.00083358 at      1.569 Ang (1.745 Ang by residue) in 7.2340 (sec).
 3-Body A236-ASP 0 , A237-LYS 34, A239-LYS 41:       0.00050035 at      1.569 Ang (1.745 Ang by residue) in 7.0336 (sec).
 3-Body A236-ASP 0 , A237-LYS 34, A239-LYS 46:       0.00101945 at      1.483 Ang (1.745 Ang by residue) in 7.2510 (sec).
 3-Body A236-ASP 0 , A237-LYS 34, A239-LYS 43:       0.00150112 at      1.569 Ang (1.745 Ang by residue) in 7.3677 (sec).
 3-Body A236-ASP 0 , A237-LYS 34, A239-LYS 48:       0.00225492 at      1.483 Ang (1.745 Ang by residue) in 7.1463 (sec).
 3-Body A236-ASP 0 , A237-LYS 34, A239-LYS 47:       0.00776013 at      1.483 Ang (1.745 Ang by residue) in 7.1966 (sec).
 3-Body A236-ASP 0 , A237-LYS 34, A239-LYS 50:       0.00124930 at      1.483 Ang (1.745 Ang by residue) in 7.2537 (sec).
 3-Body A236-ASP 0 , A237-LYS 34, A239-LYS 49:       0.00576688 at      1.483 Ang (1.745 Ang by residue) in 7.2768 (sec).
 3-Body A236-ASP 0 , A237-LYS 34, A239-LYS 52:       0.01449958 at      1.437 Ang (1.745 Ang by residue) in 7.0256 (sec).
 3-Body A236-ASP 0 , A237-LYS 34, A239-LYS 51:       0.00374701 at      1.473 Ang (1.745 Ang by residue) in 7.2466 (sec).
 3-Body A236-ASP 0 , A237-LYS 34, A239-LYS 55:       0.00467285 at      1.484 Ang (1.745 Ang by residue) in 7.2087 (sec).
 3-Body A236-ASP 0 , A237-LYS 34, A239-LYS 53:       0.02841709 at      1.413 Ang (1.745 Ang by residue) in 7.2052 (sec).
 3-Body A236-ASP 0 , A237-LYS 35, A239-LYD 1 :       0.00043408 at      1.503 Ang (1.745 Ang by residue) in 7.2585 (sec).
 3-Body A236-ASP 0 , A237-LYS 35, A239-LYS 0 :       0.00810324 at      1.503 Ang (1.745 Ang by residue) in 7.3254 (sec).
 3-Body A236-ASP 0 , A237-LYS 35, A239-LYD 3 :       0.00052261 at      1.569 Ang (1.745 Ang by residue) in 7.0967 (sec).
 3-Body A236-ASP 0 , A237-LYS 35, A239-LYD 2 :       0.00071491 at      1.569 Ang (1.745 Ang by residue) in 7.2325 (sec).
 3-Body A236-ASP 0 , A237-LYS 35, A239-LYD 5 :       0.00060374 at      1.569 Ang (1.745 Ang by residue) in 8.0665 (sec).
 3-Body A236-ASP 0 , A237-LYS 35, A239-LYD 4 :       0.00053000 at      1.569 Ang (1.745 Ang by residue) in 8.6968 (sec).
 3-Body A236-ASP 0 , A237-LYS 35, A239-LYD 10:       0.00042557 at      1.569 Ang (1.745 Ang by residue) in 8.7254 (sec).
 3-Body A236-ASP 0 , A237-LYS 35, A239-LYD 6 :       0.00051769 at      1.569 Ang (1.745 Ang by residue) in 8.8686 (sec).
 3-Body A236-ASP 0 , A237-LYS 35, A239-LYD 12:       0.00044359 at      1.569 Ang (1.745 Ang by residue) in 8.4873 (sec).
 3-Body A236-ASP 0 , A237-LYS 35, A239-LYD 11:       0.00043779 at      1.569 Ang (1.745 Ang by residue) in 8.6136 (sec).
 3-Body A236-ASP 0 , A237-LYS 35, A239-LYD 14:       0.00045478 at      1.569 Ang (1.745 Ang by residue) in 8.8362 (sec).
 3-Body A236-ASP 0 , A237-LYS 35, A239-LYD 13:       0.00043919 at      1.569 Ang (1.745 Ang by residue) in 8.9639 (sec).
 3-Body A236-ASP 0 , A237-LYS 35, A239-LYD 16:       0.00080525 at      1.569 Ang (1.745 Ang by residue) in 8.8011 (sec).
 3-Body A236-ASP 0 , A237-LYS 35, A239-LYD 15:       0.00060127 at      1.569 Ang (1.745 Ang by residue) in 9.0857 (sec).
 3-Body A236-ASP 0 , A237-LYS 35, A239-LYD 20:      -0.00022885 at      1.483 Ang (1.745 Ang by residue) in 9.1253 (sec).
 3-Body A236-ASP 0 , A237-LYS 35, A239-LYD 19:       0.00067544 at      1.483 Ang (1.745 Ang by residue) in 9.0467 (sec).
 3-Body A236-ASP 0 , A237-LYS 35, A239-LYD 22:       0.00233224 at      1.483 Ang (1.745 Ang by residue) in 9.1394 (sec).
 3-Body A236-ASP 0 , A237-LYS 35, A239-LYD 21:       0.00117536 at      1.483 Ang (1.745 Ang by residue) in 9.1538 (sec).
 3-Body A236-ASP 0 , A237-LYS 35, A239-LYD 24:       0.00121311 at      1.473 Ang (1.745 Ang by residue) in 8.9355 (sec).
 3-Body A236-ASP 0 , A237-LYS 35, A239-LYD 23:       0.00079330 at      1.483 Ang (1.745 Ang by residue) in 9.1934 (sec).
 3-Body A236-ASP 0 , A237-LYS 35, A239-LYS 29:       0.00089870 at      1.569 Ang (1.745 Ang by residue) in 8.9211 (sec).
 3-Body A236-ASP 0 , A237-LYS 35, A239-LYD 28:       0.00161238 at      1.484 Ang (1.745 Ang by residue) in 8.6658 (sec).
 3-Body A236-ASP 0 , A237-LYS 35, A239-LYS 31:       0.00050098 at      1.569 Ang (1.745 Ang by residue) in 8.6338 (sec).
 3-Body A236-ASP 0 , A237-LYS 35, A239-LYS 30:       0.00714945 at      1.508 Ang (1.745 Ang by residue) in 8.6692 (sec).
 3-Body A236-ASP 0 , A237-LYS 35, A239-LYS 33:       0.00052408 at      1.569 Ang (1.745 Ang by residue) in 9.0845 (sec).
 3-Body A236-ASP 0 , A237-LYS 35, A239-LYS 32:       0.00071070 at      1.569 Ang (1.745 Ang by residue) in 8.8665 (sec).
 3-Body A236-ASP 0 , A237-LYS 35, A239-LYS 38:       0.00046191 at      1.569 Ang (1.745 Ang by residue) in 8.7460 (sec).
 3-Body A236-ASP 0 , A237-LYS 35, A239-LYS 37:       0.00047705 at      1.569 Ang (1.745 Ang by residue) in 9.0245 (sec).
 3-Body A236-ASP 0 , A237-LYS 35, A239-LYS 40:       0.00046674 at      1.569 Ang (1.745 Ang by residue) in 8.9339 (sec).
 3-Body A236-ASP 0 , A237-LYS 35, A239-LYS 39:       0.00058864 at      1.569 Ang (1.745 Ang by residue) in 8.8596 (sec).
 3-Body A236-ASP 0 , A237-LYS 35, A239-LYS 42:       0.00081167 at      1.569 Ang (1.745 Ang by residue) in 8.6456 (sec).
 3-Body A236-ASP 0 , A237-LYS 35, A239-LYS 41:       0.00048118 at      1.569 Ang (1.745 Ang by residue) in 8.9599 (sec).
 3-Body A236-ASP 0 , A237-LYS 35, A239-LYS 46:       0.00093243 at      1.483 Ang (1.745 Ang by residue) in 8.9770 (sec).
 3-Body A236-ASP 0 , A237-LYS 35, A239-LYS 43:       0.00148631 at      1.569 Ang (1.745 Ang by residue) in 9.0896 (sec).
 3-Body A236-ASP 0 , A237-LYS 35, A239-LYS 48:       0.00217299 at      1.483 Ang (1.745 Ang by residue) in 8.9862 (sec).
 3-Body A236-ASP 0 , A237-LYS 35, A239-LYS 47:       0.00761471 at      1.483 Ang (1.745 Ang by residue) in 8.9036 (sec).
 3-Body A236-ASP 0 , A237-LYS 35, A239-LYS 50:       0.00115270 at      1.483 Ang (1.745 Ang by residue) in 8.7751 (sec).
 3-Body A236-ASP 0 , A237-LYS 35, A239-LYS 49:       0.00576341 at      1.483 Ang (1.745 Ang by residue) in 8.7807 (sec).
 3-Body A236-ASP 0 , A237-LYS 35, A239-LYS 52:       0.01452678 at      1.437 Ang (1.745 Ang by residue) in 8.8862 (sec).
 3-Body A236-ASP 0 , A237-LYS 35, A239-LYS 51:       0.00360449 at      1.473 Ang (1.745 Ang by residue) in 9.0648 (sec).
 3-Body A236-ASP 0 , A237-LYS 35, A239-LYS 55:       0.00451365 at      1.484 Ang (1.745 Ang by residue) in 8.7457 (sec).
 3-Body A236-ASP 0 , A237-LYS 35, A239-LYS 53:       0.02921527 at      1.413 Ang (1.745 Ang by residue) in 8.9089 (sec).
 3-Body A236-ASP 0 , A237-LYS 36, A239-LYD 1 :       0.00038204 at      1.503 Ang (1.745 Ang by residue) in 9.2662 (sec).
 3-Body A236-ASP 0 , A237-LYS 36, A239-LYS 0 :       0.00790802 at      1.503 Ang (1.745 Ang by residue) in 8.6737 (sec).
 3-Body A236-ASP 0 , A237-LYS 36, A239-LYD 3 :       0.00051128 at      1.569 Ang (1.745 Ang by residue) in 8.8571 (sec).
 3-Body A236-ASP 0 , A237-LYS 36, A239-LYD 2 :       0.00069872 at      1.569 Ang (1.745 Ang by residue) in 8.8093 (sec).
 3-Body A236-ASP 0 , A237-LYS 36, A239-LYD 5 :       0.00058967 at      1.569 Ang (1.745 Ang by residue) in 8.8869 (sec).
 3-Body A236-ASP 0 , A237-LYS 36, A239-LYD 4 :       0.00051788 at      1.569 Ang (1.745 Ang by residue) in 8.7843 (sec).
 3-Body A236-ASP 0 , A237-LYS 36, A239-LYD 10:       0.00041706 at      1.569 Ang (1.745 Ang by residue) in 8.7985 (sec).
 3-Body A236-ASP 0 , A237-LYS 36, A239-LYD 6 :       0.00050567 at      1.569 Ang (1.745 Ang by residue) in 8.4904 (sec).
 3-Body A236-ASP 0 , A237-LYS 36, A239-LYD 12:       0.00043515 at      1.569 Ang (1.745 Ang by residue) in 8.7761 (sec).
 3-Body A236-ASP 0 , A237-LYS 36, A239-LYD 11:       0.00042848 at      1.569 Ang (1.745 Ang by residue) in 8.7244 (sec).
 3-Body A236-ASP 0 , A237-LYS 36, A239-LYD 14:       0.00044532 at      1.569 Ang (1.745 Ang by residue) in 8.8958 (sec).
 3-Body A236-ASP 0 , A237-LYS 36, A239-LYD 13:       0.00042944 at      1.569 Ang (1.745 Ang by residue) in 8.7715 (sec).
 3-Body A236-ASP 0 , A237-LYS 36, A239-LYD 16:       0.00079264 at      1.569 Ang (1.745 Ang by residue) in 8.9171 (sec).
 3-Body A236-ASP 0 , A237-LYS 36, A239-LYD 15:       0.00058863 at      1.569 Ang (1.745 Ang by residue) in 8.7790 (sec).
 3-Body A236-ASP 0 , A237-LYS 36, A239-LYD 20:      -0.00026048 at      1.483 Ang (1.745 Ang by residue) in 8.9103 (sec).
 3-Body A236-ASP 0 , A237-LYS 36, A239-LYD 19:       0.00065131 at      1.483 Ang (1.745 Ang by residue) in 8.8140 (sec).
 3-Body A236-ASP 0 , A237-LYS 36, A239-LYD 22:       0.00231871 at      1.483 Ang (1.745 Ang by residue) in 8.8764 (sec).
 3-Body A236-ASP 0 , A237-LYS 36, A239-LYD 21:       0.00115123 at      1.483 Ang (1.745 Ang by residue) in 8.9032 (sec).
 3-Body A236-ASP 0 , A237-LYS 36, A239-LYD 24:       0.00117831 at      1.473 Ang (1.745 Ang by residue) in 8.7977 (sec).
 3-Body A236-ASP 0 , A237-LYS 36, A239-LYD 23:       0.00076857 at      1.483 Ang (1.745 Ang by residue) in 8.9995 (sec).
 3-Body A236-ASP 0 , A237-LYS 36, A239-LYS 29:       0.00089041 at      1.569 Ang (1.745 Ang by residue) in 9.3292 (sec).
 3-Body A236-ASP 0 , A237-LYS 36, A239-LYD 28:       0.00156825 at      1.484 Ang (1.745 Ang by residue) in 8.8777 (sec).
 3-Body A236-ASP 0 , A237-LYS 36, A239-LYS 31:       0.00049382 at      1.569 Ang (1.745 Ang by residue) in 8.8380 (sec).
 3-Body A236-ASP 0 , A237-LYS 36, A239-LYS 30:       0.00723947 at      1.508 Ang (1.745 Ang by residue) in 8.3041 (sec).
 3-Body A236-ASP 0 , A237-LYS 36, A239-LYS 33:       0.00051584 at      1.569 Ang (1.745 Ang by residue) in 7.5187 (sec).
 3-Body A236-ASP 0 , A237-LYS 36, A239-LYS 32:       0.00070174 at      1.569 Ang (1.745 Ang by residue) in 7.4722 (sec).
 3-Body A236-ASP 0 , A237-LYS 36, A239-LYS 38:       0.00045530 at      1.569 Ang (1.745 Ang by residue) in 7.4127 (sec).
 3-Body A236-ASP 0 , A237-LYS 36, A239-LYS 37:       0.00046753 at      1.569 Ang (1.745 Ang by residue) in 7.4100 (sec).
 3-Body A236-ASP 0 , A237-LYS 36, A239-LYS 40:       0.00045892 at      1.569 Ang (1.745 Ang by residue) in 7.4260 (sec).
 3-Body A236-ASP 0 , A237-LYS 36, A239-LYS 39:       0.00057726 at      1.569 Ang (1.745 Ang by residue) in 7.5592 (sec).
 3-Body A236-ASP 0 , A237-LYS 36, A239-LYS 42:       0.00080495 at      1.569 Ang (1.745 Ang by residue) in 7.7410 (sec).
 3-Body A236-ASP 0 , A237-LYS 36, A239-LYS 41:       0.00047056 at      1.569 Ang (1.745 Ang by residue) in 7.5546 (sec).
 3-Body A236-ASP 0 , A237-LYS 36, A239-LYS 46:       0.00091451 at      1.483 Ang (1.745 Ang by residue) in 7.3848 (sec).
 3-Body A236-ASP 0 , A237-LYS 36, A239-LYS 43:       0.00147423 at      1.569 Ang (1.745 Ang by residue) in 7.6786 (sec).
 3-Body A236-ASP 0 , A237-LYS 36, A239-LYS 48:       0.00216912 at      1.483 Ang (1.745 Ang by residue) in 7.5537 (sec).
 3-Body A236-ASP 0 , A237-LYS 36, A239-LYS 47:       0.00763943 at      1.483 Ang (1.745 Ang by residue) in 7.3477 (sec).
 3-Body A236-ASP 0 , A237-LYS 36, A239-LYS 50:       0.00113592 at      1.483 Ang (1.745 Ang by residue) in 7.3689 (sec).
 3-Body A236-ASP 0 , A237-LYS 36, A239-LYS 49:       0.00579798 at      1.483 Ang (1.745 Ang by residue) in 7.4543 (sec).
 3-Body A236-ASP 0 , A237-LYS 36, A239-LYS 52:       0.01447384 at      1.437 Ang (1.745 Ang by residue) in 7.4833 (sec).
 3-Body A236-ASP 0 , A237-LYS 36, A239-LYS 51:       0.00357594 at      1.473 Ang (1.745 Ang by residue) in 7.4093 (sec).
 3-Body A236-ASP 0 , A237-LYS 36, A239-LYS 55:       0.00445099 at      1.484 Ang (1.745 Ang by residue) in 7.3362 (sec).
 3-Body A236-ASP 0 , A237-LYS 36, A239-LYS 53:       0.02863990 at      1.413 Ang (1.745 Ang by residue) in 7.4191 (sec).
 3-Body A236-ASP 0 , A237-LYS 37, A239-LYD 1 :       0.00038910 at      1.503 Ang (1.745 Ang by residue) in 7.3998 (sec).
 3-Body A236-ASP 0 , A237-LYS 37, A239-LYS 0 :       0.00711012 at      1.503 Ang (1.745 Ang by residue) in 7.5063 (sec).
 3-Body A236-ASP 0 , A237-LYS 37, A239-LYD 3 :       0.00050102 at      1.569 Ang (1.745 Ang by residue) in 7.5174 (sec).
 3-Body A236-ASP 0 , A237-LYS 37, A239-LYD 2 :       0.00067178 at      1.569 Ang (1.745 Ang by residue) in 7.4582 (sec).
 3-Body A236-ASP 0 , A237-LYS 37, A239-LYD 5 :       0.00057566 at      1.569 Ang (1.745 Ang by residue) in 7.3950 (sec).
 3-Body A236-ASP 0 , A237-LYS 37, A239-LYD 4 :       0.00050608 at      1.569 Ang (1.745 Ang by residue) in 7.4617 (sec).
 3-Body A236-ASP 0 , A237-LYS 37, A239-LYD 10:       0.00040647 at      1.569 Ang (1.745 Ang by residue) in 7.4183 (sec).
 3-Body A236-ASP 0 , A237-LYS 37, A239-LYD 6 :       0.00049462 at      1.569 Ang (1.745 Ang by residue) in 7.5252 (sec).
 3-Body A236-ASP 0 , A237-LYS 37, A239-LYD 12:       0.00042408 at      1.569 Ang (1.745 Ang by residue) in 7.2540 (sec).
 3-Body A236-ASP 0 , A237-LYS 37, A239-LYD 11:       0.00041556 at      1.569 Ang (1.745 Ang by residue) in 7.4207 (sec).
 3-Body A236-ASP 0 , A237-LYS 37, A239-LYD 14:       0.00043078 at      1.569 Ang (1.745 Ang by residue) in 7.4990 (sec).
 3-Body A236-ASP 0 , A237-LYS 37, A239-LYD 13:       0.00041620 at      1.569 Ang (1.745 Ang by residue) in 7.5818 (sec).
 3-Body A236-ASP 0 , A237-LYS 37, A239-LYD 16:       0.00075479 at      1.569 Ang (1.745 Ang by residue) in 7.3877 (sec).
 3-Body A236-ASP 0 , A237-LYS 37, A239-LYD 15:       0.00056366 at      1.569 Ang (1.745 Ang by residue) in 7.6983 (sec).
 3-Body A236-ASP 0 , A237-LYS 37, A239-LYD 20:      -0.00012502 at      1.483 Ang (1.745 Ang by residue) in 7.6190 (sec).
 3-Body A236-ASP 0 , A237-LYS 37, A239-LYD 19:       0.00066634 at      1.483 Ang (1.745 Ang by residue) in 7.4543 (sec).
 3-Body A236-ASP 0 , A237-LYS 37, A239-LYD 22:       0.00223253 at      1.483 Ang (1.745 Ang by residue) in 7.4010 (sec).
 3-Body A236-ASP 0 , A237-LYS 37, A239-LYD 21:       0.00114085 at      1.483 Ang (1.745 Ang by residue) in 7.2073 (sec).
 3-Body A236-ASP 0 , A237-LYS 37, A239-LYD 24:       0.00116742 at      1.473 Ang (1.745 Ang by residue) in 7.2402 (sec).
 3-Body A236-ASP 0 , A237-LYS 37, A239-LYD 23:       0.00077525 at      1.483 Ang (1.745 Ang by residue) in 7.6008 (sec).
 3-Body A236-ASP 0 , A237-LYS 37, A239-LYS 29:       0.00084467 at      1.569 Ang (1.745 Ang by residue) in 7.6063 (sec).
 3-Body A236-ASP 0 , A237-LYS 37, A239-LYD 28:       0.00155674 at      1.484 Ang (1.745 Ang by residue) in 7.5717 (sec).
 3-Body A236-ASP 0 , A237-LYS 37, A239-LYS 31:       0.00047826 at      1.569 Ang (1.745 Ang by residue) in 7.4156 (sec).
 3-Body A236-ASP 0 , A237-LYS 37, A239-LYS 30:       0.00685835 at      1.508 Ang (1.745 Ang by residue) in 7.6775 (sec).
 3-Body A236-ASP 0 , A237-LYS 37, A239-LYS 33:       0.00049575 at      1.569 Ang (1.745 Ang by residue) in 7.2979 (sec).
 3-Body A236-ASP 0 , A237-LYS 37, A239-LYS 32:       0.00067096 at      1.569 Ang (1.745 Ang by residue) in 7.4989 (sec).
 3-Body A236-ASP 0 , A237-LYS 37, A239-LYS 38:       0.00043017 at      1.569 Ang (1.745 Ang by residue) in 7.6432 (sec).
 3-Body A236-ASP 0 , A237-LYS 37, A239-LYS 37:       0.00043800 at      1.569 Ang (1.745 Ang by residue) in 7.5334 (sec).
 3-Body A236-ASP 0 , A237-LYS 37, A239-LYS 40:       0.00043171 at      1.569 Ang (1.745 Ang by residue) in 7.1803 (sec).
 3-Body A236-ASP 0 , A237-LYS 37, A239-LYS 39:       0.00053615 at      1.569 Ang (1.745 Ang by residue) in 7.2681 (sec).
 3-Body A236-ASP 0 , A237-LYS 37, A239-LYS 42:       0.00075672 at      1.569 Ang (1.745 Ang by residue) in 7.4700 (sec).
 3-Body A236-ASP 0 , A237-LYS 37, A239-LYS 41:       0.00043880 at      1.569 Ang (1.745 Ang by residue) in 7.4000 (sec).
 3-Body A236-ASP 0 , A237-LYS 37, A239-LYS 46:       0.00090147 at      1.483 Ang (1.745 Ang by residue) in 7.5582 (sec).
 3-Body A236-ASP 0 , A237-LYS 37, A239-LYS 43:       0.00137252 at      1.569 Ang (1.745 Ang by residue) in 7.6866 (sec).
 3-Body A236-ASP 0 , A237-LYS 37, A239-LYS 48:       0.00208504 at      1.483 Ang (1.745 Ang by residue) in 7.5470 (sec).
 3-Body A236-ASP 0 , A237-LYS 37, A239-LYS 47:       0.00714810 at      1.483 Ang (1.745 Ang by residue) in 7.7217 (sec).
 3-Body A236-ASP 0 , A237-LYS 37, A239-LYS 50:       0.00110518 at      1.483 Ang (1.745 Ang by residue) in 7.6242 (sec).
 3-Body A236-ASP 0 , A237-LYS 37, A239-LYS 49:       0.00549776 at      1.483 Ang (1.745 Ang by residue) in 7.6065 (sec).
 3-Body A236-ASP 0 , A237-LYS 37, A239-LYS 52:       0.01348622 at      1.437 Ang (1.745 Ang by residue) in 8.5566 (sec).
 3-Body A236-ASP 0 , A237-LYS 37, A239-LYS 51:       0.00331352 at      1.473 Ang (1.745 Ang by residue) in 9.1997 (sec).
 3-Body A236-ASP 0 , A237-LYS 37, A239-LYS 55:       0.00421905 at      1.484 Ang (1.745 Ang by residue) in 8.8363 (sec).
 3-Body A236-ASP 0 , A237-LYS 37, A239-LYS 53:       0.02591238 at      1.413 Ang (1.745 Ang by residue) in 8.8004 (sec).
 3-Body A236-ASP 0 , A237-LYS 38, A239-LYD 1 :       0.00025744 at      1.503 Ang (1.745 Ang by residue) in 8.5072 (sec).
 3-Body A236-ASP 0 , A237-LYS 38, A239-LYS 0 :       0.00699298 at      1.503 Ang (1.745 Ang by residue) in 8.6160 (sec).
 3-Body A236-ASP 0 , A237-LYS 38, A239-LYD 3 :       0.00045057 at      1.569 Ang (1.745 Ang by residue) in 8.7447 (sec).
 3-Body A236-ASP 0 , A237-LYS 38, A239-LYD 2 :       0.00061606 at      1.569 Ang (1.745 Ang by residue) in 8.8522 (sec).
 3-Body A236-ASP 0 , A237-LYS 38, A239-LYD 5 :       0.00052131 at      1.569 Ang (1.745 Ang by residue) in 8.7050 (sec).
 3-Body A236-ASP 0 , A237-LYS 38, A239-LYD 4 :       0.00045683 at      1.569 Ang (1.745 Ang by residue) in 8.5259 (sec).
 3-Body A236-ASP 0 , A237-LYS 38, A239-LYD 10:       0.00036796 at      1.569 Ang (1.745 Ang by residue) in 8.8191 (sec).
 3-Body A236-ASP 0 , A237-LYS 38, A239-LYD 6 :       0.00044576 at      1.569 Ang (1.745 Ang by residue) in 8.6970 (sec).
 3-Body A236-ASP 0 , A237-LYS 38, A239-LYD 12:       0.00038488 at      1.569 Ang (1.745 Ang by residue) in 8.4298 (sec).
 3-Body A236-ASP 0 , A237-LYS 38, A239-LYD 11:       0.00037798 at      1.569 Ang (1.745 Ang by residue) in 7.4281 (sec).
 3-Body A236-ASP 0 , A237-LYS 38, A239-LYD 14:       0.00039266 at      1.569 Ang (1.745 Ang by residue) in 7.1251 (sec).
 3-Body A236-ASP 0 , A237-LYS 38, A239-LYD 13:       0.00037814 at      1.569 Ang (1.745 Ang by residue) in 7.1883 (sec).
 3-Body A236-ASP 0 , A237-LYS 38, A239-LYD 16:       0.00070958 at      1.569 Ang (1.745 Ang by residue) in 7.1080 (sec).
 3-Body A236-ASP 0 , A237-LYS 38, A239-LYD 15:       0.00052044 at      1.569 Ang (1.745 Ang by residue) in 6.9831 (sec).
 3-Body A236-ASP 0 , A237-LYS 38, A239-LYD 20:      -0.00030889 at      1.483 Ang (1.745 Ang by residue) in 7.2305 (sec).
 3-Body A236-ASP 0 , A237-LYS 38, A239-LYD 19:       0.00055136 at      1.483 Ang (1.745 Ang by residue) in 7.0583 (sec).
 3-Body A236-ASP 0 , A237-LYS 38, A239-LYD 22:       0.00211618 at      1.483 Ang (1.745 Ang by residue) in 7.0017 (sec).
 3-Body A236-ASP 0 , A237-LYS 38, A239-LYD 21:       0.00101188 at      1.483 Ang (1.745 Ang by residue) in 8.9243 (sec).
 3-Body A236-ASP 0 , A237-LYS 38, A239-LYD 24:       0.00102486 at      1.473 Ang (1.745 Ang by residue) in 8.4585 (sec).
 3-Body A236-ASP 0 , A237-LYS 38, A239-LYD 23:       0.00065555 at      1.483 Ang (1.745 Ang by residue) in 8.4814 (sec).
 3-Body A236-ASP 0 , A237-LYS 38, A239-LYS 29:       0.00080236 at      1.569 Ang (1.745 Ang by residue) in 8.5175 (sec).
 3-Body A236-ASP 0 , A237-LYS 38, A239-LYD 28:       0.00132499 at      1.484 Ang (1.745 Ang by residue) in 8.5558 (sec).
 3-Body A236-ASP 0 , A237-LYS 38, A239-LYS 31:       0.00044132 at      1.569 Ang (1.745 Ang by residue) in 8.5832 (sec).
 3-Body A236-ASP 0 , A237-LYS 38, A239-LYS 30:       0.00682028 at      1.508 Ang (1.745 Ang by residue) in 8.4261 (sec).
 3-Body A236-ASP 0 , A237-LYS 38, A239-LYS 33:       0.00045863 at      1.569 Ang (1.745 Ang by residue) in 8.8009 (sec).
 3-Body A236-ASP 0 , A237-LYS 38, A239-LYS 32:       0.00063236 at      1.569 Ang (1.745 Ang by residue) in 8.7566 (sec).
 3-Body A236-ASP 0 , A237-LYS 38, A239-LYS 38:       0.00040410 at      1.569 Ang (1.745 Ang by residue) in 9.0744 (sec).
 3-Body A236-ASP 0 , A237-LYS 38, A239-LYS 37:       0.00041265 at      1.569 Ang (1.745 Ang by residue) in 8.6819 (sec).
 3-Body A236-ASP 0 , A237-LYS 38, A239-LYS 40:       0.00040354 at      1.569 Ang (1.745 Ang by residue) in 8.8401 (sec).
 3-Body A236-ASP 0 , A237-LYS 38, A239-LYS 39:       0.00050732 at      1.569 Ang (1.745 Ang by residue) in 8.8976 (sec).
 3-Body A236-ASP 0 , A237-LYS 38, A239-LYS 42:       0.00072599 at      1.569 Ang (1.745 Ang by residue) in 9.0055 (sec).
 3-Body A236-ASP 0 , A237-LYS 38, A239-LYS 41:       0.00041138 at      1.569 Ang (1.745 Ang by residue) in 8.9721 (sec).
 3-Body A236-ASP 0 , A237-LYS 38, A239-LYS 46:       0.00080072 at      1.483 Ang (1.745 Ang by residue) in 9.1508 (sec).
 3-Body A236-ASP 0 , A237-LYS 38, A239-LYS 43:       0.00133879 at      1.569 Ang (1.745 Ang by residue) in 8.8019 (sec).
 3-Body A236-ASP 0 , A237-LYS 38, A239-LYS 48:       0.00197351 at      1.483 Ang (1.745 Ang by residue) in 9.0502 (sec).
 3-Body A236-ASP 0 , A237-LYS 38, A239-LYS 47:       0.00700787 at      1.483 Ang (1.745 Ang by residue) in 8.8745 (sec).
 3-Body A236-ASP 0 , A237-LYS 38, A239-LYS 50:       0.00100198 at      1.483 Ang (1.745 Ang by residue) in 8.9481 (sec).
 3-Body A236-ASP 0 , A237-LYS 38, A239-LYS 49:       0.00541009 at      1.483 Ang (1.745 Ang by residue) in 8.7919 (sec).
 3-Body A236-ASP 0 , A237-LYS 38, A239-LYS 52:       0.01317209 at      1.437 Ang (1.745 Ang by residue) in 8.9476 (sec).
 3-Body A236-ASP 0 , A237-LYS 38, A239-LYS 51:       0.00319067 at      1.473 Ang (1.745 Ang by residue) in 8.8626 (sec).
 3-Body A236-ASP 0 , A237-LYS 38, A239-LYS 55:       0.00396200 at      1.484 Ang (1.745 Ang by residue) in 8.7278 (sec).
 3-Body A236-ASP 0 , A237-LYS 38, A239-LYS 53:       0.02559322 at      1.413 Ang (1.745 Ang by residue) in 8.7893 (sec).
 3-Body A236-ASP 0 , A237-LYS 39, A239-LYD 1 :       0.00030562 at      1.503 Ang (1.745 Ang by residue) in 8.8079 (sec).
 3-Body A236-ASP 0 , A237-LYS 39, A239-LYS 0 :       0.00720529 at      1.503 Ang (1.745 Ang by residue) in 8.5949 (sec).
 3-Body A236-ASP 0 , A237-LYS 39, A239-LYD 3 :       0.00045867 at      1.569 Ang (1.745 Ang by residue) in 8.2220 (sec).
 3-Body A236-ASP 0 , A237-LYS 39, A239-LYD 2 :       0.00062533 at      1.569 Ang (1.745 Ang by residue) in 8.6045 (sec).
 3-Body A236-ASP 0 , A237-LYS 39, A239-LYD 5 :       0.00053137 at      1.569 Ang (1.745 Ang by residue) in 8.6646 (sec).
 3-Body A236-ASP 0 , A237-LYS 39, A239-LYD 4 :       0.00046535 at      1.569 Ang (1.745 Ang by residue) in 8.6932 (sec).
 3-Body A236-ASP 0 , A237-LYS 39, A239-LYD 10:       0.00037515 at      1.569 Ang (1.745 Ang by residue) in 8.5820 (sec).
 3-Body A236-ASP 0 , A237-LYS 39, A239-LYD 6 :       0.00045522 at      1.569 Ang (1.745 Ang by residue) in 8.8838 (sec).
 3-Body A236-ASP 0 , A237-LYS 39, A239-LYD 12:       0.00039193 at      1.569 Ang (1.745 Ang by residue) in 8.7531 (sec).
 3-Body A236-ASP 0 , A237-LYS 39, A239-LYD 11:       0.00038573 at      1.569 Ang (1.745 Ang by residue) in 8.5871 (sec).
 3-Body A236-ASP 0 , A237-LYS 39, A239-LYD 14:       0.00040134 at      1.569 Ang (1.745 Ang by residue) in 8.8300 (sec).
 3-Body A236-ASP 0 , A237-LYS 39, A239-LYD 13:       0.00038718 at      1.569 Ang (1.745 Ang by residue) in 8.6296 (sec).
 3-Body A236-ASP 0 , A237-LYS 39, A239-LYD 16:       0.00071743 at      1.569 Ang (1.745 Ang by residue) in 8.6310 (sec).
 3-Body A236-ASP 0 , A237-LYS 39, A239-LYD 15:       0.00053029 at      1.569 Ang (1.745 Ang by residue) in 8.4723 (sec).
 3-Body A236-ASP 0 , A237-LYS 39, A239-LYD 20:      -0.00029039 at      1.483 Ang (1.745 Ang by residue) in 8.7732 (sec).
 3-Body A236-ASP 0 , A237-LYS 39, A239-LYD 19:       0.00056432 at      1.483 Ang (1.745 Ang by residue) in 8.6055 (sec).
 3-Body A236-ASP 0 , A237-LYS 39, A239-LYD 22:       0.00208357 at      1.483 Ang (1.745 Ang by residue) in 8.5034 (sec).
 3-Body A236-ASP 0 , A237-LYS 39, A239-LYD 21:       0.00101036 at      1.483 Ang (1.745 Ang by residue) in 8.7413 (sec).
 3-Body A236-ASP 0 , A237-LYS 39, A239-LYD 24:       0.00103740 at      1.473 Ang (1.745 Ang by residue) in 8.8020 (sec).
 3-Body A236-ASP 0 , A237-LYS 39, A239-LYD 23:       0.00066367 at      1.483 Ang (1.745 Ang by residue) in 8.5407 (sec).
 3-Body A236-ASP 0 , A237-LYS 39, A239-LYS 29:       0.00079722 at      1.569 Ang (1.745 Ang by residue) in 8.6482 (sec).
 3-Body A236-ASP 0 , A237-LYS 39, A239-LYD 28:       0.00135874 at      1.484 Ang (1.745 Ang by residue) in 8.5509 (sec).
 3-Body A236-ASP 0 , A237-LYS 39, A239-LYS 31:       0.00044274 at      1.569 Ang (1.745 Ang by residue) in 8.5575 (sec).
 3-Body A236-ASP 0 , A237-LYS 39, A239-LYS 30:       0.00661686 at      1.508 Ang (1.745 Ang by residue) in 8.0521 (sec).
 3-Body A236-ASP 0 , A237-LYS 39, A239-LYS 33:       0.00046193 at      1.569 Ang (1.745 Ang by residue) in 7.2873 (sec).
 3-Body A236-ASP 0 , A237-LYS 39, A239-LYS 32:       0.00063280 at      1.569 Ang (1.745 Ang by residue) in 7.2746 (sec).
 3-Body A236-ASP 0 , A237-LYS 39, A239-LYS 38:       0.00040747 at      1.569 Ang (1.745 Ang by residue) in 7.3655 (sec).
 3-Body A236-ASP 0 , A237-LYS 39, A239-LYS 37:       0.00042025 at      1.569 Ang (1.745 Ang by residue) in 7.2393 (sec).
 3-Body A236-ASP 0 , A237-LYS 39, A239-LYS 40:       0.00040973 at      1.569 Ang (1.745 Ang by residue) in 7.2797 (sec).
 3-Body A236-ASP 0 , A237-LYS 39, A239-LYS 39:       0.00051796 at      1.569 Ang (1.745 Ang by residue) in 7.2636 (sec).
 3-Body A236-ASP 0 , A237-LYS 39, A239-LYS 42:       0.00072443 at      1.569 Ang (1.745 Ang by residue) in 7.4618 (sec).
 3-Body A236-ASP 0 , A237-LYS 39, A239-LYS 41:       0.00042157 at      1.569 Ang (1.745 Ang by residue) in 7.4770 (sec).
 3-Body A236-ASP 0 , A237-LYS 39, A239-LYS 46:       0.00080091 at      1.483 Ang (1.745 Ang by residue) in 7.1862 (sec).
 3-Body A236-ASP 0 , A237-LYS 39, A239-LYS 43:       0.00133940 at      1.569 Ang (1.745 Ang by residue) in 7.1934 (sec).
 3-Body A236-ASP 0 , A237-LYS 39, A239-LYS 48:       0.00192973 at      1.483 Ang (1.745 Ang by residue) in 7.4049 (sec).
 3-Body A236-ASP 0 , A237-LYS 39, A239-LYS 47:       0.00681589 at      1.483 Ang (1.745 Ang by residue) in 7.2504 (sec).
 3-Body A236-ASP 0 , A237-LYS 39, A239-LYS 50:       0.00099227 at      1.483 Ang (1.745 Ang by residue) in 7.3787 (sec).
 3-Body A236-ASP 0 , A237-LYS 39, A239-LYS 49:       0.00527980 at      1.483 Ang (1.745 Ang by residue) in 7.3599 (sec).
 3-Body A236-ASP 0 , A237-LYS 39, A239-LYS 52:       0.01303737 at      1.437 Ang (1.745 Ang by residue) in 8.1144 (sec).
 3-Body A236-ASP 0 , A237-LYS 39, A239-LYS 51:       0.00315023 at      1.473 Ang (1.745 Ang by residue) in 8.8533 (sec).
 3-Body A236-ASP 0 , A237-LYS 39, A239-LYS 55:       0.00400879 at      1.484 Ang (1.745 Ang by residue) in 8.6548 (sec).
 3-Body A236-ASP 0 , A237-LYS 39, A239-LYS 53:       0.02615226 at      1.413 Ang (1.745 Ang by residue) in 8.8558 (sec).
 3-Body A236-ASP 0 , A237-LYS 40, A239-LYD 1 :       0.00015696 at      1.503 Ang (1.745 Ang by residue) in 8.8394 (sec).
 3-Body A236-ASP 0 , A237-LYS 40, A239-LYS 0 :       0.00671871 at      1.503 Ang (1.745 Ang by residue) in 9.0090 (sec).
 3-Body A236-ASP 0 , A237-LYS 40, A239-LYD 3 :       0.00042513 at      1.569 Ang (1.745 Ang by residue) in 9.0320 (sec).
 3-Body A236-ASP 0 , A237-LYS 40, A239-LYD 2 :       0.00058452 at      1.569 Ang (1.745 Ang by residue) in 8.7620 (sec).
 3-Body A236-ASP 0 , A237-LYS 40, A239-LYD 5 :       0.00049503 at      1.569 Ang (1.745 Ang by residue) in 8.7524 (sec).
 3-Body A236-ASP 0 , A237-LYS 40, A239-LYD 4 :       0.00043199 at      1.569 Ang (1.745 Ang by residue) in 8.8731 (sec).
 3-Body A236-ASP 0 , A237-LYS 40, A239-LYD 10:       0.00034473 at      1.569 Ang (1.745 Ang by residue) in 8.7036 (sec).
 3-Body A236-ASP 0 , A237-LYS 40, A239-LYD 6 :       0.00042161 at      1.569 Ang (1.745 Ang by residue) in 8.7271 (sec).
 3-Body A236-ASP 0 , A237-LYS 40, A239-LYD 12:       0.00036086 at      1.569 Ang (1.745 Ang by residue) in 8.6576 (sec).
 3-Body A236-ASP 0 , A237-LYS 40, A239-LYD 11:       0.00035523 at      1.569 Ang (1.745 Ang by residue) in 8.9321 (sec).
 3-Body A236-ASP 0 , A237-LYS 40, A239-LYD 14:       0.00036995 at      1.569 Ang (1.745 Ang by residue) in 8.8664 (sec).
 3-Body A236-ASP 0 , A237-LYS 40, A239-LYD 13:       0.00035634 at      1.569 Ang (1.745 Ang by residue) in 8.3815 (sec).
 3-Body A236-ASP 0 , A237-LYS 40, A239-LYD 16:       0.00067314 at      1.569 Ang (1.745 Ang by residue) in 8.5824 (sec).
 3-Body A236-ASP 0 , A237-LYS 40, A239-LYD 15:       0.00049119 at      1.569 Ang (1.745 Ang by residue) in 8.7830 (sec).
 3-Body A236-ASP 0 , A237-LYS 40, A239-LYD 20:      -0.00043350 at      1.483 Ang (1.745 Ang by residue) in 8.9493 (sec).
 3-Body A236-ASP 0 , A237-LYS 40, A239-LYD 19:       0.00047553 at      1.483 Ang (1.745 Ang by residue) in 8.5363 (sec).
 3-Body A236-ASP 0 , A237-LYS 40, A239-LYD 22:       0.00193780 at      1.483 Ang (1.745 Ang by residue) in 9.1553 (sec).
 3-Body A236-ASP 0 , A237-LYS 40, A239-LYD 21:       0.00090036 at      1.483 Ang (1.745 Ang by residue) in 8.7868 (sec).
 3-Body A236-ASP 0 , A237-LYS 40, A239-LYD 24:       0.00093089 at      1.473 Ang (1.745 Ang by residue) in 8.4203 (sec).
 3-Body A236-ASP 0 , A237-LYS 40, A239-LYD 23:       0.00057371 at      1.483 Ang (1.745 Ang by residue) in 8.6229 (sec).
 3-Body A236-ASP 0 , A237-LYS 40, A239-LYS 29:       0.00076233 at      1.569 Ang (1.745 Ang by residue) in 8.5536 (sec).
 3-Body A236-ASP 0 , A237-LYS 40, A239-LYD 28:       0.00113746 at      1.484 Ang (1.745 Ang by residue) in 8.5637 (sec).
 3-Body A236-ASP 0 , A237-LYS 40, A239-LYS 31:       0.00041473 at      1.569 Ang (1.745 Ang by residue) in 8.7564 (sec).
 3-Body A236-ASP 0 , A237-LYS 40, A239-LYS 30:       0.00647269 at      1.508 Ang (1.745 Ang by residue) in 8.6892 (sec).
 3-Body A236-ASP 0 , A237-LYS 40, A239-LYS 33:       0.00043081 at      1.569 Ang (1.745 Ang by residue) in 8.6265 (sec).
 3-Body A236-ASP 0 , A237-LYS 40, A239-LYS 32:       0.00060477 at      1.569 Ang (1.745 Ang by residue) in 8.7036 (sec).
 3-Body A236-ASP 0 , A237-LYS 40, A239-LYS 38:       0.00037799 at      1.569 Ang (1.745 Ang by residue) in 8.8273 (sec).
 3-Body A236-ASP 0 , A237-LYS 40, A239-LYS 37:       0.00038957 at      1.569 Ang (1.745 Ang by residue) in 8.8287 (sec).
 3-Body A236-ASP 0 , A237-LYS 40, A239-LYS 40:       0.00037678 at      1.569 Ang (1.745 Ang by residue) in 8.0744 (sec).
 3-Body A236-ASP 0 , A237-LYS 40, A239-LYS 39:       0.00047912 at      1.569 Ang (1.745 Ang by residue) in 7.2969 (sec).
 3-Body A236-ASP 0 , A237-LYS 40, A239-LYS 42:       0.00068502 at      1.569 Ang (1.745 Ang by residue) in 7.4003 (sec).
 3-Body A236-ASP 0 , A237-LYS 40, A239-LYS 41:       0.00038782 at      1.569 Ang (1.745 Ang by residue) in 7.1504 (sec).
 3-Body A236-ASP 0 , A237-LYS 40, A239-LYS 46:       0.00071107 at      1.483 Ang (1.745 Ang by residue) in 8.2839 (sec).
 3-Body A236-ASP 0 , A237-LYS 40, A239-LYS 43:       0.00128189 at      1.569 Ang (1.745 Ang by residue) in 8.7585 (sec).
 3-Body A236-ASP 0 , A237-LYS 40, A239-LYS 48:       0.00182307 at      1.483 Ang (1.745 Ang by residue) in 8.5356 (sec).
 3-Body A236-ASP 0 , A237-LYS 40, A239-LYS 47:       0.00669545 at      1.483 Ang (1.745 Ang by residue) in 8.4886 (sec).
 3-Body A236-ASP 0 , A237-LYS 40, A239-LYS 50:       0.00090757 at      1.483 Ang (1.745 Ang by residue) in 8.6810 (sec).
 3-Body A236-ASP 0 , A237-LYS 40, A239-LYS 49:       0.00510291 at      1.483 Ang (1.745 Ang by residue) in 8.6796 (sec).
 3-Body A236-ASP 0 , A237-LYS 40, A239-LYS 52:       0.01237721 at      1.437 Ang (1.745 Ang by residue) in 8.4843 (sec).
 3-Body A236-ASP 0 , A237-LYS 40, A239-LYS 51:       0.00305236 at      1.473 Ang (1.745 Ang by residue) in 8.8222 (sec).
 3-Body A236-ASP 0 , A237-LYS 40, A239-LYS 55:       0.00370928 at      1.484 Ang (1.745 Ang by residue) in 8.5034 (sec).
 3-Body A236-ASP 0 , A237-LYS 40, A239-LYS 53:       0.02437604 at      1.413 Ang (1.745 Ang by residue) in 8.6333 (sec).
 3-Body A236-ASP 0 , A237-LYS 41, A239-LYD 1 :       0.00023822 at      1.503 Ang (1.745 Ang by residue) in 8.4597 (sec).
 3-Body A236-ASP 0 , A237-LYS 41, A239-LYS 0 :       0.00678336 at      1.503 Ang (1.745 Ang by residue) in 8.4433 (sec).
 3-Body A236-ASP 0 , A237-LYS 41, A239-LYD 3 :       0.00045543 at      1.569 Ang (1.745 Ang by residue) in 8.7818 (sec).
 3-Body A236-ASP 0 , A237-LYS 41, A239-LYD 2 :       0.00061722 at      1.569 Ang (1.745 Ang by residue) in 8.4694 (sec).
 3-Body A236-ASP 0 , A237-LYS 41, A239-LYD 5 :       0.00052747 at      1.569 Ang (1.745 Ang by residue) in 8.8872 (sec).
 3-Body A236-ASP 0 , A237-LYS 41, A239-LYD 4 :       0.00046131 at      1.569 Ang (1.745 Ang by residue) in 8.8333 (sec).
 3-Body A236-ASP 0 , A237-LYS 41, A239-LYD 10:       0.00036833 at      1.569 Ang (1.745 Ang by residue) in 8.8964 (sec).
 3-Body A236-ASP 0 , A237-LYS 41, A239-LYD 6 :       0.00045091 at      1.569 Ang (1.745 Ang by residue) in 8.8691 (sec).
 3-Body A236-ASP 0 , A237-LYS 41, A239-LYD 12:       0.00038503 at      1.569 Ang (1.745 Ang by residue) in 9.1180 (sec).
 3-Body A236-ASP 0 , A237-LYS 41, A239-LYD 11:       0.00037798 at      1.569 Ang (1.745 Ang by residue) in 8.7356 (sec).
 3-Body A236-ASP 0 , A237-LYS 41, A239-LYD 14:       0.00039339 at      1.569 Ang (1.745 Ang by residue) in 8.7614 (sec).
 3-Body A236-ASP 0 , A237-LYS 41, A239-LYD 13:       0.00037973 at      1.569 Ang (1.745 Ang by residue) in 8.9647 (sec).
 3-Body A236-ASP 0 , A237-LYS 41, A239-LYD 16:       0.00070002 at      1.569 Ang (1.745 Ang by residue) in 9.1412 (sec).
 3-Body A236-ASP 0 , A237-LYS 41, A239-LYD 15:       0.00051755 at      1.569 Ang (1.745 Ang by residue) in 8.9129 (sec).
 3-Body A236-ASP 0 , A237-LYS 41, A239-LYD 20:      -0.00032773 at      1.483 Ang (1.745 Ang by residue) in 9.3571 (sec).
 3-Body A236-ASP 0 , A237-LYS 41, A239-LYD 19:       0.00054345 at      1.483 Ang (1.745 Ang by residue) in 8.6262 (sec).
 3-Body A236-ASP 0 , A237-LYS 41, A239-LYD 22:       0.00198701 at      1.483 Ang (1.745 Ang by residue) in 8.7711 (sec).
 3-Body A236-ASP 0 , A237-LYS 41, A239-LYD 21:       0.00097090 at      1.483 Ang (1.745 Ang by residue) in 9.0734 (sec).
 3-Body A236-ASP 0 , A237-LYS 41, A239-LYD 24:       0.00101287 at      1.473 Ang (1.745 Ang by residue) in 8.9756 (sec).
 3-Body A236-ASP 0 , A237-LYS 41, A239-LYD 23:       0.00064289 at      1.483 Ang (1.745 Ang by residue) in 9.0629 (sec).
 3-Body A236-ASP 0 , A237-LYS 41, A239-LYS 29:       0.00078246 at      1.569 Ang (1.745 Ang by residue) in 8.8000 (sec).
 3-Body A236-ASP 0 , A237-LYS 41, A239-LYD 28:       0.00126994 at      1.484 Ang (1.745 Ang by residue) in 8.8234 (sec).
 3-Body A236-ASP 0 , A237-LYS 41, A239-LYS 31:       0.00043310 at      1.569 Ang (1.745 Ang by residue) in 8.8900 (sec).
 3-Body A236-ASP 0 , A237-LYS 41, A239-LYS 30:       0.00644852 at      1.508 Ang (1.745 Ang by residue) in 9.3489 (sec).
 3-Body A236-ASP 0 , A237-LYS 41, A239-LYS 33:       0.00044963 at      1.569 Ang (1.745 Ang by residue) in 9.0381 (sec).
 3-Body A236-ASP 0 , A237-LYS 41, A239-LYS 32:       0.00062288 at      1.569 Ang (1.745 Ang by residue) in 8.8279 (sec).
 3-Body A236-ASP 0 , A237-LYS 41, A239-LYS 38:       0.00039111 at      1.569 Ang (1.745 Ang by residue) in 8.9406 (sec).
 3-Body A236-ASP 0 , A237-LYS 41, A239-LYS 37:       0.00040230 at      1.569 Ang (1.745 Ang by residue) in 8.7929 (sec).
 3-Body A236-ASP 0 , A237-LYS 41, A239-LYS 40:       0.00039194 at      1.569 Ang (1.745 Ang by residue) in 8.8913 (sec).
 3-Body A236-ASP 0 , A237-LYS 41, A239-LYS 39:       0.00049468 at      1.569 Ang (1.745 Ang by residue) in 8.9364 (sec).
 3-Body A236-ASP 0 , A237-LYS 41, A239-LYS 42:       0.00070038 at      1.569 Ang (1.745 Ang by residue) in 7.9812 (sec).
 3-Body A236-ASP 0 , A237-LYS 41, A239-LYS 41:       0.00040252 at      1.569 Ang (1.745 Ang by residue) in 7.6708 (sec).
 3-Body A236-ASP 0 , A237-LYS 41, A239-LYS 46:       0.00076722 at      1.483 Ang (1.745 Ang by residue) in 7.4503 (sec).
 3-Body A236-ASP 0 , A237-LYS 41, A239-LYS 43:       0.00129837 at      1.569 Ang (1.745 Ang by residue) in 7.3662 (sec).
 3-Body A236-ASP 0 , A237-LYS 41, A239-LYS 48:       0.00187699 at      1.483 Ang (1.745 Ang by residue) in 7.5104 (sec).
 3-Body A236-ASP 0 , A237-LYS 41, A239-LYS 47:       0.00674599 at      1.483 Ang (1.745 Ang by residue) in 7.5270 (sec).
 3-Body A236-ASP 0 , A237-LYS 41, A239-LYS 50:       0.00096260 at      1.483 Ang (1.745 Ang by residue) in 7.2602 (sec).
 3-Body A236-ASP 0 , A237-LYS 41, A239-LYS 49:       0.00511924 at      1.483 Ang (1.745 Ang by residue) in 7.5212 (sec).
 3-Body A236-ASP 0 , A237-LYS 41, A239-LYS 52:       0.01247887 at      1.437 Ang (1.745 Ang by residue) in 7.4740 (sec).
 3-Body A236-ASP 0 , A237-LYS 41, A239-LYS 51:       0.00311328 at      1.473 Ang (1.745 Ang by residue) in 7.5529 (sec).
 3-Body A236-ASP 0 , A237-LYS 41, A239-LYS 55:       0.00385725 at      1.484 Ang (1.745 Ang by residue) in 7.4258 (sec).
 3-Body A236-ASP 0 , A237-LYS 41, A239-LYS 53:       0.02446798 at      1.413 Ang (1.745 Ang by residue) in 7.4662 (sec).
 3-Body A236-ASP 0 , A237-LYS 43, A239-LYD 1 :       0.00058009 at      1.503 Ang (1.745 Ang by residue) in 7.5945 (sec).
 3-Body A236-ASP 0 , A237-LYS 43, A239-LYS 0 :       0.00846714 at      1.503 Ang (1.745 Ang by residue) in 7.5165 (sec).
 3-Body A236-ASP 0 , A237-LYS 43, A239-LYD 3 :       0.00050589 at      1.569 Ang (1.745 Ang by residue) in 7.3922 (sec).
 3-Body A236-ASP 0 , A237-LYS 43, A239-LYD 2 :       0.00068887 at      1.569 Ang (1.745 Ang by residue) in 7.5824 (sec).
 3-Body A236-ASP 0 , A237-LYS 43, A239-LYD 5 :       0.00058104 at      1.569 Ang (1.745 Ang by residue) in 7.6182 (sec).
 3-Body A236-ASP 0 , A237-LYS 43, A239-LYD 4 :       0.00051280 at      1.569 Ang (1.745 Ang by residue) in 7.4259 (sec).
 3-Body A236-ASP 0 , A237-LYS 43, A239-LYD 10:       0.00042339 at      1.569 Ang (1.745 Ang by residue) in 7.2853 (sec).
 3-Body A236-ASP 0 , A237-LYS 43, A239-LYD 6 :       0.00050301 at      1.569 Ang (1.745 Ang by residue) in 7.4016 (sec).
 3-Body A236-ASP 0 , A237-LYS 43, A239-LYD 12:       0.00044162 at      1.569 Ang (1.745 Ang by residue) in 7.4627 (sec).
 3-Body A236-ASP 0 , A237-LYS 43, A239-LYD 11:       0.00043507 at      1.569 Ang (1.745 Ang by residue) in 7.3691 (sec).
 3-Body A236-ASP 0 , A237-LYS 43, A239-LYD 14:       0.00045202 at      1.569 Ang (1.745 Ang by residue) in 7.5929 (sec).
 3-Body A236-ASP 0 , A237-LYS 43, A239-LYD 13:       0.00043528 at      1.569 Ang (1.745 Ang by residue) in 7.4624 (sec).
 3-Body A236-ASP 0 , A237-LYS 43, A239-LYD 16:       0.00080528 at      1.569 Ang (1.745 Ang by residue) in 7.4814 (sec).
 3-Body A236-ASP 0 , A237-LYS 43, A239-LYD 15:       0.00059851 at      1.569 Ang (1.745 Ang by residue) in 7.6041 (sec).
 3-Body A236-ASP 0 , A237-LYS 43, A239-LYD 20:      -0.00001592 at      1.483 Ang (1.745 Ang by residue) in 7.3869 (sec).
 3-Body A236-ASP 0 , A237-LYS 43, A239-LYD 19:       0.00072555 at      1.483 Ang (1.745 Ang by residue) in 7.5794 (sec).
 3-Body A236-ASP 0 , A237-LYS 43, A239-LYD 22:       0.00254081 at      1.483 Ang (1.745 Ang by residue) in 7.4557 (sec).
 3-Body A236-ASP 0 , A237-LYS 43, A239-LYD 21:       0.00125827 at      1.483 Ang (1.745 Ang by residue) in 7.4728 (sec).
 3-Body A236-ASP 0 , A237-LYS 43, A239-LYD 24:       0.00122988 at      1.473 Ang (1.745 Ang by residue) in 7.4276 (sec).
 3-Body A236-ASP 0 , A237-LYS 43, A239-LYD 23:       0.00083137 at      1.483 Ang (1.745 Ang by residue) in 7.4527 (sec).
 3-Body A236-ASP 0 , A237-LYS 43, A239-LYS 29:       0.00088680 at      1.569 Ang (1.745 Ang by residue) in 7.4866 (sec).
 3-Body A236-ASP 0 , A237-LYS 43, A239-LYD 28:       0.00180222 at      1.484 Ang (1.745 Ang by residue) in 7.4551 (sec).
 3-Body A236-ASP 0 , A237-LYS 43, A239-LYS 31:       0.00050488 at      1.569 Ang (1.745 Ang by residue) in 7.5036 (sec).
 3-Body A236-ASP 0 , A237-LYS 43, A239-LYS 30:       0.00747061 at      1.508 Ang (1.745 Ang by residue) in 7.4817 (sec).
 3-Body A236-ASP 0 , A237-LYS 43, A239-LYS 33:       0.00053303 at      1.569 Ang (1.745 Ang by residue) in 7.3706 (sec).
 3-Body A236-ASP 0 , A237-LYS 43, A239-LYS 32:       0.00069494 at      1.569 Ang (1.745 Ang by residue) in 7.3739 (sec).
 3-Body A236-ASP 0 , A237-LYS 43, A239-LYS 38:       0.00048123 at      1.569 Ang (1.745 Ang by residue) in 7.3580 (sec).
 3-Body A236-ASP 0 , A237-LYS 43, A239-LYS 37:       0.00049325 at      1.569 Ang (1.745 Ang by residue) in 7.4098 (sec).
 3-Body A236-ASP 0 , A237-LYS 43, A239-LYS 40:       0.00048888 at      1.569 Ang (1.745 Ang by residue) in 7.5214 (sec).
 3-Body A236-ASP 0 , A237-LYS 43, A239-LYS 39:       0.00061152 at      1.569 Ang (1.745 Ang by residue) in 8.8409 (sec).
 3-Body A236-ASP 0 , A237-LYS 43, A239-LYS 42:       0.00083547 at      1.569 Ang (1.745 Ang by residue) in 8.7836 (sec).
 3-Body A236-ASP 0 , A237-LYS 43, A239-LYS 41:       0.00049897 at      1.569 Ang (1.745 Ang by residue) in 8.6921 (sec).
 3-Body A236-ASP 0 , A237-LYS 43, A239-LYS 46:       0.00101182 at      1.483 Ang (1.745 Ang by residue) in 9.2975 (sec).
 3-Body A236-ASP 0 , A237-LYS 43, A239-LYS 43:       0.00151152 at      1.569 Ang (1.745 Ang by residue) in 9.0382 (sec).
 3-Body A236-ASP 0 , A237-LYS 43, A239-LYS 48:       0.00226662 at      1.483 Ang (1.745 Ang by residue) in 8.6994 (sec).
 3-Body A236-ASP 0 , A237-LYS 43, A239-LYS 47:       0.00742546 at      1.483 Ang (1.745 Ang by residue) in 8.8773 (sec).
 3-Body A236-ASP 0 , A237-LYS 43, A239-LYS 50:       0.00119703 at      1.483 Ang (1.745 Ang by residue) in 9.2269 (sec).
 3-Body A236-ASP 0 , A237-LYS 43, A239-LYS 49:       0.00607549 at      1.483 Ang (1.745 Ang by residue) in 9.0484 (sec).
 3-Body A236-ASP 0 , A237-LYS 43, A239-LYS 52:       0.01524227 at      1.437 Ang (1.745 Ang by residue) in 8.9678 (sec).
 3-Body A236-ASP 0 , A237-LYS 43, A239-LYS 51:       0.00342846 at      1.473 Ang (1.745 Ang by residue) in 8.2532 (sec).
 3-Body A236-ASP 0 , A237-LYS 43, A239-LYS 55:       0.00468460 at      1.484 Ang (1.745 Ang by residue) in 7.5650 (sec).
 3-Body A236-ASP 0 , A237-LYS 43, A239-LYS 53:       0.03118555 at      1.413 Ang (1.745 Ang by residue) in 7.4793 (sec).
 3-Body A236-ASP 0 , A237-LYS 44, A239-LYD 1 :       0.00085787 at      1.503 Ang (1.745 Ang by residue) in 7.4691 (sec).
 3-Body A236-ASP 0 , A237-LYS 44, A239-LYS 0 :       0.01952529 at      1.503 Ang (1.745 Ang by residue) in 7.7348 (sec).
 3-Body A236-ASP 0 , A237-LYS 44, A239-LYD 3 :       0.00087071 at      1.569 Ang (1.745 Ang by residue) in 7.7189 (sec).
 3-Body A236-ASP 0 , A237-LYS 44, A239-LYD 2 :       0.00120058 at      1.569 Ang (1.745 Ang by residue) in 7.3860 (sec).
 3-Body A236-ASP 0 , A237-LYS 44, A239-LYD 5 :       0.00096140 at      1.569 Ang (1.745 Ang by residue) in 7.6420 (sec).
 3-Body A236-ASP 0 , A237-LYS 44, A239-LYD 4 :       0.00087667 at      1.569 Ang (1.745 Ang by residue) in 7.5382 (sec).
 3-Body A236-ASP 0 , A237-LYS 44, A239-LYD 10:       0.00075165 at      1.569 Ang (1.745 Ang by residue) in 7.2412 (sec).
 3-Body A236-ASP 0 , A237-LYS 44, A239-LYD 6 :       0.00086261 at      1.569 Ang (1.745 Ang by residue) in 7.4152 (sec).
 3-Body A236-ASP 0 , A237-LYS 44, A239-LYD 12:       0.00078526 at      1.569 Ang (1.745 Ang by residue) in 7.3593 (sec).
 3-Body A236-ASP 0 , A237-LYS 44, A239-LYD 11:       0.00077801 at      1.569 Ang (1.745 Ang by residue) in 7.4319 (sec).
 3-Body A236-ASP 0 , A237-LYS 44, A239-LYD 14:       0.00082574 at      1.569 Ang (1.745 Ang by residue) in 7.6133 (sec).
 3-Body A236-ASP 0 , A237-LYS 44, A239-LYD 13:       0.00076802 at      1.569 Ang (1.745 Ang by residue) in 7.5781 (sec).
 3-Body A236-ASP 0 , A237-LYS 44, A239-LYD 16:       0.00154047 at      1.569 Ang (1.745 Ang by residue) in 7.5074 (sec).
 3-Body A236-ASP 0 , A237-LYS 44, A239-LYD 15:       0.00111795 at      1.569 Ang (1.745 Ang by residue) in 7.3408 (sec).
 3-Body A236-ASP 0 , A237-LYS 44, A239-LYD 20:       0.00033236 at      1.483 Ang (1.745 Ang by residue) in 7.4910 (sec).
 3-Body A236-ASP 0 , A237-LYS 44, A239-LYD 19:       0.00153744 at      1.483 Ang (1.745 Ang by residue) in 7.2880 (sec).
 3-Body A236-ASP 0 , A237-LYS 44, A239-LYD 22:       0.00557042 at      1.483 Ang (1.745 Ang by residue) in 7.4625 (sec).
 3-Body A236-ASP 0 , A237-LYS 44, A239-LYD 21:       0.00270470 at      1.483 Ang (1.745 Ang by residue) in 7.6548 (sec).
 3-Body A236-ASP 0 , A237-LYS 44, A239-LYD 24:       0.00222641 at      1.473 Ang (1.745 Ang by residue) in 7.2679 (sec).
 3-Body A236-ASP 0 , A237-LYS 44, A239-LYD 23:       0.00170734 at      1.483 Ang (1.745 Ang by residue) in 7.2427 (sec).
 3-Body A236-ASP 0 , A237-LYS 44, A239-LYS 29:       0.00183192 at      1.569 Ang (1.745 Ang by residue) in 7.6644 (sec).
 3-Body A236-ASP 0 , A237-LYS 44, A239-LYD 28:       0.00381745 at      1.484 Ang (1.745 Ang by residue) in 7.3321 (sec).
 3-Body A236-ASP 0 , A237-LYS 44, A239-LYS 31:       0.00108127 at      1.569 Ang (1.745 Ang by residue) in 7.4062 (sec).
 3-Body A236-ASP 0 , A237-LYS 44, A239-LYS 30:       0.01658755 at      1.508 Ang (1.745 Ang by residue) in 7.4746 (sec).
 3-Body A236-ASP 0 , A237-LYS 44, A239-LYS 33:       0.00122925 at      1.569 Ang (1.745 Ang by residue) in 7.4190 (sec).
 3-Body A236-ASP 0 , A237-LYS 44, A239-LYS 32:       0.00125504 at      1.569 Ang (1.745 Ang by residue) in 7.1804 (sec).
 3-Body A236-ASP 0 , A237-LYS 44, A239-LYS 38:       0.00117625 at      1.569 Ang (1.745 Ang by residue) in 7.4228 (sec).
 3-Body A236-ASP 0 , A237-LYS 44, A239-LYS 37:       0.00117288 at      1.569 Ang (1.745 Ang by residue) in 7.2488 (sec).
 3-Body A236-ASP 0 , A237-LYS 44, A239-LYS 40:       0.00124697 at      1.569 Ang (1.745 Ang by residue) in 7.1253 (sec).
 3-Body A236-ASP 0 , A237-LYS 44, A239-LYS 39:       0.00154749 at      1.569 Ang (1.745 Ang by residue) in 7.1387 (sec).
 3-Body A236-ASP 0 , A237-LYS 44, A239-LYS 42:       0.00200758 at      1.569 Ang (1.745 Ang by residue) in 7.0902 (sec).
 3-Body A236-ASP 0 , A237-LYS 44, A239-LYS 41:       0.00123373 at      1.569 Ang (1.745 Ang by residue) in 7.3520 (sec).
 3-Body A236-ASP 0 , A237-LYS 44, A239-LYS 46:       0.00258112 at      1.483 Ang (1.745 Ang by residue) in 7.0741 (sec).
 3-Body A236-ASP 0 , A237-LYS 44, A239-LYS 43:       0.00350812 at      1.569 Ang (1.745 Ang by residue) in 7.1567 (sec).
 3-Body A236-ASP 0 , A237-LYS 44, A239-LYS 48:       0.00528531 at      1.483 Ang (1.745 Ang by residue) in 7.3458 (sec).
 3-Body A236-ASP 0 , A237-LYS 44, A239-LYS 47:       0.01545489 at      1.483 Ang (1.745 Ang by residue) in 7.1128 (sec).
 3-Body A236-ASP 0 , A237-LYS 44, A239-LYS 50:       0.00272197 at      1.483 Ang (1.745 Ang by residue) in 7.1565 (sec).
 3-Body A236-ASP 0 , A237-LYS 44, A239-LYS 49:       0.01406136 at      1.483 Ang (1.745 Ang by residue) in 7.1814 (sec).
 3-Body A236-ASP 0 , A237-LYS 44, A239-LYS 52:       0.03243602 at      1.437 Ang (1.745 Ang by residue) in 7.1995 (sec).
 3-Body A236-ASP 0 , A237-LYS 44, A239-LYS 51:       0.00638669 at      1.473 Ang (1.745 Ang by residue) in 7.1996 (sec).
 3-Body A236-ASP 0 , A237-LYS 44, A239-LYS 55:       0.00985695 at      1.484 Ang (1.745 Ang by residue) in 7.0369 (sec).
 3-Body A236-ASP 0 , A237-LYS 44, A239-LYS 53:       0.06838686 at      1.413 Ang (1.745 Ang by residue) in 7.1579 (sec).
 3-Body A236-ASP 0 , A237-LYS 47, A239-LYD 1 :       0.00072310 at      1.503 Ang (1.745 Ang by residue) in 7.2400 (sec).
 3-Body A236-ASP 0 , A237-LYS 47, A239-LYS 0 :       0.01310159 at      1.503 Ang (1.745 Ang by residue) in 7.2289 (sec).
 3-Body A236-ASP 0 , A237-LYS 47, A239-LYD 3 :       0.00062178 at      1.569 Ang (1.745 Ang by residue) in 6.9422 (sec).
 3-Body A236-ASP 0 , A237-LYS 47, A239-LYD 2 :       0.00085935 at      1.569 Ang (1.745 Ang by residue) in 7.0625 (sec).
 3-Body A236-ASP 0 , A237-LYS 47, A239-LYD 5 :       0.00069296 at      1.569 Ang (1.745 Ang by residue) in 7.0359 (sec).
 3-Body A236-ASP 0 , A237-LYS 47, A239-LYD 4 :       0.00062988 at      1.569 Ang (1.745 Ang by residue) in 7.0371 (sec).
 3-Body A236-ASP 0 , A237-LYS 47, A239-LYD 10:       0.00053789 at      1.569 Ang (1.745 Ang by residue) in 6.9939 (sec).
 3-Body A236-ASP 0 , A237-LYS 47, A239-LYD 6 :       0.00061892 at      1.569 Ang (1.745 Ang by residue) in 7.2166 (sec).
 3-Body A236-ASP 0 , A237-LYS 47, A239-LYD 12:       0.00055910 at      1.569 Ang (1.745 Ang by residue) in 7.2658 (sec).
 3-Body A236-ASP 0 , A237-LYS 47, A239-LYD 11:       0.00055753 at      1.569 Ang (1.745 Ang by residue) in 7.3969 (sec).
 3-Body A236-ASP 0 , A237-LYS 47, A239-LYD 14:       0.00058416 at      1.569 Ang (1.745 Ang by residue) in 7.0482 (sec).
 3-Body A236-ASP 0 , A237-LYS 47, A239-LYD 13:       0.00055001 at      1.569 Ang (1.745 Ang by residue) in 7.0818 (sec).
 3-Body A236-ASP 0 , A237-LYS 47, A239-LYD 16:       0.00108598 at      1.569 Ang (1.745 Ang by residue) in 7.1445 (sec).
 3-Body A236-ASP 0 , A237-LYS 47, A239-LYD 15:       0.00078760 at      1.569 Ang (1.745 Ang by residue) in 7.2074 (sec).
 3-Body A236-ASP 0 , A237-LYS 47, A239-LYD 20:       0.00027576 at      1.483 Ang (1.745 Ang by residue) in 7.2361 (sec).
 3-Body A236-ASP 0 , A237-LYS 47, A239-LYD 19:       0.00111724 at      1.483 Ang (1.745 Ang by residue) in 7.1925 (sec).
 3-Body A236-ASP 0 , A237-LYS 47, A239-LYD 22:       0.00400703 at      1.483 Ang (1.745 Ang by residue) in 7.2720 (sec).
 3-Body A236-ASP 0 , A237-LYS 47, A239-LYD 21:       0.00193434 at      1.483 Ang (1.745 Ang by residue) in 7.3560 (sec).
 3-Body A236-ASP 0 , A237-LYS 47, A239-LYD 24:       0.00165779 at      1.473 Ang (1.745 Ang by residue) in 7.3561 (sec).
 3-Body A236-ASP 0 , A237-LYS 47, A239-LYD 23:       0.00124499 at      1.483 Ang (1.745 Ang by residue) in 7.4331 (sec).
 3-Body A236-ASP 0 , A237-LYS 47, A239-LYS 29:       0.00127962 at      1.569 Ang (1.745 Ang by residue) in 7.1713 (sec).
 3-Body A236-ASP 0 , A237-LYS 47, A239-LYD 28:       0.00260162 at      1.484 Ang (1.745 Ang by residue) in 7.2011 (sec).
 3-Body A236-ASP 0 , A237-LYS 47, A239-LYS 31:       0.00074372 at      1.569 Ang (1.745 Ang by residue) in 7.1361 (sec).
 3-Body A236-ASP 0 , A237-LYS 47, A239-LYS 30:       0.01152303 at      1.508 Ang (1.745 Ang by residue) in 7.3205 (sec).
 3-Body A236-ASP 0 , A237-LYS 47, A239-LYS 33:       0.00082244 at      1.569 Ang (1.745 Ang by residue) in 7.1978 (sec).
 3-Body A236-ASP 0 , A237-LYS 47, A239-LYS 32:       0.00090793 at      1.569 Ang (1.745 Ang by residue) in 7.2287 (sec).
 3-Body A236-ASP 0 , A237-LYS 47, A239-LYS 38:       0.00078166 at      1.569 Ang (1.745 Ang by residue) in 7.2002 (sec).
 3-Body A236-ASP 0 , A237-LYS 47, A239-LYS 37:       0.00078506 at      1.569 Ang (1.745 Ang by residue) in 7.0587 (sec).
 3-Body A236-ASP 0 , A237-LYS 47, A239-LYS 40:       0.00080679 at      1.569 Ang (1.745 Ang by residue) in 7.1304 (sec).
 3-Body A236-ASP 0 , A237-LYS 47, A239-LYS 39:       0.00100157 at      1.569 Ang (1.745 Ang by residue) in 7.2898 (sec).
 3-Body A236-ASP 0 , A237-LYS 47, A239-LYS 42:       0.00133761 at      1.569 Ang (1.745 Ang by residue) in 7.1293 (sec).
 3-Body A236-ASP 0 , A237-LYS 47, A239-LYS 41:       0.00080580 at      1.569 Ang (1.745 Ang by residue) in 7.0483 (sec).
 3-Body A236-ASP 0 , A237-LYS 47, A239-LYS 46:       0.00176449 at      1.483 Ang (1.745 Ang by residue) in 7.2915 (sec).
 3-Body A236-ASP 0 , A237-LYS 47, A239-LYS 43:       0.00235632 at      1.569 Ang (1.745 Ang by residue) in 7.4734 (sec).
 3-Body A236-ASP 0 , A237-LYS 47, A239-LYS 48:       0.00365204 at      1.483 Ang (1.745 Ang by residue) in 7.2665 (sec).
 3-Body A236-ASP 0 , A237-LYS 47, A239-LYS 47:       0.01084072 at      1.483 Ang (1.745 Ang by residue) in 7.2286 (sec).
 3-Body A236-ASP 0 , A237-LYS 47, A239-LYS 50:       0.00192734 at      1.483 Ang (1.745 Ang by residue) in 7.3870 (sec).
 3-Body A236-ASP 0 , A237-LYS 47, A239-LYS 49:       0.00970475 at      1.483 Ang (1.745 Ang by residue) in 7.3138 (sec).
 3-Body A236-ASP 0 , A237-LYS 47, A239-LYS 52:       0.02274363 at      1.437 Ang (1.745 Ang by residue) in 8.2130 (sec).
 3-Body A236-ASP 0 , A237-LYS 47, A239-LYS 51:       0.00463418 at      1.473 Ang (1.745 Ang by residue) in 8.5165 (sec).
 3-Body A236-ASP 0 , A237-LYS 47, A239-LYS 55:       0.00681005 at      1.484 Ang (1.745 Ang by residue) in 8.6025 (sec).
 3-Body A236-ASP 0 , A237-LYS 47, A239-LYS 53:       0.04695293 at      1.413 Ang (1.745 Ang by residue) in 8.7276 (sec).
 3-Body A236-ASP 0 , A237-LYS 49, A239-LYD 1 :       0.00032096 at      1.503 Ang (1.745 Ang by residue) in 8.4722 (sec).
 3-Body A236-ASP 0 , A237-LYS 49, A239-LYS 0 :       0.01080883 at      1.503 Ang (1.745 Ang by residue) in 8.3784 (sec).
 3-Body A236-ASP 0 , A237-LYS 49, A239-LYD 3 :       0.00051872 at      1.569 Ang (1.745 Ang by residue) in 8.4359 (sec).
 3-Body A236-ASP 0 , A237-LYS 49, A239-LYD 2 :       0.00072445 at      1.569 Ang (1.745 Ang by residue) in 8.5787 (sec).
 3-Body A236-ASP 0 , A237-LYS 49, A239-LYD 5 :       0.00058842 at      1.569 Ang (1.745 Ang by residue) in 8.6112 (sec).
 3-Body A236-ASP 0 , A237-LYS 49, A239-LYD 4 :       0.00052712 at      1.569 Ang (1.745 Ang by residue) in 8.6184 (sec).
 3-Body A236-ASP 0 , A237-LYS 49, A239-LYD 10:       0.00044293 at      1.569 Ang (1.745 Ang by residue) in 8.7015 (sec).
 3-Body A236-ASP 0 , A237-LYS 49, A239-LYD 6 :       0.00051841 at      1.569 Ang (1.745 Ang by residue) in 8.5009 (sec).
 3-Body A236-ASP 0 , A237-LYS 49, A239-LYD 12:       0.00046383 at      1.569 Ang (1.745 Ang by residue) in 8.6906 (sec).
 3-Body A236-ASP 0 , A237-LYS 49, A239-LYD 11:       0.00046016 at      1.569 Ang (1.745 Ang by residue) in 8.7176 (sec).
 3-Body A236-ASP 0 , A237-LYS 49, A239-LYD 14:       0.00048394 at      1.569 Ang (1.745 Ang by residue) in 8.5410 (sec).
 3-Body A236-ASP 0 , A237-LYS 49, A239-LYD 13:       0.00045781 at      1.569 Ang (1.745 Ang by residue) in 8.4512 (sec).
 3-Body A236-ASP 0 , A237-LYS 49, A239-LYD 16:       0.00091518 at      1.569 Ang (1.745 Ang by residue) in 8.4440 (sec).
 3-Body A236-ASP 0 , A237-LYS 49, A239-LYD 15:       0.00065412 at      1.569 Ang (1.745 Ang by residue) in 8.5000 (sec).
 3-Body A236-ASP 0 , A237-LYS 49, A239-LYD 20:      -0.00034371 at      1.483 Ang (1.745 Ang by residue) in 8.6489 (sec).
 3-Body A236-ASP 0 , A237-LYS 49, A239-LYD 19:       0.00078079 at      1.483 Ang (1.745 Ang by residue) in 8.5318 (sec).
 3-Body A236-ASP 0 , A237-LYS 49, A239-LYD 22:       0.00308176 at      1.483 Ang (1.745 Ang by residue) in 8.7284 (sec).
 3-Body A236-ASP 0 , A237-LYS 49, A239-LYD 21:       0.00142159 at      1.483 Ang (1.745 Ang by residue) in 8.5189 (sec).
 3-Body A236-ASP 0 , A237-LYS 49, A239-LYD 24:       0.00126517 at      1.473 Ang (1.745 Ang by residue) in 8.8946 (sec).
 3-Body A236-ASP 0 , A237-LYS 49, A239-LYD 23:       0.00089247 at      1.483 Ang (1.745 Ang by residue) in 8.5989 (sec).
 3-Body A236-ASP 0 , A237-LYS 49, A239-LYS 29:       0.00104738 at      1.569 Ang (1.745 Ang by residue) in 8.8490 (sec).
 3-Body A236-ASP 0 , A237-LYS 49, A239-LYD 28:       0.00186142 at      1.484 Ang (1.745 Ang by residue) in 8.5605 (sec).
 3-Body A236-ASP 0 , A237-LYS 49, A239-LYS 31:       0.00057775 at      1.569 Ang (1.745 Ang by residue) in 8.6005 (sec).
 3-Body A236-ASP 0 , A237-LYS 49, A239-LYS 30:       0.00965512 at      1.508 Ang (1.745 Ang by residue) in 8.5557 (sec).
 3-Body A236-ASP 0 , A237-LYS 49, A239-LYS 33:       0.00063677 at      1.569 Ang (1.745 Ang by residue) in 8.5602 (sec).
 3-Body A236-ASP 0 , A237-LYS 49, A239-LYS 32:       0.00074056 at      1.569 Ang (1.745 Ang by residue) in 8.8610 (sec).
 3-Body A236-ASP 0 , A237-LYS 49, A239-LYS 38:       0.00059864 at      1.569 Ang (1.745 Ang by residue) in 8.6898 (sec).
 3-Body A236-ASP 0 , A237-LYS 49, A239-LYS 37:       0.00060946 at      1.569 Ang (1.745 Ang by residue) in 8.3631 (sec).
 3-Body A236-ASP 0 , A237-LYS 49, A239-LYS 40:       0.00061296 at      1.569 Ang (1.745 Ang by residue) in 8.1870 (sec).
 3-Body A236-ASP 0 , A237-LYS 49, A239-LYS 39:       0.00077723 at      1.569 Ang (1.745 Ang by residue) in 8.4954 (sec).
 3-Body A236-ASP 0 , A237-LYS 49, A239-LYS 42:       0.00106767 at      1.569 Ang (1.745 Ang by residue) in 8.4245 (sec).
 3-Body A236-ASP 0 , A237-LYS 49, A239-LYS 41:       0.00062115 at      1.569 Ang (1.745 Ang by residue) in 8.5642 (sec).
 3-Body A236-ASP 0 , A237-LYS 49, A239-LYS 46:       0.00127570 at      1.483 Ang (1.745 Ang by residue) in 8.4729 (sec).
 3-Body A236-ASP 0 , A237-LYS 49, A239-LYS 43:       0.00196188 at      1.569 Ang (1.745 Ang by residue) in 8.5958 (sec).
 3-Body A236-ASP 0 , A237-LYS 49, A239-LYS 48:       0.00289705 at      1.483 Ang (1.745 Ang by residue) in 8.7168 (sec).
 3-Body A236-ASP 0 , A237-LYS 49, A239-LYS 47:       0.00939086 at      1.483 Ang (1.745 Ang by residue) in 8.4426 (sec).
 3-Body A236-ASP 0 , A237-LYS 49, A239-LYS 50:       0.00145276 at      1.483 Ang (1.745 Ang by residue) in 8.6026 (sec).
 3-Body A236-ASP 0 , A237-LYS 49, A239-LYS 49:       0.00800419 at      1.483 Ang (1.745 Ang by residue) in 8.7516 (sec).
 3-Body A236-ASP 0 , A237-LYS 49, A239-LYS 52:       0.01836270 at      1.437 Ang (1.745 Ang by residue) in 8.6540 (sec).
 3-Body A236-ASP 0 , A237-LYS 49, A239-LYS 51:       0.00402318 at      1.473 Ang (1.745 Ang by residue) in 8.7299 (sec).
 3-Body A236-ASP 0 , A237-LYS 49, A239-LYS 55:       0.00552005 at      1.484 Ang (1.745 Ang by residue) in 8.2459 (sec).
 3-Body A236-ASP 0 , A237-LYS 49, A239-LYS 53:       0.03821200 at      1.413 Ang (1.745 Ang by residue) in 8.1480 (sec).
 3-Body A236-ASP 0 , A237-LYS 52, A239-LYD 1 :       0.00046122 at      1.503 Ang (1.745 Ang by residue) in 8.1545 (sec).
 3-Body A236-ASP 0 , A237-LYS 52, A239-LYS 0 :       0.01494434 at      1.503 Ang (1.745 Ang by residue) in 8.5278 (sec).
 3-Body A236-ASP 0 , A237-LYS 52, A239-LYD 3 :       0.00064185 at      1.569 Ang (1.745 Ang by residue) in 8.1605 (sec).
 3-Body A236-ASP 0 , A237-LYS 52, A239-LYD 2 :       0.00090290 at      1.569 Ang (1.745 Ang by residue) in 8.5957 (sec).
 3-Body A236-ASP 0 , A237-LYS 52, A239-LYD 5 :       0.00071986 at      1.569 Ang (1.745 Ang by residue) in 8.7197 (sec).
 3-Body A236-ASP 0 , A237-LYS 52, A239-LYD 4 :       0.00064963 at      1.569 Ang (1.745 Ang by residue) in 8.5196 (sec).
 3-Body A236-ASP 0 , A237-LYS 52, A239-LYD 10:       0.00055275 at      1.569 Ang (1.745 Ang by residue) in 8.6490 (sec).
 3-Body A236-ASP 0 , A237-LYS 52, A239-LYD 6 :       0.00064005 at      1.569 Ang (1.745 Ang by residue) in 8.7340 (sec).
 3-Body A236-ASP 0 , A237-LYS 52, A239-LYD 12:       0.00058021 at      1.569 Ang (1.745 Ang by residue) in 8.8174 (sec).
 3-Body A236-ASP 0 , A237-LYS 52, A239-LYD 11:       0.00057484 at      1.569 Ang (1.745 Ang by residue) in 8.4345 (sec).
 3-Body A236-ASP 0 , A237-LYS 52, A239-LYD 14:       0.00061069 at      1.569 Ang (1.745 Ang by residue) in 8.7061 (sec).
 3-Body A236-ASP 0 , A237-LYS 52, A239-LYD 13:       0.00057023 at      1.569 Ang (1.745 Ang by residue) in 8.6181 (sec).
 3-Body A236-ASP 0 , A237-LYS 52, A239-LYD 16:       0.00117705 at      1.569 Ang (1.745 Ang by residue) in 8.3561 (sec).
 3-Body A236-ASP 0 , A237-LYS 52, A239-LYD 15:       0.00083523 at      1.569 Ang (1.745 Ang by residue) in 8.7502 (sec).
 3-Body A236-ASP 0 , A237-LYS 52, A239-LYD 20:      -0.00020565 at      1.483 Ang (1.745 Ang by residue) in 9.0897 (sec).
 3-Body A236-ASP 0 , A237-LYS 52, A239-LYD 19:       0.00105243 at      1.483 Ang (1.745 Ang by residue) in 8.2759 (sec).
 3-Body A236-ASP 0 , A237-LYS 52, A239-LYD 22:       0.00415140 at      1.483 Ang (1.745 Ang by residue) in 7.5675 (sec).
 3-Body A236-ASP 0 , A237-LYS 52, A239-LYD 21:       0.00192511 at      1.483 Ang (1.745 Ang by residue) in 7.3329 (sec).
 3-Body A236-ASP 0 , A237-LYS 52, A239-LYD 24:       0.00159824 at      1.473 Ang (1.745 Ang by residue) in 7.2916 (sec).
 3-Body A236-ASP 0 , A237-LYS 52, A239-LYD 23:       0.00118720 at      1.483 Ang (1.745 Ang by residue) in 7.4019 (sec).
 3-Body A236-ASP 0 , A237-LYS 52, A239-LYS 29:       0.00137557 at      1.569 Ang (1.745 Ang by residue) in 7.5283 (sec).
 3-Body A236-ASP 0 , A237-LYS 52, A239-LYD 28:       0.00261433 at      1.484 Ang (1.745 Ang by residue) in 7.3999 (sec).
 3-Body A236-ASP 0 , A237-LYS 52, A239-LYS 31:       0.00076909 at      1.569 Ang (1.745 Ang by residue) in 7.4903 (sec).
 3-Body A236-ASP 0 , A237-LYS 52, A239-LYS 30:       0.01283823 at      1.508 Ang (1.745 Ang by residue) in 7.1923 (sec).
 3-Body A236-ASP 0 , A237-LYS 52, A239-LYS 33:       0.00087174 at      1.569 Ang (1.745 Ang by residue) in 7.3840 (sec).
 3-Body A236-ASP 0 , A237-LYS 52, A239-LYS 32:       0.00093904 at      1.569 Ang (1.745 Ang by residue) in 7.4072 (sec).
 3-Body A236-ASP 0 , A237-LYS 52, A239-LYS 38:       0.00083324 at      1.569 Ang (1.745 Ang by residue) in 7.4180 (sec).
 3-Body A236-ASP 0 , A237-LYS 52, A239-LYS 37:       0.00084020 at      1.569 Ang (1.745 Ang by residue) in 7.2225 (sec).
 3-Body A236-ASP 0 , A237-LYS 52, A239-LYS 40:       0.00087331 at      1.569 Ang (1.745 Ang by residue) in 7.2708 (sec).
 3-Body A236-ASP 0 , A237-LYS 52, A239-LYS 39:       0.00110496 at      1.569 Ang (1.745 Ang by residue) in 7.5847 (sec).
 3-Body A236-ASP 0 , A237-LYS 52, A239-LYS 42:       0.00147459 at      1.569 Ang (1.745 Ang by residue) in 7.2796 (sec).
 3-Body A236-ASP 0 , A237-LYS 52, A239-LYS 41:       0.00087446 at      1.569 Ang (1.745 Ang by residue) in 7.4173 (sec).
 3-Body A236-ASP 0 , A237-LYS 52, A239-LYS 46:       0.00181427 at      1.483 Ang (1.745 Ang by residue) in 7.7485 (sec).
 3-Body A236-ASP 0 , A237-LYS 52, A239-LYS 43:       0.00267626 at      1.569 Ang (1.745 Ang by residue) in 7.3074 (sec).
 3-Body A236-ASP 0 , A237-LYS 52, A239-LYS 48:       0.00395528 at      1.483 Ang (1.745 Ang by residue) in 7.5138 (sec).
 3-Body A236-ASP 0 , A237-LYS 52, A239-LYS 47:       0.01214793 at      1.483 Ang (1.745 Ang by residue) in 7.3203 (sec).
 3-Body A236-ASP 0 , A237-LYS 52, A239-LYS 50:       0.00197701 at      1.483 Ang (1.745 Ang by residue) in 7.4158 (sec).
 3-Body A236-ASP 0 , A237-LYS 52, A239-LYS 49:       0.01081724 at      1.483 Ang (1.745 Ang by residue) in 7.4354 (sec).
 3-Body A236-ASP 0 , A237-LYS 52, A239-LYS 52:       0.02480246 at      1.437 Ang (1.745 Ang by residue) in 7.2772 (sec).
 3-Body A236-ASP 0 , A237-LYS 52, A239-LYS 51:       0.00511143 at      1.473 Ang (1.745 Ang by residue) in 7.3714 (sec).
 3-Body A236-ASP 0 , A237-LYS 52, A239-LYS 55:       0.00748546 at      1.484 Ang (1.745 Ang by residue) in 7.4454 (sec).
 3-Body A236-ASP 0 , A237-LYS 52, A239-LYS 53:       0.05198968 at      1.413 Ang (1.745 Ang by residue) in 7.3729 (sec).
 3-Body A236-ASP 0 , A237-LYS 53, A239-LYD 1 :       0.00099959 at      1.503 Ang (1.745 Ang by residue) in 7.0797 (sec).
 3-Body A236-ASP 0 , A237-LYS 53, A239-LYS 0 :       0.01654719 at      1.503 Ang (1.745 Ang by residue) in 7.5947 (sec).
 3-Body A236-ASP 0 , A237-LYS 53, A239-LYD 3 :       0.00068349 at      1.569 Ang (1.745 Ang by residue) in 7.3565 (sec).
 3-Body A236-ASP 0 , A237-LYS 53, A239-LYD 2 :       0.00096211 at      1.569 Ang (1.745 Ang by residue) in 7.2494 (sec).
 3-Body A236-ASP 0 , A237-LYS 53, A239-LYD 5 :       0.00076889 at      1.569 Ang (1.745 Ang by residue) in 7.3784 (sec).
 3-Body A236-ASP 0 , A237-LYS 53, A239-LYD 4 :       0.00069321 at      1.569 Ang (1.745 Ang by residue) in 7.3958 (sec).
 3-Body A236-ASP 0 , A237-LYS 53, A239-LYD 10:       0.00059540 at      1.569 Ang (1.745 Ang by residue) in 7.1505 (sec).
 3-Body A236-ASP 0 , A237-LYS 53, A239-LYD 6 :       0.00068680 at      1.569 Ang (1.745 Ang by residue) in 7.4990 (sec).
 3-Body A236-ASP 0 , A237-LYS 53, A239-LYD 12:       0.00062608 at      1.569 Ang (1.745 Ang by residue) in 7.3907 (sec).
 3-Body A236-ASP 0 , A237-LYS 53, A239-LYD 11:       0.00062064 at      1.569 Ang (1.745 Ang by residue) in 7.2629 (sec).
 3-Body A236-ASP 0 , A237-LYS 53, A239-LYD 14:       0.00065933 at      1.569 Ang (1.745 Ang by residue) in 7.2400 (sec).
 3-Body A236-ASP 0 , A237-LYS 53, A239-LYD 13:       0.00061835 at      1.569 Ang (1.745 Ang by residue) in 7.4739 (sec).
 3-Body A236-ASP 0 , A237-LYS 53, A239-LYD 16:       0.00127211 at      1.569 Ang (1.745 Ang by residue) in 7.4074 (sec).
 3-Body A236-ASP 0 , A237-LYS 53, A239-LYD 15:       0.00090654 at      1.569 Ang (1.745 Ang by residue) in 7.5924 (sec).
 3-Body A236-ASP 0 , A237-LYS 53, A239-LYD 20:       0.00011794 at      1.483 Ang (1.745 Ang by residue) in 7.5441 (sec).
 3-Body A236-ASP 0 , A237-LYS 53, A239-LYD 19:       0.00120332 at      1.483 Ang (1.745 Ang by residue) in 7.5748 (sec).
 3-Body A236-ASP 0 , A237-LYS 53, A239-LYD 22:       0.00465793 at      1.483 Ang (1.745 Ang by residue) in 7.2422 (sec).
 3-Body A236-ASP 0 , A237-LYS 53, A239-LYD 21:       0.00217670 at      1.483 Ang (1.745 Ang by residue) in 7.4248 (sec).
 3-Body A236-ASP 0 , A237-LYS 53, A239-LYD 24:       0.00176948 at      1.473 Ang (1.745 Ang by residue) in 7.3605 (sec).
 3-Body A236-ASP 0 , A237-LYS 53, A239-LYD 23:       0.00133215 at      1.483 Ang (1.745 Ang by residue) in 7.2534 (sec).
 3-Body A236-ASP 0 , A237-LYS 53, A239-LYS 29:       0.00143553 at      1.569 Ang (1.745 Ang by residue) in 7.4238 (sec).
 3-Body A236-ASP 0 , A237-LYS 53, A239-LYD 28:       0.00305718 at      1.484 Ang (1.745 Ang by residue) in 7.5162 (sec).
 3-Body A236-ASP 0 , A237-LYS 53, A239-LYS 31:       0.00081585 at      1.569 Ang (1.745 Ang by residue) in 7.2922 (sec).
 3-Body A236-ASP 0 , A237-LYS 53, A239-LYS 30:       0.01353178 at      1.508 Ang (1.745 Ang by residue) in 7.1930 (sec).
 3-Body A236-ASP 0 , A237-LYS 53, A239-LYS 33:       0.00093009 at      1.569 Ang (1.745 Ang by residue) in 7.2260 (sec).
 3-Body A236-ASP 0 , A237-LYS 53, A239-LYS 32:       0.00098874 at      1.569 Ang (1.745 Ang by residue) in 7.1436 (sec).
 3-Body A236-ASP 0 , A237-LYS 53, A239-LYS 38:       0.00089470 at      1.569 Ang (1.745 Ang by residue) in 7.2761 (sec).
 3-Body A236-ASP 0 , A237-LYS 53, A239-LYS 37:       0.00091013 at      1.569 Ang (1.745 Ang by residue) in 7.2456 (sec).
 3-Body A236-ASP 0 , A237-LYS 53, A239-LYS 40:       0.00094374 at      1.569 Ang (1.745 Ang by residue) in 8.6769 (sec).
 3-Body A236-ASP 0 , A237-LYS 53, A239-LYS 39:       0.00119790 at      1.569 Ang (1.745 Ang by residue) in 8.8031 (sec).
 3-Body A236-ASP 0 , A237-LYS 53, A239-LYS 42:       0.00156693 at      1.569 Ang (1.745 Ang by residue) in 8.6157 (sec).
 3-Body A236-ASP 0 , A237-LYS 53, A239-LYS 41:       0.00095185 at      1.569 Ang (1.745 Ang by residue) in 8.6665 (sec).
 3-Body A236-ASP 0 , A237-LYS 53, A239-LYS 46:       0.00198991 at      1.483 Ang (1.745 Ang by residue) in 8.6992 (sec).
 3-Body A236-ASP 0 , A237-LYS 53, A239-LYS 43:       0.00284367 at      1.569 Ang (1.745 Ang by residue) in 8.8886 (sec).
 3-Body A236-ASP 0 , A237-LYS 53, A239-LYS 48:       0.00423150 at      1.483 Ang (1.745 Ang by residue) in 8.6208 (sec).
 3-Body A236-ASP 0 , A237-LYS 53, A239-LYS 47:       0.01254845 at      1.483 Ang (1.745 Ang by residue) in 8.6536 (sec).
 3-Body A236-ASP 0 , A237-LYS 53, A239-LYS 50:       0.00212845 at      1.483 Ang (1.745 Ang by residue) in 8.6367 (sec).
 3-Body A236-ASP 0 , A237-LYS 53, A239-LYS 49:       0.01152411 at      1.483 Ang (1.745 Ang by residue) in 8.8557 (sec).
 3-Body A236-ASP 0 , A237-LYS 53, A239-LYS 52:       0.02730835 at      1.437 Ang (1.745 Ang by residue) in 8.6576 (sec).
 3-Body A236-ASP 0 , A237-LYS 53, A239-LYS 51:       0.00529919 at      1.473 Ang (1.745 Ang by residue) in 8.8923 (sec).
 3-Body A236-ASP 0 , A237-LYS 53, A239-LYS 55:       0.00815678 at      1.484 Ang (1.745 Ang by residue) in 8.5912 (sec).
 3-Body A236-ASP 0 , A237-LYS 53, A239-LYS 53:       0.05826093 at      1.413 Ang (1.745 Ang by residue) in 8.9981 (sec).
 3-Body A236-ASP 0 , A237-LYS 54, A239-LYD 1 :       0.00333387 at      1.503 Ang (1.745 Ang by residue) in 8.9890 (sec).
 3-Body A236-ASP 0 , A237-LYS 54, A239-LYS 0 :       0.03496788 at      1.503 Ang (1.745 Ang by residue) in 8.6774 (sec).
 3-Body A236-ASP 0 , A237-LYS 54, A239-LYD 3 :       0.00120619 at      1.569 Ang (1.745 Ang by residue) in 8.3321 (sec).
 3-Body A236-ASP 0 , A237-LYS 54, A239-LYD 2 :       0.00168270 at      1.569 Ang (1.745 Ang by residue) in 7.3959 (sec).
 3-Body A236-ASP 0 , A237-LYS 54, A239-LYD 5 :       0.00130984 at      1.569 Ang (1.745 Ang by residue) in 7.3176 (sec).
 3-Body A236-ASP 0 , A237-LYS 54, A239-LYD 4 :       0.00121337 at      1.569 Ang (1.745 Ang by residue) in 7.4499 (sec).
 3-Body A236-ASP 0 , A237-LYS 54, A239-LYD 10:       0.00110655 at      1.569 Ang (1.745 Ang by residue) in 7.2923 (sec).
 3-Body A236-ASP 0 , A237-LYS 54, A239-LYD 6 :       0.00120515 at      1.569 Ang (1.745 Ang by residue) in 7.3665 (sec).
 3-Body A236-ASP 0 , A237-LYS 54, A239-LYD 12:       0.00114389 at      1.569 Ang (1.745 Ang by residue) in 7.5368 (sec).
 3-Body A236-ASP 0 , A237-LYS 54, A239-LYD 11:       0.00115183 at      1.569 Ang (1.745 Ang by residue) in 7.4062 (sec).
 3-Body A236-ASP 0 , A237-LYS 54, A239-LYD 14:       0.00123646 at      1.569 Ang (1.745 Ang by residue) in 7.2737 (sec).
 3-Body A236-ASP 0 , A237-LYS 54, A239-LYD 13:       0.00112445 at      1.569 Ang (1.745 Ang by residue) in 7.1296 (sec).
 3-Body A236-ASP 0 , A237-LYS 54, A239-LYD 16:       0.00234214 at      1.569 Ang (1.745 Ang by residue) in 7.2929 (sec).
 3-Body A236-ASP 0 , A237-LYS 54, A239-LYD 15:       0.00171062 at      1.569 Ang (1.745 Ang by residue) in 7.3857 (sec).
 3-Body A236-ASP 0 , A237-LYS 54, A239-LYD 20:       0.00324408 at      1.483 Ang (1.745 Ang by residue) in 7.4171 (sec).
 3-Body A236-ASP 0 , A237-LYS 54, A239-LYD 19:       0.00289926 at      1.483 Ang (1.745 Ang by residue) in 7.4593 (sec).
 3-Body A236-ASP 0 , A237-LYS 54, A239-LYD 22:       0.00998594 at      1.483 Ang (1.745 Ang by residue) in 7.2413 (sec).
 3-Body A236-ASP 0 , A237-LYS 54, A239-LYD 21:       0.00492359 at      1.483 Ang (1.745 Ang by residue) in 7.5648 (sec).
 3-Body A236-ASP 0 , A237-LYS 54, A239-LYD 24:       0.00365647 at      1.473 Ang (1.745 Ang by residue) in 7.4386 (sec).
 3-Body A236-ASP 0 , A237-LYS 54, A239-LYD 23:       0.00306769 at      1.483 Ang (1.745 Ang by residue) in 7.4708 (sec).
 3-Body A236-ASP 0 , A237-LYS 54, A239-LYS 29:       0.00290664 at      1.569 Ang (1.745 Ang by residue) in 7.2482 (sec).
 3-Body A236-ASP 0 , A237-LYS 54, A239-LYD 28:       0.00771781 at      1.484 Ang (1.745 Ang by residue) in 7.3511 (sec).
 3-Body A236-ASP 0 , A237-LYS 54, A239-LYS 31:       0.00185592 at      1.569 Ang (1.745 Ang by residue) in 7.6614 (sec).
 3-Body A236-ASP 0 , A237-LYS 54, A239-LYS 30:       0.02577686 at      1.508 Ang (1.745 Ang by residue) in 7.7958 (sec).
 3-Body A236-ASP 0 , A237-LYS 54, A239-LYS 33:       0.00218218 at      1.569 Ang (1.745 Ang by residue) in 7.9075 (sec).
 3-Body A236-ASP 0 , A237-LYS 54, A239-LYS 32:       0.00201114 at      1.569 Ang (1.745 Ang by residue) in 8.0075 (sec).
 3-Body A236-ASP 0 , A237-LYS 54, A239-LYS 38:       0.00217317 at      1.569 Ang (1.745 Ang by residue) in 7.7880 (sec).
 3-Body A236-ASP 0 , A237-LYS 54, A239-LYS 37:       0.00216386 at      1.569 Ang (1.745 Ang by residue) in 7.5810 (sec).
 3-Body A236-ASP 0 , A237-LYS 54, A239-LYS 40:       0.00236924 at      1.569 Ang (1.745 Ang by residue) in 7.4266 (sec).
 3-Body A236-ASP 0 , A237-LYS 54, A239-LYS 39:       0.00292968 at      1.569 Ang (1.745 Ang by residue) in 7.4622 (sec).
 3-Body A236-ASP 0 , A237-LYS 54, A239-LYS 42:       0.00352000 at      1.569 Ang (1.745 Ang by residue) in 7.3553 (sec).
 3-Body A236-ASP 0 , A237-LYS 54, A239-LYS 41:       0.00232824 at      1.569 Ang (1.745 Ang by residue) in 7.5270 (sec).
 3-Body A236-ASP 0 , A237-LYS 54, A239-LYS 46:       0.00499137 at      1.483 Ang (1.745 Ang by residue) in 7.4291 (sec).
 3-Body A236-ASP 0 , A237-LYS 54, A239-LYS 43:       0.00584578 at      1.569 Ang (1.745 Ang by residue) in 7.3443 (sec).
 3-Body A236-ASP 0 , A237-LYS 54, A239-LYS 48:       0.00880142 at      1.483 Ang (1.745 Ang by residue) in 7.2572 (sec).
 3-Body A236-ASP 0 , A237-LYS 54, A239-LYS 47:       0.02048167 at      1.483 Ang (1.745 Ang by residue) in 7.3481 (sec).
 3-Body A236-ASP 0 , A237-LYS 54, A239-LYS 50:       0.00481441 at      1.483 Ang (1.745 Ang by residue) in 7.3457 (sec).
 3-Body A236-ASP 0 , A237-LYS 54, A239-LYS 49:       0.02277068 at      1.483 Ang (1.745 Ang by residue) in 7.3773 (sec).
 3-Body A236-ASP 0 , A237-LYS 54, A239-LYS 52:       0.05573718 at      1.437 Ang (1.745 Ang by residue) in 7.4099 (sec).
 3-Body A236-ASP 0 , A237-LYS 54, A239-LYS 51:       0.00860725 at      1.473 Ang (1.745 Ang by residue) in 7.2490 (sec).
 3-Body A236-ASP 0 , A237-LYS 54, A239-LYS 55:       0.01710884 at      1.484 Ang (1.745 Ang by residue) in 7.2001 (sec).
 3-Body A236-ASP 0 , A237-LYS 54, A239-LYS 53:       0.12711312 at      1.413 Ang (1.745 Ang by residue) in 7.2133 (sec).
 3-Body A236-ASP 0 , A237-LYS 55, A239-LYD 1 :       0.00018038 at      1.503 Ang (1.745 Ang by residue) in 7.3503 (sec).
 3-Body A236-ASP 0 , A237-LYS 55, A239-LYS 0 :       0.01192723 at      1.503 Ang (1.745 Ang by residue) in 7.4139 (sec).
 3-Body A236-ASP 0 , A237-LYS 55, A239-LYD 3 :       0.00060735 at      1.569 Ang (1.745 Ang by residue) in 7.2826 (sec).
 3-Body A236-ASP 0 , A237-LYS 55, A239-LYD 2 :       0.00084966 at      1.569 Ang (1.745 Ang by residue) in 7.4289 (sec).
 3-Body A236-ASP 0 , A237-LYS 55, A239-LYD 5 :       0.00068866 at      1.569 Ang (1.745 Ang by residue) in 7.3550 (sec).
 3-Body A236-ASP 0 , A237-LYS 55, A239-LYD 4 :       0.00061492 at      1.569 Ang (1.745 Ang by residue) in 7.3919 (sec).
 3-Body A236-ASP 0 , A237-LYS 55, A239-LYD 10:       0.00051110 at      1.569 Ang (1.745 Ang by residue) in 7.2809 (sec).
 3-Body A236-ASP 0 , A237-LYS 55, A239-LYD 6 :       0.00060615 at      1.569 Ang (1.745 Ang by residue) in 7.7363 (sec).
 3-Body A236-ASP 0 , A237-LYS 55, A239-LYD 12:       0.00053637 at      1.569 Ang (1.745 Ang by residue) in 7.3111 (sec).
 3-Body A236-ASP 0 , A237-LYS 55, A239-LYD 11:       0.00053006 at      1.569 Ang (1.745 Ang by residue) in 7.2610 (sec).
 3-Body A236-ASP 0 , A237-LYS 55, A239-LYD 14:       0.00055977 at      1.569 Ang (1.745 Ang by residue) in 7.3353 (sec).
 3-Body A236-ASP 0 , A237-LYS 55, A239-LYD 13:       0.00052971 at      1.569 Ang (1.745 Ang by residue) in 7.3409 (sec).
 3-Body A236-ASP 0 , A237-LYS 55, A239-LYD 16:       0.00104978 at      1.569 Ang (1.745 Ang by residue) in 7.3790 (sec).
 3-Body A236-ASP 0 , A237-LYS 55, A239-LYD 15:       0.00075510 at      1.569 Ang (1.745 Ang by residue) in 7.3415 (sec).
 3-Body A236-ASP 0 , A237-LYS 55, A239-LYD 20:      -0.00052501 at      1.483 Ang (1.745 Ang by residue) in 7.3176 (sec).
 3-Body A236-ASP 0 , A237-LYS 55, A239-LYD 19:       0.00089332 at      1.483 Ang (1.745 Ang by residue) in 7.2808 (sec).
 3-Body A236-ASP 0 , A237-LYS 55, A239-LYD 22:       0.00331935 at      1.483 Ang (1.745 Ang by residue) in 7.4614 (sec).
 3-Body A236-ASP 0 , A237-LYS 55, A239-LYD 21:       0.00160103 at      1.483 Ang (1.745 Ang by residue) in 7.5054 (sec).
 3-Body A236-ASP 0 , A237-LYS 55, A239-LYD 24:       0.00144742 at      1.473 Ang (1.745 Ang by residue) in 7.3669 (sec).
 3-Body A236-ASP 0 , A237-LYS 55, A239-LYD 23:       0.00102833 at      1.483 Ang (1.745 Ang by residue) in 7.4501 (sec).
 3-Body A236-ASP 0 , A237-LYS 55, A239-LYS 29:       0.00118405 at      1.569 Ang (1.745 Ang by residue) in 7.4576 (sec).
 3-Body A236-ASP 0 , A237-LYS 55, A239-LYD 28:       0.00206867 at      1.484 Ang (1.745 Ang by residue) in 7.3846 (sec).
 3-Body A236-ASP 0 , A237-LYS 55, A239-LYS 31:       0.00063636 at      1.569 Ang (1.745 Ang by residue) in 7.4508 (sec).
 3-Body A236-ASP 0 , A237-LYS 55, A239-LYS 30:       0.01062609 at      1.508 Ang (1.745 Ang by residue) in 7.3432 (sec).
 3-Body A236-ASP 0 , A237-LYS 55, A239-LYS 33:       0.00071311 at      1.569 Ang (1.745 Ang by residue) in 7.5955 (sec).
 3-Body A236-ASP 0 , A237-LYS 55, A239-LYS 32:       0.00080699 at      1.569 Ang (1.745 Ang by residue) in 7.3471 (sec).
 3-Body A236-ASP 0 , A237-LYS 55, A239-LYS 38:       0.00066415 at      1.569 Ang (1.745 Ang by residue) in 7.3599 (sec).
 3-Body A236-ASP 0 , A237-LYS 55, A239-LYS 37:       0.00067797 at      1.569 Ang (1.745 Ang by residue) in 7.4306 (sec).
 3-Body A236-ASP 0 , A237-LYS 55, A239-LYS 40:       0.00068713 at      1.569 Ang (1.745 Ang by residue) in 7.4072 (sec).
 3-Body A236-ASP 0 , A237-LYS 55, A239-LYS 39:       0.00087695 at      1.569 Ang (1.745 Ang by residue) in 7.4115 (sec).
 3-Body A236-ASP 0 , A237-LYS 55, A239-LYS 42:       0.00120466 at      1.569 Ang (1.745 Ang by residue) in 7.2272 (sec).
 3-Body A236-ASP 0 , A237-LYS 55, A239-LYS 41:       0.00069817 at      1.569 Ang (1.745 Ang by residue) in 7.4308 (sec).
 3-Body A236-ASP 0 , A237-LYS 55, A239-LYS 46:       0.00143816 at      1.483 Ang (1.745 Ang by residue) in 7.5357 (sec).
 3-Body A236-ASP 0 , A237-LYS 55, A239-LYS 43:       0.00223420 at      1.569 Ang (1.745 Ang by residue) in 9.1055 (sec).
 3-Body A236-ASP 0 , A237-LYS 55, A239-LYS 48:       0.00329571 at      1.483 Ang (1.745 Ang by residue) in 9.0659 (sec).
 3-Body A236-ASP 0 , A237-LYS 55, A239-LYS 47:       0.01099231 at      1.483 Ang (1.745 Ang by residue) in 8.8323 (sec).
 3-Body A236-ASP 0 , A237-LYS 55, A239-LYS 50:       0.00164894 at      1.483 Ang (1.745 Ang by residue) in 8.8603 (sec).
 3-Body A236-ASP 0 , A237-LYS 55, A239-LYS 49:       0.00885555 at      1.483 Ang (1.745 Ang by residue) in 9.1245 (sec).
 3-Body A236-ASP 0 , A237-LYS 55, A239-LYS 52:       0.02016808 at      1.437 Ang (1.745 Ang by residue) in 8.7561 (sec).
 3-Body A236-ASP 0 , A237-LYS 55, A239-LYS 51:       0.00472419 at      1.473 Ang (1.745 Ang by residue) in 8.8450 (sec).
 3-Body A236-ASP 0 , A237-LYS 55, A239-LYS 55:       0.00626100 at      1.484 Ang (1.745 Ang by residue) in 8.8443 (sec).
 3-Body A236-ASP 0 , A237-LYS 55, A239-LYS 53:       0.04058341 at      1.413 Ang (1.745 Ang by residue) in 8.7095 (sec).
 3-Body A236-ASP 24, A237-LYS 0 , A239-LYD 1 :      -0.00019371 at      1.503 Ang (1.745 Ang by residue) in 8.6836 (sec).
 3-Body A236-ASP 24, A237-LYS 0 , A239-LYS 0 :       0.00657622 at      1.503 Ang (1.745 Ang by residue) in 8.7980 (sec).
 3-Body A236-ASP 24, A237-LYS 0 , A239-LYD 3 :       0.00032027 at      1.569 Ang (1.745 Ang by residue) in 8.7349 (sec).
 3-Body A236-ASP 24, A237-LYS 0 , A239-LYD 2 :       0.00047766 at      1.569 Ang (1.745 Ang by residue) in 8.8651 (sec).
 3-Body A236-ASP 24, A237-LYS 0 , A239-LYD 5 :       0.00038446 at      1.569 Ang (1.745 Ang by residue) in 8.6714 (sec).
 3-Body A236-ASP 24, A237-LYS 0 , A239-LYD 4 :       0.00033432 at      1.569 Ang (1.745 Ang by residue) in 8.8581 (sec).
 3-Body A236-ASP 24, A237-LYS 0 , A239-LYD 10:       0.00028931 at      1.569 Ang (1.745 Ang by residue) in 8.7660 (sec).
 3-Body A236-ASP 24, A237-LYS 0 , A239-LYD 6 :       0.00032702 at      1.569 Ang (1.745 Ang by residue) in 8.7963 (sec).
 3-Body A236-ASP 24, A237-LYS 0 , A239-LYD 12:       0.00030362 at      1.569 Ang (1.745 Ang by residue) in 8.7063 (sec).
 3-Body A236-ASP 24, A237-LYS 0 , A239-LYD 11:       0.00030653 at      1.569 Ang (1.745 Ang by residue) in 8.0979 (sec).
 3-Body A236-ASP 24, A237-LYS 0 , A239-LYD 14:       0.00032506 at      1.569 Ang (1.745 Ang by residue) in 7.3072 (sec).
 3-Body A236-ASP 24, A237-LYS 0 , A239-LYD 13:       0.00030613 at      1.569 Ang (1.745 Ang by residue) in 7.4532 (sec).
 3-Body A236-ASP 24, A237-LYS 0 , A239-LYD 16:       0.00064352 at      1.569 Ang (1.745 Ang by residue) in 7.2819 (sec).
 3-Body A236-ASP 24, A237-LYS 0 , A239-LYD 15:       0.00044053 at      1.569 Ang (1.745 Ang by residue) in 7.4191 (sec).
 3-Body A236-ASP 24, A237-LYS 0 , A239-LYD 20:      -0.00159060 at      1.483 Ang (1.745 Ang by residue) in 7.3940 (sec).
 3-Body A236-ASP 24, A237-LYS 0 , A239-LYD 19:       0.00036682 at      1.483 Ang (1.745 Ang by residue) in 7.4260 (sec).
 3-Body A236-ASP 24, A237-LYS 0 , A239-LYD 22:       0.00167096 at      1.483 Ang (1.745 Ang by residue) in 7.4195 (sec).
 3-Body A236-ASP 24, A237-LYS 0 , A239-LYD 21:       0.00077517 at      1.483 Ang (1.745 Ang by residue) in 7.6840 (sec).
 3-Body A236-ASP 24, A237-LYS 0 , A239-LYD 24:       0.00076972 at      1.473 Ang (1.745 Ang by residue) in 7.3714 (sec).
 3-Body A236-ASP 24, A237-LYS 0 , A239-LYD 23:       0.00044012 at      1.483 Ang (1.745 Ang by residue) in 7.4633 (sec).
 3-Body A236-ASP 24, A237-LYS 0 , A239-LYS 29:       0.00079030 at      1.569 Ang (1.745 Ang by residue) in 7.3483 (sec).
 3-Body A236-ASP 24, A237-LYS 0 , A239-LYD 28:       0.00092638 at      1.484 Ang (1.745 Ang by residue) in 7.6306 (sec).
 3-Body A236-ASP 24, A237-LYS 0 , A239-LYS 31:       0.00038098 at      1.569 Ang (1.745 Ang by residue) in 7.2399 (sec).
 3-Body A236-ASP 24, A237-LYS 0 , A239-LYS 30:       0.00755426 at      1.508 Ang (1.745 Ang by residue) in 7.5209 (sec).
 3-Body A236-ASP 24, A237-LYS 0 , A239-LYS 33:       0.00040613 at      1.569 Ang (1.745 Ang by residue) in 7.6909 (sec).
 3-Body A236-ASP 24, A237-LYS 0 , A239-LYS 32:       0.00061963 at      1.569 Ang (1.745 Ang by residue) in 7.4863 (sec).
 3-Body A236-ASP 24, A237-LYS 0 , A239-LYS 38:       0.00039508 at      1.569 Ang (1.745 Ang by residue) in 7.3290 (sec).
 3-Body A236-ASP 24, A237-LYS 0 , A239-LYS 37:       0.00041625 at      1.569 Ang (1.745 Ang by residue) in 7.4237 (sec).
 3-Body A236-ASP 24, A237-LYS 0 , A239-LYS 40:       0.00038219 at      1.569 Ang (1.745 Ang by residue) in 7.6038 (sec).
 3-Body A236-ASP 24, A237-LYS 0 , A239-LYS 39:       0.00051279 at      1.569 Ang (1.745 Ang by residue) in 7.3801 (sec).
 3-Body A236-ASP 24, A237-LYS 0 , A239-LYS 42:       0.00075402 at      1.569 Ang (1.745 Ang by residue) in 7.5642 (sec).
 3-Body A236-ASP 24, A237-LYS 0 , A239-LYS 41:       0.00040274 at      1.569 Ang (1.745 Ang by residue) in 7.2446 (sec).
 3-Body A236-ASP 24, A237-LYS 0 , A239-LYS 46:       0.00072101 at      1.483 Ang (1.745 Ang by residue) in 7.5244 (sec).
 3-Body A236-ASP 24, A237-LYS 0 , A239-LYS 43:       0.00146658 at      1.569 Ang (1.745 Ang by residue) in 7.6021 (sec).
 3-Body A236-ASP 24, A237-LYS 0 , A239-LYS 48:       0.00197987 at      1.483 Ang (1.745 Ang by residue) in 7.3390 (sec).
 3-Body A236-ASP 24, A237-LYS 0 , A239-LYS 47:       0.00816993 at      1.483 Ang (1.745 Ang by residue) in 7.3941 (sec).
 3-Body A236-ASP 24, A237-LYS 0 , A239-LYS 50:       0.00094060 at      1.483 Ang (1.745 Ang by residue) in 7.3878 (sec).
 3-Body A236-ASP 24, A237-LYS 0 , A239-LYS 49:       0.00556324 at      1.483 Ang (1.745 Ang by residue) in 7.4606 (sec).
 3-Body A236-ASP 24, A237-LYS 0 , A239-LYS 52:       0.01389031 at      1.434 Ang (1.745 Ang by residue) in 7.6200 (sec).
 3-Body A236-ASP 24, A237-LYS 0 , A239-LYS 51:       0.00359042 at      1.473 Ang (1.745 Ang by residue) in 7.4540 (sec).
 3-Body A236-ASP 24, A237-LYS 0 , A239-LYS 55:       0.00411909 at      1.484 Ang (1.745 Ang by residue) in 7.4330 (sec).
 3-Body A236-ASP 24, A237-LYS 0 , A239-LYS 53:       0.02313313 at      1.429 Ang (1.745 Ang by residue) in 7.7570 (sec).
 3-Body A236-ASP 24, A237-LYD 1 , A239-LYD 1 :      -0.00061993 at      1.503 Ang (1.745 Ang by residue) in 7.5434 (sec).
 3-Body A236-ASP 24, A237-LYD 1 , A239-LYS 0 :       0.00528457 at      1.503 Ang (1.745 Ang by residue) in 7.3608 (sec).
 3-Body A236-ASP 24, A237-LYD 1 , A239-LYD 3 :       0.00023914 at      1.569 Ang (1.745 Ang by residue) in 7.3144 (sec).
 3-Body A236-ASP 24, A237-LYD 1 , A239-LYD 2 :       0.00038086 at      1.569 Ang (1.745 Ang by residue) in 7.4704 (sec).
 3-Body A236-ASP 24, A237-LYD 1 , A239-LYD 5 :       0.00029992 at      1.569 Ang (1.745 Ang by residue) in 7.4632 (sec).
 3-Body A236-ASP 24, A237-LYD 1 , A239-LYD 4 :       0.00025539 at      1.569 Ang (1.745 Ang by residue) in 7.1653 (sec).
 3-Body A236-ASP 24, A237-LYD 1 , A239-LYD 10:       0.00020855 at      1.569 Ang (1.745 Ang by residue) in 7.5456 (sec).
 3-Body A236-ASP 24, A237-LYD 1 , A239-LYD 6 :       0.00024472 at      1.569 Ang (1.745 Ang by residue) in 7.4851 (sec).
 3-Body A236-ASP 24, A237-LYD 1 , A239-LYD 12:       0.00021945 at      1.569 Ang (1.745 Ang by residue) in 7.7057 (sec).
 3-Body A236-ASP 24, A237-LYD 1 , A239-LYD 11:       0.00022726 at      1.569 Ang (1.745 Ang by residue) in 7.6369 (sec).
 3-Body A236-ASP 24, A237-LYD 1 , A239-LYD 14:       0.00024126 at      1.569 Ang (1.745 Ang by residue) in 7.7155 (sec).
 3-Body A236-ASP 24, A237-LYD 1 , A239-LYD 13:       0.00022530 at      1.569 Ang (1.745 Ang by residue) in 7.4381 (sec).
 3-Body A236-ASP 24, A237-LYD 1 , A239-LYD 16:       0.00052270 at      1.569 Ang (1.745 Ang by residue) in 7.5076 (sec).
 3-Body A236-ASP 24, A237-LYD 1 , A239-LYD 15:       0.00033170 at      1.569 Ang (1.745 Ang by residue) in 7.5073 (sec).
 3-Body A236-ASP 24, A237-LYD 1 , A239-LYD 20:      -0.00214263 at      1.483 Ang (1.745 Ang by residue) in 7.3802 (sec).
 3-Body A236-ASP 24, A237-LYD 1 , A239-LYD 19:       0.00011389 at      1.483 Ang (1.745 Ang by residue) in 7.4043 (sec).
 3-Body A236-ASP 24, A237-LYD 1 , A239-LYD 22:       0.00104755 at      1.483 Ang (1.745 Ang by residue) in 7.6657 (sec).
 3-Body A236-ASP 24, A237-LYD 1 , A239-LYD 21:       0.00036367 at      1.483 Ang (1.745 Ang by residue) in 7.3378 (sec).
 3-Body A236-ASP 24, A237-LYD 1 , A239-LYD 24:       0.00050336 at      1.473 Ang (1.745 Ang by residue) in 7.4948 (sec).
 3-Body A236-ASP 24, A237-LYD 1 , A239-LYD 23:       0.00019673 at      1.483 Ang (1.745 Ang by residue) in 7.3128 (sec).
 3-Body A236-ASP 24, A237-LYD 1 , A239-LYS 29:       0.00070066 at      1.569 Ang (1.745 Ang by residue) in 7.5696 (sec).
 3-Body A236-ASP 24, A237-LYD 1 , A239-LYD 28:       0.00019025 at      1.484 Ang (1.745 Ang by residue) in 7.4352 (sec).
 3-Body A236-ASP 24, A237-LYD 1 , A239-LYS 31:       0.00030864 at      1.569 Ang (1.745 Ang by residue) in 7.2096 (sec).
 3-Body A236-ASP 24, A237-LYD 1 , A239-LYS 30:       0.00636087 at      1.508 Ang (1.745 Ang by residue) in 7.3806 (sec).
 3-Body A236-ASP 24, A237-LYD 1 , A239-LYS 33:       0.00032096 at      1.569 Ang (1.745 Ang by residue) in 7.3210 (sec).
 3-Body A236-ASP 24, A237-LYD 1 , A239-LYS 32:       0.00055325 at      1.569 Ang (1.745 Ang by residue) in 7.3752 (sec).
 3-Body A236-ASP 24, A237-LYD 1 , A239-LYS 38:       0.00030979 at      1.569 Ang (1.745 Ang by residue) in 7.3543 (sec).
 3-Body A236-ASP 24, A237-LYD 1 , A239-LYS 37:       0.00033195 at      1.569 Ang (1.745 Ang by residue) in 7.3924 (sec).
 3-Body A236-ASP 24, A237-LYD 1 , A239-LYS 40:       0.00028292 at      1.569 Ang (1.745 Ang by residue) in 7.3242 (sec).
 3-Body A236-ASP 24, A237-LYD 1 , A239-LYS 39:       0.00039815 at      1.569 Ang (1.745 Ang by residue) in 7.3419 (sec).
 3-Body A236-ASP 24, A237-LYD 1 , A239-LYS 42:       0.00062883 at      1.569 Ang (1.745 Ang by residue) in 7.3786 (sec).
 3-Body A236-ASP 24, A237-LYD 1 , A239-LYS 41:       0.00030659 at      1.569 Ang (1.745 Ang by residue) in 7.5507 (sec).
 3-Body A236-ASP 24, A237-LYD 1 , A239-LYS 46:       0.00043888 at      1.483 Ang (1.745 Ang by residue) in 7.5320 (sec).
 3-Body A236-ASP 24, A237-LYD 1 , A239-LYS 43:       0.00128874 at      1.569 Ang (1.745 Ang by residue) in 7.2914 (sec).
 3-Body A236-ASP 24, A237-LYD 1 , A239-LYS 48:       0.00153748 at      1.483 Ang (1.745 Ang by residue) in 7.3244 (sec).
 3-Body A236-ASP 24, A237-LYD 1 , A239-LYS 47:       0.00775424 at      1.483 Ang (1.745 Ang by residue) in 7.3046 (sec).
 3-Body A236-ASP 24, A237-LYD 1 , A239-LYS 50:       0.00069997 at      1.483 Ang (1.745 Ang by residue) in 7.3267 (sec).
 3-Body A236-ASP 24, A237-LYD 1 , A239-LYS 49:       0.00458111 at      1.483 Ang (1.745 Ang by residue) in 7.2329 (sec).
 3-Body A236-ASP 24, A237-LYD 1 , A239-LYS 52:       0.01075343 at      1.434 Ang (1.745 Ang by residue) in 7.2605 (sec).
 3-Body A236-ASP 24, A237-LYD 1 , A239-LYS 51:       0.00336646 at      1.473 Ang (1.745 Ang by residue) in 7.4709 (sec).
 3-Body A236-ASP 24, A237-LYD 1 , A239-LYS 55:       0.00314910 at      1.484 Ang (1.745 Ang by residue) in 7.2943 (sec).
 3-Body A236-ASP 24, A237-LYD 1 , A239-LYS 53:       0.01743521 at      1.429 Ang (1.745 Ang by residue) in 7.4335 (sec).
 3-Body A236-ASP 24, A237-LYD 7 , A239-LYD 1 :      -0.00099226 at      1.503 Ang (1.745 Ang by residue) in 7.2760 (sec).
 3-Body A236-ASP 24, A237-LYD 7 , A239-LYS 0 :       0.00541449 at      1.503 Ang (1.745 Ang by residue) in 7.2487 (sec).
 3-Body A236-ASP 24, A237-LYD 7 , A239-LYD 3 :       0.00020661 at      1.569 Ang (1.745 Ang by residue) in 7.3705 (sec).
 3-Body A236-ASP 24, A237-LYD 7 , A239-LYD 2 :       0.00035684 at      1.569 Ang (1.745 Ang by residue) in 7.3807 (sec).
 3-Body A236-ASP 24, A237-LYD 7 , A239-LYD 5 :       0.00026684 at      1.569 Ang (1.745 Ang by residue) in 7.1879 (sec).
 3-Body A236-ASP 24, A237-LYD 7 , A239-LYD 4 :       0.00022478 at      1.569 Ang (1.745 Ang by residue) in 7.3631 (sec).
 3-Body A236-ASP 24, A237-LYD 7 , A239-LYD 10:       0.00017234 at      1.569 Ang (1.745 Ang by residue) in 7.3887 (sec).
 3-Body A236-ASP 24, A237-LYD 7 , A239-LYD 6 :       0.00021021 at      1.569 Ang (1.745 Ang by residue) in 7.3544 (sec).
 3-Body A236-ASP 24, A237-LYD 7 , A239-LYD 12:       0.00018239 at      1.569 Ang (1.745 Ang by residue) in 7.1302 (sec).
 3-Body A236-ASP 24, A237-LYD 7 , A239-LYD 11:       0.00019335 at      1.569 Ang (1.745 Ang by residue) in 7.3314 (sec).
 3-Body A236-ASP 24, A237-LYD 7 , A239-LYD 14:       0.00020804 at      1.569 Ang (1.745 Ang by residue) in 7.3710 (sec).
 3-Body A236-ASP 24, A237-LYD 7 , A239-LYD 13:       0.00019000 at      1.569 Ang (1.745 Ang by residue) in 7.5859 (sec).
 3-Body A236-ASP 24, A237-LYD 7 , A239-LYD 16:       0.00049603 at      1.569 Ang (1.745 Ang by residue) in 7.5926 (sec).
 3-Body A236-ASP 24, A237-LYD 7 , A239-LYD 15:       0.00029710 at      1.569 Ang (1.745 Ang by residue) in 7.3744 (sec).
 3-Body A236-ASP 24, A237-LYD 7 , A239-LYD 20:      -0.00249619 at      1.483 Ang (1.745 Ang by residue) in 7.2369 (sec).
 3-Body A236-ASP 24, A237-LYD 7 , A239-LYD 19:      -0.00001660 at      1.483 Ang (1.745 Ang by residue) in 7.3662 (sec).
 3-Body A236-ASP 24, A237-LYD 7 , A239-LYD 22:       0.00094381 at      1.483 Ang (1.745 Ang by residue) in 7.4687 (sec).
 3-Body A236-ASP 24, A237-LYD 7 , A239-LYD 21:       0.00023730 at      1.483 Ang (1.745 Ang by residue) in 7.3311 (sec).
 3-Body A236-ASP 24, A237-LYD 7 , A239-LYD 24:       0.00039132 at      1.473 Ang (1.745 Ang by residue) in 7.5392 (sec).
 3-Body A236-ASP 24, A237-LYD 7 , A239-LYD 23:       0.00007833 at      1.483 Ang (1.745 Ang by residue) in 7.4782 (sec).
 3-Body A236-ASP 24, A237-LYD 7 , A239-LYS 29:       0.00073364 at      1.569 Ang (1.745 Ang by residue) in 7.4857 (sec).
 3-Body A236-ASP 24, A237-LYD 7 , A239-LYD 28:      -0.00013191 at      1.484 Ang (1.745 Ang by residue) in 7.4025 (sec).
 3-Body A236-ASP 24, A237-LYD 7 , A239-LYS 31:       0.00029940 at      1.569 Ang (1.745 Ang by residue) in 7.4527 (sec).
 3-Body A236-ASP 24, A237-LYD 7 , A239-LYS 30:       0.00663594 at      1.508 Ang (1.745 Ang by residue) in 7.3675 (sec).
 3-Body A236-ASP 24, A237-LYD 7 , A239-LYS 33:       0.00030968 at      1.569 Ang (1.745 Ang by residue) in 7.2105 (sec).
 3-Body A236-ASP 24, A237-LYD 7 , A239-LYS 32:       0.00057769 at      1.569 Ang (1.745 Ang by residue) in 7.4086 (sec).
 3-Body A236-ASP 24, A237-LYD 7 , A239-LYS 38:       0.00029765 at      1.569 Ang (1.745 Ang by residue) in 7.5456 (sec).
 3-Body A236-ASP 24, A237-LYD 7 , A239-LYS 37:       0.00031953 at      1.569 Ang (1.745 Ang by residue) in 7.6380 (sec).
 3-Body A236-ASP 24, A237-LYD 7 , A239-LYS 40:       0.00026561 at      1.569 Ang (1.745 Ang by residue) in 7.2745 (sec).
 3-Body A236-ASP 24, A237-LYD 7 , A239-LYS 39:       0.00038867 at      1.569 Ang (1.745 Ang by residue) in 7.1839 (sec).
 3-Body A236-ASP 24, A237-LYD 7 , A239-LYS 42:       0.00063840 at      1.569 Ang (1.745 Ang by residue) in 7.1046 (sec).
 3-Body A236-ASP 24, A237-LYD 7 , A239-LYS 41:       0.00029013 at      1.569 Ang (1.745 Ang by residue) in 7.0307 (sec).
 3-Body A236-ASP 24, A237-LYD 7 , A239-LYS 46:       0.00035668 at      1.483 Ang (1.745 Ang by residue) in 7.2320 (sec).
 3-Body A236-ASP 24, A237-LYD 7 , A239-LYS 43:       0.00134212 at      1.569 Ang (1.745 Ang by residue) in 7.1976 (sec).
 3-Body A236-ASP 24, A237-LYD 7 , A239-LYS 48:       0.00154074 at      1.483 Ang (1.745 Ang by residue) in 7.2770 (sec).
 3-Body A236-ASP 24, A237-LYD 7 , A239-LYS 47:       0.00825043 at      1.483 Ang (1.745 Ang by residue) in 7.1199 (sec).
 3-Body A236-ASP 24, A237-LYD 7 , A239-LYS 50:       0.00066108 at      1.483 Ang (1.745 Ang by residue) in 6.9758 (sec).
 3-Body A236-ASP 24, A237-LYD 7 , A239-LYS 49:       0.00474190 at      1.483 Ang (1.745 Ang by residue) in 7.1351 (sec).
 3-Body A236-ASP 24, A237-LYD 7 , A239-LYS 52:       0.01065118 at      1.434 Ang (1.745 Ang by residue) in 7.2000 (sec).
 3-Body A236-ASP 24, A237-LYD 7 , A239-LYS 51:       0.00367122 at      1.473 Ang (1.745 Ang by residue) in 7.7490 (sec).
 3-Body A236-ASP 24, A237-LYD 7 , A239-LYS 55:       0.00305732 at      1.484 Ang (1.745 Ang by residue) in 8.7535 (sec).
 3-Body A236-ASP 24, A237-LYD 7 , A239-LYS 53:       0.01744219 at      1.429 Ang (1.745 Ang by residue) in 8.7333 (sec).
 3-Body A236-ASP 24, A237-LYD 8 , A239-LYD 1 :      -0.00101733 at      1.503 Ang (1.745 Ang by residue) in 8.7436 (sec).
 3-Body A236-ASP 24, A237-LYD 8 , A239-LYS 0 :       0.00536703 at      1.503 Ang (1.745 Ang by residue) in 8.6962 (sec).
 3-Body A236-ASP 24, A237-LYD 8 , A239-LYD 3 :       0.00020080 at      1.569 Ang (1.745 Ang by residue) in 8.7370 (sec).
 3-Body A236-ASP 24, A237-LYD 8 , A239-LYD 2 :       0.00034644 at      1.569 Ang (1.745 Ang by residue) in 8.8591 (sec).
 3-Body A236-ASP 24, A237-LYD 8 , A239-LYD 5 :       0.00026006 at      1.569 Ang (1.745 Ang by residue) in 8.7628 (sec).
 3-Body A236-ASP 24, A237-LYD 8 , A239-LYD 4 :       0.00021800 at      1.569 Ang (1.745 Ang by residue) in 8.6865 (sec).
 3-Body A236-ASP 24, A237-LYD 8 , A239-LYD 10:       0.00016800 at      1.569 Ang (1.745 Ang by residue) in 8.8546 (sec).
 3-Body A236-ASP 24, A237-LYD 8 , A239-LYD 6 :       0.00020416 at      1.569 Ang (1.745 Ang by residue) in 8.6791 (sec).
 3-Body A236-ASP 24, A237-LYD 8 , A239-LYD 12:       0.00017832 at      1.569 Ang (1.745 Ang by residue) in 8.6819 (sec).
 3-Body A236-ASP 24, A237-LYD 8 , A239-LYD 11:       0.00018824 at      1.569 Ang (1.745 Ang by residue) in 8.5426 (sec).
 3-Body A236-ASP 24, A237-LYD 8 , A239-LYD 14:       0.00020323 at      1.569 Ang (1.745 Ang by residue) in 8.8445 (sec).
 3-Body A236-ASP 24, A237-LYD 8 , A239-LYD 13:       0.00018501 at      1.569 Ang (1.745 Ang by residue) in 8.8803 (sec).
 3-Body A236-ASP 24, A237-LYD 8 , A239-LYD 16:       0.00048815 at      1.569 Ang (1.745 Ang by residue) in 8.4315 (sec).
 3-Body A236-ASP 24, A237-LYD 8 , A239-LYD 15:       0.00028979 at      1.569 Ang (1.745 Ang by residue) in 8.8604 (sec).
 3-Body A236-ASP 24, A237-LYD 8 , A239-LYD 20:      -0.00253391 at      1.483 Ang (1.745 Ang by residue) in 8.8389 (sec).
 3-Body A236-ASP 24, A237-LYD 8 , A239-LYD 19:      -0.00004034 at      1.483 Ang (1.745 Ang by residue) in 8.6485 (sec).
 3-Body A236-ASP 24, A237-LYD 8 , A239-LYD 22:       0.00089090 at      1.483 Ang (1.745 Ang by residue) in 8.9980 (sec).
 3-Body A236-ASP 24, A237-LYD 8 , A239-LYD 21:       0.00020031 at      1.483 Ang (1.745 Ang by residue) in 7.6210 (sec).
 3-Body A236-ASP 24, A237-LYD 8 , A239-LYD 24:       0.00035689 at      1.473 Ang (1.745 Ang by residue) in 7.3406 (sec).
 3-Body A236-ASP 24, A237-LYD 8 , A239-LYD 23:       0.00005371 at      1.483 Ang (1.745 Ang by residue) in 7.2859 (sec).
 3-Body A236-ASP 24, A237-LYD 8 , A239-LYS 29:       0.00072060 at      1.569 Ang (1.745 Ang by residue) in 7.1915 (sec).
 3-Body A236-ASP 24, A237-LYD 8 , A239-LYD 28:      -0.00018334 at      1.484 Ang (1.745 Ang by residue) in 7.5405 (sec).
 3-Body A236-ASP 24, A237-LYD 8 , A239-LYS 31:       0.00029138 at      1.569 Ang (1.745 Ang by residue) in 7.4581 (sec).
 3-Body A236-ASP 24, A237-LYD 8 , A239-LYS 30:       0.00661237 at      1.508 Ang (1.745 Ang by residue) in 7.4336 (sec).
 3-Body A236-ASP 24, A237-LYD 8 , A239-LYS 33:       0.00030293 at      1.569 Ang (1.745 Ang by residue) in 7.5731 (sec).
 3-Body A236-ASP 24, A237-LYD 8 , A239-LYS 32:       0.00056052 at      1.569 Ang (1.745 Ang by residue) in 7.3606 (sec).
 3-Body A236-ASP 24, A237-LYD 8 , A239-LYS 38:       0.00029170 at      1.569 Ang (1.745 Ang by residue) in 7.4188 (sec).
 3-Body A236-ASP 24, A237-LYD 8 , A239-LYS 37:       0.00031207 at      1.569 Ang (1.745 Ang by residue) in 7.2419 (sec).
 3-Body A236-ASP 24, A237-LYD 8 , A239-LYS 40:       0.00026055 at      1.569 Ang (1.745 Ang by residue) in 7.2788 (sec).
 3-Body A236-ASP 24, A237-LYD 8 , A239-LYS 39:       0.00038183 at      1.569 Ang (1.745 Ang by residue) in 7.3367 (sec).
 3-Body A236-ASP 24, A237-LYD 8 , A239-LYS 42:       0.00063164 at      1.569 Ang (1.745 Ang by residue) in 7.4098 (sec).
 3-Body A236-ASP 24, A237-LYD 8 , A239-LYS 41:       0.00028341 at      1.569 Ang (1.745 Ang by residue) in 7.3181 (sec).
 3-Body A236-ASP 24, A237-LYD 8 , A239-LYS 46:       0.00033494 at      1.483 Ang (1.745 Ang by residue) in 7.2098 (sec).
 3-Body A236-ASP 24, A237-LYD 8 , A239-LYS 43:       0.00133229 at      1.569 Ang (1.745 Ang by residue) in 7.1896 (sec).
 3-Body A236-ASP 24, A237-LYD 8 , A239-LYS 48:       0.00151484 at      1.483 Ang (1.745 Ang by residue) in 6.9779 (sec).
 3-Body A236-ASP 24, A237-LYD 8 , A239-LYS 47:       0.00822923 at      1.483 Ang (1.745 Ang by residue) in 7.2380 (sec).
 3-Body A236-ASP 24, A237-LYD 8 , A239-LYS 50:       0.00063465 at      1.483 Ang (1.745 Ang by residue) in 7.1328 (sec).
 3-Body A236-ASP 24, A237-LYD 8 , A239-LYS 49:       0.00470788 at      1.483 Ang (1.745 Ang by residue) in 7.2562 (sec).
 3-Body A236-ASP 24, A237-LYD 8 , A239-LYS 52:       0.01043214 at      1.434 Ang (1.745 Ang by residue) in 7.2876 (sec).
 3-Body A236-ASP 24, A237-LYD 8 , A239-LYS 51:       0.00360370 at      1.473 Ang (1.745 Ang by residue) in 7.3071 (sec).
 3-Body A236-ASP 24, A237-LYD 8 , A239-LYS 55:       0.00299471 at      1.484 Ang (1.745 Ang by residue) in 7.1728 (sec).
 3-Body A236-ASP 24, A237-LYD 8 , A239-LYS 53:       0.01700342 at      1.429 Ang (1.745 Ang by residue) in 7.1789 (sec).
 3-Body A236-ASP 24, A237-LYD 9 , A239-LYD 1 :      -0.00092557 at      1.503 Ang (1.745 Ang by residue) in 7.2841 (sec).
 3-Body A236-ASP 24, A237-LYD 9 , A239-LYS 0 :       0.00541787 at      1.503 Ang (1.745 Ang by residue) in 7.1257 (sec).
 3-Body A236-ASP 24, A237-LYD 9 , A239-LYD 3 :       0.00021552 at      1.569 Ang (1.745 Ang by residue) in 7.1216 (sec).
 3-Body A236-ASP 24, A237-LYD 9 , A239-LYD 2 :       0.00036304 at      1.569 Ang (1.745 Ang by residue) in 7.4128 (sec).
 3-Body A236-ASP 24, A237-LYD 9 , A239-LYD 5 :       0.00027614 at      1.569 Ang (1.745 Ang by residue) in 7.0857 (sec).
 3-Body A236-ASP 24, A237-LYD 9 , A239-LYD 4 :       0.00023266 at      1.569 Ang (1.745 Ang by residue) in 7.1111 (sec).
 3-Body A236-ASP 24, A237-LYD 9 , A239-LYD 10:       0.00018198 at      1.569 Ang (1.745 Ang by residue) in 7.1097 (sec).
 3-Body A236-ASP 24, A237-LYD 9 , A239-LYD 6 :       0.00021924 at      1.569 Ang (1.745 Ang by residue) in 7.6741 (sec).
 3-Body A236-ASP 24, A237-LYD 9 , A239-LYD 12:       0.00019246 at      1.569 Ang (1.745 Ang by residue) in 7.7666 (sec).
 3-Body A236-ASP 24, A237-LYD 9 , A239-LYD 11:       0.00020197 at      1.569 Ang (1.745 Ang by residue) in 7.6855 (sec).
 3-Body A236-ASP 24, A237-LYD 9 , A239-LYD 14:       0.00021690 at      1.569 Ang (1.745 Ang by residue) in 7.1323 (sec).
 3-Body A236-ASP 24, A237-LYD 9 , A239-LYD 13:       0.00019917 at      1.569 Ang (1.745 Ang by residue) in 7.5093 (sec).
 3-Body A236-ASP 24, A237-LYD 9 , A239-LYD 16:       0.00050455 at      1.569 Ang (1.745 Ang by residue) in 7.2768 (sec).
 3-Body A236-ASP 24, A237-LYD 9 , A239-LYD 15:       0.00030647 at      1.569 Ang (1.745 Ang by residue) in 7.1483 (sec).
 3-Body A236-ASP 24, A237-LYD 9 , A239-LYD 20:      -0.00244027 at      1.483 Ang (1.745 Ang by residue) in 7.2656 (sec).
 3-Body A236-ASP 24, A237-LYD 9 , A239-LYD 19:       0.00001215 at      1.483 Ang (1.745 Ang by residue) in 7.3861 (sec).
 3-Body A236-ASP 24, A237-LYD 9 , A239-LYD 22:       0.00095757 at      1.483 Ang (1.745 Ang by residue) in 7.2395 (sec).
 3-Body A236-ASP 24, A237-LYD 9 , A239-LYD 21:       0.00026258 at      1.483 Ang (1.745 Ang by residue) in 7.3698 (sec).
 3-Body A236-ASP 24, A237-LYD 9 , A239-LYD 24:       0.00041566 at      1.473 Ang (1.745 Ang by residue) in 7.2053 (sec).
 3-Body A236-ASP 24, A237-LYD 9 , A239-LYD 23:       0.00010410 at      1.483 Ang (1.745 Ang by residue) in 7.1294 (sec).
 3-Body A236-ASP 24, A237-LYD 9 , A239-LYS 29:       0.00072511 at      1.569 Ang (1.745 Ang by residue) in 7.5182 (sec).
 3-Body A236-ASP 24, A237-LYD 9 , A239-LYD 28:      -0.00006693 at      1.484 Ang (1.745 Ang by residue) in 7.2484 (sec).
 3-Body A236-ASP 24, A237-LYD 9 , A239-LYS 31:       0.00029907 at      1.569 Ang (1.745 Ang by residue) in 7.2729 (sec).
 3-Body A236-ASP 24, A237-LYD 9 , A239-LYS 30:       0.00657457 at      1.508 Ang (1.745 Ang by residue) in 7.1722 (sec).
 3-Body A236-ASP 24, A237-LYD 9 , A239-LYS 33:       0.00031006 at      1.569 Ang (1.745 Ang by residue) in 7.1221 (sec).
 3-Body A236-ASP 24, A237-LYD 9 , A239-LYS 32:       0.00056716 at      1.569 Ang (1.745 Ang by residue) in 7.3292 (sec).
 3-Body A236-ASP 24, A237-LYD 9 , A239-LYS 38:       0.00029815 at      1.569 Ang (1.745 Ang by residue) in 7.1795 (sec).
 3-Body A236-ASP 24, A237-LYD 9 , A239-LYS 37:       0.00031935 at      1.569 Ang (1.745 Ang by residue) in 7.2761 (sec).
 3-Body A236-ASP 24, A237-LYD 9 , A239-LYS 40:       0.00026780 at      1.569 Ang (1.745 Ang by residue) in 7.3611 (sec).
 3-Body A236-ASP 24, A237-LYD 9 , A239-LYS 39:       0.00038898 at      1.569 Ang (1.745 Ang by residue) in 7.2561 (sec).
 3-Body A236-ASP 24, A237-LYD 9 , A239-LYS 42:       0.00063644 at      1.569 Ang (1.745 Ang by residue) in 7.4861 (sec).
 3-Body A236-ASP 24, A237-LYD 9 , A239-LYS 41:       0.00029141 at      1.569 Ang (1.745 Ang by residue) in 7.2647 (sec).
 3-Body A236-ASP 24, A237-LYD 9 , A239-LYS 46:       0.00037462 at      1.483 Ang (1.745 Ang by residue) in 7.0889 (sec).
 3-Body A236-ASP 24, A237-LYD 9 , A239-LYS 43:       0.00133454 at      1.569 Ang (1.745 Ang by residue) in 7.2522 (sec).
 3-Body A236-ASP 24, A237-LYD 9 , A239-LYS 48:       0.00154737 at      1.483 Ang (1.745 Ang by residue) in 7.1404 (sec).
 3-Body A236-ASP 24, A237-LYD 9 , A239-LYS 47:       0.00817671 at      1.483 Ang (1.745 Ang by residue) in 7.3184 (sec).
 3-Body A236-ASP 24, A237-LYD 9 , A239-LYS 50:       0.00066923 at      1.483 Ang (1.745 Ang by residue) in 7.3435 (sec).
 3-Body A236-ASP 24, A237-LYD 9 , A239-LYS 49:       0.00472269 at      1.483 Ang (1.745 Ang by residue) in 7.1630 (sec).
 3-Body A236-ASP 24, A237-LYD 9 , A239-LYS 52:       0.01056315 at      1.434 Ang (1.745 Ang by residue) in 7.2295 (sec).
 3-Body A236-ASP 24, A237-LYD 9 , A239-LYS 51:       0.00361544 at      1.473 Ang (1.745 Ang by residue) in 7.2944 (sec).
 3-Body A236-ASP 24, A237-LYD 9 , A239-LYS 55:       0.00309603 at      1.484 Ang (1.745 Ang by residue) in 7.4470 (sec).
 3-Body A236-ASP 24, A237-LYD 9 , A239-LYS 53:       0.01731736 at      1.429 Ang (1.745 Ang by residue) in 7.2920 (sec).
 3-Body A236-ASP 24, A237-LYD 10, A239-LYD 1 :      -0.00067813 at      1.503 Ang (1.745 Ang by residue) in 7.1643 (sec).
 3-Body A236-ASP 24, A237-LYD 10, A239-LYS 0 :       0.00534882 at      1.503 Ang (1.745 Ang by residue) in 7.2127 (sec).
 3-Body A236-ASP 24, A237-LYD 10, A239-LYD 3 :       0.00023655 at      1.569 Ang (1.745 Ang by residue) in 7.1419 (sec).
 3-Body A236-ASP 24, A237-LYD 10, A239-LYD 2 :       0.00038069 at      1.569 Ang (1.745 Ang by residue) in 7.1674 (sec).
 3-Body A236-ASP 24, A237-LYD 10, A239-LYD 5 :       0.00029795 at      1.569 Ang (1.745 Ang by residue) in 7.2728 (sec).
 3-Body A236-ASP 24, A237-LYD 10, A239-LYD 4 :       0.00025357 at      1.569 Ang (1.745 Ang by residue) in 7.5212 (sec).
 3-Body A236-ASP 24, A237-LYD 10, A239-LYD 10:       0.00020472 at      1.569 Ang (1.745 Ang by residue) in 7.3070 (sec).
 3-Body A236-ASP 24, A237-LYD 10, A239-LYD 6 :       0.00024247 at      1.569 Ang (1.745 Ang by residue) in 7.3998 (sec).
 3-Body A236-ASP 24, A237-LYD 10, A239-LYD 12:       0.00021567 at      1.569 Ang (1.745 Ang by residue) in 7.1528 (sec).
 3-Body A236-ASP 24, A237-LYD 10, A239-LYD 11:       0.00022423 at      1.569 Ang (1.745 Ang by residue) in 7.3901 (sec).
 3-Body A236-ASP 24, A237-LYD 10, A239-LYD 14:       0.00023832 at      1.569 Ang (1.745 Ang by residue) in 7.0884 (sec).
 3-Body A236-ASP 24, A237-LYD 10, A239-LYD 13:       0.00022197 at      1.569 Ang (1.745 Ang by residue) in 7.1896 (sec).
 3-Body A236-ASP 24, A237-LYD 10, A239-LYD 16:       0.00052435 at      1.569 Ang (1.745 Ang by residue) in 7.5678 (sec).
 3-Body A236-ASP 24, A237-LYD 10, A239-LYD 15:       0.00032919 at      1.569 Ang (1.745 Ang by residue) in 7.2436 (sec).
 3-Body A236-ASP 24, A237-LYD 10, A239-LYD 20:      -0.00222316 at      1.483 Ang (1.745 Ang by residue) in 7.2380 (sec).
 3-Body A236-ASP 24, A237-LYD 10, A239-LYD 19:       0.00009728 at      1.483 Ang (1.745 Ang by residue) in 7.3162 (sec).
 3-Body A236-ASP 24, A237-LYD 10, A239-LYD 22:       0.00105598 at      1.483 Ang (1.745 Ang by residue) in 7.1963 (sec).
 3-Body A236-ASP 24, A237-LYD 10, A239-LYD 21:       0.00035064 at      1.483 Ang (1.745 Ang by residue) in 7.1572 (sec).
 3-Body A236-ASP 24, A237-LYD 10, A239-LYD 24:       0.00049289 at      1.473 Ang (1.745 Ang by residue) in 7.2497 (sec).
 3-Body A236-ASP 24, A237-LYD 10, A239-LYD 23:       0.00018240 at      1.483 Ang (1.745 Ang by residue) in 7.3126 (sec).
 3-Body A236-ASP 24, A237-LYD 10, A239-LYS 29:       0.00071386 at      1.569 Ang (1.745 Ang by residue) in 7.3697 (sec).
 3-Body A236-ASP 24, A237-LYD 10, A239-LYD 28:       0.00015643 at      1.484 Ang (1.745 Ang by residue) in 7.3839 (sec).
 3-Body A236-ASP 24, A237-LYD 10, A239-LYS 31:       0.00031264 at      1.569 Ang (1.745 Ang by residue) in 7.3094 (sec).
 3-Body A236-ASP 24, A237-LYD 10, A239-LYS 30:       0.00654377 at      1.508 Ang (1.745 Ang by residue) in 7.3383 (sec).
 3-Body A236-ASP 24, A237-LYD 10, A239-LYS 33:       0.00032502 at      1.569 Ang (1.745 Ang by residue) in 7.0276 (sec).
 3-Body A236-ASP 24, A237-LYD 10, A239-LYS 32:       0.00056473 at      1.569 Ang (1.745 Ang by residue) in 7.0592 (sec).
 3-Body A236-ASP 24, A237-LYD 10, A239-LYS 38:       0.00031286 at      1.569 Ang (1.745 Ang by residue) in 6.8500 (sec).
 3-Body A236-ASP 24, A237-LYD 10, A239-LYS 37:       0.00033539 at      1.569 Ang (1.745 Ang by residue) in 6.9365 (sec).
 3-Body A236-ASP 24, A237-LYD 10, A239-LYS 40:       0.00028443 at      1.569 Ang (1.745 Ang by residue) in 6.9837 (sec).
 3-Body A236-ASP 24, A237-LYD 10, A239-LYS 39:       0.00040205 at      1.569 Ang (1.745 Ang by residue) in 6.8537 (sec).
 3-Body A236-ASP 24, A237-LYD 10, A239-LYS 42:       0.00063846 at      1.569 Ang (1.745 Ang by residue) in 7.2215 (sec).
 3-Body A236-ASP 24, A237-LYD 10, A239-LYS 41:       0.00030858 at      1.569 Ang (1.745 Ang by residue) in 7.3462 (sec).
 3-Body A236-ASP 24, A237-LYD 10, A239-LYS 46:       0.00043461 at      1.483 Ang (1.745 Ang by residue) in 7.1710 (sec).
 3-Body A236-ASP 24, A237-LYD 10, A239-LYS 43:       0.00131271 at      1.569 Ang (1.745 Ang by residue) in 7.1508 (sec).
 3-Body A236-ASP 24, A237-LYD 10, A239-LYS 48:       0.00155950 at      1.483 Ang (1.745 Ang by residue) in 7.1769 (sec).
 3-Body A236-ASP 24, A237-LYD 10, A239-LYS 47:       0.00796010 at      1.483 Ang (1.745 Ang by residue) in 7.3607 (sec).
 3-Body A236-ASP 24, A237-LYD 10, A239-LYS 50:       0.00070370 at      1.483 Ang (1.745 Ang by residue) in 7.4265 (sec).
 3-Body A236-ASP 24, A237-LYD 10, A239-LYS 49:       0.00468255 at      1.483 Ang (1.745 Ang by residue) in 9.9711 (sec).
 3-Body A236-ASP 24, A237-LYD 10, A239-LYS 52:       0.01106726 at      1.434 Ang (1.745 Ang by residue) in 10.4766 (sec).
 3-Body A236-ASP 24, A237-LYD 10, A239-LYS 51:       0.00343126 at      1.473 Ang (1.745 Ang by residue) in 11.1014 (sec).
 3-Body A236-ASP 24, A237-LYD 10, A239-LYS 55:       0.00317418 at      1.484 Ang (1.745 Ang by residue) in 11.2857 (sec).
 3-Body A236-ASP 24, A237-LYD 10, A239-LYS 53:       0.01779068 at      1.429 Ang (1.745 Ang by residue) in 11.0725 (sec).
 3-Body A236-ASP 24, A237-LYD 11, A239-LYD 1 :      -0.00059449 at      1.503 Ang (1.745 Ang by residue) in 10.1890 (sec).
 3-Body A236-ASP 24, A237-LYD 11, A239-LYS 0 :       0.00545536 at      1.503 Ang (1.745 Ang by residue) in 10.1711 (sec).
 3-Body A236-ASP 24, A237-LYD 11, A239-LYD 3 :       0.00025137 at      1.569 Ang (1.745 Ang by residue) in 9.7652 (sec).
 3-Body A236-ASP 24, A237-LYD 11, A239-LYD 2 :       0.00039678 at      1.569 Ang (1.745 Ang by residue) in 10.1302 (sec).
 3-Body A236-ASP 24, A237-LYD 11, A239-LYD 5 :       0.00031321 at      1.569 Ang (1.745 Ang by residue) in 10.1031 (sec).
 3-Body A236-ASP 24, A237-LYD 11, A239-LYD 4 :       0.00026768 at      1.569 Ang (1.745 Ang by residue) in 10.5236 (sec).
 3-Body A236-ASP 24, A237-LYD 11, A239-LYD 10:       0.00021944 at      1.569 Ang (1.745 Ang by residue) in 9.8558 (sec).
 3-Body A236-ASP 24, A237-LYD 11, A239-LYD 6 :       0.00025676 at      1.569 Ang (1.745 Ang by residue) in 9.6958 (sec).
 3-Body A236-ASP 24, A237-LYD 11, A239-LYD 12:       0.00023055 at      1.569 Ang (1.745 Ang by residue) in 10.2207 (sec).
 3-Body A236-ASP 24, A237-LYD 11, A239-LYD 11:       0.00023835 at      1.569 Ang (1.745 Ang by residue) in 10.1479 (sec).
 3-Body A236-ASP 24, A237-LYD 11, A239-LYD 14:       0.00025244 at      1.569 Ang (1.745 Ang by residue) in 10.1526 (sec).
 3-Body A236-ASP 24, A237-LYD 11, A239-LYD 13:       0.00023596 at      1.569 Ang (1.745 Ang by residue) in 10.5848 (sec).
 3-Body A236-ASP 24, A237-LYD 11, A239-LYD 16:       0.00054184 at      1.569 Ang (1.745 Ang by residue) in 11.0056 (sec).
 3-Body A236-ASP 24, A237-LYD 11, A239-LYD 15:       0.00034624 at      1.569 Ang (1.745 Ang by residue) in 10.6255 (sec).
 3-Body A236-ASP 24, A237-LYD 11, A239-LYD 20:      -0.00211350 at      1.483 Ang (1.745 Ang by residue) in 11.2307 (sec).
 3-Body A236-ASP 24, A237-LYD 11, A239-LYD 19:       0.00014836 at      1.483 Ang (1.745 Ang by residue) in 11.4027 (sec).
 3-Body A236-ASP 24, A237-LYD 11, A239-LYD 22:       0.00113354 at      1.483 Ang (1.745 Ang by residue) in 10.9709 (sec).
 3-Body A236-ASP 24, A237-LYD 11, A239-LYD 21:       0.00041729 at      1.483 Ang (1.745 Ang by residue) in 11.3085 (sec).
 3-Body A236-ASP 24, A237-LYD 11, A239-LYD 24:       0.00054789 at      1.473 Ang (1.745 Ang by residue) in 11.0432 (sec).
 3-Body A236-ASP 24, A237-LYD 11, A239-LYD 23:       0.00023403 at      1.483 Ang (1.745 Ang by residue) in 11.0464 (sec).
 3-Body A236-ASP 24, A237-LYD 11, A239-LYS 29:       0.00072353 at      1.569 Ang (1.745 Ang by residue) in 10.0371 (sec).
 3-Body A236-ASP 24, A237-LYD 11, A239-LYD 28:       0.00027659 at      1.484 Ang (1.745 Ang by residue) in 10.5039 (sec).
 3-Body A236-ASP 24, A237-LYD 11, A239-LYS 31:       0.00032325 at      1.569 Ang (1.745 Ang by residue) in 10.7155 (sec).
 3-Body A236-ASP 24, A237-LYD 11, A239-LYS 30:       0.00659816 at      1.508 Ang (1.745 Ang by residue) in 10.4482 (sec).
 3-Body A236-ASP 24, A237-LYD 11, A239-LYS 33:       0.00033662 at      1.569 Ang (1.745 Ang by residue) in 9.9349 (sec).
 3-Body A236-ASP 24, A237-LYD 11, A239-LYS 32:       0.00057008 at      1.569 Ang (1.745 Ang by residue) in 8.8898 (sec).
 3-Body A236-ASP 24, A237-LYD 11, A239-LYS 38:       0.00032448 at      1.569 Ang (1.745 Ang by residue) in 11.0209 (sec).
 3-Body A236-ASP 24, A237-LYD 11, A239-LYS 37:       0.00034629 at      1.569 Ang (1.745 Ang by residue) in 10.2600 (sec).
 3-Body A236-ASP 24, A237-LYD 11, A239-LYS 40:       0.00029761 at      1.569 Ang (1.745 Ang by residue) in 11.1868 (sec).
 3-Body A236-ASP 24, A237-LYD 11, A239-LYS 39:       0.00041526 at      1.569 Ang (1.745 Ang by residue) in 10.7928 (sec).
 3-Body A236-ASP 24, A237-LYD 11, A239-LYS 42:       0.00065227 at      1.569 Ang (1.745 Ang by residue) in 10.4786 (sec).
 3-Body A236-ASP 24, A237-LYD 11, A239-LYS 41:       0.00032081 at      1.569 Ang (1.745 Ang by residue) in 11.0467 (sec).
 3-Body A236-ASP 24, A237-LYD 11, A239-LYS 46:       0.00048331 at      1.483 Ang (1.745 Ang by residue) in 8.3255 (sec).
 3-Body A236-ASP 24, A237-LYD 11, A239-LYS 43:       0.00132610 at      1.569 Ang (1.745 Ang by residue) in 8.5426 (sec).
 3-Body A236-ASP 24, A237-LYD 11, A239-LYS 48:       0.00161876 at      1.483 Ang (1.745 Ang by residue) in 8.8903 (sec).
 3-Body A236-ASP 24, A237-LYD 11, A239-LYS 47:       0.00798103 at      1.483 Ang (1.745 Ang by residue) in 9.3713 (sec).
 3-Body A236-ASP 24, A237-LYD 11, A239-LYS 50:       0.00074753 at      1.483 Ang (1.745 Ang by residue) in 8.6352 (sec).
 3-Body A236-ASP 24, A237-LYD 11, A239-LYS 49:       0.00476053 at      1.483 Ang (1.745 Ang by residue) in 8.5765 (sec).
 3-Body A236-ASP 24, A237-LYD 11, A239-LYS 52:       0.01129200 at      1.434 Ang (1.745 Ang by residue) in 10.0259 (sec).
 3-Body A236-ASP 24, A237-LYD 11, A239-LYS 51:       0.00345035 at      1.473 Ang (1.745 Ang by residue) in 10.5059 (sec).
 3-Body A236-ASP 24, A237-LYD 11, A239-LYS 55:       0.00329256 at      1.484 Ang (1.745 Ang by residue) in 10.3667 (sec).
 3-Body A236-ASP 24, A237-LYD 11, A239-LYS 53:       0.01818442 at      1.429 Ang (1.745 Ang by residue) in 10.3430 (sec).
 3-Body A236-ASP 24, A237-LYD 12, A239-LYD 1 :      -0.00070793 at      1.503 Ang (1.745 Ang by residue) in 10.0837 (sec).
 3-Body A236-ASP 24, A237-LYD 12, A239-LYS 0 :       0.00518694 at      1.503 Ang (1.745 Ang by residue) in 10.5931 (sec).
 3-Body A236-ASP 24, A237-LYD 12, A239-LYD 3 :       0.00022415 at      1.569 Ang (1.745 Ang by residue) in 10.7280 (sec).
 3-Body A236-ASP 24, A237-LYD 12, A239-LYD 2 :       0.00036422 at      1.569 Ang (1.745 Ang by residue) in 10.6278 (sec).
 3-Body A236-ASP 24, A237-LYD 12, A239-LYD 5 :       0.00028381 at      1.569 Ang (1.745 Ang by residue) in 9.7957 (sec).
 3-Body A236-ASP 24, A237-LYD 12, A239-LYD 4 :       0.00024067 at      1.569 Ang (1.745 Ang by residue) in 8.8706 (sec).
 3-Body A236-ASP 24, A237-LYD 12, A239-LYD 10:       0.00019401 at      1.569 Ang (1.745 Ang by residue) in 8.9683 (sec).
 3-Body A236-ASP 24, A237-LYD 12, A239-LYD 6 :       0.00022957 at      1.569 Ang (1.745 Ang by residue) in 8.7321 (sec).
 3-Body A236-ASP 24, A237-LYD 12, A239-LYD 12:       0.00020469 at      1.569 Ang (1.745 Ang by residue) in 8.2252 (sec).
 3-Body A236-ASP 24, A237-LYD 12, A239-LYD 11:       0.00021309 at      1.569 Ang (1.745 Ang by residue) in 8.7733 (sec).
 3-Body A236-ASP 24, A237-LYD 12, A239-LYD 14:       0.00022691 at      1.569 Ang (1.745 Ang by residue) in 8.5036 (sec).
 3-Body A236-ASP 24, A237-LYD 12, A239-LYD 13:       0.00021082 at      1.569 Ang (1.745 Ang by residue) in 8.5637 (sec).
 3-Body A236-ASP 24, A237-LYD 12, A239-LYD 16:       0.00050516 at      1.569 Ang (1.745 Ang by residue) in 9.2471 (sec).
 3-Body A236-ASP 24, A237-LYD 12, A239-LYD 15:       0.00031449 at      1.569 Ang (1.745 Ang by residue) in 10.0042 (sec).
 3-Body A236-ASP 24, A237-LYD 12, A239-LYD 20:      -0.00223652 at      1.483 Ang (1.745 Ang by residue) in 10.6141 (sec).
 3-Body A236-ASP 24, A237-LYD 12, A239-LYD 19:       0.00006385 at      1.483 Ang (1.745 Ang by residue) in 10.6754 (sec).
 3-Body A236-ASP 24, A237-LYD 12, A239-LYD 22:       0.00097748 at      1.483 Ang (1.745 Ang by residue) in 9.9637 (sec).
 3-Body A236-ASP 24, A237-LYD 12, A239-LYD 21:       0.00030225 at      1.483 Ang (1.745 Ang by residue) in 10.4872 (sec).
 3-Body A236-ASP 24, A237-LYD 12, A239-LYD 24:       0.00044873 at      1.473 Ang (1.745 Ang by residue) in 10.0922 (sec).
 3-Body A236-ASP 24, A237-LYD 12, A239-LYD 23:       0.00014812 at      1.483 Ang (1.745 Ang by residue) in 10.3697 (sec).
 3-Body A236-ASP 24, A237-LYD 12, A239-LYS 29:       0.00069293 at      1.569 Ang (1.745 Ang by residue) in 9.9536 (sec).
 3-Body A236-ASP 24, A237-LYD 12, A239-LYD 28:       0.00006915 at      1.484 Ang (1.745 Ang by residue) in 10.4610 (sec).
 3-Body A236-ASP 24, A237-LYD 12, A239-LYS 31:       0.00029925 at      1.569 Ang (1.745 Ang by residue) in 9.9076 (sec).
 3-Body A236-ASP 24, A237-LYD 12, A239-LYS 30:       0.00634175 at      1.508 Ang (1.745 Ang by residue) in 10.3950 (sec).
 3-Body A236-ASP 24, A237-LYD 12, A239-LYS 33:       0.00031111 at      1.569 Ang (1.745 Ang by residue) in 9.9035 (sec).
 3-Body A236-ASP 24, A237-LYD 12, A239-LYS 32:       0.00054536 at      1.569 Ang (1.745 Ang by residue) in 10.5365 (sec).
 3-Body A236-ASP 24, A237-LYD 12, A239-LYS 38:       0.00030031 at      1.569 Ang (1.745 Ang by residue) in 9.6726 (sec).
 3-Body A236-ASP 24, A237-LYD 12, A239-LYS 37:       0.00032209 at      1.569 Ang (1.745 Ang by residue) in 8.4765 (sec).
 3-Body A236-ASP 24, A237-LYD 12, A239-LYS 40:       0.00027202 at      1.569 Ang (1.745 Ang by residue) in 8.4516 (sec).
 3-Body A236-ASP 24, A237-LYD 12, A239-LYS 39:       0.00038672 at      1.569 Ang (1.745 Ang by residue) in 7.9475 (sec).
 3-Body A236-ASP 24, A237-LYD 12, A239-LYS 42:       0.00061881 at      1.569 Ang (1.745 Ang by residue) in 8.4046 (sec).
 3-Body A236-ASP 24, A237-LYD 12, A239-LYS 41:       0.00029555 at      1.569 Ang (1.745 Ang by residue) in 8.3681 (sec).
 3-Body A236-ASP 24, A237-LYD 12, A239-LYS 46:       0.00039620 at      1.483 Ang (1.745 Ang by residue) in 8.7398 (sec).
 3-Body A236-ASP 24, A237-LYD 12, A239-LYS 43:       0.00127872 at      1.569 Ang (1.745 Ang by residue) in 8.7109 (sec).
 3-Body A236-ASP 24, A237-LYD 12, A239-LYS 48:       0.00149428 at      1.483 Ang (1.745 Ang by residue) in 8.5214 (sec).
 3-Body A236-ASP 24, A237-LYD 12, A239-LYS 47:       0.00777858 at      1.483 Ang (1.745 Ang by residue) in 8.7398 (sec).
 3-Body A236-ASP 24, A237-LYD 12, A239-LYS 50:       0.00066260 at      1.483 Ang (1.745 Ang by residue) in 8.5909 (sec).
 3-Body A236-ASP 24, A237-LYD 12, A239-LYS 49:       0.00453245 at      1.483 Ang (1.745 Ang by residue) in 8.8247 (sec).
 3-Body A236-ASP 24, A237-LYD 12, A239-LYS 52:       0.01054167 at      1.434 Ang (1.745 Ang by residue) in 8.6551 (sec).
 3-Body A236-ASP 24, A237-LYD 12, A239-LYS 51:       0.00334673 at      1.473 Ang (1.745 Ang by residue) in 8.7355 (sec).
 3-Body A236-ASP 24, A237-LYD 12, A239-LYS 55:       0.00302858 at      1.484 Ang (1.745 Ang by residue) in 8.8140 (sec).
 3-Body A236-ASP 24, A237-LYD 12, A239-LYS 53:       0.01699348 at      1.429 Ang (1.745 Ang by residue) in 8.8680 (sec).
 3-Body A236-ASP 24, A237-LYD 13, A239-LYD 1 :      -0.00062031 at      1.503 Ang (1.745 Ang by residue) in 8.7810 (sec).
 3-Body A236-ASP 24, A237-LYD 13, A239-LYS 0 :       0.00528385 at      1.503 Ang (1.745 Ang by residue) in 8.8670 (sec).
 3-Body A236-ASP 24, A237-LYD 13, A239-LYD 3 :       0.00023909 at      1.569 Ang (1.745 Ang by residue) in 8.6564 (sec).
 3-Body A236-ASP 24, A237-LYD 13, A239-LYD 2 :       0.00038080 at      1.569 Ang (1.745 Ang by residue) in 8.7076 (sec).
 3-Body A236-ASP 24, A237-LYD 13, A239-LYD 5 :       0.00029986 at      1.569 Ang (1.745 Ang by residue) in 8.6805 (sec).
 3-Body A236-ASP 24, A237-LYD 13, A239-LYD 4 :       0.00025533 at      1.569 Ang (1.745 Ang by residue) in 8.9562 (sec).
 3-Body A236-ASP 24, A237-LYD 13, A239-LYD 10:       0.00020850 at      1.569 Ang (1.745 Ang by residue) in 8.8980 (sec).
 3-Body A236-ASP 24, A237-LYD 13, A239-LYD 6 :       0.00024468 at      1.569 Ang (1.745 Ang by residue) in 8.6605 (sec).
 3-Body A236-ASP 24, A237-LYD 13, A239-LYD 12:       0.00021940 at      1.569 Ang (1.745 Ang by residue) in 8.4391 (sec).
 3-Body A236-ASP 24, A237-LYD 13, A239-LYD 11:       0.00022721 at      1.569 Ang (1.745 Ang by residue) in 8.7436 (sec).
 3-Body A236-ASP 24, A237-LYD 13, A239-LYD 14:       0.00024120 at      1.569 Ang (1.745 Ang by residue) in 8.7911 (sec).
 3-Body A236-ASP 24, A237-LYD 13, A239-LYD 13:       0.00022525 at      1.569 Ang (1.745 Ang by residue) in 8.9091 (sec).
 3-Body A236-ASP 24, A237-LYD 13, A239-LYD 16:       0.00052262 at      1.569 Ang (1.745 Ang by residue) in 10.3483 (sec).
 3-Body A236-ASP 24, A237-LYD 13, A239-LYD 15:       0.00033163 at      1.569 Ang (1.745 Ang by residue) in 11.1194 (sec).
 3-Body A236-ASP 24, A237-LYD 13, A239-LYD 20:      -0.00214292 at      1.483 Ang (1.745 Ang by residue) in 9.0908 (sec).
 3-Body A236-ASP 24, A237-LYD 13, A239-LYD 19:       0.00011371 at      1.483 Ang (1.745 Ang by residue) in 8.6996 (sec).
 3-Body A236-ASP 24, A237-LYD 13, A239-LYD 22:       0.00104726 at      1.483 Ang (1.745 Ang by residue) in 8.5018 (sec).
 3-Body A236-ASP 24, A237-LYD 13, A239-LYD 21:       0.00036346 at      1.483 Ang (1.745 Ang by residue) in 8.8330 (sec).
 3-Body A236-ASP 24, A237-LYD 13, A239-LYD 24:       0.00050318 at      1.473 Ang (1.745 Ang by residue) in 8.7724 (sec).
 3-Body A236-ASP 24, A237-LYD 13, A239-LYD 23:       0.00019655 at      1.483 Ang (1.745 Ang by residue) in 8.3252 (sec).
 3-Body A236-ASP 24, A237-LYD 13, A239-LYS 29:       0.00070061 at      1.569 Ang (1.745 Ang by residue) in 8.9997 (sec).
 3-Body A236-ASP 24, A237-LYD 13, A239-LYD 28:       0.00018978 at      1.484 Ang (1.745 Ang by residue) in 9.1873 (sec).
 3-Body A236-ASP 24, A237-LYD 13, A239-LYS 31:       0.00030860 at      1.569 Ang (1.745 Ang by residue) in 9.0200 (sec).
 3-Body A236-ASP 24, A237-LYD 13, A239-LYS 30:       0.00636050 at      1.508 Ang (1.745 Ang by residue) in 8.9959 (sec).
 3-Body A236-ASP 24, A237-LYD 13, A239-LYS 33:       0.00032091 at      1.569 Ang (1.745 Ang by residue) in 9.1551 (sec).
 3-Body A236-ASP 24, A237-LYD 13, A239-LYS 32:       0.00055323 at      1.569 Ang (1.745 Ang by residue) in 9.2074 (sec).
 3-Body A236-ASP 24, A237-LYD 13, A239-LYS 38:       0.00030973 at      1.569 Ang (1.745 Ang by residue) in 9.0339 (sec).
 3-Body A236-ASP 24, A237-LYD 13, A239-LYS 37:       0.00033189 at      1.569 Ang (1.745 Ang by residue) in 9.0662 (sec).
 3-Body A236-ASP 24, A237-LYD 13, A239-LYS 40:       0.00028285 at      1.569 Ang (1.745 Ang by residue) in 9.3704 (sec).
 3-Body A236-ASP 24, A237-LYD 13, A239-LYS 39:       0.00039808 at      1.569 Ang (1.745 Ang by residue) in 9.0508 (sec).
 3-Body A236-ASP 24, A237-LYD 13, A239-LYS 42:       0.00062876 at      1.569 Ang (1.745 Ang by residue) in 9.5066 (sec).
 3-Body A236-ASP 24, A237-LYD 13, A239-LYS 41:       0.00030653 at      1.569 Ang (1.745 Ang by residue) in 9.0642 (sec).
 3-Body A236-ASP 24, A237-LYD 13, A239-LYS 46:       0.00043869 at      1.483 Ang (1.745 Ang by residue) in 8.7302 (sec).
 3-Body A236-ASP 24, A237-LYD 13, A239-LYS 43:       0.00128865 at      1.569 Ang (1.745 Ang by residue) in 8.8326 (sec).
 3-Body A236-ASP 24, A237-LYD 13, A239-LYS 48:       0.00153729 at      1.483 Ang (1.745 Ang by residue) in 8.8380 (sec).
 3-Body A236-ASP 24, A237-LYD 13, A239-LYS 47:       0.00775408 at      1.483 Ang (1.745 Ang by residue) in 8.7280 (sec).
 3-Body A236-ASP 24, A237-LYD 13, A239-LYS 50:       0.00069982 at      1.483 Ang (1.745 Ang by residue) in 8.9849 (sec).
 3-Body A236-ASP 24, A237-LYD 13, A239-LYS 49:       0.00458076 at      1.483 Ang (1.745 Ang by residue) in 8.9943 (sec).
 3-Body A236-ASP 24, A237-LYD 13, A239-LYS 52:       0.01075173 at      1.434 Ang (1.745 Ang by residue) in 8.7626 (sec).
 3-Body A236-ASP 24, A237-LYD 13, A239-LYS 51:       0.00336642 at      1.473 Ang (1.745 Ang by residue) in 8.8010 (sec).
 3-Body A236-ASP 24, A237-LYD 13, A239-LYS 55:       0.00314858 at      1.484 Ang (1.745 Ang by residue) in 8.6557 (sec).
 3-Body A236-ASP 24, A237-LYD 13, A239-LYS 53:       0.01743223 at      1.429 Ang (1.745 Ang by residue) in 8.5285 (sec).
 3-Body A236-ASP 24, A237-LYD 14, A239-LYD 1 :      -0.00057033 at      1.503 Ang (1.745 Ang by residue) in 8.3779 (sec).
 3-Body A236-ASP 24, A237-LYD 14, A239-LYS 0 :       0.00543200 at      1.503 Ang (1.745 Ang by residue) in 9.2193 (sec).
 3-Body A236-ASP 24, A237-LYD 14, A239-LYD 3 :       0.00025599 at      1.569 Ang (1.745 Ang by residue) in 8.7371 (sec).
 3-Body A236-ASP 24, A237-LYD 14, A239-LYD 2 :       0.00040158 at      1.569 Ang (1.745 Ang by residue) in 8.7847 (sec).
 3-Body A236-ASP 24, A237-LYD 14, A239-LYD 5 :       0.00031803 at      1.569 Ang (1.745 Ang by residue) in 8.6521 (sec).
 3-Body A236-ASP 24, A237-LYD 14, A239-LYD 4 :       0.00027239 at      1.569 Ang (1.745 Ang by residue) in 10.6333 (sec).
 3-Body A236-ASP 24, A237-LYD 14, A239-LYD 10:       0.00022284 at      1.569 Ang (1.745 Ang by residue) in 11.0401 (sec).
 3-Body A236-ASP 24, A237-LYD 14, A239-LYD 6 :       0.00026137 at      1.569 Ang (1.745 Ang by residue) in 10.7681 (sec).
 3-Body A236-ASP 24, A237-LYD 14, A239-LYD 12:       0.00023379 at      1.569 Ang (1.745 Ang by residue) in 10.6787 (sec).
 3-Body A236-ASP 24, A237-LYD 14, A239-LYD 11:       0.00024184 at      1.569 Ang (1.745 Ang by residue) in 11.7111 (sec).
 3-Body A236-ASP 24, A237-LYD 14, A239-LYD 14:       0.00025586 at      1.569 Ang (1.745 Ang by residue) in 11.0758 (sec).
 3-Body A236-ASP 24, A237-LYD 14, A239-LYD 13:       0.00023957 at      1.569 Ang (1.745 Ang by residue) in 10.7139 (sec).
 3-Body A236-ASP 24, A237-LYD 14, A239-LYD 16:       0.00054361 at      1.569 Ang (1.745 Ang by residue) in 11.0422 (sec).
 3-Body A236-ASP 24, A237-LYD 14, A239-LYD 15:       0.00034950 at      1.569 Ang (1.745 Ang by residue) in 11.0020 (sec).
 3-Body A236-ASP 24, A237-LYD 14, A239-LYD 20:      -0.00209227 at      1.483 Ang (1.745 Ang by residue) in 11.2283 (sec).
 3-Body A236-ASP 24, A237-LYD 14, A239-LYD 19:       0.00015706 at      1.483 Ang (1.745 Ang by residue) in 10.7316 (sec).
 3-Body A236-ASP 24, A237-LYD 14, A239-LYD 22:       0.00112548 at      1.483 Ang (1.745 Ang by residue) in 11.0710 (sec).
 3-Body A236-ASP 24, A237-LYD 14, A239-LYD 21:       0.00041987 at      1.483 Ang (1.745 Ang by residue) in 10.7628 (sec).
 3-Body A236-ASP 24, A237-LYD 14, A239-LYD 24:       0.00055636 at      1.473 Ang (1.745 Ang by residue) in 11.1101 (sec).
 3-Body A236-ASP 24, A237-LYD 14, A239-LYD 23:       0.00024198 at      1.483 Ang (1.745 Ang by residue) in 10.4000 (sec).
 3-Body A236-ASP 24, A237-LYD 14, A239-LYS 29:       0.00072498 at      1.569 Ang (1.745 Ang by residue) in 10.3808 (sec).
 3-Body A236-ASP 24, A237-LYD 14, A239-LYD 28:       0.00029640 at      1.484 Ang (1.745 Ang by residue) in 10.2897 (sec).
 3-Body A236-ASP 24, A237-LYD 14, A239-LYS 31:       0.00032699 at      1.569 Ang (1.745 Ang by residue) in 10.7749 (sec).
 3-Body A236-ASP 24, A237-LYD 14, A239-LYS 30:       0.00650812 at      1.508 Ang (1.745 Ang by residue) in 10.3136 (sec).
 3-Body A236-ASP 24, A237-LYD 14, A239-LYS 33:       0.00033998 at      1.569 Ang (1.745 Ang by residue) in 10.3830 (sec).
 3-Body A236-ASP 24, A237-LYD 14, A239-LYS 32:       0.00057496 at      1.569 Ang (1.745 Ang by residue) in 10.1668 (sec).
 3-Body A236-ASP 24, A237-LYD 14, A239-LYS 38:       0.00032692 at      1.569 Ang (1.745 Ang by residue) in 10.0441 (sec).
 3-Body A236-ASP 24, A237-LYD 14, A239-LYS 37:       0.00034944 at      1.569 Ang (1.745 Ang by residue) in 10.3052 (sec).
 3-Body A236-ASP 24, A237-LYD 14, A239-LYS 40:       0.00030025 at      1.569 Ang (1.745 Ang by residue) in 10.2571 (sec).
 3-Body A236-ASP 24, A237-LYD 14, A239-LYS 39:       0.00041789 at      1.569 Ang (1.745 Ang by residue) in 10.2745 (sec).
 3-Body A236-ASP 24, A237-LYD 14, A239-LYS 42:       0.00065141 at      1.569 Ang (1.745 Ang by residue) in 10.0884 (sec).
 3-Body A236-ASP 24, A237-LYD 14, A239-LYS 41:       0.00032421 at      1.569 Ang (1.745 Ang by residue) in 10.1267 (sec).
 3-Body A236-ASP 24, A237-LYD 14, A239-LYS 46:       0.00048639 at      1.483 Ang (1.745 Ang by residue) in 10.0555 (sec).
 3-Body A236-ASP 24, A237-LYD 14, A239-LYS 43:       0.00132040 at      1.569 Ang (1.745 Ang by residue) in 10.1179 (sec).
 3-Body A236-ASP 24, A237-LYD 14, A239-LYS 48:       0.00160248 at      1.483 Ang (1.745 Ang by residue) in 10.3834 (sec).
 3-Body A236-ASP 24, A237-LYD 14, A239-LYS 47:       0.00787368 at      1.483 Ang (1.745 Ang by residue) in 10.6720 (sec).
 3-Body A236-ASP 24, A237-LYD 14, A239-LYS 50:       0.00074937 at      1.483 Ang (1.745 Ang by residue) in 10.1962 (sec).
 3-Body A236-ASP 24, A237-LYD 14, A239-LYS 49:       0.00469916 at      1.483 Ang (1.745 Ang by residue) in 10.3918 (sec).
 3-Body A236-ASP 24, A237-LYD 14, A239-LYS 52:       0.01120176 at      1.434 Ang (1.745 Ang by residue) in 10.2704 (sec).
 3-Body A236-ASP 24, A237-LYD 14, A239-LYS 51:       0.00343710 at      1.473 Ang (1.745 Ang by residue) in 10.2314 (sec).
 3-Body A236-ASP 24, A237-LYD 14, A239-LYS 55:       0.00329253 at      1.484 Ang (1.745 Ang by residue) in 10.7077 (sec).
 3-Body A236-ASP 24, A237-LYD 14, A239-LYS 53:       0.01811917 at      1.429 Ang (1.745 Ang by residue) in 10.3397 (sec).
 3-Body A236-ASP 24, A237-LYD 16, A239-LYD 1 :      -0.00053777 at      1.503 Ang (1.745 Ang by residue) in 10.6628 (sec).
 3-Body A236-ASP 24, A237-LYD 16, A239-LYS 0 :       0.00579256 at      1.503 Ang (1.745 Ang by residue) in 10.5577 (sec).
 3-Body A236-ASP 24, A237-LYD 16, A239-LYD 3 :       0.00026803 at      1.569 Ang (1.745 Ang by residue) in 10.1869 (sec).
 3-Body A236-ASP 24, A237-LYD 16, A239-LYD 2 :       0.00041942 at      1.569 Ang (1.745 Ang by residue) in 10.8958 (sec).
 3-Body A236-ASP 24, A237-LYD 16, A239-LYD 5 :       0.00032999 at      1.569 Ang (1.745 Ang by residue) in 10.0313 (sec).
 3-Body A236-ASP 24, A237-LYD 16, A239-LYD 4 :       0.00028435 at      1.569 Ang (1.745 Ang by residue) in 9.7999 (sec).
 3-Body A236-ASP 24, A237-LYD 16, A239-LYD 10:       0.00023696 at      1.569 Ang (1.745 Ang by residue) in 9.9779 (sec).
 3-Body A236-ASP 24, A237-LYD 16, A239-LYD 6 :       0.00027381 at      1.569 Ang (1.745 Ang by residue) in 10.8614 (sec).
 3-Body A236-ASP 24, A237-LYD 16, A239-LYD 12:       0.00024882 at      1.569 Ang (1.745 Ang by residue) in 10.5860 (sec).
 3-Body A236-ASP 24, A237-LYD 16, A239-LYD 11:       0.00025629 at      1.569 Ang (1.745 Ang by residue) in 10.7264 (sec).
 3-Body A236-ASP 24, A237-LYD 16, A239-LYD 14:       0.00027103 at      1.569 Ang (1.745 Ang by residue) in 11.1016 (sec).
 3-Body A236-ASP 24, A237-LYD 16, A239-LYD 13:       0.00025373 at      1.569 Ang (1.745 Ang by residue) in 11.2140 (sec).
 3-Body A236-ASP 24, A237-LYD 16, A239-LYD 16:       0.00057360 at      1.569 Ang (1.745 Ang by residue) in 10.7016 (sec).
 3-Body A236-ASP 24, A237-LYD 16, A239-LYD 15:       0.00037080 at      1.569 Ang (1.745 Ang by residue) in 10.8070 (sec).
 3-Body A236-ASP 24, A237-LYD 16, A239-LYD 20:      -0.00201174 at      1.483 Ang (1.745 Ang by residue) in 10.3473 (sec).
 3-Body A236-ASP 24, A237-LYD 16, A239-LYD 19:       0.00021828 at      1.483 Ang (1.745 Ang by residue) in 10.1894 (sec).
 3-Body A236-ASP 24, A237-LYD 16, A239-LYD 22:       0.00128606 at      1.483 Ang (1.745 Ang by residue) in 10.8228 (sec).
 3-Body A236-ASP 24, A237-LYD 16, A239-LYD 21:       0.00051627 at      1.483 Ang (1.745 Ang by residue) in 10.4451 (sec).
 3-Body A236-ASP 24, A237-LYD 16, A239-LYD 24:       0.00062734 at      1.473 Ang (1.745 Ang by residue) in 9.7903 (sec).
 3-Body A236-ASP 24, A237-LYD 16, A239-LYD 23:       0.00030618 at      1.483 Ang (1.745 Ang by residue) in 8.6324 (sec).
 3-Body A236-ASP 24, A237-LYD 16, A239-LYS 29:       0.00075486 at      1.569 Ang (1.745 Ang by residue) in 8.9377 (sec).
 3-Body A236-ASP 24, A237-LYD 16, A239-LYD 28:       0.00044772 at      1.484 Ang (1.745 Ang by residue) in 8.7204 (sec).
 3-Body A236-ASP 24, A237-LYD 16, A239-LYS 31:       0.00034347 at      1.569 Ang (1.745 Ang by residue) in 8.3420 (sec).
 3-Body A236-ASP 24, A237-LYD 16, A239-LYS 30:       0.00689207 at      1.508 Ang (1.745 Ang by residue) in 8.9741 (sec).
 3-Body A236-ASP 24, A237-LYD 16, A239-LYS 33:       0.00036024 at      1.569 Ang (1.745 Ang by residue) in 8.6819 (sec).
 3-Body A236-ASP 24, A237-LYD 16, A239-LYS 32:       0.00058835 at      1.569 Ang (1.745 Ang by residue) in 8.4800 (sec).
 3-Body A236-ASP 24, A237-LYD 16, A239-LYS 38:       0.00034970 at      1.569 Ang (1.745 Ang by residue) in 8.7702 (sec).
 3-Body A236-ASP 24, A237-LYD 16, A239-LYS 37:       0.00037129 at      1.569 Ang (1.745 Ang by residue) in 8.7309 (sec).
 3-Body A236-ASP 24, A237-LYD 16, A239-LYS 40:       0.00032436 at      1.569 Ang (1.745 Ang by residue) in 8.0458 (sec).
 3-Body A236-ASP 24, A237-LYD 16, A239-LYS 39:       0.00044691 at      1.569 Ang (1.745 Ang by residue) in 8.2438 (sec).
 3-Body A236-ASP 24, A237-LYD 16, A239-LYS 42:       0.00069103 at      1.569 Ang (1.745 Ang by residue) in 8.1995 (sec).
 3-Body A236-ASP 24, A237-LYD 16, A239-LYS 41:       0.00034724 at      1.569 Ang (1.745 Ang by residue) in 8.2213 (sec).
 3-Body A236-ASP 24, A237-LYD 16, A239-LYS 46:       0.00056970 at      1.483 Ang (1.745 Ang by residue) in 8.3319 (sec).
 3-Body A236-ASP 24, A237-LYD 16, A239-LYS 43:       0.00138796 at      1.569 Ang (1.745 Ang by residue) in 8.6531 (sec).
 3-Body A236-ASP 24, A237-LYD 16, A239-LYS 48:       0.00175246 at      1.483 Ang (1.745 Ang by residue) in 8.1749 (sec).
 3-Body A236-ASP 24, A237-LYD 16, A239-LYS 47:       0.00824567 at      1.483 Ang (1.745 Ang by residue) in 8.6515 (sec).
 3-Body A236-ASP 24, A237-LYD 16, A239-LYS 50:       0.00083347 at      1.483 Ang (1.745 Ang by residue) in 8.7001 (sec).
 3-Body A236-ASP 24, A237-LYD 16, A239-LYS 49:       0.00502777 at      1.483 Ang (1.745 Ang by residue) in 8.6830 (sec).
 3-Body A236-ASP 24, A237-LYD 16, A239-LYS 52:       0.01207796 at      1.434 Ang (1.745 Ang by residue) in 8.4466 (sec).
 3-Body A236-ASP 24, A237-LYD 16, A239-LYS 51:       0.00357161 at      1.473 Ang (1.745 Ang by residue) in 9.3494 (sec).
 3-Body A236-ASP 24, A237-LYD 16, A239-LYS 55:       0.00354925 at      1.484 Ang (1.745 Ang by residue) in 10.8226 (sec).
 3-Body A236-ASP 24, A237-LYD 16, A239-LYS 53:       0.01946360 at      1.429 Ang (1.745 Ang by residue) in 10.7386 (sec).
 3-Body A236-ASP 24, A237-LYD 22, A239-LYD 1 :      -0.00126648 at      1.503 Ang (1.745 Ang by residue) in 11.1677 (sec).
 3-Body A236-ASP 24, A237-LYD 22, A239-LYS 0 :       0.00653889 at      1.503 Ang (1.745 Ang by residue) in 11.2657 (sec).
 3-Body A236-ASP 24, A237-LYD 22, A239-LYD 3 :       0.00026797 at      1.569 Ang (1.745 Ang by residue) in 10.3019 (sec).
 3-Body A236-ASP 24, A237-LYD 22, A239-LYD 2 :       0.00043309 at      1.569 Ang (1.745 Ang by residue) in 10.7027 (sec).
 3-Body A236-ASP 24, A237-LYD 22, A239-LYD 5 :       0.00033420 at      1.569 Ang (1.745 Ang by residue) in 10.5931 (sec).
 3-Body A236-ASP 24, A237-LYD 22, A239-LYD 4 :       0.00028743 at      1.569 Ang (1.745 Ang by residue) in 11.7394 (sec).
 3-Body A236-ASP 24, A237-LYD 22, A239-LYD 10:       0.00021700 at      1.569 Ang (1.745 Ang by residue) in 11.0721 (sec).
 3-Body A236-ASP 24, A237-LYD 22, A239-LYD 6 :       0.00027746 at      1.569 Ang (1.745 Ang by residue) in 10.7651 (sec).
 3-Body A236-ASP 24, A237-LYD 22, A239-LYD 12:       0.00023105 at      1.569 Ang (1.745 Ang by residue) in 10.0933 (sec).
 3-Body A236-ASP 24, A237-LYD 22, A239-LYD 11:       0.00024214 at      1.569 Ang (1.745 Ang by residue) in 10.5239 (sec).
 3-Body A236-ASP 24, A237-LYD 22, A239-LYD 14:       0.00025987 at      1.569 Ang (1.745 Ang by residue) in 10.0853 (sec).
 3-Body A236-ASP 24, A237-LYD 22, A239-LYD 13:       0.00024046 at      1.569 Ang (1.745 Ang by residue) in 10.3753 (sec).
 3-Body A236-ASP 24, A237-LYD 22, A239-LYD 16:       0.00061006 at      1.569 Ang (1.745 Ang by residue) in 10.5084 (sec).
 3-Body A236-ASP 24, A237-LYD 22, A239-LYD 15:       0.00036947 at      1.569 Ang (1.745 Ang by residue) in 10.4021 (sec).
 3-Body A236-ASP 24, A237-LYD 22, A239-LYD 20:      -0.00243323 at      1.483 Ang (1.745 Ang by residue) in 10.4817 (sec).
 3-Body A236-ASP 24, A237-LYD 22, A239-LYD 19:       0.00009865 at      1.483 Ang (1.745 Ang by residue) in 10.3727 (sec).
 3-Body A236-ASP 24, A237-LYD 22, A239-LYD 22:       0.00149573 at      1.483 Ang (1.745 Ang by residue) in 10.2644 (sec).
 3-Body A236-ASP 24, A237-LYD 22, A239-LYD 21:       0.00045990 at      1.483 Ang (1.745 Ang by residue) in 10.3487 (sec).
 3-Body A236-ASP 24, A237-LYD 22, A239-LYD 24:       0.00051347 at      1.473 Ang (1.745 Ang by residue) in 9.9949 (sec).
 3-Body A236-ASP 24, A237-LYD 22, A239-LYD 23:       0.00019402 at      1.483 Ang (1.745 Ang by residue) in 10.0600 (sec).
 3-Body A236-ASP 24, A237-LYD 22, A239-LYS 29:       0.00081709 at      1.569 Ang (1.745 Ang by residue) in 10.3257 (sec).
 3-Body A236-ASP 24, A237-LYD 22, A239-LYD 28:      -0.00006730 at      1.484 Ang (1.745 Ang by residue) in 9.2521 (sec).
 3-Body A236-ASP 24, A237-LYD 22, A239-LYS 31:       0.00035262 at      1.569 Ang (1.745 Ang by residue) in 9.7504 (sec).
 3-Body A236-ASP 24, A237-LYD 22, A239-LYS 30:       0.00819456 at      1.508 Ang (1.745 Ang by residue) in 10.1367 (sec).
 3-Body A236-ASP 24, A237-LYD 22, A239-LYS 33:       0.00038097 at      1.569 Ang (1.745 Ang by residue) in 10.3046 (sec).
 3-Body A236-ASP 24, A237-LYD 22, A239-LYS 32:       0.00058064 at      1.569 Ang (1.745 Ang by residue) in 10.3832 (sec).
 3-Body A236-ASP 24, A237-LYD 22, A239-LYS 38:       0.00035835 at      1.569 Ang (1.745 Ang by residue) in 9.8003 (sec).
 3-Body A236-ASP 24, A237-LYD 22, A239-LYS 37:       0.00038742 at      1.569 Ang (1.745 Ang by residue) in 9.7807 (sec).
 3-Body A236-ASP 24, A237-LYD 22, A239-LYS 40:       0.00032608 at      1.569 Ang (1.745 Ang by residue) in 9.8775 (sec).
 3-Body A236-ASP 24, A237-LYD 22, A239-LYS 39:       0.00047081 at      1.569 Ang (1.745 Ang by residue) in 9.0351 (sec).
 3-Body A236-ASP 24, A237-LYD 22, A239-LYS 42:       0.00076134 at      1.569 Ang (1.745 Ang by residue) in 9.0191 (sec).
 3-Body A236-ASP 24, A237-LYD 22, A239-LYS 41:       0.00035724 at      1.569 Ang (1.745 Ang by residue) in 8.7865 (sec).
 3-Body A236-ASP 24, A237-LYD 22, A239-LYS 46:       0.00054208 at      1.483 Ang (1.745 Ang by residue) in 8.7308 (sec).
 3-Body A236-ASP 24, A237-LYD 22, A239-LYS 43:       0.00161699 at      1.569 Ang (1.745 Ang by residue) in 8.8643 (sec).
 3-Body A236-ASP 24, A237-LYD 22, A239-LYS 48:       0.00200164 at      1.483 Ang (1.745 Ang by residue) in 8.5079 (sec).
 3-Body A236-ASP 24, A237-LYD 22, A239-LYS 47:       0.00971097 at      1.483 Ang (1.745 Ang by residue) in 8.3988 (sec).
 3-Body A236-ASP 24, A237-LYD 22, A239-LYS 50:       0.00082800 at      1.483 Ang (1.745 Ang by residue) in 9.0817 (sec).
 3-Body A236-ASP 24, A237-LYD 22, A239-LYS 49:       0.00613461 at      1.483 Ang (1.745 Ang by residue) in 8.8906 (sec).
 3-Body A236-ASP 24, A237-LYD 22, A239-LYS 52:       0.01283243 at      1.434 Ang (1.745 Ang by residue) in 10.7221 (sec).
 3-Body A236-ASP 24, A237-LYD 22, A239-LYS 51:       0.00392856 at      1.473 Ang (1.745 Ang by residue) in 11.1687 (sec).
 3-Body A236-ASP 24, A237-LYD 22, A239-LYS 55:       0.00353688 at      1.484 Ang (1.745 Ang by residue) in 10.4592 (sec).
 3-Body A236-ASP 24, A237-LYD 22, A239-LYS 53:       0.02077048 at      1.429 Ang (1.745 Ang by residue) in 9.7181 (sec).
 3-Body A236-ASP 24, A237-LYD 25, A239-LYD 1 :      -0.00228651 at      1.503 Ang (1.745 Ang by residue) in 10.6158 (sec).
 3-Body A236-ASP 24, A237-LYD 25, A239-LYS 0 :       0.00799467 at      1.503 Ang (1.745 Ang by residue) in 10.4974 (sec).
 3-Body A236-ASP 24, A237-LYD 25, A239-LYD 3 :       0.00023669 at      1.569 Ang (1.745 Ang by residue) in 10.4231 (sec).
 3-Body A236-ASP 24, A237-LYD 25, A239-LYD 2 :       0.00041551 at      1.569 Ang (1.745 Ang by residue) in 11.8791 (sec).
 3-Body A236-ASP 24, A237-LYD 25, A239-LYD 5 :       0.00030878 at      1.569 Ang (1.745 Ang by residue) in 9.8866 (sec).
 3-Body A236-ASP 24, A237-LYD 25, A239-LYD 4 :       0.00025880 at      1.569 Ang (1.745 Ang by residue) in 11.1329 (sec).
 3-Body A236-ASP 24, A237-LYD 25, A239-LYD 10:       0.00016794 at      1.569 Ang (1.745 Ang by residue) in 10.5008 (sec).
 3-Body A236-ASP 24, A237-LYD 25, A239-LYD 6 :       0.00024595 at      1.569 Ang (1.745 Ang by residue) in 10.8080 (sec).
 3-Body A236-ASP 24, A237-LYD 25, A239-LYD 12:       0.00018434 at      1.569 Ang (1.745 Ang by residue) in 10.6452 (sec).
 3-Body A236-ASP 24, A237-LYD 25, A239-LYD 11:       0.00019765 at      1.569 Ang (1.745 Ang by residue) in 10.5575 (sec).
 3-Body A236-ASP 24, A237-LYD 25, A239-LYD 14:       0.00022028 at      1.569 Ang (1.745 Ang by residue) in 11.4401 (sec).
 3-Body A236-ASP 24, A237-LYD 25, A239-LYD 13:       0.00019702 at      1.569 Ang (1.745 Ang by residue) in 11.4313 (sec).
 3-Body A236-ASP 24, A237-LYD 25, A239-LYD 16:       0.00061374 at      1.569 Ang (1.745 Ang by residue) in 11.3960 (sec).
 3-Body A236-ASP 24, A237-LYD 25, A239-LYD 15:       0.00033504 at      1.569 Ang (1.745 Ang by residue) in 11.1119 (sec).
 3-Body A236-ASP 24, A237-LYD 25, A239-LYD 20:      -0.00319129 at      1.483 Ang (1.745 Ang by residue) in 10.4243 (sec).
 3-Body A236-ASP 24, A237-LYD 25, A239-LYD 19:      -0.00013632 at      1.483 Ang (1.745 Ang by residue) in 11.1327 (sec).
 3-Body A236-ASP 24, A237-LYD 25, A239-LYD 22:       0.00144551 at      1.483 Ang (1.745 Ang by residue) in 9.1705 (sec).
 3-Body A236-ASP 24, A237-LYD 25, A239-LYD 21:       0.00024406 at      1.483 Ang (1.745 Ang by residue) in 9.3816 (sec).
 3-Body A236-ASP 24, A237-LYD 25, A239-LYD 24:       0.00029757 at      1.473 Ang (1.745 Ang by residue) in 9.0002 (sec).
 3-Body A236-ASP 24, A237-LYD 25, A239-LYD 23:      -0.00002928 at      1.483 Ang (1.745 Ang by residue) in 9.1988 (sec).
 3-Body A236-ASP 24, A237-LYD 25, A239-LYS 29:       0.00086739 at      1.569 Ang (1.745 Ang by residue) in 8.7792 (sec).
 3-Body A236-ASP 24, A237-LYD 25, A239-LYD 28:      -0.00066950 at      1.484 Ang (1.745 Ang by residue) in 8.9526 (sec).
 3-Body A236-ASP 24, A237-LYD 25, A239-LYS 31:       0.00033655 at      1.569 Ang (1.745 Ang by residue) in 9.2034 (sec).
 3-Body A236-ASP 24, A237-LYD 25, A239-LYS 30:       0.00959064 at      1.508 Ang (1.745 Ang by residue) in 9.3382 (sec).
 3-Body A236-ASP 24, A237-LYD 25, A239-LYS 33:       0.00037072 at      1.569 Ang (1.745 Ang by residue) in 9.2441 (sec).
 3-Body A236-ASP 24, A237-LYD 25, A239-LYS 32:       0.00058913 at      1.569 Ang (1.745 Ang by residue) in 8.8696 (sec).
 3-Body A236-ASP 24, A237-LYD 25, A239-LYS 38:       0.00033944 at      1.569 Ang (1.745 Ang by residue) in 8.6390 (sec).
 3-Body A236-ASP 24, A237-LYD 25, A239-LYS 37:       0.00037228 at      1.569 Ang (1.745 Ang by residue) in 9.2244 (sec).
 3-Body A236-ASP 24, A237-LYD 25, A239-LYS 40:       0.00030489 at      1.569 Ang (1.745 Ang by residue) in 8.7661 (sec).
 3-Body A236-ASP 24, A237-LYD 25, A239-LYS 39:       0.00047748 at      1.569 Ang (1.745 Ang by residue) in 9.8942 (sec).
 3-Body A236-ASP 24, A237-LYD 25, A239-LYS 42:       0.00080698 at      1.569 Ang (1.745 Ang by residue) in 11.1275 (sec).
 3-Body A236-ASP 24, A237-LYD 25, A239-LYS 41:       0.00034070 at      1.569 Ang (1.745 Ang by residue) in 11.2625 (sec).
 3-Body A236-ASP 24, A237-LYD 25, A239-LYS 46:       0.00040734 at      1.483 Ang (1.745 Ang by residue) in 11.2910 (sec).
 3-Body A236-ASP 24, A237-LYD 25, A239-LYS 43:       0.00185084 at      1.569 Ang (1.745 Ang by residue) in 10.7650 (sec).
 3-Body A236-ASP 24, A237-LYD 25, A239-LYS 48:       0.00211800 at      1.483 Ang (1.745 Ang by residue) in 10.6949 (sec).
 3-Body A236-ASP 24, A237-LYD 25, A239-LYS 47:       0.01107596 at      1.483 Ang (1.745 Ang by residue) in 10.8269 (sec).
 3-Body A236-ASP 24, A237-LYD 25, A239-LYS 50:       0.00072666 at      1.483 Ang (1.745 Ang by residue) in 11.2702 (sec).
 3-Body A236-ASP 24, A237-LYD 25, A239-LYS 49:       0.00720018 at      1.483 Ang (1.745 Ang by residue) in 11.4053 (sec).
 3-Body A236-ASP 24, A237-LYD 25, A239-LYS 52:       0.01359953 at      1.434 Ang (1.745 Ang by residue) in 10.6376 (sec).
 3-Body A236-ASP 24, A237-LYD 25, A239-LYS 51:       0.00434617 at      1.473 Ang (1.745 Ang by residue) in 10.6557 (sec).
 3-Body A236-ASP 24, A237-LYD 25, A239-LYS 55:       0.00371220 at      1.484 Ang (1.745 Ang by residue) in 11.0956 (sec).
 3-Body A236-ASP 24, A237-LYD 25, A239-LYS 53:       0.02351845 at      1.429 Ang (1.745 Ang by residue) in 10.6492 (sec).
 3-Body A236-ASP 24, A237-LYD 26, A239-LYD 1 :      -0.00208264 at      1.503 Ang (1.745 Ang by residue) in 11.1876 (sec).
 3-Body A236-ASP 24, A237-LYD 26, A239-LYS 0 :       0.00895986 at      1.503 Ang (1.745 Ang by residue) in 10.6921 (sec).
 3-Body A236-ASP 24, A237-LYD 26, A239-LYD 3 :       0.00027537 at      1.569 Ang (1.745 Ang by residue) in 11.0974 (sec).
 3-Body A236-ASP 24, A237-LYD 26, A239-LYD 2 :       0.00046675 at      1.569 Ang (1.745 Ang by residue) in 10.7111 (sec).
 3-Body A236-ASP 24, A237-LYD 26, A239-LYD 5 :       0.00034916 at      1.569 Ang (1.745 Ang by residue) in 11.3369 (sec).
 3-Body A236-ASP 24, A237-LYD 26, A239-LYD 4 :       0.00029766 at      1.569 Ang (1.745 Ang by residue) in 10.6565 (sec).
 3-Body A236-ASP 24, A237-LYD 26, A239-LYD 10:       0.00020570 at      1.569 Ang (1.745 Ang by residue) in 10.8950 (sec).
 3-Body A236-ASP 24, A237-LYD 26, A239-LYD 6 :       0.00028491 at      1.569 Ang (1.745 Ang by residue) in 10.3479 (sec).
 3-Body A236-ASP 24, A237-LYD 26, A239-LYD 12:       0.00022446 at      1.569 Ang (1.745 Ang by residue) in 10.1093 (sec).
 3-Body A236-ASP 24, A237-LYD 26, A239-LYD 11:       0.00023641 at      1.569 Ang (1.745 Ang by residue) in 10.7650 (sec).
 3-Body A236-ASP 24, A237-LYD 26, A239-LYD 14:       0.00026022 at      1.569 Ang (1.745 Ang by residue) in 10.9102 (sec).
 3-Body A236-ASP 24, A237-LYD 26, A239-LYD 13:       0.00023530 at      1.569 Ang (1.745 Ang by residue) in 9.1517 (sec).
 3-Body A236-ASP 24, A237-LYD 26, A239-LYD 16:       0.00068685 at      1.569 Ang (1.745 Ang by residue) in 9.7348 (sec).
 3-Body A236-ASP 24, A237-LYD 26, A239-LYD 15:       0.00038973 at      1.569 Ang (1.745 Ang by residue) in 9.1488 (sec).
 3-Body A236-ASP 24, A237-LYD 26, A239-LYD 20:      -0.00299445 at      1.483 Ang (1.745 Ang by residue) in 9.7561 (sec).
 3-Body A236-ASP 24, A237-LYD 26, A239-LYD 19:      -0.00001229 at      1.483 Ang (1.745 Ang by residue) in 11.7600 (sec).
 3-Body A236-ASP 24, A237-LYD 26, A239-LYD 22:       0.00177441 at      1.483 Ang (1.745 Ang by residue) in 10.9151 (sec).
 3-Body A236-ASP 24, A237-LYD 26, A239-LYD 21:       0.00043559 at      1.483 Ang (1.745 Ang by residue) in 10.6476 (sec).
 3-Body A236-ASP 24, A237-LYD 26, A239-LYD 24:       0.00044102 at      1.473 Ang (1.745 Ang by residue) in 11.2807 (sec).
 3-Body A236-ASP 24, A237-LYD 26, A239-LYD 23:       0.00009905 at      1.483 Ang (1.745 Ang by residue) in 10.0649 (sec).
 3-Body A236-ASP 24, A237-LYD 26, A239-LYS 29:       0.00094034 at      1.569 Ang (1.745 Ang by residue) in 10.9368 (sec).
 3-Body A236-ASP 24, A237-LYD 26, A239-LYD 28:      -0.00034107 at      1.484 Ang (1.745 Ang by residue) in 10.7139 (sec).
 3-Body A236-ASP 24, A237-LYD 26, A239-LYS 31:       0.00038760 at      1.569 Ang (1.745 Ang by residue) in 10.4390 (sec).
 3-Body A236-ASP 24, A237-LYD 26, A239-LYS 30:       0.01031150 at      1.508 Ang (1.745 Ang by residue) in 11.0061 (sec).
 3-Body A236-ASP 24, A237-LYD 26, A239-LYS 33:       0.00042740 at      1.569 Ang (1.745 Ang by residue) in 11.1588 (sec).
 3-Body A236-ASP 24, A237-LYD 26, A239-LYS 32:       0.00064201 at      1.569 Ang (1.745 Ang by residue) in 11.0674 (sec).
 3-Body A236-ASP 24, A237-LYD 26, A239-LYS 38:       0.00039669 at      1.569 Ang (1.745 Ang by residue) in 10.9360 (sec).
 3-Body A236-ASP 24, A237-LYD 26, A239-LYS 37:       0.00042850 at      1.569 Ang (1.745 Ang by residue) in 10.7351 (sec).
 3-Body A236-ASP 24, A237-LYD 26, A239-LYS 40:       0.00036556 at      1.569 Ang (1.745 Ang by residue) in 10.9036 (sec).
 3-Body A236-ASP 24, A237-LYD 26, A239-LYS 39:       0.00054912 at      1.569 Ang (1.745 Ang by residue) in 10.4162 (sec).
 3-Body A236-ASP 24, A237-LYD 26, A239-LYS 42:       0.00089456 at      1.569 Ang (1.745 Ang by residue) in 10.4155 (sec).
 3-Body A236-ASP 24, A237-LYD 26, A239-LYS 41:       0.00039988 at      1.569 Ang (1.745 Ang by residue) in 10.7629 (sec).
 3-Body A236-ASP 24, A237-LYD 26, A239-LYS 46:       0.00056940 at      1.483 Ang (1.745 Ang by residue) in 10.7218 (sec).
 3-Body A236-ASP 24, A237-LYD 26, A239-LYS 43:       0.00199296 at      1.569 Ang (1.745 Ang by residue) in 11.1678 (sec).
 3-Body A236-ASP 24, A237-LYD 26, A239-LYS 48:       0.00238783 at      1.483 Ang (1.745 Ang by residue) in 11.2989 (sec).
 3-Body A236-ASP 24, A237-LYD 26, A239-LYS 47:       0.01164377 at      1.483 Ang (1.745 Ang by residue) in 11.2294 (sec).
 3-Body A236-ASP 24, A237-LYD 26, A239-LYS 50:       0.00088519 at      1.483 Ang (1.745 Ang by residue) in 10.6268 (sec).
 3-Body A236-ASP 24, A237-LYD 26, A239-LYS 49:       0.00782467 at      1.483 Ang (1.745 Ang by residue) in 10.6935 (sec).
 3-Body A236-ASP 24, A237-LYD 26, A239-LYS 52:       0.01539621 at      1.434 Ang (1.745 Ang by residue) in 11.1117 (sec).
 3-Body A236-ASP 24, A237-LYD 26, A239-LYS 51:       0.00457155 at      1.473 Ang (1.745 Ang by residue) in 10.5875 (sec).
 3-Body A236-ASP 24, A237-LYD 26, A239-LYS 55:       0.00424705 at      1.484 Ang (1.745 Ang by residue) in 10.6770 (sec).
 3-Body A236-ASP 24, A237-LYD 26, A239-LYS 53:       0.02684131 at      1.429 Ang (1.745 Ang by residue) in 11.1802 (sec).
 3-Body A236-ASP 24, A237-LYD 27, A239-LYD 1 :      -0.00464352 at      1.503 Ang (1.745 Ang by residue) in 10.6716 (sec).
 3-Body A236-ASP 24, A237-LYD 27, A239-LYS 0 :       0.00723098 at      1.503 Ang (1.745 Ang by residue) in 11.3845 (sec).
 3-Body A236-ASP 24, A237-LYD 27, A239-LYD 3 :       0.00013528 at      1.569 Ang (1.745 Ang by residue) in 11.6200 (sec).
 3-Body A236-ASP 24, A237-LYD 27, A239-LYD 2 :       0.00029095 at      1.569 Ang (1.745 Ang by residue) in 11.0564 (sec).
 3-Body A236-ASP 24, A237-LYD 27, A239-LYD 5 :       0.00020291 at      1.569 Ang (1.745 Ang by residue) in 11.3887 (sec).
 3-Body A236-ASP 24, A237-LYD 27, A239-LYD 4 :       0.00015685 at      1.569 Ang (1.745 Ang by residue) in 11.0755 (sec).
 3-Body A236-ASP 24, A237-LYD 27, A239-LYD 10:       0.00003849 at      1.569 Ang (1.745 Ang by residue) in 9.6463 (sec).
 3-Body A236-ASP 24, A237-LYD 27, A239-LYD 6 :       0.00013553 at      1.569 Ang (1.745 Ang by residue) in 8.9022 (sec).
 3-Body A236-ASP 24, A237-LYD 27, A239-LYD 12:       0.00005190 at      1.569 Ang (1.745 Ang by residue) in 9.2634 (sec).
 3-Body A236-ASP 24, A237-LYD 27, A239-LYD 11:       0.00006775 at      1.569 Ang (1.745 Ang by residue) in 8.9963 (sec).
 3-Body A236-ASP 24, A237-LYD 27, A239-LYD 14:       0.00009041 at      1.569 Ang (1.745 Ang by residue) in 9.1225 (sec).
 3-Body A236-ASP 24, A237-LYD 27, A239-LYD 13:       0.00006491 at      1.569 Ang (1.745 Ang by residue) in 8.6166 (sec).
 3-Body A236-ASP 24, A237-LYD 27, A239-LYD 16:       0.00043372 at      1.569 Ang (1.745 Ang by residue) in 10.7409 (sec).
 3-Body A236-ASP 24, A237-LYD 27, A239-LYD 15:       0.00016353 at      1.569 Ang (1.745 Ang by residue) in 10.4893 (sec).
 3-Body A236-ASP 24, A237-LYD 27, A239-LYD 20:      -0.00461383 at      1.483 Ang (1.745 Ang by residue) in 10.7993 (sec).
 3-Body A236-ASP 24, A237-LYD 27, A239-LYD 19:      -0.00069968 at      1.483 Ang (1.745 Ang by residue) in 10.4383 (sec).
 3-Body A236-ASP 24, A237-LYD 27, A239-LYD 22:       0.00036277 at      1.483 Ang (1.745 Ang by residue) in 10.8694 (sec).
 3-Body A236-ASP 24, A237-LYD 27, A239-LYD 21:      -0.00051503 at      1.483 Ang (1.745 Ang by residue) in 11.1690 (sec).
 3-Body A236-ASP 24, A237-LYD 27, A239-LYD 24:      -0.00030424 at      1.473 Ang (1.745 Ang by residue) in 10.8944 (sec).
 3-Body A236-ASP 24, A237-LYD 27, A239-LYD 23:      -0.00057031 at      1.483 Ang (1.745 Ang by residue) in 10.7952 (sec).
 3-Body A236-ASP 24, A237-LYD 27, A239-LYS 29:       0.00077778 at      1.569 Ang (1.745 Ang by residue) in 10.7141 (sec).
 3-Body A236-ASP 24, A237-LYD 27, A239-LYD 28:      -0.00213249 at      1.484 Ang (1.745 Ang by residue) in 11.0717 (sec).
 3-Body A236-ASP 24, A237-LYD 27, A239-LYS 31:       0.00023138 at      1.569 Ang (1.745 Ang by residue) in 10.7683 (sec).
 3-Body A236-ASP 24, A237-LYD 27, A239-LYS 30:       0.00973874 at      1.508 Ang (1.745 Ang by residue) in 11.3552 (sec).
 3-Body A236-ASP 24, A237-LYD 27, A239-LYS 33:       0.00025368 at      1.569 Ang (1.745 Ang by residue) in 11.3625 (sec).
 3-Body A236-ASP 24, A237-LYD 27, A239-LYS 32:       0.00049265 at      1.569 Ang (1.745 Ang by residue) in 10.7285 (sec).
 3-Body A236-ASP 24, A237-LYD 27, A239-LYS 38:       0.00020164 at      1.569 Ang (1.745 Ang by residue) in 10.8153 (sec).
 3-Body A236-ASP 24, A237-LYD 27, A239-LYS 37:       0.00022744 at      1.569 Ang (1.745 Ang by residue) in 9.4962 (sec).
 3-Body A236-ASP 24, A237-LYD 27, A239-LYS 40:       0.00015474 at      1.569 Ang (1.745 Ang by residue) in 8.8015 (sec).
 3-Body A236-ASP 24, A237-LYD 27, A239-LYS 39:       0.00031818 at      1.569 Ang (1.745 Ang by residue) in 9.6241 (sec).
 3-Body A236-ASP 24, A237-LYD 27, A239-LYS 42:       0.00066538 at      1.569 Ang (1.745 Ang by residue) in 10.6170 (sec).
 3-Body A236-ASP 24, A237-LYD 27, A239-LYS 41:       0.00018617 at      1.569 Ang (1.745 Ang by residue) in 10.2827 (sec).
 3-Body A236-ASP 24, A237-LYD 27, A239-LYS 46:      -0.00011063 at      1.483 Ang (1.745 Ang by residue) in 10.2214 (sec).
 3-Body A236-ASP 24, A237-LYD 27, A239-LYS 43:       0.00179156 at      1.569 Ang (1.745 Ang by residue) in 10.6557 (sec).
 3-Body A236-ASP 24, A237-LYD 27, A239-LYS 48:       0.00164276 at      1.483 Ang (1.745 Ang by residue) in 10.8922 (sec).
 3-Body A236-ASP 24, A237-LYD 27, A239-LYS 47:       0.01155291 at      1.483 Ang (1.745 Ang by residue) in 8.4151 (sec).
 3-Body A236-ASP 24, A237-LYD 27, A239-LYS 50:       0.00025439 at      1.483 Ang (1.745 Ang by residue) in 8.8236 (sec).
 3-Body A236-ASP 24, A237-LYD 27, A239-LYS 49:       0.00708520 at      1.483 Ang (1.745 Ang by residue) in 8.8987 (sec).
 3-Body A236-ASP 24, A237-LYD 27, A239-LYS 52:       0.00974727 at      1.434 Ang (1.745 Ang by residue) in 8.7933 (sec).
 3-Body A236-ASP 24, A237-LYD 27, A239-LYS 51:       0.00416270 at      1.473 Ang (1.745 Ang by residue) in 8.6207 (sec).
 3-Body A236-ASP 24, A237-LYD 27, A239-LYS 55:       0.00272680 at      1.484 Ang (1.745 Ang by residue) in 8.6339 (sec).
 3-Body A236-ASP 24, A237-LYD 27, A239-LYS 53:       0.01627374 at      1.429 Ang (1.745 Ang by residue) in 8.8531 (sec).
 3-Body A236-ASP 24, A237-LYD 28, A239-LYD 1 :      -0.00235972 at      1.503 Ang (1.745 Ang by residue) in 9.4064 (sec).
 3-Body A236-ASP 24, A237-LYD 28, A239-LYS 0 :       0.00701246 at      1.503 Ang (1.745 Ang by residue) in 8.7947 (sec).
 3-Body A236-ASP 24, A237-LYD 28, A239-LYD 3 :       0.00020553 at      1.569 Ang (1.745 Ang by residue) in 9.0322 (sec).
 3-Body A236-ASP 24, A237-LYD 28, A239-LYD 2 :       0.00037411 at      1.569 Ang (1.745 Ang by residue) in 9.1431 (sec).
 3-Body A236-ASP 24, A237-LYD 28, A239-LYD 5 :       0.00027290 at      1.569 Ang (1.745 Ang by residue) in 9.0076 (sec).
 3-Body A236-ASP 24, A237-LYD 28, A239-LYD 4 :       0.00022683 at      1.569 Ang (1.745 Ang by residue) in 8.8791 (sec).
 3-Body A236-ASP 24, A237-LYD 28, A239-LYD 10:       0.00013939 at      1.569 Ang (1.745 Ang by residue) in 8.5721 (sec).
 3-Body A236-ASP 24, A237-LYD 28, A239-LYD 6 :       0.00021272 at      1.569 Ang (1.745 Ang by residue) in 8.7753 (sec).
 3-Body A236-ASP 24, A237-LYD 28, A239-LYD 12:       0.00015345 at      1.569 Ang (1.745 Ang by residue) in 8.6601 (sec).
 3-Body A236-ASP 24, A237-LYD 28, A239-LYD 11:       0.00016775 at      1.569 Ang (1.745 Ang by residue) in 8.6771 (sec).
 3-Body A236-ASP 24, A237-LYD 28, A239-LYD 14:       0.00018903 at      1.569 Ang (1.745 Ang by residue) in 8.8881 (sec).
 3-Body A236-ASP 24, A237-LYD 28, A239-LYD 13:       0.00016582 at      1.569 Ang (1.745 Ang by residue) in 9.5171 (sec).
 3-Body A236-ASP 24, A237-LYD 28, A239-LYD 16:       0.00055212 at      1.569 Ang (1.745 Ang by residue) in 9.2522 (sec).
 3-Body A236-ASP 24, A237-LYD 28, A239-LYD 15:       0.00029047 at      1.569 Ang (1.745 Ang by residue) in 8.7141 (sec).
 3-Body A236-ASP 24, A237-LYD 28, A239-LYD 20:      -0.00335333 at      1.483 Ang (1.745 Ang by residue) in 9.0505 (sec).
 3-Body A236-ASP 24, A237-LYD 28, A239-LYD 19:      -0.00022786 at      1.483 Ang (1.745 Ang by residue) in 8.7177 (sec).
 3-Body A236-ASP 24, A237-LYD 28, A239-LYD 22:       0.00114380 at      1.483 Ang (1.745 Ang by residue) in 9.4173 (sec).
 3-Body A236-ASP 24, A237-LYD 28, A239-LYD 21:       0.00008740 at      1.483 Ang (1.745 Ang by residue) in 9.2507 (sec).
 3-Body A236-ASP 24, A237-LYD 28, A239-LYD 24:       0.00018697 at      1.473 Ang (1.745 Ang by residue) in 9.2346 (sec).
 3-Body A236-ASP 24, A237-LYD 28, A239-LYD 23:      -0.00011933 at      1.483 Ang (1.745 Ang by residue) in 9.2720 (sec).
 3-Body A236-ASP 24, A237-LYD 28, A239-LYS 29:       0.00083232 at      1.569 Ang (1.745 Ang by residue) in 8.9248 (sec).
 3-Body A236-ASP 24, A237-LYD 28, A239-LYD 28:      -0.00092234 at      1.484 Ang (1.745 Ang by residue) in 8.7789 (sec).
 3-Body A236-ASP 24, A237-LYD 28, A239-LYS 31:       0.00030936 at      1.569 Ang (1.745 Ang by residue) in 8.6743 (sec).
 3-Body A236-ASP 24, A237-LYD 28, A239-LYS 30:       0.00884882 at      1.508 Ang (1.745 Ang by residue) in 8.7544 (sec).
 3-Body A236-ASP 24, A237-LYD 28, A239-LYS 33:       0.00033955 at      1.569 Ang (1.745 Ang by residue) in 8.7773 (sec).
 3-Body A236-ASP 24, A237-LYD 28, A239-LYS 32:       0.00056188 at      1.569 Ang (1.745 Ang by residue) in 8.9953 (sec).
 3-Body A236-ASP 24, A237-LYD 28, A239-LYS 38:       0.00030901 at      1.569 Ang (1.745 Ang by residue) in 8.6304 (sec).
 3-Body A236-ASP 24, A237-LYD 28, A239-LYS 37:       0.00033840 at      1.569 Ang (1.745 Ang by residue) in 8.9526 (sec).
 3-Body A236-ASP 24, A237-LYD 28, A239-LYS 40:       0.00027072 at      1.569 Ang (1.745 Ang by residue) in 8.8957 (sec).
 3-Body A236-ASP 24, A237-LYD 28, A239-LYS 39:       0.00043238 at      1.569 Ang (1.745 Ang by residue) in 8.9744 (sec).
 3-Body A236-ASP 24, A237-LYD 28, A239-LYS 42:       0.00075648 at      1.569 Ang (1.745 Ang by residue) in 8.8512 (sec).
 3-Body A236-ASP 24, A237-LYD 28, A239-LYS 41:       0.00030364 at      1.569 Ang (1.745 Ang by residue) in 9.2677 (sec).
 3-Body A236-ASP 24, A237-LYD 28, A239-LYS 46:       0.00030522 at      1.483 Ang (1.745 Ang by residue) in 9.4654 (sec).
 3-Body A236-ASP 24, A237-LYD 28, A239-LYS 43:       0.00173755 at      1.569 Ang (1.745 Ang by residue) in 9.2698 (sec).
 3-Body A236-ASP 24, A237-LYD 28, A239-LYS 48:       0.00192050 at      1.483 Ang (1.745 Ang by residue) in 8.6059 (sec).
 3-Body A236-ASP 24, A237-LYD 28, A239-LYS 47:       0.01068073 at      1.483 Ang (1.745 Ang by residue) in 9.1683 (sec).
 3-Body A236-ASP 24, A237-LYD 28, A239-LYS 50:       0.00063942 at      1.483 Ang (1.745 Ang by residue) in 8.9809 (sec).
 3-Body A236-ASP 24, A237-LYD 28, A239-LYS 49:       0.00656332 at      1.483 Ang (1.745 Ang by residue) in 9.1477 (sec).
 3-Body A236-ASP 24, A237-LYD 28, A239-LYS 52:       0.01196237 at      1.434 Ang (1.745 Ang by residue) in 8.9930 (sec).
 3-Body A236-ASP 24, A237-LYD 28, A239-LYS 51:       0.00423661 at      1.473 Ang (1.745 Ang by residue) in 8.7999 (sec).
 3-Body A236-ASP 24, A237-LYD 28, A239-LYS 55:       0.00326595 at      1.484 Ang (1.745 Ang by residue) in 8.4174 (sec).
 3-Body A236-ASP 24, A237-LYD 28, A239-LYS 53:       0.02008446 at      1.429 Ang (1.745 Ang by residue) in 8.7308 (sec).
 3-Body A236-ASP 24, A237-LYS 30, A239-LYD 1 :       0.00016311 at      1.503 Ang (1.745 Ang by residue) in 9.0672 (sec).
 3-Body A236-ASP 24, A237-LYS 30, A239-LYS 0 :       0.00968501 at      1.503 Ang (1.745 Ang by residue) in 9.3461 (sec).
 3-Body A236-ASP 24, A237-LYS 30, A239-LYD 3 :       0.00046801 at      1.569 Ang (1.745 Ang by residue) in 9.1153 (sec).
 3-Body A236-ASP 24, A237-LYS 30, A239-LYD 2 :       0.00067748 at      1.569 Ang (1.745 Ang by residue) in 8.9821 (sec).
 3-Body A236-ASP 24, A237-LYS 30, A239-LYD 5 :       0.00053799 at      1.569 Ang (1.745 Ang by residue) in 8.8728 (sec).
 3-Body A236-ASP 24, A237-LYS 30, A239-LYD 4 :       0.00048420 at      1.569 Ang (1.745 Ang by residue) in 8.6241 (sec).
 3-Body A236-ASP 24, A237-LYS 30, A239-LYD 10:       0.00042538 at      1.569 Ang (1.745 Ang by residue) in 8.7130 (sec).
 3-Body A236-ASP 24, A237-LYS 30, A239-LYD 6 :       0.00047914 at      1.569 Ang (1.745 Ang by residue) in 8.4236 (sec).
 3-Body A236-ASP 24, A237-LYS 30, A239-LYD 12:       0.00044412 at      1.569 Ang (1.745 Ang by residue) in 8.7988 (sec).
 3-Body A236-ASP 24, A237-LYS 30, A239-LYD 11:       0.00044944 at      1.569 Ang (1.745 Ang by residue) in 8.7147 (sec).
 3-Body A236-ASP 24, A237-LYS 30, A239-LYD 14:       0.00047247 at      1.569 Ang (1.745 Ang by residue) in 9.2039 (sec).
 3-Body A236-ASP 24, A237-LYS 30, A239-LYD 13:       0.00044631 at      1.569 Ang (1.745 Ang by residue) in 8.9847 (sec).
 3-Body A236-ASP 24, A237-LYS 30, A239-LYD 16:       0.00091612 at      1.569 Ang (1.745 Ang by residue) in 8.8013 (sec).
 3-Body A236-ASP 24, A237-LYS 30, A239-LYD 15:       0.00064350 at      1.569 Ang (1.745 Ang by residue) in 9.0288 (sec).
 3-Body A236-ASP 24, A237-LYS 30, A239-LYD 20:      -0.00068836 at      1.483 Ang (1.745 Ang by residue) in 8.7911 (sec).
 3-Body A236-ASP 24, A237-LYS 30, A239-LYD 19:       0.00091590 at      1.483 Ang (1.745 Ang by residue) in 8.6623 (sec).
 3-Body A236-ASP 24, A237-LYS 30, A239-LYD 22:       0.00325087 at      1.483 Ang (1.745 Ang by residue) in 9.2464 (sec).
 3-Body A236-ASP 24, A237-LYS 30, A239-LYD 21:       0.00165641 at      1.483 Ang (1.745 Ang by residue) in 9.5398 (sec).
 3-Body A236-ASP 24, A237-LYS 30, A239-LYD 24:       0.00138777 at      1.473 Ang (1.745 Ang by residue) in 9.2054 (sec).
 3-Body A236-ASP 24, A237-LYS 30, A239-LYD 23:       0.00100699 at      1.483 Ang (1.745 Ang by residue) in 9.3354 (sec).
 3-Body A236-ASP 24, A237-LYS 30, A239-LYS 29:       0.00107969 at      1.569 Ang (1.745 Ang by residue) in 9.7989 (sec).
 3-Body A236-ASP 24, A237-LYS 30, A239-LYD 28:       0.00217287 at      1.484 Ang (1.745 Ang by residue) in 10.1914 (sec).
 3-Body A236-ASP 24, A237-LYS 30, A239-LYS 31:       0.00057648 at      1.569 Ang (1.745 Ang by residue) in 10.4288 (sec).
 3-Body A236-ASP 24, A237-LYS 30, A239-LYS 30:       0.01099758 at      1.508 Ang (1.745 Ang by residue) in 10.5585 (sec).
 3-Body A236-ASP 24, A237-LYS 30, A239-LYS 33:       0.00063421 at      1.569 Ang (1.745 Ang by residue) in 10.0930 (sec).
 3-Body A236-ASP 24, A237-LYS 30, A239-LYS 32:       0.00078651 at      1.569 Ang (1.745 Ang by residue) in 10.2769 (sec).
 3-Body A236-ASP 24, A237-LYS 30, A239-LYS 38:       0.00062185 at      1.569 Ang (1.745 Ang by residue) in 10.3499 (sec).
 3-Body A236-ASP 24, A237-LYS 30, A239-LYS 37:       0.00064659 at      1.569 Ang (1.745 Ang by residue) in 10.0673 (sec).
 3-Body A236-ASP 24, A237-LYS 30, A239-LYS 40:       0.00061924 at      1.569 Ang (1.745 Ang by residue) in 10.2768 (sec).
 3-Body A236-ASP 24, A237-LYS 30, A239-LYS 39:       0.00080032 at      1.569 Ang (1.745 Ang by residue) in 9.8514 (sec).
 3-Body A236-ASP 24, A237-LYS 30, A239-LYS 42:       0.00111025 at      1.569 Ang (1.745 Ang by residue) in 9.9677 (sec).
 3-Body A236-ASP 24, A237-LYS 30, A239-LYS 41:       0.00064174 at      1.569 Ang (1.745 Ang by residue) in 9.6864 (sec).
 3-Body A236-ASP 24, A237-LYS 30, A239-LYS 46:       0.00144879 at      1.483 Ang (1.745 Ang by residue) in 9.6189 (sec).
 3-Body A236-ASP 24, A237-LYS 30, A239-LYS 43:       0.00205914 at      1.569 Ang (1.745 Ang by residue) in 9.5502 (sec).
 3-Body A236-ASP 24, A237-LYS 30, A239-LYS 48:       0.00324179 at      1.483 Ang (1.745 Ang by residue) in 10.8040 (sec).
 3-Body A236-ASP 24, A237-LYS 30, A239-LYS 47:       0.01091318 at      1.483 Ang (1.745 Ang by residue) in 11.2000 (sec).
 3-Body A236-ASP 24, A237-LYS 30, A239-LYS 50:       0.00165295 at      1.483 Ang (1.745 Ang by residue) in 11.9446 (sec).
 3-Body A236-ASP 24, A237-LYS 30, A239-LYS 49:       0.00845753 at      1.483 Ang (1.745 Ang by residue) in 11.3569 (sec).
 3-Body A236-ASP 24, A237-LYS 30, A239-LYS 52:       0.02185780 at      1.434 Ang (1.745 Ang by residue) in 11.0681 (sec).
 3-Body A236-ASP 24, A237-LYS 30, A239-LYS 51:       0.00457407 at      1.473 Ang (1.745 Ang by residue) in 11.3142 (sec).
 3-Body A236-ASP 24, A237-LYS 30, A239-LYS 55:       0.00616118 at      1.484 Ang (1.745 Ang by residue) in 11.9019 (sec).
 3-Body A236-ASP 24, A237-LYS 30, A239-LYS 53:       0.03578969 at      1.429 Ang (1.745 Ang by residue) in 11.8335 (sec).
 3-Body A236-ASP 24, A237-LYS 33, A239-LYD 1 :      -0.00015699 at      1.503 Ang (1.745 Ang by residue) in 12.0811 (sec).
 3-Body A236-ASP 24, A237-LYS 33, A239-LYS 0 :       0.00791868 at      1.503 Ang (1.745 Ang by residue) in 11.9695 (sec).
 3-Body A236-ASP 24, A237-LYS 33, A239-LYD 3 :       0.00043570 at      1.569 Ang (1.745 Ang by residue) in 11.9729 (sec).
 3-Body A236-ASP 24, A237-LYS 33, A239-LYD 2 :       0.00063425 at      1.569 Ang (1.745 Ang by residue) in 11.9710 (sec).
 3-Body A236-ASP 24, A237-LYS 33, A239-LYD 5 :       0.00051784 at      1.569 Ang (1.745 Ang by residue) in 12.1940 (sec).
 3-Body A236-ASP 24, A237-LYS 33, A239-LYD 4 :       0.00045347 at      1.569 Ang (1.745 Ang by residue) in 12.8712 (sec).
 3-Body A236-ASP 24, A237-LYS 33, A239-LYD 10:       0.00038511 at      1.569 Ang (1.745 Ang by residue) in 12.3390 (sec).
 3-Body A236-ASP 24, A237-LYS 33, A239-LYD 6 :       0.00044509 at      1.569 Ang (1.745 Ang by residue) in 11.7727 (sec).
 3-Body A236-ASP 24, A237-LYS 33, A239-LYD 12:       0.00040294 at      1.569 Ang (1.745 Ang by residue) in 10.5656 (sec).
 3-Body A236-ASP 24, A237-LYS 33, A239-LYD 11:       0.00040741 at      1.569 Ang (1.745 Ang by residue) in 10.3695 (sec).
 3-Body A236-ASP 24, A237-LYS 33, A239-LYD 14:       0.00042848 at      1.569 Ang (1.745 Ang by residue) in 10.0628 (sec).
 3-Body A236-ASP 24, A237-LYS 33, A239-LYD 13:       0.00040568 at      1.569 Ang (1.745 Ang by residue) in 9.9606 (sec).
 3-Body A236-ASP 24, A237-LYS 33, A239-LYD 16:       0.00082935 at      1.569 Ang (1.745 Ang by residue) in 9.7850 (sec).
 3-Body A236-ASP 24, A237-LYS 33, A239-LYD 15:       0.00057404 at      1.569 Ang (1.745 Ang by residue) in 10.4195 (sec).
 3-Body A236-ASP 24, A237-LYS 33, A239-LYD 20:      -0.00182727 at      1.483 Ang (1.745 Ang by residue) in 10.2059 (sec).
 3-Body A236-ASP 24, A237-LYS 33, A239-LYD 19:       0.00053012 at      1.483 Ang (1.745 Ang by residue) in 10.0710 (sec).
 3-Body A236-ASP 24, A237-LYS 33, A239-LYD 22:       0.00219998 at      1.483 Ang (1.745 Ang by residue) in 10.2817 (sec).
 3-Body A236-ASP 24, A237-LYS 33, A239-LYD 21:       0.00105216 at      1.483 Ang (1.745 Ang by residue) in 9.9404 (sec).
 3-Body A236-ASP 24, A237-LYS 33, A239-LYD 24:       0.00104247 at      1.473 Ang (1.745 Ang by residue) in 10.2190 (sec).
 3-Body A236-ASP 24, A237-LYS 33, A239-LYD 23:       0.00062990 at      1.483 Ang (1.745 Ang by residue) in 10.3631 (sec).
 3-Body A236-ASP 24, A237-LYS 33, A239-LYS 29:       0.00101466 at      1.569 Ang (1.745 Ang by residue) in 10.1674 (sec).
 3-Body A236-ASP 24, A237-LYS 33, A239-LYD 28:       0.00116942 at      1.484 Ang (1.745 Ang by residue) in 11.3042 (sec).
 3-Body A236-ASP 24, A237-LYS 33, A239-LYS 31:       0.00050920 at      1.569 Ang (1.745 Ang by residue) in 12.4461 (sec).
 3-Body A236-ASP 24, A237-LYS 33, A239-LYS 30:       0.00942228 at      1.508 Ang (1.745 Ang by residue) in 12.9636 (sec).
 3-Body A236-ASP 24, A237-LYS 33, A239-LYS 33:       0.00054555 at      1.569 Ang (1.745 Ang by residue) in 13.4389 (sec).
 3-Body A236-ASP 24, A237-LYS 33, A239-LYS 32:       0.00077534 at      1.569 Ang (1.745 Ang by residue) in 13.6741 (sec).
 3-Body A236-ASP 24, A237-LYS 33, A239-LYS 38:       0.00052030 at      1.569 Ang (1.745 Ang by residue) in 13.2489 (sec).
 3-Body A236-ASP 24, A237-LYS 33, A239-LYS 37:       0.00054763 at      1.569 Ang (1.745 Ang by residue) in 13.0474 (sec).
 3-Body A236-ASP 24, A237-LYS 33, A239-LYS 40:       0.00050118 at      1.569 Ang (1.745 Ang by residue) in 12.5066 (sec).
 3-Body A236-ASP 24, A237-LYS 33, A239-LYS 39:       0.00066025 at      1.569 Ang (1.745 Ang by residue) in 11.6903 (sec).
 3-Body A236-ASP 24, A237-LYS 33, A239-LYS 42:       0.00096932 at      1.569 Ang (1.745 Ang by residue) in 12.2772 (sec).
 3-Body A236-ASP 24, A237-LYS 33, A239-LYS 41:       0.00052732 at      1.569 Ang (1.745 Ang by residue) in 11.6633 (sec).
 3-Body A236-ASP 24, A237-LYS 33, A239-LYS 46:       0.00097602 at      1.483 Ang (1.745 Ang by residue) in 12.0958 (sec).
 3-Body A236-ASP 24, A237-LYS 33, A239-LYS 43:       0.00184873 at      1.569 Ang (1.745 Ang by residue) in 12.7491 (sec).
 3-Body A236-ASP 24, A237-LYS 33, A239-LYS 48:       0.00257021 at      1.483 Ang (1.745 Ang by residue) in 11.4606 (sec).
 3-Body A236-ASP 24, A237-LYS 33, A239-LYS 47:       0.01048609 at      1.483 Ang (1.745 Ang by residue) in 11.3764 (sec).
 3-Body A236-ASP 24, A237-LYS 33, A239-LYS 50:       0.00124928 at      1.483 Ang (1.745 Ang by residue) in 11.5956 (sec).
 3-Body A236-ASP 24, A237-LYS 33, A239-LYS 49:       0.00702769 at      1.483 Ang (1.745 Ang by residue) in 11.2160 (sec).
 3-Body A236-ASP 24, A237-LYS 33, A239-LYS 52:       0.01724250 at      1.434 Ang (1.745 Ang by residue) in 11.6125 (sec).
 3-Body A236-ASP 24, A237-LYS 33, A239-LYS 51:       0.00445567 at      1.473 Ang (1.745 Ang by residue) in 12.3935 (sec).
 3-Body A236-ASP 24, A237-LYS 33, A239-LYS 55:       0.00502702 at      1.484 Ang (1.745 Ang by residue) in 12.2790 (sec).
 3-Body A236-ASP 24, A237-LYS 33, A239-LYS 53:       0.02794021 at      1.429 Ang (1.745 Ang by residue) in 12.0930 (sec).
 3-Body A236-ASP 24, A237-LYS 34, A239-LYD 1 :       0.00027381 at      1.503 Ang (1.745 Ang by residue) in 12.2545 (sec).
 3-Body A236-ASP 24, A237-LYS 34, A239-LYS 0 :       0.00786879 at      1.503 Ang (1.745 Ang by residue) in 11.9744 (sec).
 3-Body A236-ASP 24, A237-LYS 34, A239-LYD 3 :       0.00048116 at      1.569 Ang (1.745 Ang by residue) in 12.2447 (sec).
 3-Body A236-ASP 24, A237-LYS 34, A239-LYD 2 :       0.00067716 at      1.569 Ang (1.745 Ang by residue) in 12.9627 (sec).
 3-Body A236-ASP 24, A237-LYS 34, A239-LYD 5 :       0.00055952 at      1.569 Ang (1.745 Ang by residue) in 12.3679 (sec).
 3-Body A236-ASP 24, A237-LYS 34, A239-LYD 4 :       0.00049503 at      1.569 Ang (1.745 Ang by residue) in 12.5858 (sec).
 3-Body A236-ASP 24, A237-LYS 34, A239-LYD 10:       0.00042785 at      1.569 Ang (1.745 Ang by residue) in 12.4828 (sec).
 3-Body A236-ASP 24, A237-LYS 34, A239-LYD 6 :       0.00048474 at      1.569 Ang (1.745 Ang by residue) in 12.6840 (sec).
 3-Body A236-ASP 24, A237-LYS 34, A239-LYD 12:       0.00044338 at      1.569 Ang (1.745 Ang by residue) in 12.4150 (sec).
 3-Body A236-ASP 24, A237-LYS 34, A239-LYD 11:       0.00044572 at      1.569 Ang (1.745 Ang by residue) in 11.8459 (sec).
 3-Body A236-ASP 24, A237-LYS 34, A239-LYD 14:       0.00046594 at      1.569 Ang (1.745 Ang by residue) in 12.4392 (sec).
 3-Body A236-ASP 24, A237-LYS 34, A239-LYD 13:       0.00044474 at      1.569 Ang (1.745 Ang by residue) in 12.1338 (sec).
 3-Body A236-ASP 24, A237-LYS 34, A239-LYD 16:       0.00084017 at      1.569 Ang (1.745 Ang by residue) in 11.9261 (sec).
 3-Body A236-ASP 24, A237-LYS 34, A239-LYD 15:       0.00061298 at      1.569 Ang (1.745 Ang by residue) in 11.8543 (sec).
 3-Body A236-ASP 24, A237-LYS 34, A239-LYD 20:      -0.00111703 at      1.483 Ang (1.745 Ang by residue) in 11.7472 (sec).
 3-Body A236-ASP 24, A237-LYS 34, A239-LYD 19:       0.00079194 at      1.483 Ang (1.745 Ang by residue) in 11.9051 (sec).
 3-Body A236-ASP 24, A237-LYS 34, A239-LYD 22:       0.00230210 at      1.483 Ang (1.745 Ang by residue) in 12.0018 (sec).
 3-Body A236-ASP 24, A237-LYS 34, A239-LYD 21:       0.00130247 at      1.483 Ang (1.745 Ang by residue) in 12.0281 (sec).
 3-Body A236-ASP 24, A237-LYS 34, A239-LYD 24:       0.00131000 at      1.473 Ang (1.745 Ang by residue) in 12.2799 (sec).
 3-Body A236-ASP 24, A237-LYS 34, A239-LYD 23:       0.00088540 at      1.483 Ang (1.745 Ang by residue) in 12.3910 (sec).
 3-Body A236-ASP 24, A237-LYS 34, A239-LYS 29:       0.00099484 at      1.569 Ang (1.745 Ang by residue) in 12.1523 (sec).
 3-Body A236-ASP 24, A237-LYS 34, A239-LYD 28:       0.00184907 at      1.484 Ang (1.745 Ang by residue) in 12.4943 (sec).
 3-Body A236-ASP 24, A237-LYS 34, A239-LYS 31:       0.00052578 at      1.569 Ang (1.745 Ang by residue) in 12.5886 (sec).
 3-Body A236-ASP 24, A237-LYS 34, A239-LYS 30:       0.00823930 at      1.508 Ang (1.745 Ang by residue) in 12.8985 (sec).
 3-Body A236-ASP 24, A237-LYS 34, A239-LYS 33:       0.00055413 at      1.569 Ang (1.745 Ang by residue) in 11.3268 (sec).
 3-Body A236-ASP 24, A237-LYS 34, A239-LYS 32:       0.00079922 at      1.569 Ang (1.745 Ang by residue) in 9.6983 (sec).
 3-Body A236-ASP 24, A237-LYS 34, A239-LYS 38:       0.00052798 at      1.569 Ang (1.745 Ang by residue) in 9.7479 (sec).
 3-Body A236-ASP 24, A237-LYS 34, A239-LYS 37:       0.00055201 at      1.569 Ang (1.745 Ang by residue) in 9.8593 (sec).
 3-Body A236-ASP 24, A237-LYS 34, A239-LYS 40:       0.00051916 at      1.569 Ang (1.745 Ang by residue) in 9.9187 (sec).
 3-Body A236-ASP 24, A237-LYS 34, A239-LYS 39:       0.00066881 at      1.569 Ang (1.745 Ang by residue) in 9.9174 (sec).
 3-Body A236-ASP 24, A237-LYS 34, A239-LYS 42:       0.00093471 at      1.569 Ang (1.745 Ang by residue) in 9.6861 (sec).
 3-Body A236-ASP 24, A237-LYS 34, A239-LYS 41:       0.00054244 at      1.569 Ang (1.745 Ang by residue) in 9.5985 (sec).
 3-Body A236-ASP 24, A237-LYS 34, A239-LYS 46:       0.00115177 at      1.483 Ang (1.745 Ang by residue) in 9.3169 (sec).
 3-Body A236-ASP 24, A237-LYS 34, A239-LYS 43:       0.00172542 at      1.569 Ang (1.745 Ang by residue) in 9.6367 (sec).
 3-Body A236-ASP 24, A237-LYS 34, A239-LYS 48:       0.00254067 at      1.483 Ang (1.745 Ang by residue) in 9.5097 (sec).
 3-Body A236-ASP 24, A237-LYS 34, A239-LYS 47:       0.00917604 at      1.483 Ang (1.745 Ang by residue) in 9.6440 (sec).
 3-Body A236-ASP 24, A237-LYS 34, A239-LYS 50:       0.00140176 at      1.483 Ang (1.745 Ang by residue) in 9.9895 (sec).
 3-Body A236-ASP 24, A237-LYS 34, A239-LYS 49:       0.00639789 at      1.483 Ang (1.745 Ang by residue) in 10.3164 (sec).
 3-Body A236-ASP 24, A237-LYS 34, A239-LYS 52:       0.01637095 at      1.434 Ang (1.745 Ang by residue) in 10.0189 (sec).
 3-Body A236-ASP 24, A237-LYS 34, A239-LYS 51:       0.00442608 at      1.473 Ang (1.745 Ang by residue) in 9.7765 (sec).
 3-Body A236-ASP 24, A237-LYS 34, A239-LYS 55:       0.00539636 at      1.484 Ang (1.745 Ang by residue) in 9.8752 (sec).
 3-Body A236-ASP 24, A237-LYS 34, A239-LYS 53:       0.02779763 at      1.429 Ang (1.745 Ang by residue) in 10.1032 (sec).
 3-Body A236-ASP 24, A237-LYS 35, A239-LYD 1 :       0.00012098 at      1.503 Ang (1.745 Ang by residue) in 11.8368 (sec).
 3-Body A236-ASP 24, A237-LYS 35, A239-LYS 0 :       0.00779171 at      1.503 Ang (1.745 Ang by residue) in 11.8552 (sec).
 3-Body A236-ASP 24, A237-LYS 35, A239-LYD 3 :       0.00042898 at      1.569 Ang (1.745 Ang by residue) in 12.3878 (sec).
 3-Body A236-ASP 24, A237-LYS 35, A239-LYD 2 :       0.00062213 at      1.569 Ang (1.745 Ang by residue) in 11.6475 (sec).
 3-Body A236-ASP 24, A237-LYS 35, A239-LYD 5 :       0.00050375 at      1.569 Ang (1.745 Ang by residue) in 10.4048 (sec).
 3-Body A236-ASP 24, A237-LYS 35, A239-LYD 4 :       0.00044456 at      1.569 Ang (1.745 Ang by residue) in 9.6931 (sec).
 3-Body A236-ASP 24, A237-LYS 35, A239-LYD 10:       0.00038624 at      1.569 Ang (1.745 Ang by residue) in 9.4615 (sec).
 3-Body A236-ASP 24, A237-LYS 35, A239-LYD 6 :       0.00043577 at      1.569 Ang (1.745 Ang by residue) in 9.7343 (sec).
 3-Body A236-ASP 24, A237-LYS 35, A239-LYD 12:       0.00040169 at      1.569 Ang (1.745 Ang by residue) in 9.6165 (sec).
 3-Body A236-ASP 24, A237-LYS 35, A239-LYD 11:       0.00040577 at      1.569 Ang (1.745 Ang by residue) in 9.8962 (sec).
 3-Body A236-ASP 24, A237-LYS 35, A239-LYD 14:       0.00042599 at      1.569 Ang (1.745 Ang by residue) in 10.2475 (sec).
 3-Body A236-ASP 24, A237-LYS 35, A239-LYD 13:       0.00040511 at      1.569 Ang (1.745 Ang by residue) in 9.5905 (sec).
 3-Body A236-ASP 24, A237-LYS 35, A239-LYD 16:       0.00079594 at      1.569 Ang (1.745 Ang by residue) in 9.5557 (sec).
 3-Body A236-ASP 24, A237-LYS 35, A239-LYD 15:       0.00056991 at      1.569 Ang (1.745 Ang by residue) in 9.9620 (sec).
 3-Body A236-ASP 24, A237-LYS 35, A239-LYD 20:      -0.00119652 at      1.483 Ang (1.745 Ang by residue) in 9.8257 (sec).
 3-Body A236-ASP 24, A237-LYS 35, A239-LYD 19:       0.00068581 at      1.483 Ang (1.745 Ang by residue) in 10.2400 (sec).
 3-Body A236-ASP 24, A237-LYS 35, A239-LYD 22:       0.00226748 at      1.483 Ang (1.745 Ang by residue) in 10.1644 (sec).
 3-Body A236-ASP 24, A237-LYS 35, A239-LYD 21:       0.00121762 at      1.483 Ang (1.745 Ang by residue) in 10.3686 (sec).
 3-Body A236-ASP 24, A237-LYS 35, A239-LYD 24:       0.00117841 at      1.473 Ang (1.745 Ang by residue) in 9.9200 (sec).
 3-Body A236-ASP 24, A237-LYS 35, A239-LYD 23:       0.00077307 at      1.483 Ang (1.745 Ang by residue) in 9.9162 (sec).
 3-Body A236-ASP 24, A237-LYS 35, A239-LYS 29:       0.00095204 at      1.569 Ang (1.745 Ang by residue) in 9.8987 (sec).
 3-Body A236-ASP 24, A237-LYS 35, A239-LYD 28:       0.00166741 at      1.484 Ang (1.745 Ang by residue) in 9.7210 (sec).
 3-Body A236-ASP 24, A237-LYS 35, A239-LYS 31:       0.00048761 at      1.569 Ang (1.745 Ang by residue) in 10.1008 (sec).
 3-Body A236-ASP 24, A237-LYS 35, A239-LYS 30:       0.00838326 at      1.508 Ang (1.745 Ang by residue) in 10.1169 (sec).
 3-Body A236-ASP 24, A237-LYS 35, A239-LYS 33:       0.00051765 at      1.569 Ang (1.745 Ang by residue) in 9.8149 (sec).
 3-Body A236-ASP 24, A237-LYS 35, A239-LYS 32:       0.00075559 at      1.569 Ang (1.745 Ang by residue) in 10.2005 (sec).
 3-Body A236-ASP 24, A237-LYS 35, A239-LYS 38:       0.00050031 at      1.569 Ang (1.745 Ang by residue) in 10.1779 (sec).
 3-Body A236-ASP 24, A237-LYS 35, A239-LYS 37:       0.00052654 at      1.569 Ang (1.745 Ang by residue) in 10.1210 (sec).
 3-Body A236-ASP 24, A237-LYS 35, A239-LYS 40:       0.00049063 at      1.569 Ang (1.745 Ang by residue) in 10.1117 (sec).
 3-Body A236-ASP 24, A237-LYS 35, A239-LYS 39:       0.00064216 at      1.569 Ang (1.745 Ang by residue) in 10.5142 (sec).
 3-Body A236-ASP 24, A237-LYS 35, A239-LYS 42:       0.00090412 at      1.569 Ang (1.745 Ang by residue) in 10.2988 (sec).
 3-Body A236-ASP 24, A237-LYS 35, A239-LYS 41:       0.00051610 at      1.569 Ang (1.745 Ang by residue) in 10.0743 (sec).
 3-Body A236-ASP 24, A237-LYS 35, A239-LYS 46:       0.00106206 at      1.483 Ang (1.745 Ang by residue) in 9.7192 (sec).
 3-Body A236-ASP 24, A237-LYS 35, A239-LYS 43:       0.00169735 at      1.569 Ang (1.745 Ang by residue) in 8.9351 (sec).
 3-Body A236-ASP 24, A237-LYS 35, A239-LYS 48:       0.00247509 at      1.483 Ang (1.745 Ang by residue) in 8.9885 (sec).
 3-Body A236-ASP 24, A237-LYS 35, A239-LYS 47:       0.00910333 at      1.483 Ang (1.745 Ang by residue) in 8.9083 (sec).
 3-Body A236-ASP 24, A237-LYS 35, A239-LYS 50:       0.00130562 at      1.483 Ang (1.745 Ang by residue) in 8.7060 (sec).
 3-Body A236-ASP 24, A237-LYS 35, A239-LYS 49:       0.00639860 at      1.483 Ang (1.745 Ang by residue) in 8.7714 (sec).
 3-Body A236-ASP 24, A237-LYS 35, A239-LYS 52:       0.01670475 at      1.434 Ang (1.745 Ang by residue) in 8.8073 (sec).
 3-Body A236-ASP 24, A237-LYS 35, A239-LYS 51:       0.00429113 at      1.473 Ang (1.745 Ang by residue) in 9.0847 (sec).
 3-Body A236-ASP 24, A237-LYS 35, A239-LYS 55:       0.00520052 at      1.484 Ang (1.745 Ang by residue) in 9.2820 (sec).
 3-Body A236-ASP 24, A237-LYS 35, A239-LYS 53:       0.02822483 at      1.429 Ang (1.745 Ang by residue) in 9.0457 (sec).
 3-Body A236-ASP 24, A237-LYS 36, A239-LYD 1 :       0.00004029 at      1.503 Ang (1.745 Ang by residue) in 9.0602 (sec).
 3-Body A236-ASP 24, A237-LYS 36, A239-LYS 0 :       0.00766287 at      1.503 Ang (1.745 Ang by residue) in 8.8715 (sec).
 3-Body A236-ASP 24, A237-LYS 36, A239-LYD 3 :       0.00041005 at      1.569 Ang (1.745 Ang by residue) in 9.0149 (sec).
 3-Body A236-ASP 24, A237-LYS 36, A239-LYD 2 :       0.00059606 at      1.569 Ang (1.745 Ang by residue) in 8.7603 (sec).
 3-Body A236-ASP 24, A237-LYS 36, A239-LYD 5 :       0.00048202 at      1.569 Ang (1.745 Ang by residue) in 9.2609 (sec).
 3-Body A236-ASP 24, A237-LYS 36, A239-LYD 4 :       0.00042480 at      1.569 Ang (1.745 Ang by residue) in 10.1915 (sec).
 3-Body A236-ASP 24, A237-LYS 36, A239-LYD 10:       0.00037047 at      1.569 Ang (1.745 Ang by residue) in 11.6554 (sec).
 3-Body A236-ASP 24, A237-LYS 36, A239-LYD 6 :       0.00041606 at      1.569 Ang (1.745 Ang by residue) in 11.4904 (sec).
 3-Body A236-ASP 24, A237-LYS 36, A239-LYD 12:       0.00038614 at      1.569 Ang (1.745 Ang by residue) in 11.2849 (sec).
 3-Body A236-ASP 24, A237-LYS 36, A239-LYD 11:       0.00038917 at      1.569 Ang (1.745 Ang by residue) in 11.9121 (sec).
 3-Body A236-ASP 24, A237-LYS 36, A239-LYD 14:       0.00040951 at      1.569 Ang (1.745 Ang by residue) in 12.2438 (sec).
 3-Body A236-ASP 24, A237-LYS 36, A239-LYD 13:       0.00038822 at      1.569 Ang (1.745 Ang by residue) in 12.4117 (sec).
 3-Body A236-ASP 24, A237-LYS 36, A239-LYD 16:       0.00077317 at      1.569 Ang (1.745 Ang by residue) in 11.7913 (sec).
 3-Body A236-ASP 24, A237-LYS 36, A239-LYD 15:       0.00054766 at      1.569 Ang (1.745 Ang by residue) in 11.1440 (sec).
 3-Body A236-ASP 24, A237-LYS 36, A239-LYD 20:      -0.00135833 at      1.483 Ang (1.745 Ang by residue) in 12.1020 (sec).
 3-Body A236-ASP 24, A237-LYS 36, A239-LYD 19:       0.00061269 at      1.483 Ang (1.745 Ang by residue) in 12.6251 (sec).
 3-Body A236-ASP 24, A237-LYS 36, A239-LYD 22:       0.00213074 at      1.483 Ang (1.745 Ang by residue) in 12.2670 (sec).
 3-Body A236-ASP 24, A237-LYS 36, A239-LYD 21:       0.00111583 at      1.483 Ang (1.745 Ang by residue) in 12.5212 (sec).
 3-Body A236-ASP 24, A237-LYS 36, A239-LYD 24:       0.00109178 at      1.473 Ang (1.745 Ang by residue) in 12.3631 (sec).
 3-Body A236-ASP 24, A237-LYS 36, A239-LYD 23:       0.00070088 at      1.483 Ang (1.745 Ang by residue) in 11.8793 (sec).
 3-Body A236-ASP 24, A237-LYS 36, A239-LYS 29:       0.00093430 at      1.569 Ang (1.745 Ang by residue) in 11.8362 (sec).
 3-Body A236-ASP 24, A237-LYS 36, A239-LYD 28:       0.00151470 at      1.484 Ang (1.745 Ang by residue) in 11.9369 (sec).
 3-Body A236-ASP 24, A237-LYS 36, A239-LYS 31:       0.00047255 at      1.569 Ang (1.745 Ang by residue) in 12.0877 (sec).
 3-Body A236-ASP 24, A237-LYS 36, A239-LYS 30:       0.00838302 at      1.508 Ang (1.745 Ang by residue) in 11.7830 (sec).
 3-Body A236-ASP 24, A237-LYS 36, A239-LYS 33:       0.00050198 at      1.569 Ang (1.745 Ang by residue) in 12.1264 (sec).
 3-Body A236-ASP 24, A237-LYS 36, A239-LYS 32:       0.00073813 at      1.569 Ang (1.745 Ang by residue) in 12.1132 (sec).
 3-Body A236-ASP 24, A237-LYS 36, A239-LYS 38:       0.00048673 at      1.569 Ang (1.745 Ang by residue) in 11.8268 (sec).
 3-Body A236-ASP 24, A237-LYS 36, A239-LYS 37:       0.00051001 at      1.569 Ang (1.745 Ang by residue) in 11.2570 (sec).
 3-Body A236-ASP 24, A237-LYS 36, A239-LYS 40:       0.00047627 at      1.569 Ang (1.745 Ang by residue) in 12.1042 (sec).
 3-Body A236-ASP 24, A237-LYS 36, A239-LYS 39:       0.00062445 at      1.569 Ang (1.745 Ang by residue) in 11.2267 (sec).
 3-Body A236-ASP 24, A237-LYS 36, A239-LYS 42:       0.00088912 at      1.569 Ang (1.745 Ang by residue) in 10.1935 (sec).
 3-Body A236-ASP 24, A237-LYS 36, A239-LYS 41:       0.00049884 at      1.569 Ang (1.745 Ang by residue) in 9.8843 (sec).
 3-Body A236-ASP 24, A237-LYS 36, A239-LYS 46:       0.00099709 at      1.483 Ang (1.745 Ang by residue) in 10.0167 (sec).
 3-Body A236-ASP 24, A237-LYS 36, A239-LYS 43:       0.00167738 at      1.569 Ang (1.745 Ang by residue) in 9.5584 (sec).
 3-Body A236-ASP 24, A237-LYS 36, A239-LYS 48:       0.00240633 at      1.483 Ang (1.745 Ang by residue) in 9.6364 (sec).
 3-Body A236-ASP 24, A237-LYS 36, A239-LYS 47:       0.00916766 at      1.483 Ang (1.745 Ang by residue) in 9.8150 (sec).
 3-Body A236-ASP 24, A237-LYS 36, A239-LYS 50:       0.00124360 at      1.483 Ang (1.745 Ang by residue) in 10.2638 (sec).
 3-Body A236-ASP 24, A237-LYS 36, A239-LYS 49:       0.00632852 at      1.483 Ang (1.745 Ang by residue) in 9.3774 (sec).
 3-Body A236-ASP 24, A237-LYS 36, A239-LYS 52:       0.01631640 at      1.434 Ang (1.745 Ang by residue) in 9.3931 (sec).
 3-Body A236-ASP 24, A237-LYS 36, A239-LYS 51:       0.00422387 at      1.473 Ang (1.745 Ang by residue) in 10.8026 (sec).
 3-Body A236-ASP 24, A237-LYS 36, A239-LYS 55:       0.00504236 at      1.484 Ang (1.745 Ang by residue) in 11.2837 (sec).
 3-Body A236-ASP 24, A237-LYS 36, A239-LYS 53:       0.02737449 at      1.429 Ang (1.745 Ang by residue) in 11.2727 (sec).
 3-Body A236-ASP 24, A237-LYS 37, A239-LYD 1 :       0.00009591 at      1.503 Ang (1.745 Ang by residue) in 11.9874 (sec).
 3-Body A236-ASP 24, A237-LYS 37, A239-LYS 0 :       0.00712155 at      1.503 Ang (1.745 Ang by residue) in 11.1999 (sec).
 3-Body A236-ASP 24, A237-LYS 37, A239-LYD 3 :       0.00039951 at      1.569 Ang (1.745 Ang by residue) in 10.9642 (sec).
 3-Body A236-ASP 24, A237-LYS 37, A239-LYD 2 :       0.00056858 at      1.569 Ang (1.745 Ang by residue) in 11.8331 (sec).
 3-Body A236-ASP 24, A237-LYS 37, A239-LYD 5 :       0.00046806 at      1.569 Ang (1.745 Ang by residue) in 12.4210 (sec).
 3-Body A236-ASP 24, A237-LYS 37, A239-LYD 4 :       0.00041178 at      1.569 Ang (1.745 Ang by residue) in 11.2421 (sec).
 3-Body A236-ASP 24, A237-LYS 37, A239-LYD 10:       0.00036011 at      1.569 Ang (1.745 Ang by residue) in 9.6864 (sec).
 3-Body A236-ASP 24, A237-LYS 37, A239-LYD 6 :       0.00040412 at      1.569 Ang (1.745 Ang by residue) in 9.7152 (sec).
 3-Body A236-ASP 24, A237-LYS 37, A239-LYD 12:       0.00037576 at      1.569 Ang (1.745 Ang by residue) in 9.7547 (sec).
 3-Body A236-ASP 24, A237-LYS 37, A239-LYD 11:       0.00037579 at      1.569 Ang (1.745 Ang by residue) in 10.0808 (sec).
 3-Body A236-ASP 24, A237-LYS 37, A239-LYD 14:       0.00039498 at      1.569 Ang (1.745 Ang by residue) in 10.3615 (sec).
 3-Body A236-ASP 24, A237-LYS 37, A239-LYD 13:       0.00037462 at      1.569 Ang (1.745 Ang by residue) in 12.3859 (sec).
 3-Body A236-ASP 24, A237-LYS 37, A239-LYD 16:       0.00073744 at      1.569 Ang (1.745 Ang by residue) in 11.9214 (sec).
 3-Body A236-ASP 24, A237-LYS 37, A239-LYD 15:       0.00052329 at      1.569 Ang (1.745 Ang by residue) in 10.9548 (sec).
 3-Body A236-ASP 24, A237-LYS 37, A239-LYD 20:      -0.00131797 at      1.483 Ang (1.745 Ang by residue) in 11.7553 (sec).
 3-Body A236-ASP 24, A237-LYS 37, A239-LYD 19:       0.00057612 at      1.483 Ang (1.745 Ang by residue) in 11.3479 (sec).
 3-Body A236-ASP 24, A237-LYS 37, A239-LYD 22:       0.00197107 at      1.483 Ang (1.745 Ang by residue) in 11.8164 (sec).
 3-Body A236-ASP 24, A237-LYS 37, A239-LYD 21:       0.00103477 at      1.483 Ang (1.745 Ang by residue) in 11.3669 (sec).
 3-Body A236-ASP 24, A237-LYS 37, A239-LYD 24:       0.00102234 at      1.473 Ang (1.745 Ang by residue) in 11.2984 (sec).
 3-Body A236-ASP 24, A237-LYS 37, A239-LYD 23:       0.00065952 at      1.483 Ang (1.745 Ang by residue) in 11.1485 (sec).
 3-Body A236-ASP 24, A237-LYS 37, A239-LYS 29:       0.00088045 at      1.569 Ang (1.745 Ang by residue) in 11.8267 (sec).
 3-Body A236-ASP 24, A237-LYS 37, A239-LYD 28:       0.00140553 at      1.484 Ang (1.745 Ang by residue) in 10.6429 (sec).
 3-Body A236-ASP 24, A237-LYS 37, A239-LYS 31:       0.00044980 at      1.569 Ang (1.745 Ang by residue) in 11.7765 (sec).
 3-Body A236-ASP 24, A237-LYS 37, A239-LYS 30:       0.00797925 at      1.508 Ang (1.745 Ang by residue) in 12.6995 (sec).
 3-Body A236-ASP 24, A237-LYS 37, A239-LYS 33:       0.00047768 at      1.569 Ang (1.745 Ang by residue) in 12.4592 (sec).
 3-Body A236-ASP 24, A237-LYS 37, A239-LYS 32:       0.00069203 at      1.569 Ang (1.745 Ang by residue) in 12.3470 (sec).
 3-Body A236-ASP 24, A237-LYS 37, A239-LYS 38:       0.00045825 at      1.569 Ang (1.745 Ang by residue) in 12.6185 (sec).
 3-Body A236-ASP 24, A237-LYS 37, A239-LYS 37:       0.00047596 at      1.569 Ang (1.745 Ang by residue) in 12.5918 (sec).
 3-Body A236-ASP 24, A237-LYS 37, A239-LYS 40:       0.00044817 at      1.569 Ang (1.745 Ang by residue) in 12.6272 (sec).
 3-Body A236-ASP 24, A237-LYS 37, A239-LYS 39:       0.00058240 at      1.569 Ang (1.745 Ang by residue) in 12.2711 (sec).
 3-Body A236-ASP 24, A237-LYS 37, A239-LYS 42:       0.00084036 at      1.569 Ang (1.745 Ang by residue) in 12.1153 (sec).
 3-Body A236-ASP 24, A237-LYS 37, A239-LYS 41:       0.00046488 at      1.569 Ang (1.745 Ang by residue) in 12.3510 (sec).
 3-Body A236-ASP 24, A237-LYS 37, A239-LYS 46:       0.00093487 at      1.483 Ang (1.745 Ang by residue) in 11.9438 (sec).
 3-Body A236-ASP 24, A237-LYS 37, A239-LYS 43:       0.00157799 at      1.569 Ang (1.745 Ang by residue) in 12.1401 (sec).
 3-Body A236-ASP 24, A237-LYS 37, A239-LYS 48:       0.00227337 at      1.483 Ang (1.745 Ang by residue) in 9.9611 (sec).
 3-Body A236-ASP 24, A237-LYS 37, A239-LYS 47:       0.00872042 at      1.483 Ang (1.745 Ang by residue) in 9.5696 (sec).
 3-Body A236-ASP 24, A237-LYS 37, A239-LYS 50:       0.00116079 at      1.483 Ang (1.745 Ang by residue) in 10.7451 (sec).
 3-Body A236-ASP 24, A237-LYS 37, A239-LYS 49:       0.00601160 at      1.483 Ang (1.745 Ang by residue) in 11.5035 (sec).
 3-Body A236-ASP 24, A237-LYS 37, A239-LYS 52:       0.01506501 at      1.434 Ang (1.745 Ang by residue) in 11.3199 (sec).
 3-Body A236-ASP 24, A237-LYS 37, A239-LYS 51:       0.00388713 at      1.473 Ang (1.745 Ang by residue) in 11.5876 (sec).
 3-Body A236-ASP 24, A237-LYS 37, A239-LYS 55:       0.00472543 at      1.484 Ang (1.745 Ang by residue) in 11.3158 (sec).
 3-Body A236-ASP 24, A237-LYS 37, A239-LYS 53:       0.02487517 at      1.429 Ang (1.745 Ang by residue) in 9.7009 (sec).
 3-Body A236-ASP 24, A237-LYS 38, A239-LYD 1 :      -0.00010636 at      1.503 Ang (1.745 Ang by residue) in 9.0811 (sec).
 3-Body A236-ASP 24, A237-LYS 38, A239-LYS 0 :       0.00686472 at      1.503 Ang (1.745 Ang by residue) in 10.9641 (sec).
 3-Body A236-ASP 24, A237-LYS 38, A239-LYD 3 :       0.00034630 at      1.569 Ang (1.745 Ang by residue) in 10.6923 (sec).
 3-Body A236-ASP 24, A237-LYS 38, A239-LYD 2 :       0.00051004 at      1.569 Ang (1.745 Ang by residue) in 10.8228 (sec).
 3-Body A236-ASP 24, A237-LYS 38, A239-LYD 5 :       0.00041130 at      1.569 Ang (1.745 Ang by residue) in 10.5002 (sec).
 3-Body A236-ASP 24, A237-LYS 38, A239-LYD 4 :       0.00035984 at      1.569 Ang (1.745 Ang by residue) in 10.7530 (sec).
 3-Body A236-ASP 24, A237-LYS 38, A239-LYD 10:       0.00031435 at      1.569 Ang (1.745 Ang by residue) in 9.5542 (sec).
 3-Body A236-ASP 24, A237-LYS 38, A239-LYD 6 :       0.00035191 at      1.569 Ang (1.745 Ang by residue) in 9.8317 (sec).
 3-Body A236-ASP 24, A237-LYS 38, A239-LYD 12:       0.00032935 at      1.569 Ang (1.745 Ang by residue) in 9.7887 (sec).
 3-Body A236-ASP 24, A237-LYS 38, A239-LYD 11:       0.00033115 at      1.569 Ang (1.745 Ang by residue) in 9.2730 (sec).
 3-Body A236-ASP 24, A237-LYS 38, A239-LYD 14:       0.00034967 at      1.569 Ang (1.745 Ang by residue) in 8.8950 (sec).
 3-Body A236-ASP 24, A237-LYS 38, A239-LYD 13:       0.00032964 at      1.569 Ang (1.745 Ang by residue) in 8.7170 (sec).
 3-Body A236-ASP 24, A237-LYS 38, A239-LYD 16:       0.00068184 at      1.569 Ang (1.745 Ang by residue) in 8.5890 (sec).
 3-Body A236-ASP 24, A237-LYS 38, A239-LYD 15:       0.00047132 at      1.569 Ang (1.745 Ang by residue) in 9.0599 (sec).
 3-Body A236-ASP 24, A237-LYS 38, A239-LYD 20:      -0.00150158 at      1.483 Ang (1.745 Ang by residue) in 8.9218 (sec).
 3-Body A236-ASP 24, A237-LYS 38, A239-LYD 19:       0.00044727 at      1.483 Ang (1.745 Ang by residue) in 8.9217 (sec).
 3-Body A236-ASP 24, A237-LYS 38, A239-LYD 22:       0.00182549 at      1.483 Ang (1.745 Ang by residue) in 9.2392 (sec).
 3-Body A236-ASP 24, A237-LYS 38, A239-LYD 21:       0.00088956 at      1.483 Ang (1.745 Ang by residue) in 11.7193 (sec).
 3-Body A236-ASP 24, A237-LYS 38, A239-LYD 24:       0.00087036 at      1.473 Ang (1.745 Ang by residue) in 11.6639 (sec).
 3-Body A236-ASP 24, A237-LYS 38, A239-LYD 23:       0.00052831 at      1.483 Ang (1.745 Ang by residue) in 11.0797 (sec).
 3-Body A236-ASP 24, A237-LYS 38, A239-LYS 29:       0.00083437 at      1.569 Ang (1.745 Ang by residue) in 10.7646 (sec).
 3-Body A236-ASP 24, A237-LYS 38, A239-LYD 28:       0.00111951 at      1.484 Ang (1.745 Ang by residue) in 10.5884 (sec).
 3-Body A236-ASP 24, A237-LYS 38, A239-LYS 31:       0.00040961 at      1.569 Ang (1.745 Ang by residue) in 10.9564 (sec).
 3-Body A236-ASP 24, A237-LYS 38, A239-LYS 30:       0.00793831 at      1.508 Ang (1.745 Ang by residue) in 9.3360 (sec).
 3-Body A236-ASP 24, A237-LYS 38, A239-LYS 33:       0.00043642 at      1.569 Ang (1.745 Ang by residue) in 9.7076 (sec).
 3-Body A236-ASP 24, A237-LYS 38, A239-LYS 32:       0.00065004 at      1.569 Ang (1.745 Ang by residue) in 9.1381 (sec).
 3-Body A236-ASP 24, A237-LYS 38, A239-LYS 38:       0.00042461 at      1.569 Ang (1.745 Ang by residue) in 9.8680 (sec).
 3-Body A236-ASP 24, A237-LYS 38, A239-LYS 37:       0.00044290 at      1.569 Ang (1.745 Ang by residue) in 9.4542 (sec).
 3-Body A236-ASP 24, A237-LYS 38, A239-LYS 40:       0.00041215 at      1.569 Ang (1.745 Ang by residue) in 11.4527 (sec).
 3-Body A236-ASP 24, A237-LYS 38, A239-LYS 39:       0.00054480 at      1.569 Ang (1.745 Ang by residue) in 11.1007 (sec).
 3-Body A236-ASP 24, A237-LYS 38, A239-LYS 42:       0.00079975 at      1.569 Ang (1.745 Ang by residue) in 11.3869 (sec).
 3-Body A236-ASP 24, A237-LYS 38, A239-LYS 41:       0.00042962 at      1.569 Ang (1.745 Ang by residue) in 10.8473 (sec).
 3-Body A236-ASP 24, A237-LYS 38, A239-LYS 46:       0.00081889 at      1.483 Ang (1.745 Ang by residue) in 10.8139 (sec).
 3-Body A236-ASP 24, A237-LYS 38, A239-LYS 43:       0.00153036 at      1.569 Ang (1.745 Ang by residue) in 11.2997 (sec).
 3-Body A236-ASP 24, A237-LYS 38, A239-LYS 48:       0.00214620 at      1.483 Ang (1.745 Ang by residue) in 11.5923 (sec).
 3-Body A236-ASP 24, A237-LYS 38, A239-LYS 47:       0.00861679 at      1.483 Ang (1.745 Ang by residue) in 11.3849 (sec).
 3-Body A236-ASP 24, A237-LYS 38, A239-LYS 50:       0.00104618 at      1.483 Ang (1.745 Ang by residue) in 11.3313 (sec).
 3-Body A236-ASP 24, A237-LYS 38, A239-LYS 49:       0.00587516 at      1.483 Ang (1.745 Ang by residue) in 10.8918 (sec).
 3-Body A236-ASP 24, A237-LYS 38, A239-LYS 52:       0.01475387 at      1.434 Ang (1.745 Ang by residue) in 11.0829 (sec).
 3-Body A236-ASP 24, A237-LYS 38, A239-LYS 51:       0.00375619 at      1.473 Ang (1.745 Ang by residue) in 11.3775 (sec).
 3-Body A236-ASP 24, A237-LYS 38, A239-LYS 55:       0.00439456 at      1.484 Ang (1.745 Ang by residue) in 11.9737 (sec).
 3-Body A236-ASP 24, A237-LYS 38, A239-LYS 53:       0.02420721 at      1.429 Ang (1.745 Ang by residue) in 11.8500 (sec).
 3-Body A236-ASP 24, A237-LYS 39, A239-LYD 1 :      -0.00000776 at      1.503 Ang (1.745 Ang by residue) in 11.2417 (sec).
 3-Body A236-ASP 24, A237-LYS 39, A239-LYS 0 :       0.00700118 at      1.503 Ang (1.745 Ang by residue) in 11.2442 (sec).
 3-Body A236-ASP 24, A237-LYS 39, A239-LYD 3 :       0.00036253 at      1.569 Ang (1.745 Ang by residue) in 10.9649 (sec).
 3-Body A236-ASP 24, A237-LYS 39, A239-LYD 2 :       0.00052878 at      1.569 Ang (1.745 Ang by residue) in 11.4166 (sec).
 3-Body A236-ASP 24, A237-LYS 39, A239-LYD 5 :       0.00042951 at      1.569 Ang (1.745 Ang by residue) in 10.7761 (sec).
 3-Body A236-ASP 24, A237-LYS 39, A239-LYD 4 :       0.00037638 at      1.569 Ang (1.745 Ang by residue) in 10.1867 (sec).
 3-Body A236-ASP 24, A237-LYS 39, A239-LYD 10:       0.00032919 at      1.569 Ang (1.745 Ang by residue) in 11.0353 (sec).
 3-Body A236-ASP 24, A237-LYS 39, A239-LYD 6 :       0.00036961 at      1.569 Ang (1.745 Ang by residue) in 10.7774 (sec).
 3-Body A236-ASP 24, A237-LYS 39, A239-LYD 12:       0.00034402 at      1.569 Ang (1.745 Ang by residue) in 12.0741 (sec).
 3-Body A236-ASP 24, A237-LYS 39, A239-LYD 11:       0.00034643 at      1.569 Ang (1.745 Ang by residue) in 12.2255 (sec).
 3-Body A236-ASP 24, A237-LYS 39, A239-LYD 14:       0.00036570 at      1.569 Ang (1.745 Ang by residue) in 10.9636 (sec).
 3-Body A236-ASP 24, A237-LYS 39, A239-LYD 13:       0.00034622 at      1.569 Ang (1.745 Ang by residue) in 10.6317 (sec).
 3-Body A236-ASP 24, A237-LYS 39, A239-LYD 16:       0.00070001 at      1.569 Ang (1.745 Ang by residue) in 10.4555 (sec).
 3-Body A236-ASP 24, A237-LYS 39, A239-LYD 15:       0.00049106 at      1.569 Ang (1.745 Ang by residue) in 10.2316 (sec).
 3-Body A236-ASP 24, A237-LYS 39, A239-LYD 20:      -0.00135754 at      1.483 Ang (1.745 Ang by residue) in 10.1704 (sec).
 3-Body A236-ASP 24, A237-LYS 39, A239-LYD 19:       0.00050835 at      1.483 Ang (1.745 Ang by residue) in 9.7379 (sec).
 3-Body A236-ASP 24, A237-LYS 39, A239-LYD 22:       0.00191784 at      1.483 Ang (1.745 Ang by residue) in 9.2137 (sec).
 3-Body A236-ASP 24, A237-LYS 39, A239-LYD 21:       0.00096102 at      1.483 Ang (1.745 Ang by residue) in 9.2582 (sec).
 3-Body A236-ASP 24, A237-LYS 39, A239-LYD 24:       0.00092910 at      1.473 Ang (1.745 Ang by residue) in 9.0297 (sec).
 3-Body A236-ASP 24, A237-LYS 39, A239-LYD 23:       0.00058124 at      1.483 Ang (1.745 Ang by residue) in 8.7603 (sec).
 3-Body A236-ASP 24, A237-LYS 39, A239-LYS 29:       0.00083514 at      1.569 Ang (1.745 Ang by residue) in 9.0180 (sec).
 3-Body A236-ASP 24, A237-LYS 39, A239-LYD 28:       0.00127496 at      1.484 Ang (1.745 Ang by residue) in 9.5857 (sec).
 3-Body A236-ASP 24, A237-LYS 39, A239-LYS 31:       0.00041744 at      1.569 Ang (1.745 Ang by residue) in 8.8435 (sec).
 3-Body A236-ASP 24, A237-LYS 39, A239-LYS 30:       0.00784238 at      1.508 Ang (1.745 Ang by residue) in 9.2394 (sec).
 3-Body A236-ASP 24, A237-LYS 39, A239-LYS 33:       0.00044576 at      1.569 Ang (1.745 Ang by residue) in 9.2602 (sec).
 3-Body A236-ASP 24, A237-LYS 39, A239-LYS 32:       0.00065652 at      1.569 Ang (1.745 Ang by residue) in 9.3545 (sec).
 3-Body A236-ASP 24, A237-LYS 39, A239-LYS 38:       0.00043351 at      1.569 Ang (1.745 Ang by residue) in 11.6228 (sec).
 3-Body A236-ASP 24, A237-LYS 39, A239-LYS 37:       0.00045605 at      1.569 Ang (1.745 Ang by residue) in 10.7814 (sec).
 3-Body A236-ASP 24, A237-LYS 39, A239-LYS 40:       0.00042380 at      1.569 Ang (1.745 Ang by residue) in 11.0782 (sec).
 3-Body A236-ASP 24, A237-LYS 39, A239-LYS 39:       0.00056032 at      1.569 Ang (1.745 Ang by residue) in 10.9594 (sec).
 3-Body A236-ASP 24, A237-LYS 39, A239-LYS 42:       0.00080428 at      1.569 Ang (1.745 Ang by residue) in 9.0410 (sec).
 3-Body A236-ASP 24, A237-LYS 39, A239-LYS 41:       0.00044528 at      1.569 Ang (1.745 Ang by residue) in 9.0503 (sec).
 3-Body A236-ASP 24, A237-LYS 39, A239-LYS 46:       0.00086283 at      1.483 Ang (1.745 Ang by residue) in 10.1753 (sec).
 3-Body A236-ASP 24, A237-LYS 39, A239-LYS 43:       0.00153624 at      1.569 Ang (1.745 Ang by residue) in 12.1977 (sec).
 3-Body A236-ASP 24, A237-LYS 39, A239-LYS 48:       0.00215849 at      1.483 Ang (1.745 Ang by residue) in 11.9805 (sec).
 3-Body A236-ASP 24, A237-LYS 39, A239-LYS 47:       0.00832172 at      1.483 Ang (1.745 Ang by residue) in 12.0708 (sec).
 3-Body A236-ASP 24, A237-LYS 39, A239-LYS 50:       0.00107503 at      1.483 Ang (1.745 Ang by residue) in 12.3792 (sec).
 3-Body A236-ASP 24, A237-LYS 39, A239-LYS 49:       0.00585796 at      1.483 Ang (1.745 Ang by residue) in 11.9074 (sec).
 3-Body A236-ASP 24, A237-LYS 39, A239-LYS 52:       0.01498399 at      1.434 Ang (1.745 Ang by residue) in 12.4531 (sec).
 3-Body A236-ASP 24, A237-LYS 39, A239-LYS 51:       0.00373511 at      1.473 Ang (1.745 Ang by residue) in 11.5370 (sec).
 3-Body A236-ASP 24, A237-LYS 39, A239-LYS 55:       0.00454295 at      1.484 Ang (1.745 Ang by residue) in 12.5168 (sec).
 3-Body A236-ASP 24, A237-LYS 39, A239-LYS 53:       0.02506625 at      1.429 Ang (1.745 Ang by residue) in 12.8153 (sec).
 3-Body A236-ASP 24, A237-LYS 40, A239-LYD 1 :      -0.00019418 at      1.503 Ang (1.745 Ang by residue) in 12.2263 (sec).
 3-Body A236-ASP 24, A237-LYS 40, A239-LYS 0 :       0.00657537 at      1.503 Ang (1.745 Ang by residue) in 12.6192 (sec).
 3-Body A236-ASP 24, A237-LYS 40, A239-LYD 3 :       0.00032022 at      1.569 Ang (1.745 Ang by residue) in 12.6352 (sec).
 3-Body A236-ASP 24, A237-LYS 40, A239-LYD 2 :       0.00047760 at      1.569 Ang (1.745 Ang by residue) in 12.7078 (sec).
 3-Body A236-ASP 24, A237-LYS 40, A239-LYD 5 :       0.00038440 at      1.569 Ang (1.745 Ang by residue) in 12.7945 (sec).
 3-Body A236-ASP 24, A237-LYS 40, A239-LYD 4 :       0.00033427 at      1.569 Ang (1.745 Ang by residue) in 12.5306 (sec).
 3-Body A236-ASP 24, A237-LYS 40, A239-LYD 10:       0.00028925 at      1.569 Ang (1.745 Ang by residue) in 13.0470 (sec).
 3-Body A236-ASP 24, A237-LYS 40, A239-LYD 6 :       0.00032696 at      1.569 Ang (1.745 Ang by residue) in 12.7385 (sec).
 3-Body A236-ASP 24, A237-LYS 40, A239-LYD 12:       0.00030356 at      1.569 Ang (1.745 Ang by residue) in 12.6185 (sec).
 3-Body A236-ASP 24, A237-LYS 40, A239-LYD 11:       0.00030647 at      1.569 Ang (1.745 Ang by residue) in 12.3940 (sec).
 3-Body A236-ASP 24, A237-LYS 40, A239-LYD 14:       0.00032500 at      1.569 Ang (1.745 Ang by residue) in 12.0075 (sec).
 3-Body A236-ASP 24, A237-LYS 40, A239-LYD 13:       0.00030607 at      1.569 Ang (1.745 Ang by residue) in 12.6714 (sec).
 3-Body A236-ASP 24, A237-LYS 40, A239-LYD 16:       0.00064343 at      1.569 Ang (1.745 Ang by residue) in 13.0766 (sec).
 3-Body A236-ASP 24, A237-LYS 40, A239-LYD 15:       0.00044045 at      1.569 Ang (1.745 Ang by residue) in 12.9722 (sec).
 3-Body A236-ASP 24, A237-LYS 40, A239-LYD 20:      -0.00159094 at      1.483 Ang (1.745 Ang by residue) in 12.4839 (sec).
 3-Body A236-ASP 24, A237-LYS 40, A239-LYD 19:       0.00036661 at      1.483 Ang (1.745 Ang by residue) in 12.7619 (sec).
 3-Body A236-ASP 24, A237-LYS 40, A239-LYD 22:       0.00167062 at      1.483 Ang (1.745 Ang by residue) in 11.9770 (sec).
 3-Body A236-ASP 24, A237-LYS 40, A239-LYD 21:       0.00077490 at      1.483 Ang (1.745 Ang by residue) in 12.0399 (sec).
 3-Body A236-ASP 24, A237-LYS 40, A239-LYD 24:       0.00076949 at      1.473 Ang (1.745 Ang by residue) in 12.3323 (sec).
 3-Body A236-ASP 24, A237-LYS 40, A239-LYD 23:       0.00043991 at      1.483 Ang (1.745 Ang by residue) in 11.5591 (sec).
 3-Body A236-ASP 24, A237-LYS 40, A239-LYS 29:       0.00079025 at      1.569 Ang (1.745 Ang by residue) in 12.2857 (sec).
 3-Body A236-ASP 24, A237-LYS 40, A239-LYD 28:       0.00092580 at      1.484 Ang (1.745 Ang by residue) in 11.9772 (sec).
 3-Body A236-ASP 24, A237-LYS 40, A239-LYS 31:       0.00038094 at      1.569 Ang (1.745 Ang by residue) in 11.7089 (sec).
 3-Body A236-ASP 24, A237-LYS 40, A239-LYS 30:       0.00755380 at      1.508 Ang (1.745 Ang by residue) in 11.9237 (sec).
 3-Body A236-ASP 24, A237-LYS 40, A239-LYS 33:       0.00040607 at      1.569 Ang (1.745 Ang by residue) in 9.7592 (sec).
 3-Body A236-ASP 24, A237-LYS 40, A239-LYS 32:       0.00061960 at      1.569 Ang (1.745 Ang by residue) in 9.9372 (sec).
 3-Body A236-ASP 24, A237-LYS 40, A239-LYS 38:       0.00039501 at      1.569 Ang (1.745 Ang by residue) in 9.7262 (sec).
 3-Body A236-ASP 24, A237-LYS 40, A239-LYS 37:       0.00041619 at      1.569 Ang (1.745 Ang by residue) in 9.2657 (sec).
 3-Body A236-ASP 24, A237-LYS 40, A239-LYS 40:       0.00038213 at      1.569 Ang (1.745 Ang by residue) in 9.7035 (sec).
 3-Body A236-ASP 24, A237-LYS 40, A239-LYS 39:       0.00051271 at      1.569 Ang (1.745 Ang by residue) in 9.4007 (sec).
 3-Body A236-ASP 24, A237-LYS 40, A239-LYS 42:       0.00075395 at      1.569 Ang (1.745 Ang by residue) in 8.8769 (sec).
 3-Body A236-ASP 24, A237-LYS 40, A239-LYS 41:       0.00040268 at      1.569 Ang (1.745 Ang by residue) in 9.0267 (sec).
 3-Body A236-ASP 24, A237-LYS 40, A239-LYS 46:       0.00072081 at      1.483 Ang (1.745 Ang by residue) in 9.2044 (sec).
 3-Body A236-ASP 24, A237-LYS 40, A239-LYS 43:       0.00146648 at      1.569 Ang (1.745 Ang by residue) in 8.7845 (sec).
 3-Body A236-ASP 24, A237-LYS 40, A239-LYS 48:       0.00197963 at      1.483 Ang (1.745 Ang by residue) in 8.6283 (sec).
 3-Body A236-ASP 24, A237-LYS 40, A239-LYS 47:       0.00816966 at      1.483 Ang (1.745 Ang by residue) in 8.6675 (sec).
 3-Body A236-ASP 24, A237-LYS 40, A239-LYS 50:       0.00094041 at      1.483 Ang (1.745 Ang by residue) in 8.9133 (sec).
 3-Body A236-ASP 24, A237-LYS 40, A239-LYS 49:       0.00556282 at      1.483 Ang (1.745 Ang by residue) in 8.8929 (sec).
 3-Body A236-ASP 24, A237-LYS 40, A239-LYS 52:       0.01388817 at      1.434 Ang (1.745 Ang by residue) in 8.3256 (sec).
 3-Body A236-ASP 24, A237-LYS 40, A239-LYS 51:       0.00359033 at      1.473 Ang (1.745 Ang by residue) in 8.6592 (sec).
 3-Body A236-ASP 24, A237-LYS 40, A239-LYS 55:       0.00411843 at      1.484 Ang (1.745 Ang by residue) in 8.5392 (sec).
 3-Body A236-ASP 24, A237-LYS 40, A239-LYS 53:       0.02312942 at      1.429 Ang (1.745 Ang by residue) in 8.6034 (sec).
 3-Body A236-ASP 24, A237-LYS 41, A239-LYD 1 :      -0.00005742 at      1.503 Ang (1.745 Ang by residue) in 8.5269 (sec).
 3-Body A236-ASP 24, A237-LYS 41, A239-LYS 0 :       0.00675063 at      1.503 Ang (1.745 Ang by residue) in 9.3234 (sec).
 3-Body A236-ASP 24, A237-LYS 41, A239-LYD 3 :       0.00035335 at      1.569 Ang (1.745 Ang by residue) in 9.6455 (sec).
 3-Body A236-ASP 24, A237-LYS 41, A239-LYD 2 :       0.00051303 at      1.569 Ang (1.745 Ang by residue) in 9.1211 (sec).
 3-Body A236-ASP 24, A237-LYS 41, A239-LYD 5 :       0.00041945 at      1.569 Ang (1.745 Ang by residue) in 9.3940 (sec).
 3-Body A236-ASP 24, A237-LYS 41, A239-LYD 4 :       0.00036633 at      1.569 Ang (1.745 Ang by residue) in 9.0113 (sec).
 3-Body A236-ASP 24, A237-LYS 41, A239-LYD 10:       0.00031826 at      1.569 Ang (1.745 Ang by residue) in 9.6950 (sec).
 3-Body A236-ASP 24, A237-LYS 41, A239-LYD 6 :       0.00035950 at      1.569 Ang (1.745 Ang by residue) in 9.7560 (sec).
 3-Body A236-ASP 24, A237-LYS 41, A239-LYD 12:       0.00033312 at      1.569 Ang (1.745 Ang by residue) in 9.4235 (sec).
 3-Body A236-ASP 24, A237-LYS 41, A239-LYD 11:       0.00033447 at      1.569 Ang (1.745 Ang by residue) in 9.2309 (sec).
 3-Body A236-ASP 24, A237-LYS 41, A239-LYD 14:       0.00035378 at      1.569 Ang (1.745 Ang by residue) in 9.6317 (sec).
 3-Body A236-ASP 24, A237-LYS 41, A239-LYD 13:       0.00033465 at      1.569 Ang (1.745 Ang by residue) in 9.5773 (sec).
 3-Body A236-ASP 24, A237-LYS 41, A239-LYD 16:       0.00067806 at      1.569 Ang (1.745 Ang by residue) in 9.5468 (sec).
 3-Body A236-ASP 24, A237-LYS 41, A239-LYD 15:       0.00047343 at      1.569 Ang (1.745 Ang by residue) in 11.9341 (sec).
 3-Body A236-ASP 24, A237-LYS 41, A239-LYD 20:      -0.00148536 at      1.483 Ang (1.745 Ang by residue) in 12.5153 (sec).
 3-Body A236-ASP 24, A237-LYS 41, A239-LYD 19:       0.00044660 at      1.483 Ang (1.745 Ang by residue) in 13.1499 (sec).
 3-Body A236-ASP 24, A237-LYS 41, A239-LYD 22:       0.00174543 at      1.483 Ang (1.745 Ang by residue) in 12.2905 (sec).
 3-Body A236-ASP 24, A237-LYS 41, A239-LYD 21:       0.00085781 at      1.483 Ang (1.745 Ang by residue) in 12.7714 (sec).
 3-Body A236-ASP 24, A237-LYS 41, A239-LYD 24:       0.00085800 at      1.473 Ang (1.745 Ang by residue) in 12.3311 (sec).
 3-Body A236-ASP 24, A237-LYS 41, A239-LYD 23:       0.00051834 at      1.483 Ang (1.745 Ang by residue) in 11.1782 (sec).
 3-Body A236-ASP 24, A237-LYS 41, A239-LYS 29:       0.00081298 at      1.569 Ang (1.745 Ang by residue) in 10.3267 (sec).
 3-Body A236-ASP 24, A237-LYS 41, A239-LYD 28:       0.00110393 at      1.484 Ang (1.745 Ang by residue) in 12.1254 (sec).
 3-Body A236-ASP 24, A237-LYS 41, A239-LYS 31:       0.00040201 at      1.569 Ang (1.745 Ang by residue) in 12.4065 (sec).
 3-Body A236-ASP 24, A237-LYS 41, A239-LYS 30:       0.00752194 at      1.508 Ang (1.745 Ang by residue) in 11.6419 (sec).
 3-Body A236-ASP 24, A237-LYS 41, A239-LYS 33:       0.00042818 at      1.569 Ang (1.745 Ang by residue) in 12.0634 (sec).
 3-Body A236-ASP 24, A237-LYS 41, A239-LYS 32:       0.00064029 at      1.569 Ang (1.745 Ang by residue) in 11.8176 (sec).
 3-Body A236-ASP 24, A237-LYS 41, A239-LYS 38:       0.00041344 at      1.569 Ang (1.745 Ang by residue) in 12.2042 (sec).
 3-Body A236-ASP 24, A237-LYS 41, A239-LYS 37:       0.00043430 at      1.569 Ang (1.745 Ang by residue) in 12.2378 (sec).
 3-Body A236-ASP 24, A237-LYS 41, A239-LYS 40:       0.00040293 at      1.569 Ang (1.745 Ang by residue) in 12.0355 (sec).
 3-Body A236-ASP 24, A237-LYS 41, A239-LYS 39:       0.00053452 at      1.569 Ang (1.745 Ang by residue) in 11.5859 (sec).
 3-Body A236-ASP 24, A237-LYS 41, A239-LYS 42:       0.00077624 at      1.569 Ang (1.745 Ang by residue) in 11.8705 (sec).
 3-Body A236-ASP 24, A237-LYS 41, A239-LYS 41:       0.00042296 at      1.569 Ang (1.745 Ang by residue) in 12.2926 (sec).
 3-Body A236-ASP 24, A237-LYS 41, A239-LYS 46:       0.00078970 at      1.483 Ang (1.745 Ang by residue) in 11.9885 (sec).
 3-Body A236-ASP 24, A237-LYS 41, A239-LYS 43:       0.00149277 at      1.569 Ang (1.745 Ang by residue) in 12.3236 (sec).
 3-Body A236-ASP 24, A237-LYS 41, A239-LYS 48:       0.00204306 at      1.483 Ang (1.745 Ang by residue) in 12.0648 (sec).
 3-Body A236-ASP 24, A237-LYS 41, A239-LYS 47:       0.00814799 at      1.483 Ang (1.745 Ang by residue) in 12.1669 (sec).
 3-Body A236-ASP 24, A237-LYS 41, A239-LYS 50:       0.00100374 at      1.483 Ang (1.745 Ang by residue) in 12.6242 (sec).
 3-Body A236-ASP 24, A237-LYS 41, A239-LYS 49:       0.00561693 at      1.483 Ang (1.745 Ang by residue) in 11.7214 (sec).
 3-Body A236-ASP 24, A237-LYS 41, A239-LYS 52:       0.01397249 at      1.434 Ang (1.745 Ang by residue) in 11.7964 (sec).
 3-Body A236-ASP 24, A237-LYS 41, A239-LYS 51:       0.00365090 at      1.473 Ang (1.745 Ang by residue) in 11.6316 (sec).
 3-Body A236-ASP 24, A237-LYS 41, A239-LYS 55:       0.00432587 at      1.484 Ang (1.745 Ang by residue) in 11.2019 (sec).
 3-Body A236-ASP 24, A237-LYS 41, A239-LYS 53:       0.02350814 at      1.429 Ang (1.745 Ang by residue) in 11.0507 (sec).
 3-Body A236-ASP 24, A237-LYS 43, A239-LYD 1 :       0.00023914 at      1.503 Ang (1.745 Ang by residue) in 10.9399 (sec).
 3-Body A236-ASP 24, A237-LYS 43, A239-LYS 0 :       0.00798621 at      1.503 Ang (1.745 Ang by residue) in 10.7683 (sec).
 3-Body A236-ASP 24, A237-LYS 43, A239-LYD 3 :       0.00042196 at      1.569 Ang (1.745 Ang by residue) in 11.1245 (sec).
 3-Body A236-ASP 24, A237-LYS 43, A239-LYD 2 :       0.00060730 at      1.569 Ang (1.745 Ang by residue) in 11.1362 (sec).
 3-Body A236-ASP 24, A237-LYS 43, A239-LYD 5 :       0.00049186 at      1.569 Ang (1.745 Ang by residue) in 11.2924 (sec).
 3-Body A236-ASP 24, A237-LYS 43, A239-LYD 4 :       0.00043636 at      1.569 Ang (1.745 Ang by residue) in 10.4736 (sec).
 3-Body A236-ASP 24, A237-LYS 43, A239-LYD 10:       0.00038883 at      1.569 Ang (1.745 Ang by residue) in 11.1647 (sec).
 3-Body A236-ASP 24, A237-LYS 43, A239-LYD 6 :       0.00042985 at      1.569 Ang (1.745 Ang by residue) in 11.4936 (sec).
 3-Body A236-ASP 24, A237-LYS 43, A239-LYD 12:       0.00040504 at      1.569 Ang (1.745 Ang by residue) in 10.9172 (sec).
 3-Body A236-ASP 24, A237-LYS 43, A239-LYD 11:       0.00040750 at      1.569 Ang (1.745 Ang by residue) in 10.9945 (sec).
 3-Body A236-ASP 24, A237-LYS 43, A239-LYD 14:       0.00042759 at      1.569 Ang (1.745 Ang by residue) in 11.6217 (sec).
 3-Body A236-ASP 24, A237-LYS 43, A239-LYD 13:       0.00040579 at      1.569 Ang (1.745 Ang by residue) in 11.0765 (sec).
 3-Body A236-ASP 24, A237-LYS 43, A239-LYD 16:       0.00080101 at      1.569 Ang (1.745 Ang by residue) in 11.6525 (sec).
 3-Body A236-ASP 24, A237-LYS 43, A239-LYD 15:       0.00057202 at      1.569 Ang (1.745 Ang by residue) in 11.5641 (sec).
 3-Body A236-ASP 24, A237-LYS 43, A239-LYD 20:      -0.00096633 at      1.483 Ang (1.745 Ang by residue) in 10.0908 (sec).
 3-Body A236-ASP 24, A237-LYS 43, A239-LYD 19:       0.00074176 at      1.483 Ang (1.745 Ang by residue) in 10.1463 (sec).
 3-Body A236-ASP 24, A237-LYS 43, A239-LYD 22:       0.00247278 at      1.483 Ang (1.745 Ang by residue) in 9.9941 (sec).
 3-Body A236-ASP 24, A237-LYS 43, A239-LYD 21:       0.00131520 at      1.483 Ang (1.745 Ang by residue) in 9.9797 (sec).
 3-Body A236-ASP 24, A237-LYS 43, A239-LYD 24:       0.00120527 at      1.473 Ang (1.745 Ang by residue) in 10.3039 (sec).
 3-Body A236-ASP 24, A237-LYS 43, A239-LYD 23:       0.00082472 at      1.483 Ang (1.745 Ang by residue) in 9.8661 (sec).
 3-Body A236-ASP 24, A237-LYS 43, A239-LYS 29:       0.00094162 at      1.569 Ang (1.745 Ang by residue) in 10.4417 (sec).
 3-Body A236-ASP 24, A237-LYS 43, A239-LYD 28:       0.00187189 at      1.484 Ang (1.745 Ang by residue) in 10.1114 (sec).
 3-Body A236-ASP 24, A237-LYS 43, A239-LYS 31:       0.00049253 at      1.569 Ang (1.745 Ang by residue) in 9.7777 (sec).
 3-Body A236-ASP 24, A237-LYS 43, A239-LYS 30:       0.00899304 at      1.508 Ang (1.745 Ang by residue) in 9.8790 (sec).
 3-Body A236-ASP 24, A237-LYS 43, A239-LYS 33:       0.00052894 at      1.569 Ang (1.745 Ang by residue) in 10.0033 (sec).
 3-Body A236-ASP 24, A237-LYS 43, A239-LYS 32:       0.00073376 at      1.569 Ang (1.745 Ang by residue) in 10.0133 (sec).
 3-Body A236-ASP 24, A237-LYS 43, A239-LYS 38:       0.00051844 at      1.569 Ang (1.745 Ang by residue) in 9.9978 (sec).
 3-Body A236-ASP 24, A237-LYS 43, A239-LYS 37:       0.00054071 at      1.569 Ang (1.745 Ang by residue) in 9.4208 (sec).
 3-Body A236-ASP 24, A237-LYS 43, A239-LYS 40:       0.00051227 at      1.569 Ang (1.745 Ang by residue) in 9.8750 (sec).
 3-Body A236-ASP 24, A237-LYS 43, A239-LYS 39:       0.00066259 at      1.569 Ang (1.745 Ang by residue) in 10.3024 (sec).
 3-Body A236-ASP 24, A237-LYS 43, A239-LYS 42:       0.00092773 at      1.569 Ang (1.745 Ang by residue) in 10.2792 (sec).
 3-Body A236-ASP 24, A237-LYS 43, A239-LYS 41:       0.00053271 at      1.569 Ang (1.745 Ang by residue) in 9.3860 (sec).
 3-Body A236-ASP 24, A237-LYS 43, A239-LYS 46:       0.00114457 at      1.483 Ang (1.745 Ang by residue) in 10.1478 (sec).
 3-Body A236-ASP 24, A237-LYS 43, A239-LYS 43:       0.00171989 at      1.569 Ang (1.745 Ang by residue) in 9.8853 (sec).
 3-Body A236-ASP 24, A237-LYS 43, A239-LYS 48:       0.00261173 at      1.483 Ang (1.745 Ang by residue) in 10.2674 (sec).
 3-Body A236-ASP 24, A237-LYS 43, A239-LYS 47:       0.00926863 at      1.483 Ang (1.745 Ang by residue) in 9.9461 (sec).
 3-Body A236-ASP 24, A237-LYS 43, A239-LYS 50:       0.00135825 at      1.483 Ang (1.745 Ang by residue) in 9.9928 (sec).
