 Evaluating /Dedicated/schnieders/programs/stack-2021.1.sh
  Loading Modules
   Stack 2021.1
   GCC 9.3.0
   CMake 3.20.0
   Eigen 3.3.9
   Cuda 11.1.1
   Cuda: /usr/share/apps/2021.1/arch/gcc-9.3.0/cuda-11.1.1
   CudaNN 8.0.5.39-11.1
   Swig 4.0.2_gcc-9.3.0
  Loading software from /Dedicated/schnieders/programs/local
   Ant: /Dedicated/schnieders/programs/apache-ant-1.10.11
   FFX: /Dedicated/schnieders/programs/ffx-builds/forcefieldx-2026-01-04
   GDMA: /Dedicated/schnieders/programs/gdma-2.3
   Groovy: /Dedicated/schnieders/programs/groovy-4.0.1
   Java: /Dedicated/schnieders/programs/jdk-25.0.1
   Maven: /Dedicated/schnieders/programs/apache-maven-3.9.5
   VMD: /Dedicated/schnieders/programs/vmd
   NAMD: /Dedicated/schnieders/programs/NAMD_3.0alpha7_Linux-x86_64-multicore-CUDA
   OpenEye: /Dedicated/schnieders/programs/OpenEye
   Tinker: /Dedicated/schnieders/programs/tinker-tools
=== Titration pH 4.4 started: Fri May  8 18:57:32 CDT 2026 ===
  Copy already exists, skipping.
WARNING: Using incubator modules: jdk.incubator.vector
  Restart file found: /Dedicated/schnieders/maemmad/pKa_GNN/ffx_pipeline/data/fixed_pdbs/2TRX/2TRX_pH4.4.restart — adding --eR
WARNING: Using incubator modules: jdk.incubator.vector
 _________________________________________________________________________

        FORCE FIELD X - Polyglot Software for Molecular Biophysics 

        Version 1.0.0-6947  April 2026 
        Git Revision  519408079905b3dd4b967041b75b836f63fb563f 
 
        Please cite the following reference when using Force Field X:

        RA Gogal, AJ Nessler, AC Thiel, HV Bernabe, RA Corrigan Grove,
        LM Cousineau, JM Litman, JM Miller, G Qi, MJ Speranza,
        MR Tollefson, TD Fenn, JJ Michaelson, O Okada, JP Piquemal,
        JW Ponder, J Shen, RJH Smith, W Yang, P Ren and MJ Schnieders,
        2024, Journal of Chemical Physics, 161 (1).

        Copyright (c)  Michael J. Schnieders  2001-2025
        All Rights Reserved

        Force Field X is distributed under the GPL v. 3 license
        with linking exception and is hosted by the Schnieders Lab
        at The University of Iowa.

        User Manual:   https://ffx.biochem.uiowa.edu/manual.html
        Publications:  https://ffx.biochem.uiowa.edu/publications.html
        License:       https://ffx.biochem.uiowa.edu/licenses.html

 _________________________________________________________________________

 Fri May 08 18:58:03 CDT 2026
 Process ID 250732 on argon-itf-bx53-13.hpc.

 Command line arguments:
 [ManyBody, --tR, --pH, 4.4, --oT, -T, --kPH, 3.0, --eR, /Dedicated/schnieders/maemmad/pKa_GNN/ffx_pipeline/data/fixed_pdbs/2TRX/2TRX_pH4.4.restart, /Dedicated/schnieders/maemmad/pKa_GNN/ffx_pipeline/data/fixed_pdbs/2TRX/2TRX_pH4.4.pdb]

 Executing internal command: ffx.algorithms.commands.ManyBody

 Parsing: Internal force field (amoeba-bio-2018-cphmd).
 Parsing: Structure properties from (/Dedicated/schnieders/maemmad/pKa_GNN/ffx_pipeline/data/fixed_pdbs/2TRX/titrate.properties).
 Parsing: JVM system properties (i.e. command line -Dkey=value pairs).

 Attempting to read force field patch from /Dedicated/schnieders/maemmad/pKa_GNN/naphosphate_solute.09Feb21.prm.

 Renumbering Patch: FALSE
 Reading 2TRX_pH4.4.pdb

 Assigning atom types for 2 chains.
 Amino acid chain A
 Amino acid chain B
 Constructing Force Field AMOEBA-BIO-2018-CPHMD

 SMP threads:                                20
 The system will be treated as aperiodic (max separation =   68.5 A).

 Bonded Terms
  Bonds:                                   3342
  Angles:                                  6100
  Stretch-Bends:                           5326
  Out-of-Plane Bends:                      1848
  Torsions:                                8920
  Pi-Orbital Torsions:                      350
  Torsion-Torsions:                          18

 Non-Bonded Terms

  Van der Waals
   Cut-Off:                                NONE
   Long-Range Correction:                 FALSE

 Electrostatics
   Polarization:                         MUTUAL
    SCF Convergence Criteria:         1.000e-06
    SCF Predictor:                         NONE
    SCF Algorithm:                           CG
    CG Preconditioner Cut-Off:            4.500
    CG Preconditioner Ewald Coeff.:       0.000
    CG Preconditioner Scale:              2.000
    CG Preconditioner Mode:     FLETCHER_REEVES
    Electrostatics Cut-Off:                NONE

  Continuum Solvation
   Radii:                                SOLUTE
   Generalized Kirkwood Cut-Off:           NONE
   GKC:                                  2.4550
   Solvent Dielectric:                  78.3000
   Solute Dielectric:                    2.0000
   Descreen with vdW Radii:                TRUE
   Descreen with Hydrogen Atoms:          FALSE
   Descreen Offset:                      0.0000
   General HCT Scale Factor:             0.7200
   Non-Polar Model:                  GAUSS-DISP
    GaussVol Radii Offset:               0.0000
    GaussVol Radii Scale:                1.0000
   Dispersion Integral Offset:           1.0560 (A)
   Cavitation Solvent Pressure:          0.0334 (Kcal/mol/A^3)
   Cavitation Surface Tension:           0.1030 (Kcal/mol/A^2)
   Cavitation Cross-Over Radius:         9.2515 (A)

  Overall system charge:                 -8.000

 Opened 2TRX_pH4.4.pdb in 1.488 sec.

 System Resources
  Total CPU time:          21.07 (sec)
  System load average:      2.76
  Open file handles:         146 of  81920 allowed
  System memory:           44898 MB free out of  45940 MB
  System swap space:        1418 MB free out of   2053 MB
  JVM memory:               3999 MB free out of   4096 MB

 Adding titration hydrogen to : /Dedicated/schnieders/maemmad/pKa_GNN/ffx_pipeline/data/fixed_pdbs/2TRX/2TRX_pH4.4.pdb

 Reading 2TRX_pH4.4.pdb

 Assigning atom types for 2 chains.
 Amino acid chain A
 Amino acid chain B
 Renumbering PDB file due to built atoms (3344 vs 3312)
 Total number of atoms: 3344

 Constructing Force Field AMOEBA-BIO-2018-CPHMD

 SMP threads:                                20
 The system will be treated as aperiodic (max separation =   68.5 A).

 Bonded Terms
  Bonds:                                   3374
  Angles:                                  6132
  Stretch-Bends:                           5326
  Out-of-Plane Bends:                      1848
  Torsions:                                8984
  Pi-Orbital Torsions:                      350
  Torsion-Torsions:                          18

 Non-Bonded Terms

  Van der Waals
   Cut-Off:                                NONE
   Long-Range Correction:                 FALSE

 Electrostatics
   Polarization:                         MUTUAL
    SCF Convergence Criteria:         1.000e-06
    SCF Predictor:                         NONE
    SCF Algorithm:                           CG
    CG Preconditioner Cut-Off:            4.500
    CG Preconditioner Ewald Coeff.:       0.000
    CG Preconditioner Scale:              2.000
    CG Preconditioner Mode:     FLETCHER_REEVES
    Electrostatics Cut-Off:                NONE

  Continuum Solvation
   Radii:                                SOLUTE
   Generalized Kirkwood Cut-Off:           NONE
   GKC:                                  2.4550
   Solvent Dielectric:                  78.3000
   Solute Dielectric:                    2.0000
   Descreen with vdW Radii:                TRUE
   Descreen with Hydrogen Atoms:          FALSE
   Descreen Offset:                      0.0000
   General HCT Scale Factor:             0.7200
   Non-Polar Model:                  GAUSS-DISP
    GaussVol Radii Offset:               0.0000
    GaussVol Radii Scale:                1.0000
   Dispersion Integral Offset:           1.0560 (A)
   Cavitation Solvent Pressure:          0.0334 (Kcal/mol/A^3)
   Cavitation Surface Tension:           0.1030 (Kcal/mol/A^2)
   Cavitation Cross-Over Radius:         9.2515 (A)

  Overall system charge:                 24.000
 Temperature: 298.150000

 Energy restart file: 2TRX_pH4.4.restart

 Initial Potential Energy:
 Generalized Kirkwood  -3310.15275458      0.175
 Cavitation             2129.71149214      0.154
 Dispersion            -1328.69690896      0.288

 Computed Potential Energy
  Bond Stretching            420.64038329         3374        0.001 ( 0.01747)
  Angle Bending              701.57919389         6132        0.003 ( 2.66680)
  Stretch-Bend               -10.22041472         5326        0.003
  Out-of-Plane Bend           28.88623889         1848        0.001
  Torsional Angle            230.90488161         8984        0.005
  Pi-Orbital Torsion          23.73448200          350        0.001
  Torsion-Torsion            -85.01862523           18        0.000
  Van der Waals              714.31454209      5579990        0.069
  Atomic Multipoles         -453.38375471      5579990
  Polarization              -232.95909226      5579990        1.970
  Solvation                -2509.13817139      5592840
  Total Potential          -1170.66033655  (Kcal/mole)        2.053 (sec)

 Initial Rotamer Torsion Angles:

 Residue    Current Torsional Angles
 A    2-ASH   63.803  -49.019    0.000    0.000
 A    3-LYS  -59.160 -165.071  172.380   61.272
 A    6-HIS  176.458   77.223    0.000    0.000
 A    9-ASH  -72.397  158.008    0.000    0.000
 A   10-ASH  -67.092  158.563    0.000    0.000
 A   13-ASH  179.865 -114.856    0.000    0.000
 A   15-ASH  -62.782  169.023    0.000    0.000
 A   18-LYS  -71.583  139.902 -177.273   67.661
 A   20-ASH -177.318 -148.291    0.000    0.000
 A   26-ASH  175.656 -145.061    0.000    0.000
 A   30-GLH -176.985   64.982   10.015    0.000
 A   32-CYS -173.509    0.000    0.000    0.000
 A   35-CYS  -77.397    0.000    0.000    0.000
 A   36-LYS  -66.998 -179.985   68.024 -179.974
 A   43-ASH  -68.427  158.747    0.000    0.000
 A   44-GLH  -58.525 -178.339   74.574    0.000
 A   47-ASH  -77.424  -52.980    0.000    0.000
 A   48-GLH  -67.710 -178.477 -170.482    0.000
 A   52-LYS  -67.002  179.995  180.000 -179.980
 A   57-LYS  -80.753  176.176  179.149  176.096
 A   61-ASH  -65.314  -21.676    0.000    0.000
 A   69-LYS  -66.990 -179.987 -180.000  179.975
 A   82-LYS  -68.357  172.766  109.847  175.238
 A   85-GLH  -65.004  -65.022  -39.987    0.000
 A   90-LYS -155.672  -79.716  165.718  -74.359
 A   96-LYS -179.649 -175.749  168.631  171.839
 A  100-LYS  -68.271  179.439   61.593  160.732
 A  101-GLH  -65.002  -64.963  -40.081    0.000
 A  104-ASH  -60.620   -9.122    0.000    0.000

 Rotamer Library:     Richardson
 Algorithm:           ALL
 Goldstein Criteria:  true
 Three-Body Energies: true


 Computing Residue Distance Matrix
 Built residue neighbor list:              0.004 sec
 Pairwise distance matrix:               481.768 sec

 Beginning Energy   -2778.83797802

     Residue  Nrot
   1   A2-ASH   27
   2   A3-LYS   56
   3   A6-HIS   27
   4   A9-ASH   27
   5  A10-ASH   27
   6  A13-ASH   27
   7  A15-ASH   27
   8  A18-LYS   56
   9  A20-ASH   27
  10  A26-ASH   27
  11  A30-GLH   42
  12  A32-CYS   11
  13  A35-CYS   11
  14  A36-LYS   56
  15  A43-ASH   27
  16  A44-GLH   42
  17  A47-ASH   27
  18  A48-GLH   42
  19  A52-LYS   56
  20  A57-LYS   56
  21  A61-ASH   27
  22  A69-LYS   56
  23  A82-LYS   56
  24  A85-GLH   42
  25  A90-LYS   56
  26  A96-LYS   56
  27 A100-LYS   56
  28 A101-GLH   42
  29 A104-ASH   27

 Backbone energy:    -1764.92748534

 Loaded self energies from restart file.
  Rotamer ( A2-ASH, 4) self-energy      15.51341109 pruned by ( A2-ASP, 0)     -11.26819957.
  Rotamer ( A2-ASH, 9) self-energy      23.13704654 pruned by ( A2-ASP, 0)     -11.26819957.
  Rotamer ( A2-ASH,14) self-energy      20.74261269 pruned by ( A2-ASP, 0)     -11.26819957.
  Rotamer ( A2-ASH,17) self-energy      68.30759367 pruned by ( A2-ASP, 0)     -11.26819957.
  Rotamer ( A2-ASH,18) self-energy      58.24414685 pruned by ( A2-ASP, 0)     -11.26819957.
  Rotamer ( A2-ASH,19) self-energy      67.63326453 pruned by ( A2-ASP, 0)     -11.26819957.
  Rotamer ( A2-ASH,21) self-energy      18.32720502 pruned by ( A2-ASP, 0)     -11.26819957.
  Rotamer ( A2-ASP,24) self-energy      19.77016060 pruned by ( A2-ASP, 0)     -11.26819957.
  Rotamer ( A3-LYD, 1) self-energy      94.92261029 pruned by ( A3-LYS, 0)     -22.66719381.
  Rotamer ( A3-LYD, 2) self-energy     433.00388343 pruned by ( A3-LYS, 0)     -22.66719381.
  Rotamer ( A3-LYD, 3) self-energy   18635.53595383 pruned by ( A3-LYS, 0)     -22.66719381.
  Rotamer ( A3-LYD, 4) self-energy    9676.39564405 pruned by ( A3-LYS, 0)     -22.66719381.
  Rotamer ( A3-LYD, 5) self-energy    5875.08459455 pruned by ( A3-LYS, 0)     -22.66719381.
  Rotamer ( A3-LYD, 6) self-energy   43568.62245887 pruned by ( A3-LYS, 0)     -22.66719381.
  Rotamer ( A3-LYD, 7) self-energy     109.50795573 pruned by ( A3-LYS, 0)     -22.66719381.
  Rotamer ( A3-LYD, 8) self-energy     108.97562838 pruned by ( A3-LYS, 0)     -22.66719381.
  Rotamer ( A3-LYD, 9) self-energy     124.35201582 pruned by ( A3-LYS, 0)     -22.66719381.
  Rotamer ( A3-LYD,10) self-energy    2188.97610571 pruned by ( A3-LYS, 0)     -22.66719381.
  Rotamer ( A3-LYD,11) self-energy  273097.82796234 pruned by ( A3-LYS, 0)     -22.66719381.
  Rotamer ( A3-LYD,12) self-energy     173.23415975 pruned by ( A3-LYS, 0)     -22.66719381.
  Rotamer ( A3-LYD,13) self-energy    1395.54550594 pruned by ( A3-LYS, 0)     -22.66719381.
  Rotamer ( A3-LYD,14) self-energy     141.07915979 pruned by ( A3-LYS, 0)     -22.66719381.
  Rotamer ( A3-LYD,15) self-energy     166.28693921 pruned by ( A3-LYS, 0)     -22.66719381.
  Rotamer ( A3-LYD,16) self-energy     195.66734559 pruned by ( A3-LYS, 0)     -22.66719381.
  Rotamer ( A3-LYD,17) self-energy     118.04707379 pruned by ( A3-LYS, 0)     -22.66719381.
  Rotamer ( A3-LYD,18) self-energy     151.49941505 pruned by ( A3-LYS, 0)     -22.66719381.
  Rotamer ( A3-LYD,19) self-energy     154.33693492 pruned by ( A3-LYS, 0)     -22.66719381.
  Rotamer ( A3-LYD,20) self-energy      96.05782106 pruned by ( A3-LYS, 0)     -22.66719381.
  Rotamer ( A3-LYD,21) self-energy      96.00669549 pruned by ( A3-LYS, 0)     -22.66719381.
  Rotamer ( A3-LYD,22) self-energy     114.04076567 pruned by ( A3-LYS, 0)     -22.66719381.
  Rotamer ( A3-LYD,23) self-energy     122.13757903 pruned by ( A3-LYS, 0)     -22.66719381.
  Rotamer ( A3-LYD,24) self-energy      98.71125083 pruned by ( A3-LYS, 0)     -22.66719381.
  Rotamer ( A3-LYD,25) self-energy     112.21934747 pruned by ( A3-LYS, 0)     -22.66719381.
  Rotamer ( A3-LYD,26) self-energy      98.57084818 pruned by ( A3-LYS, 0)     -22.66719381.
  Rotamer ( A3-LYD,27) self-energy      99.60430562 pruned by ( A3-LYS, 0)     -22.66719381.
  Rotamer ( A3-LYD,28) self-energy     110.34421347 pruned by ( A3-LYS, 0)     -22.66719381.
  Rotamer ( A3-LYS,29) self-energy     326.10066425 pruned by ( A3-LYS, 0)     -22.66719381.
  Rotamer ( A3-LYS,30) self-energy      61.30977300 pruned by ( A3-LYS, 0)     -22.66719381.
  Rotamer ( A3-LYS,31) self-energy   10066.58555387 pruned by ( A3-LYS, 0)     -22.66719381.
  Rotamer ( A3-LYS,32) self-energy    5763.11666211 pruned by ( A3-LYS, 0)     -22.66719381.
  Rotamer ( A3-LYS,33) self-energy   43605.36297563 pruned by ( A3-LYS, 0)     -22.66719381.
  Rotamer ( A3-LYS,36) self-energy      23.95731182 pruned by ( A3-LYS, 0)     -22.66719381.
  Rotamer ( A3-LYS,37) self-energy    2117.14034289 pruned by ( A3-LYS, 0)     -22.66719381.
  Rotamer ( A3-LYS,38) self-energy *     3.9452e+06 pruned by ( A3-LYS, 0)     -22.66719381.
  Rotamer ( A3-LYS,39) self-energy      58.39128505 pruned by ( A3-LYS, 0)     -22.66719381.
  Rotamer ( A3-LYS,40) self-energy    1301.33404799 pruned by ( A3-LYS, 0)     -22.66719381.
  Rotamer ( A3-LYS,41) self-energy      24.56154878 pruned by ( A3-LYS, 0)     -22.66719381.
  Rotamer ( A3-LYS,42) self-energy      61.62400126 pruned by ( A3-LYS, 0)     -22.66719381.
  Rotamer ( A3-LYS,43) self-energy      88.78707460 pruned by ( A3-LYS, 0)     -22.66719381.
  Rotamer ( A3-LYS,44) self-energy       3.55737361 pruned by ( A3-LYS, 0)     -22.66719381.
  Rotamer ( A3-LYS,45) self-energy      44.44397719 pruned by ( A3-LYS, 0)     -22.66719381.
  Rotamer ( A3-LYS,46) self-energy      39.24762378 pruned by ( A3-LYS, 0)     -22.66719381.
  Rotamer ( A3-LYS,49) self-energy      13.82054940 pruned by ( A3-LYS, 0)     -22.66719381.
  Rotamer ( A3-LYS,50) self-energy      37.01504402 pruned by ( A3-LYS, 0)     -22.66719381.
  Rotamer ( A6-HID, 1) self-energy      -2.42598257 pruned by ( A6-HIS, 0)     -32.09325528.
  Rotamer ( A6-HID,11) self-energy       5.14104379 pruned by ( A6-HIS, 0)     -32.09325528.
  Rotamer ( A6-HID,12) self-energy       8.45051707 pruned by ( A6-HIS, 0)     -32.09325528.
  Rotamer ( A6-HID,13) self-energy      -1.34008204 pruned by ( A6-HIS, 0)     -32.09325528.
  Rotamer ( A6-HID,14) self-energy      -2.69490841 pruned by ( A6-HIS, 0)     -32.09325528.
  Rotamer ( A6-HID,15) self-energy      -3.66717840 pruned by ( A6-HIS, 0)     -32.09325528.
  Rotamer ( A6-HID,16) self-energy      -0.77282426 pruned by ( A6-HIS, 0)     -32.09325528.
  Rotamer ( A6-HID,17) self-energy       1.31796164 pruned by ( A6-HIS, 0)     -32.09325528.
  Rotamer ( A6-HID,18) self-energy      -0.19336908 pruned by ( A6-HIS, 0)     -32.09325528.
  Rotamer ( A6-HIE,19) self-energy      -5.20934716 pruned by ( A6-HIS, 0)     -32.09325528.
  Rotamer ( A6-HIE,20) self-energy       1.71845391 pruned by ( A6-HIS, 0)     -32.09325528.
  Rotamer ( A6-HIE,25) self-energy      -6.68272507 pruned by ( A6-HIS, 0)     -32.09325528.
  Rotamer ( A9-ASH, 6) self-energy      33.00365123 pruned by ( A9-ASP, 0)     -11.50965646.
  Rotamer ( A9-ASH, 7) self-energy      32.30614306 pruned by ( A9-ASP, 0)     -11.50965646.
  Rotamer ( A9-ASH, 8) self-energy      15.98678720 pruned by ( A9-ASP, 0)     -11.50965646.
  Rotamer ( A9-ASH,17) self-energy     172.16184286 pruned by ( A9-ASP, 0)     -11.50965646.
  Rotamer ( A9-ASH,18) self-energy     111.11874813 pruned by ( A9-ASP, 0)     -11.50965646.
  Rotamer ( A9-ASH,19) self-energy      30.57944637 pruned by ( A9-ASP, 0)     -11.50965646.
  Rotamer ( A9-ASH,21) self-energy      22.65461739 pruned by ( A9-ASP, 0)     -11.50965646.
  Rotamer (A10-ASH, 2) self-energy      16.69114613 pruned by (A10-ASH, 6)     -14.32541203.
  Rotamer (A10-ASH, 7) self-energy      40.51274679 pruned by (A10-ASH, 6)     -14.32541203.
  Rotamer (A10-ASH, 8) self-energy      11.49791838 pruned by (A10-ASH, 6)     -14.32541203.
  Rotamer (A10-ASH,12) self-energy      21.60038911 pruned by (A10-ASH, 6)     -14.32541203.
  Rotamer (A10-ASH,17) self-energy     129.70114435 pruned by (A10-ASH, 6)     -14.32541203.
  Rotamer (A10-ASH,18) self-energy      86.56753385 pruned by (A10-ASH, 6)     -14.32541203.
  Rotamer (A10-ASH,19) self-energy      39.99912683 pruned by (A10-ASH, 6)     -14.32541203.
  Rotamer (A10-ASH,21) self-energy      10.78862413 pruned by (A10-ASH, 6)     -14.32541203.
  Rotamer (A10-ASP,22) self-energy      27.38330955 pruned by (A10-ASH, 6)     -14.32541203.
  Rotamer (A13-ASH, 2) self-energy      19.76069696 pruned by (A13-ASP, 0)     -10.62077175.
  Rotamer (A13-ASH, 3) self-energy      23.28178496 pruned by (A13-ASP, 0)     -10.62077175.
  Rotamer (A13-ASH, 7) self-energy     119.40643471 pruned by (A13-ASP, 0)     -10.62077175.
  Rotamer (A13-ASH, 8) self-energy      63.17680537 pruned by (A13-ASP, 0)     -10.62077175.
  Rotamer (A13-ASH,12) self-energy      25.07633875 pruned by (A13-ASP, 0)     -10.62077175.
  Rotamer (A13-ASH,13) self-energy      29.30535456 pruned by (A13-ASP, 0)     -10.62077175.
  Rotamer (A13-ASH,17) self-energy     458.63134665 pruned by (A13-ASP, 0)     -10.62077175.
  Rotamer (A13-ASH,18) self-energy     266.11939066 pruned by (A13-ASP, 0)     -10.62077175.
  Rotamer (A13-ASH,19) self-energy      28.73833479 pruned by (A13-ASP, 0)     -10.62077175.
  Rotamer (A13-ASH,21) self-energy      19.66011869 pruned by (A13-ASP, 0)     -10.62077175.
  Rotamer (A13-ASP,22) self-energy      23.22759775 pruned by (A13-ASP, 0)     -10.62077175.
  Rotamer (A13-ASP,23) self-energy      27.12016014 pruned by (A13-ASP, 0)     -10.62077175.
  Rotamer (A15-ASH, 2) self-energy      53.80157300 pruned by (A15-ASH, 6)     -12.60881601.
  Rotamer (A15-ASH, 3) self-energy      46.34197845 pruned by (A15-ASH, 6)     -12.60881601.
  Rotamer (A15-ASH, 4) self-energy      65.19769084 pruned by (A15-ASH, 6)     -12.60881601.
  Rotamer (A15-ASH, 7) self-energy     154.18013024 pruned by (A15-ASH, 6)     -12.60881601.
  Rotamer (A15-ASH, 8) self-energy     161.61635598 pruned by (A15-ASH, 6)     -12.60881601.
  Rotamer (A15-ASH, 9) self-energy      36.46588024 pruned by (A15-ASH, 6)     -12.60881601.
  Rotamer (A15-ASH,12) self-energy      54.16517465 pruned by (A15-ASH, 6)     -12.60881601.
  Rotamer (A15-ASH,13) self-energy      48.01607366 pruned by (A15-ASH, 6)     -12.60881601.
  Rotamer (A15-ASH,14) self-energy      43.88879075 pruned by (A15-ASH, 6)     -12.60881601.
  Rotamer (A15-ASH,15) self-energy      37.22725078 pruned by (A15-ASH, 6)     -12.60881601.
  Rotamer (A15-ASH,17) self-energy     266.48093236 pruned by (A15-ASH, 6)     -12.60881601.
  Rotamer (A15-ASH,18) self-energy     197.83450367 pruned by (A15-ASH, 6)     -12.60881601.
  Rotamer (A15-ASH,19) self-energy      70.36531191 pruned by (A15-ASH, 6)     -12.60881601.
  Rotamer (A15-ASH,21) self-energy      12.95523713 pruned by (A15-ASH, 6)     -12.60881601.
  Rotamer (A15-ASP,22) self-energy     120.61838919 pruned by (A15-ASH, 6)     -12.60881601.
  Rotamer (A15-ASP,23) self-energy      64.37077085 pruned by (A15-ASH, 6)     -12.60881601.
  Rotamer (A15-ASP,24) self-energy      34.03788158 pruned by (A15-ASH, 6)     -12.60881601.
  Rotamer (A15-ASP,25) self-energy      13.84709154 pruned by (A15-ASH, 6)     -12.60881601.
  Rotamer (A18-LYD, 1) self-energy      96.70797465 pruned by (A18-LYS, 0)     -21.40988940.
  Rotamer (A18-LYD, 2) self-energy     146.81224326 pruned by (A18-LYS, 0)     -21.40988940.
  Rotamer (A18-LYD, 3) self-energy   21101.07708322 pruned by (A18-LYS, 0)     -21.40988940.
  Rotamer (A18-LYD, 4) self-energy   24074.43545250 pruned by (A18-LYS, 0)     -21.40988940.
  Rotamer (A18-LYD, 5) self-energy  172919.55064954 pruned by (A18-LYS, 0)     -21.40988940.
  Rotamer (A18-LYD, 6) self-energy    1184.99167849 pruned by (A18-LYS, 0)     -21.40988940.
  Rotamer (A18-LYD, 7) self-energy    2720.23048872 pruned by (A18-LYS, 0)     -21.40988940.
  Rotamer (A18-LYD, 8) self-energy    2817.47451921 pruned by (A18-LYS, 0)     -21.40988940.
  Rotamer (A18-LYD, 9) self-energy    3163.07024185 pruned by (A18-LYS, 0)     -21.40988940.
  Rotamer (A18-LYD,10) self-energy     229.20741805 pruned by (A18-LYS, 0)     -21.40988940.
  Rotamer (A18-LYD,11) self-energy    2364.50294950 pruned by (A18-LYS, 0)     -21.40988940.
  Rotamer (A18-LYD,12) self-energy    3197.92721255 pruned by (A18-LYS, 0)     -21.40988940.
  Rotamer (A18-LYD,13) self-energy    1535.44946822 pruned by (A18-LYS, 0)     -21.40988940.
  Rotamer (A18-LYD,14) self-energy   30682.55821321 pruned by (A18-LYS, 0)     -21.40988940.
  Rotamer (A18-LYD,15) self-energy     734.49854413 pruned by (A18-LYS, 0)     -21.40988940.
  Rotamer (A18-LYD,16) self-energy   33558.38262281 pruned by (A18-LYS, 0)     -21.40988940.
  Rotamer (A18-LYD,17) self-energy     117.76340014 pruned by (A18-LYS, 0)     -21.40988940.
  Rotamer (A18-LYD,18) self-energy     749.02723589 pruned by (A18-LYS, 0)     -21.40988940.
  Rotamer (A18-LYD,19) self-energy     706.79038795 pruned by (A18-LYS, 0)     -21.40988940.
  Rotamer (A18-LYD,20) self-energy     101.59049990 pruned by (A18-LYS, 0)     -21.40988940.
  Rotamer (A18-LYD,21) self-energy     252.53700943 pruned by (A18-LYS, 0)     -21.40988940.
  Rotamer (A18-LYD,22) self-energy     117.49141116 pruned by (A18-LYS, 0)     -21.40988940.
  Rotamer (A18-LYD,23) self-energy     144.82800701 pruned by (A18-LYS, 0)     -21.40988940.
  Rotamer (A18-LYD,24) self-energy     100.96824505 pruned by (A18-LYS, 0)     -21.40988940.
  Rotamer (A18-LYD,25) self-energy     122.19822834 pruned by (A18-LYS, 0)     -21.40988940.
  Rotamer (A18-LYD,26) self-energy     100.16381090 pruned by (A18-LYS, 0)     -21.40988940.
  Rotamer (A18-LYD,27) self-energy     101.85007954 pruned by (A18-LYS, 0)     -21.40988940.
  Rotamer (A18-LYD,28) self-energy     725.45106746 pruned by (A18-LYS, 0)     -21.40988940.
  Rotamer (A18-LYS,29) self-energy      32.46267832 pruned by (A18-LYS, 0)     -21.40988940.
  Rotamer (A18-LYS,30) self-energy     473.28085208 pruned by (A18-LYS, 0)     -21.40988940.
  Rotamer (A18-LYS,31) self-energy   23963.93847966 pruned by (A18-LYS, 0)     -21.40988940.
  Rotamer (A18-LYS,32) self-energy  172835.99022320 pruned by (A18-LYS, 0)     -21.40988940.
  Rotamer (A18-LYS,33) self-energy    1082.25641875 pruned by (A18-LYS, 0)     -21.40988940.
  Rotamer (A18-LYS,34) self-energy   73640.15940295 pruned by (A18-LYS, 0)     -21.40988940.
  Rotamer (A18-LYS,35) self-energy    2710.97688799 pruned by (A18-LYS, 0)     -21.40988940.
  Rotamer (A18-LYS,36) self-energy    3277.17406282 pruned by (A18-LYS, 0)     -21.40988940.
  Rotamer (A18-LYS,37) self-energy     118.48738085 pruned by (A18-LYS, 0)     -21.40988940.
  Rotamer (A18-LYS,38) self-energy    2304.36613252 pruned by (A18-LYS, 0)     -21.40988940.
  Rotamer (A18-LYS,39) self-energy    3200.05547337 pruned by (A18-LYS, 0)     -21.40988940.
  Rotamer (A18-LYS,40) self-energy    1420.11504279 pruned by (A18-LYS, 0)     -21.40988940.
  Rotamer (A18-LYS,41) self-energy   30566.92220518 pruned by (A18-LYS, 0)     -21.40988940.
  Rotamer (A18-LYS,42) self-energy     624.95581131 pruned by (A18-LYS, 0)     -21.40988940.
  Rotamer (A18-LYS,43) self-energy   38035.14977555 pruned by (A18-LYS, 0)     -21.40988940.
  Rotamer (A18-LYS,44) self-energy       4.75931210 pruned by (A18-LYS, 0)     -21.40988940.
  Rotamer (A18-LYS,45) self-energy     639.78066884 pruned by (A18-LYS, 0)     -21.40988940.
  Rotamer (A18-LYS,46) self-energy     603.78760272 pruned by (A18-LYS, 0)     -21.40988940.
  Rotamer (A18-LYS,48) self-energy     208.85241194 pruned by (A18-LYS, 0)     -21.40988940.
  Rotamer (A18-LYS,49) self-energy      72.36951884 pruned by (A18-LYS, 0)     -21.40988940.
  Rotamer (A18-LYS,50) self-energy      37.27171465 pruned by (A18-LYS, 0)     -21.40988940.
  Rotamer (A18-LYS,52) self-energy       5.47558634 pruned by (A18-LYS, 0)     -21.40988940.
  Rotamer (A18-LYS,55) self-energy     602.80457518 pruned by (A18-LYS, 0)     -21.40988940.
  Rotamer (A20-ASH, 2) self-energy      23.11902996 pruned by (A20-ASP, 0)      -9.66340492.
  Rotamer (A20-ASH, 3) self-energy      28.66681718 pruned by (A20-ASP, 0)      -9.66340492.
  Rotamer (A20-ASH, 6) self-energy     427.63981415 pruned by (A20-ASP, 0)      -9.66340492.
  Rotamer (A20-ASH, 7) self-energy     104.00965486 pruned by (A20-ASP, 0)      -9.66340492.
  Rotamer (A20-ASH, 8) self-energy      76.62786687 pruned by (A20-ASP, 0)      -9.66340492.
  Rotamer (A20-ASH,11) self-energy     279.17500501 pruned by (A20-ASP, 0)      -9.66340492.
  Rotamer (A20-ASH,12) self-energy      29.01836382 pruned by (A20-ASP, 0)      -9.66340492.
  Rotamer (A20-ASH,13) self-energy      35.32852641 pruned by (A20-ASP, 0)      -9.66340492.
  Rotamer (A20-ASH,16) self-energy     171.65317467 pruned by (A20-ASP, 0)      -9.66340492.
  Rotamer (A20-ASH,17) self-energy     469.36105145 pruned by (A20-ASP, 0)      -9.66340492.
  Rotamer (A20-ASH,18) self-energy     466.39978744 pruned by (A20-ASP, 0)      -9.66340492.
  Rotamer (A20-ASH,19) self-energy      26.92162429 pruned by (A20-ASP, 0)      -9.66340492.
  Rotamer (A20-ASH,21) self-energy     296.02754437 pruned by (A20-ASP, 0)      -9.66340492.
  Rotamer (A20-ASP,22) self-energy      29.41245686 pruned by (A20-ASP, 0)      -9.66340492.
  Rotamer (A20-ASP,23) self-energy      37.13371393 pruned by (A20-ASP, 0)      -9.66340492.
  Rotamer (A20-ASP,26) self-energy     250.01515589 pruned by (A20-ASP, 0)      -9.66340492.
  Rotamer (A26-ASH, 2) self-energy     159.15587409 pruned by (A26-ASP, 0)     -11.54530607.
  Rotamer (A26-ASH, 3) self-energy      91.31955520 pruned by (A26-ASP, 0)     -11.54530607.
  Rotamer (A26-ASH, 6) self-energy    1205.36716361 pruned by (A26-ASP, 0)     -11.54530607.
  Rotamer (A26-ASH, 7) self-energy     264.50143071 pruned by (A26-ASP, 0)     -11.54530607.
  Rotamer (A26-ASH, 8) self-energy     128.55317573 pruned by (A26-ASP, 0)     -11.54530607.
  Rotamer (A26-ASH,11) self-energy     465.73267678 pruned by (A26-ASP, 0)     -11.54530607.
  Rotamer (A26-ASH,12) self-energy     170.21864031 pruned by (A26-ASP, 0)     -11.54530607.
  Rotamer (A26-ASH,13) self-energy     103.08757942 pruned by (A26-ASP, 0)     -11.54530607.
  Rotamer (A26-ASH,16) self-energy    1006.31564939 pruned by (A26-ASP, 0)     -11.54530607.
  Rotamer (A26-ASH,17) self-energy     399.66554945 pruned by (A26-ASP, 0)     -11.54530607.
  Rotamer (A26-ASH,18) self-energy     745.00621724 pruned by (A26-ASP, 0)     -11.54530607.
  Rotamer (A26-ASH,19) self-energy      24.18929585 pruned by (A26-ASP, 0)     -11.54530607.
  Rotamer (A26-ASH,21) self-energy     458.16520472 pruned by (A26-ASP, 0)     -11.54530607.
  Rotamer (A26-ASP,22) self-energy     223.68269877 pruned by (A26-ASP, 0)     -11.54530607.
  Rotamer (A26-ASP,23) self-energy     120.80258866 pruned by (A26-ASP, 0)     -11.54530607.
  Rotamer (A26-ASP,26) self-energy     667.82928808 pruned by (A26-ASP, 0)     -11.54530607.
  Rotamer (A30-GLH, 7) self-energy     153.60120363 pruned by (A30-GLU,40)      -6.25958366.
  Rotamer (A30-GLH, 9) self-energy     193.92319769 pruned by (A30-GLU,40)      -6.25958366.
  Rotamer (A30-GLH,11) self-energy      64.42211116 pruned by (A30-GLU,40)      -6.25958366.
  Rotamer (A30-GLH,15) self-energy      54.12324336 pruned by (A30-GLU,40)      -6.25958366.
  Rotamer (A30-GLH,17) self-energy     127.92576693 pruned by (A30-GLU,40)      -6.25958366.
  Rotamer (A30-GLH,23) self-energy      55.96325595 pruned by (A30-GLU,40)      -6.25958366.
  Rotamer (A30-GLH,25) self-energy     229.66065797 pruned by (A30-GLU,40)      -6.25958366.
  Rotamer (A30-GLH,26) self-energy      18.75309442 pruned by (A30-GLU,40)      -6.25958366.
  Rotamer (A30-GLH,27) self-energy     105.72169889 pruned by (A30-GLU,40)      -6.25958366.
  Rotamer (A30-GLH,28) self-energy      19.03136498 pruned by (A30-GLU,40)      -6.25958366.
  Rotamer (A30-GLH,30) self-energy      35.24515945 pruned by (A30-GLU,40)      -6.25958366.
  Rotamer (A30-GLH,31) self-energy      87.01776827 pruned by (A30-GLU,40)      -6.25958366.
  Rotamer (A30-GLH,33) self-energy     142.39144959 pruned by (A30-GLU,40)      -6.25958366.
  Rotamer (A30-GLU,39) self-energy      39.22876295 pruned by (A30-GLU,40)      -6.25958366.
  Rotamer (A30-GLU,41) self-energy     170.54572249 pruned by (A30-GLU,40)      -6.25958366.
  Rotamer (A32-CYD, 1) self-energy      53.96563075 pruned by (A32-CYS, 3)       0.09439540.
  Rotamer (A32-CYS, 2) self-energy      31.68177325 pruned by (A32-CYS, 3)       0.09439540.
  Rotamer (A32-CYS, 4) self-energy     133.19498470 pruned by (A32-CYS, 3)       0.09439540.
  Rotamer (A32-CYS, 5) self-energy      31.68177325 pruned by (A32-CYS, 3)       0.09439540.
  Rotamer (A32-CYS, 7) self-energy     133.19498470 pruned by (A32-CYS, 3)       0.09439540.
  Rotamer (A32-CYD, 8) self-energy      92.89980107 pruned by (A32-CYS, 3)       0.09439540.
  Rotamer (A32-CYD, 9) self-energy      54.31333899 pruned by (A32-CYS, 3)       0.09439540.
  Rotamer (A32-CYD,10) self-energy     110.92315980 pruned by (A32-CYS, 3)       0.09439540.
  Rotamer (A35-CYD, 1) self-energy      55.91573528 pruned by (A35-CYS, 4)       3.71896611.
  Rotamer (A35-CYS, 2) self-energy      64.50972449 pruned by (A35-CYS, 4)       3.71896611.
  Rotamer (A35-CYS, 3) self-energy    1450.53215013 pruned by (A35-CYS, 4)       3.71896611.
  Rotamer (A35-CYS, 5) self-energy      64.50972449 pruned by (A35-CYS, 4)       3.71896611.
  Rotamer (A35-CYS, 6) self-energy    1450.53215013 pruned by (A35-CYS, 4)       3.71896611.
  Rotamer (A35-CYD, 8) self-energy     130.02875625 pruned by (A35-CYS, 4)       3.71896611.
  Rotamer (A35-CYD, 9) self-energy     128.68538916 pruned by (A35-CYS, 4)       3.71896611.
  Rotamer (A35-CYD,10) self-energy      51.83222754 pruned by (A35-CYS, 4)       3.71896611.
  Rotamer (A36-LYD, 1) self-energy      95.57927470 pruned by (A36-LYS,40)     -22.87892458.
  Rotamer (A36-LYD, 2) self-energy      99.80841042 pruned by (A36-LYS,40)     -22.87892458.
  Rotamer (A36-LYD, 3) self-energy     130.81604552 pruned by (A36-LYS,40)     -22.87892458.
  Rotamer (A36-LYD, 4) self-energy     127.50417992 pruned by (A36-LYS,40)     -22.87892458.
  Rotamer (A36-LYD, 5) self-energy    6961.82892405 pruned by (A36-LYS,40)     -22.87892458.
  Rotamer (A36-LYD, 6) self-energy     100.59775857 pruned by (A36-LYS,40)     -22.87892458.
  Rotamer (A36-LYD, 7) self-energy      98.11864469 pruned by (A36-LYS,40)     -22.87892458.
  Rotamer (A36-LYD, 8) self-energy      97.16561081 pruned by (A36-LYS,40)     -22.87892458.
  Rotamer (A36-LYD, 9) self-energy      99.07162396 pruned by (A36-LYS,40)     -22.87892458.
  Rotamer (A36-LYD,10) self-energy      97.72720158 pruned by (A36-LYS,40)     -22.87892458.
  Rotamer (A36-LYD,11) self-energy      96.52733598 pruned by (A36-LYS,40)     -22.87892458.
  Rotamer (A36-LYD,12) self-energy      95.87907902 pruned by (A36-LYS,40)     -22.87892458.
  Rotamer (A36-LYD,13) self-energy      94.91469832 pruned by (A36-LYS,40)     -22.87892458.
  Rotamer (A36-LYD,14) self-energy      96.83219186 pruned by (A36-LYS,40)     -22.87892458.
  Rotamer (A36-LYD,15) self-energy      95.52139560 pruned by (A36-LYS,40)     -22.87892458.
  Rotamer (A36-LYD,16) self-energy      98.20782966 pruned by (A36-LYS,40)     -22.87892458.
  Rotamer (A36-LYD,17) self-energy     178.16658826 pruned by (A36-LYS,40)     -22.87892458.
  Rotamer (A36-LYD,18) self-energy     141.07510516 pruned by (A36-LYS,40)     -22.87892458.
  Rotamer (A36-LYD,19) self-energy      95.57275397 pruned by (A36-LYS,40)     -22.87892458.
  Rotamer (A36-LYD,20) self-energy     380.87973360 pruned by (A36-LYS,40)     -22.87892458.
  Rotamer (A36-LYD,21) self-energy     106.11765376 pruned by (A36-LYS,40)     -22.87892458.
  Rotamer (A36-LYD,22) self-energy     102.03970281 pruned by (A36-LYS,40)     -22.87892458.
  Rotamer (A36-LYD,23) self-energy      96.03337821 pruned by (A36-LYS,40)     -22.87892458.
  Rotamer (A36-LYD,24) self-energy     109.71496556 pruned by (A36-LYS,40)     -22.87892458.
  Rotamer (A36-LYD,25) self-energy     121.39692154 pruned by (A36-LYS,40)     -22.87892458.
  Rotamer (A36-LYD,26) self-energy     167.72063239 pruned by (A36-LYS,40)     -22.87892458.
  Rotamer (A36-LYD,27) self-energy     243.43882011 pruned by (A36-LYS,40)     -22.87892458.
  Rotamer (A36-LYD,28) self-energy      98.67840159 pruned by (A36-LYS,40)     -22.87892458.
  Rotamer (A36-LYS,31) self-energy      10.69905814 pruned by (A36-LYS,40)     -22.87892458.
  Rotamer (A36-LYS,32) self-energy    6768.87450480 pruned by (A36-LYS,40)     -22.87892458.
  Rotamer (A36-LYS,44) self-energy      63.67810350 pruned by (A36-LYS,40)     -22.87892458.
  Rotamer (A36-LYS,45) self-energy      28.15659380 pruned by (A36-LYS,40)     -22.87892458.
  Rotamer (A36-LYS,47) self-energy     262.23854839 pruned by (A36-LYS,40)     -22.87892458.
  Rotamer (A36-LYS,52) self-energy       5.12472491 pruned by (A36-LYS,40)     -22.87892458.
  Rotamer (A36-LYS,53) self-energy      48.53887836 pruned by (A36-LYS,40)     -22.87892458.
  Rotamer (A36-LYS,54) self-energy     144.55117984 pruned by (A36-LYS,40)     -22.87892458.
  Rotamer (A43-ASH, 2) self-energy     331.53525735 pruned by (A43-ASP,25)     -13.60584934.
  Rotamer (A43-ASH, 3) self-energy     161.52032368 pruned by (A43-ASP,25)     -13.60584934.
  Rotamer (A43-ASH, 7) self-energy     177.85755041 pruned by (A43-ASP,25)     -13.60584934.
  Rotamer (A43-ASH, 8) self-energy      75.31119284 pruned by (A43-ASP,25)     -13.60584934.
  Rotamer (A43-ASH,12) self-energy     330.96761256 pruned by (A43-ASP,25)     -13.60584934.
  Rotamer (A43-ASH,13) self-energy     130.72346891 pruned by (A43-ASP,25)     -13.60584934.
  Rotamer (A43-ASH,17) self-energy     340.75285570 pruned by (A43-ASP,25)     -13.60584934.
  Rotamer (A43-ASH,18) self-energy     193.18190860 pruned by (A43-ASP,25)     -13.60584934.
  Rotamer (A43-ASH,19) self-energy      27.53255392 pruned by (A43-ASP,25)     -13.60584934.
  Rotamer (A43-ASH,21) self-energy      14.00095690 pruned by (A43-ASP,25)     -13.60584934.
  Rotamer (A43-ASP,22) self-energy     399.83440296 pruned by (A43-ASP,25)     -13.60584934.
  Rotamer (A43-ASP,23) self-energy     133.70078038 pruned by (A43-ASP,25)     -13.60584934.
  Rotamer (A44-GLH, 2) self-energy      90.82252415 pruned by (A44-GLH, 5)      -7.48327276.
  Rotamer (A44-GLH, 3) self-energy    1700.49578039 pruned by (A44-GLH, 5)      -7.48327276.
  Rotamer (A44-GLH, 7) self-energy     200.47782413 pruned by (A44-GLH, 5)      -7.48327276.
  Rotamer (A44-GLH,10) self-energy      63.26008751 pruned by (A44-GLH, 5)      -7.48327276.
  Rotamer (A44-GLH,11) self-energy    1373.61870555 pruned by (A44-GLH, 5)      -7.48327276.
  Rotamer (A44-GLH,15) self-energy     179.72622894 pruned by (A44-GLH, 5)      -7.48327276.
  Rotamer (A44-GLH,18) self-energy     124.45420364 pruned by (A44-GLH, 5)      -7.48327276.
  Rotamer (A44-GLH,19) self-energy     868.23034879 pruned by (A44-GLH, 5)      -7.48327276.
  Rotamer (A44-GLH,23) self-energy     201.67406313 pruned by (A44-GLH, 5)      -7.48327276.
  Rotamer (A44-GLH,26) self-energy      81.71048274 pruned by (A44-GLH, 5)      -7.48327276.
  Rotamer (A44-GLH,27) self-energy    1351.43290361 pruned by (A44-GLH, 5)      -7.48327276.
  Rotamer (A44-GLH,28) self-energy      17.69518226 pruned by (A44-GLH, 5)      -7.48327276.
  Rotamer (A44-GLH,30) self-energy      37.66191990 pruned by (A44-GLH, 5)      -7.48327276.
  Rotamer (A44-GLH,31) self-energy     134.52677200 pruned by (A44-GLH, 5)      -7.48327276.
  Rotamer (A44-GLU,34) self-energy      74.53473273 pruned by (A44-GLH, 5)      -7.48327276.
  Rotamer (A44-GLU,35) self-energy    1241.58131316 pruned by (A44-GLH, 5)      -7.48327276.
  Rotamer (A44-GLU,39) self-energy     239.43384692 pruned by (A44-GLH, 5)      -7.48327276.
  Rotamer (A47-ASH, 2) self-energy     168.64536244 pruned by (A47-ASH, 6)     -15.45065924.
  Rotamer (A47-ASH, 3) self-energy      98.94887373 pruned by (A47-ASH, 6)     -15.45065924.
  Rotamer (A47-ASH, 7) self-energy     169.94965740 pruned by (A47-ASH, 6)     -15.45065924.
  Rotamer (A47-ASH, 8) self-energy      64.05510589 pruned by (A47-ASH, 6)     -15.45065924.
  Rotamer (A47-ASH,12) self-energy     169.24737372 pruned by (A47-ASH, 6)     -15.45065924.
  Rotamer (A47-ASH,13) self-energy      80.41756634 pruned by (A47-ASH, 6)     -15.45065924.
  Rotamer (A47-ASH,17) self-energy     342.99344765 pruned by (A47-ASH, 6)     -15.45065924.
  Rotamer (A47-ASH,18) self-energy     212.53459101 pruned by (A47-ASH, 6)     -15.45065924.
  Rotamer (A47-ASH,19) self-energy      22.97780224 pruned by (A47-ASH, 6)     -15.45065924.
  Rotamer (A47-ASH,21) self-energy      10.21133085 pruned by (A47-ASH, 6)     -15.45065924.
  Rotamer (A47-ASP,22) self-energy     211.90832353 pruned by (A47-ASH, 6)     -15.45065924.
  Rotamer (A47-ASP,23) self-energy      91.90203785 pruned by (A47-ASH, 6)     -15.45065924.
  Rotamer (A48-GLH, 2) self-energy    2174.12796520 pruned by (A48-GLU, 0)      -7.94486464.
  Rotamer (A48-GLH, 3) self-energy  147504.08240737 pruned by (A48-GLU, 0)      -7.94486464.
  Rotamer (A48-GLH, 6) self-energy     114.81782420 pruned by (A48-GLU, 0)      -7.94486464.
  Rotamer (A48-GLH, 7) self-energy    3806.22792522 pruned by (A48-GLU, 0)      -7.94486464.
  Rotamer (A48-GLH,10) self-energy    1425.94901590 pruned by (A48-GLU, 0)      -7.94486464.
  Rotamer (A48-GLH,11) self-energy *     5.8474e+06 pruned by (A48-GLU, 0)      -7.94486464.
  Rotamer (A48-GLH,14) self-energy     219.61611578 pruned by (A48-GLU, 0)      -7.94486464.
  Rotamer (A48-GLH,15) self-energy    3594.81037420 pruned by (A48-GLU, 0)      -7.94486464.
  Rotamer (A48-GLH,18) self-energy    1838.16205699 pruned by (A48-GLU, 0)      -7.94486464.
  Rotamer (A48-GLH,19) self-energy  145874.64133301 pruned by (A48-GLU, 0)      -7.94486464.
  Rotamer (A48-GLH,22) self-energy     118.81327568 pruned by (A48-GLU, 0)      -7.94486464.
  Rotamer (A48-GLH,23) self-energy    3809.54918884 pruned by (A48-GLU, 0)      -7.94486464.
  Rotamer (A48-GLH,26) self-energy    1444.28561334 pruned by (A48-GLU, 0)      -7.94486464.
  Rotamer (A48-GLH,27) self-energy *     5.8465e+06 pruned by (A48-GLU, 0)      -7.94486464.
  Rotamer (A48-GLH,28) self-energy      20.00185220 pruned by (A48-GLU, 0)      -7.94486464.
  Rotamer (A48-GLH,30) self-energy     169.17903989 pruned by (A48-GLU, 0)      -7.94486464.
  Rotamer (A48-GLH,31) self-energy    1033.01617274 pruned by (A48-GLU, 0)      -7.94486464.
  Rotamer (A48-GLU,34) self-energy    2083.09794678 pruned by (A48-GLU, 0)      -7.94486464.
  Rotamer (A48-GLU,35) self-energy *     7.4522e+06 pruned by (A48-GLU, 0)      -7.94486464.
  Rotamer (A48-GLU,38) self-energy     146.42972713 pruned by (A48-GLU, 0)      -7.94486464.
  Rotamer (A48-GLU,39) self-energy    4964.52113378 pruned by (A48-GLU, 0)      -7.94486464.
  Rotamer (A52-LYD, 1) self-energy      93.51549503 pruned by (A52-LYS,48)     -25.30580842.
  Rotamer (A52-LYD, 2) self-energy     196.24751351 pruned by (A52-LYS,48)     -25.30580842.
  Rotamer (A52-LYD, 3) self-energy   11092.95088952 pruned by (A52-LYS,48)     -25.30580842.
  Rotamer (A52-LYD, 4) self-energy    2101.81277022 pruned by (A52-LYS,48)     -25.30580842.
  Rotamer (A52-LYD, 5) self-energy   44159.02087102 pruned by (A52-LYS,48)     -25.30580842.
  Rotamer (A52-LYD, 6) self-energy     478.60731251 pruned by (A52-LYS,48)     -25.30580842.
  Rotamer (A52-LYD, 7) self-energy      98.73688585 pruned by (A52-LYS,48)     -25.30580842.
  Rotamer (A52-LYD, 8) self-energy      98.04458277 pruned by (A52-LYS,48)     -25.30580842.
  Rotamer (A52-LYD, 9) self-energy     100.66636725 pruned by (A52-LYS,48)     -25.30580842.
  Rotamer (A52-LYD,10) self-energy    1220.12340347 pruned by (A52-LYS,48)     -25.30580842.
  Rotamer (A52-LYD,11) self-energy     281.29543992 pruned by (A52-LYS,48)     -25.30580842.
  Rotamer (A52-LYD,12) self-energy     121.43881796 pruned by (A52-LYS,48)     -25.30580842.
  Rotamer (A52-LYD,13) self-energy     121.86568705 pruned by (A52-LYS,48)     -25.30580842.
  Rotamer (A52-LYD,14) self-energy    1106.35131755 pruned by (A52-LYS,48)     -25.30580842.
  Rotamer (A52-LYD,15) self-energy      98.55468244 pruned by (A52-LYS,48)     -25.30580842.
  Rotamer (A52-LYD,16) self-energy     100.91765681 pruned by (A52-LYS,48)     -25.30580842.
  Rotamer (A52-LYD,17) self-energy     108.65591579 pruned by (A52-LYS,48)     -25.30580842.
  Rotamer (A52-LYD,18) self-energy     139.82527110 pruned by (A52-LYS,48)     -25.30580842.
  Rotamer (A52-LYD,19) self-energy      95.21725555 pruned by (A52-LYS,48)     -25.30580842.
  Rotamer (A52-LYD,20) self-energy      94.55063373 pruned by (A52-LYS,48)     -25.30580842.
  Rotamer (A52-LYD,21) self-energy      93.51934326 pruned by (A52-LYS,48)     -25.30580842.
  Rotamer (A52-LYD,22) self-energy      95.41059408 pruned by (A52-LYS,48)     -25.30580842.
  Rotamer (A52-LYD,23) self-energy      94.87138629 pruned by (A52-LYS,48)     -25.30580842.
  Rotamer (A52-LYD,24) self-energy      97.08303663 pruned by (A52-LYS,48)     -25.30580842.
  Rotamer (A52-LYD,25) self-energy      95.92495242 pruned by (A52-LYS,48)     -25.30580842.
  Rotamer (A52-LYD,26) self-energy      94.99355684 pruned by (A52-LYS,48)     -25.30580842.
  Rotamer (A52-LYD,27) self-energy      96.75376298 pruned by (A52-LYS,48)     -25.30580842.
  Rotamer (A52-LYD,28) self-energy      96.69589738 pruned by (A52-LYS,48)     -25.30580842.
  Rotamer (A52-LYS,29) self-energy      78.73946614 pruned by (A52-LYS,48)     -25.30580842.
  Rotamer (A52-LYS,31) self-energy    2072.07757293 pruned by (A52-LYS,48)     -25.30580842.
  Rotamer (A52-LYS,32) self-energy   44175.98439494 pruned by (A52-LYS,48)     -25.30580842.
  Rotamer (A52-LYS,33) self-energy     359.35826496 pruned by (A52-LYS,48)     -25.30580842.
  Rotamer (A52-LYS,37) self-energy    1149.87824125 pruned by (A52-LYS,48)     -25.30580842.
  Rotamer (A52-LYS,38) self-energy     162.65881686 pruned by (A52-LYS,48)     -25.30580842.
  Rotamer (A52-LYS,39) self-energy       4.18797317 pruned by (A52-LYS,48)     -25.30580842.
  Rotamer (A52-LYS,40) self-energy       3.54871997 pruned by (A52-LYS,48)     -25.30580842.
  Rotamer (A52-LYS,41) self-energy    1344.18189059 pruned by (A52-LYS,48)     -25.30580842.
  Rotamer (A52-LYS,45) self-energy      26.57330418 pruned by (A52-LYS,48)     -25.30580842.
  Rotamer (A57-LYD, 1) self-energy      95.50928748 pruned by (A57-LYS, 0)     -21.98298182.
  Rotamer (A57-LYD, 2) self-energy     105.49103613 pruned by (A57-LYS, 0)     -21.98298182.
  Rotamer (A57-LYD, 3) self-energy      97.17872447 pruned by (A57-LYS, 0)     -21.98298182.
  Rotamer (A57-LYD, 4) self-energy      97.32266925 pruned by (A57-LYS, 0)     -21.98298182.
  Rotamer (A57-LYD, 5) self-energy      98.71317226 pruned by (A57-LYS, 0)     -21.98298182.
  Rotamer (A57-LYD, 6) self-energy     145.84522785 pruned by (A57-LYS, 0)     -21.98298182.
  Rotamer (A57-LYD, 7) self-energy   11893.06578181 pruned by (A57-LYS, 0)     -21.98298182.
  Rotamer (A57-LYD, 8) self-energy   35911.35428692 pruned by (A57-LYS, 0)     -21.98298182.
  Rotamer (A57-LYD, 9) self-energy   22401.24536483 pruned by (A57-LYS, 0)     -21.98298182.
  Rotamer (A57-LYD,10) self-energy     498.15988889 pruned by (A57-LYS, 0)     -21.98298182.
  Rotamer (A57-LYD,11) self-energy     437.97088214 pruned by (A57-LYS, 0)     -21.98298182.
  Rotamer (A57-LYD,12) self-energy   18587.21453789 pruned by (A57-LYS, 0)     -21.98298182.
  Rotamer (A57-LYD,13) self-energy   13684.17282942 pruned by (A57-LYS, 0)     -21.98298182.
  Rotamer (A57-LYD,14) self-energy   14612.02169768 pruned by (A57-LYS, 0)     -21.98298182.
  Rotamer (A57-LYD,15) self-energy     516.90756283 pruned by (A57-LYS, 0)     -21.98298182.
  Rotamer (A57-LYD,16) self-energy     519.24927612 pruned by (A57-LYS, 0)     -21.98298182.
  Rotamer (A57-LYD,17) self-energy     253.11147555 pruned by (A57-LYS, 0)     -21.98298182.
  Rotamer (A57-LYD,18) self-energy     372.63114413 pruned by (A57-LYS, 0)     -21.98298182.
  Rotamer (A57-LYD,19) self-energy     108.57127121 pruned by (A57-LYS, 0)     -21.98298182.
  Rotamer (A57-LYD,20) self-energy     160.63342632 pruned by (A57-LYS, 0)     -21.98298182.
  Rotamer (A57-LYD,21) self-energy     105.02227770 pruned by (A57-LYS, 0)     -21.98298182.
  Rotamer (A57-LYD,22) self-energy     107.20441681 pruned by (A57-LYS, 0)     -21.98298182.
  Rotamer (A57-LYD,23) self-energy     137.09665216 pruned by (A57-LYS, 0)     -21.98298182.
  Rotamer (A57-LYD,24) self-energy    2382.43980081 pruned by (A57-LYS, 0)     -21.98298182.
  Rotamer (A57-LYD,25) self-energy     136.94760076 pruned by (A57-LYS, 0)     -21.98298182.
  Rotamer (A57-LYD,26) self-energy    1175.18673695 pruned by (A57-LYS, 0)     -21.98298182.
  Rotamer (A57-LYD,27) self-energy     147.69383219 pruned by (A57-LYS, 0)     -21.98298182.
  Rotamer (A57-LYD,28) self-energy     115.54336099 pruned by (A57-LYS, 0)     -21.98298182.
  Rotamer (A57-LYS,33) self-energy      28.52297652 pruned by (A57-LYS, 0)     -21.98298182.
  Rotamer (A57-LYS,34) self-energy   12089.18825125 pruned by (A57-LYS, 0)     -21.98298182.
  Rotamer (A57-LYS,35) self-energy   35896.69421316 pruned by (A57-LYS, 0)     -21.98298182.
  Rotamer (A57-LYS,36) self-energy   22309.91731738 pruned by (A57-LYS, 0)     -21.98298182.
  Rotamer (A57-LYS,37) self-energy     400.91529106 pruned by (A57-LYS, 0)     -21.98298182.
  Rotamer (A57-LYS,38) self-energy     358.11486363 pruned by (A57-LYS, 0)     -21.98298182.
  Rotamer (A57-LYS,39) self-energy   18833.42046376 pruned by (A57-LYS, 0)     -21.98298182.
  Rotamer (A57-LYS,40) self-energy   13514.19252839 pruned by (A57-LYS, 0)     -21.98298182.
  Rotamer (A57-LYS,41) self-energy   14537.49974047 pruned by (A57-LYS, 0)     -21.98298182.
  Rotamer (A57-LYS,42) self-energy     399.88110160 pruned by (A57-LYS, 0)     -21.98298182.
  Rotamer (A57-LYS,43) self-energy     402.02832376 pruned by (A57-LYS, 0)     -21.98298182.
  Rotamer (A57-LYS,44) self-energy     139.21739246 pruned by (A57-LYS, 0)     -21.98298182.
  Rotamer (A57-LYS,45) self-energy     260.04745177 pruned by (A57-LYS, 0)     -21.98298182.
  Rotamer (A57-LYS,47) self-energy      59.79772697 pruned by (A57-LYS, 0)     -21.98298182.
  Rotamer (A57-LYS,50) self-energy      20.49350949 pruned by (A57-LYS, 0)     -21.98298182.
  Rotamer (A57-LYS,51) self-energy    2308.11399048 pruned by (A57-LYS, 0)     -21.98298182.
  Rotamer (A57-LYS,52) self-energy      20.79927680 pruned by (A57-LYS, 0)     -21.98298182.
  Rotamer (A57-LYS,53) self-energy    1048.16537417 pruned by (A57-LYS, 0)     -21.98298182.
  Rotamer (A57-LYS,54) self-energy      32.57691218 pruned by (A57-LYS, 0)     -21.98298182.
  Rotamer (A61-ASH, 2) self-energy     191.04183271 pruned by (A61-ASP,25)     -12.20719680.
  Rotamer (A61-ASH, 3) self-energy      97.49588856 pruned by (A61-ASP,25)     -12.20719680.
  Rotamer (A61-ASH, 7) self-energy     197.62372831 pruned by (A61-ASP,25)     -12.20719680.
  Rotamer (A61-ASH, 8) self-energy     208.90856619 pruned by (A61-ASP,25)     -12.20719680.
  Rotamer (A61-ASH,12) self-energy     194.37887622 pruned by (A61-ASP,25)     -12.20719680.
  Rotamer (A61-ASH,13) self-energy      97.52168544 pruned by (A61-ASP,25)     -12.20719680.
  Rotamer (A61-ASH,17) self-energy     490.76142704 pruned by (A61-ASP,25)     -12.20719680.
  Rotamer (A61-ASH,18) self-energy     306.69045587 pruned by (A61-ASP,25)     -12.20719680.
  Rotamer (A61-ASH,19) self-energy      25.28514828 pruned by (A61-ASP,25)     -12.20719680.
  Rotamer (A61-ASH,21) self-energy      13.36704356 pruned by (A61-ASP,25)     -12.20719680.
  Rotamer (A61-ASP,22) self-energy     228.12603418 pruned by (A61-ASP,25)     -12.20719680.
  Rotamer (A61-ASP,23) self-energy     109.20172458 pruned by (A61-ASP,25)     -12.20719680.
  Rotamer (A69-LYD, 1) self-energy      94.21797996 pruned by (A69-LYS,48)     -23.97108963.
  Rotamer (A69-LYD, 2) self-energy     229.35885033 pruned by (A69-LYS,48)     -23.97108963.
  Rotamer (A69-LYD, 3) self-energy   37570.09970347 pruned by (A69-LYS,48)     -23.97108963.
  Rotamer (A69-LYD, 4) self-energy    2525.26805322 pruned by (A69-LYS,48)     -23.97108963.
  Rotamer (A69-LYD, 5) self-energy   38182.17176180 pruned by (A69-LYS,48)     -23.97108963.
  Rotamer (A69-LYD, 6) self-energy     206.75415481 pruned by (A69-LYS,48)     -23.97108963.
  Rotamer (A69-LYD, 7) self-energy      98.84748334 pruned by (A69-LYS,48)     -23.97108963.
  Rotamer (A69-LYD, 8) self-energy      98.06627977 pruned by (A69-LYS,48)     -23.97108963.
  Rotamer (A69-LYD, 9) self-energy      99.95593422 pruned by (A69-LYS,48)     -23.97108963.
  Rotamer (A69-LYD,10) self-energy     350.32342458 pruned by (A69-LYS,48)     -23.97108963.
  Rotamer (A69-LYD,11) self-energy     108.92017705 pruned by (A69-LYS,48)     -23.97108963.
  Rotamer (A69-LYD,12) self-energy      96.56830250 pruned by (A69-LYS,48)     -23.97108963.
  Rotamer (A69-LYD,13) self-energy      95.66315222 pruned by (A69-LYS,48)     -23.97108963.
  Rotamer (A69-LYD,14) self-energy      97.03072636 pruned by (A69-LYS,48)     -23.97108963.
  Rotamer (A69-LYD,15) self-energy      97.26581466 pruned by (A69-LYS,48)     -23.97108963.
  Rotamer (A69-LYD,16) self-energy      99.62927727 pruned by (A69-LYS,48)     -23.97108963.
  Rotamer (A69-LYD,17) self-energy     110.91728644 pruned by (A69-LYS,48)     -23.97108963.
  Rotamer (A69-LYD,18) self-energy     140.54753616 pruned by (A69-LYS,48)     -23.97108963.
  Rotamer (A69-LYD,19) self-energy      95.89221611 pruned by (A69-LYS,48)     -23.97108963.
  Rotamer (A69-LYD,20) self-energy      96.74143815 pruned by (A69-LYS,48)     -23.97108963.
  Rotamer (A69-LYD,21) self-energy      94.21782683 pruned by (A69-LYS,48)     -23.97108963.
  Rotamer (A69-LYD,22) self-energy      96.09494300 pruned by (A69-LYS,48)     -23.97108963.
  Rotamer (A69-LYD,23) self-energy     100.32537046 pruned by (A69-LYS,48)     -23.97108963.
  Rotamer (A69-LYD,24) self-energy     174.84121737 pruned by (A69-LYS,48)     -23.97108963.
  Rotamer (A69-LYD,25) self-energy      97.19515184 pruned by (A69-LYS,48)     -23.97108963.
  Rotamer (A69-LYD,26) self-energy      96.26002478 pruned by (A69-LYS,48)     -23.97108963.
  Rotamer (A69-LYD,27) self-energy      97.69521295 pruned by (A69-LYS,48)     -23.97108963.
  Rotamer (A69-LYD,28) self-energy      97.90067507 pruned by (A69-LYS,48)     -23.97108963.
  Rotamer (A69-LYS,29) self-energy     110.83653492 pruned by (A69-LYS,48)     -23.97108963.
  Rotamer (A69-LYS,31) self-energy    2405.25122392 pruned by (A69-LYS,48)     -23.97108963.
  Rotamer (A69-LYS,32) self-energy   39034.15177313 pruned by (A69-LYS,48)     -23.97108963.
  Rotamer (A69-LYS,33) self-energy      88.22302373 pruned by (A69-LYS,48)     -23.97108963.
  Rotamer (A69-LYS,37) self-energy     237.18242969 pruned by (A69-LYS,48)     -23.97108963.
  Rotamer (A69-LYS,45) self-energy      27.12953095 pruned by (A69-LYS,48)     -23.97108963.
  Rotamer (A69-LYS,51) self-energy      59.30014162 pruned by (A69-LYS,48)     -23.97108963.
  Rotamer (A82-LYD, 1) self-energy      97.18004723 pruned by (A82-LYS,46)     -22.38362816.
  Rotamer (A82-LYD, 2) self-energy     134.77733468 pruned by (A82-LYS,46)     -22.38362816.
  Rotamer (A82-LYD, 3) self-energy     104.64215814 pruned by (A82-LYS,46)     -22.38362816.
  Rotamer (A82-LYD, 4) self-energy     103.78374750 pruned by (A82-LYS,46)     -22.38362816.
  Rotamer (A82-LYD, 5) self-energy     156.46875245 pruned by (A82-LYS,46)     -22.38362816.
  Rotamer (A82-LYD, 6) self-energy     104.08426133 pruned by (A82-LYS,46)     -22.38362816.
  Rotamer (A82-LYD, 7) self-energy     121.85795041 pruned by (A82-LYS,46)     -22.38362816.
  Rotamer (A82-LYD, 8) self-energy     103.68747499 pruned by (A82-LYS,46)     -22.38362816.
  Rotamer (A82-LYD, 9) self-energy     101.86750144 pruned by (A82-LYS,46)     -22.38362816.
  Rotamer (A82-LYD,10) self-energy     173.30237494 pruned by (A82-LYS,46)     -22.38362816.
  Rotamer (A82-LYD,11) self-energy     102.71309266 pruned by (A82-LYS,46)     -22.38362816.
  Rotamer (A82-LYD,12) self-energy     119.76892336 pruned by (A82-LYS,46)     -22.38362816.
  Rotamer (A82-LYD,13) self-energy     118.21382128 pruned by (A82-LYS,46)     -22.38362816.
  Rotamer (A82-LYD,14) self-energy    1416.74555972 pruned by (A82-LYS,46)     -22.38362816.
  Rotamer (A82-LYD,15) self-energy     100.49593876 pruned by (A82-LYS,46)     -22.38362816.
  Rotamer (A82-LYD,16) self-energy     103.04036531 pruned by (A82-LYS,46)     -22.38362816.
  Rotamer (A82-LYD,17) self-energy     590.15561328 pruned by (A82-LYS,46)     -22.38362816.
  Rotamer (A82-LYD,18) self-energy     141.48228356 pruned by (A82-LYS,46)     -22.38362816.
  Rotamer (A82-LYD,19) self-energy      96.43805263 pruned by (A82-LYS,46)     -22.38362816.
  Rotamer (A82-LYD,20) self-energy     104.99858727 pruned by (A82-LYS,46)     -22.38362816.
  Rotamer (A82-LYD,21) self-energy     192.07931699 pruned by (A82-LYS,46)     -22.38362816.
  Rotamer (A82-LYD,22) self-energy     140.89214086 pruned by (A82-LYS,46)     -22.38362816.
  Rotamer (A82-LYD,23) self-energy     103.21868340 pruned by (A82-LYS,46)     -22.38362816.
  Rotamer (A82-LYD,24) self-energy     221.40146771 pruned by (A82-LYS,46)     -22.38362816.
  Rotamer (A82-LYD,25) self-energy  103235.68320861 pruned by (A82-LYS,46)     -22.38362816.
  Rotamer (A82-LYD,26) self-energy  288618.54545222 pruned by (A82-LYS,46)     -22.38362816.
  Rotamer (A82-LYD,27) self-energy  103371.71070331 pruned by (A82-LYS,46)     -22.38362816.
  Rotamer (A82-LYD,28) self-energy     145.12828102 pruned by (A82-LYS,46)     -22.38362816.
  Rotamer (A82-LYS,29) self-energy      15.95836239 pruned by (A82-LYS,46)     -22.38362816.
  Rotamer (A82-LYS,30) self-energy      10.50736081 pruned by (A82-LYS,46)     -22.38362816.
  Rotamer (A82-LYS,32) self-energy      72.40188858 pruned by (A82-LYS,46)     -22.38362816.
  Rotamer (A82-LYS,34) self-energy      23.41174976 pruned by (A82-LYS,46)     -22.38362816.
  Rotamer (A82-LYS,37) self-energy     124.50990756 pruned by (A82-LYS,46)     -22.38362816.
  Rotamer (A82-LYS,39) self-energy       4.28468758 pruned by (A82-LYS,46)     -22.38362816.
  Rotamer (A82-LYS,41) self-energy    1330.40211575 pruned by (A82-LYS,46)     -22.38362816.
  Rotamer (A82-LYS,44) self-energy     481.14460090 pruned by (A82-LYS,46)     -22.38362816.
  Rotamer (A82-LYS,45) self-energy      27.98253782 pruned by (A82-LYS,46)     -22.38362816.
  Rotamer (A82-LYS,48) self-energy      84.21076503 pruned by (A82-LYS,46)     -22.38362816.
  Rotamer (A82-LYS,49) self-energy      21.91902084 pruned by (A82-LYS,46)     -22.38362816.
  Rotamer (A82-LYS,51) self-energy     103.97933779 pruned by (A82-LYS,46)     -22.38362816.
  Rotamer (A82-LYS,52) self-energy  102842.17184921 pruned by (A82-LYS,46)     -22.38362816.
  Rotamer (A82-LYS,53) self-energy  289349.68807362 pruned by (A82-LYS,46)     -22.38362816.
  Rotamer (A82-LYS,54) self-energy  106298.52384149 pruned by (A82-LYS,46)     -22.38362816.
  Rotamer (A82-LYS,55) self-energy      37.30536136 pruned by (A82-LYS,46)     -22.38362816.
  Rotamer (A85-GLH, 3) self-energy      91.36038525 pruned by (A85-GLH, 8)      -4.41006791.
  Rotamer (A85-GLH, 6) self-energy      48.06647884 pruned by (A85-GLH, 8)      -4.41006791.
  Rotamer (A85-GLH, 7) self-energy      31.55444236 pruned by (A85-GLH, 8)      -4.41006791.
  Rotamer (A85-GLH,11) self-energy     162.70163648 pruned by (A85-GLH, 8)      -4.41006791.
  Rotamer (A85-GLH,14) self-energy      97.04860864 pruned by (A85-GLH, 8)      -4.41006791.
  Rotamer (A85-GLH,15) self-energy      33.88693600 pruned by (A85-GLH, 8)      -4.41006791.
  Rotamer (A85-GLH,19) self-energy      63.02142485 pruned by (A85-GLH, 8)      -4.41006791.
  Rotamer (A85-GLH,22) self-energy      38.10496106 pruned by (A85-GLH, 8)      -4.41006791.
  Rotamer (A85-GLH,23) self-energy      35.81455164 pruned by (A85-GLH, 8)      -4.41006791.
  Rotamer (A85-GLH,26) self-energy      21.04862247 pruned by (A85-GLH, 8)      -4.41006791.
  Rotamer (A85-GLH,27) self-energy     137.78231710 pruned by (A85-GLH, 8)      -4.41006791.
  Rotamer (A85-GLH,30) self-energy     118.00302702 pruned by (A85-GLH, 8)      -4.41006791.
  Rotamer (A85-GLH,31) self-energy      49.68417626 pruned by (A85-GLH, 8)      -4.41006791.
  Rotamer (A85-GLU,35) self-energy      92.84215260 pruned by (A85-GLH, 8)      -4.41006791.
  Rotamer (A85-GLU,38) self-energy      76.67961230 pruned by (A85-GLH, 8)      -4.41006791.
  Rotamer (A85-GLU,39) self-energy      42.14620840 pruned by (A85-GLH, 8)      -4.41006791.
  Rotamer (A90-LYD, 1) self-energy      98.91786431 pruned by (A90-LYS,35)     -21.00742821.
  Rotamer (A90-LYD, 2) self-energy     385.83626494 pruned by (A90-LYS,35)     -21.00742821.
  Rotamer (A90-LYD, 3) self-energy   96364.86610677 pruned by (A90-LYS,35)     -21.00742821.
  Rotamer (A90-LYD, 4) self-energy  104681.48331551 pruned by (A90-LYS,35)     -21.00742821.
  Rotamer (A90-LYD, 5) self-energy   60559.73881353 pruned by (A90-LYS,35)     -21.00742821.
  Rotamer (A90-LYD, 6) self-energy   12358.60417959 pruned by (A90-LYS,35)     -21.00742821.
  Rotamer (A90-LYD, 7) self-energy      99.89860126 pruned by (A90-LYS,35)     -21.00742821.
  Rotamer (A90-LYD, 8) self-energy      97.04806985 pruned by (A90-LYS,35)     -21.00742821.
  Rotamer (A90-LYD, 9) self-energy      99.21787309 pruned by (A90-LYS,35)     -21.00742821.
  Rotamer (A90-LYD,10) self-energy     707.42532974 pruned by (A90-LYS,35)     -21.00742821.
  Rotamer (A90-LYD,11) self-energy   11482.05390614 pruned by (A90-LYS,35)     -21.00742821.
  Rotamer (A90-LYD,12) self-energy     292.95601272 pruned by (A90-LYS,35)     -21.00742821.
  Rotamer (A90-LYD,13) self-energy    6196.21945698 pruned by (A90-LYS,35)     -21.00742821.
  Rotamer (A90-LYD,14) self-energy     356.80419352 pruned by (A90-LYS,35)     -21.00742821.
  Rotamer (A90-LYD,15) self-energy     215.39548478 pruned by (A90-LYS,35)     -21.00742821.
  Rotamer (A90-LYD,16) self-energy     171.95363768 pruned by (A90-LYS,35)     -21.00742821.
  Rotamer (A90-LYD,17) self-energy    1837.95076576 pruned by (A90-LYS,35)     -21.00742821.
  Rotamer (A90-LYD,18) self-energy     473.69541835 pruned by (A90-LYS,35)     -21.00742821.
  Rotamer (A90-LYD,19) self-energy     401.30657690 pruned by (A90-LYS,35)     -21.00742821.
  Rotamer (A90-LYD,20) self-energy  154680.22391641 pruned by (A90-LYS,35)     -21.00742821.
  Rotamer (A90-LYD,21) self-energy *     1.8153e+06 pruned by (A90-LYS,35)     -21.00742821.
  Rotamer (A90-LYD,22) self-energy *     3.4204e+06 pruned by (A90-LYS,35)     -21.00742821.
  Rotamer (A90-LYD,23) self-energy     851.38053858 pruned by (A90-LYS,35)     -21.00742821.
  Rotamer (A90-LYD,24) self-energy    5219.33385207 pruned by (A90-LYS,35)     -21.00742821.
  Rotamer (A90-LYD,25) self-energy    1745.37027483 pruned by (A90-LYS,35)     -21.00742821.
  Rotamer (A90-LYD,26) self-energy     503.12935121 pruned by (A90-LYS,35)     -21.00742821.
  Rotamer (A90-LYD,27) self-energy   56863.64787714 pruned by (A90-LYS,35)     -21.00742821.
  Rotamer (A90-LYD,28) self-energy     142.47374200 pruned by (A90-LYS,35)     -21.00742821.
  Rotamer (A90-LYS,29) self-energy     302.53725879 pruned by (A90-LYS,35)     -21.00742821.
  Rotamer (A90-LYS,30) self-energy    8992.70409815 pruned by (A90-LYS,35)     -21.00742821.
  Rotamer (A90-LYS,31) self-energy  104652.74763291 pruned by (A90-LYS,35)     -21.00742821.
  Rotamer (A90-LYS,32) self-energy   60392.99643653 pruned by (A90-LYS,35)     -21.00742821.
  Rotamer (A90-LYS,33) self-energy   12469.93493921 pruned by (A90-LYS,35)     -21.00742821.
  Rotamer (A90-LYS,37) self-energy     592.79355772 pruned by (A90-LYS,35)     -21.00742821.
  Rotamer (A90-LYS,38) self-energy *     1.9754e+06 pruned by (A90-LYS,35)     -21.00742821.
  Rotamer (A90-LYS,39) self-energy     176.52791639 pruned by (A90-LYS,35)     -21.00742821.
  Rotamer (A90-LYS,40) self-energy    6046.07446135 pruned by (A90-LYS,35)     -21.00742821.
  Rotamer (A90-LYS,41) self-energy     250.21691467 pruned by (A90-LYS,35)     -21.00742821.
  Rotamer (A90-LYS,42) self-energy     103.30837459 pruned by (A90-LYS,35)     -21.00742821.
  Rotamer (A90-LYS,43) self-energy      55.01758531 pruned by (A90-LYS,35)     -21.00742821.
  Rotamer (A90-LYS,44) self-energy    1731.91643892 pruned by (A90-LYS,35)     -21.00742821.
  Rotamer (A90-LYS,45) self-energy     385.97806798 pruned by (A90-LYS,35)     -21.00742821.
  Rotamer (A90-LYS,46) self-energy     308.82755165 pruned by (A90-LYS,35)     -21.00742821.
  Rotamer (A90-LYS,47) self-energy  205589.44655750 pruned by (A90-LYS,35)     -21.00742821.
  Rotamer (A90-LYS,48) self-energy *     1.8032e+06 pruned by (A90-LYS,35)     -21.00742821.
  Rotamer (A90-LYS,49) self-energy *     4.6587e+06 pruned by (A90-LYS,35)     -21.00742821.
  Rotamer (A90-LYS,50) self-energy     730.25274119 pruned by (A90-LYS,35)     -21.00742821.
  Rotamer (A90-LYS,51) self-energy    6088.04144121 pruned by (A90-LYS,35)     -21.00742821.
  Rotamer (A90-LYS,52) self-energy    1965.90990183 pruned by (A90-LYS,35)     -21.00742821.
  Rotamer (A90-LYS,53) self-energy     386.67990656 pruned by (A90-LYS,35)     -21.00742821.
  Rotamer (A90-LYS,54) self-energy   51691.49977812 pruned by (A90-LYS,35)     -21.00742821.
  Rotamer (A90-LYS,55) self-energy      24.82071516 pruned by (A90-LYS,35)     -21.00742821.
  Rotamer (A96-LYD, 1) self-energy      95.80723999 pruned by (A96-LYS,40)     -22.63716447.
  Rotamer (A96-LYD, 2) self-energy     104.01368302 pruned by (A96-LYS,40)     -22.63716447.
  Rotamer (A96-LYD, 3) self-energy     104.06064425 pruned by (A96-LYS,40)     -22.63716447.
  Rotamer (A96-LYD, 4) self-energy     103.19176907 pruned by (A96-LYS,40)     -22.63716447.
  Rotamer (A96-LYD, 5) self-energy     105.18272125 pruned by (A96-LYS,40)     -22.63716447.
  Rotamer (A96-LYD, 6) self-energy     104.25626716 pruned by (A96-LYS,40)     -22.63716447.
  Rotamer (A96-LYD, 7) self-energy     793.50877031 pruned by (A96-LYS,40)     -22.63716447.
  Rotamer (A96-LYD, 8) self-energy     600.70669748 pruned by (A96-LYS,40)     -22.63716447.
  Rotamer (A96-LYD, 9) self-energy     196.98100621 pruned by (A96-LYS,40)     -22.63716447.
  Rotamer (A96-LYD,10) self-energy     100.39686414 pruned by (A96-LYS,40)     -22.63716447.
  Rotamer (A96-LYD,11) self-energy      99.36258542 pruned by (A96-LYS,40)     -22.63716447.
  Rotamer (A96-LYD,12) self-energy      96.38642959 pruned by (A96-LYS,40)     -22.63716447.
  Rotamer (A96-LYD,13) self-energy      95.43103516 pruned by (A96-LYS,40)     -22.63716447.
  Rotamer (A96-LYD,14) self-energy      97.30162837 pruned by (A96-LYS,40)     -22.63716447.
  Rotamer (A96-LYD,15) self-energy      96.38958776 pruned by (A96-LYS,40)     -22.63716447.
  Rotamer (A96-LYD,16) self-energy      98.69294331 pruned by (A96-LYS,40)     -22.63716447.
  Rotamer (A96-LYD,17) self-energy   13444.55791642 pruned by (A96-LYS,40)     -22.63716447.
  Rotamer (A96-LYD,18) self-energy     215.06508593 pruned by (A96-LYS,40)     -22.63716447.
  Rotamer (A96-LYD,19) self-energy     168.89086866 pruned by (A96-LYS,40)     -22.63716447.
  Rotamer (A96-LYD,20) self-energy     187.28236538 pruned by (A96-LYS,40)     -22.63716447.
  Rotamer (A96-LYD,21) self-energy     176.53396307 pruned by (A96-LYS,40)     -22.63716447.
  Rotamer (A96-LYD,22) self-energy     410.72776486 pruned by (A96-LYS,40)     -22.63716447.
  Rotamer (A96-LYD,23) self-energy     170.56331844 pruned by (A96-LYS,40)     -22.63716447.
  Rotamer (A96-LYD,24) self-energy     173.69305891 pruned by (A96-LYS,40)     -22.63716447.
  Rotamer (A96-LYD,25) self-energy   27454.76356724 pruned by (A96-LYS,40)     -22.63716447.
  Rotamer (A96-LYD,26) self-energy  115932.18561635 pruned by (A96-LYS,40)     -22.63716447.
  Rotamer (A96-LYD,27) self-energy  111467.83442197 pruned by (A96-LYS,40)     -22.63716447.
  Rotamer (A96-LYD,28) self-energy   20228.63174941 pruned by (A96-LYS,40)     -22.63716447.
  Rotamer (A96-LYS,30) self-energy     128.73832037 pruned by (A96-LYS,40)     -22.63716447.
  Rotamer (A96-LYS,34) self-energy     666.42396600 pruned by (A96-LYS,40)     -22.63716447.
  Rotamer (A96-LYS,35) self-energy    1813.53955582 pruned by (A96-LYS,40)     -22.63716447.
  Rotamer (A96-LYS,36) self-energy      80.25172696 pruned by (A96-LYS,40)     -22.63716447.
  Rotamer (A96-LYS,44) self-energy   13301.31122851 pruned by (A96-LYS,40)     -22.63716447.
  Rotamer (A96-LYS,45) self-energy     102.31115376 pruned by (A96-LYS,40)     -22.63716447.
  Rotamer (A96-LYS,46) self-energy      51.62647509 pruned by (A96-LYS,40)     -22.63716447.
  Rotamer (A96-LYS,47) self-energy      92.03351156 pruned by (A96-LYS,40)     -22.63716447.
  Rotamer (A96-LYS,48) self-energy      59.57127534 pruned by (A96-LYS,40)     -22.63716447.
  Rotamer (A96-LYS,49) self-energy     295.99427221 pruned by (A96-LYS,40)     -22.63716447.
  Rotamer (A96-LYS,50) self-energy      53.34057207 pruned by (A96-LYS,40)     -22.63716447.
  Rotamer (A96-LYS,51) self-energy      56.94122591 pruned by (A96-LYS,40)     -22.63716447.
  Rotamer (A96-LYS,52) self-energy   27344.41879826 pruned by (A96-LYS,40)     -22.63716447.
  Rotamer (A96-LYS,53) self-energy  115865.34164515 pruned by (A96-LYS,40)     -22.63716447.
  Rotamer (A96-LYS,54) self-energy  113883.47481368 pruned by (A96-LYS,40)     -22.63716447.
  Rotamer (A96-LYS,55) self-energy   20140.35955637 pruned by (A96-LYS,40)     -22.63716447.
  Rotamer (A100-LYD, 1) self-energy      95.16445376 pruned by (A100-LYS,48)     -24.70098338.
  Rotamer (A100-LYD, 2) self-energy     119.34617205 pruned by (A100-LYS,48)     -24.70098338.
  Rotamer (A100-LYD, 3) self-energy     159.48241578 pruned by (A100-LYS,48)     -24.70098338.
  Rotamer (A100-LYD, 4) self-energy     160.28877835 pruned by (A100-LYS,48)     -24.70098338.
  Rotamer (A100-LYD, 5) self-energy    1593.72453515 pruned by (A100-LYS,48)     -24.70098338.
  Rotamer (A100-LYD, 6) self-energy     114.32740176 pruned by (A100-LYS,48)     -24.70098338.
  Rotamer (A100-LYD, 7) self-energy    1285.55236225 pruned by (A100-LYS,48)     -24.70098338.
  Rotamer (A100-LYD, 8) self-energy    1470.29174367 pruned by (A100-LYS,48)     -24.70098338.
  Rotamer (A100-LYD, 9) self-energy    1257.68127310 pruned by (A100-LYS,48)     -24.70098338.
  Rotamer (A100-LYD,10) self-energy     114.06716041 pruned by (A100-LYS,48)     -24.70098338.
  Rotamer (A100-LYD,11) self-energy     113.37842599 pruned by (A100-LYS,48)     -24.70098338.
  Rotamer (A100-LYD,12) self-energy     112.99710742 pruned by (A100-LYS,48)     -24.70098338.
  Rotamer (A100-LYD,13) self-energy     111.49532591 pruned by (A100-LYS,48)     -24.70098338.
  Rotamer (A100-LYD,14) self-energy     112.67264375 pruned by (A100-LYS,48)     -24.70098338.
  Rotamer (A100-LYD,15) self-energy     112.92421156 pruned by (A100-LYS,48)     -24.70098338.
  Rotamer (A100-LYD,16) self-energy     119.16537134 pruned by (A100-LYS,48)     -24.70098338.
  Rotamer (A100-LYD,17) self-energy    6021.48540682 pruned by (A100-LYS,48)     -24.70098338.
  Rotamer (A100-LYD,18) self-energy     141.73477845 pruned by (A100-LYS,48)     -24.70098338.
  Rotamer (A100-LYD,19) self-energy      96.92919417 pruned by (A100-LYS,48)     -24.70098338.
  Rotamer (A100-LYD,20) self-energy      93.31051839 pruned by (A100-LYS,48)     -24.70098338.
  Rotamer (A100-LYD,21) self-energy      93.20080127 pruned by (A100-LYS,48)     -24.70098338.
  Rotamer (A100-LYD,22) self-energy      99.31310836 pruned by (A100-LYS,48)     -24.70098338.
  Rotamer (A100-LYD,23) self-energy      97.24415372 pruned by (A100-LYS,48)     -24.70098338.
  Rotamer (A100-LYD,24) self-energy     114.22915506 pruned by (A100-LYS,48)     -24.70098338.
  Rotamer (A100-LYD,25) self-energy     721.72576447 pruned by (A100-LYS,48)     -24.70098338.
  Rotamer (A100-LYD,26) self-energy    1067.73212436 pruned by (A100-LYS,48)     -24.70098338.
  Rotamer (A100-LYD,27) self-energy   11227.96181536 pruned by (A100-LYS,48)     -24.70098338.
  Rotamer (A100-LYD,28) self-energy    1992.37292148 pruned by (A100-LYS,48)     -24.70098338.
  Rotamer (A100-LYS,29) self-energy       2.53037491 pruned by (A100-LYS,48)     -24.70098338.
  Rotamer (A100-LYS,31) self-energy      42.93339006 pruned by (A100-LYS,48)     -24.70098338.
  Rotamer (A100-LYS,32) self-energy    1594.49699097 pruned by (A100-LYS,48)     -24.70098338.
  Rotamer (A100-LYS,34) self-energy    1168.14630879 pruned by (A100-LYS,48)     -24.70098338.
  Rotamer (A100-LYS,35) self-energy    1640.87146138 pruned by (A100-LYS,48)     -24.70098338.
  Rotamer (A100-LYS,36) self-energy    1135.48721213 pruned by (A100-LYS,48)     -24.70098338.
  Rotamer (A100-LYS,43) self-energy       0.72115046 pruned by (A100-LYS,48)     -24.70098338.
  Rotamer (A100-LYS,44) self-energy    5889.50893760 pruned by (A100-LYS,48)     -24.70098338.
  Rotamer (A100-LYS,45) self-energy      28.20366542 pruned by (A100-LYS,48)     -24.70098338.
  Rotamer (A100-LYS,52) self-energy     603.40608685 pruned by (A100-LYS,48)     -24.70098338.
  Rotamer (A100-LYS,53) self-energy    1061.17748049 pruned by (A100-LYS,48)     -24.70098338.
  Rotamer (A100-LYS,54) self-energy   22421.09785347 pruned by (A100-LYS,48)     -24.70098338.
  Rotamer (A100-LYS,55) self-energy    5302.92135088 pruned by (A100-LYS,48)     -24.70098338.
  Rotamer (A101-GLH, 2) self-energy      25.89769814 pruned by (A101-GLH, 8)      -5.02737965.
  Rotamer (A101-GLH, 3) self-energy    2618.48695062 pruned by (A101-GLH, 8)      -5.02737965.
  Rotamer (A101-GLH, 7) self-energy     594.62069238 pruned by (A101-GLH, 8)      -5.02737965.
  Rotamer (A101-GLH,10) self-energy      27.81589052 pruned by (A101-GLH, 8)      -5.02737965.
  Rotamer (A101-GLH,11) self-energy    1333.33925357 pruned by (A101-GLH, 8)      -5.02737965.
  Rotamer (A101-GLH,15) self-energy     331.94034018 pruned by (A101-GLH, 8)      -5.02737965.
  Rotamer (A101-GLH,18) self-energy      35.78505579 pruned by (A101-GLH, 8)      -5.02737965.
  Rotamer (A101-GLH,19) self-energy     844.98029680 pruned by (A101-GLH, 8)      -5.02737965.
  Rotamer (A101-GLH,23) self-energy     595.85127690 pruned by (A101-GLH, 8)      -5.02737965.
  Rotamer (A101-GLH,26) self-energy      46.23412822 pruned by (A101-GLH, 8)      -5.02737965.
  Rotamer (A101-GLH,27) self-energy    1293.82903426 pruned by (A101-GLH, 8)      -5.02737965.
  Rotamer (A101-GLH,28) self-energy      20.73234484 pruned by (A101-GLH, 8)      -5.02737965.
  Rotamer (A101-GLH,30) self-energy      42.13487389 pruned by (A101-GLH, 8)      -5.02737965.
  Rotamer (A101-GLH,31) self-energy     224.45705560 pruned by (A101-GLH, 8)      -5.02737965.
  Rotamer (A101-GLU,34) self-energy      28.83396083 pruned by (A101-GLH, 8)      -5.02737965.
  Rotamer (A101-GLU,35) self-energy    1200.11991858 pruned by (A101-GLH, 8)      -5.02737965.
  Rotamer (A101-GLU,39) self-energy     706.74802060 pruned by (A101-GLH, 8)      -5.02737965.
  Rotamer (A104-ASH, 2) self-energy      29.85046814 pruned by (A104-ASH, 6)     -12.71836031.
  Rotamer (A104-ASH, 3) self-energy      32.94869078 pruned by (A104-ASH, 6)     -12.71836031.
  Rotamer (A104-ASH, 7) self-energy      32.56858342 pruned by (A104-ASH, 6)     -12.71836031.
  Rotamer (A104-ASH,12) self-energy      30.03832448 pruned by (A104-ASH, 6)     -12.71836031.
  Rotamer (A104-ASH,13) self-energy      16.38823426 pruned by (A104-ASH, 6)     -12.71836031.
  Rotamer (A104-ASH,17) self-energy     105.94816815 pruned by (A104-ASH, 6)     -12.71836031.
  Rotamer (A104-ASH,18) self-energy      61.03718067 pruned by (A104-ASH, 6)     -12.71836031.
  Rotamer (A104-ASH,19) self-energy      32.73275777 pruned by (A104-ASH, 6)     -12.71836031.
  Rotamer (A104-ASH,21) self-energy      15.83923046 pruned by (A104-ASH, 6)     -12.71836031.
  Rotamer (A104-ASP,22) self-energy      37.17022074 pruned by (A104-ASH, 6)     -12.71836031.
  Rotamer (A104-ASP,23) self-energy      14.67913437 pruned by (A104-ASH, 6)     -12.71836031.
 Loaded 2-body energies from restart file.

 Number of self energies: 0
 Backbone energy:    -1764.92748534

 Time for single energies:        10.84
 Number of 2-body energies to calculate: 1530
 Pair  A82-LYS 33,  A85-GLU 41:      -0.31401819 at      2.048 A (1.134 A by res) in 11.6217 (sec).
 Pair  A82-LYS 35,  A85-GLU 0 :      -0.28483835 at      2.048 A (1.134 A by res) in 8.9442 (sec).
 Pair  A82-LYS 35,  A85-GLH 1 :       0.06403345 at      2.048 A (1.134 A by res) in 8.5532 (sec).
 Pair  A82-LYS 35,  A85-GLH 2 :       0.17261516 at      2.048 A (1.134 A by res) in 9.3271 (sec).
 Pair  A82-LYS 35,  A85-GLH 4 :       0.06188704 at      2.048 A (1.134 A by res) in 8.6983 (sec).
 Pair  A82-LYS 35,  A85-GLH 5 :       0.05225576 at      2.048 A (1.134 A by res) in 10.2043 (sec).
 Pair  A82-LYS 35,  A85-GLH 8 :       0.05305978 at      2.048 A (1.134 A by res) in 8.9716 (sec).
 Pair  A82-LYS 35,  A85-GLH 9 :       0.06286574 at      2.048 A (1.134 A by res) in 12.8455 (sec).
 Pair  A82-LYS 35,  A85-GLH 10:       0.13933922 at      2.048 A (1.134 A by res) in 10.0005 (sec).
 Pair  A82-LYS 35,  A85-GLH 12:       0.06832147 at      2.048 A (1.134 A by res) in 7.6795 (sec).
 Pair  A82-LYS 35,  A85-GLH 13:       0.06958269 at      2.048 A (1.134 A by res) in 6.6435 (sec).
 Pair  A82-LYS 35,  A85-GLH 16:       0.06474996 at      2.048 A (1.134 A by res) in 7.1115 (sec).
 Pair  A82-LYS 35,  A85-GLH 17:       0.06152586 at      2.048 A (1.134 A by res) in 6.1809 (sec).
 Pair  A82-LYS 35,  A85-GLH 18:       0.34782120 at      2.048 A (1.134 A by res) in 5.6981 (sec).
 Pair  A82-LYS 35,  A85-GLH 20:       0.07312832 at      2.048 A (1.134 A by res) in 5.3080 (sec).
 Pair  A82-LYS 35,  A85-GLH 21:       0.05426053 at      2.048 A (1.134 A by res) in 4.9953 (sec).
 Pair  A82-LYS 35,  A85-GLH 24:       0.05241716 at      2.048 A (1.134 A by res) in 4.4916 (sec).
 Pair  A82-LYS 35,  A85-GLH 25:       0.08478761 at      2.048 A (1.134 A by res) in 3.9690 (sec).
 Pair  A82-LYS 35,  A85-GLH 28:       0.10402876 at      2.048 A (1.134 A by res) in 4.4857 (sec).
 Pair  A82-LYS 35,  A85-GLH 29:       0.09947389 at      2.048 A (1.134 A by res) in 3.9521 (sec).
 Pair  A82-LYS 35,  A85-GLH 32:       0.09715493 at      2.048 A (1.134 A by res) in 3.8000 (sec).
 Pair  A82-LYS 35,  A85-GLH 33:       0.08580206 at      2.048 A (1.134 A by res) in 3.9713 (sec).
 Pair  A82-LYS 35,  A85-GLU 34:      -0.37465015 at      2.048 A (1.134 A by res) in 3.8747 (sec).
 Pair  A82-LYS 35,  A85-GLU 36:      -0.27516967 at      2.048 A (1.134 A by res) in 3.7846 (sec).
 Pair  A82-LYS 35,  A85-GLU 37:      -0.31537390 at      2.048 A (1.134 A by res) in 3.4596 (sec).
 Pair  A82-LYS 35,  A85-GLU 40:      -0.32712863 at      2.048 A (1.134 A by res) in 3.4452 (sec).
 Pair  A82-LYS 35,  A85-GLU 41:      -0.28486332 at      2.048 A (1.134 A by res) in 3.4738 (sec).
 Pair  A82-LYS 36,  A85-GLU 0 :      -0.29391226 at      2.048 A (1.134 A by res) in 3.5557 (sec).
 Pair  A82-LYS 36,  A85-GLH 1 :       0.06526695 at      2.048 A (1.134 A by res) in 3.9592 (sec).
 Pair  A82-LYS 36,  A85-GLH 2 :       0.17619644 at      2.048 A (1.134 A by res) in 3.7894 (sec).
 Pair  A82-LYS 36,  A85-GLH 4 :       0.06464242 at      2.048 A (1.134 A by res) in 3.6602 (sec).
 Pair  A82-LYS 36,  A85-GLH 5 :       0.05188305 at      2.048 A (1.134 A by res) in 3.8318 (sec).
 Pair  A82-LYS 36,  A85-GLH 8 :       0.05141838 at      2.048 A (1.134 A by res) in 3.5961 (sec).
 Pair  A82-LYS 36,  A85-GLH 9 :       0.06411157 at      2.048 A (1.134 A by res) in 4.2312 (sec).
 Pair  A82-LYS 36,  A85-GLH 10:       0.13469238 at      2.048 A (1.134 A by res) in 4.3966 (sec).
 Pair  A82-LYS 36,  A85-GLH 12:       0.07037048 at      2.048 A (1.134 A by res) in 3.4972 (sec).
 Pair  A82-LYS 36,  A85-GLH 13:       0.07214801 at      2.048 A (1.134 A by res) in 3.7435 (sec).
 Pair  A82-LYS 36,  A85-GLH 16:       0.06662429 at      2.048 A (1.134 A by res) in 3.6433 (sec).
 Pair  A82-LYS 36,  A85-GLH 17:       0.06372634 at      2.048 A (1.134 A by res) in 3.6823 (sec).
 Pair  A82-LYS 36,  A85-GLH 18:       0.35687178 at      2.048 A (1.134 A by res) in 3.6152 (sec).
 Pair  A82-LYS 36,  A85-GLH 20:       0.07845116 at      2.048 A (1.134 A by res) in 3.5968 (sec).
 Pair  A82-LYS 36,  A85-GLH 21:       0.05246157 at      2.048 A (1.134 A by res) in 3.4351 (sec).
 Pair  A82-LYS 36,  A85-GLH 24:       0.04780402 at      2.048 A (1.134 A by res) in 3.3939 (sec).
 Pair  A82-LYS 36,  A85-GLH 25:       0.08649015 at      2.048 A (1.134 A by res) in 3.4346 (sec).
 Pair  A82-LYS 36,  A85-GLH 28:       0.10784694 at      2.048 A (1.134 A by res) in 3.7206 (sec).
 Pair  A82-LYS 36,  A85-GLH 29:       0.09972285 at      2.048 A (1.134 A by res) in 3.3926 (sec).
 Pair  A82-LYS 36,  A85-GLH 32:       0.09898780 at      2.048 A (1.134 A by res) in 3.5372 (sec).
 Pair  A82-LYS 36,  A85-GLH 33:       0.09108369 at      2.048 A (1.134 A by res) in 3.7434 (sec).
 Pair  A82-LYS 36,  A85-GLU 34:      -0.42124195 at      2.048 A (1.134 A by res) in 3.5212 (sec).
 Pair  A82-LYS 36,  A85-GLU 36:      -0.28651176 at      2.048 A (1.134 A by res) in 3.6724 (sec).
 Pair  A82-LYS 36,  A85-GLU 37:      -0.34280561 at      2.048 A (1.134 A by res) in 3.7104 (sec).
 Pair  A82-LYS 36,  A85-GLU 40:      -0.35213538 at      2.048 A (1.134 A by res) in 3.7946 (sec).
 Pair  A82-LYS 36,  A85-GLU 41:      -0.29393917 at      2.048 A (1.134 A by res) in 3.7826 (sec).
 Pair  A82-LYS 38,  A85-GLU 0 :      -0.32897219 at      2.048 A (1.134 A by res) in 3.9198 (sec).
 Pair  A82-LYS 38,  A85-GLH 1 :       0.06747377 at      2.048 A (1.134 A by res) in 3.7847 (sec).
 Pair  A82-LYS 38,  A85-GLH 2 :       0.22373020 at      2.048 A (1.134 A by res) in 3.4904 (sec).
 Pair  A82-LYS 38,  A85-GLH 4 :       0.07544560 at      2.048 A (1.134 A by res) in 3.5339 (sec).
 Pair  A82-LYS 38,  A85-GLH 5 :       0.05362880 at      2.048 A (1.134 A by res) in 3.4048 (sec).
 Pair  A82-LYS 38,  A85-GLH 8 :       0.04209065 at      2.048 A (1.134 A by res) in 3.8625 (sec).
 Pair  A82-LYS 38,  A85-GLH 9 :       0.06646691 at      2.048 A (1.134 A by res) in 4.1270 (sec).
 Pair  A82-LYS 38,  A85-GLH 10:       0.13197226 at      2.048 A (1.134 A by res) in 3.9137 (sec).
 Pair  A82-LYS 38,  A85-GLH 12:       0.07814888 at      2.048 A (1.134 A by res) in 4.7045 (sec).
 Pair  A82-LYS 38,  A85-GLH 13:       0.08280609 at      2.048 A (1.134 A by res) in 4.5083 (sec).
 Pair  A82-LYS 38,  A85-GLH 16:       0.07279422 at      2.048 A (1.134 A by res) in 4.7763 (sec).
 Pair  A82-LYS 38,  A85-GLH 17:       0.07012828 at      2.048 A (1.134 A by res) in 5.9520 (sec).
 Pair  A82-LYS 38,  A85-GLH 18:       0.45571054 at      2.048 A (1.134 A by res) in 5.5727 (sec).
 Pair  A82-LYS 38,  A85-GLH 20:       0.09927137 at      2.048 A (1.134 A by res) in 5.2803 (sec).
 Pair  A82-LYS 38,  A85-GLH 21:       0.05064556 at      2.048 A (1.134 A by res) in 4.3116 (sec).
 Pair  A82-LYS 38,  A85-GLH 24:       0.03070657 at      2.048 A (1.134 A by res) in 4.6722 (sec).
 Pair  A82-LYS 38,  A85-GLH 25:       0.08815128 at      2.048 A (1.134 A by res) in 4.4068 (sec).
 Pair  A82-LYS 38,  A85-GLH 28:       0.12004605 at      2.048 A (1.134 A by res) in 4.1957 (sec).
 Pair  A82-LYS 38,  A85-GLH 29:       0.09820156 at      2.048 A (1.134 A by res) in 4.6176 (sec).
 Pair  A82-LYS 38,  A85-GLH 32:       0.10657390 at      2.048 A (1.134 A by res) in 4.6606 (sec).
 Pair  A82-LYS 38,  A85-GLH 33:       0.10782550 at      2.048 A (1.134 A by res) in 4.6268 (sec).
 Pair  A82-LYS 38,  A85-GLU 34:      -0.55795190 at      2.048 A (1.134 A by res) in 4.0944 (sec).
 Pair  A82-LYS 38,  A85-GLU 36:      -0.33257105 at      2.048 A (1.134 A by res) in 3.8671 (sec).
 Pair  A82-LYS 38,  A85-GLU 37:      -0.44298822 at      2.048 A (1.134 A by res) in 3.7253 (sec).
 Pair  A82-LYS 38,  A85-GLU 40:      -0.43328156 at      2.048 A (1.134 A by res) in 3.7435 (sec).
 Pair  A82-LYS 38,  A85-GLU 41:      -0.32900804 at      2.048 A (1.134 A by res) in 3.7987 (sec).
 Pair  A82-LYS 40,  A85-GLU 0 :      -0.29613952 at      2.048 A (1.134 A by res) in 3.8589 (sec).
 Pair  A82-LYS 40,  A85-GLH 1 :       0.06137093 at      2.048 A (1.134 A by res) in 6.8862 (sec).
 Pair  A82-LYS 40,  A85-GLH 2 :       0.17238608 at      2.048 A (1.134 A by res) in 4.0297 (sec).
 Pair  A82-LYS 40,  A85-GLH 4 :       0.06400029 at      2.048 A (1.134 A by res) in 3.6949 (sec).
 Pair  A82-LYS 40,  A85-GLH 5 :       0.04779938 at      2.048 A (1.134 A by res) in 3.6620 (sec).
 Pair  A82-LYS 40,  A85-GLH 8 :       0.04384211 at      2.048 A (1.134 A by res) in 3.7201 (sec).
 Pair  A82-LYS 40,  A85-GLH 9 :       0.06037829 at      2.048 A (1.134 A by res) in 3.5731 (sec).
 Pair  A82-LYS 40,  A85-GLH 10:       0.11761427 at      2.048 A (1.134 A by res) in 3.8937 (sec).
 Pair  A82-LYS 40,  A85-GLH 12:       0.06799926 at      2.048 A (1.134 A by res) in 3.7435 (sec).
 Pair  A82-LYS 40,  A85-GLH 13:       0.07078781 at      2.048 A (1.134 A by res) in 3.9698 (sec).
 Pair  A82-LYS 40,  A85-GLH 16:       0.06382781 at      2.048 A (1.134 A by res) in 3.9262 (sec).
 Pair  A82-LYS 40,  A85-GLH 17:       0.06155796 at      2.048 A (1.134 A by res) in 4.1182 (sec).
 Pair  A82-LYS 40,  A85-GLH 18:       0.34537900 at      2.048 A (1.134 A by res) in 3.6069 (sec).
 Pair  A82-LYS 40,  A85-GLH 20:       0.08075127 at      2.048 A (1.134 A by res) in 3.7572 (sec).
 Pair  A82-LYS 40,  A85-GLH 21:       0.04568144 at      2.048 A (1.134 A by res) in 3.3956 (sec).
 Pair  A82-LYS 40,  A85-GLH 24:       0.03575658 at      2.048 A (1.134 A by res) in 3.4136 (sec).
 Pair  A82-LYS 40,  A85-GLH 25:       0.08088499 at      2.048 A (1.134 A by res) in 3.3898 (sec).
 Pair  A82-LYS 40,  A85-GLH 28:       0.10396725 at      2.048 A (1.134 A by res) in 3.3065 (sec).
 Pair  A82-LYS 40,  A85-GLH 29:       0.08951037 at      2.048 A (1.134 A by res) in 3.3409 (sec).
 Pair  A82-LYS 40,  A85-GLH 32:       0.09162165 at      2.048 A (1.134 A by res) in 3.3410 (sec).
 Pair  A82-LYS 40,  A85-GLH 33:       0.09077384 at      2.048 A (1.134 A by res) in 3.8676 (sec).
 Pair  A82-LYS 40,  A85-GLU 34:      -0.46538633 at      2.048 A (1.134 A by res) in 3.9138 (sec).
 Pair  A82-LYS 40,  A85-GLU 36:      -0.29314887 at      2.048 A (1.134 A by res) in 4.0141 (sec).
 Pair  A82-LYS 40,  A85-GLU 37:      -0.37071185 at      2.048 A (1.134 A by res) in 4.1617 (sec).
 Pair  A82-LYS 40,  A85-GLU 40:      -0.37381111 at      2.048 A (1.134 A by res) in 4.0791 (sec).
 Pair  A82-LYS 40,  A85-GLU 41:      -0.29616709 at      2.048 A (1.134 A by res) in 4.2736 (sec).
 Pair  A82-LYS 42,  A85-GLU 0 :      -0.29188634 at      2.048 A (1.134 A by res) in 3.9562 (sec).
 Pair  A82-LYS 42,  A85-GLH 1 :       0.05921562 at      2.048 A (1.134 A by res) in 3.8786 (sec).
 Pair  A82-LYS 42,  A85-GLH 2 :       0.16781957 at      2.048 A (1.134 A by res) in 3.7307 (sec).
 Pair  A82-LYS 42,  A85-GLH 4 :       0.06610269 at      2.048 A (1.134 A by res) in 3.3883 (sec).
 Pair  A82-LYS 42,  A85-GLH 5 :       0.05279388 at      2.048 A (1.134 A by res) in 3.4505 (sec).
 Pair  A82-LYS 42,  A85-GLH 8 :       0.04311035 at      2.048 A (1.134 A by res) in 3.5374 (sec).
 Pair  A82-LYS 42,  A85-GLH 9 :       0.05831863 at      2.048 A (1.134 A by res) in 4.2492 (sec).
 Pair  A82-LYS 42,  A85-GLH 10:       0.12479522 at      2.048 A (1.134 A by res) in 3.5516 (sec).
 Pair  A82-LYS 42,  A85-GLH 12:       0.06854271 at      2.048 A (1.134 A by res) in 3.4906 (sec).
 Pair  A82-LYS 42,  A85-GLH 13:       0.07035181 at      2.048 A (1.134 A by res) in 3.4852 (sec).
 Pair  A82-LYS 42,  A85-GLH 16:       0.06320602 at      2.048 A (1.134 A by res) in 3.3706 (sec).
 Pair  A82-LYS 42,  A85-GLH 17:       0.06130738 at      2.048 A (1.134 A by res) in 3.3771 (sec).
 Pair  A82-LYS 42,  A85-GLH 18:       0.33194118 at      2.048 A (1.134 A by res) in 3.3026 (sec).
 Pair  A82-LYS 42,  A85-GLH 20:       0.08434275 at      2.048 A (1.134 A by res) in 3.2586 (sec).
 Pair  A82-LYS 42,  A85-GLH 21:       0.05461987 at      2.048 A (1.134 A by res) in 3.2755 (sec).
 Pair  A82-LYS 42,  A85-GLH 24:       0.03812647 at      2.048 A (1.134 A by res) in 3.3783 (sec).
 Pair  A82-LYS 42,  A85-GLH 25:       0.07617339 at      2.048 A (1.134 A by res) in 3.4435 (sec).
 Pair  A82-LYS 42,  A85-GLH 28:       0.10364395 at      2.048 A (1.134 A by res) in 4.0034 (sec).
 Pair  A82-LYS 42,  A85-GLH 29:       0.09095121 at      2.048 A (1.134 A by res) in 4.0040 (sec).
 Pair  A82-LYS 42,  A85-GLH 32:       0.09542714 at      2.048 A (1.134 A by res) in 3.9727 (sec).
 Pair  A82-LYS 42,  A85-GLH 33:       0.09082128 at      2.048 A (1.134 A by res) in 3.7194 (sec).
 Pair  A82-LYS 42,  A85-GLU 34:      -0.43500727 at      2.048 A (1.134 A by res) in 3.9197 (sec).
 Pair  A82-LYS 42,  A85-GLU 36:      -0.29567422 at      2.048 A (1.134 A by res) in 3.8598 (sec).
 Pair  A82-LYS 42,  A85-GLU 37:      -0.36217949 at      2.048 A (1.134 A by res) in 3.7990 (sec).
 Pair  A82-LYS 42,  A85-GLU 40:      -0.35384611 at      2.048 A (1.134 A by res) in 3.7478 (sec).
 Pair  A82-LYS 42,  A85-GLU 41:      -0.29191784 at      2.048 A (1.134 A by res) in 3.6248 (sec).
 Pair  A82-LYS 43,  A85-GLU 0 :      -0.29292390 at      2.048 A (1.134 A by res) in 3.7193 (sec).
 Pair  A82-LYS 43,  A85-GLH 1 :       0.06111348 at      2.048 A (1.134 A by res) in 3.7059 (sec).
 Pair  A82-LYS 43,  A85-GLH 2 :       0.16841837 at      2.048 A (1.134 A by res) in 3.3907 (sec).
 Pair  A82-LYS 43,  A85-GLH 4 :       0.06549178 at      2.048 A (1.134 A by res) in 3.3950 (sec).
 Pair  A82-LYS 43,  A85-GLH 5 :       0.05372527 at      2.048 A (1.134 A by res) in 3.4388 (sec).
 Pair  A82-LYS 43,  A85-GLH 8 :       0.04673232 at      2.048 A (1.134 A by res) in 3.5444 (sec).
 Pair  A82-LYS 43,  A85-GLH 9 :       0.06007806 at      2.048 A (1.134 A by res) in 3.6189 (sec).
 Pair  A82-LYS 43,  A85-GLH 10:       0.13028647 at      2.048 A (1.134 A by res) in 3.8554 (sec).
 Pair  A82-LYS 43,  A85-GLH 12:       0.06943472 at      2.048 A (1.134 A by res) in 3.7819 (sec).
 Pair  A82-LYS 43,  A85-GLH 13:       0.07068433 at      2.048 A (1.134 A by res) in 3.5847 (sec).
 Pair  A82-LYS 43,  A85-GLH 16:       0.06372771 at      2.048 A (1.134 A by res) in 3.7419 (sec).
 Pair  A82-LYS 43,  A85-GLH 17:       0.06180860 at      2.048 A (1.134 A by res) in 3.5740 (sec).
 Pair  A82-LYS 43,  A85-GLH 18:       0.34298870 at      2.048 A (1.134 A by res) in 3.4861 (sec).
 Pair  A82-LYS 43,  A85-GLH 20:       0.08130952 at      2.048 A (1.134 A by res) in 3.7616 (sec).
 Pair  A82-LYS 43,  A85-GLH 21:       0.05692487 at      2.048 A (1.134 A by res) in 3.6111 (sec).
 Pair  A82-LYS 43,  A85-GLH 24:       0.04428847 at      2.048 A (1.134 A by res) in 3.8163 (sec).
 Pair  A82-LYS 43,  A85-GLH 25:       0.07945030 at      2.048 A (1.134 A by res) in 3.7657 (sec).
 Pair  A82-LYS 43,  A85-GLH 28:       0.10574845 at      2.048 A (1.134 A by res) in 3.7088 (sec).
 Pair  A82-LYS 43,  A85-GLH 29:       0.09707178 at      2.048 A (1.134 A by res) in 3.9505 (sec).
 Pair  A82-LYS 43,  A85-GLH 32:       0.09858894 at      2.048 A (1.134 A by res) in 3.6980 (sec).
 Pair  A82-LYS 43,  A85-GLH 33:       0.08998124 at      2.048 A (1.134 A by res) in 3.7453 (sec).
 Pair  A82-LYS 43,  A85-GLU 34:      -0.41464328 at      2.048 A (1.134 A by res) in 3.8378 (sec).
 Pair  A82-LYS 43,  A85-GLU 36:      -0.29280260 at      2.048 A (1.134 A by res) in 4.0130 (sec).
 Pair  A82-LYS 43,  A85-GLU 37:      -0.34614335 at      2.048 A (1.134 A by res) in 3.9622 (sec).
 Pair  A82-LYS 43,  A85-GLU 40:      -0.34450955 at      2.048 A (1.134 A by res) in 4.0868 (sec).
 Pair  A82-LYS 43,  A85-GLU 41:      -0.29295429 at      2.048 A (1.134 A by res) in 3.9485 (sec).
 Pair  A82-LYS 46,  A85-GLU 0 :      -0.29714712 at      2.048 A (1.134 A by res) in 3.9941 (sec).
 Pair  A82-LYS 46,  A85-GLH 1 :       0.05308714 at      2.048 A (1.134 A by res) in 3.6622 (sec).
 Pair  A82-LYS 46,  A85-GLH 2 :       0.14114119 at      2.048 A (1.134 A by res) in 3.9547 (sec).
 Pair  A82-LYS 46,  A85-GLH 4 :       0.06058341 at      2.048 A (1.134 A by res) in 3.8535 (sec).
 Pair  A82-LYS 46,  A85-GLH 5 :       0.04691064 at      2.048 A (1.134 A by res) in 3.5940 (sec).
 Pair  A82-LYS 46,  A85-GLH 8 :       0.03618604 at      2.048 A (1.134 A by res) in 3.4830 (sec).
 Pair  A82-LYS 46,  A85-GLH 9 :       0.05217384 at      2.048 A (1.134 A by res) in 4.2726 (sec).
 Pair  A82-LYS 46,  A85-GLH 10:       0.10093008 at      2.048 A (1.134 A by res) in 3.8502 (sec).
 Pair  A82-LYS 46,  A85-GLH 12:       0.06297187 at      2.048 A (1.134 A by res) in 3.2789 (sec).
 Pair  A82-LYS 46,  A85-GLH 13:       0.06435691 at      2.048 A (1.134 A by res) in 3.2514 (sec).
 Pair  A82-LYS 46,  A85-GLH 16:       0.05600564 at      2.048 A (1.134 A by res) in 3.2430 (sec).
 Pair  A82-LYS 46,  A85-GLH 17:       0.05526385 at      2.048 A (1.134 A by res) in 3.3441 (sec).
 Pair  A82-LYS 46,  A85-GLH 18:       0.24339496 at      2.048 A (1.134 A by res) in 3.2636 (sec).
 Pair  A82-LYS 46,  A85-GLH 20:       0.07879738 at      2.048 A (1.134 A by res) in 3.2225 (sec).
 Pair  A82-LYS 46,  A85-GLH 21:       0.04871125 at      2.048 A (1.134 A by res) in 3.2336 (sec).
 Pair  A82-LYS 46,  A85-GLH 24:       0.03113279 at      2.048 A (1.134 A by res) in 3.2247 (sec).
 Pair  A82-LYS 46,  A85-GLH 25:       0.06957152 at      2.048 A (1.134 A by res) in 3.2243 (sec).
 Pair  A82-LYS 46,  A85-GLH 28:       0.09608552 at      2.048 A (1.134 A by res) in 3.2410 (sec).
 Pair  A82-LYS 46,  A85-GLH 29:       0.08134138 at      2.048 A (1.134 A by res) in 3.2567 (sec).
 Pair  A82-LYS 46,  A85-GLH 32:       0.08501792 at      2.048 A (1.134 A by res) in 3.3404 (sec).
 Pair  A82-LYS 46,  A85-GLH 33:       0.08359963 at      2.048 A (1.134 A by res) in 3.2950 (sec).
 Pair  A82-LYS 46,  A85-GLU 34:      -0.44332390 at      2.048 A (1.134 A by res) in 3.2472 (sec).
 Pair  A82-LYS 46,  A85-GLU 36:      -0.30126604 at      2.048 A (1.134 A by res) in 3.2954 (sec).
 Pair  A82-LYS 46,  A85-GLU 37:      -0.36838478 at      2.048 A (1.134 A by res) in 3.2367 (sec).
 Pair  A82-LYS 46,  A85-GLU 40:      -0.36026403 at      2.048 A (1.134 A by res) in 3.2172 (sec).
 Pair  A82-LYS 46,  A85-GLU 41:      -0.29717377 at      2.048 A (1.134 A by res) in 3.2874 (sec).
 Pair  A82-LYS 47,  A85-GLU 0 :      -0.29931669 at      2.048 A (1.134 A by res) in 3.2542 (sec).
 Pair  A82-LYS 47,  A85-GLH 1 :       0.05299765 at      2.048 A (1.134 A by res) in 3.2554 (sec).
 Pair  A82-LYS 47,  A85-GLH 2 :       0.14335466 at      2.048 A (1.134 A by res) in 3.4082 (sec).
 Pair  A82-LYS 47,  A85-GLH 4 :       0.06708220 at      2.048 A (1.134 A by res) in 3.2390 (sec).
 Pair  A82-LYS 47,  A85-GLH 5 :       0.05828476 at      2.048 A (1.134 A by res) in 3.2416 (sec).
 Pair  A82-LYS 47,  A85-GLH 8 :       0.04074448 at      2.048 A (1.134 A by res) in 3.2341 (sec).
 Pair  A82-LYS 47,  A85-GLH 9 :       0.05210621 at      2.048 A (1.134 A by res) in 3.2157 (sec).
 Pair  A82-LYS 47,  A85-GLH 10:       0.11856241 at      2.048 A (1.134 A by res) in 3.2704 (sec).
 Pair  A82-LYS 47,  A85-GLH 12:       0.06756895 at      2.048 A (1.134 A by res) in 3.2851 (sec).
 Pair  A82-LYS 47,  A85-GLH 13:       0.06828714 at      2.048 A (1.134 A by res) in 3.2701 (sec).
 Pair  A82-LYS 47,  A85-GLH 16:       0.05833420 at      2.048 A (1.134 A by res) in 3.2239 (sec).
 Pair  A82-LYS 47,  A85-GLH 17:       0.05772946 at      2.048 A (1.134 A by res) in 3.2219 (sec).
 Pair  A82-LYS 47,  A85-GLH 18:       0.24091588 at      2.048 A (1.134 A by res) in 3.2190 (sec).
 Pair  A82-LYS 47,  A85-GLH 20:       0.08644261 at      2.048 A (1.134 A by res) in 3.2333 (sec).
 Pair  A82-LYS 47,  A85-GLH 21:       0.06765263 at      2.048 A (1.134 A by res) in 3.2326 (sec).
 Pair  A82-LYS 47,  A85-GLH 24:       0.04059512 at      2.048 A (1.134 A by res) in 3.2612 (sec).
 Pair  A82-LYS 47,  A85-GLH 25:       0.06653495 at      2.048 A (1.134 A by res) in 3.2723 (sec).
 Pair  A82-LYS 47,  A85-GLH 28:       0.09983867 at      2.048 A (1.134 A by res) in 3.3315 (sec).
 Pair  A82-LYS 47,  A85-GLH 29:       0.09092770 at      2.048 A (1.134 A by res) in 3.2618 (sec).
 Pair  A82-LYS 47,  A85-GLH 32:       0.09368013 at      2.048 A (1.134 A by res) in 3.2473 (sec).
 Pair  A82-LYS 47,  A85-GLH 33:       0.08556634 at      2.048 A (1.134 A by res) in 3.2369 (sec).
 Pair  A82-LYS 47,  A85-GLU 34:      -0.39166053 at      2.048 A (1.134 A by res) in 3.2498 (sec).
 Pair  A82-LYS 47,  A85-GLU 36:      -0.31194721 at      2.048 A (1.134 A by res) in 3.2606 (sec).
 Pair  A82-LYS 47,  A85-GLU 37:      -0.35260299 at      2.048 A (1.134 A by res) in 3.2457 (sec).
 Pair  A82-LYS 47,  A85-GLU 40:      -0.33396697 at      2.048 A (1.134 A by res) in 3.2790 (sec).
 Pair  A82-LYS 47,  A85-GLU 41:      -0.29934855 at      2.048 A (1.134 A by res) in 3.2410 (sec).
 Pair  A82-LYS 50,  A85-GLU 0 :      -0.31891620 at      2.048 A (1.134 A by res) in 3.2320 (sec).
 Pair  A82-LYS 50,  A85-GLH 1 :       0.05558435 at      2.048 A (1.134 A by res) in 3.2237 (sec).
 Pair  A82-LYS 50,  A85-GLH 2 :       0.16018600 at      2.048 A (1.134 A by res) in 3.2725 (sec).
 Pair  A82-LYS 50,  A85-GLH 4 :       0.07256730 at      2.048 A (1.134 A by res) in 3.3383 (sec).
 Pair  A82-LYS 50,  A85-GLH 5 :       0.05846277 at      2.048 A (1.134 A by res) in 3.2935 (sec).
 Pair  A82-LYS 50,  A85-GLH 8 :       0.03625632 at      2.048 A (1.134 A by res) in 3.2946 (sec).
 Pair  A82-LYS 50,  A85-GLH 9 :       0.05475857 at      2.048 A (1.134 A by res) in 3.2625 (sec).
 Pair  A82-LYS 50,  A85-GLH 10:       0.11889167 at      2.048 A (1.134 A by res) in 3.2754 (sec).
 Pair  A82-LYS 50,  A85-GLH 12:       0.07232898 at      2.048 A (1.134 A by res) in 3.2557 (sec).
 Pair  A82-LYS 50,  A85-GLH 13:       0.07394953 at      2.048 A (1.134 A by res) in 3.2820 (sec).
 Pair  A82-LYS 50,  A85-GLH 16:       0.06196124 at      2.048 A (1.134 A by res) in 3.2844 (sec).
 Pair  A82-LYS 50,  A85-GLH 17:       0.06125695 at      2.048 A (1.134 A by res) in 3.3275 (sec).
 Pair  A82-LYS 50,  A85-GLH 18:       0.27025739 at      2.048 A (1.134 A by res) in 3.3160 (sec).
 Pair  A82-LYS 50,  A85-GLH 20:       0.09814350 at      2.048 A (1.134 A by res) in 3.2322 (sec).
 Pair  A82-LYS 50,  A85-GLH 21:       0.06385382 at      2.048 A (1.134 A by res) in 3.2858 (sec).
 Pair  A82-LYS 50,  A85-GLH 24:       0.03106648 at      2.048 A (1.134 A by res) in 3.4688 (sec).
 Pair  A82-LYS 50,  A85-GLH 25:       0.07081276 at      2.048 A (1.134 A by res) in 3.2713 (sec).
 Pair  A82-LYS 50,  A85-GLH 28:       0.10814998 at      2.048 A (1.134 A by res) in 3.2547 (sec).
 Pair  A82-LYS 50,  A85-GLH 29:       0.08993988 at      2.048 A (1.134 A by res) in 3.2535 (sec).
 Pair  A82-LYS 50,  A85-GLH 32:       0.09756531 at      2.048 A (1.134 A by res) in 3.2399 (sec).
 Pair  A82-LYS 50,  A85-GLH 33:       0.09570481 at      2.048 A (1.134 A by res) in 3.2285 (sec).
 Pair  A82-LYS 50,  A85-GLU 34:      -0.47837285 at      2.048 A (1.134 A by res) in 3.2392 (sec).
 Pair  A82-LYS 50,  A85-GLU 36:      -0.33325280 at      2.048 A (1.134 A by res) in 3.2444 (sec).
 Pair  A82-LYS 50,  A85-GLU 37:      -0.41208430 at      2.048 A (1.134 A by res) in 3.2113 (sec).
 Pair  A82-LYS 50,  A85-GLU 40:      -0.38613687 at      2.048 A (1.134 A by res) in 3.2695 (sec).
 Pair  A82-LYS 50,  A85-GLU 41:      -0.31895120 at      2.048 A (1.134 A by res) in 3.2241 (sec).
 Pair  A90-LYS 0 , A101-GLU 0 :      -0.29406008 at      7.579 A (2.514 A by res) in 3.2397 (sec).
 Pair  A90-LYS 0 , A101-GLH 1 :       0.02597602 at      7.579 A (2.514 A by res) in 3.2317 (sec).
 Pair  A90-LYS 0 , A101-GLH 4 :       0.03154792 at      7.546 A (2.514 A by res) in 3.2354 (sec).
 Pair  A90-LYS 0 , A101-GLH 5 :       0.01847607 at      7.546 A (2.514 A by res) in 3.2682 (sec).
 Pair  A90-LYS 0 , A101-GLH 6 :       0.00574717 at      6.746 A (2.514 A by res) in 3.3071 (sec).
 Pair  A90-LYS 0 , A101-GLH 8 :       0.00980842 at      7.596 A (2.514 A by res) in 3.2594 (sec).
 Pair  A90-LYS 0 , A101-GLH 9 :       0.02537014 at      7.579 A (2.514 A by res) in 3.2506 (sec).
 Pair  A90-LYS 0 , A101-GLH 12:       0.03088144 at      7.546 A (2.514 A by res) in 3.3136 (sec).
 Pair  A90-LYS 0 , A101-GLH 13:       0.03301568 at      7.546 A (2.514 A by res) in 3.3739 (sec).
 Pair  A90-LYS 0 , A101-GLH 14:       0.04009869 at      6.148 A (2.514 A by res) in 3.4310 (sec).
 Pair  A90-LYS 0 , A101-GLH 16:       0.03094926 at      7.596 A (2.514 A by res) in 3.2516 (sec).
 Pair  A90-LYS 0 , A101-GLH 17:       0.03011504 at      7.579 A (2.514 A by res) in 3.2600 (sec).
 Pair  A90-LYS 0 , A101-GLH 20:       0.05038540 at      7.546 A (2.514 A by res) in 3.3229 (sec).
 Pair  A90-LYS 0 , A101-GLH 21:       0.01702625 at      7.546 A (2.514 A by res) in 3.6193 (sec).
 Pair  A90-LYS 0 , A101-GLH 22:      -0.01763797 at      6.746 A (2.514 A by res) in 3.2748 (sec).
 Pair  A90-LYS 0 , A101-GLH 24:       0.00130223 at      7.596 A (2.514 A by res) in 3.3064 (sec).
 Pair  A90-LYS 0 , A101-GLH 25:       0.03717064 at      7.579 A (2.514 A by res) in 3.9798 (sec).
 Pair  A90-LYS 0 , A101-GLH 29:       0.03071981 at      7.546 A (2.514 A by res) in 4.1357 (sec).
 Pair  A90-LYS 0 , A101-GLH 32:       0.04303015 at      7.596 A (2.514 A by res) in 4.3390 (sec).
 Pair  A90-LYS 0 , A101-GLH 33:       0.05272461 at      7.579 A (2.514 A by res) in 4.2315 (sec).
 Pair  A90-LYS 0 , A101-GLU 36:      -0.30625207 at      7.546 A (2.514 A by res) in 4.2180 (sec).
 Pair  A90-LYS 0 , A101-GLU 37:      -0.38326599 at      7.546 A (2.514 A by res) in 4.5100 (sec).
 Pair  A90-LYS 0 , A101-GLU 38:      -0.44187694 at      6.716 A (2.514 A by res) in 4.0951 (sec).
 Pair  A90-LYS 0 , A101-GLU 40:      -0.36256019 at      7.596 A (2.514 A by res) in 4.1633 (sec).
 Pair  A90-LYS 0 , A101-GLU 41:      -0.29407432 at      7.579 A (2.514 A by res) in 4.1480 (sec).
 Pair  A90-LYS 34, A101-GLU 0 :      -0.29768984 at      7.739 A (2.514 A by res) in 4.5073 (sec).
 Pair  A90-LYS 34, A101-GLH 1 :       0.02647252 at      7.739 A (2.514 A by res) in 4.3672 (sec).
 Pair  A90-LYS 34, A101-GLH 4 :       0.03232579 at      7.714 A (2.514 A by res) in 4.4355 (sec).
 Pair  A90-LYS 34, A101-GLH 5 :       0.01890985 at      7.714 A (2.514 A by res) in 4.3598 (sec).
 Pair  A90-LYS 34, A101-GLH 6 :       0.00486995 at      6.689 A (2.514 A by res) in 4.0290 (sec).
 Pair  A90-LYS 34, A101-GLH 8 :       0.00977781 at      7.751 A (2.514 A by res) in 4.1591 (sec).
 Pair  A90-LYS 34, A101-GLH 9 :       0.02584390 at      7.738 A (2.514 A by res) in 3.2605 (sec).
 Pair  A90-LYS 34, A101-GLH 12:       0.03172730 at      7.714 A (2.514 A by res) in 3.2413 (sec).
 Pair  A90-LYS 34, A101-GLH 13:       0.03384943 at      7.714 A (2.514 A by res) in 3.2828 (sec).
 Pair  A90-LYS 34, A101-GLH 14:       0.04289367 at      6.073 A (2.514 A by res) in 3.2756 (sec).
 Pair  A90-LYS 34, A101-GLH 16:       0.03141860 at      7.751 A (2.514 A by res) in 3.2752 (sec).
 Pair  A90-LYS 34, A101-GLH 17:       0.03068910 at      7.738 A (2.514 A by res) in 3.7790 (sec).
 Pair  A90-LYS 34, A101-GLH 20:       0.05166205 at      7.714 A (2.514 A by res) in 3.5643 (sec).
 Pair  A90-LYS 34, A101-GLH 21:       0.01784156 at      7.714 A (2.514 A by res) in 3.4800 (sec).
 Pair  A90-LYS 34, A101-GLH 22:      -0.01940571 at      6.689 A (2.514 A by res) in 3.4866 (sec).
 Pair  A90-LYS 34, A101-GLH 24:       0.00137569 at      7.751 A (2.514 A by res) in 3.4869 (sec).
 Pair  A90-LYS 34, A101-GLH 25:       0.03794885 at      7.738 A (2.514 A by res) in 3.4892 (sec).
 Pair  A90-LYS 34, A101-GLH 29:       0.03218191 at      7.714 A (2.514 A by res) in 3.5441 (sec).
 Pair  A90-LYS 34, A101-GLH 32:       0.04473332 at      7.751 A (2.514 A by res) in 3.4973 (sec).
 Pair  A90-LYS 34, A101-GLH 33:       0.05403033 at      7.738 A (2.514 A by res) in 3.4347 (sec).
 Pair  A90-LYS 34, A101-GLU 36:      -0.31023938 at      7.714 A (2.514 A by res) in 4.2370 (sec).
 Pair  A90-LYS 34, A101-GLU 37:      -0.38833823 at      7.714 A (2.514 A by res) in 4.4004 (sec).
 Pair  A90-LYS 34, A101-GLU 38:      -0.45182501 at      6.660 A (2.514 A by res) in 4.4801 (sec).
 Pair  A90-LYS 34, A101-GLU 40:      -0.36709045 at      7.751 A (2.514 A by res) in 3.5692 (sec).
 Pair  A90-LYS 34, A101-GLU 41:      -0.29770475 at      7.738 A (2.514 A by res) in 3.3891 (sec).
 Pair  A90-LYS 35, A101-GLU 0 :      -0.32140730 at      7.682 A (2.514 A by res) in 3.4229 (sec).
 Pair  A90-LYS 35, A101-GLH 1 :       0.02737692 at      7.682 A (2.514 A by res) in 3.4979 (sec).
 Pair  A90-LYS 35, A101-GLH 4 :       0.03659107 at      7.657 A (2.514 A by res) in 3.4028 (sec).
 Pair  A90-LYS 35, A101-GLH 5 :       0.02078644 at      7.657 A (2.514 A by res) in 3.2817 (sec).
 Pair  A90-LYS 35, A101-GLH 6 :       0.00405481 at      6.689 A (2.514 A by res) in 3.5330 (sec).
 Pair  A90-LYS 35, A101-GLH 8 :       0.00639346 at      7.695 A (2.514 A by res) in 3.9032 (sec).
 Pair  A90-LYS 35, A101-GLH 9 :       0.02683262 at      7.682 A (2.514 A by res) in 3.4069 (sec).
 Pair  A90-LYS 35, A101-GLH 12:       0.03435670 at      7.657 A (2.514 A by res) in 3.8768 (sec).
 Pair  A90-LYS 35, A101-GLH 13:       0.03720253 at      7.657 A (2.514 A by res) in 3.9477 (sec).
 Pair  A90-LYS 35, A101-GLH 14:       0.04853555 at      6.073 A (2.514 A by res) in 4.5041 (sec).
 Pair  A90-LYS 35, A101-GLH 16:       0.03506138 at      7.695 A (2.514 A by res) in 4.6277 (sec).
 Pair  A90-LYS 35, A101-GLH 17:       0.03368109 at      7.682 A (2.514 A by res) in 4.5367 (sec).
 Pair  A90-LYS 35, A101-GLH 20:       0.06157826 at      7.657 A (2.514 A by res) in 4.7559 (sec).
 Pair  A90-LYS 35, A101-GLH 21:       0.01836220 at      7.657 A (2.514 A by res) in 5.7944 (sec).
 Pair  A90-LYS 35, A101-GLH 22:      -0.02914189 at      6.689 A (2.514 A by res) in 5.7913 (sec).
 Pair  A90-LYS 35, A101-GLH 24:      -0.00456227 at      7.695 A (2.514 A by res) in 6.2602 (sec).
 Pair  A90-LYS 35, A101-GLH 25:       0.03884962 at      7.682 A (2.514 A by res) in 7.6331 (sec).
 Pair  A90-LYS 35, A101-GLH 29:       0.02859464 at      7.657 A (2.514 A by res) in 9.1945 (sec).
 Pair  A90-LYS 35, A101-GLH 32:       0.04808477 at      7.695 A (2.514 A by res) in 10.8303 (sec).
 Pair  A90-LYS 35, A101-GLH 33:       0.06172134 at      7.682 A (2.514 A by res) in 10.1972 (sec).
 Pair  A90-LYS 35, A101-GLU 36:      -0.34021436 at      7.657 A (2.514 A by res) in 9.9965 (sec).
 Pair  A90-LYS 35, A101-GLU 37:      -0.44251747 at      7.657 A (2.514 A by res) in 11.0893 (sec).
 Pair  A90-LYS 35, A101-GLU 38:      -0.51921209 at      6.660 A (2.514 A by res) in 9.9572 (sec).
 Pair  A90-LYS 35, A101-GLU 40:      -0.40737104 at      7.695 A (2.514 A by res) in 8.3843 (sec).
 Pair  A90-LYS 35, A101-GLU 41:      -0.32142087 at      7.682 A (2.514 A by res) in 10.0821 (sec).
 Pair  A90-LYS 36, A101-GLU 0 :      -0.34112587 at      6.519 A (2.514 A by res) in 10.6546 (sec).
 Pair  A90-LYS 36, A101-GLH 1 :       0.03539083 at      6.519 A (2.514 A by res) in 11.2987 (sec).
 Pair  A90-LYS 36, A101-GLH 4 :       0.04269464 at      6.489 A (2.514 A by res) in 8.6201 (sec).
 Pair  A90-LYS 36, A101-GLH 5 :       0.02399519 at      6.489 A (2.514 A by res) in 8.8159 (sec).
 Pair  A90-LYS 36, A101-GLH 6 :       0.00212514 at      5.824 A (2.514 A by res) in 9.7943 (sec).
 Pair  A90-LYS 36, A101-GLH 8 :       0.01173698 at      6.534 A (2.514 A by res) in 8.3324 (sec).
 Pair  A90-LYS 36, A101-GLH 9 :       0.03451929 at      6.519 A (2.514 A by res) in 9.1170 (sec).
 Pair  A90-LYS 36, A101-GLH 12:       0.04290717 at      6.489 A (2.514 A by res) in 8.5971 (sec).
 Pair  A90-LYS 36, A101-GLH 13:       0.04687524 at      6.489 A (2.514 A by res) in 8.9819 (sec).
 Pair  A90-LYS 36, A101-GLH 14:       0.06573417 at      5.484 A (2.514 A by res) in 9.4497 (sec).
 Pair  A90-LYS 36, A101-GLH 16:       0.04153092 at      6.534 A (2.514 A by res) in 8.9119 (sec).
 Pair  A90-LYS 36, A101-GLH 17:       0.04018339 at      6.519 A (2.514 A by res) in 8.1975 (sec).
 Pair  A90-LYS 36, A101-GLH 20:       0.06738782 at      6.489 A (2.514 A by res) in 11.4255 (sec).
 Pair  A90-LYS 36, A101-GLH 21:       0.02288440 at      6.489 A (2.514 A by res) in 8.9756 (sec).
 Pair  A90-LYS 36, A101-GLH 22:      -0.02787957 at      5.824 A (2.514 A by res) in 10.4774 (sec).
 Pair  A90-LYS 36, A101-GLH 24:       0.00143849 at      6.534 A (2.514 A by res) in 9.0195 (sec).
 Pair  A90-LYS 36, A101-GLH 25:       0.05096255 at      6.519 A (2.514 A by res) in 8.2216 (sec).
 Pair  A90-LYS 36, A101-GLH 29:       0.04845806 at      6.489 A (2.514 A by res) in 9.7637 (sec).
 Pair  A90-LYS 36, A101-GLH 32:       0.06409497 at      6.534 A (2.514 A by res) in 10.6829 (sec).
 Pair  A90-LYS 36, A101-GLH 33:       0.07211039 at      6.519 A (2.514 A by res) in 9.3039 (sec).
 Pair  A90-LYS 36, A101-GLU 36:      -0.35516257 at      6.489 A (2.514 A by res) in 8.9856 (sec).
 Pair  A90-LYS 36, A101-GLU 37:      -0.45866076 at      6.489 A (2.514 A by res) in 7.8739 (sec).
 Pair  A90-LYS 36, A101-GLU 38:      -0.54525177 at      5.795 A (2.514 A by res) in 9.7276 (sec).
 Pair  A90-LYS 36, A101-GLU 40:      -0.43447448 at      6.534 A (2.514 A by res) in 9.2885 (sec).
 Pair  A90-LYS 36, A101-GLU 41:      -0.34114685 at      6.519 A (2.514 A by res) in 9.6258 (sec).
 Pair  A96-LYS 0 , A100-LYS 0 :       1.26039468 at      2.047 A (0.362 A by res) in 9.8798 (sec).
 Pair  A96-LYS 0 , A100-LYS 30:       4.48920019 at      1.916 A (0.362 A by res) in 7.3158 (sec).
 Pair  A96-LYS 0 , A100-LYS 33:       0.77905078 at      2.047 A (0.362 A by res) in 6.8537 (sec).
 Pair  A96-LYS 0 , A100-LYS 37:       0.62609197 at      2.047 A (0.362 A by res) in 7.6575 (sec).
 Pair  A96-LYS 0 , A100-LYS 38:       0.72680729 at      2.047 A (0.362 A by res) in 5.7776 (sec).
 Pair  A96-LYS 0 , A100-LYS 39:       0.63502092 at      2.047 A (0.362 A by res) in 4.9353 (sec).
 Pair  A96-LYS 0 , A100-LYS 40:       0.65769967 at      2.047 A (0.362 A by res) in 4.7898 (sec).
 Pair  A96-LYS 0 , A100-LYS 41:       0.58256000 at      2.047 A (0.362 A by res) in 4.8314 (sec).
 Pair  A96-LYS 0 , A100-LYS 42:       1.08713235 at      2.047 A (0.362 A by res) in 9.1883 (sec).
 Pair  A96-LYS 0 , A100-LYS 46:       1.19198231 at      2.047 A (0.362 A by res) in 5.4104 (sec).
 Pair  A96-LYS 0 , A100-LYS 47:     254.51424265 at      0.982 A (0.362 A by res) in 5.9353 (sec).
 Pair  A96-LYS 0 , A100-LYS 48:      40.53747255 at      1.549 A (0.362 A by res) in 8.2732 (sec).
 Pair  A96-LYS 0 , A100-LYS 49:      12.71389973 at      1.786 A (0.362 A by res) in 6.8897 (sec).
 Pair  A96-LYS 0 , A100-LYS 50:       4.94216253 at      1.781 A (0.362 A by res) in 7.9414 (sec).
 Pair  A96-LYS 0 , A100-LYS 51:     145.57077150 at      0.933 A (0.362 A by res) in 8.2114 (sec).
 Pair  A96-LYS 29, A100-LYS 0 :       0.63387508 at      2.047 A (0.362 A by res) in 8.0189 (sec).
 Pair  A96-LYS 29, A100-LYS 30:       1.06570668 at      2.047 A (0.362 A by res) in 7.5791 (sec).
 Pair  A96-LYS 29, A100-LYS 33:       0.32258721 at      2.047 A (0.362 A by res) in 7.8815 (sec).
 Pair  A96-LYS 29, A100-LYS 37:       0.23766526 at      2.047 A (0.362 A by res) in 7.0194 (sec).
 Pair  A96-LYS 29, A100-LYS 38:       0.28921610 at      2.047 A (0.362 A by res) in 7.4754 (sec).
 Pair  A96-LYS 29, A100-LYS 39:       0.20995129 at      2.047 A (0.362 A by res) in 6.2534 (sec).
 Pair  A96-LYS 29, A100-LYS 40:       0.22660187 at      2.047 A (0.362 A by res) in 7.1275 (sec).
 Pair  A96-LYS 29, A100-LYS 41:       0.19265435 at      2.047 A (0.362 A by res) in 7.9755 (sec).
 Pair  A96-LYS 29, A100-LYS 42:       0.34462351 at      2.047 A (0.362 A by res) in 6.1809 (sec).
 Pair  A96-LYS 29, A100-LYS 46:       0.61610899 at      2.047 A (0.362 A by res) in 8.6544 (sec).
 Pair  A96-LYS 29, A100-LYS 47:       4.16510666 at      2.047 A (0.362 A by res) in 7.2872 (sec).
 Pair  A96-LYS 29, A100-LYS 48:       2.00435168 at      2.047 A (0.362 A by res) in 6.8862 (sec).
 Pair  A96-LYS 29, A100-LYS 49:       1.51181997 at      2.047 A (0.362 A by res) in 7.6775 (sec).
 Pair  A96-LYS 29, A100-LYS 50:       1.71341756 at      2.047 A (0.362 A by res) in 5.7096 (sec).
 Pair  A96-LYS 29, A100-LYS 51:       4.90052176 at      1.667 A (0.362 A by res) in 5.8815 (sec).
 Pair  A96-LYS 31, A100-LYS 0 :       0.68755099 at      2.047 A (0.362 A by res) in 5.6162 (sec).
 Pair  A96-LYS 31, A100-LYS 30:       1.06565170 at      2.047 A (0.362 A by res) in 5.4547 (sec).
 Pair  A96-LYS 31, A100-LYS 33:       0.39650867 at      2.047 A (0.362 A by res) in 5.6896 (sec).
 Pair  A96-LYS 31, A100-LYS 37:       0.28366841 at      2.047 A (0.362 A by res) in 5.5228 (sec).
 Pair  A96-LYS 31, A100-LYS 38:       0.35711732 at      2.047 A (0.362 A by res) in 5.5228 (sec).
 Pair  A96-LYS 31, A100-LYS 39:       0.23428938 at      2.047 A (0.362 A by res) in 5.8882 (sec).
 Pair  A96-LYS 31, A100-LYS 40:       0.26780409 at      2.047 A (0.362 A by res) in 5.6758 (sec).
 Pair  A96-LYS 31, A100-LYS 41:       0.22434509 at      2.047 A (0.362 A by res) in 5.2498 (sec).
 Pair  A96-LYS 31, A100-LYS 42:       0.39881372 at      2.047 A (0.362 A by res) in 6.0024 (sec).
 Pair  A96-LYS 31, A100-LYS 46:       0.67146219 at      2.047 A (0.362 A by res) in 5.3138 (sec).
 Pair  A96-LYS 31, A100-LYS 47:       4.16495135 at      2.047 A (0.362 A by res) in 5.2864 (sec).
 Pair  A96-LYS 31, A100-LYS 48:       2.09334137 at      2.047 A (0.362 A by res) in 5.2028 (sec).
 Pair  A96-LYS 31, A100-LYS 49:       1.52207182 at      2.047 A (0.362 A by res) in 5.2679 (sec).
 Pair  A96-LYS 31, A100-LYS 50:       1.93317086 at      2.047 A (0.362 A by res) in 5.0054 (sec).
 Pair  A96-LYS 31, A100-LYS 51:       5.12058363 at      1.667 A (0.362 A by res) in 4.9906 (sec).
 Pair  A96-LYS 32, A100-LYS 0 :       0.64185676 at      2.047 A (0.362 A by res) in 4.9539 (sec).
 Pair  A96-LYS 32, A100-LYS 30:       1.02814276 at      2.047 A (0.362 A by res) in 4.1171 (sec).
 Pair  A96-LYS 32, A100-LYS 33:       0.37724677 at      2.047 A (0.362 A by res) in 4.1455 (sec).
 Pair  A96-LYS 32, A100-LYS 37:       0.27674461 at      2.047 A (0.362 A by res) in 4.1582 (sec).
 Pair  A96-LYS 32, A100-LYS 38:       0.33573696 at      2.047 A (0.362 A by res) in 3.9091 (sec).
 Pair  A96-LYS 32, A100-LYS 39:       0.21570058 at      2.047 A (0.362 A by res) in 3.9566 (sec).
 Pair  A96-LYS 32, A100-LYS 40:       0.24288411 at      2.047 A (0.362 A by res) in 4.0540 (sec).
 Pair  A96-LYS 32, A100-LYS 41:       0.21146909 at      2.047 A (0.362 A by res) in 4.0257 (sec).
 Pair  A96-LYS 32, A100-LYS 42:       0.35780800 at      2.047 A (0.362 A by res) in 4.0487 (sec).
 Pair  A96-LYS 32, A100-LYS 46:       0.63053042 at      2.047 A (0.362 A by res) in 3.8834 (sec).
 Pair  A96-LYS 32, A100-LYS 47:       4.13853234 at      2.047 A (0.362 A by res) in 3.8148 (sec).
 Pair  A96-LYS 32, A100-LYS 48:       2.01282537 at      2.047 A (0.362 A by res) in 3.9259 (sec).
 Pair  A96-LYS 32, A100-LYS 49:       1.48488619 at      2.047 A (0.362 A by res) in 4.6487 (sec).
 Pair  A96-LYS 32, A100-LYS 50:       1.88273854 at      2.047 A (0.362 A by res) in 4.3849 (sec).
 Pair  A96-LYS 32, A100-LYS 51:       5.16154407 at      1.667 A (0.362 A by res) in 3.9725 (sec).
 Pair  A96-LYS 33, A100-LYS 0 :       0.91436052 at      2.047 A (0.362 A by res) in 3.9194 (sec).
 Pair  A96-LYS 33, A100-LYS 30:       1.43583042 at      2.047 A (0.362 A by res) in 3.8043 (sec).
 Pair  A96-LYS 33, A100-LYS 33:       0.48652477 at      2.047 A (0.362 A by res) in 3.5994 (sec).
 Pair  A96-LYS 33, A100-LYS 37:       0.34125967 at      2.047 A (0.362 A by res) in 4.1715 (sec).
 Pair  A96-LYS 33, A100-LYS 38:       0.43729731 at      2.047 A (0.362 A by res) in 3.9737 (sec).
 Pair  A96-LYS 33, A100-LYS 39:       0.30990054 at      2.047 A (0.362 A by res) in 3.4477 (sec).
 Pair  A96-LYS 33, A100-LYS 40:       0.34400459 at      2.047 A (0.362 A by res) in 3.3631 (sec).
 Pair  A96-LYS 33, A100-LYS 41:       0.28335733 at      2.047 A (0.362 A by res) in 3.4557 (sec).
 Pair  A96-LYS 33, A100-LYS 42:       0.56364931 at      2.047 A (0.362 A by res) in 3.4334 (sec).
 Pair  A96-LYS 33, A100-LYS 46:       0.87745820 at      2.047 A (0.362 A by res) in 3.4019 (sec).
 Pair  A96-LYS 33, A100-LYS 47:       6.10188941 at      2.047 A (0.362 A by res) in 3.4137 (sec).
 Pair  A96-LYS 33, A100-LYS 48:       2.59298659 at      2.047 A (0.362 A by res) in 4.1059 (sec).
 Pair  A96-LYS 33, A100-LYS 49:       1.76594770 at      2.047 A (0.362 A by res) in 3.6840 (sec).
 Pair  A96-LYS 33, A100-LYS 50:       2.39533511 at      2.047 A (0.362 A by res) in 3.8319 (sec).
 Pair  A96-LYS 33, A100-LYS 51:       6.61599711 at      1.667 A (0.362 A by res) in 3.6434 (sec).
 Pair  A96-LYS 37, A100-LYS 0 :       1.82091399 at      2.047 A (0.362 A by res) in 3.3373 (sec).
 Pair  A96-LYS 37, A100-LYS 30:       3.05089108 at      2.047 A (0.362 A by res) in 3.3623 (sec).
 Pair  A96-LYS 37, A100-LYS 33:       1.36153444 at      2.047 A (0.362 A by res) in 3.4284 (sec).
 Pair  A96-LYS 37, A100-LYS 37:       1.01844509 at      2.047 A (0.362 A by res) in 3.5339 (sec).
 Pair  A96-LYS 37, A100-LYS 38:       1.24541084 at      2.047 A (0.362 A by res) in 3.8076 (sec).
 Pair  A96-LYS 37, A100-LYS 39:       0.91344675 at      2.047 A (0.362 A by res) in 3.7352 (sec).
 Pair  A96-LYS 37, A100-LYS 40:       0.97231054 at      2.047 A (0.362 A by res) in 3.3287 (sec).
 Pair  A96-LYS 37, A100-LYS 41:       0.88234740 at      2.047 A (0.362 A by res) in 3.2382 (sec).
 Pair  A96-LYS 37, A100-LYS 42:       1.71673957 at      2.047 A (0.362 A by res) in 3.5075 (sec).
 Pair  A96-LYS 37, A100-LYS 46:       1.74516771 at      2.047 A (0.362 A by res) in 3.4859 (sec).
 Pair  A96-LYS 37, A100-LYS 47:     156.83888803 at      1.044 A (0.362 A by res) in 3.6414 (sec).
 Pair  A96-LYS 37, A100-LYS 48:      27.74993070 at      1.294 A (0.362 A by res) in 3.6963 (sec).
 Pair  A96-LYS 37, A100-LYS 49:       6.15626867 at      1.904 A (0.362 A by res) in 3.5673 (sec).
 Pair  A96-LYS 37, A100-LYS 50:      35.31556961 at      1.479 A (0.362 A by res) in 3.5930 (sec).
 Pair  A96-LYS 37, A100-LYS 51:     169.13138013 at      1.002 A (0.362 A by res) in 3.3456 (sec).
 Pair  A96-LYS 38, A100-LYS 0 :       1.00828093 at      2.047 A (0.362 A by res) in 3.6204 (sec).
 Pair  A96-LYS 38, A100-LYS 30:       1.76187072 at      2.047 A (0.362 A by res) in 3.6732 (sec).
 Pair  A96-LYS 38, A100-LYS 33:       0.68855349 at      2.047 A (0.362 A by res) in 3.5265 (sec).
 Pair  A96-LYS 38, A100-LYS 37:       0.52438739 at      2.047 A (0.362 A by res) in 3.4447 (sec).
 Pair  A96-LYS 38, A100-LYS 38:       0.62391900 at      2.047 A (0.362 A by res) in 3.4679 (sec).
 Pair  A96-LYS 38, A100-LYS 39:       0.49395131 at      2.047 A (0.362 A by res) in 3.4952 (sec).
 Pair  A96-LYS 38, A100-LYS 40:       0.52696197 at      2.047 A (0.362 A by res) in 3.5635 (sec).
 Pair  A96-LYS 38, A100-LYS 41:       0.46378442 at      2.047 A (0.362 A by res) in 3.5744 (sec).
 Pair  A96-LYS 38, A100-LYS 42:       0.81031492 at      2.047 A (0.362 A by res) in 3.4762 (sec).
 Pair  A96-LYS 38, A100-LYS 46:       0.95197676 at      2.047 A (0.362 A by res) in 3.5495 (sec).
 Pair  A96-LYS 38, A100-LYS 47:     140.98906784 at      1.044 A (0.362 A by res) in 3.6537 (sec).
 Pair  A96-LYS 38, A100-LYS 48:       4.79880630 at      1.968 A (0.362 A by res) in 3.7393 (sec).
 Pair  A96-LYS 38, A100-LYS 49:       3.24121860 at      2.010 A (0.362 A by res) in 3.4549 (sec).
 Pair  A96-LYS 38, A100-LYS 50:       4.28240026 at      1.807 A (0.362 A by res) in 3.3849 (sec).
 Pair  A96-LYS 38, A100-LYS 51:     119.14465440 at      1.002 A (0.362 A by res) in 3.2846 (sec).
 Pair  A96-LYS 39, A100-LYS 0 :       1.65279392 at      2.047 A (0.362 A by res) in 3.3596 (sec).
 Pair  A96-LYS 39, A100-LYS 30:      19.72218043 at      1.360 A (0.362 A by res) in 3.2646 (sec).
 Pair  A96-LYS 39, A100-LYS 33:       0.84768838 at      2.047 A (0.362 A by res) in 3.4322 (sec).
 Pair  A96-LYS 39, A100-LYS 37:       0.73107048 at      2.047 A (0.362 A by res) in 3.4519 (sec).
 Pair  A96-LYS 39, A100-LYS 38:       0.80138474 at      2.047 A (0.362 A by res) in 3.6130 (sec).
 Pair  A96-LYS 39, A100-LYS 39:       0.76919099 at      2.047 A (0.362 A by res) in 3.6033 (sec).
 Pair  A96-LYS 39, A100-LYS 40:       0.75207671 at      2.047 A (0.362 A by res) in 3.9084 (sec).
 Pair  A96-LYS 39, A100-LYS 41:       0.69635351 at      2.047 A (0.362 A by res) in 3.7363 (sec).
 Pair  A96-LYS 39, A100-LYS 42:       1.17533008 at      2.047 A (0.362 A by res) in 3.4515 (sec).
 Pair  A96-LYS 39, A100-LYS 46:       1.55502809 at      2.047 A (0.362 A by res) in 3.4538 (sec).
 Pair  A96-LYS 39, A100-LYS 47:     553.06346695 at      0.961 A (0.362 A by res) in 3.6352 (sec).
 Pair  A96-LYS 39, A100-LYS 48:      58.66005472 at      1.422 A (0.362 A by res) in 3.3196 (sec).
 Pair  A96-LYS 39, A100-LYS 49:      38.93457261 at      1.479 A (0.362 A by res) in 3.2629 (sec).
 Pair  A96-LYS 39, A100-LYS 50:       4.21550674 at      1.807 A (0.362 A by res) in 3.2637 (sec).
 Pair  A96-LYS 39, A100-LYS 51:     118.88179775 at      1.002 A (0.362 A by res) in 3.3388 (sec).
 Pair  A96-LYS 40, A100-LYS 0 :       1.51567096 at      2.047 A (0.362 A by res) in 3.2706 (sec).
 Pair  A96-LYS 40, A100-LYS 30:      12.66720419 at      1.430 A (0.362 A by res) in 3.2840 (sec).
 Pair  A96-LYS 40, A100-LYS 33:       0.78770034 at      2.047 A (0.362 A by res) in 3.2581 (sec).
 Pair  A96-LYS 40, A100-LYS 37:       0.64968852 at      2.047 A (0.362 A by res) in 3.2535 (sec).
 Pair  A96-LYS 40, A100-LYS 38:       0.73990950 at      2.047 A (0.362 A by res) in 3.2453 (sec).
 Pair  A96-LYS 40, A100-LYS 39:       0.66978913 at      2.047 A (0.362 A by res) in 3.2589 (sec).
 Pair  A96-LYS 40, A100-LYS 40:       0.68308947 at      2.047 A (0.362 A by res) in 3.2359 (sec).
 Pair  A96-LYS 40, A100-LYS 41:       0.61094939 at      2.047 A (0.362 A by res) in 3.2797 (sec).
 Pair  A96-LYS 40, A100-LYS 42:       1.11587694 at      2.047 A (0.362 A by res) in 3.2362 (sec).
 Pair  A96-LYS 40, A100-LYS 46:       1.39948855 at      2.047 A (0.362 A by res) in 3.2396 (sec).
 Pair  A96-LYS 40, A100-LYS 47:     466.01316050 at      1.044 A (0.362 A by res) in 3.2605 (sec).
 Pair  A96-LYS 40, A100-LYS 48:      55.64140978 at      1.473 A (0.362 A by res) in 3.2435 (sec).
 Pair  A96-LYS 40, A100-LYS 49:      30.35189588 at      1.560 A (0.362 A by res) in 3.2265 (sec).
 Pair  A96-LYS 40, A100-LYS 50:       4.13631836 at      1.807 A (0.362 A by res) in 3.2272 (sec).
 Pair  A96-LYS 40, A100-LYS 51:     118.59926929 at      1.002 A (0.362 A by res) in 3.2570 (sec).
 Pair  A96-LYS 41, A100-LYS 0 :      20.01373486 at      1.388 A (0.362 A by res) in 3.2517 (sec).
 Pair  A96-LYS 41, A100-LYS 30:     100.65949645 at      1.090 A (0.362 A by res) in 3.2410 (sec).
 Pair  A96-LYS 41, A100-LYS 33:       2.15269295 at      2.047 A (0.362 A by res) in 3.2279 (sec).
 Pair  A96-LYS 41, A100-LYS 37:       1.88175971 at      2.047 A (0.362 A by res) in 3.2262 (sec).
 Pair  A96-LYS 41, A100-LYS 38:       2.07452428 at      2.047 A (0.362 A by res) in 3.2488 (sec).
 Pair  A96-LYS 41, A100-LYS 39:       1.86550772 at      2.047 A (0.362 A by res) in 3.2419 (sec).
 Pair  A96-LYS 41, A100-LYS 40:       1.89397486 at      2.047 A (0.362 A by res) in 3.2504 (sec).
 Pair  A96-LYS 41, A100-LYS 41:       1.77448947 at      2.047 A (0.362 A by res) in 3.2220 (sec).
 Pair  A96-LYS 41, A100-LYS 42:       3.53955501 at      2.047 A (0.362 A by res) in 3.2305 (sec).
 Pair  A96-LYS 41, A100-LYS 46:      19.53464838 at      1.311 A (0.362 A by res) in 3.2225 (sec).
 Pair  A96-LYS 41, A100-LYS 47:    2705.54254063 at      0.733 A (0.362 A by res) in 3.2394 (sec).
 Pair  A96-LYS 41, A100-LYS 48:    2068.74081913 at      0.558 A (0.362 A by res) in 3.2369 (sec).
 Pair  A96-LYS 41, A100-LYS 49:     684.63093801 at      0.810 A (0.362 A by res) in 3.2486 (sec).
 Pair  A96-LYS 41, A100-LYS 50:      27.27356983 at      1.509 A (0.362 A by res) in 3.2359 (sec).
 Pair  A96-LYS 41, A100-LYS 51:     152.24086370 at      1.002 A (0.362 A by res) in 3.2532 (sec).
 Pair  A96-LYS 42, A100-LYS 0 :       0.78149920 at      2.047 A (0.362 A by res) in 3.2579 (sec).
 Pair  A96-LYS 42, A100-LYS 30:       1.57125054 at      2.047 A (0.362 A by res) in 3.2288 (sec).
 Pair  A96-LYS 42, A100-LYS 33:       0.53692693 at      2.047 A (0.362 A by res) in 3.2370 (sec).
 Pair  A96-LYS 42, A100-LYS 37:       0.43755334 at      2.047 A (0.362 A by res) in 3.2248 (sec).
 Pair  A96-LYS 42, A100-LYS 38:       0.49184149 at      2.047 A (0.362 A by res) in 3.2261 (sec).
 Pair  A96-LYS 42, A100-LYS 39:       0.43624071 at      2.047 A (0.362 A by res) in 3.2317 (sec).
 Pair  A96-LYS 42, A100-LYS 40:       0.44162946 at      2.047 A (0.362 A by res) in 3.2402 (sec).
 Pair  A96-LYS 42, A100-LYS 41:       0.40042944 at      2.047 A (0.362 A by res) in 3.2266 (sec).
 Pair  A96-LYS 42, A100-LYS 42:       0.63028144 at      2.047 A (0.362 A by res) in 3.2357 (sec).
 Pair  A96-LYS 42, A100-LYS 46:       0.73738563 at      2.047 A (0.362 A by res) in 3.2416 (sec).
 Pair  A96-LYS 42, A100-LYS 47:     143.52356982 at      1.044 A (0.362 A by res) in 3.2493 (sec).
 Pair  A96-LYS 42, A100-LYS 48:       4.11382029 at      1.968 A (0.362 A by res) in 3.2444 (sec).
 Pair  A96-LYS 42, A100-LYS 49:       3.26012951 at      2.010 A (0.362 A by res) in 3.2705 (sec).
 Pair  A96-LYS 42, A100-LYS 50:       3.32363560 at      1.807 A (0.362 A by res) in 3.5874 (sec).
 Pair  A96-LYS 42, A100-LYS 51:     116.45949359 at      1.002 A (0.362 A by res) in 3.4848 (sec).
 Pair  A96-LYS 43, A100-LYS 0 :       0.79860012 at      2.047 A (0.362 A by res) in 3.6394 (sec).
 Pair  A96-LYS 43, A100-LYS 30:       1.83770109 at      2.047 A (0.362 A by res) in 4.2565 (sec).
 Pair  A96-LYS 43, A100-LYS 33:       0.54377514 at      2.047 A (0.362 A by res) in 4.1688 (sec).
 Pair  A96-LYS 43, A100-LYS 37:       0.45456807 at      2.047 A (0.362 A by res) in 4.3409 (sec).
 Pair  A96-LYS 43, A100-LYS 38:       0.49868663 at      2.047 A (0.362 A by res) in 4.4291 (sec).
 Pair  A96-LYS 43, A100-LYS 39:       0.46154597 at      2.047 A (0.362 A by res) in 4.5660 (sec).
 Pair  A96-LYS 43, A100-LYS 40:       0.45231359 at      2.047 A (0.362 A by res) in 4.4758 (sec).
 Pair  A96-LYS 43, A100-LYS 41:       0.41891507 at      2.047 A (0.362 A by res) in 3.7086 (sec).
 Pair  A96-LYS 43, A100-LYS 42:       0.64354288 at      2.047 A (0.362 A by res) in 4.7355 (sec).
 Pair  A96-LYS 43, A100-LYS 46:       0.75506818 at      2.047 A (0.362 A by res) in 5.0166 (sec).
 Pair  A96-LYS 43, A100-LYS 47:     144.47348231 at      1.044 A (0.362 A by res) in 6.5886 (sec).
 Pair  A96-LYS 43, A100-LYS 48:       4.16169786 at      1.968 A (0.362 A by res) in 7.6400 (sec).
 Pair  A96-LYS 43, A100-LYS 49:       3.48135419 at      2.010 A (0.362 A by res) in 7.4623 (sec).
 Pair  A96-LYS 43, A100-LYS 50:       3.34285959 at      1.807 A (0.362 A by res) in 8.2347 (sec).
 Pair  A96-LYS 43, A100-LYS 51:     116.68666315 at      1.002 A (0.362 A by res) in 8.4486 (sec).
 Pair A100-LYS 0 , A101-GLU 0 :      -0.41751519 at      1.355 A (1.355 A by res) in 9.6593 (sec).
 Pair A100-LYS 0 , A101-GLH 1 :       0.16283078 at      1.355 A (1.355 A by res) in 10.5043 (sec).
 Pair A100-LYS 0 , A101-GLH 4 :       0.07068783 at      1.355 A (1.355 A by res) in 10.6547 (sec).
 Pair A100-LYS 0 , A101-GLH 5 :       0.08109196 at      1.355 A (1.355 A by res) in 10.4263 (sec).
 Pair A100-LYS 0 , A101-GLH 6 :       0.10529693 at      1.355 A (1.355 A by res) in 11.3910 (sec).
 Pair A100-LYS 0 , A101-GLH 8 :       0.13579505 at      1.355 A (1.355 A by res) in 11.2227 (sec).
 Pair A100-LYS 0 , A101-GLH 9 :       0.15990972 at      1.355 A (1.355 A by res) in 8.6559 (sec).
 Pair A100-LYS 0 , A101-GLH 12:       0.10504119 at      1.355 A (1.355 A by res) in 11.1474 (sec).
 Pair A100-LYS 0 , A101-GLH 13:       0.09141317 at      1.355 A (1.355 A by res) in 10.4222 (sec).
 Pair A100-LYS 0 , A101-GLH 14:       0.11808194 at      1.355 A (1.355 A by res) in 9.3960 (sec).
 Pair A100-LYS 0 , A101-GLH 16:       0.12663652 at      1.355 A (1.355 A by res) in 9.3721 (sec).
 Pair A100-LYS 0 , A101-GLH 17:       0.12750667 at      1.355 A (1.355 A by res) in 8.0464 (sec).
 Pair A100-LYS 0 , A101-GLH 20:       0.06133031 at      1.355 A (1.355 A by res) in 11.8037 (sec).
 Pair A100-LYS 0 , A101-GLH 21:       0.08966758 at      1.355 A (1.355 A by res) in 10.9263 (sec).
 Pair A100-LYS 0 , A101-GLH 22:       0.11895191 at      1.355 A (1.355 A by res) in 9.3497 (sec).
 Pair A100-LYS 0 , A101-GLH 24:       0.17371150 at      1.355 A (1.355 A by res) in 9.7834 (sec).
 Pair A100-LYS 0 , A101-GLH 25:       0.21499539 at      1.355 A (1.355 A by res) in 10.3394 (sec).
 Pair A100-LYS 0 , A101-GLH 29:       0.14843157 at      1.355 A (1.355 A by res) in 11.8655 (sec).
 Pair A100-LYS 0 , A101-GLH 32:       0.17131534 at      1.355 A (1.355 A by res) in 7.8817 (sec).
 Pair A100-LYS 0 , A101-GLH 33:       0.13435625 at      1.355 A (1.355 A by res) in 8.7210 (sec).
 Pair A100-LYS 0 , A101-GLU 36:      -0.36310034 at      1.355 A (1.355 A by res) in 8.0368 (sec).
 Pair A100-LYS 0 , A101-GLU 37:      -0.29783192 at      1.355 A (1.355 A by res) in 9.7417 (sec).
 Pair A100-LYS 0 , A101-GLU 38:      -0.27509824 at      1.355 A (1.355 A by res) in 8.4938 (sec).
 Pair A100-LYS 0 , A101-GLU 40:      -0.34034471 at      1.355 A (1.355 A by res) in 9.0399 (sec).
 Pair A100-LYS 0 , A101-GLU 41:      -0.41765399 at      1.355 A (1.355 A by res) in 9.3353 (sec).
 Pair A100-LYS 0 , A104-ASP 0 :      -0.71656064 at      1.900 A (0.324 A by res) in 10.3268 (sec).
 Pair A100-LYS 0 , A104-ASH 1 :       0.25066937 at      1.900 A (0.324 A by res) in 8.9529 (sec).
 Pair A100-LYS 0 , A104-ASH 4 :       0.07391397 at      1.900 A (0.324 A by res) in 9.0915 (sec).
 Pair A100-LYS 0 , A104-ASH 5 :       0.06629064 at      1.900 A (0.324 A by res) in 9.8458 (sec).
 Pair A100-LYS 0 , A104-ASH 6 :       0.18672465 at      1.900 A (0.324 A by res) in 9.6678 (sec).
 Pair A100-LYS 0 , A104-ASH 8 :       0.08544527 at      1.900 A (0.324 A by res) in 10.6449 (sec).
 Pair A100-LYS 0 , A104-ASH 9 :       0.05352707 at      1.900 A (0.324 A by res) in 8.8718 (sec).
 Pair A100-LYS 0 , A104-ASH 10:       0.07059822 at      1.900 A (0.324 A by res) in 8.5695 (sec).
 Pair A100-LYS 0 , A104-ASH 11:       0.11293833 at      1.900 A (0.324 A by res) in 9.5300 (sec).
 Pair A100-LYS 0 , A104-ASH 14:       0.11091153 at      1.900 A (0.324 A by res) in 8.9019 (sec).
 Pair A100-LYS 0 , A104-ASH 15:       0.08225328 at      1.900 A (0.324 A by res) in 8.2896 (sec).
 Pair A100-LYS 0 , A104-ASH 16:       0.13310763 at      1.900 A (0.324 A by res) in 8.6907 (sec).
 Pair A100-LYS 0 , A104-ASH 20:       0.08573674 at      1.900 A (0.324 A by res) in 11.5228 (sec).
 Pair A100-LYS 0 , A104-ASP 24:      -0.43479646 at      1.900 A (0.324 A by res) in 11.0612 (sec).
 Pair A100-LYS 0 , A104-ASP 25:      -0.42346050 at      1.900 A (0.324 A by res) in 7.9836 (sec).
 Pair A100-LYS 0 , A104-ASP 26:      -0.66632451 at      1.900 A (0.324 A by res) in 10.2427 (sec).
 Pair A100-LYS 30, A101-GLU 0 :      -0.35876458 at      1.355 A (1.355 A by res) in 11.6514 (sec).
 Pair A100-LYS 30, A101-GLH 1 :       0.15244875 at      1.355 A (1.355 A by res) in 8.6992 (sec).
 Pair A100-LYS 30, A101-GLH 4 :       0.07538645 at      1.355 A (1.355 A by res) in 8.1269 (sec).
 Pair A100-LYS 30, A101-GLH 5 :       0.07955644 at      1.355 A (1.355 A by res) in 9.3300 (sec).
 Pair A100-LYS 30, A101-GLH 6 :       0.10149492 at      1.355 A (1.355 A by res) in 8.2271 (sec).
 Pair A100-LYS 30, A101-GLH 8 :       0.12413259 at      1.355 A (1.355 A by res) in 9.7532 (sec).
 Pair A100-LYS 30, A101-GLH 9 :       0.15006480 at      1.355 A (1.355 A by res) in 13.0369 (sec).
 Pair A100-LYS 30, A101-GLH 12:       0.10255344 at      1.355 A (1.355 A by res) in 9.5536 (sec).
 Pair A100-LYS 30, A101-GLH 13:       0.09001009 at      1.355 A (1.355 A by res) in 11.0862 (sec).
 Pair A100-LYS 30, A101-GLH 14:       0.11740283 at      1.355 A (1.355 A by res) in 12.7061 (sec).
 Pair A100-LYS 30, A101-GLH 16:       0.11973045 at      1.355 A (1.355 A by res) in 10.4858 (sec).
 Pair A100-LYS 30, A101-GLH 17:       0.12828948 at      1.355 A (1.355 A by res) in 9.7367 (sec).
 Pair A100-LYS 30, A101-GLH 20:       0.07063176 at      1.355 A (1.355 A by res) in 10.7025 (sec).
 Pair A100-LYS 30, A101-GLH 21:       0.08830035 at      1.355 A (1.355 A by res) in 12.3223 (sec).
 Pair A100-LYS 30, A101-GLH 22:       0.11100711 at      1.355 A (1.355 A by res) in 7.7578 (sec).
 Pair A100-LYS 30, A101-GLH 24:       0.15152822 at      1.355 A (1.355 A by res) in 7.8555 (sec).
 Pair A100-LYS 30, A101-GLH 25:       0.19564561 at      1.355 A (1.355 A by res) in 9.4195 (sec).
 Pair A100-LYS 30, A101-GLH 29:       0.14546757 at      1.355 A (1.355 A by res) in 7.5286 (sec).
 Pair A100-LYS 30, A101-GLH 32:       0.16613166 at      1.355 A (1.355 A by res) in 8.4479 (sec).
 Pair A100-LYS 30, A101-GLH 33:       0.14236450 at      1.355 A (1.355 A by res) in 6.4997 (sec).
 Pair A100-LYS 30, A101-GLU 36:      -0.32682361 at      1.355 A (1.355 A by res) in 6.1145 (sec).
 Pair A100-LYS 30, A101-GLU 37:      -0.28242256 at      1.355 A (1.355 A by res) in 6.6004 (sec).
 Pair A100-LYS 30, A101-GLU 38:      -0.27364856 at      1.355 A (1.355 A by res) in 5.2246 (sec).
 Pair A100-LYS 30, A101-GLU 40:      -0.31481159 at      1.355 A (1.355 A by res) in 5.5890 (sec).
 Pair A100-LYS 30, A101-GLU 41:      -0.35890138 at      1.355 A (1.355 A by res) in 5.7170 (sec).
 Pair A100-LYS 30, A104-ASP 0 :      -0.69942055 at      1.900 A (0.324 A by res) in 4.6564 (sec).
 Pair A100-LYS 30, A104-ASH 1 :       0.17405345 at      1.900 A (0.324 A by res) in 4.9766 (sec).
 Pair A100-LYS 30, A104-ASH 4 :       0.07151996 at      1.900 A (0.324 A by res) in 4.9877 (sec).
 Pair A100-LYS 30, A104-ASH 5 :       0.06538274 at      1.900 A (0.324 A by res) in 6.6323 (sec).
 Pair A100-LYS 30, A104-ASH 6 :       0.14892983 at      1.900 A (0.324 A by res) in 4.9856 (sec).
 Pair A100-LYS 30, A104-ASH 8 :       0.08828349 at      1.900 A (0.324 A by res) in 4.5009 (sec).
 Pair A100-LYS 30, A104-ASH 9 :       0.05925543 at      1.900 A (0.324 A by res) in 4.5658 (sec).
 Pair A100-LYS 30, A104-ASH 10:       0.07054865 at      1.900 A (0.324 A by res) in 4.7750 (sec).
 Pair A100-LYS 30, A104-ASH 11:       0.18080042 at      1.900 A (0.324 A by res) in 4.9206 (sec).
 Pair A100-LYS 30, A104-ASH 14:       0.10455920 at      1.900 A (0.324 A by res) in 4.8676 (sec).
 Pair A100-LYS 30, A104-ASH 15:       0.08150309 at      1.900 A (0.324 A by res) in 4.6609 (sec).
 Pair A100-LYS 30, A104-ASH 16:       0.11234755 at      1.900 A (0.324 A by res) in 4.6675 (sec).
 Pair A100-LYS 30, A104-ASH 20:       0.09021327 at      1.900 A (0.324 A by res) in 3.8402 (sec).
 Pair A100-LYS 30, A104-ASP 24:      -0.39119172 at      1.900 A (0.324 A by res) in 4.0623 (sec).
 Pair A100-LYS 30, A104-ASP 25:      -0.38417257 at      1.900 A (0.324 A by res) in 3.9156 (sec).
 Pair A100-LYS 30, A104-ASP 26:      -0.62784920 at      1.900 A (0.324 A by res) in 4.2096 (sec).
 Pair A100-LYS 33, A101-GLU 0 :      -0.52736924 at      1.355 A (1.355 A by res) in 4.0219 (sec).
 Pair A100-LYS 33, A101-GLH 1 :       0.42729394 at      1.355 A (1.355 A by res) in 4.1640 (sec).
 Pair A100-LYS 33, A101-GLH 4 :       0.20618679 at      1.355 A (1.355 A by res) in 3.9301 (sec).
 Pair A100-LYS 33, A101-GLH 5 :       0.22900091 at      1.355 A (1.355 A by res) in 3.8670 (sec).
 Pair A100-LYS 33, A101-GLH 6 :       0.26675993 at      1.355 A (1.355 A by res) in 4.2033 (sec).
 Pair A100-LYS 33, A101-GLH 8 :       0.34107041 at      1.355 A (1.355 A by res) in 3.6307 (sec).
 Pair A100-LYS 33, A101-GLH 9 :       0.43160077 at      1.355 A (1.355 A by res) in 4.5012 (sec).
 Pair A100-LYS 33, A101-GLH 12:       0.27334163 at      1.355 A (1.355 A by res) in 4.3979 (sec).
 Pair A100-LYS 33, A101-GLH 13:       0.24408033 at      1.355 A (1.355 A by res) in 4.4240 (sec).
 Pair A100-LYS 33, A101-GLH 14:       0.27971114 at      1.355 A (1.355 A by res) in 4.4730 (sec).
 Pair A100-LYS 33, A101-GLH 16:       0.31921173 at      1.355 A (1.355 A by res) in 4.3144 (sec).
 Pair A100-LYS 33, A101-GLH 17:       0.32426701 at      1.355 A (1.355 A by res) in 4.1098 (sec).
 Pair A100-LYS 33, A101-GLH 20:       0.19144520 at      1.355 A (1.355 A by res) in 4.2785 (sec).
 Pair A100-LYS 33, A101-GLH 21:       0.23771092 at      1.355 A (1.355 A by res) in 4.4077 (sec).
 Pair A100-LYS 33, A101-GLH 22:       0.28918974 at      1.355 A (1.355 A by res) in 4.4836 (sec).
 Pair A100-LYS 33, A101-GLH 24:       0.44193130 at      1.355 A (1.355 A by res) in 4.1515 (sec).
 Pair A100-LYS 33, A101-GLH 25:       0.72966595 at      1.355 A (1.355 A by res) in 3.9537 (sec).
 Pair A100-LYS 33, A101-GLH 29:       0.33909901 at      1.355 A (1.355 A by res) in 4.2987 (sec).
 Pair A100-LYS 33, A101-GLH 32:       0.38570730 at      1.355 A (1.355 A by res) in 3.6669 (sec).
 Pair A100-LYS 33, A101-GLH 33:       0.32962791 at      1.355 A (1.355 A by res) in 3.6681 (sec).
 Pair A100-LYS 33, A101-GLU 36:      -0.33056816 at      1.355 A (1.355 A by res) in 3.7264 (sec).
 Pair A100-LYS 33, A101-GLU 37:      -0.22987588 at      1.355 A (1.355 A by res) in 3.6832 (sec).
 Pair A100-LYS 33, A101-GLU 38:      -0.16945486 at      1.355 A (1.355 A by res) in 3.6653 (sec).
 Pair A100-LYS 33, A101-GLU 40:      -0.33906386 at      1.355 A (1.355 A by res) in 3.6688 (sec).
 Pair A100-LYS 33, A101-GLU 41:      -0.52794078 at      1.355 A (1.355 A by res) in 3.4534 (sec).
 Pair A100-LYS 33, A104-ASP 0 :      -0.71758315 at      1.900 A (0.324 A by res) in 3.6500 (sec).
 Pair A100-LYS 33, A104-ASH 1 :       0.33740999 at      1.900 A (0.324 A by res) in 3.5906 (sec).
 Pair A100-LYS 33, A104-ASH 4 :       0.09225854 at      1.900 A (0.324 A by res) in 3.7007 (sec).
 Pair A100-LYS 33, A104-ASH 5 :       0.08943751 at      1.900 A (0.324 A by res) in 3.6140 (sec).
 Pair A100-LYS 33, A104-ASH 6 :       0.24495833 at      1.900 A (0.324 A by res) in 3.5923 (sec).
 Pair A100-LYS 33, A104-ASH 8 :       0.09903185 at      1.900 A (0.324 A by res) in 3.5405 (sec).
 Pair A100-LYS 33, A104-ASH 9 :       0.06077368 at      1.900 A (0.324 A by res) in 3.5397 (sec).
 Pair A100-LYS 33, A104-ASH 10:       0.08301621 at      1.900 A (0.324 A by res) in 3.4324 (sec).
 Pair A100-LYS 33, A104-ASH 11:       0.10509760 at      1.900 A (0.324 A by res) in 3.6374 (sec).
 Pair A100-LYS 33, A104-ASH 14:       0.14758187 at      1.900 A (0.324 A by res) in 4.4059 (sec).
 Pair A100-LYS 33, A104-ASH 15:       0.11378801 at      1.900 A (0.324 A by res) in 4.6581 (sec).
 Pair A100-LYS 33, A104-ASH 16:       0.22200293 at      1.900 A (0.324 A by res) in 4.6224 (sec).
 Pair A100-LYS 33, A104-ASH 20:       0.09326129 at      1.900 A (0.324 A by res) in 4.5739 (sec).
 Pair A100-LYS 33, A104-ASP 24:      -0.48032916 at      1.900 A (0.324 A by res) in 4.4806 (sec).
 Pair A100-LYS 33, A104-ASP 25:      -0.46149019 at      1.900 A (0.324 A by res) in 4.3190 (sec).
 Pair A100-LYS 33, A104-ASP 26:      -0.66459402 at      1.900 A (0.324 A by res) in 4.5431 (sec).
 Pair A100-LYS 37, A101-GLU 0 :      -1.02452071 at      1.355 A (1.355 A by res) in 4.4435 (sec).
 Pair A100-LYS 37, A101-GLH 1 :       0.58661830 at      1.355 A (1.355 A by res) in 4.3012 (sec).
 Pair A100-LYS 37, A101-GLH 4 :       0.39886168 at      1.355 A (1.355 A by res) in 4.2558 (sec).
 Pair A100-LYS 37, A101-GLH 5 :       0.45238067 at      1.355 A (1.355 A by res) in 4.0888 (sec).
 Pair A100-LYS 37, A101-GLH 6 :       0.49276893 at      1.355 A (1.355 A by res) in 4.0672 (sec).
 Pair A100-LYS 37, A101-GLH 8 :       0.63171968 at      1.355 A (1.355 A by res) in 3.5505 (sec).
 Pair A100-LYS 37, A101-GLH 9 :       0.61764079 at      1.355 A (1.355 A by res) in 3.4312 (sec).
 Pair A100-LYS 37, A101-GLH 12:       0.53321994 at      1.355 A (1.355 A by res) in 3.4340 (sec).
 Pair A100-LYS 37, A101-GLH 13:       0.46568271 at      1.355 A (1.355 A by res) in 3.8704 (sec).
 Pair A100-LYS 37, A101-GLH 14:       0.50604783 at      1.355 A (1.355 A by res) in 3.5446 (sec).
 Pair A100-LYS 37, A101-GLH 16:       0.60872118 at      1.355 A (1.355 A by res) in 3.7172 (sec).
 Pair A100-LYS 37, A101-GLH 17:       0.21950410 at      1.355 A (1.355 A by res) in 3.7773 (sec).
 Pair A100-LYS 37, A101-GLH 20:       0.37276547 at      1.355 A (1.355 A by res) in 3.4263 (sec).
 Pair A100-LYS 37, A101-GLH 21:       0.46830383 at      1.355 A (1.355 A by res) in 3.4692 (sec).
 Pair A100-LYS 37, A101-GLH 22:       0.52408062 at      1.355 A (1.355 A by res) in 3.7934 (sec).
 Pair A100-LYS 37, A101-GLH 24:       0.77996137 at      1.355 A (1.355 A by res) in 3.8344 (sec).
 Pair A100-LYS 37, A101-GLH 25:       1.12291092 at      1.355 A (1.355 A by res) in 3.9587 (sec).
 Pair A100-LYS 37, A101-GLH 29:       0.56555281 at      1.355 A (1.355 A by res) in 4.4137 (sec).
 Pair A100-LYS 37, A101-GLH 32:       0.68146880 at      1.355 A (1.355 A by res) in 4.3414 (sec).
 Pair A100-LYS 37, A101-GLH 33:       0.18659620 at      1.355 A (1.355 A by res) in 4.4282 (sec).
 Pair A100-LYS 37, A101-GLU 36:      -0.27952532 at      1.355 A (1.355 A by res) in 3.7288 (sec).
 Pair A100-LYS 37, A101-GLU 37:      -0.07465551 at      1.355 A (1.355 A by res) in 3.4846 (sec).
 Pair A100-LYS 37, A101-GLU 38:      -0.01510412 at      1.355 A (1.355 A by res) in 3.4862 (sec).
 Pair A100-LYS 37, A101-GLU 40:      -0.12684460 at      1.355 A (1.355 A by res) in 3.4987 (sec).
 Pair A100-LYS 37, A101-GLU 41:      -1.02474820 at      1.355 A (1.355 A by res) in 3.6070 (sec).
 Pair A100-LYS 37, A104-ASP 0 :      -1.04921142 at      1.900 A (0.324 A by res) in 3.4757 (sec).
 Pair A100-LYS 37, A104-ASH 1 :       1.11285849 at      1.900 A (0.324 A by res) in 3.4719 (sec).
 Pair A100-LYS 37, A104-ASH 4 :       0.89699225 at      1.900 A (0.324 A by res) in 3.4402 (sec).
 Pair A100-LYS 37, A104-ASH 5 :       0.90819607 at      1.900 A (0.324 A by res) in 3.3904 (sec).
 Pair A100-LYS 37, A104-ASH 6 :       0.69097556 at      1.900 A (0.324 A by res) in 3.2513 (sec).
 Pair A100-LYS 37, A104-ASH 8 :       0.50894687 at      1.900 A (0.324 A by res) in 3.2563 (sec).
 Pair A100-LYS 37, A104-ASH 9 :       0.84385469 at      1.900 A (0.324 A by res) in 3.2766 (sec).
 Pair A100-LYS 37, A104-ASH 10:       0.89082171 at      1.900 A (0.324 A by res) in 3.2851 (sec).
 Pair A100-LYS 37, A104-ASH 11:       0.39541019 at      1.900 A (0.324 A by res) in 3.2634 (sec).
 Pair A100-LYS 37, A104-ASH 14:       1.10111835 at      1.900 A (0.324 A by res) in 3.2488 (sec).
 Pair A100-LYS 37, A104-ASH 15:       0.95071234 at      1.900 A (0.324 A by res) in 3.2509 (sec).
 Pair A100-LYS 37, A104-ASH 16:       0.78577675 at      1.900 A (0.324 A by res) in 3.2860 (sec).
 Pair A100-LYS 37, A104-ASH 20:       0.90659803 at      1.900 A (0.324 A by res) in 3.2652 (sec).
 Pair A100-LYS 37, A104-ASP 24:       0.14191553 at      1.900 A (0.324 A by res) in 3.2733 (sec).
 Pair A100-LYS 37, A104-ASP 25:       0.20169140 at      1.900 A (0.324 A by res) in 3.4119 (sec).
 Pair A100-LYS 37, A104-ASP 26:      -0.81794436 at      1.900 A (0.324 A by res) in 3.3481 (sec).
 Pair A100-LYS 38, A101-GLU 0 :      -0.54752503 at      1.355 A (1.355 A by res) in 3.3469 (sec).
 Pair A100-LYS 38, A101-GLH 1 :       0.29442972 at      1.355 A (1.355 A by res) in 3.5202 (sec).
 Pair A100-LYS 38, A101-GLH 4 :       0.08546757 at      1.355 A (1.355 A by res) in 3.4856 (sec).
 Pair A100-LYS 38, A101-GLH 5 :       0.10861769 at      1.355 A (1.355 A by res) in 3.5986 (sec).
 Pair A100-LYS 38, A101-GLH 6 :       0.14208707 at      1.355 A (1.355 A by res) in 3.4534 (sec).
 Pair A100-LYS 38, A101-GLH 8 :       0.21353719 at      1.355 A (1.355 A by res) in 3.9222 (sec).
 Pair A100-LYS 38, A101-GLH 9 :       0.29227533 at      1.355 A (1.355 A by res) in 4.5720 (sec).
 Pair A100-LYS 38, A101-GLH 12:       0.14860696 at      1.355 A (1.355 A by res) in 4.4764 (sec).
 Pair A100-LYS 38, A101-GLH 13:       0.12185940 at      1.355 A (1.355 A by res) in 3.8486 (sec).
 Pair A100-LYS 38, A101-GLH 14:       0.15407645 at      1.355 A (1.355 A by res) in 3.8088 (sec).
 Pair A100-LYS 38, A101-GLH 16:       0.19412021 at      1.355 A (1.355 A by res) in 4.0397 (sec).
 Pair A100-LYS 38, A101-GLH 17:       0.19725168 at      1.355 A (1.355 A by res) in 4.6433 (sec).
 Pair A100-LYS 38, A101-GLH 20:       0.06967615 at      1.355 A (1.355 A by res) in 4.3340 (sec).
 Pair A100-LYS 38, A101-GLH 21:       0.11780810 at      1.355 A (1.355 A by res) in 4.6581 (sec).
 Pair A100-LYS 38, A101-GLH 22:       0.16383534 at      1.355 A (1.355 A by res) in 5.7252 (sec).
 Pair A100-LYS 38, A101-GLH 24:       0.28874645 at      1.355 A (1.355 A by res) in 5.1456 (sec).
 Pair A100-LYS 38, A101-GLH 25:       0.44587307 at      1.355 A (1.355 A by res) in 4.8037 (sec).
 Pair A100-LYS 38, A101-GLH 29:       0.19682162 at      1.355 A (1.355 A by res) in 5.6293 (sec).
 Pair A100-LYS 38, A101-GLH 32:       0.24818418 at      1.355 A (1.355 A by res) in 8.3325 (sec).
 Pair A100-LYS 38, A101-GLH 33:       0.19568404 at      1.355 A (1.355 A by res) in 7.0169 (sec).
 Pair A100-LYS 38, A101-GLU 36:      -0.45112985 at      1.355 A (1.355 A by res) in 7.2627 (sec).
 Pair A100-LYS 38, A101-GLU 37:      -0.34549041 at      1.355 A (1.355 A by res) in 8.8536 (sec).
 Pair A100-LYS 38, A101-GLU 38:      -0.29471892 at      1.355 A (1.355 A by res) in 9.4899 (sec).
 Pair A100-LYS 38, A101-GLU 40:      -0.40126473 at      1.355 A (1.355 A by res) in 11.0678 (sec).
 Pair A100-LYS 38, A101-GLU 41:      -0.54773072 at      1.355 A (1.355 A by res) in 8.1440 (sec).
 Pair A100-LYS 38, A104-ASP 0 :      -0.51272822 at      1.900 A (0.324 A by res) in 7.4405 (sec).
 Pair A100-LYS 38, A104-ASH 1 :       0.87977780 at      1.900 A (0.324 A by res) in 8.9751 (sec).
 Pair A100-LYS 38, A104-ASH 4 :       0.64892457 at      1.900 A (0.324 A by res) in 8.4324 (sec).
 Pair A100-LYS 38, A104-ASH 5 :       0.64584122 at      1.900 A (0.324 A by res) in 8.9351 (sec).
 Pair A100-LYS 38, A104-ASH 6 :       0.46836871 at      1.900 A (0.324 A by res) in 9.6560 (sec).
 Pair A100-LYS 38, A104-ASH 8 :       0.57374209 at      1.900 A (0.324 A by res) in 8.4454 (sec).
 Pair A100-LYS 38, A104-ASH 9 :       0.61548311 at      1.900 A (0.324 A by res) in 8.1287 (sec).
 Pair A100-LYS 38, A104-ASH 10:       0.64049056 at      1.900 A (0.324 A by res) in 9.9813 (sec).
 Pair A100-LYS 38, A104-ASH 11:       0.39087030 at      1.900 A (0.324 A by res) in 9.2486 (sec).
 Pair A100-LYS 38, A104-ASH 14:       0.72378635 at      1.900 A (0.324 A by res) in 9.2263 (sec).
 Pair A100-LYS 38, A104-ASH 15:       0.67097390 at      1.900 A (0.324 A by res) in 9.2745 (sec).
 Pair A100-LYS 38, A104-ASH 16:       0.43434967 at      1.900 A (0.324 A by res) in 7.1658 (sec).
 Pair A100-LYS 38, A104-ASH 20:       0.65422544 at      1.900 A (0.324 A by res) in 11.2316 (sec).
 Pair A100-LYS 38, A104-ASP 24:       0.05454357 at      1.900 A (0.324 A by res) in 9.0602 (sec).
 Pair A100-LYS 38, A104-ASP 25:       0.07593324 at      1.900 A (0.324 A by res) in 8.9356 (sec).
 Pair A100-LYS 38, A104-ASP 26:      -0.45937136 at      1.900 A (0.324 A by res) in 8.4590 (sec).
 Pair A100-LYS 39, A101-GLU 0 :      -0.45046764 at      1.355 A (1.355 A by res) in 8.9709 (sec).
 Pair A100-LYS 39, A101-GLH 1 :       0.22526996 at      1.355 A (1.355 A by res) in 7.8488 (sec).
 Pair A100-LYS 39, A101-GLH 4 :       0.08903585 at      1.355 A (1.355 A by res) in 8.3421 (sec).
 Pair A100-LYS 39, A101-GLH 5 :       0.10697621 at      1.355 A (1.355 A by res) in 10.4723 (sec).
 Pair A100-LYS 39, A101-GLH 6 :       0.13422920 at      1.355 A (1.355 A by res) in 8.8688 (sec).
 Pair A100-LYS 39, A101-GLH 8 :       0.17414570 at      1.355 A (1.355 A by res) in 8.4661 (sec).
 Pair A100-LYS 39, A101-GLH 9 :       0.21992631 at      1.355 A (1.355 A by res) in 9.0126 (sec).
 Pair A100-LYS 39, A101-GLH 12:       0.13405802 at      1.355 A (1.355 A by res) in 6.9161 (sec).
 Pair A100-LYS 39, A101-GLH 13:       0.11410310 at      1.355 A (1.355 A by res) in 8.2615 (sec).
 Pair A100-LYS 39, A101-GLH 14:       0.14552306 at      1.355 A (1.355 A by res) in 7.4068 (sec).
 Pair A100-LYS 39, A101-GLH 16:       0.16643583 at      1.355 A (1.355 A by res) in 7.6132 (sec).
 Pair A100-LYS 39, A101-GLH 17:       0.18036044 at      1.355 A (1.355 A by res) in 8.4370 (sec).
 Pair A100-LYS 39, A101-GLH 20:       0.07238177 at      1.355 A (1.355 A by res) in 7.6090 (sec).
 Pair A100-LYS 39, A101-GLH 21:       0.12210826 at      1.355 A (1.355 A by res) in 7.2209 (sec).
 Pair A100-LYS 39, A101-GLH 22:       0.15271963 at      1.355 A (1.355 A by res) in 6.5100 (sec).
 Pair A100-LYS 39, A101-GLH 24:       0.22048361 at      1.355 A (1.355 A by res) in 7.1242 (sec).
 Pair A100-LYS 39, A101-GLH 25:       0.28272973 at      1.355 A (1.355 A by res) in 7.5802 (sec).
 Pair A100-LYS 39, A101-GLH 29:       0.18240259 at      1.355 A (1.355 A by res) in 8.7923 (sec).
 Pair A100-LYS 39, A101-GLH 32:       0.22349576 at      1.355 A (1.355 A by res) in 10.8999 (sec).
 Pair A100-LYS 39, A101-GLH 33:       0.17962895 at      1.355 A (1.355 A by res) in 8.4385 (sec).
 Pair A100-LYS 39, A101-GLU 36:      -0.41299671 at      1.355 A (1.355 A by res) in 10.3842 (sec).
 Pair A100-LYS 39, A101-GLU 37:      -0.30010957 at      1.355 A (1.355 A by res) in 9.4435 (sec).
 Pair A100-LYS 39, A101-GLU 38:      -0.28943312 at      1.355 A (1.355 A by res) in 9.2110 (sec).
 Pair A100-LYS 39, A101-GLU 40:      -0.32584197 at      1.355 A (1.355 A by res) in 9.7704 (sec).
 Pair A100-LYS 39, A101-GLU 41:      -0.45066558 at      1.355 A (1.355 A by res) in 10.4205 (sec).
 Pair A100-LYS 39, A104-ASP 0 :      -1.12220060 at      1.900 A (0.324 A by res) in 8.0011 (sec).
 Pair A100-LYS 39, A104-ASH 1 :       3.48374155 at      1.900 A (0.324 A by res) in 8.1147 (sec).
 Pair A100-LYS 39, A104-ASH 4 :       1.23201557 at      1.900 A (0.324 A by res) in 9.6485 (sec).
 Pair A100-LYS 39, A104-ASH 5 :       1.21218706 at      1.900 A (0.324 A by res) in 9.4914 (sec).
 Pair A100-LYS 39, A104-ASH 6 :       1.89965126 at      1.900 A (0.324 A by res) in 9.0951 (sec).
 Pair A100-LYS 39, A104-ASH 8 :       1.16338162 at      1.900 A (0.324 A by res) in 8.5265 (sec).
 Pair A100-LYS 39, A104-ASH 9 :       1.19437905 at      1.900 A (0.324 A by res) in 9.7107 (sec).
 Pair A100-LYS 39, A104-ASH 10:       1.22777925 at      1.900 A (0.324 A by res) in 7.8312 (sec).
 Pair A100-LYS 39, A104-ASH 11:       0.87535758 at      1.900 A (0.324 A by res) in 12.7014 (sec).
 Pair A100-LYS 39, A104-ASH 14:       1.33106704 at      1.900 A (0.324 A by res) in 9.5791 (sec).
 Pair A100-LYS 39, A104-ASH 15:       1.23428314 at      1.900 A (0.324 A by res) in 12.5447 (sec).
 Pair A100-LYS 39, A104-ASH 16:       0.76738686 at      1.900 A (0.324 A by res) in 8.7119 (sec).
 Pair A100-LYS 39, A104-ASH 20:       1.26895571 at      1.900 A (0.324 A by res) in 10.2413 (sec).
 Pair A100-LYS 39, A104-ASP 24:       0.50591656 at      1.900 A (0.324 A by res) in 9.4192 (sec).
 Pair A100-LYS 39, A104-ASP 25:       0.53048980 at      1.900 A (0.324 A by res) in 10.7040 (sec).
 Pair A100-LYS 39, A104-ASP 26:      -0.96132453 at      1.900 A (0.324 A by res) in 7.7482 (sec).
 Pair A100-LYS 40, A101-GLU 0 :      -0.47899523 at      1.355 A (1.355 A by res) in 9.5944 (sec).
 Pair A100-LYS 40, A101-GLH 1 :       0.22189748 at      1.355 A (1.355 A by res) in 9.3866 (sec).
 Pair A100-LYS 40, A101-GLH 4 :       0.07982109 at      1.355 A (1.355 A by res) in 9.0367 (sec).
 Pair A100-LYS 40, A101-GLH 5 :       0.10000551 at      1.355 A (1.355 A by res) in 10.7320 (sec).
 Pair A100-LYS 40, A101-GLH 6 :       0.12795193 at      1.355 A (1.355 A by res) in 9.3848 (sec).
 Pair A100-LYS 40, A101-GLH 8 :       0.16911646 at      1.355 A (1.355 A by res) in 8.1906 (sec).
 Pair A100-LYS 40, A101-GLH 9 :       0.21678519 at      1.355 A (1.355 A by res) in 7.5690 (sec).
 Pair A100-LYS 40, A101-GLH 12:       0.12967205 at      1.355 A (1.355 A by res) in 7.2337 (sec).
 Pair A100-LYS 40, A101-GLH 13:       0.10794099 at      1.355 A (1.355 A by res) in 7.6561 (sec).
 Pair A100-LYS 40, A101-GLH 14:       0.13756692 at      1.355 A (1.355 A by res) in 5.6194 (sec).
 Pair A100-LYS 40, A101-GLH 16:       0.15713615 at      1.355 A (1.355 A by res) in 5.1275 (sec).
 Pair A100-LYS 40, A101-GLH 17:       0.16499697 at      1.355 A (1.355 A by res) in 5.4914 (sec).
 Pair A100-LYS 40, A101-GLH 20:       0.06204054 at      1.355 A (1.355 A by res) in 5.9980 (sec).
 Pair A100-LYS 40, A101-GLH 21:       0.11215525 at      1.355 A (1.355 A by res) in 5.7102 (sec).
 Pair A100-LYS 40, A101-GLH 22:       0.14765302 at      1.355 A (1.355 A by res) in 6.0585 (sec).
 Pair A100-LYS 40, A101-GLH 24:       0.22073278 at      1.355 A (1.355 A by res) in 5.9876 (sec).
 Pair A100-LYS 40, A101-GLH 25:       0.27946064 at      1.355 A (1.355 A by res) in 4.8662 (sec).
 Pair A100-LYS 40, A101-GLH 29:       0.17321433 at      1.355 A (1.355 A by res) in 4.2001 (sec).
 Pair A100-LYS 40, A101-GLH 32:       0.20862699 at      1.355 A (1.355 A by res) in 4.9824 (sec).
 Pair A100-LYS 40, A101-GLH 33:       0.16024757 at      1.355 A (1.355 A by res) in 4.9440 (sec).
 Pair A100-LYS 40, A101-GLU 36:      -0.42007457 at      1.355 A (1.355 A by res) in 4.7717 (sec).
 Pair A100-LYS 40, A101-GLU 37:      -0.30822763 at      1.355 A (1.355 A by res) in 4.9289 (sec).
 Pair A100-LYS 40, A101-GLU 38:      -0.28132219 at      1.355 A (1.355 A by res) in 4.9820 (sec).
 Pair A100-LYS 40, A101-GLU 40:      -0.34626473 at      1.355 A (1.355 A by res) in 5.0051 (sec).
 Pair A100-LYS 40, A101-GLU 41:      -0.47917747 at      1.355 A (1.355 A by res) in 4.3778 (sec).
 Pair A100-LYS 40, A104-ASP 0 :      -0.67007591 at      1.900 A (0.324 A by res) in 4.4525 (sec).
 Pair A100-LYS 40, A104-ASH 1 :       2.00478553 at      1.900 A (0.324 A by res) in 4.4217 (sec).
 Pair A100-LYS 40, A104-ASH 4 :       0.90142384 at      1.900 A (0.324 A by res) in 4.5098 (sec).
 Pair A100-LYS 40, A104-ASH 5 :       0.89125940 at      1.900 A (0.324 A by res) in 3.9054 (sec).
 Pair A100-LYS 40, A104-ASH 6 :       0.91304722 at      1.900 A (0.324 A by res) in 4.1163 (sec).
 Pair A100-LYS 40, A104-ASH 8 :       0.82766262 at      1.900 A (0.324 A by res) in 4.1506 (sec).
 Pair A100-LYS 40, A104-ASH 9 :       0.86158042 at      1.900 A (0.324 A by res) in 4.0452 (sec).
 Pair A100-LYS 40, A104-ASH 10:       0.89712260 at      1.900 A (0.324 A by res) in 3.8837 (sec).
 Pair A100-LYS 40, A104-ASH 11:       0.35827825 at      1.900 A (0.324 A by res) in 3.5340 (sec).
 Pair A100-LYS 40, A104-ASH 14:       0.99210905 at      1.900 A (0.324 A by res) in 3.4940 (sec).
 Pair A100-LYS 40, A104-ASH 15:       0.91162546 at      1.900 A (0.324 A by res) in 3.5253 (sec).
 Pair A100-LYS 40, A104-ASH 16:       0.52425247 at      1.900 A (0.324 A by res) in 3.5767 (sec).
 Pair A100-LYS 40, A104-ASH 20:       0.91471205 at      1.900 A (0.324 A by res) in 3.4201 (sec).
 Pair A100-LYS 40, A104-ASP 24:       0.24070353 at      1.900 A (0.324 A by res) in 3.5347 (sec).
 Pair A100-LYS 40, A104-ASP 25:       0.26998275 at      1.900 A (0.324 A by res) in 3.6666 (sec).
 Pair A100-LYS 40, A104-ASP 26:      -0.65615816 at      1.900 A (0.324 A by res) in 3.9127 (sec).
 Pair A100-LYS 41, A101-GLU 0 :      -0.59919071 at      1.355 A (1.355 A by res) in 3.7278 (sec).
 Pair A100-LYS 41, A101-GLH 1 :       0.30689159 at      1.355 A (1.355 A by res) in 3.8844 (sec).
 Pair A100-LYS 41, A101-GLH 4 :       0.08822041 at      1.355 A (1.355 A by res) in 3.7763 (sec).
 Pair A100-LYS 41, A101-GLH 5 :       0.12064790 at      1.355 A (1.355 A by res) in 3.7979 (sec).
 Pair A100-LYS 41, A101-GLH 6 :       0.15286257 at      1.355 A (1.355 A by res) in 3.9779 (sec).
 Pair A100-LYS 41, A101-GLH 8 :       0.19558831 at      1.355 A (1.355 A by res) in 3.8644 (sec).
 Pair A100-LYS 41, A101-GLH 9 :       0.28884428 at      1.355 A (1.355 A by res) in 3.8130 (sec).
 Pair A100-LYS 41, A101-GLH 12:       0.16352254 at      1.355 A (1.355 A by res) in 3.5552 (sec).
 Pair A100-LYS 41, A101-GLH 13:       0.12788246 at      1.355 A (1.355 A by res) in 3.3991 (sec).
 Pair A100-LYS 41, A101-GLH 14:       0.16265105 at      1.355 A (1.355 A by res) in 3.8585 (sec).
 Pair A100-LYS 41, A101-GLH 16:       0.18317038 at      1.355 A (1.355 A by res) in 4.0149 (sec).
 Pair A100-LYS 41, A101-GLH 17:       0.19053700 at      1.355 A (1.355 A by res) in 4.3172 (sec).
 Pair A100-LYS 41, A101-GLH 20:       0.06072073 at      1.355 A (1.355 A by res) in 3.6845 (sec).
 Pair A100-LYS 41, A101-GLH 21:       0.13880516 at      1.355 A (1.355 A by res) in 3.7124 (sec).
 Pair A100-LYS 41, A101-GLH 22:       0.17954885 at      1.355 A (1.355 A by res) in 4.1082 (sec).
 Pair A100-LYS 41, A101-GLH 24:       0.26191688 at      1.355 A (1.355 A by res) in 4.0892 (sec).
 Pair A100-LYS 41, A101-GLH 25:       0.34283756 at      1.355 A (1.355 A by res) in 3.9603 (sec).
 Pair A100-LYS 41, A101-GLH 29:       0.20466140 at      1.355 A (1.355 A by res) in 4.1974 (sec).
 Pair A100-LYS 41, A101-GLH 32:       0.24478938 at      1.355 A (1.355 A by res) in 4.3647 (sec).
 Pair A100-LYS 41, A101-GLH 33:       0.16766955 at      1.355 A (1.355 A by res) in 4.3828 (sec).
 Pair A100-LYS 41, A101-GLU 36:      -0.51502486 at      1.355 A (1.355 A by res) in 4.1383 (sec).
 Pair A100-LYS 41, A101-GLU 37:      -0.34352362 at      1.355 A (1.355 A by res) in 3.9288 (sec).
 Pair A100-LYS 41, A101-GLU 38:      -0.31736922 at      1.355 A (1.355 A by res) in 4.4626 (sec).
 Pair A100-LYS 41, A101-GLU 40:      -0.38395747 at      1.355 A (1.355 A by res) in 4.0198 (sec).
 Pair A100-LYS 41, A101-GLU 41:      -0.59942301 at      1.355 A (1.355 A by res) in 4.5176 (sec).
 Pair A100-LYS 41, A104-ASP 0 :       6.04377512 at      1.282 A (0.324 A by res) in 5.1194 (sec).
 Pair A100-LYS 41, A104-ASH 1 :      24.56010497 at      1.282 A (0.324 A by res) in 5.6107 (sec).
 Pair A100-LYS 41, A104-ASH 4 :       1.82531742 at      1.900 A (0.324 A by res) in 6.6447 (sec).
 Pair A100-LYS 41, A104-ASH 5 :       1.85950854 at      1.900 A (0.324 A by res) in 8.3795 (sec).
 Pair A100-LYS 41, A104-ASH 6 :      10.78216719 at      1.625 A (0.324 A by res) in 9.0466 (sec).
 Pair A100-LYS 41, A104-ASH 8 :       1.55581646 at      1.900 A (0.324 A by res) in 6.9242 (sec).
 Pair A100-LYS 41, A104-ASH 9 :       1.73373323 at      1.900 A (0.324 A by res) in 8.3054 (sec).
 Pair A100-LYS 41, A104-ASH 10:       1.85485066 at      1.900 A (0.324 A by res) in 7.8063 (sec).
 Pair A100-LYS 41, A104-ASH 11:       3.40701387 at      1.796 A (0.324 A by res) in 6.2723 (sec).
 Pair A100-LYS 41, A104-ASH 14:       2.23728522 at      1.900 A (0.324 A by res) in 5.8316 (sec).
 Pair A100-LYS 41, A104-ASH 15:       1.89754203 at      1.900 A (0.324 A by res) in 6.2525 (sec).
 Pair A100-LYS 41, A104-ASH 16:       6.28646173 at      1.830 A (0.324 A by res) in 6.8197 (sec).
 Pair A100-LYS 41, A104-ASH 20:       1.88324930 at      1.900 A (0.324 A by res) in 8.9778 (sec).
 Pair A100-LYS 41, A104-ASP 24:       0.83551832 at      1.900 A (0.324 A by res) in 5.3706 (sec).
 Pair A100-LYS 41, A104-ASP 25:       1.03182887 at      1.900 A (0.324 A by res) in 5.5171 (sec).
 Pair A100-LYS 41, A104-ASP 26:       2.73371471 at      1.774 A (0.324 A by res) in 5.1756 (sec).
 Pair A100-LYS 42, A101-GLU 0 :      -0.40702585 at      1.355 A (1.355 A by res) in 5.5254 (sec).
 Pair A100-LYS 42, A101-GLH 1 :       0.21070269 at      1.355 A (1.355 A by res) in 8.3762 (sec).
 Pair A100-LYS 42, A101-GLH 4 :       0.08406238 at      1.355 A (1.355 A by res) in 7.0005 (sec).
 Pair A100-LYS 42, A101-GLH 5 :       0.09503212 at      1.355 A (1.355 A by res) in 8.2570 (sec).
 Pair A100-LYS 42, A101-GLH 6 :       0.12280292 at      1.355 A (1.355 A by res) in 9.8520 (sec).
 Pair A100-LYS 42, A101-GLH 8 :       0.16550666 at      1.355 A (1.355 A by res) in 8.4575 (sec).
 Pair A100-LYS 42, A101-GLH 9 :       0.20694677 at      1.355 A (1.355 A by res) in 6.8468 (sec).
 Pair A100-LYS 42, A101-GLH 12:       0.12344579 at      1.355 A (1.355 A by res) in 7.1930 (sec).
 Pair A100-LYS 42, A101-GLH 13:       0.10554964 at      1.355 A (1.355 A by res) in 7.7352 (sec).
 Pair A100-LYS 42, A101-GLH 14:       0.13555283 at      1.355 A (1.355 A by res) in 6.7847 (sec).
 Pair A100-LYS 42, A101-GLH 16:       0.15555184 at      1.355 A (1.355 A by res) in 6.5364 (sec).
 Pair A100-LYS 42, A101-GLH 17:       0.17035710 at      1.355 A (1.355 A by res) in 7.0420 (sec).
 Pair A100-LYS 42, A101-GLH 20:       0.07414961 at      1.355 A (1.355 A by res) in 6.9145 (sec).
 Pair A100-LYS 42, A101-GLH 21:       0.10432227 at      1.355 A (1.355 A by res) in 7.3317 (sec).
 Pair A100-LYS 42, A101-GLH 22:       0.13769602 at      1.355 A (1.355 A by res) in 7.6504 (sec).
 Pair A100-LYS 42, A101-GLH 24:       0.20786871 at      1.355 A (1.355 A by res) in 7.5314 (sec).
 Pair A100-LYS 42, A101-GLH 25:       0.28036773 at      1.355 A (1.355 A by res) in 5.7280 (sec).
 Pair A100-LYS 42, A101-GLH 29:       0.17028816 at      1.355 A (1.355 A by res) in 6.6202 (sec).
 Pair A100-LYS 42, A101-GLH 32:       0.20689110 at      1.355 A (1.355 A by res) in 5.4152 (sec).
 Pair A100-LYS 42, A101-GLH 33:       0.17939999 at      1.355 A (1.355 A by res) in 5.7928 (sec).
 Pair A100-LYS 42, A101-GLU 36:      -0.36461226 at      1.355 A (1.355 A by res) in 6.2285 (sec).
 Pair A100-LYS 42, A101-GLU 37:      -0.29373990 at      1.355 A (1.355 A by res) in 7.4887 (sec).
 Pair A100-LYS 42, A101-GLU 38:      -0.26808875 at      1.355 A (1.355 A by res) in 6.5026 (sec).
 Pair A100-LYS 42, A101-GLU 40:      -0.33164488 at      1.355 A (1.355 A by res) in 6.5870 (sec).
 Pair A100-LYS 42, A101-GLU 41:      -0.40720776 at      1.355 A (1.355 A by res) in 6.1595 (sec).
 Pair A100-LYS 42, A104-ASP 0 :      -0.46836646 at      1.900 A (0.324 A by res) in 6.7608 (sec).
 Pair A100-LYS 42, A104-ASH 1 :       0.81141681 at      1.900 A (0.324 A by res) in 7.1399 (sec).
 Pair A100-LYS 42, A104-ASH 4 :       0.62081582 at      1.900 A (0.324 A by res) in 6.8842 (sec).
 Pair A100-LYS 42, A104-ASH 5 :       0.61342788 at      1.900 A (0.324 A by res) in 6.0039 (sec).
 Pair A100-LYS 42, A104-ASH 6 :       0.41403667 at      1.900 A (0.324 A by res) in 6.0956 (sec).
 Pair A100-LYS 42, A104-ASH 8 :       0.56539881 at      1.900 A (0.324 A by res) in 7.5036 (sec).
 Pair A100-LYS 42, A104-ASH 9 :       0.59867920 at      1.900 A (0.324 A by res) in 6.2152 (sec).
 Pair A100-LYS 42, A104-ASH 10:       0.61722815 at      1.900 A (0.324 A by res) in 8.2213 (sec).
 Pair A100-LYS 42, A104-ASH 11:       0.40969744 at      1.900 A (0.324 A by res) in 7.7232 (sec).
 Pair A100-LYS 42, A104-ASH 14:       0.67644986 at      1.900 A (0.324 A by res) in 8.0758 (sec).
 Pair A100-LYS 42, A104-ASH 15:       0.63303677 at      1.900 A (0.324 A by res) in 6.9863 (sec).
 Pair A100-LYS 42, A104-ASH 16:       0.35302702 at      1.900 A (0.324 A by res) in 7.4594 (sec).
 Pair A100-LYS 42, A104-ASH 20:       0.63620660 at      1.900 A (0.324 A by res) in 7.6314 (sec).
 Pair A100-LYS 42, A104-ASP 24:       0.08539052 at      1.900 A (0.324 A by res) in 8.9134 (sec).
 Pair A100-LYS 42, A104-ASP 25:       0.09770855 at      1.900 A (0.324 A by res) in 8.2786 (sec).
 Pair A100-LYS 42, A104-ASP 26:      -0.43832339 at      1.900 A (0.324 A by res) in 7.1877 (sec).
 Pair A100-LYS 46, A101-GLU 0 :      -0.43710660 at      1.355 A (1.355 A by res) in 7.2738 (sec).
 Pair A100-LYS 46, A101-GLH 1 :       0.16658393 at      1.355 A (1.355 A by res) in 6.3931 (sec).
 Pair A100-LYS 46, A101-GLH 4 :       0.07130712 at      1.355 A (1.355 A by res) in 8.0731 (sec).
 Pair A100-LYS 46, A101-GLH 5 :       0.08304182 at      1.355 A (1.355 A by res) in 7.7027 (sec).
 Pair A100-LYS 46, A101-GLH 6 :       0.10802717 at      1.355 A (1.355 A by res) in 7.3292 (sec).
 Pair A100-LYS 46, A101-GLH 8 :       0.13914546 at      1.355 A (1.355 A by res) in 6.9972 (sec).
 Pair A100-LYS 46, A101-GLH 9 :       0.16348042 at      1.355 A (1.355 A by res) in 5.9563 (sec).
 Pair A100-LYS 46, A101-GLH 12:       0.10790074 at      1.355 A (1.355 A by res) in 7.6644 (sec).
 Pair A100-LYS 46, A101-GLH 13:       0.09380290 at      1.355 A (1.355 A by res) in 6.9029 (sec).
 Pair A100-LYS 46, A101-GLH 14:       0.12108453 at      1.355 A (1.355 A by res) in 6.8887 (sec).
 Pair A100-LYS 46, A101-GLH 16:       0.12922749 at      1.355 A (1.355 A by res) in 6.7761 (sec).
 Pair A100-LYS 46, A101-GLH 17:       0.12837738 at      1.355 A (1.355 A by res) in 7.2421 (sec).
 Pair A100-LYS 46, A101-GLH 20:       0.06128928 at      1.355 A (1.355 A by res) in 7.6087 (sec).
 Pair A100-LYS 46, A101-GLH 21:       0.09187689 at      1.355 A (1.355 A by res) in 6.4989 (sec).
 Pair A100-LYS 46, A101-GLH 22:       0.12254170 at      1.355 A (1.355 A by res) in 7.5600 (sec).
 Pair A100-LYS 46, A101-GLH 24:       0.17987148 at      1.355 A (1.355 A by res) in 6.9109 (sec).
 Pair A100-LYS 46, A101-GLH 25:       0.22109339 at      1.355 A (1.355 A by res) in 6.5462 (sec).
 Pair A100-LYS 46, A101-GLH 29:       0.15284795 at      1.355 A (1.355 A by res) in 6.5982 (sec).
 Pair A100-LYS 46, A101-GLH 32:       0.17512827 at      1.355 A (1.355 A by res) in 7.5879 (sec).
 Pair A100-LYS 46, A101-GLH 33:       0.13462729 at      1.355 A (1.355 A by res) in 7.9383 (sec).
 Pair A100-LYS 46, A101-GLU 36:      -0.37660708 at      1.355 A (1.355 A by res) in 7.4488 (sec).
 Pair A100-LYS 46, A101-GLU 37:      -0.30677087 at      1.355 A (1.355 A by res) in 6.3288 (sec).
 Pair A100-LYS 46, A101-GLU 38:      -0.28203568 at      1.355 A (1.355 A by res) in 6.4940 (sec).
 Pair A100-LYS 46, A101-GLU 40:      -0.35283344 at      1.355 A (1.355 A by res) in 6.4523 (sec).
 Pair A100-LYS 46, A101-GLU 41:      -0.43724848 at      1.355 A (1.355 A by res) in 6.6832 (sec).
 Pair A100-LYS 46, A104-ASP 0 :      -0.73264359 at      1.900 A (0.324 A by res) in 7.0609 (sec).
 Pair A100-LYS 46, A104-ASH 1 :       0.28453574 at      1.900 A (0.324 A by res) in 7.3223 (sec).
 Pair A100-LYS 46, A104-ASH 4 :       0.07556931 at      1.900 A (0.324 A by res) in 7.2482 (sec).
 Pair A100-LYS 46, A104-ASH 5 :       0.06816878 at      1.900 A (0.324 A by res) in 5.8202 (sec).
 Pair A100-LYS 46, A104-ASH 6 :       0.20199280 at      1.900 A (0.324 A by res) in 5.1951 (sec).
 Pair A100-LYS 46, A104-ASH 8 :       0.08584353 at      1.900 A (0.324 A by res) in 5.1775 (sec).
 Pair A100-LYS 46, A104-ASH 9 :       0.05353645 at      1.900 A (0.324 A by res) in 4.7646 (sec).
 Pair A100-LYS 46, A104-ASH 10:       0.07171372 at      1.900 A (0.324 A by res) in 4.5590 (sec).
 Pair A100-LYS 46, A104-ASH 11:       0.10811671 at      1.900 A (0.324 A by res) in 4.6118 (sec).
 Pair A100-LYS 46, A104-ASH 14:       0.11489262 at      1.900 A (0.324 A by res) in 4.4152 (sec).
 Pair A100-LYS 46, A104-ASH 15:       0.08499525 at      1.900 A (0.324 A by res) in 4.5006 (sec).
 Pair A100-LYS 46, A104-ASH 16:       0.14136445 at      1.900 A (0.324 A by res) in 4.6420 (sec).
 Pair A100-LYS 46, A104-ASH 20:       0.08678825 at      1.900 A (0.324 A by res) in 4.3210 (sec).
 Pair A100-LYS 46, A104-ASP 24:      -0.44694622 at      1.900 A (0.324 A by res) in 4.4015 (sec).
 Pair A100-LYS 46, A104-ASP 25:      -0.43435637 at      1.900 A (0.324 A by res) in 4.5472 (sec).
 Pair A100-LYS 46, A104-ASP 26:      -0.68397972 at      1.900 A (0.324 A by res) in 4.3158 (sec).
 Pair A100-LYS 47, A101-GLU 0 :      -0.35814001 at      1.355 A (1.355 A by res) in 4.3842 (sec).
 Pair A100-LYS 47, A101-GLH 1 :       0.16173384 at      1.355 A (1.355 A by res) in 3.7155 (sec).
 Pair A100-LYS 47, A101-GLH 4 :       0.07763529 at      1.355 A (1.355 A by res) in 3.5246 (sec).
 Pair A100-LYS 47, A101-GLH 5 :       0.07873072 at      1.355 A (1.355 A by res) in 3.7029 (sec).
 Pair A100-LYS 47, A101-GLH 6 :       0.10225340 at      1.355 A (1.355 A by res) in 3.7428 (sec).
 Pair A100-LYS 47, A101-GLH 8 :       0.13502987 at      1.355 A (1.355 A by res) in 3.8463 (sec).
 Pair A100-LYS 47, A101-GLH 9 :       0.15893476 at      1.355 A (1.355 A by res) in 3.6875 (sec).
 Pair A100-LYS 47, A101-GLH 12:       0.10421519 at      1.355 A (1.355 A by res) in 3.9545 (sec).
 Pair A100-LYS 47, A101-GLH 13:       0.09243813 at      1.355 A (1.355 A by res) in 3.7874 (sec).
 Pair A100-LYS 47, A101-GLH 14:       0.12027469 at      1.355 A (1.355 A by res) in 4.1642 (sec).
 Pair A100-LYS 47, A101-GLH 16:       0.13011366 at      1.355 A (1.355 A by res) in 4.3404 (sec).
 Pair A100-LYS 47, A101-GLH 17:       0.13758588 at      1.355 A (1.355 A by res) in 3.9233 (sec).
 Pair A100-LYS 47, A101-GLH 20:       0.07530126 at      1.355 A (1.355 A by res) in 3.6588 (sec).
 Pair A100-LYS 47, A101-GLH 21:       0.08532061 at      1.355 A (1.355 A by res) in 3.8541 (sec).
 Pair A100-LYS 47, A101-GLH 22:       0.11096929 at      1.355 A (1.355 A by res) in 3.2958 (sec).
 Pair A100-LYS 47, A101-GLH 24:       0.16194528 at      1.355 A (1.355 A by res) in 3.4077 (sec).
 Pair A100-LYS 47, A101-GLH 25:       0.21718587 at      1.355 A (1.355 A by res) in 3.8386 (sec).
 Pair A100-LYS 47, A101-GLH 29:       0.15046172 at      1.355 A (1.355 A by res) in 3.5366 (sec).
 Pair A100-LYS 47, A101-GLH 32:       0.17688230 at      1.355 A (1.355 A by res) in 3.6271 (sec).
 Pair A100-LYS 47, A101-GLH 33:       0.15627312 at      1.355 A (1.355 A by res) in 3.6868 (sec).
 Pair A100-LYS 47, A101-GLU 36:      -0.32300797 at      1.355 A (1.355 A by res) in 4.0547 (sec).
 Pair A100-LYS 47, A101-GLU 37:      -0.29531679 at      1.355 A (1.355 A by res) in 4.3147 (sec).
 Pair A100-LYS 47, A101-GLU 38:      -0.27782836 at      1.355 A (1.355 A by res) in 4.3939 (sec).
 Pair A100-LYS 47, A101-GLU 40:      -0.33313592 at      1.355 A (1.355 A by res) in 3.7174 (sec).
 Pair A100-LYS 47, A101-GLU 41:      -0.35828280 at      1.355 A (1.355 A by res) in 3.4615 (sec).
 Pair A100-LYS 47, A104-ASP 0 :      -0.58721546 at      1.900 A (0.324 A by res) in 3.3173 (sec).
 Pair A100-LYS 47, A104-ASH 1 :       0.17819076 at      1.900 A (0.324 A by res) in 3.2259 (sec).
 Pair A100-LYS 47, A104-ASH 4 :       0.06455521 at      1.900 A (0.324 A by res) in 3.7124 (sec).
 Pair A100-LYS 47, A104-ASH 5 :       0.06081575 at      1.900 A (0.324 A by res) in 4.1538 (sec).
 Pair A100-LYS 47, A104-ASH 6 :       0.14050071 at      1.900 A (0.324 A by res) in 3.6703 (sec).
 Pair A100-LYS 47, A104-ASH 8 :       0.08735405 at      1.900 A (0.324 A by res) in 3.9457 (sec).
 Pair A100-LYS 47, A104-ASH 9 :       0.05315686 at      1.900 A (0.324 A by res) in 3.8687 (sec).
 Pair A100-LYS 47, A104-ASH 10:       0.06257247 at      1.900 A (0.324 A by res) in 3.7009 (sec).
 Pair A100-LYS 47, A104-ASH 11:       0.10709004 at      1.900 A (0.324 A by res) in 3.9402 (sec).
 Pair A100-LYS 47, A104-ASH 14:       0.09412681 at      1.900 A (0.324 A by res) in 3.8072 (sec).
 Pair A100-LYS 47, A104-ASH 15:       0.07725622 at      1.900 A (0.324 A by res) in 3.7152 (sec).
 Pair A100-LYS 47, A104-ASH 16:       0.11748486 at      1.900 A (0.324 A by res) in 3.8302 (sec).
 Pair A100-LYS 47, A104-ASH 20:       0.07814741 at      1.900 A (0.324 A by res) in 3.4005 (sec).
 Pair A100-LYS 47, A104-ASP 24:      -0.36241906 at      1.900 A (0.324 A by res) in 3.5328 (sec).
 Pair A100-LYS 47, A104-ASP 25:      -0.35574914 at      1.900 A (0.324 A by res) in 3.4800 (sec).
 Pair A100-LYS 47, A104-ASP 26:      -0.54129843 at      1.900 A (0.324 A by res) in 3.4512 (sec).
 Pair A100-LYS 48, A101-GLU 0 :      -0.36463157 at      1.355 A (1.355 A by res) in 3.3720 (sec).
 Pair A100-LYS 48, A101-GLH 1 :       0.15509610 at      1.355 A (1.355 A by res) in 3.3628 (sec).
 Pair A100-LYS 48, A101-GLH 4 :       0.07198599 at      1.355 A (1.355 A by res) in 3.2857 (sec).
 Pair A100-LYS 48, A101-GLH 5 :       0.07602930 at      1.355 A (1.355 A by res) in 3.2875 (sec).
 Pair A100-LYS 48, A101-GLH 6 :       0.09949054 at      1.355 A (1.355 A by res) in 3.3177 (sec).
 Pair A100-LYS 48, A101-GLH 8 :       0.12955361 at      1.355 A (1.355 A by res) in 3.2558 (sec).
 Pair A100-LYS 48, A101-GLH 9 :       0.15250612 at      1.355 A (1.355 A by res) in 3.2378 (sec).
 Pair A100-LYS 48, A101-GLH 12:       0.09998298 at      1.355 A (1.355 A by res) in 3.5009 (sec).
 Pair A100-LYS 48, A101-GLH 13:       0.08769027 at      1.355 A (1.355 A by res) in 3.7096 (sec).
 Pair A100-LYS 48, A101-GLH 14:       0.11400226 at      1.355 A (1.355 A by res) in 3.9094 (sec).
 Pair A100-LYS 48, A101-GLH 16:       0.12219398 at      1.355 A (1.355 A by res) in 4.0044 (sec).
 Pair A100-LYS 48, A101-GLH 17:       0.12778870 at      1.355 A (1.355 A by res) in 3.7338 (sec).
 Pair A100-LYS 48, A101-GLH 20:       0.06698658 at      1.355 A (1.355 A by res) in 3.4397 (sec).
 Pair A100-LYS 48, A101-GLH 21:       0.08248455 at      1.355 A (1.355 A by res) in 3.6043 (sec).
 Pair A100-LYS 48, A101-GLH 22:       0.10979147 at      1.355 A (1.355 A by res) in 3.5306 (sec).
 Pair A100-LYS 48, A101-GLH 24:       0.15897069 at      1.355 A (1.355 A by res) in 3.9582 (sec).
 Pair A100-LYS 48, A101-GLH 25:       0.20605556 at      1.355 A (1.355 A by res) in 5.0128 (sec).
 Pair A100-LYS 48, A101-GLH 29:       0.14172811 at      1.355 A (1.355 A by res) in 5.1695 (sec).
 Pair A100-LYS 48, A101-GLH 32:       0.16484588 at      1.355 A (1.355 A by res) in 4.3717 (sec).
 Pair A100-LYS 48, A101-GLH 33:       0.14102233 at      1.355 A (1.355 A by res) in 4.4214 (sec).
 Pair A100-LYS 48, A101-GLU 36:      -0.32359140 at      1.355 A (1.355 A by res) in 5.5194 (sec).
 Pair A100-LYS 48, A101-GLU 37:      -0.28482568 at      1.355 A (1.355 A by res) in 5.4917 (sec).
 Pair A100-LYS 48, A101-GLU 38:      -0.26294982 at      1.355 A (1.355 A by res) in 5.2442 (sec).
 Pair A100-LYS 48, A101-GLU 40:      -0.32406178 at      1.355 A (1.355 A by res) in 5.7657 (sec).
 Pair A100-LYS 48, A101-GLU 41:      -0.36476385 at      1.355 A (1.355 A by res) in 6.1866 (sec).
 Pair A100-LYS 48, A104-ASP 0 :      -0.59742189 at      1.900 A (0.324 A by res) in 5.8899 (sec).
 Pair A100-LYS 48, A104-ASH 1 :       0.18056971 at      1.900 A (0.324 A by res) in 5.6911 (sec).
 Pair A100-LYS 48, A104-ASH 4 :       0.06452085 at      1.900 A (0.324 A by res) in 6.4586 (sec).
 Pair A100-LYS 48, A104-ASH 5 :       0.05936857 at      1.900 A (0.324 A by res) in 5.3404 (sec).
 Pair A100-LYS 48, A104-ASH 6 :       0.14240956 at      1.900 A (0.324 A by res) in 4.8462 (sec).
 Pair A100-LYS 48, A104-ASH 8 :       0.08368135 at      1.900 A (0.324 A by res) in 4.9955 (sec).
 Pair A100-LYS 48, A104-ASH 9 :       0.05066326 at      1.900 A (0.324 A by res) in 4.7253 (sec).
 Pair A100-LYS 48, A104-ASH 10:       0.06211147 at      1.900 A (0.324 A by res) in 5.4359 (sec).
 Pair A100-LYS 48, A104-ASH 11:       0.10053750 at      1.900 A (0.324 A by res) in 5.0853 (sec).
 Pair A100-LYS 48, A104-ASH 14:       0.09396289 at      1.900 A (0.324 A by res) in 5.2022 (sec).
 Pair A100-LYS 48, A104-ASH 15:       0.07427716 at      1.900 A (0.324 A by res) in 4.7232 (sec).
 Pair A100-LYS 48, A104-ASH 16:       0.11453741 at      1.900 A (0.324 A by res) in 4.7485 (sec).
 Pair A100-LYS 48, A104-ASH 20:       0.07604209 at      1.900 A (0.324 A by res) in 5.4780 (sec).
 Pair A100-LYS 48, A104-ASP 24:      -0.37252076 at      1.900 A (0.324 A by res) in 4.8349 (sec).
 Pair A100-LYS 48, A104-ASP 25:      -0.36496815 at      1.900 A (0.324 A by res) in 4.5158 (sec).
 Pair A100-LYS 48, A104-ASP 26:      -0.55435884 at      1.900 A (0.324 A by res) in 5.5674 (sec).
 Pair A100-LYS 49, A101-GLU 0 :      -0.35570168 at      1.355 A (1.355 A by res) in 5.2478 (sec).
 Pair A100-LYS 49, A101-GLH 1 :       0.15836058 at      1.355 A (1.355 A by res) in 5.5351 (sec).
 Pair A100-LYS 49, A101-GLH 4 :       0.07668258 at      1.355 A (1.355 A by res) in 8.3375 (sec).
 Pair A100-LYS 49, A101-GLH 5 :       0.08056595 at      1.355 A (1.355 A by res) in 8.2846 (sec).
 Pair A100-LYS 49, A101-GLH 6 :       0.10278802 at      1.355 A (1.355 A by res) in 8.3675 (sec).
 Pair A100-LYS 49, A101-GLH 8 :       0.13211728 at      1.355 A (1.355 A by res) in 9.4490 (sec).
 Pair A100-LYS 49, A101-GLH 9 :       0.15567083 at      1.355 A (1.355 A by res) in 8.4674 (sec).
 Pair A100-LYS 49, A101-GLH 12:       0.10314562 at      1.355 A (1.355 A by res) in 7.3266 (sec).
 Pair A100-LYS 49, A101-GLH 13:       0.09123350 at      1.355 A (1.355 A by res) in 8.5532 (sec).
 Pair A100-LYS 49, A101-GLH 14:       0.11880750 at      1.355 A (1.355 A by res) in 8.7472 (sec).
 Pair A100-LYS 49, A101-GLH 16:       0.12765702 at      1.355 A (1.355 A by res) in 8.3354 (sec).
 Pair A100-LYS 49, A101-GLH 17:       0.13506788 at      1.355 A (1.355 A by res) in 9.1152 (sec).
 Pair A100-LYS 49, A101-GLH 20:       0.07208764 at      1.355 A (1.355 A by res) in 8.5167 (sec).
 Pair A100-LYS 49, A101-GLH 21:       0.08923093 at      1.355 A (1.355 A by res) in 10.8586 (sec).
 Pair A100-LYS 49, A101-GLH 22:       0.11230816 at      1.355 A (1.355 A by res) in 7.0834 (sec).
 Pair A100-LYS 49, A101-GLH 24:       0.16029461 at      1.355 A (1.355 A by res) in 8.4255 (sec).
 Pair A100-LYS 49, A101-GLH 25:       0.20652497 at      1.355 A (1.355 A by res) in 8.6023 (sec).
 Pair A100-LYS 49, A101-GLH 29:       0.14760614 at      1.355 A (1.355 A by res) in 10.2013 (sec).
 Pair A100-LYS 49, A101-GLH 32:       0.17450338 at      1.355 A (1.355 A by res) in 8.0817 (sec).
 Pair A100-LYS 49, A101-GLH 33:       0.14991804 at      1.355 A (1.355 A by res) in 10.2815 (sec).
 Pair A100-LYS 49, A101-GLU 36:      -0.32429957 at      1.355 A (1.355 A by res) in 8.6024 (sec).
 Pair A100-LYS 49, A101-GLU 37:      -0.28130156 at      1.355 A (1.355 A by res) in 7.6099 (sec).
 Pair A100-LYS 49, A101-GLU 38:      -0.27169250 at      1.355 A (1.355 A by res) in 14.4655 (sec).
 Pair A100-LYS 49, A101-GLU 40:      -0.31219144 at      1.355 A (1.355 A by res) in 10.7750 (sec).
 Pair A100-LYS 49, A101-GLU 41:      -0.35584242 at      1.355 A (1.355 A by res) in 9.0794 (sec).
 Pair A100-LYS 49, A104-ASP 0 :      -0.67183856 at      1.900 A (0.324 A by res) in 11.6096 (sec).
 Pair A100-LYS 49, A104-ASH 1 :       0.17614033 at      1.900 A (0.324 A by res) in 9.2430 (sec).
 Pair A100-LYS 49, A104-ASH 4 :       0.06888004 at      1.900 A (0.324 A by res) in 8.0498 (sec).
 Pair A100-LYS 49, A104-ASH 5 :       0.06235619 at      1.900 A (0.324 A by res) in 8.4725 (sec).
 Pair A100-LYS 49, A104-ASH 6 :       0.14495000 at      1.900 A (0.324 A by res) in 7.7178 (sec).
 Pair A100-LYS 49, A104-ASH 8 :       0.09147837 at      1.900 A (0.324 A by res) in 9.6899 (sec).
 Pair A100-LYS 49, A104-ASH 9 :       0.05699529 at      1.900 A (0.324 A by res) in 10.2561 (sec).
 Pair A100-LYS 49, A104-ASH 10:       0.06795647 at      1.900 A (0.324 A by res) in 10.2129 (sec).
 Pair A100-LYS 49, A104-ASH 11:       0.14382633 at      1.900 A (0.324 A by res) in 9.3209 (sec).
 Pair A100-LYS 49, A104-ASH 14:       0.09989618 at      1.900 A (0.324 A by res) in 11.0239 (sec).
 Pair A100-LYS 49, A104-ASH 15:       0.07811041 at      1.900 A (0.324 A by res) in 8.3328 (sec).
 Pair A100-LYS 49, A104-ASH 16:       0.11000574 at      1.900 A (0.324 A by res) in 9.8869 (sec).
 Pair A100-LYS 49, A104-ASH 20:       0.08727658 at      1.900 A (0.324 A by res) in 9.1247 (sec).
 Pair A100-LYS 49, A104-ASP 24:      -0.39201103 at      1.900 A (0.324 A by res) in 9.1007 (sec).
 Pair A100-LYS 49, A104-ASP 25:      -0.38563076 at      1.900 A (0.324 A by res) in 9.6191 (sec).
 Pair A100-LYS 49, A104-ASP 26:      -0.61725206 at      1.900 A (0.324 A by res) in 11.3389 (sec).
 Pair A100-LYS 50, A101-GLU 0 :      -0.43613598 at      1.355 A (1.355 A by res) in 9.3431 (sec).
 Pair A100-LYS 50, A101-GLH 1 :       0.18083937 at      1.355 A (1.355 A by res) in 9.0568 (sec).
 Pair A100-LYS 50, A101-GLH 4 :       0.07404976 at      1.355 A (1.355 A by res) in 11.3811 (sec).
 Pair A100-LYS 50, A101-GLH 5 :       0.08058080 at      1.355 A (1.355 A by res) in 7.7558 (sec).
 Pair A100-LYS 50, A101-GLH 6 :       0.10889313 at      1.355 A (1.355 A by res) in 10.3017 (sec).
 Pair A100-LYS 50, A101-GLH 8 :       0.15309285 at      1.355 A (1.355 A by res) in 11.2594 (sec).
 Pair A100-LYS 50, A101-GLH 9 :       0.17749371 at      1.355 A (1.355 A by res) in 8.7176 (sec).
 Pair A100-LYS 50, A101-GLH 12:       0.11013799 at      1.355 A (1.355 A by res) in 8.0516 (sec).
 Pair A100-LYS 50, A101-GLH 13:       0.09665786 at      1.355 A (1.355 A by res) in 7.9031 (sec).
 Pair A100-LYS 50, A101-GLH 14:       0.12471185 at      1.355 A (1.355 A by res) in 7.8139 (sec).
 Pair A100-LYS 50, A101-GLH 16:       0.14034288 at      1.355 A (1.355 A by res) in 7.2866 (sec).
 Pair A100-LYS 50, A101-GLH 17:       0.14125796 at      1.355 A (1.355 A by res) in 6.2507 (sec).
 Pair A100-LYS 50, A101-GLH 20:       0.06830952 at      1.355 A (1.355 A by res) in 7.6318 (sec).
 Pair A100-LYS 50, A101-GLH 21:       0.08567171 at      1.355 A (1.355 A by res) in 6.6658 (sec).
 Pair A100-LYS 50, A101-GLH 22:       0.12221809 at      1.355 A (1.355 A by res) in 6.7775 (sec).
 Pair A100-LYS 50, A101-GLH 24:       0.19476043 at      1.355 A (1.355 A by res) in 6.7434 (sec).
 Pair A100-LYS 50, A101-GLH 25:       0.26261477 at      1.355 A (1.355 A by res) in 5.0855 (sec).
 Pair A100-LYS 50, A101-GLH 29:       0.15957807 at      1.355 A (1.355 A by res) in 5.7041 (sec).
 Pair A100-LYS 50, A101-GLH 32:       0.18584711 at      1.355 A (1.355 A by res) in 5.0340 (sec).
 Pair A100-LYS 50, A101-GLH 33:       0.15533418 at      1.355 A (1.355 A by res) in 5.1580 (sec).
 Pair A100-LYS 50, A101-GLU 36:      -0.37120213 at      1.355 A (1.355 A by res) in 6.5895 (sec).
 Pair A100-LYS 50, A101-GLU 37:      -0.32954165 at      1.355 A (1.355 A by res) in 5.7994 (sec).
 Pair A100-LYS 50, A101-GLU 38:      -0.28888388 at      1.355 A (1.355 A by res) in 5.4043 (sec).
 Pair A100-LYS 50, A101-GLU 40:      -0.38951452 at      1.355 A (1.355 A by res) in 5.1669 (sec).
 Pair A100-LYS 50, A101-GLU 41:      -0.43629152 at      1.355 A (1.355 A by res) in 4.9389 (sec).
 Pair A100-LYS 50, A104-ASP 0 :      -0.60570436 at      1.900 A (0.324 A by res) in 5.0554 (sec).
 Pair A100-LYS 50, A104-ASH 1 :       0.19282199 at      1.900 A (0.324 A by res) in 5.3458 (sec).
 Pair A100-LYS 50, A104-ASH 4 :       0.06664112 at      1.900 A (0.324 A by res) in 5.5993 (sec).
 Pair A100-LYS 50, A104-ASH 5 :       0.06336190 at      1.900 A (0.324 A by res) in 4.3125 (sec).
 Pair A100-LYS 50, A104-ASH 6 :       0.14917980 at      1.900 A (0.324 A by res) in 4.3509 (sec).
 Pair A100-LYS 50, A104-ASH 8 :       0.08050772 at      1.900 A (0.324 A by res) in 4.8361 (sec).
 Pair A100-LYS 50, A104-ASH 9 :       0.04894654 at      1.900 A (0.324 A by res) in 4.7300 (sec).
 Pair A100-LYS 50, A104-ASH 10:       0.06158722 at      1.900 A (0.324 A by res) in 4.7698 (sec).
 Pair A100-LYS 50, A104-ASH 11:       0.08822549 at      1.900 A (0.324 A by res) in 4.5575 (sec).
 Pair A100-LYS 50, A104-ASH 14:       0.10040715 at      1.900 A (0.324 A by res) in 4.7719 (sec).
 Pair A100-LYS 50, A104-ASH 15:       0.08125498 at      1.900 A (0.324 A by res) in 4.4868 (sec).
 Pair A100-LYS 50, A104-ASH 16:       0.12909661 at      1.900 A (0.324 A by res) in 4.1907 (sec).
 Pair A100-LYS 50, A104-ASH 20:       0.07354786 at      1.900 A (0.324 A by res) in 4.2618 (sec).
 Pair A100-LYS 50, A104-ASP 24:      -0.39140480 at      1.900 A (0.324 A by res) in 4.0428 (sec).
 Pair A100-LYS 50, A104-ASP 25:      -0.38154868 at      1.900 A (0.324 A by res) in 3.2711 (sec).
 Pair A100-LYS 50, A104-ASP 26:      -0.56133831 at      1.900 A (0.324 A by res) in 3.2009 (sec).
 Pair A100-LYS 51, A101-GLU 0 :      -0.40916731 at      1.355 A (1.355 A by res) in 3.1815 (sec).
 Pair A100-LYS 51, A101-GLH 1 :       0.20304081 at      1.355 A (1.355 A by res) in 3.1987 (sec).
 Pair A100-LYS 51, A101-GLH 4 :       0.08752487 at      1.355 A (1.355 A by res) in 3.6765 (sec).
 Pair A100-LYS 51, A101-GLH 5 :       0.08855920 at      1.355 A (1.355 A by res) in 4.1170 (sec).
 Pair A100-LYS 51, A101-GLH 6 :       0.11801625 at      1.355 A (1.355 A by res) in 3.3805 (sec).
 Pair A100-LYS 51, A101-GLH 8 :       0.17796368 at      1.355 A (1.355 A by res) in 3.2448 (sec).
 Pair A100-LYS 51, A101-GLH 9 :       0.19916075 at      1.355 A (1.355 A by res) in 4.3942 (sec).
 Pair A100-LYS 51, A101-GLH 12:       0.12056366 at      1.355 A (1.355 A by res) in 4.8438 (sec).
 Pair A100-LYS 51, A101-GLH 13:       0.10838710 at      1.355 A (1.355 A by res) in 4.9568 (sec).
 Pair A100-LYS 51, A101-GLH 14:       0.13928633 at      1.355 A (1.355 A by res) in 4.5454 (sec).
 Pair A100-LYS 51, A101-GLH 16:       0.16979297 at      1.355 A (1.355 A by res) in 4.8310 (sec).
 Pair A100-LYS 51, A101-GLH 17:       0.16978319 at      1.355 A (1.355 A by res) in 4.8795 (sec).
 Pair A100-LYS 51, A101-GLH 20:       0.08580349 at      1.355 A (1.355 A by res) in 4.4612 (sec).
 Pair A100-LYS 51, A101-GLH 21:       0.09370969 at      1.355 A (1.355 A by res) in 4.3957 (sec).
 Pair A100-LYS 51, A101-GLH 22:       0.12905468 at      1.355 A (1.355 A by res) in 4.6268 (sec).
 Pair A100-LYS 51, A101-GLH 24:       0.21400012 at      1.355 A (1.355 A by res) in 4.6742 (sec).
 Pair A100-LYS 51, A101-GLH 25:       0.29215490 at      1.355 A (1.355 A by res) in 4.5561 (sec).
 Pair A100-LYS 51, A101-GLH 29:       0.17948030 at      1.355 A (1.355 A by res) in 4.1528 (sec).
 Pair A100-LYS 51, A101-GLH 32:       0.22259588 at      1.355 A (1.355 A by res) in 4.1887 (sec).
 Pair A100-LYS 51, A101-GLH 33:       0.19294656 at      1.355 A (1.355 A by res) in 3.8170 (sec).
 Pair A100-LYS 51, A101-GLU 36:      -0.35931668 at      1.355 A (1.355 A by res) in 3.8149 (sec).
 Pair A100-LYS 51, A101-GLU 37:      -0.33695002 at      1.355 A (1.355 A by res) in 4.2304 (sec).
 Pair A100-LYS 51, A101-GLU 38:      -0.30035934 at      1.355 A (1.355 A by res) in 4.5805 (sec).
 Pair A100-LYS 51, A101-GLU 40:      -0.38640816 at      1.355 A (1.355 A by res) in 4.3692 (sec).
 Pair A100-LYS 51, A101-GLU 41:      -0.40934967 at      1.355 A (1.355 A by res) in 4.3529 (sec).
 Pair A100-LYS 51, A104-ASP 0 :      -0.58961072 at      1.900 A (0.324 A by res) in 3.6316 (sec).
 Pair A100-LYS 51, A104-ASH 1 :       0.19130388 at      1.900 A (0.324 A by res) in 3.8855 (sec).
 Pair A100-LYS 51, A104-ASH 4 :       0.06688973 at      1.900 A (0.324 A by res) in 4.4917 (sec).
 Pair A100-LYS 51, A104-ASH 5 :       0.06480050 at      1.900 A (0.324 A by res) in 4.6246 (sec).
 Pair A100-LYS 51, A104-ASH 6 :       0.14829976 at      1.900 A (0.324 A by res) in 4.5813 (sec).
 Pair A100-LYS 51, A104-ASH 8 :       0.08810770 at      1.900 A (0.324 A by res) in 3.7831 (sec).
 Pair A100-LYS 51, A104-ASH 9 :       0.05268766 at      1.900 A (0.324 A by res) in 3.7769 (sec).
 Pair A100-LYS 51, A104-ASH 10:       0.06264303 at      1.900 A (0.324 A by res) in 3.7738 (sec).
 Pair A100-LYS 51, A104-ASH 11:       0.09774944 at      1.900 A (0.324 A by res) in 3.6989 (sec).
 Pair A100-LYS 51, A104-ASH 14:       0.10011836 at      1.900 A (0.324 A by res) in 3.6921 (sec).
 Pair A100-LYS 51, A104-ASH 15:       0.08423833 at      1.900 A (0.324 A by res) in 3.6806 (sec).
 Pair A100-LYS 51, A104-ASH 16:       0.13227650 at      1.900 A (0.324 A by res) in 3.5228 (sec).
 Pair A100-LYS 51, A104-ASH 20:       0.07662870 at      1.900 A (0.324 A by res) in 3.3636 (sec).
 Pair A100-LYS 51, A104-ASP 24:      -0.37717868 at      1.900 A (0.324 A by res) in 3.3974 (sec).
 Pair A100-LYS 51, A104-ASP 25:      -0.36899083 at      1.900 A (0.324 A by res) in 3.3400 (sec).
 Pair A100-LYS 51, A104-ASP 26:      -0.54314772 at      1.900 A (0.324 A by res) in 3.4937 (sec).
 Pair A101-GLU 0 , A104-ASP 0 :       0.64516938 at      2.819 A (1.114 A by res) in 3.3858 (sec).
 Pair A101-GLU 0 , A104-ASH 1 :       0.03583633 at      2.819 A (1.114 A by res) in 3.3690 (sec).
 Pair A101-GLU 0 , A104-ASH 4 :       0.01867476 at      2.829 A (1.114 A by res) in 3.4036 (sec).
 Pair A101-GLU 0 , A104-ASH 5 :       0.02185612 at      2.829 A (1.114 A by res) in 3.3432 (sec).
 Pair A101-GLU 0 , A104-ASH 6 :       0.04206873 at      2.752 A (1.114 A by res) in 3.6094 (sec).
 Pair A101-GLU 0 , A104-ASH 8 :      -0.25418211 at      1.885 A (1.114 A by res) in 3.9878 (sec).
 Pair A101-GLU 0 , A104-ASH 9 :       0.06166010 at      2.829 A (1.114 A by res) in 3.8205 (sec).
 Pair A101-GLU 0 , A104-ASH 10:       0.06429422 at      2.829 A (1.114 A by res) in 4.0038 (sec).
 Pair A101-GLU 0 , A104-ASH 11:       0.08055636 at      2.752 A (1.114 A by res) in 4.2773 (sec).
 Pair A101-GLU 0 , A104-ASH 14:      -0.00096267 at      2.829 A (1.114 A by res) in 4.3656 (sec).
 Pair A101-GLU 0 , A104-ASH 15:      -0.01638466 at      2.829 A (1.114 A by res) in 3.5307 (sec).
 Pair A101-GLU 0 , A104-ASH 16:       0.01403727 at      2.752 A (1.114 A by res) in 3.5404 (sec).
 Pair A101-GLU 0 , A104-ASH 20:       0.06926897 at      2.829 A (1.114 A by res) in 3.8910 (sec).
 Pair A101-GLU 0 , A104-ASP 24:       0.63234783 at      2.829 A (1.114 A by res) in 4.0664 (sec).
 Pair A101-GLU 0 , A104-ASP 25:       0.64254039 at      2.829 A (1.114 A by res) in 4.1614 (sec).
 Pair A101-GLU 0 , A104-ASP 26:       0.62917837 at      2.752 A (1.114 A by res) in 4.0832 (sec).
 Pair A101-GLH 1 , A104-ASP 0 :       0.02636188 at      2.819 A (1.114 A by res) in 3.8832 (sec).
 Pair A101-GLH 1 , A104-ASH 1 :       0.12414582 at      2.819 A (1.114 A by res) in 3.7557 (sec).
 Pair A101-GLH 1 , A104-ASH 4 :       0.09340159 at      2.829 A (1.114 A by res) in 3.6438 (sec).
 Pair A101-GLH 1 , A104-ASH 5 :       0.09935797 at      2.829 A (1.114 A by res) in 3.7517 (sec).
 Pair A101-GLH 1 , A104-ASH 6 :       0.12521680 at      2.752 A (1.114 A by res) in 3.7165 (sec).
 Pair A101-GLH 1 , A104-ASH 8 :      -0.03517093 at      1.885 A (1.114 A by res) in 3.6571 (sec).
 Pair A101-GLH 1 , A104-ASH 9 :       0.09129862 at      2.829 A (1.114 A by res) in 3.5127 (sec).
 Pair A101-GLH 1 , A104-ASH 10:       0.09518496 at      2.829 A (1.114 A by res) in 3.7161 (sec).
 Pair A101-GLH 1 , A104-ASH 11:       0.11438752 at      2.752 A (1.114 A by res) in 3.7747 (sec).
 Pair A101-GLH 1 , A104-ASH 14:       0.14636248 at      2.829 A (1.114 A by res) in 4.0025 (sec).
 Pair A101-GLH 1 , A104-ASH 15:       0.13626537 at      2.829 A (1.114 A by res) in 3.7940 (sec).
 Pair A101-GLH 1 , A104-ASH 16:       0.18688445 at      2.752 A (1.114 A by res) in 3.5372 (sec).
 Pair A101-GLH 1 , A104-ASH 20:       0.09822881 at      2.829 A (1.114 A by res) in 3.2363 (sec).
 Pair A101-GLH 1 , A104-ASP 24:       0.01755429 at      2.829 A (1.114 A by res) in 3.3066 (sec).
 Pair A101-GLH 1 , A104-ASP 25:       0.02472927 at      2.829 A (1.114 A by res) in 3.2805 (sec).
 Pair A101-GLH 1 , A104-ASP 26:       0.02617432 at      2.752 A (1.114 A by res) in 3.2891 (sec).
 Pair A101-GLH 4 , A104-ASP 0 :       0.08657183 at      2.819 A (1.114 A by res) in 3.6436 (sec).
 Pair A101-GLH 4 , A104-ASH 1 :       0.16306407 at      2.819 A (1.114 A by res) in 3.6800 (sec).
 Pair A101-GLH 4 , A104-ASH 4 :       0.15015885 at      2.829 A (1.114 A by res) in 3.4474 (sec).
 Pair A101-GLH 4 , A104-ASH 5 :       0.13121961 at      2.829 A (1.114 A by res) in 3.5454 (sec).
 Pair A101-GLH 4 , A104-ASH 6 :       0.14850522 at      2.752 A (1.114 A by res) in 3.6902 (sec).
 Pair A101-GLH 4 , A104-ASH 8 :       1.62052956 at      1.885 A (1.114 A by res) in 3.7427 (sec).
 Pair A101-GLH 4 , A104-ASH 9 :       0.15592366 at      2.829 A (1.114 A by res) in 3.6894 (sec).
 Pair A101-GLH 4 , A104-ASH 10:       0.11970470 at      2.829 A (1.114 A by res) in 3.3220 (sec).
 Pair A101-GLH 4 , A104-ASH 11:       0.14797546 at      2.752 A (1.114 A by res) in 3.2698 (sec).
 Pair A101-GLH 4 , A104-ASH 14:       0.15615012 at      2.829 A (1.114 A by res) in 3.3795 (sec).
 Pair A101-GLH 4 , A104-ASH 15:       0.28073653 at      2.829 A (1.114 A by res) in 3.9769 (sec).
 Pair A101-GLH 4 , A104-ASH 16:       0.16383847 at      2.752 A (1.114 A by res) in 4.4532 (sec).
 Pair A101-GLH 4 , A104-ASH 20:       0.12349747 at      2.829 A (1.114 A by res) in 4.1021 (sec).
 Pair A101-GLH 4 , A104-ASP 24:       0.07679315 at      2.829 A (1.114 A by res) in 5.2512 (sec).
 Pair A101-GLH 4 , A104-ASP 25:       0.02855077 at      2.829 A (1.114 A by res) in 5.5410 (sec).
 Pair A101-GLH 4 , A104-ASP 26:       0.07503042 at      2.752 A (1.114 A by res) in 5.2622 (sec).
 Pair A101-GLH 5 , A104-ASP 0 :       0.01509805 at      2.819 A (1.114 A by res) in 5.0643 (sec).
 Pair A101-GLH 5 , A104-ASH 1 :       0.10500627 at      2.819 A (1.114 A by res) in 5.5474 (sec).
 Pair A101-GLH 5 , A104-ASH 4 :       0.07869651 at      2.829 A (1.114 A by res) in 4.9121 (sec).
 Pair A101-GLH 5 , A104-ASH 5 :       0.07957889 at      2.829 A (1.114 A by res) in 4.9930 (sec).
 Pair A101-GLH 5 , A104-ASH 6 :       0.10250521 at      2.752 A (1.114 A by res) in 5.0283 (sec).
 Pair A101-GLH 5 , A104-ASH 8 :       0.95137619 at      1.885 A (1.114 A by res) in 5.3188 (sec).
 Pair A101-GLH 5 , A104-ASH 9 :       0.08043773 at      2.829 A (1.114 A by res) in 5.1102 (sec).
 Pair A101-GLH 5 , A104-ASH 10:       0.07416979 at      2.829 A (1.114 A by res) in 5.0287 (sec).
 Pair A101-GLH 5 , A104-ASH 11:       0.09748907 at      2.752 A (1.114 A by res) in 5.8460 (sec).
 Pair A101-GLH 5 , A104-ASH 14:       0.09153639 at      2.829 A (1.114 A by res) in 4.9803 (sec).
 Pair A101-GLH 5 , A104-ASH 15:       0.11617052 at      2.829 A (1.114 A by res) in 5.3018 (sec).
 Pair A101-GLH 5 , A104-ASH 16:       0.12023981 at      2.752 A (1.114 A by res) in 5.1698 (sec).
 Pair A101-GLH 5 , A104-ASH 20:       0.07797420 at      2.829 A (1.114 A by res) in 5.2314 (sec).
 Pair A101-GLH 5 , A104-ASP 24:      -0.00166376 at      2.829 A (1.114 A by res) in 5.1799 (sec).
 Pair A101-GLH 5 , A104-ASP 25:      -0.00734883 at      2.829 A (1.114 A by res) in 5.3309 (sec).
 Pair A101-GLH 5 , A104-ASP 26:       0.01414200 at      2.752 A (1.114 A by res) in 5.7098 (sec).
 Pair A101-GLH 6 , A104-ASP 0 :       0.06500945 at      2.819 A (1.114 A by res) in 5.1493 (sec).
 Pair A101-GLH 6 , A104-ASH 1 :       0.17709342 at      2.819 A (1.114 A by res) in 5.2573 (sec).
 Pair A101-GLH 6 , A104-ASH 4 :       0.14003436 at      2.829 A (1.114 A by res) in 5.1194 (sec).
 Pair A101-GLH 6 , A104-ASH 5 :       0.13929989 at      2.829 A (1.114 A by res) in 6.5346 (sec).
 Pair A101-GLH 6 , A104-ASH 6 :       0.16963311 at      2.752 A (1.114 A by res) in 6.4769 (sec).
 Pair A101-GLH 6 , A104-ASH 8 :       1.48980934 at      1.885 A (1.114 A by res) in 5.6028 (sec).
 Pair A101-GLH 6 , A104-ASH 9 :       0.14386927 at      2.829 A (1.114 A by res) in 5.0264 (sec).
 Pair A101-GLH 6 , A104-ASH 10:       0.13143121 at      2.829 A (1.114 A by res) in 4.7036 (sec).
 Pair A101-GLH 6 , A104-ASH 11:       0.16170877 at      2.752 A (1.114 A by res) in 4.3235 (sec).
 Pair A101-GLH 6 , A104-ASH 14:       0.15904304 at      2.829 A (1.114 A by res) in 4.4673 (sec).
 Pair A101-GLH 6 , A104-ASH 15:       0.20349976 at      2.829 A (1.114 A by res) in 4.4670 (sec).
 Pair A101-GLH 6 , A104-ASH 16:       0.19551665 at      2.752 A (1.114 A by res) in 4.5309 (sec).
 Pair A101-GLH 6 , A104-ASH 20:       0.13720347 at      2.829 A (1.114 A by res) in 4.6308 (sec).
 Pair A101-GLH 6 , A104-ASP 24:       0.04248973 at      2.829 A (1.114 A by res) in 4.5881 (sec).
 Pair A101-GLH 6 , A104-ASP 25:       0.02985455 at      2.829 A (1.114 A by res) in 4.6119 (sec).
 Pair A101-GLH 6 , A104-ASP 26:       0.05950191 at      2.752 A (1.114 A by res) in 3.8042 (sec).
 Pair A101-GLH 8 , A104-ASP 0 :      -0.01065659 at      2.819 A (1.114 A by res) in 3.5511 (sec).
 Pair A101-GLH 8 , A104-ASH 1 :       0.08000068 at      2.819 A (1.114 A by res) in 4.2324 (sec).
 Pair A101-GLH 8 , A104-ASH 4 :       0.05829004 at      2.829 A (1.114 A by res) in 4.0590 (sec).
 Pair A101-GLH 8 , A104-ASH 5 :       0.05888108 at      2.829 A (1.114 A by res) in 3.8951 (sec).
 Pair A101-GLH 8 , A104-ASH 6 :       0.08014589 at      2.752 A (1.114 A by res) in 4.0719 (sec).
 Pair A101-GLH 8 , A104-ASH 8 :       0.76301704 at      1.885 A (1.114 A by res) in 4.3203 (sec).
 Pair A101-GLH 8 , A104-ASH 9 :       0.05760351 at      2.829 A (1.114 A by res) in 4.1766 (sec).
 Pair A101-GLH 8 , A104-ASH 10:       0.05428994 at      2.829 A (1.114 A by res) in 4.1387 (sec).
 Pair A101-GLH 8 , A104-ASH 11:       0.07357446 at      2.752 A (1.114 A by res) in 4.0334 (sec).
 Pair A101-GLH 8 , A104-ASH 14:       0.07257375 at      2.829 A (1.114 A by res) in 3.9925 (sec).
 Pair A101-GLH 8 , A104-ASH 15:       0.08465800 at      2.829 A (1.114 A by res) in 4.3463 (sec).
 Pair A101-GLH 8 , A104-ASH 16:       0.09805947 at      2.752 A (1.114 A by res) in 4.0170 (sec).
 Pair A101-GLH 8 , A104-ASH 20:       0.05709536 at      2.829 A (1.114 A by res) in 3.7202 (sec).
 Pair A101-GLH 8 , A104-ASP 24:      -0.01740846 at      2.829 A (1.114 A by res) in 3.6276 (sec).
 Pair A101-GLH 8 , A104-ASP 25:      -0.02096507 at      2.829 A (1.114 A by res) in 3.5617 (sec).
 Pair A101-GLH 8 , A104-ASP 26:      -0.00924665 at      2.752 A (1.114 A by res) in 3.6476 (sec).
 Pair A101-GLH 9 , A104-ASP 0 :       0.02976339 at      2.819 A (1.114 A by res) in 3.6591 (sec).
 Pair A101-GLH 9 , A104-ASH 1 :       0.11971522 at      2.819 A (1.114 A by res) in 3.7039 (sec).
 Pair A101-GLH 9 , A104-ASH 4 :       0.08993835 at      2.829 A (1.114 A by res) in 4.0095 (sec).
 Pair A101-GLH 9 , A104-ASH 5 :       0.09452129 at      2.829 A (1.114 A by res) in 3.7442 (sec).
 Pair A101-GLH 9 , A104-ASH 6 :       0.12136680 at      2.752 A (1.114 A by res) in 3.7870 (sec).
 Pair A101-GLH 9 , A104-ASH 8 :      -0.00623778 at      1.885 A (1.114 A by res) in 3.6178 (sec).
 Pair A101-GLH 9 , A104-ASH 9 :       0.08939784 at      2.829 A (1.114 A by res) in 3.4218 (sec).
 Pair A101-GLH 9 , A104-ASH 10:       0.09173657 at      2.829 A (1.114 A by res) in 4.0794 (sec).
 Pair A101-GLH 9 , A104-ASH 11:       0.11157355 at      2.752 A (1.114 A by res) in 4.1528 (sec).
 Pair A101-GLH 9 , A104-ASH 14:       0.13206691 at      2.829 A (1.114 A by res) in 3.8429 (sec).
 Pair A101-GLH 9 , A104-ASH 15:       0.12873890 at      2.829 A (1.114 A by res) in 4.0681 (sec).
 Pair A101-GLH 9 , A104-ASH 16:       0.17244455 at      2.752 A (1.114 A by res) in 3.7528 (sec).
 Pair A101-GLH 9 , A104-ASH 20:       0.09494124 at      2.829 A (1.114 A by res) in 3.8661 (sec).
 Pair A101-GLH 9 , A104-ASP 24:       0.02217974 at      2.829 A (1.114 A by res) in 4.2504 (sec).
 Pair A101-GLH 9 , A104-ASP 25:       0.02720392 at      2.829 A (1.114 A by res) in 3.5530 (sec).
 Pair A101-GLH 9 , A104-ASP 26:       0.02914549 at      2.752 A (1.114 A by res) in 3.5124 (sec).
 Pair A101-GLH 12, A104-ASP 0 :       0.06604913 at      2.819 A (1.114 A by res) in 3.4406 (sec).
 Pair A101-GLH 12, A104-ASH 1 :       0.18865923 at      2.819 A (1.114 A by res) in 3.5226 (sec).
 Pair A101-GLH 12, A104-ASH 4 :       0.16370062 at      2.829 A (1.114 A by res) in 4.1790 (sec).
 Pair A101-GLH 12, A104-ASH 5 :       0.15662381 at      2.829 A (1.114 A by res) in 4.5024 (sec).
 Pair A101-GLH 12, A104-ASH 6 :       0.17385660 at      2.752 A (1.114 A by res) in 3.9649 (sec).
 Pair A101-GLH 12, A104-ASH 8 :       1.36972199 at      1.885 A (1.114 A by res) in 4.0834 (sec).
 Pair A101-GLH 12, A104-ASH 9 :       0.16360921 at      2.829 A (1.114 A by res) in 3.8977 (sec).
 Pair A101-GLH 12, A104-ASH 10:       0.14779343 at      2.829 A (1.114 A by res) in 3.4085 (sec).
 Pair A101-GLH 12, A104-ASH 11:       0.16482532 at      2.752 A (1.114 A by res) in 3.9211 (sec).
 Pair A101-GLH 12, A104-ASH 14:       0.20591337 at      2.829 A (1.114 A by res) in 4.0662 (sec).
 Pair A101-GLH 12, A104-ASH 15:       0.29253222 at      2.829 A (1.114 A by res) in 3.8997 (sec).
 Pair A101-GLH 12, A104-ASH 16:       0.21882901 at      2.752 A (1.114 A by res) in 3.8988 (sec).
 Pair A101-GLH 12, A104-ASH 20:       0.15218968 at      2.829 A (1.114 A by res) in 3.9411 (sec).
 Pair A101-GLH 12, A104-ASP 24:       0.06816198 at      2.829 A (1.114 A by res) in 3.9884 (sec).
 Pair A101-GLH 12, A104-ASP 25:       0.04505394 at      2.829 A (1.114 A by res) in 3.8551 (sec).
 Pair A101-GLH 12, A104-ASP 26:       0.05351166 at      2.752 A (1.114 A by res) in 3.8578 (sec).
 Pair A101-GLH 13, A104-ASP 0 :       0.01195583 at      2.819 A (1.114 A by res) in 3.6355 (sec).
 Pair A101-GLH 13, A104-ASH 1 :       0.10423173 at      2.819 A (1.114 A by res) in 3.6737 (sec).
 Pair A101-GLH 13, A104-ASH 4 :       0.07812622 at      2.829 A (1.114 A by res) in 3.8492 (sec).
 Pair A101-GLH 13, A104-ASH 5 :       0.07877948 at      2.829 A (1.114 A by res) in 3.9520 (sec).
 Pair A101-GLH 13, A104-ASH 6 :       0.10203568 at      2.752 A (1.114 A by res) in 3.8630 (sec).
 Pair A101-GLH 13, A104-ASH 8 :       0.94542479 at      1.885 A (1.114 A by res) in 3.7413 (sec).
 Pair A101-GLH 13, A104-ASH 9 :       0.07971487 at      2.829 A (1.114 A by res) in 3.7981 (sec).
 Pair A101-GLH 13, A104-ASH 10:       0.07484832 at      2.829 A (1.114 A by res) in 3.3856 (sec).
 Pair A101-GLH 13, A104-ASH 11:       0.09661181 at      2.752 A (1.114 A by res) in 3.2966 (sec).
 Pair A101-GLH 13, A104-ASH 14:       0.09219187 at      2.829 A (1.114 A by res) in 3.4672 (sec).
 Pair A101-GLH 13, A104-ASH 15:       0.11515817 at      2.829 A (1.114 A by res) in 3.4203 (sec).
 Pair A101-GLH 13, A104-ASH 16:       0.11919230 at      2.752 A (1.114 A by res) in 3.3954 (sec).
 Pair A101-GLH 13, A104-ASH 20:       0.07922409 at      2.829 A (1.114 A by res) in 3.3950 (sec).
 Pair A101-GLH 13, A104-ASP 24:       0.00370811 at      2.829 A (1.114 A by res) in 3.2298 (sec).
 Pair A101-GLH 13, A104-ASP 25:      -0.00085296 at      2.829 A (1.114 A by res) in 3.2390 (sec).
 Pair A101-GLH 13, A104-ASP 26:       0.01176966 at      2.752 A (1.114 A by res) in 3.2730 (sec).
 Pair A101-GLH 14, A104-ASP 0 :       0.06900789 at      2.819 A (1.114 A by res) in 3.5501 (sec).
 Pair A101-GLH 14, A104-ASH 1 :       0.18684184 at      2.819 A (1.114 A by res) in 3.9773 (sec).
 Pair A101-GLH 14, A104-ASH 4 :       0.14554755 at      2.829 A (1.114 A by res) in 3.8995 (sec).
 Pair A101-GLH 14, A104-ASH 5 :       0.14420271 at      2.829 A (1.114 A by res) in 3.3179 (sec).
 Pair A101-GLH 14, A104-ASH 6 :       0.17989917 at      2.752 A (1.114 A by res) in 3.4660 (sec).
 Pair A101-GLH 14, A104-ASH 8 :       1.49968861 at      1.885 A (1.114 A by res) in 3.3602 (sec).
 Pair A101-GLH 14, A104-ASH 9 :       0.14901885 at      2.829 A (1.114 A by res) in 3.3067 (sec).
 Pair A101-GLH 14, A104-ASH 10:       0.13851263 at      2.829 A (1.114 A by res) in 3.3143 (sec).
 Pair A101-GLH 14, A104-ASH 11:       0.17211528 at      2.752 A (1.114 A by res) in 3.2838 (sec).
 Pair A101-GLH 14, A104-ASH 14:       0.16691886 at      2.829 A (1.114 A by res) in 3.3476 (sec).
 Pair A101-GLH 14, A104-ASH 15:       0.20984097 at      2.829 A (1.114 A by res) in 3.3032 (sec).
 Pair A101-GLH 14, A104-ASH 16:       0.20593915 at      2.752 A (1.114 A by res) in 3.2871 (sec).
 Pair A101-GLH 14, A104-ASH 20:       0.14578035 at      2.829 A (1.114 A by res) in 3.3069 (sec).
 Pair A101-GLH 14, A104-ASP 24:       0.05684693 at      2.829 A (1.114 A by res) in 3.2833 (sec).
 Pair A101-GLH 14, A104-ASP 25:       0.04524593 at      2.829 A (1.114 A by res) in 3.3086 (sec).
 Pair A101-GLH 14, A104-ASP 26:       0.06495940 at      2.752 A (1.114 A by res) in 3.2948 (sec).
 Pair A101-GLH 16, A104-ASP 0 :      -0.00731737 at      2.819 A (1.114 A by res) in 3.3675 (sec).
 Pair A101-GLH 16, A104-ASH 1 :       0.07977187 at      2.819 A (1.114 A by res) in 3.2846 (sec).
 Pair A101-GLH 16, A104-ASH 4 :       0.05796204 at      2.829 A (1.114 A by res) in 3.2873 (sec).
 Pair A101-GLH 16, A104-ASH 5 :       0.05891497 at      2.829 A (1.114 A by res) in 3.2942 (sec).
 Pair A101-GLH 16, A104-ASH 6 :       0.07993815 at      2.752 A (1.114 A by res) in 3.2911 (sec).
 Pair A101-GLH 16, A104-ASH 8 :       0.76697560 at      1.885 A (1.114 A by res) in 3.3803 (sec).
 Pair A101-GLH 16, A104-ASH 9 :       0.05889543 at      2.829 A (1.114 A by res) in 3.6180 (sec).
 Pair A101-GLH 16, A104-ASH 10:       0.05475508 at      2.829 A (1.114 A by res) in 3.5474 (sec).
 Pair A101-GLH 16, A104-ASH 11:       0.07483769 at      2.752 A (1.114 A by res) in 3.5204 (sec).
 Pair A101-GLH 16, A104-ASH 14:       0.07180005 at      2.829 A (1.114 A by res) in 3.6412 (sec).
 Pair A101-GLH 16, A104-ASH 15:       0.08508094 at      2.829 A (1.114 A by res) in 4.1591 (sec).
 Pair A101-GLH 16, A104-ASH 16:       0.09745794 at      2.752 A (1.114 A by res) in 3.7222 (sec).
 Pair A101-GLH 16, A104-ASH 20:       0.05815578 at      2.829 A (1.114 A by res) in 3.7436 (sec).
 Pair A101-GLH 16, A104-ASP 24:      -0.01453448 at      2.829 A (1.114 A by res) in 3.6025 (sec).
 Pair A101-GLH 16, A104-ASP 25:      -0.01857732 at      2.829 A (1.114 A by res) in 4.4369 (sec).
 Pair A101-GLH 16, A104-ASP 26:      -0.00607406 at      2.752 A (1.114 A by res) in 4.1747 (sec).
 Pair A101-GLH 17, A104-ASP 0 :       0.06496080 at      2.819 A (1.114 A by res) in 3.9700 (sec).
 Pair A101-GLH 17, A104-ASH 1 :       0.16210637 at      2.819 A (1.114 A by res) in 3.6022 (sec).
 Pair A101-GLH 17, A104-ASH 4 :       0.13406375 at      2.829 A (1.114 A by res) in 3.9268 (sec).
 Pair A101-GLH 17, A104-ASH 5 :       0.12669616 at      2.829 A (1.114 A by res) in 3.5198 (sec).
 Pair A101-GLH 17, A104-ASH 6 :       0.15357945 at      2.752 A (1.114 A by res) in 4.0207 (sec).
 Pair A101-GLH 17, A104-ASH 8 :       0.10500434 at      1.885 A (1.114 A by res) in 4.6611 (sec).
 Pair A101-GLH 17, A104-ASH 9 :       0.13564289 at      2.829 A (1.114 A by res) in 4.9974 (sec).
 Pair A101-GLH 17, A104-ASH 10:       0.11002929 at      2.829 A (1.114 A by res) in 5.0293 (sec).
 Pair A101-GLH 17, A104-ASH 11:       0.14882941 at      2.752 A (1.114 A by res) in 4.5738 (sec).
 Pair A101-GLH 17, A104-ASH 14:       0.17955055 at      2.829 A (1.114 A by res) in 4.7994 (sec).
 Pair A101-GLH 17, A104-ASH 15:       0.27291726 at      2.829 A (1.114 A by res) in 5.8443 (sec).
 Pair A101-GLH 17, A104-ASH 16:       0.21031437 at      2.752 A (1.114 A by res) in 6.8158 (sec).
 Pair A101-GLH 17, A104-ASH 20:       0.11266333 at      2.829 A (1.114 A by res) in 6.2696 (sec).
 Pair A101-GLH 17, A104-ASP 24:       0.03554152 at      2.829 A (1.114 A by res) in 5.3408 (sec).
 Pair A101-GLH 17, A104-ASP 25:      -0.00468455 at      2.829 A (1.114 A by res) in 5.2457 (sec).
 Pair A101-GLH 17, A104-ASP 26:       0.05309894 at      2.752 A (1.114 A by res) in 5.2298 (sec).
 Pair A101-GLH 20, A104-ASP 0 :       0.10625129 at      2.819 A (1.114 A by res) in 4.9837 (sec).
 Pair A101-GLH 20, A104-ASH 1 :       0.13990241 at      2.819 A (1.114 A by res) in 4.6901 (sec).
 Pair A101-GLH 20, A104-ASH 4 :       0.11664731 at      2.829 A (1.114 A by res) in 5.2948 (sec).
 Pair A101-GLH 20, A104-ASH 5 :       0.11485431 at      2.829 A (1.114 A by res) in 5.9668 (sec).
 Pair A101-GLH 20, A104-ASH 6 :       0.13304466 at      2.752 A (1.114 A by res) in 6.4047 (sec).
 Pair A101-GLH 20, A104-ASH 8 :       1.28817972 at      1.885 A (1.114 A by res) in 6.3249 (sec).
 Pair A101-GLH 20, A104-ASH 9 :       0.13066946 at      2.829 A (1.114 A by res) in 6.9118 (sec).
 Pair A101-GLH 20, A104-ASH 10:       0.12098150 at      2.829 A (1.114 A by res) in 4.7376 (sec).
 Pair A101-GLH 20, A104-ASH 11:       0.13601880 at      2.752 A (1.114 A by res) in 6.5061 (sec).
 Pair A101-GLH 20, A104-ASH 14:       0.12221844 at      2.829 A (1.114 A by res) in 4.8129 (sec).
 Pair A101-GLH 20, A104-ASH 15:       0.16749900 at      2.829 A (1.114 A by res) in 4.7172 (sec).
 Pair A101-GLH 20, A104-ASH 16:       0.13862866 at      2.752 A (1.114 A by res) in 4.5887 (sec).
 Pair A101-GLH 20, A104-ASH 20:       0.12809452 at      2.829 A (1.114 A by res) in 4.0502 (sec).
 Pair A101-GLH 20, A104-ASP 24:       0.10679319 at      2.829 A (1.114 A by res) in 4.6876 (sec).
 Pair A101-GLH 20, A104-ASP 25:       0.10392813 at      2.829 A (1.114 A by res) in 3.9084 (sec).
 Pair A101-GLH 20, A104-ASP 26:       0.10027941 at      2.752 A (1.114 A by res) in 4.4150 (sec).
 Pair A101-GLH 21, A104-ASP 0 :      -0.00586129 at      2.819 A (1.114 A by res) in 3.7333 (sec).
 Pair A101-GLH 21, A104-ASH 1 :       0.11244297 at      2.819 A (1.114 A by res) in 3.4302 (sec).
 Pair A101-GLH 21, A104-ASH 4 :       0.08488151 at      2.829 A (1.114 A by res) in 3.3839 (sec).
 Pair A101-GLH 21, A104-ASH 5 :       0.08601501 at      2.829 A (1.114 A by res) in 3.4245 (sec).
 Pair A101-GLH 21, A104-ASH 6 :       0.10880635 at      2.752 A (1.114 A by res) in 3.5144 (sec).
 Pair A101-GLH 21, A104-ASH 8 :       1.02845749 at      1.885 A (1.114 A by res) in 3.5393 (sec).
 Pair A101-GLH 21, A104-ASH 9 :       0.08700322 at      2.829 A (1.114 A by res) in 3.4469 (sec).
 Pair A101-GLH 21, A104-ASH 10:       0.07649294 at      2.829 A (1.114 A by res) in 3.3035 (sec).
 Pair A101-GLH 21, A104-ASH 11:       0.10331444 at      2.752 A (1.114 A by res) in 3.9244 (sec).
 Pair A101-GLH 21, A104-ASH 14:       0.09863361 at      2.829 A (1.114 A by res) in 4.8235 (sec).
 Pair A101-GLH 21, A104-ASH 15:       0.13011896 at      2.829 A (1.114 A by res) in 4.4569 (sec).
 Pair A101-GLH 21, A104-ASH 16:       0.13022344 at      2.752 A (1.114 A by res) in 4.4405 (sec).
 Pair A101-GLH 21, A104-ASH 20:       0.08066853 at      2.829 A (1.114 A by res) in 4.0013 (sec).
 Pair A101-GLH 21, A104-ASP 24:      -0.03213192 at      2.829 A (1.114 A by res) in 3.9055 (sec).
 Pair A101-GLH 21, A104-ASP 25:      -0.04181009 at      2.829 A (1.114 A by res) in 4.0326 (sec).
 Pair A101-GLH 21, A104-ASP 26:      -0.00720405 at      2.752 A (1.114 A by res) in 3.7122 (sec).
 Pair A101-GLH 22, A104-ASP 0 :       0.04572023 at      2.819 A (1.114 A by res) in 4.0395 (sec).
 Pair A101-GLH 22, A104-ASH 1 :       0.18651346 at      2.819 A (1.114 A by res) in 3.9446 (sec).
 Pair A101-GLH 22, A104-ASH 4 :       0.14958015 at      2.829 A (1.114 A by res) in 4.1000 (sec).
 Pair A101-GLH 22, A104-ASH 5 :       0.14719968 at      2.829 A (1.114 A by res) in 3.7365 (sec).
 Pair A101-GLH 22, A104-ASH 6 :       0.17701254 at      2.752 A (1.114 A by res) in 3.8242 (sec).
 Pair A101-GLH 22, A104-ASH 8 :       1.68901409 at      1.885 A (1.114 A by res) in 4.5486 (sec).
 Pair A101-GLH 22, A104-ASH 9 :       0.15039578 at      2.829 A (1.114 A by res) in 4.7853 (sec).
 Pair A101-GLH 22, A104-ASH 10:       0.13270715 at      2.829 A (1.114 A by res) in 5.5101 (sec).
 Pair A101-GLH 22, A104-ASH 11:       0.16626697 at      2.752 A (1.114 A by res) in 5.5120 (sec).
 Pair A101-GLH 22, A104-ASH 14:       0.16988689 at      2.829 A (1.114 A by res) in 5.1336 (sec).
 Pair A101-GLH 22, A104-ASH 15:       0.22280992 at      2.829 A (1.114 A by res) in 5.5439 (sec).
 Pair A101-GLH 22, A104-ASH 16:       0.20786444 at      2.752 A (1.114 A by res) in 5.7982 (sec).
 Pair A101-GLH 22, A104-ASH 20:       0.13733087 at      2.829 A (1.114 A by res) in 8.0029 (sec).
 Pair A101-GLH 22, A104-ASP 24:       0.01362117 at      2.829 A (1.114 A by res) in 9.2328 (sec).
 Pair A101-GLH 22, A104-ASP 25:      -0.00561156 at      2.829 A (1.114 A by res) in 7.1506 (sec).
 Pair A101-GLH 22, A104-ASP 26:       0.03942835 at      2.752 A (1.114 A by res) in 8.4112 (sec).
 Pair A101-GLH 24, A104-ASP 0 :      -0.04827753 at      2.819 A (1.114 A by res) in 9.4049 (sec).
 Pair A101-GLH 24, A104-ASH 1 :       0.08463221 at      2.819 A (1.114 A by res) in 9.8661 (sec).
 Pair A101-GLH 24, A104-ASH 4 :       0.06211283 at      2.829 A (1.114 A by res) in 7.8955 (sec).
 Pair A101-GLH 24, A104-ASH 5 :       0.06278140 at      2.829 A (1.114 A by res) in 9.8327 (sec).
 Pair A101-GLH 24, A104-ASH 6 :       0.08450952 at      2.752 A (1.114 A by res) in 10.3553 (sec).
 Pair A101-GLH 24, A104-ASH 8 :       0.75932806 at      1.885 A (1.114 A by res) in 9.5505 (sec).
 Pair A101-GLH 24, A104-ASH 9 :       0.05781760 at      2.829 A (1.114 A by res) in 11.2638 (sec).
 Pair A101-GLH 24, A104-ASH 10:       0.05579404 at      2.829 A (1.114 A by res) in 9.9985 (sec).
 Pair A101-GLH 24, A104-ASH 11:       0.07292338 at      2.752 A (1.114 A by res) in 9.4450 (sec).
 Pair A101-GLH 24, A104-ASH 14:       0.08124361 at      2.829 A (1.114 A by res) in 9.5848 (sec).
 Pair A101-GLH 24, A104-ASH 15:       0.09218340 at      2.829 A (1.114 A by res) in 10.0352 (sec).
 Pair A101-GLH 24, A104-ASH 16:       0.10711856 at      2.752 A (1.114 A by res) in 9.8252 (sec).
 Pair A101-GLH 24, A104-ASH 20:       0.05851998 at      2.829 A (1.114 A by res) in 9.1473 (sec).
 Pair A101-GLH 24, A104-ASP 24:      -0.04836539 at      2.829 A (1.114 A by res) in 8.3743 (sec).
 Pair A101-GLH 24, A104-ASP 25:      -0.05093037 at      2.829 A (1.114 A by res) in 9.3174 (sec).
 Pair A101-GLH 24, A104-ASP 26:      -0.04490085 at      2.752 A (1.114 A by res) in 7.5611 (sec).
 Pair A101-GLH 25, A104-ASP 0 :       0.03290589 at      2.819 A (1.114 A by res) in 9.0584 (sec).
 Pair A101-GLH 25, A104-ASH 1 :       0.11858963 at      2.819 A (1.114 A by res) in 7.2040 (sec).
 Pair A101-GLH 25, A104-ASH 4 :       0.08689970 at      2.829 A (1.114 A by res) in 9.5863 (sec).
 Pair A101-GLH 25, A104-ASH 5 :       0.09148486 at      2.829 A (1.114 A by res) in 7.8413 (sec).
 Pair A101-GLH 25, A104-ASH 6 :       0.12079233 at      2.752 A (1.114 A by res) in 9.6346 (sec).
 Pair A101-GLH 25, A104-ASH 8 :      -0.00329075 at      1.885 A (1.114 A by res) in 7.5577 (sec).
 Pair A101-GLH 25, A104-ASH 9 :       0.09385505 at      2.829 A (1.114 A by res) in 7.5650 (sec).
 Pair A101-GLH 25, A104-ASH 10:       0.09590951 at      2.829 A (1.114 A by res) in 8.7696 (sec).
 Pair A101-GLH 25, A104-ASH 11:       0.11223333 at      2.752 A (1.114 A by res) in 7.7097 (sec).
 Pair A101-GLH 25, A104-ASH 14:       0.12371352 at      2.829 A (1.114 A by res) in 6.7213 (sec).
 Pair A101-GLH 25, A104-ASH 15:       0.12161646 at      2.829 A (1.114 A by res) in 6.6055 (sec).
 Pair A101-GLH 25, A104-ASH 16:       0.15973568 at      2.752 A (1.114 A by res) in 8.8600 (sec).
 Pair A101-GLH 25, A104-ASH 20:       0.10237545 at      2.829 A (1.114 A by res) in 5.8844 (sec).
 Pair A101-GLH 25, A104-ASP 24:       0.05512246 at      2.829 A (1.114 A by res) in 5.9550 (sec).
 Pair A101-GLH 25, A104-ASP 25:       0.06027290 at      2.829 A (1.114 A by res) in 6.3653 (sec).
 Pair A101-GLH 25, A104-ASP 26:       0.03403458 at      2.752 A (1.114 A by res) in 5.7817 (sec).
 Pair A101-GLH 29, A104-ASP 0 :      -0.01775911 at      2.819 A (1.114 A by res) in 6.2759 (sec).
 Pair A101-GLH 29, A104-ASH 1 :       0.12469595 at      2.819 A (1.114 A by res) in 6.0289 (sec).
 Pair A101-GLH 29, A104-ASH 4 :       0.09342128 at      2.829 A (1.114 A by res) in 5.2709 (sec).
 Pair A101-GLH 29, A104-ASH 5 :       0.09429975 at      2.829 A (1.114 A by res) in 5.1886 (sec).
 Pair A101-GLH 29, A104-ASH 6 :       0.12340360 at      2.752 A (1.114 A by res) in 5.7257 (sec).
 Pair A101-GLH 29, A104-ASH 8 :       0.96209266 at      1.885 A (1.114 A by res) in 5.5237 (sec).
 Pair A101-GLH 29, A104-ASH 9 :       0.09404068 at      2.829 A (1.114 A by res) in 5.2598 (sec).
 Pair A101-GLH 29, A104-ASH 10:       0.08897135 at      2.829 A (1.114 A by res) in 5.7562 (sec).
 Pair A101-GLH 29, A104-ASH 11:       0.11459074 at      2.752 A (1.114 A by res) in 5.7571 (sec).
 Pair A101-GLH 29, A104-ASH 14:       0.11400951 at      2.829 A (1.114 A by res) in 5.3606 (sec).
 Pair A101-GLH 29, A104-ASH 15:       0.13891732 at      2.829 A (1.114 A by res) in 4.5712 (sec).
 Pair A101-GLH 29, A104-ASH 16:       0.14676805 at      2.752 A (1.114 A by res) in 5.6062 (sec).
 Pair A101-GLH 29, A104-ASH 20:       0.09525755 at      2.829 A (1.114 A by res) in 5.3620 (sec).
 Pair A101-GLH 29, A104-ASP 24:      -0.01790506 at      2.829 A (1.114 A by res) in 4.9528 (sec).
 Pair A101-GLH 29, A104-ASP 25:      -0.02291377 at      2.829 A (1.114 A by res) in 5.5506 (sec).
 Pair A101-GLH 29, A104-ASP 26:      -0.01623574 at      2.752 A (1.114 A by res) in 4.3332 (sec).
 Pair A101-GLH 32, A104-ASP 0 :      -0.03098846 at      2.819 A (1.114 A by res) in 4.7397 (sec).
 Pair A101-GLH 32, A104-ASH 1 :       0.10041652 at      2.819 A (1.114 A by res) in 4.8781 (sec).
 Pair A101-GLH 32, A104-ASH 4 :       0.07322584 at      2.829 A (1.114 A by res) in 4.4903 (sec).
 Pair A101-GLH 32, A104-ASH 5 :       0.07465198 at      2.829 A (1.114 A by res) in 4.8046 (sec).
 Pair A101-GLH 32, A104-ASH 6 :       0.10140063 at      2.752 A (1.114 A by res) in 4.8623 (sec).
 Pair A101-GLH 32, A104-ASH 8 :       0.79996169 at      1.885 A (1.114 A by res) in 5.0343 (sec).
 Pair A101-GLH 32, A104-ASH 9 :       0.07452233 at      2.829 A (1.114 A by res) in 4.9717 (sec).
 Pair A101-GLH 32, A104-ASH 10:       0.06931490 at      2.829 A (1.114 A by res) in 4.9175 (sec).
 Pair A101-GLH 32, A104-ASH 11:       0.09432804 at      2.752 A (1.114 A by res) in 5.7081 (sec).
 Pair A101-GLH 32, A104-ASH 14:       0.09267264 at      2.829 A (1.114 A by res) in 4.8608 (sec).
 Pair A101-GLH 32, A104-ASH 15:       0.10942065 at      2.829 A (1.114 A by res) in 4.8454 (sec).
 Pair A101-GLH 32, A104-ASH 16:       0.12471206 at      2.752 A (1.114 A by res) in 3.9916 (sec).
 Pair A101-GLH 32, A104-ASH 20:       0.07491955 at      2.829 A (1.114 A by res) in 3.9703 (sec).
 Pair A101-GLH 32, A104-ASP 24:      -0.03370202 at      2.829 A (1.114 A by res) in 3.9646 (sec).
 Pair A101-GLH 32, A104-ASP 25:      -0.03878590 at      2.829 A (1.114 A by res) in 4.0994 (sec).
 Pair A101-GLH 32, A104-ASP 26:      -0.02861798 at      2.752 A (1.114 A by res) in 3.9490 (sec).
 Pair A101-GLH 33, A104-ASP 0 :       0.08275593 at      2.819 A (1.114 A by res) in 4.1210 (sec).
 Pair A101-GLH 33, A104-ASH 1 :       0.12944834 at      2.819 A (1.114 A by res) in 4.1119 (sec).
 Pair A101-GLH 33, A104-ASH 4 :       0.09583447 at      2.829 A (1.114 A by res) in 3.9563 (sec).
 Pair A101-GLH 33, A104-ASH 5 :       0.09899299 at      2.829 A (1.114 A by res) in 4.2756 (sec).
 Pair A101-GLH 33, A104-ASH 6 :       0.13119313 at      2.752 A (1.114 A by res) in 4.4425 (sec).
 Pair A101-GLH 33, A104-ASH 8 :       0.11641142 at      1.885 A (1.114 A by res) in 4.5394 (sec).
 Pair A101-GLH 33, A104-ASH 9 :       0.10828530 at      2.829 A (1.114 A by res) in 3.8823 (sec).
 Pair A101-GLH 33, A104-ASH 10:       0.10052882 at      2.829 A (1.114 A by res) in 4.0288 (sec).
 Pair A101-GLH 33, A104-ASH 11:       0.13255575 at      2.752 A (1.114 A by res) in 4.1229 (sec).
 Pair A101-GLH 33, A104-ASH 14:       0.11728678 at      2.829 A (1.114 A by res) in 3.6403 (sec).
 Pair A101-GLH 33, A104-ASH 15:       0.13394770 at      2.829 A (1.114 A by res) in 3.6358 (sec).
 Pair A101-GLH 33, A104-ASH 16:       0.15926156 at      2.752 A (1.114 A by res) in 3.9729 (sec).
 Pair A101-GLH 33, A104-ASH 20:       0.10743010 at      2.829 A (1.114 A by res) in 3.8507 (sec).
 Pair A101-GLH 33, A104-ASP 24:       0.06755882 at      2.829 A (1.114 A by res) in 3.8324 (sec).
 Pair A101-GLH 33, A104-ASP 25:       0.06329041 at      2.829 A (1.114 A by res) in 4.0409 (sec).
 Pair A101-GLH 33, A104-ASP 26:       0.07921224 at      2.752 A (1.114 A by res) in 3.9486 (sec).
 Pair A101-GLU 36, A104-ASP 0 :       0.61106437 at      2.819 A (1.114 A by res) in 3.6573 (sec).
 Pair A101-GLU 36, A104-ASH 1 :       0.03198384 at      2.819 A (1.114 A by res) in 3.7980 (sec).
 Pair A101-GLU 36, A104-ASH 4 :       0.03116226 at      2.829 A (1.114 A by res) in 3.9233 (sec).
 Pair A101-GLU 36, A104-ASH 5 :       0.02395629 at      2.829 A (1.114 A by res) in 3.3352 (sec).
 Pair A101-GLU 36, A104-ASH 6 :       0.03386447 at      2.752 A (1.114 A by res) in 3.6526 (sec).
 Pair A101-GLU 36, A104-ASH 8 :       0.98552766 at      1.885 A (1.114 A by res) in 3.3649 (sec).
 Pair A101-GLU 36, A104-ASH 9 :       0.06470775 at      2.829 A (1.114 A by res) in 3.7149 (sec).
 Pair A101-GLU 36, A104-ASH 10:       0.07769836 at      2.829 A (1.114 A by res) in 4.0578 (sec).
 Pair A101-GLU 36, A104-ASH 11:       0.06182784 at      2.752 A (1.114 A by res) in 3.9162 (sec).
 Pair A101-GLU 36, A104-ASH 14:       0.00228825 at      2.829 A (1.114 A by res) in 3.7425 (sec).
 Pair A101-GLU 36, A104-ASH 15:      -0.01856638 at      2.829 A (1.114 A by res) in 4.0553 (sec).
 Pair A101-GLU 36, A104-ASH 16:      -0.02066963 at      2.752 A (1.114 A by res) in 3.9051 (sec).
 Pair A101-GLU 36, A104-ASH 20:       0.08351512 at      2.829 A (1.114 A by res) in 4.0965 (sec).
 Pair A101-GLU 36, A104-ASP 24:       0.66951693 at      2.829 A (1.114 A by res) in 3.9441 (sec).
 Pair A101-GLU 36, A104-ASP 25:       0.69183565 at      2.829 A (1.114 A by res) in 3.8801 (sec).
 Pair A101-GLU 36, A104-ASP 26:       0.60124145 at      2.752 A (1.114 A by res) in 3.9101 (sec).
 Pair A101-GLU 37, A104-ASP 0 :       0.41381774 at      2.819 A (1.114 A by res) in 4.0155 (sec).
 Pair A101-GLU 37, A104-ASH 1 :       0.04031483 at      2.819 A (1.114 A by res) in 4.2454 (sec).
 Pair A101-GLU 37, A104-ASH 4 :       0.02262150 at      2.829 A (1.114 A by res) in 3.9562 (sec).
 Pair A101-GLU 37, A104-ASH 5 :       0.02075419 at      2.829 A (1.114 A by res) in 3.8934 (sec).
 Pair A101-GLU 37, A104-ASH 6 :       0.04037641 at      2.752 A (1.114 A by res) in 3.6001 (sec).
 Pair A101-GLU 37, A104-ASH 8 :       0.77320755 at      1.885 A (1.114 A by res) in 3.8227 (sec).
 Pair A101-GLU 37, A104-ASH 9 :       0.03531489 at      2.829 A (1.114 A by res) in 4.0701 (sec).
 Pair A101-GLU 37, A104-ASH 10:       0.04172118 at      2.829 A (1.114 A by res) in 4.1747 (sec).
 Pair A101-GLU 37, A104-ASH 11:       0.05140003 at      2.752 A (1.114 A by res) in 4.2268 (sec).
 Pair A101-GLU 37, A104-ASH 14:       0.01744243 at      2.829 A (1.114 A by res) in 4.2849 (sec).
 Pair A101-GLU 37, A104-ASH 15:       0.01585744 at      2.829 A (1.114 A by res) in 4.4269 (sec).
 Pair A101-GLU 37, A104-ASH 16:       0.02811376 at      2.752 A (1.114 A by res) in 4.4569 (sec).
 Pair A101-GLU 37, A104-ASH 20:       0.04232605 at      2.829 A (1.114 A by res) in 4.3805 (sec).
 Pair A101-GLU 37, A104-ASP 24:       0.41040256 at      2.829 A (1.114 A by res) in 3.6058 (sec).
 Pair A101-GLU 37, A104-ASP 25:       0.41663933 at      2.829 A (1.114 A by res) in 3.4798 (sec).
 Pair A101-GLU 37, A104-ASP 26:       0.40558488 at      2.752 A (1.114 A by res) in 3.4692 (sec).
 Pair A101-GLU 38, A104-ASP 0 :       0.49300314 at      2.819 A (1.114 A by res) in 3.5331 (sec).
 Pair A101-GLU 38, A104-ASH 1 :       0.09158831 at      2.819 A (1.114 A by res) in 3.4615 (sec).
 Pair A101-GLU 38, A104-ASH 4 :       0.06872009 at      2.829 A (1.114 A by res) in 3.4757 (sec).
 Pair A101-GLU 38, A104-ASH 5 :       0.06087861 at      2.829 A (1.114 A by res) in 3.3717 (sec).
 Pair A101-GLU 38, A104-ASH 6 :       0.08887432 at      2.752 A (1.114 A by res) in 3.5086 (sec).
 Pair A101-GLU 38, A104-ASH 8 :       0.98849994 at      1.885 A (1.114 A by res) in 3.4103 (sec).
 Pair A101-GLU 38, A104-ASH 9 :       0.07406345 at      2.829 A (1.114 A by res) in 3.4286 (sec).
 Pair A101-GLU 38, A104-ASH 10:       0.07819087 at      2.829 A (1.114 A by res) in 3.4020 (sec).
 Pair A101-GLU 38, A104-ASH 11:       0.09094192 at      2.752 A (1.114 A by res) in 3.7656 (sec).
 Pair A101-GLU 38, A104-ASH 14:       0.06893411 at      2.829 A (1.114 A by res) in 4.0581 (sec).
 Pair A101-GLU 38, A104-ASH 15:       0.07315419 at      2.829 A (1.114 A by res) in 3.4613 (sec).
 Pair A101-GLU 38, A104-ASH 16:       0.08340026 at      2.752 A (1.114 A by res) in 3.5154 (sec).
 Pair A101-GLU 38, A104-ASH 20:       0.07552734 at      2.829 A (1.114 A by res) in 4.0947 (sec).
 Pair A101-GLU 38, A104-ASP 24:       0.49263645 at      2.829 A (1.114 A by res) in 3.8627 (sec).
 Pair A101-GLU 38, A104-ASP 25:       0.49220258 at      2.829 A (1.114 A by res) in 3.4407 (sec).
 Pair A101-GLU 38, A104-ASP 26:       0.48169276 at      2.752 A (1.114 A by res) in 3.1954 (sec).
 Pair A101-GLU 40, A104-ASP 0 :       0.41940620 at      2.819 A (1.114 A by res) in 3.2025 (sec).
 Pair A101-GLU 40, A104-ASH 1 :       0.02250087 at      2.819 A (1.114 A by res) in 3.1843 (sec).
 Pair A101-GLU 40, A104-ASH 4 :       0.00911770 at      2.829 A (1.114 A by res) in 3.1893 (sec).
 Pair A101-GLU 40, A104-ASH 5 :       0.00821796 at      2.829 A (1.114 A by res) in 3.2655 (sec).
 Pair A101-GLU 40, A104-ASH 6 :       0.02326549 at      2.752 A (1.114 A by res) in 3.2135 (sec).
 Pair A101-GLU 40, A104-ASH 8 :       0.73136670 at      1.885 A (1.114 A by res) in 3.2089 (sec).
 Pair A101-GLU 40, A104-ASH 9 :       0.02637188 at      2.829 A (1.114 A by res) in 3.1698 (sec).
 Pair A101-GLU 40, A104-ASH 10:       0.02686287 at      2.829 A (1.114 A by res) in 3.3207 (sec).
 Pair A101-GLU 40, A104-ASH 11:       0.04077927 at      2.752 A (1.114 A by res) in 3.2120 (sec).
 Pair A101-GLU 40, A104-ASH 14:      -0.00195742 at      2.829 A (1.114 A by res) in 3.2824 (sec).
 Pair A101-GLU 40, A104-ASH 15:      -0.00170643 at      2.829 A (1.114 A by res) in 3.1915 (sec).
 Pair A101-GLU 40, A104-ASH 16:       0.01013329 at      2.752 A (1.114 A by res) in 3.2451 (sec).
 Pair A101-GLU 40, A104-ASH 20:       0.02716121 at      2.829 A (1.114 A by res) in 3.3266 (sec).
 Pair A101-GLU 40, A104-ASP 24:       0.39407333 at      2.829 A (1.114 A by res) in 3.2398 (sec).
 Pair A101-GLU 40, A104-ASP 25:       0.39516803 at      2.829 A (1.114 A by res) in 3.2128 (sec).
 Pair A101-GLU 40, A104-ASP 26:       0.40915080 at      2.752 A (1.114 A by res) in 3.2532 (sec).
 Pair A101-GLU 41, A104-ASP 0 :       0.64516198 at      2.819 A (1.114 A by res) in 3.1973 (sec).
 Pair A101-GLU 41, A104-ASH 1 :       0.03571856 at      2.819 A (1.114 A by res) in 3.2727 (sec).
 Pair A101-GLU 41, A104-ASH 4 :       0.01858059 at      2.829 A (1.114 A by res) in 3.7211 (sec).
 Pair A101-GLU 41, A104-ASH 5 :       0.02175600 at      2.829 A (1.114 A by res) in 3.9627 (sec).
 Pair A101-GLU 41, A104-ASH 6 :       0.04194955 at      2.752 A (1.114 A by res) in 3.9518 (sec).
 Pair A101-GLU 41, A104-ASH 8 :      -0.25389871 at      1.885 A (1.114 A by res) in 4.2252 (sec).
 Pair A101-GLU 41, A104-ASH 9 :       0.06156286 at      2.829 A (1.114 A by res) in 4.0129 (sec).
 Pair A101-GLU 41, A104-ASH 10:       0.06419949 at      2.829 A (1.114 A by res) in 3.7235 (sec).
 Pair A101-GLU 41, A104-ASH 11:       0.08045008 at      2.752 A (1.114 A by res) in 3.5260 (sec).
 Pair A101-GLU 41, A104-ASH 14:      -0.00111389 at      2.829 A (1.114 A by res) in 3.4802 (sec).
 Pair A101-GLU 41, A104-ASH 15:      -0.01654464 at      2.829 A (1.114 A by res) in 3.7261 (sec).
 Pair A101-GLU 41, A104-ASH 16:       0.01385039 at      2.752 A (1.114 A by res) in 3.7544 (sec).
 Pair A101-GLU 41, A104-ASH 20:       0.06916846 at      2.829 A (1.114 A by res) in 3.8599 (sec).
 Pair A101-GLU 41, A104-ASP 24:       0.63232621 at      2.829 A (1.114 A by res) in 3.6933 (sec).
 Pair A101-GLU 41, A104-ASP 25:       0.64252292 at      2.829 A (1.114 A by res) in 3.7983 (sec).
 Pair A101-GLU 41, A104-ASP 26:       0.62917620 at      2.752 A (1.114 A by res) in 3.5659 (sec).
 Time for 2-body energies:           7882
 Number of 3-Body energies to calculate: 82092
 3-Body   A3-LYS 0 ,  A47-ASP 0 ,  A48-GLU 0 :      -0.00334350 at      1.777 Ang (1.649 Ang by residue) in 3.8043 (sec).
 3-Body   A3-LYS 0 ,  A47-ASP 0 ,  A48-GLH 1 :       0.00362388 at      1.777 Ang (1.649 Ang by residue) in 3.5746 (sec).
 3-Body   A3-LYS 0 ,  A47-ASP 0 ,  A48-GLH 4 :       0.00166554 at      1.777 Ang (1.649 Ang by residue) in 3.4248 (sec).
 3-Body   A3-LYS 0 ,  A47-ASP 0 ,  A48-GLH 5 :       0.00179401 at      1.777 Ang (1.649 Ang by residue) in 3.9128 (sec).
 3-Body   A3-LYS 0 ,  A47-ASP 0 ,  A48-GLH 8 :       0.00391677 at      1.777 Ang (1.649 Ang by residue) in 3.8671 (sec).
 3-Body   A3-LYS 0 ,  A47-ASP 0 ,  A48-GLH 9 :       0.00514056 at      1.777 Ang (1.649 Ang by residue) in 3.8117 (sec).
 3-Body   A3-LYS 0 ,  A47-ASP 0 ,  A48-GLH 12:       0.00235779 at      1.777 Ang (1.649 Ang by residue) in 3.8019 (sec).
 3-Body   A3-LYS 0 ,  A47-ASP 0 ,  A48-GLH 13:       0.00203533 at      1.777 Ang (1.649 Ang by residue) in 3.9759 (sec).
 3-Body   A3-LYS 0 ,  A47-ASP 0 ,  A48-GLH 16:       0.00377929 at      1.777 Ang (1.649 Ang by residue) in 4.5007 (sec).
 3-Body   A3-LYS 0 ,  A47-ASP 0 ,  A48-GLH 17:       0.00434894 at      1.777 Ang (1.649 Ang by residue) in 7.1433 (sec).
 3-Body   A3-LYS 0 ,  A47-ASP 0 ,  A48-GLH 20:       0.00160053 at      1.777 Ang (1.649 Ang by residue) in 4.6379 (sec).
 3-Body   A3-LYS 0 ,  A47-ASP 0 ,  A48-GLH 21:       0.00192951 at      1.777 Ang (1.649 Ang by residue) in 4.9529 (sec).
 3-Body   A3-LYS 0 ,  A47-ASP 0 ,  A48-GLH 24:       0.00491845 at      1.777 Ang (1.649 Ang by residue) in 4.9756 (sec).
 3-Body   A3-LYS 0 ,  A47-ASP 0 ,  A48-GLH 25:       0.00842929 at      1.777 Ang (1.649 Ang by residue) in 4.7123 (sec).
 3-Body   A3-LYS 0 ,  A47-ASP 0 ,  A48-GLH 29:       0.00353549 at      1.777 Ang (1.649 Ang by residue) in 4.9987 (sec).
 3-Body   A3-LYS 0 ,  A47-ASP 0 ,  A48-GLH 32:       0.00503326 at      1.777 Ang (1.649 Ang by residue) in 7.0462 (sec).
 3-Body   A3-LYS 0 ,  A47-ASP 0 ,  A48-GLH 33:       0.00486128 at      1.777 Ang (1.649 Ang by residue) in 6.7268 (sec).
 3-Body   A3-LYS 0 ,  A47-ASP 0 ,  A48-GLU 36:      -0.00246800 at      1.777 Ang (1.649 Ang by residue) in 5.6820 (sec).
 3-Body   A3-LYS 0 ,  A47-ASP 0 ,  A48-GLU 37:      -0.00176018 at      1.777 Ang (1.649 Ang by residue) in 5.3043 (sec).
 3-Body   A3-LYS 0 ,  A47-ASP 0 ,  A48-GLU 40:      -0.00326793 at      1.777 Ang (1.649 Ang by residue) in 5.2868 (sec).
 3-Body   A3-LYS 0 ,  A47-ASP 0 ,  A48-GLU 41:      -0.00404459 at      1.777 Ang (1.649 Ang by residue) in 6.5547 (sec).
 3-Body   A3-LYS 0 ,  A47-ASH 1 ,  A48-GLU 0 :      -0.00137966 at      1.777 Ang (1.649 Ang by residue) in 6.6565 (sec).
 3-Body   A3-LYS 0 ,  A47-ASH 1 ,  A48-GLH 1 :       0.00270873 at      1.777 Ang (1.649 Ang by residue) in 8.2025 (sec).
 3-Body   A3-LYS 0 ,  A47-ASH 1 ,  A48-GLH 4 :       0.00140208 at      1.777 Ang (1.649 Ang by residue) in 6.7643 (sec).
 3-Body   A3-LYS 0 ,  A47-ASH 1 ,  A48-GLH 5 :       0.00141364 at      1.777 Ang (1.649 Ang by residue) in 8.2070 (sec).
 3-Body   A3-LYS 0 ,  A47-ASH 1 ,  A48-GLH 8 :       0.00289978 at      1.777 Ang (1.649 Ang by residue) in 8.5094 (sec).
 3-Body   A3-LYS 0 ,  A47-ASH 1 ,  A48-GLH 9 :       0.00389601 at      1.777 Ang (1.649 Ang by residue) in 8.4949 (sec).
 3-Body   A3-LYS 0 ,  A47-ASH 1 ,  A48-GLH 12:       0.00181782 at      1.777 Ang (1.649 Ang by residue) in 8.1338 (sec).
 3-Body   A3-LYS 0 ,  A47-ASH 1 ,  A48-GLH 13:       0.00155618 at      1.777 Ang (1.649 Ang by residue) in 7.3079 (sec).
 3-Body   A3-LYS 0 ,  A47-ASH 1 ,  A48-GLH 16:       0.00280413 at      1.777 Ang (1.649 Ang by residue) in 8.3241 (sec).
 3-Body   A3-LYS 0 ,  A47-ASH 1 ,  A48-GLH 17:       0.00348085 at      1.777 Ang (1.649 Ang by residue) in 8.3040 (sec).
 3-Body   A3-LYS 0 ,  A47-ASH 1 ,  A48-GLH 20:       0.00136907 at      1.777 Ang (1.649 Ang by residue) in 7.5705 (sec).
 3-Body   A3-LYS 0 ,  A47-ASH 1 ,  A48-GLH 21:       0.00149821 at      1.777 Ang (1.649 Ang by residue) in 6.5027 (sec).
 3-Body   A3-LYS 0 ,  A47-ASH 1 ,  A48-GLH 24:       0.00344947 at      1.777 Ang (1.649 Ang by residue) in 9.4988 (sec).
 3-Body   A3-LYS 0 ,  A47-ASH 1 ,  A48-GLH 25:       0.00555687 at      1.777 Ang (1.649 Ang by residue) in 7.3687 (sec).
 3-Body   A3-LYS 0 ,  A47-ASH 1 ,  A48-GLH 29:       0.00244235 at      1.777 Ang (1.649 Ang by residue) in 11.6854 (sec).
 3-Body   A3-LYS 0 ,  A47-ASH 1 ,  A48-GLH 32:       0.00355287 at      1.777 Ang (1.649 Ang by residue) in 7.6672 (sec).
 3-Body   A3-LYS 0 ,  A47-ASH 1 ,  A48-GLH 33:       0.00380495 at      1.777 Ang (1.649 Ang by residue) in 8.9311 (sec).
 3-Body   A3-LYS 0 ,  A47-ASH 1 ,  A48-GLU 36:      -0.00107393 at      1.777 Ang (1.649 Ang by residue) in 9.5501 (sec).
 3-Body   A3-LYS 0 ,  A47-ASH 1 ,  A48-GLU 37:      -0.00070905 at      1.777 Ang (1.649 Ang by residue) in 8.3688 (sec).
 3-Body   A3-LYS 0 ,  A47-ASH 1 ,  A48-GLU 40:      -0.00132128 at      1.777 Ang (1.649 Ang by residue) in 8.8420 (sec).
 3-Body   A3-LYS 0 ,  A47-ASH 1 ,  A48-GLU 41:      -0.00137062 at      1.777 Ang (1.649 Ang by residue) in 8.1140 (sec).
 3-Body   A3-LYS 0 ,  A47-ASH 4 ,  A48-GLU 0 :       0.00026362 at      1.857 Ang (1.649 Ang by residue) in 8.8089 (sec).
 3-Body   A3-LYS 0 ,  A47-ASH 4 ,  A48-GLH 1 :       0.00152434 at      1.857 Ang (1.649 Ang by residue) in 7.7537 (sec).
 3-Body   A3-LYS 0 ,  A47-ASH 4 ,  A48-GLH 4 :       0.00101312 at      1.857 Ang (1.649 Ang by residue) in 10.1942 (sec).
 3-Body   A3-LYS 0 ,  A47-ASH 4 ,  A48-GLH 5 :       0.00086607 at      1.857 Ang (1.649 Ang by residue) in 8.7854 (sec).
 3-Body   A3-LYS 0 ,  A47-ASH 4 ,  A48-GLH 8 :       0.00154089 at      1.857 Ang (1.649 Ang by residue) in 7.4817 (sec).
 3-Body   A3-LYS 0 ,  A47-ASH 4 ,  A48-GLH 9 :       0.00265513 at      1.857 Ang (1.649 Ang by residue) in 8.7337 (sec).
 3-Body   A3-LYS 0 ,  A47-ASH 4 ,  A48-GLH 12:       0.00119762 at      1.857 Ang (1.649 Ang by residue) in 7.4756 (sec).
 3-Body   A3-LYS 0 ,  A47-ASH 4 ,  A48-GLH 13:       0.00088482 at      1.857 Ang (1.649 Ang by residue) in 9.3195 (sec).
 3-Body   A3-LYS 0 ,  A47-ASH 4 ,  A48-GLH 16:       0.00151789 at      1.857 Ang (1.649 Ang by residue) in 7.7953 (sec).
 3-Body   A3-LYS 0 ,  A47-ASH 4 ,  A48-GLH 17:       0.00236011 at      1.857 Ang (1.649 Ang by residue) in 7.4281 (sec).
 3-Body   A3-LYS 0 ,  A47-ASH 4 ,  A48-GLH 20:       0.00101583 at      1.857 Ang (1.649 Ang by residue) in 9.2885 (sec).
 3-Body   A3-LYS 0 ,  A47-ASH 4 ,  A48-GLH 21:       0.00089393 at      1.857 Ang (1.649 Ang by residue) in 8.0032 (sec).
 3-Body   A3-LYS 0 ,  A47-ASH 4 ,  A48-GLH 24:       0.00175182 at      1.857 Ang (1.649 Ang by residue) in 7.9073 (sec).
 3-Body   A3-LYS 0 ,  A47-ASH 4 ,  A48-GLH 25:       0.00379389 at      1.857 Ang (1.649 Ang by residue) in 6.1377 (sec).
 3-Body   A3-LYS 0 ,  A47-ASH 4 ,  A48-GLH 29:       0.00132329 at      1.857 Ang (1.649 Ang by residue) in 6.0952 (sec).
 3-Body   A3-LYS 0 ,  A47-ASH 4 ,  A48-GLH 32:       0.00194051 at      1.857 Ang (1.649 Ang by residue) in 7.7698 (sec).
 3-Body   A3-LYS 0 ,  A47-ASH 4 ,  A48-GLH 33:       0.00258524 at      1.857 Ang (1.649 Ang by residue) in 6.7430 (sec).
 3-Body   A3-LYS 0 ,  A47-ASH 4 ,  A48-GLU 36:       0.00068021 at      1.857 Ang (1.649 Ang by residue) in 5.6725 (sec).
 3-Body   A3-LYS 0 ,  A47-ASH 4 ,  A48-GLU 37:       0.00059579 at      1.857 Ang (1.649 Ang by residue) in 5.6154 (sec).
 3-Body   A3-LYS 0 ,  A47-ASH 4 ,  A48-GLU 40:       0.00026433 at      1.857 Ang (1.649 Ang by residue) in 5.4543 (sec).
 3-Body   A3-LYS 0 ,  A47-ASH 4 ,  A48-GLU 41:       0.00074377 at      1.857 Ang (1.649 Ang by residue) in 5.4489 (sec).
 3-Body   A3-LYS 0 ,  A47-ASH 5 ,  A48-GLU 0 :       0.00006098 at      1.857 Ang (1.649 Ang by residue) in 5.6032 (sec).
 3-Body   A3-LYS 0 ,  A47-ASH 5 ,  A48-GLH 1 :       0.00149334 at      1.857 Ang (1.649 Ang by residue) in 5.9902 (sec).
 3-Body   A3-LYS 0 ,  A47-ASH 5 ,  A48-GLH 4 :       0.00085608 at      1.857 Ang (1.649 Ang by residue) in 5.1542 (sec).
 3-Body   A3-LYS 0 ,  A47-ASH 5 ,  A48-GLH 5 :       0.00076514 at      1.857 Ang (1.649 Ang by residue) in 5.1745 (sec).
 3-Body   A3-LYS 0 ,  A47-ASH 5 ,  A48-GLH 8 :       0.00152030 at      1.857 Ang (1.649 Ang by residue) in 5.8506 (sec).
 3-Body   A3-LYS 0 ,  A47-ASH 5 ,  A48-GLH 9 :       0.00263719 at      1.857 Ang (1.649 Ang by residue) in 5.5192 (sec).
 3-Body   A3-LYS 0 ,  A47-ASH 5 ,  A48-GLH 12:       0.00108236 at      1.857 Ang (1.649 Ang by residue) in 5.4931 (sec).
 3-Body   A3-LYS 0 ,  A47-ASH 5 ,  A48-GLH 13:       0.00078603 at      1.857 Ang (1.649 Ang by residue) in 5.7862 (sec).
 3-Body   A3-LYS 0 ,  A47-ASH 5 ,  A48-GLH 16:       0.00149005 at      1.857 Ang (1.649 Ang by residue) in 6.2246 (sec).
 3-Body   A3-LYS 0 ,  A47-ASH 5 ,  A48-GLH 17:       0.00220878 at      1.857 Ang (1.649 Ang by residue) in 9.4556 (sec).
 3-Body   A3-LYS 0 ,  A47-ASH 5 ,  A48-GLH 20:       0.00084500 at      1.857 Ang (1.649 Ang by residue) in 7.2260 (sec).
 3-Body   A3-LYS 0 ,  A47-ASH 5 ,  A48-GLH 21:       0.00079817 at      1.857 Ang (1.649 Ang by residue) in 7.0395 (sec).
 3-Body   A3-LYS 0 ,  A47-ASH 5 ,  A48-GLH 24:       0.00177239 at      1.857 Ang (1.649 Ang by residue) in 7.1052 (sec).
 3-Body   A3-LYS 0 ,  A47-ASH 5 ,  A48-GLH 25:       0.00400914 at      1.857 Ang (1.649 Ang by residue) in 7.3948 (sec).
 3-Body   A3-LYS 0 ,  A47-ASH 5 ,  A48-GLH 29:       0.00122906 at      1.857 Ang (1.649 Ang by residue) in 7.1306 (sec).
 3-Body   A3-LYS 0 ,  A47-ASH 5 ,  A48-GLH 32:       0.00190752 at      1.857 Ang (1.649 Ang by residue) in 7.3284 (sec).
 3-Body   A3-LYS 0 ,  A47-ASH 5 ,  A48-GLH 33:       0.00239620 at      1.857 Ang (1.649 Ang by residue) in 10.2106 (sec).
 3-Body   A3-LYS 0 ,  A47-ASH 5 ,  A48-GLU 36:       0.00033167 at      1.857 Ang (1.649 Ang by residue) in 6.6421 (sec).
 3-Body   A3-LYS 0 ,  A47-ASH 5 ,  A48-GLU 37:       0.00037878 at      1.857 Ang (1.649 Ang by residue) in 6.7823 (sec).
 3-Body   A3-LYS 0 ,  A47-ASH 5 ,  A48-GLU 40:       0.00006157 at      1.857 Ang (1.649 Ang by residue) in 5.6515 (sec).
 3-Body   A3-LYS 0 ,  A47-ASH 5 ,  A48-GLU 41:       0.00021881 at      1.857 Ang (1.649 Ang by residue) in 5.8528 (sec).
 3-Body   A3-LYS 0 ,  A47-ASH 6 ,  A48-GLU 0 :      -0.00176343 at      1.768 Ang (1.649 Ang by residue) in 5.8442 (sec).
 3-Body   A3-LYS 0 ,  A47-ASH 6 ,  A48-GLH 1 :       0.00272498 at      1.768 Ang (1.649 Ang by residue) in 5.5327 (sec).
 3-Body   A3-LYS 0 ,  A47-ASH 6 ,  A48-GLH 4 :       0.00146822 at      1.768 Ang (1.649 Ang by residue) in 5.6624 (sec).
 3-Body   A3-LYS 0 ,  A47-ASH 6 ,  A48-GLH 5 :       0.00139317 at      1.768 Ang (1.649 Ang by residue) in 6.7032 (sec).
 3-Body   A3-LYS 0 ,  A47-ASH 6 ,  A48-GLH 8 :       0.00292202 at      1.768 Ang (1.649 Ang by residue) in 6.1174 (sec).
 3-Body   A3-LYS 0 ,  A47-ASH 6 ,  A48-GLH 9 :       0.00396079 at      1.768 Ang (1.649 Ang by residue) in 5.5622 (sec).
 3-Body   A3-LYS 0 ,  A47-ASH 6 ,  A48-GLH 12:       0.00186946 at      1.768 Ang (1.649 Ang by residue) in 5.8161 (sec).
 3-Body   A3-LYS 0 ,  A47-ASH 6 ,  A48-GLH 13:       0.00158673 at      1.768 Ang (1.649 Ang by residue) in 5.5676 (sec).
 3-Body   A3-LYS 0 ,  A47-ASH 6 ,  A48-GLH 16:       0.00283194 at      1.768 Ang (1.649 Ang by residue) in 5.0735 (sec).
 3-Body   A3-LYS 0 ,  A47-ASH 6 ,  A48-GLH 17:       0.00356897 at      1.768 Ang (1.649 Ang by residue) in 6.0036 (sec).
 3-Body   A3-LYS 0 ,  A47-ASH 6 ,  A48-GLH 20:       0.00148013 at      1.768 Ang (1.649 Ang by residue) in 4.4937 (sec).
 3-Body   A3-LYS 0 ,  A47-ASH 6 ,  A48-GLH 21:       0.00145128 at      1.768 Ang (1.649 Ang by residue) in 4.4237 (sec).
 3-Body   A3-LYS 0 ,  A47-ASH 6 ,  A48-GLH 24:       0.00344169 at      1.768 Ang (1.649 Ang by residue) in 4.1302 (sec).
 3-Body   A3-LYS 0 ,  A47-ASH 6 ,  A48-GLH 25:       0.00569126 at      1.768 Ang (1.649 Ang by residue) in 4.1709 (sec).
 3-Body   A3-LYS 0 ,  A47-ASH 6 ,  A48-GLH 29:       0.00253762 at      1.768 Ang (1.649 Ang by residue) in 4.5519 (sec).
 3-Body   A3-LYS 0 ,  A47-ASH 6 ,  A48-GLH 32:       0.00361552 at      1.768 Ang (1.649 Ang by residue) in 4.2813 (sec).
 3-Body   A3-LYS 0 ,  A47-ASH 6 ,  A48-GLH 33:       0.00398525 at      1.768 Ang (1.649 Ang by residue) in 4.4483 (sec).
 3-Body   A3-LYS 0 ,  A47-ASH 6 ,  A48-GLU 36:      -0.00105217 at      1.768 Ang (1.649 Ang by residue) in 4.6635 (sec).
 3-Body   A3-LYS 0 ,  A47-ASH 6 ,  A48-GLU 37:      -0.00100396 at      1.768 Ang (1.649 Ang by residue) in 4.5976 (sec).
 3-Body   A3-LYS 0 ,  A47-ASH 6 ,  A48-GLU 40:      -0.00171052 at      1.768 Ang (1.649 Ang by residue) in 4.4314 (sec).
 3-Body   A3-LYS 0 ,  A47-ASH 6 ,  A48-GLU 41:      -0.00129570 at      1.768 Ang (1.649 Ang by residue) in 4.3962 (sec).
 3-Body   A3-LYS 0 ,  A47-ASH 9 ,  A48-GLU 0 :       0.00034770 at      1.857 Ang (1.649 Ang by residue) in 4.1437 (sec).
 3-Body   A3-LYS 0 ,  A47-ASH 9 ,  A48-GLH 1 :       0.00163097 at      1.857 Ang (1.649 Ang by residue) in 4.2232 (sec).
 3-Body   A3-LYS 0 ,  A47-ASH 9 ,  A48-GLH 4 :       0.00111264 at      1.857 Ang (1.649 Ang by residue) in 3.9571 (sec).
 3-Body   A3-LYS 0 ,  A47-ASH 9 ,  A48-GLH 5 :       0.00094672 at      1.857 Ang (1.649 Ang by residue) in 3.7545 (sec).
 3-Body   A3-LYS 0 ,  A47-ASH 9 ,  A48-GLH 8 :       0.00164726 at      1.857 Ang (1.649 Ang by residue) in 4.5271 (sec).
 3-Body   A3-LYS 0 ,  A47-ASH 9 ,  A48-GLH 9 :       0.00281790 at      1.857 Ang (1.649 Ang by residue) in 4.5197 (sec).
 3-Body   A3-LYS 0 ,  A47-ASH 9 ,  A48-GLH 12:       0.00130319 at      1.857 Ang (1.649 Ang by residue) in 3.5775 (sec).
 3-Body   A3-LYS 0 ,  A47-ASH 9 ,  A48-GLH 13:       0.00096679 at      1.857 Ang (1.649 Ang by residue) in 3.4372 (sec).
 3-Body   A3-LYS 0 ,  A47-ASH 9 ,  A48-GLH 16:       0.00162393 at      1.857 Ang (1.649 Ang by residue) in 3.6087 (sec).
 3-Body   A3-LYS 0 ,  A47-ASH 9 ,  A48-GLH 17:       0.00253936 at      1.857 Ang (1.649 Ang by residue) in 4.1701 (sec).
 3-Body   A3-LYS 0 ,  A47-ASH 9 ,  A48-GLH 20:       0.00111550 at      1.857 Ang (1.649 Ang by residue) in 3.9647 (sec).
 3-Body   A3-LYS 0 ,  A47-ASH 9 ,  A48-GLH 21:       0.00097577 at      1.857 Ang (1.649 Ang by residue) in 3.9302 (sec).
 3-Body   A3-LYS 0 ,  A47-ASH 9 ,  A48-GLH 24:       0.00185500 at      1.857 Ang (1.649 Ang by residue) in 4.1868 (sec).
 3-Body   A3-LYS 0 ,  A47-ASH 9 ,  A48-GLH 25:       0.00391627 at      1.857 Ang (1.649 Ang by residue) in 3.9687 (sec).
 3-Body   A3-LYS 0 ,  A47-ASH 9 ,  A48-GLH 29:       0.00142189 at      1.857 Ang (1.649 Ang by residue) in 4.2756 (sec).
 3-Body   A3-LYS 0 ,  A47-ASH 9 ,  A48-GLH 32:       0.00206264 at      1.857 Ang (1.649 Ang by residue) in 3.9930 (sec).
 3-Body   A3-LYS 0 ,  A47-ASH 9 ,  A48-GLH 33:       0.00277466 at      1.857 Ang (1.649 Ang by residue) in 3.8639 (sec).
 3-Body   A3-LYS 0 ,  A47-ASH 9 ,  A48-GLU 36:       0.00076526 at      1.857 Ang (1.649 Ang by residue) in 3.8326 (sec).
 3-Body   A3-LYS 0 ,  A47-ASH 9 ,  A48-GLU 37:       0.00066118 at      1.857 Ang (1.649 Ang by residue) in 3.8711 (sec).
 3-Body   A3-LYS 0 ,  A47-ASH 9 ,  A48-GLU 40:       0.00035004 at      1.857 Ang (1.649 Ang by residue) in 4.0630 (sec).
 3-Body   A3-LYS 0 ,  A47-ASH 9 ,  A48-GLU 41:       0.00092320 at      1.857 Ang (1.649 Ang by residue) in 3.9075 (sec).
 3-Body   A3-LYS 0 ,  A47-ASH 10,  A48-GLU 0 :       0.00000624 at      1.857 Ang (1.649 Ang by residue) in 3.9510 (sec).
 3-Body   A3-LYS 0 ,  A47-ASH 10,  A48-GLH 1 :       0.00144503 at      1.857 Ang (1.649 Ang by residue) in 3.9828 (sec).
 3-Body   A3-LYS 0 ,  A47-ASH 10,  A48-GLH 4 :       0.00084857 at      1.857 Ang (1.649 Ang by residue) in 3.8995 (sec).
 3-Body   A3-LYS 0 ,  A47-ASH 10,  A48-GLH 5 :       0.00074143 at      1.857 Ang (1.649 Ang by residue) in 3.9527 (sec).
 3-Body   A3-LYS 0 ,  A47-ASH 10,  A48-GLH 8 :       0.00147544 at      1.857 Ang (1.649 Ang by residue) in 3.7943 (sec).
 3-Body   A3-LYS 0 ,  A47-ASH 10,  A48-GLH 9 :       0.00257638 at      1.857 Ang (1.649 Ang by residue) in 3.3957 (sec).
 3-Body   A3-LYS 0 ,  A47-ASH 10,  A48-GLH 12:       0.00106001 at      1.857 Ang (1.649 Ang by residue) in 3.4190 (sec).
 3-Body   A3-LYS 0 ,  A47-ASH 10,  A48-GLH 13:       0.00076569 at      1.857 Ang (1.649 Ang by residue) in 3.6063 (sec).
 3-Body   A3-LYS 0 ,  A47-ASH 10,  A48-GLH 16:       0.00144434 at      1.857 Ang (1.649 Ang by residue) in 4.0719 (sec).
 3-Body   A3-LYS 0 ,  A47-ASH 10,  A48-GLH 17:       0.00223192 at      1.857 Ang (1.649 Ang by residue) in 4.0116 (sec).
 3-Body   A3-LYS 0 ,  A47-ASH 10,  A48-GLH 20:       0.00083975 at      1.857 Ang (1.649 Ang by residue) in 4.2287 (sec).
 3-Body   A3-LYS 0 ,  A47-ASH 10,  A48-GLH 21:       0.00077284 at      1.857 Ang (1.649 Ang by residue) in 3.9808 (sec).
 3-Body   A3-LYS 0 ,  A47-ASH 10,  A48-GLH 24:       0.00172250 at      1.857 Ang (1.649 Ang by residue) in 3.8847 (sec).
 3-Body   A3-LYS 0 ,  A47-ASH 10,  A48-GLH 25:       0.00383585 at      1.857 Ang (1.649 Ang by residue) in 4.0304 (sec).
 3-Body   A3-LYS 0 ,  A47-ASH 10,  A48-GLH 29:       0.00120699 at      1.857 Ang (1.649 Ang by residue) in 3.8329 (sec).
 3-Body   A3-LYS 0 ,  A47-ASH 10,  A48-GLH 32:       0.00185888 at      1.857 Ang (1.649 Ang by residue) in 3.3279 (sec).
 3-Body   A3-LYS 0 ,  A47-ASH 10,  A48-GLH 33:       0.00242689 at      1.857 Ang (1.649 Ang by residue) in 3.3138 (sec).
 3-Body   A3-LYS 0 ,  A47-ASH 10,  A48-GLU 36:       0.00033492 at      1.857 Ang (1.649 Ang by residue) in 3.3424 (sec).
 3-Body   A3-LYS 0 ,  A47-ASH 10,  A48-GLU 37:       0.00033806 at      1.857 Ang (1.649 Ang by residue) in 3.6621 (sec).
 3-Body   A3-LYS 0 ,  A47-ASH 10,  A48-GLU 40:       0.00000845 at      1.857 Ang (1.649 Ang by residue) in 4.2739 (sec).
 3-Body   A3-LYS 0 ,  A47-ASH 10,  A48-GLU 41:       0.00035881 at      1.857 Ang (1.649 Ang by residue) in 3.6699 (sec).
 3-Body   A3-LYS 0 ,  A47-ASH 11,  A48-GLU 0 :       0.00023527 at      1.742 Ang (1.649 Ang by residue) in 3.7881 (sec).
 3-Body   A3-LYS 0 ,  A47-ASH 11,  A48-GLH 1 :       0.00354594 at      1.742 Ang (1.649 Ang by residue) in 3.6582 (sec).
 3-Body   A3-LYS 0 ,  A47-ASH 11,  A48-GLH 4 :       0.00229030 at      1.742 Ang (1.649 Ang by residue) in 3.6099 (sec).
 3-Body   A3-LYS 0 ,  A47-ASH 11,  A48-GLH 5 :       0.00205569 at      1.742 Ang (1.649 Ang by residue) in 3.2863 (sec).
 3-Body   A3-LYS 0 ,  A47-ASH 11,  A48-GLH 8 :       0.00364042 at      1.742 Ang (1.649 Ang by residue) in 3.3725 (sec).
 3-Body   A3-LYS 0 ,  A47-ASH 11,  A48-GLH 9 :       0.00493911 at      1.742 Ang (1.649 Ang by residue) in 3.3890 (sec).
 3-Body   A3-LYS 0 ,  A47-ASH 11,  A48-GLH 12:       0.00254980 at      1.742 Ang (1.649 Ang by residue) in 3.4457 (sec).
 3-Body   A3-LYS 0 ,  A47-ASH 11,  A48-GLH 13:       0.00217004 at      1.742 Ang (1.649 Ang by residue) in 3.3580 (sec).
 3-Body   A3-LYS 0 ,  A47-ASH 11,  A48-GLH 16:       0.00361707 at      1.742 Ang (1.649 Ang by residue) in 3.4527 (sec).
 3-Body   A3-LYS 0 ,  A47-ASH 11,  A48-GLH 17:       0.00471996 at      1.742 Ang (1.649 Ang by residue) in 3.5048 (sec).
 3-Body   A3-LYS 0 ,  A47-ASH 11,  A48-GLH 20:       0.00233595 at      1.742 Ang (1.649 Ang by residue) in 3.5003 (sec).
 3-Body   A3-LYS 0 ,  A47-ASH 11,  A48-GLH 21:       0.00215121 at      1.742 Ang (1.649 Ang by residue) in 3.5036 (sec).
 3-Body   A3-LYS 0 ,  A47-ASH 11,  A48-GLH 24:       0.00401539 at      1.742 Ang (1.649 Ang by residue) in 3.3481 (sec).
 3-Body   A3-LYS 0 ,  A47-ASH 11,  A48-GLH 25:       0.00646740 at      1.742 Ang (1.649 Ang by residue) in 3.3090 (sec).
 3-Body   A3-LYS 0 ,  A47-ASH 11,  A48-GLH 29:       0.00310175 at      1.742 Ang (1.649 Ang by residue) in 3.2904 (sec).
 3-Body   A3-LYS 0 ,  A47-ASH 11,  A48-GLH 32:       0.00450595 at      1.742 Ang (1.649 Ang by residue) in 3.4169 (sec).
 3-Body   A3-LYS 0 ,  A47-ASH 11,  A48-GLH 33:       0.00524819 at      1.742 Ang (1.649 Ang by residue) in 3.5778 (sec).
 3-Body   A3-LYS 0 ,  A47-ASH 11,  A48-GLU 36:       0.00077104 at      1.742 Ang (1.649 Ang by residue) in 4.1090 (sec).
 3-Body   A3-LYS 0 ,  A47-ASH 11,  A48-GLU 37:       0.00058822 at      1.742 Ang (1.649 Ang by residue) in 3.6402 (sec).
 3-Body   A3-LYS 0 ,  A47-ASH 11,  A48-GLU 40:       0.00029323 at      1.742 Ang (1.649 Ang by residue) in 3.7818 (sec).
 3-Body   A3-LYS 0 ,  A47-ASH 11,  A48-GLU 41:       0.00116649 at      1.742 Ang (1.649 Ang by residue) in 3.6576 (sec).
 3-Body   A3-LYS 0 ,  A47-ASH 14,  A48-GLU 0 :       0.00024405 at      1.857 Ang (1.649 Ang by residue) in 3.5888 (sec).
 3-Body   A3-LYS 0 ,  A47-ASH 14,  A48-GLH 1 :       0.00150243 at      1.857 Ang (1.649 Ang by residue) in 3.4572 (sec).
 3-Body   A3-LYS 0 ,  A47-ASH 14,  A48-GLH 4 :       0.00100354 at      1.857 Ang (1.649 Ang by residue) in 3.7824 (sec).
 3-Body   A3-LYS 0 ,  A47-ASH 14,  A48-GLH 5 :       0.00085534 at      1.857 Ang (1.649 Ang by residue) in 4.0522 (sec).
 3-Body   A3-LYS 0 ,  A47-ASH 14,  A48-GLH 8 :       0.00151827 at      1.857 Ang (1.649 Ang by residue) in 3.8812 (sec).
 3-Body   A3-LYS 0 ,  A47-ASH 14,  A48-GLH 9 :       0.00262452 at      1.857 Ang (1.649 Ang by residue) in 3.5573 (sec).
 3-Body   A3-LYS 0 ,  A47-ASH 14,  A48-GLH 12:       0.00118460 at      1.857 Ang (1.649 Ang by residue) in 3.8628 (sec).
 3-Body   A3-LYS 0 ,  A47-ASH 14,  A48-GLH 13:       0.00087375 at      1.857 Ang (1.649 Ang by residue) in 4.0183 (sec).
 3-Body   A3-LYS 0 ,  A47-ASH 14,  A48-GLH 16:       0.00149521 at      1.857 Ang (1.649 Ang by residue) in 3.8052 (sec).
 3-Body   A3-LYS 0 ,  A47-ASH 14,  A48-GLH 17:       0.00234189 at      1.857 Ang (1.649 Ang by residue) in 3.7216 (sec).
 3-Body   A3-LYS 0 ,  A47-ASH 14,  A48-GLH 20:       0.00100714 at      1.857 Ang (1.649 Ang by residue) in 3.2394 (sec).
 3-Body   A3-LYS 0 ,  A47-ASH 14,  A48-GLH 21:       0.00088331 at      1.857 Ang (1.649 Ang by residue) in 3.1800 (sec).
 3-Body   A3-LYS 0 ,  A47-ASH 14,  A48-GLH 24:       0.00172950 at      1.857 Ang (1.649 Ang by residue) in 3.1668 (sec).
 3-Body   A3-LYS 0 ,  A47-ASH 14,  A48-GLH 25:       0.00378303 at      1.857 Ang (1.649 Ang by residue) in 3.1436 (sec).
 3-Body   A3-LYS 0 ,  A47-ASH 14,  A48-GLH 29:       0.00131318 at      1.857 Ang (1.649 Ang by residue) in 3.1807 (sec).
 3-Body   A3-LYS 0 ,  A47-ASH 14,  A48-GLH 32:       0.00191957 at      1.857 Ang (1.649 Ang by residue) in 3.2118 (sec).
 3-Body   A3-LYS 0 ,  A47-ASH 14,  A48-GLH 33:       0.00257051 at      1.857 Ang (1.649 Ang by residue) in 3.2026 (sec).
 3-Body   A3-LYS 0 ,  A47-ASH 14,  A48-GLU 36:       0.00067887 at      1.857 Ang (1.649 Ang by residue) in 3.1557 (sec).
 3-Body   A3-LYS 0 ,  A47-ASH 14,  A48-GLU 37:       0.00058995 at      1.857 Ang (1.649 Ang by residue) in 3.1963 (sec).
 3-Body   A3-LYS 0 ,  A47-ASH 14,  A48-GLU 40:       0.00024390 at      1.857 Ang (1.649 Ang by residue) in 3.1343 (sec).
 3-Body   A3-LYS 0 ,  A47-ASH 14,  A48-GLU 41:       0.00074557 at      1.857 Ang (1.649 Ang by residue) in 3.1591 (sec).
 3-Body   A3-LYS 0 ,  A47-ASH 15,  A48-GLU 0 :      -0.00023565 at      1.857 Ang (1.649 Ang by residue) in 3.1705 (sec).
 3-Body   A3-LYS 0 ,  A47-ASH 15,  A48-GLH 1 :       0.00131280 at      1.857 Ang (1.649 Ang by residue) in 3.1550 (sec).
 3-Body   A3-LYS 0 ,  A47-ASH 15,  A48-GLH 4 :       0.00078030 at      1.857 Ang (1.649 Ang by residue) in 3.1621 (sec).
 3-Body   A3-LYS 0 ,  A47-ASH 15,  A48-GLH 5 :       0.00069407 at      1.857 Ang (1.649 Ang by residue) in 3.1520 (sec).
 3-Body   A3-LYS 0 ,  A47-ASH 15,  A48-GLH 8 :       0.00133231 at      1.857 Ang (1.649 Ang by residue) in 3.2037 (sec).
 3-Body   A3-LYS 0 ,  A47-ASH 15,  A48-GLH 9 :       0.00239027 at      1.857 Ang (1.649 Ang by residue) in 3.1632 (sec).
 3-Body   A3-LYS 0 ,  A47-ASH 15,  A48-GLH 12:       0.00100309 at      1.857 Ang (1.649 Ang by residue) in 3.1606 (sec).
 3-Body   A3-LYS 0 ,  A47-ASH 15,  A48-GLH 13:       0.00071533 at      1.857 Ang (1.649 Ang by residue) in 3.1751 (sec).
 3-Body   A3-LYS 0 ,  A47-ASH 15,  A48-GLH 16:       0.00129857 at      1.857 Ang (1.649 Ang by residue) in 3.1400 (sec).
 3-Body   A3-LYS 0 ,  A47-ASH 15,  A48-GLH 17:       0.00194837 at      1.857 Ang (1.649 Ang by residue) in 3.1791 (sec).
 3-Body   A3-LYS 0 ,  A47-ASH 15,  A48-GLH 20:       0.00077084 at      1.857 Ang (1.649 Ang by residue) in 3.1539 (sec).
 3-Body   A3-LYS 0 ,  A47-ASH 15,  A48-GLH 21:       0.00072630 at      1.857 Ang (1.649 Ang by residue) in 3.1793 (sec).
 3-Body   A3-LYS 0 ,  A47-ASH 15,  A48-GLH 24:       0.00163477 at      1.857 Ang (1.649 Ang by residue) in 3.1632 (sec).
 3-Body   A3-LYS 0 ,  A47-ASH 15,  A48-GLH 25:       0.00449178 at      1.857 Ang (1.649 Ang by residue) in 3.1524 (sec).
