 Evaluating /Dedicated/schnieders/programs/stack-2021.1.sh
  Loading Modules
   Stack 2021.1
   GCC 9.3.0
   CMake 3.20.0
   Eigen 3.3.9
   Cuda 11.1.1
   Cuda: /usr/share/apps/2021.1/arch/gcc-9.3.0/cuda-11.1.1
   CudaNN 8.0.5.39-11.1
   Swig 4.0.2_gcc-9.3.0
  Loading software from /Dedicated/schnieders/programs/local
   Ant: /Dedicated/schnieders/programs/apache-ant-1.10.11
   FFX: /Dedicated/schnieders/programs/ffx-builds/forcefieldx-2026-01-04
   GDMA: /Dedicated/schnieders/programs/gdma-2.3
   Groovy: /Dedicated/schnieders/programs/groovy-4.0.1
   Java: /Dedicated/schnieders/programs/jdk-25.0.1
   Maven: /Dedicated/schnieders/programs/apache-maven-3.9.5
   VMD: /Dedicated/schnieders/programs/vmd
   NAMD: /Dedicated/schnieders/programs/NAMD_3.0alpha7_Linux-x86_64-multicore-CUDA
   OpenEye: /Dedicated/schnieders/programs/OpenEye
   Tinker: /Dedicated/schnieders/programs/tinker-tools
=== Titration pH 6.45 started: Fri May  8 15:01:25 CDT 2026 ===
  Copy already exists, skipping.
WARNING: Using incubator modules: jdk.incubator.vector
  Restart file found: /Dedicated/schnieders/maemmad/pKa_GNN/ffx_pipeline/data/fixed_pdbs/3EVQ/3EVQ_pH6.45.restart — adding --eR
WARNING: Using incubator modules: jdk.incubator.vector
 _________________________________________________________________________

        FORCE FIELD X - Polyglot Software for Molecular Biophysics 

        Version 1.0.0-6947  April 2026 
        Git Revision  519408079905b3dd4b967041b75b836f63fb563f 
 
        Please cite the following reference when using Force Field X:

        RA Gogal, AJ Nessler, AC Thiel, HV Bernabe, RA Corrigan Grove,
        LM Cousineau, JM Litman, JM Miller, G Qi, MJ Speranza,
        MR Tollefson, TD Fenn, JJ Michaelson, O Okada, JP Piquemal,
        JW Ponder, J Shen, RJH Smith, W Yang, P Ren and MJ Schnieders,
        2024, Journal of Chemical Physics, 161 (1).

        Copyright (c)  Michael J. Schnieders  2001-2025
        All Rights Reserved

        Force Field X is distributed under the GPL v. 3 license
        with linking exception and is hosted by the Schnieders Lab
        at The University of Iowa.

        User Manual:   https://ffx.biochem.uiowa.edu/manual.html
        Publications:  https://ffx.biochem.uiowa.edu/publications.html
        License:       https://ffx.biochem.uiowa.edu/licenses.html

 _________________________________________________________________________

 Fri May 08 15:01:59 CDT 2026
 Process ID 96792 on argon-itf-bx45-07.hpc.

 Command line arguments:
 [ManyBody, --tR, --pH, 6.45, --oT, -T, --kPH, 3.0, --eR, /Dedicated/schnieders/maemmad/pKa_GNN/ffx_pipeline/data/fixed_pdbs/3EVQ/3EVQ_pH6.45.restart, /Dedicated/schnieders/maemmad/pKa_GNN/ffx_pipeline/data/fixed_pdbs/3EVQ/3EVQ_pH6.45.pdb]

 Executing internal command: ffx.algorithms.commands.ManyBody

 Parsing: Internal force field (amoeba-bio-2018-cphmd).
 Parsing: Structure properties from (/Dedicated/schnieders/maemmad/pKa_GNN/ffx_pipeline/data/fixed_pdbs/3EVQ/titrate.properties).
 Parsing: JVM system properties (i.e. command line -Dkey=value pairs).

 Attempting to read force field patch from /Dedicated/schnieders/maemmad/pKa_GNN/naphosphate_solute.09Feb21.prm.

 Renumbering Patch: FALSE
 Reading 3EVQ_pH6.45.pdb

 Assigning atom types for 1 chains.
 Amino acid chain A
 Constructing Force Field AMOEBA-BIO-2018-CPHMD

 SMP threads:                                20
 The system will be treated as aperiodic (max separation =   49.8 A).

 Bonded Terms
  Bonds:                                   2114
  Angles:                                  3842
  Stretch-Bends:                           3372
  Out-of-Plane Bends:                      1206
  Torsions:                                5606
  Pi-Orbital Torsions:                      225
  Torsion-Torsions:                           9

 Non-Bonded Terms

  Van der Waals
   Cut-Off:                                NONE
   Long-Range Correction:                 FALSE

 Electrostatics
   Polarization:                         MUTUAL
    SCF Convergence Criteria:         1.000e-06
    SCF Predictor:                         NONE
    SCF Algorithm:                           CG
    CG Preconditioner Cut-Off:            4.500
    CG Preconditioner Ewald Coeff.:       0.000
    CG Preconditioner Scale:              2.000
    CG Preconditioner Mode:     FLETCHER_REEVES
    Electrostatics Cut-Off:                NONE

  Continuum Solvation
   Radii:                                SOLUTE
   Generalized Kirkwood Cut-Off:           NONE
   GKC:                                  2.4550
   Solvent Dielectric:                  78.3000
   Solute Dielectric:                    2.0000
   Descreen with vdW Radii:                TRUE
   Descreen with Hydrogen Atoms:          FALSE
   Descreen Offset:                      0.0000
   General HCT Scale Factor:             0.7200
   Non-Polar Model:                  GAUSS-DISP
    GaussVol Radii Offset:               0.0000
    GaussVol Radii Scale:                1.0000
   Dispersion Integral Offset:           1.0560 (A)
   Cavitation Solvent Pressure:          0.0334 (Kcal/mol/A^3)
   Cavitation Surface Tension:           0.1030 (Kcal/mol/A^2)
   Cavitation Cross-Over Radius:         9.2515 (A)

  Overall system charge:                  7.000

 Opened 3EVQ_pH6.45.pdb in 0.717 sec.

 System Resources
  Total CPU time:          13.01 (sec)
  System load average:      0.17
  Open file handles:         146 of  81920 allowed
  System memory:          158595 MB free out of 159920 MB
  System swap space:        2053 MB free out of   2053 MB
  JVM memory:               4029 MB free out of   4096 MB

 Adding titration hydrogen to : /Dedicated/schnieders/maemmad/pKa_GNN/ffx_pipeline/data/fixed_pdbs/3EVQ/3EVQ_pH6.45.pdb

 Reading 3EVQ_pH6.45.pdb

 Assigning atom types for 1 chains.
 Amino acid chain A
 Renumbering PDB file due to built atoms (2114 vs 2096)
 Total number of atoms: 2114

 Constructing Force Field AMOEBA-BIO-2018-CPHMD

 SMP threads:                                20
 The system will be treated as aperiodic (max separation =   49.8 A).

 Bonded Terms
  Bonds:                                   2132
  Angles:                                  3860
  Stretch-Bends:                           3372
  Out-of-Plane Bends:                      1206
  Torsions:                                5642
  Pi-Orbital Torsions:                      225
  Torsion-Torsions:                           9

 Non-Bonded Terms

  Van der Waals
   Cut-Off:                                NONE
   Long-Range Correction:                 FALSE

 Electrostatics
   Polarization:                         MUTUAL
    SCF Convergence Criteria:         1.000e-06
    SCF Predictor:                         NONE
    SCF Algorithm:                           CG
    CG Preconditioner Cut-Off:            4.500
    CG Preconditioner Ewald Coeff.:       0.000
    CG Preconditioner Scale:              2.000
    CG Preconditioner Mode:     FLETCHER_REEVES
    Electrostatics Cut-Off:                NONE

  Continuum Solvation
   Radii:                                SOLUTE
   Generalized Kirkwood Cut-Off:           NONE
   GKC:                                  2.4550
   Solvent Dielectric:                  78.3000
   Solute Dielectric:                    2.0000
   Descreen with vdW Radii:                TRUE
   Descreen with Hydrogen Atoms:          FALSE
   Descreen Offset:                      0.0000
   General HCT Scale Factor:             0.7200
   Non-Polar Model:                  GAUSS-DISP
    GaussVol Radii Offset:               0.0000
    GaussVol Radii Scale:                1.0000
   Dispersion Integral Offset:           1.0560 (A)
   Cavitation Solvent Pressure:          0.0334 (Kcal/mol/A^3)
   Cavitation Surface Tension:           0.1030 (Kcal/mol/A^2)
   Cavitation Cross-Over Radius:         9.2515 (A)

  Overall system charge:                 25.000
 Temperature: 298.150000

 Energy restart file: 3EVQ_pH6.45.restart

 Initial Potential Energy:
 Generalized Kirkwood  -3520.21989730      0.060
 Cavitation             1322.72143558      0.047
 Dispersion             -829.27973686      0.118

 Computed Potential Energy
  Bond Stretching            267.24817163         2132        0.001 ( 0.01775)
  Angle Bending              407.97367228         3860        0.004 ( 2.59638)
  Stretch-Bend                -3.90993386         3372        0.003
  Out-of-Plane Bend           19.12066801         1206        0.002
  Torsional Angle            135.47421640         5642        0.007
  Pi-Orbital Torsion          14.55295982          225        0.000
  Torsion-Torsion            -49.48569400            9        0.000
  Van der Waals              446.96112761      2227449        0.036
  Atomic Multipoles         1083.82116018      2227449
  Polarization              -164.20960773      2227449        0.670
  Solvation                -3026.77819858      2235555
  Total Potential           -869.23145824  (Kcal/mole)        0.724 (sec)

 Initial Rotamer Torsion Angles:

 Residue    Current Torsional Angles
 A    2-HIS   64.469  -78.265    0.000    0.000
 A    3-LYS  -63.423  154.913 -147.090  -71.250
 A    4-GLH  -59.382 -169.268   62.301    0.000
 A   10-LYS -164.609 -168.607  179.421   58.189
 A   13-ASH   76.582   14.350    0.000    0.000
 A   15-ASH   60.561   12.338    0.000    0.000
 A   18-LYS -165.606  167.149  161.673 -174.145
 A   19-GLH  -52.607 -176.349    5.793    0.000
 A   22-LYS  -63.935 -163.006  163.047 -177.906
 A   34-ASH -169.261   41.917    0.000    0.000
 A   37-GLH  -60.397  -62.239  -36.115    0.000
 A   40-GLH  -65.338  171.678   -5.140    0.000
 A   41-LYS  -67.003 -179.994 -179.980 -179.993
 A   45-GLH  -61.427   72.917    7.686    0.000
 A   51-LYS  178.840  177.569  176.712  158.600
 A   52-LYS -179.303  177.580  174.325 -179.685
 A   55-GLH  -72.721  179.076   -5.594    0.000
 A   58-LYS  -66.981 -179.988  179.968  179.983
 A   59-LYS -177.001 -179.999  179.991  179.988
 A   61-GLH  -55.741  176.950  -77.133    0.000
 A   63-GLH  179.952 -173.171   58.033    0.000
 A   65-ASH -152.435  -26.745    0.000    0.000
 A   66-LYS -177.008  179.997 -179.966 -179.957
 A   71-ASH   69.230    2.325    0.000    0.000
 A   72-LYS   65.634 -175.508 -178.603 -177.238
 A   83-ASH  -61.029   -0.706    0.000    0.000
 A   85-LYS  -67.000  179.997  180.000  179.998
 A   89-GLH -169.039 -170.988   -1.122    0.000
 A   98-LYS  -63.760 -175.937  176.309 -174.565
 A  104-LYS -176.990 -179.979  179.978  179.959
 A  109-HIS  -59.098  -45.850    0.000    0.000
 A  110-GLH  174.878 -174.874    9.280    0.000
 A  115-LYS -178.961   57.231  174.459  -64.686
 A  117-GLH -162.163 -171.109   75.268    0.000
 A  121-LYS  -89.502  154.854  142.213  160.467
 A  122-LYS -176.990  180.000  179.976  179.988
 A  123-GLH  -68.880  156.830   27.428    0.000
 A  124-LYS  -51.030  -66.412  173.059   61.621

 Rotamer Library:     Richardson
 Algorithm:           ALL
 Goldstein Criteria:  true
 Three-Body Energies: true


 Computing Residue Distance Matrix
 Built residue neighbor list:              0.005 sec
 Pairwise distance matrix:               136.172 sec

 Beginning Energy   -1861.33697226

     Residue  Nrot
   1   A2-HIS   27
   2   A3-LYS   56
   3   A4-GLH   42
   4  A10-LYS   56
   5  A13-ASH   27
   6  A15-ASH   27
   7  A18-LYS   56
   8  A19-GLH   42
   9  A22-LYS   56
  10  A34-ASH   27
  11  A37-GLH   42
  12  A40-GLH   42
  13  A41-LYS   56
  14  A45-GLH   42
  15  A51-LYS   56
  16  A52-LYS   56
  17  A55-GLH   42
  18  A58-LYS   56
  19  A59-LYS   56
  20  A61-GLH   42
  21  A63-GLH   42
  22  A65-ASH   27
  23  A66-LYS   56
  24  A71-ASH   27
  25  A72-LYS   56
  26  A83-ASH   27
  27  A85-LYS   56
  28  A89-GLH   42
  29  A98-LYS   56
  30 A104-LYS   56
  31 A109-HIS   27
  32 A110-GLH   42
  33 A115-LYS   56
  34 A117-GLH   42
  35 A121-LYS   56
  36 A122-LYS   56
  37 A123-GLH   42
  38 A124-LYS   56

 Backbone energy:     -591.07322838

 Loaded self energies from restart file.
  Rotamer ( A2-HIS, 5) self-energy       7.08873642 pruned by ( A2-HIS, 0)     -30.99650361.
  Rotamer ( A2-HIS, 6) self-energy      26.57182239 pruned by ( A2-HIS, 0)     -30.99650361.
  Rotamer ( A2-HIS, 9) self-energy      -1.32871188 pruned by ( A2-HIS, 0)     -30.99650361.
  Rotamer ( A2-HID,13) self-energy       9.22993855 pruned by ( A2-HIS, 0)     -30.99650361.
  Rotamer ( A2-HID,14) self-energy      28.08096585 pruned by ( A2-HIS, 0)     -30.99650361.
  Rotamer ( A2-HID,17) self-energy       1.74601124 pruned by ( A2-HIS, 0)     -30.99650361.
  Rotamer ( A2-HIE,21) self-energy      12.78809897 pruned by ( A2-HIS, 0)     -30.99650361.
  Rotamer ( A2-HIE,22) self-energy      21.42016551 pruned by ( A2-HIS, 0)     -30.99650361.
  Rotamer ( A2-HIE,25) self-energy       4.57371466 pruned by ( A2-HIS, 0)     -30.99650361.
  Rotamer ( A3-LYD, 1) self-energy      33.28816224 pruned by ( A3-LYS,38)     -25.97896622.
  Rotamer ( A3-LYD, 2) self-energy      34.17976727 pruned by ( A3-LYS,38)     -25.97896622.
  Rotamer ( A3-LYD, 3) self-energy      32.78532057 pruned by ( A3-LYS,38)     -25.97896622.
  Rotamer ( A3-LYD, 4) self-energy      31.91608849 pruned by ( A3-LYS,38)     -25.97896622.
  Rotamer ( A3-LYD, 5) self-energy      34.18432088 pruned by ( A3-LYS,38)     -25.97896622.
  Rotamer ( A3-LYD, 6) self-energy      31.46026997 pruned by ( A3-LYS,38)     -25.97896622.
  Rotamer ( A3-LYD, 7) self-energy   13537.94470881 pruned by ( A3-LYS,38)     -25.97896622.
  Rotamer ( A3-LYD, 8) self-energy    2539.15476404 pruned by ( A3-LYS,38)     -25.97896622.
  Rotamer ( A3-LYD, 9) self-energy     628.37299685 pruned by ( A3-LYS,38)     -25.97896622.
  Rotamer ( A3-LYD,10) self-energy      27.56777704 pruned by ( A3-LYS,38)     -25.97896622.
  Rotamer ( A3-LYD,11) self-energy      26.49307306 pruned by ( A3-LYS,38)     -25.97896622.
  Rotamer ( A3-LYD,12) self-energy      81.41360727 pruned by ( A3-LYS,38)     -25.97896622.
  Rotamer ( A3-LYD,13) self-energy      27.26814015 pruned by ( A3-LYS,38)     -25.97896622.
  Rotamer ( A3-LYD,14) self-energy      31.39054127 pruned by ( A3-LYS,38)     -25.97896622.
  Rotamer ( A3-LYD,15) self-energy      30.95539730 pruned by ( A3-LYS,38)     -25.97896622.
  Rotamer ( A3-LYD,16) self-energy     110.14549069 pruned by ( A3-LYS,38)     -25.97896622.
  Rotamer ( A3-LYD,17) self-energy     561.06882128 pruned by ( A3-LYS,38)     -25.97896622.
  Rotamer ( A3-LYD,18) self-energy      74.51331461 pruned by ( A3-LYS,38)     -25.97896622.
  Rotamer ( A3-LYD,19) self-energy      30.93964089 pruned by ( A3-LYS,38)     -25.97896622.
  Rotamer ( A3-LYD,20) self-energy      33.58718332 pruned by ( A3-LYS,38)     -25.97896622.
  Rotamer ( A3-LYD,21) self-energy      33.27616575 pruned by ( A3-LYS,38)     -25.97896622.
  Rotamer ( A3-LYD,22) self-energy     191.02850568 pruned by ( A3-LYS,38)     -25.97896622.
  Rotamer ( A3-LYD,23) self-energy      31.18074624 pruned by ( A3-LYS,38)     -25.97896622.
  Rotamer ( A3-LYD,24) self-energy      33.84024720 pruned by ( A3-LYS,38)     -25.97896622.
  Rotamer ( A3-LYD,25) self-energy    2029.76776877 pruned by ( A3-LYS,38)     -25.97896622.
  Rotamer ( A3-LYD,26) self-energy   95351.55920396 pruned by ( A3-LYS,38)     -25.97896622.
  Rotamer ( A3-LYD,27) self-energy    2173.22551616 pruned by ( A3-LYS,38)     -25.97896622.
  Rotamer ( A3-LYD,28) self-energy   39931.26609079 pruned by ( A3-LYS,38)     -25.97896622.
  Rotamer ( A3-LYS,30) self-energy     130.11125322 pruned by ( A3-LYS,38)     -25.97896622.
  Rotamer ( A3-LYS,34) self-energy   13533.52823415 pruned by ( A3-LYS,38)     -25.97896622.
  Rotamer ( A3-LYS,35) self-energy    2689.74530292 pruned by ( A3-LYS,38)     -25.97896622.
  Rotamer ( A3-LYS,36) self-energy     592.29707992 pruned by ( A3-LYS,38)     -25.97896622.
  Rotamer ( A3-LYS,39) self-energy      42.03114410 pruned by ( A3-LYS,38)     -25.97896622.
  Rotamer ( A3-LYS,43) self-energy      87.32554594 pruned by ( A3-LYS,38)     -25.97896622.
  Rotamer ( A3-LYS,44) self-energy     506.68037862 pruned by ( A3-LYS,38)     -25.97896622.
  Rotamer ( A3-LYS,45) self-energy      26.88880575 pruned by ( A3-LYS,38)     -25.97896622.
  Rotamer ( A3-LYS,49) self-energy     168.56886540 pruned by ( A3-LYS,38)     -25.97896622.
  Rotamer ( A3-LYS,52) self-energy    1972.85239813 pruned by ( A3-LYS,38)     -25.97896622.
  Rotamer ( A3-LYS,53) self-energy  104356.38597089 pruned by ( A3-LYS,38)     -25.97896622.
  Rotamer ( A3-LYS,54) self-energy    2119.29135726 pruned by ( A3-LYS,38)     -25.97896622.
  Rotamer ( A3-LYS,55) self-energy   39531.42456680 pruned by ( A3-LYS,38)     -25.97896622.
  Rotamer ( A4-GLH, 1) self-energy      13.34539630 pruned by ( A4-GLU,41)     -12.75439572.
  Rotamer ( A4-GLH, 2) self-energy     255.79161781 pruned by ( A4-GLU,41)     -12.75439572.
  Rotamer ( A4-GLH, 3) self-energy     827.93672686 pruned by ( A4-GLU,41)     -12.75439572.
  Rotamer ( A4-GLH, 4) self-energy      45.07301284 pruned by ( A4-GLU,41)     -12.75439572.
  Rotamer ( A4-GLH, 5) self-energy      81.96824417 pruned by ( A4-GLU,41)     -12.75439572.
  Rotamer ( A4-GLH, 6) self-energy      49.21123003 pruned by ( A4-GLU,41)     -12.75439572.
  Rotamer ( A4-GLH, 7) self-energy      15.63408163 pruned by ( A4-GLU,41)     -12.75439572.
  Rotamer ( A4-GLH,10) self-energy     123.41178764 pruned by ( A4-GLU,41)     -12.75439572.
  Rotamer ( A4-GLH,11) self-energy     441.64485873 pruned by ( A4-GLU,41)     -12.75439572.
  Rotamer ( A4-GLH,12) self-energy      39.04354702 pruned by ( A4-GLU,41)     -12.75439572.
  Rotamer ( A4-GLH,13) self-energy     135.19895685 pruned by ( A4-GLU,41)     -12.75439572.
  Rotamer ( A4-GLH,14) self-energy      63.97372019 pruned by ( A4-GLU,41)     -12.75439572.
  Rotamer ( A4-GLH,15) self-energy      22.81808555 pruned by ( A4-GLU,41)     -12.75439572.
  Rotamer ( A4-GLH,16) self-energy      22.42449838 pruned by ( A4-GLU,41)     -12.75439572.
  Rotamer ( A4-GLH,18) self-energy     584.17364930 pruned by ( A4-GLU,41)     -12.75439572.
  Rotamer ( A4-GLH,19) self-energy    1020.67920027 pruned by ( A4-GLU,41)     -12.75439572.
  Rotamer ( A4-GLH,20) self-energy      50.01739632 pruned by ( A4-GLU,41)     -12.75439572.
  Rotamer ( A4-GLH,21) self-energy      85.87632712 pruned by ( A4-GLU,41)     -12.75439572.
  Rotamer ( A4-GLH,22) self-energy      53.32479565 pruned by ( A4-GLU,41)     -12.75439572.
  Rotamer ( A4-GLH,23) self-energy      19.06994473 pruned by ( A4-GLU,41)     -12.75439572.
  Rotamer ( A4-GLH,24) self-energy      12.78639299 pruned by ( A4-GLU,41)     -12.75439572.
  Rotamer ( A4-GLH,25) self-energy      12.31891051 pruned by ( A4-GLU,41)     -12.75439572.
  Rotamer ( A4-GLH,26) self-energy     136.50373998 pruned by ( A4-GLU,41)     -12.75439572.
  Rotamer ( A4-GLH,27) self-energy     458.14334508 pruned by ( A4-GLU,41)     -12.75439572.
  Rotamer ( A4-GLH,28) self-energy      57.07012968 pruned by ( A4-GLU,41)     -12.75439572.
  Rotamer ( A4-GLH,29) self-energy     126.34738178 pruned by ( A4-GLU,41)     -12.75439572.
  Rotamer ( A4-GLH,30) self-energy      89.20812005 pruned by ( A4-GLU,41)     -12.75439572.
  Rotamer ( A4-GLH,31) self-energy      54.52041231 pruned by ( A4-GLU,41)     -12.75439572.
  Rotamer ( A4-GLH,32) self-energy      41.50503543 pruned by ( A4-GLU,41)     -12.75439572.
  Rotamer ( A4-GLH,33) self-energy      25.90070130 pruned by ( A4-GLU,41)     -12.75439572.
  Rotamer ( A4-GLU,34) self-energy     189.61076470 pruned by ( A4-GLU,41)     -12.75439572.
  Rotamer ( A4-GLU,35) self-energy     473.76684243 pruned by ( A4-GLU,41)     -12.75439572.
  Rotamer ( A4-GLU,36) self-energy      18.62868030 pruned by ( A4-GLU,41)     -12.75439572.
  Rotamer ( A4-GLU,37) self-energy      74.13856283 pruned by ( A4-GLU,41)     -12.75439572.
  Rotamer ( A4-GLU,38) self-energy      44.51751745 pruned by ( A4-GLU,41)     -12.75439572.
  Rotamer (A10-LYD, 1) self-energy      30.34194809 pruned by (A10-LYS, 0)     -22.93996293.
  Rotamer (A10-LYD, 2) self-energy      33.78613876 pruned by (A10-LYS, 0)     -22.93996293.
  Rotamer (A10-LYD, 3) self-energy      40.82980453 pruned by (A10-LYS, 0)     -22.93996293.
  Rotamer (A10-LYD, 4) self-energy      30.81524393 pruned by (A10-LYS, 0)     -22.93996293.
  Rotamer (A10-LYD, 5) self-energy      31.31075842 pruned by (A10-LYS, 0)     -22.93996293.
  Rotamer (A10-LYD, 6) self-energy      33.97709522 pruned by (A10-LYS, 0)     -22.93996293.
  Rotamer (A10-LYD, 7) self-energy      40.65118253 pruned by (A10-LYS, 0)     -22.93996293.
  Rotamer (A10-LYD, 8) self-energy      33.64651902 pruned by (A10-LYS, 0)     -22.93996293.
  Rotamer (A10-LYD, 9) self-energy      35.55377145 pruned by (A10-LYS, 0)     -22.93996293.
  Rotamer (A10-LYD,10) self-energy      38.95550356 pruned by (A10-LYS, 0)     -22.93996293.
  Rotamer (A10-LYD,11) self-energy      33.44872409 pruned by (A10-LYS, 0)     -22.93996293.
  Rotamer (A10-LYD,12) self-energy      32.69751856 pruned by (A10-LYS, 0)     -22.93996293.
  Rotamer (A10-LYD,13) self-energy      31.75885418 pruned by (A10-LYS, 0)     -22.93996293.
  Rotamer (A10-LYD,14) self-energy      34.54550846 pruned by (A10-LYS, 0)     -22.93996293.
  Rotamer (A10-LYD,15) self-energy      33.46941850 pruned by (A10-LYS, 0)     -22.93996293.
  Rotamer (A10-LYD,16) self-energy      35.86570461 pruned by (A10-LYS, 0)     -22.93996293.
  Rotamer (A10-LYD,17) self-energy     403.89240151 pruned by (A10-LYS, 0)     -22.93996293.
  Rotamer (A10-LYD,18) self-energy      84.96189236 pruned by (A10-LYS, 0)     -22.93996293.
  Rotamer (A10-LYD,19) self-energy      40.18343013 pruned by (A10-LYS, 0)     -22.93996293.
  Rotamer (A10-LYD,20) self-energy      39.22463880 pruned by (A10-LYS, 0)     -22.93996293.
  Rotamer (A10-LYD,21) self-energy      38.58434614 pruned by (A10-LYS, 0)     -22.93996293.
  Rotamer (A10-LYD,22) self-energy      40.48653679 pruned by (A10-LYS, 0)     -22.93996293.
  Rotamer (A10-LYD,23) self-energy      40.95901691 pruned by (A10-LYS, 0)     -22.93996293.
  Rotamer (A10-LYD,24) self-energy     107.77114481 pruned by (A10-LYS, 0)     -22.93996293.
  Rotamer (A10-LYD,25) self-energy      46.17413106 pruned by (A10-LYS, 0)     -22.93996293.
  Rotamer (A10-LYD,26) self-energy      45.14343288 pruned by (A10-LYS, 0)     -22.93996293.
  Rotamer (A10-LYD,27) self-energy      51.36889244 pruned by (A10-LYS, 0)     -22.93996293.
  Rotamer (A10-LYD,28) self-energy      46.69909975 pruned by (A10-LYS, 0)     -22.93996293.
  Rotamer (A10-LYS,44) self-energy     353.99086503 pruned by (A10-LYS, 0)     -22.93996293.
  Rotamer (A10-LYS,45) self-energy      37.03245598 pruned by (A10-LYS, 0)     -22.93996293.
  Rotamer (A10-LYS,51) self-energy      57.76014186 pruned by (A10-LYS, 0)     -22.93996293.
  Rotamer (A13-ASH, 1) self-energy      19.58326295 pruned by (A13-ASP, 0)     -13.65881361.
  Rotamer (A13-ASH, 2) self-energy      17.42259372 pruned by (A13-ASP, 0)     -13.65881361.
  Rotamer (A13-ASH, 3) self-energy      14.23458791 pruned by (A13-ASP, 0)     -13.65881361.
  Rotamer (A13-ASH, 4) self-energy     111.66506785 pruned by (A13-ASP, 0)     -13.65881361.
  Rotamer (A13-ASH, 5) self-energy      63.49686371 pruned by (A13-ASP, 0)     -13.65881361.
  Rotamer (A13-ASH, 6) self-energy      18.31038495 pruned by (A13-ASP, 0)     -13.65881361.
  Rotamer (A13-ASH, 7) self-energy      27.67010266 pruned by (A13-ASP, 0)     -13.65881361.
  Rotamer (A13-ASH, 8) self-energy      25.62597001 pruned by (A13-ASP, 0)     -13.65881361.
  Rotamer (A13-ASH, 9) self-energy     266.17740235 pruned by (A13-ASP, 0)     -13.65881361.
  Rotamer (A13-ASH,10) self-energy      52.42034925 pruned by (A13-ASP, 0)     -13.65881361.
  Rotamer (A13-ASH,11) self-energy      45.51787993 pruned by (A13-ASP, 0)     -13.65881361.
  Rotamer (A13-ASH,12) self-energy      22.73235685 pruned by (A13-ASP, 0)     -13.65881361.
  Rotamer (A13-ASH,13) self-energy      20.05561525 pruned by (A13-ASP, 0)     -13.65881361.
  Rotamer (A13-ASH,14) self-energy     116.52274796 pruned by (A13-ASP, 0)     -13.65881361.
  Rotamer (A13-ASH,15) self-energy      69.59077889 pruned by (A13-ASP, 0)     -13.65881361.
  Rotamer (A13-ASH,16) self-energy      23.43001398 pruned by (A13-ASP, 0)     -13.65881361.
  Rotamer (A13-ASH,17) self-energy      60.28144247 pruned by (A13-ASP, 0)     -13.65881361.
  Rotamer (A13-ASH,18) self-energy      59.62057457 pruned by (A13-ASP, 0)     -13.65881361.
  Rotamer (A13-ASH,19) self-energy     308.05579907 pruned by (A13-ASP, 0)     -13.65881361.
  Rotamer (A13-ASH,20) self-energy      65.56355819 pruned by (A13-ASP, 0)     -13.65881361.
  Rotamer (A13-ASH,21) self-energy      78.24424449 pruned by (A13-ASP, 0)     -13.65881361.
  Rotamer (A13-ASP,24) self-energy     101.87839286 pruned by (A13-ASP, 0)     -13.65881361.
  Rotamer (A13-ASP,25) self-energy      45.88317923 pruned by (A13-ASP, 0)     -13.65881361.
  Rotamer (A15-ASH, 1) self-energy      16.88103155 pruned by (A15-ASP, 0)     -16.83604867.
  Rotamer (A15-ASH, 2) self-energy      14.19713070 pruned by (A15-ASP, 0)     -16.83604867.
  Rotamer (A15-ASH, 3) self-energy      19.71891633 pruned by (A15-ASP, 0)     -16.83604867.
  Rotamer (A15-ASH, 4) self-energy     643.62722077 pruned by (A15-ASP, 0)     -16.83604867.
  Rotamer (A15-ASH, 5) self-energy     391.24730401 pruned by (A15-ASP, 0)     -16.83604867.
  Rotamer (A15-ASH, 6) self-energy      36.73424883 pruned by (A15-ASP, 0)     -16.83604867.
  Rotamer (A15-ASH, 7) self-energy      15.99577267 pruned by (A15-ASP, 0)     -16.83604867.
  Rotamer (A15-ASH, 8) self-energy      15.71880690 pruned by (A15-ASP, 0)     -16.83604867.
  Rotamer (A15-ASH, 9) self-energy     431.57533418 pruned by (A15-ASP, 0)     -16.83604867.
  Rotamer (A15-ASH,10) self-energy     288.75017407 pruned by (A15-ASP, 0)     -16.83604867.
  Rotamer (A15-ASH,11) self-energy      64.64990219 pruned by (A15-ASP, 0)     -16.83604867.
  Rotamer (A15-ASH,12) self-energy      22.02427707 pruned by (A15-ASP, 0)     -16.83604867.
  Rotamer (A15-ASH,13) self-energy      36.01406554 pruned by (A15-ASP, 0)     -16.83604867.
  Rotamer (A15-ASH,14) self-energy     229.61220545 pruned by (A15-ASP, 0)     -16.83604867.
  Rotamer (A15-ASH,15) self-energy     325.72045042 pruned by (A15-ASP, 0)     -16.83604867.
  Rotamer (A15-ASH,16) self-energy      41.33957393 pruned by (A15-ASP, 0)     -16.83604867.
  Rotamer (A15-ASH,17) self-energy      44.27864805 pruned by (A15-ASP, 0)     -16.83604867.
  Rotamer (A15-ASH,18) self-energy      42.24735881 pruned by (A15-ASP, 0)     -16.83604867.
  Rotamer (A15-ASH,19) self-energy     275.00781023 pruned by (A15-ASP, 0)     -16.83604867.
  Rotamer (A15-ASH,20) self-energy     261.00673921 pruned by (A15-ASP, 0)     -16.83604867.
  Rotamer (A15-ASH,21) self-energy      80.32093917 pruned by (A15-ASP, 0)     -16.83604867.
  Rotamer (A15-ASP,24) self-energy     174.67123121 pruned by (A15-ASP, 0)     -16.83604867.
  Rotamer (A15-ASP,25) self-energy     405.08516405 pruned by (A15-ASP, 0)     -16.83604867.
  Rotamer (A15-ASP,26) self-energy      21.16863944 pruned by (A15-ASP, 0)     -16.83604867.
  Rotamer (A18-LYD, 1) self-energy      30.91556209 pruned by (A18-LYS, 0)     -22.12250060.
  Rotamer (A18-LYD, 2) self-energy      54.95718767 pruned by (A18-LYS, 0)     -22.12250060.
  Rotamer (A18-LYD, 3) self-energy     769.11394642 pruned by (A18-LYS, 0)     -22.12250060.
  Rotamer (A18-LYD, 4) self-energy      65.94790462 pruned by (A18-LYS, 0)     -22.12250060.
  Rotamer (A18-LYD, 5) self-energy      90.54348844 pruned by (A18-LYS, 0)     -22.12250060.
  Rotamer (A18-LYD, 6) self-energy     321.35906891 pruned by (A18-LYS, 0)     -22.12250060.
  Rotamer (A18-LYD, 7) self-energy     293.15848400 pruned by (A18-LYS, 0)     -22.12250060.
  Rotamer (A18-LYD, 8) self-energy     159.72245969 pruned by (A18-LYS, 0)     -22.12250060.
  Rotamer (A18-LYD, 9) self-energy      78.36985385 pruned by (A18-LYS, 0)     -22.12250060.
  Rotamer (A18-LYD,10) self-energy   18851.55775748 pruned by (A18-LYS, 0)     -22.12250060.
  Rotamer (A18-LYD,11) self-energy     305.20063000 pruned by (A18-LYS, 0)     -22.12250060.
  Rotamer (A18-LYD,12) self-energy      41.30777200 pruned by (A18-LYS, 0)     -22.12250060.
  Rotamer (A18-LYD,13) self-energy      33.95146050 pruned by (A18-LYS, 0)     -22.12250060.
  Rotamer (A18-LYD,14) self-energy     126.11349725 pruned by (A18-LYS, 0)     -22.12250060.
  Rotamer (A18-LYD,15) self-energy      33.20353910 pruned by (A18-LYS, 0)     -22.12250060.
  Rotamer (A18-LYD,16) self-energy      35.36569510 pruned by (A18-LYS, 0)     -22.12250060.
  Rotamer (A18-LYD,17) self-energy    2125.00319782 pruned by (A18-LYS, 0)     -22.12250060.
  Rotamer (A18-LYD,18) self-energy     192.20102505 pruned by (A18-LYS, 0)     -22.12250060.
  Rotamer (A18-LYD,19) self-energy     147.34782963 pruned by (A18-LYS, 0)     -22.12250060.
  Rotamer (A18-LYD,20) self-energy     164.65510829 pruned by (A18-LYS, 0)     -22.12250060.
  Rotamer (A18-LYD,21) self-energy     147.37231009 pruned by (A18-LYS, 0)     -22.12250060.
  Rotamer (A18-LYD,22) self-energy     180.43386299 pruned by (A18-LYS, 0)     -22.12250060.
  Rotamer (A18-LYD,23) self-energy     147.81229257 pruned by (A18-LYS, 0)     -22.12250060.
  Rotamer (A18-LYD,24) self-energy     219.46644798 pruned by (A18-LYS, 0)     -22.12250060.
  Rotamer (A18-LYD,25) self-energy   18863.68617344 pruned by (A18-LYS, 0)     -22.12250060.
  Rotamer (A18-LYD,26) self-energy  100007.35091741 pruned by (A18-LYS, 0)     -22.12250060.
  Rotamer (A18-LYD,27) self-energy   10743.78466975 pruned by (A18-LYS, 0)     -22.12250060.
  Rotamer (A18-LYD,28) self-energy     410.36946526 pruned by (A18-LYS, 0)     -22.12250060.
  Rotamer (A18-LYS,31) self-energy      13.67671529 pruned by (A18-LYS, 0)     -22.12250060.
  Rotamer (A18-LYS,32) self-energy      38.91148103 pruned by (A18-LYS, 0)     -22.12250060.
  Rotamer (A18-LYS,33) self-energy     266.74771331 pruned by (A18-LYS, 0)     -22.12250060.
  Rotamer (A18-LYS,34) self-energy     266.90719220 pruned by (A18-LYS, 0)     -22.12250060.
  Rotamer (A18-LYS,35) self-energy     271.79238760 pruned by (A18-LYS, 0)     -22.12250060.
  Rotamer (A18-LYS,36) self-energy      28.90805792 pruned by (A18-LYS, 0)     -22.12250060.
  Rotamer (A18-LYS,37) self-energy   18904.12406091 pruned by (A18-LYS, 0)     -22.12250060.
  Rotamer (A18-LYS,38) self-energy     250.97605417 pruned by (A18-LYS, 0)     -22.12250060.
  Rotamer (A18-LYS,41) self-energy     117.80618398 pruned by (A18-LYS, 0)     -22.12250060.
  Rotamer (A18-LYS,44) self-energy    2079.44943683 pruned by (A18-LYS, 0)     -22.12250060.
  Rotamer (A18-LYS,45) self-energy     145.48681463 pruned by (A18-LYS, 0)     -22.12250060.
  Rotamer (A18-LYS,46) self-energy      95.60117563 pruned by (A18-LYS, 0)     -22.12250060.
  Rotamer (A18-LYS,47) self-energy     155.63377783 pruned by (A18-LYS, 0)     -22.12250060.
  Rotamer (A18-LYS,48) self-energy      95.63012901 pruned by (A18-LYS, 0)     -22.12250060.
  Rotamer (A18-LYS,49) self-energy     127.21922095 pruned by (A18-LYS, 0)     -22.12250060.
  Rotamer (A18-LYS,50) self-energy      96.15083419 pruned by (A18-LYS, 0)     -22.12250060.
  Rotamer (A18-LYS,51) self-energy     170.90672865 pruned by (A18-LYS, 0)     -22.12250060.
  Rotamer (A18-LYS,52) self-energy   18907.51009309 pruned by (A18-LYS, 0)     -22.12250060.
  Rotamer (A18-LYS,53) self-energy   99886.99052440 pruned by (A18-LYS, 0)     -22.12250060.
  Rotamer (A18-LYS,54) self-energy   10760.60315726 pruned by (A18-LYS, 0)     -22.12250060.
  Rotamer (A18-LYS,55) self-energy     383.42078769 pruned by (A18-LYS, 0)     -22.12250060.
  Rotamer (A19-GLH, 1) self-energy      14.46437389 pruned by (A19-GLU, 0)     -12.04441116.
  Rotamer (A19-GLH, 2) self-energy     718.01246834 pruned by (A19-GLU, 0)     -12.04441116.
  Rotamer (A19-GLH, 3) self-energy  118917.38976129 pruned by (A19-GLU, 0)     -12.04441116.
  Rotamer (A19-GLH, 4) self-energy    4548.40687623 pruned by (A19-GLU, 0)     -12.04441116.
  Rotamer (A19-GLH, 5) self-energy     557.67473550 pruned by (A19-GLU, 0)     -12.04441116.
  Rotamer (A19-GLH, 6) self-energy     478.98710040 pruned by (A19-GLU, 0)     -12.04441116.
  Rotamer (A19-GLH, 7) self-energy     333.06255946 pruned by (A19-GLU, 0)     -12.04441116.
  Rotamer (A19-GLH, 9) self-energy     110.05700791 pruned by (A19-GLU, 0)     -12.04441116.
  Rotamer (A19-GLH,10) self-energy     321.66361432 pruned by (A19-GLU, 0)     -12.04441116.
  Rotamer (A19-GLH,11) self-energy   15217.67141813 pruned by (A19-GLU, 0)     -12.04441116.
  Rotamer (A19-GLH,12) self-energy     723.78552913 pruned by (A19-GLU, 0)     -12.04441116.
  Rotamer (A19-GLH,13) self-energy    1362.73001694 pruned by (A19-GLU, 0)     -12.04441116.
  Rotamer (A19-GLH,14) self-energy     430.37699916 pruned by (A19-GLU, 0)     -12.04441116.
  Rotamer (A19-GLH,15) self-energy     129.32746060 pruned by (A19-GLU, 0)     -12.04441116.
  Rotamer (A19-GLH,16) self-energy      16.47294811 pruned by (A19-GLU, 0)     -12.04441116.
  Rotamer (A19-GLH,17) self-energy     190.18846312 pruned by (A19-GLU, 0)     -12.04441116.
  Rotamer (A19-GLH,18) self-energy    3811.16633897 pruned by (A19-GLU, 0)     -12.04441116.
  Rotamer (A19-GLH,19) self-energy  134363.28018405 pruned by (A19-GLU, 0)     -12.04441116.
  Rotamer (A19-GLH,20) self-energy     851.59275743 pruned by (A19-GLU, 0)     -12.04441116.
  Rotamer (A19-GLH,21) self-energy     530.74083450 pruned by (A19-GLU, 0)     -12.04441116.
  Rotamer (A19-GLH,22) self-energy     479.85880598 pruned by (A19-GLU, 0)     -12.04441116.
  Rotamer (A19-GLH,23) self-energy     236.95130865 pruned by (A19-GLU, 0)     -12.04441116.
  Rotamer (A19-GLH,24) self-energy      15.48928217 pruned by (A19-GLU, 0)     -12.04441116.
  Rotamer (A19-GLH,25) self-energy     110.93998028 pruned by (A19-GLU, 0)     -12.04441116.
  Rotamer (A19-GLH,26) self-energy     338.30194565 pruned by (A19-GLU, 0)     -12.04441116.
  Rotamer (A19-GLH,27) self-energy   15242.51825107 pruned by (A19-GLU, 0)     -12.04441116.
  Rotamer (A19-GLH,28) self-energy     654.07446921 pruned by (A19-GLU, 0)     -12.04441116.
  Rotamer (A19-GLH,29) self-energy    1374.31183547 pruned by (A19-GLU, 0)     -12.04441116.
  Rotamer (A19-GLH,30) self-energy     454.32328691 pruned by (A19-GLU, 0)     -12.04441116.
  Rotamer (A19-GLH,31) self-energy     157.66351546 pruned by (A19-GLU, 0)     -12.04441116.
  Rotamer (A19-GLH,32) self-energy      33.31580597 pruned by (A19-GLU, 0)     -12.04441116.
  Rotamer (A19-GLH,33) self-energy     126.46909937 pruned by (A19-GLU, 0)     -12.04441116.
  Rotamer (A19-GLU,34) self-energy     415.56732970 pruned by (A19-GLU, 0)     -12.04441116.
  Rotamer (A19-GLU,35) self-energy   17134.79261581 pruned by (A19-GLU, 0)     -12.04441116.
  Rotamer (A19-GLU,36) self-energy     648.89751133 pruned by (A19-GLU, 0)     -12.04441116.
  Rotamer (A19-GLU,37) self-energy    1470.78086880 pruned by (A19-GLU, 0)     -12.04441116.
  Rotamer (A19-GLU,38) self-energy     417.39476432 pruned by (A19-GLU, 0)     -12.04441116.
  Rotamer (A19-GLU,39) self-energy     117.05503180 pruned by (A19-GLU, 0)     -12.04441116.
  Rotamer (A19-GLU,41) self-energy      97.21343547 pruned by (A19-GLU, 0)     -12.04441116.
  Rotamer (A22-LYD, 1) self-energy      29.53901223 pruned by (A22-LYS, 0)     -22.70272404.
  Rotamer (A22-LYD, 2) self-energy      69.32848210 pruned by (A22-LYS, 0)     -22.70272404.
  Rotamer (A22-LYD, 3) self-energy      39.15634169 pruned by (A22-LYS, 0)     -22.70272404.
  Rotamer (A22-LYD, 4) self-energy      38.46097792 pruned by (A22-LYS, 0)     -22.70272404.
  Rotamer (A22-LYD, 5) self-energy      42.57504199 pruned by (A22-LYS, 0)     -22.70272404.
  Rotamer (A22-LYD, 6) self-energy      39.93717437 pruned by (A22-LYS, 0)     -22.70272404.
  Rotamer (A22-LYD, 7) self-energy      39.35703082 pruned by (A22-LYS, 0)     -22.70272404.
  Rotamer (A22-LYD, 8) self-energy      38.45632050 pruned by (A22-LYS, 0)     -22.70272404.
  Rotamer (A22-LYD, 9) self-energy      40.27792996 pruned by (A22-LYS, 0)     -22.70272404.
  Rotamer (A22-LYD,10) self-energy      38.97131941 pruned by (A22-LYS, 0)     -22.70272404.
  Rotamer (A22-LYD,11) self-energy      37.86078855 pruned by (A22-LYS, 0)     -22.70272404.
  Rotamer (A22-LYD,12) self-energy      37.29713074 pruned by (A22-LYS, 0)     -22.70272404.
  Rotamer (A22-LYD,13) self-energy      36.27180860 pruned by (A22-LYS, 0)     -22.70272404.
  Rotamer (A22-LYD,14) self-energy      38.08006842 pruned by (A22-LYS, 0)     -22.70272404.
  Rotamer (A22-LYD,15) self-energy      37.96623524 pruned by (A22-LYS, 0)     -22.70272404.
  Rotamer (A22-LYD,16) self-energy      40.34774249 pruned by (A22-LYS, 0)     -22.70272404.
  Rotamer (A22-LYD,17) self-energy      50.50769006 pruned by (A22-LYS, 0)     -22.70272404.
  Rotamer (A22-LYD,18) self-energy      75.97775688 pruned by (A22-LYS, 0)     -22.70272404.
  Rotamer (A22-LYD,19) self-energy      31.29537500 pruned by (A22-LYS, 0)     -22.70272404.
  Rotamer (A22-LYD,20) self-energy     403.95919460 pruned by (A22-LYS, 0)     -22.70272404.
  Rotamer (A22-LYD,21) self-energy      36.38683680 pruned by (A22-LYS, 0)     -22.70272404.
  Rotamer (A22-LYD,22) self-energy      37.21399031 pruned by (A22-LYS, 0)     -22.70272404.
  Rotamer (A22-LYD,23) self-energy      60.52430967 pruned by (A22-LYS, 0)     -22.70272404.
  Rotamer (A22-LYD,24) self-energy    2318.95604128 pruned by (A22-LYS, 0)     -22.70272404.
  Rotamer (A22-LYD,25) self-energy      32.25264107 pruned by (A22-LYS, 0)     -22.70272404.
  Rotamer (A22-LYD,26) self-energy      31.67987887 pruned by (A22-LYS, 0)     -22.70272404.
  Rotamer (A22-LYD,27) self-energy      34.24796137 pruned by (A22-LYS, 0)     -22.70272404.
  Rotamer (A22-LYD,28) self-energy      33.84139974 pruned by (A22-LYS, 0)     -22.70272404.
  Rotamer (A22-LYS,29) self-energy      18.60708057 pruned by (A22-LYS, 0)     -22.70272404.
  Rotamer (A22-LYS,45) self-energy      28.31711357 pruned by (A22-LYS, 0)     -22.70272404.
  Rotamer (A22-LYS,47) self-energy     359.17190280 pruned by (A22-LYS, 0)     -22.70272404.
  Rotamer (A22-LYS,50) self-energy       9.66739104 pruned by (A22-LYS, 0)     -22.70272404.
  Rotamer (A22-LYS,51) self-energy    2417.02212332 pruned by (A22-LYS, 0)     -22.70272404.
  Rotamer (A34-ASH, 1) self-energy      15.74177487 pruned by (A34-ASP, 0)     -16.80721124.
  Rotamer (A34-ASH, 2) self-energy      34.46196168 pruned by (A34-ASP, 0)     -16.80721124.
  Rotamer (A34-ASH, 3) self-energy      67.81640881 pruned by (A34-ASP, 0)     -16.80721124.
  Rotamer (A34-ASH, 4) self-energy      11.77479693 pruned by (A34-ASP, 0)     -16.80721124.
  Rotamer (A34-ASH, 5) self-energy      10.09009170 pruned by (A34-ASP, 0)     -16.80721124.
  Rotamer (A34-ASH, 6) self-energy     144.55167258 pruned by (A34-ASP, 0)     -16.80721124.
  Rotamer (A34-ASH, 7) self-energy      91.60241326 pruned by (A34-ASP, 0)     -16.80721124.
  Rotamer (A34-ASH, 8) self-energy      95.21095824 pruned by (A34-ASP, 0)     -16.80721124.
  Rotamer (A34-ASH, 9) self-energy      14.53385475 pruned by (A34-ASP, 0)     -16.80721124.
  Rotamer (A34-ASH,10) self-energy      10.84118123 pruned by (A34-ASP, 0)     -16.80721124.
  Rotamer (A34-ASH,11) self-energy     281.09143922 pruned by (A34-ASP, 0)     -16.80721124.
  Rotamer (A34-ASH,12) self-energy      39.09372102 pruned by (A34-ASP, 0)     -16.80721124.
  Rotamer (A34-ASH,13) self-energy      75.21689991 pruned by (A34-ASP, 0)     -16.80721124.
  Rotamer (A34-ASH,14) self-energy      16.99658452 pruned by (A34-ASP, 0)     -16.80721124.
  Rotamer (A34-ASH,15) self-energy      16.20193721 pruned by (A34-ASP, 0)     -16.80721124.
  Rotamer (A34-ASH,16) self-energy     105.71304196 pruned by (A34-ASP, 0)     -16.80721124.
  Rotamer (A34-ASH,17) self-energy     268.65361450 pruned by (A34-ASP, 0)     -16.80721124.
  Rotamer (A34-ASH,18) self-energy     593.13439314 pruned by (A34-ASP, 0)     -16.80721124.
  Rotamer (A34-ASH,19) self-energy      39.83481362 pruned by (A34-ASP, 0)     -16.80721124.
  Rotamer (A34-ASH,20) self-energy      18.86723631 pruned by (A34-ASP, 0)     -16.80721124.
  Rotamer (A34-ASH,21) self-energy     162.71829719 pruned by (A34-ASP, 0)     -16.80721124.
  Rotamer (A34-ASP,22) self-energy       9.62185724 pruned by (A34-ASP, 0)     -16.80721124.
  Rotamer (A34-ASP,23) self-energy      27.49942173 pruned by (A34-ASP, 0)     -16.80721124.
  Rotamer (A34-ASP,26) self-energy     103.13199644 pruned by (A34-ASP, 0)     -16.80721124.
  Rotamer (A37-GLH, 1) self-energy      14.91791466 pruned by (A37-GLU, 0)     -12.69614298.
  Rotamer (A37-GLH, 2) self-energy      44.48764798 pruned by (A37-GLU, 0)     -12.69614298.
  Rotamer (A37-GLH, 3) self-energy      45.45699498 pruned by (A37-GLU, 0)     -12.69614298.
  Rotamer (A37-GLH, 4) self-energy      17.44824558 pruned by (A37-GLU, 0)     -12.69614298.
  Rotamer (A37-GLH, 5) self-energy      16.35849132 pruned by (A37-GLU, 0)     -12.69614298.
  Rotamer (A37-GLH, 6) self-energy     307.07091815 pruned by (A37-GLU, 0)     -12.69614298.
  Rotamer (A37-GLH, 7) self-energy      14.80773307 pruned by (A37-GLU, 0)     -12.69614298.
  Rotamer (A37-GLH,10) self-energy      38.41685815 pruned by (A37-GLU, 0)     -12.69614298.
  Rotamer (A37-GLH,11) self-energy      99.20154032 pruned by (A37-GLU, 0)     -12.69614298.
  Rotamer (A37-GLH,12) self-energy      19.80134696 pruned by (A37-GLU, 0)     -12.69614298.
  Rotamer (A37-GLH,13) self-energy      20.77420672 pruned by (A37-GLU, 0)     -12.69614298.
  Rotamer (A37-GLH,14) self-energy     765.32778951 pruned by (A37-GLU, 0)     -12.69614298.
  Rotamer (A37-GLH,15) self-energy      19.26578241 pruned by (A37-GLU, 0)     -12.69614298.
  Rotamer (A37-GLH,17) self-energy      13.19876146 pruned by (A37-GLU, 0)     -12.69614298.
  Rotamer (A37-GLH,18) self-energy      45.06541697 pruned by (A37-GLU, 0)     -12.69614298.
  Rotamer (A37-GLH,19) self-energy      49.91414967 pruned by (A37-GLU, 0)     -12.69614298.
  Rotamer (A37-GLH,20) self-energy      21.58778446 pruned by (A37-GLU, 0)     -12.69614298.
  Rotamer (A37-GLH,21) self-energy      20.31245003 pruned by (A37-GLU, 0)     -12.69614298.
  Rotamer (A37-GLH,22) self-energy     309.70347880 pruned by (A37-GLU, 0)     -12.69614298.
  Rotamer (A37-GLH,23) self-energy      18.53711115 pruned by (A37-GLU, 0)     -12.69614298.
  Rotamer (A37-GLH,24) self-energy      12.77365731 pruned by (A37-GLU, 0)     -12.69614298.
  Rotamer (A37-GLH,25) self-energy      15.22480220 pruned by (A37-GLU, 0)     -12.69614298.
  Rotamer (A37-GLH,26) self-energy      56.94180137 pruned by (A37-GLU, 0)     -12.69614298.
  Rotamer (A37-GLH,27) self-energy     147.17082194 pruned by (A37-GLU, 0)     -12.69614298.
  Rotamer (A37-GLH,28) self-energy      37.74965135 pruned by (A37-GLU, 0)     -12.69614298.
  Rotamer (A37-GLH,29) self-energy      38.45034604 pruned by (A37-GLU, 0)     -12.69614298.
  Rotamer (A37-GLH,30) self-energy     250.50769560 pruned by (A37-GLU, 0)     -12.69614298.
  Rotamer (A37-GLH,31) self-energy      52.80711162 pruned by (A37-GLU, 0)     -12.69614298.
  Rotamer (A37-GLH,32) self-energy      29.81764576 pruned by (A37-GLU, 0)     -12.69614298.
  Rotamer (A37-GLH,33) self-energy      27.99601940 pruned by (A37-GLU, 0)     -12.69614298.
  Rotamer (A37-GLU,34) self-energy      20.75562732 pruned by (A37-GLU, 0)     -12.69614298.
  Rotamer (A37-GLU,35) self-energy      26.90758602 pruned by (A37-GLU, 0)     -12.69614298.
  Rotamer (A37-GLU,38) self-energy     326.84126794 pruned by (A37-GLU, 0)     -12.69614298.
  Rotamer (A40-GLH, 1) self-energy      13.96015159 pruned by (A40-GLU, 0)     -11.28602996.
  Rotamer (A40-GLH, 2) self-energy    2658.70850244 pruned by (A40-GLU, 0)     -11.28602996.
  Rotamer (A40-GLH, 3) self-energy    2616.51395501 pruned by (A40-GLU, 0)     -11.28602996.
  Rotamer (A40-GLH, 4) self-energy      20.33669288 pruned by (A40-GLU, 0)     -11.28602996.
  Rotamer (A40-GLH, 5) self-energy      15.62534607 pruned by (A40-GLU, 0)     -11.28602996.
  Rotamer (A40-GLH, 6) self-energy      95.45491364 pruned by (A40-GLU, 0)     -11.28602996.
  Rotamer (A40-GLH, 7) self-energy      30.48222906 pruned by (A40-GLU, 0)     -11.28602996.
  Rotamer (A40-GLH,10) self-energy    1202.33316693 pruned by (A40-GLU, 0)     -11.28602996.
  Rotamer (A40-GLH,11) self-energy    1818.79327461 pruned by (A40-GLU, 0)     -11.28602996.
  Rotamer (A40-GLH,12) self-energy      22.81661878 pruned by (A40-GLU, 0)     -11.28602996.
  Rotamer (A40-GLH,13) self-energy      19.36918959 pruned by (A40-GLU, 0)     -11.28602996.
  Rotamer (A40-GLH,14) self-energy     146.30468875 pruned by (A40-GLU, 0)     -11.28602996.
  Rotamer (A40-GLH,15) self-energy      57.69271937 pruned by (A40-GLU, 0)     -11.28602996.
  Rotamer (A40-GLH,18) self-energy    2723.16481489 pruned by (A40-GLU, 0)     -11.28602996.
  Rotamer (A40-GLH,19) self-energy    2125.13069900 pruned by (A40-GLU, 0)     -11.28602996.
  Rotamer (A40-GLH,20) self-energy      24.40221910 pruned by (A40-GLU, 0)     -11.28602996.
  Rotamer (A40-GLH,21) self-energy      19.41653767 pruned by (A40-GLU, 0)     -11.28602996.
  Rotamer (A40-GLH,22) self-energy      99.90569461 pruned by (A40-GLU, 0)     -11.28602996.
  Rotamer (A40-GLH,23) self-energy      31.39243070 pruned by (A40-GLU, 0)     -11.28602996.
  Rotamer (A40-GLH,25) self-energy      16.41796041 pruned by (A40-GLU, 0)     -11.28602996.
  Rotamer (A40-GLH,26) self-energy    1220.43845020 pruned by (A40-GLU, 0)     -11.28602996.
  Rotamer (A40-GLH,27) self-energy    1821.90402689 pruned by (A40-GLU, 0)     -11.28602996.
  Rotamer (A40-GLH,28) self-energy      40.94094200 pruned by (A40-GLU, 0)     -11.28602996.
  Rotamer (A40-GLH,29) self-energy      37.78268395 pruned by (A40-GLU, 0)     -11.28602996.
  Rotamer (A40-GLH,30) self-energy     145.67501693 pruned by (A40-GLU, 0)     -11.28602996.
  Rotamer (A40-GLH,31) self-energy      80.89687595 pruned by (A40-GLU, 0)     -11.28602996.
  Rotamer (A40-GLH,32) self-energy      30.50406869 pruned by (A40-GLU, 0)     -11.28602996.
  Rotamer (A40-GLH,33) self-energy      27.43753284 pruned by (A40-GLU, 0)     -11.28602996.
  Rotamer (A40-GLU,34) self-energy    1548.62262545 pruned by (A40-GLU, 0)     -11.28602996.
  Rotamer (A40-GLU,35) self-energy    1681.60075946 pruned by (A40-GLU, 0)     -11.28602996.
  Rotamer (A40-GLU,38) self-energy     106.65099659 pruned by (A40-GLU, 0)     -11.28602996.
  Rotamer (A41-LYD, 1) self-energy      29.58608703 pruned by (A41-LYS,48)     -23.56711686.
  Rotamer (A41-LYD, 2) self-energy      32.20718081 pruned by (A41-LYS,48)     -23.56711686.
  Rotamer (A41-LYD, 3) self-energy      31.54129124 pruned by (A41-LYS,48)     -23.56711686.
  Rotamer (A41-LYD, 4) self-energy      30.67082130 pruned by (A41-LYS,48)     -23.56711686.
  Rotamer (A41-LYD, 5) self-energy      32.55999310 pruned by (A41-LYS,48)     -23.56711686.
  Rotamer (A41-LYD, 6) self-energy      33.58994356 pruned by (A41-LYS,48)     -23.56711686.
  Rotamer (A41-LYD, 7) self-energy      36.07515668 pruned by (A41-LYS,48)     -23.56711686.
  Rotamer (A41-LYD, 8) self-energy      30.79439373 pruned by (A41-LYS,48)     -23.56711686.
  Rotamer (A41-LYD, 9) self-energy      32.41738616 pruned by (A41-LYS,48)     -23.56711686.
  Rotamer (A41-LYD,10) self-energy     289.54745681 pruned by (A41-LYS,48)     -23.56711686.
  Rotamer (A41-LYD,11) self-energy      36.61102077 pruned by (A41-LYS,48)     -23.56711686.
  Rotamer (A41-LYD,12) self-energy      36.72885866 pruned by (A41-LYS,48)     -23.56711686.
  Rotamer (A41-LYD,13) self-energy      36.14632796 pruned by (A41-LYS,48)     -23.56711686.
  Rotamer (A41-LYD,14) self-energy     303.01602289 pruned by (A41-LYS,48)     -23.56711686.
  Rotamer (A41-LYD,15) self-energy      30.74963978 pruned by (A41-LYS,48)     -23.56711686.
  Rotamer (A41-LYD,16) self-energy      33.13232502 pruned by (A41-LYS,48)     -23.56711686.
  Rotamer (A41-LYD,17) self-energy      44.10280797 pruned by (A41-LYS,48)     -23.56711686.
  Rotamer (A41-LYD,18) self-energy      75.76560723 pruned by (A41-LYS,48)     -23.56711686.
  Rotamer (A41-LYD,19) self-energy      31.14817517 pruned by (A41-LYS,48)     -23.56711686.
  Rotamer (A41-LYD,20) self-energy      30.54373324 pruned by (A41-LYS,48)     -23.56711686.
  Rotamer (A41-LYD,21) self-energy      29.57884178 pruned by (A41-LYS,48)     -23.56711686.
  Rotamer (A41-LYD,22) self-energy      31.46699263 pruned by (A41-LYS,48)     -23.56711686.
  Rotamer (A41-LYD,23) self-energy      31.19947240 pruned by (A41-LYS,48)     -23.56711686.
  Rotamer (A41-LYD,24) self-energy      33.64116632 pruned by (A41-LYS,48)     -23.56711686.
  Rotamer (A41-LYD,25) self-energy      32.51539153 pruned by (A41-LYS,48)     -23.56711686.
  Rotamer (A41-LYD,26) self-energy      31.58751899 pruned by (A41-LYS,48)     -23.56711686.
  Rotamer (A41-LYD,27) self-energy      33.43873919 pruned by (A41-LYS,48)     -23.56711686.
  Rotamer (A41-LYD,28) self-energy      33.30520022 pruned by (A41-LYS,48)     -23.56711686.
  Rotamer (A41-LYS,37) self-energy     274.50017774 pruned by (A41-LYS,48)     -23.56711686.
  Rotamer (A41-LYS,41) self-energy     303.28140734 pruned by (A41-LYS,48)     -23.56711686.
  Rotamer (A41-LYS,45) self-energy      27.44297715 pruned by (A41-LYS,48)     -23.56711686.
  Rotamer (A45-GLH, 1) self-energy      17.82413801 pruned by (A45-GLU, 0)      -9.82781159.
  Rotamer (A45-GLH, 2) self-energy     846.22430061 pruned by (A45-GLU, 0)      -9.82781159.
  Rotamer (A45-GLH, 3) self-energy   17634.65693173 pruned by (A45-GLU, 0)      -9.82781159.
  Rotamer (A45-GLH, 4) self-energy      16.95624252 pruned by (A45-GLU, 0)      -9.82781159.
  Rotamer (A45-GLH, 5) self-energy      16.43575210 pruned by (A45-GLU, 0)      -9.82781159.
  Rotamer (A45-GLH, 6) self-energy   26811.35126538 pruned by (A45-GLU, 0)      -9.82781159.
  Rotamer (A45-GLH, 7) self-energy      16.61990142 pruned by (A45-GLU, 0)      -9.82781159.
  Rotamer (A45-GLH,10) self-energy    2008.07836259 pruned by (A45-GLU, 0)      -9.82781159.
  Rotamer (A45-GLH,11) self-energy    4541.56319836 pruned by (A45-GLU, 0)      -9.82781159.
  Rotamer (A45-GLH,12) self-energy      19.41182711 pruned by (A45-GLU, 0)      -9.82781159.
  Rotamer (A45-GLH,13) self-energy      20.78597398 pruned by (A45-GLU, 0)      -9.82781159.
  Rotamer (A45-GLH,14) self-energy    2065.11267863 pruned by (A45-GLU, 0)      -9.82781159.
  Rotamer (A45-GLH,15) self-energy      29.46255447 pruned by (A45-GLU, 0)      -9.82781159.
  Rotamer (A45-GLH,18) self-energy     692.27467601 pruned by (A45-GLU, 0)      -9.82781159.
  Rotamer (A45-GLH,19) self-energy    3043.15463342 pruned by (A45-GLU, 0)      -9.82781159.
  Rotamer (A45-GLH,20) self-energy      21.23611440 pruned by (A45-GLU, 0)      -9.82781159.
  Rotamer (A45-GLH,21) self-energy      20.23720391 pruned by (A45-GLU, 0)      -9.82781159.
  Rotamer (A45-GLH,22) self-energy    1925.55058996 pruned by (A45-GLU, 0)      -9.82781159.
  Rotamer (A45-GLH,23) self-energy      20.15345602 pruned by (A45-GLU, 0)      -9.82781159.
  Rotamer (A45-GLH,25) self-energy      16.65723201 pruned by (A45-GLU, 0)      -9.82781159.
  Rotamer (A45-GLH,26) self-energy    2026.33109623 pruned by (A45-GLU, 0)      -9.82781159.
  Rotamer (A45-GLH,27) self-energy    4582.77185701 pruned by (A45-GLU, 0)      -9.82781159.
  Rotamer (A45-GLH,28) self-energy      37.68771658 pruned by (A45-GLU, 0)      -9.82781159.
  Rotamer (A45-GLH,29) self-energy      37.79629897 pruned by (A45-GLU, 0)      -9.82781159.
  Rotamer (A45-GLH,30) self-energy    1284.76825248 pruned by (A45-GLU, 0)      -9.82781159.
  Rotamer (A45-GLH,31) self-energy      60.44421422 pruned by (A45-GLU, 0)      -9.82781159.
  Rotamer (A45-GLH,32) self-energy      32.31952151 pruned by (A45-GLU, 0)      -9.82781159.
  Rotamer (A45-GLH,33) self-energy      29.51929080 pruned by (A45-GLU, 0)      -9.82781159.
  Rotamer (A45-GLU,34) self-energy    1529.60117162 pruned by (A45-GLU, 0)      -9.82781159.
  Rotamer (A45-GLU,35) self-energy    3648.25889136 pruned by (A45-GLU, 0)      -9.82781159.
  Rotamer (A45-GLU,38) self-energy    2549.25064912 pruned by (A45-GLU, 0)      -9.82781159.
  Rotamer (A51-LYD, 1) self-energy      31.60277336 pruned by (A51-LYS, 0)     -21.95337419.
  Rotamer (A51-LYD, 2) self-energy     119.42908256 pruned by (A51-LYS, 0)     -21.95337419.
  Rotamer (A51-LYD, 3) self-energy     449.58300332 pruned by (A51-LYS, 0)     -21.95337419.
  Rotamer (A51-LYD, 4) self-energy     461.58755835 pruned by (A51-LYS, 0)     -21.95337419.
  Rotamer (A51-LYD, 5) self-energy    7344.12423643 pruned by (A51-LYS, 0)     -21.95337419.
  Rotamer (A51-LYD, 6) self-energy      98.24681254 pruned by (A51-LYS, 0)     -21.95337419.
  Rotamer (A51-LYD, 7) self-energy     159.85753083 pruned by (A51-LYS, 0)     -21.95337419.
  Rotamer (A51-LYD, 8) self-energy     162.61962860 pruned by (A51-LYS, 0)     -21.95337419.
  Rotamer (A51-LYD, 9) self-energy     161.84563490 pruned by (A51-LYS, 0)     -21.95337419.
  Rotamer (A51-LYD,10) self-energy      35.17204813 pruned by (A51-LYS, 0)     -21.95337419.
  Rotamer (A51-LYD,11) self-energy      34.27580015 pruned by (A51-LYS, 0)     -21.95337419.
  Rotamer (A51-LYD,12) self-energy      32.23385730 pruned by (A51-LYS, 0)     -21.95337419.
  Rotamer (A51-LYD,13) self-energy      32.05961150 pruned by (A51-LYS, 0)     -21.95337419.
  Rotamer (A51-LYD,14) self-energy      33.22706283 pruned by (A51-LYS, 0)     -21.95337419.
  Rotamer (A51-LYD,15) self-energy      34.34891683 pruned by (A51-LYS, 0)     -21.95337419.
  Rotamer (A51-LYD,16) self-energy      50.45970405 pruned by (A51-LYS, 0)     -21.95337419.
  Rotamer (A51-LYD,17) self-energy     215.35666804 pruned by (A51-LYS, 0)     -21.95337419.
  Rotamer (A51-LYD,18) self-energy     109.36213729 pruned by (A51-LYS, 0)     -21.95337419.
  Rotamer (A51-LYD,19) self-energy      64.60788933 pruned by (A51-LYS, 0)     -21.95337419.
  Rotamer (A51-LYD,20) self-energy     141.39091320 pruned by (A51-LYS, 0)     -21.95337419.
  Rotamer (A51-LYD,21) self-energy      63.42085938 pruned by (A51-LYS, 0)     -21.95337419.
  Rotamer (A51-LYD,22) self-energy      69.65685536 pruned by (A51-LYS, 0)     -21.95337419.
  Rotamer (A51-LYD,23) self-energy      81.48514256 pruned by (A51-LYS, 0)     -21.95337419.
  Rotamer (A51-LYD,24) self-energy     387.34181318 pruned by (A51-LYS, 0)     -21.95337419.
  Rotamer (A51-LYD,25) self-energy    2286.97061869 pruned by (A51-LYS, 0)     -21.95337419.
  Rotamer (A51-LYD,26) self-energy    6014.83862971 pruned by (A51-LYS, 0)     -21.95337419.
  Rotamer (A51-LYD,27) self-energy    2294.44711129 pruned by (A51-LYS, 0)     -21.95337419.
  Rotamer (A51-LYD,28) self-energy    2542.10790418 pruned by (A51-LYS, 0)     -21.95337419.
  Rotamer (A51-LYS,29) self-energy      69.21165414 pruned by (A51-LYS, 0)     -21.95337419.
  Rotamer (A51-LYS,30) self-energy      32.74593323 pruned by (A51-LYS, 0)     -21.95337419.
  Rotamer (A51-LYS,31) self-energy     410.60573809 pruned by (A51-LYS, 0)     -21.95337419.
  Rotamer (A51-LYS,32) self-energy    7557.54409619 pruned by (A51-LYS, 0)     -21.95337419.
  Rotamer (A51-LYS,33) self-energy      46.47538882 pruned by (A51-LYS, 0)     -21.95337419.
  Rotamer (A51-LYS,34) self-energy     108.49549668 pruned by (A51-LYS, 0)     -21.95337419.
  Rotamer (A51-LYS,35) self-energy     114.20877741 pruned by (A51-LYS, 0)     -21.95337419.
  Rotamer (A51-LYS,36) self-energy     109.52027401 pruned by (A51-LYS, 0)     -21.95337419.
  Rotamer (A51-LYS,44) self-energy     167.64599588 pruned by (A51-LYS, 0)     -21.95337419.
  Rotamer (A51-LYS,45) self-energy      61.65974177 pruned by (A51-LYS, 0)     -21.95337419.
  Rotamer (A51-LYS,46) self-energy      12.48779436 pruned by (A51-LYS, 0)     -21.95337419.
  Rotamer (A51-LYS,47) self-energy      98.15910470 pruned by (A51-LYS, 0)     -21.95337419.
  Rotamer (A51-LYS,48) self-energy      11.72648453 pruned by (A51-LYS, 0)     -21.95337419.
  Rotamer (A51-LYS,49) self-energy      18.35169548 pruned by (A51-LYS, 0)     -21.95337419.
  Rotamer (A51-LYS,50) self-energy      30.49271529 pruned by (A51-LYS, 0)     -21.95337419.
  Rotamer (A51-LYS,51) self-energy     363.52902069 pruned by (A51-LYS, 0)     -21.95337419.
  Rotamer (A51-LYS,52) self-energy    2239.58171021 pruned by (A51-LYS, 0)     -21.95337419.
  Rotamer (A51-LYS,53) self-energy    6233.19145506 pruned by (A51-LYS, 0)     -21.95337419.
  Rotamer (A51-LYS,54) self-energy    2250.08563129 pruned by (A51-LYS, 0)     -21.95337419.
  Rotamer (A51-LYS,55) self-energy    2620.34299905 pruned by (A51-LYS, 0)     -21.95337419.
  Rotamer (A52-LYD, 1) self-energy      30.05191124 pruned by (A52-LYS, 0)     -23.22701088.
  Rotamer (A52-LYD, 2) self-energy      48.05244710 pruned by (A52-LYS, 0)     -23.22701088.
  Rotamer (A52-LYD, 3) self-energy      88.58770687 pruned by (A52-LYS, 0)     -23.22701088.
  Rotamer (A52-LYD, 4) self-energy      86.27661799 pruned by (A52-LYS, 0)     -23.22701088.
  Rotamer (A52-LYD, 5) self-energy    2800.50020905 pruned by (A52-LYS, 0)     -23.22701088.
  Rotamer (A52-LYD, 6) self-energy      46.74652235 pruned by (A52-LYS, 0)     -23.22701088.
  Rotamer (A52-LYD, 7) self-energy   48293.36477722 pruned by (A52-LYS, 0)     -23.22701088.
  Rotamer (A52-LYD, 8) self-energy    5559.68434747 pruned by (A52-LYS, 0)     -23.22701088.
  Rotamer (A52-LYD, 9) self-energy    4875.33652004 pruned by (A52-LYS, 0)     -23.22701088.
  Rotamer (A52-LYD,10) self-energy      34.09428816 pruned by (A52-LYS, 0)     -23.22701088.
  Rotamer (A52-LYD,11) self-energy      32.95116751 pruned by (A52-LYS, 0)     -23.22701088.
  Rotamer (A52-LYD,12) self-energy      33.49766267 pruned by (A52-LYS, 0)     -23.22701088.
  Rotamer (A52-LYD,13) self-energy      31.65506237 pruned by (A52-LYS, 0)     -23.22701088.
  Rotamer (A52-LYD,14) self-energy      36.66866469 pruned by (A52-LYS, 0)     -23.22701088.
  Rotamer (A52-LYD,15) self-energy      32.92454189 pruned by (A52-LYS, 0)     -23.22701088.
  Rotamer (A52-LYD,16) self-energy      35.23900533 pruned by (A52-LYS, 0)     -23.22701088.
  Rotamer (A52-LYD,17) self-energy      50.93185202 pruned by (A52-LYS, 0)     -23.22701088.
  Rotamer (A52-LYD,18) self-energy      79.70331509 pruned by (A52-LYS, 0)     -23.22701088.
  Rotamer (A52-LYD,19) self-energy      34.78221551 pruned by (A52-LYS, 0)     -23.22701088.
  Rotamer (A52-LYD,20) self-energy      35.23752517 pruned by (A52-LYS, 0)     -23.22701088.
  Rotamer (A52-LYD,21) self-energy      33.21222322 pruned by (A52-LYS, 0)     -23.22701088.
  Rotamer (A52-LYD,22) self-energy      35.09840837 pruned by (A52-LYS, 0)     -23.22701088.
  Rotamer (A52-LYD,23) self-energy      35.80593480 pruned by (A52-LYS, 0)     -23.22701088.
  Rotamer (A52-LYD,24) self-energy      85.46774396 pruned by (A52-LYS, 0)     -23.22701088.
  Rotamer (A52-LYD,25) self-energy      37.48341001 pruned by (A52-LYS, 0)     -23.22701088.
  Rotamer (A52-LYD,26) self-energy      36.55607596 pruned by (A52-LYS, 0)     -23.22701088.
  Rotamer (A52-LYD,27) self-energy      38.21345115 pruned by (A52-LYS, 0)     -23.22701088.
  Rotamer (A52-LYD,28) self-energy      37.94755060 pruned by (A52-LYS, 0)     -23.22701088.
  Rotamer (A52-LYS,31) self-energy      34.68332046 pruned by (A52-LYS, 0)     -23.22701088.
  Rotamer (A52-LYS,32) self-energy    2786.29891354 pruned by (A52-LYS, 0)     -23.22701088.
  Rotamer (A52-LYS,34) self-energy   48516.74577495 pruned by (A52-LYS, 0)     -23.22701088.
  Rotamer (A52-LYS,35) self-energy    5512.47971328 pruned by (A52-LYS, 0)     -23.22701088.
  Rotamer (A52-LYS,36) self-energy    4830.25202534 pruned by (A52-LYS, 0)     -23.22701088.
  Rotamer (A52-LYS,45) self-energy      31.79369295 pruned by (A52-LYS, 0)     -23.22701088.
  Rotamer (A52-LYS,51) self-energy      34.20380603 pruned by (A52-LYS, 0)     -23.22701088.
  Rotamer (A55-GLH, 2) self-energy      28.64748227 pruned by (A55-GLU, 0)     -11.73797867.
  Rotamer (A55-GLH, 3) self-energy   37036.03626590 pruned by (A55-GLU, 0)     -11.73797867.
  Rotamer (A55-GLH, 4) self-energy      15.41941264 pruned by (A55-GLU, 0)     -11.73797867.
  Rotamer (A55-GLH, 6) self-energy      17.65739609 pruned by (A55-GLU, 0)     -11.73797867.
  Rotamer (A55-GLH, 7) self-energy    4256.60498969 pruned by (A55-GLU, 0)     -11.73797867.
  Rotamer (A55-GLH, 9) self-energy     263.80546979 pruned by (A55-GLU, 0)     -11.73797867.
  Rotamer (A55-GLH,10) self-energy      27.40025860 pruned by (A55-GLU, 0)     -11.73797867.
  Rotamer (A55-GLH,11) self-energy   10987.59509374 pruned by (A55-GLU, 0)     -11.73797867.
  Rotamer (A55-GLH,12) self-energy      19.17530017 pruned by (A55-GLU, 0)     -11.73797867.
  Rotamer (A55-GLH,13) self-energy      15.00206925 pruned by (A55-GLU, 0)     -11.73797867.
  Rotamer (A55-GLH,14) self-energy      30.29209664 pruned by (A55-GLU, 0)     -11.73797867.
  Rotamer (A55-GLH,15) self-energy   10145.76399798 pruned by (A55-GLU, 0)     -11.73797867.
  Rotamer (A55-GLH,17) self-energy     279.56697117 pruned by (A55-GLU, 0)     -11.73797867.
  Rotamer (A55-GLH,18) self-energy      90.93911038 pruned by (A55-GLU, 0)     -11.73797867.
  Rotamer (A55-GLH,19) self-energy   36700.35461214 pruned by (A55-GLU, 0)     -11.73797867.
  Rotamer (A55-GLH,20) self-energy      19.31315035 pruned by (A55-GLU, 0)     -11.73797867.
  Rotamer (A55-GLH,21) self-energy      15.81673301 pruned by (A55-GLU, 0)     -11.73797867.
  Rotamer (A55-GLH,22) self-energy      21.61200558 pruned by (A55-GLU, 0)     -11.73797867.
  Rotamer (A55-GLH,23) self-energy    4242.82173832 pruned by (A55-GLU, 0)     -11.73797867.
  Rotamer (A55-GLH,25) self-energy     346.42020043 pruned by (A55-GLU, 0)     -11.73797867.
  Rotamer (A55-GLH,26) self-energy      45.81512934 pruned by (A55-GLU, 0)     -11.73797867.
  Rotamer (A55-GLH,27) self-energy    8238.57100961 pruned by (A55-GLU, 0)     -11.73797867.
  Rotamer (A55-GLH,28) self-energy      36.88941935 pruned by (A55-GLU, 0)     -11.73797867.
  Rotamer (A55-GLH,29) self-energy      32.60643035 pruned by (A55-GLU, 0)     -11.73797867.
  Rotamer (A55-GLH,30) self-energy      57.53614882 pruned by (A55-GLU, 0)     -11.73797867.
  Rotamer (A55-GLH,31) self-energy    3701.73751252 pruned by (A55-GLU, 0)     -11.73797867.
  Rotamer (A55-GLH,32) self-energy      29.22200987 pruned by (A55-GLU, 0)     -11.73797867.
  Rotamer (A55-GLH,33) self-energy     293.94344327 pruned by (A55-GLU, 0)     -11.73797867.
  Rotamer (A55-GLU,35) self-energy   46181.64551632 pruned by (A55-GLU, 0)     -11.73797867.
  Rotamer (A55-GLU,39) self-energy    5815.52912169 pruned by (A55-GLU, 0)     -11.73797867.
  Rotamer (A55-GLU,41) self-energy     415.47834501 pruned by (A55-GLU, 0)     -11.73797867.
  Rotamer (A58-LYD, 1) self-energy      29.07593439 pruned by (A58-LYS,31)     -24.11653143.
  Rotamer (A58-LYD, 2) self-energy      30.54763076 pruned by (A58-LYS,31)     -24.11653143.
  Rotamer (A58-LYD, 3) self-energy      29.77869425 pruned by (A58-LYS,31)     -24.11653143.
  Rotamer (A58-LYD, 4) self-energy      28.94252531 pruned by (A58-LYS,31)     -24.11653143.
  Rotamer (A58-LYD, 5) self-energy      30.38426104 pruned by (A58-LYS,31)     -24.11653143.
  Rotamer (A58-LYD, 6) self-energy      30.59348365 pruned by (A58-LYS,31)     -24.11653143.
  Rotamer (A58-LYD, 7) self-energy      33.32926666 pruned by (A58-LYS,31)     -24.11653143.
  Rotamer (A58-LYD, 8) self-energy      32.52858890 pruned by (A58-LYS,31)     -24.11653143.
  Rotamer (A58-LYD, 9) self-energy      34.37867172 pruned by (A58-LYS,31)     -24.11653143.
  Rotamer (A58-LYD,10) self-energy      33.03445090 pruned by (A58-LYS,31)     -24.11653143.
  Rotamer (A58-LYD,11) self-energy      31.80484165 pruned by (A58-LYS,31)     -24.11653143.
  Rotamer (A58-LYD,12) self-energy      31.22977637 pruned by (A58-LYS,31)     -24.11653143.
  Rotamer (A58-LYD,13) self-energy      30.23899047 pruned by (A58-LYS,31)     -24.11653143.
  Rotamer (A58-LYD,14) self-energy      32.09813898 pruned by (A58-LYS,31)     -24.11653143.
  Rotamer (A58-LYD,15) self-energy      31.86182025 pruned by (A58-LYS,31)     -24.11653143.
  Rotamer (A58-LYD,16) self-energy      34.22383537 pruned by (A58-LYS,31)     -24.11653143.
  Rotamer (A58-LYD,17) self-energy      43.65824024 pruned by (A58-LYS,31)     -24.11653143.
  Rotamer (A58-LYD,18) self-energy      75.44080346 pruned by (A58-LYS,31)     -24.11653143.
  Rotamer (A58-LYD,19) self-energy      30.61401374 pruned by (A58-LYS,31)     -24.11653143.
  Rotamer (A58-LYD,20) self-energy      30.11181401 pruned by (A58-LYS,31)     -24.11653143.
  Rotamer (A58-LYD,21) self-energy      29.07747943 pruned by (A58-LYS,31)     -24.11653143.
  Rotamer (A58-LYD,22) self-energy      30.95223413 pruned by (A58-LYS,31)     -24.11653143.
  Rotamer (A58-LYD,23) self-energy      30.65917190 pruned by (A58-LYS,31)     -24.11653143.
  Rotamer (A58-LYD,24) self-energy      32.93393204 pruned by (A58-LYS,31)     -24.11653143.
  Rotamer (A58-LYD,25) self-energy      31.88579956 pruned by (A58-LYS,31)     -24.11653143.
  Rotamer (A58-LYD,26) self-energy      30.94217989 pruned by (A58-LYS,31)     -24.11653143.
  Rotamer (A58-LYD,27) self-energy      32.68479785 pruned by (A58-LYS,31)     -24.11653143.
  Rotamer (A58-LYD,28) self-energy      32.65835333 pruned by (A58-LYS,31)     -24.11653143.
  Rotamer (A58-LYS,45) self-energy      26.93058690 pruned by (A58-LYS,31)     -24.11653143.
  Rotamer (A59-LYD, 1) self-energy      30.21270119 pruned by (A59-LYS,40)     -22.62478036.
  Rotamer (A59-LYD, 2) self-energy      41.13347063 pruned by (A59-LYS,40)     -22.62478036.
  Rotamer (A59-LYD, 3) self-energy     224.98390826 pruned by (A59-LYS,40)     -22.62478036.
  Rotamer (A59-LYD, 4) self-energy      70.83236793 pruned by (A59-LYS,40)     -22.62478036.
  Rotamer (A59-LYD, 5) self-energy      89.25110713 pruned by (A59-LYS,40)     -22.62478036.
  Rotamer (A59-LYD, 6) self-energy      40.37548590 pruned by (A59-LYS,40)     -22.62478036.
  Rotamer (A59-LYD, 7) self-energy      34.35485320 pruned by (A59-LYS,40)     -22.62478036.
  Rotamer (A59-LYD, 8) self-energy      33.23925452 pruned by (A59-LYS,40)     -22.62478036.
  Rotamer (A59-LYD, 9) self-energy      34.50037700 pruned by (A59-LYS,40)     -22.62478036.
  Rotamer (A59-LYD,10) self-energy      31.81916969 pruned by (A59-LYS,40)     -22.62478036.
  Rotamer (A59-LYD,11) self-energy      31.91228974 pruned by (A59-LYS,40)     -22.62478036.
  Rotamer (A59-LYD,12) self-energy      31.10282372 pruned by (A59-LYS,40)     -22.62478036.
  Rotamer (A59-LYD,13) self-energy      30.20526050 pruned by (A59-LYS,40)     -22.62478036.
  Rotamer (A59-LYD,14) self-energy      30.49978676 pruned by (A59-LYS,40)     -22.62478036.
  Rotamer (A59-LYD,15) self-energy      32.56027229 pruned by (A59-LYS,40)     -22.62478036.
  Rotamer (A59-LYD,16) self-energy      34.92126302 pruned by (A59-LYS,40)     -22.62478036.
  Rotamer (A59-LYD,17) self-energy      78.76543833 pruned by (A59-LYS,40)     -22.62478036.
  Rotamer (A59-LYD,18) self-energy      79.89510366 pruned by (A59-LYS,40)     -22.62478036.
  Rotamer (A59-LYD,19) self-energy      35.26782561 pruned by (A59-LYS,40)     -22.62478036.
  Rotamer (A59-LYD,20) self-energy      34.60890219 pruned by (A59-LYS,40)     -22.62478036.
  Rotamer (A59-LYD,21) self-energy      33.71645450 pruned by (A59-LYS,40)     -22.62478036.
  Rotamer (A59-LYD,22) self-energy      35.58462077 pruned by (A59-LYS,40)     -22.62478036.
  Rotamer (A59-LYD,23) self-energy      35.32361348 pruned by (A59-LYS,40)     -22.62478036.
  Rotamer (A59-LYD,24) self-energy      37.64330798 pruned by (A59-LYS,40)     -22.62478036.
  Rotamer (A59-LYD,25) self-energy      37.55239581 pruned by (A59-LYS,40)     -22.62478036.
  Rotamer (A59-LYD,26) self-energy      36.57515371 pruned by (A59-LYS,40)     -22.62478036.
  Rotamer (A59-LYD,27) self-energy      38.90521601 pruned by (A59-LYS,40)     -22.62478036.
  Rotamer (A59-LYD,28) self-energy      38.45891929 pruned by (A59-LYS,40)     -22.62478036.
  Rotamer (A59-LYS,31) self-energy      19.02691090 pruned by (A59-LYS,40)     -22.62478036.
  Rotamer (A59-LYS,32) self-energy      37.97901829 pruned by (A59-LYS,40)     -22.62478036.
  Rotamer (A59-LYS,44) self-energy      28.25050572 pruned by (A59-LYS,40)     -22.62478036.
  Rotamer (A59-LYS,45) self-energy      31.95753747 pruned by (A59-LYS,40)     -22.62478036.
  Rotamer (A61-GLH, 2) self-energy     137.99874908 pruned by (A61-GLU,40)     -11.62578704.
  Rotamer (A61-GLH, 3) self-energy    3012.25271665 pruned by (A61-GLU,40)     -11.62578704.
  Rotamer (A61-GLH, 4) self-energy    1740.42126763 pruned by (A61-GLU,40)     -11.62578704.
  Rotamer (A61-GLH, 5) self-energy     138.00122825 pruned by (A61-GLU,40)     -11.62578704.
  Rotamer (A61-GLH, 6) self-energy     185.17163668 pruned by (A61-GLU,40)     -11.62578704.
  Rotamer (A61-GLH, 9) self-energy      17.15450656 pruned by (A61-GLU,40)     -11.62578704.
  Rotamer (A61-GLH,10) self-energy     104.70492429 pruned by (A61-GLU,40)     -11.62578704.
  Rotamer (A61-GLH,11) self-energy    1602.18075674 pruned by (A61-GLU,40)     -11.62578704.
  Rotamer (A61-GLH,12) self-energy     583.36822741 pruned by (A61-GLU,40)     -11.62578704.
  Rotamer (A61-GLH,13) self-energy      85.78546935 pruned by (A61-GLU,40)     -11.62578704.
  Rotamer (A61-GLH,14) self-energy     120.68976851 pruned by (A61-GLU,40)     -11.62578704.
  Rotamer (A61-GLH,15) self-energy      16.25502660 pruned by (A61-GLU,40)     -11.62578704.
  Rotamer (A61-GLH,17) self-energy      56.94593805 pruned by (A61-GLU,40)     -11.62578704.
  Rotamer (A61-GLH,18) self-energy     342.40542122 pruned by (A61-GLU,40)     -11.62578704.
  Rotamer (A61-GLH,19) self-energy    5669.13568377 pruned by (A61-GLU,40)     -11.62578704.
  Rotamer (A61-GLH,20) self-energy    1680.91066504 pruned by (A61-GLU,40)     -11.62578704.
  Rotamer (A61-GLH,21) self-energy     275.46631356 pruned by (A61-GLU,40)     -11.62578704.
  Rotamer (A61-GLH,22) self-energy     247.14269452 pruned by (A61-GLU,40)     -11.62578704.
  Rotamer (A61-GLH,23) self-energy      14.01312382 pruned by (A61-GLU,40)     -11.62578704.
  Rotamer (A61-GLH,25) self-energy      21.45479145 pruned by (A61-GLU,40)     -11.62578704.
  Rotamer (A61-GLH,26) self-energy     123.34689933 pruned by (A61-GLU,40)     -11.62578704.
  Rotamer (A61-GLH,27) self-energy    1631.12776081 pruned by (A61-GLU,40)     -11.62578704.
  Rotamer (A61-GLH,28) self-energy     597.38011041 pruned by (A61-GLU,40)     -11.62578704.
  Rotamer (A61-GLH,29) self-energy     103.68931014 pruned by (A61-GLU,40)     -11.62578704.
  Rotamer (A61-GLH,30) self-energy     141.04653156 pruned by (A61-GLU,40)     -11.62578704.
  Rotamer (A61-GLH,31) self-energy      46.99114881 pruned by (A61-GLU,40)     -11.62578704.
  Rotamer (A61-GLH,32) self-energy      28.53821089 pruned by (A61-GLU,40)     -11.62578704.
  Rotamer (A61-GLH,33) self-energy      47.54382241 pruned by (A61-GLU,40)     -11.62578704.
  Rotamer (A61-GLU,34) self-energy      93.71890976 pruned by (A61-GLU,40)     -11.62578704.
  Rotamer (A61-GLU,35) self-energy    2614.23411240 pruned by (A61-GLU,40)     -11.62578704.
  Rotamer (A61-GLU,36) self-energy     771.06460559 pruned by (A61-GLU,40)     -11.62578704.
  Rotamer (A61-GLU,37) self-energy     105.87776149 pruned by (A61-GLU,40)     -11.62578704.
  Rotamer (A61-GLU,38) self-energy     113.91445767 pruned by (A61-GLU,40)     -11.62578704.
  Rotamer (A63-GLH, 1) self-energy      15.87768046 pruned by (A63-GLU, 0)      -9.86190712.
  Rotamer (A63-GLH, 2) self-energy     333.58815603 pruned by (A63-GLU, 0)      -9.86190712.
  Rotamer (A63-GLH, 3) self-energy     699.39049120 pruned by (A63-GLU, 0)      -9.86190712.
  Rotamer (A63-GLH, 4) self-energy    1336.82490327 pruned by (A63-GLU, 0)      -9.86190712.
  Rotamer (A63-GLH, 5) self-energy      40.41196235 pruned by (A63-GLU, 0)      -9.86190712.
  Rotamer (A63-GLH, 6) self-energy   13618.90713867 pruned by (A63-GLU, 0)      -9.86190712.
  Rotamer (A63-GLH, 7) self-energy      99.30961228 pruned by (A63-GLU, 0)      -9.86190712.
  Rotamer (A63-GLH, 8) self-energy      73.45129288 pruned by (A63-GLU, 0)      -9.86190712.
  Rotamer (A63-GLH, 9) self-energy   31919.99954304 pruned by (A63-GLU, 0)      -9.86190712.
  Rotamer (A63-GLH,10) self-energy     311.29268976 pruned by (A63-GLU, 0)      -9.86190712.
  Rotamer (A63-GLH,11) self-energy     775.26236597 pruned by (A63-GLU, 0)      -9.86190712.
  Rotamer (A63-GLH,12) self-energy    1216.76815732 pruned by (A63-GLU, 0)      -9.86190712.
  Rotamer (A63-GLH,13) self-energy      65.29879744 pruned by (A63-GLU, 0)      -9.86190712.
  Rotamer (A63-GLH,14) self-energy     415.73360123 pruned by (A63-GLU, 0)      -9.86190712.
  Rotamer (A63-GLH,15) self-energy     182.19435568 pruned by (A63-GLU, 0)      -9.86190712.
  Rotamer (A63-GLH,16) self-energy      62.08462574 pruned by (A63-GLU, 0)      -9.86190712.
  Rotamer (A63-GLH,17) self-energy   35790.98431491 pruned by (A63-GLU, 0)      -9.86190712.
  Rotamer (A63-GLH,18) self-energy     530.29369141 pruned by (A63-GLU, 0)      -9.86190712.
  Rotamer (A63-GLH,19) self-energy    3298.03410329 pruned by (A63-GLU, 0)      -9.86190712.
  Rotamer (A63-GLH,20) self-energy    1015.60204083 pruned by (A63-GLU, 0)      -9.86190712.
  Rotamer (A63-GLH,21) self-energy      92.70656757 pruned by (A63-GLU, 0)      -9.86190712.
  Rotamer (A63-GLH,22) self-energy     542.69802215 pruned by (A63-GLU, 0)      -9.86190712.
  Rotamer (A63-GLH,23) self-energy     100.91314434 pruned by (A63-GLU, 0)      -9.86190712.
  Rotamer (A63-GLH,24) self-energy      76.91136329 pruned by (A63-GLU, 0)      -9.86190712.
  Rotamer (A63-GLH,25) self-energy   12496.46866685 pruned by (A63-GLU, 0)      -9.86190712.
  Rotamer (A63-GLH,26) self-energy     300.55530249 pruned by (A63-GLU, 0)      -9.86190712.
  Rotamer (A63-GLH,27) self-energy     785.53531278 pruned by (A63-GLU, 0)      -9.86190712.
  Rotamer (A63-GLH,28) self-energy     390.18023984 pruned by (A63-GLU, 0)      -9.86190712.
  Rotamer (A63-GLH,29) self-energy      64.85588014 pruned by (A63-GLU, 0)      -9.86190712.
  Rotamer (A63-GLH,30) self-energy     328.13591841 pruned by (A63-GLU, 0)      -9.86190712.
  Rotamer (A63-GLH,31) self-energy     156.28742621 pruned by (A63-GLU, 0)      -9.86190712.
  Rotamer (A63-GLH,32) self-energy      75.29332837 pruned by (A63-GLU, 0)      -9.86190712.
  Rotamer (A63-GLH,33) self-energy   33994.19106586 pruned by (A63-GLU, 0)      -9.86190712.
  Rotamer (A63-GLU,34) self-energy     287.71049296 pruned by (A63-GLU, 0)      -9.86190712.
  Rotamer (A63-GLU,35) self-energy     777.97640449 pruned by (A63-GLU, 0)      -9.86190712.
  Rotamer (A63-GLU,36) self-energy     840.93532138 pruned by (A63-GLU, 0)      -9.86190712.
  Rotamer (A63-GLU,38) self-energy     334.43423987 pruned by (A63-GLU, 0)      -9.86190712.
  Rotamer (A63-GLU,39) self-energy      98.74758163 pruned by (A63-GLU, 0)      -9.86190712.
  Rotamer (A63-GLU,40) self-energy      64.91592913 pruned by (A63-GLU, 0)      -9.86190712.
  Rotamer (A63-GLU,41) self-energy   80618.71688459 pruned by (A63-GLU, 0)      -9.86190712.
  Rotamer (A65-ASH, 1) self-energy      41.22833876 pruned by (A65-ASP, 0)     -11.52911494.
  Rotamer (A65-ASH, 2) self-energy     150.91328859 pruned by (A65-ASP, 0)     -11.52911494.
  Rotamer (A65-ASH, 3) self-energy     169.79798902 pruned by (A65-ASP, 0)     -11.52911494.
  Rotamer (A65-ASH, 4) self-energy     141.90713685 pruned by (A65-ASP, 0)     -11.52911494.
  Rotamer (A65-ASH, 5) self-energy      65.69493988 pruned by (A65-ASP, 0)     -11.52911494.
  Rotamer (A65-ASH, 6) self-energy     511.60521592 pruned by (A65-ASP, 0)     -11.52911494.
  Rotamer (A65-ASH, 7) self-energy     195.88171244 pruned by (A65-ASP, 0)     -11.52911494.
  Rotamer (A65-ASH, 8) self-energy     450.53579159 pruned by (A65-ASP, 0)     -11.52911494.
  Rotamer (A65-ASH, 9) self-energy      76.98676091 pruned by (A65-ASP, 0)     -11.52911494.
  Rotamer (A65-ASH,10) self-energy      78.16506713 pruned by (A65-ASP, 0)     -11.52911494.
  Rotamer (A65-ASH,11) self-energy     365.64895494 pruned by (A65-ASP, 0)     -11.52911494.
  Rotamer (A65-ASH,12) self-energy     139.44193186 pruned by (A65-ASP, 0)     -11.52911494.
  Rotamer (A65-ASH,13) self-energy     192.79153627 pruned by (A65-ASP, 0)     -11.52911494.
  Rotamer (A65-ASH,14) self-energy     135.06075610 pruned by (A65-ASP, 0)     -11.52911494.
  Rotamer (A65-ASH,15) self-energy      79.78735209 pruned by (A65-ASP, 0)     -11.52911494.
  Rotamer (A65-ASH,16) self-energy     402.78505006 pruned by (A65-ASP, 0)     -11.52911494.
  Rotamer (A65-ASH,17) self-energy     200.11431620 pruned by (A65-ASP, 0)     -11.52911494.
  Rotamer (A65-ASH,18) self-energy     224.28200173 pruned by (A65-ASP, 0)     -11.52911494.
  Rotamer (A65-ASH,19) self-energy     117.65791891 pruned by (A65-ASP, 0)     -11.52911494.
  Rotamer (A65-ASH,20) self-energy      76.17568890 pruned by (A65-ASP, 0)     -11.52911494.
  Rotamer (A65-ASH,21) self-energy     219.95838151 pruned by (A65-ASP, 0)     -11.52911494.
  Rotamer (A65-ASP,22) self-energy     156.22525256 pruned by (A65-ASP, 0)     -11.52911494.
  Rotamer (A65-ASP,23) self-energy     162.11984825 pruned by (A65-ASP, 0)     -11.52911494.
  Rotamer (A65-ASP,24) self-energy      52.61430234 pruned by (A65-ASP, 0)     -11.52911494.
  Rotamer (A65-ASP,25) self-energy      70.26935358 pruned by (A65-ASP, 0)     -11.52911494.
  Rotamer (A65-ASP,26) self-energy     470.37034051 pruned by (A65-ASP, 0)     -11.52911494.
  Rotamer (A66-LYD, 1) self-energy      31.54051193 pruned by (A66-LYS, 0)     -20.92368068.
  Rotamer (A66-LYD, 2) self-energy      33.79640807 pruned by (A66-LYS, 0)     -20.92368068.
  Rotamer (A66-LYD, 3) self-energy      33.15660095 pruned by (A66-LYS, 0)     -20.92368068.
  Rotamer (A66-LYD, 4) self-energy      32.10945635 pruned by (A66-LYS, 0)     -20.92368068.
  Rotamer (A66-LYD, 5) self-energy      33.12657748 pruned by (A66-LYS, 0)     -20.92368068.
  Rotamer (A66-LYD, 6) self-energy      33.87753787 pruned by (A66-LYS, 0)     -20.92368068.
  Rotamer (A66-LYD, 7) self-energy      34.41987628 pruned by (A66-LYS, 0)     -20.92368068.
  Rotamer (A66-LYD, 8) self-energy      33.65059237 pruned by (A66-LYS, 0)     -20.92368068.
  Rotamer (A66-LYD, 9) self-energy      35.51484593 pruned by (A66-LYS, 0)     -20.92368068.
  Rotamer (A66-LYD,10) self-energy      34.38151005 pruned by (A66-LYS, 0)     -20.92368068.
  Rotamer (A66-LYD,11) self-energy      33.16780243 pruned by (A66-LYS, 0)     -20.92368068.
  Rotamer (A66-LYD,12) self-energy      32.52369130 pruned by (A66-LYS, 0)     -20.92368068.
  Rotamer (A66-LYD,13) self-energy      31.54708176 pruned by (A66-LYS, 0)     -20.92368068.
  Rotamer (A66-LYD,14) self-energy      33.45260539 pruned by (A66-LYS, 0)     -20.92368068.
  Rotamer (A66-LYD,15) self-energy      33.21755221 pruned by (A66-LYS, 0)     -20.92368068.
  Rotamer (A66-LYD,16) self-energy      35.60857681 pruned by (A66-LYS, 0)     -20.92368068.
  Rotamer (A66-LYD,17) self-energy      62.22053699 pruned by (A66-LYS, 0)     -20.92368068.
  Rotamer (A66-LYD,18) self-energy      77.93022528 pruned by (A66-LYS, 0)     -20.92368068.
  Rotamer (A66-LYD,19) self-energy      33.04212634 pruned by (A66-LYS, 0)     -20.92368068.
  Rotamer (A66-LYD,20) self-energy      32.02270873 pruned by (A66-LYS, 0)     -20.92368068.
  Rotamer (A66-LYD,21) self-energy      31.62424836 pruned by (A66-LYS, 0)     -20.92368068.
  Rotamer (A66-LYD,22) self-energy      33.63602397 pruned by (A66-LYS, 0)     -20.92368068.
  Rotamer (A66-LYD,23) self-energy      33.05895651 pruned by (A66-LYS, 0)     -20.92368068.
  Rotamer (A66-LYD,24) self-energy      39.16506860 pruned by (A66-LYS, 0)     -20.92368068.
  Rotamer (A66-LYD,25) self-energy      37.52909544 pruned by (A66-LYS, 0)     -20.92368068.
  Rotamer (A66-LYD,26) self-energy      36.90471900 pruned by (A66-LYS, 0)     -20.92368068.
  Rotamer (A66-LYD,27) self-energy     170.10374478 pruned by (A66-LYS, 0)     -20.92368068.
  Rotamer (A66-LYD,28) self-energy      35.07618373 pruned by (A66-LYS, 0)     -20.92368068.
  Rotamer (A66-LYS,44) self-energy      13.72707245 pruned by (A66-LYS, 0)     -20.92368068.
  Rotamer (A66-LYS,45) self-energy      30.33399840 pruned by (A66-LYS, 0)     -20.92368068.
  Rotamer (A66-LYS,54) self-energy     137.10867987 pruned by (A66-LYS, 0)     -20.92368068.
  Rotamer (A71-ASH, 1) self-energy      48.82186205 pruned by (A71-ASP, 0)     -17.34821277.
  Rotamer (A71-ASH, 2) self-energy      37.36663022 pruned by (A71-ASP, 0)     -17.34821277.
  Rotamer (A71-ASH, 3) self-energy      56.67741205 pruned by (A71-ASP, 0)     -17.34821277.
  Rotamer (A71-ASH, 4) self-energy      80.53389111 pruned by (A71-ASP, 0)     -17.34821277.
  Rotamer (A71-ASH, 5) self-energy      23.69130128 pruned by (A71-ASP, 0)     -17.34821277.
  Rotamer (A71-ASH, 6) self-energy    2896.98561531 pruned by (A71-ASP, 0)     -17.34821277.
  Rotamer (A71-ASH, 7) self-energy      33.47734920 pruned by (A71-ASP, 0)     -17.34821277.
  Rotamer (A71-ASH, 8) self-energy      41.32102986 pruned by (A71-ASP, 0)     -17.34821277.
  Rotamer (A71-ASH, 9) self-energy      91.49555140 pruned by (A71-ASP, 0)     -17.34821277.
  Rotamer (A71-ASH,10) self-energy      21.93259754 pruned by (A71-ASP, 0)     -17.34821277.
  Rotamer (A71-ASH,11) self-energy   42082.99735929 pruned by (A71-ASP, 0)     -17.34821277.
  Rotamer (A71-ASH,12) self-energy      26.31265784 pruned by (A71-ASP, 0)     -17.34821277.
  Rotamer (A71-ASH,13) self-energy      27.96150489 pruned by (A71-ASP, 0)     -17.34821277.
  Rotamer (A71-ASH,14) self-energy      86.65963560 pruned by (A71-ASP, 0)     -17.34821277.
  Rotamer (A71-ASH,15) self-energy      31.30833887 pruned by (A71-ASP, 0)     -17.34821277.
  Rotamer (A71-ASH,16) self-energy    2885.22697360 pruned by (A71-ASP, 0)     -17.34821277.
  Rotamer (A71-ASH,17) self-energy      69.17775881 pruned by (A71-ASP, 0)     -17.34821277.
  Rotamer (A71-ASH,18) self-energy      79.89882441 pruned by (A71-ASP, 0)     -17.34821277.
  Rotamer (A71-ASH,19) self-energy     151.61066773 pruned by (A71-ASP, 0)     -17.34821277.
  Rotamer (A71-ASH,20) self-energy      27.55660015 pruned by (A71-ASP, 0)     -17.34821277.
  Rotamer (A71-ASH,21) self-energy    1380.02414818 pruned by (A71-ASP, 0)     -17.34821277.
  Rotamer (A71-ASP,24) self-energy      60.44402450 pruned by (A71-ASP, 0)     -17.34821277.
  Rotamer (A71-ASP,26) self-energy    4192.24193437 pruned by (A71-ASP, 0)     -17.34821277.
  Rotamer (A72-LYD, 1) self-energy      29.88968080 pruned by (A72-LYS, 0)     -22.83209986.
  Rotamer (A72-LYD, 2) self-energy      33.26956906 pruned by (A72-LYS, 0)     -22.83209986.
  Rotamer (A72-LYD, 3) self-energy      99.02813672 pruned by (A72-LYS, 0)     -22.83209986.
  Rotamer (A72-LYD, 4) self-energy      32.66322766 pruned by (A72-LYS, 0)     -22.83209986.
  Rotamer (A72-LYD, 5) self-energy      34.74975775 pruned by (A72-LYS, 0)     -22.83209986.
  Rotamer (A72-LYD, 6) self-energy      33.11684681 pruned by (A72-LYS, 0)     -22.83209986.
  Rotamer (A72-LYD, 7) self-energy      38.43837542 pruned by (A72-LYS, 0)     -22.83209986.
  Rotamer (A72-LYD, 8) self-energy      37.43883412 pruned by (A72-LYS, 0)     -22.83209986.
  Rotamer (A72-LYD, 9) self-energy      39.29792392 pruned by (A72-LYS, 0)     -22.83209986.
  Rotamer (A72-LYD,10) self-energy      37.46943555 pruned by (A72-LYS, 0)     -22.83209986.
  Rotamer (A72-LYD,11) self-energy      36.49150462 pruned by (A72-LYS, 0)     -22.83209986.
  Rotamer (A72-LYD,12) self-energy      35.88864905 pruned by (A72-LYS, 0)     -22.83209986.
  Rotamer (A72-LYD,13) self-energy      34.91005348 pruned by (A72-LYS, 0)     -22.83209986.
  Rotamer (A72-LYD,14) self-energy      36.77152455 pruned by (A72-LYS, 0)     -22.83209986.
  Rotamer (A72-LYD,15) self-energy      36.53255860 pruned by (A72-LYS, 0)     -22.83209986.
  Rotamer (A72-LYD,16) self-energy      38.92759582 pruned by (A72-LYS, 0)     -22.83209986.
  Rotamer (A72-LYD,17) self-energy      47.62992477 pruned by (A72-LYS, 0)     -22.83209986.
  Rotamer (A72-LYD,18) self-energy      79.13843937 pruned by (A72-LYS, 0)     -22.83209986.
  Rotamer (A72-LYD,19) self-energy      34.32773869 pruned by (A72-LYS, 0)     -22.83209986.
  Rotamer (A72-LYD,20) self-energy      33.77038567 pruned by (A72-LYS, 0)     -22.83209986.
  Rotamer (A72-LYD,21) self-energy      32.79178937 pruned by (A72-LYS, 0)     -22.83209986.
  Rotamer (A72-LYD,22) self-energy      34.70045596 pruned by (A72-LYS, 0)     -22.83209986.
  Rotamer (A72-LYD,23) self-energy      34.43922767 pruned by (A72-LYS, 0)     -22.83209986.
  Rotamer (A72-LYD,24) self-energy      36.93161392 pruned by (A72-LYS, 0)     -22.83209986.
  Rotamer (A72-LYD,25) self-energy      36.05657441 pruned by (A72-LYS, 0)     -22.83209986.
  Rotamer (A72-LYD,26) self-energy      35.16866938 pruned by (A72-LYS, 0)     -22.83209986.
  Rotamer (A72-LYD,27) self-energy      36.96446020 pruned by (A72-LYS, 0)     -22.83209986.
  Rotamer (A72-LYD,28) self-energy      36.83009110 pruned by (A72-LYS, 0)     -22.83209986.
  Rotamer (A72-LYS,45) self-energy      31.41670480 pruned by (A72-LYS, 0)     -22.83209986.
  Rotamer (A83-ASH, 1) self-energy      16.20064835 pruned by (A83-ASP, 0)     -15.13773471.
  Rotamer (A83-ASH, 2) self-energy      61.59640708 pruned by (A83-ASP, 0)     -15.13773471.
  Rotamer (A83-ASH, 3) self-energy      25.30378852 pruned by (A83-ASP, 0)     -15.13773471.
  Rotamer (A83-ASH, 4) self-energy      12.49673206 pruned by (A83-ASP, 0)     -15.13773471.
  Rotamer (A83-ASH, 5) self-energy      12.14827861 pruned by (A83-ASP, 0)     -15.13773471.
  Rotamer (A83-ASH, 7) self-energy      60.76225251 pruned by (A83-ASP, 0)     -15.13773471.
  Rotamer (A83-ASH, 8) self-energy      24.66791440 pruned by (A83-ASP, 0)     -15.13773471.
  Rotamer (A83-ASH, 9) self-energy      14.90823785 pruned by (A83-ASP, 0)     -15.13773471.
  Rotamer (A83-ASH,10) self-energy      10.35623723 pruned by (A83-ASP, 0)     -15.13773471.
  Rotamer (A83-ASH,11) self-energy      25.69953905 pruned by (A83-ASP, 0)     -15.13773471.
  Rotamer (A83-ASH,12) self-energy      66.99579548 pruned by (A83-ASP, 0)     -15.13773471.
  Rotamer (A83-ASH,13) self-energy      31.44441813 pruned by (A83-ASP, 0)     -15.13773471.
  Rotamer (A83-ASH,14) self-energy      17.68870101 pruned by (A83-ASP, 0)     -15.13773471.
  Rotamer (A83-ASH,15) self-energy      18.29014559 pruned by (A83-ASP, 0)     -15.13773471.
  Rotamer (A83-ASH,16) self-energy      11.58331514 pruned by (A83-ASP, 0)     -15.13773471.
  Rotamer (A83-ASH,17) self-energy     104.04150249 pruned by (A83-ASP, 0)     -15.13773471.
  Rotamer (A83-ASH,18) self-energy      68.42094936 pruned by (A83-ASP, 0)     -15.13773471.
  Rotamer (A83-ASH,19) self-energy      39.70398266 pruned by (A83-ASP, 0)     -15.13773471.
  Rotamer (A83-ASH,20) self-energy      15.96421464 pruned by (A83-ASP, 0)     -15.13773471.
  Rotamer (A83-ASH,21) self-energy      35.93910324 pruned by (A83-ASP, 0)     -15.13773471.
  Rotamer (A83-ASP,22) self-energy      54.12545004 pruned by (A83-ASP, 0)     -15.13773471.
  Rotamer (A85-LYD, 1) self-energy      29.81212493 pruned by (A85-LYS, 0)     -23.02323454.
  Rotamer (A85-LYD, 2) self-energy     128.60818532 pruned by (A85-LYS, 0)     -23.02323454.
  Rotamer (A85-LYD, 3) self-energy     833.85515725 pruned by (A85-LYS, 0)     -23.02323454.
  Rotamer (A85-LYD, 4) self-energy     177.04059065 pruned by (A85-LYS, 0)     -23.02323454.
  Rotamer (A85-LYD, 5) self-energy     188.81511924 pruned by (A85-LYS, 0)     -23.02323454.
  Rotamer (A85-LYD, 6) self-energy    5174.84018138 pruned by (A85-LYS, 0)     -23.02323454.
  Rotamer (A85-LYD, 7) self-energy      33.89720558 pruned by (A85-LYS, 0)     -23.02323454.
  Rotamer (A85-LYD, 8) self-energy      33.26130687 pruned by (A85-LYS, 0)     -23.02323454.
  Rotamer (A85-LYD, 9) self-energy      35.26828758 pruned by (A85-LYS, 0)     -23.02323454.
  Rotamer (A85-LYD,10) self-energy    2483.01009935 pruned by (A85-LYS, 0)     -23.02323454.
  Rotamer (A85-LYD,11) self-energy     655.02189098 pruned by (A85-LYS, 0)     -23.02323454.
  Rotamer (A85-LYD,12) self-energy      62.93688711 pruned by (A85-LYS, 0)     -23.02323454.
  Rotamer (A85-LYD,13) self-energy      61.90904824 pruned by (A85-LYS, 0)     -23.02323454.
  Rotamer (A85-LYD,14) self-energy     851.51725648 pruned by (A85-LYS, 0)     -23.02323454.
  Rotamer (A85-LYD,15) self-energy      40.35967672 pruned by (A85-LYS, 0)     -23.02323454.
  Rotamer (A85-LYD,16) self-energy      42.68077406 pruned by (A85-LYS, 0)     -23.02323454.
  Rotamer (A85-LYD,17) self-energy      44.51083052 pruned by (A85-LYS, 0)     -23.02323454.
  Rotamer (A85-LYD,18) self-energy      77.01195796 pruned by (A85-LYS, 0)     -23.02323454.
  Rotamer (A85-LYD,19) self-energy      31.35929475 pruned by (A85-LYS, 0)     -23.02323454.
  Rotamer (A85-LYD,20) self-energy      30.82009075 pruned by (A85-LYS, 0)     -23.02323454.
  Rotamer (A85-LYD,21) self-energy      29.81473653 pruned by (A85-LYS, 0)     -23.02323454.
  Rotamer (A85-LYD,22) self-energy      31.65170138 pruned by (A85-LYS, 0)     -23.02323454.
  Rotamer (A85-LYD,23) self-energy      31.29561704 pruned by (A85-LYS, 0)     -23.02323454.
  Rotamer (A85-LYD,24) self-energy      33.27361821 pruned by (A85-LYS, 0)     -23.02323454.
  Rotamer (A85-LYD,25) self-energy      32.24214371 pruned by (A85-LYS, 0)     -23.02323454.
  Rotamer (A85-LYD,26) self-energy      31.26439957 pruned by (A85-LYS, 0)     -23.02323454.
  Rotamer (A85-LYD,27) self-energy      33.08029522 pruned by (A85-LYS, 0)     -23.02323454.
  Rotamer (A85-LYD,28) self-energy      33.00640723 pruned by (A85-LYS, 0)     -23.02323454.
  Rotamer (A85-LYS,29) self-energy      75.80425363 pruned by (A85-LYS, 0)     -23.02323454.
  Rotamer (A85-LYS,31) self-energy     125.40132393 pruned by (A85-LYS, 0)     -23.02323454.
  Rotamer (A85-LYS,32) self-energy     134.61306625 pruned by (A85-LYS, 0)     -23.02323454.
  Rotamer (A85-LYS,33) self-energy    5114.63186462 pruned by (A85-LYS, 0)     -23.02323454.
  Rotamer (A85-LYS,37) self-energy   60196.83025996 pruned by (A85-LYS, 0)     -23.02323454.
  Rotamer (A85-LYS,38) self-energy     600.62704031 pruned by (A85-LYS, 0)     -23.02323454.
  Rotamer (A85-LYS,39) self-energy      11.88688739 pruned by (A85-LYS, 0)     -23.02323454.
  Rotamer (A85-LYS,40) self-energy       9.73735972 pruned by (A85-LYS, 0)     -23.02323454.
  Rotamer (A85-LYS,41) self-energy     826.63350464 pruned by (A85-LYS, 0)     -23.02323454.
  Rotamer (A85-LYS,45) self-energy      30.76038707 pruned by (A85-LYS, 0)     -23.02323454.
  Rotamer (A89-GLH, 2) self-energy      77.57829265 pruned by (A89-GLU, 0)     -11.70848149.
  Rotamer (A89-GLH, 3) self-energy    3035.82673613 pruned by (A89-GLU, 0)     -11.70848149.
  Rotamer (A89-GLH, 4) self-energy     932.58093417 pruned by (A89-GLU, 0)     -11.70848149.
  Rotamer (A89-GLH, 7) self-energy    3157.38054837 pruned by (A89-GLU, 0)     -11.70848149.
  Rotamer (A89-GLH, 8) self-energy    1836.53685631 pruned by (A89-GLU, 0)     -11.70848149.
  Rotamer (A89-GLH, 9) self-energy    9415.13109520 pruned by (A89-GLU, 0)     -11.70848149.
  Rotamer (A89-GLH,10) self-energy      70.28320926 pruned by (A89-GLU, 0)     -11.70848149.
  Rotamer (A89-GLH,11) self-energy    1936.98493393 pruned by (A89-GLU, 0)     -11.70848149.
  Rotamer (A89-GLH,12) self-energy     235.33689180 pruned by (A89-GLU, 0)     -11.70848149.
  Rotamer (A89-GLH,14) self-energy      20.82604970 pruned by (A89-GLU, 0)     -11.70848149.
  Rotamer (A89-GLH,15) self-energy    2886.62244102 pruned by (A89-GLU, 0)     -11.70848149.
  Rotamer (A89-GLH,16) self-energy    1428.56907164 pruned by (A89-GLU, 0)     -11.70848149.
  Rotamer (A89-GLH,17) self-energy   88613.42951857 pruned by (A89-GLU, 0)     -11.70848149.
  Rotamer (A89-GLH,18) self-energy     115.39727518 pruned by (A89-GLU, 0)     -11.70848149.
  Rotamer (A89-GLH,19) self-energy    1898.00884001 pruned by (A89-GLU, 0)     -11.70848149.
  Rotamer (A89-GLH,20) self-energy     379.36629819 pruned by (A89-GLU, 0)     -11.70848149.
  Rotamer (A89-GLH,22) self-energy      15.82705819 pruned by (A89-GLU, 0)     -11.70848149.
  Rotamer (A89-GLH,23) self-energy    1302.23961278 pruned by (A89-GLU, 0)     -11.70848149.
  Rotamer (A89-GLH,24) self-energy    1593.12592586 pruned by (A89-GLU, 0)     -11.70848149.
  Rotamer (A89-GLH,25) self-energy    9487.33127622 pruned by (A89-GLU, 0)     -11.70848149.
  Rotamer (A89-GLH,26) self-energy      88.13052309 pruned by (A89-GLU, 0)     -11.70848149.
  Rotamer (A89-GLH,27) self-energy    1960.05517215 pruned by (A89-GLU, 0)     -11.70848149.
  Rotamer (A89-GLH,28) self-energy     249.06339889 pruned by (A89-GLU, 0)     -11.70848149.
  Rotamer (A89-GLH,29) self-energy      29.52898517 pruned by (A89-GLU, 0)     -11.70848149.
  Rotamer (A89-GLH,30) self-energy      50.40645907 pruned by (A89-GLU, 0)     -11.70848149.
  Rotamer (A89-GLH,31) self-energy    2570.52851866 pruned by (A89-GLU, 0)     -11.70848149.
  Rotamer (A89-GLH,32) self-energy    1444.99331189 pruned by (A89-GLU, 0)     -11.70848149.
  Rotamer (A89-GLH,33) self-energy   88618.28411965 pruned by (A89-GLU, 0)     -11.70848149.
  Rotamer (A89-GLU,34) self-energy      54.30491221 pruned by (A89-GLU, 0)     -11.70848149.
  Rotamer (A89-GLU,35) self-energy    2052.17062430 pruned by (A89-GLU, 0)     -11.70848149.
  Rotamer (A89-GLU,36) self-energy     201.50464542 pruned by (A89-GLU, 0)     -11.70848149.
  Rotamer (A89-GLU,39) self-energy    1869.73440039 pruned by (A89-GLU, 0)     -11.70848149.
  Rotamer (A89-GLU,40) self-energy    1920.22139045 pruned by (A89-GLU, 0)     -11.70848149.
  Rotamer (A89-GLU,41) self-energy   45634.95865797 pruned by (A89-GLU, 0)     -11.70848149.
  Rotamer (A98-LYD, 1) self-energy      28.95162749 pruned by (A98-LYS, 0)     -24.18994621.
  Rotamer (A98-LYD, 2) self-energy      34.34667991 pruned by (A98-LYS, 0)     -24.18994621.
  Rotamer (A98-LYD, 3) self-energy      73.25629837 pruned by (A98-LYS, 0)     -24.18994621.
  Rotamer (A98-LYD, 4) self-energy      32.26865804 pruned by (A98-LYS, 0)     -24.18994621.
  Rotamer (A98-LYD, 5) self-energy      33.69155393 pruned by (A98-LYS, 0)     -24.18994621.
  Rotamer (A98-LYD, 6) self-energy      36.73999031 pruned by (A98-LYS, 0)     -24.18994621.
  Rotamer (A98-LYD, 7) self-energy      47.58229669 pruned by (A98-LYS, 0)     -24.18994621.
  Rotamer (A98-LYD, 8) self-energy      59.44134546 pruned by (A98-LYS, 0)     -24.18994621.
  Rotamer (A98-LYD, 9) self-energy      48.34665235 pruned by (A98-LYS, 0)     -24.18994621.
  Rotamer (A98-LYD,10) self-energy      52.07088591 pruned by (A98-LYS, 0)     -24.18994621.
  Rotamer (A98-LYD,11) self-energy      37.38998131 pruned by (A98-LYS, 0)     -24.18994621.
  Rotamer (A98-LYD,12) self-energy      36.15677933 pruned by (A98-LYS, 0)     -24.18994621.
  Rotamer (A98-LYD,13) self-energy      35.47197720 pruned by (A98-LYS, 0)     -24.18994621.
  Rotamer (A98-LYD,14) self-energy      45.08584377 pruned by (A98-LYS, 0)     -24.18994621.
  Rotamer (A98-LYD,15) self-energy      37.43567166 pruned by (A98-LYS, 0)     -24.18994621.
  Rotamer (A98-LYD,16) self-energy      68.84043070 pruned by (A98-LYS, 0)     -24.18994621.
  Rotamer (A98-LYD,17) self-energy     617.49917073 pruned by (A98-LYS, 0)     -24.18994621.
  Rotamer (A98-LYD,18) self-energy      76.88531668 pruned by (A98-LYS, 0)     -24.18994621.
  Rotamer (A98-LYD,19) self-energy      32.18268766 pruned by (A98-LYS, 0)     -24.18994621.
  Rotamer (A98-LYD,20) self-energy      33.19155898 pruned by (A98-LYS, 0)     -24.18994621.
  Rotamer (A98-LYD,21) self-energy      30.06314931 pruned by (A98-LYS, 0)     -24.18994621.
  Rotamer (A98-LYD,22) self-energy      36.08200015 pruned by (A98-LYS, 0)     -24.18994621.
  Rotamer (A98-LYD,23) self-energy      31.88157254 pruned by (A98-LYS, 0)     -24.18994621.
  Rotamer (A98-LYD,24) self-energy      34.31263753 pruned by (A98-LYS, 0)     -24.18994621.
  Rotamer (A98-LYD,25) self-energy     338.23611433 pruned by (A98-LYS, 0)     -24.18994621.
  Rotamer (A98-LYD,26) self-energy    1112.44201518 pruned by (A98-LYS, 0)     -24.18994621.
  Rotamer (A98-LYD,27) self-energy   11431.97170670 pruned by (A98-LYS, 0)     -24.18994621.
  Rotamer (A98-LYD,28) self-energy  531551.43486371 pruned by (A98-LYS, 0)     -24.18994621.
  Rotamer (A98-LYS,35) self-energy       7.29713985 pruned by (A98-LYS, 0)     -24.18994621.
  Rotamer (A98-LYS,37) self-energy       7.30877282 pruned by (A98-LYS, 0)     -24.18994621.
  Rotamer (A98-LYS,43) self-energy      17.05948061 pruned by (A98-LYS, 0)     -24.18994621.
  Rotamer (A98-LYS,44) self-energy     564.98522875 pruned by (A98-LYS, 0)     -24.18994621.
  Rotamer (A98-LYS,45) self-energy      29.41147663 pruned by (A98-LYS, 0)     -24.18994621.
  Rotamer (A98-LYS,52) self-energy     288.97913347 pruned by (A98-LYS, 0)     -24.18994621.
  Rotamer (A98-LYS,53) self-energy    2911.43838619 pruned by (A98-LYS, 0)     -24.18994621.
  Rotamer (A98-LYS,54) self-energy   11435.54614168 pruned by (A98-LYS, 0)     -24.18994621.
  Rotamer (A98-LYS,55) self-energy  530926.54410697 pruned by (A98-LYS, 0)     -24.18994621.
  Rotamer (A104-LYD, 1) self-energy      32.08585854 pruned by (A104-LYS, 0)     -20.48707832.
  Rotamer (A104-LYD, 2) self-energy      33.84925169 pruned by (A104-LYS, 0)     -20.48707832.
  Rotamer (A104-LYD, 3) self-energy      33.16091845 pruned by (A104-LYS, 0)     -20.48707832.
  Rotamer (A104-LYD, 4) self-energy      32.26037183 pruned by (A104-LYS, 0)     -20.48707832.
  Rotamer (A104-LYD, 5) self-energy      34.22171712 pruned by (A104-LYS, 0)     -20.48707832.
  Rotamer (A104-LYD, 6) self-energy      33.78842541 pruned by (A104-LYS, 0)     -20.48707832.
  Rotamer (A104-LYD, 7) self-energy      35.11986704 pruned by (A104-LYS, 0)     -20.48707832.
  Rotamer (A104-LYD, 8) self-energy      34.24820476 pruned by (A104-LYS, 0)     -20.48707832.
  Rotamer (A104-LYD, 9) self-energy      36.21142560 pruned by (A104-LYS, 0)     -20.48707832.
  Rotamer (A104-LYD,10) self-energy      34.84457259 pruned by (A104-LYS, 0)     -20.48707832.
  Rotamer (A104-LYD,11) self-energy      33.67805145 pruned by (A104-LYS, 0)     -20.48707832.
  Rotamer (A104-LYD,12) self-energy      33.04525491 pruned by (A104-LYS, 0)     -20.48707832.
  Rotamer (A104-LYD,13) self-energy      32.08875594 pruned by (A104-LYS, 0)     -20.48707832.
  Rotamer (A104-LYD,14) self-energy      33.98889830 pruned by (A104-LYS, 0)     -20.48707832.
  Rotamer (A104-LYD,15) self-energy      33.72436331 pruned by (A104-LYS, 0)     -20.48707832.
  Rotamer (A104-LYD,16) self-energy      36.11484499 pruned by (A104-LYS, 0)     -20.48707832.
  Rotamer (A104-LYD,17) self-energy      47.07876825 pruned by (A104-LYS, 0)     -20.48707832.
  Rotamer (A104-LYD,18) self-energy      78.69696115 pruned by (A104-LYS, 0)     -20.48707832.

 Number of self energies: 414
 Backbone energy:     -591.07322838

 Self A104-LYD 19:      33.81826261 in 0.9959 (sec).
 Self A104-LYD 20:      33.24121458 in 0.8395 (sec).
 Self A104-LYD 21:      32.29013639 in 0.8356 (sec).
 Self A104-LYD 22:      34.17925465 in 0.8388 (sec).
 Self A104-LYD 23:      33.90533556 in 0.8389 (sec).
 Self A104-LYD 24:      36.41307525 in 0.8370 (sec).
 Self A104-LYD 25:      35.47520423 in 0.8346 (sec).
 Self A104-LYD 26:      34.57246676 in 0.8340 (sec).
 Self A104-LYD 27:      36.40963015 in 0.8350 (sec).
 Self A104-LYD 28:      36.19098571 in 0.8215 (sec).
 Self A104-LYS 29:     -18.32222470 in 0.8249 (sec).
 Self A104-LYS 30:     -15.60814927 in 0.8253 (sec).
 Self A104-LYS 31:     -20.21093909 in 0.8171 (sec).
 Self A104-LYS 32:     -17.78584847 in 0.8192 (sec).
 Self A104-LYS 33:     -18.54866412 in 0.8188 (sec).
 Self A104-LYS 34:     -16.30326279 in 0.8194 (sec).
 Self A104-LYS 35:     -17.69868805 in 0.8151 (sec).
 Self A104-LYS 36:     -16.01629418 in 0.8209 (sec).
 Self A104-LYS 37:     -15.93518669 in 0.8205 (sec).
 Self A104-LYS 38:     -18.57923937 in 0.8166 (sec).
 Self A104-LYS 39:     -18.28742127 in 0.8213 (sec).
 Self A104-LYS 40:     -20.49034170 in 0.8152 (sec).
 Self A104-LYS 41:     -18.25251033 in 0.8111 (sec).
 Self A104-LYS 42:     -18.52724945 in 0.8166 (sec).
 Self A104-LYS 43:     -16.03517723 in 0.8142 (sec).
 Self A104-LYS 44:      -2.48360760 in 0.8099 (sec).
 Self A104-LYS 45:      31.00411394 in 0.8195 (sec).
 Self A104-LYS 46:     -18.38753927 in 0.8097 (sec).
 Self A104-LYS 47:     -17.79197644 in 0.8063 (sec).
 Self A104-LYS 48:     -20.06786699 in 0.8051 (sec).
 Self A104-LYS 49:     -17.90358282 in 0.8057 (sec).
 Self A104-LYS 50:     -18.19278623 in 0.8057 (sec).
 Self A104-LYS 51:     -15.36810259 in 0.8081 (sec).
 Self A104-LYS 52:     -15.64975975 in 0.8186 (sec).
 Self A104-LYS 53:     -17.62727977 in 0.8067 (sec).
 Self A104-LYS 54:     -15.37599466 in 0.8077 (sec).
 Self A104-LYS 55:     -15.61092008 in 0.8016 (sec).
 Self A109-HIS 0 :     -27.14528599 in 0.8012 (sec).
 Self A109-HID 1 :     -23.31729104 in 0.7984 (sec).
 Self A109-HIE 2 :     -25.49322328 in 0.7956 (sec).
 Self A109-HIS 3 :   48490.80049444 in 0.8439 (sec).
 Self A109-HIS 4 :   89162.90581908 in 0.8430 (sec).
 Self A109-HIS 5 :    2420.54975566 in 0.8245 (sec).
 Self A109-HIS 6 :    7757.65163878 in 0.8205 (sec).
 Self A109-HIS 7 :    7914.69485095 in 0.8249 (sec).
 Self A109-HIS 8 :     -26.66930231 in 0.8258 (sec).
 Self A109-HIS 9 :     -17.11229578 in 0.8177 (sec).
 Self A109-HIS 10:     -21.08064615 in 0.8000 (sec).
 Self A109-HID 11:   49124.74873368 in 0.7763 (sec).
 Self A109-HID 12:  120315.58545494 in 0.8020 (sec).
 Self A109-HID 13:    2276.98841387 in 0.8008 (sec).
 Self A109-HID 14:    6758.47126057 in 0.7963 (sec).
 Self A109-HID 15:    6690.87702835 in 0.7987 (sec).
 Self A109-HID 16:     -23.77664207 in 0.7965 (sec).
 Self A109-HID 17:     -14.99813461 in 0.8191 (sec).
 Self A109-HID 18:     -18.62593213 in 0.8029 (sec).
 Self A109-HIE 19:   38656.50927282 in 0.7965 (sec).
 Self A109-HIE 20:   87227.62282580 in 0.8003 (sec).
 Self A109-HIE 21:    2117.37274751 in 0.7984 (sec).
 Self A109-HIE 22:    7557.35228888 in 0.7977 (sec).
 Self A109-HIE 23:    5650.85287429 in 0.7961 (sec).
 Self A109-HIE 24:     -26.27225951 in 0.7986 (sec).
 Self A109-HIE 25:     -18.75137574 in 0.7993 (sec).
 Self A109-HIE 26:     -22.29581069 in 0.7979 (sec).
 Self A110-GLU 0 :     -11.93668986 in 0.7941 (sec).
 Self A110-GLH 1 :      15.97335690 in 0.7901 (sec).
 Self A110-GLH 2 :      21.14513285 in 0.7921 (sec).
 Self A110-GLH 3 :    2080.35256380 in 0.7943 (sec).
 Self A110-GLH 4 :      61.26893899 in 0.8021 (sec).
 Self A110-GLH 5 :      20.31944437 in 0.7945 (sec).
 Self A110-GLH 6 :     246.96019356 in 0.7900 (sec).
 Self A110-GLH 7 :   29014.33216565 in 0.7955 (sec).
 Self A110-GLH 8 :     420.02399431 in 0.7941 (sec).
 Self A110-GLH 9 :   12681.63139997 in 0.7915 (sec).
 Self A110-GLH 10:      32.29551943 in 0.7938 (sec).
 Self A110-GLH 11:    1073.30997774 in 0.7941 (sec).
 Self A110-GLH 12:      41.00035984 in 0.7904 (sec).
 Self A110-GLH 13:      18.91537540 in 0.7950 (sec).
 Self A110-GLH 14:     130.98262939 in 0.7950 (sec).
 Self A110-GLH 15:   17785.02577942 in 0.7933 (sec).
 Self A110-GLH 16:     421.72315155 in 0.7979 (sec).
 Self A110-GLH 17:     425.50686010 in 0.7943 (sec).
 Self A110-GLH 18:      24.60006248 in 0.7968 (sec).
 Self A110-GLH 19:    2084.71273330 in 0.7946 (sec).
 Self A110-GLH 20:      48.49831154 in 0.8098 (sec).
 Self A110-GLH 21:      39.02401116 in 0.7946 (sec).
 Self A110-GLH 22:     227.62741315 in 0.7934 (sec).
 Self A110-GLH 23:   17224.49435439 in 0.7968 (sec).
 Self A110-GLH 24:     421.97204444 in 0.7966 (sec).
 Self A110-GLH 25:     638.11929648 in 0.8044 (sec).
 Self A110-GLH 26:      47.25701711 in 0.7921 (sec).
 Self A110-GLH 27:     865.31223156 in 0.7945 (sec).
 Self A110-GLH 28:      51.78649919 in 0.7939 (sec).
 Self A110-GLH 29:      35.65869276 in 0.7927 (sec).
 Self A110-GLH 30:     135.05981606 in 0.7973 (sec).
 Self A110-GLH 31:    5534.40789385 in 0.7950 (sec).
 Self A110-GLH 32:     437.85425965 in 0.7905 (sec).
 Self A110-GLH 33:     437.98165180 in 0.7949 (sec).
 Self A110-GLU 34:       2.53871270 in 0.7966 (sec).
 Self A110-GLU 35:    2740.00303048 in 0.8182 (sec).
 Self A110-GLU 36:       8.46884656 in 0.9449 (sec).
 Self A110-GLU 37:      -5.23526694 in 0.7959 (sec).
 Self A110-GLU 38:     120.20355358 in 0.7943 (sec).
 Self A110-GLU 39:   20436.97256259 in 0.7898 (sec).
 Self A110-GLU 40:     512.06524002 in 0.7950 (sec).
 Self A110-GLU 41:     472.17753141 in 0.7939 (sec).
 Self A115-LYS 0 :     -21.95798120 in 0.8031 (sec).
 Self A115-LYD 1 :      31.11469713 in 0.7959 (sec).
 Self A115-LYD 2 :     139.53707536 in 0.8031 (sec).
 Self A115-LYD 3 :    1456.19756944 in 0.8010 (sec).
 Self A115-LYD 4 :    1975.47967277 in 0.7980 (sec).
 Self A115-LYD 5 :    3800.01513131 in 0.7996 (sec).
 Self A115-LYD 6 :     103.67838961 in 0.8004 (sec).
 Self A115-LYD 7 :      35.15049739 in 0.7981 (sec).
 Self A115-LYD 8 :      32.66020168 in 0.8019 (sec).
 Self A115-LYD 9 :      34.54059384 in 0.8009 (sec).
 Self A115-LYD 10:      33.36983593 in 0.8020 (sec).
 Self A115-LYD 11:      32.16995516 in 0.7984 (sec).
 Self A115-LYD 12:      31.59989865 in 0.8020 (sec).
 Self A115-LYD 13:      30.63750309 in 0.8010 (sec).
 Self A115-LYD 14:      32.51003238 in 0.7976 (sec).
 Self A115-LYD 15:      32.24111755 in 0.7996 (sec).
 Self A115-LYD 16:      34.64463564 in 0.8012 (sec).
 Self A115-LYD 17:      68.73996013 in 0.7981 (sec).
 Self A115-LYD 18:      81.64959259 in 0.8014 (sec).
 Self A115-LYD 19:      36.73145476 in 0.8024 (sec).
 Self A115-LYD 20:      38.78689469 in 0.7993 (sec).
 Self A115-LYD 21:      35.14201331 in 0.7975 (sec).
 Self A115-LYD 22:      37.08559448 in 0.8004 (sec).
 Self A115-LYD 23:      45.64356345 in 0.8186 (sec).
 Self A115-LYD 24:     256.62801633 in 0.7985 (sec).
 Self A115-LYD 25:      41.78555079 in 0.8006 (sec).
 Self A115-LYD 26:      40.90917761 in 0.8023 (sec).
 Self A115-LYD 27:      42.91599969 in 0.8027 (sec).
 Self A115-LYD 28:      42.52789967 in 0.7978 (sec).
 Self A115-LYS 29:      89.58769103 in 0.8008 (sec).
 Self A115-LYS 30:     -15.91223987 in 0.8015 (sec).
 Self A115-LYS 31:    1928.24431506 in 0.7980 (sec).
 Self A115-LYS 32:    5236.55755698 in 0.8042 (sec).
 Self A115-LYS 33:      52.43180801 in 0.8011 (sec).
 Self A115-LYS 34:     -15.22172007 in 0.7994 (sec).
 Self A115-LYS 35:     -19.85131554 in 0.8017 (sec).
 Self A115-LYS 36:     -17.76583769 in 0.8012 (sec).
 Self A115-LYS 37:     -17.00444814 in 0.8036 (sec).
 Self A115-LYS 38:     -19.88343560 in 0.7976 (sec).
 Self A115-LYS 39:     -19.71135652 in 0.8009 (sec).
 Self A115-LYS 40:     -21.89932096 in 0.8013 (sec).
 Self A115-LYS 41:     -19.38121754 in 0.7985 (sec).
 Self A115-LYS 42:     -19.93319653 in 0.7996 (sec).
 Self A115-LYS 43:     -17.52898973 in 0.8020 (sec).
 Self A115-LYS 44:      19.61692946 in 0.8007 (sec).
 Self A115-LYS 45:      34.32034664 in 0.7993 (sec).
 Self A115-LYS 46:     -15.20248827 in 0.8004 (sec).
 Self A115-LYS 47:     -10.01984611 in 0.8028 (sec).
 Self A115-LYS 48:     -16.72294302 in 0.7970 (sec).
 Self A115-LYS 49:     -14.68751346 in 0.8000 (sec).
 Self A115-LYS 50:      -5.65467736 in 0.8021 (sec).
 Self A115-LYS 51:     206.53071902 in 0.7995 (sec).
 Self A115-LYS 52:      -9.30751587 in 0.7992 (sec).
 Self A115-LYS 53:     -11.59446486 in 0.8002 (sec).
 Self A115-LYS 54:      -8.10665522 in 0.7979 (sec).
 Self A115-LYS 55:      -9.87241112 in 0.7960 (sec).
 Self A117-GLU 0 :      -9.25891496 in 0.7940 (sec).
 Self A117-GLH 1 :      17.88849363 in 0.7889 (sec).
 Self A117-GLH 2 :      69.23729704 in 0.7904 (sec).
 Self A117-GLH 3 :    3920.64704783 in 0.7933 (sec).
 Self A117-GLH 4 :     287.62601690 in 0.7922 (sec).
 Self A117-GLH 5 :      10.38327603 in 0.8048 (sec).
 Self A117-GLH 6 :       8.73227576 in 0.7904 (sec).
 Self A117-GLH 7 :    1304.85727682 in 0.7928 (sec).
 Self A117-GLH 8 :    3829.94164402 in 0.7928 (sec).
 Self A117-GLH 9 :    6816.39309641 in 0.7907 (sec).
 Self A117-GLH 10:      69.64326444 in 0.7943 (sec).
 Self A117-GLH 11:    2170.46744548 in 0.7961 (sec).
 Self A117-GLH 12:     252.56108178 in 0.7893 (sec).
 Self A117-GLH 13:      12.70488803 in 0.7922 (sec).
 Self A117-GLH 14:      18.58976071 in 0.7956 (sec).
 Self A117-GLH 15:     840.44260938 in 0.7926 (sec).
 Self A117-GLH 16:    1387.04520542 in 0.7902 (sec).
 Self A117-GLH 17:    7868.99022030 in 0.7948 (sec).
 Self A117-GLH 18:      83.04753663 in 0.7929 (sec).
 Self A117-GLH 19:    1451.38253024 in 0.7925 (sec).
 Self A117-GLH 20:     223.37294856 in 0.7953 (sec).
 Self A117-GLH 21:      17.72165542 in 0.7937 (sec).
 Self A117-GLH 22:      13.82764083 in 0.7908 (sec).
 Self A117-GLH 23:    1327.41513969 in 0.7932 (sec).
 Self A117-GLH 24:    3620.84037850 in 0.7937 (sec).
 Self A117-GLH 25:    8041.13635374 in 0.7946 (sec).
 Self A117-GLH 26:      85.91554717 in 0.7946 (sec).
 Self A117-GLH 27:    2098.70903680 in 0.7913 (sec).
 Self A117-GLH 28:     280.09964090 in 0.7962 (sec).
 Self A117-GLH 29:      29.85574093 in 0.7909 (sec).
 Self A117-GLH 30:      48.60688609 in 0.7924 (sec).
 Self A117-GLH 31:     702.54939331 in 0.7915 (sec).
 Self A117-GLH 32:    1402.64579807 in 0.7899 (sec).
 Self A117-GLH 33:    7882.37907314 in 0.7942 (sec).
 Self A117-GLU 34:      53.89119541 in 0.7924 (sec).
 Self A117-GLU 35:    1877.43769665 in 0.7949 (sec).
 Self A117-GLU 36:     295.29493919 in 0.7895 (sec).
 Self A117-GLU 37:      -9.51468038 in 0.7907 (sec).
 Self A117-GLU 38:     -11.29520294 in 0.8031 (sec).
 Self A117-GLU 39:    1249.66788458 in 0.7897 (sec).
 Self A117-GLU 40:    1579.02991273 in 0.7918 (sec).
 Self A117-GLU 41:   18177.81566882 in 0.7929 (sec).
 Self A121-LYS 0 :     -18.95875339 in 0.8003 (sec).
 Self A121-LYD 1 :      34.12204324 in 0.8027 (sec).
 Self A121-LYD 2 :     108.59276803 in 0.8002 (sec).
 Self A121-LYD 3 :     254.42273549 in 0.7998 (sec).
 Self A121-LYD 4 :     263.29876376 in 0.7987 (sec).
 Self A121-LYD 5 :    6077.61855727 in 0.7997 (sec).
 Self A121-LYD 6 :      82.11404481 in 0.8012 (sec).
 Self A121-LYD 7 :      34.45032396 in 0.7982 (sec).
 Self A121-LYD 8 :      33.96822259 in 0.8001 (sec).
 Self A121-LYD 9 :      35.89013146 in 0.8035 (sec).
 Self A121-LYD 10:      34.68138973 in 0.8015 (sec).
 Self A121-LYD 11:      33.49090696 in 0.7974 (sec).
 Self A121-LYD 12:      32.85034632 in 0.8007 (sec).
 Self A121-LYD 13:      31.78600686 in 0.8027 (sec).
 Self A121-LYD 14:      33.71755736 in 0.7971 (sec).
 Self A121-LYD 15:      33.41347032 in 0.8022 (sec).
 Self A121-LYD 16:      35.55474652 in 0.8000 (sec).
 Self A121-LYD 17:    1469.46203062 in 0.7998 (sec).
 Self A121-LYD 18:      79.76319597 in 0.7988 (sec).
 Self A121-LYD 19:      34.82033287 in 0.8012 (sec).
 Self A121-LYD 20:      32.02147084 in 0.8004 (sec).
 Self A121-LYD 21:      31.96131747 in 0.7976 (sec).
 Self A121-LYD 22:      80.34088998 in 0.8007 (sec).
 Self A121-LYD 23:      42.98081063 in 0.8021 (sec).
 Self A121-LYD 24:     115.50401497 in 0.7972 (sec).
 Self A121-LYD 25:     850.07641145 in 0.8015 (sec).
 Self A121-LYD 26:   17352.83176320 in 0.8000 (sec).
 Self A121-LYD 27:    4281.14090924 in 0.8008 (sec).
 Self A121-LYD 28:     268.07269517 in 0.7987 (sec).
 Self A121-LYS 29:      57.96084748 in 0.8004 (sec).
 Self A121-LYS 30:      19.66369489 in 0.7998 (sec).
 Self A121-LYS 31:     212.11082811 in 0.7985 (sec).
 Self A121-LYS 32:    6274.96685516 in 0.8006 (sec).
 Self A121-LYS 33:      30.29199128 in 0.8023 (sec).
 Self A121-LYS 34:     -17.74787276 in 0.7967 (sec).
 Self A121-LYS 35:     -18.95398533 in 0.7998 (sec).
 Self A121-LYS 36:     -17.12239949 in 0.8015 (sec).
 Self A121-LYS 37:     -16.69949571 in 0.8030 (sec).
 Self A121-LYS 38:     -19.16576224 in 0.7966 (sec).
 Self A121-LYS 39:     -19.25122637 in 0.8002 (sec).
 Self A121-LYS 40:     -21.29547903 in 0.8034 (sec).
 Self A121-LYS 41:     -19.19108414 in 0.7970 (sec).
 Self A121-LYS 42:     -19.22762055 in 0.8013 (sec).
 Self A121-LYS 43:     -17.51361885 in 0.8007 (sec).
 Self A121-LYS 44:    1418.07463808 in 0.7984 (sec).
 Self A121-LYS 45:      31.50933494 in 0.7986 (sec).
 Self A121-LYS 46:     -17.67946856 in 0.8016 (sec).
 Self A121-LYS 47:     -18.86068403 in 0.8022 (sec).
 Self A121-LYS 48:     -20.40943989 in 0.7955 (sec).
 Self A121-LYS 49:      26.31056128 in 0.8000 (sec).
 Self A121-LYS 50:      -8.75284797 in 0.8007 (sec).
 Self A121-LYS 51:      64.65411471 in 0.7975 (sec).
 Self A121-LYS 52:     798.99503481 in 0.8011 (sec).
 Self A121-LYS 53:   18206.74497414 in 0.8401 (sec).
 Self A121-LYS 54:    6685.33297675 in 0.7998 (sec).
 Self A121-LYS 55:     256.40240585 in 0.7976 (sec).
 Self A122-LYS 0 :     -22.09364776 in 0.8000 (sec).
 Self A122-LYD 1 :      30.92822106 in 0.7979 (sec).
 Self A122-LYD 2 :     200.08619741 in 0.7980 (sec).
 Self A122-LYD 3 :     167.04811174 in 0.8029 (sec).
 Self A122-LYD 4 :     241.68539749 in 0.7997 (sec).
 Self A122-LYD 5 :   47302.32861242 in 0.8415 (sec).
 Self A122-LYD 6 :      83.62115089 in 0.7992 (sec).
 Self A122-LYD 7 :      33.64457129 in 0.8030 (sec).
 Self A122-LYD 8 :      32.90613363 in 0.7991 (sec).
 Self A122-LYD 9 :      34.73017725 in 0.7991 (sec).
 Self A122-LYD 10:      33.59872132 in 0.8001 (sec).
 Self A122-LYD 11:      32.74770454 in 0.7994 (sec).
 Self A122-LYD 12:      31.93816523 in 0.7977 (sec).
 Self A122-LYD 13:      30.92465625 in 0.8019 (sec).
 Self A122-LYD 14:      32.83087671 in 0.8007 (sec).
 Self A122-LYD 15:      32.57280577 in 0.7981 (sec).
 Self A122-LYD 16:      34.99269319 in 0.7977 (sec).
 Self A122-LYD 17:     105.85076146 in 0.7989 (sec).
 Self A122-LYD 18:      85.66097084 in 0.8046 (sec).
 Self A122-LYD 19:      40.82944922 in 0.7989 (sec).
 Self A122-LYD 20:      44.41680161 in 0.7999 (sec).
 Self A122-LYD 21:      39.21117435 in 0.8025 (sec).
 Self A122-LYD 22:      41.14674565 in 0.8010 (sec).
 Self A122-LYD 23:      68.72533052 in 0.8033 (sec).
 Self A122-LYD 24:     234.79876616 in 0.8017 (sec).
 Self A122-LYD 25:      47.75519398 in 0.8014 (sec).
 Self A122-LYD 26:      46.85928401 in 0.7979 (sec).
 Self A122-LYD 27:      48.37114374 in 0.8020 (sec).
 Self A122-LYD 28:      48.64244612 in 0.8003 (sec).
 Self A122-LYS 29:     183.33038949 in 0.7969 (sec).
 Self A122-LYS 30:     -16.22923720 in 0.8017 (sec).
 Self A122-LYS 31:     193.48222033 in 0.8036 (sec).
 Self A122-LYS 32:   46414.08839175 in 0.8002 (sec).
 Self A122-LYS 33:      31.87870463 in 0.7991 (sec).
 Self A122-LYS 34:     -18.53451231 in 0.8003 (sec).
 Self A122-LYS 35:     -20.48441550 in 0.8000 (sec).
 Self A122-LYS 36:     -18.31774660 in 0.7973 (sec).
 Self A122-LYS 37:     -17.63133217 in 0.8002 (sec).
 Self A122-LYS 38:     -19.63779946 in 0.8012 (sec).
 Self A122-LYS 39:     -20.08021651 in 0.8027 (sec).
 Self A122-LYS 40:     -22.10417188 in 0.7964 (sec).
 Self A122-LYS 41:     -19.97677290 in 0.8016 (sec).
 Self A122-LYS 42:     -19.92024922 in 0.7993 (sec).
 Self A122-LYS 43:     -17.71882891 in 0.7980 (sec).
 Self A122-LYS 44:      55.67740117 in 0.8049 (sec).
 Self A122-LYS 45:      37.73236897 in 0.7996 (sec).
 Self A122-LYS 46:     -11.44037450 in 0.7980 (sec).
 Self A122-LYS 47:      -5.57578501 in 0.8006 (sec).
 Self A122-LYS 48:     -12.93721169 in 0.7998 (sec).
 Self A122-LYS 49:     -11.16511831 in 0.7988 (sec).
 Self A122-LYS 50:      18.54214766 in 0.7981 (sec).
 Self A122-LYS 51:     181.48004612 in 0.7993 (sec).
 Self A122-LYS 52:      -4.16624978 in 0.8010 (sec).
 Self A122-LYS 53:      -6.48071899 in 0.8005 (sec).
 Self A122-LYS 54:      -4.81262227 in 0.7997 (sec).
 Self A122-LYS 55:      -4.55043331 in 0.8013 (sec).
 Self A123-GLU 0 :      -7.38839050 in 0.7894 (sec).
 Self A123-GLH 1 :      86.52121795 in 0.7887 (sec).
 Self A123-GLH 2 :     196.68848970 in 0.7920 (sec).
 Self A123-GLH 3 :   16167.54101077 in 0.7935 (sec).
 Self A123-GLH 4 :      22.62902302 in 0.7911 (sec).
 Self A123-GLH 5 :      25.90430832 in 0.7939 (sec).
 Self A123-GLH 6 :     760.55447168 in 0.7914 (sec).
 Self A123-GLH 7 :     714.72396550 in 0.7913 (sec).
 Self A123-GLH 8 :      13.97758475 in 0.7930 (sec).
 Self A123-GLH 9 :      12.09333353 in 0.7925 (sec).
 Self A123-GLH 10:     131.95568303 in 0.7943 (sec).
 Self A123-GLH 11:    5224.67467786 in 0.7916 (sec).
 Self A123-GLH 12:      25.02132056 in 0.7906 (sec).
 Self A123-GLH 13:      39.59739759 in 0.7910 (sec).
 Self A123-GLH 14:     549.94623367 in 0.7908 (sec).
 Self A123-GLH 15:    4647.63534448 in 0.7944 (sec).
 Self A123-GLH 16:      14.17041188 in 0.7921 (sec).
 Self A123-GLH 17:      14.58799699 in 0.7896 (sec).
 Self A123-GLH 18:     274.11995996 in 0.7926 (sec).
 Self A123-GLH 19:   16130.80787911 in 0.7921 (sec).
 Self A123-GLH 20:      26.48836047 in 0.7911 (sec).
 Self A123-GLH 21:      29.50948363 in 0.7898 (sec).
 Self A123-GLH 22:     587.18588122 in 0.7917 (sec).
 Self A123-GLH 23:     718.35924230 in 0.7901 (sec).
 Self A123-GLH 24:      12.44577398 in 0.7896 (sec).
 Self A123-GLH 25:      16.62290941 in 0.7911 (sec).
 Self A123-GLH 26:     147.76021091 in 0.7918 (sec).
 Self A123-GLH 27:    4146.12242056 in 0.7882 (sec).
 Self A123-GLH 28:      43.14166539 in 0.7931 (sec).
 Self A123-GLH 29:      52.89330287 in 0.7941 (sec).
 Self A123-GLH 30:     586.96407809 in 0.7912 (sec).
 Self A123-GLH 31:     808.23324609 in 0.7902 (sec).
 Self A123-GLH 32:      31.45906759 in 0.7945 (sec).
 Self A123-GLH 33:      29.15652354 in 0.7917 (sec).
 Self A123-GLU 34:     123.58783134 in 0.7901 (sec).
 Self A123-GLU 35:   11201.91361714 in 0.7915 (sec).
 Self A123-GLU 36:       3.23189761 in 0.7918 (sec).
 Self A123-GLU 37:      13.06372261 in 0.7893 (sec).
 Self A123-GLU 38:     707.25836796 in 0.7937 (sec).
 Self A123-GLU 39:     927.23181795 in 0.7945 (sec).
 Self A123-GLU 40:     -11.59317462 in 0.7899 (sec).
 Self A123-GLU 41:      -8.18434147 in 0.7942 (sec).
 Self A124-LYS 0 :     -24.99671836 in 0.8019 (sec).
 Self A124-LYD 1 :      28.92518497 in 0.7976 (sec).
 Self A124-LYD 2 :      36.25984300 in 0.7978 (sec).
 Self A124-LYD 3 :      35.69738578 in 0.7987 (sec).
 Self A124-LYD 4 :      34.68459534 in 0.7993 (sec).
 Self A124-LYD 5 :      36.49831103 in 0.7973 (sec).
 Self A124-LYD 6 :      36.01621081 in 0.8005 (sec).
 Self A124-LYD 7 :   21107.03968893 in 0.8015 (sec).
 Self A124-LYD 8 :    3305.88004497 in 0.8011 (sec).
 Self A124-LYD 9 :    3367.47426001 in 0.7980 (sec).
 Self A124-LYD 10:     103.73154248 in 0.7988 (sec).
 Self A124-LYD 11:     102.87070945 in 0.8003 (sec).
 Self A124-LYD 12:     265.24703486 in 0.7949 (sec).
 Self A124-LYD 13:     220.19704857 in 0.7991 (sec).
 Self A124-LYD 14:     863.87096736 in 0.7981 (sec).
 Self A124-LYD 15:     103.29097028 in 0.7998 (sec).
 Self A124-LYD 16:     105.06638035 in 0.7988 (sec).
 Self A124-LYD 17:      50.66835025 in 0.8004 (sec).
 Self A124-LYD 18:      75.50011062 in 0.8014 (sec).
 Self A124-LYD 19:      30.46963456 in 0.7973 (sec).
 Self A124-LYD 20:      30.23871879 in 0.8033 (sec).
 Self A124-LYD 21:      29.24989835 in 0.8009 (sec).
 Self A124-LYD 22:      31.14906637 in 0.7964 (sec).
 Self A124-LYD 23:      30.87141768 in 0.7994 (sec).
 Self A124-LYD 24:      32.92410773 in 0.8005 (sec).
 Self A124-LYD 25:      33.75794428 in 0.7992 (sec).
 Self A124-LYD 26:      32.65059645 in 0.7987 (sec).
 Self A124-LYD 27:      36.72865764 in 0.8012 (sec).
 Self A124-LYD 28:      54.45445848 in 0.7991 (sec).
 Self A124-LYS 29:     -16.65142645 in 0.8002 (sec).
 Self A124-LYS 30:     -14.99624390 in 0.8005 (sec).
 Self A124-LYS 31:     -18.54277734 in 0.8015 (sec).
 Self A124-LYS 32:     -16.40467355 in 0.8023 (sec).
 Self A124-LYS 33:     -17.15395002 in 0.7980 (sec).
 Self A124-LYS 34:  127866.89249767 in 0.8011 (sec).
 Self A124-LYS 35:    3266.96026393 in 0.8011 (sec).
 Self A124-LYS 36:    3312.64254578 in 0.7984 (sec).
 Self A124-LYS 37:      51.03723215 in 0.8004 (sec).
 Self A124-LYS 38:      48.80546253 in 0.8020 (sec).
 Self A124-LYS 39:     213.53134706 in 0.7969 (sec).
 Self A124-LYS 40:     164.98193858 in 0.8011 (sec).
 Self A124-LYS 41:     792.82306372 in 0.8012 (sec).
 Self A124-LYS 42:      49.37685729 in 0.7996 (sec).
 Self A124-LYS 43:      51.04930229 in 0.7983 (sec).
 Self A124-LYS 44:      -0.65789874 in 0.7996 (sec).
 Self A124-LYS 45:      26.41066063 in 0.8006 (sec).
 Self A124-LYS 46:     -22.81130567 in 0.7982 (sec).
 Self A124-LYS 47:     -22.20621431 in 0.8004 (sec).
 Self A124-LYS 48:     -24.09081661 in 0.8011 (sec).
 Self A124-LYS 49:     -22.08132942 in 0.8015 (sec).
 Self A124-LYS 50:     -22.29920240 in 0.8074 (sec).
 Self A124-LYS 51:     -20.20598047 in 0.8000 (sec).
 Self A124-LYS 52:     -18.87298881 in 0.8056 (sec).
 Self A124-LYS 53:     -20.89917206 in 0.8008 (sec).
 Self A124-LYS 54:     -15.77447826 in 0.8009 (sec).
 Self A124-LYS 55:       0.69269396 in 0.8016 (sec).
  Rotamer (A104-LYD,19) self-energy      33.81826261 pruned by (A104-LYS,40)     -20.49034170.
  Rotamer (A104-LYD,20) self-energy      33.24121458 pruned by (A104-LYS,40)     -20.49034170.
  Rotamer (A104-LYD,21) self-energy      32.29013639 pruned by (A104-LYS,40)     -20.49034170.
  Rotamer (A104-LYD,22) self-energy      34.17925465 pruned by (A104-LYS,40)     -20.49034170.
  Rotamer (A104-LYD,23) self-energy      33.90533556 pruned by (A104-LYS,40)     -20.49034170.
  Rotamer (A104-LYD,24) self-energy      36.41307525 pruned by (A104-LYS,40)     -20.49034170.
  Rotamer (A104-LYD,25) self-energy      35.47520423 pruned by (A104-LYS,40)     -20.49034170.
  Rotamer (A104-LYD,26) self-energy      34.57246676 pruned by (A104-LYS,40)     -20.49034170.
  Rotamer (A104-LYD,27) self-energy      36.40963015 pruned by (A104-LYS,40)     -20.49034170.
  Rotamer (A104-LYD,28) self-energy      36.19098571 pruned by (A104-LYS,40)     -20.49034170.
  Rotamer (A104-LYS,45) self-energy      31.00411394 pruned by (A104-LYS,40)     -20.49034170.
  Rotamer (A109-HIS, 3) self-energy   48490.80049444 pruned by (A109-HIS, 0)     -27.14528599.
  Rotamer (A109-HIS, 4) self-energy   89162.90581908 pruned by (A109-HIS, 0)     -27.14528599.
  Rotamer (A109-HIS, 5) self-energy    2420.54975566 pruned by (A109-HIS, 0)     -27.14528599.
  Rotamer (A109-HIS, 6) self-energy    7757.65163878 pruned by (A109-HIS, 0)     -27.14528599.
  Rotamer (A109-HIS, 7) self-energy    7914.69485095 pruned by (A109-HIS, 0)     -27.14528599.
  Rotamer (A109-HID,11) self-energy   49124.74873368 pruned by (A109-HIS, 0)     -27.14528599.
  Rotamer (A109-HID,12) self-energy  120315.58545494 pruned by (A109-HIS, 0)     -27.14528599.
  Rotamer (A109-HID,13) self-energy    2276.98841387 pruned by (A109-HIS, 0)     -27.14528599.
  Rotamer (A109-HID,14) self-energy    6758.47126057 pruned by (A109-HIS, 0)     -27.14528599.
  Rotamer (A109-HID,15) self-energy    6690.87702835 pruned by (A109-HIS, 0)     -27.14528599.
  Rotamer (A109-HIE,19) self-energy   38656.50927282 pruned by (A109-HIS, 0)     -27.14528599.
  Rotamer (A109-HIE,20) self-energy   87227.62282580 pruned by (A109-HIS, 0)     -27.14528599.
  Rotamer (A109-HIE,21) self-energy    2117.37274751 pruned by (A109-HIS, 0)     -27.14528599.
  Rotamer (A109-HIE,22) self-energy    7557.35228888 pruned by (A109-HIS, 0)     -27.14528599.
  Rotamer (A109-HIE,23) self-energy    5650.85287429 pruned by (A109-HIS, 0)     -27.14528599.
  Rotamer (A110-GLH, 1) self-energy      15.97335690 pruned by (A110-GLU, 0)     -11.93668986.
  Rotamer (A110-GLH, 2) self-energy      21.14513285 pruned by (A110-GLU, 0)     -11.93668986.
  Rotamer (A110-GLH, 3) self-energy    2080.35256380 pruned by (A110-GLU, 0)     -11.93668986.
  Rotamer (A110-GLH, 4) self-energy      61.26893899 pruned by (A110-GLU, 0)     -11.93668986.
  Rotamer (A110-GLH, 5) self-energy      20.31944437 pruned by (A110-GLU, 0)     -11.93668986.
  Rotamer (A110-GLH, 6) self-energy     246.96019356 pruned by (A110-GLU, 0)     -11.93668986.
  Rotamer (A110-GLH, 7) self-energy   29014.33216565 pruned by (A110-GLU, 0)     -11.93668986.
  Rotamer (A110-GLH, 8) self-energy     420.02399431 pruned by (A110-GLU, 0)     -11.93668986.
  Rotamer (A110-GLH, 9) self-energy   12681.63139997 pruned by (A110-GLU, 0)     -11.93668986.
  Rotamer (A110-GLH,10) self-energy      32.29551943 pruned by (A110-GLU, 0)     -11.93668986.
  Rotamer (A110-GLH,11) self-energy    1073.30997774 pruned by (A110-GLU, 0)     -11.93668986.
  Rotamer (A110-GLH,12) self-energy      41.00035984 pruned by (A110-GLU, 0)     -11.93668986.
  Rotamer (A110-GLH,13) self-energy      18.91537540 pruned by (A110-GLU, 0)     -11.93668986.
  Rotamer (A110-GLH,14) self-energy     130.98262939 pruned by (A110-GLU, 0)     -11.93668986.
  Rotamer (A110-GLH,15) self-energy   17785.02577942 pruned by (A110-GLU, 0)     -11.93668986.
  Rotamer (A110-GLH,16) self-energy     421.72315155 pruned by (A110-GLU, 0)     -11.93668986.
  Rotamer (A110-GLH,17) self-energy     425.50686010 pruned by (A110-GLU, 0)     -11.93668986.
  Rotamer (A110-GLH,18) self-energy      24.60006248 pruned by (A110-GLU, 0)     -11.93668986.
  Rotamer (A110-GLH,19) self-energy    2084.71273330 pruned by (A110-GLU, 0)     -11.93668986.
  Rotamer (A110-GLH,20) self-energy      48.49831154 pruned by (A110-GLU, 0)     -11.93668986.
  Rotamer (A110-GLH,21) self-energy      39.02401116 pruned by (A110-GLU, 0)     -11.93668986.
  Rotamer (A110-GLH,22) self-energy     227.62741315 pruned by (A110-GLU, 0)     -11.93668986.
  Rotamer (A110-GLH,23) self-energy   17224.49435439 pruned by (A110-GLU, 0)     -11.93668986.
  Rotamer (A110-GLH,24) self-energy     421.97204444 pruned by (A110-GLU, 0)     -11.93668986.
  Rotamer (A110-GLH,25) self-energy     638.11929648 pruned by (A110-GLU, 0)     -11.93668986.
  Rotamer (A110-GLH,26) self-energy      47.25701711 pruned by (A110-GLU, 0)     -11.93668986.
  Rotamer (A110-GLH,27) self-energy     865.31223156 pruned by (A110-GLU, 0)     -11.93668986.
  Rotamer (A110-GLH,28) self-energy      51.78649919 pruned by (A110-GLU, 0)     -11.93668986.
  Rotamer (A110-GLH,29) self-energy      35.65869276 pruned by (A110-GLU, 0)     -11.93668986.
  Rotamer (A110-GLH,30) self-energy     135.05981606 pruned by (A110-GLU, 0)     -11.93668986.
  Rotamer (A110-GLH,31) self-energy    5534.40789385 pruned by (A110-GLU, 0)     -11.93668986.
  Rotamer (A110-GLH,32) self-energy     437.85425965 pruned by (A110-GLU, 0)     -11.93668986.
  Rotamer (A110-GLH,33) self-energy     437.98165180 pruned by (A110-GLU, 0)     -11.93668986.
  Rotamer (A110-GLU,35) self-energy    2740.00303048 pruned by (A110-GLU, 0)     -11.93668986.
  Rotamer (A110-GLU,38) self-energy     120.20355358 pruned by (A110-GLU, 0)     -11.93668986.
  Rotamer (A110-GLU,39) self-energy   20436.97256259 pruned by (A110-GLU, 0)     -11.93668986.
  Rotamer (A110-GLU,40) self-energy     512.06524002 pruned by (A110-GLU, 0)     -11.93668986.
  Rotamer (A110-GLU,41) self-energy     472.17753141 pruned by (A110-GLU, 0)     -11.93668986.
  Rotamer (A115-LYD, 1) self-energy      31.11469713 pruned by (A115-LYS, 0)     -21.95798120.
  Rotamer (A115-LYD, 2) self-energy     139.53707536 pruned by (A115-LYS, 0)     -21.95798120.
  Rotamer (A115-LYD, 3) self-energy    1456.19756944 pruned by (A115-LYS, 0)     -21.95798120.
  Rotamer (A115-LYD, 4) self-energy    1975.47967277 pruned by (A115-LYS, 0)     -21.95798120.
  Rotamer (A115-LYD, 5) self-energy    3800.01513131 pruned by (A115-LYS, 0)     -21.95798120.
  Rotamer (A115-LYD, 6) self-energy     103.67838961 pruned by (A115-LYS, 0)     -21.95798120.
  Rotamer (A115-LYD, 7) self-energy      35.15049739 pruned by (A115-LYS, 0)     -21.95798120.
  Rotamer (A115-LYD, 8) self-energy      32.66020168 pruned by (A115-LYS, 0)     -21.95798120.
  Rotamer (A115-LYD, 9) self-energy      34.54059384 pruned by (A115-LYS, 0)     -21.95798120.
  Rotamer (A115-LYD,10) self-energy      33.36983593 pruned by (A115-LYS, 0)     -21.95798120.
  Rotamer (A115-LYD,11) self-energy      32.16995516 pruned by (A115-LYS, 0)     -21.95798120.
  Rotamer (A115-LYD,12) self-energy      31.59989865 pruned by (A115-LYS, 0)     -21.95798120.
  Rotamer (A115-LYD,13) self-energy      30.63750309 pruned by (A115-LYS, 0)     -21.95798120.
  Rotamer (A115-LYD,14) self-energy      32.51003238 pruned by (A115-LYS, 0)     -21.95798120.
  Rotamer (A115-LYD,15) self-energy      32.24111755 pruned by (A115-LYS, 0)     -21.95798120.
  Rotamer (A115-LYD,16) self-energy      34.64463564 pruned by (A115-LYS, 0)     -21.95798120.
  Rotamer (A115-LYD,17) self-energy      68.73996013 pruned by (A115-LYS, 0)     -21.95798120.
  Rotamer (A115-LYD,18) self-energy      81.64959259 pruned by (A115-LYS, 0)     -21.95798120.
  Rotamer (A115-LYD,19) self-energy      36.73145476 pruned by (A115-LYS, 0)     -21.95798120.
  Rotamer (A115-LYD,20) self-energy      38.78689469 pruned by (A115-LYS, 0)     -21.95798120.
  Rotamer (A115-LYD,21) self-energy      35.14201331 pruned by (A115-LYS, 0)     -21.95798120.
  Rotamer (A115-LYD,22) self-energy      37.08559448 pruned by (A115-LYS, 0)     -21.95798120.
  Rotamer (A115-LYD,23) self-energy      45.64356345 pruned by (A115-LYS, 0)     -21.95798120.
  Rotamer (A115-LYD,24) self-energy     256.62801633 pruned by (A115-LYS, 0)     -21.95798120.
  Rotamer (A115-LYD,25) self-energy      41.78555079 pruned by (A115-LYS, 0)     -21.95798120.
  Rotamer (A115-LYD,26) self-energy      40.90917761 pruned by (A115-LYS, 0)     -21.95798120.
  Rotamer (A115-LYD,27) self-energy      42.91599969 pruned by (A115-LYS, 0)     -21.95798120.
  Rotamer (A115-LYD,28) self-energy      42.52789967 pruned by (A115-LYS, 0)     -21.95798120.
  Rotamer (A115-LYS,29) self-energy      89.58769103 pruned by (A115-LYS, 0)     -21.95798120.
  Rotamer (A115-LYS,31) self-energy    1928.24431506 pruned by (A115-LYS, 0)     -21.95798120.
  Rotamer (A115-LYS,32) self-energy    5236.55755698 pruned by (A115-LYS, 0)     -21.95798120.
  Rotamer (A115-LYS,33) self-energy      52.43180801 pruned by (A115-LYS, 0)     -21.95798120.
  Rotamer (A115-LYS,44) self-energy      19.61692946 pruned by (A115-LYS, 0)     -21.95798120.
  Rotamer (A115-LYS,45) self-energy      34.32034664 pruned by (A115-LYS, 0)     -21.95798120.
  Rotamer (A115-LYS,51) self-energy     206.53071902 pruned by (A115-LYS, 0)     -21.95798120.
  Rotamer (A117-GLH, 1) self-energy      17.88849363 pruned by (A117-GLU,38)     -11.29520294.
  Rotamer (A117-GLH, 2) self-energy      69.23729704 pruned by (A117-GLU,38)     -11.29520294.
  Rotamer (A117-GLH, 3) self-energy    3920.64704783 pruned by (A117-GLU,38)     -11.29520294.
  Rotamer (A117-GLH, 4) self-energy     287.62601690 pruned by (A117-GLU,38)     -11.29520294.
  Rotamer (A117-GLH, 7) self-energy    1304.85727682 pruned by (A117-GLU,38)     -11.29520294.
  Rotamer (A117-GLH, 8) self-energy    3829.94164402 pruned by (A117-GLU,38)     -11.29520294.
  Rotamer (A117-GLH, 9) self-energy    6816.39309641 pruned by (A117-GLU,38)     -11.29520294.
  Rotamer (A117-GLH,10) self-energy      69.64326444 pruned by (A117-GLU,38)     -11.29520294.
  Rotamer (A117-GLH,11) self-energy    2170.46744548 pruned by (A117-GLU,38)     -11.29520294.
  Rotamer (A117-GLH,12) self-energy     252.56108178 pruned by (A117-GLU,38)     -11.29520294.
  Rotamer (A117-GLH,14) self-energy      18.58976071 pruned by (A117-GLU,38)     -11.29520294.
  Rotamer (A117-GLH,15) self-energy     840.44260938 pruned by (A117-GLU,38)     -11.29520294.
  Rotamer (A117-GLH,16) self-energy    1387.04520542 pruned by (A117-GLU,38)     -11.29520294.
  Rotamer (A117-GLH,17) self-energy    7868.99022030 pruned by (A117-GLU,38)     -11.29520294.
  Rotamer (A117-GLH,18) self-energy      83.04753663 pruned by (A117-GLU,38)     -11.29520294.
  Rotamer (A117-GLH,19) self-energy    1451.38253024 pruned by (A117-GLU,38)     -11.29520294.
  Rotamer (A117-GLH,20) self-energy     223.37294856 pruned by (A117-GLU,38)     -11.29520294.
  Rotamer (A117-GLH,21) self-energy      17.72165542 pruned by (A117-GLU,38)     -11.29520294.
  Rotamer (A117-GLH,22) self-energy      13.82764083 pruned by (A117-GLU,38)     -11.29520294.
  Rotamer (A117-GLH,23) self-energy    1327.41513969 pruned by (A117-GLU,38)     -11.29520294.
  Rotamer (A117-GLH,24) self-energy    3620.84037850 pruned by (A117-GLU,38)     -11.29520294.
  Rotamer (A117-GLH,25) self-energy    8041.13635374 pruned by (A117-GLU,38)     -11.29520294.
  Rotamer (A117-GLH,26) self-energy      85.91554717 pruned by (A117-GLU,38)     -11.29520294.
  Rotamer (A117-GLH,27) self-energy    2098.70903680 pruned by (A117-GLU,38)     -11.29520294.
  Rotamer (A117-GLH,28) self-energy     280.09964090 pruned by (A117-GLU,38)     -11.29520294.
  Rotamer (A117-GLH,29) self-energy      29.85574093 pruned by (A117-GLU,38)     -11.29520294.
  Rotamer (A117-GLH,30) self-energy      48.60688609 pruned by (A117-GLU,38)     -11.29520294.
  Rotamer (A117-GLH,31) self-energy     702.54939331 pruned by (A117-GLU,38)     -11.29520294.
  Rotamer (A117-GLH,32) self-energy    1402.64579807 pruned by (A117-GLU,38)     -11.29520294.
  Rotamer (A117-GLH,33) self-energy    7882.37907314 pruned by (A117-GLU,38)     -11.29520294.
  Rotamer (A117-GLU,34) self-energy      53.89119541 pruned by (A117-GLU,38)     -11.29520294.
  Rotamer (A117-GLU,35) self-energy    1877.43769665 pruned by (A117-GLU,38)     -11.29520294.
  Rotamer (A117-GLU,36) self-energy     295.29493919 pruned by (A117-GLU,38)     -11.29520294.
  Rotamer (A117-GLU,39) self-energy    1249.66788458 pruned by (A117-GLU,38)     -11.29520294.
  Rotamer (A117-GLU,40) self-energy    1579.02991273 pruned by (A117-GLU,38)     -11.29520294.
  Rotamer (A117-GLU,41) self-energy   18177.81566882 pruned by (A117-GLU,38)     -11.29520294.
  Rotamer (A121-LYD, 1) self-energy      34.12204324 pruned by (A121-LYS,40)     -21.29547903.
  Rotamer (A121-LYD, 2) self-energy     108.59276803 pruned by (A121-LYS,40)     -21.29547903.
  Rotamer (A121-LYD, 3) self-energy     254.42273549 pruned by (A121-LYS,40)     -21.29547903.
  Rotamer (A121-LYD, 4) self-energy     263.29876376 pruned by (A121-LYS,40)     -21.29547903.
  Rotamer (A121-LYD, 5) self-energy    6077.61855727 pruned by (A121-LYS,40)     -21.29547903.
  Rotamer (A121-LYD, 6) self-energy      82.11404481 pruned by (A121-LYS,40)     -21.29547903.
  Rotamer (A121-LYD, 7) self-energy      34.45032396 pruned by (A121-LYS,40)     -21.29547903.
  Rotamer (A121-LYD, 8) self-energy      33.96822259 pruned by (A121-LYS,40)     -21.29547903.
  Rotamer (A121-LYD, 9) self-energy      35.89013146 pruned by (A121-LYS,40)     -21.29547903.
  Rotamer (A121-LYD,10) self-energy      34.68138973 pruned by (A121-LYS,40)     -21.29547903.
  Rotamer (A121-LYD,11) self-energy      33.49090696 pruned by (A121-LYS,40)     -21.29547903.
  Rotamer (A121-LYD,12) self-energy      32.85034632 pruned by (A121-LYS,40)     -21.29547903.
  Rotamer (A121-LYD,13) self-energy      31.78600686 pruned by (A121-LYS,40)     -21.29547903.
  Rotamer (A121-LYD,14) self-energy      33.71755736 pruned by (A121-LYS,40)     -21.29547903.
  Rotamer (A121-LYD,15) self-energy      33.41347032 pruned by (A121-LYS,40)     -21.29547903.
  Rotamer (A121-LYD,16) self-energy      35.55474652 pruned by (A121-LYS,40)     -21.29547903.
  Rotamer (A121-LYD,17) self-energy    1469.46203062 pruned by (A121-LYS,40)     -21.29547903.
  Rotamer (A121-LYD,18) self-energy      79.76319597 pruned by (A121-LYS,40)     -21.29547903.
  Rotamer (A121-LYD,19) self-energy      34.82033287 pruned by (A121-LYS,40)     -21.29547903.
  Rotamer (A121-LYD,20) self-energy      32.02147084 pruned by (A121-LYS,40)     -21.29547903.
  Rotamer (A121-LYD,21) self-energy      31.96131747 pruned by (A121-LYS,40)     -21.29547903.
  Rotamer (A121-LYD,22) self-energy      80.34088998 pruned by (A121-LYS,40)     -21.29547903.
  Rotamer (A121-LYD,23) self-energy      42.98081063 pruned by (A121-LYS,40)     -21.29547903.
  Rotamer (A121-LYD,24) self-energy     115.50401497 pruned by (A121-LYS,40)     -21.29547903.
  Rotamer (A121-LYD,25) self-energy     850.07641145 pruned by (A121-LYS,40)     -21.29547903.
  Rotamer (A121-LYD,26) self-energy   17352.83176320 pruned by (A121-LYS,40)     -21.29547903.
  Rotamer (A121-LYD,27) self-energy    4281.14090924 pruned by (A121-LYS,40)     -21.29547903.
  Rotamer (A121-LYD,28) self-energy     268.07269517 pruned by (A121-LYS,40)     -21.29547903.
  Rotamer (A121-LYS,29) self-energy      57.96084748 pruned by (A121-LYS,40)     -21.29547903.
  Rotamer (A121-LYS,30) self-energy      19.66369489 pruned by (A121-LYS,40)     -21.29547903.
  Rotamer (A121-LYS,31) self-energy     212.11082811 pruned by (A121-LYS,40)     -21.29547903.
  Rotamer (A121-LYS,32) self-energy    6274.96685516 pruned by (A121-LYS,40)     -21.29547903.
  Rotamer (A121-LYS,33) self-energy      30.29199128 pruned by (A121-LYS,40)     -21.29547903.
  Rotamer (A121-LYS,44) self-energy    1418.07463808 pruned by (A121-LYS,40)     -21.29547903.
  Rotamer (A121-LYS,45) self-energy      31.50933494 pruned by (A121-LYS,40)     -21.29547903.
  Rotamer (A121-LYS,49) self-energy      26.31056128 pruned by (A121-LYS,40)     -21.29547903.
  Rotamer (A121-LYS,51) self-energy      64.65411471 pruned by (A121-LYS,40)     -21.29547903.
  Rotamer (A121-LYS,52) self-energy     798.99503481 pruned by (A121-LYS,40)     -21.29547903.
  Rotamer (A121-LYS,53) self-energy   18206.74497414 pruned by (A121-LYS,40)     -21.29547903.
  Rotamer (A121-LYS,54) self-energy    6685.33297675 pruned by (A121-LYS,40)     -21.29547903.
  Rotamer (A121-LYS,55) self-energy     256.40240585 pruned by (A121-LYS,40)     -21.29547903.
  Rotamer (A122-LYD, 1) self-energy      30.92822106 pruned by (A122-LYS,40)     -22.10417188.
  Rotamer (A122-LYD, 2) self-energy     200.08619741 pruned by (A122-LYS,40)     -22.10417188.
  Rotamer (A122-LYD, 3) self-energy     167.04811174 pruned by (A122-LYS,40)     -22.10417188.
  Rotamer (A122-LYD, 4) self-energy     241.68539749 pruned by (A122-LYS,40)     -22.10417188.
  Rotamer (A122-LYD, 5) self-energy   47302.32861242 pruned by (A122-LYS,40)     -22.10417188.
  Rotamer (A122-LYD, 6) self-energy      83.62115089 pruned by (A122-LYS,40)     -22.10417188.
  Rotamer (A122-LYD, 7) self-energy      33.64457129 pruned by (A122-LYS,40)     -22.10417188.
  Rotamer (A122-LYD, 8) self-energy      32.90613363 pruned by (A122-LYS,40)     -22.10417188.
  Rotamer (A122-LYD, 9) self-energy      34.73017725 pruned by (A122-LYS,40)     -22.10417188.
  Rotamer (A122-LYD,10) self-energy      33.59872132 pruned by (A122-LYS,40)     -22.10417188.
  Rotamer (A122-LYD,11) self-energy      32.74770454 pruned by (A122-LYS,40)     -22.10417188.
  Rotamer (A122-LYD,12) self-energy      31.93816523 pruned by (A122-LYS,40)     -22.10417188.
  Rotamer (A122-LYD,13) self-energy      30.92465625 pruned by (A122-LYS,40)     -22.10417188.
  Rotamer (A122-LYD,14) self-energy      32.83087671 pruned by (A122-LYS,40)     -22.10417188.
  Rotamer (A122-LYD,15) self-energy      32.57280577 pruned by (A122-LYS,40)     -22.10417188.
  Rotamer (A122-LYD,16) self-energy      34.99269319 pruned by (A122-LYS,40)     -22.10417188.
  Rotamer (A122-LYD,17) self-energy     105.85076146 pruned by (A122-LYS,40)     -22.10417188.
  Rotamer (A122-LYD,18) self-energy      85.66097084 pruned by (A122-LYS,40)     -22.10417188.
  Rotamer (A122-LYD,19) self-energy      40.82944922 pruned by (A122-LYS,40)     -22.10417188.
  Rotamer (A122-LYD,20) self-energy      44.41680161 pruned by (A122-LYS,40)     -22.10417188.
  Rotamer (A122-LYD,21) self-energy      39.21117435 pruned by (A122-LYS,40)     -22.10417188.
  Rotamer (A122-LYD,22) self-energy      41.14674565 pruned by (A122-LYS,40)     -22.10417188.
  Rotamer (A122-LYD,23) self-energy      68.72533052 pruned by (A122-LYS,40)     -22.10417188.
  Rotamer (A122-LYD,24) self-energy     234.79876616 pruned by (A122-LYS,40)     -22.10417188.
  Rotamer (A122-LYD,25) self-energy      47.75519398 pruned by (A122-LYS,40)     -22.10417188.
  Rotamer (A122-LYD,26) self-energy      46.85928401 pruned by (A122-LYS,40)     -22.10417188.
  Rotamer (A122-LYD,27) self-energy      48.37114374 pruned by (A122-LYS,40)     -22.10417188.
  Rotamer (A122-LYD,28) self-energy      48.64244612 pruned by (A122-LYS,40)     -22.10417188.
  Rotamer (A122-LYS,29) self-energy     183.33038949 pruned by (A122-LYS,40)     -22.10417188.
  Rotamer (A122-LYS,31) self-energy     193.48222033 pruned by (A122-LYS,40)     -22.10417188.
  Rotamer (A122-LYS,32) self-energy   46414.08839175 pruned by (A122-LYS,40)     -22.10417188.
  Rotamer (A122-LYS,33) self-energy      31.87870463 pruned by (A122-LYS,40)     -22.10417188.
  Rotamer (A122-LYS,44) self-energy      55.67740117 pruned by (A122-LYS,40)     -22.10417188.
  Rotamer (A122-LYS,45) self-energy      37.73236897 pruned by (A122-LYS,40)     -22.10417188.
  Rotamer (A122-LYS,50) self-energy      18.54214766 pruned by (A122-LYS,40)     -22.10417188.
  Rotamer (A122-LYS,51) self-energy     181.48004612 pruned by (A122-LYS,40)     -22.10417188.
  Rotamer (A123-GLH, 1) self-energy      86.52121795 pruned by (A123-GLU,40)     -11.59317462.
  Rotamer (A123-GLH, 2) self-energy     196.68848970 pruned by (A123-GLU,40)     -11.59317462.
  Rotamer (A123-GLH, 3) self-energy   16167.54101077 pruned by (A123-GLU,40)     -11.59317462.
  Rotamer (A123-GLH, 4) self-energy      22.62902302 pruned by (A123-GLU,40)     -11.59317462.
  Rotamer (A123-GLH, 5) self-energy      25.90430832 pruned by (A123-GLU,40)     -11.59317462.
  Rotamer (A123-GLH, 6) self-energy     760.55447168 pruned by (A123-GLU,40)     -11.59317462.
  Rotamer (A123-GLH, 7) self-energy     714.72396550 pruned by (A123-GLU,40)     -11.59317462.
  Rotamer (A123-GLH, 8) self-energy      13.97758475 pruned by (A123-GLU,40)     -11.59317462.
  Rotamer (A123-GLH,10) self-energy     131.95568303 pruned by (A123-GLU,40)     -11.59317462.
  Rotamer (A123-GLH,11) self-energy    5224.67467786 pruned by (A123-GLU,40)     -11.59317462.
  Rotamer (A123-GLH,12) self-energy      25.02132056 pruned by (A123-GLU,40)     -11.59317462.
  Rotamer (A123-GLH,13) self-energy      39.59739759 pruned by (A123-GLU,40)     -11.59317462.
  Rotamer (A123-GLH,14) self-energy     549.94623367 pruned by (A123-GLU,40)     -11.59317462.
  Rotamer (A123-GLH,15) self-energy    4647.63534448 pruned by (A123-GLU,40)     -11.59317462.
  Rotamer (A123-GLH,16) self-energy      14.17041188 pruned by (A123-GLU,40)     -11.59317462.
  Rotamer (A123-GLH,17) self-energy      14.58799699 pruned by (A123-GLU,40)     -11.59317462.
  Rotamer (A123-GLH,18) self-energy     274.11995996 pruned by (A123-GLU,40)     -11.59317462.
  Rotamer (A123-GLH,19) self-energy   16130.80787911 pruned by (A123-GLU,40)     -11.59317462.
  Rotamer (A123-GLH,20) self-energy      26.48836047 pruned by (A123-GLU,40)     -11.59317462.
  Rotamer (A123-GLH,21) self-energy      29.50948363 pruned by (A123-GLU,40)     -11.59317462.
  Rotamer (A123-GLH,22) self-energy     587.18588122 pruned by (A123-GLU,40)     -11.59317462.
  Rotamer (A123-GLH,23) self-energy     718.35924230 pruned by (A123-GLU,40)     -11.59317462.
  Rotamer (A123-GLH,25) self-energy      16.62290941 pruned by (A123-GLU,40)     -11.59317462.
  Rotamer (A123-GLH,26) self-energy     147.76021091 pruned by (A123-GLU,40)     -11.59317462.
  Rotamer (A123-GLH,27) self-energy    4146.12242056 pruned by (A123-GLU,40)     -11.59317462.
  Rotamer (A123-GLH,28) self-energy      43.14166539 pruned by (A123-GLU,40)     -11.59317462.
  Rotamer (A123-GLH,29) self-energy      52.89330287 pruned by (A123-GLU,40)     -11.59317462.
  Rotamer (A123-GLH,30) self-energy     586.96407809 pruned by (A123-GLU,40)     -11.59317462.
  Rotamer (A123-GLH,31) self-energy     808.23324609 pruned by (A123-GLU,40)     -11.59317462.
  Rotamer (A123-GLH,32) self-energy      31.45906759 pruned by (A123-GLU,40)     -11.59317462.
  Rotamer (A123-GLH,33) self-energy      29.15652354 pruned by (A123-GLU,40)     -11.59317462.
  Rotamer (A123-GLU,34) self-energy     123.58783134 pruned by (A123-GLU,40)     -11.59317462.
  Rotamer (A123-GLU,35) self-energy   11201.91361714 pruned by (A123-GLU,40)     -11.59317462.
  Rotamer (A123-GLU,38) self-energy     707.25836796 pruned by (A123-GLU,40)     -11.59317462.
  Rotamer (A123-GLU,39) self-energy     927.23181795 pruned by (A123-GLU,40)     -11.59317462.
  Rotamer (A124-LYD, 1) self-energy      28.92518497 pruned by (A124-LYS, 0)     -24.99671836.
  Rotamer (A124-LYD, 2) self-energy      36.25984300 pruned by (A124-LYS, 0)     -24.99671836.
  Rotamer (A124-LYD, 3) self-energy      35.69738578 pruned by (A124-LYS, 0)     -24.99671836.
  Rotamer (A124-LYD, 4) self-energy      34.68459534 pruned by (A124-LYS, 0)     -24.99671836.
  Rotamer (A124-LYD, 5) self-energy      36.49831103 pruned by (A124-LYS, 0)     -24.99671836.
  Rotamer (A124-LYD, 6) self-energy      36.01621081 pruned by (A124-LYS, 0)     -24.99671836.
  Rotamer (A124-LYD, 7) self-energy   21107.03968893 pruned by (A124-LYS, 0)     -24.99671836.
  Rotamer (A124-LYD, 8) self-energy    3305.88004497 pruned by (A124-LYS, 0)     -24.99671836.
  Rotamer (A124-LYD, 9) self-energy    3367.47426001 pruned by (A124-LYS, 0)     -24.99671836.
  Rotamer (A124-LYD,10) self-energy     103.73154248 pruned by (A124-LYS, 0)     -24.99671836.
  Rotamer (A124-LYD,11) self-energy     102.87070945 pruned by (A124-LYS, 0)     -24.99671836.
  Rotamer (A124-LYD,12) self-energy     265.24703486 pruned by (A124-LYS, 0)     -24.99671836.
  Rotamer (A124-LYD,13) self-energy     220.19704857 pruned by (A124-LYS, 0)     -24.99671836.
  Rotamer (A124-LYD,14) self-energy     863.87096736 pruned by (A124-LYS, 0)     -24.99671836.
  Rotamer (A124-LYD,15) self-energy     103.29097028 pruned by (A124-LYS, 0)     -24.99671836.
  Rotamer (A124-LYD,16) self-energy     105.06638035 pruned by (A124-LYS, 0)     -24.99671836.
  Rotamer (A124-LYD,17) self-energy      50.66835025 pruned by (A124-LYS, 0)     -24.99671836.
  Rotamer (A124-LYD,18) self-energy      75.50011062 pruned by (A124-LYS, 0)     -24.99671836.
  Rotamer (A124-LYD,19) self-energy      30.46963456 pruned by (A124-LYS, 0)     -24.99671836.
  Rotamer (A124-LYD,20) self-energy      30.23871879 pruned by (A124-LYS, 0)     -24.99671836.
  Rotamer (A124-LYD,21) self-energy      29.24989835 pruned by (A124-LYS, 0)     -24.99671836.
  Rotamer (A124-LYD,22) self-energy      31.14906637 pruned by (A124-LYS, 0)     -24.99671836.
  Rotamer (A124-LYD,23) self-energy      30.87141768 pruned by (A124-LYS, 0)     -24.99671836.
  Rotamer (A124-LYD,24) self-energy      32.92410773 pruned by (A124-LYS, 0)     -24.99671836.
  Rotamer (A124-LYD,25) self-energy      33.75794428 pruned by (A124-LYS, 0)     -24.99671836.
  Rotamer (A124-LYD,26) self-energy      32.65059645 pruned by (A124-LYS, 0)     -24.99671836.
  Rotamer (A124-LYD,27) self-energy      36.72865764 pruned by (A124-LYS, 0)     -24.99671836.
  Rotamer (A124-LYD,28) self-energy      54.45445848 pruned by (A124-LYS, 0)     -24.99671836.
  Rotamer (A124-LYS,34) self-energy  127866.89249767 pruned by (A124-LYS, 0)     -24.99671836.
  Rotamer (A124-LYS,35) self-energy    3266.96026393 pruned by (A124-LYS, 0)     -24.99671836.
  Rotamer (A124-LYS,36) self-energy    3312.64254578 pruned by (A124-LYS, 0)     -24.99671836.
  Rotamer (A124-LYS,37) self-energy      51.03723215 pruned by (A124-LYS, 0)     -24.99671836.
  Rotamer (A124-LYS,38) self-energy      48.80546253 pruned by (A124-LYS, 0)     -24.99671836.
  Rotamer (A124-LYS,39) self-energy     213.53134706 pruned by (A124-LYS, 0)     -24.99671836.
  Rotamer (A124-LYS,40) self-energy     164.98193858 pruned by (A124-LYS, 0)     -24.99671836.
  Rotamer (A124-LYS,41) self-energy     792.82306372 pruned by (A124-LYS, 0)     -24.99671836.
  Rotamer (A124-LYS,42) self-energy      49.37685729 pruned by (A124-LYS, 0)     -24.99671836.
  Rotamer (A124-LYS,43) self-energy      51.04930229 pruned by (A124-LYS, 0)     -24.99671836.
  Rotamer (A124-LYS,45) self-energy      26.41066063 pruned by (A124-LYS, 0)     -24.99671836.
  Rotamer (A124-LYS,55) self-energy       0.69269396 pruned by (A124-LYS, 0)     -24.99671836.
 Time for single energies:        332.6
 Number of 2-body energies to calculate: 8029
 Pair   A2-HIS 0 ,   A3-LYS 0 :       0.59878037 at      1.351 A (1.182 A by res) in 0.7713 (sec).
 Pair   A2-HIS 0 ,   A3-LYS 29:       0.63203158 at      1.351 A (1.182 A by res) in 0.7733 (sec).
 Pair   A2-HIS 0 ,   A3-LYS 31:       0.63249451 at      1.351 A (1.182 A by res) in 0.7772 (sec).
 Pair   A2-HIS 0 ,   A3-LYS 32:       0.74532297 at      1.351 A (1.182 A by res) in 0.7729 (sec).
 Pair   A2-HIS 0 ,   A3-LYS 33:       0.61302489 at      1.351 A (1.182 A by res) in 0.7701 (sec).
 Pair   A2-HIS 0 ,   A3-LYS 37:       0.65443588 at      1.351 A (1.182 A by res) in 0.7720 (sec).
 Pair   A2-HIS 0 ,   A3-LYS 38:       0.59773358 at      1.351 A (1.182 A by res) in 0.7741 (sec).
 Pair   A2-HIS 0 ,   A3-LYS 40:       0.55776333 at      1.351 A (1.182 A by res) in 0.7745 (sec).
 Pair   A2-HIS 0 ,   A3-LYS 41:       0.60583364 at      1.351 A (1.182 A by res) in 0.7743 (sec).
 Pair   A2-HIS 0 ,   A3-LYS 42:       0.57642540 at      1.351 A (1.182 A by res) in 0.7724 (sec).
 Pair   A2-HIS 0 ,   A3-LYS 46:       0.55869919 at      1.351 A (1.182 A by res) in 0.7720 (sec).
 Pair   A2-HIS 0 ,   A3-LYS 47:       0.62695000 at      1.351 A (1.182 A by res) in 0.7758 (sec).
 Pair   A2-HIS 0 ,   A3-LYS 48:       0.55526795 at      1.351 A (1.182 A by res) in 0.7737 (sec).
 Pair   A2-HIS 0 ,   A3-LYS 50:       0.59625797 at      1.351 A (1.182 A by res) in 0.7710 (sec).
 Pair   A2-HIS 0 ,   A3-LYS 51:       0.69472513 at      1.351 A (1.182 A by res) in 0.7689 (sec).
 Pair   A2-HIS 0 ,   A4-GLU 0 :      -0.21389221 at      2.419 A (0.550 A by res) in 0.7647 (sec).
 Pair   A2-HIS 0 ,   A4-GLH 8 :       3.86638809 at      2.030 A (0.550 A by res) in 0.7647 (sec).
 Pair   A2-HIS 0 ,   A4-GLH 9 :      67.23177565 at      1.573 A (0.550 A by res) in 0.7686 (sec).
 Pair   A2-HIS 0 ,   A4-GLH 17:      24.21206968 at      1.685 A (0.550 A by res) in 0.7625 (sec).
 Pair   A2-HIS 0 ,   A4-GLU 39:      16.71657363 at      2.312 A (0.550 A by res) in 0.7641 (sec).
 Pair   A2-HIS 0 ,   A4-GLU 40:       0.12473473 at      2.182 A (0.550 A by res) in 0.7642 (sec).
 Pair   A2-HIS 0 ,   A4-GLU 41:      42.88638839 at      1.591 A (0.550 A by res) in 0.7610 (sec).
 Pair   A2-HIS 0 ,  A63-GLU 0 :      -0.43761812 at      2.571 A (0.536 A by res) in 0.7664 (sec).
 Pair   A2-HIS 0 ,  A63-GLU 37:      -0.42604071 at      2.385 A (0.536 A by res) in 0.7676 (sec).
 Pair   A2-HID 1 ,   A3-LYS 0 :       0.12334053 at      1.351 A (1.182 A by res) in 0.7673 (sec).
 Pair   A2-HID 1 ,   A3-LYS 29:       0.13985237 at      1.351 A (1.182 A by res) in 0.7662 (sec).
 Pair   A2-HID 1 ,   A3-LYS 31:       0.13365660 at      1.351 A (1.182 A by res) in 0.7688 (sec).
 Pair   A2-HID 1 ,   A3-LYS 32:       0.17630302 at      1.351 A (1.182 A by res) in 0.7689 (sec).
 Pair   A2-HID 1 ,   A3-LYS 33:       0.12506320 at      1.351 A (1.182 A by res) in 0.7659 (sec).
 Pair   A2-HID 1 ,   A3-LYS 37:       0.11889142 at      1.351 A (1.182 A by res) in 0.7683 (sec).
 Pair   A2-HID 1 ,   A3-LYS 38:       0.11236205 at      1.351 A (1.182 A by res) in 0.7689 (sec).
 Pair   A2-HID 1 ,   A3-LYS 40:       0.10132888 at      1.351 A (1.182 A by res) in 0.7680 (sec).
 Pair   A2-HID 1 ,   A3-LYS 41:       0.10590015 at      1.351 A (1.182 A by res) in 0.7681 (sec).
 Pair   A2-HID 1 ,   A3-LYS 42:       0.11153885 at      1.351 A (1.182 A by res) in 0.7705 (sec).
 Pair   A2-HID 1 ,   A3-LYS 46:       0.10252184 at      1.351 A (1.182 A by res) in 0.7675 (sec).
 Pair   A2-HID 1 ,   A3-LYS 47:       0.13319457 at      1.351 A (1.182 A by res) in 0.7663 (sec).
 Pair   A2-HID 1 ,   A3-LYS 48:       0.10797091 at      1.351 A (1.182 A by res) in 0.7686 (sec).
 Pair   A2-HID 1 ,   A3-LYS 50:       0.11769602 at      1.351 A (1.182 A by res) in 0.7689 (sec).
 Pair   A2-HID 1 ,   A3-LYS 51:       0.15912511 at      1.351 A (1.182 A by res) in 0.7670 (sec).
 Pair   A2-HID 1 ,   A4-GLU 0 :      -0.12580181 at      2.419 A (0.550 A by res) in 0.7612 (sec).
 Pair   A2-HID 1 ,   A4-GLH 8 :       2.63463489 at      2.030 A (0.550 A by res) in 0.7641 (sec).
 Pair   A2-HID 1 ,   A4-GLH 9 :      62.91934701 at      1.573 A (0.550 A by res) in 0.7703 (sec).
 Pair   A2-HID 1 ,   A4-GLH 17:      24.32293710 at      1.685 A (0.550 A by res) in 0.7595 (sec).
 Pair   A2-HID 1 ,   A4-GLU 39:      19.06558987 at      2.312 A (0.550 A by res) in 0.7710 (sec).
 Pair   A2-HID 1 ,   A4-GLU 40:       1.93325751 at      2.182 A (0.550 A by res) in 0.7651 (sec).
 Pair   A2-HID 1 ,   A4-GLU 41:      44.52526841 at      1.591 A (0.550 A by res) in 0.7635 (sec).
 Pair   A2-HID 1 ,  A63-GLU 0 :      -0.03475294 at      2.571 A (0.536 A by res) in 0.7640 (sec).
 Pair   A2-HID 1 ,  A63-GLU 37:      -0.01859561 at      2.385 A (0.536 A by res) in 0.7698 (sec).
 Pair   A2-HIE 2 ,   A3-LYS 0 :       0.08871254 at      1.351 A (1.182 A by res) in 0.7686 (sec).
 Pair   A2-HIE 2 ,   A3-LYS 29:       0.11682078 at      1.351 A (1.182 A by res) in 0.7647 (sec).
 Pair   A2-HIE 2 ,   A3-LYS 31:       0.11868539 at      1.351 A (1.182 A by res) in 0.7733 (sec).
 Pair   A2-HIE 2 ,   A3-LYS 32:       0.14670695 at      1.351 A (1.182 A by res) in 0.7680 (sec).
 Pair   A2-HIE 2 ,   A3-LYS 33:       0.11811804 at      1.351 A (1.182 A by res) in 0.7688 (sec).
 Pair   A2-HIE 2 ,   A3-LYS 37:       0.12190516 at      1.351 A (1.182 A by res) in 0.7656 (sec).
 Pair   A2-HIE 2 ,   A3-LYS 38:       0.10575745 at      1.351 A (1.182 A by res) in 0.7701 (sec).
 Pair   A2-HIE 2 ,   A3-LYS 40:       0.09950007 at      1.351 A (1.182 A by res) in 0.7712 (sec).
 Pair   A2-HIE 2 ,   A3-LYS 41:       0.11285650 at      1.351 A (1.182 A by res) in 0.7693 (sec).
 Pair   A2-HIE 2 ,   A3-LYS 42:       0.09836584 at      1.351 A (1.182 A by res) in 0.7694 (sec).
 Pair   A2-HIE 2 ,   A3-LYS 46:       0.08925882 at      1.351 A (1.182 A by res) in 0.7679 (sec).
 Pair   A2-HIE 2 ,   A3-LYS 47:       0.09519323 at      1.351 A (1.182 A by res) in 0.7673 (sec).
 Pair   A2-HIE 2 ,   A3-LYS 48:       0.08388925 at      1.351 A (1.182 A by res) in 0.7664 (sec).
 Pair   A2-HIE 2 ,   A3-LYS 50:       0.09338821 at      1.351 A (1.182 A by res) in 0.7686 (sec).
 Pair   A2-HIE 2 ,   A3-LYS 51:       0.11577849 at      1.351 A (1.182 A by res) in 0.7669 (sec).
 Pair   A2-HIE 2 ,   A4-GLU 0 :       0.23806832 at      2.419 A (0.550 A by res) in 0.7622 (sec).
 Pair   A2-HIE 2 ,   A4-GLH 8 :       3.72045808 at      2.030 A (0.550 A by res) in 0.7636 (sec).
 Pair   A2-HIE 2 ,   A4-GLH 9 :      67.28389297 at      1.573 A (0.550 A by res) in 0.7620 (sec).
 Pair   A2-HIE 2 ,   A4-GLH 17:      24.50357316 at      1.685 A (0.550 A by res) in 0.7640 (sec).
 Pair   A2-HIE 2 ,   A4-GLU 39:      18.47147630 at      2.312 A (0.550 A by res) in 0.7593 (sec).
 Pair   A2-HIE 2 ,   A4-GLU 40:       0.87594554 at      2.182 A (0.550 A by res) in 0.7675 (sec).
 Pair   A2-HIE 2 ,   A4-GLU 41:      44.30866952 at      1.591 A (0.550 A by res) in 0.7637 (sec).
 Pair   A2-HIE 2 ,  A63-GLU 0 :       0.01002930 at      2.571 A (0.536 A by res) in 0.7669 (sec).
 Pair   A2-HIE 2 ,  A63-GLU 37:       0.03291800 at      2.385 A (0.536 A by res) in 0.7666 (sec).
 Pair   A2-HIS 3 ,   A3-LYS 0 :       0.60138950 at      1.351 A (1.182 A by res) in 0.7682 (sec).
 Pair   A2-HIS 3 ,   A3-LYS 29:       0.62911721 at      1.351 A (1.182 A by res) in 0.7699 (sec).
 Pair   A2-HIS 3 ,   A3-LYS 31:       0.62702762 at      1.351 A (1.182 A by res) in 0.7651 (sec).
 Pair   A2-HIS 3 ,   A3-LYS 32:       0.73851963 at      1.351 A (1.182 A by res) in 0.7690 (sec).
 Pair   A2-HIS 3 ,   A3-LYS 33:       0.60820386 at      1.351 A (1.182 A by res) in 0.7685 (sec).
 Pair   A2-HIS 3 ,   A3-LYS 37:       0.64845922 at      1.351 A (1.182 A by res) in 0.7685 (sec).
 Pair   A2-HIS 3 ,   A3-LYS 38:       0.59374511 at      1.351 A (1.182 A by res) in 0.7679 (sec).
 Pair   A2-HIS 3 ,   A3-LYS 40:       0.55485804 at      1.351 A (1.182 A by res) in 0.7694 (sec).
 Pair   A2-HIS 3 ,   A3-LYS 41:       0.60163483 at      1.351 A (1.182 A by res) in 0.7682 (sec).
 Pair   A2-HIS 3 ,   A3-LYS 42:       0.57491894 at      1.351 A (1.182 A by res) in 0.7682 (sec).
 Pair   A2-HIS 3 ,   A3-LYS 46:       0.55841169 at      1.351 A (1.182 A by res) in 0.7679 (sec).
 Pair   A2-HIS 3 ,   A3-LYS 47:       0.63037230 at      1.351 A (1.182 A by res) in 0.7677 (sec).
 Pair   A2-HIS 3 ,   A3-LYS 48:       0.55656309 at      1.351 A (1.182 A by res) in 0.7654 (sec).
 Pair   A2-HIS 3 ,   A3-LYS 50:       0.59582597 at      1.351 A (1.182 A by res) in 0.7683 (sec).
 Pair   A2-HIS 3 ,   A3-LYS 51:       0.69640146 at      1.351 A (1.182 A by res) in 0.7679 (sec).
 Pair   A2-HIS 3 ,   A4-GLU 0 :      -0.33078071 at      2.407 A (0.550 A by res) in 0.7634 (sec).
 Pair   A2-HIS 3 ,   A4-GLH 8 :       5.10073946 at      1.918 A (0.550 A by res) in 0.7594 (sec).
 Pair   A2-HIS 3 ,   A4-GLH 9 :      51.96480329 at      1.532 A (0.550 A by res) in 0.7645 (sec).
 Pair   A2-HIS 3 ,   A4-GLH 17:      18.35912325 at      1.685 A (0.550 A by res) in 0.7726 (sec).
 Pair   A2-HIS 3 ,   A4-GLU 39:      24.80510855 at      2.235 A (0.550 A by res) in 0.7615 (sec).
 Pair   A2-HIS 3 ,   A4-GLU 40:       0.25823830 at      2.106 A (0.550 A by res) in 0.7615 (sec).
 Pair   A2-HIS 3 ,   A4-GLU 41:      33.89009346 at      1.586 A (0.550 A by res) in 0.7623 (sec).
 Pair   A2-HIS 3 ,  A63-GLU 0 :      -0.44171916 at      2.571 A (0.536 A by res) in 0.7692 (sec).
 Pair   A2-HIS 3 ,  A63-GLU 37:      -0.43233276 at      2.385 A (0.536 A by res) in 0.7639 (sec).
 Pair   A2-HIS 4 ,   A3-LYS 0 :       0.69936013 at      1.351 A (1.182 A by res) in 0.7818 (sec).
 Pair   A2-HIS 4 ,   A3-LYS 29:       0.74710834 at      1.351 A (1.182 A by res) in 0.7679 (sec).
 Pair   A2-HIS 4 ,   A3-LYS 31:       0.74409920 at      1.351 A (1.182 A by res) in 0.7681 (sec).
 Pair   A2-HIS 4 ,   A3-LYS 32:       0.86185823 at      1.351 A (1.182 A by res) in 0.7689 (sec).
 Pair   A2-HIS 4 ,   A3-LYS 33:       0.73143795 at      1.351 A (1.182 A by res) in 0.7685 (sec).
 Pair   A2-HIS 4 ,   A3-LYS 37:       0.79280894 at      1.351 A (1.182 A by res) in 0.7681 (sec).
 Pair   A2-HIS 4 ,   A3-LYS 38:       0.72348621 at      1.351 A (1.182 A by res) in 0.7665 (sec).
 Pair   A2-HIS 4 ,   A3-LYS 40:       0.68005269 at      1.351 A (1.182 A by res) in 0.7713 (sec).
 Pair   A2-HIS 4 ,   A3-LYS 41:       0.73846433 at      1.351 A (1.182 A by res) in 0.7772 (sec).
 Pair   A2-HIS 4 ,   A3-LYS 42:       0.70021454 at      1.351 A (1.182 A by res) in 0.7654 (sec).
 Pair   A2-HIS 4 ,   A3-LYS 46:       0.66310065 at      1.351 A (1.182 A by res) in 0.7687 (sec).
 Pair   A2-HIS 4 ,   A3-LYS 47:       0.73214374 at      1.351 A (1.182 A by res) in 0.7694 (sec).
 Pair   A2-HIS 4 ,   A3-LYS 48:       0.65439050 at      1.351 A (1.182 A by res) in 0.7714 (sec).
 Pair   A2-HIS 4 ,   A3-LYS 50:       0.69908808 at      1.351 A (1.182 A by res) in 0.7672 (sec).
 Pair   A2-HIS 4 ,   A3-LYS 51:       0.80541658 at      1.351 A (1.182 A by res) in 0.7678 (sec).
 Pair   A2-HIS 4 ,   A4-GLU 0 :       5.29677363 at      2.334 A (0.550 A by res) in 0.7638 (sec).
 Pair   A2-HIS 4 ,   A4-GLH 8 :      54.33154162 at      1.403 A (0.550 A by res) in 0.7634 (sec).
 Pair   A2-HIS 4 ,   A4-GLH 9 :      36.93954437 at      1.890 A (0.550 A by res) in 0.7648 (sec).
 Pair   A2-HIS 4 ,   A4-GLH 17:      11.64743911 at      2.061 A (0.550 A by res) in 0.7645 (sec).
 Pair   A2-HIS 4 ,   A4-GLU 39:     124.37082809 at      1.775 A (0.550 A by res) in 0.7654 (sec).
 Pair   A2-HIS 4 ,   A4-GLU 40:      22.38532308 at      1.630 A (0.550 A by res) in 0.7600 (sec).
 Pair   A2-HIS 4 ,   A4-GLU 41:      17.60026796 at      2.061 A (0.550 A by res) in 0.7649 (sec).
 Pair   A2-HIS 4 ,  A63-GLU 0 :      -0.43122239 at      2.571 A (0.536 A by res) in 0.7694 (sec).
 Pair   A2-HIS 4 ,  A63-GLU 37:      -0.40451298 at      2.385 A (0.536 A by res) in 0.7664 (sec).
 Pair   A2-HIS 7 ,   A3-LYS 0 :       0.88619050 at      1.351 A (1.182 A by res) in 0.7682 (sec).
 Pair   A2-HIS 7 ,   A3-LYS 29:       0.81578020 at      1.351 A (1.182 A by res) in 0.7716 (sec).
 Pair   A2-HIS 7 ,   A3-LYS 31:       0.90583269 at      1.351 A (1.182 A by res) in 0.7666 (sec).
 Pair   A2-HIS 7 ,   A3-LYS 32:       2.79612287 at      1.351 A (1.182 A by res) in 0.7692 (sec).
 Pair   A2-HIS 7 ,   A3-LYS 33:       0.71754424 at      1.351 A (1.182 A by res) in 0.7698 (sec).
 Pair   A2-HIS 7 ,   A3-LYS 37:       1.00839775 at      1.351 A (1.182 A by res) in 0.7708 (sec).
 Pair   A2-HIS 7 ,   A3-LYS 38:       0.92017050 at      1.351 A (1.182 A by res) in 0.7662 (sec).
 Pair   A2-HIS 7 ,   A3-LYS 40:       0.78706666 at      1.351 A (1.182 A by res) in 0.7691 (sec).
 Pair   A2-HIS 7 ,   A3-LYS 41:       0.84375624 at      1.351 A (1.182 A by res) in 0.7689 (sec).
 Pair   A2-HIS 7 ,   A3-LYS 42:       0.82076166 at      1.351 A (1.182 A by res) in 0.7671 (sec).
 Pair   A2-HIS 7 ,   A3-LYS 46:       0.80403213 at      1.351 A (1.182 A by res) in 0.7712 (sec).
 Pair   A2-HIS 7 ,   A3-LYS 47:       0.90322298 at      1.351 A (1.182 A by res) in 0.7678 (sec).
 Pair   A2-HIS 7 ,   A3-LYS 48:       0.79880054 at      1.351 A (1.182 A by res) in 0.7683 (sec).
 Pair   A2-HIS 7 ,   A3-LYS 50:       0.95851478 at      1.351 A (1.182 A by res) in 0.7726 (sec).
 Pair   A2-HIS 7 ,   A3-LYS 51:       1.21663055 at      1.351 A (1.182 A by res) in 0.7691 (sec).
 Pair   A2-HIS 7 ,   A4-GLU 0 :      -0.44228478 at      3.174 A (0.550 A by res) in 0.7663 (sec).
 Pair   A2-HIS 7 ,   A4-GLH 8 :       0.56270467 at      3.293 A (0.550 A by res) in 0.7630 (sec).
 Pair   A2-HIS 7 ,   A4-GLH 9 :       2.12467246 at      2.257 A (0.550 A by res) in 0.7650 (sec).
 Pair   A2-HIS 7 ,   A4-GLH 17:       1.19636164 at      2.214 A (0.550 A by res) in 0.7673 (sec).
 Pair   A2-HIS 7 ,   A4-GLU 39:       0.11227892 at      2.681 A (0.550 A by res) in 0.7649 (sec).
 Pair   A2-HIS 7 ,   A4-GLU 40:      -0.25256798 at      3.293 A (0.550 A by res) in 0.7622 (sec).
 Pair   A2-HIS 7 ,   A4-GLU 41:       1.13986705 at      2.162 A (0.550 A by res) in 0.7642 (sec).
 Pair   A2-HIS 7 ,  A63-GLU 0 :      -0.46019041 at      2.571 A (0.536 A by res) in 0.7669 (sec).
 Pair   A2-HIS 7 ,  A63-GLU 37:      -0.42671486 at      2.385 A (0.536 A by res) in 0.7647 (sec).
 Pair   A2-HIS 8 ,   A3-LYS 0 :       0.62201963 at      1.351 A (1.182 A by res) in 0.7687 (sec).
 Pair   A2-HIS 8 ,   A3-LYS 29:       0.66051590 at      1.351 A (1.182 A by res) in 0.7669 (sec).
 Pair   A2-HIS 8 ,   A3-LYS 31:       0.65682942 at      1.351 A (1.182 A by res) in 0.7679 (sec).
 Pair   A2-HIS 8 ,   A3-LYS 32:       0.85119574 at      1.351 A (1.182 A by res) in 0.7674 (sec).
 Pair   A2-HIS 8 ,   A3-LYS 33:       0.59483126 at      1.351 A (1.182 A by res) in 0.7697 (sec).
 Pair   A2-HIS 8 ,   A3-LYS 37:       0.59406060 at      1.351 A (1.182 A by res) in 0.7700 (sec).
 Pair   A2-HIS 8 ,   A3-LYS 38:       0.56740278 at      1.351 A (1.182 A by res) in 0.7692 (sec).
 Pair   A2-HIS 8 ,   A3-LYS 40:       0.50936171 at      1.351 A (1.182 A by res) in 0.7690 (sec).
 Pair   A2-HIS 8 ,   A3-LYS 41:       0.53336492 at      1.351 A (1.182 A by res) in 0.7702 (sec).
 Pair   A2-HIS 8 ,   A3-LYS 42:       0.54918043 at      1.351 A (1.182 A by res) in 0.7693 (sec).
 Pair   A2-HIS 8 ,   A3-LYS 46:       0.53784448 at      1.351 A (1.182 A by res) in 0.7653 (sec).
 Pair   A2-HIS 8 ,   A3-LYS 47:       0.65136018 at      1.351 A (1.182 A by res) in 0.7693 (sec).
 Pair   A2-HIS 8 ,   A3-LYS 48:       0.55885619 at      1.351 A (1.182 A by res) in 0.7696 (sec).
 Pair   A2-HIS 8 ,   A3-LYS 50:       0.61796616 at      1.351 A (1.182 A by res) in 0.7671 (sec).
 Pair   A2-HIS 8 ,   A3-LYS 51:       0.76518185 at      1.351 A (1.182 A by res) in 0.7709 (sec).
 Pair   A2-HIS 8 ,   A4-GLU 0 :      -0.42351332 at      3.174 A (0.550 A by res) in 0.7663 (sec).
 Pair   A2-HIS 8 ,   A4-GLH 8 :       0.45402067 at      3.293 A (0.550 A by res) in 0.7639 (sec).
 Pair   A2-HIS 8 ,   A4-GLH 9 :       1.35803429 at      3.259 A (0.550 A by res) in 0.7625 (sec).
 Pair   A2-HIS 8 ,   A4-GLH 17:       0.87952922 at      3.259 A (0.550 A by res) in 0.7651 (sec).
 Pair   A2-HIS 8 ,   A4-GLU 39:       0.21573495 at      2.681 A (0.550 A by res) in 0.7647 (sec).
 Pair   A2-HIS 8 ,   A4-GLU 40:      -0.22574108 at      3.293 A (0.550 A by res) in 0.7618 (sec).
 Pair   A2-HIS 8 ,   A4-GLU 41:       0.57851083 at      3.259 A (0.550 A by res) in 0.7652 (sec).
 Pair   A2-HIS 8 ,  A63-GLU 0 :      -0.47197730 at      2.571 A (0.536 A by res) in 0.7683 (sec).
 Pair   A2-HIS 8 ,  A63-GLU 37:      -0.46688779 at      2.385 A (0.536 A by res) in 0.7681 (sec).
 Pair   A2-HIS 10,   A3-LYS 0 :       0.59087687 at      1.351 A (1.182 A by res) in 0.7673 (sec).
 Pair   A2-HIS 10,   A3-LYS 29:       0.61978091 at      1.351 A (1.182 A by res) in 0.7681 (sec).
 Pair   A2-HIS 10,   A3-LYS 31:       0.62010925 at      1.351 A (1.182 A by res) in 0.7694 (sec).
 Pair   A2-HIS 10,   A3-LYS 32:       0.77210242 at      1.351 A (1.182 A by res) in 0.7653 (sec).
 Pair   A2-HIS 10,   A3-LYS 33:       0.56683120 at      1.351 A (1.182 A by res) in 0.7708 (sec).
 Pair   A2-HIS 10,   A3-LYS 37:       0.57507399 at      1.351 A (1.182 A by res) in 0.7734 (sec).
 Pair   A2-HIS 10,   A3-LYS 38:       0.54707665 at      1.351 A (1.182 A by res) in 0.7786 (sec).
 Pair   A2-HIS 10,   A3-LYS 40:       0.49424132 at      1.351 A (1.182 A by res) in 0.7654 (sec).
 Pair   A2-HIS 10,   A3-LYS 41:       0.51891420 at      1.351 A (1.182 A by res) in 0.7698 (sec).
 Pair   A2-HIS 10,   A3-LYS 42:       0.52971292 at      1.351 A (1.182 A by res) in 0.7699 (sec).
 Pair   A2-HIS 10,   A3-LYS 46:       0.51749400 at      1.351 A (1.182 A by res) in 0.7688 (sec).
 Pair   A2-HIS 10,   A3-LYS 47:       0.61817318 at      1.351 A (1.182 A by res) in 0.7686 (sec).
 Pair   A2-HIS 10,   A3-LYS 48:       0.53471473 at      1.351 A (1.182 A by res) in 0.7688 (sec).
 Pair   A2-HIS 10,   A3-LYS 50:       0.58566815 at      1.351 A (1.182 A by res) in 0.7705 (sec).
 Pair   A2-HIS 10,   A3-LYS 51:       0.70424177 at      1.351 A (1.182 A by res) in 0.7661 (sec).
 Pair   A2-HIS 10,   A4-GLU 0 :      -0.43044585 at      3.174 A (0.550 A by res) in 0.7643 (sec).
 Pair   A2-HIS 10,   A4-GLH 8 :       0.45408411 at      3.293 A (0.550 A by res) in 0.7647 (sec).
 Pair   A2-HIS 10,   A4-GLH 9 :       1.35745519 at      3.259 A (0.550 A by res) in 0.7607 (sec).
 Pair   A2-HIS 10,   A4-GLH 17:       0.87895908 at      3.259 A (0.550 A by res) in 0.7642 (sec).
 Pair   A2-HIS 10,   A4-GLU 39:       0.20439826 at      2.681 A (0.550 A by res) in 0.7645 (sec).
 Pair   A2-HIS 10,   A4-GLU 40:      -0.23215265 at      3.293 A (0.550 A by res) in 0.7632 (sec).
 Pair   A2-HIS 10,   A4-GLU 41:       0.57752426 at      3.259 A (0.550 A by res) in 0.7615 (sec).
 Pair   A2-HIS 10,  A63-GLU 0 :      -0.46260253 at      2.571 A (0.536 A by res) in 0.7678 (sec).
 Pair   A2-HIS 10,  A63-GLU 37:      -0.47496436 at      2.385 A (0.536 A by res) in 0.7683 (sec).
 Pair   A2-HID 11,   A3-LYS 0 :       0.12483953 at      1.351 A (1.182 A by res) in 0.7681 (sec).
 Pair   A2-HID 11,   A3-LYS 29:       0.13939426 at      1.351 A (1.182 A by res) in 0.7695 (sec).
 Pair   A2-HID 11,   A3-LYS 31:       0.13293192 at      1.351 A (1.182 A by res) in 0.7691 (sec).
 Pair   A2-HID 11,   A3-LYS 32:       0.17504636 at      1.351 A (1.182 A by res) in 0.7674 (sec).
 Pair   A2-HID 11,   A3-LYS 33:       0.12415624 at      1.351 A (1.182 A by res) in 0.7666 (sec).
 Pair   A2-HID 11,   A3-LYS 37:       0.11853439 at      1.351 A (1.182 A by res) in 0.7724 (sec).
 Pair   A2-HID 11,   A3-LYS 38:       0.11223697 at      1.351 A (1.182 A by res) in 0.7687 (sec).
 Pair   A2-HID 11,   A3-LYS 40:       0.10100724 at      1.351 A (1.182 A by res) in 0.7684 (sec).
 Pair   A2-HID 11,   A3-LYS 41:       0.10543645 at      1.351 A (1.182 A by res) in 0.7713 (sec).
 Pair   A2-HID 11,   A3-LYS 42:       0.11157923 at      1.351 A (1.182 A by res) in 0.7703 (sec).
 Pair   A2-HID 11,   A3-LYS 46:       0.10306833 at      1.351 A (1.182 A by res) in 0.7693 (sec).
 Pair   A2-HID 11,   A3-LYS 47:       0.13524560 at      1.351 A (1.182 A by res) in 0.7655 (sec).
 Pair   A2-HID 11,   A3-LYS 48:       0.10891737 at      1.351 A (1.182 A by res) in 0.7690 (sec).
 Pair   A2-HID 11,   A3-LYS 50:       0.11864459 at      1.351 A (1.182 A by res) in 0.7691 (sec).
 Pair   A2-HID 11,   A3-LYS 51:       0.16120818 at      1.351 A (1.182 A by res) in 0.7658 (sec).
 Pair   A2-HID 11,   A4-GLU 0 :      -0.05186308 at      2.418 A (0.550 A by res) in 0.7633 (sec).
 Pair   A2-HID 11,   A4-GLH 8 :       3.46155910 at      2.575 A (0.550 A by res) in 0.7667 (sec).
 Pair   A2-HID 11,   A4-GLH 9 :      50.54057612 at      1.541 A (0.550 A by res) in 0.7652 (sec).
 Pair   A2-HID 11,   A4-GLH 17:      18.00624748 at      1.698 A (0.550 A by res) in 0.7627 (sec).
 Pair   A2-HID 11,   A4-GLU 39:      28.03669845 at      2.230 A (0.550 A by res) in 0.7652 (sec).
 Pair   A2-HID 11,   A4-GLU 40:       2.36608615 at      2.575 A (0.550 A by res) in 0.7647 (sec).
 Pair   A2-HID 11,   A4-GLU 41:      34.53232139 at      1.599 A (0.550 A by res) in 0.7640 (sec).
 Pair   A2-HID 11,  A63-GLU 0 :      -0.03531650 at      2.571 A (0.536 A by res) in 0.7688 (sec).
 Pair   A2-HID 11,  A63-GLU 37:      -0.02095654 at      2.385 A (0.536 A by res) in 0.7694 (sec).
 Pair   A2-HID 12,   A3-LYS 0 :       0.22910433 at      1.351 A (1.182 A by res) in 0.7694 (sec).
 Pair   A2-HID 12,   A3-LYS 29:       0.26759526 at      1.351 A (1.182 A by res) in 0.7664 (sec).
 Pair   A2-HID 12,   A3-LYS 31:       0.26364556 at      1.351 A (1.182 A by res) in 0.7713 (sec).
 Pair   A2-HID 12,   A3-LYS 32:       0.31345962 at      1.351 A (1.182 A by res) in 0.7690 (sec).
 Pair   A2-HID 12,   A3-LYS 33:       0.26278453 at      1.351 A (1.182 A by res) in 0.7653 (sec).
 Pair   A2-HID 12,   A3-LYS 37:       0.28549162 at      1.351 A (1.182 A by res) in 0.7724 (sec).
 Pair   A2-HID 12,   A3-LYS 38:       0.25699208 at      1.351 A (1.182 A by res) in 0.7718 (sec).
 Pair   A2-HID 12,   A3-LYS 40:       0.24023271 at      1.351 A (1.182 A by res) in 0.7704 (sec).
 Pair   A2-HID 12,   A3-LYS 41:       0.26265049 at      1.351 A (1.182 A by res) in 0.7659 (sec).
 Pair   A2-HID 12,   A3-LYS 42:       0.24751560 at      1.351 A (1.182 A by res) in 0.7700 (sec).
 Pair   A2-HID 12,   A3-LYS 46:       0.21995322 at      1.351 A (1.182 A by res) in 0.7713 (sec).
 Pair   A2-HID 12,   A3-LYS 47:       0.24352961 at      1.351 A (1.182 A by res) in 0.7681 (sec).
 Pair   A2-HID 12,   A3-LYS 48:       0.21443813 at      1.351 A (1.182 A by res) in 0.7690 (sec).
 Pair   A2-HID 12,   A3-LYS 50:       0.23255145 at      1.351 A (1.182 A by res) in 0.7678 (sec).
 Pair   A2-HID 12,   A3-LYS 51:       0.27983244 at      1.351 A (1.182 A by res) in 0.7703 (sec).
 Pair   A2-HID 12,   A4-GLU 0 :       4.43914608 at      2.320 A (0.550 A by res) in 0.7625 (sec).
 Pair   A2-HID 12,   A4-GLH 8 :      49.07647317 at      1.423 A (0.550 A by res) in 0.7663 (sec).
 Pair   A2-HID 12,   A4-GLH 9 :      32.00244387 at      1.940 A (0.550 A by res) in 0.7655 (sec).
 Pair   A2-HID 12,   A4-GLH 17:       9.73776107 at      2.031 A (0.550 A by res) in 0.7630 (sec).
 Pair   A2-HID 12,   A4-GLU 39:     116.96814916 at      1.802 A (0.550 A by res) in 0.7645 (sec).
 Pair   A2-HID 12,   A4-GLU 40:      20.83153776 at      1.653 A (0.550 A by res) in 0.7671 (sec).
 Pair   A2-HID 12,   A4-GLU 41:      16.26563301 at      2.031 A (0.550 A by res) in 0.7652 (sec).
 Pair   A2-HID 12,  A63-GLU 0 :      -0.02433000 at      2.571 A (0.536 A by res) in 0.7654 (sec).
 Pair   A2-HID 12,  A63-GLU 37:       0.00927779 at      2.385 A (0.536 A by res) in 0.7697 (sec).
 Pair   A2-HID 15,   A3-LYS 0 :       0.17370510 at      1.351 A (1.182 A by res) in 0.7694 (sec).
 Pair   A2-HID 15,   A3-LYS 29:      -0.14579681 at      1.351 A (1.182 A by res) in 0.7657 (sec).
 Pair   A2-HID 15,   A3-LYS 31:      -0.22600575 at      1.351 A (1.182 A by res) in 0.7716 (sec).
 Pair   A2-HID 15,   A3-LYS 32:       0.72976923 at      1.351 A (1.182 A by res) in 0.7698 (sec).
 Pair   A2-HID 15,   A3-LYS 33:      -0.23473554 at      1.351 A (1.182 A by res) in 0.7708 (sec).
 Pair   A2-HID 15,   A3-LYS 37:       0.08494964 at      1.351 A (1.182 A by res) in 0.7665 (sec).
 Pair   A2-HID 15,   A3-LYS 38:       0.10304324 at      1.351 A (1.182 A by res) in 0.7688 (sec).
 Pair   A2-HID 15,   A3-LYS 40:       0.08388416 at      1.351 A (1.182 A by res) in 0.7722 (sec).
 Pair   A2-HID 15,   A3-LYS 41:       0.07885889 at      1.351 A (1.182 A by res) in 0.7685 (sec).
 Pair   A2-HID 15,   A3-LYS 42:       0.10207239 at      1.351 A (1.182 A by res) in 0.7675 (sec).
 Pair   A2-HID 15,   A3-LYS 46:       0.11396414 at      1.351 A (1.182 A by res) in 0.7693 (sec).
 Pair   A2-HID 15,   A3-LYS 47:       0.18117790 at      1.351 A (1.182 A by res) in 0.7718 (sec).
 Pair   A2-HID 15,   A3-LYS 48:       0.13479806 at      1.351 A (1.182 A by res) in 0.7666 (sec).
 Pair   A2-HID 15,   A3-LYS 50:       0.17727670 at      1.351 A (1.182 A by res) in 0.7679 (sec).
 Pair   A2-HID 15,   A3-LYS 51:       0.33951158 at      1.351 A (1.182 A by res) in 0.7722 (sec).
 Pair   A2-HID 15,   A4-GLU 0 :       0.01817922 at      3.174 A (0.550 A by res) in 0.7630 (sec).
 Pair   A2-HID 15,   A4-GLH 8 :       0.42953015 at      3.293 A (0.550 A by res) in 0.7644 (sec).
 Pair   A2-HID 15,   A4-GLH 9 :       1.78364901 at      2.280 A (0.550 A by res) in 0.7661 (sec).
 Pair   A2-HID 15,   A4-GLH 17:       1.09359335 at      2.237 A (0.550 A by res) in 0.7614 (sec).
 Pair   A2-HID 15,   A4-GLU 39:       0.61112747 at      2.681 A (0.550 A by res) in 0.7658 (sec).
 Pair   A2-HID 15,   A4-GLU 40:       0.21919129 at      3.293 A (0.550 A by res) in 0.7654 (sec).
 Pair   A2-HID 15,   A4-GLU 41:       1.95012455 at      2.185 A (0.550 A by res) in 0.7643 (sec).
 Pair   A2-HID 15,  A63-GLU 0 :      -0.04608662 at      2.571 A (0.536 A by res) in 0.7668 (sec).
 Pair   A2-HID 15,  A63-GLU 37:      -0.01658443 at      2.385 A (0.536 A by res) in 0.7679 (sec).
 Pair   A2-HID 16,   A3-LYS 0 :       0.15175053 at      1.351 A (1.182 A by res) in 0.7682 (sec).
 Pair   A2-HID 16,   A3-LYS 29:       0.18614161 at      1.351 A (1.182 A by res) in 0.7667 (sec).
 Pair   A2-HID 16,   A3-LYS 31:       0.18162295 at      1.351 A (1.182 A by res) in 0.7695 (sec).
 Pair   A2-HID 16,   A3-LYS 32:       0.28176248 at      1.351 A (1.182 A by res) in 0.7691 (sec).
 Pair   A2-HID 16,   A3-LYS 33:       0.16284687 at      1.351 A (1.182 A by res) in 0.7801 (sec).
 Pair   A2-HID 16,   A3-LYS 37:       0.14879840 at      1.351 A (1.182 A by res) in 0.7656 (sec).
 Pair   A2-HID 16,   A3-LYS 38:       0.14094435 at      1.351 A (1.182 A by res) in 0.7731 (sec).
 Pair   A2-HID 16,   A3-LYS 40:       0.12507161 at      1.351 A (1.182 A by res) in 0.7707 (sec).
 Pair   A2-HID 16,   A3-LYS 41:       0.13208636 at      1.351 A (1.182 A by res) in 0.7653 (sec).
 Pair   A2-HID 16,   A3-LYS 42:       0.13595320 at      1.351 A (1.182 A by res) in 0.7687 (sec).
 Pair   A2-HID 16,   A3-LYS 46:       0.12914777 at      1.351 A (1.182 A by res) in 0.7688 (sec).
 Pair   A2-HID 16,   A3-LYS 47:       0.16331089 at      1.351 A (1.182 A by res) in 0.7681 (sec).
 Pair   A2-HID 16,   A3-LYS 48:       0.13297715 at      1.351 A (1.182 A by res) in 0.7649 (sec).
 Pair   A2-HID 16,   A3-LYS 50:       0.15386703 at      1.351 A (1.182 A by res) in 0.7718 (sec).
 Pair   A2-HID 16,   A3-LYS 51:       0.22248957 at      1.351 A (1.182 A by res) in 0.7695 (sec).
 Pair   A2-HID 16,   A4-GLU 0 :      -0.02267517 at      3.174 A (0.550 A by res) in 0.7624 (sec).
 Pair   A2-HID 16,   A4-GLH 8 :       0.39720791 at      3.293 A (0.550 A by res) in 0.7647 (sec).
 Pair   A2-HID 16,   A4-GLH 9 :       1.29812035 at      3.259 A (0.550 A by res) in 0.7671 (sec).
 Pair   A2-HID 16,   A4-GLH 17:       0.87383887 at      3.259 A (0.550 A by res) in 0.7661 (sec).
 Pair   A2-HID 16,   A4-GLU 39:       0.76678465 at      2.681 A (0.550 A by res) in 0.7634 (sec).
 Pair   A2-HID 16,   A4-GLU 40:       0.17841533 at      3.293 A (0.550 A by res) in 0.7683 (sec).
 Pair   A2-HID 16,   A4-GLU 41:       1.07925559 at      3.259 A (0.550 A by res) in 0.7639 (sec).
 Pair   A2-HID 16,  A63-GLU 0 :      -0.04787534 at      2.571 A (0.536 A by res) in 0.7654 (sec).
 Pair   A2-HID 16,  A63-GLU 37:      -0.03161382 at      2.385 A (0.536 A by res) in 0.7672 (sec).
 Pair   A2-HID 18,   A3-LYS 0 :       0.10340915 at      1.351 A (1.182 A by res) in 0.7687 (sec).
 Pair   A2-HID 18,   A3-LYS 29:       0.12231453 at      1.351 A (1.182 A by res) in 0.7698 (sec).
 Pair   A2-HID 18,   A3-LYS 31:       0.11803259 at      1.351 A (1.182 A by res) in 0.7715 (sec).
 Pair   A2-HID 18,   A3-LYS 32:       0.15725280 at      1.351 A (1.182 A by res) in 0.7690 (sec).
 Pair   A2-HID 18,   A3-LYS 33:       0.11759344 at      1.351 A (1.182 A by res) in 0.7733 (sec).
 Pair   A2-HID 18,   A3-LYS 37:       0.11350890 at      1.351 A (1.182 A by res) in 0.7658 (sec).
 Pair   A2-HID 18,   A3-LYS 38:       0.10347045 at      1.351 A (1.182 A by res) in 0.7715 (sec).
 Pair   A2-HID 18,   A3-LYS 40:       0.09857169 at      1.351 A (1.182 A by res) in 0.7704 (sec).
 Pair   A2-HID 18,   A3-LYS 41:       0.10684579 at      1.351 A (1.182 A by res) in 0.7685 (sec).
 Pair   A2-HID 18,   A3-LYS 42:       0.10279036 at      1.351 A (1.182 A by res) in 0.7669 (sec).
 Pair   A2-HID 18,   A3-LYS 46:       0.09541231 at      1.351 A (1.182 A by res) in 0.7708 (sec).
 Pair   A2-HID 18,   A3-LYS 47:       0.11220168 at      1.351 A (1.182 A by res) in 0.7686 (sec).
 Pair   A2-HID 18,   A3-LYS 48:       0.09398319 at      1.351 A (1.182 A by res) in 0.7668 (sec).
 Pair   A2-HID 18,   A3-LYS 50:       0.09971856 at      1.351 A (1.182 A by res) in 0.7690 (sec).
 Pair   A2-HID 18,   A3-LYS 51:       0.13143889 at      1.351 A (1.182 A by res) in 0.7695 (sec).
 Pair   A2-HID 18,   A4-GLU 0 :      -0.04123785 at      3.174 A (0.550 A by res) in 0.7629 (sec).
 Pair   A2-HID 18,   A4-GLH 8 :       0.39701936 at      3.293 A (0.550 A by res) in 0.7618 (sec).
 Pair   A2-HID 18,   A4-GLH 9 :       1.29741617 at      3.259 A (0.550 A by res) in 0.7665 (sec).
 Pair   A2-HID 18,   A4-GLH 17:       0.87193361 at      3.259 A (0.550 A by res) in 0.7645 (sec).
 Pair   A2-HID 18,   A4-GLU 39:       0.74255293 at      2.681 A (0.550 A by res) in 0.7630 (sec).
 Pair   A2-HID 18,   A4-GLU 40:       0.15984592 at      3.293 A (0.550 A by res) in 0.7644 (sec).
 Pair   A2-HID 18,   A4-GLU 41:       1.07465067 at      3.259 A (0.550 A by res) in 0.7670 (sec).
 Pair   A2-HID 18,  A63-GLU 0 :      -0.03539125 at      2.571 A (0.536 A by res) in 0.7681 (sec).
 Pair   A2-HID 18,  A63-GLU 37:      -0.03850045 at      2.385 A (0.536 A by res) in 0.7667 (sec).
 Pair   A2-HIE 19,   A3-LYS 0 :       0.08269200 at      1.351 A (1.182 A by res) in 0.7720 (sec).
 Pair   A2-HIE 19,   A3-LYS 29:       0.10981133 at      1.351 A (1.182 A by res) in 0.7696 (sec).
 Pair   A2-HIE 19,   A3-LYS 31:       0.11197500 at      1.351 A (1.182 A by res) in 0.7654 (sec).
 Pair   A2-HIE 19,   A3-LYS 32:       0.13822828 at      1.351 A (1.182 A by res) in 0.7705 (sec).
 Pair   A2-HIE 19,   A3-LYS 33:       0.11165308 at      1.351 A (1.182 A by res) in 0.7690 (sec).
 Pair   A2-HIE 19,   A3-LYS 37:       0.11590493 at      1.351 A (1.182 A by res) in 0.7687 (sec).
 Pair   A2-HIE 19,   A3-LYS 38:       0.10012755 at      1.351 A (1.182 A by res) in 0.7669 (sec).
 Pair   A2-HIE 19,   A3-LYS 40:       0.09441219 at      1.351 A (1.182 A by res) in 0.7702 (sec).
 Pair   A2-HIE 19,   A3-LYS 41:       0.10754934 at      1.351 A (1.182 A by res) in 0.7687 (sec).
 Pair   A2-HIE 19,   A3-LYS 42:       0.09285842 at      1.351 A (1.182 A by res) in 0.7704 (sec).
 Pair   A2-HIE 19,   A3-LYS 46:       0.08414257 at      1.351 A (1.182 A by res) in 0.7697 (sec).
 Pair   A2-HIE 19,   A3-LYS 47:       0.08911205 at      1.351 A (1.182 A by res) in 0.7700 (sec).
 Pair   A2-HIE 19,   A3-LYS 48:       0.07853317 at      1.351 A (1.182 A by res) in 0.7684 (sec).
 Pair   A2-HIE 19,   A3-LYS 50:       0.08761835 at      1.351 A (1.182 A by res) in 0.7666 (sec).
 Pair   A2-HIE 19,   A3-LYS 51:       0.10884970 at      1.351 A (1.182 A by res) in 0.7723 (sec).
 Pair   A2-HIE 19,   A4-GLU 0 :       0.13686872 at      2.417 A (0.550 A by res) in 0.7642 (sec).
 Pair   A2-HIE 19,   A4-GLH 8 :       4.55574387 at      1.933 A (0.550 A by res) in 0.7628 (sec).
 Pair   A2-HIE 19,   A4-GLH 9 :      50.32672509 at      1.555 A (0.550 A by res) in 0.7660 (sec).
 Pair   A2-HIE 19,   A4-GLH 17:      18.34304624 at      1.697 A (0.550 A by res) in 0.7695 (sec).
 Pair   A2-HIE 19,   A4-GLU 39:      26.72829583 at      2.226 A (0.550 A by res) in 0.7647 (sec).
 Pair   A2-HIE 19,   A4-GLU 40:       0.82199093 at      2.123 A (0.550 A by res) in 0.7613 (sec).
 Pair   A2-HIE 19,   A4-GLU 41:      34.61953662 at      1.599 A (0.550 A by res) in 0.7648 (sec).
 Pair   A2-HIE 19,  A63-GLU 0 :       0.01333018 at      2.571 A (0.536 A by res) in 0.7692 (sec).
 Pair   A2-HIE 19,  A63-GLU 37:       0.03658679 at      2.385 A (0.536 A by res) in 0.7655 (sec).
 Pair   A2-HIE 20,   A3-LYS 0 :       0.00295937 at      1.351 A (1.182 A by res) in 0.7683 (sec).
 Pair   A2-HIE 20,   A3-LYS 29:       0.00013166 at      1.351 A (1.182 A by res) in 0.7705 (sec).
 Pair   A2-HIE 20,   A3-LYS 31:      -0.00454615 at      1.351 A (1.182 A by res) in 0.7691 (sec).
 Pair   A2-HIE 20,   A3-LYS 32:       0.01632830 at      1.351 A (1.182 A by res) in 0.7680 (sec).
 Pair   A2-HIE 20,   A3-LYS 33:      -0.00975040 at      1.351 A (1.182 A by res) in 0.7698 (sec).
 Pair   A2-HIE 20,   A3-LYS 37:      -0.02808974 at      1.351 A (1.182 A by res) in 0.7714 (sec).
 Pair   A2-HIE 20,   A3-LYS 38:      -0.02520597 at      1.351 A (1.182 A by res) in 0.7660 (sec).
 Pair   A2-HIE 20,   A3-LYS 40:      -0.02453205 at      1.351 A (1.182 A by res) in 0.7696 (sec).
 Pair   A2-HIE 20,   A3-LYS 41:      -0.02580950 at      1.351 A (1.182 A by res) in 0.7717 (sec).
 Pair   A2-HIE 20,   A3-LYS 42:      -0.02158873 at      1.351 A (1.182 A by res) in 0.7685 (sec).
 Pair   A2-HIE 20,   A3-LYS 46:      -0.01058462 at      1.351 A (1.182 A by res) in 0.7657 (sec).
 Pair   A2-HIE 20,   A3-LYS 47:       0.00790747 at      1.351 A (1.182 A by res) in 0.7694 (sec).
 Pair   A2-HIE 20,   A3-LYS 48:      -0.00469809 at      1.351 A (1.182 A by res) in 0.7700 (sec).
 Pair   A2-HIE 20,   A3-LYS 50:      -0.00469419 at      1.351 A (1.182 A by res) in 0.7674 (sec).
 Pair   A2-HIE 20,   A3-LYS 51:       0.01903108 at      1.351 A (1.182 A by res) in 0.7721 (sec).
 Pair   A2-HIE 20,   A4-GLU 0 :       4.44170778 at      2.344 A (0.550 A by res) in 0.7645 (sec).
 Pair   A2-HIE 20,   A4-GLH 8 :      39.61876229 at      1.473 A (0.550 A by res) in 0.7637 (sec).
 Pair   A2-HIE 20,   A4-GLH 9 :      33.47195170 at      1.878 A (0.550 A by res) in 0.7614 (sec).
 Pair   A2-HIE 20,   A4-GLH 17:      10.38471267 at      2.254 A (0.550 A by res) in 0.7630 (sec).
 Pair   A2-HIE 20,   A4-GLU 39:     121.30784119 at      1.743 A (0.550 A by res) in 0.7652 (sec).
 Pair   A2-HIE 20,   A4-GLU 40:      17.66375897 at      1.704 A (0.550 A by res) in 0.7604 (sec).
 Pair   A2-HIE 20,   A4-GLU 41:      17.24989128 at      2.181 A (0.550 A by res) in 0.7651 (sec).
 Pair   A2-HIE 20,  A63-GLU 0 :       0.00427790 at      2.571 A (0.536 A by res) in 0.7682 (sec).
 Pair   A2-HIE 20,  A63-GLU 37:       0.02001320 at      2.385 A (0.536 A by res) in 0.7697 (sec).
 Pair   A2-HIE 23,   A3-LYS 0 :       0.06863654 at      1.351 A (1.182 A by res) in 0.7664 (sec).
 Pair   A2-HIE 23,   A3-LYS 29:      -0.24903827 at      1.351 A (1.182 A by res) in 0.7701 (sec).
 Pair   A2-HIE 23,   A3-LYS 31:      -0.26570570 at      1.351 A (1.182 A by res) in 0.7726 (sec).
 Pair   A2-HIE 23,   A3-LYS 32:       0.36241423 at      1.351 A (1.182 A by res) in 0.7643 (sec).
 Pair   A2-HIE 23,   A3-LYS 33:      -0.24152129 at      1.351 A (1.182 A by res) in 0.7707 (sec).
 Pair   A2-HIE 23,   A3-LYS 37:       0.16102485 at      1.351 A (1.182 A by res) in 0.7732 (sec).
 Pair   A2-HIE 23,   A3-LYS 38:       0.12629818 at      1.351 A (1.182 A by res) in 0.7700 (sec).
 Pair   A2-HIE 23,   A3-LYS 40:       0.10039096 at      1.351 A (1.182 A by res) in 0.7672 (sec).
 Pair   A2-HIE 23,   A3-LYS 41:       0.11787744 at      1.351 A (1.182 A by res) in 0.7722 (sec).
 Pair   A2-HIE 23,   A3-LYS 42:       0.08886871 at      1.351 A (1.182 A by res) in 0.7736 (sec).
 Pair   A2-HIE 23,   A3-LYS 46:       0.07514735 at      1.351 A (1.182 A by res) in 0.7666 (sec).
 Pair   A2-HIE 23,   A3-LYS 47:       0.06675090 at      1.351 A (1.182 A by res) in 0.7714 (sec).
 Pair   A2-HIE 23,   A3-LYS 48:       0.06325497 at      1.351 A (1.182 A by res) in 0.7695 (sec).
 Pair   A2-HIE 23,   A3-LYS 50:       0.09647595 at      1.351 A (1.182 A by res) in 0.7687 (sec).
 Pair   A2-HIE 23,   A3-LYS 51:       0.10684793 at      1.351 A (1.182 A by res) in 0.7667 (sec).
 Pair   A2-HIE 23,   A4-GLU 0 :      -0.00176698 at      3.153 A (0.550 A by res) in 0.7657 (sec).
 Pair   A2-HIE 23,   A4-GLH 8 :       0.44314421 at      3.293 A (0.550 A by res) in 0.7641 (sec).
 Pair   A2-HIE 23,   A4-GLH 9 :       2.26271285 at      2.221 A (0.550 A by res) in 0.7610 (sec).
 Pair   A2-HIE 23,   A4-GLH 17:       1.48011469 at      2.185 A (0.550 A by res) in 0.7665 (sec).
 Pair   A2-HIE 23,   A4-GLU 39:       0.63866393 at      2.681 A (0.550 A by res) in 0.7656 (sec).
 Pair   A2-HIE 23,   A4-GLU 40:       0.19936235 at      3.293 A (0.550 A by res) in 0.7683 (sec).
 Pair   A2-HIE 23,   A4-GLU 41:       2.52807419 at      2.131 A (0.550 A by res) in 0.7639 (sec).
 Pair   A2-HIE 23,  A63-GLU 0 :       0.01979076 at      2.571 A (0.536 A by res) in 0.7706 (sec).
 Pair   A2-HIE 23,  A63-GLU 37:       0.04245726 at      2.385 A (0.536 A by res) in 0.7736 (sec).
 Pair   A2-HIE 24,   A3-LYS 0 :       0.02829868 at      1.351 A (1.182 A by res) in 0.7688 (sec).
