 Evaluating /Dedicated/schnieders/programs/stack-2021.1.sh
  Loading Modules
   Stack 2021.1
   GCC 9.3.0
   CMake 3.20.0
   Eigen 3.3.9
   Cuda 11.1.1
   Cuda: /usr/share/apps/2021.1/arch/gcc-9.3.0/cuda-11.1.1
   CudaNN 8.0.5.39-11.1
   Swig 4.0.2_gcc-9.3.0
  Loading software from /Dedicated/schnieders/programs/local
   Ant: /Dedicated/schnieders/programs/apache-ant-1.10.11
   FFX: /Dedicated/schnieders/programs/ffx-builds/forcefieldx-2026-01-04
   GDMA: /Dedicated/schnieders/programs/gdma-2.3
   Groovy: /Dedicated/schnieders/programs/groovy-4.0.1
   Java: /Dedicated/schnieders/programs/jdk-25.0.1
   Maven: /Dedicated/schnieders/programs/apache-maven-3.9.5
   VMD: /Dedicated/schnieders/programs/vmd
   NAMD: /Dedicated/schnieders/programs/NAMD_3.0alpha7_Linux-x86_64-multicore-CUDA
   OpenEye: /Dedicated/schnieders/programs/OpenEye
   Tinker: /Dedicated/schnieders/programs/tinker-tools
=== Titration pH 8.55 started: Sat May  2 09:49:37 CDT 2026 ===
  Copy already exists, skipping.
WARNING: Using incubator modules: jdk.incubator.vector
  Restart file found: /Dedicated/schnieders/maemmad/pKa_GNN/ffx_pipeline/data/fixed_pdbs/1L54/1L54_pH8.55.restart — adding --eR
WARNING: Using incubator modules: jdk.incubator.vector
 _________________________________________________________________________

        FORCE FIELD X - Polyglot Software for Molecular Biophysics 

        Version 1.0.0-6947  April 2026 
        Git Revision  519408079905b3dd4b967041b75b836f63fb563f 
 
        Please cite the following reference when using Force Field X:

        RA Gogal, AJ Nessler, AC Thiel, HV Bernabe, RA Corrigan Grove,
        LM Cousineau, JM Litman, JM Miller, G Qi, MJ Speranza,
        MR Tollefson, TD Fenn, JJ Michaelson, O Okada, JP Piquemal,
        JW Ponder, J Shen, RJH Smith, W Yang, P Ren and MJ Schnieders,
        2024, Journal of Chemical Physics, 161 (1).

        Copyright (c)  Michael J. Schnieders  2001-2025
        All Rights Reserved

        Force Field X is distributed under the GPL v. 3 license
        with linking exception and is hosted by the Schnieders Lab
        at The University of Iowa.

        User Manual:   https://ffx.biochem.uiowa.edu/manual.html
        Publications:  https://ffx.biochem.uiowa.edu/publications.html
        License:       https://ffx.biochem.uiowa.edu/licenses.html

 _________________________________________________________________________

 Sat May 02 09:50:09 CDT 2026
 Process ID 389353 on argon-itf-bx50-02.hpc.

 Command line arguments:
 [ManyBody, --tR, --pH, 8.55, --oT, -T, --kPH, 3.0, --eR, /Dedicated/schnieders/maemmad/pKa_GNN/ffx_pipeline/data/fixed_pdbs/1L54/1L54_pH8.55.restart, /Dedicated/schnieders/maemmad/pKa_GNN/ffx_pipeline/data/fixed_pdbs/1L54/1L54_pH8.55.pdb]

 Executing internal command: ffx.algorithms.commands.ManyBody

 Parsing: Internal force field (amoeba-bio-2018-cphmd).
 Parsing: Structure properties from (/Dedicated/schnieders/maemmad/pKa_GNN/ffx_pipeline/data/fixed_pdbs/1L54/titrate.properties).
 Parsing: JVM system properties (i.e. command line -Dkey=value pairs).

 Attempting to read force field patch from /Dedicated/schnieders/maemmad/pKa_GNN/naphosphate_solute.09Feb21.prm.

 Renumbering Patch: FALSE
 Reading 1L54_pH8.55.pdb

 Assigning atom types for 1 chains.
 Amino acid chain A
 Constructing Force Field AMOEBA-BIO-2018-CPHMD

 SMP threads:                                20
 The system will be treated as aperiodic (max separation =   59.3 A).

 Bonded Terms
  Bonds:                                   2671
  Angles:                                  4825
  Stretch-Bends:                           4227
  Out-of-Plane Bends:                      1587
  Torsions:                                7031
  Pi-Orbital Torsions:                      281
  Torsion-Torsions:                          11

 Non-Bonded Terms

  Van der Waals
   Cut-Off:                                NONE
   Long-Range Correction:                 FALSE

 Electrostatics
   Polarization:                         MUTUAL
    SCF Convergence Criteria:         1.000e-06
    SCF Predictor:                         NONE
    SCF Algorithm:                           CG
    CG Preconditioner Cut-Off:            4.500
    CG Preconditioner Ewald Coeff.:       0.000
    CG Preconditioner Scale:              2.000
    CG Preconditioner Mode:     FLETCHER_REEVES
    Electrostatics Cut-Off:                NONE

  Continuum Solvation
   Radii:                                SOLUTE
   Generalized Kirkwood Cut-Off:           NONE
   GKC:                                  2.4550
   Solvent Dielectric:                  78.3000
   Solute Dielectric:                    2.0000
   Descreen with vdW Radii:                TRUE
   Descreen with Hydrogen Atoms:          FALSE
   Descreen Offset:                      0.0000
   General HCT Scale Factor:             0.7200
   Non-Polar Model:                  GAUSS-DISP
    GaussVol Radii Offset:               0.0000
    GaussVol Radii Scale:                1.0000
   Dispersion Integral Offset:           1.0560 (A)
   Cavitation Solvent Pressure:          0.0334 (Kcal/mol/A^3)
   Cavitation Surface Tension:           0.1030 (Kcal/mol/A^2)
   Cavitation Cross-Over Radius:         9.2515 (A)

  Overall system charge:                 10.000

 Opened 1L54_pH8.55.pdb in 1.495 sec.

 System Resources
  Total CPU time:          20.99 (sec)
  System load average:     65.64
  Open file handles:         146 of  81920 allowed
  System memory:           20923 MB free out of  21740 MB
  System swap space:        2053 MB free out of   2053 MB
  JVM memory:               4016 MB free out of   4096 MB

 Adding titration hydrogen to : /Dedicated/schnieders/maemmad/pKa_GNN/ffx_pipeline/data/fixed_pdbs/1L54/1L54_pH8.55.pdb

 Reading 1L54_pH8.55.pdb

 Assigning atom types for 1 chains.
 Amino acid chain A
 Renumbering PDB file due to built atoms (2669 vs 2651)
 Total number of atoms: 2669

 Constructing Force Field AMOEBA-BIO-2018-CPHMD

 SMP threads:                                20
 The system will be treated as aperiodic (max separation =   59.3 A).

 Bonded Terms
  Bonds:                                   2689
  Angles:                                  4843
  Stretch-Bends:                           4227
  Out-of-Plane Bends:                      1587
  Torsions:                                7067
  Pi-Orbital Torsions:                      281
  Torsion-Torsions:                          11

 Non-Bonded Terms

  Van der Waals
   Cut-Off:                                NONE
   Long-Range Correction:                 FALSE

 Electrostatics
   Polarization:                         MUTUAL
    SCF Convergence Criteria:         1.000e-06
    SCF Predictor:                         NONE
    SCF Algorithm:                           CG
    CG Preconditioner Cut-Off:            4.500
    CG Preconditioner Ewald Coeff.:       0.000
    CG Preconditioner Scale:              2.000
    CG Preconditioner Mode:     FLETCHER_REEVES
    Electrostatics Cut-Off:                NONE

  Continuum Solvation
   Radii:                                SOLUTE
   Generalized Kirkwood Cut-Off:           NONE
   GKC:                                  2.4550
   Solvent Dielectric:                  78.3000
   Solute Dielectric:                    2.0000
   Descreen with vdW Radii:                TRUE
   Descreen with Hydrogen Atoms:          FALSE
   Descreen Offset:                      0.0000
   General HCT Scale Factor:             0.7200
   Non-Polar Model:                  GAUSS-DISP
    GaussVol Radii Offset:               0.0000
    GaussVol Radii Scale:                1.0000
   Dispersion Integral Offset:           1.0560 (A)
   Cavitation Solvent Pressure:          0.0334 (Kcal/mol/A^3)
   Cavitation Surface Tension:           0.1030 (Kcal/mol/A^2)
   Cavitation Cross-Over Radius:         9.2515 (A)

  Overall system charge:                 28.000
 Temperature: 298.150000

 Energy restart file: 1L54_pH8.55.restart

 Initial Potential Energy:
 Generalized Kirkwood  -3898.96727730      0.207
 Cavitation             1653.33875179      0.174
 Dispersion            -1021.54375649      0.353

 Computed Potential Energy
  Bond Stretching            326.11062546         2689        0.001 ( 0.01774)
  Angle Bending              554.75786319         4843        0.010 ( 2.71475)
  Stretch-Bend                -2.29258553         4227        0.010
  Out-of-Plane Bend           23.53347394         1587        0.015
  Torsional Angle            108.02028321         7067        0.009
  Pi-Orbital Torsion          23.09877883          281        0.001
  Torsion-Torsion            -60.43918367           11        0.000
  Van der Waals              569.74476910      3552914        0.116
  Atomic Multipoles          912.58220806      3552914
  Polarization              -171.97903177      3552914        2.508
  Solvation                -3267.17228200      3563115
  Total Potential           -984.03508118  (Kcal/mole)        2.671 (sec)

 Initial Rotamer Torsion Angles:

 Residue    Current Torsional Angles
 A    5-GLH  -61.354  175.943    6.227    0.000
 A   10-ASH  -71.179  -14.992    0.000    0.000
 A   11-GLH  -60.948  -65.175  170.509    0.000
 A   16-LYS -176.984 -179.979 -179.995 -179.990
 A   19-LYS  -60.779 -161.873 -167.323  178.708
 A   20-ASH   64.304 -176.164    0.000    0.000
 A   22-GLH  -55.377  -65.181  162.650    0.000
 A   31-HIS -178.410   76.378    0.000    0.000
 A   35-LYS  -53.331 -169.409 -176.556 -177.573
 A   43-LYS  -67.003  179.993  179.990 -179.986
 A   45-GLH  -73.400  -64.696  -42.845    0.000
 A   47-ASH  -68.247  -12.766    0.000    0.000
 A   48-LYS  177.836  161.948   59.836   72.184
 A   60-LYS   62.002  179.974  179.970   65.064
 A   61-ASH  -66.802 -132.847    0.000    0.000
 A   62-GLH  -67.741  170.333  -20.442    0.000
 A   64-GLH -176.999   65.005   10.017    0.000
 A   65-LYS  -67.014  179.990 -179.971 -179.983
 A   70-ASH  -62.325  -10.887    0.000    0.000
 A   72-ASH -178.202 -128.806    0.000    0.000
 A   83-LYS  -67.011 -179.993 -179.960 -179.993
 A   85-LYS -171.107 -175.590 -175.675  -65.267
 A   89-ASH  -62.325  172.154    0.000    0.000
 A   92-ASH   59.231  104.865    0.000    0.000
 A  102-LYS -142.168 -175.211  138.975   38.481
 A  108-GLH -126.614 -170.396   78.756    0.000
 A  124-LYS  -51.497 -170.641  173.016  -72.812
 A  127-ASH  -71.717   46.564    0.000    0.000
 A  128-GLH  -55.368   86.186  -34.342    0.000
 A  135-LYS -177.018 -179.999 -179.944  179.996
 A  147-LYS -177.015  179.997 -179.982  179.984
 A  159-ASH  -60.435  150.430    0.000    0.000
 A  162-LYS -177.010 -180.000 -179.964 -179.981

 Rotamer Library:     Richardson
 Algorithm:           ALL
 Goldstein Criteria:  true
 Three-Body Energies: true


 Computing Residue Distance Matrix
 Built residue neighbor list:              0.020 sec
 Pairwise distance matrix:               277.517 sec

 Beginning Energy   -2026.89989835

     Residue  Nrot
   1   A5-GLH   42
   2  A10-ASH   27
   3  A11-GLH   42
   4  A16-LYS   56
   5  A19-LYS   56
   6  A20-ASH   27
   7  A22-GLH   42
   8  A31-HIS   27
   9  A35-LYS   56
  10  A43-LYS   56
  11  A45-GLH   42
  12  A47-ASH   27
  13  A48-LYS   56
  14  A60-LYS   56
  15  A61-ASH   27
  16  A62-GLH   42
  17  A64-GLH   42
  18  A65-LYS   56
  19  A70-ASH   27
  20  A72-ASH   27
  21  A83-LYS   56
  22  A85-LYS   56
  23  A89-ASH   27
  24  A92-ASH   27
  25 A102-LYS   56
  26 A108-GLH   42
  27 A124-LYS   56
  28 A127-ASH   27
  29 A128-GLH   42
  30 A135-LYS   56
  31 A147-LYS   56
  32 A159-ASH   27
  33 A162-LYS   56

 Backbone energy:     -877.99206066

 Loaded self energies from restart file.
  Rotamer ( A5-GLH, 1) self-energy      54.29055018 pruned by ( A5-GLU, 0)     -16.49987929.
  Rotamer ( A5-GLH, 2) self-energy   10780.12746055 pruned by ( A5-GLU, 0)     -16.49987929.
  Rotamer ( A5-GLH, 3) self-energy   40610.38988820 pruned by ( A5-GLU, 0)     -16.49987929.
  Rotamer ( A5-GLH, 4) self-energy      55.19827644 pruned by ( A5-GLU, 0)     -16.49987929.
  Rotamer ( A5-GLH, 5) self-energy      53.21150379 pruned by ( A5-GLU, 0)     -16.49987929.
  Rotamer ( A5-GLH, 6) self-energy    1087.90737176 pruned by ( A5-GLU, 0)     -16.49987929.
  Rotamer ( A5-GLH, 7) self-energy     209.92171686 pruned by ( A5-GLU, 0)     -16.49987929.
  Rotamer ( A5-GLH, 8) self-energy      50.15202312 pruned by ( A5-GLU, 0)     -16.49987929.
  Rotamer ( A5-GLH, 9) self-energy      52.47560500 pruned by ( A5-GLU, 0)     -16.49987929.
  Rotamer ( A5-GLH,10) self-energy    1602.99492460 pruned by ( A5-GLU, 0)     -16.49987929.
  Rotamer ( A5-GLH,11) self-energy    3558.15752329 pruned by ( A5-GLU, 0)     -16.49987929.
  Rotamer ( A5-GLH,12) self-energy      57.94947698 pruned by ( A5-GLU, 0)     -16.49987929.
  Rotamer ( A5-GLH,13) self-energy      59.79816802 pruned by ( A5-GLU, 0)     -16.49987929.
  Rotamer ( A5-GLH,14) self-energy     640.39291496 pruned by ( A5-GLU, 0)     -16.49987929.
  Rotamer ( A5-GLH,15) self-energy     478.01652470 pruned by ( A5-GLU, 0)     -16.49987929.
  Rotamer ( A5-GLH,16) self-energy      54.26453752 pruned by ( A5-GLU, 0)     -16.49987929.
  Rotamer ( A5-GLH,17) self-energy      55.12188290 pruned by ( A5-GLU, 0)     -16.49987929.
  Rotamer ( A5-GLH,18) self-energy    2955.94513725 pruned by ( A5-GLU, 0)     -16.49987929.
  Rotamer ( A5-GLH,19) self-energy   38642.87714528 pruned by ( A5-GLU, 0)     -16.49987929.
  Rotamer ( A5-GLH,20) self-energy      59.45978023 pruned by ( A5-GLU, 0)     -16.49987929.
  Rotamer ( A5-GLH,21) self-energy      57.08308382 pruned by ( A5-GLU, 0)     -16.49987929.
  Rotamer ( A5-GLH,22) self-energy    1057.77657125 pruned by ( A5-GLU, 0)     -16.49987929.
  Rotamer ( A5-GLH,23) self-energy     203.70342794 pruned by ( A5-GLU, 0)     -16.49987929.
  Rotamer ( A5-GLH,24) self-energy      53.84417064 pruned by ( A5-GLU, 0)     -16.49987929.
  Rotamer ( A5-GLH,25) self-energy      57.22906705 pruned by ( A5-GLU, 0)     -16.49987929.
  Rotamer ( A5-GLH,26) self-energy    1620.20397103 pruned by ( A5-GLU, 0)     -16.49987929.
  Rotamer ( A5-GLH,27) self-energy    3437.15249544 pruned by ( A5-GLU, 0)     -16.49987929.
  Rotamer ( A5-GLH,28) self-energy      76.31225681 pruned by ( A5-GLU, 0)     -16.49987929.
  Rotamer ( A5-GLH,29) self-energy      76.24812351 pruned by ( A5-GLU, 0)     -16.49987929.
  Rotamer ( A5-GLH,30) self-energy     629.30005286 pruned by ( A5-GLU, 0)     -16.49987929.
  Rotamer ( A5-GLH,31) self-energy     211.90238935 pruned by ( A5-GLU, 0)     -16.49987929.
  Rotamer ( A5-GLH,32) self-energy      71.58526592 pruned by ( A5-GLU, 0)     -16.49987929.
  Rotamer ( A5-GLH,33) self-energy      69.89880157 pruned by ( A5-GLU, 0)     -16.49987929.
  Rotamer ( A5-GLU,34) self-energy    1298.16682196 pruned by ( A5-GLU, 0)     -16.49987929.
  Rotamer ( A5-GLU,35) self-energy    4561.62815501 pruned by ( A5-GLU, 0)     -16.49987929.
  Rotamer ( A5-GLU,38) self-energy    1126.62466512 pruned by ( A5-GLU, 0)     -16.49987929.
  Rotamer ( A5-GLU,39) self-energy     177.05140280 pruned by ( A5-GLU, 0)     -16.49987929.
  Rotamer (A10-ASH, 1) self-energy      62.64804873 pruned by (A10-ASP, 0)     -18.66827032.
  Rotamer (A10-ASH, 2) self-energy     142.40893001 pruned by (A10-ASP, 0)     -18.66827032.
  Rotamer (A10-ASH, 3) self-energy     160.53563069 pruned by (A10-ASP, 0)     -18.66827032.
  Rotamer (A10-ASH, 4) self-energy    5100.91159566 pruned by (A10-ASP, 0)     -18.66827032.
  Rotamer (A10-ASH, 5) self-energy     421.63566465 pruned by (A10-ASP, 0)     -18.66827032.
  Rotamer (A10-ASH, 6) self-energy      57.13886481 pruned by (A10-ASP, 0)     -18.66827032.
  Rotamer (A10-ASH, 7) self-energy     142.86872125 pruned by (A10-ASP, 0)     -18.66827032.
  Rotamer (A10-ASH, 8) self-energy     110.81162469 pruned by (A10-ASP, 0)     -18.66827032.
  Rotamer (A10-ASH, 9) self-energy     648.83842856 pruned by (A10-ASP, 0)     -18.66827032.
  Rotamer (A10-ASH,10) self-energy     482.11346076 pruned by (A10-ASP, 0)     -18.66827032.
  Rotamer (A10-ASH,11) self-energy      68.53119743 pruned by (A10-ASP, 0)     -18.66827032.
  Rotamer (A10-ASH,12) self-energy     129.39165251 pruned by (A10-ASP, 0)     -18.66827032.
  Rotamer (A10-ASH,13) self-energy     115.38435499 pruned by (A10-ASP, 0)     -18.66827032.
  Rotamer (A10-ASH,14) self-energy     548.87066737 pruned by (A10-ASP, 0)     -18.66827032.
  Rotamer (A10-ASH,15) self-energy     312.48539655 pruned by (A10-ASP, 0)     -18.66827032.
  Rotamer (A10-ASH,16) self-energy      64.98618081 pruned by (A10-ASP, 0)     -18.66827032.
  Rotamer (A10-ASH,17) self-energy     259.83382495 pruned by (A10-ASP, 0)     -18.66827032.
  Rotamer (A10-ASH,18) self-energy     215.93510735 pruned by (A10-ASP, 0)     -18.66827032.
  Rotamer (A10-ASH,19) self-energy     621.67942260 pruned by (A10-ASP, 0)     -18.66827032.
  Rotamer (A10-ASH,20) self-energy     352.25572519 pruned by (A10-ASP, 0)     -18.66827032.
  Rotamer (A10-ASH,21) self-energy      86.39559894 pruned by (A10-ASP, 0)     -18.66827032.
  Rotamer (A10-ASP,22) self-energy      65.16107565 pruned by (A10-ASP, 0)     -18.66827032.
  Rotamer (A10-ASP,23) self-energy      36.96492267 pruned by (A10-ASP, 0)     -18.66827032.
  Rotamer (A10-ASP,24) self-energy     510.03666746 pruned by (A10-ASP, 0)     -18.66827032.
  Rotamer (A10-ASP,25) self-energy     325.41733968 pruned by (A10-ASP, 0)     -18.66827032.
  Rotamer (A11-GLH, 1) self-energy      66.61428316 pruned by (A11-GLU, 0)     -12.92393923.
  Rotamer (A11-GLH, 2) self-energy   17667.46374513 pruned by (A11-GLU, 0)     -12.92393923.
  Rotamer (A11-GLH, 3) self-energy   14374.40324821 pruned by (A11-GLU, 0)     -12.92393923.
  Rotamer (A11-GLH, 4) self-energy     202.31232934 pruned by (A11-GLU, 0)     -12.92393923.
  Rotamer (A11-GLH, 5) self-energy   31671.44604919 pruned by (A11-GLU, 0)     -12.92393923.
  Rotamer (A11-GLH, 6) self-energy     426.48184720 pruned by (A11-GLU, 0)     -12.92393923.
  Rotamer (A11-GLH, 7) self-energy     667.54155325 pruned by (A11-GLU, 0)     -12.92393923.
  Rotamer (A11-GLH, 8) self-energy     604.60520531 pruned by (A11-GLU, 0)     -12.92393923.
  Rotamer (A11-GLH, 9) self-energy     167.46908659 pruned by (A11-GLU, 0)     -12.92393923.
  Rotamer (A11-GLH,10) self-energy    8210.81497791 pruned by (A11-GLU, 0)     -12.92393923.
  Rotamer (A11-GLH,11) self-energy   11978.66534328 pruned by (A11-GLU, 0)     -12.92393923.
  Rotamer (A11-GLH,12) self-energy     222.96126997 pruned by (A11-GLU, 0)     -12.92393923.
  Rotamer (A11-GLH,13) self-energy   80022.51194637 pruned by (A11-GLU, 0)     -12.92393923.
  Rotamer (A11-GLH,14) self-energy     955.36019036 pruned by (A11-GLU, 0)     -12.92393923.
  Rotamer (A11-GLH,15) self-energy    1161.09817688 pruned by (A11-GLU, 0)     -12.92393923.
  Rotamer (A11-GLH,16) self-energy     528.54606793 pruned by (A11-GLU, 0)     -12.92393923.
  Rotamer (A11-GLH,17) self-energy     162.10478949 pruned by (A11-GLU, 0)     -12.92393923.
  Rotamer (A11-GLH,18) self-energy   16277.40568045 pruned by (A11-GLU, 0)     -12.92393923.
  Rotamer (A11-GLH,19) self-energy   14371.04939439 pruned by (A11-GLU, 0)     -12.92393923.
  Rotamer (A11-GLH,20) self-energy     225.65000138 pruned by (A11-GLU, 0)     -12.92393923.
  Rotamer (A11-GLH,21) self-energy   32053.26916967 pruned by (A11-GLU, 0)     -12.92393923.
  Rotamer (A11-GLH,22) self-energy     450.14288849 pruned by (A11-GLU, 0)     -12.92393923.
  Rotamer (A11-GLH,23) self-energy     625.60403585 pruned by (A11-GLU, 0)     -12.92393923.
  Rotamer (A11-GLH,24) self-energy     249.92855210 pruned by (A11-GLU, 0)     -12.92393923.
  Rotamer (A11-GLH,25) self-energy     148.12414375 pruned by (A11-GLU, 0)     -12.92393923.
  Rotamer (A11-GLH,26) self-energy    8204.02060576 pruned by (A11-GLU, 0)     -12.92393923.
  Rotamer (A11-GLH,27) self-energy    3601.20078416 pruned by (A11-GLU, 0)     -12.92393923.
  Rotamer (A11-GLH,28) self-energy     240.59234586 pruned by (A11-GLU, 0)     -12.92393923.
  Rotamer (A11-GLH,29) self-energy   79903.66041123 pruned by (A11-GLU, 0)     -12.92393923.
  Rotamer (A11-GLH,30) self-energy     398.51773249 pruned by (A11-GLU, 0)     -12.92393923.
  Rotamer (A11-GLH,31) self-energy     873.87549621 pruned by (A11-GLU, 0)     -12.92393923.
  Rotamer (A11-GLH,32) self-energy     513.12570832 pruned by (A11-GLU, 0)     -12.92393923.
  Rotamer (A11-GLH,33) self-energy     178.43472799 pruned by (A11-GLU, 0)     -12.92393923.
  Rotamer (A11-GLU,34) self-energy    7291.56343594 pruned by (A11-GLU, 0)     -12.92393923.
  Rotamer (A11-GLU,35) self-energy   16339.91545427 pruned by (A11-GLU, 0)     -12.92393923.
  Rotamer (A11-GLU,36) self-energy     190.47830629 pruned by (A11-GLU, 0)     -12.92393923.
  Rotamer (A11-GLU,37) self-energy  170015.71432216 pruned by (A11-GLU, 0)     -12.92393923.
  Rotamer (A11-GLU,38) self-energy     316.65771976 pruned by (A11-GLU, 0)     -12.92393923.
  Rotamer (A11-GLU,39) self-energy     759.04163246 pruned by (A11-GLU, 0)     -12.92393923.
  Rotamer (A11-GLU,40) self-energy     400.98357326 pruned by (A11-GLU, 0)     -12.92393923.
  Rotamer (A11-GLU,41) self-energy     103.42147760 pruned by (A11-GLU, 0)     -12.92393923.
  Rotamer (A16-LYD,17) self-energy      10.16773831 pruned by (A16-LYS,40)     -21.21451233.
  Rotamer (A16-LYD,18) self-energy      38.64383374 pruned by (A16-LYS,40)     -21.21451233.
  Rotamer (A16-LYD,25) self-energy      16.62520274 pruned by (A16-LYS,40)     -21.21451233.
  Rotamer (A16-LYD,26) self-energy     253.34318562 pruned by (A16-LYS,40)     -21.21451233.
  Rotamer (A16-LYD,27) self-energy      18.83943451 pruned by (A16-LYS,40)     -21.21451233.
  Rotamer (A16-LYD,28) self-energy      34.53066496 pruned by (A16-LYS,40)     -21.21451233.
  Rotamer (A16-LYS,45) self-energy      31.31012666 pruned by (A16-LYS,40)     -21.21451233.
  Rotamer (A16-LYS,52) self-energy       6.25822860 pruned by (A16-LYS,40)     -21.21451233.
  Rotamer (A16-LYS,53) self-energy     248.87873899 pruned by (A16-LYS,40)     -21.21451233.
  Rotamer (A16-LYS,54) self-energy      19.11265108 pruned by (A16-LYS,40)     -21.21451233.
  Rotamer (A16-LYS,55) self-energy      42.60171926 pruned by (A16-LYS,40)     -21.21451233.
  Rotamer (A19-LYD, 7) self-energy *     1.2384e+06 pruned by (A19-LYS, 0)     -22.47727629.
  Rotamer (A19-LYD, 8) self-energy *     1.2129e+06 pruned by (A19-LYS, 0)     -22.47727629.
  Rotamer (A19-LYD, 9) self-energy *     1.2100e+06 pruned by (A19-LYS, 0)     -22.47727629.
  Rotamer (A19-LYD,10) self-energy     286.40570921 pruned by (A19-LYS, 0)     -22.47727629.
  Rotamer (A19-LYD,11) self-energy     281.28732410 pruned by (A19-LYS, 0)     -22.47727629.
  Rotamer (A19-LYD,12) self-energy    4630.21652231 pruned by (A19-LYS, 0)     -22.47727629.
  Rotamer (A19-LYD,13) self-energy    2891.89298554 pruned by (A19-LYS, 0)     -22.47727629.
  Rotamer (A19-LYD,14) self-energy    3603.76288334 pruned by (A19-LYS, 0)     -22.47727629.
  Rotamer (A19-LYD,15) self-energy     426.55014971 pruned by (A19-LYS, 0)     -22.47727629.
  Rotamer (A19-LYD,16) self-energy     605.89197001 pruned by (A19-LYS, 0)     -22.47727629.
  Rotamer (A19-LYD,17) self-energy    1609.90655173 pruned by (A19-LYS, 0)     -22.47727629.
  Rotamer (A19-LYD,18) self-energy     230.81351824 pruned by (A19-LYS, 0)     -22.47727629.
  Rotamer (A19-LYD,19) self-energy       6.67933018 pruned by (A19-LYS, 0)     -22.47727629.
  Rotamer (A19-LYD,25) self-energy     252.54735041 pruned by (A19-LYS, 0)     -22.47727629.
  Rotamer (A19-LYD,26) self-energy     784.41056554 pruned by (A19-LYS, 0)     -22.47727629.
  Rotamer (A19-LYD,27) self-energy    7197.87473591 pruned by (A19-LYS, 0)     -22.47727629.
  Rotamer (A19-LYD,28) self-energy     291.90300652 pruned by (A19-LYS, 0)     -22.47727629.
  Rotamer (A19-LYS,34) self-energy *     1.2428e+06 pruned by (A19-LYS, 0)     -22.47727629.
  Rotamer (A19-LYS,35) self-energy *     1.2233e+06 pruned by (A19-LYS, 0)     -22.47727629.
  Rotamer (A19-LYS,36) self-energy *     1.2009e+06 pruned by (A19-LYS, 0)     -22.47727629.
  Rotamer (A19-LYS,37) self-energy     277.24686274 pruned by (A19-LYS, 0)     -22.47727629.
  Rotamer (A19-LYS,38) self-energy     270.18895133 pruned by (A19-LYS, 0)     -22.47727629.
  Rotamer (A19-LYS,39) self-energy   49189.64144954 pruned by (A19-LYS, 0)     -22.47727629.
  Rotamer (A19-LYS,40) self-energy    2887.44651848 pruned by (A19-LYS, 0)     -22.47727629.
  Rotamer (A19-LYS,41) self-energy    3596.85436423 pruned by (A19-LYS, 0)     -22.47727629.
  Rotamer (A19-LYS,42) self-energy     415.52847935 pruned by (A19-LYS, 0)     -22.47727629.
  Rotamer (A19-LYS,43) self-energy     676.09262792 pruned by (A19-LYS, 0)     -22.47727629.
  Rotamer (A19-LYS,44) self-energy    1599.00817864 pruned by (A19-LYS, 0)     -22.47727629.
  Rotamer (A19-LYS,45) self-energy     227.86845468 pruned by (A19-LYS, 0)     -22.47727629.
  Rotamer (A19-LYS,52) self-energy     242.30947618 pruned by (A19-LYS, 0)     -22.47727629.
  Rotamer (A19-LYS,53) self-energy     775.38239245 pruned by (A19-LYS, 0)     -22.47727629.
  Rotamer (A19-LYS,54) self-energy    7490.32725141 pruned by (A19-LYS, 0)     -22.47727629.
  Rotamer (A19-LYS,55) self-energy     300.31723526 pruned by (A19-LYS, 0)     -22.47727629.
  Rotamer (A20-ASH, 1) self-energy      69.06187232 pruned by (A20-ASP, 0)     -18.30721922.
  Rotamer (A20-ASH, 2) self-energy      65.90629588 pruned by (A20-ASP, 0)     -18.30721922.
  Rotamer (A20-ASH, 3) self-energy      75.27336142 pruned by (A20-ASP, 0)     -18.30721922.
  Rotamer (A20-ASH, 4) self-energy     154.95838917 pruned by (A20-ASP, 0)     -18.30721922.
  Rotamer (A20-ASH, 5) self-energy      77.91798205 pruned by (A20-ASP, 0)     -18.30721922.
  Rotamer (A20-ASH, 6) self-energy      96.64440531 pruned by (A20-ASP, 0)     -18.30721922.
  Rotamer (A20-ASH, 7) self-energy      74.14171480 pruned by (A20-ASP, 0)     -18.30721922.
  Rotamer (A20-ASH, 8) self-energy      81.59012396 pruned by (A20-ASP, 0)     -18.30721922.
  Rotamer (A20-ASH, 9) self-energy     139.78083541 pruned by (A20-ASP, 0)     -18.30721922.
  Rotamer (A20-ASH,10) self-energy      74.23713817 pruned by (A20-ASP, 0)     -18.30721922.
  Rotamer (A20-ASH,11) self-energy     157.34640253 pruned by (A20-ASP, 0)     -18.30721922.
  Rotamer (A20-ASH,12) self-energy      68.10053966 pruned by (A20-ASP, 0)     -18.30721922.
  Rotamer (A20-ASH,13) self-energy      70.99209020 pruned by (A20-ASP, 0)     -18.30721922.
  Rotamer (A20-ASH,14) self-energy     160.10470078 pruned by (A20-ASP, 0)     -18.30721922.
  Rotamer (A20-ASH,15) self-energy      84.83731479 pruned by (A20-ASP, 0)     -18.30721922.
  Rotamer (A20-ASH,16) self-energy      95.26916530 pruned by (A20-ASP, 0)     -18.30721922.
  Rotamer (A20-ASH,17) self-energy     109.30805510 pruned by (A20-ASP, 0)     -18.30721922.
  Rotamer (A20-ASH,18) self-energy     120.02114693 pruned by (A20-ASP, 0)     -18.30721922.
  Rotamer (A20-ASH,19) self-energy     183.37143031 pruned by (A20-ASP, 0)     -18.30721922.
  Rotamer (A20-ASH,20) self-energy      79.77051992 pruned by (A20-ASP, 0)     -18.30721922.
  Rotamer (A20-ASH,21) self-energy     166.79022241 pruned by (A20-ASP, 0)     -18.30721922.
  Rotamer (A20-ASP,24) self-energy      86.72701133 pruned by (A20-ASP, 0)     -18.30721922.
  Rotamer (A20-ASP,26) self-energy      78.58648651 pruned by (A20-ASP, 0)     -18.30721922.
  Rotamer (A22-GLH, 1) self-energy     101.93054031 pruned by (A22-GLU, 0)     -15.78042744.
  Rotamer (A22-GLH, 2) self-energy    1872.27885873 pruned by (A22-GLU, 0)     -15.78042744.
  Rotamer (A22-GLH, 3) self-energy     105.65360750 pruned by (A22-GLU, 0)     -15.78042744.
  Rotamer (A22-GLH, 4) self-energy      65.75938826 pruned by (A22-GLU, 0)     -15.78042744.
  Rotamer (A22-GLH, 5) self-energy     159.85615149 pruned by (A22-GLU, 0)     -15.78042744.
  Rotamer (A22-GLH, 6) self-energy     137.97323346 pruned by (A22-GLU, 0)     -15.78042744.
  Rotamer (A22-GLH, 7) self-energy      56.73853640 pruned by (A22-GLU, 0)     -15.78042744.
  Rotamer (A22-GLH, 8) self-energy      55.94867278 pruned by (A22-GLU, 0)     -15.78042744.
  Rotamer (A22-GLH, 9) self-energy      72.11240746 pruned by (A22-GLU, 0)     -15.78042744.
  Rotamer (A22-GLH,10) self-energy     591.50650349 pruned by (A22-GLU, 0)     -15.78042744.
  Rotamer (A22-GLH,11) self-energy     148.22595829 pruned by (A22-GLU, 0)     -15.78042744.
  Rotamer (A22-GLH,12) self-energy      94.28792709 pruned by (A22-GLU, 0)     -15.78042744.
  Rotamer (A22-GLH,13) self-energy     344.63174995 pruned by (A22-GLU, 0)     -15.78042744.
  Rotamer (A22-GLH,14) self-energy     125.09358517 pruned by (A22-GLU, 0)     -15.78042744.
  Rotamer (A22-GLH,15) self-energy      60.76034533 pruned by (A22-GLU, 0)     -15.78042744.
  Rotamer (A22-GLH,16) self-energy      75.37968675 pruned by (A22-GLU, 0)     -15.78042744.
  Rotamer (A22-GLH,17) self-energy      67.41607911 pruned by (A22-GLU, 0)     -15.78042744.
  Rotamer (A22-GLH,18) self-energy    1773.82582777 pruned by (A22-GLU, 0)     -15.78042744.
  Rotamer (A22-GLH,19) self-energy     120.52909637 pruned by (A22-GLU, 0)     -15.78042744.
  Rotamer (A22-GLH,20) self-energy      69.00627605 pruned by (A22-GLU, 0)     -15.78042744.
  Rotamer (A22-GLH,21) self-energy     162.75388387 pruned by (A22-GLU, 0)     -15.78042744.
  Rotamer (A22-GLH,22) self-energy     132.64465070 pruned by (A22-GLU, 0)     -15.78042744.
  Rotamer (A22-GLH,23) self-energy      60.54655893 pruned by (A22-GLU, 0)     -15.78042744.
  Rotamer (A22-GLH,24) self-energy      60.88977565 pruned by (A22-GLU, 0)     -15.78042744.
  Rotamer (A22-GLH,25) self-energy      63.64398931 pruned by (A22-GLU, 0)     -15.78042744.
  Rotamer (A22-GLH,26) self-energy     595.87038082 pruned by (A22-GLU, 0)     -15.78042744.
  Rotamer (A22-GLH,27) self-energy     184.78050503 pruned by (A22-GLU, 0)     -15.78042744.
  Rotamer (A22-GLH,28) self-energy      85.75847245 pruned by (A22-GLU, 0)     -15.78042744.
  Rotamer (A22-GLH,29) self-energy     223.25540416 pruned by (A22-GLU, 0)     -15.78042744.
  Rotamer (A22-GLH,30) self-energy     149.48796416 pruned by (A22-GLU, 0)     -15.78042744.
  Rotamer (A22-GLH,31) self-energy      95.13779345 pruned by (A22-GLU, 0)     -15.78042744.
  Rotamer (A22-GLH,32) self-energy      87.53570910 pruned by (A22-GLU, 0)     -15.78042744.
  Rotamer (A22-GLH,33) self-energy      72.95315446 pruned by (A22-GLU, 0)     -15.78042744.
  Rotamer (A22-GLU,34) self-energy     723.59729840 pruned by (A22-GLU, 0)     -15.78042744.
  Rotamer (A22-GLU,35) self-energy      39.49127945 pruned by (A22-GLU, 0)     -15.78042744.
  Rotamer (A22-GLU,37) self-energy     142.56104260 pruned by (A22-GLU, 0)     -15.78042744.
  Rotamer (A22-GLU,38) self-energy      76.65529241 pruned by (A22-GLU, 0)     -15.78042744.
  Rotamer (A31-HIS, 3) self-energy   40016.29256184 pruned by (A31-HIE,22)     -29.65766897.
  Rotamer (A31-HIS, 4) self-energy    8694.11957691 pruned by (A31-HIE,22)     -29.65766897.
  Rotamer (A31-HIS, 5) self-energy     127.98225228 pruned by (A31-HIE,22)     -29.65766897.
  Rotamer (A31-HIS, 8) self-energy      61.02388000 pruned by (A31-HIE,22)     -29.65766897.
  Rotamer (A31-HIS, 9) self-energy     239.49360096 pruned by (A31-HIE,22)     -29.65766897.
  Rotamer (A31-HIS,10) self-energy     134.28060732 pruned by (A31-HIE,22)     -29.65766897.
  Rotamer (A31-HID,11) self-energy    9132.58977866 pruned by (A31-HIE,22)     -29.65766897.
  Rotamer (A31-HID,12) self-energy    7492.01218924 pruned by (A31-HIE,22)     -29.65766897.
  Rotamer (A31-HID,13) self-energy     102.87573684 pruned by (A31-HIE,22)     -29.65766897.
  Rotamer (A31-HID,16) self-energy      38.01690560 pruned by (A31-HIE,22)     -29.65766897.
  Rotamer (A31-HID,17) self-energy     188.39665074 pruned by (A31-HIE,22)     -29.65766897.
  Rotamer (A31-HID,18) self-energy      35.91496645 pruned by (A31-HIE,22)     -29.65766897.
  Rotamer (A31-HIE,19) self-energy   37242.32809094 pruned by (A31-HIE,22)     -29.65766897.
  Rotamer (A31-HIE,20) self-energy    7040.84530151 pruned by (A31-HIE,22)     -29.65766897.
  Rotamer (A31-HIE,24) self-energy      32.84032620 pruned by (A31-HIE,22)     -29.65766897.
  Rotamer (A31-HIE,25) self-energy     190.74794464 pruned by (A31-HIE,22)     -29.65766897.
  Rotamer (A31-HIE,26) self-energy      99.62330645 pruned by (A31-HIE,22)     -29.65766897.
  Rotamer (A35-LYD, 7) self-energy    3840.42517409 pruned by (A35-LYS, 0)     -22.94247687.
  Rotamer (A35-LYD, 8) self-energy    5420.98197223 pruned by (A35-LYS, 0)     -22.94247687.
  Rotamer (A35-LYD, 9) self-energy    7303.00155463 pruned by (A35-LYS, 0)     -22.94247687.
  Rotamer (A35-LYD,10) self-energy      18.81676298 pruned by (A35-LYS, 0)     -22.94247687.
  Rotamer (A35-LYD,11) self-energy      17.55093242 pruned by (A35-LYS, 0)     -22.94247687.
  Rotamer (A35-LYD,12) self-energy    4709.54551425 pruned by (A35-LYS, 0)     -22.94247687.
  Rotamer (A35-LYD,13) self-energy      89.01704499 pruned by (A35-LYS, 0)     -22.94247687.
  Rotamer (A35-LYD,14) self-energy      84.47039068 pruned by (A35-LYS, 0)     -22.94247687.
  Rotamer (A35-LYD,15) self-energy      29.07301239 pruned by (A35-LYS, 0)     -22.94247687.
  Rotamer (A35-LYD,16) self-energy     398.99374396 pruned by (A35-LYS, 0)     -22.94247687.
  Rotamer (A35-LYD,17) self-energy     210.68431520 pruned by (A35-LYS, 0)     -22.94247687.
  Rotamer (A35-LYD,18) self-energy      51.64362481 pruned by (A35-LYS, 0)     -22.94247687.
  Rotamer (A35-LYD,19) self-energy       4.91595950 pruned by (A35-LYS, 0)     -22.94247687.
  Rotamer (A35-LYD,22) self-energy       3.90589405 pruned by (A35-LYS, 0)     -22.94247687.
  Rotamer (A35-LYD,25) self-energy     164.14370893 pruned by (A35-LYS, 0)     -22.94247687.
  Rotamer (A35-LYD,26) self-energy    6426.20430829 pruned by (A35-LYS, 0)     -22.94247687.
  Rotamer (A35-LYD,27) self-energy    1044.21903900 pruned by (A35-LYS, 0)     -22.94247687.
  Rotamer (A35-LYD,28) self-energy  113320.93837757 pruned by (A35-LYS, 0)     -22.94247687.
  Rotamer (A35-LYS,30) self-energy      46.76100319 pruned by (A35-LYS, 0)     -22.94247687.
  Rotamer (A35-LYS,34) self-energy    3849.22949804 pruned by (A35-LYS, 0)     -22.94247687.
  Rotamer (A35-LYS,35) self-energy    5584.28918795 pruned by (A35-LYS, 0)     -22.94247687.
  Rotamer (A35-LYS,36) self-energy    8307.51217560 pruned by (A35-LYS, 0)     -22.94247687.
  Rotamer (A35-LYS,37) self-energy       7.92207154 pruned by (A35-LYS, 0)     -22.94247687.
  Rotamer (A35-LYS,38) self-energy       5.60798859 pruned by (A35-LYS, 0)     -22.94247687.
  Rotamer (A35-LYS,39) self-energy    4910.93826911 pruned by (A35-LYS, 0)     -22.94247687.
  Rotamer (A35-LYS,40) self-energy      78.93351795 pruned by (A35-LYS, 0)     -22.94247687.
  Rotamer (A35-LYS,41) self-energy      74.20045538 pruned by (A35-LYS, 0)     -22.94247687.
  Rotamer (A35-LYS,42) self-energy      17.65167196 pruned by (A35-LYS, 0)     -22.94247687.
  Rotamer (A35-LYS,43) self-energy     722.56062749 pruned by (A35-LYS, 0)     -22.94247687.
  Rotamer (A35-LYS,44) self-energy     203.19519691 pruned by (A35-LYS, 0)     -22.94247687.
  Rotamer (A35-LYS,45) self-energy      44.91083479 pruned by (A35-LYS, 0)     -22.94247687.
  Rotamer (A35-LYS,52) self-energy     154.96166119 pruned by (A35-LYS, 0)     -22.94247687.
  Rotamer (A35-LYS,53) self-energy    6765.63543699 pruned by (A35-LYS, 0)     -22.94247687.
  Rotamer (A35-LYS,54) self-energy    1057.13770154 pruned by (A35-LYS, 0)     -22.94247687.
  Rotamer (A35-LYS,55) self-energy  113860.79586170 pruned by (A35-LYS, 0)     -22.94247687.
  Rotamer (A43-LYD, 2) self-energy       7.42023950 pruned by (A43-LYS,48)     -18.64082563.
  Rotamer (A43-LYD, 3) self-energy      48.14362787 pruned by (A43-LYS,48)     -18.64082563.
  Rotamer (A43-LYD, 4) self-energy      86.86302631 pruned by (A43-LYS,48)     -18.64082563.
  Rotamer (A43-LYD, 5) self-energy    1203.55369685 pruned by (A43-LYS,48)     -18.64082563.
  Rotamer (A43-LYD, 7) self-energy     453.27223455 pruned by (A43-LYS,48)     -18.64082563.
  Rotamer (A43-LYD, 8) self-energy    6723.95342949 pruned by (A43-LYS,48)     -18.64082563.
  Rotamer (A43-LYD, 9) self-energy    1888.47741310 pruned by (A43-LYS,48)     -18.64082563.
  Rotamer (A43-LYD,12) self-energy    1713.11343369 pruned by (A43-LYS,48)     -18.64082563.
  Rotamer (A43-LYD,13) self-energy      58.30064786 pruned by (A43-LYS,48)     -18.64082563.
  Rotamer (A43-LYD,14) self-energy      44.30821173 pruned by (A43-LYS,48)     -18.64082563.
  Rotamer (A43-LYD,16) self-energy      68.14632713 pruned by (A43-LYS,48)     -18.64082563.
  Rotamer (A43-LYD,17) self-energy     133.70357862 pruned by (A43-LYS,48)     -18.64082563.
  Rotamer (A43-LYD,18) self-energy      40.39306315 pruned by (A43-LYS,48)     -18.64082563.
  Rotamer (A43-LYD,20) self-energy      64.47003037 pruned by (A43-LYS,48)     -18.64082563.
  Rotamer (A43-LYD,24) self-energy      19.70928162 pruned by (A43-LYS,48)     -18.64082563.
  Rotamer (A43-LYD,25) self-energy      64.07713406 pruned by (A43-LYS,48)     -18.64082563.
  Rotamer (A43-LYD,26) self-energy     483.03994033 pruned by (A43-LYS,48)     -18.64082563.
  Rotamer (A43-LYD,27) self-energy     276.10468714 pruned by (A43-LYS,48)     -18.64082563.
  Rotamer (A43-LYD,28) self-energy *     1.0364e+06 pruned by (A43-LYS,48)     -18.64082563.
  Rotamer (A43-LYS,31) self-energy      70.72898857 pruned by (A43-LYS,48)     -18.64082563.
  Rotamer (A43-LYS,32) self-energy    1249.82597192 pruned by (A43-LYS,48)     -18.64082563.
  Rotamer (A43-LYS,34) self-energy     453.32529125 pruned by (A43-LYS,48)     -18.64082563.
  Rotamer (A43-LYS,35) self-energy    6710.20351502 pruned by (A43-LYS,48)     -18.64082563.
  Rotamer (A43-LYS,36) self-energy    1990.31967611 pruned by (A43-LYS,48)     -18.64082563.
  Rotamer (A43-LYS,39) self-energy    1727.26911014 pruned by (A43-LYS,48)     -18.64082563.
  Rotamer (A43-LYS,40) self-energy      48.07783598 pruned by (A43-LYS,48)     -18.64082563.
  Rotamer (A43-LYS,41) self-energy      34.52107801 pruned by (A43-LYS,48)     -18.64082563.
  Rotamer (A43-LYS,43) self-energy     102.48034081 pruned by (A43-LYS,48)     -18.64082563.
  Rotamer (A43-LYS,44) self-energy     126.97055400 pruned by (A43-LYS,48)     -18.64082563.
  Rotamer (A43-LYS,45) self-energy      34.12960895 pruned by (A43-LYS,48)     -18.64082563.
  Rotamer (A43-LYS,47) self-energy      65.09256380 pruned by (A43-LYS,48)     -18.64082563.
  Rotamer (A43-LYS,51) self-energy      17.43954758 pruned by (A43-LYS,48)     -18.64082563.
  Rotamer (A43-LYS,52) self-energy      54.78913581 pruned by (A43-LYS,48)     -18.64082563.
  Rotamer (A43-LYS,53) self-energy   37125.60653755 pruned by (A43-LYS,48)     -18.64082563.
  Rotamer (A43-LYS,54) self-energy    4967.64347502 pruned by (A43-LYS,48)     -18.64082563.
  Rotamer (A43-LYS,55) self-energy *     1.0639e+06 pruned by (A43-LYS,48)     -18.64082563.
  Rotamer (A45-GLH, 1) self-energy      57.72328696 pruned by (A45-GLU, 0)     -14.82417065.
  Rotamer (A45-GLH, 2) self-energy     412.82771735 pruned by (A45-GLU, 0)     -14.82417065.
  Rotamer (A45-GLH, 3) self-energy   37553.05491761 pruned by (A45-GLU, 0)     -14.82417065.
  Rotamer (A45-GLH, 4) self-energy      59.64863405 pruned by (A45-GLU, 0)     -14.82417065.
  Rotamer (A45-GLH, 5) self-energy     920.51317857 pruned by (A45-GLU, 0)     -14.82417065.
  Rotamer (A45-GLH, 6) self-energy     233.21501401 pruned by (A45-GLU, 0)     -14.82417065.
  Rotamer (A45-GLH, 7) self-energy    3966.99198936 pruned by (A45-GLU, 0)     -14.82417065.
  Rotamer (A45-GLH, 8) self-energy     184.75629908 pruned by (A45-GLU, 0)     -14.82417065.
  Rotamer (A45-GLH, 9) self-energy      52.92851986 pruned by (A45-GLU, 0)     -14.82417065.
  Rotamer (A45-GLH,10) self-energy     377.70746259 pruned by (A45-GLU, 0)     -14.82417065.
  Rotamer (A45-GLH,11) self-energy    3893.69633488 pruned by (A45-GLU, 0)     -14.82417065.
  Rotamer (A45-GLH,12) self-energy      62.35050416 pruned by (A45-GLU, 0)     -14.82417065.
  Rotamer (A45-GLH,13) self-energy    1019.69597212 pruned by (A45-GLU, 0)     -14.82417065.
  Rotamer (A45-GLH,14) self-energy    1021.79638305 pruned by (A45-GLU, 0)     -14.82417065.
  Rotamer (A45-GLH,15) self-energy    2653.47198363 pruned by (A45-GLU, 0)     -14.82417065.
  Rotamer (A45-GLH,16) self-energy     257.64978759 pruned by (A45-GLU, 0)     -14.82417065.
  Rotamer (A45-GLH,17) self-energy      55.36864430 pruned by (A45-GLU, 0)     -14.82417065.
  Rotamer (A45-GLH,18) self-energy     449.83621492 pruned by (A45-GLU, 0)     -14.82417065.
  Rotamer (A45-GLH,19) self-energy    5188.06684108 pruned by (A45-GLU, 0)     -14.82417065.
  Rotamer (A45-GLH,20) self-energy      63.65845052 pruned by (A45-GLU, 0)     -14.82417065.
  Rotamer (A45-GLH,21) self-energy     901.55772666 pruned by (A45-GLU, 0)     -14.82417065.
  Rotamer (A45-GLH,22) self-energy     234.00641873 pruned by (A45-GLU, 0)     -14.82417065.
  Rotamer (A45-GLH,23) self-energy    3968.65918975 pruned by (A45-GLU, 0)     -14.82417065.
  Rotamer (A45-GLH,24) self-energy     177.84735474 pruned by (A45-GLU, 0)     -14.82417065.
  Rotamer (A45-GLH,25) self-energy      57.46221930 pruned by (A45-GLU, 0)     -14.82417065.
  Rotamer (A45-GLH,26) self-energy     328.72066504 pruned by (A45-GLU, 0)     -14.82417065.
  Rotamer (A45-GLH,27) self-energy    3597.80616186 pruned by (A45-GLU, 0)     -14.82417065.
  Rotamer (A45-GLH,28) self-energy      80.52562363 pruned by (A45-GLU, 0)     -14.82417065.
  Rotamer (A45-GLH,29) self-energy     767.99923474 pruned by (A45-GLU, 0)     -14.82417065.
  Rotamer (A45-GLH,30) self-energy     222.86126755 pruned by (A45-GLU, 0)     -14.82417065.
  Rotamer (A45-GLH,31) self-energy     938.34405619 pruned by (A45-GLU, 0)     -14.82417065.
  Rotamer (A45-GLH,32) self-energy     194.39923072 pruned by (A45-GLU, 0)     -14.82417065.
  Rotamer (A45-GLH,33) self-energy      70.03204824 pruned by (A45-GLU, 0)     -14.82417065.
  Rotamer (A45-GLU,34) self-energy     400.55072897 pruned by (A45-GLU, 0)     -14.82417065.
  Rotamer (A45-GLU,35) self-energy    3876.19920296 pruned by (A45-GLU, 0)     -14.82417065.
  Rotamer (A45-GLU,37) self-energy    1001.78212307 pruned by (A45-GLU, 0)     -14.82417065.
  Rotamer (A45-GLU,38) self-energy     217.19815694 pruned by (A45-GLU, 0)     -14.82417065.
  Rotamer (A45-GLU,39) self-energy    4913.66071231 pruned by (A45-GLU, 0)     -14.82417065.
  Rotamer (A45-GLU,40) self-energy     146.08657408 pruned by (A45-GLU, 0)     -14.82417065.
  Rotamer (A47-ASH, 1) self-energy      57.61748683 pruned by (A47-ASP, 0)     -19.77567058.
  Rotamer (A47-ASH, 2) self-energy     140.57075570 pruned by (A47-ASP, 0)     -19.77567058.
  Rotamer (A47-ASH, 3) self-energy     130.31062528 pruned by (A47-ASP, 0)     -19.77567058.
  Rotamer (A47-ASH, 4) self-energy      74.82619766 pruned by (A47-ASP, 0)     -19.77567058.
  Rotamer (A47-ASH, 5) self-energy     136.22378110 pruned by (A47-ASP, 0)     -19.77567058.
  Rotamer (A47-ASH, 6) self-energy      55.77153579 pruned by (A47-ASP, 0)     -19.77567058.
  Rotamer (A47-ASH, 7) self-energy     147.96997115 pruned by (A47-ASP, 0)     -19.77567058.
  Rotamer (A47-ASH, 8) self-energy      98.12922504 pruned by (A47-ASP, 0)     -19.77567058.
  Rotamer (A47-ASH, 9) self-energy     142.75128600 pruned by (A47-ASP, 0)     -19.77567058.
  Rotamer (A47-ASH,10) self-energy     165.26888592 pruned by (A47-ASP, 0)     -19.77567058.
  Rotamer (A47-ASH,11) self-energy      74.10303009 pruned by (A47-ASP, 0)     -19.77567058.
  Rotamer (A47-ASH,12) self-energy     141.01811777 pruned by (A47-ASP, 0)     -19.77567058.
  Rotamer (A47-ASH,13) self-energy     105.56611325 pruned by (A47-ASP, 0)     -19.77567058.
  Rotamer (A47-ASH,14) self-energy      79.91551924 pruned by (A47-ASP, 0)     -19.77567058.
  Rotamer (A47-ASH,15) self-energy     142.52101835 pruned by (A47-ASP, 0)     -19.77567058.
  Rotamer (A47-ASH,16) self-energy      60.04940191 pruned by (A47-ASP, 0)     -19.77567058.
  Rotamer (A47-ASH,17) self-energy     330.72969218 pruned by (A47-ASP, 0)     -19.77567058.
  Rotamer (A47-ASH,18) self-energy     202.71448148 pruned by (A47-ASP, 0)     -19.77567058.
  Rotamer (A47-ASH,19) self-energy     159.64074055 pruned by (A47-ASP, 0)     -19.77567058.
  Rotamer (A47-ASH,20) self-energy     182.82776690 pruned by (A47-ASP, 0)     -19.77567058.
  Rotamer (A47-ASH,21) self-energy      86.42240712 pruned by (A47-ASP, 0)     -19.77567058.
  Rotamer (A47-ASP,22) self-energy      84.55247041 pruned by (A47-ASP, 0)     -19.77567058.
  Rotamer (A47-ASP,23) self-energy      33.02468105 pruned by (A47-ASP, 0)     -19.77567058.
  Rotamer (A47-ASP,24) self-energy       7.55540114 pruned by (A47-ASP, 0)     -19.77567058.
  Rotamer (A47-ASP,25) self-energy      87.82596712 pruned by (A47-ASP, 0)     -19.77567058.
  Rotamer (A48-LYD, 2) self-energy     128.62341032 pruned by (A48-LYS, 0)     -19.58564433.
  Rotamer (A48-LYD, 3) self-energy     383.80158235 pruned by (A48-LYS, 0)     -19.58564433.
  Rotamer (A48-LYD, 4) self-energy     414.45830399 pruned by (A48-LYS, 0)     -19.58564433.
  Rotamer (A48-LYD, 5) self-energy    6192.75971238 pruned by (A48-LYS, 0)     -19.58564433.
  Rotamer (A48-LYD, 6) self-energy      88.87271943 pruned by (A48-LYS, 0)     -19.58564433.
  Rotamer (A48-LYD,17) self-energy      18.80893752 pruned by (A48-LYS, 0)     -19.58564433.
  Rotamer (A48-LYD,18) self-energy      42.01872063 pruned by (A48-LYS, 0)     -19.58564433.
  Rotamer (A48-LYD,23) self-energy      15.35388728 pruned by (A48-LYS, 0)     -19.58564433.
  Rotamer (A48-LYD,24) self-energy     200.14242676 pruned by (A48-LYS, 0)     -19.58564433.
  Rotamer (A48-LYS,29) self-energy     118.87455108 pruned by (A48-LYS, 0)     -19.58564433.
  Rotamer (A48-LYS,31) self-energy     404.38093643 pruned by (A48-LYS, 0)     -19.58564433.
  Rotamer (A48-LYS,32) self-energy    6959.36385657 pruned by (A48-LYS, 0)     -19.58564433.
  Rotamer (A48-LYS,33) self-energy      77.90361838 pruned by (A48-LYS, 0)     -19.58564433.
  Rotamer (A48-LYS,44) self-energy       9.36977321 pruned by (A48-LYS, 0)     -19.58564433.
  Rotamer (A48-LYS,45) self-energy      34.59199770 pruned by (A48-LYS, 0)     -19.58564433.
  Rotamer (A48-LYS,51) self-energy     193.62221945 pruned by (A48-LYS, 0)     -19.58564433.
  Rotamer (A60-LYD, 7) self-energy     130.25569548 pruned by (A60-LYS,40)     -18.51462766.
  Rotamer (A60-LYD, 8) self-energy *     1.4406e+06 pruned by (A60-LYS,40)     -18.51462766.
  Rotamer (A60-LYD, 9) self-energy      95.43459399 pruned by (A60-LYS,40)     -18.51462766.
  Rotamer (A60-LYD,16) self-energy      17.46548887 pruned by (A60-LYS,40)     -18.51462766.
  Rotamer (A60-LYD,17) self-energy    1155.88856343 pruned by (A60-LYS,40)     -18.51462766.
  Rotamer (A60-LYD,18) self-energy      41.33163088 pruned by (A60-LYS,40)     -18.51462766.
  Rotamer (A60-LYD,25) self-energy     460.67583497 pruned by (A60-LYS,40)     -18.51462766.
  Rotamer (A60-LYD,26) self-energy     587.19100202 pruned by (A60-LYS,40)     -18.51462766.
  Rotamer (A60-LYD,27) self-energy    9366.59799146 pruned by (A60-LYS,40)     -18.51462766.
  Rotamer (A60-LYD,28) self-energy   44673.88203281 pruned by (A60-LYS,40)     -18.51462766.
  Rotamer (A60-LYS,34) self-energy     121.50762843 pruned by (A60-LYS,40)     -18.51462766.
  Rotamer (A60-LYS,35) self-energy *     1.4368e+06 pruned by (A60-LYS,40)     -18.51462766.
  Rotamer (A60-LYS,36) self-energy      84.93404017 pruned by (A60-LYS,40)     -18.51462766.
  Rotamer (A60-LYS,43) self-energy       6.57521614 pruned by (A60-LYS,40)     -18.51462766.
  Rotamer (A60-LYS,44) self-energy    1145.81149026 pruned by (A60-LYS,40)     -18.51462766.
  Rotamer (A60-LYS,45) self-energy      34.46736450 pruned by (A60-LYS,40)     -18.51462766.
  Rotamer (A60-LYS,52) self-energy     451.80399672 pruned by (A60-LYS,40)     -18.51462766.
  Rotamer (A60-LYS,53) self-energy     592.69569616 pruned by (A60-LYS,40)     -18.51462766.
  Rotamer (A60-LYS,54) self-energy   16110.44169073 pruned by (A60-LYS,40)     -18.51462766.
  Rotamer (A60-LYS,55) self-energy   46178.96340148 pruned by (A60-LYS,40)     -18.51462766.
  Rotamer (A61-ASH, 1) self-energy      52.93684362 pruned by (A61-ASP,25)     -23.24211921.
  Rotamer (A61-ASH, 2) self-energy      98.02892581 pruned by (A61-ASP,25)     -23.24211921.
  Rotamer (A61-ASH, 3) self-energy      75.91239131 pruned by (A61-ASP,25)     -23.24211921.
  Rotamer (A61-ASH, 4) self-energy      56.74991945 pruned by (A61-ASP,25)     -23.24211921.
  Rotamer (A61-ASH, 5) self-energy      50.64935945 pruned by (A61-ASP,25)     -23.24211921.
  Rotamer (A61-ASH, 6) self-energy      48.80004480 pruned by (A61-ASP,25)     -23.24211921.
  Rotamer (A61-ASH, 7) self-energy     116.14392989 pruned by (A61-ASP,25)     -23.24211921.
  Rotamer (A61-ASH, 8) self-energy      82.24623697 pruned by (A61-ASP,25)     -23.24211921.
  Rotamer (A61-ASH, 9) self-energy      63.59337166 pruned by (A61-ASP,25)     -23.24211921.
  Rotamer (A61-ASH,10) self-energy      50.45902772 pruned by (A61-ASP,25)     -23.24211921.
  Rotamer (A61-ASH,11) self-energy      52.43270323 pruned by (A61-ASP,25)     -23.24211921.
  Rotamer (A61-ASH,12) self-energy     102.61306471 pruned by (A61-ASP,25)     -23.24211921.
  Rotamer (A61-ASH,13) self-energy      80.62484144 pruned by (A61-ASP,25)     -23.24211921.
  Rotamer (A61-ASH,14) self-energy      61.95200919 pruned by (A61-ASP,25)     -23.24211921.
  Rotamer (A61-ASH,15) self-energy      57.13741922 pruned by (A61-ASP,25)     -23.24211921.
  Rotamer (A61-ASH,16) self-energy      53.96177637 pruned by (A61-ASP,25)     -23.24211921.
  Rotamer (A61-ASH,17) self-energy     228.35791076 pruned by (A61-ASP,25)     -23.24211921.
  Rotamer (A61-ASH,18) self-energy     171.38114306 pruned by (A61-ASP,25)     -23.24211921.
  Rotamer (A61-ASH,19) self-energy      98.72841649 pruned by (A61-ASP,25)     -23.24211921.
  Rotamer (A61-ASH,20) self-energy      55.99397403 pruned by (A61-ASP,25)     -23.24211921.
  Rotamer (A61-ASH,21) self-energy      74.76338832 pruned by (A61-ASP,25)     -23.24211921.
  Rotamer (A61-ASP,22) self-energy      39.96350092 pruned by (A61-ASP,25)     -23.24211921.
  Rotamer (A61-ASP,23) self-energy       8.01339845 pruned by (A61-ASP,25)     -23.24211921.
  Rotamer (A62-GLH, 1) self-energy     128.02954839 pruned by (A62-GLU,40)     -16.53419561.
  Rotamer (A62-GLH, 2) self-energy    5333.47265949 pruned by (A62-GLU,40)     -16.53419561.
  Rotamer (A62-GLH, 3) self-energy   10448.34418405 pruned by (A62-GLU,40)     -16.53419561.
  Rotamer (A62-GLH, 4) self-energy     442.29395504 pruned by (A62-GLU,40)     -16.53419561.
  Rotamer (A62-GLH, 5) self-energy     792.77748364 pruned by (A62-GLU,40)     -16.53419561.
  Rotamer (A62-GLH, 6) self-energy   80051.98116053 pruned by (A62-GLU,40)     -16.53419561.
  Rotamer (A62-GLH, 7) self-energy    2322.24239810 pruned by (A62-GLU,40)     -16.53419561.
  Rotamer (A62-GLH, 8) self-energy      67.84006474 pruned by (A62-GLU,40)     -16.53419561.
  Rotamer (A62-GLH, 9) self-energy      54.65663913 pruned by (A62-GLU,40)     -16.53419561.
  Rotamer (A62-GLH,10) self-energy     915.64428065 pruned by (A62-GLU,40)     -16.53419561.
  Rotamer (A62-GLH,11) self-energy    2445.81385394 pruned by (A62-GLU,40)     -16.53419561.
  Rotamer (A62-GLH,12) self-energy     268.40790851 pruned by (A62-GLU,40)     -16.53419561.
  Rotamer (A62-GLH,13) self-energy     408.08934064 pruned by (A62-GLU,40)     -16.53419561.
  Rotamer (A62-GLH,14) self-energy    4341.29644743 pruned by (A62-GLU,40)     -16.53419561.
  Rotamer (A62-GLH,15) self-energy   17472.15901480 pruned by (A62-GLU,40)     -16.53419561.
  Rotamer (A62-GLH,16) self-energy      59.37423376 pruned by (A62-GLU,40)     -16.53419561.
  Rotamer (A62-GLH,17) self-energy      57.45220534 pruned by (A62-GLU,40)     -16.53419561.
  Rotamer (A62-GLH,18) self-energy    2108.68708865 pruned by (A62-GLU,40)     -16.53419561.
  Rotamer (A62-GLH,19) self-energy    6128.17139571 pruned by (A62-GLU,40)     -16.53419561.
  Rotamer (A62-GLH,20) self-energy    2542.02473697 pruned by (A62-GLU,40)     -16.53419561.
  Rotamer (A62-GLH,21) self-energy    1136.06880799 pruned by (A62-GLU,40)     -16.53419561.
  Rotamer (A62-GLH,22) self-energy   84590.75997100 pruned by (A62-GLU,40)     -16.53419561.
  Rotamer (A62-GLH,23) self-energy    2322.20620405 pruned by (A62-GLU,40)     -16.53419561.
  Rotamer (A62-GLH,24) self-energy      54.90383986 pruned by (A62-GLU,40)     -16.53419561.
  Rotamer (A62-GLH,25) self-energy      59.20821289 pruned by (A62-GLU,40)     -16.53419561.
  Rotamer (A62-GLH,26) self-energy     929.27445572 pruned by (A62-GLU,40)     -16.53419561.
  Rotamer (A62-GLH,27) self-energy    2390.11748129 pruned by (A62-GLU,40)     -16.53419561.
  Rotamer (A62-GLH,28) self-energy     286.69871644 pruned by (A62-GLU,40)     -16.53419561.
  Rotamer (A62-GLH,29) self-energy     424.15553232 pruned by (A62-GLU,40)     -16.53419561.
  Rotamer (A62-GLH,30) self-energy    3243.71600143 pruned by (A62-GLU,40)     -16.53419561.
  Rotamer (A62-GLH,31) self-energy     882.79875104 pruned by (A62-GLU,40)     -16.53419561.
  Rotamer (A62-GLH,32) self-energy      75.12349473 pruned by (A62-GLU,40)     -16.53419561.
  Rotamer (A62-GLH,33) self-energy      75.31512528 pruned by (A62-GLU,40)     -16.53419561.
  Rotamer (A62-GLU,34) self-energy    1073.38113860 pruned by (A62-GLU,40)     -16.53419561.
  Rotamer (A62-GLU,35) self-energy    2732.69331762 pruned by (A62-GLU,40)     -16.53419561.
  Rotamer (A62-GLU,36) self-energy     312.39084916 pruned by (A62-GLU,40)     -16.53419561.
  Rotamer (A62-GLU,37) self-energy     436.05202888 pruned by (A62-GLU,40)     -16.53419561.
  Rotamer (A62-GLU,38) self-energy    6453.74789032 pruned by (A62-GLU,40)     -16.53419561.
  Rotamer (A62-GLU,39) self-energy    2743.37583403 pruned by (A62-GLU,40)     -16.53419561.
  Rotamer (A64-GLH, 1) self-energy      58.82196015 pruned by (A64-GLU,40)     -13.70097380.
  Rotamer (A64-GLH, 2) self-energy      81.83897599 pruned by (A64-GLU,40)     -13.70097380.
  Rotamer (A64-GLH, 3) self-energy  169863.12936761 pruned by (A64-GLU,40)     -13.70097380.
  Rotamer (A64-GLH, 4) self-energy      54.65826404 pruned by (A64-GLU,40)     -13.70097380.
  Rotamer (A64-GLH, 5) self-energy      52.85743221 pruned by (A64-GLU,40)     -13.70097380.
  Rotamer (A64-GLH, 6) self-energy      82.59864234 pruned by (A64-GLU,40)     -13.70097380.
  Rotamer (A64-GLH, 7) self-energy    1548.08257454 pruned by (A64-GLU,40)     -13.70097380.
  Rotamer (A64-GLH, 8) self-energy      49.92295990 pruned by (A64-GLU,40)     -13.70097380.
  Rotamer (A64-GLH, 9) self-energy      62.12684389 pruned by (A64-GLU,40)     -13.70097380.
  Rotamer (A64-GLH,10) self-energy      74.40947338 pruned by (A64-GLU,40)     -13.70097380.
  Rotamer (A64-GLH,11) self-energy   19466.94531613 pruned by (A64-GLU,40)     -13.70097380.
  Rotamer (A64-GLH,12) self-energy      57.38601989 pruned by (A64-GLU,40)     -13.70097380.
  Rotamer (A64-GLH,13) self-energy      55.79766821 pruned by (A64-GLU,40)     -13.70097380.
  Rotamer (A64-GLH,14) self-energy     116.91857302 pruned by (A64-GLU,40)     -13.70097380.
  Rotamer (A64-GLH,15) self-energy    2508.65393235 pruned by (A64-GLU,40)     -13.70097380.
  Rotamer (A64-GLH,16) self-energy      53.16506944 pruned by (A64-GLU,40)     -13.70097380.
  Rotamer (A64-GLH,17) self-energy      72.72094519 pruned by (A64-GLU,40)     -13.70097380.
  Rotamer (A64-GLH,18) self-energy     225.32202319 pruned by (A64-GLU,40)     -13.70097380.
  Rotamer (A64-GLH,19) self-energy  163397.70378836 pruned by (A64-GLU,40)     -13.70097380.
  Rotamer (A64-GLH,20) self-energy      58.29381705 pruned by (A64-GLU,40)     -13.70097380.
  Rotamer (A64-GLH,21) self-energy      56.84866433 pruned by (A64-GLU,40)     -13.70097380.
  Rotamer (A64-GLH,22) self-energy      83.91409379 pruned by (A64-GLU,40)     -13.70097380.
  Rotamer (A64-GLH,23) self-energy    1551.72479678 pruned by (A64-GLU,40)     -13.70097380.
  Rotamer (A64-GLH,24) self-energy      53.81312140 pruned by (A64-GLU,40)     -13.70097380.
  Rotamer (A64-GLH,25) self-energy      66.11933273 pruned by (A64-GLU,40)     -13.70097380.
  Rotamer (A64-GLH,26) self-energy      92.94072688 pruned by (A64-GLU,40)     -13.70097380.
  Rotamer (A64-GLH,27) self-energy   16849.15087979 pruned by (A64-GLU,40)     -13.70097380.
  Rotamer (A64-GLH,28) self-energy      74.84591018 pruned by (A64-GLU,40)     -13.70097380.
  Rotamer (A64-GLH,29) self-energy      73.51205120 pruned by (A64-GLU,40)     -13.70097380.
  Rotamer (A64-GLH,30) self-energy     146.65914000 pruned by (A64-GLU,40)     -13.70097380.
  Rotamer (A64-GLH,31) self-energy     680.46717499 pruned by (A64-GLU,40)     -13.70097380.
  Rotamer (A64-GLH,32) self-energy      71.32015988 pruned by (A64-GLU,40)     -13.70097380.
  Rotamer (A64-GLH,33) self-energy      84.22113007 pruned by (A64-GLU,40)     -13.70097380.
  Rotamer (A64-GLU,34) self-energy      17.63427877 pruned by (A64-GLU,40)     -13.70097380.
  Rotamer (A64-GLU,35) self-energy   23275.51392076 pruned by (A64-GLU,40)     -13.70097380.
  Rotamer (A64-GLU,38) self-energy      54.79646630 pruned by (A64-GLU,40)     -13.70097380.
  Rotamer (A64-GLU,39) self-energy    1958.41920587 pruned by (A64-GLU,40)     -13.70097380.
  Rotamer (A65-LYD, 2) self-energy      20.29034921 pruned by (A65-LYS,40)     -21.36894924.
  Rotamer (A65-LYD, 3) self-energy     125.86659085 pruned by (A65-LYS,40)     -21.36894924.
  Rotamer (A65-LYD, 4) self-energy      29.70209109 pruned by (A65-LYS,40)     -21.36894924.
  Rotamer (A65-LYD, 5) self-energy     189.04400919 pruned by (A65-LYS,40)     -21.36894924.
  Rotamer (A65-LYD, 6) self-energy      10.42455631 pruned by (A65-LYS,40)     -21.36894924.
  Rotamer (A65-LYD, 7) self-energy      20.43994346 pruned by (A65-LYS,40)     -21.36894924.
  Rotamer (A65-LYD,14) self-energy      40.02809223 pruned by (A65-LYS,40)     -21.36894924.
  Rotamer (A65-LYD,17) self-energy      11.14593894 pruned by (A65-LYS,40)     -21.36894924.
  Rotamer (A65-LYD,18) self-energy      37.76880345 pruned by (A65-LYS,40)     -21.36894924.
  Rotamer (A65-LYD,24) self-energy      11.13708925 pruned by (A65-LYS,40)     -21.36894924.
  Rotamer (A65-LYS,29) self-energy       9.11334737 pruned by (A65-LYS,40)     -21.36894924.
  Rotamer (A65-LYS,31) self-energy      18.46926544 pruned by (A65-LYS,40)     -21.36894924.
  Rotamer (A65-LYS,32) self-energy     196.34374285 pruned by (A65-LYS,40)     -21.36894924.
  Rotamer (A65-LYS,34) self-energy      20.92217735 pruned by (A65-LYS,40)     -21.36894924.
  Rotamer (A65-LYS,41) self-energy      29.69239609 pruned by (A65-LYS,40)     -21.36894924.
  Rotamer (A65-LYS,45) self-energy      30.66512018 pruned by (A65-LYS,40)     -21.36894924.
  Rotamer (A70-ASH, 1) self-energy      54.93312024 pruned by (A70-ASP, 0)     -19.42048685.
  Rotamer (A70-ASH, 2) self-energy     143.71874260 pruned by (A70-ASP, 0)     -19.42048685.
  Rotamer (A70-ASH, 3) self-energy     186.25124201 pruned by (A70-ASP, 0)     -19.42048685.
  Rotamer (A70-ASH, 4) self-energy      79.41697632 pruned by (A70-ASP, 0)     -19.42048685.
  Rotamer (A70-ASH, 5) self-energy     241.93388147 pruned by (A70-ASP, 0)     -19.42048685.
  Rotamer (A70-ASH, 6) self-energy      51.39617049 pruned by (A70-ASP, 0)     -19.42048685.
  Rotamer (A70-ASH, 7) self-energy     158.47345741 pruned by (A70-ASP, 0)     -19.42048685.
  Rotamer (A70-ASH, 8) self-energy     140.12060773 pruned by (A70-ASP, 0)     -19.42048685.
  Rotamer (A70-ASH, 9) self-energy      73.41311386 pruned by (A70-ASP, 0)     -19.42048685.
  Rotamer (A70-ASH,10) self-energy     126.53787449 pruned by (A70-ASP, 0)     -19.42048685.
  Rotamer (A70-ASH,11) self-energy      55.00182569 pruned by (A70-ASP, 0)     -19.42048685.
  Rotamer (A70-ASH,12) self-energy     136.44821419 pruned by (A70-ASP, 0)     -19.42048685.
  Rotamer (A70-ASH,13) self-energy     121.24861260 pruned by (A70-ASP, 0)     -19.42048685.
  Rotamer (A70-ASH,14) self-energy      82.82590229 pruned by (A70-ASP, 0)     -19.42048685.
  Rotamer (A70-ASH,15) self-energy     450.26643635 pruned by (A70-ASP, 0)     -19.42048685.
  Rotamer (A70-ASH,16) self-energy      56.54297029 pruned by (A70-ASP, 0)     -19.42048685.
  Rotamer (A70-ASH,17) self-energy     288.20527563 pruned by (A70-ASP, 0)     -19.42048685.
  Rotamer (A70-ASH,18) self-energy     240.21419621 pruned by (A70-ASP, 0)     -19.42048685.
  Rotamer (A70-ASH,19) self-energy     109.87372703 pruned by (A70-ASP, 0)     -19.42048685.
  Rotamer (A70-ASH,20) self-energy     132.13961911 pruned by (A70-ASP, 0)     -19.42048685.
  Rotamer (A70-ASH,21) self-energy      77.58285790 pruned by (A70-ASP, 0)     -19.42048685.
  Rotamer (A70-ASP,22) self-energy      81.59623174 pruned by (A70-ASP, 0)     -19.42048685.
  Rotamer (A70-ASP,23) self-energy      49.47173868 pruned by (A70-ASP, 0)     -19.42048685.
  Rotamer (A70-ASP,25) self-energy      89.15298845 pruned by (A70-ASP, 0)     -19.42048685.
  Rotamer (A72-ASH, 1) self-energy      69.23110786 pruned by (A72-ASP, 0)     -19.03844222.
  Rotamer (A72-ASH, 2) self-energy     266.58178326 pruned by (A72-ASP, 0)     -19.03844222.
  Rotamer (A72-ASH, 3) self-energy     321.35467081 pruned by (A72-ASP, 0)     -19.03844222.
  Rotamer (A72-ASH, 4) self-energy      67.94568732 pruned by (A72-ASP, 0)     -19.03844222.
  Rotamer (A72-ASH, 5) self-energy     137.87900349 pruned by (A72-ASP, 0)     -19.03844222.
  Rotamer (A72-ASH, 6) self-energy      56.32224626 pruned by (A72-ASP, 0)     -19.03844222.
  Rotamer (A72-ASH, 7) self-energy     291.78282298 pruned by (A72-ASP, 0)     -19.03844222.
  Rotamer (A72-ASH, 8) self-energy     153.26238748 pruned by (A72-ASP, 0)     -19.03844222.
  Rotamer (A72-ASH, 9) self-energy      71.25449197 pruned by (A72-ASP, 0)     -19.03844222.
  Rotamer (A72-ASH,10) self-energy      67.64211452 pruned by (A72-ASP, 0)     -19.03844222.
  Rotamer (A72-ASH,11) self-energy      60.61619690 pruned by (A72-ASP, 0)     -19.03844222.
  Rotamer (A72-ASH,12) self-energy     235.34349344 pruned by (A72-ASP, 0)     -19.03844222.
  Rotamer (A72-ASH,13) self-energy     177.87390802 pruned by (A72-ASP, 0)     -19.03844222.
  Rotamer (A72-ASH,14) self-energy      72.12616951 pruned by (A72-ASP, 0)     -19.03844222.
  Rotamer (A72-ASH,15) self-energy     107.02469352 pruned by (A72-ASP, 0)     -19.03844222.
  Rotamer (A72-ASH,16) self-energy      61.51562835 pruned by (A72-ASP, 0)     -19.03844222.
  Rotamer (A72-ASH,17) self-energy     403.16926637 pruned by (A72-ASP, 0)     -19.03844222.
  Rotamer (A72-ASH,18) self-energy     258.64903761 pruned by (A72-ASP, 0)     -19.03844222.
  Rotamer (A72-ASH,19) self-energy      97.35526285 pruned by (A72-ASP, 0)     -19.03844222.
  Rotamer (A72-ASH,20) self-energy      72.73536269 pruned by (A72-ASP, 0)     -19.03844222.
  Rotamer (A72-ASH,21) self-energy      82.88702886 pruned by (A72-ASP, 0)     -19.03844222.
  Rotamer (A72-ASP,22) self-energy     202.34638117 pruned by (A72-ASP, 0)     -19.03844222.
  Rotamer (A72-ASP,23) self-energy     116.00304172 pruned by (A72-ASP, 0)     -19.03844222.
  Rotamer (A83-LYD, 2) self-energy    1384.81380553 pruned by (A83-LYS,48)     -20.71106429.
  Rotamer (A83-LYD, 3) self-energy   58012.85331871 pruned by (A83-LYS,48)     -20.71106429.
  Rotamer (A83-LYD, 4) self-energy   80853.47095070 pruned by (A83-LYS,48)     -20.71106429.
  Rotamer (A83-LYD, 5) self-energy  207747.28912787 pruned by (A83-LYS,48)     -20.71106429.
  Rotamer (A83-LYD, 6) self-energy    6325.18893352 pruned by (A83-LYS,48)     -20.71106429.
  Rotamer (A83-LYD, 8) self-energy      62.01836723 pruned by (A83-LYS,48)     -20.71106429.
  Rotamer (A83-LYD,10) self-energy     875.82467694 pruned by (A83-LYS,48)     -20.71106429.
  Rotamer (A83-LYD,11) self-energy    8177.73301494 pruned by (A83-LYS,48)     -20.71106429.
  Rotamer (A83-LYD,12) self-energy     283.21241386 pruned by (A83-LYS,48)     -20.71106429.
  Rotamer (A83-LYD,13) self-energy     509.11922122 pruned by (A83-LYS,48)     -20.71106429.
  Rotamer (A83-LYD,14) self-energy   20614.64241157 pruned by (A83-LYS,48)     -20.71106429.
  Rotamer (A83-LYD,15) self-energy      14.18765409 pruned by (A83-LYS,48)     -20.71106429.
  Rotamer (A83-LYD,17) self-energy       5.34364426 pruned by (A83-LYS,48)     -20.71106429.
  Rotamer (A83-LYD,18) self-energy      41.70260383 pruned by (A83-LYS,48)     -20.71106429.
  Rotamer (A83-LYD,19) self-energy      15.93397324 pruned by (A83-LYS,48)     -20.71106429.
  Rotamer (A83-LYD,23) self-energy      48.91846580 pruned by (A83-LYS,48)     -20.71106429.
  Rotamer (A83-LYD,24) self-energy      36.10264172 pruned by (A83-LYS,48)     -20.71106429.
  Rotamer (A83-LYD,28) self-energy      27.66908063 pruned by (A83-LYS,48)     -20.71106429.
  Rotamer (A83-LYS,29) self-energy    1391.03862008 pruned by (A83-LYS,48)     -20.71106429.
  Rotamer (A83-LYS,31) self-energy   81452.70942924 pruned by (A83-LYS,48)     -20.71106429.
  Rotamer (A83-LYS,32) self-energy  207770.05865719 pruned by (A83-LYS,48)     -20.71106429.
  Rotamer (A83-LYS,33) self-energy    6561.80285597 pruned by (A83-LYS,48)     -20.71106429.
  Rotamer (A83-LYS,35) self-energy      66.61179587 pruned by (A83-LYS,48)     -20.71106429.
  Rotamer (A83-LYS,37) self-energy     886.75570063 pruned by (A83-LYS,48)     -20.71106429.
  Rotamer (A83-LYS,38) self-energy    9051.95353912 pruned by (A83-LYS,48)     -20.71106429.
  Rotamer (A83-LYS,39) self-energy     275.38953217 pruned by (A83-LYS,48)     -20.71106429.
  Rotamer (A83-LYS,40) self-energy     495.36950294 pruned by (A83-LYS,48)     -20.71106429.
  Rotamer (A83-LYS,41) self-energy   21558.14791006 pruned by (A83-LYS,48)     -20.71106429.
  Rotamer (A83-LYS,42) self-energy       7.89053689 pruned by (A83-LYS,48)     -20.71106429.
  Rotamer (A83-LYS,45) self-energy      35.42041722 pruned by (A83-LYS,48)     -20.71106429.
  Rotamer (A83-LYS,50) self-energy      39.93486534 pruned by (A83-LYS,48)     -20.71106429.
  Rotamer (A83-LYS,51) self-energy      25.87480893 pruned by (A83-LYS,48)     -20.71106429.
  Rotamer (A83-LYS,55) self-energy      25.92943677 pruned by (A83-LYS,48)     -20.71106429.
  Rotamer (A85-LYD, 2) self-energy      21.62930414 pruned by (A85-LYS, 0)     -19.33523851.
  Rotamer (A85-LYD, 3) self-energy      18.71969046 pruned by (A85-LYS, 0)     -19.33523851.
  Rotamer (A85-LYD, 4) self-energy      17.90485698 pruned by (A85-LYS, 0)     -19.33523851.
  Rotamer (A85-LYD, 5) self-energy     304.56924066 pruned by (A85-LYS, 0)     -19.33523851.
  Rotamer (A85-LYD, 6) self-energy      14.54028769 pruned by (A85-LYS, 0)     -19.33523851.
  Rotamer (A85-LYD, 7) self-energy      26.77756945 pruned by (A85-LYS, 0)     -19.33523851.
  Rotamer (A85-LYD, 8) self-energy    4222.07702506 pruned by (A85-LYS, 0)     -19.33523851.
  Rotamer (A85-LYD, 9) self-energy      24.99985640 pruned by (A85-LYS, 0)     -19.33523851.
  Rotamer (A85-LYD,15) self-energy     126.61429477 pruned by (A85-LYS, 0)     -19.33523851.
  Rotamer (A85-LYD,16) self-energy     175.00798642 pruned by (A85-LYS, 0)     -19.33523851.
  Rotamer (A85-LYD,17) self-energy  125696.29413276 pruned by (A85-LYS, 0)     -19.33523851.
  Rotamer (A85-LYD,18) self-energy    4477.16152665 pruned by (A85-LYS, 0)     -19.33523851.
  Rotamer (A85-LYD,19) self-energy    4439.94412388 pruned by (A85-LYS, 0)     -19.33523851.
  Rotamer (A85-LYD,20) self-energy  141747.29777355 pruned by (A85-LYS, 0)     -19.33523851.
  Rotamer (A85-LYD,21) self-energy  130246.60890181 pruned by (A85-LYS, 0)     -19.33523851.
  Rotamer (A85-LYD,22) self-energy  159842.23102668 pruned by (A85-LYS, 0)     -19.33523851.
  Rotamer (A85-LYD,23) self-energy   16667.64661513 pruned by (A85-LYS, 0)     -19.33523851.
  Rotamer (A85-LYD,24) self-energy   16732.43271768 pruned by (A85-LYS, 0)     -19.33523851.
  Rotamer (A85-LYD,25) self-energy  126968.58282298 pruned by (A85-LYS, 0)     -19.33523851.
  Rotamer (A85-LYD,26) self-energy   97309.92517775 pruned by (A85-LYS, 0)     -19.33523851.
  Rotamer (A85-LYD,27) self-energy  105971.50579722 pruned by (A85-LYS, 0)     -19.33523851.
  Rotamer (A85-LYD,28) self-energy    9119.89921936 pruned by (A85-LYS, 0)     -19.33523851.
  Rotamer (A85-LYS,29) self-energy      10.73684218 pruned by (A85-LYS, 0)     -19.33523851.
  Rotamer (A85-LYS,30) self-energy  213518.25779367 pruned by (A85-LYS, 0)     -19.33523851.
  Rotamer (A85-LYS,31) self-energy       6.46920507 pruned by (A85-LYS, 0)     -19.33523851.
  Rotamer (A85-LYS,32) self-energy     304.70734123 pruned by (A85-LYS, 0)     -19.33523851.
  Rotamer (A85-LYS,34) self-energy      17.35744436 pruned by (A85-LYS, 0)     -19.33523851.
  Rotamer (A85-LYS,35) self-energy    4157.92409350 pruned by (A85-LYS, 0)     -19.33523851.
  Rotamer (A85-LYS,36) self-energy      14.53634078 pruned by (A85-LYS, 0)     -19.33523851.
  Rotamer (A85-LYS,42) self-energy     114.23470500 pruned by (A85-LYS, 0)     -19.33523851.
  Rotamer (A85-LYS,43) self-energy     163.96155240 pruned by (A85-LYS, 0)     -19.33523851.
  Rotamer (A85-LYS,44) self-energy  125933.89579959 pruned by (A85-LYS, 0)     -19.33523851.
  Rotamer (A85-LYS,45) self-energy    4476.20841305 pruned by (A85-LYS, 0)     -19.33523851.
  Rotamer (A85-LYS,46) self-energy    4436.81180493 pruned by (A85-LYS, 0)     -19.33523851.
  Rotamer (A85-LYS,47) self-energy  142036.28652180 pruned by (A85-LYS, 0)     -19.33523851.
  Rotamer (A85-LYS,48) self-energy  129212.58785210 pruned by (A85-LYS, 0)     -19.33523851.
  Rotamer (A85-LYS,49) self-energy  159020.21297365 pruned by (A85-LYS, 0)     -19.33523851.
  Rotamer (A85-LYS,50) self-energy   16650.52106880 pruned by (A85-LYS, 0)     -19.33523851.
  Rotamer (A85-LYS,51) self-energy   16792.82345414 pruned by (A85-LYS, 0)     -19.33523851.
  Rotamer (A85-LYS,52) self-energy  134313.51608577 pruned by (A85-LYS, 0)     -19.33523851.
  Rotamer (A85-LYS,53) self-energy   98846.26945094 pruned by (A85-LYS, 0)     -19.33523851.
  Rotamer (A85-LYS,54) self-energy  445795.54566344 pruned by (A85-LYS, 0)     -19.33523851.
  Rotamer (A85-LYS,55) self-energy   15694.26874672 pruned by (A85-LYS, 0)     -19.33523851.
  Rotamer (A89-ASH, 1) self-energy      56.55755968 pruned by (A89-ASP, 0)     -20.30682515.
  Rotamer (A89-ASH, 2) self-energy     213.53119455 pruned by (A89-ASP, 0)     -20.30682515.
  Rotamer (A89-ASH, 3) self-energy     273.55685980 pruned by (A89-ASP, 0)     -20.30682515.
  Rotamer (A89-ASH, 4) self-energy      57.32573457 pruned by (A89-ASP, 0)     -20.30682515.
  Rotamer (A89-ASH, 5) self-energy      54.11630000 pruned by (A89-ASP, 0)     -20.30682515.
  Rotamer (A89-ASH, 6) self-energy      50.39634597 pruned by (A89-ASP, 0)     -20.30682515.
  Rotamer (A89-ASH, 7) self-energy     190.05202027 pruned by (A89-ASP, 0)     -20.30682515.
  Rotamer (A89-ASH, 8) self-energy     118.92161297 pruned by (A89-ASP, 0)     -20.30682515.
  Rotamer (A89-ASH, 9) self-energy      62.47973086 pruned by (A89-ASP, 0)     -20.30682515.
  Rotamer (A89-ASH,10) self-energy      53.65249141 pruned by (A89-ASP, 0)     -20.30682515.
  Rotamer (A89-ASH,11) self-energy      54.31737615 pruned by (A89-ASP, 0)     -20.30682515.
  Rotamer (A89-ASH,12) self-energy     197.26425532 pruned by (A89-ASP, 0)     -20.30682515.
  Rotamer (A89-ASH,13) self-energy     141.74600335 pruned by (A89-ASP, 0)     -20.30682515.
  Rotamer (A89-ASH,14) self-energy      62.50879123 pruned by (A89-ASP, 0)     -20.30682515.
  Rotamer (A89-ASH,15) self-energy      60.46367346 pruned by (A89-ASP, 0)     -20.30682515.
  Rotamer (A89-ASH,16) self-energy      55.50137894 pruned by (A89-ASP, 0)     -20.30682515.
  Rotamer (A89-ASH,17) self-energy     308.11642371 pruned by (A89-ASP, 0)     -20.30682515.
  Rotamer (A89-ASH,18) self-energy     216.66306992 pruned by (A89-ASP, 0)     -20.30682515.
  Rotamer (A89-ASH,19) self-energy      93.22018636 pruned by (A89-ASP, 0)     -20.30682515.
  Rotamer (A89-ASH,20) self-energy      59.26797200 pruned by (A89-ASP, 0)     -20.30682515.
  Rotamer (A89-ASH,21) self-energy      76.85141964 pruned by (A89-ASP, 0)     -20.30682515.
  Rotamer (A89-ASP,22) self-energy     153.63171413 pruned by (A89-ASP, 0)     -20.30682515.
  Rotamer (A89-ASP,23) self-energy      74.52571951 pruned by (A89-ASP, 0)     -20.30682515.
  Rotamer (A92-ASH, 1) self-energy      75.86617407 pruned by (A92-ASP, 0)     -20.86479100.
  Rotamer (A92-ASH, 2) self-energy      81.16097852 pruned by (A92-ASP, 0)     -20.86479100.
  Rotamer (A92-ASH, 3) self-energy     113.77979255 pruned by (A92-ASP, 0)     -20.86479100.
  Rotamer (A92-ASH, 4) self-energy      79.52545174 pruned by (A92-ASP, 0)     -20.86479100.
  Rotamer (A92-ASH, 5) self-energy      61.10710165 pruned by (A92-ASP, 0)     -20.86479100.
  Rotamer (A92-ASH, 6) self-energy      57.46110785 pruned by (A92-ASP, 0)     -20.86479100.
  Rotamer (A92-ASH, 7) self-energy     106.82938487 pruned by (A92-ASP, 0)     -20.86479100.
  Rotamer (A92-ASH, 8) self-energy     105.65153953 pruned by (A92-ASP, 0)     -20.86479100.
  Rotamer (A92-ASH, 9) self-energy      95.55992229 pruned by (A92-ASP, 0)     -20.86479100.
  Rotamer (A92-ASH,10) self-energy      60.12769219 pruned by (A92-ASP, 0)     -20.86479100.
  Rotamer (A92-ASH,11) self-energy      60.95469114 pruned by (A92-ASP, 0)     -20.86479100.
  Rotamer (A92-ASH,12) self-energy      73.80472513 pruned by (A92-ASP, 0)     -20.86479100.
  Rotamer (A92-ASH,13) self-energy      83.61655484 pruned by (A92-ASP, 0)     -20.86479100.
  Rotamer (A92-ASH,14) self-energy      84.73433746 pruned by (A92-ASP, 0)     -20.86479100.
  Rotamer (A92-ASH,15) self-energy      68.19724519 pruned by (A92-ASP, 0)     -20.86479100.
  Rotamer (A92-ASH,16) self-energy      62.90332919 pruned by (A92-ASP, 0)     -20.86479100.
  Rotamer (A92-ASH,17) self-energy     163.85767243 pruned by (A92-ASP, 0)     -20.86479100.
  Rotamer (A92-ASH,18) self-energy     158.35266072 pruned by (A92-ASP, 0)     -20.86479100.
  Rotamer (A92-ASH,19) self-energy     160.67328907 pruned by (A92-ASP, 0)     -20.86479100.
  Rotamer (A92-ASH,20) self-energy      65.59545711 pruned by (A92-ASP, 0)     -20.86479100.
  Rotamer (A92-ASH,21) self-energy      81.26045153 pruned by (A92-ASP, 0)     -20.86479100.
  Rotamer (A92-ASP,24) self-energy       7.26301861 pruned by (A92-ASP, 0)     -20.86479100.
  Rotamer (A102-LYD, 2) self-energy     782.81434636 pruned by (A102-LYS, 0)     -14.82541747.
  Rotamer (A102-LYD, 3) self-energy   48988.28847320 pruned by (A102-LYS, 0)     -14.82541747.
  Rotamer (A102-LYD, 4) self-energy   49256.48930649 pruned by (A102-LYS, 0)     -14.82541747.
  Rotamer (A102-LYD, 5) self-energy   50589.38131244 pruned by (A102-LYS, 0)     -14.82541747.
  Rotamer (A102-LYD, 6) self-energy     595.73808756 pruned by (A102-LYS, 0)     -14.82541747.
  Rotamer (A102-LYD, 7) self-energy    2609.81157817 pruned by (A102-LYS, 0)     -14.82541747.
  Rotamer (A102-LYD, 8) self-energy     278.80632541 pruned by (A102-LYS, 0)     -14.82541747.
  Rotamer (A102-LYD, 9) self-energy     106.28146319 pruned by (A102-LYS, 0)     -14.82541747.
  Rotamer (A102-LYD,10) self-energy   24933.72591232 pruned by (A102-LYS, 0)     -14.82541747.
  Rotamer (A102-LYD,11) self-energy     499.18897966 pruned by (A102-LYS, 0)     -14.82541747.
  Rotamer (A102-LYD,12) self-energy      12.92883338 pruned by (A102-LYS, 0)     -14.82541747.
  Rotamer (A102-LYD,13) self-energy      20.13919167 pruned by (A102-LYS, 0)     -14.82541747.
  Rotamer (A102-LYD,14) self-energy      81.47737323 pruned by (A102-LYS, 0)     -14.82541747.
  Rotamer (A102-LYD,15) self-energy      50.13066093 pruned by (A102-LYS, 0)     -14.82541747.
  Rotamer (A102-LYD,16) self-energy      40.85940446 pruned by (A102-LYS, 0)     -14.82541747.
  Rotamer (A102-LYD,17) self-energy   28615.34598837 pruned by (A102-LYS, 0)     -14.82541747.
  Rotamer (A102-LYD,18) self-energy     108.84187017 pruned by (A102-LYS, 0)     -14.82541747.
  Rotamer (A102-LYD,19) self-energy      89.90310831 pruned by (A102-LYS, 0)     -14.82541747.
  Rotamer (A102-LYD,20) self-energy     969.96745921 pruned by (A102-LYS, 0)     -14.82541747.
  Rotamer (A102-LYD,21) self-energy     579.45389283 pruned by (A102-LYS, 0)     -14.82541747.
  Rotamer (A102-LYD,22) self-energy     898.45595109 pruned by (A102-LYS, 0)     -14.82541747.
  Rotamer (A102-LYD,23) self-energy     619.74292074 pruned by (A102-LYS, 0)     -14.82541747.
  Rotamer (A102-LYD,24) self-energy     622.68944235 pruned by (A102-LYS, 0)     -14.82541747.
  Rotamer (A102-LYD,25) self-energy    6392.23016938 pruned by (A102-LYS, 0)     -14.82541747.
  Rotamer (A102-LYD,26) self-energy   19762.12955112 pruned by (A102-LYS, 0)     -14.82541747.
  Rotamer (A102-LYD,27) self-energy   12043.38527982 pruned by (A102-LYS, 0)     -14.82541747.
  Rotamer (A102-LYD,28) self-energy    5012.81960733 pruned by (A102-LYS, 0)     -14.82541747.
  Rotamer (A102-LYS,29) self-energy     778.23859623 pruned by (A102-LYS, 0)     -14.82541747.
  Rotamer (A102-LYS,30) self-energy     374.87707352 pruned by (A102-LYS, 0)     -14.82541747.
  Rotamer (A102-LYS,31) self-energy   49167.21878525 pruned by (A102-LYS, 0)     -14.82541747.
  Rotamer (A102-LYS,32) self-energy   50814.25246262 pruned by (A102-LYS, 0)     -14.82541747.
  Rotamer (A102-LYS,33) self-energy     585.66059585 pruned by (A102-LYS, 0)     -14.82541747.
  Rotamer (A102-LYS,34) self-energy    2508.25217023 pruned by (A102-LYS, 0)     -14.82541747.
  Rotamer (A102-LYS,35) self-energy     278.06862447 pruned by (A102-LYS, 0)     -14.82541747.
  Rotamer (A102-LYS,36) self-energy      91.13466968 pruned by (A102-LYS, 0)     -14.82541747.
  Rotamer (A102-LYS,37) self-energy   24875.76560013 pruned by (A102-LYS, 0)     -14.82541747.
  Rotamer (A102-LYS,38) self-energy     489.63941310 pruned by (A102-LYS, 0)     -14.82541747.
  Rotamer (A102-LYS,41) self-energy      88.07169345 pruned by (A102-LYS, 0)     -14.82541747.
  Rotamer (A102-LYS,42) self-energy      40.35547111 pruned by (A102-LYS, 0)     -14.82541747.
  Rotamer (A102-LYS,43) self-energy      29.39925273 pruned by (A102-LYS, 0)     -14.82541747.
  Rotamer (A102-LYS,44) self-energy   28609.98512117 pruned by (A102-LYS, 0)     -14.82541747.
  Rotamer (A102-LYS,45) self-energy     103.99289300 pruned by (A102-LYS, 0)     -14.82541747.
  Rotamer (A102-LYS,46) self-energy      88.02588434 pruned by (A102-LYS, 0)     -14.82541747.
  Rotamer (A102-LYS,47) self-energy    1109.83528553 pruned by (A102-LYS, 0)     -14.82541747.
  Rotamer (A102-LYS,48) self-energy     704.01741949 pruned by (A102-LYS, 0)     -14.82541747.
  Rotamer (A102-LYS,49) self-energy     915.62349358 pruned by (A102-LYS, 0)     -14.82541747.
  Rotamer (A102-LYS,50) self-energy     606.53188578 pruned by (A102-LYS, 0)     -14.82541747.
  Rotamer (A102-LYS,51) self-energy     699.75623085 pruned by (A102-LYS, 0)     -14.82541747.
  Rotamer (A102-LYS,52) self-energy    6405.87039470 pruned by (A102-LYS, 0)     -14.82541747.
  Rotamer (A102-LYS,53) self-energy  163574.03477185 pruned by (A102-LYS, 0)     -14.82541747.
  Rotamer (A102-LYS,54) self-energy   12093.18669323 pruned by (A102-LYS, 0)     -14.82541747.
  Rotamer (A102-LYS,55) self-energy    5170.18544084 pruned by (A102-LYS, 0)     -14.82541747.
  Rotamer (A108-GLH, 1) self-energy      56.77308467 pruned by (A108-GLU,41)     -13.37248908.
  Rotamer (A108-GLH, 2) self-energy      59.12602033 pruned by (A108-GLU,41)     -13.37248908.
  Rotamer (A108-GLH, 3) self-energy      84.26590705 pruned by (A108-GLU,41)     -13.37248908.
  Rotamer (A108-GLH, 4) self-energy     184.35470748 pruned by (A108-GLU,41)     -13.37248908.
  Rotamer (A108-GLH, 5) self-energy      91.86439970 pruned by (A108-GLU,41)     -13.37248908.
  Rotamer (A108-GLH, 6) self-energy    2603.75859325 pruned by (A108-GLU,41)     -13.37248908.
  Rotamer (A108-GLH, 7) self-energy      54.39711644 pruned by (A108-GLU,41)     -13.37248908.
  Rotamer (A108-GLH, 8) self-energy      50.27805899 pruned by (A108-GLU,41)     -13.37248908.
  Rotamer (A108-GLH, 9) self-energy      56.32299121 pruned by (A108-GLU,41)     -13.37248908.
  Rotamer (A108-GLH,10) self-energy      62.65714991 pruned by (A108-GLU,41)     -13.37248908.
  Rotamer (A108-GLH,11) self-energy     131.92612831 pruned by (A108-GLU,41)     -13.37248908.
  Rotamer (A108-GLH,12) self-energy     109.39545457 pruned by (A108-GLU,41)     -13.37248908.
  Rotamer (A108-GLH,13) self-energy      72.57776972 pruned by (A108-GLU,41)     -13.37248908.
  Rotamer (A108-GLH,14) self-energy     605.00693589 pruned by (A108-GLU,41)     -13.37248908.
  Rotamer (A108-GLH,15) self-energy      58.50054935 pruned by (A108-GLU,41)     -13.37248908.
  Rotamer (A108-GLH,16) self-energy      52.01524006 pruned by (A108-GLU,41)     -13.37248908.
  Rotamer (A108-GLH,17) self-energy      56.45862188 pruned by (A108-GLU,41)     -13.37248908.
  Rotamer (A108-GLH,18) self-energy      63.28397145 pruned by (A108-GLU,41)     -13.37248908.
  Rotamer (A108-GLH,19) self-energy      88.49564957 pruned by (A108-GLU,41)     -13.37248908.
  Rotamer (A108-GLH,20) self-energy     188.69389549 pruned by (A108-GLU,41)     -13.37248908.
  Rotamer (A108-GLH,21) self-energy     182.34291401 pruned by (A108-GLU,41)     -13.37248908.
  Rotamer (A108-GLH,22) self-energy    2722.36783192 pruned by (A108-GLU,41)     -13.37248908.
  Rotamer (A108-GLH,23) self-energy      58.62115468 pruned by (A108-GLU,41)     -13.37248908.
  Rotamer (A108-GLH,24) self-energy      61.86128820 pruned by (A108-GLU,41)     -13.37248908.
  Rotamer (A108-GLH,25) self-energy      57.20476473 pruned by (A108-GLU,41)     -13.37248908.
  Rotamer (A108-GLH,26) self-energy      81.55309446 pruned by (A108-GLU,41)     -13.37248908.
  Rotamer (A108-GLH,27) self-energy     199.73215344 pruned by (A108-GLU,41)     -13.37248908.
  Rotamer (A108-GLH,28) self-energy     125.23719655 pruned by (A108-GLU,41)     -13.37248908.
  Rotamer (A108-GLH,29) self-energy      90.29856936 pruned by (A108-GLU,41)     -13.37248908.
  Rotamer (A108-GLH,30) self-energy     633.68646283 pruned by (A108-GLU,41)     -13.37248908.
  Rotamer (A108-GLH,31) self-energy      91.54152008 pruned by (A108-GLU,41)     -13.37248908.
  Rotamer (A108-GLH,32) self-energy      70.27534611 pruned by (A108-GLU,41)     -13.37248908.
  Rotamer (A108-GLH,33) self-energy      68.50550288 pruned by (A108-GLU,41)     -13.37248908.
  Rotamer (A108-GLU,35) self-energy      20.92655213 pruned by (A108-GLU,41)     -13.37248908.
  Rotamer (A108-GLU,36) self-energy      56.90322245 pruned by (A108-GLU,41)     -13.37248908.
  Rotamer (A108-GLU,37) self-energy      18.53471063 pruned by (A108-GLU,41)     -13.37248908.
  Rotamer (A108-GLU,38) self-energy     721.77015066 pruned by (A108-GLU,41)     -13.37248908.
  Rotamer (A124-LYD, 7) self-energy  190474.60564530 pruned by (A124-LYS, 0)     -18.70826442.
  Rotamer (A124-LYD, 8) self-energy   41643.67741045 pruned by (A124-LYS, 0)     -18.70826442.
  Rotamer (A124-LYD, 9) self-energy   36867.58867540 pruned by (A124-LYS, 0)     -18.70826442.
  Rotamer (A124-LYD,10) self-energy      55.26942355 pruned by (A124-LYS, 0)     -18.70826442.
  Rotamer (A124-LYD,11) self-energy      54.01389718 pruned by (A124-LYS, 0)     -18.70826442.
  Rotamer (A124-LYD,12) self-energy      83.64120733 pruned by (A124-LYS, 0)     -18.70826442.
  Rotamer (A124-LYD,13) self-energy      59.64546673 pruned by (A124-LYS, 0)     -18.70826442.
  Rotamer (A124-LYD,14) self-energy      66.65372387 pruned by (A124-LYS, 0)     -18.70826442.
  Rotamer (A124-LYD,15) self-energy      62.40364710 pruned by (A124-LYS, 0)     -18.70826442.
  Rotamer (A124-LYD,16) self-energy    1637.46555066 pruned by (A124-LYS, 0)     -18.70826442.
  Rotamer (A124-LYD,17) self-energy      80.70314141 pruned by (A124-LYS, 0)     -18.70826442.
  Rotamer (A124-LYD,18) self-energy      53.92394372 pruned by (A124-LYS, 0)     -18.70826442.
  Rotamer (A124-LYD,19) self-energy       6.48720248 pruned by (A124-LYS, 0)     -18.70826442.
  Rotamer (A124-LYD,25) self-energy     403.98816923 pruned by (A124-LYS, 0)     -18.70826442.
  Rotamer (A124-LYD,26) self-energy     528.83463763 pruned by (A124-LYS, 0)     -18.70826442.
  Rotamer (A124-LYD,27) self-energy     402.62644956 pruned by (A124-LYS, 0)     -18.70826442.
  Rotamer (A124-LYD,28) self-energy    8409.33042869 pruned by (A124-LYS, 0)     -18.70826442.
  Rotamer (A124-LYS,30) self-energy     105.07418652 pruned by (A124-LYS, 0)     -18.70826442.
  Rotamer (A124-LYS,34) self-energy  188974.86882073 pruned by (A124-LYS, 0)     -18.70826442.
  Rotamer (A124-LYS,35) self-energy   41330.41122770 pruned by (A124-LYS, 0)     -18.70826442.
  Rotamer (A124-LYS,36) self-energy   36863.41404758 pruned by (A124-LYS, 0)     -18.70826442.
  Rotamer (A124-LYS,37) self-energy      44.87563314 pruned by (A124-LYS, 0)     -18.70826442.
  Rotamer (A124-LYS,38) self-energy      42.60675473 pruned by (A124-LYS, 0)     -18.70826442.
  Rotamer (A124-LYS,39) self-energy     117.43898089 pruned by (A124-LYS, 0)     -18.70826442.
  Rotamer (A124-LYS,40) self-energy      49.40513729 pruned by (A124-LYS, 0)     -18.70826442.
  Rotamer (A124-LYS,41) self-energy      57.50939251 pruned by (A124-LYS, 0)     -18.70826442.
  Rotamer (A124-LYS,42) self-energy      51.79569458 pruned by (A124-LYS, 0)     -18.70826442.
  Rotamer (A124-LYS,43) self-energy    1621.42988072 pruned by (A124-LYS, 0)     -18.70826442.
  Rotamer (A124-LYS,44) self-energy      72.91829787 pruned by (A124-LYS, 0)     -18.70826442.
  Rotamer (A124-LYS,45) self-energy      48.28358828 pruned by (A124-LYS, 0)     -18.70826442.
  Rotamer (A124-LYS,52) self-energy     395.33018546 pruned by (A124-LYS, 0)     -18.70826442.
  Rotamer (A124-LYS,53) self-energy     524.83374309 pruned by (A124-LYS, 0)     -18.70826442.
  Rotamer (A124-LYS,54) self-energy     394.06188623 pruned by (A124-LYS, 0)     -18.70826442.
  Rotamer (A124-LYS,55) self-energy    8687.08675722 pruned by (A124-LYS, 0)     -18.70826442.
  Rotamer (A127-ASH, 1) self-energy      61.04172675 pruned by (A127-ASP,25)     -24.10084366.
  Rotamer (A127-ASH, 2) self-energy      58.30360633 pruned by (A127-ASP,25)     -24.10084366.
  Rotamer (A127-ASH, 3) self-energy      59.94068504 pruned by (A127-ASP,25)     -24.10084366.
  Rotamer (A127-ASH, 4) self-energy      53.87232924 pruned by (A127-ASP,25)     -24.10084366.
  Rotamer (A127-ASH, 5) self-energy      50.80613657 pruned by (A127-ASP,25)     -24.10084366.
  Rotamer (A127-ASH, 6) self-energy      62.76441832 pruned by (A127-ASP,25)     -24.10084366.
  Rotamer (A127-ASH, 7) self-energy      94.34459799 pruned by (A127-ASP,25)     -24.10084366.
  Rotamer (A127-ASH, 8) self-energy      77.40306851 pruned by (A127-ASP,25)     -24.10084366.
  Rotamer (A127-ASH, 9) self-energy      58.33505690 pruned by (A127-ASP,25)     -24.10084366.
  Rotamer (A127-ASH,10) self-energy      51.30236397 pruned by (A127-ASP,25)     -24.10084366.
  Rotamer (A127-ASH,11) self-energy      65.52065114 pruned by (A127-ASP,25)     -24.10084366.
  Rotamer (A127-ASH,12) self-energy      63.64411998 pruned by (A127-ASP,25)     -24.10084366.
  Rotamer (A127-ASH,13) self-energy      65.93380767 pruned by (A127-ASP,25)     -24.10084366.
  Rotamer (A127-ASH,14) self-energy      59.05758124 pruned by (A127-ASP,25)     -24.10084366.
  Rotamer (A127-ASH,15) self-energy      57.13961555 pruned by (A127-ASP,25)     -24.10084366.
  Rotamer (A127-ASH,16) self-energy      66.95398999 pruned by (A127-ASP,25)     -24.10084366.
  Rotamer (A127-ASH,17) self-energy     240.74658712 pruned by (A127-ASP,25)     -24.10084366.
  Rotamer (A127-ASH,18) self-energy     175.38552281 pruned by (A127-ASP,25)     -24.10084366.
  Rotamer (A127-ASH,19) self-energy      87.51083730 pruned by (A127-ASP,25)     -24.10084366.
  Rotamer (A127-ASH,20) self-energy      58.14179587 pruned by (A127-ASP,25)     -24.10084366.
  Rotamer (A127-ASH,21) self-energy      85.23558434 pruned by (A127-ASP,25)     -24.10084366.
  Rotamer (A128-GLH, 1) self-energy      59.63377138 pruned by (A128-GLU,40)     -14.78675033.
  Rotamer (A128-GLH, 2) self-energy     766.09140828 pruned by (A128-GLU,40)     -14.78675033.
  Rotamer (A128-GLH, 3) self-energy   13077.70771449 pruned by (A128-GLU,40)     -14.78675033.
  Rotamer (A128-GLH, 4) self-energy      58.04561038 pruned by (A128-GLU,40)     -14.78675033.
  Rotamer (A128-GLH, 5) self-energy      54.72952560 pruned by (A128-GLU,40)     -14.78675033.
  Rotamer (A128-GLH, 6) self-energy    1254.64566732 pruned by (A128-GLU,40)     -14.78675033.
  Rotamer (A128-GLH, 7) self-energy      55.69352529 pruned by (A128-GLU,40)     -14.78675033.
  Rotamer (A128-GLH, 8) self-energy      49.74688781 pruned by (A128-GLU,40)     -14.78675033.
  Rotamer (A128-GLH, 9) self-energy      51.92566931 pruned by (A128-GLU,40)     -14.78675033.
  Rotamer (A128-GLH,10) self-energy     416.38610481 pruned by (A128-GLU,40)     -14.78675033.
  Rotamer (A128-GLH,11) self-energy    2854.51188812 pruned by (A128-GLU,40)     -14.78675033.
  Rotamer (A128-GLH,12) self-energy      60.63477970 pruned by (A128-GLU,40)     -14.78675033.
  Rotamer (A128-GLH,13) self-energy      59.75466373 pruned by (A128-GLU,40)     -14.78675033.
  Rotamer (A128-GLH,14) self-energy     856.20227831 pruned by (A128-GLU,40)     -14.78675033.
  Rotamer (A128-GLH,15) self-energy      66.97585415 pruned by (A128-GLU,40)     -14.78675033.
  Rotamer (A128-GLH,16) self-energy      54.82864721 pruned by (A128-GLU,40)     -14.78675033.
  Rotamer (A128-GLH,17) self-energy      54.59965847 pruned by (A128-GLU,40)     -14.78675033.
  Rotamer (A128-GLH,18) self-energy    1728.78563272 pruned by (A128-GLU,40)     -14.78675033.
  Rotamer (A128-GLH,19) self-energy   12581.67919940 pruned by (A128-GLU,40)     -14.78675033.
  Rotamer (A128-GLH,20) self-energy      61.89953290 pruned by (A128-GLU,40)     -14.78675033.
  Rotamer (A128-GLH,21) self-energy      58.27617666 pruned by (A128-GLU,40)     -14.78675033.
  Rotamer (A128-GLH,22) self-energy     870.96870439 pruned by (A128-GLU,40)     -14.78675033.
  Rotamer (A128-GLH,23) self-energy      59.31687970 pruned by (A128-GLU,40)     -14.78675033.
  Rotamer (A128-GLH,24) self-energy      53.05288277 pruned by (A128-GLU,40)     -14.78675033.
  Rotamer (A128-GLH,25) self-energy      56.46549175 pruned by (A128-GLU,40)     -14.78675033.
  Rotamer (A128-GLH,26) self-energy     431.81248819 pruned by (A128-GLU,40)     -14.78675033.
  Rotamer (A128-GLH,27) self-energy    2891.63584810 pruned by (A128-GLU,40)     -14.78675033.
  Rotamer (A128-GLH,28) self-energy      78.83856668 pruned by (A128-GLU,40)     -14.78675033.
  Rotamer (A128-GLH,29) self-energy      76.04643958 pruned by (A128-GLU,40)     -14.78675033.
  Rotamer (A128-GLH,30) self-energy     684.24643793 pruned by (A128-GLU,40)     -14.78675033.
  Rotamer (A128-GLH,31) self-energy      98.90493449 pruned by (A128-GLU,40)     -14.78675033.
  Rotamer (A128-GLH,32) self-energy      71.35767435 pruned by (A128-GLU,40)     -14.78675033.
  Rotamer (A128-GLH,33) self-energy      69.26319607 pruned by (A128-GLU,40)     -14.78675033.
  Rotamer (A128-GLU,34) self-energy     425.33448044 pruned by (A128-GLU,40)     -14.78675033.
  Rotamer (A128-GLU,35) self-energy    3261.66744177 pruned by (A128-GLU,40)     -14.78675033.
  Rotamer (A128-GLU,38) self-energy     885.22774786 pruned by (A128-GLU,40)     -14.78675033.
  Rotamer (A135-LYD, 2) self-energy      52.40075345 pruned by (A135-LYS,40)     -19.57119475.
  Rotamer (A135-LYD, 3) self-energy     446.56889802 pruned by (A135-LYS,40)     -19.57119475.
  Rotamer (A135-LYD, 4) self-energy     859.10464303 pruned by (A135-LYS,40)     -19.57119475.
  Rotamer (A135-LYD, 5) self-energy    5836.44399837 pruned by (A135-LYS,40)     -19.57119475.
  Rotamer (A135-LYD, 6) self-energy      44.99451328 pruned by (A135-LYS,40)     -19.57119475.
  Rotamer (A135-LYD,17) self-energy       7.39875409 pruned by (A135-LYS,40)     -19.57119475.
  Rotamer (A135-LYD,18) self-energy      38.58391351 pruned by (A135-LYS,40)     -19.57119475.
  Rotamer (A135-LYD,24) self-energy       6.79022656 pruned by (A135-LYS,40)     -19.57119475.
  Rotamer (A135-LYS,29) self-energy      45.15865218 pruned by (A135-LYS,40)     -19.57119475.
  Rotamer (A135-LYS,31) self-energy     854.13552493 pruned by (A135-LYS,40)     -19.57119475.
  Rotamer (A135-LYS,32) self-energy    5910.23235722 pruned by (A135-LYS,40)     -19.57119475.
  Rotamer (A135-LYS,33) self-energy      33.71982234 pruned by (A135-LYS,40)     -19.57119475.
  Rotamer (A135-LYS,45) self-energy      31.52337978 pruned by (A135-LYS,40)     -19.57119475.
  Rotamer (A147-LYD, 2) self-energy      34.47868753 pruned by (A147-LYS,40)     -18.27366510.
  Rotamer (A147-LYD, 3) self-energy      73.81772337 pruned by (A147-LYS,40)     -18.27366510.
  Rotamer (A147-LYD, 4) self-energy     106.16835375 pruned by (A147-LYS,40)     -18.27366510.
  Rotamer (A147-LYD, 5) self-energy    1646.88346723 pruned by (A147-LYS,40)     -18.27366510.
  Rotamer (A147-LYD, 6) self-energy      12.04260689 pruned by (A147-LYS,40)     -18.27366510.
  Rotamer (A147-LYD,17) self-energy     861.12532167 pruned by (A147-LYS,40)     -18.27366510.
  Rotamer (A147-LYD,18) self-energy      41.10111530 pruned by (A147-LYS,40)     -18.27366510.
  Rotamer (A147-LYD,22) self-energy      31.90263470 pruned by (A147-LYS,40)     -18.27366510.
  Rotamer (A147-LYD,24) self-energy      65.24876246 pruned by (A147-LYS,40)     -18.27366510.
  Rotamer (A147-LYD,25) self-energy     416.50339119 pruned by (A147-LYS,40)     -18.27366510.
  Rotamer (A147-LYD,26) self-energy     703.11802888 pruned by (A147-LYS,40)     -18.27366510.
  Rotamer (A147-LYD,27) self-energy    3276.14502970 pruned by (A147-LYS,40)     -18.27366510.
  Rotamer (A147-LYD,28) self-energy      17.15647886 pruned by (A147-LYS,40)     -18.27366510.
  Rotamer (A147-LYS,29) self-energy      41.58030143 pruned by (A147-LYS,40)     -18.27366510.
  Rotamer (A147-LYS,30) self-energy      34.32357769 pruned by (A147-LYS,40)     -18.27366510.
  Rotamer (A147-LYS,31) self-energy      99.78528689 pruned by (A147-LYS,40)     -18.27366510.
  Rotamer (A147-LYS,32) self-energy    2102.37114161 pruned by (A147-LYS,40)     -18.27366510.
  Rotamer (A147-LYS,44) self-energy     854.36460886 pruned by (A147-LYS,40)     -18.27366510.
  Rotamer (A147-LYS,45) self-energy      34.87205474 pruned by (A147-LYS,40)     -18.27366510.
  Rotamer (A147-LYS,49) self-energy      17.56651196 pruned by (A147-LYS,40)     -18.27366510.
  Rotamer (A147-LYS,51) self-energy      59.66649890 pruned by (A147-LYS,40)     -18.27366510.
  Rotamer (A147-LYS,52) self-energy     405.61776459 pruned by (A147-LYS,40)     -18.27366510.
  Rotamer (A147-LYS,53) self-energy     699.16895931 pruned by (A147-LYS,40)     -18.27366510.
  Rotamer (A147-LYS,54) self-energy   15789.58922658 pruned by (A147-LYS,40)     -18.27366510.
  Rotamer (A159-ASH, 1) self-energy      57.96803819 pruned by (A159-ASP,25)     -21.22157953.
  Rotamer (A159-ASH, 2) self-energy      61.12658587 pruned by (A159-ASP,25)     -21.22157953.
  Rotamer (A159-ASH, 3) self-energy      64.07579031 pruned by (A159-ASP,25)     -21.22157953.
  Rotamer (A159-ASH, 4) self-energy      57.34917075 pruned by (A159-ASP,25)     -21.22157953.
  Rotamer (A159-ASH, 5) self-energy      53.33935886 pruned by (A159-ASP,25)     -21.22157953.
  Rotamer (A159-ASH, 6) self-energy      51.59684566 pruned by (A159-ASP,25)     -21.22157953.
  Rotamer (A159-ASH, 7) self-energy     103.10481275 pruned by (A159-ASP,25)     -21.22157953.
  Rotamer (A159-ASH, 8) self-energy      86.95874098 pruned by (A159-ASP,25)     -21.22157953.
  Rotamer (A159-ASH, 9) self-energy      63.34188864 pruned by (A159-ASP,25)     -21.22157953.
  Rotamer (A159-ASH,10) self-energy      52.67391490 pruned by (A159-ASP,25)     -21.22157953.
  Rotamer (A159-ASH,11) self-energy      55.27690868 pruned by (A159-ASP,25)     -21.22157953.
  Rotamer (A159-ASH,12) self-energy      65.49574451 pruned by (A159-ASP,25)     -21.22157953.
  Rotamer (A159-ASH,13) self-energy      70.10823937 pruned by (A159-ASP,25)     -21.22157953.
  Rotamer (A159-ASH,14) self-energy      62.65262276 pruned by (A159-ASP,25)     -21.22157953.
  Rotamer (A159-ASH,15) self-energy      59.86736647 pruned by (A159-ASP,25)     -21.22157953.
  Rotamer (A159-ASH,16) self-energy      56.83960342 pruned by (A159-ASP,25)     -21.22157953.
  Rotamer (A159-ASH,17) self-energy     243.51156220 pruned by (A159-ASP,25)     -21.22157953.
  Rotamer (A159-ASH,18) self-energy     178.15635933 pruned by (A159-ASP,25)     -21.22157953.
  Rotamer (A159-ASH,19) self-energy      97.00738496 pruned by (A159-ASP,25)     -21.22157953.
  Rotamer (A159-ASH,20) self-energy      58.26113548 pruned by (A159-ASP,25)     -21.22157953.
  Rotamer (A159-ASH,21) self-energy      78.02136789 pruned by (A159-ASP,25)     -21.22157953.
  Rotamer (A162-LYD, 3) self-energy       9.34590948 pruned by (A162-LYS, 0)     -20.93827093.
  Rotamer (A162-LYD, 4) self-energy       7.67920851 pruned by (A162-LYS, 0)     -20.93827093.
  Rotamer (A162-LYD, 5) self-energy     888.33709476 pruned by (A162-LYS, 0)     -20.93827093.
  Rotamer (A162-LYD,17) self-energy      24.20282792 pruned by (A162-LYS, 0)     -20.93827093.
  Rotamer (A162-LYD,18) self-energy      38.31273600 pruned by (A162-LYS, 0)     -20.93827093.
  Rotamer (A162-LYD,20) self-energy      49.78758429 pruned by (A162-LYS, 0)     -20.93827093.
  Rotamer (A162-LYD,24) self-energy      16.75082742 pruned by (A162-LYS, 0)     -20.93827093.
  Rotamer (A162-LYD,27) self-energy     129.48671124 pruned by (A162-LYS, 0)     -20.93827093.
  Rotamer (A162-LYS,32) self-energy     904.09956855 pruned by (A162-LYS, 0)     -20.93827093.
  Rotamer (A162-LYS,44) self-energy      17.10220318 pruned by (A162-LYS, 0)     -20.93827093.
  Rotamer (A162-LYS,45) self-energy      31.19647746 pruned by (A162-LYS, 0)     -20.93827093.
  Rotamer (A162-LYS,47) self-energy      52.76898217 pruned by (A162-LYS, 0)     -20.93827093.
  Rotamer (A162-LYS,51) self-energy      16.12057859 pruned by (A162-LYS, 0)     -20.93827093.
  Rotamer (A162-LYS,54) self-energy     130.94636272 pruned by (A162-LYS, 0)     -20.93827093.
 Loaded 2-body energies from restart file.
 Loaded trimer energies from restart file.

 Number of self energies: 0
 Backbone energy:     -877.99206066

 Time for single energies:        3.643
 Number of 2-body energies to calculate: 0
 Time for 2-body energies:        0.07064
 Number of 3-Body energies to calculate: 6236
 3-Body  A19-LYS 29,  A22-GLU 0 ,  A35-LYS 29:       0.00004548 at      2.570 Ang (1.857 Ang by residue) in 3.4236 (sec).
 3-Body  A19-LYS 29,  A22-GLU 0 ,  A35-LYS 31:       0.00003257 at      2.570 Ang (1.857 Ang by residue) in 3.2876 (sec).
 3-Body  A19-LYS 29,  A22-GLU 0 ,  A35-LYS 32:       0.00002761 at      2.570 Ang (1.857 Ang by residue) in 3.4135 (sec).
 3-Body  A19-LYS 29,  A22-GLU 0 ,  A35-LYS 33:       0.00004080 at      2.570 Ang (1.857 Ang by residue) in 3.4745 (sec).
 3-Body  A19-LYS 29,  A22-GLU 0 ,  A35-LYS 46:       0.00009244 at      2.488 Ang (1.857 Ang by residue) in 3.2592 (sec).
 3-Body  A19-LYS 29,  A22-GLU 0 ,  A35-LYS 47:       0.00007128 at      2.488 Ang (1.857 Ang by residue) in 3.3586 (sec).
 3-Body  A19-LYS 29,  A22-GLU 0 ,  A35-LYS 48:       0.00008926 at      2.487 Ang (1.857 Ang by residue) in 3.3949 (sec).
 3-Body  A19-LYS 29,  A22-GLU 0 ,  A35-LYS 49:       0.00021099 at      2.440 Ang (1.857 Ang by residue) in 3.3242 (sec).
 3-Body  A19-LYS 29,  A22-GLU 0 ,  A35-LYS 50:       0.00004991 at      2.508 Ang (1.857 Ang by residue) in 3.3449 (sec).
 3-Body  A19-LYS 29,  A22-GLU 0 ,  A35-LYS 51:       0.00004266 at      2.508 Ang (1.857 Ang by residue) in 3.3512 (sec).
 3-Body  A19-LYS 29,  A22-GLU 36,  A35-LYS 0 :       0.00014510 at      2.484 Ang (1.857 Ang by residue) in 3.3480 (sec).
 3-Body  A19-LYS 29,  A22-GLU 36,  A35-LYD 1 :       0.00004634 at      2.484 Ang (1.857 Ang by residue) in 3.4200 (sec).
 3-Body  A19-LYS 29,  A22-GLU 36,  A35-LYD 2 :       0.00002967 at      2.542 Ang (1.857 Ang by residue) in 3.3142 (sec).
 3-Body  A19-LYS 29,  A22-GLU 36,  A35-LYD 3 :       0.00002657 at      2.542 Ang (1.857 Ang by residue) in 3.3789 (sec).
 3-Body  A19-LYS 29,  A22-GLU 36,  A35-LYD 4 :       0.00002276 at      2.542 Ang (1.857 Ang by residue) in 3.3029 (sec).
 3-Body  A19-LYS 29,  A22-GLU 36,  A35-LYD 5 :       0.00002374 at      2.542 Ang (1.857 Ang by residue) in 3.1646 (sec).
 3-Body  A19-LYS 29,  A22-GLU 36,  A35-LYD 6 :       0.00002501 at      2.542 Ang (1.857 Ang by residue) in 3.2672 (sec).
 3-Body  A19-LYS 29,  A22-GLU 36,  A35-LYD 20:       0.00005148 at      2.456 Ang (1.857 Ang by residue) in 3.2960 (sec).
 3-Body  A19-LYS 29,  A22-GLU 36,  A35-LYD 21:       0.00005837 at      2.453 Ang (1.857 Ang by residue) in 3.3023 (sec).
 3-Body  A19-LYS 29,  A22-GLU 36,  A35-LYD 23:       0.00003544 at      2.477 Ang (1.857 Ang by residue) in 3.2811 (sec).
 3-Body  A19-LYS 29,  A22-GLU 36,  A35-LYD 24:       0.00003667 at      2.477 Ang (1.857 Ang by residue) in 3.3718 (sec).
 3-Body  A19-LYS 29,  A22-GLU 36,  A35-LYS 29:       0.00008165 at      2.542 Ang (1.857 Ang by residue) in 3.3578 (sec).
 3-Body  A19-LYS 29,  A22-GLU 36,  A35-LYS 31:       0.00006145 at      2.542 Ang (1.857 Ang by residue) in 3.3181 (sec).
 3-Body  A19-LYS 29,  A22-GLU 36,  A35-LYS 32:       0.00005329 at      2.542 Ang (1.857 Ang by residue) in 3.4358 (sec).
 3-Body  A19-LYS 29,  A22-GLU 36,  A35-LYS 33:       0.00008552 at      2.542 Ang (1.857 Ang by residue) in 3.3318 (sec).
 3-Body  A19-LYS 29,  A22-GLU 36,  A35-LYS 46:       0.00023465 at      2.404 Ang (1.857 Ang by residue) in 3.2648 (sec).
 3-Body  A19-LYS 29,  A22-GLU 36,  A35-LYS 47:       0.00013774 at      2.456 Ang (1.857 Ang by residue) in 3.2230 (sec).
 3-Body  A19-LYS 29,  A22-GLU 36,  A35-LYS 48:       0.00016753 at      2.453 Ang (1.857 Ang by residue) in 3.3973 (sec).
 3-Body  A19-LYS 29,  A22-GLU 36,  A35-LYS 49:       0.00044828 at      2.385 Ang (1.857 Ang by residue) in 3.3039 (sec).
 3-Body  A19-LYS 29,  A22-GLU 36,  A35-LYS 50:       0.00009811 at      2.477 Ang (1.857 Ang by residue) in 3.4437 (sec).
 3-Body  A19-LYS 29,  A22-GLU 36,  A35-LYS 51:       0.00008590 at      2.477 Ang (1.857 Ang by residue) in 3.2111 (sec).
 3-Body  A19-LYS 29,  A22-GLU 39,  A35-LYS 0 :       0.00011263 at      2.543 Ang (1.857 Ang by residue) in 3.4672 (sec).
 3-Body  A19-LYS 29,  A22-GLU 39,  A35-LYD 1 :       0.00003630 at      2.543 Ang (1.857 Ang by residue) in 3.2823 (sec).
 3-Body  A19-LYS 29,  A22-GLU 39,  A35-LYD 2 :       0.00002442 at      2.580 Ang (1.857 Ang by residue) in 3.3070 (sec).
 3-Body  A19-LYS 29,  A22-GLU 39,  A35-LYD 3 :       0.00002192 at      2.580 Ang (1.857 Ang by residue) in 3.2728 (sec).
 3-Body  A19-LYS 29,  A22-GLU 39,  A35-LYD 4 :       0.00001993 at      2.580 Ang (1.857 Ang by residue) in 3.4102 (sec).
 3-Body  A19-LYS 29,  A22-GLU 39,  A35-LYD 5 :       0.00001896 at      2.580 Ang (1.857 Ang by residue) in 3.1184 (sec).
 3-Body  A19-LYS 29,  A22-GLU 39,  A35-LYD 6 :       0.00001837 at      2.580 Ang (1.857 Ang by residue) in 3.1538 (sec).
 3-Body  A19-LYS 29,  A22-GLU 39,  A35-LYD 20:       0.00003814 at      2.515 Ang (1.857 Ang by residue) in 3.3161 (sec).
 3-Body  A19-LYS 29,  A22-GLU 39,  A35-LYD 21:       0.00004134 at      2.514 Ang (1.857 Ang by residue) in 3.3758 (sec).
 3-Body  A19-LYS 29,  A22-GLU 39,  A35-LYD 23:       0.00002682 at      2.515 Ang (1.857 Ang by residue) in 3.2899 (sec).
 3-Body  A19-LYS 29,  A22-GLU 39,  A35-LYD 24:       0.00002440 at      2.515 Ang (1.857 Ang by residue) in 3.3947 (sec).
 3-Body  A19-LYS 29,  A22-GLU 39,  A35-LYS 29:       0.00006292 at      2.580 Ang (1.857 Ang by residue) in 3.2198 (sec).
 3-Body  A19-LYS 29,  A22-GLU 39,  A35-LYS 31:       0.00004531 at      2.580 Ang (1.857 Ang by residue) in 3.2967 (sec).
 3-Body  A19-LYS 29,  A22-GLU 39,  A35-LYS 32:       0.00004159 at      2.580 Ang (1.857 Ang by residue) in 3.4176 (sec).
 3-Body  A19-LYS 29,  A22-GLU 39,  A35-LYS 33:       0.00005346 at      2.580 Ang (1.857 Ang by residue) in 3.3598 (sec).
 3-Body  A19-LYS 29,  A22-GLU 39,  A35-LYS 46:       0.00011859 at      2.481 Ang (1.857 Ang by residue) in 3.3054 (sec).
 3-Body  A19-LYS 29,  A22-GLU 39,  A35-LYS 47:       0.00010984 at      2.515 Ang (1.857 Ang by residue) in 3.2487 (sec).
 3-Body  A19-LYS 29,  A22-GLU 39,  A35-LYS 48:       0.00012331 at      2.514 Ang (1.857 Ang by residue) in 3.4555 (sec).
 3-Body  A19-LYS 29,  A22-GLU 39,  A35-LYS 49:       0.00027527 at      2.458 Ang (1.857 Ang by residue) in 3.3844 (sec).
 3-Body  A19-LYS 29,  A22-GLU 39,  A35-LYS 50:       0.00007322 at      2.515 Ang (1.857 Ang by residue) in 3.1851 (sec).
 3-Body  A19-LYS 29,  A22-GLU 39,  A35-LYS 51:       0.00006892 at      2.515 Ang (1.857 Ang by residue) in 3.3409 (sec).
 3-Body  A19-LYS 29,  A22-GLU 40,  A35-LYS 0 :       0.00017269 at      2.453 Ang (1.857 Ang by residue) in 3.3964 (sec).
 3-Body  A19-LYS 29,  A22-GLU 40,  A35-LYD 1 :       0.00006909 at      2.453 Ang (1.857 Ang by residue) in 3.2164 (sec).
 3-Body  A19-LYS 29,  A22-GLU 40,  A35-LYD 2 :       0.00003161 at      2.562 Ang (1.857 Ang by residue) in 3.2634 (sec).
 3-Body  A19-LYS 29,  A22-GLU 40,  A35-LYD 3 :       0.00002728 at      2.562 Ang (1.857 Ang by residue) in 3.0921 (sec).
 3-Body  A19-LYS 29,  A22-GLU 40,  A35-LYD 4 :       0.00002524 at      2.562 Ang (1.857 Ang by residue) in 3.3603 (sec).
 3-Body  A19-LYS 29,  A22-GLU 40,  A35-LYD 5 :       0.00002460 at      2.562 Ang (1.857 Ang by residue) in 3.2307 (sec).
 3-Body  A19-LYS 29,  A22-GLU 40,  A35-LYD 6 :       0.00002440 at      2.562 Ang (1.857 Ang by residue) in 3.2966 (sec).
 3-Body  A19-LYS 29,  A22-GLU 40,  A35-LYD 20:       0.00009470 at      2.405 Ang (1.857 Ang by residue) in 3.2302 (sec).
 3-Body  A19-LYS 29,  A22-GLU 40,  A35-LYD 21:       0.00010280 at      2.403 Ang (1.857 Ang by residue) in 3.3161 (sec).
 3-Body  A19-LYS 29,  A22-GLU 40,  A35-LYD 23:       0.00005476 at      2.477 Ang (1.857 Ang by residue) in 3.4525 (sec).
 3-Body  A19-LYS 29,  A22-GLU 40,  A35-LYD 24:       0.00005236 at      2.477 Ang (1.857 Ang by residue) in 3.1439 (sec).
 3-Body  A19-LYS 29,  A22-GLU 40,  A35-LYS 29:       0.00007744 at      2.562 Ang (1.857 Ang by residue) in 3.1857 (sec).
 3-Body  A19-LYS 29,  A22-GLU 40,  A35-LYS 31:       0.00005613 at      2.562 Ang (1.857 Ang by residue) in 3.3917 (sec).
 3-Body  A19-LYS 29,  A22-GLU 40,  A35-LYS 32:       0.00005144 at      2.562 Ang (1.857 Ang by residue) in 3.2271 (sec).
 3-Body  A19-LYS 29,  A22-GLU 40,  A35-LYS 33:       0.00006746 at      2.562 Ang (1.857 Ang by residue) in 3.2163 (sec).
 3-Body  A19-LYS 29,  A22-GLU 40,  A35-LYS 46:       0.00022649 at      2.425 Ang (1.857 Ang by residue) in 3.3392 (sec).
 3-Body  A19-LYS 29,  A22-GLU 40,  A35-LYS 47:       0.00018513 at      2.405 Ang (1.857 Ang by residue) in 3.3620 (sec).
 3-Body  A19-LYS 29,  A22-GLU 40,  A35-LYS 48:       0.00022051 at      2.403 Ang (1.857 Ang by residue) in 3.3429 (sec).
 3-Body  A19-LYS 29,  A22-GLU 40,  A35-LYS 49:       0.00065971 at      2.356 Ang (1.857 Ang by residue) in 3.2135 (sec).
 3-Body  A19-LYS 29,  A22-GLU 40,  A35-LYS 50:       0.00011246 at      2.477 Ang (1.857 Ang by residue) in 3.2002 (sec).
 3-Body  A19-LYS 29,  A22-GLU 40,  A35-LYS 51:       0.00010462 at      2.477 Ang (1.857 Ang by residue) in 3.2537 (sec).
 3-Body  A19-LYS 29,  A22-GLU 41,  A35-LYS 0 :       0.00008419 at      2.543 Ang (1.857 Ang by residue) in 3.3204 (sec).
 3-Body  A19-LYS 29,  A22-GLU 41,  A35-LYD 1 :       0.00002454 at      2.543 Ang (1.857 Ang by residue) in 3.3114 (sec).
 3-Body  A19-LYS 29,  A22-GLU 41,  A35-LYD 2 :       0.00001807 at      2.580 Ang (1.857 Ang by residue) in 3.3273 (sec).
 3-Body  A19-LYS 29,  A22-GLU 41,  A35-LYD 3 :       0.00001717 at      2.580 Ang (1.857 Ang by residue) in 3.2570 (sec).
 3-Body  A19-LYS 29,  A22-GLU 41,  A35-LYD 4 :       0.00001465 at      2.580 Ang (1.857 Ang by residue) in 3.4245 (sec).
 3-Body  A19-LYS 29,  A22-GLU 41,  A35-LYD 5 :       0.00001460 at      2.580 Ang (1.857 Ang by residue) in 3.0361 (sec).
 3-Body  A19-LYS 29,  A22-GLU 41,  A35-LYD 6 :       0.00001435 at      2.580 Ang (1.857 Ang by residue) in 3.3361 (sec).
 3-Body  A19-LYS 29,  A22-GLU 41,  A35-LYD 20:       0.00002608 at      2.506 Ang (1.857 Ang by residue) in 3.2184 (sec).
 3-Body  A19-LYS 29,  A22-GLU 41,  A35-LYD 21:       0.00002782 at      2.504 Ang (1.857 Ang by residue) in 3.3957 (sec).
 3-Body  A19-LYS 29,  A22-GLU 41,  A35-LYD 23:       0.00001730 at      2.515 Ang (1.857 Ang by residue) in 3.3176 (sec).
 3-Body  A19-LYS 29,  A22-GLU 41,  A35-LYD 24:       0.00001643 at      2.515 Ang (1.857 Ang by residue) in 3.1845 (sec).
 3-Body  A19-LYS 29,  A22-GLU 41,  A35-LYS 29:       0.00004729 at      2.580 Ang (1.857 Ang by residue) in 3.1879 (sec).
 3-Body  A19-LYS 29,  A22-GLU 41,  A35-LYS 31:       0.00003453 at      2.580 Ang (1.857 Ang by residue) in 3.3963 (sec).
 3-Body  A19-LYS 29,  A22-GLU 41,  A35-LYS 32:       0.00002924 at      2.580 Ang (1.857 Ang by residue) in 3.4067 (sec).
 3-Body  A19-LYS 29,  A22-GLU 41,  A35-LYS 33:       0.00004373 at      2.580 Ang (1.857 Ang by residue) in 3.4537 (sec).
 3-Body  A19-LYS 29,  A22-GLU 41,  A35-LYS 46:       0.00009783 at      2.481 Ang (1.857 Ang by residue) in 3.3676 (sec).
 3-Body  A19-LYS 29,  A22-GLU 41,  A35-LYS 47:       0.00007292 at      2.506 Ang (1.857 Ang by residue) in 3.1744 (sec).
 3-Body  A19-LYS 29,  A22-GLU 41,  A35-LYS 48:       0.00009158 at      2.504 Ang (1.857 Ang by residue) in 3.3895 (sec).
 3-Body  A19-LYS 29,  A22-GLU 41,  A35-LYS 49:       0.00020826 at      2.457 Ang (1.857 Ang by residue) in 3.3332 (sec).
 3-Body  A19-LYS 29,  A22-GLU 41,  A35-LYS 50:       0.00005303 at      2.515 Ang (1.857 Ang by residue) in 3.4418 (sec).
 3-Body  A19-LYS 29,  A22-GLU 41,  A35-LYS 51:       0.00004524 at      2.515 Ang (1.857 Ang by residue) in 3.4298 (sec).
 3-Body  A19-LYS 30,  A20-ASP 0 ,  A22-GLU 0 :       0.00387828 at      1.702 Ang (1.241 Ang by residue) in 3.2131 (sec).
 3-Body  A19-LYS 30,  A20-ASP 0 ,  A22-GLU 36:       0.00316066 at      1.704 Ang (1.241 Ang by residue) in 3.3063 (sec).
 3-Body  A19-LYS 30,  A20-ASP 0 ,  A22-GLU 39:       0.00208573 at      1.705 Ang (1.241 Ang by residue) in 3.4880 (sec).
 3-Body  A19-LYS 30,  A20-ASP 0 ,  A22-GLU 40:       0.00363322 at      1.706 Ang (1.241 Ang by residue) in 3.2559 (sec).
 3-Body  A19-LYS 30,  A20-ASP 0 ,  A22-GLU 41:       0.00376597 at      1.705 Ang (1.241 Ang by residue) in 3.2642 (sec).
 3-Body  A19-LYS 30,  A20-ASP 0 ,  A35-LYS 0 :       0.00042505 at      2.179 Ang (2.211 Ang by residue) in 3.3751 (sec).
 3-Body  A19-LYS 30,  A20-ASP 0 ,  A35-LYD 1 :       0.00022073 at      2.179 Ang (2.211 Ang by residue) in 3.3033 (sec).
 3-Body  A19-LYS 30,  A20-ASP 0 ,  A35-LYD 2 :       0.00013234 at      2.186 Ang (2.211 Ang by residue) in 3.1813 (sec).
 3-Body  A19-LYS 30,  A20-ASP 0 ,  A35-LYD 3 :       0.00011797 at      2.186 Ang (2.211 Ang by residue) in 3.5292 (sec).
 3-Body  A19-LYS 30,  A20-ASP 0 ,  A35-LYD 4 :       0.00011608 at      2.186 Ang (2.211 Ang by residue) in 3.5010 (sec).
 3-Body  A19-LYS 30,  A20-ASP 0 ,  A35-LYD 5 :       0.00011322 at      2.186 Ang (2.211 Ang by residue) in 3.3022 (sec).
 3-Body  A19-LYS 30,  A20-ASP 0 ,  A35-LYD 6 :       0.00011654 at      2.186 Ang (2.211 Ang by residue) in 3.1751 (sec).
 3-Body  A19-LYS 30,  A20-ASP 0 ,  A35-LYD 20:       0.00026363 at      2.154 Ang (2.211 Ang by residue) in 3.2784 (sec).
 3-Body  A19-LYS 30,  A20-ASP 0 ,  A35-LYD 21:       0.00028166 at      2.154 Ang (2.211 Ang by residue) in 3.3284 (sec).
 3-Body  A19-LYS 30,  A20-ASP 0 ,  A35-LYD 23:       0.00022435 at      2.154 Ang (2.211 Ang by residue) in 3.2790 (sec).
 3-Body  A19-LYS 30,  A20-ASP 0 ,  A35-LYD 24:       0.00021921 at      2.154 Ang (2.211 Ang by residue) in 3.3846 (sec).
 3-Body  A19-LYS 30,  A20-ASP 0 ,  A35-LYS 29:       0.00025348 at      2.186 Ang (2.211 Ang by residue) in 3.4010 (sec).
 3-Body  A19-LYS 30,  A20-ASP 0 ,  A35-LYS 31:       0.00020321 at      2.186 Ang (2.211 Ang by residue) in 3.3959 (sec).
 3-Body  A19-LYS 30,  A20-ASP 0 ,  A35-LYS 32:       0.00020103 at      2.186 Ang (2.211 Ang by residue) in 3.3350 (sec).
 3-Body  A19-LYS 30,  A20-ASP 0 ,  A35-LYS 33:       0.00023021 at      2.186 Ang (2.211 Ang by residue) in 3.4738 (sec).
 3-Body  A19-LYS 30,  A20-ASP 0 ,  A35-LYS 46:       0.00050617 at      2.154 Ang (2.211 Ang by residue) in 3.4273 (sec).
 3-Body  A19-LYS 30,  A20-ASP 0 ,  A35-LYS 47:       0.00057373 at      2.154 Ang (2.211 Ang by residue) in 3.4892 (sec).
 3-Body  A19-LYS 30,  A20-ASP 0 ,  A35-LYS 48:       0.00050902 at      2.154 Ang (2.211 Ang by residue) in 3.3272 (sec).
 3-Body  A19-LYS 30,  A20-ASP 0 ,  A35-LYS 49:       0.00116357 at      2.120 Ang (2.211 Ang by residue) in 3.5836 (sec).
 3-Body  A19-LYS 30,  A20-ASP 0 ,  A35-LYS 50:       0.00036721 at      2.154 Ang (2.211 Ang by residue) in 3.5032 (sec).
 3-Body  A19-LYS 30,  A20-ASP 0 ,  A35-LYS 51:       0.00038728 at      2.154 Ang (2.211 Ang by residue) in 3.4106 (sec).
 3-Body  A19-LYS 30,  A20-ASP 22,  A22-GLU 0 :       0.00438214 at      1.730 Ang (1.241 Ang by residue) in 3.3606 (sec).
 3-Body  A19-LYS 30,  A20-ASP 22,  A22-GLU 36:       0.00363983 at      1.730 Ang (1.241 Ang by residue) in 3.6004 (sec).
 3-Body  A19-LYS 30,  A20-ASP 22,  A22-GLU 39:       0.00314244 at      1.730 Ang (1.241 Ang by residue) in 3.3618 (sec).
 3-Body  A19-LYS 30,  A20-ASP 22,  A22-GLU 40:       0.00404574 at      1.730 Ang (1.241 Ang by residue) in 3.2546 (sec).
 3-Body  A19-LYS 30,  A20-ASP 22,  A22-GLU 41:       0.00426451 at      1.730 Ang (1.241 Ang by residue) in 3.2560 (sec).
 3-Body  A19-LYS 30,  A20-ASP 22,  A35-LYS 0 :       0.00046772 at      2.189 Ang (2.211 Ang by residue) in 3.2131 (sec).
 3-Body  A19-LYS 30,  A20-ASP 22,  A35-LYD 1 :       0.00024842 at      2.189 Ang (2.211 Ang by residue) in 3.3786 (sec).
 3-Body  A19-LYS 30,  A20-ASP 22,  A35-LYD 2 :       0.00015142 at      2.230 Ang (2.211 Ang by residue) in 3.4217 (sec).
 3-Body  A19-LYS 30,  A20-ASP 22,  A35-LYD 3 :       0.00013562 at      2.230 Ang (2.211 Ang by residue) in 3.3026 (sec).
 3-Body  A19-LYS 30,  A20-ASP 22,  A35-LYD 4 :       0.00013356 at      2.230 Ang (2.211 Ang by residue) in 3.3195 (sec).
 3-Body  A19-LYS 30,  A20-ASP 22,  A35-LYD 5 :       0.00013123 at      2.230 Ang (2.211 Ang by residue) in 3.3442 (sec).
 3-Body  A19-LYS 30,  A20-ASP 22,  A35-LYD 6 :       0.00013515 at      2.230 Ang (2.211 Ang by residue) in 3.3187 (sec).
 3-Body  A19-LYS 30,  A20-ASP 22,  A35-LYD 20:       0.00029919 at      2.178 Ang (2.211 Ang by residue) in 3.5331 (sec).
 3-Body  A19-LYS 30,  A20-ASP 22,  A35-LYD 21:       0.00031956 at      2.178 Ang (2.211 Ang by residue) in 3.3759 (sec).
 3-Body  A19-LYS 30,  A20-ASP 22,  A35-LYD 23:       0.00025480 at      2.178 Ang (2.211 Ang by residue) in 3.3954 (sec).
 3-Body  A19-LYS 30,  A20-ASP 22,  A35-LYD 24:       0.00025095 at      2.178 Ang (2.211 Ang by residue) in 3.3126 (sec).
 3-Body  A19-LYS 30,  A20-ASP 22,  A35-LYS 29:       0.00028094 at      2.230 Ang (2.211 Ang by residue) in 3.3160 (sec).
 3-Body  A19-LYS 30,  A20-ASP 22,  A35-LYS 31:       0.00022768 at      2.230 Ang (2.211 Ang by residue) in 3.3122 (sec).
 3-Body  A19-LYS 30,  A20-ASP 22,  A35-LYS 32:       0.00022454 at      2.230 Ang (2.211 Ang by residue) in 3.2764 (sec).
 3-Body  A19-LYS 30,  A20-ASP 22,  A35-LYS 33:       0.00025985 at      2.230 Ang (2.211 Ang by residue) in 3.3485 (sec).
 3-Body  A19-LYS 30,  A20-ASP 22,  A35-LYS 46:       0.00057639 at      2.178 Ang (2.211 Ang by residue) in 3.1353 (sec).
 3-Body  A19-LYS 30,  A20-ASP 22,  A35-LYS 47:       0.00063557 at      2.178 Ang (2.211 Ang by residue) in 3.1852 (sec).
 3-Body  A19-LYS 30,  A20-ASP 22,  A35-LYS 48:       0.00056513 at      2.178 Ang (2.211 Ang by residue) in 3.3318 (sec).
 3-Body  A19-LYS 30,  A20-ASP 22,  A35-LYS 49:       0.00133707 at      2.122 Ang (2.211 Ang by residue) in 3.2931 (sec).
 3-Body  A19-LYS 30,  A20-ASP 22,  A35-LYS 50:       0.00040856 at      2.178 Ang (2.211 Ang by residue) in 3.1685 (sec).
 3-Body  A19-LYS 30,  A20-ASP 22,  A35-LYS 51:       0.00042938 at      2.178 Ang (2.211 Ang by residue) in 3.3312 (sec).
 3-Body  A19-LYS 30,  A20-ASP 23,  A22-GLU 0 :       0.00455301 at      1.698 Ang (1.241 Ang by residue) in 3.3671 (sec).
 3-Body  A19-LYS 30,  A20-ASP 23,  A22-GLU 36:       0.00378520 at      1.698 Ang (1.241 Ang by residue) in 3.0379 (sec).
 3-Body  A19-LYS 30,  A20-ASP 23,  A22-GLU 39:       0.00294376 at      1.698 Ang (1.241 Ang by residue) in 3.2929 (sec).
 3-Body  A19-LYS 30,  A20-ASP 23,  A22-GLU 40:       0.00430805 at      1.698 Ang (1.241 Ang by residue) in 3.2908 (sec).
 3-Body  A19-LYS 30,  A20-ASP 23,  A22-GLU 41:       0.00448727 at      1.698 Ang (1.241 Ang by residue) in 3.4407 (sec).
 3-Body  A19-LYS 30,  A20-ASP 23,  A35-LYS 0 :       0.00041983 at      2.183 Ang (2.211 Ang by residue) in 3.4687 (sec).
 3-Body  A19-LYS 30,  A20-ASP 23,  A35-LYD 1 :       0.00024471 at      2.183 Ang (2.211 Ang by residue) in 3.2675 (sec).
 3-Body  A19-LYS 30,  A20-ASP 23,  A35-LYD 2 :       0.00014780 at      2.215 Ang (2.211 Ang by residue) in 3.3040 (sec).
 3-Body  A19-LYS 30,  A20-ASP 23,  A35-LYD 3 :       0.00013366 at      2.215 Ang (2.211 Ang by residue) in 3.4217 (sec).
 3-Body  A19-LYS 30,  A20-ASP 23,  A35-LYD 4 :       0.00013196 at      2.215 Ang (2.211 Ang by residue) in 3.4145 (sec).
 3-Body  A19-LYS 30,  A20-ASP 23,  A35-LYD 5 :       0.00013049 at      2.215 Ang (2.211 Ang by residue) in 3.2766 (sec).
 3-Body  A19-LYS 30,  A20-ASP 23,  A35-LYD 6 :       0.00013472 at      2.215 Ang (2.211 Ang by residue) in 3.3228 (sec).
 3-Body  A19-LYS 30,  A20-ASP 23,  A35-LYD 20:       0.00029789 at      2.173 Ang (2.211 Ang by residue) in 3.3902 (sec).
 3-Body  A19-LYS 30,  A20-ASP 23,  A35-LYD 21:       0.00031369 at      2.173 Ang (2.211 Ang by residue) in 3.3503 (sec).
 3-Body  A19-LYS 30,  A20-ASP 23,  A35-LYD 23:       0.00025300 at      2.173 Ang (2.211 Ang by residue) in 3.3425 (sec).
 3-Body  A19-LYS 30,  A20-ASP 23,  A35-LYD 24:       0.00025102 at      2.173 Ang (2.211 Ang by residue) in 3.1893 (sec).
 3-Body  A19-LYS 30,  A20-ASP 23,  A35-LYS 29:       0.00024770 at      2.215 Ang (2.211 Ang by residue) in 3.4673 (sec).
 3-Body  A19-LYS 30,  A20-ASP 23,  A35-LYS 31:       0.00020413 at      2.215 Ang (2.211 Ang by residue) in 3.2184 (sec).
 3-Body  A19-LYS 30,  A20-ASP 23,  A35-LYS 32:       0.00020124 at      2.215 Ang (2.211 Ang by residue) in 3.2849 (sec).
 3-Body  A19-LYS 30,  A20-ASP 23,  A35-LYS 33:       0.00023047 at      2.215 Ang (2.211 Ang by residue) in 3.4012 (sec).
 3-Body  A19-LYS 30,  A20-ASP 23,  A35-LYS 46:       0.00052243 at      2.173 Ang (2.211 Ang by residue) in 3.3268 (sec).
 3-Body  A19-LYS 30,  A20-ASP 23,  A35-LYS 47:       0.00057950 at      2.173 Ang (2.211 Ang by residue) in 3.4009 (sec).
 3-Body  A19-LYS 30,  A20-ASP 23,  A35-LYS 48:       0.00051180 at      2.173 Ang (2.211 Ang by residue) in 3.2221 (sec).
 3-Body  A19-LYS 30,  A20-ASP 23,  A35-LYS 49:       0.00123053 at      2.126 Ang (2.211 Ang by residue) in 3.2900 (sec).
 3-Body  A19-LYS 30,  A20-ASP 23,  A35-LYS 50:       0.00037204 at      2.173 Ang (2.211 Ang by residue) in 3.1998 (sec).
 3-Body  A19-LYS 30,  A20-ASP 23,  A35-LYS 51:       0.00039064 at      2.173 Ang (2.211 Ang by residue) in 3.2950 (sec).
 3-Body  A19-LYS 30,  A20-ASP 25,  A22-GLU 0 :       0.00054887 at      1.775 Ang (1.241 Ang by residue) in 3.3906 (sec).
 3-Body  A19-LYS 30,  A20-ASP 25,  A22-GLU 36:       0.00045990 at      1.775 Ang (1.241 Ang by residue) in 3.3717 (sec).
 3-Body  A19-LYS 30,  A20-ASP 25,  A22-GLU 39:      -0.00201884 at      1.715 Ang (1.241 Ang by residue) in 3.2817 (sec).
 3-Body  A19-LYS 30,  A20-ASP 25,  A22-GLU 40:       0.00045036 at      1.775 Ang (1.241 Ang by residue) in 3.1973 (sec).
 3-Body  A19-LYS 30,  A20-ASP 25,  A22-GLU 41:       0.00053165 at      1.775 Ang (1.241 Ang by residue) in 3.2650 (sec).
 3-Body  A19-LYS 30,  A20-ASP 25,  A35-LYS 0 :       0.00011029 at      2.285 Ang (2.211 Ang by residue) in 3.3709 (sec).
 3-Body  A19-LYS 30,  A20-ASP 25,  A35-LYD 1 :       0.00005148 at      2.285 Ang (2.211 Ang by residue) in 3.3054 (sec).
 3-Body  A19-LYS 30,  A20-ASP 25,  A35-LYD 2 :       0.00004136 at      2.299 Ang (2.211 Ang by residue) in 3.1933 (sec).
 3-Body  A19-LYS 30,  A20-ASP 25,  A35-LYD 3 :       0.00003962 at      2.299 Ang (2.211 Ang by residue) in 3.2502 (sec).
 3-Body  A19-LYS 30,  A20-ASP 25,  A35-LYD 4 :       0.00003832 at      2.299 Ang (2.211 Ang by residue) in 3.4199 (sec).
 3-Body  A19-LYS 30,  A20-ASP 25,  A35-LYD 5 :       0.00003619 at      2.299 Ang (2.211 Ang by residue) in 3.4305 (sec).
 3-Body  A19-LYS 30,  A20-ASP 25,  A35-LYD 6 :       0.00003685 at      2.299 Ang (2.211 Ang by residue) in 3.1194 (sec).
 3-Body  A19-LYS 30,  A20-ASP 25,  A35-LYD 20:       0.00005430 at      2.270 Ang (2.211 Ang by residue) in 3.2778 (sec).
 3-Body  A19-LYS 30,  A20-ASP 25,  A35-LYD 21:       0.00005746 at      2.270 Ang (2.211 Ang by residue) in 3.3010 (sec).
 3-Body  A19-LYS 30,  A20-ASP 25,  A35-LYD 23:       0.00005006 at      2.270 Ang (2.211 Ang by residue) in 3.4505 (sec).
 3-Body  A19-LYS 30,  A20-ASP 25,  A35-LYD 24:       0.00004509 at      2.270 Ang (2.211 Ang by residue) in 3.2880 (sec).
 3-Body  A19-LYS 30,  A20-ASP 25,  A35-LYS 29:       0.00007247 at      2.299 Ang (2.211 Ang by residue) in 3.2294 (sec).
 3-Body  A19-LYS 30,  A20-ASP 25,  A35-LYS 31:       0.00005634 at      2.299 Ang (2.211 Ang by residue) in 3.3678 (sec).
 3-Body  A19-LYS 30,  A20-ASP 25,  A35-LYS 32:       0.00005562 at      2.299 Ang (2.211 Ang by residue) in 3.3143 (sec).
 3-Body  A19-LYS 30,  A20-ASP 25,  A35-LYS 33:       0.00005863 at      2.299 Ang (2.211 Ang by residue) in 3.2367 (sec).
 3-Body  A19-LYS 30,  A20-ASP 25,  A35-LYS 46:       0.00010183 at      2.270 Ang (2.211 Ang by residue) in 3.3111 (sec).
 3-Body  A19-LYS 30,  A20-ASP 25,  A35-LYS 47:       0.00013031 at      2.270 Ang (2.211 Ang by residue) in 3.1907 (sec).
 3-Body  A19-LYS 30,  A20-ASP 25,  A35-LYS 48:       0.00011930 at      2.270 Ang (2.211 Ang by residue) in 3.2660 (sec).
 3-Body  A19-LYS 30,  A20-ASP 25,  A35-LYS 49:       0.00017825 at      2.226 Ang (2.211 Ang by residue) in 3.3393 (sec).
 3-Body  A19-LYS 30,  A20-ASP 25,  A35-LYS 50:       0.00008741 at      2.270 Ang (2.211 Ang by residue) in 3.0968 (sec).
 3-Body  A19-LYS 30,  A20-ASP 25,  A35-LYS 51:       0.00009229 at      2.270 Ang (2.211 Ang by residue) in 3.2877 (sec).
 3-Body  A19-LYS 30,  A22-GLU 0 ,  A35-LYS 0 :       0.00005670 at      2.464 Ang (1.857 Ang by residue) in 3.3070 (sec).
 3-Body  A19-LYS 30,  A22-GLU 0 ,  A35-LYD 1 :       0.00001581 at      2.464 Ang (1.857 Ang by residue) in 3.2536 (sec).
 3-Body  A19-LYS 30,  A22-GLU 0 ,  A35-LYD 2 :       0.00001632 at      2.502 Ang (1.857 Ang by residue) in 3.3252 (sec).
 3-Body  A19-LYS 30,  A22-GLU 0 ,  A35-LYD 3 :       0.00001811 at      2.502 Ang (1.857 Ang by residue) in 3.2877 (sec).
 3-Body  A19-LYS 30,  A22-GLU 0 ,  A35-LYD 4 :       0.00001515 at      2.502 Ang (1.857 Ang by residue) in 3.2425 (sec).
 3-Body  A19-LYS 30,  A22-GLU 0 ,  A35-LYD 5 :       0.00001512 at      2.502 Ang (1.857 Ang by residue) in 3.0725 (sec).
 3-Body  A19-LYS 30,  A22-GLU 0 ,  A35-LYD 6 :       0.00001360 at      2.502 Ang (1.857 Ang by residue) in 3.1802 (sec).
 3-Body  A19-LYS 30,  A22-GLU 0 ,  A35-LYD 20:       0.00001672 at      2.418 Ang (1.857 Ang by residue) in 3.3995 (sec).
 3-Body  A19-LYS 30,  A22-GLU 0 ,  A35-LYD 21:       0.00001550 at      2.416 Ang (1.857 Ang by residue) in 3.2317 (sec).
 3-Body  A19-LYS 30,  A22-GLU 0 ,  A35-LYD 23:       0.00000968 at      2.438 Ang (1.857 Ang by residue) in 3.2988 (sec).
 3-Body  A19-LYS 30,  A22-GLU 0 ,  A35-LYD 24:       0.00000856 at      2.438 Ang (1.857 Ang by residue) in 3.1589 (sec).
 3-Body  A19-LYS 30,  A22-GLU 0 ,  A35-LYS 29:       0.00002981 at      2.502 Ang (1.857 Ang by residue) in 3.2666 (sec).
 3-Body  A19-LYS 30,  A22-GLU 0 ,  A35-LYS 31:       0.00002108 at      2.502 Ang (1.857 Ang by residue) in 3.3395 (sec).
 3-Body  A19-LYS 30,  A22-GLU 0 ,  A35-LYS 32:       0.00001533 at      2.502 Ang (1.857 Ang by residue) in 3.3964 (sec).
 3-Body  A19-LYS 30,  A22-GLU 0 ,  A35-LYS 33:       0.00002523 at      2.502 Ang (1.857 Ang by residue) in 3.2975 (sec).
 3-Body  A19-LYS 30,  A22-GLU 0 ,  A35-LYS 46:       0.00005766 at      2.417 Ang (1.857 Ang by residue) in 3.2231 (sec).
 3-Body  A19-LYS 30,  A22-GLU 0 ,  A35-LYS 47:       0.00003793 at      2.418 Ang (1.857 Ang by residue) in 3.2179 (sec).
 3-Body  A19-LYS 30,  A22-GLU 0 ,  A35-LYS 48:       0.00005830 at      2.416 Ang (1.857 Ang by residue) in 3.3387 (sec).
 3-Body  A19-LYS 30,  A22-GLU 0 ,  A35-LYS 49:       0.00012121 at      2.368 Ang (1.857 Ang by residue) in 3.2240 (sec).
 3-Body  A19-LYS 30,  A22-GLU 0 ,  A35-LYS 50:       0.00002785 at      2.438 Ang (1.857 Ang by residue) in 3.1259 (sec).
 3-Body  A19-LYS 30,  A22-GLU 0 ,  A35-LYS 51:       0.00001858 at      2.438 Ang (1.857 Ang by residue) in 3.3998 (sec).
 3-Body  A19-LYS 30,  A22-GLU 36,  A35-LYS 0 :       0.00011812 at      2.413 Ang (1.857 Ang by residue) in 3.4737 (sec).
 3-Body  A19-LYS 30,  A22-GLU 36,  A35-LYD 1 :       0.00004105 at      2.413 Ang (1.857 Ang by residue) in 3.2048 (sec).
 3-Body  A19-LYS 30,  A22-GLU 36,  A35-LYD 2 :       0.00003082 at      2.474 Ang (1.857 Ang by residue) in 3.3861 (sec).
 3-Body  A19-LYS 30,  A22-GLU 36,  A35-LYD 3 :       0.00003058 at      2.474 Ang (1.857 Ang by residue) in 3.2293 (sec).
 3-Body  A19-LYS 30,  A22-GLU 36,  A35-LYD 4 :       0.00002586 at      2.474 Ang (1.857 Ang by residue) in 3.4065 (sec).
 3-Body  A19-LYS 30,  A22-GLU 36,  A35-LYD 5 :       0.00002694 at      2.474 Ang (1.857 Ang by residue) in 3.3501 (sec).
 3-Body  A19-LYS 30,  A22-GLU 36,  A35-LYD 6 :       0.00002709 at      2.474 Ang (1.857 Ang by residue) in 3.4105 (sec).
 3-Body  A19-LYS 30,  A22-GLU 36,  A35-LYD 20:       0.00004561 at      2.384 Ang (1.857 Ang by residue) in 3.3354 (sec).
 3-Body  A19-LYS 30,  A22-GLU 36,  A35-LYD 21:       0.00004893 at      2.382 Ang (1.857 Ang by residue) in 3.2186 (sec).
 3-Body  A19-LYS 30,  A22-GLU 36,  A35-LYD 23:       0.00003082 at      2.406 Ang (1.857 Ang by residue) in 3.2978 (sec).
 3-Body  A19-LYS 30,  A22-GLU 36,  A35-LYD 24:       0.00003166 at      2.406 Ang (1.857 Ang by residue) in 3.3544 (sec).
 3-Body  A19-LYS 30,  A22-GLU 36,  A35-LYS 29:       0.00006459 at      2.474 Ang (1.857 Ang by residue) in 3.2196 (sec).
 3-Body  A19-LYS 30,  A22-GLU 36,  A35-LYS 31:       0.00004886 at      2.474 Ang (1.857 Ang by residue) in 3.2236 (sec).
 3-Body  A19-LYS 30,  A22-GLU 36,  A35-LYS 32:       0.00003901 at      2.474 Ang (1.857 Ang by residue) in 3.2978 (sec).
 3-Body  A19-LYS 30,  A22-GLU 36,  A35-LYS 33:       0.00006776 at      2.474 Ang (1.857 Ang by residue) in 3.1372 (sec).
 3-Body  A19-LYS 30,  A22-GLU 36,  A35-LYS 46:       0.00019752 at      2.331 Ang (1.857 Ang by residue) in 3.4365 (sec).
 3-Body  A19-LYS 30,  A22-GLU 36,  A35-LYS 47:       0.00009666 at      2.384 Ang (1.857 Ang by residue) in 3.1964 (sec).
 3-Body  A19-LYS 30,  A22-GLU 36,  A35-LYS 48:       0.00013330 at      2.382 Ang (1.857 Ang by residue) in 3.2795 (sec).
 3-Body  A19-LYS 30,  A22-GLU 36,  A35-LYS 49:       0.00030555 at      2.311 Ang (1.857 Ang by residue) in 3.4036 (sec).
 3-Body  A19-LYS 30,  A22-GLU 36,  A35-LYS 50:       0.00007452 at      2.406 Ang (1.857 Ang by residue) in 3.4129 (sec).
 3-Body  A19-LYS 30,  A22-GLU 36,  A35-LYS 51:       0.00005818 at      2.406 Ang (1.857 Ang by residue) in 3.2958 (sec).
 3-Body  A19-LYS 30,  A22-GLU 39,  A35-LYS 0 :       0.00009189 at      2.474 Ang (1.857 Ang by residue) in 3.3948 (sec).
 3-Body  A19-LYS 30,  A22-GLU 39,  A35-LYD 1 :       0.00003683 at      2.474 Ang (1.857 Ang by residue) in 3.2936 (sec).
 3-Body  A19-LYS 30,  A22-GLU 39,  A35-LYD 2 :       0.00002956 at      2.512 Ang (1.857 Ang by residue) in 3.2117 (sec).
 3-Body  A19-LYS 30,  A22-GLU 39,  A35-LYD 3 :       0.00002944 at      2.512 Ang (1.857 Ang by residue) in 3.1721 (sec).
 3-Body  A19-LYS 30,  A22-GLU 39,  A35-LYD 4 :       0.00002678 at      2.512 Ang (1.857 Ang by residue) in 3.3249 (sec).
 3-Body  A19-LYS 30,  A22-GLU 39,  A35-LYD 5 :       0.00002586 at      2.512 Ang (1.857 Ang by residue) in 3.3051 (sec).
 3-Body  A19-LYS 30,  A22-GLU 39,  A35-LYD 6 :       0.00002518 at      2.512 Ang (1.857 Ang by residue) in 3.2168 (sec).
 3-Body  A19-LYS 30,  A22-GLU 39,  A35-LYD 20:       0.00003984 at      2.445 Ang (1.857 Ang by residue) in 3.2732 (sec).
 3-Body  A19-LYS 30,  A22-GLU 39,  A35-LYD 21:       0.00004050 at      2.444 Ang (1.857 Ang by residue) in 3.1911 (sec).
 3-Body  A19-LYS 30,  A22-GLU 39,  A35-LYD 23:       0.00002918 at      2.445 Ang (1.857 Ang by residue) in 3.1722 (sec).
 3-Body  A19-LYS 30,  A22-GLU 39,  A35-LYD 24:       0.00002679 at      2.445 Ang (1.857 Ang by residue) in 3.3334 (sec).
 3-Body  A19-LYS 30,  A22-GLU 39,  A35-LYS 29:       0.00005020 at      2.512 Ang (1.857 Ang by residue) in 3.3386 (sec).
 3-Body  A19-LYS 30,  A22-GLU 39,  A35-LYS 31:       0.00003615 at      2.512 Ang (1.857 Ang by residue) in 3.3853 (sec).
 3-Body  A19-LYS 30,  A22-GLU 39,  A35-LYS 32:       0.00003155 at      2.512 Ang (1.857 Ang by residue) in 3.3700 (sec).
 3-Body  A19-LYS 30,  A22-GLU 39,  A35-LYS 33:       0.00004087 at      2.512 Ang (1.857 Ang by residue) in 3.2720 (sec).
 3-Body  A19-LYS 30,  A22-GLU 39,  A35-LYS 46:       0.00009097 at      2.410 Ang (1.857 Ang by residue) in 3.4392 (sec).
 3-Body  A19-LYS 30,  A22-GLU 39,  A35-LYS 47:       0.00008273 at      2.445 Ang (1.857 Ang by residue) in 3.2523 (sec).
 3-Body  A19-LYS 30,  A22-GLU 39,  A35-LYS 48:       0.00009891 at      2.444 Ang (1.857 Ang by residue) in 3.3521 (sec).
 3-Body  A19-LYS 30,  A22-GLU 39,  A35-LYS 49:       0.00020150 at      2.386 Ang (1.857 Ang by residue) in 3.2632 (sec).
 3-Body  A19-LYS 30,  A22-GLU 39,  A35-LYS 50:       0.00005607 at      2.445 Ang (1.857 Ang by residue) in 3.3774 (sec).
 3-Body  A19-LYS 30,  A22-GLU 39,  A35-LYS 51:       0.00004964 at      2.445 Ang (1.857 Ang by residue) in 3.7092 (sec).
 3-Body  A19-LYS 30,  A22-GLU 40,  A35-LYS 0 :       0.00011559 at      2.381 Ang (1.857 Ang by residue) in 3.2846 (sec).
 3-Body  A19-LYS 30,  A22-GLU 40,  A35-LYD 1 :       0.00002627 at      2.381 Ang (1.857 Ang by residue) in 3.2243 (sec).
 3-Body  A19-LYS 30,  A22-GLU 40,  A35-LYD 2 :       0.00002076 at      2.493 Ang (1.857 Ang by residue) in 3.1866 (sec).
 3-Body  A19-LYS 30,  A22-GLU 40,  A35-LYD 3 :       0.00002035 at      2.493 Ang (1.857 Ang by residue) in 3.2015 (sec).
 3-Body  A19-LYS 30,  A22-GLU 40,  A35-LYD 4 :       0.00001785 at      2.493 Ang (1.857 Ang by residue) in 3.3619 (sec).
 3-Body  A19-LYS 30,  A22-GLU 40,  A35-LYD 5 :       0.00001740 at      2.493 Ang (1.857 Ang by residue) in 3.3284 (sec).
 3-Body  A19-LYS 30,  A22-GLU 40,  A35-LYD 6 :       0.00001575 at      2.493 Ang (1.857 Ang by residue) in 3.2143 (sec).
 3-Body  A19-LYS 30,  A22-GLU 40,  A35-LYD 20:       0.00003286 at      2.332 Ang (1.857 Ang by residue) in 3.4247 (sec).
 3-Body  A19-LYS 30,  A22-GLU 40,  A35-LYD 21:       0.00003786 at      2.330 Ang (1.857 Ang by residue) in 3.3029 (sec).
 3-Body  A19-LYS 30,  A22-GLU 40,  A35-LYD 23:       0.00000943 at      2.406 Ang (1.857 Ang by residue) in 3.2596 (sec).
 3-Body  A19-LYS 30,  A22-GLU 40,  A35-LYD 24:       0.00000694 at      2.406 Ang (1.857 Ang by residue) in 3.4216 (sec).
 3-Body  A19-LYS 30,  A22-GLU 40,  A35-LYS 29:       0.00005380 at      2.493 Ang (1.857 Ang by residue) in 3.1771 (sec).
 3-Body  A19-LYS 30,  A22-GLU 40,  A35-LYS 31:       0.00003799 at      2.493 Ang (1.857 Ang by residue) in 3.3899 (sec).
 3-Body  A19-LYS 30,  A22-GLU 40,  A35-LYS 32:       0.00003255 at      2.493 Ang (1.857 Ang by residue) in 3.1262 (sec).
 3-Body  A19-LYS 30,  A22-GLU 40,  A35-LYS 33:       0.00004489 at      2.493 Ang (1.857 Ang by residue) in 3.2400 (sec).
 3-Body  A19-LYS 30,  A22-GLU 40,  A35-LYS 46:       0.00014196 at      2.352 Ang (1.857 Ang by residue) in 3.3601 (sec).
 3-Body  A19-LYS 30,  A22-GLU 40,  A35-LYS 47:       0.00009855 at      2.332 Ang (1.857 Ang by residue) in 3.2391 (sec).
 3-Body  A19-LYS 30,  A22-GLU 40,  A35-LYS 48:       0.00014048 at      2.330 Ang (1.857 Ang by residue) in 3.3764 (sec).
 3-Body  A19-LYS 30,  A22-GLU 40,  A35-LYS 49:       0.00042512 at      2.282 Ang (1.857 Ang by residue) in 3.3007 (sec).
 3-Body  A19-LYS 30,  A22-GLU 40,  A35-LYS 50:       0.00005368 at      2.406 Ang (1.857 Ang by residue) in 3.2854 (sec).
 3-Body  A19-LYS 30,  A22-GLU 40,  A35-LYS 51:       0.00004290 at      2.406 Ang (1.857 Ang by residue) in 3.3772 (sec).
 3-Body  A19-LYS 30,  A22-GLU 41,  A35-LYS 0 :       0.00006036 at      2.474 Ang (1.857 Ang by residue) in 3.2344 (sec).
 3-Body  A19-LYS 30,  A22-GLU 41,  A35-LYD 1 :       0.00002077 at      2.474 Ang (1.857 Ang by residue) in 3.2904 (sec).
 3-Body  A19-LYS 30,  A22-GLU 41,  A35-LYD 2 :       0.00001946 at      2.512 Ang (1.857 Ang by residue) in 3.1906 (sec).
 3-Body  A19-LYS 30,  A22-GLU 41,  A35-LYD 3 :       0.00002094 at      2.512 Ang (1.857 Ang by residue) in 3.1965 (sec).
 3-Body  A19-LYS 30,  A22-GLU 41,  A35-LYD 4 :       0.00001793 at      2.512 Ang (1.857 Ang by residue) in 3.2650 (sec).
 3-Body  A19-LYS 30,  A22-GLU 41,  A35-LYD 5 :       0.00001803 at      2.512 Ang (1.857 Ang by residue) in 3.3587 (sec).
 3-Body  A19-LYS 30,  A22-GLU 41,  A35-LYD 6 :       0.00001695 at      2.512 Ang (1.857 Ang by residue) in 3.1645 (sec).
 3-Body  A19-LYS 30,  A22-GLU 41,  A35-LYD 20:       0.00002297 at      2.436 Ang (1.857 Ang by residue) in 3.2259 (sec).
 3-Body  A19-LYS 30,  A22-GLU 41,  A35-LYD 21:       0.00002186 at      2.434 Ang (1.857 Ang by residue) in 3.2082 (sec).
 3-Body  A19-LYS 30,  A22-GLU 41,  A35-LYD 23:       0.00001512 at      2.445 Ang (1.857 Ang by residue) in 3.2739 (sec).
 3-Body  A19-LYS 30,  A22-GLU 41,  A35-LYD 24:       0.00001429 at      2.445 Ang (1.857 Ang by residue) in 3.1177 (sec).
 3-Body  A19-LYS 30,  A22-GLU 41,  A35-LYS 29:       0.00003265 at      2.512 Ang (1.857 Ang by residue) in 3.3888 (sec).
 3-Body  A19-LYS 30,  A22-GLU 41,  A35-LYS 31:       0.00002397 at      2.512 Ang (1.857 Ang by residue) in 3.2151 (sec).
 3-Body  A19-LYS 30,  A22-GLU 41,  A35-LYS 32:       0.00001799 at      2.512 Ang (1.857 Ang by residue) in 3.2593 (sec).
 3-Body  A19-LYS 30,  A22-GLU 41,  A35-LYS 33:       0.00002900 at      2.512 Ang (1.857 Ang by residue) in 3.4283 (sec).
 3-Body  A19-LYS 30,  A22-GLU 41,  A35-LYS 46:       0.00006497 at      2.410 Ang (1.857 Ang by residue) in 3.3686 (sec).
 3-Body  A19-LYS 30,  A22-GLU 41,  A35-LYS 47:       0.00004246 at      2.436 Ang (1.857 Ang by residue) in 3.3994 (sec).
 3-Body  A19-LYS 30,  A22-GLU 41,  A35-LYS 48:       0.00006323 at      2.434 Ang (1.857 Ang by residue) in 3.1110 (sec).
 3-Body  A19-LYS 30,  A22-GLU 41,  A35-LYS 49:       0.00012535 at      2.386 Ang (1.857 Ang by residue) in 3.1405 (sec).
 3-Body  A19-LYS 30,  A22-GLU 41,  A35-LYS 50:       0.00003302 at      2.445 Ang (1.857 Ang by residue) in 3.2810 (sec).
 3-Body  A19-LYS 30,  A22-GLU 41,  A35-LYS 51:       0.00002345 at      2.445 Ang (1.857 Ang by residue) in 3.3712 (sec).
 3-Body  A19-LYS 31,  A20-ASP 0 ,  A22-GLU 0 :       0.00316039 at      1.688 Ang (1.241 Ang by residue) in 3.2212 (sec).
 3-Body  A19-LYS 31,  A20-ASP 0 ,  A22-GLU 36:       0.00255055 at      1.690 Ang (1.241 Ang by residue) in 3.3626 (sec).
 3-Body  A19-LYS 31,  A20-ASP 0 ,  A22-GLU 39:       0.00136578 at      1.691 Ang (1.241 Ang by residue) in 3.3037 (sec).
 3-Body  A19-LYS 31,  A20-ASP 0 ,  A22-GLU 40:       0.00292085 at      1.692 Ang (1.241 Ang by residue) in 3.4874 (sec).
 3-Body  A19-LYS 31,  A20-ASP 0 ,  A22-GLU 41:       0.00305075 at      1.691 Ang (1.241 Ang by residue) in 3.2809 (sec).
 3-Body  A19-LYS 31,  A20-ASP 0 ,  A35-LYS 0 :       0.00037988 at      2.268 Ang (2.211 Ang by residue) in 3.2408 (sec).
 3-Body  A19-LYS 31,  A20-ASP 0 ,  A35-LYD 1 :       0.00018077 at      2.268 Ang (2.211 Ang by residue) in 3.3970 (sec).
 3-Body  A19-LYS 31,  A20-ASP 0 ,  A35-LYD 2 :       0.00010866 at      2.274 Ang (2.211 Ang by residue) in 3.3013 (sec).
 3-Body  A19-LYS 31,  A20-ASP 0 ,  A35-LYD 3 :       0.00009347 at      2.274 Ang (2.211 Ang by residue) in 3.4635 (sec).
 3-Body  A19-LYS 31,  A20-ASP 0 ,  A35-LYD 4 :       0.00009344 at      2.274 Ang (2.211 Ang by residue) in 3.1644 (sec).
 3-Body  A19-LYS 31,  A20-ASP 0 ,  A35-LYD 5 :       0.00009060 at      2.274 Ang (2.211 Ang by residue) in 3.3688 (sec).
 3-Body  A19-LYS 31,  A20-ASP 0 ,  A35-LYD 6 :       0.00009375 at      2.274 Ang (2.211 Ang by residue) in 3.4475 (sec).
 3-Body  A19-LYS 31,  A20-ASP 0 ,  A35-LYD 20:       0.00020639 at      2.243 Ang (2.211 Ang by residue) in 3.2237 (sec).
 3-Body  A19-LYS 31,  A20-ASP 0 ,  A35-LYD 21:       0.00022582 at      2.243 Ang (2.211 Ang by residue) in 3.4069 (sec).
 3-Body  A19-LYS 31,  A20-ASP 0 ,  A35-LYD 23:       0.00017861 at      2.243 Ang (2.211 Ang by residue) in 3.1530 (sec).
 3-Body  A19-LYS 31,  A20-ASP 0 ,  A35-LYD 24:       0.00017345 at      2.243 Ang (2.211 Ang by residue) in 3.4507 (sec).
 3-Body  A19-LYS 31,  A20-ASP 0 ,  A35-LYS 29:       0.00023542 at      2.274 Ang (2.211 Ang by residue) in 3.0624 (sec).
 3-Body  A19-LYS 31,  A20-ASP 0 ,  A35-LYS 31:       0.00018873 at      2.274 Ang (2.211 Ang by residue) in 3.3466 (sec).
 3-Body  A19-LYS 31,  A20-ASP 0 ,  A35-LYS 32:       0.00019118 at      2.274 Ang (2.211 Ang by residue) in 3.2227 (sec).
 3-Body  A19-LYS 31,  A20-ASP 0 ,  A35-LYS 33:       0.00021202 at      2.274 Ang (2.211 Ang by residue) in 3.1915 (sec).
 3-Body  A19-LYS 31,  A20-ASP 0 ,  A35-LYS 46:       0.00043064 at      2.243 Ang (2.211 Ang by residue) in 3.3364 (sec).
 3-Body  A19-LYS 31,  A20-ASP 0 ,  A35-LYS 47:       0.00051171 at      2.243 Ang (2.211 Ang by residue) in 3.2057 (sec).
 3-Body  A19-LYS 31,  A20-ASP 0 ,  A35-LYS 48:       0.00044507 at      2.243 Ang (2.211 Ang by residue) in 3.4588 (sec).
 3-Body  A19-LYS 31,  A20-ASP 0 ,  A35-LYS 49:       0.00095556 at      2.211 Ang (2.211 Ang by residue) in 3.2922 (sec).
 3-Body  A19-LYS 31,  A20-ASP 0 ,  A35-LYS 50:       0.00032708 at      2.243 Ang (2.211 Ang by residue) in 3.2023 (sec).
 3-Body  A19-LYS 31,  A20-ASP 0 ,  A35-LYS 51:       0.00035277 at      2.243 Ang (2.211 Ang by residue) in 3.2218 (sec).
 3-Body  A19-LYS 31,  A20-ASP 22,  A22-GLU 0 :       0.00358774 at      1.717 Ang (1.241 Ang by residue) in 3.2485 (sec).
 3-Body  A19-LYS 31,  A20-ASP 22,  A22-GLU 36:       0.00296099 at      1.717 Ang (1.241 Ang by residue) in 3.2854 (sec).
 3-Body  A19-LYS 31,  A20-ASP 22,  A22-GLU 39:       0.00207343 at      1.717 Ang (1.241 Ang by residue) in 3.3832 (sec).
 3-Body  A19-LYS 31,  A20-ASP 22,  A22-GLU 40:       0.00327771 at      1.717 Ang (1.241 Ang by residue) in 3.3696 (sec).
 3-Body  A19-LYS 31,  A20-ASP 22,  A22-GLU 41:       0.00347698 at      1.717 Ang (1.241 Ang by residue) in 3.2283 (sec).
 3-Body  A19-LYS 31,  A20-ASP 22,  A35-LYS 0 :       0.00041293 at      2.277 Ang (2.211 Ang by residue) in 3.3006 (sec).
 3-Body  A19-LYS 31,  A20-ASP 22,  A35-LYD 1 :       0.00020106 at      2.277 Ang (2.211 Ang by residue) in 3.2496 (sec).
 3-Body  A19-LYS 31,  A20-ASP 22,  A35-LYD 2 :       0.00012294 at      2.317 Ang (2.211 Ang by residue) in 3.0066 (sec).
 3-Body  A19-LYS 31,  A20-ASP 22,  A35-LYD 3 :       0.00010644 at      2.317 Ang (2.211 Ang by residue) in 3.2190 (sec).
 3-Body  A19-LYS 31,  A20-ASP 22,  A35-LYD 4 :       0.00010635 at      2.317 Ang (2.211 Ang by residue) in 2.9976 (sec).
 3-Body  A19-LYS 31,  A20-ASP 22,  A35-LYD 5 :       0.00010413 at      2.317 Ang (2.211 Ang by residue) in 3.2732 (sec).
 3-Body  A19-LYS 31,  A20-ASP 22,  A35-LYD 6 :       0.00010777 at      2.317 Ang (2.211 Ang by residue) in 3.3231 (sec).
 3-Body  A19-LYS 31,  A20-ASP 22,  A35-LYD 20:       0.00023178 at      2.267 Ang (2.211 Ang by residue) in 3.2803 (sec).
 3-Body  A19-LYS 31,  A20-ASP 22,  A35-LYD 21:       0.00025349 at      2.267 Ang (2.211 Ang by residue) in 3.3018 (sec).
 3-Body  A19-LYS 31,  A20-ASP 22,  A35-LYD 23:       0.00020096 at      2.267 Ang (2.211 Ang by residue) in 3.4741 (sec).
 3-Body  A19-LYS 31,  A20-ASP 22,  A35-LYD 24:       0.00019719 at      2.267 Ang (2.211 Ang by residue) in 3.2738 (sec).
 3-Body  A19-LYS 31,  A20-ASP 22,  A35-LYS 29:       0.00025783 at      2.317 Ang (2.211 Ang by residue) in 3.4104 (sec).
 3-Body  A19-LYS 31,  A20-ASP 22,  A35-LYS 31:       0.00020881 at      2.317 Ang (2.211 Ang by residue) in 3.2928 (sec).
 3-Body  A19-LYS 31,  A20-ASP 22,  A35-LYS 32:       0.00021062 at      2.317 Ang (2.211 Ang by residue) in 3.3011 (sec).
 3-Body  A19-LYS 31,  A20-ASP 22,  A35-LYS 33:       0.00023695 at      2.317 Ang (2.211 Ang by residue) in 3.2994 (sec).
 3-Body  A19-LYS 31,  A20-ASP 22,  A35-LYS 46:       0.00048569 at      2.267 Ang (2.211 Ang by residue) in 3.1085 (sec).
 3-Body  A19-LYS 31,  A20-ASP 22,  A35-LYS 47:       0.00055932 at      2.267 Ang (2.211 Ang by residue) in 3.4022 (sec).
 3-Body  A19-LYS 31,  A20-ASP 22,  A35-LYS 48:       0.00048819 at      2.267 Ang (2.211 Ang by residue) in 3.3172 (sec).
 3-Body  A19-LYS 31,  A20-ASP 22,  A35-LYS 49:       0.00108516 at      2.213 Ang (2.211 Ang by residue) in 3.3066 (sec).
 3-Body  A19-LYS 31,  A20-ASP 22,  A35-LYS 50:       0.00035991 at      2.267 Ang (2.211 Ang by residue) in 3.3183 (sec).
 3-Body  A19-LYS 31,  A20-ASP 22,  A35-LYS 51:       0.00038641 at      2.267 Ang (2.211 Ang by residue) in 3.2686 (sec).
 3-Body  A19-LYS 31,  A20-ASP 23,  A22-GLU 0 :       0.00377852 at      1.684 Ang (1.241 Ang by residue) in 3.3041 (sec).
 3-Body  A19-LYS 31,  A20-ASP 23,  A22-GLU 36:       0.00309514 at      1.684 Ang (1.241 Ang by residue) in 3.1969 (sec).
 3-Body  A19-LYS 31,  A20-ASP 23,  A22-GLU 39:       0.00197546 at      1.684 Ang (1.241 Ang by residue) in 3.2979 (sec).
 3-Body  A19-LYS 31,  A20-ASP 23,  A22-GLU 40:       0.00354284 at      1.684 Ang (1.241 Ang by residue) in 3.4187 (sec).
 3-Body  A19-LYS 31,  A20-ASP 23,  A22-GLU 41:       0.00370742 at      1.684 Ang (1.241 Ang by residue) in 3.2548 (sec).
 3-Body  A19-LYS 31,  A20-ASP 23,  A35-LYS 0 :       0.00037392 at      2.271 Ang (2.211 Ang by residue) in 3.3910 (sec).
 3-Body  A19-LYS 31,  A20-ASP 23,  A35-LYD 1 :       0.00019693 at      2.271 Ang (2.211 Ang by residue) in 3.2205 (sec).
 3-Body  A19-LYS 31,  A20-ASP 23,  A35-LYD 2 :       0.00011889 at      2.302 Ang (2.211 Ang by residue) in 3.3530 (sec).
 3-Body  A19-LYS 31,  A20-ASP 23,  A35-LYD 3 :       0.00010404 at      2.302 Ang (2.211 Ang by residue) in 3.3496 (sec).
 3-Body  A19-LYS 31,  A20-ASP 23,  A35-LYD 4 :       0.00010386 at      2.302 Ang (2.211 Ang by residue) in 3.2875 (sec).
 3-Body  A19-LYS 31,  A20-ASP 23,  A35-LYD 5 :       0.00010203 at      2.302 Ang (2.211 Ang by residue) in 3.1988 (sec).
 3-Body  A19-LYS 31,  A20-ASP 23,  A35-LYD 6 :       0.00010583 at      2.302 Ang (2.211 Ang by residue) in 3.3138 (sec).
 3-Body  A19-LYS 31,  A20-ASP 23,  A35-LYD 20:       0.00022992 at      2.261 Ang (2.211 Ang by residue) in 3.1587 (sec).
 3-Body  A19-LYS 31,  A20-ASP 23,  A35-LYD 21:       0.00024841 at      2.261 Ang (2.211 Ang by residue) in 3.2454 (sec).
 3-Body  A19-LYS 31,  A20-ASP 23,  A35-LYD 23:       0.00019857 at      2.261 Ang (2.211 Ang by residue) in 3.3503 (sec).
 3-Body  A19-LYS 31,  A20-ASP 23,  A35-LYD 24:       0.00019580 at      2.261 Ang (2.211 Ang by residue) in 3.3319 (sec).
 3-Body  A19-LYS 31,  A20-ASP 23,  A35-LYS 29:       0.00022835 at      2.302 Ang (2.211 Ang by residue) in 3.4879 (sec).
 3-Body  A19-LYS 31,  A20-ASP 23,  A35-LYS 31:       0.00018588 at      2.302 Ang (2.211 Ang by residue) in 3.2997 (sec).
 3-Body  A19-LYS 31,  A20-ASP 23,  A35-LYS 32:       0.00018728 at      2.302 Ang (2.211 Ang by residue) in 3.3120 (sec).
 3-Body  A19-LYS 31,  A20-ASP 23,  A35-LYS 33:       0.00020958 at      2.302 Ang (2.211 Ang by residue) in 3.1587 (sec).
 3-Body  A19-LYS 31,  A20-ASP 23,  A35-LYS 46:       0.00044404 at      2.261 Ang (2.211 Ang by residue) in 3.5092 (sec).
 3-Body  A19-LYS 31,  A20-ASP 23,  A35-LYS 47:       0.00051459 at      2.261 Ang (2.211 Ang by residue) in 3.5566 (sec).
 3-Body  A19-LYS 31,  A20-ASP 23,  A35-LYS 48:       0.00044601 at      2.261 Ang (2.211 Ang by residue) in 3.4040 (sec).
 3-Body  A19-LYS 31,  A20-ASP 23,  A35-LYS 49:       0.00101039 at      2.216 Ang (2.211 Ang by residue) in 3.2670 (sec).
 3-Body  A19-LYS 31,  A20-ASP 23,  A35-LYS 50:       0.00032856 at      2.261 Ang (2.211 Ang by residue) in 3.3611 (sec).
 3-Body  A19-LYS 31,  A20-ASP 23,  A35-LYS 51:       0.00035297 at      2.261 Ang (2.211 Ang by residue) in 3.2719 (sec).
 3-Body  A19-LYS 31,  A20-ASP 25,  A22-GLU 0 :       0.00068285 at      1.761 Ang (1.241 Ang by residue) in 3.4465 (sec).
 3-Body  A19-LYS 31,  A20-ASP 25,  A22-GLU 36:       0.00055635 at      1.761 Ang (1.241 Ang by residue) in 3.3270 (sec).
 3-Body  A19-LYS 31,  A20-ASP 25,  A22-GLU 39:      -0.00286500 at      1.701 Ang (1.241 Ang by residue) in 3.4000 (sec).
 3-Body  A19-LYS 31,  A20-ASP 25,  A22-GLU 40:       0.00054558 at      1.761 Ang (1.241 Ang by residue) in 3.3744 (sec).
 3-Body  A19-LYS 31,  A20-ASP 25,  A22-GLU 41:       0.00065684 at      1.761 Ang (1.241 Ang by residue) in 3.4166 (sec).
 3-Body  A19-LYS 31,  A20-ASP 25,  A35-LYS 0 :       0.00012061 at      2.369 Ang (2.211 Ang by residue) in 3.2920 (sec).
 3-Body  A19-LYS 31,  A20-ASP 25,  A35-LYD 1 :       0.00004565 at      2.369 Ang (2.211 Ang by residue) in 3.4062 (sec).
 3-Body  A19-LYS 31,  A20-ASP 25,  A35-LYD 2 :       0.00003187 at      2.383 Ang (2.211 Ang by residue) in 3.2139 (sec).
 3-Body  A19-LYS 31,  A20-ASP 25,  A35-LYD 3 :       0.00002866 at      2.383 Ang (2.211 Ang by residue) in 3.2371 (sec).
 3-Body  A19-LYS 31,  A20-ASP 25,  A35-LYD 4 :       0.00002794 at      2.383 Ang (2.211 Ang by residue) in 3.4469 (sec).
 3-Body  A19-LYS 31,  A20-ASP 25,  A35-LYD 5 :       0.00002489 at      2.383 Ang (2.211 Ang by residue) in 3.3087 (sec).
 3-Body  A19-LYS 31,  A20-ASP 25,  A35-LYD 6 :       0.00002546 at      2.383 Ang (2.211 Ang by residue) in 3.2633 (sec).
 3-Body  A19-LYS 31,  A20-ASP 25,  A35-LYD 20:       0.00004563 at      2.355 Ang (2.211 Ang by residue) in 3.1995 (sec).
 3-Body  A19-LYS 31,  A20-ASP 25,  A35-LYD 21:       0.00005112 at      2.355 Ang (2.211 Ang by residue) in 3.5146 (sec).
 3-Body  A19-LYS 31,  A20-ASP 25,  A35-LYD 23:       0.00004200 at      2.355 Ang (2.211 Ang by residue) in 3.3133 (sec).
 3-Body  A19-LYS 31,  A20-ASP 25,  A35-LYD 24:       0.00003523 at      2.355 Ang (2.211 Ang by residue) in 3.2895 (sec).
 3-Body  A19-LYS 31,  A20-ASP 25,  A35-LYS 29:       0.00007519 at      2.383 Ang (2.211 Ang by residue) in 3.1357 (sec).
 3-Body  A19-LYS 31,  A20-ASP 25,  A35-LYS 31:       0.00005586 at      2.383 Ang (2.211 Ang by residue) in 3.3537 (sec).
 3-Body  A19-LYS 31,  A20-ASP 25,  A35-LYS 32:       0.00005666 at      2.383 Ang (2.211 Ang by residue) in 3.3096 (sec).
 3-Body  A19-LYS 31,  A20-ASP 25,  A35-LYS 33:       0.00005690 at      2.383 Ang (2.211 Ang by residue) in 3.1660 (sec).
 3-Body  A19-LYS 31,  A20-ASP 25,  A35-LYS 46:       0.00010343 at      2.355 Ang (2.211 Ang by residue) in 3.2383 (sec).
 3-Body  A19-LYS 31,  A20-ASP 25,  A35-LYS 47:       0.00014814 at      2.355 Ang (2.211 Ang by residue) in 3.2985 (sec).
 3-Body  A19-LYS 31,  A20-ASP 25,  A35-LYS 48:       0.00012998 at      2.355 Ang (2.211 Ang by residue) in 3.2107 (sec).
 3-Body  A19-LYS 31,  A20-ASP 25,  A35-LYS 49:       0.00019534 at      2.313 Ang (2.211 Ang by residue) in 3.1927 (sec).
 3-Body  A19-LYS 31,  A20-ASP 25,  A35-LYS 50:       0.00009243 at      2.355 Ang (2.211 Ang by residue) in 3.3593 (sec).
 3-Body  A19-LYS 31,  A20-ASP 25,  A35-LYS 51:       0.00010120 at      2.355 Ang (2.211 Ang by residue) in 3.4193 (sec).
 3-Body  A19-LYS 31,  A22-GLU 0 ,  A35-LYS 0 :       0.00010342 at      2.533 Ang (1.857 Ang by residue) in 3.2139 (sec).
 3-Body  A19-LYS 31,  A22-GLU 0 ,  A35-LYD 1 :       0.00002847 at      2.533 Ang (1.857 Ang by residue) in 3.2844 (sec).
 3-Body  A19-LYS 31,  A22-GLU 0 ,  A35-LYD 2 :       0.00001929 at      2.570 Ang (1.857 Ang by residue) in 3.2848 (sec).
 3-Body  A19-LYS 31,  A22-GLU 0 ,  A35-LYD 3 :       0.00001732 at      2.570 Ang (1.857 Ang by residue) in 3.4100 (sec).
 3-Body  A19-LYS 31,  A22-GLU 0 ,  A35-LYD 4 :       0.00001487 at      2.570 Ang (1.857 Ang by residue) in 3.2843 (sec).
 3-Body  A19-LYS 31,  A22-GLU 0 ,  A35-LYD 5 :       0.00001467 at      2.570 Ang (1.857 Ang by residue) in 3.4050 (sec).
 3-Body  A19-LYS 31,  A22-GLU 0 ,  A35-LYD 6 :       0.00001445 at      2.570 Ang (1.857 Ang by residue) in 3.4042 (sec).
 3-Body  A19-LYS 31,  A22-GLU 0 ,  A35-LYD 20:       0.00002980 at      2.488 Ang (1.857 Ang by residue) in 3.3251 (sec).
 3-Body  A19-LYS 31,  A22-GLU 0 ,  A35-LYD 21:       0.00003312 at      2.487 Ang (1.857 Ang by residue) in 3.3065 (sec).
 3-Body  A19-LYS 31,  A22-GLU 0 ,  A35-LYD 23:       0.00001963 at      2.508 Ang (1.857 Ang by residue) in 3.1935 (sec).
 3-Body  A19-LYS 31,  A22-GLU 0 ,  A35-LYD 24:       0.00001847 at      2.508 Ang (1.857 Ang by residue) in 3.2899 (sec).
 3-Body  A19-LYS 31,  A22-GLU 0 ,  A35-LYS 29:       0.00005793 at      2.570 Ang (1.857 Ang by residue) in 3.5085 (sec).
 3-Body  A19-LYS 31,  A22-GLU 0 ,  A35-LYS 31:       0.00004198 at      2.570 Ang (1.857 Ang by residue) in 3.3812 (sec).
 3-Body  A19-LYS 31,  A22-GLU 0 ,  A35-LYS 32:       0.00003679 at      2.570 Ang (1.857 Ang by residue) in 3.3239 (sec).
 3-Body  A19-LYS 31,  A22-GLU 0 ,  A35-LYS 33:       0.00005342 at      2.570 Ang (1.857 Ang by residue) in 3.4810 (sec).
 3-Body  A19-LYS 31,  A22-GLU 0 ,  A35-LYS 46:       0.00012367 at      2.488 Ang (1.857 Ang by residue) in 3.2943 (sec).
 3-Body  A19-LYS 31,  A22-GLU 0 ,  A35-LYS 47:       0.00009539 at      2.488 Ang (1.857 Ang by residue) in 3.3016 (sec).
 3-Body  A19-LYS 31,  A22-GLU 0 ,  A35-LYS 48:       0.00011429 at      2.487 Ang (1.857 Ang by residue) in 3.2167 (sec).
 3-Body  A19-LYS 31,  A22-GLU 0 ,  A35-LYS 49:       0.00028304 at      2.440 Ang (1.857 Ang by residue) in 3.2629 (sec).
 3-Body  A19-LYS 31,  A22-GLU 0 ,  A35-LYS 50:       0.00006635 at      2.508 Ang (1.857 Ang by residue) in 3.3120 (sec).
 3-Body  A19-LYS 31,  A22-GLU 0 ,  A35-LYS 51:       0.00005910 at      2.508 Ang (1.857 Ang by residue) in 3.0627 (sec).
 3-Body  A19-LYS 31,  A22-GLU 36,  A35-LYS 0 :       0.00017144 at      2.484 Ang (1.857 Ang by residue) in 3.2466 (sec).
 3-Body  A19-LYS 31,  A22-GLU 36,  A35-LYD 1 :       0.00005565 at      2.484 Ang (1.857 Ang by residue) in 3.1831 (sec).
 3-Body  A19-LYS 31,  A22-GLU 36,  A35-LYD 2 :       0.00003420 at      2.542 Ang (1.857 Ang by residue) in 3.1876 (sec).
 3-Body  A19-LYS 31,  A22-GLU 36,  A35-LYD 3 :       0.00002964 at      2.542 Ang (1.857 Ang by residue) in 3.3115 (sec).
 3-Body  A19-LYS 31,  A22-GLU 36,  A35-LYD 4 :       0.00002579 at      2.542 Ang (1.857 Ang by residue) in 3.2361 (sec).
 3-Body  A19-LYS 31,  A22-GLU 36,  A35-LYD 5 :       0.00002701 at      2.542 Ang (1.857 Ang by residue) in 3.2268 (sec).
 3-Body  A19-LYS 31,  A22-GLU 36,  A35-LYD 6 :       0.00002906 at      2.542 Ang (1.857 Ang by residue) in 3.3576 (sec).
 3-Body  A19-LYS 31,  A22-GLU 36,  A35-LYD 20:       0.00006262 at      2.456 Ang (1.857 Ang by residue) in 3.3956 (sec).
 3-Body  A19-LYS 31,  A22-GLU 36,  A35-LYD 21:       0.00007153 at      2.453 Ang (1.857 Ang by residue) in 3.1602 (sec).
 3-Body  A19-LYS 31,  A22-GLU 36,  A35-LYD 23:       0.00004429 at      2.477 Ang (1.857 Ang by residue) in 3.1957 (sec).
 3-Body  A19-LYS 31,  A22-GLU 36,  A35-LYD 24:       0.00004612 at      2.477 Ang (1.857 Ang by residue) in 3.1261 (sec).
 3-Body  A19-LYS 31,  A22-GLU 36,  A35-LYS 29:       0.00009799 at      2.542 Ang (1.857 Ang by residue) in 3.2273 (sec).
 3-Body  A19-LYS 31,  A22-GLU 36,  A35-LYS 31:       0.00007440 at      2.542 Ang (1.857 Ang by residue) in 3.1873 (sec).
 3-Body  A19-LYS 31,  A22-GLU 36,  A35-LYS 32:       0.00006601 at      2.542 Ang (1.857 Ang by residue) in 3.5059 (sec).
 3-Body  A19-LYS 31,  A22-GLU 36,  A35-LYS 33:       0.00010401 at      2.542 Ang (1.857 Ang by residue) in 3.1799 (sec).
 3-Body  A19-LYS 31,  A22-GLU 36,  A35-LYS 46:       0.00028523 at      2.404 Ang (1.857 Ang by residue) in 3.3746 (sec).
 3-Body  A19-LYS 31,  A22-GLU 36,  A35-LYS 47:       0.00017004 at      2.456 Ang (1.857 Ang by residue) in 3.3127 (sec).
 3-Body  A19-LYS 31,  A22-GLU 36,  A35-LYS 48:       0.00020008 at      2.453 Ang (1.857 Ang by residue) in 3.2981 (sec).
 3-Body  A19-LYS 31,  A22-GLU 36,  A35-LYS 49:       0.00055465 at      2.385 Ang (1.857 Ang by residue) in 3.2101 (sec).
 3-Body  A19-LYS 31,  A22-GLU 36,  A35-LYS 50:       0.00012017 at      2.477 Ang (1.857 Ang by residue) in 3.1126 (sec).
 3-Body  A19-LYS 31,  A22-GLU 36,  A35-LYS 51:       0.00010817 at      2.477 Ang (1.857 Ang by residue) in 3.1924 (sec).
 3-Body  A19-LYS 31,  A22-GLU 39,  A35-LYS 0 :       0.00013431 at      2.543 Ang (1.857 Ang by residue) in 3.3794 (sec).
 3-Body  A19-LYS 31,  A22-GLU 39,  A35-LYD 1 :       0.00004255 at      2.543 Ang (1.857 Ang by residue) in 3.1184 (sec).
 3-Body  A19-LYS 31,  A22-GLU 39,  A35-LYD 2 :       0.00002690 at      2.580 Ang (1.857 Ang by residue) in 3.3635 (sec).
 3-Body  A19-LYS 31,  A22-GLU 39,  A35-LYD 3 :       0.00002319 at      2.580 Ang (1.857 Ang by residue) in 3.2409 (sec).
 3-Body  A19-LYS 31,  A22-GLU 39,  A35-LYD 4 :       0.00002119 at      2.580 Ang (1.857 Ang by residue) in 3.2625 (sec).
 3-Body  A19-LYS 31,  A22-GLU 39,  A35-LYD 5 :       0.00002018 at      2.580 Ang (1.857 Ang by residue) in 3.2274 (sec).
 3-Body  A19-LYS 31,  A22-GLU 39,  A35-LYD 6 :       0.00001980 at      2.580 Ang (1.857 Ang by residue) in 3.4879 (sec).
 3-Body  A19-LYS 31,  A22-GLU 39,  A35-LYD 20:       0.00004510 at      2.515 Ang (1.857 Ang by residue) in 3.4019 (sec).
 3-Body  A19-LYS 31,  A22-GLU 39,  A35-LYD 21:       0.00004979 at      2.514 Ang (1.857 Ang by residue) in 3.3631 (sec).
 3-Body  A19-LYS 31,  A22-GLU 39,  A35-LYD 23:       0.00003187 at      2.515 Ang (1.857 Ang by residue) in 3.4127 (sec).
 3-Body  A19-LYS 31,  A22-GLU 39,  A35-LYD 24:       0.00002936 at      2.515 Ang (1.857 Ang by residue) in 3.2839 (sec).
 3-Body  A19-LYS 31,  A22-GLU 39,  A35-LYS 29:       0.00007558 at      2.580 Ang (1.857 Ang by residue) in 3.4304 (sec).
 3-Body  A19-LYS 31,  A22-GLU 39,  A35-LYS 31:       0.00005477 at      2.580 Ang (1.857 Ang by residue) in 3.2010 (sec).
 3-Body  A19-LYS 31,  A22-GLU 39,  A35-LYS 32:       0.00005100 at      2.580 Ang (1.857 Ang by residue) in 3.1629 (sec).
 3-Body  A19-LYS 31,  A22-GLU 39,  A35-LYS 33:       0.00006578 at      2.580 Ang (1.857 Ang by residue) in 3.3448 (sec).
 3-Body  A19-LYS 31,  A22-GLU 39,  A35-LYS 46:       0.00014931 at      2.481 Ang (1.857 Ang by residue) in 3.3001 (sec).
 3-Body  A19-LYS 31,  A22-GLU 39,  A35-LYS 47:       0.00013540 at      2.515 Ang (1.857 Ang by residue) in 3.3019 (sec).
 3-Body  A19-LYS 31,  A22-GLU 39,  A35-LYS 48:       0.00014900 at      2.514 Ang (1.857 Ang by residue) in 3.1989 (sec).
 3-Body  A19-LYS 31,  A22-GLU 39,  A35-LYS 49:       0.00034781 at      2.458 Ang (1.857 Ang by residue) in 3.3760 (sec).
 3-Body  A19-LYS 31,  A22-GLU 39,  A35-LYS 50:       0.00008998 at      2.515 Ang (1.857 Ang by residue) in 3.3871 (sec).
 3-Body  A19-LYS 31,  A22-GLU 39,  A35-LYS 51:       0.00008609 at      2.515 Ang (1.857 Ang by residue) in 3.3077 (sec).
 3-Body  A19-LYS 31,  A22-GLU 40,  A35-LYS 0 :       0.00020958 at      2.453 Ang (1.857 Ang by residue) in 3.3478 (sec).
 3-Body  A19-LYS 31,  A22-GLU 40,  A35-LYD 1 :       0.00008756 at      2.453 Ang (1.857 Ang by residue) in 3.2393 (sec).
 3-Body  A19-LYS 31,  A22-GLU 40,  A35-LYD 2 :       0.00003846 at      2.562 Ang (1.857 Ang by residue) in 3.1715 (sec).
 3-Body  A19-LYS 31,  A22-GLU 40,  A35-LYD 3 :       0.00003220 at      2.562 Ang (1.857 Ang by residue) in 3.3537 (sec).
 3-Body  A19-LYS 31,  A22-GLU 40,  A35-LYD 4 :       0.00003011 at      2.562 Ang (1.857 Ang by residue) in 3.1851 (sec).
 3-Body  A19-LYS 31,  A22-GLU 40,  A35-LYD 5 :       0.00002942 at      2.562 Ang (1.857 Ang by residue) in 3.3016 (sec).
 3-Body  A19-LYS 31,  A22-GLU 40,  A35-LYD 6 :       0.00002990 at      2.562 Ang (1.857 Ang by residue) in 3.2813 (sec).
 3-Body  A19-LYS 31,  A22-GLU 40,  A35-LYD 20:       0.00011984 at      2.405 Ang (1.857 Ang by residue) in 3.1524 (sec).
 3-Body  A19-LYS 31,  A22-GLU 40,  A35-LYD 21:       0.00013077 at      2.403 Ang (1.857 Ang by residue) in 3.3686 (sec).
 3-Body  A19-LYS 31,  A22-GLU 40,  A35-LYD 23:       0.00007266 at      2.477 Ang (1.857 Ang by residue) in 3.3023 (sec).
 3-Body  A19-LYS 31,  A22-GLU 40,  A35-LYD 24:       0.00007030 at      2.477 Ang (1.857 Ang by residue) in 3.1404 (sec).
 3-Body  A19-LYS 31,  A22-GLU 40,  A35-LYS 29:       0.00009533 at      2.562 Ang (1.857 Ang by residue) in 3.3341 (sec).
 3-Body  A19-LYS 31,  A22-GLU 40,  A35-LYS 31:       0.00006953 at      2.562 Ang (1.857 Ang by residue) in 3.1752 (sec).
 3-Body  A19-LYS 31,  A22-GLU 40,  A35-LYS 32:       0.00006469 at      2.562 Ang (1.857 Ang by residue) in 3.2754 (sec).
 3-Body  A19-LYS 31,  A22-GLU 40,  A35-LYS 33:       0.00008504 at      2.562 Ang (1.857 Ang by residue) in 3.2461 (sec).
 3-Body  A19-LYS 31,  A22-GLU 40,  A35-LYS 46:       0.00028562 at      2.425 Ang (1.857 Ang by residue) in 3.0976 (sec).
 3-Body  A19-LYS 31,  A22-GLU 40,  A35-LYS 47:       0.00023359 at      2.405 Ang (1.857 Ang by residue) in 3.2852 (sec).
 3-Body  A19-LYS 31,  A22-GLU 40,  A35-LYS 48:       0.00026963 at      2.403 Ang (1.857 Ang by residue) in 3.2523 (sec).
 3-Body  A19-LYS 31,  A22-GLU 40,  A35-LYS 49:       0.00082665 at      2.356 Ang (1.857 Ang by residue) in 3.2772 (sec).
 3-Body  A19-LYS 31,  A22-GLU 40,  A35-LYS 50:       0.00014317 at      2.477 Ang (1.857 Ang by residue) in 3.3097 (sec).
 3-Body  A19-LYS 31,  A22-GLU 40,  A35-LYS 51:       0.00013573 at      2.477 Ang (1.857 Ang by residue) in 3.2538 (sec).
 3-Body  A19-LYS 31,  A22-GLU 41,  A35-LYS 0 :       0.00010488 at      2.543 Ang (1.857 Ang by residue) in 3.3060 (sec).
 3-Body  A19-LYS 31,  A22-GLU 41,  A35-LYD 1 :       0.00003062 at      2.543 Ang (1.857 Ang by residue) in 3.1806 (sec).
 3-Body  A19-LYS 31,  A22-GLU 41,  A35-LYD 2 :       0.00002086 at      2.580 Ang (1.857 Ang by residue) in 3.3781 (sec).
 3-Body  A19-LYS 31,  A22-GLU 41,  A35-LYD 3 :       0.00001884 at      2.580 Ang (1.857 Ang by residue) in 3.3696 (sec).
 3-Body  A19-LYS 31,  A22-GLU 41,  A35-LYD 4 :       0.00001622 at      2.580 Ang (1.857 Ang by residue) in 3.3435 (sec).
 3-Body  A19-LYS 31,  A22-GLU 41,  A35-LYD 5 :       0.00001622 at      2.580 Ang (1.857 Ang by residue) in 3.4198 (sec).
 3-Body  A19-LYS 31,  A22-GLU 41,  A35-LYD 6 :       0.00001635 at      2.580 Ang (1.857 Ang by residue) in 3.0469 (sec).
 3-Body  A19-LYS 31,  A22-GLU 41,  A35-LYD 20:       0.00003289 at      2.506 Ang (1.857 Ang by residue) in 3.3457 (sec).
 3-Body  A19-LYS 31,  A22-GLU 41,  A35-LYD 21:       0.00003610 at      2.504 Ang (1.857 Ang by residue) in 3.2105 (sec).
 3-Body  A19-LYS 31,  A22-GLU 41,  A35-LYD 23:       0.00002233 at      2.515 Ang (1.857 Ang by residue) in 3.1637 (sec).
 3-Body  A19-LYS 31,  A22-GLU 41,  A35-LYD 24:       0.00002157 at      2.515 Ang (1.857 Ang by residue) in 3.4429 (sec).
 3-Body  A19-LYS 31,  A22-GLU 41,  A35-LYS 29:       0.00005983 at      2.580 Ang (1.857 Ang by residue) in 3.3846 (sec).
 3-Body  A19-LYS 31,  A22-GLU 41,  A35-LYS 31:       0.00004408 at      2.580 Ang (1.857 Ang by residue) in 3.4441 (sec).
 3-Body  A19-LYS 31,  A22-GLU 41,  A35-LYS 32:       0.00003848 at      2.580 Ang (1.857 Ang by residue) in 3.4468 (sec).
 3-Body  A19-LYS 31,  A22-GLU 41,  A35-LYS 33:       0.00005668 at      2.580 Ang (1.857 Ang by residue) in 3.3510 (sec).
 3-Body  A19-LYS 31,  A22-GLU 41,  A35-LYS 46:       0.00012939 at      2.481 Ang (1.857 Ang by residue) in 3.3778 (sec).
 3-Body  A19-LYS 31,  A22-GLU 41,  A35-LYS 47:       0.00009641 at      2.506 Ang (1.857 Ang by residue) in 3.2654 (sec).
 3-Body  A19-LYS 31,  A22-GLU 41,  A35-LYS 48:       0.00011617 at      2.504 Ang (1.857 Ang by residue) in 3.3459 (sec).
 3-Body  A19-LYS 31,  A22-GLU 41,  A35-LYS 49:       0.00027748 at      2.457 Ang (1.857 Ang by residue) in 3.2659 (sec).
 3-Body  A19-LYS 31,  A22-GLU 41,  A35-LYS 50:       0.00006936 at      2.515 Ang (1.857 Ang by residue) in 3.2355 (sec).
 3-Body  A19-LYS 31,  A22-GLU 41,  A35-LYS 51:       0.00006143 at      2.515 Ang (1.857 Ang by residue) in 3.1625 (sec).
 3-Body  A19-LYS 32,  A20-ASP 0 ,  A22-GLU 0 :       0.00333354 at      1.688 Ang (1.241 Ang by residue) in 3.3061 (sec).
 3-Body  A19-LYS 32,  A20-ASP 0 ,  A22-GLU 36:       0.00270619 at      1.690 Ang (1.241 Ang by residue) in 3.2672 (sec).
 3-Body  A19-LYS 32,  A20-ASP 0 ,  A22-GLU 39:       0.00152189 at      1.691 Ang (1.241 Ang by residue) in 3.3545 (sec).
 3-Body  A19-LYS 32,  A20-ASP 0 ,  A22-GLU 40:       0.00310128 at      1.692 Ang (1.241 Ang by residue) in 3.2951 (sec).
 3-Body  A19-LYS 32,  A20-ASP 0 ,  A22-GLU 41:       0.00321885 at      1.691 Ang (1.241 Ang by residue) in 3.3399 (sec).
 3-Body  A19-LYS 32,  A20-ASP 0 ,  A35-LYS 0 :       0.00039557 at      2.268 Ang (2.211 Ang by residue) in 3.2623 (sec).
 3-Body  A19-LYS 32,  A20-ASP 0 ,  A35-LYD 1 :       0.00018526 at      2.268 Ang (2.211 Ang by residue) in 3.3592 (sec).
 3-Body  A19-LYS 32,  A20-ASP 0 ,  A35-LYD 2 :       0.00011107 at      2.274 Ang (2.211 Ang by residue) in 3.4454 (sec).
 3-Body  A19-LYS 32,  A20-ASP 0 ,  A35-LYD 3 :       0.00009518 at      2.274 Ang (2.211 Ang by residue) in 3.3194 (sec).
 3-Body  A19-LYS 32,  A20-ASP 0 ,  A35-LYD 4 :       0.00009501 at      2.274 Ang (2.211 Ang by residue) in 3.2656 (sec).
 3-Body  A19-LYS 32,  A20-ASP 0 ,  A35-LYD 5 :       0.00009217 at      2.274 Ang (2.211 Ang by residue) in 3.4208 (sec).
 3-Body  A19-LYS 32,  A20-ASP 0 ,  A35-LYD 6 :       0.00009538 at      2.274 Ang (2.211 Ang by residue) in 3.3439 (sec).
 3-Body  A19-LYS 32,  A20-ASP 0 ,  A35-LYD 20:       0.00021116 at      2.243 Ang (2.211 Ang by residue) in 3.4208 (sec).
 3-Body  A19-LYS 32,  A20-ASP 0 ,  A35-LYD 21:       0.00023134 at      2.243 Ang (2.211 Ang by residue) in 3.3114 (sec).
 3-Body  A19-LYS 32,  A20-ASP 0 ,  A35-LYD 23:       0.00018208 at      2.243 Ang (2.211 Ang by residue) in 3.0880 (sec).
 3-Body  A19-LYS 32,  A20-ASP 0 ,  A35-LYD 24:       0.00017684 at      2.243 Ang (2.211 Ang by residue) in 3.4415 (sec).
 3-Body  A19-LYS 32,  A20-ASP 0 ,  A35-LYS 29:       0.00024522 at      2.274 Ang (2.211 Ang by residue) in 3.3691 (sec).
 3-Body  A19-LYS 32,  A20-ASP 0 ,  A35-LYS 31:       0.00019616 at      2.274 Ang (2.211 Ang by residue) in 3.2202 (sec).
 3-Body  A19-LYS 32,  A20-ASP 0 ,  A35-LYS 32:       0.00019823 at      2.274 Ang (2.211 Ang by residue) in 3.2991 (sec).
 3-Body  A19-LYS 32,  A20-ASP 0 ,  A35-LYS 33:       0.00022149 at      2.274 Ang (2.211 Ang by residue) in 3.2178 (sec).
 3-Body  A19-LYS 32,  A20-ASP 0 ,  A35-LYS 46:       0.00044851 at      2.243 Ang (2.211 Ang by residue) in 3.1692 (sec).
 3-Body  A19-LYS 32,  A20-ASP 0 ,  A35-LYS 47:       0.00053022 at      2.243 Ang (2.211 Ang by residue) in 3.4095 (sec).
 3-Body  A19-LYS 32,  A20-ASP 0 ,  A35-LYS 48:       0.00046284 at      2.243 Ang (2.211 Ang by residue) in 3.0759 (sec).
 3-Body  A19-LYS 32,  A20-ASP 0 ,  A35-LYS 49:       0.00099294 at      2.211 Ang (2.211 Ang by residue) in 3.3859 (sec).
 3-Body  A19-LYS 32,  A20-ASP 0 ,  A35-LYS 50:       0.00033943 at      2.243 Ang (2.211 Ang by residue) in 3.3696 (sec).
 3-Body  A19-LYS 32,  A20-ASP 0 ,  A35-LYS 51:       0.00036530 at      2.243 Ang (2.211 Ang by residue) in 3.3719 (sec).
 3-Body  A19-LYS 32,  A20-ASP 22,  A22-GLU 0 :       0.00376237 at      1.717 Ang (1.241 Ang by residue) in 3.5664 (sec).
 3-Body  A19-LYS 32,  A20-ASP 22,  A22-GLU 36:       0.00311751 at      1.717 Ang (1.241 Ang by residue) in 3.2021 (sec).
 3-Body  A19-LYS 32,  A20-ASP 22,  A22-GLU 39:       0.00227248 at      1.717 Ang (1.241 Ang by residue) in 3.2192 (sec).
 3-Body  A19-LYS 32,  A20-ASP 22,  A22-GLU 40:       0.00345853 at      1.717 Ang (1.241 Ang by residue) in 3.2729 (sec).
 3-Body  A19-LYS 32,  A20-ASP 22,  A22-GLU 41:       0.00364627 at      1.717 Ang (1.241 Ang by residue) in 3.2762 (sec).
 3-Body  A19-LYS 32,  A20-ASP 22,  A35-LYS 0 :       0.00042983 at      2.277 Ang (2.211 Ang by residue) in 3.4287 (sec).
 3-Body  A19-LYS 32,  A20-ASP 22,  A35-LYD 1 :       0.00020628 at      2.277 Ang (2.211 Ang by residue) in 3.3059 (sec).
 3-Body  A19-LYS 32,  A20-ASP 22,  A35-LYD 2 :       0.00012580 at      2.317 Ang (2.211 Ang by residue) in 3.4105 (sec).
 3-Body  A19-LYS 32,  A20-ASP 22,  A35-LYD 3 :       0.00010854 at      2.317 Ang (2.211 Ang by residue) in 3.3007 (sec).
 3-Body  A19-LYS 32,  A20-ASP 22,  A35-LYD 4 :       0.00010831 at      2.317 Ang (2.211 Ang by residue) in 3.2992 (sec).
 3-Body  A19-LYS 32,  A20-ASP 22,  A35-LYD 5 :       0.00010611 at      2.317 Ang (2.211 Ang by residue) in 3.4624 (sec).
 3-Body  A19-LYS 32,  A20-ASP 22,  A35-LYD 6 :       0.00010983 at      2.317 Ang (2.211 Ang by residue) in 3.2966 (sec).
 3-Body  A19-LYS 32,  A20-ASP 22,  A35-LYD 20:       0.00023745 at      2.267 Ang (2.211 Ang by residue) in 3.4082 (sec).
 3-Body  A19-LYS 32,  A20-ASP 22,  A35-LYD 21:       0.00025991 at      2.267 Ang (2.211 Ang by residue) in 3.5045 (sec).
 3-Body  A19-LYS 32,  A20-ASP 22,  A35-LYD 23:       0.00020517 at      2.267 Ang (2.211 Ang by residue) in 3.2092 (sec).
 3-Body  A19-LYS 32,  A20-ASP 22,  A35-LYD 24:       0.00020137 at      2.267 Ang (2.211 Ang by residue) in 3.4929 (sec).
 3-Body  A19-LYS 32,  A20-ASP 22,  A35-LYS 29:       0.00026843 at      2.317 Ang (2.211 Ang by residue) in 3.2120 (sec).
 3-Body  A19-LYS 32,  A20-ASP 22,  A35-LYS 31:       0.00021693 at      2.317 Ang (2.211 Ang by residue) in 3.2862 (sec).
 3-Body  A19-LYS 32,  A20-ASP 22,  A35-LYS 32:       0.00021834 at      2.317 Ang (2.211 Ang by residue) in 3.2793 (sec).
 3-Body  A19-LYS 32,  A20-ASP 22,  A35-LYS 33:       0.00024731 at      2.317 Ang (2.211 Ang by residue) in 3.1499 (sec).
 3-Body  A19-LYS 32,  A20-ASP 22,  A35-LYS 46:       0.00050528 at      2.267 Ang (2.211 Ang by residue) in 3.4295 (sec).
 3-Body  A19-LYS 32,  A20-ASP 22,  A35-LYS 47:       0.00057928 at      2.267 Ang (2.211 Ang by residue) in 3.3946 (sec).
 3-Body  A19-LYS 32,  A20-ASP 22,  A35-LYS 48:       0.00050740 at      2.267 Ang (2.211 Ang by residue) in 3.3322 (sec).
 3-Body  A19-LYS 32,  A20-ASP 22,  A35-LYS 49:       0.00112551 at      2.213 Ang (2.211 Ang by residue) in 3.2712 (sec).
 3-Body  A19-LYS 32,  A20-ASP 22,  A35-LYS 50:       0.00037344 at      2.267 Ang (2.211 Ang by residue) in 3.4328 (sec).
 3-Body  A19-LYS 32,  A20-ASP 22,  A35-LYS 51:       0.00040013 at      2.267 Ang (2.211 Ang by residue) in 3.5105 (sec).
 3-Body  A19-LYS 32,  A20-ASP 23,  A22-GLU 0 :       0.00396259 at      1.684 Ang (1.241 Ang by residue) in 3.2293 (sec).
 3-Body  A19-LYS 32,  A20-ASP 23,  A22-GLU 36:       0.00326665 at      1.684 Ang (1.241 Ang by residue) in 3.3413 (sec).
 3-Body  A19-LYS 32,  A20-ASP 23,  A22-GLU 39:       0.00219580 at      1.684 Ang (1.241 Ang by residue) in 3.4365 (sec).
 3-Body  A19-LYS 32,  A20-ASP 23,  A22-GLU 40:       0.00373396 at      1.684 Ang (1.241 Ang by residue) in 3.3836 (sec).
 3-Body  A19-LYS 32,  A20-ASP 23,  A22-GLU 41:       0.00389035 at      1.684 Ang (1.241 Ang by residue) in 3.4469 (sec).
 3-Body  A19-LYS 32,  A20-ASP 23,  A35-LYS 0 :       0.00039003 at      2.271 Ang (2.211 Ang by residue) in 3.3146 (sec).
 3-Body  A19-LYS 32,  A20-ASP 23,  A35-LYD 1 :       0.00020219 at      2.271 Ang (2.211 Ang by residue) in 3.1874 (sec).
 3-Body  A19-LYS 32,  A20-ASP 23,  A35-LYD 2 :       0.00012170 at      2.302 Ang (2.211 Ang by residue) in 3.6022 (sec).
 3-Body  A19-LYS 32,  A20-ASP 23,  A35-LYD 3 :       0.00010613 at      2.302 Ang (2.211 Ang by residue) in 3.1952 (sec).
 3-Body  A19-LYS 32,  A20-ASP 23,  A35-LYD 4 :       0.00010580 at      2.302 Ang (2.211 Ang by residue) in 3.1373 (sec).
 3-Body  A19-LYS 32,  A20-ASP 23,  A35-LYD 5 :       0.00010400 at      2.302 Ang (2.211 Ang by residue) in 3.4120 (sec).
 3-Body  A19-LYS 32,  A20-ASP 23,  A35-LYD 6 :       0.00010787 at      2.302 Ang (2.211 Ang by residue) in 3.1697 (sec).
 3-Body  A19-LYS 32,  A20-ASP 23,  A35-LYD 20:       0.00023574 at      2.261 Ang (2.211 Ang by residue) in 3.3656 (sec).
 3-Body  A19-LYS 32,  A20-ASP 23,  A35-LYD 21:       0.00025488 at      2.261 Ang (2.211 Ang by residue) in 3.1223 (sec).
 3-Body  A19-LYS 32,  A20-ASP 23,  A35-LYD 23:       0.00020286 at      2.261 Ang (2.211 Ang by residue) in 3.4151 (sec).
 3-Body  A19-LYS 32,  A20-ASP 23,  A35-LYD 24:       0.00020008 at      2.261 Ang (2.211 Ang by residue) in 3.3888 (sec).
 3-Body  A19-LYS 32,  A20-ASP 23,  A35-LYS 29:       0.00023827 at      2.302 Ang (2.211 Ang by residue) in 3.2923 (sec).
 3-Body  A19-LYS 32,  A20-ASP 23,  A35-LYS 31:       0.00019345 at      2.302 Ang (2.211 Ang by residue) in 3.2914 (sec).
 3-Body  A19-LYS 32,  A20-ASP 23,  A35-LYS 32:       0.00019443 at      2.302 Ang (2.211 Ang by residue) in 3.2214 (sec).
 3-Body  A19-LYS 32,  A20-ASP 23,  A35-LYS 33:       0.00021928 at      2.302 Ang (2.211 Ang by residue) in 3.1202 (sec).
 3-Body  A19-LYS 32,  A20-ASP 23,  A35-LYS 46:       0.00046275 at      2.261 Ang (2.211 Ang by residue) in 3.2072 (sec).
 3-Body  A19-LYS 32,  A20-ASP 23,  A35-LYS 47:       0.00053370 at      2.261 Ang (2.211 Ang by residue) in 3.3647 (sec).
 3-Body  A19-LYS 32,  A20-ASP 23,  A35-LYS 48:       0.00046438 at      2.261 Ang (2.211 Ang by residue) in 3.4645 (sec).
 3-Body  A19-LYS 32,  A20-ASP 23,  A35-LYS 49:       0.00104898 at      2.216 Ang (2.211 Ang by residue) in 3.4946 (sec).
 3-Body  A19-LYS 32,  A20-ASP 23,  A35-LYS 50:       0.00034146 at      2.261 Ang (2.211 Ang by residue) in 3.1507 (sec).
 3-Body  A19-LYS 32,  A20-ASP 23,  A35-LYS 51:       0.00036601 at      2.261 Ang (2.211 Ang by residue) in 3.2179 (sec).
 3-Body  A19-LYS 32,  A20-ASP 25,  A22-GLU 0 :       0.00074470 at      1.761 Ang (1.241 Ang by residue) in 3.2328 (sec).
 3-Body  A19-LYS 32,  A20-ASP 25,  A22-GLU 36:       0.00058980 at      1.761 Ang (1.241 Ang by residue) in 3.3136 (sec).
 3-Body  A19-LYS 32,  A20-ASP 25,  A22-GLU 39:      -0.00303162 at      1.701 Ang (1.241 Ang by residue) in 3.4096 (sec).
 3-Body  A19-LYS 32,  A20-ASP 25,  A22-GLU 40:       0.00059619 at      1.761 Ang (1.241 Ang by residue) in 3.1760 (sec).
 3-Body  A19-LYS 32,  A20-ASP 25,  A22-GLU 41:       0.00070954 at      1.761 Ang (1.241 Ang by residue) in 3.3774 (sec).
 3-Body  A19-LYS 32,  A20-ASP 25,  A35-LYS 0 :       0.00012895 at      2.369 Ang (2.211 Ang by residue) in 3.3642 (sec).
 3-Body  A19-LYS 32,  A20-ASP 25,  A35-LYD 1 :       0.00004689 at      2.369 Ang (2.211 Ang by residue) in 3.1935 (sec).
 3-Body  A19-LYS 32,  A20-ASP 25,  A35-LYD 2 :       0.00003253 at      2.383 Ang (2.211 Ang by residue) in 3.3051 (sec).
 3-Body  A19-LYS 32,  A20-ASP 25,  A35-LYD 3 :       0.00002902 at      2.383 Ang (2.211 Ang by residue) in 3.2538 (sec).
 3-Body  A19-LYS 32,  A20-ASP 25,  A35-LYD 4 :       0.00002815 at      2.383 Ang (2.211 Ang by residue) in 3.3069 (sec).
 3-Body  A19-LYS 32,  A20-ASP 25,  A35-LYD 5 :       0.00002502 at      2.383 Ang (2.211 Ang by residue) in 3.4760 (sec).
 3-Body  A19-LYS 32,  A20-ASP 25,  A35-LYD 6 :       0.00002554 at      2.383 Ang (2.211 Ang by residue) in 3.2607 (sec).
 3-Body  A19-LYS 32,  A20-ASP 25,  A35-LYD 20:       0.00004663 at      2.355 Ang (2.211 Ang by residue) in 3.2873 (sec).
 3-Body  A19-LYS 32,  A20-ASP 25,  A35-LYD 21:       0.00005253 at      2.355 Ang (2.211 Ang by residue) in 3.4113 (sec).
 3-Body  A19-LYS 32,  A20-ASP 25,  A35-LYD 23:       0.00004254 at      2.355 Ang (2.211 Ang by residue) in 3.2310 (sec).
 3-Body  A19-LYS 32,  A20-ASP 25,  A35-LYD 24:       0.00003551 at      2.355 Ang (2.211 Ang by residue) in 3.3369 (sec).
 3-Body  A19-LYS 32,  A20-ASP 25,  A35-LYS 29:       0.00008035 at      2.383 Ang (2.211 Ang by residue) in 3.1731 (sec).
 3-Body  A19-LYS 32,  A20-ASP 25,  A35-LYS 31:       0.00005948 at      2.383 Ang (2.211 Ang by residue) in 3.3518 (sec).
 3-Body  A19-LYS 32,  A20-ASP 25,  A35-LYS 32:       0.00005997 at      2.383 Ang (2.211 Ang by residue) in 3.2402 (sec).
 3-Body  A19-LYS 32,  A20-ASP 25,  A35-LYS 33:       0.00006139 at      2.383 Ang (2.211 Ang by residue) in 3.3317 (sec).
 3-Body  A19-LYS 32,  A20-ASP 25,  A35-LYS 46:       0.00011102 at      2.355 Ang (2.211 Ang by residue) in 3.2193 (sec).
 3-Body  A19-LYS 32,  A20-ASP 25,  A35-LYS 47:       0.00015729 at      2.355 Ang (2.211 Ang by residue) in 3.2825 (sec).
 3-Body  A19-LYS 32,  A20-ASP 25,  A35-LYS 48:       0.00013883 at      2.355 Ang (2.211 Ang by residue) in 3.3364 (sec).
 3-Body  A19-LYS 32,  A20-ASP 25,  A35-LYS 49:       0.00020900 at      2.313 Ang (2.211 Ang by residue) in 3.4392 (sec).
 3-Body  A19-LYS 32,  A20-ASP 25,  A35-LYS 50:       0.00009825 at      2.355 Ang (2.211 Ang by residue) in 3.2502 (sec).
 3-Body  A19-LYS 32,  A20-ASP 25,  A35-LYS 51:       0.00010704 at      2.355 Ang (2.211 Ang by residue) in 3.1963 (sec).
 3-Body  A19-LYS 32,  A22-GLU 0 ,  A35-LYS 0 :       0.00009422 at      2.533 Ang (1.857 Ang by residue) in 3.4846 (sec).
 3-Body  A19-LYS 32,  A22-GLU 0 ,  A35-LYD 1 :       0.00002540 at      2.533 Ang (1.857 Ang by residue) in 3.1417 (sec).
 3-Body  A19-LYS 32,  A22-GLU 0 ,  A35-LYD 2 :       0.00001763 at      2.570 Ang (1.857 Ang by residue) in 3.2235 (sec).
 3-Body  A19-LYS 32,  A22-GLU 0 ,  A35-LYD 3 :       0.00001601 at      2.570 Ang (1.857 Ang by residue) in 3.3206 (sec).
 3-Body  A19-LYS 32,  A22-GLU 0 ,  A35-LYD 4 :       0.00001357 at      2.570 Ang (1.857 Ang by residue) in 3.4287 (sec).
 3-Body  A19-LYS 32,  A22-GLU 0 ,  A35-LYD 5 :       0.00001361 at      2.570 Ang (1.857 Ang by residue) in 3.2992 (sec).
 3-Body  A19-LYS 32,  A22-GLU 0 ,  A35-LYD 6 :       0.00001328 at      2.570 Ang (1.857 Ang by residue) in 3.2772 (sec).
 3-Body  A19-LYS 32,  A22-GLU 0 ,  A35-LYD 20:       0.00002690 at      2.488 Ang (1.857 Ang by residue) in 3.5224 (sec).
 3-Body  A19-LYS 32,  A22-GLU 0 ,  A35-LYD 21:       0.00002958 at      2.487 Ang (1.857 Ang by residue) in 3.2932 (sec).
 3-Body  A19-LYS 32,  A22-GLU 0 ,  A35-LYD 23:       0.00001738 at      2.508 Ang (1.857 Ang by residue) in 3.2935 (sec).
 3-Body  A19-LYS 32,  A22-GLU 0 ,  A35-LYD 24:       0.00001673 at      2.508 Ang (1.857 Ang by residue) in 3.3820 (sec).
 3-Body  A19-LYS 32,  A22-GLU 0 ,  A35-LYS 29:       0.00005358 at      2.570 Ang (1.857 Ang by residue) in 3.1181 (sec).
 3-Body  A19-LYS 32,  A22-GLU 0 ,  A35-LYS 31:       0.00003933 at      2.570 Ang (1.857 Ang by residue) in 3.3751 (sec).
 3-Body  A19-LYS 32,  A22-GLU 0 ,  A35-LYS 32:       0.00003399 at      2.570 Ang (1.857 Ang by residue) in 3.2661 (sec).
 3-Body  A19-LYS 32,  A22-GLU 0 ,  A35-LYS 33:       0.00005068 at      2.570 Ang (1.857 Ang by residue) in 3.3119 (sec).
 3-Body  A19-LYS 32,  A22-GLU 0 ,  A35-LYS 46:       0.00011573 at      2.488 Ang (1.857 Ang by residue) in 3.4972 (sec).
 3-Body  A19-LYS 32,  A22-GLU 0 ,  A35-LYS 47:       0.00008464 at      2.488 Ang (1.857 Ang by residue) in 3.3987 (sec).
 3-Body  A19-LYS 32,  A22-GLU 0 ,  A35-LYS 48:       0.00010380 at      2.487 Ang (1.857 Ang by residue) in 3.2375 (sec).
 3-Body  A19-LYS 32,  A22-GLU 0 ,  A35-LYS 49:       0.00025370 at      2.440 Ang (1.857 Ang by residue) in 3.4460 (sec).
 3-Body  A19-LYS 32,  A22-GLU 0 ,  A35-LYS 50:       0.00006073 at      2.508 Ang (1.857 Ang by residue) in 3.4620 (sec).
 3-Body  A19-LYS 32,  A22-GLU 0 ,  A35-LYS 51:       0.00005299 at      2.508 Ang (1.857 Ang by residue) in 3.3643 (sec).
 3-Body  A19-LYS 32,  A22-GLU 36,  A35-LYS 0 :       0.00015075 at      2.484 Ang (1.857 Ang by residue) in 3.2340 (sec).
 3-Body  A19-LYS 32,  A22-GLU 36,  A35-LYD 1 :       0.00004825 at      2.484 Ang (1.857 Ang by residue) in 3.1959 (sec).
 3-Body  A19-LYS 32,  A22-GLU 36,  A35-LYD 2 :       0.00003036 at      2.542 Ang (1.857 Ang by residue) in 3.1964 (sec).
 3-Body  A19-LYS 32,  A22-GLU 36,  A35-LYD 3 :       0.00002662 at      2.542 Ang (1.857 Ang by residue) in 3.2822 (sec).
 3-Body  A19-LYS 32,  A22-GLU 36,  A35-LYD 4 :       0.00002295 at      2.542 Ang (1.857 Ang by residue) in 3.4293 (sec).
 3-Body  A19-LYS 32,  A22-GLU 36,  A35-LYD 5 :       0.00002431 at      2.542 Ang (1.857 Ang by residue) in 3.2818 (sec).
 3-Body  A19-LYS 32,  A22-GLU 36,  A35-LYD 6 :       0.00002599 at      2.542 Ang (1.857 Ang by residue) in 3.1521 (sec).
 3-Body  A19-LYS 32,  A22-GLU 36,  A35-LYD 20:       0.00005445 at      2.456 Ang (1.857 Ang by residue) in 3.3406 (sec).
 3-Body  A19-LYS 32,  A22-GLU 36,  A35-LYD 21:       0.00006174 at      2.453 Ang (1.857 Ang by residue) in 3.4046 (sec).
 3-Body  A19-LYS 32,  A22-GLU 36,  A35-LYD 23:       0.00003827 at      2.477 Ang (1.857 Ang by residue) in 3.2947 (sec).
 3-Body  A19-LYS 32,  A22-GLU 36,  A35-LYD 24:       0.00004032 at      2.477 Ang (1.857 Ang by residue) in 3.2933 (sec).
 3-Body  A19-LYS 32,  A22-GLU 36,  A35-LYS 29:       0.00008753 at      2.542 Ang (1.857 Ang by residue) in 3.4010 (sec).
 3-Body  A19-LYS 32,  A22-GLU 36,  A35-LYS 31:       0.00006720 at      2.542 Ang (1.857 Ang by residue) in 3.3618 (sec).
 3-Body  A19-LYS 32,  A22-GLU 36,  A35-LYS 32:       0.00005900 at      2.542 Ang (1.857 Ang by residue) in 3.4064 (sec).
 3-Body  A19-LYS 32,  A22-GLU 36,  A35-LYS 33:       0.00009463 at      2.542 Ang (1.857 Ang by residue) in 3.2205 (sec).
 3-Body  A19-LYS 32,  A22-GLU 36,  A35-LYS 46:       0.00025566 at      2.404 Ang (1.857 Ang by residue) in 3.1943 (sec).
 3-Body  A19-LYS 32,  A22-GLU 36,  A35-LYS 47:       0.00014587 at      2.456 Ang (1.857 Ang by residue) in 3.2012 (sec).
 3-Body  A19-LYS 32,  A22-GLU 36,  A35-LYS 48:       0.00017490 at      2.453 Ang (1.857 Ang by residue) in 3.2826 (sec).
 3-Body  A19-LYS 32,  A22-GLU 36,  A35-LYS 49:       0.00047343 at      2.385 Ang (1.857 Ang by residue) in 3.3436 (sec).
 3-Body  A19-LYS 32,  A22-GLU 36,  A35-LYS 50:       0.00010614 at      2.477 Ang (1.857 Ang by residue) in 3.2535 (sec).
 3-Body  A19-LYS 32,  A22-GLU 36,  A35-LYS 51:       0.00009404 at      2.477 Ang (1.857 Ang by residue) in 3.2913 (sec).
 3-Body  A19-LYS 32,  A22-GLU 39,  A35-LYS 0 :       0.00012918 at      2.543 Ang (1.857 Ang by residue) in 3.5392 (sec).
 3-Body  A19-LYS 32,  A22-GLU 39,  A35-LYD 1 :       0.00004147 at      2.543 Ang (1.857 Ang by residue) in 3.3631 (sec).
 3-Body  A19-LYS 32,  A22-GLU 39,  A35-LYD 2 :       0.00002634 at      2.580 Ang (1.857 Ang by residue) in 3.3824 (sec).
 3-Body  A19-LYS 32,  A22-GLU 39,  A35-LYD 3 :       0.00002277 at      2.580 Ang (1.857 Ang by residue) in 3.5326 (sec).
 3-Body  A19-LYS 32,  A22-GLU 39,  A35-LYD 4 :       0.00002070 at      2.580 Ang (1.857 Ang by residue) in 3.7952 (sec).
 3-Body  A19-LYS 32,  A22-GLU 39,  A35-LYD 5 :       0.00001998 at      2.580 Ang (1.857 Ang by residue) in 3.5217 (sec).
 3-Body  A19-LYS 32,  A22-GLU 39,  A35-LYD 6 :       0.00001966 at      2.580 Ang (1.857 Ang by residue) in 3.5694 (sec).
 3-Body  A19-LYS 32,  A22-GLU 39,  A35-LYD 20:       0.00004440 at      2.515 Ang (1.857 Ang by residue) in 3.5858 (sec).
 3-Body  A19-LYS 32,  A22-GLU 39,  A35-LYD 21:       0.00004851 at      2.514 Ang (1.857 Ang by residue) in 3.5039 (sec).
 3-Body  A19-LYS 32,  A22-GLU 39,  A35-LYD 23:       0.00003107 at      2.515 Ang (1.857 Ang by residue) in 3.1991 (sec).
 3-Body  A19-LYS 32,  A22-GLU 39,  A35-LYD 24:       0.00002916 at      2.515 Ang (1.857 Ang by residue) in 3.4899 (sec).
 3-Body  A19-LYS 32,  A22-GLU 39,  A35-LYS 29:       0.00007358 at      2.580 Ang (1.857 Ang by residue) in 3.3408 (sec).
 3-Body  A19-LYS 32,  A22-GLU 39,  A35-LYS 31:       0.00005397 at      2.580 Ang (1.857 Ang by residue) in 3.4011 (sec).
 3-Body  A19-LYS 32,  A22-GLU 39,  A35-LYS 32:       0.00004985 at      2.580 Ang (1.857 Ang by residue) in 3.2747 (sec).
 3-Body  A19-LYS 32,  A22-GLU 39,  A35-LYS 33:       0.00006560 at      2.580 Ang (1.857 Ang by residue) in 3.3249 (sec).
 3-Body  A19-LYS 32,  A22-GLU 39,  A35-LYS 46:       0.00014635 at      2.481 Ang (1.857 Ang by residue) in 3.2847 (sec).
 3-Body  A19-LYS 32,  A22-GLU 39,  A35-LYS 47:       0.00012829 at      2.515 Ang (1.857 Ang by residue) in 3.2049 (sec).
 3-Body  A19-LYS 32,  A22-GLU 39,  A35-LYS 48:       0.00014298 at      2.514 Ang (1.857 Ang by residue) in 3.2882 (sec).
 3-Body  A19-LYS 32,  A22-GLU 39,  A35-LYS 49:       0.00032615 at      2.458 Ang (1.857 Ang by residue) in 3.2153 (sec).
 3-Body  A19-LYS 32,  A22-GLU 39,  A35-LYS 50:       0.00008736 at      2.515 Ang (1.857 Ang by residue) in 3.3574 (sec).
 3-Body  A19-LYS 32,  A22-GLU 39,  A35-LYS 51:       0.00008262 at      2.515 Ang (1.857 Ang by residue) in 3.3124 (sec).
 3-Body  A19-LYS 32,  A22-GLU 40,  A35-LYS 0 :       0.00019442 at      2.453 Ang (1.857 Ang by residue) in 3.3267 (sec).
 3-Body  A19-LYS 32,  A22-GLU 40,  A35-LYD 1 :       0.00008036 at      2.453 Ang (1.857 Ang by residue) in 3.2634 (sec).
 3-Body  A19-LYS 32,  A22-GLU 40,  A35-LYD 2 :       0.00003590 at      2.562 Ang (1.857 Ang by residue) in 3.4024 (sec).
 3-Body  A19-LYS 32,  A22-GLU 40,  A35-LYD 3 :       0.00003016 at      2.562 Ang (1.857 Ang by residue) in 3.4158 (sec).
 3-Body  A19-LYS 32,  A22-GLU 40,  A35-LYD 4 :       0.00002803 at      2.562 Ang (1.857 Ang by residue) in 3.3752 (sec).
 3-Body  A19-LYS 32,  A22-GLU 40,  A35-LYD 5 :       0.00002759 at      2.562 Ang (1.857 Ang by residue) in 3.1422 (sec).
 3-Body  A19-LYS 32,  A22-GLU 40,  A35-LYD 6 :       0.00002813 at      2.562 Ang (1.857 Ang by residue) in 3.1898 (sec).
 3-Body  A19-LYS 32,  A22-GLU 40,  A35-LYD 20:       0.00010931 at      2.405 Ang (1.857 Ang by residue) in 3.1983 (sec).
 3-Body  A19-LYS 32,  A22-GLU 40,  A35-LYD 21:       0.00011970 at      2.403 Ang (1.857 Ang by residue) in 3.2490 (sec).
 3-Body  A19-LYS 32,  A22-GLU 40,  A35-LYD 23:       0.00006614 at      2.477 Ang (1.857 Ang by residue) in 3.3545 (sec).
 3-Body  A19-LYS 32,  A22-GLU 40,  A35-LYD 24:       0.00006430 at      2.477 Ang (1.857 Ang by residue) in 3.2390 (sec).
 3-Body  A19-LYS 32,  A22-GLU 40,  A35-LYS 29:       0.00008957 at      2.562 Ang (1.857 Ang by residue) in 3.2311 (sec).
 3-Body  A19-LYS 32,  A22-GLU 40,  A35-LYS 31:       0.00006582 at      2.562 Ang (1.857 Ang by residue) in 3.4206 (sec).
 3-Body  A19-LYS 32,  A22-GLU 40,  A35-LYS 32:       0.00006075 at      2.562 Ang (1.857 Ang by residue) in 3.1854 (sec).
 3-Body  A19-LYS 32,  A22-GLU 40,  A35-LYS 33:       0.00008150 at      2.562 Ang (1.857 Ang by residue) in 3.2924 (sec).
 3-Body  A19-LYS 32,  A22-GLU 40,  A35-LYS 46:       0.00027120 at      2.425 Ang (1.857 Ang by residue) in 3.3205 (sec).
 3-Body  A19-LYS 32,  A22-GLU 40,  A35-LYS 47:       0.00021211 at      2.405 Ang (1.857 Ang by residue) in 3.3962 (sec).
 3-Body  A19-LYS 32,  A22-GLU 40,  A35-LYS 48:       0.00024907 at      2.403 Ang (1.857 Ang by residue) in 3.3255 (sec).
 3-Body  A19-LYS 32,  A22-GLU 40,  A35-LYS 49:       0.00075261 at      2.356 Ang (1.857 Ang by residue) in 3.2011 (sec).
 3-Body  A19-LYS 32,  A22-GLU 40,  A35-LYS 50:       0.00013259 at      2.477 Ang (1.857 Ang by residue) in 3.3189 (sec).
 3-Body  A19-LYS 32,  A22-GLU 40,  A35-LYS 51:       0.00012426 at      2.477 Ang (1.857 Ang by residue) in 3.4569 (sec).
 3-Body  A19-LYS 32,  A22-GLU 41,  A35-LYS 0 :       0.00009505 at      2.543 Ang (1.857 Ang by residue) in 3.3548 (sec).
 3-Body  A19-LYS 32,  A22-GLU 41,  A35-LYD 1 :       0.00002729 at      2.543 Ang (1.857 Ang by residue) in 3.2642 (sec).
 3-Body  A19-LYS 32,  A22-GLU 41,  A35-LYD 2 :       0.00001900 at      2.580 Ang (1.857 Ang by residue) in 3.3714 (sec).
 3-Body  A19-LYS 32,  A22-GLU 41,  A35-LYD 3 :       0.00001734 at      2.580 Ang (1.857 Ang by residue) in 3.2066 (sec).
 3-Body  A19-LYS 32,  A22-GLU 41,  A35-LYD 4 :       0.00001478 at      2.580 Ang (1.857 Ang by residue) in 3.0912 (sec).
 3-Body  A19-LYS 32,  A22-GLU 41,  A35-LYD 5 :       0.00001500 at      2.580 Ang (1.857 Ang by residue) in 3.3573 (sec).
 3-Body  A19-LYS 32,  A22-GLU 41,  A35-LYD 6 :       0.00001497 at      2.580 Ang (1.857 Ang by residue) in 3.2370 (sec).
 3-Body  A19-LYS 32,  A22-GLU 41,  A35-LYD 20:       0.00002967 at      2.506 Ang (1.857 Ang by residue) in 3.3366 (sec).
 3-Body  A19-LYS 32,  A22-GLU 41,  A35-LYD 21:       0.00003223 at      2.504 Ang (1.857 Ang by residue) in 3.2001 (sec).
 3-Body  A19-LYS 32,  A22-GLU 41,  A35-LYD 23:       0.00001986 at      2.515 Ang (1.857 Ang by residue) in 3.1049 (sec).
 3-Body  A19-LYS 32,  A22-GLU 41,  A35-LYD 24:       0.00001957 at      2.515 Ang (1.857 Ang by residue) in 3.2455 (sec).
 3-Body  A19-LYS 32,  A22-GLU 41,  A35-LYS 29:       0.00005505 at      2.580 Ang (1.857 Ang by residue) in 3.2104 (sec).
 3-Body  A19-LYS 32,  A22-GLU 41,  A35-LYS 31:       0.00004107 at      2.580 Ang (1.857 Ang by residue) in 3.4046 (sec).
 3-Body  A19-LYS 32,  A22-GLU 41,  A35-LYS 32:       0.00003540 at      2.580 Ang (1.857 Ang by residue) in 3.2766 (sec).
 3-Body  A19-LYS 32,  A22-GLU 41,  A35-LYS 33:       0.00005341 at      2.580 Ang (1.857 Ang by residue) in 3.3215 (sec).
 3-Body  A19-LYS 32,  A22-GLU 41,  A35-LYS 46:       0.00012031 at      2.481 Ang (1.857 Ang by residue) in 3.2041 (sec).
 3-Body  A19-LYS 32,  A22-GLU 41,  A35-LYS 47:       0.00008524 at      2.506 Ang (1.857 Ang by residue) in 3.2513 (sec).
 3-Body  A19-LYS 32,  A22-GLU 41,  A35-LYS 48:       0.00010499 at      2.504 Ang (1.857 Ang by residue) in 3.3630 (sec).
 3-Body  A19-LYS 32,  A22-GLU 41,  A35-LYS 49:       0.00024757 at      2.457 Ang (1.857 Ang by residue) in 3.3508 (sec).
 3-Body  A19-LYS 32,  A22-GLU 41,  A35-LYS 50:       0.00006322 at      2.515 Ang (1.857 Ang by residue) in 3.2170 (sec).
 3-Body  A19-LYS 32,  A22-GLU 41,  A35-LYS 51:       0.00005493 at      2.515 Ang (1.857 Ang by residue) in 3.4699 (sec).
 3-Body  A19-LYS 33,  A20-ASP 0 ,  A22-GLU 0 :       0.00442934 at      1.645 Ang (1.241 Ang by residue) in 3.2796 (sec).
 3-Body  A19-LYS 33,  A20-ASP 0 ,  A22-GLU 36:       0.00384619 at      1.646 Ang (1.241 Ang by residue) in 3.3308 (sec).
 3-Body  A19-LYS 33,  A20-ASP 0 ,  A22-GLU 39:       0.00315484 at      1.647 Ang (1.241 Ang by residue) in 3.2865 (sec).
 3-Body  A19-LYS 33,  A20-ASP 0 ,  A22-GLU 40:       0.00405347 at      1.648 Ang (1.241 Ang by residue) in 3.2436 (sec).
 3-Body  A19-LYS 33,  A20-ASP 0 ,  A22-GLU 41:       0.00429004 at      1.647 Ang (1.241 Ang by residue) in 3.3611 (sec).
 3-Body  A19-LYS 33,  A20-ASP 0 ,  A35-LYS 0 :       0.00046321 at      2.268 Ang (2.211 Ang by residue) in 3.3437 (sec).
 3-Body  A19-LYS 33,  A20-ASP 0 ,  A35-LYD 1 :       0.00022665 at      2.268 Ang (2.211 Ang by residue) in 3.2900 (sec).
 3-Body  A19-LYS 33,  A20-ASP 0 ,  A35-LYD 2 :       0.00013609 at      2.274 Ang (2.211 Ang by residue) in 3.2930 (sec).
 3-Body  A19-LYS 33,  A20-ASP 0 ,  A35-LYD 3 :       0.00011765 at      2.274 Ang (2.211 Ang by residue) in 3.3276 (sec).
 3-Body  A19-LYS 33,  A20-ASP 0 ,  A35-LYD 4 :       0.00011783 at      2.274 Ang (2.211 Ang by residue) in 3.4730 (sec).
 3-Body  A19-LYS 33,  A20-ASP 0 ,  A35-LYD 5 :       0.00011390 at      2.274 Ang (2.211 Ang by residue) in 3.4688 (sec).
 3-Body  A19-LYS 33,  A20-ASP 0 ,  A35-LYD 6 :       0.00011808 at      2.274 Ang (2.211 Ang by residue) in 3.4136 (sec).
 3-Body  A19-LYS 33,  A20-ASP 0 ,  A35-LYD 20:       0.00025967 at      2.243 Ang (2.211 Ang by residue) in 3.3801 (sec).
 3-Body  A19-LYS 33,  A20-ASP 0 ,  A35-LYD 21:       0.00028307 at      2.243 Ang (2.211 Ang by residue) in 3.2314 (sec).
 3-Body  A19-LYS 33,  A20-ASP 0 ,  A35-LYD 23:       0.00022592 at      2.243 Ang (2.211 Ang by residue) in 3.3847 (sec).
 3-Body  A19-LYS 33,  A20-ASP 0 ,  A35-LYD 24:       0.00021943 at      2.243 Ang (2.211 Ang by residue) in 3.3034 (sec).
 3-Body  A19-LYS 33,  A20-ASP 0 ,  A35-LYS 29:       0.00028543 at      2.274 Ang (2.211 Ang by residue) in 3.4719 (sec).
 3-Body  A19-LYS 33,  A20-ASP 0 ,  A35-LYS 31:       0.00022853 at      2.274 Ang (2.211 Ang by residue) in 3.5131 (sec).
 3-Body  A19-LYS 33,  A20-ASP 0 ,  A35-LYS 32:       0.00023282 at      2.274 Ang (2.211 Ang by residue) in 3.3962 (sec).
 3-Body  A19-LYS 33,  A20-ASP 0 ,  A35-LYS 33:       0.00025465 at      2.274 Ang (2.211 Ang by residue) in 3.3204 (sec).
 3-Body  A19-LYS 33,  A20-ASP 0 ,  A35-LYS 46:       0.00052446 at      2.243 Ang (2.211 Ang by residue) in 3.4099 (sec).
 3-Body  A19-LYS 33,  A20-ASP 0 ,  A35-LYS 47:       0.00062782 at      2.243 Ang (2.211 Ang by residue) in 3.5669 (sec).
 3-Body  A19-LYS 33,  A20-ASP 0 ,  A35-LYS 48:       0.00054349 at      2.243 Ang (2.211 Ang by residue) in 3.5345 (sec).
 3-Body  A19-LYS 33,  A20-ASP 0 ,  A35-LYS 49:       0.00115512 at      2.211 Ang (2.211 Ang by residue) in 3.2808 (sec).
 3-Body  A19-LYS 33,  A20-ASP 0 ,  A35-LYS 50:       0.00040120 at      2.243 Ang (2.211 Ang by residue) in 3.3145 (sec).
 3-Body  A19-LYS 33,  A20-ASP 0 ,  A35-LYS 51:       0.00043484 at      2.243 Ang (2.211 Ang by residue) in 3.2784 (sec).
 3-Body  A19-LYS 33,  A20-ASP 22,  A22-GLU 0 :       0.00514609 at      1.673 Ang (1.241 Ang by residue) in 3.2993 (sec).
 3-Body  A19-LYS 33,  A20-ASP 22,  A22-GLU 36:       0.00459036 at      1.673 Ang (1.241 Ang by residue) in 3.2981 (sec).
 3-Body  A19-LYS 33,  A20-ASP 22,  A22-GLU 39:       0.00452942 at      1.673 Ang (1.241 Ang by residue) in 3.3962 (sec).
 3-Body  A19-LYS 33,  A20-ASP 22,  A22-GLU 40:       0.00467105 at      1.673 Ang (1.241 Ang by residue) in 3.2383 (sec).
 3-Body  A19-LYS 33,  A20-ASP 22,  A22-GLU 41:       0.00500642 at      1.673 Ang (1.241 Ang by residue) in 3.3469 (sec).
 3-Body  A19-LYS 33,  A20-ASP 22,  A35-LYS 0 :       0.00051153 at      2.277 Ang (2.211 Ang by residue) in 3.4315 (sec).
 3-Body  A19-LYS 33,  A20-ASP 22,  A35-LYD 1 :       0.00025430 at      2.277 Ang (2.211 Ang by residue) in 3.2822 (sec).
 3-Body  A19-LYS 33,  A20-ASP 22,  A35-LYD 2 :       0.00015491 at      2.317 Ang (2.211 Ang by residue) in 3.3036 (sec).
 3-Body  A19-LYS 33,  A20-ASP 22,  A35-LYD 3 :       0.00013449 at      2.317 Ang (2.211 Ang by residue) in 3.2701 (sec).
 3-Body  A19-LYS 33,  A20-ASP 22,  A35-LYD 4 :       0.00013466 at      2.317 Ang (2.211 Ang by residue) in 3.4659 (sec).
 3-Body  A19-LYS 33,  A20-ASP 22,  A35-LYD 5 :       0.00013121 at      2.317 Ang (2.211 Ang by residue) in 3.2601 (sec).
 3-Body  A19-LYS 33,  A20-ASP 22,  A35-LYD 6 :       0.00013604 at      2.317 Ang (2.211 Ang by residue) in 3.2986 (sec).
 3-Body  A19-LYS 33,  A20-ASP 22,  A35-LYD 20:       0.00029356 at      2.267 Ang (2.211 Ang by residue) in 3.4220 (sec).
 3-Body  A19-LYS 33,  A20-ASP 22,  A35-LYD 21:       0.00032014 at      2.267 Ang (2.211 Ang by residue) in 3.2793 (sec).
 3-Body  A19-LYS 33,  A20-ASP 22,  A35-LYD 23:       0.00025574 at      2.267 Ang (2.211 Ang by residue) in 3.3513 (sec).
 3-Body  A19-LYS 33,  A20-ASP 22,  A35-LYD 24:       0.00025058 at      2.267 Ang (2.211 Ang by residue) in 3.2559 (sec).
 3-Body  A19-LYS 33,  A20-ASP 22,  A35-LYS 29:       0.00031750 at      2.317 Ang (2.211 Ang by residue) in 3.4019 (sec).
 3-Body  A19-LYS 33,  A20-ASP 22,  A35-LYS 31:       0.00025635 at      2.317 Ang (2.211 Ang by residue) in 3.3826 (sec).
 3-Body  A19-LYS 33,  A20-ASP 22,  A35-LYS 32:       0.00026031 at      2.317 Ang (2.211 Ang by residue) in 3.3126 (sec).
 3-Body  A19-LYS 33,  A20-ASP 22,  A35-LYS 33:       0.00028829 at      2.317 Ang (2.211 Ang by residue) in 3.3212 (sec).
 3-Body  A19-LYS 33,  A20-ASP 22,  A35-LYS 46:       0.00059834 at      2.267 Ang (2.211 Ang by residue) in 3.4873 (sec).
 3-Body  A19-LYS 33,  A20-ASP 22,  A35-LYS 47:       0.00069633 at      2.267 Ang (2.211 Ang by residue) in 3.2433 (sec).
 3-Body  A19-LYS 33,  A20-ASP 22,  A35-LYS 48:       0.00060474 at      2.267 Ang (2.211 Ang by residue) in 3.3496 (sec).
 3-Body  A19-LYS 33,  A20-ASP 22,  A35-LYS 49:       0.00132545 at      2.213 Ang (2.211 Ang by residue) in 3.4566 (sec).
 3-Body  A19-LYS 33,  A20-ASP 22,  A35-LYS 50:       0.00044763 at      2.267 Ang (2.211 Ang by residue) in 3.3439 (sec).
 3-Body  A19-LYS 33,  A20-ASP 22,  A35-LYS 51:       0.00048343 at      2.267 Ang (2.211 Ang by residue) in 3.2998 (sec).
 3-Body  A19-LYS 33,  A20-ASP 23,  A22-GLU 0 :       0.00552972 at      1.640 Ang (1.241 Ang by residue) in 3.4650 (sec).
 3-Body  A19-LYS 33,  A20-ASP 23,  A22-GLU 36:       0.00492845 at      1.640 Ang (1.241 Ang by residue) in 3.3416 (sec).
 3-Body  A19-LYS 33,  A20-ASP 23,  A22-GLU 39:       0.00474029 at      1.640 Ang (1.241 Ang by residue) in 3.3364 (sec).
 3-Body  A19-LYS 33,  A20-ASP 23,  A22-GLU 40:       0.00513988 at      1.640 Ang (1.241 Ang by residue) in 3.1978 (sec).
 3-Body  A19-LYS 33,  A20-ASP 23,  A22-GLU 41:       0.00543356 at      1.640 Ang (1.241 Ang by residue) in 3.2460 (sec).
 3-Body  A19-LYS 33,  A20-ASP 23,  A35-LYS 0 :       0.00046241 at      2.271 Ang (2.211 Ang by residue) in 3.1967 (sec).
 3-Body  A19-LYS 33,  A20-ASP 23,  A35-LYD 1 :       0.00024790 at      2.271 Ang (2.211 Ang by residue) in 3.3145 (sec).
 3-Body  A19-LYS 33,  A20-ASP 23,  A35-LYD 2 :       0.00014907 at      2.302 Ang (2.211 Ang by residue) in 3.2815 (sec).
 3-Body  A19-LYS 33,  A20-ASP 23,  A35-LYD 3 :       0.00013072 at      2.302 Ang (2.211 Ang by residue) in 3.3015 (sec).
 3-Body  A19-LYS 33,  A20-ASP 23,  A35-LYD 4 :       0.00013072 at      2.302 Ang (2.211 Ang by residue) in 3.3788 (sec).
 3-Body  A19-LYS 33,  A20-ASP 23,  A35-LYD 5 :       0.00012780 at      2.302 Ang (2.211 Ang by residue) in 3.3525 (sec).
 3-Body  A19-LYS 33,  A20-ASP 23,  A35-LYD 6 :       0.00013283 at      2.302 Ang (2.211 Ang by residue) in 3.2880 (sec).
 3-Body  A19-LYS 33,  A20-ASP 23,  A35-LYD 20:       0.00028960 at      2.261 Ang (2.211 Ang by residue) in 3.2661 (sec).
 3-Body  A19-LYS 33,  A20-ASP 23,  A35-LYD 21:       0.00031218 at      2.261 Ang (2.211 Ang by residue) in 3.2360 (sec).
 3-Body  A19-LYS 33,  A20-ASP 23,  A35-LYD 23:       0.00025109 at      2.261 Ang (2.211 Ang by residue) in 3.3332 (sec).
 3-Body  A19-LYS 33,  A20-ASP 23,  A35-LYD 24:       0.00024718 at      2.261 Ang (2.211 Ang by residue) in 3.4202 (sec).
 3-Body  A19-LYS 33,  A20-ASP 23,  A35-LYS 29:       0.00028065 at      2.302 Ang (2.211 Ang by residue) in 3.1991 (sec).
 3-Body  A19-LYS 33,  A20-ASP 23,  A35-LYS 31:       0.00022759 at      2.302 Ang (2.211 Ang by residue) in 3.2942 (sec).
 3-Body  A19-LYS 33,  A20-ASP 23,  A35-LYS 32:       0.00023082 at      2.302 Ang (2.211 Ang by residue) in 3.3259 (sec).
 3-Body  A19-LYS 33,  A20-ASP 23,  A35-LYS 33:       0.00025434 at      2.302 Ang (2.211 Ang by residue) in 3.0957 (sec).
 3-Body  A19-LYS 33,  A20-ASP 23,  A35-LYS 46:       0.00054552 at      2.261 Ang (2.211 Ang by residue) in 3.2065 (sec).
 3-Body  A19-LYS 33,  A20-ASP 23,  A35-LYS 47:       0.00063906 at      2.261 Ang (2.211 Ang by residue) in 3.3024 (sec).
 3-Body  A19-LYS 33,  A20-ASP 23,  A35-LYS 48:       0.00055128 at      2.261 Ang (2.211 Ang by residue) in 3.2756 (sec).
 3-Body  A19-LYS 33,  A20-ASP 23,  A35-LYS 49:       0.00122972 at      2.216 Ang (2.211 Ang by residue) in 3.2218 (sec).
 3-Body  A19-LYS 33,  A20-ASP 23,  A35-LYS 50:       0.00040759 at      2.261 Ang (2.211 Ang by residue) in 3.2664 (sec).
 3-Body  A19-LYS 33,  A20-ASP 23,  A35-LYS 51:       0.00044043 at      2.261 Ang (2.211 Ang by residue) in 3.3383 (sec).
 3-Body  A19-LYS 33,  A20-ASP 25,  A22-GLU 0 :       0.00081400 at      1.719 Ang (1.241 Ang by residue) in 3.2748 (sec).
 3-Body  A19-LYS 33,  A20-ASP 25,  A22-GLU 36:       0.00072926 at      1.719 Ang (1.241 Ang by residue) in 3.3836 (sec).
 3-Body  A19-LYS 33,  A20-ASP 25,  A22-GLU 39:      -0.00285171 at      1.658 Ang (1.241 Ang by residue) in 3.4307 (sec).
 3-Body  A19-LYS 33,  A20-ASP 25,  A22-GLU 40:       0.00066434 at      1.719 Ang (1.241 Ang by residue) in 3.4046 (sec).
 3-Body  A19-LYS 33,  A20-ASP 25,  A22-GLU 41:       0.00080087 at      1.719 Ang (1.241 Ang by residue) in 3.3198 (sec).
 3-Body  A19-LYS 33,  A20-ASP 25,  A35-LYS 0 :       0.00012683 at      2.369 Ang (2.211 Ang by residue) in 3.3779 (sec).
 3-Body  A19-LYS 33,  A20-ASP 25,  A35-LYD 1 :       0.00005384 at      2.369 Ang (2.211 Ang by residue) in 3.1942 (sec).
 3-Body  A19-LYS 33,  A20-ASP 25,  A35-LYD 2 :       0.00003770 at      2.383 Ang (2.211 Ang by residue) in 3.2460 (sec).
 3-Body  A19-LYS 33,  A20-ASP 25,  A35-LYD 3 :       0.00003454 at      2.383 Ang (2.211 Ang by residue) in 3.3512 (sec).
 3-Body  A19-LYS 33,  A20-ASP 25,  A35-LYD 4 :       0.00003374 at      2.383 Ang (2.211 Ang by residue) in 3.1897 (sec).
 3-Body  A19-LYS 33,  A20-ASP 25,  A35-LYD 5 :       0.00003031 at      2.383 Ang (2.211 Ang by residue) in 3.4675 (sec).
 3-Body  A19-LYS 33,  A20-ASP 25,  A35-LYD 6 :       0.00003130 at      2.383 Ang (2.211 Ang by residue) in 3.2365 (sec).
 3-Body  A19-LYS 33,  A20-ASP 25,  A35-LYD 20:       0.00005504 at      2.355 Ang (2.211 Ang by residue) in 3.2604 (sec).
 3-Body  A19-LYS 33,  A20-ASP 25,  A35-LYD 21:       0.00006033 at      2.355 Ang (2.211 Ang by residue) in 3.2643 (sec).
 3-Body  A19-LYS 33,  A20-ASP 25,  A35-LYD 23:       0.00005070 at      2.355 Ang (2.211 Ang by residue) in 3.3798 (sec).
 3-Body  A19-LYS 33,  A20-ASP 25,  A35-LYD 24:       0.00004330 at      2.355 Ang (2.211 Ang by residue) in 3.3148 (sec).
 3-Body  A19-LYS 33,  A20-ASP 25,  A35-LYS 29:       0.00007805 at      2.383 Ang (2.211 Ang by residue) in 3.2476 (sec).
 3-Body  A19-LYS 33,  A20-ASP 25,  A35-LYS 31:       0.00005803 at      2.383 Ang (2.211 Ang by residue) in 3.3386 (sec).
 3-Body  A19-LYS 33,  A20-ASP 25,  A35-LYS 32:       0.00005914 at      2.383 Ang (2.211 Ang by residue) in 3.2619 (sec).
 3-Body  A19-LYS 33,  A20-ASP 25,  A35-LYS 33:       0.00005779 at      2.383 Ang (2.211 Ang by residue) in 3.3420 (sec).
 3-Body  A19-LYS 33,  A20-ASP 25,  A35-LYS 46:       0.00010835 at      2.355 Ang (2.211 Ang by residue) in 3.3904 (sec).
 3-Body  A19-LYS 33,  A20-ASP 25,  A35-LYS 47:       0.00015719 at      2.355 Ang (2.211 Ang by residue) in 3.1867 (sec).
 3-Body  A19-LYS 33,  A20-ASP 25,  A35-LYS 48:       0.00013713 at      2.355 Ang (2.211 Ang by residue) in 3.3610 (sec).
 3-Body  A19-LYS 33,  A20-ASP 25,  A35-LYS 49:       0.00020494 at      2.313 Ang (2.211 Ang by residue) in 3.3604 (sec).
 3-Body  A19-LYS 33,  A20-ASP 25,  A35-LYS 50:       0.00009794 at      2.355 Ang (2.211 Ang by residue) in 3.2373 (sec).
 3-Body  A19-LYS 33,  A20-ASP 25,  A35-LYS 51:       0.00010767 at      2.355 Ang (2.211 Ang by residue) in 3.1038 (sec).
 3-Body  A19-LYS 33,  A22-GLU 0 ,  A35-LYS 0 :       0.00014792 at      2.504 Ang (1.857 Ang by residue) in 3.2383 (sec).
 3-Body  A19-LYS 33,  A22-GLU 0 ,  A35-LYD 1 :       0.00004539 at      2.504 Ang (1.857 Ang by residue) in 3.3579 (sec).
 3-Body  A19-LYS 33,  A22-GLU 0 ,  A35-LYD 2 :       0.00002866 at      2.541 Ang (1.857 Ang by residue) in 3.2961 (sec).
 3-Body  A19-LYS 33,  A22-GLU 0 ,  A35-LYD 3 :       0.00002592 at      2.541 Ang (1.857 Ang by residue) in 3.1751 (sec).
 3-Body  A19-LYS 33,  A22-GLU 0 ,  A35-LYD 4 :       0.00002223 at      2.541 Ang (1.857 Ang by residue) in 3.2692 (sec).
 3-Body  A19-LYS 33,  A22-GLU 0 ,  A35-LYD 5 :       0.00002144 at      2.541 Ang (1.857 Ang by residue) in 3.0934 (sec).
 3-Body  A19-LYS 33,  A22-GLU 0 ,  A35-LYD 6 :       0.00002162 at      2.541 Ang (1.857 Ang by residue) in 3.2041 (sec).
 3-Body  A19-LYS 33,  A22-GLU 0 ,  A35-LYD 20:       0.00004923 at      2.459 Ang (1.857 Ang by residue) in 3.2907 (sec).
 3-Body  A19-LYS 33,  A22-GLU 0 ,  A35-LYD 21:       0.00005393 at      2.457 Ang (1.857 Ang by residue) in 3.1851 (sec).
 3-Body  A19-LYS 33,  A22-GLU 0 ,  A35-LYD 23:       0.00003273 at      2.479 Ang (1.857 Ang by residue) in 3.3470 (sec).
 3-Body  A19-LYS 33,  A22-GLU 0 ,  A35-LYD 24:       0.00003026 at      2.479 Ang (1.857 Ang by residue) in 3.3777 (sec).
 3-Body  A19-LYS 33,  A22-GLU 0 ,  A35-LYS 29:       0.00007670 at      2.541 Ang (1.857 Ang by residue) in 3.3111 (sec).
 3-Body  A19-LYS 33,  A22-GLU 0 ,  A35-LYS 31:       0.00005301 at      2.541 Ang (1.857 Ang by residue) in 3.2197 (sec).
 3-Body  A19-LYS 33,  A22-GLU 0 ,  A35-LYS 32:       0.00004557 at      2.541 Ang (1.857 Ang by residue) in 3.4124 (sec).
 3-Body  A19-LYS 33,  A22-GLU 0 ,  A35-LYS 33:       0.00006747 at      2.541 Ang (1.857 Ang by residue) in 3.2362 (sec).
 3-Body  A19-LYS 33,  A22-GLU 0 ,  A35-LYS 46:       0.00017582 at      2.458 Ang (1.857 Ang by residue) in 3.2795 (sec).
 3-Body  A19-LYS 33,  A22-GLU 0 ,  A35-LYS 47:       0.00013912 at      2.459 Ang (1.857 Ang by residue) in 3.3156 (sec).
 3-Body  A19-LYS 33,  A22-GLU 0 ,  A35-LYS 48:       0.00016554 at      2.457 Ang (1.857 Ang by residue) in 3.3969 (sec).
 3-Body  A19-LYS 33,  A22-GLU 0 ,  A35-LYS 49:       0.00042626 at      2.409 Ang (1.857 Ang by residue) in 3.2074 (sec).
 3-Body  A19-LYS 33,  A22-GLU 0 ,  A35-LYS 50:       0.00009219 at      2.479 Ang (1.857 Ang by residue) in 3.2687 (sec).
 3-Body  A19-LYS 33,  A22-GLU 0 ,  A35-LYS 51:       0.00008213 at      2.479 Ang (1.857 Ang by residue) in 3.2806 (sec).
 3-Body  A19-LYS 33,  A22-GLU 36,  A35-LYS 0 :       0.00026624 at      2.454 Ang (1.857 Ang by residue) in 3.2121 (sec).
 3-Body  A19-LYS 33,  A22-GLU 36,  A35-LYD 1 :       0.00009172 at      2.454 Ang (1.857 Ang by residue) in 3.3425 (sec).
 3-Body  A19-LYS 33,  A22-GLU 36,  A35-LYD 2 :       0.00005355 at      2.513 Ang (1.857 Ang by residue) in 3.1139 (sec).
 3-Body  A19-LYS 33,  A22-GLU 36,  A35-LYD 3 :       0.00004650 at      2.513 Ang (1.857 Ang by residue) in 3.0815 (sec).
 3-Body  A19-LYS 33,  A22-GLU 36,  A35-LYD 4 :       0.00004027 at      2.513 Ang (1.857 Ang by residue) in 3.3206 (sec).
 3-Body  A19-LYS 33,  A22-GLU 36,  A35-LYD 5 :       0.00004159 at      2.513 Ang (1.857 Ang by residue) in 3.3318 (sec).
 3-Body  A19-LYS 33,  A22-GLU 36,  A35-LYD 6 :       0.00004531 at      2.513 Ang (1.857 Ang by residue) in 3.1733 (sec).
 3-Body  A19-LYS 33,  A22-GLU 36,  A35-LYD 20:       0.00010588 at      2.426 Ang (1.857 Ang by residue) in 3.4296 (sec).
 3-Body  A19-LYS 33,  A22-GLU 36,  A35-LYD 21:       0.00011964 at      2.423 Ang (1.857 Ang by residue) in 3.4347 (sec).
 3-Body  A19-LYS 33,  A22-GLU 36,  A35-LYD 23:       0.00007487 at      2.447 Ang (1.857 Ang by residue) in 3.2004 (sec).
 3-Body  A19-LYS 33,  A22-GLU 36,  A35-LYD 24:       0.00007690 at      2.447 Ang (1.857 Ang by residue) in 3.2874 (sec).
 3-Body  A19-LYS 33,  A22-GLU 36,  A35-LYS 29:       0.00014411 at      2.513 Ang (1.857 Ang by residue) in 3.3067 (sec).
 3-Body  A19-LYS 33,  A22-GLU 36,  A35-LYS 31:       0.00010627 at      2.513 Ang (1.857 Ang by residue) in 3.3168 (sec).
 3-Body  A19-LYS 33,  A22-GLU 36,  A35-LYS 32:       0.00009320 at      2.513 Ang (1.857 Ang by residue) in 3.2233 (sec).
 3-Body  A19-LYS 33,  A22-GLU 36,  A35-LYS 33:       0.00015012 at      2.513 Ang (1.857 Ang by residue) in 3.2468 (sec).
 3-Body  A19-LYS 33,  A22-GLU 36,  A35-LYS 46:       0.00044517 at      2.373 Ang (1.857 Ang by residue) in 3.2865 (sec).
 3-Body  A19-LYS 33,  A22-GLU 36,  A35-LYS 47:       0.00026843 at      2.426 Ang (1.857 Ang by residue) in 3.2915 (sec).
 3-Body  A19-LYS 33,  A22-GLU 36,  A35-LYS 48:       0.00031412 at      2.423 Ang (1.857 Ang by residue) in 3.2439 (sec).
 3-Body  A19-LYS 33,  A22-GLU 36,  A35-LYS 49:       0.00089585 at      2.354 Ang (1.857 Ang by residue) in 3.2084 (sec).
 3-Body  A19-LYS 33,  A22-GLU 36,  A35-LYS 50:       0.00018393 at      2.447 Ang (1.857 Ang by residue) in 3.2446 (sec).
 3-Body  A19-LYS 33,  A22-GLU 36,  A35-LYS 51:       0.00016569 at      2.447 Ang (1.857 Ang by residue) in 3.4009 (sec).
 3-Body  A19-LYS 33,  A22-GLU 39,  A35-LYS 0 :       0.00018137 at      2.514 Ang (1.857 Ang by residue) in 3.2628 (sec).
 3-Body  A19-LYS 33,  A22-GLU 39,  A35-LYD 1 :       0.00006099 at      2.514 Ang (1.857 Ang by residue) in 3.2470 (sec).
 3-Body  A19-LYS 33,  A22-GLU 39,  A35-LYD 2 :       0.00003705 at      2.551 Ang (1.857 Ang by residue) in 3.2974 (sec).
 3-Body  A19-LYS 33,  A22-GLU 39,  A35-LYD 3 :       0.00003235 at      2.551 Ang (1.857 Ang by residue) in 3.4119 (sec).
 3-Body  A19-LYS 33,  A22-GLU 39,  A35-LYD 4 :       0.00002937 at      2.551 Ang (1.857 Ang by residue) in 3.2105 (sec).
 3-Body  A19-LYS 33,  A22-GLU 39,  A35-LYD 5 :       0.00002745 at      2.551 Ang (1.857 Ang by residue) in 3.1991 (sec).
 3-Body  A19-LYS 33,  A22-GLU 39,  A35-LYD 6 :       0.00002726 at      2.551 Ang (1.857 Ang by residue) in 3.2032 (sec).
 3-Body  A19-LYS 33,  A22-GLU 39,  A35-LYD 20:       0.00006621 at      2.486 Ang (1.857 Ang by residue) in 3.1731 (sec).
 3-Body  A19-LYS 33,  A22-GLU 39,  A35-LYD 21:       0.00007254 at      2.484 Ang (1.857 Ang by residue) in 3.3167 (sec).
 3-Body  A19-LYS 33,  A22-GLU 39,  A35-LYD 23:       0.00004666 at      2.486 Ang (1.857 Ang by residue) in 3.2711 (sec).
 3-Body  A19-LYS 33,  A22-GLU 39,  A35-LYD 24:       0.00004234 at      2.486 Ang (1.857 Ang by residue) in 3.4606 (sec).
 3-Body  A19-LYS 33,  A22-GLU 39,  A35-LYS 29:       0.00009533 at      2.551 Ang (1.857 Ang by residue) in 3.3379 (sec).
 3-Body  A19-LYS 33,  A22-GLU 39,  A35-LYS 31:       0.00006610 at      2.551 Ang (1.857 Ang by residue) in 3.1287 (sec).
 3-Body  A19-LYS 33,  A22-GLU 39,  A35-LYS 32:       0.00006079 at      2.551 Ang (1.857 Ang by residue) in 3.2354 (sec).
 3-Body  A19-LYS 33,  A22-GLU 39,  A35-LYS 33:       0.00007904 at      2.551 Ang (1.857 Ang by residue) in 3.0861 (sec).
 3-Body  A19-LYS 33,  A22-GLU 39,  A35-LYS 46:       0.00020125 at      2.451 Ang (1.857 Ang by residue) in 3.2914 (sec).
 3-Body  A19-LYS 33,  A22-GLU 39,  A35-LYS 47:       0.00018469 at      2.486 Ang (1.857 Ang by residue) in 3.1623 (sec).
 3-Body  A19-LYS 33,  A22-GLU 39,  A35-LYS 48:       0.00020343 at      2.484 Ang (1.857 Ang by residue) in 3.0786 (sec).
 3-Body  A19-LYS 33,  A22-GLU 39,  A35-LYS 49:       0.00049894 at      2.428 Ang (1.857 Ang by residue) in 3.3459 (sec).
 3-Body  A19-LYS 33,  A22-GLU 39,  A35-LYS 50:       0.00011771 at      2.486 Ang (1.857 Ang by residue) in 3.1879 (sec).
 3-Body  A19-LYS 33,  A22-GLU 39,  A35-LYS 51:       0.00011235 at      2.486 Ang (1.857 Ang by residue) in 3.1779 (sec).
 3-Body  A19-LYS 33,  A22-GLU 40,  A35-LYS 0 :       0.00028837 at      2.423 Ang (1.857 Ang by residue) in 3.3280 (sec).
 3-Body  A19-LYS 33,  A22-GLU 40,  A35-LYD 1 :       0.00012127 at      2.423 Ang (1.857 Ang by residue) in 3.2812 (sec).
 3-Body  A19-LYS 33,  A22-GLU 40,  A35-LYD 2 :       0.00005331 at      2.533 Ang (1.857 Ang by residue) in 3.3174 (sec).
 3-Body  A19-LYS 33,  A22-GLU 40,  A35-LYD 3 :       0.00004505 at      2.533 Ang (1.857 Ang by residue) in 3.3842 (sec).
 3-Body  A19-LYS 33,  A22-GLU 40,  A35-LYD 4 :       0.00004181 at      2.533 Ang (1.857 Ang by residue) in 3.3958 (sec).
 3-Body  A19-LYS 33,  A22-GLU 40,  A35-LYD 5 :       0.00004038 at      2.533 Ang (1.857 Ang by residue) in 3.2293 (sec).
 3-Body  A19-LYS 33,  A22-GLU 40,  A35-LYD 6 :       0.00004137 at      2.533 Ang (1.857 Ang by residue) in 3.2252 (sec).
 3-Body  A19-LYS 33,  A22-GLU 40,  A35-LYD 20:       0.00016663 at      2.374 Ang (1.857 Ang by residue) in 3.5310 (sec).
 3-Body  A19-LYS 33,  A22-GLU 40,  A35-LYD 21:       0.00018100 at      2.372 Ang (1.857 Ang by residue) in 3.4247 (sec).
 3-Body  A19-LYS 33,  A22-GLU 40,  A35-LYD 23:       0.00010174 at      2.447 Ang (1.857 Ang by residue) in 3.4200 (sec).
 3-Body  A19-LYS 33,  A22-GLU 40,  A35-LYD 24:       0.00009774 at      2.447 Ang (1.857 Ang by residue) in 3.3511 (sec).
 3-Body  A19-LYS 33,  A22-GLU 40,  A35-LYS 29:       0.00012650 at      2.533 Ang (1.857 Ang by residue) in 3.3014 (sec).
 3-Body  A19-LYS 33,  A22-GLU 40,  A35-LYS 31:       0.00008970 at      2.533 Ang (1.857 Ang by residue) in 3.3661 (sec).
 3-Body  A19-LYS 33,  A22-GLU 40,  A35-LYS 32:       0.00008276 at      2.533 Ang (1.857 Ang by residue) in 3.4341 (sec).
 3-Body  A19-LYS 33,  A22-GLU 40,  A35-LYS 33:       0.00010961 at      2.533 Ang (1.857 Ang by residue) in 3.3030 (sec).
 3-Body  A19-LYS 33,  A22-GLU 40,  A35-LYS 46:       0.00038909 at      2.394 Ang (1.857 Ang by residue) in 3.3877 (sec).
 3-Body  A19-LYS 33,  A22-GLU 40,  A35-LYS 47:       0.00032377 at      2.374 Ang (1.857 Ang by residue) in 3.1209 (sec).
 3-Body  A19-LYS 33,  A22-GLU 40,  A35-LYS 48:       0.00037189 at      2.372 Ang (1.857 Ang by residue) in 3.3831 (sec).
 3-Body  A19-LYS 33,  A22-GLU 40,  A35-LYS 49:       0.00115493 at      2.325 Ang (1.857 Ang by residue) in 3.3229 (sec).
 3-Body  A19-LYS 33,  A22-GLU 40,  A35-LYS 50:       0.00019403 at      2.447 Ang (1.857 Ang by residue) in 3.1879 (sec).
 3-Body  A19-LYS 33,  A22-GLU 40,  A35-LYS 51:       0.00018404 at      2.447 Ang (1.857 Ang by residue) in 3.2391 (sec).
 3-Body  A19-LYS 33,  A22-GLU 41,  A35-LYS 0 :       0.00014970 at      2.514 Ang (1.857 Ang by residue) in 3.3292 (sec).
 3-Body  A19-LYS 33,  A22-GLU 41,  A35-LYD 1 :       0.00004875 at      2.514 Ang (1.857 Ang by residue) in 3.1323 (sec).
 3-Body  A19-LYS 33,  A22-GLU 41,  A35-LYD 2 :       0.00003094 at      2.551 Ang (1.857 Ang by residue) in 3.4734 (sec).
 3-Body  A19-LYS 33,  A22-GLU 41,  A35-LYD 3 :       0.00002815 at      2.551 Ang (1.857 Ang by residue) in 3.3231 (sec).
 3-Body  A19-LYS 33,  A22-GLU 41,  A35-LYD 4 :       0.00002421 at      2.551 Ang (1.857 Ang by residue) in 3.2958 (sec).
 3-Body  A19-LYS 33,  A22-GLU 41,  A35-LYD 5 :       0.00002368 at      2.551 Ang (1.857 Ang by residue) in 3.0894 (sec).
 3-Body  A19-LYS 33,  A22-GLU 41,  A35-LYD 6 :       0.00002439 at      2.551 Ang (1.857 Ang by residue) in 3.2786 (sec).
 3-Body  A19-LYS 33,  A22-GLU 41,  A35-LYD 20:       0.00005407 at      2.477 Ang (1.857 Ang by residue) in 3.1451 (sec).
 3-Body  A19-LYS 33,  A22-GLU 41,  A35-LYD 21:       0.00005857 at      2.475 Ang (1.857 Ang by residue) in 3.2831 (sec).
 3-Body  A19-LYS 33,  A22-GLU 41,  A35-LYD 23:       0.00003677 at      2.486 Ang (1.857 Ang by residue) in 3.2188 (sec).
 3-Body  A19-LYS 33,  A22-GLU 41,  A35-LYD 24:       0.00003484 at      2.486 Ang (1.857 Ang by residue) in 3.2898 (sec).
 3-Body  A19-LYS 33,  A22-GLU 41,  A35-LYS 29:       0.00007871 at      2.551 Ang (1.857 Ang by residue) in 3.2750 (sec).
 3-Body  A19-LYS 33,  A22-GLU 41,  A35-LYS 31:       0.00005531 at      2.551 Ang (1.857 Ang by residue) in 3.0756 (sec).
 3-Body  A19-LYS 33,  A22-GLU 41,  A35-LYS 32:       0.00004723 at      2.551 Ang (1.857 Ang by residue) in 3.4108 (sec).
 3-Body  A19-LYS 33,  A22-GLU 41,  A35-LYS 33:       0.00007133 at      2.551 Ang (1.857 Ang by residue) in 3.3235 (sec).
 3-Body  A19-LYS 33,  A22-GLU 41,  A35-LYS 46:       0.00018388 at      2.451 Ang (1.857 Ang by residue) in 3.1306 (sec).
 3-Body  A19-LYS 33,  A22-GLU 41,  A35-LYS 47:       0.00013993 at      2.477 Ang (1.857 Ang by residue) in 3.0629 (sec).
 3-Body  A19-LYS 33,  A22-GLU 41,  A35-LYS 48:       0.00016794 at      2.475 Ang (1.857 Ang by residue) in 3.2930 (sec).
 3-Body  A19-LYS 33,  A22-GLU 41,  A35-LYS 49:       0.00041878 at      2.427 Ang (1.857 Ang by residue) in 3.4454 (sec).
 3-Body  A19-LYS 33,  A22-GLU 41,  A35-LYS 50:       0.00009587 at      2.486 Ang (1.857 Ang by residue) in 3.3664 (sec).
 3-Body  A19-LYS 33,  A22-GLU 41,  A35-LYS 51:       0.00008467 at      2.486 Ang (1.857 Ang by residue) in 3.2952 (sec).
 3-Body  A19-LYS 46,  A20-ASP 0 ,  A22-GLU 0 :       0.00440534 at      1.659 Ang (1.241 Ang by residue) in 3.3059 (sec).
 3-Body  A19-LYS 46,  A20-ASP 0 ,  A22-GLU 36:       0.00381304 at      1.660 Ang (1.241 Ang by residue) in 3.2930 (sec).
 3-Body  A19-LYS 46,  A20-ASP 0 ,  A22-GLU 39:       0.00359804 at      1.661 Ang (1.241 Ang by residue) in 3.3390 (sec).
 3-Body  A19-LYS 46,  A20-ASP 0 ,  A22-GLU 40:       0.00409717 at      1.662 Ang (1.241 Ang by residue) in 3.3705 (sec).
 3-Body  A19-LYS 46,  A20-ASP 0 ,  A22-GLU 41:       0.00426297 at      1.661 Ang (1.241 Ang by residue) in 3.2958 (sec).
 3-Body  A19-LYS 46,  A20-ASP 0 ,  A35-LYS 0 :       0.00046399 at      2.214 Ang (2.211 Ang by residue) in 3.3927 (sec).
 3-Body  A19-LYS 46,  A20-ASP 0 ,  A35-LYD 1 :       0.00024158 at      2.214 Ang (2.211 Ang by residue) in 3.1315 (sec).
 3-Body  A19-LYS 46,  A20-ASP 0 ,  A35-LYD 2 :       0.00014632 at      2.221 Ang (2.211 Ang by residue) in 3.1671 (sec).
 3-Body  A19-LYS 46,  A20-ASP 0 ,  A35-LYD 3 :       0.00012969 at      2.221 Ang (2.211 Ang by residue) in 3.3072 (sec).
 3-Body  A19-LYS 46,  A20-ASP 0 ,  A35-LYD 4 :       0.00012883 at      2.221 Ang (2.211 Ang by residue) in 3.3966 (sec).
 3-Body  A19-LYS 46,  A20-ASP 0 ,  A35-LYD 5 :       0.00012478 at      2.221 Ang (2.211 Ang by residue) in 3.1945 (sec).
 3-Body  A19-LYS 46,  A20-ASP 0 ,  A35-LYD 6 :       0.00012878 at      2.221 Ang (2.211 Ang by residue) in 3.2659 (sec).
 3-Body  A19-LYS 46,  A20-ASP 0 ,  A35-LYD 20:       0.00028439 at      2.189 Ang (2.211 Ang by residue) in 3.4259 (sec).
 3-Body  A19-LYS 46,  A20-ASP 0 ,  A35-LYD 21:       0.00030511 at      2.189 Ang (2.211 Ang by residue) in 3.3791 (sec).
 3-Body  A19-LYS 46,  A20-ASP 0 ,  A35-LYD 23:       0.00024620 at      2.189 Ang (2.211 Ang by residue) in 3.2976 (sec).
 3-Body  A19-LYS 46,  A20-ASP 0 ,  A35-LYD 24:       0.00023990 at      2.189 Ang (2.211 Ang by residue) in 3.4086 (sec).
 3-Body  A19-LYS 46,  A20-ASP 0 ,  A35-LYS 29:       0.00027934 at      2.221 Ang (2.211 Ang by residue) in 3.2185 (sec).
 3-Body  A19-LYS 46,  A20-ASP 0 ,  A35-LYS 31:       0.00022328 at      2.221 Ang (2.211 Ang by residue) in 3.3126 (sec).
 3-Body  A19-LYS 46,  A20-ASP 0 ,  A35-LYS 32:       0.00022523 at      2.221 Ang (2.211 Ang by residue) in 3.3870 (sec).
 3-Body  A19-LYS 46,  A20-ASP 0 ,  A35-LYS 33:       0.00024854 at      2.221 Ang (2.211 Ang by residue) in 3.3329 (sec).
 3-Body  A19-LYS 46,  A20-ASP 0 ,  A35-LYS 46:       0.00053943 at      2.189 Ang (2.211 Ang by residue) in 3.5468 (sec).
 3-Body  A19-LYS 46,  A20-ASP 0 ,  A35-LYS 47:       0.00063007 at      2.189 Ang (2.211 Ang by residue) in 3.2948 (sec).
 3-Body  A19-LYS 46,  A20-ASP 0 ,  A35-LYS 48:       0.00055124 at      2.189 Ang (2.211 Ang by residue) in 3.3918 (sec).
 3-Body  A19-LYS 46,  A20-ASP 0 ,  A35-LYS 49:       0.00120154 at      2.156 Ang (2.211 Ang by residue) in 3.3406 (sec).
 3-Body  A19-LYS 46,  A20-ASP 0 ,  A35-LYS 50:       0.00040393 at      2.189 Ang (2.211 Ang by residue) in 3.2085 (sec).
 3-Body  A19-LYS 46,  A20-ASP 0 ,  A35-LYS 51:       0.00043342 at      2.189 Ang (2.211 Ang by residue) in 3.3807 (sec).
 3-Body  A19-LYS 46,  A20-ASP 22,  A22-GLU 0 :       0.00506818 at      1.687 Ang (1.241 Ang by residue) in 3.5070 (sec).
 3-Body  A19-LYS 46,  A20-ASP 22,  A22-GLU 36:       0.00450083 at      1.687 Ang (1.241 Ang by residue) in 3.2963 (sec).
 3-Body  A19-LYS 46,  A20-ASP 22,  A22-GLU 39:       0.00509924 at      1.687 Ang (1.241 Ang by residue) in 3.3833 (sec).
 3-Body  A19-LYS 46,  A20-ASP 22,  A22-GLU 40:       0.00466244 at      1.687 Ang (1.241 Ang by residue) in 3.2288 (sec).
 3-Body  A19-LYS 46,  A20-ASP 22,  A22-GLU 41:       0.00492035 at      1.687 Ang (1.241 Ang by residue) in 3.2500 (sec).
 3-Body  A19-LYS 46,  A20-ASP 22,  A35-LYS 0 :       0.00051427 at      2.224 Ang (2.211 Ang by residue) in 3.2332 (sec).
 3-Body  A19-LYS 46,  A20-ASP 22,  A35-LYD 1 :       0.00027220 at      2.224 Ang (2.211 Ang by residue) in 3.2793 (sec).
 3-Body  A19-LYS 46,  A20-ASP 22,  A35-LYD 2 :       0.00016733 at      2.265 Ang (2.211 Ang by residue) in 3.3935 (sec).
 3-Body  A19-LYS 46,  A20-ASP 22,  A35-LYD 3 :       0.00014894 at      2.265 Ang (2.211 Ang by residue) in 3.3509 (sec).
 3-Body  A19-LYS 46,  A20-ASP 22,  A35-LYD 4 :       0.00014792 at      2.265 Ang (2.211 Ang by residue) in 3.2451 (sec).
 3-Body  A19-LYS 46,  A20-ASP 22,  A35-LYD 5 :       0.00014419 at      2.265 Ang (2.211 Ang by residue) in 3.2202 (sec).
 3-Body  A19-LYS 46,  A20-ASP 22,  A35-LYD 6 :       0.00014882 at      2.265 Ang (2.211 Ang by residue) in 3.2422 (sec).
 3-Body  A19-LYS 46,  A20-ASP 22,  A35-LYD 20:       0.00032259 at      2.213 Ang (2.211 Ang by residue) in 3.4585 (sec).
 3-Body  A19-LYS 46,  A20-ASP 22,  A35-LYD 21:       0.00034621 at      2.213 Ang (2.211 Ang by residue) in 3.3015 (sec).
 3-Body  A19-LYS 46,  A20-ASP 22,  A35-LYD 23:       0.00027942 at      2.213 Ang (2.211 Ang by residue) in 3.3592 (sec).
 3-Body  A19-LYS 46,  A20-ASP 22,  A35-LYD 24:       0.00027416 at      2.213 Ang (2.211 Ang by residue) in 3.2726 (sec).
 3-Body  A19-LYS 46,  A20-ASP 22,  A35-LYS 29:       0.00031141 at      2.265 Ang (2.211 Ang by residue) in 3.1941 (sec).
 3-Body  A19-LYS 46,  A20-ASP 22,  A35-LYS 31:       0.00025080 at      2.265 Ang (2.211 Ang by residue) in 3.3492 (sec).
 3-Body  A19-LYS 46,  A20-ASP 22,  A35-LYS 32:       0.00025224 at      2.265 Ang (2.211 Ang by residue) in 3.3146 (sec).
 3-Body  A19-LYS 46,  A20-ASP 22,  A35-LYS 33:       0.00028132 at      2.265 Ang (2.211 Ang by residue) in 3.3761 (sec).
 3-Body  A19-LYS 46,  A20-ASP 22,  A35-LYS 46:       0.00061634 at      2.213 Ang (2.211 Ang by residue) in 3.3807 (sec).
 3-Body  A19-LYS 46,  A20-ASP 22,  A35-LYS 47:       0.00070177 at      2.213 Ang (2.211 Ang by residue) in 3.3736 (sec).
 3-Body  A19-LYS 46,  A20-ASP 22,  A35-LYS 48:       0.00061553 at      2.213 Ang (2.211 Ang by residue) in 3.4866 (sec).
 3-Body  A19-LYS 46,  A20-ASP 22,  A35-LYS 49:       0.00138404 at      2.158 Ang (2.211 Ang by residue) in 3.3751 (sec).
 3-Body  A19-LYS 46,  A20-ASP 22,  A35-LYS 50:       0.00045154 at      2.213 Ang (2.211 Ang by residue) in 3.3696 (sec).
 3-Body  A19-LYS 46,  A20-ASP 22,  A35-LYS 51:       0.00048304 at      2.213 Ang (2.211 Ang by residue) in 3.3337 (sec).
 3-Body  A19-LYS 46,  A20-ASP 23,  A22-GLU 0 :       0.00536040 at      1.654 Ang (1.241 Ang by residue) in 3.3934 (sec).
 3-Body  A19-LYS 46,  A20-ASP 23,  A22-GLU 36:       0.00477635 at      1.654 Ang (1.241 Ang by residue) in 3.1135 (sec).
 3-Body  A19-LYS 46,  A20-ASP 23,  A22-GLU 39:       0.00503202 at      1.654 Ang (1.241 Ang by residue) in 3.3943 (sec).
 3-Body  A19-LYS 46,  A20-ASP 23,  A22-GLU 40:       0.00505137 at      1.654 Ang (1.241 Ang by residue) in 3.2602 (sec).
 3-Body  A19-LYS 46,  A20-ASP 23,  A22-GLU 41:       0.00525994 at      1.654 Ang (1.241 Ang by residue) in 3.4091 (sec).
 3-Body  A19-LYS 46,  A20-ASP 23,  A35-LYS 0 :       0.00045873 at      2.218 Ang (2.211 Ang by residue) in 3.1966 (sec).
 3-Body  A19-LYS 46,  A20-ASP 23,  A35-LYD 1 :       0.00026340 at      2.218 Ang (2.211 Ang by residue) in 3.3187 (sec).
 3-Body  A19-LYS 46,  A20-ASP 23,  A35-LYD 2 :       0.00015953 at      2.250 Ang (2.211 Ang by residue) in 3.3641 (sec).
 3-Body  A19-LYS 46,  A20-ASP 23,  A35-LYD 3 :       0.00014312 at      2.250 Ang (2.211 Ang by residue) in 3.2830 (sec).
 3-Body  A19-LYS 46,  A20-ASP 23,  A35-LYD 4 :       0.00014226 at      2.250 Ang (2.211 Ang by residue) in 3.0817 (sec).
 3-Body  A19-LYS 46,  A20-ASP 23,  A35-LYD 5 :       0.00013939 at      2.250 Ang (2.211 Ang by residue) in 3.3417 (sec).
 3-Body  A19-LYS 46,  A20-ASP 23,  A35-LYD 6 :       0.00014434 at      2.250 Ang (2.211 Ang by residue) in 3.3418 (sec).
 3-Body  A19-LYS 46,  A20-ASP 23,  A35-LYD 20:       0.00031554 at      2.208 Ang (2.211 Ang by residue) in 3.1612 (sec).
 3-Body  A19-LYS 46,  A20-ASP 23,  A35-LYD 21:       0.00033443 at      2.208 Ang (2.211 Ang by residue) in 3.3500 (sec).
 3-Body  A19-LYS 46,  A20-ASP 23,  A35-LYD 23:       0.00027203 at      2.208 Ang (2.211 Ang by residue) in 3.2728 (sec).
 3-Body  A19-LYS 46,  A20-ASP 23,  A35-LYD 24:       0.00026856 at      2.208 Ang (2.211 Ang by residue) in 3.2974 (sec).
 3-Body  A19-LYS 46,  A20-ASP 23,  A35-LYS 29:       0.00027232 at      2.250 Ang (2.211 Ang by residue) in 3.5256 (sec).
 3-Body  A19-LYS 46,  A20-ASP 23,  A35-LYS 31:       0.00022185 at      2.250 Ang (2.211 Ang by residue) in 3.2954 (sec).
 3-Body  A19-LYS 46,  A20-ASP 23,  A35-LYS 32:       0.00022298 at      2.250 Ang (2.211 Ang by residue) in 3.2649 (sec).
 3-Body  A19-LYS 46,  A20-ASP 23,  A35-LYS 33:       0.00024666 at      2.250 Ang (2.211 Ang by residue) in 3.2504 (sec).
 3-Body  A19-LYS 46,  A20-ASP 23,  A35-LYS 46:       0.00055379 at      2.208 Ang (2.211 Ang by residue) in 3.1556 (sec).
 3-Body  A19-LYS 46,  A20-ASP 23,  A35-LYS 47:       0.00063532 at      2.208 Ang (2.211 Ang by residue) in 3.3396 (sec).
 3-Body  A19-LYS 46,  A20-ASP 23,  A35-LYS 48:       0.00055351 at      2.208 Ang (2.211 Ang by residue) in 3.3379 (sec).
 3-Body  A19-LYS 46,  A20-ASP 23,  A35-LYS 49:       0.00126165 at      2.162 Ang (2.211 Ang by residue) in 3.3021 (sec).
 3-Body  A19-LYS 46,  A20-ASP 23,  A35-LYS 50:       0.00040738 at      2.208 Ang (2.211 Ang by residue) in 3.1144 (sec).
 3-Body  A19-LYS 46,  A20-ASP 23,  A35-LYS 51:       0.00043567 at      2.208 Ang (2.211 Ang by residue) in 3.2801 (sec).
 3-Body  A19-LYS 46,  A20-ASP 25,  A22-GLU 0 :       0.00050687 at      1.733 Ang (1.241 Ang by residue) in 3.4307 (sec).
 3-Body  A19-LYS 46,  A20-ASP 25,  A22-GLU 36:       0.00047160 at      1.733 Ang (1.241 Ang by residue) in 3.4957 (sec).
 3-Body  A19-LYS 46,  A20-ASP 25,  A22-GLU 39:      -0.00204444 at      1.672 Ang (1.241 Ang by residue) in 3.3996 (sec).
 3-Body  A19-LYS 46,  A20-ASP 25,  A22-GLU 40:       0.00042206 at      1.733 Ang (1.241 Ang by residue) in 3.3795 (sec).
 3-Body  A19-LYS 46,  A20-ASP 25,  A22-GLU 41:       0.00050433 at      1.733 Ang (1.241 Ang by residue) in 3.2219 (sec).
 3-Body  A19-LYS 46,  A20-ASP 25,  A35-LYS 0 :       0.00011352 at      2.318 Ang (2.211 Ang by residue) in 3.3940 (sec).
 3-Body  A19-LYS 46,  A20-ASP 25,  A35-LYD 1 :       0.00005382 at      2.318 Ang (2.211 Ang by residue) in 3.2159 (sec).
 3-Body  A19-LYS 46,  A20-ASP 25,  A35-LYD 2 :       0.00004109 at      2.332 Ang (2.211 Ang by residue) in 3.3158 (sec).
 3-Body  A19-LYS 46,  A20-ASP 25,  A35-LYD 3 :       0.00003894 at      2.332 Ang (2.211 Ang by residue) in 3.1776 (sec).
 3-Body  A19-LYS 46,  A20-ASP 25,  A35-LYD 4 :       0.00003795 at      2.332 Ang (2.211 Ang by residue) in 3.3076 (sec).
 3-Body  A19-LYS 46,  A20-ASP 25,  A35-LYD 5 :       0.00003530 at      2.332 Ang (2.211 Ang by residue) in 3.3487 (sec).
 3-Body  A19-LYS 46,  A20-ASP 25,  A35-LYD 6 :       0.00003636 at      2.332 Ang (2.211 Ang by residue) in 3.1728 (sec).
 3-Body  A19-LYS 46,  A20-ASP 25,  A35-LYD 20:       0.00005645 at      2.304 Ang (2.211 Ang by residue) in 3.2653 (sec).
 3-Body  A19-LYS 46,  A20-ASP 25,  A35-LYD 21:       0.00006014 at      2.304 Ang (2.211 Ang by residue) in 3.2511 (sec).
 3-Body  A19-LYS 46,  A20-ASP 25,  A35-LYD 23:       0.00005252 at      2.304 Ang (2.211 Ang by residue) in 3.2254 (sec).
 3-Body  A19-LYS 46,  A20-ASP 25,  A35-LYD 24:       0.00004678 at      2.304 Ang (2.211 Ang by residue) in 3.1279 (sec).
 3-Body  A19-LYS 46,  A20-ASP 25,  A35-LYS 29:       0.00007285 at      2.332 Ang (2.211 Ang by residue) in 3.4070 (sec).
 3-Body  A19-LYS 46,  A20-ASP 25,  A35-LYS 31:       0.00005598 at      2.332 Ang (2.211 Ang by residue) in 3.2422 (sec).
 3-Body  A19-LYS 46,  A20-ASP 25,  A35-LYS 32:       0.00005632 at      2.332 Ang (2.211 Ang by residue) in 3.3153 (sec).
 3-Body  A19-LYS 46,  A20-ASP 25,  A35-LYS 33:       0.00005686 at      2.332 Ang (2.211 Ang by residue) in 3.2994 (sec).
 3-Body  A19-LYS 46,  A20-ASP 25,  A35-LYS 46:       0.00010248 at      2.304 Ang (2.211 Ang by residue) in 3.3862 (sec).
 3-Body  A19-LYS 46,  A20-ASP 25,  A35-LYS 47:       0.00013696 at      2.304 Ang (2.211 Ang by residue) in 3.3354 (sec).
 3-Body  A19-LYS 46,  A20-ASP 25,  A35-LYS 48:       0.00012288 at      2.304 Ang (2.211 Ang by residue) in 3.3007 (sec).
 3-Body  A19-LYS 46,  A20-ASP 25,  A35-LYS 49:       0.00018074 at      2.261 Ang (2.211 Ang by residue) in 3.2944 (sec).
 3-Body  A19-LYS 46,  A20-ASP 25,  A35-LYS 50:       0.00009022 at      2.304 Ang (2.211 Ang by residue) in 3.3240 (sec).
 3-Body  A19-LYS 46,  A20-ASP 25,  A35-LYS 51:       0.00009707 at      2.304 Ang (2.211 Ang by residue) in 3.2683 (sec).
 3-Body  A19-LYS 46,  A22-GLU 0 ,  A35-LYS 0 :       0.00011462 at      2.466 Ang (1.857 Ang by residue) in 3.2144 (sec).
 3-Body  A19-LYS 46,  A22-GLU 0 ,  A35-LYD 1 :       0.00003840 at      2.466 Ang (1.857 Ang by residue) in 3.2587 (sec).
 3-Body  A19-LYS 46,  A22-GLU 0 ,  A35-LYD 2 :       0.00002815 at      2.503 Ang (1.857 Ang by residue) in 3.3986 (sec).
 3-Body  A19-LYS 46,  A22-GLU 0 ,  A35-LYD 3 :       0.00002765 at      2.503 Ang (1.857 Ang by residue) in 3.1960 (sec).
 3-Body  A19-LYS 46,  A22-GLU 0 ,  A35-LYD 4 :       0.00002399 at      2.503 Ang (1.857 Ang by residue) in 3.2156 (sec).
 3-Body  A19-LYS 46,  A22-GLU 0 ,  A35-LYD 5 :       0.00002321 at      2.503 Ang (1.857 Ang by residue) in 3.3203 (sec).
 3-Body  A19-LYS 46,  A22-GLU 0 ,  A35-LYD 6 :       0.00002303 at      2.503 Ang (1.857 Ang by residue) in 3.3540 (sec).
 3-Body  A19-LYS 46,  A22-GLU 0 ,  A35-LYD 20:       0.00004092 at      2.419 Ang (1.857 Ang by residue) in 3.4344 (sec).
 3-Body  A19-LYS 46,  A22-GLU 0 ,  A35-LYD 21:       0.00004270 at      2.418 Ang (1.857 Ang by residue) in 3.3137 (sec).
 3-Body  A19-LYS 46,  A22-GLU 0 ,  A35-LYD 23:       0.00002726 at      2.440 Ang (1.857 Ang by residue) in 3.2635 (sec).
 3-Body  A19-LYS 46,  A22-GLU 0 ,  A35-LYD 24:       0.00002467 at      2.440 Ang (1.857 Ang by residue) in 3.2484 (sec).
 3-Body  A19-LYS 46,  A22-GLU 0 ,  A35-LYS 29:       0.00005803 at      2.503 Ang (1.857 Ang by residue) in 3.1851 (sec).
 3-Body  A19-LYS 46,  A22-GLU 0 ,  A35-LYS 31:       0.00003997 at      2.503 Ang (1.857 Ang by residue) in 3.3921 (sec).
 3-Body  A19-LYS 46,  A22-GLU 0 ,  A35-LYS 32:       0.00003304 at      2.503 Ang (1.857 Ang by residue) in 3.4127 (sec).
 3-Body  A19-LYS 46,  A22-GLU 0 ,  A35-LYS 33:       0.00004854 at      2.503 Ang (1.857 Ang by residue) in 3.3188 (sec).
 3-Body  A19-LYS 46,  A22-GLU 0 ,  A35-LYS 46:       0.00012431 at      2.419 Ang (1.857 Ang by residue) in 3.1737 (sec).
 3-Body  A19-LYS 46,  A22-GLU 0 ,  A35-LYS 47:       0.00009983 at      2.419 Ang (1.857 Ang by residue) in 3.2754 (sec).
 3-Body  A19-LYS 46,  A22-GLU 0 ,  A35-LYS 48:       0.00012482 at      2.418 Ang (1.857 Ang by residue) in 3.3767 (sec).
 3-Body  A19-LYS 46,  A22-GLU 0 ,  A35-LYS 49:       0.00030234 at      2.369 Ang (1.857 Ang by residue) in 3.2290 (sec).
 3-Body  A19-LYS 46,  A22-GLU 0 ,  A35-LYS 50:       0.00006579 at      2.440 Ang (1.857 Ang by residue) in 3.1711 (sec).
 3-Body  A19-LYS 46,  A22-GLU 0 ,  A35-LYS 51:       0.00005570 at      2.440 Ang (1.857 Ang by residue) in 3.4461 (sec).
 3-Body  A19-LYS 46,  A22-GLU 36,  A35-LYS 0 :       0.00022838 at      2.415 Ang (1.857 Ang by residue) in 3.3893 (sec).
 3-Body  A19-LYS 46,  A22-GLU 36,  A35-LYD 1 :       0.00008256 at      2.415 Ang (1.857 Ang by residue) in 3.2555 (sec).
 3-Body  A19-LYS 46,  A22-GLU 36,  A35-LYD 2 :       0.00005243 at      2.475 Ang (1.857 Ang by residue) in 3.2444 (sec).
 3-Body  A19-LYS 46,  A22-GLU 36,  A35-LYD 3 :       0.00004813 at      2.475 Ang (1.857 Ang by residue) in 3.2886 (sec).
 3-Body  A19-LYS 46,  A22-GLU 36,  A35-LYD 4 :       0.00004168 at      2.475 Ang (1.857 Ang by residue) in 3.3831 (sec).
 3-Body  A19-LYS 46,  A22-GLU 36,  A35-LYD 5 :       0.00004260 at      2.475 Ang (1.857 Ang by residue) in 3.2940 (sec).
 3-Body  A19-LYS 46,  A22-GLU 36,  A35-LYD 6 :       0.00004563 at      2.475 Ang (1.857 Ang by residue) in 3.2296 (sec).
 3-Body  A19-LYS 46,  A22-GLU 36,  A35-LYD 20:       0.00009359 at      2.386 Ang (1.857 Ang by residue) in 3.1930 (sec).
 3-Body  A19-LYS 46,  A22-GLU 36,  A35-LYD 21:       0.00010397 at      2.383 Ang (1.857 Ang by residue) in 3.2994 (sec).
 3-Body  A19-LYS 46,  A22-GLU 36,  A35-LYD 23:       0.00006616 at      2.408 Ang (1.857 Ang by residue) in 3.2315 (sec).
 3-Body  A19-LYS 46,  A22-GLU 36,  A35-LYD 24:       0.00006702 at      2.408 Ang (1.857 Ang by residue) in 3.3085 (sec).
 3-Body  A19-LYS 46,  A22-GLU 36,  A35-LYS 29:       0.00012086 at      2.475 Ang (1.857 Ang by residue) in 3.2502 (sec).
 3-Body  A19-LYS 46,  A22-GLU 36,  A35-LYS 31:       0.00008875 at      2.475 Ang (1.857 Ang by residue) in 3.4004 (sec).
 3-Body  A19-LYS 46,  A22-GLU 36,  A35-LYS 32:       0.00007573 at      2.475 Ang (1.857 Ang by residue) in 3.3058 (sec).
 3-Body  A19-LYS 46,  A22-GLU 36,  A35-LYS 33:       0.00012340 at      2.475 Ang (1.857 Ang by residue) in 3.3032 (sec).
 3-Body  A19-LYS 46,  A22-GLU 36,  A35-LYS 46:       0.00037529 at      2.332 Ang (1.857 Ang by residue) in 3.1881 (sec).
 3-Body  A19-LYS 46,  A22-GLU 36,  A35-LYS 47:       0.00021863 at      2.386 Ang (1.857 Ang by residue) in 3.2593 (sec).
 3-Body  A19-LYS 46,  A22-GLU 36,  A35-LYS 48:       0.00026622 at      2.383 Ang (1.857 Ang by residue) in 3.3251 (sec).
 3-Body  A19-LYS 46,  A22-GLU 36,  A35-LYS 49:       0.00071816 at      2.313 Ang (1.857 Ang by residue) in 3.3231 (sec).
 3-Body  A19-LYS 46,  A22-GLU 36,  A35-LYS 50:       0.00015138 at      2.408 Ang (1.857 Ang by residue) in 3.4724 (sec).
 3-Body  A19-LYS 46,  A22-GLU 36,  A35-LYS 51:       0.00013184 at      2.408 Ang (1.857 Ang by residue) in 3.3774 (sec).
 3-Body  A19-LYS 46,  A22-GLU 39,  A35-LYS 0 :       0.00014584 at      2.475 Ang (1.857 Ang by residue) in 3.2127 (sec).
 3-Body  A19-LYS 46,  A22-GLU 39,  A35-LYD 1 :       0.00005542 at      2.475 Ang (1.857 Ang by residue) in 3.4072 (sec).
 3-Body  A19-LYS 46,  A22-GLU 39,  A35-LYD 2 :       0.00003812 at      2.514 Ang (1.857 Ang by residue) in 3.3268 (sec).
 3-Body  A19-LYS 46,  A22-GLU 39,  A35-LYD 3 :       0.00003581 at      2.514 Ang (1.857 Ang by residue) in 3.2701 (sec).
 3-Body  A19-LYS 46,  A22-GLU 39,  A35-LYD 4 :       0.00003273 at      2.514 Ang (1.857 Ang by residue) in 3.3749 (sec).
 3-Body  A19-LYS 46,  A22-GLU 39,  A35-LYD 5 :       0.00003088 at      2.514 Ang (1.857 Ang by residue) in 3.4277 (sec).
 3-Body  A19-LYS 46,  A22-GLU 39,  A35-LYD 6 :       0.00003065 at      2.514 Ang (1.857 Ang by residue) in 3.4730 (sec).
 3-Body  A19-LYS 46,  A22-GLU 39,  A35-LYD 20:       0.00005978 at      2.447 Ang (1.857 Ang by residue) in 3.4187 (sec).
 3-Body  A19-LYS 46,  A22-GLU 39,  A35-LYD 21:       0.00006321 at      2.445 Ang (1.857 Ang by residue) in 3.2052 (sec).
 3-Body  A19-LYS 46,  A22-GLU 39,  A35-LYD 23:       0.00004321 at      2.447 Ang (1.857 Ang by residue) in 3.2337 (sec).
 3-Body  A19-LYS 46,  A22-GLU 39,  A35-LYD 24:       0.00003902 at      2.447 Ang (1.857 Ang by residue) in 3.2897 (sec).
 3-Body  A19-LYS 46,  A22-GLU 39,  A35-LYS 29:       0.00007546 at      2.514 Ang (1.857 Ang by residue) in 3.2713 (sec).
 3-Body  A19-LYS 46,  A22-GLU 39,  A35-LYS 31:       0.00005223 at      2.514 Ang (1.857 Ang by residue) in 3.2794 (sec).
 3-Body  A19-LYS 46,  A22-GLU 39,  A35-LYS 32:       0.00004712 at      2.514 Ang (1.857 Ang by residue) in 3.3662 (sec).
 3-Body  A19-LYS 46,  A22-GLU 39,  A35-LYS 33:       0.00005969 at      2.514 Ang (1.857 Ang by residue) in 3.2990 (sec).
 3-Body  A19-LYS 46,  A22-GLU 39,  A35-LYS 46:       0.00014978 at      2.412 Ang (1.857 Ang by residue) in 3.1669 (sec).
 3-Body  A19-LYS 46,  A22-GLU 39,  A35-LYS 47:       0.00014238 at      2.447 Ang (1.857 Ang by residue) in 3.3063 (sec).
 3-Body  A19-LYS 46,  A22-GLU 39,  A35-LYS 48:       0.00016088 at      2.445 Ang (1.857 Ang by residue) in 3.2177 (sec).
 3-Body  A19-LYS 46,  A22-GLU 39,  A35-LYS 49:       0.00037266 at      2.388 Ang (1.857 Ang by residue) in 3.1773 (sec).
 3-Body  A19-LYS 46,  A22-GLU 39,  A35-LYS 50:       0.00009050 at      2.447 Ang (1.857 Ang by residue) in 3.2877 (sec).
 3-Body  A19-LYS 46,  A22-GLU 39,  A35-LYS 51:       0.00008447 at      2.447 Ang (1.857 Ang by residue) in 3.3126 (sec).
 3-Body  A19-LYS 46,  A22-GLU 40,  A35-LYS 0 :       0.00022548 at      2.383 Ang (1.857 Ang by residue) in 3.3633 (sec).
 3-Body  A19-LYS 46,  A22-GLU 40,  A35-LYD 1 :       0.00008647 at      2.383 Ang (1.857 Ang by residue) in 3.4046 (sec).
 3-Body  A19-LYS 46,  A22-GLU 40,  A35-LYD 2 :       0.00004457 at      2.495 Ang (1.857 Ang by residue) in 3.3485 (sec).
 3-Body  A19-LYS 46,  A22-GLU 40,  A35-LYD 3 :       0.00003990 at      2.495 Ang (1.857 Ang by residue) in 3.2748 (sec).
 3-Body  A19-LYS 46,  A22-GLU 40,  A35-LYD 4 :       0.00003668 at      2.495 Ang (1.857 Ang by residue) in 3.2605 (sec).
 3-Body  A19-LYS 46,  A22-GLU 40,  A35-LYD 5 :       0.00003539 at      2.495 Ang (1.857 Ang by residue) in 3.2331 (sec).
 3-Body  A19-LYS 46,  A22-GLU 40,  A35-LYD 6 :       0.00003524 at      2.495 Ang (1.857 Ang by residue) in 3.2724 (sec).
 3-Body  A19-LYS 46,  A22-GLU 40,  A35-LYD 20:       0.00011796 at      2.333 Ang (1.857 Ang by residue) in 3.2830 (sec).
 3-Body  A19-LYS 46,  A22-GLU 40,  A35-LYD 21:       0.00012757 at      2.332 Ang (1.857 Ang by residue) in 3.3543 (sec).
 3-Body  A19-LYS 46,  A22-GLU 40,  A35-LYD 23:       0.00006806 at      2.408 Ang (1.857 Ang by residue) in 3.3582 (sec).
 3-Body  A19-LYS 46,  A22-GLU 40,  A35-LYD 24:       0.00006410 at      2.408 Ang (1.857 Ang by residue) in 3.2361 (sec).
 3-Body  A19-LYS 46,  A22-GLU 40,  A35-LYS 29:       0.00009922 at      2.495 Ang (1.857 Ang by residue) in 3.4866 (sec).
 3-Body  A19-LYS 46,  A22-GLU 40,  A35-LYS 31:       0.00007004 at      2.495 Ang (1.857 Ang by residue) in 3.2921 (sec).
 3-Body  A19-LYS 46,  A22-GLU 40,  A35-LYS 32:       0.00006348 at      2.495 Ang (1.857 Ang by residue) in 3.3845 (sec).
 3-Body  A19-LYS 46,  A22-GLU 40,  A35-LYS 33:       0.00008281 at      2.495 Ang (1.857 Ang by residue) in 3.2123 (sec).
 3-Body  A19-LYS 46,  A22-GLU 40,  A35-LYS 46:       0.00028856 at      2.354 Ang (1.857 Ang by residue) in 3.3077 (sec).
 3-Body  A19-LYS 46,  A22-GLU 40,  A35-LYS 47:       0.00024009 at      2.333 Ang (1.857 Ang by residue) in 3.5013 (sec).
 3-Body  A19-LYS 46,  A22-GLU 40,  A35-LYS 48:       0.00028746 at      2.332 Ang (1.857 Ang by residue) in 3.2768 (sec).
 3-Body  A19-LYS 46,  A22-GLU 40,  A35-LYS 49:       0.00088276 at      2.283 Ang (1.857 Ang by residue) in 3.3889 (sec).
 3-Body  A19-LYS 46,  A22-GLU 40,  A35-LYS 50:       0.00013943 at      2.408 Ang (1.857 Ang by residue) in 3.3342 (sec).
 3-Body  A19-LYS 46,  A22-GLU 40,  A35-LYS 51:       0.00012888 at      2.408 Ang (1.857 Ang by residue) in 3.2947 (sec).
 3-Body  A19-LYS 46,  A22-GLU 41,  A35-LYS 0 :       0.00011778 at      2.475 Ang (1.857 Ang by residue) in 3.1952 (sec).
 3-Body  A19-LYS 46,  A22-GLU 41,  A35-LYD 1 :       0.00004363 at      2.475 Ang (1.857 Ang by residue) in 3.2017 (sec).
 3-Body  A19-LYS 46,  A22-GLU 41,  A35-LYD 2 :       0.00003152 at      2.514 Ang (1.857 Ang by residue) in 3.3986 (sec).
 3-Body  A19-LYS 46,  A22-GLU 41,  A35-LYD 3 :       0.00003081 at      2.514 Ang (1.857 Ang by residue) in 3.4931 (sec).
 3-Body  A19-LYS 46,  A22-GLU 41,  A35-LYD 4 :       0.00002698 at      2.514 Ang (1.857 Ang by residue) in 3.2983 (sec).
 3-Body  A19-LYS 46,  A22-GLU 41,  A35-LYD 5 :       0.00002642 at      2.514 Ang (1.857 Ang by residue) in 3.2988 (sec).
 3-Body  A19-LYS 46,  A22-GLU 41,  A35-LYD 6 :       0.00002688 at      2.514 Ang (1.857 Ang by residue) in 3.4191 (sec).
 3-Body  A19-LYS 46,  A22-GLU 41,  A35-LYD 20:       0.00004783 at      2.438 Ang (1.857 Ang by residue) in 3.2944 (sec).
 3-Body  A19-LYS 46,  A22-GLU 41,  A35-LYD 21:       0.00004958 at      2.436 Ang (1.857 Ang by residue) in 3.3751 (sec).
 3-Body  A19-LYS 46,  A22-GLU 41,  A35-LYD 23:       0.00003318 at      2.447 Ang (1.857 Ang by residue) in 3.3498 (sec).
 3-Body  A19-LYS 46,  A22-GLU 41,  A35-LYD 24:       0.00003105 at      2.447 Ang (1.857 Ang by residue) in 3.2257 (sec).
 3-Body  A19-LYS 46,  A22-GLU 41,  A35-LYS 29:       0.00006069 at      2.514 Ang (1.857 Ang by residue) in 3.4276 (sec).
 3-Body  A19-LYS 46,  A22-GLU 41,  A35-LYS 31:       0.00004287 at      2.514 Ang (1.857 Ang by residue) in 3.3056 (sec).
 3-Body  A19-LYS 46,  A22-GLU 41,  A35-LYS 32:       0.00003550 at      2.514 Ang (1.857 Ang by residue) in 3.3235 (sec).
 3-Body  A19-LYS 46,  A22-GLU 41,  A35-LYS 33:       0.00005273 at      2.514 Ang (1.857 Ang by residue) in 3.2899 (sec).
 3-Body  A19-LYS 46,  A22-GLU 41,  A35-LYS 46:       0.00013316 at      2.412 Ang (1.857 Ang by residue) in 3.3944 (sec).
 3-Body  A19-LYS 46,  A22-GLU 41,  A35-LYS 47:       0.00010305 at      2.438 Ang (1.857 Ang by residue) in 3.3410 (sec).
 3-Body  A19-LYS 46,  A22-GLU 41,  A35-LYS 48:       0.00012920 at      2.436 Ang (1.857 Ang by residue) in 3.3816 (sec).
 3-Body  A19-LYS 46,  A22-GLU 41,  A35-LYS 49:       0.00030137 at      2.387 Ang (1.857 Ang by residue) in 3.3228 (sec).
 3-Body  A19-LYS 46,  A22-GLU 41,  A35-LYS 50:       0.00007093 at      2.447 Ang (1.857 Ang by residue) in 3.3539 (sec).
 3-Body  A19-LYS 46,  A22-GLU 41,  A35-LYS 51:       0.00006006 at      2.447 Ang (1.857 Ang by residue) in 3.1388 (sec).
 3-Body  A19-LYS 47,  A20-ASP 0 ,  A22-GLU 0 :       0.00301808 at      1.686 Ang (1.241 Ang by residue) in 3.2427 (sec).
 3-Body  A19-LYS 47,  A20-ASP 0 ,  A22-GLU 36:       0.00244981 at      1.687 Ang (1.241 Ang by residue) in 3.1907 (sec).
 3-Body  A19-LYS 47,  A20-ASP 0 ,  A22-GLU 39:       0.00127733 at      1.688 Ang (1.241 Ang by residue) in 3.4131 (sec).
 3-Body  A19-LYS 47,  A20-ASP 0 ,  A22-GLU 40:       0.00284848 at      1.689 Ang (1.241 Ang by residue) in 3.3556 (sec).
 3-Body  A19-LYS 47,  A20-ASP 0 ,  A22-GLU 41:       0.00292319 at      1.688 Ang (1.241 Ang by residue) in 3.2499 (sec).
 3-Body  A19-LYS 47,  A20-ASP 0 ,  A35-LYS 0 :       0.00034760 at      2.248 Ang (2.211 Ang by residue) in 3.3651 (sec).
 3-Body  A19-LYS 47,  A20-ASP 0 ,  A35-LYD 1 :       0.00017400 at      2.248 Ang (2.211 Ang by residue) in 3.2165 (sec).
 3-Body  A19-LYS 47,  A20-ASP 0 ,  A35-LYD 2 :       0.00010481 at      2.254 Ang (2.211 Ang by residue) in 3.2303 (sec).
 3-Body  A19-LYS 47,  A20-ASP 0 ,  A35-LYD 3 :       0.00009206 at      2.254 Ang (2.211 Ang by residue) in 3.2413 (sec).
 3-Body  A19-LYS 47,  A20-ASP 0 ,  A35-LYD 4 :       0.00009107 at      2.254 Ang (2.211 Ang by residue) in 3.1401 (sec).
 3-Body  A19-LYS 47,  A20-ASP 0 ,  A35-LYD 5 :       0.00008892 at      2.254 Ang (2.211 Ang by residue) in 3.3333 (sec).
 3-Body  A19-LYS 47,  A20-ASP 0 ,  A35-LYD 6 :       0.00009170 at      2.254 Ang (2.211 Ang by residue) in 3.2591 (sec).
 3-Body  A19-LYS 47,  A20-ASP 0 ,  A35-LYD 20:       0.00020298 at      2.223 Ang (2.211 Ang by residue) in 3.4108 (sec).
 3-Body  A19-LYS 47,  A20-ASP 0 ,  A35-LYD 21:       0.00021782 at      2.223 Ang (2.211 Ang by residue) in 3.4194 (sec).
 3-Body  A19-LYS 47,  A20-ASP 0 ,  A35-LYD 23:       0.00017309 at      2.223 Ang (2.211 Ang by residue) in 3.3821 (sec).
 3-Body  A19-LYS 47,  A20-ASP 0 ,  A35-LYD 24:       0.00016880 at      2.223 Ang (2.211 Ang by residue) in 3.2734 (sec).
 3-Body  A19-LYS 47,  A20-ASP 0 ,  A35-LYS 29:       0.00021211 at      2.254 Ang (2.211 Ang by residue) in 3.4054 (sec).
 3-Body  A19-LYS 47,  A20-ASP 0 ,  A35-LYS 31:       0.00017083 at      2.254 Ang (2.211 Ang by residue) in 3.1108 (sec).
 3-Body  A19-LYS 47,  A20-ASP 0 ,  A35-LYS 32:       0.00017004 at      2.254 Ang (2.211 Ang by residue) in 3.2989 (sec).
 3-Body  A19-LYS 47,  A20-ASP 0 ,  A35-LYS 33:       0.00019297 at      2.254 Ang (2.211 Ang by residue) in 3.4276 (sec).
 3-Body  A19-LYS 47,  A20-ASP 0 ,  A35-LYS 46:       0.00039938 at      2.223 Ang (2.211 Ang by residue) in 3.2732 (sec).
 3-Body  A19-LYS 47,  A20-ASP 0 ,  A35-LYS 47:       0.00046161 at      2.223 Ang (2.211 Ang by residue) in 3.2430 (sec).
 3-Body  A19-LYS 47,  A20-ASP 0 ,  A35-LYS 48:       0.00040924 at      2.223 Ang (2.211 Ang by residue) in 3.2279 (sec).
 3-Body  A19-LYS 47,  A20-ASP 0 ,  A35-LYS 49:       0.00089137 at      2.190 Ang (2.211 Ang by residue) in 3.3204 (sec).
 3-Body  A19-LYS 47,  A20-ASP 0 ,  A35-LYS 50:       0.00029845 at      2.223 Ang (2.211 Ang by residue) in 3.1790 (sec).
 3-Body  A19-LYS 47,  A20-ASP 0 ,  A35-LYS 51:       0.00031583 at      2.223 Ang (2.211 Ang by residue) in 3.2763 (sec).
 3-Body  A19-LYS 47,  A20-ASP 22,  A22-GLU 0 :       0.00339123 at      1.714 Ang (1.241 Ang by residue) in 3.2136 (sec).
 3-Body  A19-LYS 47,  A20-ASP 22,  A22-GLU 36:       0.00280986 at      1.714 Ang (1.241 Ang by residue) in 3.3097 (sec).
 3-Body  A19-LYS 47,  A20-ASP 22,  A22-GLU 39:       0.00199651 at      1.714 Ang (1.241 Ang by residue) in 3.4787 (sec).
 3-Body  A19-LYS 47,  A20-ASP 22,  A22-GLU 40:       0.00315941 at      1.714 Ang (1.241 Ang by residue) in 3.3234 (sec).
 3-Body  A19-LYS 47,  A20-ASP 22,  A22-GLU 41:       0.00329314 at      1.714 Ang (1.241 Ang by residue) in 3.4101 (sec).
 3-Body  A19-LYS 47,  A20-ASP 22,  A35-LYS 0 :       0.00038048 at      2.258 Ang (2.211 Ang by residue) in 3.1835 (sec).
 3-Body  A19-LYS 47,  A20-ASP 22,  A35-LYD 1 :       0.00019515 at      2.258 Ang (2.211 Ang by residue) in 3.1257 (sec).
 3-Body  A19-LYS 47,  A20-ASP 22,  A35-LYD 2 :       0.00011903 at      2.297 Ang (2.211 Ang by residue) in 3.1996 (sec).
 3-Body  A19-LYS 47,  A20-ASP 22,  A35-LYD 3 :       0.00010505 at      2.297 Ang (2.211 Ang by residue) in 3.1999 (sec).
 3-Body  A19-LYS 47,  A20-ASP 22,  A35-LYD 4 :       0.00010397 at      2.297 Ang (2.211 Ang by residue) in 3.3036 (sec).
 3-Body  A19-LYS 47,  A20-ASP 22,  A35-LYD 5 :       0.00010238 at      2.297 Ang (2.211 Ang by residue) in 3.3511 (sec).
 3-Body  A19-LYS 47,  A20-ASP 22,  A35-LYD 6 :       0.00010565 at      2.297 Ang (2.211 Ang by residue) in 3.3333 (sec).
 3-Body  A19-LYS 47,  A20-ASP 22,  A35-LYD 20:       0.00022991 at      2.247 Ang (2.211 Ang by residue) in 3.1621 (sec).
 3-Body  A19-LYS 47,  A20-ASP 22,  A35-LYD 21:       0.00024651 at      2.247 Ang (2.211 Ang by residue) in 3.3321 (sec).
 3-Body  A19-LYS 47,  A20-ASP 22,  A35-LYD 23:       0.00019624 at      2.247 Ang (2.211 Ang by residue) in 3.3798 (sec).
 3-Body  A19-LYS 47,  A20-ASP 22,  A35-LYD 24:       0.00019319 at      2.247 Ang (2.211 Ang by residue) in 3.4480 (sec).
 3-Body  A19-LYS 47,  A20-ASP 22,  A35-LYS 29:       0.00023372 at      2.297 Ang (2.211 Ang by residue) in 3.1511 (sec).
 3-Body  A19-LYS 47,  A20-ASP 22,  A35-LYS 31:       0.00019034 at      2.297 Ang (2.211 Ang by residue) in 3.2278 (sec).
 3-Body  A19-LYS 47,  A20-ASP 22,  A35-LYS 32:       0.00018883 at      2.297 Ang (2.211 Ang by residue) in 3.1592 (sec).
 3-Body  A19-LYS 47,  A20-ASP 22,  A35-LYS 33:       0.00021682 at      2.297 Ang (2.211 Ang by residue) in 3.2539 (sec).
 3-Body  A19-LYS 47,  A20-ASP 22,  A35-LYS 46:       0.00045301 at      2.247 Ang (2.211 Ang by residue) in 3.3468 (sec).
 3-Body  A19-LYS 47,  A20-ASP 22,  A35-LYS 47:       0.00050856 at      2.247 Ang (2.211 Ang by residue) in 3.2054 (sec).
 3-Body  A19-LYS 47,  A20-ASP 22,  A35-LYS 48:       0.00045210 at      2.247 Ang (2.211 Ang by residue) in 3.2380 (sec).
 3-Body  A19-LYS 47,  A20-ASP 22,  A35-LYS 49:       0.00101902 at      2.193 Ang (2.211 Ang by residue) in 3.1938 (sec).
 3-Body  A19-LYS 47,  A20-ASP 22,  A35-LYS 50:       0.00033089 at      2.247 Ang (2.211 Ang by residue) in 3.4611 (sec).
 3-Body  A19-LYS 47,  A20-ASP 22,  A35-LYS 51:       0.00034875 at      2.247 Ang (2.211 Ang by residue) in 3.3489 (sec).
 3-Body  A19-LYS 47,  A20-ASP 23,  A22-GLU 0 :       0.00356027 at      1.681 Ang (1.241 Ang by residue) in 3.2127 (sec).
 3-Body  A19-LYS 47,  A20-ASP 23,  A22-GLU 36:       0.00294117 at      1.681 Ang (1.241 Ang by residue) in 3.2597 (sec).
 3-Body  A19-LYS 47,  A20-ASP 23,  A22-GLU 39:       0.00193469 at      1.681 Ang (1.241 Ang by residue) in 3.2307 (sec).
 3-Body  A19-LYS 47,  A20-ASP 23,  A22-GLU 40:       0.00339795 at      1.681 Ang (1.241 Ang by residue) in 3.1705 (sec).
 3-Body  A19-LYS 47,  A20-ASP 23,  A22-GLU 41:       0.00350633 at      1.681 Ang (1.241 Ang by residue) in 3.3116 (sec).
 3-Body  A19-LYS 47,  A20-ASP 23,  A35-LYS 0 :       0.00034548 at      2.251 Ang (2.211 Ang by residue) in 3.4908 (sec).
 3-Body  A19-LYS 47,  A20-ASP 23,  A35-LYD 1 :       0.00019305 at      2.251 Ang (2.211 Ang by residue) in 3.0800 (sec).
 3-Body  A19-LYS 47,  A20-ASP 23,  A35-LYD 2 :       0.00011673 at      2.283 Ang (2.211 Ang by residue) in 3.2790 (sec).
 3-Body  A19-LYS 47,  A20-ASP 23,  A35-LYD 3 :       0.00010403 at      2.283 Ang (2.211 Ang by residue) in 3.3396 (sec).
 3-Body  A19-LYS 47,  A20-ASP 23,  A35-LYD 4 :       0.00010316 at      2.283 Ang (2.211 Ang by residue) in 3.3963 (sec).
 3-Body  A19-LYS 47,  A20-ASP 23,  A35-LYD 5 :       0.00010212 at      2.283 Ang (2.211 Ang by residue) in 3.2766 (sec).
 3-Body  A19-LYS 47,  A20-ASP 23,  A35-LYD 6 :       0.00010558 at      2.283 Ang (2.211 Ang by residue) in 3.3545 (sec).
 3-Body  A19-LYS 47,  A20-ASP 23,  A35-LYD 20:       0.00023021 at      2.241 Ang (2.211 Ang by residue) in 3.4288 (sec).
 3-Body  A19-LYS 47,  A20-ASP 23,  A35-LYD 21:       0.00024349 at      2.241 Ang (2.211 Ang by residue) in 3.4362 (sec).
 3-Body  A19-LYS 47,  A20-ASP 23,  A35-LYD 23:       0.00019584 at      2.241 Ang (2.211 Ang by residue) in 3.3912 (sec).
 3-Body  A19-LYS 47,  A20-ASP 23,  A35-LYD 24:       0.00019410 at      2.241 Ang (2.211 Ang by residue) in 3.7066 (sec).
 3-Body  A19-LYS 47,  A20-ASP 23,  A35-LYS 29:       0.00020868 at      2.283 Ang (2.211 Ang by residue) in 3.7138 (sec).
 3-Body  A19-LYS 47,  A20-ASP 23,  A35-LYS 31:       0.00017215 at      2.283 Ang (2.211 Ang by residue) in 3.4665 (sec).
 3-Body  A19-LYS 47,  A20-ASP 23,  A35-LYS 32:       0.00017074 at      2.283 Ang (2.211 Ang by residue) in 3.4205 (sec).
 3-Body  A19-LYS 47,  A20-ASP 23,  A35-LYS 33:       0.00019438 at      2.283 Ang (2.211 Ang by residue) in 3.3795 (sec).
 3-Body  A19-LYS 47,  A20-ASP 23,  A35-LYS 46:       0.00041562 at      2.241 Ang (2.211 Ang by residue) in 3.3084 (sec).
 3-Body  A19-LYS 47,  A20-ASP 23,  A35-LYS 47:       0.00046856 at      2.241 Ang (2.211 Ang by residue) in 3.2941 (sec).
 3-Body  A19-LYS 47,  A20-ASP 23,  A35-LYS 48:       0.00041398 at      2.241 Ang (2.211 Ang by residue) in 3.1117 (sec).
 3-Body  A19-LYS 47,  A20-ASP 23,  A35-LYS 49:       0.00094829 at      2.196 Ang (2.211 Ang by residue) in 3.3834 (sec).
 3-Body  A19-LYS 47,  A20-ASP 23,  A35-LYS 50:       0.00030422 at      2.241 Ang (2.211 Ang by residue) in 3.2029 (sec).
 3-Body  A19-LYS 47,  A20-ASP 23,  A35-LYS 51:       0.00032050 at      2.241 Ang (2.211 Ang by residue) in 3.4194 (sec).
 3-Body  A19-LYS 47,  A20-ASP 25,  A22-GLU 0 :       0.00047578 at      1.758 Ang (1.241 Ang by residue) in 3.3947 (sec).
 3-Body  A19-LYS 47,  A20-ASP 25,  A22-GLU 36:       0.00037026 at      1.758 Ang (1.241 Ang by residue) in 3.3094 (sec).
 3-Body  A19-LYS 47,  A20-ASP 25,  A22-GLU 39:      -0.00218699 at      1.698 Ang (1.241 Ang by residue) in 3.2492 (sec).
 3-Body  A19-LYS 47,  A20-ASP 25,  A22-GLU 40:       0.00038056 at      1.758 Ang (1.241 Ang by residue) in 3.4005 (sec).
 3-Body  A19-LYS 47,  A20-ASP 25,  A22-GLU 41:       0.00045259 at      1.758 Ang (1.241 Ang by residue) in 3.3022 (sec).
 3-Body  A19-LYS 47,  A20-ASP 25,  A35-LYS 0 :       0.00010250 at      2.350 Ang (2.211 Ang by residue) in 3.3668 (sec).
 3-Body  A19-LYS 47,  A20-ASP 25,  A35-LYD 1 :       0.00004072 at      2.350 Ang (2.211 Ang by residue) in 3.2540 (sec).
 3-Body  A19-LYS 47,  A20-ASP 25,  A35-LYD 2 :       0.00003141 at      2.364 Ang (2.211 Ang by residue) in 3.2991 (sec).
 3-Body  A19-LYS 47,  A20-ASP 25,  A35-LYD 3 :       0.00002941 at      2.364 Ang (2.211 Ang by residue) in 3.2871 (sec).
 3-Body  A19-LYS 47,  A20-ASP 25,  A35-LYD 4 :       0.00002831 at      2.364 Ang (2.211 Ang by residue) in 3.4087 (sec).
 3-Body  A19-LYS 47,  A20-ASP 25,  A35-LYD 5 :       0.00002615 at      2.364 Ang (2.211 Ang by residue) in 3.4878 (sec).
 3-Body  A19-LYS 47,  A20-ASP 25,  A35-LYD 6 :       0.00002645 at      2.364 Ang (2.211 Ang by residue) in 3.3385 (sec).
 3-Body  A19-LYS 47,  A20-ASP 25,  A35-LYD 20:       0.00004141 at      2.336 Ang (2.211 Ang by residue) in 3.2775 (sec).
 3-Body  A19-LYS 47,  A20-ASP 25,  A35-LYD 21:       0.00004500 at      2.336 Ang (2.211 Ang by residue) in 3.1773 (sec).
 3-Body  A19-LYS 47,  A20-ASP 25,  A35-LYD 23:       0.00003795 at      2.336 Ang (2.211 Ang by residue) in 3.1203 (sec).
 3-Body  A19-LYS 47,  A20-ASP 25,  A35-LYD 24:       0.00003283 at      2.336 Ang (2.211 Ang by residue) in 3.2843 (sec).
 3-Body  A19-LYS 47,  A20-ASP 25,  A35-LYS 29:       0.00006589 at      2.364 Ang (2.211 Ang by residue) in 3.3096 (sec).
 3-Body  A19-LYS 47,  A20-ASP 25,  A35-LYS 31:       0.00004987 at      2.364 Ang (2.211 Ang by residue) in 3.3667 (sec).
 3-Body  A19-LYS 47,  A20-ASP 25,  A35-LYS 32:       0.00004918 at      2.364 Ang (2.211 Ang by residue) in 3.3212 (sec).
 3-Body  A19-LYS 47,  A20-ASP 25,  A35-LYS 33:       0.00005214 at      2.364 Ang (2.211 Ang by residue) in 3.2403 (sec).
 3-Body  A19-LYS 47,  A20-ASP 25,  A35-LYS 46:       0.00009017 at      2.336 Ang (2.211 Ang by residue) in 3.2531 (sec).
 3-Body  A19-LYS 47,  A20-ASP 25,  A35-LYS 47:       0.00012048 at      2.336 Ang (2.211 Ang by residue) in 3.0542 (sec).
 3-Body  A19-LYS 47,  A20-ASP 25,  A35-LYS 48:       0.00010974 at      2.336 Ang (2.211 Ang by residue) in 3.2538 (sec).
 3-Body  A19-LYS 47,  A20-ASP 25,  A35-LYS 49:       0.00016084 at      2.293 Ang (2.211 Ang by residue) in 3.4924 (sec).
 3-Body  A19-LYS 47,  A20-ASP 25,  A35-LYS 50:       0.00007865 at      2.336 Ang (2.211 Ang by residue) in 3.3179 (sec).
 3-Body  A19-LYS 47,  A20-ASP 25,  A35-LYS 51:       0.00008345 at      2.336 Ang (2.211 Ang by residue) in 3.2103 (sec).
 3-Body  A19-LYS 47,  A22-GLU 0 ,  A35-LYS 0 :       0.00004950 at      2.514 Ang (1.857 Ang by residue) in 3.2942 (sec).
 3-Body  A19-LYS 47,  A22-GLU 0 ,  A35-LYD 1 :       0.00001050 at      2.514 Ang (1.857 Ang by residue) in 3.1858 (sec).
 3-Body  A19-LYS 47,  A22-GLU 0 ,  A35-LYD 2 :       0.00001083 at      2.551 Ang (1.857 Ang by residue) in 3.1875 (sec).
 3-Body  A19-LYS 47,  A22-GLU 0 ,  A35-LYD 3 :       0.00001181 at      2.551 Ang (1.857 Ang by residue) in 3.0451 (sec).
 3-Body  A19-LYS 47,  A22-GLU 0 ,  A35-LYD 4 :       0.00000957 at      2.551 Ang (1.857 Ang by residue) in 3.2951 (sec).
 3-Body  A19-LYS 47,  A22-GLU 0 ,  A35-LYD 5 :       0.00000960 at      2.551 Ang (1.857 Ang by residue) in 3.1738 (sec).
 3-Body  A19-LYS 47,  A22-GLU 0 ,  A35-LYD 6 :       0.00000825 at      2.551 Ang (1.857 Ang by residue) in 3.2492 (sec).
 3-Body  A19-LYS 47,  A22-GLU 0 ,  A35-LYD 20:       0.00001043 at      2.468 Ang (1.857 Ang by residue) in 3.2323 (sec).
 3-Body  A19-LYS 47,  A22-GLU 0 ,  A35-LYD 21:       0.00001005 at      2.467 Ang (1.857 Ang by residue) in 3.3957 (sec).
 3-Body  A19-LYS 47,  A22-GLU 0 ,  A35-LYD 23:       0.00000525 at      2.488 Ang (1.857 Ang by residue) in 3.2234 (sec).
 3-Body  A19-LYS 47,  A22-GLU 0 ,  A35-LYD 24:       0.00000445 at      2.488 Ang (1.857 Ang by residue) in 3.2691 (sec).
 3-Body  A19-LYS 47,  A22-GLU 0 ,  A35-LYS 29:       0.00002752 at      2.551 Ang (1.857 Ang by residue) in 3.2345 (sec).
 3-Body  A19-LYS 47,  A22-GLU 0 ,  A35-LYS 31:       0.00001975 at      2.551 Ang (1.857 Ang by residue) in 3.2935 (sec).
 3-Body  A19-LYS 47,  A22-GLU 0 ,  A35-LYS 32:       0.00001512 at      2.551 Ang (1.857 Ang by residue) in 3.2738 (sec).
 3-Body  A19-LYS 47,  A22-GLU 0 ,  A35-LYS 33:       0.00002431 at      2.551 Ang (1.857 Ang by residue) in 3.4581 (sec).
 3-Body  A19-LYS 47,  A22-GLU 0 ,  A35-LYS 46:       0.00005054 at      2.468 Ang (1.857 Ang by residue) in 3.6216 (sec).
 3-Body  A19-LYS 47,  A22-GLU 0 ,  A35-LYS 47:       0.00003433 at      2.468 Ang (1.857 Ang by residue) in 3.3123 (sec).
 3-Body  A19-LYS 47,  A22-GLU 0 ,  A35-LYS 48:       0.00005089 at      2.467 Ang (1.857 Ang by residue) in 3.2804 (sec).
 3-Body  A19-LYS 47,  A22-GLU 0 ,  A35-LYS 49:       0.00010411 at      2.419 Ang (1.857 Ang by residue) in 3.2806 (sec).
 3-Body  A19-LYS 47,  A22-GLU 0 ,  A35-LYS 50:       0.00002613 at      2.488 Ang (1.857 Ang by residue) in 3.0485 (sec).
 3-Body  A19-LYS 47,  A22-GLU 0 ,  A35-LYS 51:       0.00001877 at      2.488 Ang (1.857 Ang by residue) in 3.3559 (sec).
 3-Body  A19-LYS 47,  A22-GLU 36,  A35-LYS 0 :       0.00009416 at      2.463 Ang (1.857 Ang by residue) in 3.1613 (sec).
 3-Body  A19-LYS 47,  A22-GLU 36,  A35-LYD 1 :       0.00002793 at      2.463 Ang (1.857 Ang by residue) in 3.1696 (sec).
 3-Body  A19-LYS 47,  A22-GLU 36,  A35-LYD 2 :       0.00002061 at      2.523 Ang (1.857 Ang by residue) in 3.3840 (sec).
 3-Body  A19-LYS 47,  A22-GLU 36,  A35-LYD 3 :       0.00001998 at      2.523 Ang (1.857 Ang by residue) in 3.3402 (sec).
 3-Body  A19-LYS 47,  A22-GLU 36,  A35-LYD 4 :       0.00001653 at      2.523 Ang (1.857 Ang by residue) in 3.2156 (sec).
 3-Body  A19-LYS 47,  A22-GLU 36,  A35-LYD 5 :       0.00001744 at      2.523 Ang (1.857 Ang by residue) in 3.1495 (sec).
 3-Body  A19-LYS 47,  A22-GLU 36,  A35-LYD 6 :       0.00001726 at      2.523 Ang (1.857 Ang by residue) in 3.2755 (sec).
 3-Body  A19-LYS 47,  A22-GLU 36,  A35-LYD 20:       0.00003024 at      2.435 Ang (1.857 Ang by residue) in 3.3855 (sec).
 3-Body  A19-LYS 47,  A22-GLU 36,  A35-LYD 21:       0.00003334 at      2.433 Ang (1.857 Ang by residue) in 3.1652 (sec).
 3-Body  A19-LYS 47,  A22-GLU 36,  A35-LYD 23:       0.00001936 at      2.457 Ang (1.857 Ang by residue) in 3.2995 (sec).
 3-Body  A19-LYS 47,  A22-GLU 36,  A35-LYD 24:       0.00002016 at      2.457 Ang (1.857 Ang by residue) in 3.2722 (sec).
 3-Body  A19-LYS 47,  A22-GLU 36,  A35-LYS 29:       0.00005349 at      2.523 Ang (1.857 Ang by residue) in 3.0528 (sec).
 3-Body  A19-LYS 47,  A22-GLU 36,  A35-LYS 31:       0.00004067 at      2.523 Ang (1.857 Ang by residue) in 3.3607 (sec).
 3-Body  A19-LYS 47,  A22-GLU 36,  A35-LYS 32:       0.00003317 at      2.523 Ang (1.857 Ang by residue) in 3.3427 (sec).
 3-Body  A19-LYS 47,  A22-GLU 36,  A35-LYS 33:       0.00005647 at      2.523 Ang (1.857 Ang by residue) in 3.3280 (sec).
 3-Body  A19-LYS 47,  A22-GLU 36,  A35-LYS 46:       0.00015031 at      2.383 Ang (1.857 Ang by residue) in 3.2087 (sec).
 3-Body  A19-LYS 47,  A22-GLU 36,  A35-LYS 47:       0.00007745 at      2.435 Ang (1.857 Ang by residue) in 3.2014 (sec).
 3-Body  A19-LYS 47,  A22-GLU 36,  A35-LYS 48:       0.00010533 at      2.433 Ang (1.857 Ang by residue) in 3.3810 (sec).
 3-Body  A19-LYS 47,  A22-GLU 36,  A35-LYS 49:       0.00024348 at      2.364 Ang (1.857 Ang by residue) in 3.1426 (sec).
 3-Body  A19-LYS 47,  A22-GLU 36,  A35-LYS 50:       0.00006003 at      2.457 Ang (1.857 Ang by residue) in 3.3813 (sec).
 3-Body  A19-LYS 47,  A22-GLU 36,  A35-LYS 51:       0.00004779 at      2.457 Ang (1.857 Ang by residue) in 3.3983 (sec).
 3-Body  A19-LYS 47,  A22-GLU 39,  A35-LYS 0 :       0.00008015 at      2.523 Ang (1.857 Ang by residue) in 3.1245 (sec).
 3-Body  A19-LYS 47,  A22-GLU 39,  A35-LYD 1 :       0.00002730 at      2.523 Ang (1.857 Ang by residue) in 3.0787 (sec).
 3-Body  A19-LYS 47,  A22-GLU 39,  A35-LYD 2 :       0.00002126 at      2.561 Ang (1.857 Ang by residue) in 3.2628 (sec).
 3-Body  A19-LYS 47,  A22-GLU 39,  A35-LYD 3 :       0.00002052 at      2.561 Ang (1.857 Ang by residue) in 3.3349 (sec).
 3-Body  A19-LYS 47,  A22-GLU 39,  A35-LYD 4 :       0.00001852 at      2.561 Ang (1.857 Ang by residue) in 3.1339 (sec).
 3-Body  A19-LYS 47,  A22-GLU 39,  A35-LYD 5 :       0.00001786 at      2.561 Ang (1.857 Ang by residue) in 3.3829 (sec).
 3-Body  A19-LYS 47,  A22-GLU 39,  A35-LYD 6 :       0.00001711 at      2.561 Ang (1.857 Ang by residue) in 3.2424 (sec).
 3-Body  A19-LYS 47,  A22-GLU 39,  A35-LYD 20:       0.00002855 at      2.495 Ang (1.857 Ang by residue) in 3.3165 (sec).
 3-Body  A19-LYS 47,  A22-GLU 39,  A35-LYD 21:       0.00002970 at      2.494 Ang (1.857 Ang by residue) in 3.2291 (sec).
 3-Body  A19-LYS 47,  A22-GLU 39,  A35-LYD 23:       0.00002028 at      2.495 Ang (1.857 Ang by residue) in 3.2216 (sec).
 3-Body  A19-LYS 47,  A22-GLU 39,  A35-LYD 24:       0.00001846 at      2.495 Ang (1.857 Ang by residue) in 3.5834 (sec).
 3-Body  A19-LYS 47,  A22-GLU 39,  A35-LYS 29:       0.00004558 at      2.561 Ang (1.857 Ang by residue) in 3.3564 (sec).
 3-Body  A19-LYS 47,  A22-GLU 39,  A35-LYS 31:       0.00003315 at      2.561 Ang (1.857 Ang by residue) in 3.2456 (sec).
 3-Body  A19-LYS 47,  A22-GLU 39,  A35-LYS 32:       0.00002939 at      2.561 Ang (1.857 Ang by residue) in 3.2494 (sec).
 3-Body  A19-LYS 47,  A22-GLU 39,  A35-LYS 33:       0.00003849 at      2.561 Ang (1.857 Ang by residue) in 3.4360 (sec).
 3-Body  A19-LYS 47,  A22-GLU 39,  A35-LYS 46:       0.00007925 at      2.461 Ang (1.857 Ang by residue) in 3.2042 (sec).
 3-Body  A19-LYS 47,  A22-GLU 39,  A35-LYS 47:       0.00007222 at      2.495 Ang (1.857 Ang by residue) in 3.3057 (sec).
 3-Body  A19-LYS 47,  A22-GLU 39,  A35-LYS 48:       0.00008555 at      2.494 Ang (1.857 Ang by residue) in 3.1749 (sec).
 3-Body  A19-LYS 47,  A22-GLU 39,  A35-LYS 49:       0.00016885 at      2.437 Ang (1.857 Ang by residue) in 3.2052 (sec).
 3-Body  A19-LYS 47,  A22-GLU 39,  A35-LYS 50:       0.00005022 at      2.495 Ang (1.857 Ang by residue) in 3.2257 (sec).
 3-Body  A19-LYS 47,  A22-GLU 39,  A35-LYS 51:       0.00004512 at      2.495 Ang (1.857 Ang by residue) in 3.0662 (sec).
 3-Body  A19-LYS 47,  A22-GLU 40,  A35-LYS 0 :       0.00010752 at      2.432 Ang (1.857 Ang by residue) in 3.3007 (sec).
 3-Body  A19-LYS 47,  A22-GLU 40,  A35-LYD 1 :       0.00003170 at      2.432 Ang (1.857 Ang by residue) in 3.3194 (sec).
 3-Body  A19-LYS 47,  A22-GLU 40,  A35-LYD 2 :       0.00001810 at      2.542 Ang (1.857 Ang by residue) in 3.3171 (sec).
 3-Body  A19-LYS 47,  A22-GLU 40,  A35-LYD 3 :       0.00001686 at      2.542 Ang (1.857 Ang by residue) in 3.2600 (sec).
 3-Body  A19-LYS 47,  A22-GLU 40,  A35-LYD 4 :       0.00001499 at      2.542 Ang (1.857 Ang by residue) in 3.3025 (sec).
 3-Body  A19-LYS 47,  A22-GLU 40,  A35-LYD 5 :       0.00001464 at      2.542 Ang (1.857 Ang by residue) in 3.2838 (sec).
 3-Body  A19-LYS 47,  A22-GLU 40,  A35-LYD 6 :       0.00001348 at      2.542 Ang (1.857 Ang by residue) in 3.2311 (sec).
 3-Body  A19-LYS 47,  A22-GLU 40,  A35-LYD 20:       0.00004143 at      2.384 Ang (1.857 Ang by residue) in 3.2754 (sec).
 3-Body  A19-LYS 47,  A22-GLU 40,  A35-LYD 21:       0.00004619 at      2.382 Ang (1.857 Ang by residue) in 3.3073 (sec).
 3-Body  A19-LYS 47,  A22-GLU 40,  A35-LYD 23:       0.00001763 at      2.457 Ang (1.857 Ang by residue) in 3.2604 (sec).
 3-Body  A19-LYS 47,  A22-GLU 40,  A35-LYD 24:       0.00001557 at      2.457 Ang (1.857 Ang by residue) in 3.3191 (sec).
 3-Body  A19-LYS 47,  A22-GLU 40,  A35-LYS 29:       0.00004947 at      2.542 Ang (1.857 Ang by residue) in 3.3866 (sec).
 3-Body  A19-LYS 47,  A22-GLU 40,  A35-LYS 31:       0.00003572 at      2.542 Ang (1.857 Ang by residue) in 3.2689 (sec).
 3-Body  A19-LYS 47,  A22-GLU 40,  A35-LYS 32:       0.00003127 at      2.542 Ang (1.857 Ang by residue) in 3.2914 (sec).
 3-Body  A19-LYS 47,  A22-GLU 40,  A35-LYS 33:       0.00004244 at      2.542 Ang (1.857 Ang by residue) in 3.5298 (sec).
 3-Body  A19-LYS 47,  A22-GLU 40,  A35-LYS 46:       0.00013346 at      2.404 Ang (1.857 Ang by residue) in 3.2429 (sec).
 3-Body  A19-LYS 47,  A22-GLU 40,  A35-LYS 47:       0.00009696 at      2.384 Ang (1.857 Ang by residue) in 3.2994 (sec).
 3-Body  A19-LYS 47,  A22-GLU 40,  A35-LYS 48:       0.00013193 at      2.382 Ang (1.857 Ang by residue) in 3.2620 (sec).
 3-Body  A19-LYS 47,  A22-GLU 40,  A35-LYS 49:       0.00037407 at      2.335 Ang (1.857 Ang by residue) in 3.3148 (sec).
 3-Body  A19-LYS 47,  A22-GLU 40,  A35-LYS 50:       0.00005804 at      2.457 Ang (1.857 Ang by residue) in 3.3747 (sec).
 3-Body  A19-LYS 47,  A22-GLU 40,  A35-LYS 51:       0.00004917 at      2.457 Ang (1.857 Ang by residue) in 3.2331 (sec).
 3-Body  A19-LYS 47,  A22-GLU 41,  A35-LYS 0 :       0.00005188 at      2.523 Ang (1.857 Ang by residue) in 3.2673 (sec).
 3-Body  A19-LYS 47,  A22-GLU 41,  A35-LYD 1 :       0.00001381 at      2.523 Ang (1.857 Ang by residue) in 3.1874 (sec).
 3-Body  A19-LYS 47,  A22-GLU 41,  A35-LYD 2 :       0.00001293 at      2.561 Ang (1.857 Ang by residue) in 3.3106 (sec).
 3-Body  A19-LYS 47,  A22-GLU 41,  A35-LYD 3 :       0.00001370 at      2.561 Ang (1.857 Ang by residue) in 3.3037 (sec).
 3-Body  A19-LYS 47,  A22-GLU 41,  A35-LYD 4 :       0.00001139 at      2.561 Ang (1.857 Ang by residue) in 3.4028 (sec).
 3-Body  A19-LYS 47,  A22-GLU 41,  A35-LYD 5 :       0.00001154 at      2.561 Ang (1.857 Ang by residue) in 3.1386 (sec).
 3-Body  A19-LYS 47,  A22-GLU 41,  A35-LYD 6 :       0.00001050 at      2.561 Ang (1.857 Ang by residue) in 3.2525 (sec).
 3-Body  A19-LYS 47,  A22-GLU 41,  A35-LYD 20:       0.00001462 at      2.486 Ang (1.857 Ang by residue) in 3.3038 (sec).
 3-Body  A19-LYS 47,  A22-GLU 41,  A35-LYD 21:       0.00001430 at      2.484 Ang (1.857 Ang by residue) in 3.3840 (sec).
 3-Body  A19-LYS 47,  A22-GLU 41,  A35-LYD 23:       0.00000889 at      2.495 Ang (1.857 Ang by residue) in 3.3599 (sec).
 3-Body  A19-LYS 47,  A22-GLU 41,  A35-LYD 24:       0.00000833 at      2.495 Ang (1.857 Ang by residue) in 3.3035 (sec).
 3-Body  A19-LYS 47,  A22-GLU 41,  A35-LYS 29:       0.00002949 at      2.561 Ang (1.857 Ang by residue) in 3.3612 (sec).
 3-Body  A19-LYS 47,  A22-GLU 41,  A35-LYS 31:       0.00002178 at      2.561 Ang (1.857 Ang by residue) in 3.2926 (sec).
 3-Body  A19-LYS 47,  A22-GLU 41,  A35-LYS 32:       0.00001694 at      2.561 Ang (1.857 Ang by residue) in 3.3062 (sec).
 3-Body  A19-LYS 47,  A22-GLU 41,  A35-LYS 33:       0.00002705 at      2.561 Ang (1.857 Ang by residue) in 3.3283 (sec).
 3-Body  A19-LYS 47,  A22-GLU 41,  A35-LYS 46:       0.00005559 at      2.461 Ang (1.857 Ang by residue) in 3.1608 (sec).
 3-Body  A19-LYS 47,  A22-GLU 41,  A35-LYS 47:       0.00003719 at      2.486 Ang (1.857 Ang by residue) in 3.4900 (sec).
 3-Body  A19-LYS 47,  A22-GLU 41,  A35-LYS 48:       0.00005407 at      2.484 Ang (1.857 Ang by residue) in 3.5091 (sec).
 3-Body  A19-LYS 47,  A22-GLU 41,  A35-LYS 49:       0.00010575 at      2.437 Ang (1.857 Ang by residue) in 3.2532 (sec).
 3-Body  A19-LYS 47,  A22-GLU 41,  A35-LYS 50:       0.00002965 at      2.495 Ang (1.857 Ang by residue) in 3.3622 (sec).
 3-Body  A19-LYS 47,  A22-GLU 41,  A35-LYS 51:       0.00002201 at      2.495 Ang (1.857 Ang by residue) in 3.3128 (sec).
 3-Body  A19-LYS 48,  A20-ASP 0 ,  A22-GLU 0 :       0.00286871 at      1.686 Ang (1.241 Ang by residue) in 3.3745 (sec).
 3-Body  A19-LYS 48,  A20-ASP 0 ,  A22-GLU 36:       0.00230777 at      1.687 Ang (1.241 Ang by residue) in 3.2253 (sec).
 3-Body  A19-LYS 48,  A20-ASP 0 ,  A22-GLU 39:       0.00115500 at      1.688 Ang (1.241 Ang by residue) in 3.1826 (sec).
 3-Body  A19-LYS 48,  A20-ASP 0 ,  A22-GLU 40:       0.00268938 at      1.689 Ang (1.241 Ang by residue) in 3.3519 (sec).
 3-Body  A19-LYS 48,  A20-ASP 0 ,  A22-GLU 41:       0.00277993 at      1.688 Ang (1.241 Ang by residue) in 3.1620 (sec).
 3-Body  A19-LYS 48,  A20-ASP 0 ,  A35-LYS 0 :       0.00033496 at      2.248 Ang (2.211 Ang by residue) in 3.2786 (sec).
 3-Body  A19-LYS 48,  A20-ASP 0 ,  A35-LYD 1 :       0.00016978 at      2.248 Ang (2.211 Ang by residue) in 3.3812 (sec).
 3-Body  A19-LYS 48,  A20-ASP 0 ,  A35-LYD 2 :       0.00010267 at      2.254 Ang (2.211 Ang by residue) in 3.1957 (sec).
 3-Body  A19-LYS 48,  A20-ASP 0 ,  A35-LYD 3 :       0.00009048 at      2.254 Ang (2.211 Ang by residue) in 3.4104 (sec).
 3-Body  A19-LYS 48,  A20-ASP 0 ,  A35-LYD 4 :       0.00008973 at      2.254 Ang (2.211 Ang by residue) in 3.3083 (sec).
 3-Body  A19-LYS 48,  A20-ASP 0 ,  A35-LYD 5 :       0.00008748 at      2.254 Ang (2.211 Ang by residue) in 3.3875 (sec).
 3-Body  A19-LYS 48,  A20-ASP 0 ,  A35-LYD 6 :       0.00009020 at      2.254 Ang (2.211 Ang by residue) in 3.3158 (sec).
 3-Body  A19-LYS 48,  A20-ASP 0 ,  A35-LYD 20:       0.00019812 at      2.223 Ang (2.211 Ang by residue) in 3.2713 (sec).
 3-Body  A19-LYS 48,  A20-ASP 0 ,  A35-LYD 21:       0.00021262 at      2.223 Ang (2.211 Ang by residue) in 3.3073 (sec).
 3-Body  A19-LYS 48,  A20-ASP 0 ,  A35-LYD 23:       0.00016996 at      2.223 Ang (2.211 Ang by residue) in 3.3819 (sec).
 3-Body  A19-LYS 48,  A20-ASP 0 ,  A35-LYD 24:       0.00016558 at      2.223 Ang (2.211 Ang by residue) in 3.3176 (sec).
 3-Body  A19-LYS 48,  A20-ASP 0 ,  A35-LYS 29:       0.00020482 at      2.254 Ang (2.211 Ang by residue) in 3.3297 (sec).
 3-Body  A19-LYS 48,  A20-ASP 0 ,  A35-LYS 31:       0.00016538 at      2.254 Ang (2.211 Ang by residue) in 3.2769 (sec).
 3-Body  A19-LYS 48,  A20-ASP 0 ,  A35-LYS 32:       0.00016523 at      2.254 Ang (2.211 Ang by residue) in 3.3786 (sec).
 3-Body  A19-LYS 48,  A20-ASP 0 ,  A35-LYS 33:       0.00018556 at      2.254 Ang (2.211 Ang by residue) in 3.1376 (sec).
 3-Body  A19-LYS 48,  A20-ASP 0 ,  A35-LYS 46:       0.00038412 at      2.223 Ang (2.211 Ang by residue) in 3.2849 (sec).
 3-Body  A19-LYS 48,  A20-ASP 0 ,  A35-LYS 47:       0.00044698 at      2.223 Ang (2.211 Ang by residue) in 3.3841 (sec).
 3-Body  A19-LYS 48,  A20-ASP 0 ,  A35-LYS 48:       0.00039469 at      2.223 Ang (2.211 Ang by residue) in 3.3179 (sec).
 3-Body  A19-LYS 48,  A20-ASP 0 ,  A35-LYS 49:       0.00085759 at      2.190 Ang (2.211 Ang by residue) in 3.3926 (sec).
 3-Body  A19-LYS 48,  A20-ASP 0 ,  A35-LYS 50:       0.00028882 at      2.223 Ang (2.211 Ang by residue) in 3.2868 (sec).
 3-Body  A19-LYS 48,  A20-ASP 0 ,  A35-LYS 51:       0.00030652 at      2.223 Ang (2.211 Ang by residue) in 3.3296 (sec).
 3-Body  A19-LYS 48,  A20-ASP 22,  A22-GLU 0 :       0.00323794 at      1.714 Ang (1.241 Ang by residue) in 3.4054 (sec).
 3-Body  A19-LYS 48,  A20-ASP 22,  A22-GLU 36:       0.00266369 at      1.714 Ang (1.241 Ang by residue) in 3.2651 (sec).
 3-Body  A19-LYS 48,  A20-ASP 22,  A22-GLU 39:       0.00182598 at      1.714 Ang (1.241 Ang by residue) in 3.2812 (sec).
 3-Body  A19-LYS 48,  A20-ASP 22,  A22-GLU 40:       0.00299731 at      1.714 Ang (1.241 Ang by residue) in 3.3232 (sec).
 3-Body  A19-LYS 48,  A20-ASP 22,  A22-GLU 41:       0.00314613 at      1.714 Ang (1.241 Ang by residue) in 3.3412 (sec).
 3-Body  A19-LYS 48,  A20-ASP 22,  A35-LYS 0 :       0.00036675 at      2.258 Ang (2.211 Ang by residue) in 3.2687 (sec).
 3-Body  A19-LYS 48,  A20-ASP 22,  A35-LYD 1 :       0.00019028 at      2.258 Ang (2.211 Ang by residue) in 3.3095 (sec).
 3-Body  A19-LYS 48,  A20-ASP 22,  A35-LYD 2 :       0.00011652 at      2.297 Ang (2.211 Ang by residue) in 3.3684 (sec).
 3-Body  A19-LYS 48,  A20-ASP 22,  A35-LYD 3 :       0.00010315 at      2.297 Ang (2.211 Ang by residue) in 3.3263 (sec).
 3-Body  A19-LYS 48,  A20-ASP 22,  A35-LYD 4 :       0.00010231 at      2.297 Ang (2.211 Ang by residue) in 3.4901 (sec).
 3-Body  A19-LYS 48,  A20-ASP 22,  A35-LYD 5 :       0.00010060 at      2.297 Ang (2.211 Ang by residue) in 3.1989 (sec).
 3-Body  A19-LYS 48,  A20-ASP 22,  A35-LYD 6 :       0.00010379 at      2.297 Ang (2.211 Ang by residue) in 3.3038 (sec).
 3-Body  A19-LYS 48,  A20-ASP 22,  A35-LYD 20:       0.00022425 at      2.247 Ang (2.211 Ang by residue) in 3.2053 (sec).
 3-Body  A19-LYS 48,  A20-ASP 22,  A35-LYD 21:       0.00024050 at      2.247 Ang (2.211 Ang by residue) in 3.3539 (sec).
 3-Body  A19-LYS 48,  A20-ASP 22,  A35-LYD 23:       0.00019247 at      2.247 Ang (2.211 Ang by residue) in 3.3048 (sec).
 3-Body  A19-LYS 48,  A20-ASP 22,  A35-LYD 24:       0.00018929 at      2.247 Ang (2.211 Ang by residue) in 3.3109 (sec).
 3-Body  A19-LYS 48,  A20-ASP 22,  A35-LYS 29:       0.00022574 at      2.297 Ang (2.211 Ang by residue) in 3.4115 (sec).
 3-Body  A19-LYS 48,  A20-ASP 22,  A35-LYS 31:       0.00018430 at      2.297 Ang (2.211 Ang by residue) in 3.3195 (sec).
 3-Body  A19-LYS 48,  A20-ASP 22,  A35-LYS 32:       0.00018345 at      2.297 Ang (2.211 Ang by residue) in 3.2952 (sec).
 3-Body  A19-LYS 48,  A20-ASP 22,  A35-LYS 33:       0.00020865 at      2.297 Ang (2.211 Ang by residue) in 3.4770 (sec).
 3-Body  A19-LYS 48,  A20-ASP 22,  A35-LYS 46:       0.00043620 at      2.247 Ang (2.211 Ang by residue) in 3.2434 (sec).
 3-Body  A19-LYS 48,  A20-ASP 22,  A35-LYS 47:       0.00049262 at      2.247 Ang (2.211 Ang by residue) in 3.2601 (sec).
 3-Body  A19-LYS 48,  A20-ASP 22,  A35-LYS 48:       0.00043623 at      2.247 Ang (2.211 Ang by residue) in 3.3284 (sec).
 3-Body  A19-LYS 48,  A20-ASP 22,  A35-LYS 49:       0.00098230 at      2.193 Ang (2.211 Ang by residue) in 3.1841 (sec).
 3-Body  A19-LYS 48,  A20-ASP 22,  A35-LYS 50:       0.00032022 at      2.247 Ang (2.211 Ang by residue) in 3.3736 (sec).
 3-Body  A19-LYS 48,  A20-ASP 22,  A35-LYS 51:       0.00033841 at      2.247 Ang (2.211 Ang by residue) in 3.2816 (sec).
 3-Body  A19-LYS 48,  A20-ASP 23,  A22-GLU 0 :       0.00339202 at      1.681 Ang (1.241 Ang by residue) in 3.4195 (sec).
 3-Body  A19-LYS 48,  A20-ASP 23,  A22-GLU 36:       0.00277221 at      1.681 Ang (1.241 Ang by residue) in 3.2746 (sec).
 3-Body  A19-LYS 48,  A20-ASP 23,  A22-GLU 39:       0.00172593 at      1.681 Ang (1.241 Ang by residue) in 3.1332 (sec).
 3-Body  A19-LYS 48,  A20-ASP 23,  A22-GLU 40:       0.00322067 at      1.681 Ang (1.241 Ang by residue) in 3.2044 (sec).
 3-Body  A19-LYS 48,  A20-ASP 23,  A22-GLU 41:       0.00334131 at      1.681 Ang (1.241 Ang by residue) in 3.3175 (sec).
 3-Body  A19-LYS 48,  A20-ASP 23,  A35-LYS 0 :       0.00033212 at      2.251 Ang (2.211 Ang by residue) in 3.5606 (sec).
 3-Body  A19-LYS 48,  A20-ASP 23,  A35-LYD 1 :       0.00018790 at      2.251 Ang (2.211 Ang by residue) in 3.2243 (sec).
 3-Body  A19-LYS 48,  A20-ASP 23,  A35-LYD 2 :       0.00011411 at      2.283 Ang (2.211 Ang by residue) in 3.4923 (sec).
 3-Body  A19-LYS 48,  A20-ASP 23,  A35-LYD 3 :       0.00010200 at      2.283 Ang (2.211 Ang by residue) in 3.3061 (sec).
 3-Body  A19-LYS 48,  A20-ASP 23,  A35-LYD 4 :       0.00010138 at      2.283 Ang (2.211 Ang by residue) in 3.3634 (sec).
 3-Body  A19-LYS 48,  A20-ASP 23,  A35-LYD 5 :       0.00010021 at      2.283 Ang (2.211 Ang by residue) in 3.2716 (sec).
 3-Body  A19-LYS 48,  A20-ASP 23,  A35-LYD 6 :       0.00010360 at      2.283 Ang (2.211 Ang by residue) in 3.3485 (sec).
 3-Body  A19-LYS 48,  A20-ASP 23,  A35-LYD 20:       0.00022411 at      2.241 Ang (2.211 Ang by residue) in 3.3102 (sec).
 3-Body  A19-LYS 48,  A20-ASP 23,  A35-LYD 21:       0.00023715 at      2.241 Ang (2.211 Ang by residue) in 3.3996 (sec).
 3-Body  A19-LYS 48,  A20-ASP 23,  A35-LYD 23:       0.00019171 at      2.241 Ang (2.211 Ang by residue) in 3.2855 (sec).
 3-Body  A19-LYS 48,  A20-ASP 23,  A35-LYD 24:       0.00018981 at      2.241 Ang (2.211 Ang by residue) in 3.3032 (sec).
 3-Body  A19-LYS 48,  A20-ASP 23,  A35-LYS 29:       0.00020111 at      2.283 Ang (2.211 Ang by residue) in 3.3114 (sec).
 3-Body  A19-LYS 48,  A20-ASP 23,  A35-LYS 31:       0.00016641 at      2.283 Ang (2.211 Ang by residue) in 3.0854 (sec).
 3-Body  A19-LYS 48,  A20-ASP 23,  A35-LYS 32:       0.00016566 at      2.283 Ang (2.211 Ang by residue) in 3.1993 (sec).
 3-Body  A19-LYS 48,  A20-ASP 23,  A35-LYS 33:       0.00018665 at      2.283 Ang (2.211 Ang by residue) in 3.3361 (sec).
 3-Body  A19-LYS 48,  A20-ASP 23,  A35-LYS 46:       0.00039928 at      2.241 Ang (2.211 Ang by residue) in 3.2975 (sec).
 3-Body  A19-LYS 48,  A20-ASP 23,  A35-LYS 47:       0.00045293 at      2.241 Ang (2.211 Ang by residue) in 3.1947 (sec).
 3-Body  A19-LYS 48,  A20-ASP 23,  A35-LYS 48:       0.00039849 at      2.241 Ang (2.211 Ang by residue) in 3.3784 (sec).
 3-Body  A19-LYS 48,  A20-ASP 23,  A35-LYS 49:       0.00091267 at      2.196 Ang (2.211 Ang by residue) in 3.2793 (sec).
 3-Body  A19-LYS 48,  A20-ASP 23,  A35-LYS 50:       0.00029378 at      2.241 Ang (2.211 Ang by residue) in 3.4233 (sec).
 3-Body  A19-LYS 48,  A20-ASP 23,  A35-LYS 51:       0.00031039 at      2.241 Ang (2.211 Ang by residue) in 3.1962 (sec).
 3-Body  A19-LYS 48,  A20-ASP 25,  A22-GLU 0 :       0.00042584 at      1.758 Ang (1.241 Ang by residue) in 3.4470 (sec).
 3-Body  A19-LYS 48,  A20-ASP 25,  A22-GLU 36:       0.00034216 at      1.758 Ang (1.241 Ang by residue) in 3.4183 (sec).
 3-Body  A19-LYS 48,  A20-ASP 25,  A22-GLU 39:      -0.00209949 at      1.698 Ang (1.241 Ang by residue) in 3.2871 (sec).
 3-Body  A19-LYS 48,  A20-ASP 25,  A22-GLU 40:       0.00033803 at      1.758 Ang (1.241 Ang by residue) in 3.3140 (sec).
 3-Body  A19-LYS 48,  A20-ASP 25,  A22-GLU 41:       0.00041078 at      1.758 Ang (1.241 Ang by residue) in 3.4980 (sec).
 3-Body  A19-LYS 48,  A20-ASP 25,  A35-LYS 0 :       0.00009726 at      2.350 Ang (2.211 Ang by residue) in 3.3058 (sec).
 3-Body  A19-LYS 48,  A20-ASP 25,  A35-LYD 1 :       0.00003967 at      2.350 Ang (2.211 Ang by residue) in 3.3258 (sec).
 3-Body  A19-LYS 48,  A20-ASP 25,  A35-LYD 2 :       0.00003094 at      2.364 Ang (2.211 Ang by residue) in 3.2122 (sec).
 3-Body  A19-LYS 48,  A20-ASP 25,  A35-LYD 3 :       0.00002913 at      2.364 Ang (2.211 Ang by residue) in 3.1742 (sec).
 3-Body  A19-LYS 48,  A20-ASP 25,  A35-LYD 4 :       0.00002823 at      2.364 Ang (2.211 Ang by residue) in 3.3662 (sec).
 3-Body  A19-LYS 48,  A20-ASP 25,  A35-LYD 5 :       0.00002607 at      2.364 Ang (2.211 Ang by residue) in 3.1426 (sec).
 3-Body  A19-LYS 48,  A20-ASP 25,  A35-LYD 6 :       0.00002640 at      2.364 Ang (2.211 Ang by residue) in 3.2901 (sec).
 3-Body  A19-LYS 48,  A20-ASP 25,  A35-LYD 20:       0.00004030 at      2.336 Ang (2.211 Ang by residue) in 3.2131 (sec).
 3-Body  A19-LYS 48,  A20-ASP 25,  A35-LYD 21:       0.00004381 at      2.336 Ang (2.211 Ang by residue) in 3.3511 (sec).
 3-Body  A19-LYS 48,  A20-ASP 25,  A35-LYD 23:       0.00003752 at      2.336 Ang (2.211 Ang by residue) in 3.2439 (sec).
 3-Body  A19-LYS 48,  A20-ASP 25,  A35-LYD 24:       0.00003252 at      2.336 Ang (2.211 Ang by residue) in 2.9923 (sec).
 3-Body  A19-LYS 48,  A20-ASP 25,  A35-LYS 29:       0.00006304 at      2.364 Ang (2.211 Ang by residue) in 3.1984 (sec).
 3-Body  A19-LYS 48,  A20-ASP 25,  A35-LYS 31:       0.00004802 at      2.364 Ang (2.211 Ang by residue) in 3.3095 (sec).
 3-Body  A19-LYS 48,  A20-ASP 25,  A35-LYS 32:       0.00004778 at      2.364 Ang (2.211 Ang by residue) in 3.0704 (sec).
 3-Body  A19-LYS 48,  A20-ASP 25,  A35-LYS 33:       0.00004956 at      2.364 Ang (2.211 Ang by residue) in 3.4268 (sec).
 3-Body  A19-LYS 48,  A20-ASP 25,  A35-LYS 46:       0.00008542 at      2.336 Ang (2.211 Ang by residue) in 3.3226 (sec).
 3-Body  A19-LYS 48,  A20-ASP 25,  A35-LYS 47:       0.00011513 at      2.336 Ang (2.211 Ang by residue) in 3.2466 (sec).
 3-Body  A19-LYS 48,  A20-ASP 25,  A35-LYS 48:       0.00010419 at      2.336 Ang (2.211 Ang by residue) in 3.3193 (sec).
 3-Body  A19-LYS 48,  A20-ASP 25,  A35-LYS 49:       0.00015223 at      2.293 Ang (2.211 Ang by residue) in 3.3137 (sec).
 3-Body  A19-LYS 48,  A20-ASP 25,  A35-LYS 50:       0.00007531 at      2.336 Ang (2.211 Ang by residue) in 3.2954 (sec).
 3-Body  A19-LYS 48,  A20-ASP 25,  A35-LYS 51:       0.00008044 at      2.336 Ang (2.211 Ang by residue) in 3.4036 (sec).
 3-Body  A19-LYS 48,  A22-GLU 0 ,  A35-LYS 0 :       0.00005501 at      2.514 Ang (1.857 Ang by residue) in 3.3154 (sec).
 3-Body  A19-LYS 48,  A22-GLU 0 ,  A35-LYD 1 :       0.00001316 at      2.514 Ang (1.857 Ang by residue) in 3.2665 (sec).
 3-Body  A19-LYS 48,  A22-GLU 0 ,  A35-LYD 2 :       0.00001258 at      2.551 Ang (1.857 Ang by residue) in 3.3203 (sec).
 3-Body  A19-LYS 48,  A22-GLU 0 ,  A35-LYD 3 :       0.00001337 at      2.551 Ang (1.857 Ang by residue) in 3.2502 (sec).
 3-Body  A19-LYS 48,  A22-GLU 0 ,  A35-LYD 4 :       0.00001114 at      2.551 Ang (1.857 Ang by residue) in 3.2392 (sec).
 3-Body  A19-LYS 48,  A22-GLU 0 ,  A35-LYD 5 :       0.00001097 at      2.551 Ang (1.857 Ang by residue) in 3.2259 (sec).
 3-Body  A19-LYS 48,  A22-GLU 0 ,  A35-LYD 6 :       0.00000974 at      2.551 Ang (1.857 Ang by residue) in 3.2290 (sec).
 3-Body  A19-LYS 48,  A22-GLU 0 ,  A35-LYD 20:       0.00001273 at      2.468 Ang (1.857 Ang by residue) in 3.3340 (sec).
 3-Body  A19-LYS 48,  A22-GLU 0 ,  A35-LYD 21:       0.00001265 at      2.467 Ang (1.857 Ang by residue) in 3.2030 (sec).
 3-Body  A19-LYS 48,  A22-GLU 0 ,  A35-LYD 23:       0.00000716 at      2.488 Ang (1.857 Ang by residue) in 3.2980 (sec).
 3-Body  A19-LYS 48,  A22-GLU 0 ,  A35-LYD 24:       0.00000595 at      2.488 Ang (1.857 Ang by residue) in 3.3654 (sec).
 3-Body  A19-LYS 48,  A22-GLU 0 ,  A35-LYS 29:       0.00003001 at      2.551 Ang (1.857 Ang by residue) in 3.3013 (sec).
 3-Body  A19-LYS 48,  A22-GLU 0 ,  A35-LYS 31:       0.00002124 at      2.551 Ang (1.857 Ang by residue) in 3.4972 (sec).
 3-Body  A19-LYS 48,  A22-GLU 0 ,  A35-LYS 32:       0.00001684 at      2.551 Ang (1.857 Ang by residue) in 3.1850 (sec).
 3-Body  A19-LYS 48,  A22-GLU 0 ,  A35-LYS 33:       0.00002534 at      2.551 Ang (1.857 Ang by residue) in 3.3484 (sec).
 3-Body  A19-LYS 48,  A22-GLU 0 ,  A35-LYS 46:       0.00005251 at      2.468 Ang (1.857 Ang by residue) in 3.2006 (sec).
 3-Body  A19-LYS 48,  A22-GLU 0 ,  A35-LYS 47:       0.00004080 at      2.468 Ang (1.857 Ang by residue) in 3.1857 (sec).
 3-Body  A19-LYS 48,  A22-GLU 0 ,  A35-LYS 48:       0.00005678 at      2.467 Ang (1.857 Ang by residue) in 3.2494 (sec).
 3-Body  A19-LYS 48,  A22-GLU 0 ,  A35-LYS 49:       0.00011819 at      2.419 Ang (1.857 Ang by residue) in 3.2894 (sec).
 3-Body  A19-LYS 48,  A22-GLU 0 ,  A35-LYS 50:       0.00002915 at      2.488 Ang (1.857 Ang by residue) in 3.3237 (sec).
 3-Body  A19-LYS 48,  A22-GLU 0 ,  A35-LYS 51:       0.00002234 at      2.488 Ang (1.857 Ang by residue) in 3.3507 (sec).
 3-Body  A19-LYS 48,  A22-GLU 36,  A35-LYS 0 :       0.00010843 at      2.463 Ang (1.857 Ang by residue) in 3.3398 (sec).
 3-Body  A19-LYS 48,  A22-GLU 36,  A35-LYD 1 :       0.00003403 at      2.463 Ang (1.857 Ang by residue) in 3.3068 (sec).
 3-Body  A19-LYS 48,  A22-GLU 36,  A35-LYD 2 :       0.00002426 at      2.523 Ang (1.857 Ang by residue) in 3.3379 (sec).
 3-Body  A19-LYS 48,  A22-GLU 36,  A35-LYD 3 :       0.00002311 at      2.523 Ang (1.857 Ang by residue) in 3.2943 (sec).
 3-Body  A19-LYS 48,  A22-GLU 36,  A35-LYD 4 :       0.00001953 at      2.523 Ang (1.857 Ang by residue) in 3.1189 (sec).
 3-Body  A19-LYS 48,  A22-GLU 36,  A35-LYD 5 :       0.00002024 at      2.523 Ang (1.857 Ang by residue) in 3.2361 (sec).
 3-Body  A19-LYS 48,  A22-GLU 36,  A35-LYD 6 :       0.00002041 at      2.523 Ang (1.857 Ang by residue) in 3.2278 (sec).
 3-Body  A19-LYS 48,  A22-GLU 36,  A35-LYD 20:       0.00003650 at      2.435 Ang (1.857 Ang by residue) in 3.3006 (sec).
 3-Body  A19-LYS 48,  A22-GLU 36,  A35-LYD 21:       0.00004071 at      2.433 Ang (1.857 Ang by residue) in 3.4323 (sec).
 3-Body  A19-LYS 48,  A22-GLU 36,  A35-LYD 23:       0.00002408 at      2.457 Ang (1.857 Ang by residue) in 3.2863 (sec).
 3-Body  A19-LYS 48,  A22-GLU 36,  A35-LYD 24:       0.00002452 at      2.457 Ang (1.857 Ang by residue) in 3.2687 (sec).
 3-Body  A19-LYS 48,  A22-GLU 36,  A35-LYS 29:       0.00006030 at      2.523 Ang (1.857 Ang by residue) in 3.4077 (sec).
 3-Body  A19-LYS 48,  A22-GLU 36,  A35-LYS 31:       0.00004516 at      2.523 Ang (1.857 Ang by residue) in 3.3085 (sec).
 3-Body  A19-LYS 48,  A22-GLU 36,  A35-LYS 32:       0.00003766 at      2.523 Ang (1.857 Ang by residue) in 3.2285 (sec).
 3-Body  A19-LYS 48,  A22-GLU 36,  A35-LYS 33:       0.00006162 at      2.523 Ang (1.857 Ang by residue) in 3.3564 (sec).
 3-Body  A19-LYS 48,  A22-GLU 36,  A35-LYS 46:       0.00016560 at      2.383 Ang (1.857 Ang by residue) in 3.2300 (sec).
 3-Body  A19-LYS 48,  A22-GLU 36,  A35-LYS 47:       0.00009403 at      2.435 Ang (1.857 Ang by residue) in 3.2062 (sec).
 3-Body  A19-LYS 48,  A22-GLU 36,  A35-LYS 48:       0.00012242 at      2.433 Ang (1.857 Ang by residue) in 3.3162 (sec).
 3-Body  A19-LYS 48,  A22-GLU 36,  A35-LYS 49:       0.00029732 at      2.364 Ang (1.857 Ang by residue) in 3.2902 (sec).
 3-Body  A19-LYS 48,  A22-GLU 36,  A35-LYS 50:       0.00006889 at      2.457 Ang (1.857 Ang by residue) in 3.3076 (sec).
 3-Body  A19-LYS 48,  A22-GLU 36,  A35-LYS 51:       0.00005693 at      2.457 Ang (1.857 Ang by residue) in 3.1361 (sec).
 3-Body  A19-LYS 48,  A22-GLU 39,  A35-LYS 0 :       0.00008167 at      2.523 Ang (1.857 Ang by residue) in 3.2976 (sec).
 3-Body  A19-LYS 48,  A22-GLU 39,  A35-LYD 1 :       0.00002727 at      2.523 Ang (1.857 Ang by residue) in 3.4513 (sec).
 3-Body  A19-LYS 48,  A22-GLU 39,  A35-LYD 2 :       0.00002137 at      2.561 Ang (1.857 Ang by residue) in 3.2855 (sec).
 3-Body  A19-LYS 48,  A22-GLU 39,  A35-LYD 3 :       0.00002066 at      2.561 Ang (1.857 Ang by residue) in 3.2029 (sec).
 3-Body  A19-LYS 48,  A22-GLU 39,  A35-LYD 4 :       0.00001876 at      2.561 Ang (1.857 Ang by residue) in 3.1766 (sec).
 3-Body  A19-LYS 48,  A22-GLU 39,  A35-LYD 5 :       0.00001784 at      2.561 Ang (1.857 Ang by residue) in 3.2091 (sec).
 3-Body  A19-LYS 48,  A22-GLU 39,  A35-LYD 6 :       0.00001696 at      2.561 Ang (1.857 Ang by residue) in 3.2839 (sec).
 3-Body  A19-LYS 48,  A22-GLU 39,  A35-LYD 20:       0.00002793 at      2.495 Ang (1.857 Ang by residue) in 3.2810 (sec).
 3-Body  A19-LYS 48,  A22-GLU 39,  A35-LYD 21:       0.00002934 at      2.494 Ang (1.857 Ang by residue) in 3.2250 (sec).
 3-Body  A19-LYS 48,  A22-GLU 39,  A35-LYD 23:       0.00002005 at      2.495 Ang (1.857 Ang by residue) in 3.3998 (sec).
 3-Body  A19-LYS 48,  A22-GLU 39,  A35-LYD 24:       0.00001771 at      2.495 Ang (1.857 Ang by residue) in 3.1795 (sec).
 3-Body  A19-LYS 48,  A22-GLU 39,  A35-LYS 29:       0.00004571 at      2.561 Ang (1.857 Ang by residue) in 3.3582 (sec).
 3-Body  A19-LYS 48,  A22-GLU 39,  A35-LYS 31:       0.00003268 at      2.561 Ang (1.857 Ang by residue) in 3.2393 (sec).
 3-Body  A19-LYS 48,  A22-GLU 39,  A35-LYS 32:       0.00002932 at      2.561 Ang (1.857 Ang by residue) in 3.3028 (sec).
 3-Body  A19-LYS 48,  A22-GLU 39,  A35-LYS 33:       0.00003693 at      2.561 Ang (1.857 Ang by residue) in 3.4302 (sec).
 3-Body  A19-LYS 48,  A22-GLU 39,  A35-LYS 46:       0.00007650 at      2.461 Ang (1.857 Ang by residue) in 3.4772 (sec).
 3-Body  A19-LYS 48,  A22-GLU 39,  A35-LYS 47:       0.00007484 at      2.495 Ang (1.857 Ang by residue) in 3.3164 (sec).
 3-Body  A19-LYS 48,  A22-GLU 39,  A35-LYS 48:       0.00008710 at      2.494 Ang (1.857 Ang by residue) in 3.2733 (sec).
 3-Body  A19-LYS 48,  A22-GLU 39,  A35-LYS 49:       0.00017604 at      2.437 Ang (1.857 Ang by residue) in 3.3492 (sec).
 3-Body  A19-LYS 48,  A22-GLU 39,  A35-LYS 50:       0.00005014 at      2.495 Ang (1.857 Ang by residue) in 3.3894 (sec).
 3-Body  A19-LYS 48,  A22-GLU 39,  A35-LYS 51:       0.00004583 at      2.495 Ang (1.857 Ang by residue) in 3.1625 (sec).
 3-Body  A19-LYS 48,  A22-GLU 40,  A35-LYS 0 :       0.00011833 at      2.432 Ang (1.857 Ang by residue) in 3.3268 (sec).
 3-Body  A19-LYS 48,  A22-GLU 40,  A35-LYD 1 :       0.00003843 at      2.432 Ang (1.857 Ang by residue) in 3.4820 (sec).
 3-Body  A19-LYS 48,  A22-GLU 40,  A35-LYD 2 :       0.00002053 at      2.542 Ang (1.857 Ang by residue) in 3.1619 (sec).
 3-Body  A19-LYS 48,  A22-GLU 40,  A35-LYD 3 :       0.00001898 at      2.542 Ang (1.857 Ang by residue) in 3.0751 (sec).
 3-Body  A19-LYS 48,  A22-GLU 40,  A35-LYD 4 :       0.00001719 at      2.542 Ang (1.857 Ang by residue) in 3.2691 (sec).
 3-Body  A19-LYS 48,  A22-GLU 40,  A35-LYD 5 :       0.00001665 at      2.542 Ang (1.857 Ang by residue) in 3.2419 (sec).
 3-Body  A19-LYS 48,  A22-GLU 40,  A35-LYD 6 :       0.00001521 at      2.542 Ang (1.857 Ang by residue) in 3.1633 (sec).
 3-Body  A19-LYS 48,  A22-GLU 40,  A35-LYD 20:       0.00005183 at      2.384 Ang (1.857 Ang by residue) in 3.1576 (sec).
 3-Body  A19-LYS 48,  A22-GLU 40,  A35-LYD 21:       0.00005632 at      2.382 Ang (1.857 Ang by residue) in 3.1467 (sec).
 3-Body  A19-LYS 48,  A22-GLU 40,  A35-LYD 23:       0.00002404 at      2.457 Ang (1.857 Ang by residue) in 3.3178 (sec).
 3-Body  A19-LYS 48,  A22-GLU 40,  A35-LYD 24:       0.00002163 at      2.457 Ang (1.857 Ang by residue) in 3.3705 (sec).
 3-Body  A19-LYS 48,  A22-GLU 40,  A35-LYS 29:       0.00005297 at      2.542 Ang (1.857 Ang by residue) in 3.4253 (sec).
 3-Body  A19-LYS 48,  A22-GLU 40,  A35-LYS 31:       0.00003801 at      2.542 Ang (1.857 Ang by residue) in 3.2862 (sec).
 3-Body  A19-LYS 48,  A22-GLU 40,  A35-LYS 32:       0.00003391 at      2.542 Ang (1.857 Ang by residue) in 3.2785 (sec).
 3-Body  A19-LYS 48,  A22-GLU 40,  A35-LYS 33:       0.00004367 at      2.542 Ang (1.857 Ang by residue) in 3.2430 (sec).
 3-Body  A19-LYS 48,  A22-GLU 40,  A35-LYS 46:       0.00013836 at      2.404 Ang (1.857 Ang by residue) in 3.1521 (sec).
 3-Body  A19-LYS 48,  A22-GLU 40,  A35-LYS 47:       0.00011398 at      2.384 Ang (1.857 Ang by residue) in 3.5213 (sec).
 3-Body  A19-LYS 48,  A22-GLU 40,  A35-LYS 48:       0.00014716 at      2.382 Ang (1.857 Ang by residue) in 3.4587 (sec).
 3-Body  A19-LYS 48,  A22-GLU 40,  A35-LYS 49:       0.00042615 at      2.335 Ang (1.857 Ang by residue) in 3.2262 (sec).
 3-Body  A19-LYS 48,  A22-GLU 40,  A35-LYS 50:       0.00006599 at      2.457 Ang (1.857 Ang by residue) in 3.4802 (sec).
 3-Body  A19-LYS 48,  A22-GLU 40,  A35-LYS 51:       0.00005820 at      2.457 Ang (1.857 Ang by residue) in 3.3379 (sec).
 3-Body  A19-LYS 48,  A22-GLU 41,  A35-LYS 0 :       0.00005786 at      2.523 Ang (1.857 Ang by residue) in 3.2547 (sec).
 3-Body  A19-LYS 48,  A22-GLU 41,  A35-LYD 1 :       0.00001685 at      2.523 Ang (1.857 Ang by residue) in 3.0591 (sec).
 3-Body  A19-LYS 48,  A22-GLU 41,  A35-LYD 2 :       0.00001496 at      2.561 Ang (1.857 Ang by residue) in 3.2233 (sec).
 3-Body  A19-LYS 48,  A22-GLU 41,  A35-LYD 3 :       0.00001553 at      2.561 Ang (1.857 Ang by residue) in 3.0670 (sec).
 3-Body  A19-LYS 48,  A22-GLU 41,  A35-LYD 4 :       0.00001322 at      2.561 Ang (1.857 Ang by residue) in 3.0704 (sec).
 3-Body  A19-LYS 48,  A22-GLU 41,  A35-LYD 5 :       0.00001317 at      2.561 Ang (1.857 Ang by residue) in 3.2184 (sec).
 3-Body  A19-LYS 48,  A22-GLU 41,  A35-LYD 6 :       0.00001233 at      2.561 Ang (1.857 Ang by residue) in 3.2959 (sec).
 3-Body  A19-LYS 48,  A22-GLU 41,  A35-LYD 20:       0.00001734 at      2.486 Ang (1.857 Ang by residue) in 3.2934 (sec).
 3-Body  A19-LYS 48,  A22-GLU 41,  A35-LYD 21:       0.00001734 at      2.484 Ang (1.857 Ang by residue) in 3.2677 (sec).
 3-Body  A19-LYS 48,  A22-GLU 41,  A35-LYD 23:       0.00001116 at      2.495 Ang (1.857 Ang by residue) in 3.3235 (sec).
 3-Body  A19-LYS 48,  A22-GLU 41,  A35-LYD 24:       0.00001020 at      2.495 Ang (1.857 Ang by residue) in 3.1786 (sec).
 3-Body  A19-LYS 48,  A22-GLU 41,  A35-LYS 29:       0.00003231 at      2.561 Ang (1.857 Ang by residue) in 3.3367 (sec).
 3-Body  A19-LYS 48,  A22-GLU 41,  A35-LYS 31:       0.00002354 at      2.561 Ang (1.857 Ang by residue) in 3.2688 (sec).
 3-Body  A19-LYS 48,  A22-GLU 41,  A35-LYS 32:       0.00001890 at      2.561 Ang (1.857 Ang by residue) in 3.2893 (sec).
 3-Body  A19-LYS 48,  A22-GLU 41,  A35-LYS 33:       0.00002847 at      2.561 Ang (1.857 Ang by residue) in 3.4171 (sec).
 3-Body  A19-LYS 48,  A22-GLU 41,  A35-LYS 46:       0.00005836 at      2.461 Ang (1.857 Ang by residue) in 3.1964 (sec).
 3-Body  A19-LYS 48,  A22-GLU 41,  A35-LYS 47:       0.00004401 at      2.486 Ang (1.857 Ang by residue) in 3.3385 (sec).
 3-Body  A19-LYS 48,  A22-GLU 41,  A35-LYS 48:       0.00006048 at      2.484 Ang (1.857 Ang by residue) in 3.2284 (sec).
 3-Body  A19-LYS 48,  A22-GLU 41,  A35-LYS 49:       0.00012035 at      2.437 Ang (1.857 Ang by residue) in 3.4171 (sec).
 3-Body  A19-LYS 48,  A22-GLU 41,  A35-LYS 50:       0.00003307 at      2.495 Ang (1.857 Ang by residue) in 3.3341 (sec).
 3-Body  A19-LYS 48,  A22-GLU 41,  A35-LYS 51:       0.00002590 at      2.495 Ang (1.857 Ang by residue) in 3.2629 (sec).
 3-Body  A19-LYS 49,  A20-ASP 0 ,  A22-GLU 0 :       0.00337524 at      1.686 Ang (1.241 Ang by residue) in 3.4461 (sec).
 3-Body  A19-LYS 49,  A20-ASP 0 ,  A22-GLU 36:       0.00279329 at      1.687 Ang (1.241 Ang by residue) in 3.5612 (sec).
 3-Body  A19-LYS 49,  A20-ASP 0 ,  A22-GLU 39:       0.00180004 at      1.688 Ang (1.241 Ang by residue) in 3.2260 (sec).
 3-Body  A19-LYS 49,  A20-ASP 0 ,  A22-GLU 40:       0.00319623 at      1.689 Ang (1.241 Ang by residue) in 3.3431 (sec).
 3-Body  A19-LYS 49,  A20-ASP 0 ,  A22-GLU 41:       0.00326729 at      1.688 Ang (1.241 Ang by residue) in 3.2727 (sec).
 3-Body  A19-LYS 49,  A20-ASP 0 ,  A35-LYS 0 :       0.00036916 at      2.214 Ang (2.211 Ang by residue) in 3.2968 (sec).
 3-Body  A19-LYS 49,  A20-ASP 0 ,  A35-LYD 1 :       0.00019272 at      2.214 Ang (2.211 Ang by residue) in 3.3241 (sec).
 3-Body  A19-LYS 49,  A20-ASP 0 ,  A35-LYD 2 :       0.00011513 at      2.220 Ang (2.211 Ang by residue) in 3.2408 (sec).
 3-Body  A19-LYS 49,  A20-ASP 0 ,  A35-LYD 3 :       0.00010228 at      2.220 Ang (2.211 Ang by residue) in 3.2853 (sec).
 3-Body  A19-LYS 49,  A20-ASP 0 ,  A35-LYD 4 :       0.00010059 at      2.220 Ang (2.211 Ang by residue) in 3.3313 (sec).
 3-Body  A19-LYS 49,  A20-ASP 0 ,  A35-LYD 5 :       0.00009814 at      2.220 Ang (2.211 Ang by residue) in 3.3233 (sec).
 3-Body  A19-LYS 49,  A20-ASP 0 ,  A35-LYD 6 :       0.00010125 at      2.220 Ang (2.211 Ang by residue) in 3.2841 (sec).
 3-Body  A19-LYS 49,  A20-ASP 0 ,  A35-LYD 20:       0.00022638 at      2.189 Ang (2.211 Ang by residue) in 3.1840 (sec).
 3-Body  A19-LYS 49,  A20-ASP 0 ,  A35-LYD 21:       0.00024198 at      2.189 Ang (2.211 Ang by residue) in 3.2952 (sec).
 3-Body  A19-LYS 49,  A20-ASP 0 ,  A35-LYD 23:       0.00019283 at      2.189 Ang (2.211 Ang by residue) in 3.2187 (sec).
 3-Body  A19-LYS 49,  A20-ASP 0 ,  A35-LYD 24:       0.00018830 at      2.189 Ang (2.211 Ang by residue) in 3.3677 (sec).
 3-Body  A19-LYS 49,  A20-ASP 0 ,  A35-LYS 29:       0.00021834 at      2.220 Ang (2.211 Ang by residue) in 3.3871 (sec).
 3-Body  A19-LYS 49,  A20-ASP 0 ,  A35-LYS 31:       0.00017408 at      2.220 Ang (2.211 Ang by residue) in 3.4270 (sec).
 3-Body  A19-LYS 49,  A20-ASP 0 ,  A35-LYS 32:       0.00017250 at      2.220 Ang (2.211 Ang by residue) in 3.3620 (sec).
 3-Body  A19-LYS 49,  A20-ASP 0 ,  A35-LYS 33:       0.00019635 at      2.220 Ang (2.211 Ang by residue) in 3.4088 (sec).
 3-Body  A19-LYS 49,  A20-ASP 0 ,  A35-LYS 46:       0.00042685 at      2.189 Ang (2.211 Ang by residue) in 3.3566 (sec).
 3-Body  A19-LYS 49,  A20-ASP 0 ,  A35-LYS 47:       0.00049693 at      2.189 Ang (2.211 Ang by residue) in 3.3342 (sec).
 3-Body  A19-LYS 49,  A20-ASP 0 ,  A35-LYS 48:       0.00043842 at      2.189 Ang (2.211 Ang by residue) in 3.1715 (sec).
 3-Body  A19-LYS 49,  A20-ASP 0 ,  A35-LYS 49:       0.00098606 at      2.155 Ang (2.211 Ang by residue) in 3.2276 (sec).
 3-Body  A19-LYS 49,  A20-ASP 0 ,  A35-LYS 50:       0.00031542 at      2.189 Ang (2.211 Ang by residue) in 3.2091 (sec).
 3-Body  A19-LYS 49,  A20-ASP 0 ,  A35-LYS 51:       0.00033433 at      2.189 Ang (2.211 Ang by residue) in 3.2285 (sec).
 3-Body  A19-LYS 49,  A20-ASP 22,  A22-GLU 0 :       0.00380576 at      1.714 Ang (1.241 Ang by residue) in 3.3795 (sec).
 3-Body  A19-LYS 49,  A20-ASP 22,  A22-GLU 36:       0.00321908 at      1.714 Ang (1.241 Ang by residue) in 3.3300 (sec).
 3-Body  A19-LYS 49,  A20-ASP 22,  A22-GLU 39:       0.00273009 at      1.714 Ang (1.241 Ang by residue) in 3.4409 (sec).
 3-Body  A19-LYS 49,  A20-ASP 22,  A22-GLU 40:       0.00355931 at      1.714 Ang (1.241 Ang by residue) in 3.4960 (sec).
 3-Body  A19-LYS 49,  A20-ASP 22,  A22-GLU 41:       0.00369238 at      1.714 Ang (1.241 Ang by residue) in 3.4291 (sec).
 3-Body  A19-LYS 49,  A20-ASP 22,  A35-LYS 0 :       0.00040392 at      2.224 Ang (2.211 Ang by residue) in 3.2581 (sec).
 3-Body  A19-LYS 49,  A20-ASP 22,  A35-LYD 1 :       0.00021543 at      2.224 Ang (2.211 Ang by residue) in 3.3073 (sec).
 3-Body  A19-LYS 49,  A20-ASP 22,  A35-LYD 2 :       0.00012987 at      2.264 Ang (2.211 Ang by residue) in 3.3099 (sec).
 3-Body  A19-LYS 49,  A20-ASP 22,  A35-LYD 3 :       0.00011576 at      2.264 Ang (2.211 Ang by residue) in 3.3165 (sec).
 3-Body  A19-LYS 49,  A20-ASP 22,  A35-LYD 4 :       0.00011388 at      2.264 Ang (2.211 Ang by residue) in 3.4120 (sec).
 3-Body  A19-LYS 49,  A20-ASP 22,  A35-LYD 5 :       0.00011193 at      2.264 Ang (2.211 Ang by residue) in 3.3039 (sec).
 3-Body  A19-LYS 49,  A20-ASP 22,  A35-LYD 6 :       0.00011557 at      2.264 Ang (2.211 Ang by residue) in 3.2783 (sec).
 3-Body  A19-LYS 49,  A20-ASP 22,  A35-LYD 20:       0.00025536 at      2.213 Ang (2.211 Ang by residue) in 3.3324 (sec).
 3-Body  A19-LYS 49,  A20-ASP 22,  A35-LYD 21:       0.00027281 at      2.213 Ang (2.211 Ang by residue) in 3.2753 (sec).
 3-Body  A19-LYS 49,  A20-ASP 22,  A35-LYD 23:       0.00021750 at      2.213 Ang (2.211 Ang by residue) in 3.4007 (sec).
 3-Body  A19-LYS 49,  A20-ASP 22,  A35-LYD 24:       0.00021417 at      2.213 Ang (2.211 Ang by residue) in 3.2049 (sec).
 3-Body  A19-LYS 49,  A20-ASP 22,  A35-LYS 29:       0.00023989 at      2.264 Ang (2.211 Ang by residue) in 3.2719 (sec).
 3-Body  A19-LYS 49,  A20-ASP 22,  A35-LYS 31:       0.00019315 at      2.264 Ang (2.211 Ang by residue) in 3.2023 (sec).
 3-Body  A19-LYS 49,  A20-ASP 22,  A35-LYS 32:       0.00019071 at      2.264 Ang (2.211 Ang by residue) in 3.1855 (sec).
 3-Body  A19-LYS 49,  A20-ASP 22,  A35-LYS 33:       0.00021976 at      2.264 Ang (2.211 Ang by residue) in 3.4207 (sec).
 3-Body  A19-LYS 49,  A20-ASP 22,  A35-LYS 46:       0.00048296 at      2.213 Ang (2.211 Ang by residue) in 3.2191 (sec).
 3-Body  A19-LYS 49,  A20-ASP 22,  A35-LYS 47:       0.00054731 at      2.213 Ang (2.211 Ang by residue) in 3.3338 (sec).
 3-Body  A19-LYS 49,  A20-ASP 22,  A35-LYS 48:       0.00048399 at      2.213 Ang (2.211 Ang by residue) in 3.3923 (sec).
 3-Body  A19-LYS 49,  A20-ASP 22,  A35-LYS 49:       0.00112485 at      2.158 Ang (2.211 Ang by residue) in 3.2468 (sec).
 3-Body  A19-LYS 49,  A20-ASP 22,  A35-LYS 50:       0.00034900 at      2.213 Ang (2.211 Ang by residue) in 3.1896 (sec).
 3-Body  A19-LYS 49,  A20-ASP 22,  A35-LYS 51:       0.00036854 at      2.213 Ang (2.211 Ang by residue) in 3.3651 (sec).
 3-Body  A19-LYS 49,  A20-ASP 23,  A22-GLU 0 :       0.00400024 at      1.681 Ang (1.241 Ang by residue) in 3.2605 (sec).
 3-Body  A19-LYS 49,  A20-ASP 23,  A22-GLU 36:       0.00337550 at      1.681 Ang (1.241 Ang by residue) in 3.2567 (sec).
 3-Body  A19-LYS 49,  A20-ASP 23,  A22-GLU 39:       0.00272968 at      1.681 Ang (1.241 Ang by residue) in 3.2333 (sec).
 3-Body  A19-LYS 49,  A20-ASP 23,  A22-GLU 40:       0.00382945 at      1.681 Ang (1.241 Ang by residue) in 3.2809 (sec).
 3-Body  A19-LYS 49,  A20-ASP 23,  A22-GLU 41:       0.00393473 at      1.681 Ang (1.241 Ang by residue) in 3.3882 (sec).
 3-Body  A19-LYS 49,  A20-ASP 23,  A35-LYS 0 :       0.00036715 at      2.217 Ang (2.211 Ang by residue) in 3.3285 (sec).
 3-Body  A19-LYS 49,  A20-ASP 23,  A35-LYD 1 :       0.00021247 at      2.217 Ang (2.211 Ang by residue) in 3.3617 (sec).
 3-Body  A19-LYS 49,  A20-ASP 23,  A35-LYD 2 :       0.00012762 at      2.249 Ang (2.211 Ang by residue) in 3.2833 (sec).
 3-Body  A19-LYS 49,  A20-ASP 23,  A35-LYD 3 :       0.00011479 at      2.249 Ang (2.211 Ang by residue) in 3.3298 (sec).
 3-Body  A19-LYS 49,  A20-ASP 23,  A35-LYD 4 :       0.00011321 at      2.249 Ang (2.211 Ang by residue) in 3.1626 (sec).
 3-Body  A19-LYS 49,  A20-ASP 23,  A35-LYD 5 :       0.00011190 at      2.249 Ang (2.211 Ang by residue) in 3.2458 (sec).
 3-Body  A19-LYS 49,  A20-ASP 23,  A35-LYD 6 :       0.00011576 at      2.249 Ang (2.211 Ang by residue) in 3.2742 (sec).
 3-Body  A19-LYS 49,  A20-ASP 23,  A35-LYD 20:       0.00025437 at      2.207 Ang (2.211 Ang by residue) in 3.3011 (sec).
 3-Body  A19-LYS 49,  A20-ASP 23,  A35-LYD 21:       0.00026840 at      2.207 Ang (2.211 Ang by residue) in 3.3052 (sec).
 3-Body  A19-LYS 49,  A20-ASP 23,  A35-LYD 23:       0.00021602 at      2.207 Ang (2.211 Ang by residue) in 3.2799 (sec).
 3-Body  A19-LYS 49,  A20-ASP 23,  A35-LYD 24:       0.00021415 at      2.207 Ang (2.211 Ang by residue) in 3.3302 (sec).
 3-Body  A19-LYS 49,  A20-ASP 23,  A35-LYS 29:       0.00021485 at      2.249 Ang (2.211 Ang by residue) in 3.2786 (sec).
 3-Body  A19-LYS 49,  A20-ASP 23,  A35-LYS 31:       0.00017544 at      2.249 Ang (2.211 Ang by residue) in 3.3203 (sec).
 3-Body  A19-LYS 49,  A20-ASP 23,  A35-LYS 32:       0.00017320 at      2.249 Ang (2.211 Ang by residue) in 3.2879 (sec).
 3-Body  A19-LYS 49,  A20-ASP 23,  A35-LYS 33:       0.00019781 at      2.249 Ang (2.211 Ang by residue) in 3.3212 (sec).
 3-Body  A19-LYS 49,  A20-ASP 23,  A35-LYS 46:       0.00044348 at      2.207 Ang (2.211 Ang by residue) in 3.2744 (sec).
 3-Body  A19-LYS 49,  A20-ASP 23,  A35-LYS 47:       0.00050462 at      2.207 Ang (2.211 Ang by residue) in 3.2863 (sec).
 3-Body  A19-LYS 49,  A20-ASP 23,  A35-LYS 48:       0.00044339 at      2.207 Ang (2.211 Ang by residue) in 3.4238 (sec).
 3-Body  A19-LYS 49,  A20-ASP 23,  A35-LYS 49:       0.00104781 at      2.161 Ang (2.211 Ang by residue) in 3.3699 (sec).
 3-Body  A19-LYS 49,  A20-ASP 23,  A35-LYS 50:       0.00032099 at      2.207 Ang (2.211 Ang by residue) in 3.4434 (sec).
 3-Body  A19-LYS 49,  A20-ASP 23,  A35-LYS 51:       0.00033887 at      2.207 Ang (2.211 Ang by residue) in 3.3030 (sec).
 3-Body  A19-LYS 49,  A20-ASP 25,  A22-GLU 0 :       0.00046238 at      1.758 Ang (1.241 Ang by residue) in 3.3071 (sec).
 3-Body  A19-LYS 49,  A20-ASP 25,  A22-GLU 36:       0.00037222 at      1.758 Ang (1.241 Ang by residue) in 3.3652 (sec).
 3-Body  A19-LYS 49,  A20-ASP 25,  A22-GLU 39:      -0.00210199 at      1.698 Ang (1.241 Ang by residue) in 3.2156 (sec).
 3-Body  A19-LYS 49,  A20-ASP 25,  A22-GLU 40:       0.00037054 at      1.758 Ang (1.241 Ang by residue) in 3.2909 (sec).
 3-Body  A19-LYS 49,  A20-ASP 25,  A22-GLU 41:       0.00044464 at      1.758 Ang (1.241 Ang by residue) in 3.4222 (sec).
 3-Body  A19-LYS 49,  A20-ASP 25,  A35-LYS 0 :       0.00010192 at      2.317 Ang (2.211 Ang by residue) in 3.4770 (sec).
 3-Body  A19-LYS 49,  A20-ASP 25,  A35-LYD 1 :       0.00004562 at      2.317 Ang (2.211 Ang by residue) in 3.3777 (sec).
 3-Body  A19-LYS 49,  A20-ASP 25,  A35-LYD 2 :       0.00003665 at      2.331 Ang (2.211 Ang by residue) in 3.2378 (sec).
 3-Body  A19-LYS 49,  A20-ASP 25,  A35-LYD 3 :       0.00003526 at      2.331 Ang (2.211 Ang by residue) in 3.1818 (sec).
 3-Body  A19-LYS 49,  A20-ASP 25,  A35-LYD 4 :       0.00003387 at      2.331 Ang (2.211 Ang by residue) in 3.3200 (sec).
 3-Body  A19-LYS 49,  A20-ASP 25,  A35-LYD 5 :       0.00003179 at      2.331 Ang (2.211 Ang by residue) in 3.3705 (sec).
 3-Body  A19-LYS 49,  A20-ASP 25,  A35-LYD 6 :       0.00003221 at      2.331 Ang (2.211 Ang by residue) in 3.3776 (sec).
 3-Body  A19-LYS 49,  A20-ASP 25,  A35-LYD 20:       0.00004730 at      2.303 Ang (2.211 Ang by residue) in 3.1377 (sec).
 3-Body  A19-LYS 49,  A20-ASP 25,  A35-LYD 21:       0.00005033 at      2.303 Ang (2.211 Ang by residue) in 3.2510 (sec).
 3-Body  A19-LYS 49,  A20-ASP 25,  A35-LYD 23:       0.00004378 at      2.303 Ang (2.211 Ang by residue) in 3.4356 (sec).
 3-Body  A19-LYS 49,  A20-ASP 25,  A35-LYD 24:       0.00003880 at      2.303 Ang (2.211 Ang by residue) in 3.2583 (sec).
 3-Body  A19-LYS 49,  A20-ASP 25,  A35-LYS 29:       0.00006593 at      2.331 Ang (2.211 Ang by residue) in 3.4924 (sec).
 3-Body  A19-LYS 49,  A20-ASP 25,  A35-LYS 31:       0.00005043 at      2.331 Ang (2.211 Ang by residue) in 3.2333 (sec).
 3-Body  A19-LYS 49,  A20-ASP 25,  A35-LYS 32:       0.00004947 at      2.331 Ang (2.211 Ang by residue) in 3.2634 (sec).
 3-Body  A19-LYS 49,  A20-ASP 25,  A35-LYS 33:       0.00005225 at      2.331 Ang (2.211 Ang by residue) in 3.4379 (sec).
 3-Body  A19-LYS 49,  A20-ASP 25,  A35-LYS 46:       0.00009079 at      2.303 Ang (2.211 Ang by residue) in 3.2363 (sec).
 3-Body  A19-LYS 49,  A20-ASP 25,  A35-LYS 47:       0.00011950 at      2.303 Ang (2.211 Ang by residue) in 3.3574 (sec).
 3-Body  A19-LYS 49,  A20-ASP 25,  A35-LYS 48:       0.00010947 at      2.303 Ang (2.211 Ang by residue) in 3.2317 (sec).
 3-Body  A19-LYS 49,  A20-ASP 25,  A35-LYS 49:       0.00016132 at      2.260 Ang (2.211 Ang by residue) in 3.2603 (sec).
 3-Body  A19-LYS 49,  A20-ASP 25,  A35-LYS 50:       0.00007902 at      2.303 Ang (2.211 Ang by residue) in 3.2048 (sec).
 3-Body  A19-LYS 49,  A20-ASP 25,  A35-LYS 51:       0.00008338 at      2.303 Ang (2.211 Ang by residue) in 3.3115 (sec).
 3-Body  A19-LYS 49,  A22-GLU 0 ,  A35-LYS 0 :       0.00004662 at      2.483 Ang (1.857 Ang by residue) in 3.2260 (sec).
 3-Body  A19-LYS 49,  A22-GLU 0 ,  A35-LYD 1 :       0.00001050 at      2.483 Ang (1.857 Ang by residue) in 3.2545 (sec).
 3-Body  A19-LYS 49,  A22-GLU 0 ,  A35-LYD 2 :       0.00001264 at      2.521 Ang (1.857 Ang by residue) in 3.2024 (sec).
 3-Body  A19-LYS 49,  A22-GLU 0 ,  A35-LYD 3 :       0.00001461 at      2.521 Ang (1.857 Ang by residue) in 3.1026 (sec).
 3-Body  A19-LYS 49,  A22-GLU 0 ,  A35-LYD 4 :       0.00001192 at      2.521 Ang (1.857 Ang by residue) in 3.2600 (sec).
 3-Body  A19-LYS 49,  A22-GLU 0 ,  A35-LYD 5 :       0.00001197 at      2.521 Ang (1.857 Ang by residue) in 3.4123 (sec).
 3-Body  A19-LYS 49,  A22-GLU 0 ,  A35-LYD 6 :       0.00001022 at      2.521 Ang (1.857 Ang by residue) in 3.4890 (sec).
 3-Body  A19-LYS 49,  A22-GLU 0 ,  A35-LYD 20:       0.00001009 at      2.437 Ang (1.857 Ang by residue) in 3.2407 (sec).
 3-Body  A19-LYS 49,  A22-GLU 0 ,  A35-LYD 21:       0.00000871 at      2.436 Ang (1.857 Ang by residue) in 3.1892 (sec).
 3-Body  A19-LYS 49,  A22-GLU 0 ,  A35-LYD 23:       0.00000491 at      2.457 Ang (1.857 Ang by residue) in 3.3083 (sec).
 3-Body  A19-LYS 49,  A22-GLU 0 ,  A35-LYD 24:       0.00000393 at      2.457 Ang (1.857 Ang by residue) in 3.2737 (sec).
 3-Body  A19-LYS 49,  A22-GLU 0 ,  A35-LYS 29:       0.00002526 at      2.521 Ang (1.857 Ang by residue) in 3.2357 (sec).
 3-Body  A19-LYS 49,  A22-GLU 0 ,  A35-LYS 31:       0.00001794 at      2.521 Ang (1.857 Ang by residue) in 3.2438 (sec).
 3-Body  A19-LYS 49,  A22-GLU 0 ,  A35-LYS 32:       0.00001276 at      2.521 Ang (1.857 Ang by residue) in 3.2929 (sec).
 3-Body  A19-LYS 49,  A22-GLU 0 ,  A35-LYS 33:       0.00002113 at      2.521 Ang (1.857 Ang by residue) in 3.2591 (sec).
 3-Body  A19-LYS 49,  A22-GLU 0 ,  A35-LYS 46:       0.00004116 at      2.437 Ang (1.857 Ang by residue) in 3.3172 (sec).
 3-Body  A19-LYS 49,  A22-GLU 0 ,  A35-LYS 47:       0.00002805 at      2.437 Ang (1.857 Ang by residue) in 3.4039 (sec).
 3-Body  A19-LYS 49,  A22-GLU 0 ,  A35-LYS 48:       0.00004620 at      2.436 Ang (1.857 Ang by residue) in 3.3715 (sec).
 3-Body  A19-LYS 49,  A22-GLU 0 ,  A35-LYS 49:       0.00008362 at      2.387 Ang (1.857 Ang by residue) in 3.1009 (sec).
 3-Body  A19-LYS 49,  A22-GLU 0 ,  A35-LYS 50:       0.00002161 at      2.457 Ang (1.857 Ang by residue) in 3.1938 (sec).
 3-Body  A19-LYS 49,  A22-GLU 0 ,  A35-LYS 51:       0.00001334 at      2.457 Ang (1.857 Ang by residue) in 3.4751 (sec).
 3-Body  A19-LYS 49,  A22-GLU 36,  A35-LYS 0 :       0.00009753 at      2.432 Ang (1.857 Ang by residue) in 3.3082 (sec).
 3-Body  A19-LYS 49,  A22-GLU 36,  A35-LYD 1 :       0.00003125 at      2.432 Ang (1.857 Ang by residue) in 3.2083 (sec).
 3-Body  A19-LYS 49,  A22-GLU 36,  A35-LYD 2 :       0.00002432 at      2.492 Ang (1.857 Ang by residue) in 3.2986 (sec).
 3-Body  A19-LYS 49,  A22-GLU 36,  A35-LYD 3 :       0.00002455 at      2.492 Ang (1.857 Ang by residue) in 3.1808 (sec).
 3-Body  A19-LYS 49,  A22-GLU 36,  A35-LYD 4 :       0.00002036 at      2.492 Ang (1.857 Ang by residue) in 3.3344 (sec).
 3-Body  A19-LYS 49,  A22-GLU 36,  A35-LYD 5 :       0.00002131 at      2.492 Ang (1.857 Ang by residue) in 3.2806 (sec).
 3-Body  A19-LYS 49,  A22-GLU 36,  A35-LYD 6 :       0.00002082 at      2.492 Ang (1.857 Ang by residue) in 3.2904 (sec).
 3-Body  A19-LYS 49,  A22-GLU 36,  A35-LYD 20:       0.00003330 at      2.404 Ang (1.857 Ang by residue) in 3.1580 (sec).
 3-Body  A19-LYS 49,  A22-GLU 36,  A35-LYD 21:       0.00003580 at      2.401 Ang (1.857 Ang by residue) in 3.3323 (sec).
 3-Body  A19-LYS 49,  A22-GLU 36,  A35-LYD 23:       0.00002134 at      2.425 Ang (1.857 Ang by residue) in 3.2336 (sec).
 3-Body  A19-LYS 49,  A22-GLU 36,  A35-LYD 24:       0.00002192 at      2.425 Ang (1.857 Ang by residue) in 3.2242 (sec).
 3-Body  A19-LYS 49,  A22-GLU 36,  A35-LYS 29:       0.00005394 at      2.492 Ang (1.857 Ang by residue) in 3.3502 (sec).
 3-Body  A19-LYS 49,  A22-GLU 36,  A35-LYS 31:       0.00004080 at      2.492 Ang (1.857 Ang by residue) in 3.2926 (sec).
 3-Body  A19-LYS 49,  A22-GLU 36,  A35-LYS 32:       0.00003214 at      2.492 Ang (1.857 Ang by residue) in 3.2467 (sec).
 3-Body  A19-LYS 49,  A22-GLU 36,  A35-LYS 33:       0.00005586 at      2.492 Ang (1.857 Ang by residue) in 3.2758 (sec).
 3-Body  A19-LYS 49,  A22-GLU 36,  A35-LYS 46:       0.00015091 at      2.351 Ang (1.857 Ang by residue) in 3.2664 (sec).
 3-Body  A19-LYS 49,  A22-GLU 36,  A35-LYS 47:       0.00007588 at      2.404 Ang (1.857 Ang by residue) in 3.3346 (sec).
 3-Body  A19-LYS 49,  A22-GLU 36,  A35-LYS 48:       0.00010799 at      2.401 Ang (1.857 Ang by residue) in 3.4699 (sec).
 3-Body  A19-LYS 49,  A22-GLU 36,  A35-LYS 49:       0.00023094 at      2.331 Ang (1.857 Ang by residue) in 3.3321 (sec).
 3-Body  A19-LYS 49,  A22-GLU 36,  A35-LYS 50:       0.00005959 at      2.425 Ang (1.857 Ang by residue) in 3.1658 (sec).
 3-Body  A19-LYS 49,  A22-GLU 36,  A35-LYS 51:       0.00004536 at      2.425 Ang (1.857 Ang by residue) in 3.1372 (sec).
 3-Body  A19-LYS 49,  A22-GLU 39,  A35-LYS 0 :       0.00007920 at      2.493 Ang (1.857 Ang by residue) in 3.0769 (sec).
 3-Body  A19-LYS 49,  A22-GLU 39,  A35-LYD 1 :       0.00002932 at      2.493 Ang (1.857 Ang by residue) in 3.1125 (sec).
 3-Body  A19-LYS 49,  A22-GLU 39,  A35-LYD 2 :       0.00002488 at      2.531 Ang (1.857 Ang by residue) in 3.2993 (sec).
 3-Body  A19-LYS 49,  A22-GLU 39,  A35-LYD 3 :       0.00002503 at      2.531 Ang (1.857 Ang by residue) in 3.3714 (sec).
 3-Body  A19-LYS 49,  A22-GLU 39,  A35-LYD 4 :       0.00002263 at      2.531 Ang (1.857 Ang by residue) in 3.2453 (sec).
 3-Body  A19-LYS 49,  A22-GLU 39,  A35-LYD 5 :       0.00002189 at      2.531 Ang (1.857 Ang by residue) in 3.1922 (sec).
 3-Body  A19-LYS 49,  A22-GLU 39,  A35-LYD 6 :       0.00002099 at      2.531 Ang (1.857 Ang by residue) in 3.0467 (sec).
 3-Body  A19-LYS 49,  A22-GLU 39,  A35-LYD 20:       0.00003035 at      2.464 Ang (1.857 Ang by residue) in 3.2409 (sec).
 3-Body  A19-LYS 49,  A22-GLU 39,  A35-LYD 21:       0.00003080 at      2.463 Ang (1.857 Ang by residue) in 3.1754 (sec).
 3-Body  A19-LYS 49,  A22-GLU 39,  A35-LYD 23:       0.00002221 at      2.465 Ang (1.857 Ang by residue) in 3.3316 (sec).
 3-Body  A19-LYS 49,  A22-GLU 39,  A35-LYD 24:       0.00002009 at      2.465 Ang (1.857 Ang by residue) in 3.5543 (sec).
 3-Body  A19-LYS 49,  A22-GLU 39,  A35-LYS 29:       0.00004474 at      2.531 Ang (1.857 Ang by residue) in 3.3951 (sec).
 3-Body  A19-LYS 49,  A22-GLU 39,  A35-LYS 31:       0.00003248 at      2.531 Ang (1.857 Ang by residue) in 3.4113 (sec).
 3-Body  A19-LYS 49,  A22-GLU 39,  A35-LYS 32:       0.00002829 at      2.531 Ang (1.857 Ang by residue) in 3.2250 (sec).
 3-Body  A19-LYS 49,  A22-GLU 39,  A35-LYS 33:       0.00003650 at      2.531 Ang (1.857 Ang by residue) in 3.3584 (sec).
 3-Body  A19-LYS 49,  A22-GLU 39,  A35-LYS 46:       0.00007227 at      2.430 Ang (1.857 Ang by residue) in 3.3950 (sec).
 3-Body  A19-LYS 49,  A22-GLU 39,  A35-LYS 47:       0.00006872 at      2.464 Ang (1.857 Ang by residue) in 3.3414 (sec).
 3-Body  A19-LYS 49,  A22-GLU 39,  A35-LYS 48:       0.00008335 at      2.463 Ang (1.857 Ang by residue) in 3.3057 (sec).
 3-Body  A19-LYS 49,  A22-GLU 39,  A35-LYS 49:       0.00015480 at      2.406 Ang (1.857 Ang by residue) in 3.3104 (sec).
 3-Body  A19-LYS 49,  A22-GLU 39,  A35-LYS 50:       0.00004765 at      2.465 Ang (1.857 Ang by residue) in 3.2646 (sec).
 3-Body  A19-LYS 49,  A22-GLU 39,  A35-LYS 51:       0.00004185 at      2.465 Ang (1.857 Ang by residue) in 3.2479 (sec).
 3-Body  A19-LYS 49,  A22-GLU 40,  A35-LYS 0 :       0.00009783 at      2.401 Ang (1.857 Ang by residue) in 3.2371 (sec).
 3-Body  A19-LYS 49,  A22-GLU 40,  A35-LYD 1 :       0.00002155 at      2.401 Ang (1.857 Ang by residue) in 3.3878 (sec).
 3-Body  A19-LYS 49,  A22-GLU 40,  A35-LYD 2 :       0.00001611 at      2.512 Ang (1.857 Ang by residue) in 3.3554 (sec).
 3-Body  A19-LYS 49,  A22-GLU 40,  A35-LYD 3 :       0.00001627 at      2.512 Ang (1.857 Ang by residue) in 3.3669 (sec).
 3-Body  A19-LYS 49,  A22-GLU 40,  A35-LYD 4 :       0.00001400 at      2.512 Ang (1.857 Ang by residue) in 3.3063 (sec).
 3-Body  A19-LYS 49,  A22-GLU 40,  A35-LYD 5 :       0.00001367 at      2.512 Ang (1.857 Ang by residue) in 3.3800 (sec).
 3-Body  A19-LYS 49,  A22-GLU 40,  A35-LYD 6 :       0.00001179 at      2.512 Ang (1.857 Ang by residue) in 3.0707 (sec).
 3-Body  A19-LYS 49,  A22-GLU 40,  A35-LYD 20:       0.00002789 at      2.352 Ang (1.857 Ang by residue) in 3.3518 (sec).
 3-Body  A19-LYS 49,  A22-GLU 40,  A35-LYD 21:       0.00003137 at      2.350 Ang (1.857 Ang by residue) in 3.3894 (sec).
 3-Body  A19-LYS 49,  A22-GLU 40,  A35-LYD 23:       0.00000514 at      2.426 Ang (1.857 Ang by residue) in 3.3063 (sec).
 3-Body  A19-LYS 49,  A22-GLU 40,  A35-LYD 24:       0.00000277 at      2.426 Ang (1.857 Ang by residue) in 3.1968 (sec).
 3-Body  A19-LYS 49,  A22-GLU 40,  A35-LYS 29:       0.00004422 at      2.512 Ang (1.857 Ang by residue) in 3.2864 (sec).
 3-Body  A19-LYS 49,  A22-GLU 40,  A35-LYS 31:       0.00003119 at      2.512 Ang (1.857 Ang by residue) in 3.1862 (sec).
 3-Body  A19-LYS 49,  A22-GLU 40,  A35-LYS 32:       0.00002621 at      2.512 Ang (1.857 Ang by residue) in 3.2492 (sec).
 3-Body  A19-LYS 49,  A22-GLU 40,  A35-LYS 33:       0.00003598 at      2.512 Ang (1.857 Ang by residue) in 3.3456 (sec).
 3-Body  A19-LYS 49,  A22-GLU 40,  A35-LYS 46:       0.00011256 at      2.372 Ang (1.857 Ang by residue) in 3.3756 (sec).
 3-Body  A19-LYS 49,  A22-GLU 40,  A35-LYS 47:       0.00007928 at      2.352 Ang (1.857 Ang by residue) in 3.2663 (sec).
 3-Body  A19-LYS 49,  A22-GLU 40,  A35-LYS 48:       0.00011841 at      2.350 Ang (1.857 Ang by residue) in 3.2853 (sec).
 3-Body  A19-LYS 49,  A22-GLU 40,  A35-LYS 49:       0.00033902 at      2.302 Ang (1.857 Ang by residue) in 3.3818 (sec).
 3-Body  A19-LYS 49,  A22-GLU 40,  A35-LYS 50:       0.00004295 at      2.426 Ang (1.857 Ang by residue) in 3.1409 (sec).
 3-Body  A19-LYS 49,  A22-GLU 40,  A35-LYS 51:       0.00003286 at      2.426 Ang (1.857 Ang by residue) in 3.3769 (sec).
 3-Body  A19-LYS 49,  A22-GLU 41,  A35-LYS 0 :       0.00005010 at      2.493 Ang (1.857 Ang by residue) in 3.1885 (sec).
 3-Body  A19-LYS 49,  A22-GLU 41,  A35-LYD 1 :       0.00001500 at      2.493 Ang (1.857 Ang by residue) in 3.4022 (sec).
 3-Body  A19-LYS 49,  A22-GLU 41,  A35-LYD 2 :       0.00001546 at      2.531 Ang (1.857 Ang by residue) in 3.2853 (sec).
 3-Body  A19-LYS 49,  A22-GLU 41,  A35-LYD 3 :       0.00001713 at      2.531 Ang (1.857 Ang by residue) in 3.2872 (sec).
 3-Body  A19-LYS 49,  A22-GLU 41,  A35-LYD 4 :       0.00001439 at      2.531 Ang (1.857 Ang by residue) in 3.3130 (sec).
 3-Body  A19-LYS 49,  A22-GLU 41,  A35-LYD 5 :       0.00001455 at      2.531 Ang (1.857 Ang by residue) in 3.4017 (sec).
 3-Body  A19-LYS 49,  A22-GLU 41,  A35-LYD 6 :       0.00001319 at      2.531 Ang (1.857 Ang by residue) in 3.2702 (sec).
 3-Body  A19-LYS 49,  A22-GLU 41,  A35-LYD 20:       0.00001569 at      2.455 Ang (1.857 Ang by residue) in 3.2910 (sec).
 3-Body  A19-LYS 49,  A22-GLU 41,  A35-LYD 21:       0.00001444 at      2.454 Ang (1.857 Ang by residue) in 3.5115 (sec).
 3-Body  A19-LYS 49,  A22-GLU 41,  A35-LYD 23:       0.00000977 at      2.465 Ang (1.857 Ang by residue) in 3.0414 (sec).
 3-Body  A19-LYS 49,  A22-GLU 41,  A35-LYD 24:       0.00000904 at      2.465 Ang (1.857 Ang by residue) in 3.5717 (sec).
 3-Body  A19-LYS 49,  A22-GLU 41,  A35-LYS 29:       0.00002786 at      2.531 Ang (1.857 Ang by residue) in 3.4851 (sec).
 3-Body  A19-LYS 49,  A22-GLU 41,  A35-LYS 31:       0.00002052 at      2.531 Ang (1.857 Ang by residue) in 3.6439 (sec).
 3-Body  A19-LYS 49,  A22-GLU 41,  A35-LYS 32:       0.00001513 at      2.531 Ang (1.857 Ang by residue) in 3.2036 (sec).
 3-Body  A19-LYS 49,  A22-GLU 41,  A35-LYS 33:       0.00002451 at      2.531 Ang (1.857 Ang by residue) in 3.2555 (sec).
 3-Body  A19-LYS 49,  A22-GLU 41,  A35-LYS 46:       0.00004768 at      2.430 Ang (1.857 Ang by residue) in 3.2172 (sec).
 3-Body  A19-LYS 49,  A22-GLU 41,  A35-LYS 47:       0.00003235 at      2.455 Ang (1.857 Ang by residue) in 3.3797 (sec).
 3-Body  A19-LYS 49,  A22-GLU 41,  A35-LYS 48:       0.00005083 at      2.454 Ang (1.857 Ang by residue) in 3.1406 (sec).
 3-Body  A19-LYS 49,  A22-GLU 41,  A35-LYS 49:       0.00008862 at      2.405 Ang (1.857 Ang by residue) in 3.1856 (sec).
 3-Body  A19-LYS 49,  A22-GLU 41,  A35-LYS 50:       0.00002629 at      2.465 Ang (1.857 Ang by residue) in 3.3096 (sec).
 3-Body  A19-LYS 49,  A22-GLU 41,  A35-LYS 51:       0.00001776 at      2.465 Ang (1.857 Ang by residue) in 3.2802 (sec).
 3-Body  A19-LYS 50,  A20-ASP 0 ,  A22-GLU 0 :       0.00290065 at      1.686 Ang (1.241 Ang by residue) in 3.2580 (sec).
 3-Body  A19-LYS 50,  A20-ASP 0 ,  A22-GLU 36:       0.00233766 at      1.687 Ang (1.241 Ang by residue) in 3.2499 (sec).
 3-Body  A19-LYS 50,  A20-ASP 0 ,  A22-GLU 39:       0.00120445 at      1.688 Ang (1.241 Ang by residue) in 3.5807 (sec).
 3-Body  A19-LYS 50,  A20-ASP 0 ,  A22-GLU 40:       0.00269853 at      1.689 Ang (1.241 Ang by residue) in 3.3870 (sec).
 3-Body  A19-LYS 50,  A20-ASP 0 ,  A22-GLU 41:       0.00280503 at      1.688 Ang (1.241 Ang by residue) in 3.4099 (sec).
 3-Body  A19-LYS 50,  A20-ASP 0 ,  A35-LYS 0 :       0.00035556 at      2.248 Ang (2.211 Ang by residue) in 3.4250 (sec).
 3-Body  A19-LYS 50,  A20-ASP 0 ,  A35-LYD 1 :       0.00017433 at      2.248 Ang (2.211 Ang by residue) in 3.3950 (sec).
 3-Body  A19-LYS 50,  A20-ASP 0 ,  A35-LYD 2 :       0.00010447 at      2.254 Ang (2.211 Ang by residue) in 3.3131 (sec).
 3-Body  A19-LYS 50,  A20-ASP 0 ,  A35-LYD 3 :       0.00009098 at      2.254 Ang (2.211 Ang by residue) in 3.3589 (sec).
 3-Body  A19-LYS 50,  A20-ASP 0 ,  A35-LYD 4 :       0.00009062 at      2.254 Ang (2.211 Ang by residue) in 3.3041 (sec).
 3-Body  A19-LYS 50,  A20-ASP 0 ,  A35-LYD 5 :       0.00008807 at      2.254 Ang (2.211 Ang by residue) in 3.3223 (sec).
 3-Body  A19-LYS 50,  A20-ASP 0 ,  A35-LYD 6 :       0.00009093 at      2.254 Ang (2.211 Ang by residue) in 3.3991 (sec).
 3-Body  A19-LYS 50,  A20-ASP 0 ,  A35-LYD 20:       0.00020211 at      2.223 Ang (2.211 Ang by residue) in 3.3815 (sec).
 3-Body  A19-LYS 50,  A20-ASP 0 ,  A35-LYD 21:       0.00021855 at      2.223 Ang (2.211 Ang by residue) in 3.3289 (sec).
 3-Body  A19-LYS 50,  A20-ASP 0 ,  A35-LYD 23:       0.00017418 at      2.223 Ang (2.211 Ang by residue) in 3.2873 (sec).
 3-Body  A19-LYS 50,  A20-ASP 0 ,  A35-LYD 24:       0.00016935 at      2.223 Ang (2.211 Ang by residue) in 3.3036 (sec).
 3-Body  A19-LYS 50,  A20-ASP 0 ,  A35-LYS 29:       0.00021935 at      2.254 Ang (2.211 Ang by residue) in 3.3005 (sec).
 3-Body  A19-LYS 50,  A20-ASP 0 ,  A35-LYS 31:       0.00017697 at      2.254 Ang (2.211 Ang by residue) in 3.2165 (sec).
 3-Body  A19-LYS 50,  A20-ASP 0 ,  A35-LYS 32:       0.00017800 at      2.254 Ang (2.211 Ang by residue) in 3.0962 (sec).
 3-Body  A19-LYS 50,  A20-ASP 0 ,  A35-LYS 33:       0.00019845 at      2.254 Ang (2.211 Ang by residue) in 3.1897 (sec).
 3-Body  A19-LYS 50,  A20-ASP 0 ,  A35-LYS 46:       0.00040579 at      2.223 Ang (2.211 Ang by residue) in 3.3850 (sec).
 3-Body  A19-LYS 50,  A20-ASP 0 ,  A35-LYS 47:       0.00047523 at      2.223 Ang (2.211 Ang by residue) in 3.4915 (sec).
 3-Body  A19-LYS 50,  A20-ASP 0 ,  A35-LYS 48:       0.00041776 at      2.223 Ang (2.211 Ang by residue) in 3.4203 (sec).
 3-Body  A19-LYS 50,  A20-ASP 0 ,  A35-LYS 49:       0.00089642 at      2.190 Ang (2.211 Ang by residue) in 3.3988 (sec).
 3-Body  A19-LYS 50,  A20-ASP 0 ,  A35-LYS 50:       0.00030736 at      2.223 Ang (2.211 Ang by residue) in 3.3623 (sec).
 3-Body  A19-LYS 50,  A20-ASP 0 ,  A35-LYS 51:       0.00032809 at      2.223 Ang (2.211 Ang by residue) in 3.2376 (sec).
 3-Body  A19-LYS 50,  A20-ASP 22,  A22-GLU 0 :       0.00329063 at      1.714 Ang (1.241 Ang by residue) in 3.2758 (sec).
 3-Body  A19-LYS 50,  A20-ASP 22,  A22-GLU 36:       0.00271160 at      1.714 Ang (1.241 Ang by residue) in 3.2220 (sec).
 3-Body  A19-LYS 50,  A20-ASP 22,  A22-GLU 39:       0.00190310 at      1.714 Ang (1.241 Ang by residue) in 3.3053 (sec).
 3-Body  A19-LYS 50,  A20-ASP 22,  A22-GLU 40:       0.00302650 at      1.714 Ang (1.241 Ang by residue) in 3.2638 (sec).
 3-Body  A19-LYS 50,  A20-ASP 22,  A22-GLU 41:       0.00319198 at      1.714 Ang (1.241 Ang by residue) in 3.5057 (sec).
 3-Body  A19-LYS 50,  A20-ASP 22,  A35-LYS 0 :       0.00038909 at      2.258 Ang (2.211 Ang by residue) in 3.4125 (sec).
 3-Body  A19-LYS 50,  A20-ASP 22,  A35-LYD 1 :       0.00019532 at      2.258 Ang (2.211 Ang by residue) in 3.1814 (sec).
 3-Body  A19-LYS 50,  A20-ASP 22,  A35-LYD 2 :       0.00011875 at      2.297 Ang (2.211 Ang by residue) in 3.4282 (sec).
 3-Body  A19-LYS 50,  A20-ASP 22,  A35-LYD 3 :       0.00010398 at      2.297 Ang (2.211 Ang by residue) in 3.2013 (sec).
 3-Body  A19-LYS 50,  A20-ASP 22,  A35-LYD 4 :       0.00010357 at      2.297 Ang (2.211 Ang by residue) in 3.3651 (sec).
 3-Body  A19-LYS 50,  A20-ASP 22,  A35-LYD 5 :       0.00010158 at      2.297 Ang (2.211 Ang by residue) in 3.2903 (sec).
 3-Body  A19-LYS 50,  A20-ASP 22,  A35-LYD 6 :       0.00010492 at      2.297 Ang (2.211 Ang by residue) in 3.2174 (sec).
 3-Body  A19-LYS 50,  A20-ASP 22,  A35-LYD 20:       0.00022872 at      2.247 Ang (2.211 Ang by residue) in 3.3825 (sec).
 3-Body  A19-LYS 50,  A20-ASP 22,  A35-LYD 21:       0.00024708 at      2.247 Ang (2.211 Ang by residue) in 3.2320 (sec).
 3-Body  A19-LYS 50,  A20-ASP 22,  A35-LYD 23:       0.00019723 at      2.247 Ang (2.211 Ang by residue) in 3.3291 (sec).
 3-Body  A19-LYS 50,  A20-ASP 22,  A35-LYD 24:       0.00019364 at      2.247 Ang (2.211 Ang by residue) in 3.1796 (sec).
 3-Body  A19-LYS 50,  A20-ASP 22,  A35-LYS 29:       0.00024176 at      2.297 Ang (2.211 Ang by residue) in 3.3494 (sec).
 3-Body  A19-LYS 50,  A20-ASP 22,  A35-LYS 31:       0.00019719 at      2.297 Ang (2.211 Ang by residue) in 3.2450 (sec).
 3-Body  A19-LYS 50,  A20-ASP 22,  A35-LYS 32:       0.00019762 at      2.297 Ang (2.211 Ang by residue) in 3.3149 (sec).
 3-Body  A19-LYS 50,  A20-ASP 22,  A35-LYS 33:       0.00022308 at      2.297 Ang (2.211 Ang by residue) in 3.4840 (sec).
 3-Body  A19-LYS 50,  A20-ASP 22,  A35-LYS 46:       0.00046027 at      2.247 Ang (2.211 Ang by residue) in 3.3796 (sec).
 3-Body  A19-LYS 50,  A20-ASP 22,  A35-LYS 47:       0.00052311 at      2.247 Ang (2.211 Ang by residue) in 3.2687 (sec).
 3-Body  A19-LYS 50,  A20-ASP 22,  A35-LYS 48:       0.00046131 at      2.247 Ang (2.211 Ang by residue) in 3.2490 (sec).
 3-Body  A19-LYS 50,  A20-ASP 22,  A35-LYS 49:       0.00102471 at      2.193 Ang (2.211 Ang by residue) in 3.2798 (sec).
 3-Body  A19-LYS 50,  A20-ASP 22,  A35-LYS 50:       0.00034053 at      2.247 Ang (2.211 Ang by residue) in 3.2609 (sec).
 3-Body  A19-LYS 50,  A20-ASP 22,  A35-LYS 51:       0.00036194 at      2.247 Ang (2.211 Ang by residue) in 3.3148 (sec).
 3-Body  A19-LYS 50,  A20-ASP 23,  A22-GLU 0 :       0.00349539 at      1.681 Ang (1.241 Ang by residue) in 3.4153 (sec).
 3-Body  A19-LYS 50,  A20-ASP 23,  A22-GLU 36:       0.00286885 at      1.681 Ang (1.241 Ang by residue) in 3.4113 (sec).
 3-Body  A19-LYS 50,  A20-ASP 23,  A22-GLU 39:       0.00189524 at      1.681 Ang (1.241 Ang by residue) in 3.3947 (sec).
 3-Body  A19-LYS 50,  A20-ASP 23,  A22-GLU 40:       0.00330258 at      1.681 Ang (1.241 Ang by residue) in 3.4343 (sec).
 3-Body  A19-LYS 50,  A20-ASP 23,  A22-GLU 41:       0.00343651 at      1.681 Ang (1.241 Ang by residue) in 3.3839 (sec).
 3-Body  A19-LYS 50,  A20-ASP 23,  A35-LYS 0 :       0.00035296 at      2.251 Ang (2.211 Ang by residue) in 3.2420 (sec).
 3-Body  A19-LYS 50,  A20-ASP 23,  A35-LYD 1 :       0.00019259 at      2.251 Ang (2.211 Ang by residue) in 3.1300 (sec).
 3-Body  A19-LYS 50,  A20-ASP 23,  A35-LYD 2 :       0.00011595 at      2.283 Ang (2.211 Ang by residue) in 3.4979 (sec).
 3-Body  A19-LYS 50,  A20-ASP 23,  A35-LYD 3 :       0.00010255 at      2.283 Ang (2.211 Ang by residue) in 3.2854 (sec).
 3-Body  A19-LYS 50,  A20-ASP 23,  A35-LYD 4 :       0.00010230 at      2.283 Ang (2.211 Ang by residue) in 3.2119 (sec).
 3-Body  A19-LYS 50,  A20-ASP 23,  A35-LYD 5 :       0.00010081 at      2.283 Ang (2.211 Ang by residue) in 3.3420 (sec).
 3-Body  A19-LYS 50,  A20-ASP 23,  A35-LYD 6 :       0.00010435 at      2.283 Ang (2.211 Ang by residue) in 3.3931 (sec).
 3-Body  A19-LYS 50,  A20-ASP 23,  A35-LYD 20:       0.00022824 at      2.241 Ang (2.211 Ang by residue) in 3.2627 (sec).
 3-Body  A19-LYS 50,  A20-ASP 23,  A35-LYD 21:       0.00024339 at      2.241 Ang (2.211 Ang by residue) in 3.2425 (sec).
 3-Body  A19-LYS 50,  A20-ASP 23,  A35-LYD 23:       0.00019622 at      2.241 Ang (2.211 Ang by residue) in 3.3364 (sec).
 3-Body  A19-LYS 50,  A20-ASP 23,  A35-LYD 24:       0.00019388 at      2.241 Ang (2.211 Ang by residue) in 3.3722 (sec).
 3-Body  A19-LYS 50,  A20-ASP 23,  A35-LYS 29:       0.00021565 at      2.283 Ang (2.211 Ang by residue) in 3.3818 (sec).
 3-Body  A19-LYS 50,  A20-ASP 23,  A35-LYS 31:       0.00017790 at      2.283 Ang (2.211 Ang by residue) in 3.2739 (sec).
 3-Body  A19-LYS 50,  A20-ASP 23,  A35-LYS 32:       0.00017835 at      2.283 Ang (2.211 Ang by residue) in 3.2141 (sec).
 3-Body  A19-LYS 50,  A20-ASP 23,  A35-LYS 33:       0.00019950 at      2.283 Ang (2.211 Ang by residue) in 3.1616 (sec).
 3-Body  A19-LYS 50,  A20-ASP 23,  A35-LYS 46:       0.00042171 at      2.241 Ang (2.211 Ang by residue) in 3.2080 (sec).
 3-Body  A19-LYS 50,  A20-ASP 23,  A35-LYS 47:       0.00048186 at      2.241 Ang (2.211 Ang by residue) in 3.3176 (sec).
 3-Body  A19-LYS 50,  A20-ASP 23,  A35-LYS 48:       0.00042203 at      2.241 Ang (2.211 Ang by residue) in 3.4600 (sec).
 3-Body  A19-LYS 50,  A20-ASP 23,  A35-LYS 49:       0.00095274 at      2.196 Ang (2.211 Ang by residue) in 3.3136 (sec).
 3-Body  A19-LYS 50,  A20-ASP 23,  A35-LYS 50:       0.00031268 at      2.241 Ang (2.211 Ang by residue) in 3.4236 (sec).
 3-Body  A19-LYS 50,  A20-ASP 23,  A35-LYS 51:       0.00033246 at      2.241 Ang (2.211 Ang by residue) in 3.2924 (sec).
 3-Body  A19-LYS 50,  A20-ASP 25,  A22-GLU 0 :       0.00045539 at      1.758 Ang (1.241 Ang by residue) in 3.2853 (sec).
 3-Body  A19-LYS 50,  A20-ASP 25,  A22-GLU 36:       0.00035785 at      1.758 Ang (1.241 Ang by residue) in 3.3098 (sec).
 3-Body  A19-LYS 50,  A20-ASP 25,  A22-GLU 39:      -0.00223515 at      1.698 Ang (1.241 Ang by residue) in 3.3075 (sec).
 3-Body  A19-LYS 50,  A20-ASP 25,  A22-GLU 40:       0.00035799 at      1.758 Ang (1.241 Ang by residue) in 3.3753 (sec).
 3-Body  A19-LYS 50,  A20-ASP 25,  A22-GLU 41:       0.00043474 at      1.758 Ang (1.241 Ang by residue) in 3.3529 (sec).
 3-Body  A19-LYS 50,  A20-ASP 25,  A35-LYS 0 :       0.00010822 at      2.350 Ang (2.211 Ang by residue) in 3.3467 (sec).
 3-Body  A19-LYS 50,  A20-ASP 25,  A35-LYD 1 :       0.00004178 at      2.350 Ang (2.211 Ang by residue) in 3.3106 (sec).
 3-Body  A19-LYS 50,  A20-ASP 25,  A35-LYD 2 :       0.00003104 at      2.364 Ang (2.211 Ang by residue) in 3.3062 (sec).
 3-Body  A19-LYS 50,  A20-ASP 25,  A35-LYD 3 :       0.00002848 at      2.364 Ang (2.211 Ang by residue) in 3.3489 (sec).
 3-Body  A19-LYS 50,  A20-ASP 25,  A35-LYD 4 :       0.00002771 at      2.364 Ang (2.211 Ang by residue) in 3.1746 (sec).
 3-Body  A19-LYS 50,  A20-ASP 25,  A35-LYD 5 :       0.00002522 at      2.364 Ang (2.211 Ang by residue) in 3.4013 (sec).
 3-Body  A19-LYS 50,  A20-ASP 25,  A35-LYD 6 :       0.00002566 at      2.364 Ang (2.211 Ang by residue) in 3.2676 (sec).
 3-Body  A19-LYS 50,  A20-ASP 25,  A35-LYD 20:       0.00004187 at      2.336 Ang (2.211 Ang by residue) in 3.3156 (sec).
 3-Body  A19-LYS 50,  A20-ASP 25,  A35-LYD 21:       0.00004630 at      2.336 Ang (2.211 Ang by residue) in 3.1959 (sec).
 3-Body  A19-LYS 50,  A20-ASP 25,  A35-LYD 23:       0.00003889 at      2.336 Ang (2.211 Ang by residue) in 3.2313 (sec).
 3-Body  A19-LYS 50,  A20-ASP 25,  A35-LYD 24:       0.00003326 at      2.336 Ang (2.211 Ang by residue) in 3.3412 (sec).
 3-Body  A19-LYS 50,  A20-ASP 25,  A35-LYS 29:       0.00006960 at      2.364 Ang (2.211 Ang by residue) in 3.3094 (sec).
 3-Body  A19-LYS 50,  A20-ASP 25,  A35-LYS 31:       0.00005266 at      2.364 Ang (2.211 Ang by residue) in 3.3230 (sec).
 3-Body  A19-LYS 50,  A20-ASP 25,  A35-LYS 32:       0.00005295 at      2.364 Ang (2.211 Ang by residue) in 3.4584 (sec).
 3-Body  A19-LYS 50,  A20-ASP 25,  A35-LYS 33:       0.00005437 at      2.364 Ang (2.211 Ang by residue) in 3.1959 (sec).
 3-Body  A19-LYS 50,  A20-ASP 25,  A35-LYS 46:       0.00009426 at      2.336 Ang (2.211 Ang by residue) in 3.3199 (sec).
 3-Body  A19-LYS 50,  A20-ASP 25,  A35-LYS 47:       0.00012969 at      2.336 Ang (2.211 Ang by residue) in 3.4321 (sec).
 3-Body  A19-LYS 50,  A20-ASP 25,  A35-LYS 48:       0.00011596 at      2.336 Ang (2.211 Ang by residue) in 3.1851 (sec).
 3-Body  A19-LYS 50,  A20-ASP 25,  A35-LYS 49:       0.00016936 at      2.293 Ang (2.211 Ang by residue) in 3.1928 (sec).
 3-Body  A19-LYS 50,  A20-ASP 25,  A35-LYS 50:       0.00008374 at      2.336 Ang (2.211 Ang by residue) in 3.3500 (sec).
 3-Body  A19-LYS 50,  A20-ASP 25,  A35-LYS 51:       0.00009040 at      2.336 Ang (2.211 Ang by residue) in 3.2286 (sec).
 3-Body  A19-LYS 50,  A22-GLU 0 ,  A35-LYS 0 :       0.00007766 at      2.514 Ang (1.857 Ang by residue) in 3.3215 (sec).
 3-Body  A19-LYS 50,  A22-GLU 0 ,  A35-LYD 1 :       0.00002065 at      2.514 Ang (1.857 Ang by residue) in 3.2270 (sec).
 3-Body  A19-LYS 50,  A22-GLU 0 ,  A35-LYD 2 :       0.00001597 at      2.551 Ang (1.857 Ang by residue) in 3.2594 (sec).
 3-Body  A19-LYS 50,  A22-GLU 0 ,  A35-LYD 3 :       0.00001545 at      2.551 Ang (1.857 Ang by residue) in 3.3060 (sec).
 3-Body  A19-LYS 50,  A22-GLU 0 ,  A35-LYD 4 :       0.00001311 at      2.551 Ang (1.857 Ang by residue) in 3.3020 (sec).
 3-Body  A19-LYS 50,  A22-GLU 0 ,  A35-LYD 5 :       0.00001288 at      2.551 Ang (1.857 Ang by residue) in 3.1950 (sec).
 3-Body  A19-LYS 50,  A22-GLU 0 ,  A35-LYD 6 :       0.00001222 at      2.551 Ang (1.857 Ang by residue) in 3.3014 (sec).
 3-Body  A19-LYS 50,  A22-GLU 0 ,  A35-LYD 20:       0.00002097 at      2.468 Ang (1.857 Ang by residue) in 3.5190 (sec).
 3-Body  A19-LYS 50,  A22-GLU 0 ,  A35-LYD 21:       0.00002248 at      2.467 Ang (1.857 Ang by residue) in 3.2283 (sec).
 3-Body  A19-LYS 50,  A22-GLU 0 ,  A35-LYD 23:       0.00001319 at      2.488 Ang (1.857 Ang by residue) in 3.3132 (sec).
 3-Body  A19-LYS 50,  A22-GLU 0 ,  A35-LYD 24:       0.00001194 at      2.488 Ang (1.857 Ang by residue) in 3.3268 (sec).
 3-Body  A19-LYS 50,  A22-GLU 0 ,  A35-LYS 29:       0.00004293 at      2.551 Ang (1.857 Ang by residue) in 3.2760 (sec).
 3-Body  A19-LYS 50,  A22-GLU 0 ,  A35-LYS 31:       0.00003077 at      2.551 Ang (1.857 Ang by residue) in 3.2594 (sec).
 3-Body  A19-LYS 50,  A22-GLU 0 ,  A35-LYS 32:       0.00002599 at      2.551 Ang (1.857 Ang by residue) in 3.3716 (sec).
 3-Body  A19-LYS 50,  A22-GLU 0 ,  A35-LYS 33:       0.00003821 at      2.551 Ang (1.857 Ang by residue) in 3.3002 (sec).
 3-Body  A19-LYS 50,  A22-GLU 0 ,  A35-LYS 46:       0.00008539 at      2.468 Ang (1.857 Ang by residue) in 3.3611 (sec).
 3-Body  A19-LYS 50,  A22-GLU 0 ,  A35-LYS 47:       0.00006605 at      2.468 Ang (1.857 Ang by residue) in 3.4454 (sec).
 3-Body  A19-LYS 50,  A22-GLU 0 ,  A35-LYS 48:       0.00008354 at      2.467 Ang (1.857 Ang by residue) in 3.2861 (sec).
 3-Body  A19-LYS 50,  A22-GLU 0 ,  A35-LYS 49:       0.00019427 at      2.419 Ang (1.857 Ang by residue) in 3.3799 (sec).
 3-Body  A19-LYS 50,  A22-GLU 0 ,  A35-LYS 50:       0.00004627 at      2.488 Ang (1.857 Ang by residue) in 3.3111 (sec).
 3-Body  A19-LYS 50,  A22-GLU 0 ,  A35-LYS 51:       0.00003921 at      2.488 Ang (1.857 Ang by residue) in 3.1811 (sec).
 3-Body  A19-LYS 50,  A22-GLU 36,  A35-LYS 0 :       0.00014009 at      2.463 Ang (1.857 Ang by residue) in 3.2018 (sec).
 3-Body  A19-LYS 50,  A22-GLU 36,  A35-LYD 1 :       0.00004472 at      2.463 Ang (1.857 Ang by residue) in 3.1739 (sec).
 3-Body  A19-LYS 50,  A22-GLU 36,  A35-LYD 2 :       0.00002927 at      2.523 Ang (1.857 Ang by residue) in 3.2485 (sec).
 3-Body  A19-LYS 50,  A22-GLU 36,  A35-LYD 3 :       0.00002643 at      2.523 Ang (1.857 Ang by residue) in 3.3019 (sec).
 3-Body  A19-LYS 50,  A22-GLU 36,  A35-LYD 4 :       0.00002268 at      2.523 Ang (1.857 Ang by residue) in 3.3994 (sec).
 3-Body  A19-LYS 50,  A22-GLU 36,  A35-LYD 5 :       0.00002360 at      2.523 Ang (1.857 Ang by residue) in 3.2658 (sec).
 3-Body  A19-LYS 50,  A22-GLU 36,  A35-LYD 6 :       0.00002477 at      2.523 Ang (1.857 Ang by residue) in 3.3242 (sec).
 3-Body  A19-LYS 50,  A22-GLU 36,  A35-LYD 20:       0.00004925 at      2.435 Ang (1.857 Ang by residue) in 3.4063 (sec).
 3-Body  A19-LYS 50,  A22-GLU 36,  A35-LYD 21:       0.00005582 at      2.433 Ang (1.857 Ang by residue) in 3.3554 (sec).
 3-Body  A19-LYS 50,  A22-GLU 36,  A35-LYD 23:       0.00003384 at      2.457 Ang (1.857 Ang by residue) in 3.3376 (sec).
 3-Body  A19-LYS 50,  A22-GLU 36,  A35-LYD 24:       0.00003490 at      2.457 Ang (1.857 Ang by residue) in 3.1398 (sec).
 3-Body  A19-LYS 50,  A22-GLU 36,  A35-LYS 29:       0.00007904 at      2.523 Ang (1.857 Ang by residue) in 3.2503 (sec).
 3-Body  A19-LYS 50,  A22-GLU 36,  A35-LYS 31:       0.00005959 at      2.523 Ang (1.857 Ang by residue) in 3.2679 (sec).
 3-Body  A19-LYS 50,  A22-GLU 36,  A35-LYS 32:       0.00005156 at      2.523 Ang (1.857 Ang by residue) in 3.1834 (sec).
 3-Body  A19-LYS 50,  A22-GLU 36,  A35-LYS 33:       0.00008261 at      2.523 Ang (1.857 Ang by residue) in 3.3352 (sec).
 3-Body  A19-LYS 50,  A22-GLU 36,  A35-LYS 46:       0.00022537 at      2.383 Ang (1.857 Ang by residue) in 3.5082 (sec).
 3-Body  A19-LYS 50,  A22-GLU 36,  A35-LYS 47:       0.00013127 at      2.435 Ang (1.857 Ang by residue) in 3.3666 (sec).
 3-Body  A19-LYS 50,  A22-GLU 36,  A35-LYS 48:       0.00016111 at      2.433 Ang (1.857 Ang by residue) in 3.1845 (sec).
 3-Body  A19-LYS 50,  A22-GLU 36,  A35-LYS 49:       0.00042313 at      2.364 Ang (1.857 Ang by residue) in 3.2493 (sec).
 3-Body  A19-LYS 50,  A22-GLU 36,  A35-LYS 50:       0.00009405 at      2.457 Ang (1.857 Ang by residue) in 3.2532 (sec).
 3-Body  A19-LYS 50,  A22-GLU 36,  A35-LYS 51:       0.00008182 at      2.457 Ang (1.857 Ang by residue) in 3.3286 (sec).
 3-Body  A19-LYS 50,  A22-GLU 39,  A35-LYS 0 :       0.00010570 at      2.523 Ang (1.857 Ang by residue) in 3.3123 (sec).
 3-Body  A19-LYS 50,  A22-GLU 39,  A35-LYD 1 :       0.00003467 at      2.523 Ang (1.857 Ang by residue) in 3.3715 (sec).
 3-Body  A19-LYS 50,  A22-GLU 39,  A35-LYD 2 :       0.00002415 at      2.561 Ang (1.857 Ang by residue) in 3.3115 (sec).
 3-Body  A19-LYS 50,  A22-GLU 39,  A35-LYD 3 :       0.00002203 at      2.561 Ang (1.857 Ang by residue) in 3.2906 (sec).
 3-Body  A19-LYS 50,  A22-GLU 39,  A35-LYD 4 :       0.00002006 at      2.561 Ang (1.857 Ang by residue) in 3.5935 (sec).
 3-Body  A19-LYS 50,  A22-GLU 39,  A35-LYD 5 :       0.00001907 at      2.561 Ang (1.857 Ang by residue) in 3.1312 (sec).
 3-Body  A19-LYS 50,  A22-GLU 39,  A35-LYD 6 :       0.00001846 at      2.561 Ang (1.857 Ang by residue) in 3.1837 (sec).
 3-Body  A19-LYS 50,  A22-GLU 39,  A35-LYD 20:       0.00003617 at      2.495 Ang (1.857 Ang by residue) in 3.4542 (sec).
 3-Body  A19-LYS 50,  A22-GLU 39,  A35-LYD 21:       0.00003904 at      2.494 Ang (1.857 Ang by residue) in 3.3485 (sec).
 3-Body  A19-LYS 50,  A22-GLU 39,  A35-LYD 23:       0.00002577 at      2.495 Ang (1.857 Ang by residue) in 3.3795 (sec).
 3-Body  A19-LYS 50,  A22-GLU 39,  A35-LYD 24:       0.00002333 at      2.495 Ang (1.857 Ang by residue) in 3.2934 (sec).
 3-Body  A19-LYS 50,  A22-GLU 39,  A35-LYS 29:       0.00005907 at      2.561 Ang (1.857 Ang by residue) in 3.2174 (sec).
 3-Body  A19-LYS 50,  A22-GLU 39,  A35-LYS 31:       0.00004242 at      2.561 Ang (1.857 Ang by residue) in 3.3073 (sec).
 3-Body  A19-LYS 50,  A22-GLU 39,  A35-LYS 32:       0.00003884 at      2.561 Ang (1.857 Ang by residue) in 3.3693 (sec).
 3-Body  A19-LYS 50,  A22-GLU 39,  A35-LYS 33:       0.00004970 at      2.561 Ang (1.857 Ang by residue) in 3.2379 (sec).
 3-Body  A19-LYS 50,  A22-GLU 39,  A35-LYS 46:       0.00010944 at      2.461 Ang (1.857 Ang by residue) in 3.3961 (sec).
 3-Body  A19-LYS 50,  A22-GLU 39,  A35-LYS 47:       0.00010213 at      2.495 Ang (1.857 Ang by residue) in 3.2450 (sec).
 3-Body  A19-LYS 50,  A22-GLU 39,  A35-LYS 48:       0.00011520 at      2.494 Ang (1.857 Ang by residue) in 3.2456 (sec).
 3-Body  A19-LYS 50,  A22-GLU 39,  A35-LYS 49:       0.00025289 at      2.437 Ang (1.857 Ang by residue) in 3.3111 (sec).
 3-Body  A19-LYS 50,  A22-GLU 39,  A35-LYS 50:       0.00006807 at      2.495 Ang (1.857 Ang by residue) in 3.2229 (sec).
 3-Body  A19-LYS 50,  A22-GLU 39,  A35-LYS 51:       0.00006387 at      2.495 Ang (1.857 Ang by residue) in 3.3626 (sec).
 3-Body  A19-LYS 50,  A22-GLU 40,  A35-LYS 0 :       0.00016400 at      2.432 Ang (1.857 Ang by residue) in 3.2893 (sec).
 3-Body  A19-LYS 50,  A22-GLU 40,  A35-LYD 1 :       0.00006343 at      2.432 Ang (1.857 Ang by residue) in 3.2141 (sec).
 3-Body  A19-LYS 50,  A22-GLU 40,  A35-LYD 2 :       0.00003015 at      2.542 Ang (1.857 Ang by residue) in 3.4025 (sec).
 3-Body  A19-LYS 50,  A22-GLU 40,  A35-LYD 3 :       0.00002623 at      2.542 Ang (1.857 Ang by residue) in 3.2956 (sec).
 3-Body  A19-LYS 50,  A22-GLU 40,  A35-LYD 4 :       0.00002428 at      2.542 Ang (1.857 Ang by residue) in 3.3957 (sec).
 3-Body  A19-LYS 50,  A22-GLU 40,  A35-LYD 5 :       0.00002364 at      2.542 Ang (1.857 Ang by residue) in 3.2569 (sec).
 3-Body  A19-LYS 50,  A22-GLU 40,  A35-LYD 6 :       0.00002325 at      2.542 Ang (1.857 Ang by residue) in 3.1270 (sec).
 3-Body  A19-LYS 50,  A22-GLU 40,  A35-LYD 20:       0.00008633 at      2.384 Ang (1.857 Ang by residue) in 3.3327 (sec).
 3-Body  A19-LYS 50,  A22-GLU 40,  A35-LYD 21:       0.00009400 at      2.382 Ang (1.857 Ang by residue) in 3.2104 (sec).
 3-Body  A19-LYS 50,  A22-GLU 40,  A35-LYD 23:       0.00004916 at      2.457 Ang (1.857 Ang by residue) in 3.3301 (sec).
 3-Body  A19-LYS 50,  A22-GLU 40,  A35-LYD 24:       0.00004674 at      2.457 Ang (1.857 Ang by residue) in 3.2350 (sec).
 3-Body  A19-LYS 50,  A22-GLU 40,  A35-LYS 29:       0.00007446 at      2.542 Ang (1.857 Ang by residue) in 3.2946 (sec).
 3-Body  A19-LYS 50,  A22-GLU 40,  A35-LYS 31:       0.00005411 at      2.542 Ang (1.857 Ang by residue) in 3.1853 (sec).
 3-Body  A19-LYS 50,  A22-GLU 40,  A35-LYS 32:       0.00004964 at      2.542 Ang (1.857 Ang by residue) in 3.3834 (sec).
 3-Body  A19-LYS 50,  A22-GLU 40,  A35-LYS 33:       0.00006460 at      2.542 Ang (1.857 Ang by residue) in 3.3513 (sec).
 3-Body  A19-LYS 50,  A22-GLU 40,  A35-LYS 46:       0.00021209 at      2.404 Ang (1.857 Ang by residue) in 3.1069 (sec).
 3-Body  A19-LYS 50,  A22-GLU 40,  A35-LYS 47:       0.00017334 at      2.384 Ang (1.857 Ang by residue) in 3.2435 (sec).
 3-Body  A19-LYS 50,  A22-GLU 40,  A35-LYS 48:       0.00020829 at      2.382 Ang (1.857 Ang by residue) in 3.3300 (sec).
 3-Body  A19-LYS 50,  A22-GLU 40,  A35-LYS 49:       0.00061960 at      2.335 Ang (1.857 Ang by residue) in 3.1973 (sec).
 3-Body  A19-LYS 50,  A22-GLU 40,  A35-LYS 50:       0.00010497 at      2.457 Ang (1.857 Ang by residue) in 3.1768 (sec).
 3-Body  A19-LYS 50,  A22-GLU 40,  A35-LYS 51:       0.00009727 at      2.457 Ang (1.857 Ang by residue) in 3.2229 (sec).
 3-Body  A19-LYS 50,  A22-GLU 41,  A35-LYS 0 :       0.00007975 at      2.523 Ang (1.857 Ang by residue) in 3.2932 (sec).
 3-Body  A19-LYS 50,  A22-GLU 41,  A35-LYD 1 :       0.00002357 at      2.523 Ang (1.857 Ang by residue) in 3.3160 (sec).
 3-Body  A19-LYS 50,  A22-GLU 41,  A35-LYD 2 :       0.00001793 at      2.561 Ang (1.857 Ang by residue) in 3.3941 (sec).
 3-Body  A19-LYS 50,  A22-GLU 41,  A35-LYD 3 :       0.00001726 at      2.561 Ang (1.857 Ang by residue) in 3.3992 (sec).
 3-Body  A19-LYS 50,  A22-GLU 41,  A35-LYD 4 :       0.00001482 at      2.561 Ang (1.857 Ang by residue) in 3.0985 (sec).
 3-Body  A19-LYS 50,  A22-GLU 41,  A35-LYD 5 :       0.00001474 at      2.561 Ang (1.857 Ang by residue) in 3.2756 (sec).
 3-Body  A19-LYS 50,  A22-GLU 41,  A35-LYD 6 :       0.00001445 at      2.561 Ang (1.857 Ang by residue) in 3.3064 (sec).
 3-Body  A19-LYS 50,  A22-GLU 41,  A35-LYD 20:       0.00002485 at      2.486 Ang (1.857 Ang by residue) in 3.3704 (sec).
 3-Body  A19-LYS 50,  A22-GLU 41,  A35-LYD 21:       0.00002635 at      2.484 Ang (1.857 Ang by residue) in 3.0789 (sec).
 3-Body  A19-LYS 50,  A22-GLU 41,  A35-LYD 23:       0.00001657 at      2.495 Ang (1.857 Ang by residue) in 3.4201 (sec).
 3-Body  A19-LYS 50,  A22-GLU 41,  A35-LYD 24:       0.00001564 at      2.495 Ang (1.857 Ang by residue) in 3.1075 (sec).
 3-Body  A19-LYS 50,  A22-GLU 41,  A35-LYS 29:       0.00004495 at      2.561 Ang (1.857 Ang by residue) in 3.4126 (sec).
 3-Body  A19-LYS 50,  A22-GLU 41,  A35-LYS 31:       0.00003291 at      2.561 Ang (1.857 Ang by residue) in 3.3158 (sec).
 3-Body  A19-LYS 50,  A22-GLU 41,  A35-LYS 32:       0.00002783 at      2.561 Ang (1.857 Ang by residue) in 3.2055 (sec).
 3-Body  A19-LYS 50,  A22-GLU 41,  A35-LYS 33:       0.00004131 at      2.561 Ang (1.857 Ang by residue) in 3.1936 (sec).
 3-Body  A19-LYS 50,  A22-GLU 41,  A35-LYS 46:       0.00009104 at      2.461 Ang (1.857 Ang by residue) in 3.3921 (sec).
 3-Body  A19-LYS 50,  A22-GLU 41,  A35-LYS 47:       0.00006817 at      2.486 Ang (1.857 Ang by residue) in 3.2689 (sec).
 3-Body  A19-LYS 50,  A22-GLU 41,  A35-LYS 48:       0.00008629 at      2.484 Ang (1.857 Ang by residue) in 3.3282 (sec).
 3-Body  A19-LYS 50,  A22-GLU 41,  A35-LYS 49:       0.00019264 at      2.437 Ang (1.857 Ang by residue) in 3.4681 (sec).
 3-Body  A19-LYS 50,  A22-GLU 41,  A35-LYS 50:       0.00004971 at      2.495 Ang (1.857 Ang by residue) in 3.1954 (sec).
 3-Body  A19-LYS 50,  A22-GLU 41,  A35-LYS 51:       0.00004215 at      2.495 Ang (1.857 Ang by residue) in 3.1413 (sec).
 3-Body  A19-LYS 51,  A20-ASP 0 ,  A22-GLU 0 :       0.00303827 at      1.686 Ang (1.241 Ang by residue) in 3.3879 (sec).
 3-Body  A19-LYS 51,  A20-ASP 0 ,  A22-GLU 36:       0.00246624 at      1.687 Ang (1.241 Ang by residue) in 3.5046 (sec).
 3-Body  A19-LYS 51,  A20-ASP 0 ,  A22-GLU 39:       0.00127921 at      1.688 Ang (1.241 Ang by residue) in 3.4608 (sec).
 3-Body  A19-LYS 51,  A20-ASP 0 ,  A22-GLU 40:       0.00284705 at      1.689 Ang (1.241 Ang by residue) in 3.3497 (sec).
 3-Body  A19-LYS 51,  A20-ASP 0 ,  A22-GLU 41:       0.00293899 at      1.688 Ang (1.241 Ang by residue) in 3.5340 (sec).
 3-Body  A19-LYS 51,  A20-ASP 0 ,  A35-LYS 0 :       0.00036733 at      2.248 Ang (2.211 Ang by residue) in 3.1605 (sec).
 3-Body  A19-LYS 51,  A20-ASP 0 ,  A35-LYD 1 :       0.00017781 at      2.248 Ang (2.211 Ang by residue) in 3.4093 (sec).
 3-Body  A19-LYS 51,  A20-ASP 0 ,  A35-LYD 2 :       0.00010630 at      2.254 Ang (2.211 Ang by residue) in 3.3415 (sec).
 3-Body  A19-LYS 51,  A20-ASP 0 ,  A35-LYD 3 :       0.00009230 at      2.254 Ang (2.211 Ang by residue) in 3.3199 (sec).
 3-Body  A19-LYS 51,  A20-ASP 0 ,  A35-LYD 4 :       0.00009173 at      2.254 Ang (2.211 Ang by residue) in 3.4164 (sec).
 3-Body  A19-LYS 51,  A20-ASP 0 ,  A35-LYD 5 :       0.00008928 at      2.254 Ang (2.211 Ang by residue) in 3.3672 (sec).
 3-Body  A19-LYS 51,  A20-ASP 0 ,  A35-LYD 6 :       0.00009219 at      2.254 Ang (2.211 Ang by residue) in 3.2176 (sec).
 3-Body  A19-LYS 51,  A20-ASP 0 ,  A35-LYD 20:       0.00020602 at      2.223 Ang (2.211 Ang by residue) in 3.2922 (sec).
 3-Body  A19-LYS 51,  A20-ASP 0 ,  A35-LYD 21:       0.00022279 at      2.223 Ang (2.211 Ang by residue) in 3.1718 (sec).
 3-Body  A19-LYS 51,  A20-ASP 0 ,  A35-LYD 23:       0.00017662 at      2.223 Ang (2.211 Ang by residue) in 3.3221 (sec).
 3-Body  A19-LYS 51,  A20-ASP 0 ,  A35-LYD 24:       0.00017187 at      2.223 Ang (2.211 Ang by residue) in 3.4005 (sec).
 3-Body  A19-LYS 51,  A20-ASP 0 ,  A35-LYS 29:       0.00022640 at      2.254 Ang (2.211 Ang by residue) in 3.1879 (sec).
 3-Body  A19-LYS 51,  A20-ASP 0 ,  A35-LYS 31:       0.00018227 at      2.254 Ang (2.211 Ang by residue) in 3.3037 (sec).
 3-Body  A19-LYS 51,  A20-ASP 0 ,  A35-LYS 32:       0.00018266 at      2.254 Ang (2.211 Ang by residue) in 3.2998 (sec).
 3-Body  A19-LYS 51,  A20-ASP 0 ,  A35-LYS 33:       0.00020570 at      2.254 Ang (2.211 Ang by residue) in 3.3889 (sec).
 3-Body  A19-LYS 51,  A20-ASP 0 ,  A35-LYS 46:       0.00041984 at      2.223 Ang (2.211 Ang by residue) in 3.3860 (sec).
 3-Body  A19-LYS 51,  A20-ASP 0 ,  A35-LYS 47:       0.00048823 at      2.223 Ang (2.211 Ang by residue) in 3.3112 (sec).
 3-Body  A19-LYS 51,  A20-ASP 0 ,  A35-LYS 48:       0.00043111 at      2.223 Ang (2.211 Ang by residue) in 3.4224 (sec).
 3-Body  A19-LYS 51,  A20-ASP 0 ,  A35-LYS 49:       0.00092605 at      2.190 Ang (2.211 Ang by residue) in 3.3047 (sec).
 3-Body  A19-LYS 51,  A20-ASP 0 ,  A35-LYS 50:       0.00031628 at      2.223 Ang (2.211 Ang by residue) in 3.3054 (sec).
 3-Body  A19-LYS 51,  A20-ASP 0 ,  A35-LYS 51:       0.00033655 at      2.223 Ang (2.211 Ang by residue) in 3.2934 (sec).
 3-Body  A19-LYS 51,  A20-ASP 22,  A22-GLU 0 :       0.00342751 at      1.714 Ang (1.241 Ang by residue) in 3.2969 (sec).
 3-Body  A19-LYS 51,  A20-ASP 22,  A22-GLU 36:       0.00283970 at      1.714 Ang (1.241 Ang by residue) in 3.3025 (sec).
 3-Body  A19-LYS 51,  A20-ASP 22,  A22-GLU 39:       0.00201140 at      1.714 Ang (1.241 Ang by residue) in 3.3731 (sec).
 3-Body  A19-LYS 51,  A20-ASP 22,  A22-GLU 40:       0.00317371 at      1.714 Ang (1.241 Ang by residue) in 3.3439 (sec).
 3-Body  A19-LYS 51,  A20-ASP 22,  A22-GLU 41:       0.00332512 at      1.714 Ang (1.241 Ang by residue) in 3.2923 (sec).
 3-Body  A19-LYS 51,  A20-ASP 22,  A35-LYS 0 :       0.00040186 at      2.258 Ang (2.211 Ang by residue) in 3.4902 (sec).
 3-Body  A19-LYS 51,  A20-ASP 22,  A35-LYD 1 :       0.00019944 at      2.258 Ang (2.211 Ang by residue) in 3.3316 (sec).
 3-Body  A19-LYS 51,  A20-ASP 22,  A35-LYD 2 :       0.00012095 at      2.297 Ang (2.211 Ang by residue) in 3.2829 (sec).
 3-Body  A19-LYS 51,  A20-ASP 22,  A35-LYD 3 :       0.00010562 at      2.297 Ang (2.211 Ang by residue) in 3.3660 (sec).
 3-Body  A19-LYS 51,  A20-ASP 22,  A35-LYD 4 :       0.00010499 at      2.297 Ang (2.211 Ang by residue) in 3.3283 (sec).
 3-Body  A19-LYS 51,  A20-ASP 22,  A35-LYD 5 :       0.00010312 at      2.297 Ang (2.211 Ang by residue) in 3.2889 (sec).
 3-Body  A19-LYS 51,  A20-ASP 22,  A35-LYD 6 :       0.00010653 at      2.297 Ang (2.211 Ang by residue) in 3.3307 (sec).
 3-Body  A19-LYS 51,  A20-ASP 22,  A35-LYD 20:       0.00023342 at      2.247 Ang (2.211 Ang by residue) in 3.3674 (sec).
 3-Body  A19-LYS 51,  A20-ASP 22,  A35-LYD 21:       0.00025209 at      2.247 Ang (2.211 Ang by residue) in 3.2858 (sec).
 3-Body  A19-LYS 51,  A20-ASP 22,  A35-LYD 23:       0.00020029 at      2.247 Ang (2.211 Ang by residue) in 3.2697 (sec).
 3-Body  A19-LYS 51,  A20-ASP 22,  A35-LYD 24:       0.00019683 at      2.247 Ang (2.211 Ang by residue) in 3.2307 (sec).
 3-Body  A19-LYS 51,  A20-ASP 22,  A35-LYS 29:       0.00024943 at      2.297 Ang (2.211 Ang by residue) in 3.2888 (sec).
 3-Body  A19-LYS 51,  A20-ASP 22,  A35-LYS 31:       0.00020303 at      2.297 Ang (2.211 Ang by residue) in 3.3349 (sec).
 3-Body  A19-LYS 51,  A20-ASP 22,  A35-LYS 32:       0.00020278 at      2.297 Ang (2.211 Ang by residue) in 3.5474 (sec).
 3-Body  A19-LYS 51,  A20-ASP 22,  A35-LYS 33:       0.00023104 at      2.297 Ang (2.211 Ang by residue) in 3.2573 (sec).
 3-Body  A19-LYS 51,  A20-ASP 22,  A35-LYS 46:       0.00047574 at      2.247 Ang (2.211 Ang by residue) in 3.2430 (sec).
 3-Body  A19-LYS 51,  A20-ASP 22,  A35-LYS 47:       0.00053727 at      2.247 Ang (2.211 Ang by residue) in 3.2270 (sec).
 3-Body  A19-LYS 51,  A20-ASP 22,  A35-LYS 48:       0.00047586 at      2.247 Ang (2.211 Ang by residue) in 3.1567 (sec).
 3-Body  A19-LYS 51,  A20-ASP 22,  A35-LYS 49:       0.00105685 at      2.193 Ang (2.211 Ang by residue) in 3.2284 (sec).
 3-Body  A19-LYS 51,  A20-ASP 22,  A35-LYS 50:       0.00035041 at      2.247 Ang (2.211 Ang by residue) in 3.4053 (sec).
 3-Body  A19-LYS 51,  A20-ASP 22,  A35-LYS 51:       0.00037134 at      2.247 Ang (2.211 Ang by residue) in 3.3937 (sec).
 3-Body  A19-LYS 51,  A20-ASP 23,  A22-GLU 0 :       0.00363933 at      1.681 Ang (1.241 Ang by residue) in 3.1997 (sec).
 3-Body  A19-LYS 51,  A20-ASP 23,  A22-GLU 36:       0.00301051 at      1.681 Ang (1.241 Ang by residue) in 3.2302 (sec).
 3-Body  A19-LYS 51,  A20-ASP 23,  A22-GLU 39:       0.00202622 at      1.681 Ang (1.241 Ang by residue) in 3.4995 (sec).
 3-Body  A19-LYS 51,  A20-ASP 23,  A22-GLU 40:       0.00345719 at      1.681 Ang (1.241 Ang by residue) in 3.3819 (sec).
 3-Body  A19-LYS 51,  A20-ASP 23,  A22-GLU 41:       0.00358023 at      1.681 Ang (1.241 Ang by residue) in 3.3770 (sec).
 3-Body  A19-LYS 51,  A20-ASP 23,  A35-LYS 0 :       0.00036500 at      2.251 Ang (2.211 Ang by residue) in 3.4092 (sec).
 3-Body  A19-LYS 51,  A20-ASP 23,  A35-LYD 1 :       0.00019681 at      2.251 Ang (2.211 Ang by residue) in 3.0121 (sec).
 3-Body  A19-LYS 51,  A20-ASP 23,  A35-LYD 2 :       0.00011814 at      2.283 Ang (2.211 Ang by residue) in 3.3021 (sec).
 3-Body  A19-LYS 51,  A20-ASP 23,  A35-LYD 3 :       0.00010422 at      2.283 Ang (2.211 Ang by residue) in 3.2169 (sec).
 3-Body  A19-LYS 51,  A20-ASP 23,  A35-LYD 4 :       0.00010375 at      2.283 Ang (2.211 Ang by residue) in 3.1755 (sec).
 3-Body  A19-LYS 51,  A20-ASP 23,  A35-LYD 5 :       0.00010238 at      2.283 Ang (2.211 Ang by residue) in 3.0211 (sec).
 3-Body  A19-LYS 51,  A20-ASP 23,  A35-LYD 6 :       0.00010599 at      2.283 Ang (2.211 Ang by residue) in 3.2796 (sec).
 3-Body  A19-LYS 51,  A20-ASP 23,  A35-LYD 20:       0.00023320 at      2.241 Ang (2.211 Ang by residue) in 3.2983 (sec).
 3-Body  A19-LYS 51,  A20-ASP 23,  A35-LYD 21:       0.00024853 at      2.241 Ang (2.211 Ang by residue) in 3.3644 (sec).
 3-Body  A19-LYS 51,  A20-ASP 23,  A35-LYD 23:       0.00019945 at      2.241 Ang (2.211 Ang by residue) in 3.2260 (sec).
 3-Body  A19-LYS 51,  A20-ASP 23,  A35-LYD 24:       0.00019725 at      2.241 Ang (2.211 Ang by residue) in 3.4296 (sec).
 3-Body  A19-LYS 51,  A20-ASP 23,  A35-LYS 29:       0.00022266 at      2.283 Ang (2.211 Ang by residue) in 3.2603 (sec).
 3-Body  A19-LYS 51,  A20-ASP 23,  A35-LYS 31:       0.00018321 at      2.283 Ang (2.211 Ang by residue) in 3.3421 (sec).
 3-Body  A19-LYS 51,  A20-ASP 23,  A35-LYS 32:       0.00018298 at      2.283 Ang (2.211 Ang by residue) in 3.2953 (sec).
 3-Body  A19-LYS 51,  A20-ASP 23,  A35-LYS 33:       0.00020679 at      2.283 Ang (2.211 Ang by residue) in 3.2912 (sec).
 3-Body  A19-LYS 51,  A20-ASP 23,  A35-LYS 46:       0.00043633 at      2.241 Ang (2.211 Ang by residue) in 3.4262 (sec).
 3-Body  A19-LYS 51,  A20-ASP 23,  A35-LYS 47:       0.00049526 at      2.241 Ang (2.211 Ang by residue) in 3.3392 (sec).
 3-Body  A19-LYS 51,  A20-ASP 23,  A35-LYS 48:       0.00043581 at      2.241 Ang (2.211 Ang by residue) in 3.3973 (sec).
 3-Body  A19-LYS 51,  A20-ASP 23,  A35-LYS 49:       0.00098334 at      2.196 Ang (2.211 Ang by residue) in 3.3334 (sec).
 3-Body  A19-LYS 51,  A20-ASP 23,  A35-LYS 50:       0.00032198 at      2.241 Ang (2.211 Ang by residue) in 3.3154 (sec).
 3-Body  A19-LYS 51,  A20-ASP 23,  A35-LYS 51:       0.00034123 at      2.241 Ang (2.211 Ang by residue) in 3.2768 (sec).
 3-Body  A19-LYS 51,  A20-ASP 25,  A22-GLU 0 :       0.00050310 at      1.758 Ang (1.241 Ang by residue) in 3.3288 (sec).
 3-Body  A19-LYS 51,  A20-ASP 25,  A22-GLU 36:       0.00038357 at      1.758 Ang (1.241 Ang by residue) in 3.3189 (sec).
 3-Body  A19-LYS 51,  A20-ASP 25,  A22-GLU 39:      -0.00235718 at      1.698 Ang (1.241 Ang by residue) in 3.3688 (sec).
 3-Body  A19-LYS 51,  A20-ASP 25,  A22-GLU 40:       0.00039810 at      1.758 Ang (1.241 Ang by residue) in 3.3210 (sec).
 3-Body  A19-LYS 51,  A20-ASP 25,  A22-GLU 41:       0.00047477 at      1.758 Ang (1.241 Ang by residue) in 3.2356 (sec).
 3-Body  A19-LYS 51,  A20-ASP 25,  A35-LYS 0 :       0.00011343 at      2.350 Ang (2.211 Ang by residue) in 3.3907 (sec).
 3-Body  A19-LYS 51,  A20-ASP 25,  A35-LYD 1 :       0.00004248 at      2.350 Ang (2.211 Ang by residue) in 3.3141 (sec).
 3-Body  A19-LYS 51,  A20-ASP 25,  A35-LYD 2 :       0.00003137 at      2.364 Ang (2.211 Ang by residue) in 3.2654 (sec).
 3-Body  A19-LYS 51,  A20-ASP 25,  A35-LYD 3 :       0.00002864 at      2.364 Ang (2.211 Ang by residue) in 3.4280 (sec).
 3-Body  A19-LYS 51,  A20-ASP 25,  A35-LYD 4 :       0.00002770 at      2.364 Ang (2.211 Ang by residue) in 3.4678 (sec).
 3-Body  A19-LYS 51,  A20-ASP 25,  A35-LYD 5 :       0.00002521 at      2.364 Ang (2.211 Ang by residue) in 3.3432 (sec).
 3-Body  A19-LYS 51,  A20-ASP 25,  A35-LYD 6 :       0.00002560 at      2.364 Ang (2.211 Ang by residue) in 3.2875 (sec).
 3-Body  A19-LYS 51,  A20-ASP 25,  A35-LYD 20:       0.00004255 at      2.336 Ang (2.211 Ang by residue) in 3.3105 (sec).
 3-Body  A19-LYS 51,  A20-ASP 25,  A35-LYD 21:       0.00004708 at      2.336 Ang (2.211 Ang by residue) in 3.2797 (sec).
 3-Body  A19-LYS 51,  A20-ASP 25,  A35-LYD 23:       0.00003900 at      2.336 Ang (2.211 Ang by residue) in 3.3212 (sec).
 3-Body  A19-LYS 51,  A20-ASP 25,  A35-LYD 24:       0.00003327 at      2.336 Ang (2.211 Ang by residue) in 3.3918 (sec).
 3-Body  A19-LYS 51,  A20-ASP 25,  A35-LYS 29:       0.00007260 at      2.364 Ang (2.211 Ang by residue) in 3.2689 (sec).
 3-Body  A19-LYS 51,  A20-ASP 25,  A35-LYS 31:       0.00005466 at      2.364 Ang (2.211 Ang by residue) in 3.2792 (sec).
 3-Body  A19-LYS 51,  A20-ASP 25,  A35-LYS 32:       0.00005450 at      2.364 Ang (2.211 Ang by residue) in 3.3252 (sec).
 3-Body  A19-LYS 51,  A20-ASP 25,  A35-LYS 33:       0.00005715 at      2.364 Ang (2.211 Ang by residue) in 3.3622 (sec).
 3-Body  A19-LYS 51,  A20-ASP 25,  A35-LYS 46:       0.00009909 at      2.336 Ang (2.211 Ang by residue) in 3.5359 (sec).
 3-Body  A19-LYS 51,  A20-ASP 25,  A35-LYS 47:       0.00013482 at      2.336 Ang (2.211 Ang by residue) in 3.2825 (sec).
 3-Body  A19-LYS 51,  A20-ASP 25,  A35-LYS 48:       0.00012144 at      2.336 Ang (2.211 Ang by residue) in 3.2956 (sec).
 3-Body  A19-LYS 51,  A20-ASP 25,  A35-LYS 49:       0.00017784 at      2.293 Ang (2.211 Ang by residue) in 3.5346 (sec).
 3-Body  A19-LYS 51,  A20-ASP 25,  A35-LYS 50:       0.00008708 at      2.336 Ang (2.211 Ang by residue) in 3.2683 (sec).
 3-Body  A19-LYS 51,  A20-ASP 25,  A35-LYS 51:       0.00009338 at      2.336 Ang (2.211 Ang by residue) in 3.3467 (sec).
 3-Body  A19-LYS 51,  A22-GLU 0 ,  A35-LYS 0 :       0.00006861 at      2.514 Ang (1.857 Ang by residue) in 3.1700 (sec).
 3-Body  A19-LYS 51,  A22-GLU 0 ,  A35-LYD 1 :       0.00001720 at      2.514 Ang (1.857 Ang by residue) in 3.2286 (sec).
 3-Body  A19-LYS 51,  A22-GLU 0 ,  A35-LYD 2 :       0.00001401 at      2.551 Ang (1.857 Ang by residue) in 3.2831 (sec).
 3-Body  A19-LYS 51,  A22-GLU 0 ,  A35-LYD 3 :       0.00001383 at      2.551 Ang (1.857 Ang by residue) in 3.2096 (sec).
 3-Body  A19-LYS 51,  A22-GLU 0 ,  A35-LYD 4 :       0.00001153 at      2.551 Ang (1.857 Ang by residue) in 3.1958 (sec).
 3-Body  A19-LYS 51,  A22-GLU 0 ,  A35-LYD 5 :       0.00001152 at      2.551 Ang (1.857 Ang by residue) in 3.3736 (sec).
 3-Body  A19-LYS 51,  A22-GLU 0 ,  A35-LYD 6 :       0.00001070 at      2.551 Ang (1.857 Ang by residue) in 3.2223 (sec).
 3-Body  A19-LYS 51,  A22-GLU 0 ,  A35-LYD 20:       0.00001768 at      2.468 Ang (1.857 Ang by residue) in 3.3255 (sec).
 3-Body  A19-LYS 51,  A22-GLU 0 ,  A35-LYD 21:       0.00001862 at      2.467 Ang (1.857 Ang by residue) in 3.2601 (sec).
 3-Body  A19-LYS 51,  A22-GLU 0 ,  A35-LYD 23:       0.00001064 at      2.488 Ang (1.857 Ang by residue) in 3.1224 (sec).
 3-Body  A19-LYS 51,  A22-GLU 0 ,  A35-LYD 24:       0.00000985 at      2.488 Ang (1.857 Ang by residue) in 3.3148 (sec).
 3-Body  A19-LYS 51,  A22-GLU 0 ,  A35-LYS 29:       0.00003862 at      2.551 Ang (1.857 Ang by residue) in 3.2641 (sec).
 3-Body  A19-LYS 51,  A22-GLU 0 ,  A35-LYS 31:       0.00002808 at      2.551 Ang (1.857 Ang by residue) in 3.3070 (sec).
 3-Body  A19-LYS 51,  A22-GLU 0 ,  A35-LYS 32:       0.00002320 at      2.551 Ang (1.857 Ang by residue) in 3.1051 (sec).
 3-Body  A19-LYS 51,  A22-GLU 0 ,  A35-LYS 33:       0.00003543 at      2.551 Ang (1.857 Ang by residue) in 3.2773 (sec).
 3-Body  A19-LYS 51,  A22-GLU 0 ,  A35-LYS 46:       0.00007780 at      2.468 Ang (1.857 Ang by residue) in 3.5744 (sec).
 3-Body  A19-LYS 51,  A22-GLU 0 ,  A35-LYS 47:       0.00005562 at      2.468 Ang (1.857 Ang by residue) in 3.2348 (sec).
 3-Body  A19-LYS 51,  A22-GLU 0 ,  A35-LYS 48:       0.00007331 at      2.467 Ang (1.857 Ang by residue) in 3.3591 (sec).
 3-Body  A19-LYS 51,  A22-GLU 0 ,  A35-LYS 49:       0.00016639 at      2.419 Ang (1.857 Ang by residue) in 3.2418 (sec).
 3-Body  A19-LYS 51,  A22-GLU 0 ,  A35-LYS 50:       0.00004074 at      2.488 Ang (1.857 Ang by residue) in 3.3210 (sec).
 3-Body  A19-LYS 51,  A22-GLU 0 ,  A35-LYS 51:       0.00003326 at      2.488 Ang (1.857 Ang by residue) in 3.3739 (sec).
 3-Body  A19-LYS 51,  A22-GLU 36,  A35-LYS 0 :       0.00012013 at      2.463 Ang (1.857 Ang by residue) in 3.1832 (sec).
 3-Body  A19-LYS 51,  A22-GLU 36,  A35-LYD 1 :       0.00003712 at      2.463 Ang (1.857 Ang by residue) in 3.2714 (sec).
 3-Body  A19-LYS 51,  A22-GLU 36,  A35-LYD 2 :       0.00002515 at      2.523 Ang (1.857 Ang by residue) in 3.2651 (sec).
 3-Body  A19-LYS 51,  A22-GLU 36,  A35-LYD 3 :       0.00002309 at      2.523 Ang (1.857 Ang by residue) in 3.1921 (sec).
 3-Body  A19-LYS 51,  A22-GLU 36,  A35-LYD 4 :       0.00001954 at      2.523 Ang (1.857 Ang by residue) in 3.2270 (sec).
 3-Body  A19-LYS 51,  A22-GLU 36,  A35-LYD 5 :       0.00002062 at      2.523 Ang (1.857 Ang by residue) in 3.1337 (sec).
 3-Body  A19-LYS 51,  A22-GLU 36,  A35-LYD 6 :       0.00002134 at      2.523 Ang (1.857 Ang by residue) in 3.2351 (sec).
 3-Body  A19-LYS 51,  A22-GLU 36,  A35-LYD 20:       0.00004095 at      2.435 Ang (1.857 Ang by residue) in 3.3518 (sec).
 3-Body  A19-LYS 51,  A22-GLU 36,  A35-LYD 21:       0.00004599 at      2.433 Ang (1.857 Ang by residue) in 3.4024 (sec).
 3-Body  A19-LYS 51,  A22-GLU 36,  A35-LYD 23:       0.00002769 at      2.457 Ang (1.857 Ang by residue) in 3.3381 (sec).
 3-Body  A19-LYS 51,  A22-GLU 36,  A35-LYD 24:       0.00002898 at      2.457 Ang (1.857 Ang by residue) in 3.4647 (sec).
 3-Body  A19-LYS 51,  A22-GLU 36,  A35-LYS 29:       0.00006909 at      2.523 Ang (1.857 Ang by residue) in 3.3158 (sec).
 3-Body  A19-LYS 51,  A22-GLU 36,  A35-LYS 31:       0.00005279 at      2.523 Ang (1.857 Ang by residue) in 3.5731 (sec).
 3-Body  A19-LYS 51,  A22-GLU 36,  A35-LYS 32:       0.00004495 at      2.523 Ang (1.857 Ang by residue) in 3.2313 (sec).
 3-Body  A19-LYS 51,  A22-GLU 36,  A35-LYS 33:       0.00007384 at      2.523 Ang (1.857 Ang by residue) in 3.2545 (sec).
 3-Body  A19-LYS 51,  A22-GLU 36,  A35-LYS 46:       0.00019787 at      2.383 Ang (1.857 Ang by residue) in 3.3301 (sec).
 3-Body  A19-LYS 51,  A22-GLU 36,  A35-LYS 47:       0.00010807 at      2.435 Ang (1.857 Ang by residue) in 3.4646 (sec).
 3-Body  A19-LYS 51,  A22-GLU 36,  A35-LYS 48:       0.00013691 at      2.433 Ang (1.857 Ang by residue) in 3.3227 (sec).
 3-Body  A19-LYS 51,  A22-GLU 36,  A35-LYS 49:       0.00034529 at      2.364 Ang (1.857 Ang by residue) in 3.2481 (sec).
 3-Body  A19-LYS 51,  A22-GLU 36,  A35-LYS 50:       0.00008075 at      2.457 Ang (1.857 Ang by residue) in 3.3532 (sec).
 3-Body  A19-LYS 51,  A22-GLU 36,  A35-LYS 51:       0.00006843 at      2.457 Ang (1.857 Ang by residue) in 3.2927 (sec).
 3-Body  A19-LYS 51,  A22-GLU 39,  A35-LYS 0 :       0.00010027 at      2.523 Ang (1.857 Ang by residue) in 3.2401 (sec).
 3-Body  A19-LYS 51,  A22-GLU 39,  A35-LYD 1 :       0.00003342 at      2.523 Ang (1.857 Ang by residue) in 3.2763 (sec).
 3-Body  A19-LYS 51,  A22-GLU 39,  A35-LYD 2 :       0.00002350 at      2.561 Ang (1.857 Ang by residue) in 3.4631 (sec).
 3-Body  A19-LYS 51,  A22-GLU 39,  A35-LYD 3 :       0.00002154 at      2.561 Ang (1.857 Ang by residue) in 3.2472 (sec).
 3-Body  A19-LYS 51,  A22-GLU 39,  A35-LYD 4 :       0.00001952 at      2.561 Ang (1.857 Ang by residue) in 3.3060 (sec).
 3-Body  A19-LYS 51,  A22-GLU 39,  A35-LYD 5 :       0.00001881 at      2.561 Ang (1.857 Ang by residue) in 3.2111 (sec).
 3-Body  A19-LYS 51,  A22-GLU 39,  A35-LYD 6 :       0.00001828 at      2.561 Ang (1.857 Ang by residue) in 3.3454 (sec).
 3-Body  A19-LYS 51,  A22-GLU 39,  A35-LYD 20:       0.00003528 at      2.495 Ang (1.857 Ang by residue) in 3.3128 (sec).
 3-Body  A19-LYS 51,  A22-GLU 39,  A35-LYD 21:       0.00003762 at      2.494 Ang (1.857 Ang by residue) in 3.2999 (sec).
 3-Body  A19-LYS 51,  A22-GLU 39,  A35-LYD 23:       0.00002492 at      2.495 Ang (1.857 Ang by residue) in 3.5264 (sec).
 3-Body  A19-LYS 51,  A22-GLU 39,  A35-LYD 24:       0.00002304 at      2.495 Ang (1.857 Ang by residue) in 3.2150 (sec).
 3-Body  A19-LYS 51,  A22-GLU 39,  A35-LYS 29:       0.00005690 at      2.561 Ang (1.857 Ang by residue) in 3.2876 (sec).
 3-Body  A19-LYS 51,  A22-GLU 39,  A35-LYS 31:       0.00004148 at      2.561 Ang (1.857 Ang by residue) in 3.3715 (sec).
 3-Body  A19-LYS 51,  A22-GLU 39,  A35-LYS 32:       0.00003759 at      2.561 Ang (1.857 Ang by residue) in 3.1167 (sec).
 3-Body  A19-LYS 51,  A22-GLU 39,  A35-LYS 33:       0.00004931 at      2.561 Ang (1.857 Ang by residue) in 3.3662 (sec).
 3-Body  A19-LYS 51,  A22-GLU 39,  A35-LYS 46:       0.00010636 at      2.461 Ang (1.857 Ang by residue) in 3.4197 (sec).
 3-Body  A19-LYS 51,  A22-GLU 39,  A35-LYS 47:       0.00009498 at      2.495 Ang (1.857 Ang by residue) in 3.3059 (sec).
 3-Body  A19-LYS 51,  A22-GLU 39,  A35-LYS 48:       0.00010892 at      2.494 Ang (1.857 Ang by residue) in 3.2738 (sec).
 3-Body  A19-LYS 51,  A22-GLU 39,  A35-LYS 49:       0.00023165 at      2.437 Ang (1.857 Ang by residue) in 3.3151 (sec).
 3-Body  A19-LYS 51,  A22-GLU 39,  A35-LYS 50:       0.00006529 at      2.495 Ang (1.857 Ang by residue) in 3.2369 (sec).
 3-Body  A19-LYS 51,  A22-GLU 39,  A35-LYS 51:       0.00006035 at      2.495 Ang (1.857 Ang by residue) in 3.3037 (sec).
 3-Body  A19-LYS 51,  A22-GLU 40,  A35-LYS 0 :       0.00014755 at      2.432 Ang (1.857 Ang by residue) in 3.3325 (sec).
 3-Body  A19-LYS 51,  A22-GLU 40,  A35-LYD 1 :       0.00005470 at      2.432 Ang (1.857 Ang by residue) in 3.1551 (sec).
 3-Body  A19-LYS 51,  A22-GLU 40,  A35-LYD 2 :       0.00002697 at      2.542 Ang (1.857 Ang by residue) in 3.2116 (sec).
 3-Body  A19-LYS 51,  A22-GLU 40,  A35-LYD 3 :       0.00002362 at      2.542 Ang (1.857 Ang by residue) in 3.1531 (sec).
 3-Body  A19-LYS 51,  A22-GLU 40,  A35-LYD 4 :       0.00002166 at      2.542 Ang (1.857 Ang by residue) in 3.2926 (sec).
 3-Body  A19-LYS 51,  A22-GLU 40,  A35-LYD 5 :       0.00002124 at      2.542 Ang (1.857 Ang by residue) in 3.4143 (sec).
 3-Body  A19-LYS 51,  A22-GLU 40,  A35-LYD 6 :       0.00002093 at      2.542 Ang (1.857 Ang by residue) in 3.2354 (sec).
 3-Body  A19-LYS 51,  A22-GLU 40,  A35-LYD 20:       0.00007340 at      2.384 Ang (1.857 Ang by residue) in 3.3229 (sec).
 3-Body  A19-LYS 51,  A22-GLU 40,  A35-LYD 21:       0.00008068 at      2.382 Ang (1.857 Ang by residue) in 3.3520 (sec).
 3-Body  A19-LYS 51,  A22-GLU 40,  A35-LYD 23:       0.00004097 at      2.457 Ang (1.857 Ang by residue) in 3.1499 (sec).
 3-Body  A19-LYS 51,  A22-GLU 40,  A35-LYD 24:       0.00003898 at      2.457 Ang (1.857 Ang by residue) in 3.3614 (sec).
 3-Body  A19-LYS 51,  A22-GLU 40,  A35-LYS 29:       0.00006824 at      2.542 Ang (1.857 Ang by residue) in 3.2556 (sec).
 3-Body  A19-LYS 51,  A22-GLU 40,  A35-LYS 31:       0.00004996 at      2.542 Ang (1.857 Ang by residue) in 3.6161 (sec).
 3-Body  A19-LYS 51,  A22-GLU 40,  A35-LYS 32:       0.00004528 at      2.542 Ang (1.857 Ang by residue) in 3.2723 (sec).
 3-Body  A19-LYS 51,  A22-GLU 40,  A35-LYS 33:       0.00006064 at      2.542 Ang (1.857 Ang by residue) in 3.2166 (sec).
 3-Body  A19-LYS 51,  A22-GLU 40,  A35-LYS 46:       0.00019646 at      2.404 Ang (1.857 Ang by residue) in 3.3021 (sec).
 3-Body  A19-LYS 51,  A22-GLU 40,  A35-LYS 47:       0.00014971 at      2.384 Ang (1.857 Ang by residue) in 3.2721 (sec).
 3-Body  A19-LYS 51,  A22-GLU 40,  A35-LYS 48:       0.00018573 at      2.382 Ang (1.857 Ang by residue) in 3.2558 (sec).
 3-Body  A19-LYS 51,  A22-GLU 40,  A35-LYS 49:       0.00054087 at      2.335 Ang (1.857 Ang by residue) in 3.1801 (sec).
 3-Body  A19-LYS 51,  A22-GLU 40,  A35-LYS 50:       0.00009292 at      2.457 Ang (1.857 Ang by residue) in 3.2891 (sec).
 3-Body  A19-LYS 51,  A22-GLU 40,  A35-LYS 51:       0.00008430 at      2.457 Ang (1.857 Ang by residue) in 3.3055 (sec).
 3-Body  A19-LYS 51,  A22-GLU 41,  A35-LYS 0 :       0.00007030 at      2.523 Ang (1.857 Ang by residue) in 3.3761 (sec).
 3-Body  A19-LYS 51,  A22-GLU 41,  A35-LYD 1 :       0.00001989 at      2.523 Ang (1.857 Ang by residue) in 3.2235 (sec).
 3-Body  A19-LYS 51,  A22-GLU 41,  A35-LYD 2 :       0.00001578 at      2.561 Ang (1.857 Ang by residue) in 3.1976 (sec).
 3-Body  A19-LYS 51,  A22-GLU 41,  A35-LYD 3 :       0.00001547 at      2.561 Ang (1.857 Ang by residue) in 3.1989 (sec).
 3-Body  A19-LYS 51,  A22-GLU 41,  A35-LYD 4 :       0.00001309 at      2.561 Ang (1.857 Ang by residue) in 3.1967 (sec).
 3-Body  A19-LYS 51,  A22-GLU 41,  A35-LYD 5 :       0.00001322 at      2.561 Ang (1.857 Ang by residue) in 3.2118 (sec).
 3-Body  A19-LYS 51,  A22-GLU 41,  A35-LYD 6 :       0.00001271 at      2.561 Ang (1.857 Ang by residue) in 3.0517 (sec).
 3-Body  A19-LYS 51,  A22-GLU 41,  A35-LYD 20:       0.00002126 at      2.486 Ang (1.857 Ang by residue) in 3.1982 (sec).
 3-Body  A19-LYS 51,  A22-GLU 41,  A35-LYD 21:       0.00002219 at      2.484 Ang (1.857 Ang by residue) in 3.3588 (sec).
 3-Body  A19-LYS 51,  A22-GLU 41,  A35-LYD 23:       0.00001380 at      2.495 Ang (1.857 Ang by residue) in 3.1676 (sec).
 3-Body  A19-LYS 51,  A22-GLU 41,  A35-LYD 24:       0.00001329 at      2.495 Ang (1.857 Ang by residue) in 3.3153 (sec).
 3-Body  A19-LYS 51,  A22-GLU 41,  A35-LYS 29:       0.00004035 at      2.561 Ang (1.857 Ang by residue) in 3.2774 (sec).
 3-Body  A19-LYS 51,  A22-GLU 41,  A35-LYS 31:       0.00002998 at      2.561 Ang (1.857 Ang by residue) in 3.2092 (sec).
 3-Body  A19-LYS 51,  A22-GLU 41,  A35-LYS 32:       0.00002485 at      2.561 Ang (1.857 Ang by residue) in 3.3669 (sec).
 3-Body  A19-LYS 51,  A22-GLU 41,  A35-LYS 33:       0.00003813 at      2.561 Ang (1.857 Ang by residue) in 3.2610 (sec).
 3-Body  A19-LYS 51,  A22-GLU 41,  A35-LYS 46:       0.00008260 at      2.461 Ang (1.857 Ang by residue) in 3.3559 (sec).
 3-Body  A19-LYS 51,  A22-GLU 41,  A35-LYS 47:       0.00005752 at      2.486 Ang (1.857 Ang by residue) in 3.4110 (sec).
 3-Body  A19-LYS 51,  A22-GLU 41,  A35-LYS 48:       0.00007563 at      2.484 Ang (1.857 Ang by residue) in 3.2775 (sec).
 3-Body  A19-LYS 51,  A22-GLU 41,  A35-LYS 49:       0.00016468 at      2.437 Ang (1.857 Ang by residue) in 3.2346 (sec).
 3-Body  A19-LYS 51,  A22-GLU 41,  A35-LYS 50:       0.00004383 at      2.495 Ang (1.857 Ang by residue) in 3.4610 (sec).
 3-Body  A19-LYS 51,  A22-GLU 41,  A35-LYS 51:       0.00003596 at      2.495 Ang (1.857 Ang by residue) in 3.3484 (sec).
 3-Body  A20-ASP 0 ,  A22-GLU 0 ,  A35-LYS 0 :       0.00055769 at      2.165 Ang (1.431 Ang by residue) in 3.4596 (sec).
 3-Body  A20-ASP 0 ,  A22-GLU 0 ,  A35-LYD 1 :       0.00046847 at      2.165 Ang (1.431 Ang by residue) in 3.3391 (sec).
 3-Body  A20-ASP 0 ,  A22-GLU 0 ,  A35-LYD 2 :       0.00021602 at      2.214 Ang (1.431 Ang by residue) in 3.3807 (sec).
 3-Body  A20-ASP 0 ,  A22-GLU 0 ,  A35-LYD 3 :       0.00017044 at      2.214 Ang (1.431 Ang by residue) in 3.4017 (sec).
 3-Body  A20-ASP 0 ,  A22-GLU 0 ,  A35-LYD 4 :       0.00021711 at      2.214 Ang (1.431 Ang by residue) in 3.3925 (sec).
 3-Body  A20-ASP 0 ,  A22-GLU 0 ,  A35-LYD 5 :       0.00019449 at      2.214 Ang (1.431 Ang by residue) in 3.3138 (sec).
 3-Body  A20-ASP 0 ,  A22-GLU 0 ,  A35-LYD 6 :       0.00021539 at      2.214 Ang (1.431 Ang by residue) in 3.6543 (sec).
 3-Body  A20-ASP 0 ,  A22-GLU 0 ,  A35-LYD 20:       0.00056775 at      2.085 Ang (1.431 Ang by residue) in 3.2021 (sec).
 3-Body  A20-ASP 0 ,  A22-GLU 0 ,  A35-LYD 21:       0.00069230 at      2.084 Ang (1.431 Ang by residue) in 3.3159 (sec).
 3-Body  A20-ASP 0 ,  A22-GLU 0 ,  A35-LYD 23:       0.00054772 at      2.109 Ang (1.431 Ang by residue) in 3.3550 (sec).
 3-Body  A20-ASP 0 ,  A22-GLU 0 ,  A35-LYD 24:       0.00053273 at      2.109 Ang (1.431 Ang by residue) in 3.4512 (sec).
 3-Body  A20-ASP 0 ,  A22-GLU 0 ,  A35-LYS 29:       0.00026018 at      2.214 Ang (1.431 Ang by residue) in 3.3894 (sec).
 3-Body  A20-ASP 0 ,  A22-GLU 0 ,  A35-LYS 31:       0.00022197 at      2.214 Ang (1.431 Ang by residue) in 3.4143 (sec).
 3-Body  A20-ASP 0 ,  A22-GLU 0 ,  A35-LYS 32:       0.00033427 at      2.214 Ang (1.431 Ang by residue) in 3.3479 (sec).
 3-Body  A20-ASP 0 ,  A22-GLU 0 ,  A35-LYS 33:       0.00015786 at      2.214 Ang (1.431 Ang by residue) in 3.3817 (sec).
 3-Body  A20-ASP 0 ,  A22-GLU 0 ,  A35-LYS 46:       0.00096569 at      2.085 Ang (1.431 Ang by residue) in 3.2591 (sec).
 3-Body  A20-ASP 0 ,  A22-GLU 0 ,  A35-LYS 47:       0.00158184 at      2.085 Ang (1.431 Ang by residue) in 3.0832 (sec).
 3-Body  A20-ASP 0 ,  A22-GLU 0 ,  A35-LYS 48:       0.00096852 at      2.084 Ang (1.431 Ang by residue) in 3.3978 (sec).
 3-Body  A20-ASP 0 ,  A22-GLU 0 ,  A35-LYS 49:       0.00581959 at      1.991 Ang (1.431 Ang by residue) in 3.2267 (sec).
 3-Body  A20-ASP 0 ,  A22-GLU 0 ,  A35-LYS 50:       0.00062486 at      2.109 Ang (1.431 Ang by residue) in 3.4471 (sec).
 3-Body  A20-ASP 0 ,  A22-GLU 0 ,  A35-LYS 51:       0.00088196 at      2.109 Ang (1.431 Ang by residue) in 3.4168 (sec).
 3-Body  A20-ASP 0 ,  A22-GLU 36,  A35-LYS 0 :       0.00049032 at      2.107 Ang (1.431 Ang by residue) in 3.4131 (sec).
 3-Body  A20-ASP 0 ,  A22-GLU 36,  A35-LYD 1 :       0.00048148 at      2.107 Ang (1.431 Ang by residue) in 3.4219 (sec).
 3-Body  A20-ASP 0 ,  A22-GLU 36,  A35-LYD 2 :       0.00019026 at      2.183 Ang (1.431 Ang by residue) in 3.4100 (sec).
 3-Body  A20-ASP 0 ,  A22-GLU 36,  A35-LYD 3 :       0.00014697 at      2.183 Ang (1.431 Ang by residue) in 3.2940 (sec).
 3-Body  A20-ASP 0 ,  A22-GLU 36,  A35-LYD 4 :       0.00019718 at      2.183 Ang (1.431 Ang by residue) in 3.3056 (sec).
 3-Body  A20-ASP 0 ,  A22-GLU 36,  A35-LYD 5 :       0.00016594 at      2.183 Ang (1.431 Ang by residue) in 3.2657 (sec).
 3-Body  A20-ASP 0 ,  A22-GLU 36,  A35-LYD 6 :       0.00018503 at      2.183 Ang (1.431 Ang by residue) in 3.2893 (sec).
 3-Body  A20-ASP 0 ,  A22-GLU 36,  A35-LYD 20:       0.00060621 at      2.048 Ang (1.431 Ang by residue) in 3.4141 (sec).
 3-Body  A20-ASP 0 ,  A22-GLU 36,  A35-LYD 21:       0.00071728 at      2.045 Ang (1.431 Ang by residue) in 3.3900 (sec).
 3-Body  A20-ASP 0 ,  A22-GLU 36,  A35-LYD 23:       0.00057037 at      2.073 Ang (1.431 Ang by residue) in 3.3837 (sec).
 3-Body  A20-ASP 0 ,  A22-GLU 36,  A35-LYD 24:       0.00053829 at      2.073 Ang (1.431 Ang by residue) in 3.1331 (sec).
 3-Body  A20-ASP 0 ,  A22-GLU 36,  A35-LYS 29:       0.00017621 at      2.183 Ang (1.431 Ang by residue) in 3.3124 (sec).
 3-Body  A20-ASP 0 ,  A22-GLU 36,  A35-LYS 31:       0.00014218 at      2.183 Ang (1.431 Ang by residue) in 3.4692 (sec).
 3-Body  A20-ASP 0 ,  A22-GLU 36,  A35-LYS 32:       0.00026350 at      2.183 Ang (1.431 Ang by residue) in 3.3229 (sec).
 3-Body  A20-ASP 0 ,  A22-GLU 36,  A35-LYS 33:       0.00002107 at      2.183 Ang (1.431 Ang by residue) in 3.2722 (sec).
 3-Body  A20-ASP 0 ,  A22-GLU 36,  A35-LYS 46:       0.00066188 at      1.985 Ang (1.431 Ang by residue) in 3.4005 (sec).
 3-Body  A20-ASP 0 ,  A22-GLU 36,  A35-LYS 47:       0.00151148 at      2.048 Ang (1.431 Ang by residue) in 3.3016 (sec).
 3-Body  A20-ASP 0 ,  A22-GLU 36,  A35-LYS 48:       0.00090026 at      2.045 Ang (1.431 Ang by residue) in 3.2382 (sec).
 3-Body  A20-ASP 0 ,  A22-GLU 36,  A35-LYS 49:       0.00550242 at      1.925 Ang (1.431 Ang by residue) in 3.2126 (sec).
 3-Body  A20-ASP 0 ,  A22-GLU 36,  A35-LYS 50:       0.00057809 at      2.073 Ang (1.431 Ang by residue) in 3.1912 (sec).
 3-Body  A20-ASP 0 ,  A22-GLU 36,  A35-LYS 51:       0.00084239 at      2.073 Ang (1.431 Ang by residue) in 3.3234 (sec).
 3-Body  A20-ASP 0 ,  A22-GLU 39,  A35-LYS 0 :       0.00132853 at      2.178 Ang (1.431 Ang by residue) in 3.2162 (sec).
 3-Body  A20-ASP 0 ,  A22-GLU 39,  A35-LYD 1 :      -0.00003057 at      2.178 Ang (1.431 Ang by residue) in 3.4237 (sec).
 3-Body  A20-ASP 0 ,  A22-GLU 39,  A35-LYD 2 :       0.00003586 at      2.227 Ang (1.431 Ang by residue) in 3.3871 (sec).
 3-Body  A20-ASP 0 ,  A22-GLU 39,  A35-LYD 3 :       0.00001582 at      2.227 Ang (1.431 Ang by residue) in 3.3479 (sec).
 3-Body  A20-ASP 0 ,  A22-GLU 39,  A35-LYD 4 :       0.00003134 at      2.227 Ang (1.431 Ang by residue) in 3.2511 (sec).
 3-Body  A20-ASP 0 ,  A22-GLU 39,  A35-LYD 5 :       0.00000057 at      2.227 Ang (1.431 Ang by residue) in 3.3038 (sec).
 3-Body  A20-ASP 0 ,  A22-GLU 39,  A35-LYD 6 :      -0.00002537 at      2.227 Ang (1.431 Ang by residue) in 3.2642 (sec).
 3-Body  A20-ASP 0 ,  A22-GLU 39,  A35-LYD 20:       0.00004082 at      2.119 Ang (1.431 Ang by residue) in 3.2713 (sec).
 3-Body  A20-ASP 0 ,  A22-GLU 39,  A35-LYD 21:       0.00033927 at      2.118 Ang (1.431 Ang by residue) in 3.5422 (sec).
 3-Body  A20-ASP 0 ,  A22-GLU 39,  A35-LYD 23:       0.00001922 at      2.119 Ang (1.431 Ang by residue) in 3.3055 (sec).
 3-Body  A20-ASP 0 ,  A22-GLU 39,  A35-LYD 24:      -0.00004349 at      2.119 Ang (1.431 Ang by residue) in 3.3994 (sec).
 3-Body  A20-ASP 0 ,  A22-GLU 39,  A35-LYS 29:       0.00055347 at      2.227 Ang (1.431 Ang by residue) in 3.3520 (sec).
 3-Body  A20-ASP 0 ,  A22-GLU 39,  A35-LYS 31:       0.00032914 at      2.227 Ang (1.431 Ang by residue) in 3.3591 (sec).
 3-Body  A20-ASP 0 ,  A22-GLU 39,  A35-LYS 32:       0.00035433 at      2.227 Ang (1.431 Ang by residue) in 3.3286 (sec).
 3-Body  A20-ASP 0 ,  A22-GLU 39,  A35-LYS 33:       0.00039115 at      2.227 Ang (1.431 Ang by residue) in 3.3751 (sec).
 3-Body  A20-ASP 0 ,  A22-GLU 39,  A35-LYS 46:       0.00228171 at      2.079 Ang (1.431 Ang by residue) in 3.1840 (sec).
 3-Body  A20-ASP 0 ,  A22-GLU 39,  A35-LYS 47:       0.00287390 at      2.119 Ang (1.431 Ang by residue) in 3.2072 (sec).
 3-Body  A20-ASP 0 ,  A22-GLU 39,  A35-LYS 48:       0.00208817 at      2.118 Ang (1.431 Ang by residue) in 3.2699 (sec).
 3-Body  A20-ASP 0 ,  A22-GLU 39,  A35-LYS 49:       0.01457743 at      2.015 Ang (1.431 Ang by residue) in 3.1511 (sec).
 3-Body  A20-ASP 0 ,  A22-GLU 39,  A35-LYS 50:       0.00070802 at      2.119 Ang (1.431 Ang by residue) in 3.3174 (sec).
 3-Body  A20-ASP 0 ,  A22-GLU 39,  A35-LYS 51:       0.00092395 at      2.119 Ang (1.431 Ang by residue) in 3.3999 (sec).
 3-Body  A20-ASP 0 ,  A22-GLU 40,  A35-LYS 0 :       0.00025253 at      2.072 Ang (1.431 Ang by residue) in 3.3995 (sec).
 3-Body  A20-ASP 0 ,  A22-GLU 40,  A35-LYD 1 :       0.00000026 at      2.072 Ang (1.431 Ang by residue) in 3.2847 (sec).
 3-Body  A20-ASP 0 ,  A22-GLU 40,  A35-LYD 2 :       0.00004778 at      2.207 Ang (1.431 Ang by residue) in 3.2739 (sec).
 3-Body  A20-ASP 0 ,  A22-GLU 40,  A35-LYD 3 :       0.00002420 at      2.207 Ang (1.431 Ang by residue) in 3.3307 (sec).
 3-Body  A20-ASP 0 ,  A22-GLU 40,  A35-LYD 4 :       0.00007382 at      2.207 Ang (1.431 Ang by residue) in 3.2433 (sec).
 3-Body  A20-ASP 0 ,  A22-GLU 40,  A35-LYD 5 :       0.00004915 at      2.207 Ang (1.431 Ang by residue) in 3.4338 (sec).
 3-Body  A20-ASP 0 ,  A22-GLU 40,  A35-LYD 6 :       0.00005377 at      2.207 Ang (1.431 Ang by residue) in 3.3929 (sec).
 3-Body  A20-ASP 0 ,  A22-GLU 40,  A35-LYD 20:      -0.00015233 at      1.988 Ang (1.431 Ang by residue) in 3.3897 (sec).
 3-Body  A20-ASP 0 ,  A22-GLU 40,  A35-LYD 21:       0.00000751 at      1.985 Ang (1.431 Ang by residue) in 3.2650 (sec).
 3-Body  A20-ASP 0 ,  A22-GLU 40,  A35-LYD 23:       0.00002798 at      2.075 Ang (1.431 Ang by residue) in 3.4115 (sec).
 3-Body  A20-ASP 0 ,  A22-GLU 40,  A35-LYD 24:       0.00000272 at      2.075 Ang (1.431 Ang by residue) in 3.2658 (sec).
 3-Body  A20-ASP 0 ,  A22-GLU 40,  A35-LYS 29:       0.00012462 at      2.207 Ang (1.431 Ang by residue) in 3.4526 (sec).
 3-Body  A20-ASP 0 ,  A22-GLU 40,  A35-LYS 31:       0.00010820 at      2.207 Ang (1.431 Ang by residue) in 3.3373 (sec).
 3-Body  A20-ASP 0 ,  A22-GLU 40,  A35-LYS 32:       0.00023052 at      2.207 Ang (1.431 Ang by residue) in 3.3740 (sec).
 3-Body  A20-ASP 0 ,  A22-GLU 40,  A35-LYS 33:       0.00002372 at      2.207 Ang (1.431 Ang by residue) in 3.3013 (sec).
 3-Body  A20-ASP 0 ,  A22-GLU 40,  A35-LYS 46:       0.00033263 at      2.012 Ang (1.431 Ang by residue) in 3.4017 (sec).
 3-Body  A20-ASP 0 ,  A22-GLU 40,  A35-LYS 47:       0.00116378 at      1.988 Ang (1.431 Ang by residue) in 3.2867 (sec).
 3-Body  A20-ASP 0 ,  A22-GLU 40,  A35-LYS 48:       0.00046588 at      1.985 Ang (1.431 Ang by residue) in 3.4368 (sec).
 3-Body  A20-ASP 0 ,  A22-GLU 40,  A35-LYS 49:       0.00512336 at      1.891 Ang (1.431 Ang by residue) in 3.2703 (sec).
 3-Body  A20-ASP 0 ,  A22-GLU 40,  A35-LYS 50:       0.00013431 at      2.075 Ang (1.431 Ang by residue) in 3.3707 (sec).
 3-Body  A20-ASP 0 ,  A22-GLU 40,  A35-LYS 51:       0.00041278 at      2.075 Ang (1.431 Ang by residue) in 3.4384 (sec).
 3-Body  A20-ASP 0 ,  A22-GLU 41,  A35-LYS 0 :       0.00051634 at      2.178 Ang (1.431 Ang by residue) in 3.3769 (sec).
 3-Body  A20-ASP 0 ,  A22-GLU 41,  A35-LYD 1 :       0.00043379 at      2.178 Ang (1.431 Ang by residue) in 3.3131 (sec).
 3-Body  A20-ASP 0 ,  A22-GLU 41,  A35-LYD 2 :       0.00019271 at      2.227 Ang (1.431 Ang by residue) in 3.4272 (sec).
 3-Body  A20-ASP 0 ,  A22-GLU 41,  A35-LYD 3 :       0.00014816 at      2.227 Ang (1.431 Ang by residue) in 3.2935 (sec).
 3-Body  A20-ASP 0 ,  A22-GLU 41,  A35-LYD 4 :       0.00019457 at      2.227 Ang (1.431 Ang by residue) in 3.3375 (sec).
 3-Body  A20-ASP 0 ,  A22-GLU 41,  A35-LYD 5 :       0.00017166 at      2.227 Ang (1.431 Ang by residue) in 3.4503 (sec).
 3-Body  A20-ASP 0 ,  A22-GLU 41,  A35-LYD 6 :       0.00019191 at      2.227 Ang (1.431 Ang by residue) in 3.3711 (sec).
 3-Body  A20-ASP 0 ,  A22-GLU 41,  A35-LYD 20:       0.00052395 at      2.109 Ang (1.431 Ang by residue) in 3.3888 (sec).
 3-Body  A20-ASP 0 ,  A22-GLU 41,  A35-LYD 21:       0.00064673 at      2.107 Ang (1.431 Ang by residue) in 3.4972 (sec).
 3-Body  A20-ASP 0 ,  A22-GLU 41,  A35-LYD 23:       0.00051263 at      2.119 Ang (1.431 Ang by residue) in 3.2440 (sec).
 3-Body  A20-ASP 0 ,  A22-GLU 41,  A35-LYD 24:       0.00049613 at      2.119 Ang (1.431 Ang by residue) in 3.2396 (sec).
 3-Body  A20-ASP 0 ,  A22-GLU 41,  A35-LYS 29:       0.00024782 at      2.227 Ang (1.431 Ang by residue) in 3.4025 (sec).
 3-Body  A20-ASP 0 ,  A22-GLU 41,  A35-LYS 31:       0.00021292 at      2.227 Ang (1.431 Ang by residue) in 3.2477 (sec).
 3-Body  A20-ASP 0 ,  A22-GLU 41,  A35-LYS 32:       0.00032551 at      2.227 Ang (1.431 Ang by residue) in 3.3001 (sec).
 3-Body  A20-ASP 0 ,  A22-GLU 41,  A35-LYS 33:       0.00014649 at      2.227 Ang (1.431 Ang by residue) in 3.4131 (sec).
 3-Body  A20-ASP 0 ,  A22-GLU 41,  A35-LYS 46:       0.00088629 at      2.079 Ang (1.431 Ang by residue) in 3.2421 (sec).
 3-Body  A20-ASP 0 ,  A22-GLU 41,  A35-LYS 47:       0.00149850 at      2.109 Ang (1.431 Ang by residue) in 3.1363 (sec).
 3-Body  A20-ASP 0 ,  A22-GLU 41,  A35-LYS 48:       0.00090595 at      2.107 Ang (1.431 Ang by residue) in 3.4015 (sec).
 3-Body  A20-ASP 0 ,  A22-GLU 41,  A35-LYS 49:       0.00556777 at      2.014 Ang (1.431 Ang by residue) in 3.3022 (sec).
 3-Body  A20-ASP 0 ,  A22-GLU 41,  A35-LYS 50:       0.00059323 at      2.119 Ang (1.431 Ang by residue) in 3.1824 (sec).
 3-Body  A20-ASP 0 ,  A22-GLU 41,  A35-LYS 51:       0.00084536 at      2.119 Ang (1.431 Ang by residue) in 3.2180 (sec).
 3-Body  A20-ASP 22,  A22-GLU 0 ,  A35-LYS 0 :       0.00057606 at      2.197 Ang (1.431 Ang by residue) in 3.3631 (sec).
 3-Body  A20-ASP 22,  A22-GLU 0 ,  A35-LYD 1 :       0.00049234 at      2.197 Ang (1.431 Ang by residue) in 3.1261 (sec).
 3-Body  A20-ASP 22,  A22-GLU 0 ,  A35-LYD 2 :       0.00023045 at      2.279 Ang (1.431 Ang by residue) in 3.3222 (sec).
 3-Body  A20-ASP 22,  A22-GLU 0 ,  A35-LYD 3 :       0.00018617 at      2.279 Ang (1.431 Ang by residue) in 3.4108 (sec).
 3-Body  A20-ASP 22,  A22-GLU 0 ,  A35-LYD 4 :       0.00022970 at      2.279 Ang (1.431 Ang by residue) in 3.7321 (sec).
 3-Body  A20-ASP 22,  A22-GLU 0 ,  A35-LYD 5 :       0.00021157 at      2.279 Ang (1.431 Ang by residue) in 3.4028 (sec).
 3-Body  A20-ASP 22,  A22-GLU 0 ,  A35-LYD 6 :       0.00023314 at      2.279 Ang (1.431 Ang by residue) in 3.6543 (sec).
 3-Body  A20-ASP 22,  A22-GLU 0 ,  A35-LYD 20:       0.00061632 at      2.133 Ang (1.431 Ang by residue) in 3.6120 (sec).
 3-Body  A20-ASP 22,  A22-GLU 0 ,  A35-LYD 21:       0.00073476 at      2.131 Ang (1.431 Ang by residue) in 3.7635 (sec).
 3-Body  A20-ASP 22,  A22-GLU 0 ,  A35-LYD 23:       0.00057585 at      2.156 Ang (1.431 Ang by residue) in 3.3928 (sec).
 3-Body  A20-ASP 22,  A22-GLU 0 ,  A35-LYD 24:       0.00057006 at      2.156 Ang (1.431 Ang by residue) in 3.5861 (sec).
 3-Body  A20-ASP 22,  A22-GLU 0 ,  A35-LYS 29:       0.00026621 at      2.279 Ang (1.431 Ang by residue) in 3.5672 (sec).
 3-Body  A20-ASP 22,  A22-GLU 0 ,  A35-LYS 31:       0.00023389 at      2.279 Ang (1.431 Ang by residue) in 3.1379 (sec).
 3-Body  A20-ASP 22,  A22-GLU 0 ,  A35-LYS 32:       0.00033632 at      2.279 Ang (1.431 Ang by residue) in 3.4093 (sec).
 3-Body  A20-ASP 22,  A22-GLU 0 ,  A35-LYS 33:       0.00018800 at      2.279 Ang (1.431 Ang by residue) in 3.3138 (sec).
 3-Body  A20-ASP 22,  A22-GLU 0 ,  A35-LYS 46:       0.00110045 at      2.133 Ang (1.431 Ang by residue) in 3.4456 (sec).
 3-Body  A20-ASP 22,  A22-GLU 0 ,  A35-LYS 47:       0.00158189 at      2.133 Ang (1.431 Ang by residue) in 3.3866 (sec).
 3-Body  A20-ASP 22,  A22-GLU 0 ,  A35-LYS 48:       0.00100557 at      2.131 Ang (1.431 Ang by residue) in 3.3121 (sec).
 3-Body  A20-ASP 22,  A22-GLU 0 ,  A35-LYS 49:       0.00607114 at      2.018 Ang (1.431 Ang by residue) in 3.3546 (sec).
 3-Body  A20-ASP 22,  A22-GLU 0 ,  A35-LYS 50:       0.00064387 at      2.156 Ang (1.431 Ang by residue) in 3.3381 (sec).
 3-Body  A20-ASP 22,  A22-GLU 0 ,  A35-LYS 51:       0.00088136 at      2.156 Ang (1.431 Ang by residue) in 3.2313 (sec).
 3-Body  A20-ASP 22,  A22-GLU 36,  A35-LYS 0 :       0.00051351 at      2.139 Ang (1.431 Ang by residue) in 3.3751 (sec).
 3-Body  A20-ASP 22,  A22-GLU 36,  A35-LYD 1 :       0.00050567 at      2.139 Ang (1.431 Ang by residue) in 3.4266 (sec).
 3-Body  A20-ASP 22,  A22-GLU 36,  A35-LYD 2 :       0.00020555 at      2.248 Ang (1.431 Ang by residue) in 3.1982 (sec).
 3-Body  A20-ASP 22,  A22-GLU 36,  A35-LYD 3 :       0.00016309 at      2.248 Ang (1.431 Ang by residue) in 3.4668 (sec).
 3-Body  A20-ASP 22,  A22-GLU 36,  A35-LYD 4 :       0.00021043 at      2.248 Ang (1.431 Ang by residue) in 3.3004 (sec).
 3-Body  A20-ASP 22,  A22-GLU 36,  A35-LYD 5 :       0.00018357 at      2.248 Ang (1.431 Ang by residue) in 3.2913 (sec).
 3-Body  A20-ASP 22,  A22-GLU 36,  A35-LYD 6 :       0.00020353 at      2.248 Ang (1.431 Ang by residue) in 3.2933 (sec).
 3-Body  A20-ASP 22,  A22-GLU 36,  A35-LYD 20:       0.00065320 at      2.095 Ang (1.431 Ang by residue) in 3.3589 (sec).
 3-Body  A20-ASP 22,  A22-GLU 36,  A35-LYD 21:       0.00075887 at      2.092 Ang (1.431 Ang by residue) in 3.3559 (sec).
 3-Body  A20-ASP 22,  A22-GLU 36,  A35-LYD 23:       0.00059954 at      2.120 Ang (1.431 Ang by residue) in 3.4060 (sec).
 3-Body  A20-ASP 22,  A22-GLU 36,  A35-LYD 24:       0.00057633 at      2.120 Ang (1.431 Ang by residue) in 3.4754 (sec).
 3-Body  A20-ASP 22,  A22-GLU 36,  A35-LYS 29:       0.00019013 at      2.248 Ang (1.431 Ang by residue) in 3.2204 (sec).
 3-Body  A20-ASP 22,  A22-GLU 36,  A35-LYS 31:       0.00016095 at      2.248 Ang (1.431 Ang by residue) in 3.3563 (sec).
 3-Body  A20-ASP 22,  A22-GLU 36,  A35-LYS 32:       0.00027321 at      2.248 Ang (1.431 Ang by residue) in 3.3541 (sec).
 3-Body  A20-ASP 22,  A22-GLU 36,  A35-LYS 33:       0.00005958 at      2.248 Ang (1.431 Ang by residue) in 3.2702 (sec).
 3-Body  A20-ASP 22,  A22-GLU 36,  A35-LYS 46:       0.00080328 at      2.034 Ang (1.431 Ang by residue) in 3.2353 (sec).
 3-Body  A20-ASP 22,  A22-GLU 36,  A35-LYS 47:       0.00152178 at      2.095 Ang (1.431 Ang by residue) in 3.3801 (sec).
 3-Body  A20-ASP 22,  A22-GLU 36,  A35-LYS 48:       0.00093935 at      2.092 Ang (1.431 Ang by residue) in 3.4178 (sec).
 3-Body  A20-ASP 22,  A22-GLU 36,  A35-LYS 49:       0.00571813 at      1.951 Ang (1.431 Ang by residue) in 3.2717 (sec).
 3-Body  A20-ASP 22,  A22-GLU 36,  A35-LYS 50:       0.00060425 at      2.120 Ang (1.431 Ang by residue) in 3.4356 (sec).
 3-Body  A20-ASP 22,  A22-GLU 36,  A35-LYS 51:       0.00085106 at      2.120 Ang (1.431 Ang by residue) in 3.1948 (sec).
 3-Body  A20-ASP 22,  A22-GLU 39,  A35-LYS 0 :       0.00138256 at      2.208 Ang (1.431 Ang by residue) in 3.0919 (sec).
 3-Body  A20-ASP 22,  A22-GLU 39,  A35-LYD 1 :       0.00009616 at      2.208 Ang (1.431 Ang by residue) in 3.2922 (sec).
 3-Body  A20-ASP 22,  A22-GLU 39,  A35-LYD 2 :       0.00010482 at      2.290 Ang (1.431 Ang by residue) in 3.1905 (sec).
 3-Body  A20-ASP 22,  A22-GLU 39,  A35-LYD 3 :       0.00008127 at      2.290 Ang (1.431 Ang by residue) in 3.3276 (sec).
 3-Body  A20-ASP 22,  A22-GLU 39,  A35-LYD 4 :       0.00009934 at      2.290 Ang (1.431 Ang by residue) in 3.3953 (sec).
 3-Body  A20-ASP 22,  A22-GLU 39,  A35-LYD 5 :       0.00007483 at      2.290 Ang (1.431 Ang by residue) in 3.4618 (sec).
 3-Body  A20-ASP 22,  A22-GLU 39,  A35-LYD 6 :       0.00005474 at      2.290 Ang (1.431 Ang by residue) in 3.3230 (sec).
 3-Body  A20-ASP 22,  A22-GLU 39,  A35-LYD 20:       0.00023964 at      2.164 Ang (1.431 Ang by residue) in 3.2746 (sec).
 3-Body  A20-ASP 22,  A22-GLU 39,  A35-LYD 21:       0.00054479 at      2.163 Ang (1.431 Ang by residue) in 3.3242 (sec).
 3-Body  A20-ASP 22,  A22-GLU 39,  A35-LYD 23:       0.00018260 at      2.164 Ang (1.431 Ang by residue) in 3.3193 (sec).
 3-Body  A20-ASP 22,  A22-GLU 39,  A35-LYD 24:       0.00014191 at      2.164 Ang (1.431 Ang by residue) in 3.3864 (sec).
 3-Body  A20-ASP 22,  A22-GLU 39,  A35-LYS 29:       0.00059258 at      2.290 Ang (1.431 Ang by residue) in 3.2995 (sec).
 3-Body  A20-ASP 22,  A22-GLU 39,  A35-LYS 31:       0.00038742 at      2.290 Ang (1.431 Ang by residue) in 3.5727 (sec).
 3-Body  A20-ASP 22,  A22-GLU 39,  A35-LYS 32:       0.00041577 at      2.290 Ang (1.431 Ang by residue) in 3.2272 (sec).
 3-Body  A20-ASP 22,  A22-GLU 39,  A35-LYS 33:       0.00046967 at      2.290 Ang (1.431 Ang by residue) in 3.3271 (sec).
 3-Body  A20-ASP 22,  A22-GLU 39,  A35-LYS 46:       0.00266326 at      2.125 Ang (1.431 Ang by residue) in 3.1608 (sec).
 3-Body  A20-ASP 22,  A22-GLU 39,  A35-LYS 47:       0.00304746 at      2.164 Ang (1.431 Ang by residue) in 3.4105 (sec).
 3-Body  A20-ASP 22,  A22-GLU 39,  A35-LYS 48:       0.00223419 at      2.163 Ang (1.431 Ang by residue) in 3.3622 (sec).
 3-Body  A20-ASP 22,  A22-GLU 39,  A35-LYS 49:       0.01563355 at      2.040 Ang (1.431 Ang by residue) in 3.1440 (sec).
 3-Body  A20-ASP 22,  A22-GLU 39,  A35-LYS 50:       0.00083901 at      2.164 Ang (1.431 Ang by residue) in 3.2688 (sec).
 3-Body  A20-ASP 22,  A22-GLU 39,  A35-LYS 51:       0.00106427 at      2.164 Ang (1.431 Ang by residue) in 3.4094 (sec).
 3-Body  A20-ASP 22,  A22-GLU 40,  A35-LYS 0 :       0.00033963 at      2.103 Ang (1.431 Ang by residue) in 3.2891 (sec).
 3-Body  A20-ASP 22,  A22-GLU 40,  A35-LYD 1 :       0.00009066 at      2.103 Ang (1.431 Ang by residue) in 3.2822 (sec).
 3-Body  A20-ASP 22,  A22-GLU 40,  A35-LYD 2 :       0.00007929 at      2.270 Ang (1.431 Ang by residue) in 3.4243 (sec).
 3-Body  A20-ASP 22,  A22-GLU 40,  A35-LYD 3 :       0.00005269 at      2.270 Ang (1.431 Ang by residue) in 3.4102 (sec).
 3-Body  A20-ASP 22,  A22-GLU 40,  A35-LYD 4 :       0.00009853 at      2.270 Ang (1.431 Ang by residue) in 3.4657 (sec).
 3-Body  A20-ASP 22,  A22-GLU 40,  A35-LYD 5 :       0.00007848 at      2.270 Ang (1.431 Ang by residue) in 3.3474 (sec).
 3-Body  A20-ASP 22,  A22-GLU 40,  A35-LYD 6 :       0.00008589 at      2.270 Ang (1.431 Ang by residue) in 3.4911 (sec).
 3-Body  A20-ASP 22,  A22-GLU 40,  A35-LYD 20:      -0.00001833 at      2.035 Ang (1.431 Ang by residue) in 3.2688 (sec).
 3-Body  A20-ASP 22,  A22-GLU 40,  A35-LYD 21:       0.00013811 at      2.033 Ang (1.431 Ang by residue) in 3.4127 (sec).
 3-Body  A20-ASP 22,  A22-GLU 40,  A35-LYD 23:       0.00010801 at      2.120 Ang (1.431 Ang by residue) in 3.2371 (sec).
 3-Body  A20-ASP 22,  A22-GLU 40,  A35-LYD 24:       0.00009197 at      2.120 Ang (1.431 Ang by residue) in 3.2695 (sec).
 3-Body  A20-ASP 22,  A22-GLU 40,  A35-LYS 29:       0.00015542 at      2.270 Ang (1.431 Ang by residue) in 3.3924 (sec).
 3-Body  A20-ASP 22,  A22-GLU 40,  A35-LYS 31:       0.00013853 at      2.270 Ang (1.431 Ang by residue) in 3.4701 (sec).
 3-Body  A20-ASP 22,  A22-GLU 40,  A35-LYS 32:       0.00024882 at      2.270 Ang (1.431 Ang by residue) in 3.3628 (sec).
 3-Body  A20-ASP 22,  A22-GLU 40,  A35-LYS 33:       0.00007750 at      2.270 Ang (1.431 Ang by residue) in 3.3716 (sec).
 3-Body  A20-ASP 22,  A22-GLU 40,  A35-LYS 46:       0.00054527 at      2.059 Ang (1.431 Ang by residue) in 3.1899 (sec).
 3-Body  A20-ASP 22,  A22-GLU 40,  A35-LYS 47:       0.00124348 at      2.035 Ang (1.431 Ang by residue) in 3.4168 (sec).
 3-Body  A20-ASP 22,  A22-GLU 40,  A35-LYS 48:       0.00059092 at      2.033 Ang (1.431 Ang by residue) in 3.4865 (sec).
 3-Body  A20-ASP 22,  A22-GLU 40,  A35-LYS 49:       0.00552632 at      1.916 Ang (1.431 Ang by residue) in 3.2885 (sec).
 3-Body  A20-ASP 22,  A22-GLU 40,  A35-LYS 50:       0.00021269 at      2.120 Ang (1.431 Ang by residue) in 3.2123 (sec).
 3-Body  A20-ASP 22,  A22-GLU 40,  A35-LYS 51:       0.00046700 at      2.120 Ang (1.431 Ang by residue) in 3.2961 (sec).
 3-Body  A20-ASP 22,  A22-GLU 41,  A35-LYS 0 :       0.00052923 at      2.208 Ang (1.431 Ang by residue) in 3.3386 (sec).
 3-Body  A20-ASP 22,  A22-GLU 41,  A35-LYD 1 :       0.00045423 at      2.208 Ang (1.431 Ang by residue) in 3.2707 (sec).
 3-Body  A20-ASP 22,  A22-GLU 41,  A35-LYD 2 :       0.00020547 at      2.290 Ang (1.431 Ang by residue) in 3.0046 (sec).
 3-Body  A20-ASP 22,  A22-GLU 41,  A35-LYD 3 :       0.00016234 at      2.290 Ang (1.431 Ang by residue) in 3.3112 (sec).
 3-Body  A20-ASP 22,  A22-GLU 41,  A35-LYD 4 :       0.00020553 at      2.290 Ang (1.431 Ang by residue) in 3.4485 (sec).
 3-Body  A20-ASP 22,  A22-GLU 41,  A35-LYD 5 :       0.00018693 at      2.290 Ang (1.431 Ang by residue) in 3.3363 (sec).
 3-Body  A20-ASP 22,  A22-GLU 41,  A35-LYD 6 :       0.00020760 at      2.290 Ang (1.431 Ang by residue) in 3.3715 (sec).
 3-Body  A20-ASP 22,  A22-GLU 41,  A35-LYD 20:       0.00056719 at      2.154 Ang (1.431 Ang by residue) in 3.1460 (sec).
 3-Body  A20-ASP 22,  A22-GLU 41,  A35-LYD 21:       0.00068296 at      2.152 Ang (1.431 Ang by residue) in 3.2990 (sec).
 3-Body  A20-ASP 22,  A22-GLU 41,  A35-LYD 23:       0.00053687 at      2.164 Ang (1.431 Ang by residue) in 3.3536 (sec).
 3-Body  A20-ASP 22,  A22-GLU 41,  A35-LYD 24:       0.00052897 at      2.164 Ang (1.431 Ang by residue) in 3.3038 (sec).
 3-Body  A20-ASP 22,  A22-GLU 41,  A35-LYS 29:       0.00025297 at      2.290 Ang (1.431 Ang by residue) in 3.2113 (sec).
 3-Body  A20-ASP 22,  A22-GLU 41,  A35-LYS 31:       0.00022375 at      2.290 Ang (1.431 Ang by residue) in 3.2266 (sec).
 3-Body  A20-ASP 22,  A22-GLU 41,  A35-LYS 32:       0.00032645 at      2.290 Ang (1.431 Ang by residue) in 3.3798 (sec).
 3-Body  A20-ASP 22,  A22-GLU 41,  A35-LYS 33:       0.00017447 at      2.290 Ang (1.431 Ang by residue) in 3.2836 (sec).
 3-Body  A20-ASP 22,  A22-GLU 41,  A35-LYS 46:       0.00099844 at      2.125 Ang (1.431 Ang by residue) in 3.2795 (sec).
 3-Body  A20-ASP 22,  A22-GLU 41,  A35-LYS 47:       0.00148931 at      2.154 Ang (1.431 Ang by residue) in 3.3076 (sec).
 3-Body  A20-ASP 22,  A22-GLU 41,  A35-LYS 48:       0.00093237 at      2.152 Ang (1.431 Ang by residue) in 3.4371 (sec).
 3-Body  A20-ASP 22,  A22-GLU 41,  A35-LYS 49:       0.00573407 at      2.039 Ang (1.431 Ang by residue) in 3.2882 (sec).
 3-Body  A20-ASP 22,  A22-GLU 41,  A35-LYS 50:       0.00060875 at      2.164 Ang (1.431 Ang by residue) in 3.1868 (sec).
 3-Body  A20-ASP 22,  A22-GLU 41,  A35-LYS 51:       0.00084122 at      2.164 Ang (1.431 Ang by residue) in 3.2736 (sec).
 3-Body  A20-ASP 23,  A22-GLU 0 ,  A35-LYS 0 :       0.00000855 at      2.165 Ang (1.431 Ang by residue) in 3.3772 (sec).
 3-Body  A20-ASP 23,  A22-GLU 0 ,  A35-LYD 1 :       0.00034753 at      2.165 Ang (1.431 Ang by residue) in 3.3792 (sec).
 3-Body  A20-ASP 23,  A22-GLU 0 ,  A35-LYD 2 :       0.00017539 at      2.240 Ang (1.431 Ang by residue) in 3.4727 (sec).
 3-Body  A20-ASP 23,  A22-GLU 0 ,  A35-LYD 3 :       0.00014547 at      2.240 Ang (1.431 Ang by residue) in 3.3482 (sec).
 3-Body  A20-ASP 23,  A22-GLU 0 ,  A35-LYD 4 :       0.00020325 at      2.240 Ang (1.431 Ang by residue) in 3.1595 (sec).
 3-Body  A20-ASP 23,  A22-GLU 0 ,  A35-LYD 5 :       0.00017759 at      2.240 Ang (1.431 Ang by residue) in 3.3815 (sec).
 3-Body  A20-ASP 23,  A22-GLU 0 ,  A35-LYD 6 :       0.00019985 at      2.240 Ang (1.431 Ang by residue) in 3.4535 (sec).
 3-Body  A20-ASP 23,  A22-GLU 0 ,  A35-LYD 20:       0.00040391 at      2.101 Ang (1.431 Ang by residue) in 3.4493 (sec).
 3-Body  A20-ASP 23,  A22-GLU 0 ,  A35-LYD 21:       0.00049262 at      2.099 Ang (1.431 Ang by residue) in 3.3035 (sec).
 3-Body  A20-ASP 23,  A22-GLU 0 ,  A35-LYD 23:       0.00045004 at      2.124 Ang (1.431 Ang by residue) in 3.1754 (sec).
 3-Body  A20-ASP 23,  A22-GLU 0 ,  A35-LYD 24:       0.00043117 at      2.124 Ang (1.431 Ang by residue) in 3.4939 (sec).
 3-Body  A20-ASP 23,  A22-GLU 0 ,  A35-LYS 29:      -0.00000718 at      2.240 Ang (1.431 Ang by residue) in 3.4131 (sec).
 3-Body  A20-ASP 23,  A22-GLU 0 ,  A35-LYS 31:       0.00003723 at      2.240 Ang (1.431 Ang by residue) in 3.3953 (sec).
 3-Body  A20-ASP 23,  A22-GLU 0 ,  A35-LYS 32:       0.00017611 at      2.240 Ang (1.431 Ang by residue) in 3.3553 (sec).
 3-Body  A20-ASP 23,  A22-GLU 0 ,  A35-LYS 33:      -0.00011530 at      2.240 Ang (1.431 Ang by residue) in 3.2923 (sec).
 3-Body  A20-ASP 23,  A22-GLU 0 ,  A35-LYS 46:       0.00003763 at      2.100 Ang (1.431 Ang by residue) in 3.2231 (sec).
 3-Body  A20-ASP 23,  A22-GLU 0 ,  A35-LYS 47:       0.00097437 at      2.101 Ang (1.431 Ang by residue) in 3.4351 (sec).
 3-Body  A20-ASP 23,  A22-GLU 0 ,  A35-LYS 48:       0.00027633 at      2.099 Ang (1.431 Ang by residue) in 3.1821 (sec).
 3-Body  A20-ASP 23,  A22-GLU 0 ,  A35-LYS 49:       0.00323926 at      1.994 Ang (1.431 Ang by residue) in 3.3509 (sec).
 3-Body  A20-ASP 23,  A22-GLU 0 ,  A35-LYS 50:       0.00025542 at      2.124 Ang (1.431 Ang by residue) in 3.3517 (sec).
 3-Body  A20-ASP 23,  A22-GLU 0 ,  A35-LYS 51:       0.00054454 at      2.124 Ang (1.431 Ang by residue) in 3.3218 (sec).
 3-Body  A20-ASP 23,  A22-GLU 36,  A35-LYS 0 :      -0.00009851 at      2.106 Ang (1.431 Ang by residue) in 3.3091 (sec).
 3-Body  A20-ASP 23,  A22-GLU 36,  A35-LYD 1 :       0.00033226 at      2.106 Ang (1.431 Ang by residue) in 3.3017 (sec).
 3-Body  A20-ASP 23,  A22-GLU 36,  A35-LYD 2 :       0.00013694 at      2.208 Ang (1.431 Ang by residue) in 3.4604 (sec).
 3-Body  A20-ASP 23,  A22-GLU 36,  A35-LYD 3 :       0.00011160 at      2.208 Ang (1.431 Ang by residue) in 3.1388 (sec).
 3-Body  A20-ASP 23,  A22-GLU 36,  A35-LYD 4 :       0.00017499 at      2.208 Ang (1.431 Ang by residue) in 3.2773 (sec).
 3-Body  A20-ASP 23,  A22-GLU 36,  A35-LYD 5 :       0.00013560 at      2.208 Ang (1.431 Ang by residue) in 3.1608 (sec).
 3-Body  A20-ASP 23,  A22-GLU 36,  A35-LYD 6 :       0.00015231 at      2.208 Ang (1.431 Ang by residue) in 3.2225 (sec).
 3-Body  A20-ASP 23,  A22-GLU 36,  A35-LYD 20:       0.00039895 at      2.062 Ang (1.431 Ang by residue) in 3.2460 (sec).
 3-Body  A20-ASP 23,  A22-GLU 36,  A35-LYD 21:       0.00047195 at      2.059 Ang (1.431 Ang by residue) in 3.3269 (sec).
 3-Body  A20-ASP 23,  A22-GLU 36,  A35-LYD 23:       0.00044713 at      2.087 Ang (1.431 Ang by residue) in 3.1493 (sec).
 3-Body  A20-ASP 23,  A22-GLU 36,  A35-LYD 24:       0.00040081 at      2.087 Ang (1.431 Ang by residue) in 3.3893 (sec).
 3-Body  A20-ASP 23,  A22-GLU 36,  A35-LYS 29:      -0.00011728 at      2.208 Ang (1.431 Ang by residue) in 3.3585 (sec).
 3-Body  A20-ASP 23,  A22-GLU 36,  A35-LYS 31:      -0.00007109 at      2.208 Ang (1.431 Ang by residue) in 3.3329 (sec).
 3-Body  A20-ASP 23,  A22-GLU 36,  A35-LYS 32:       0.00008314 at      2.208 Ang (1.431 Ang by residue) in 3.3806 (sec).
 3-Body  A20-ASP 23,  A22-GLU 36,  A35-LYS 33:      -0.00031203 at      2.208 Ang (1.431 Ang by residue) in 3.4264 (sec).
 3-Body  A20-ASP 23,  A22-GLU 36,  A35-LYS 46:      -0.00047029 at      2.000 Ang (1.431 Ang by residue) in 3.2870 (sec).
 3-Body  A20-ASP 23,  A22-GLU 36,  A35-LYS 47:       0.00086059 at      2.062 Ang (1.431 Ang by residue) in 3.1921 (sec).
 3-Body  A20-ASP 23,  A22-GLU 36,  A35-LYS 48:       0.00014513 at      2.059 Ang (1.431 Ang by residue) in 3.3722 (sec).
 3-Body  A20-ASP 23,  A22-GLU 36,  A35-LYS 49:       0.00258331 at      1.926 Ang (1.431 Ang by residue) in 3.4209 (sec).
 3-Body  A20-ASP 23,  A22-GLU 36,  A35-LYS 50:       0.00017063 at      2.087 Ang (1.431 Ang by residue) in 3.3983 (sec).
 3-Body  A20-ASP 23,  A22-GLU 36,  A35-LYS 51:       0.00047847 at      2.087 Ang (1.431 Ang by residue) in 3.1934 (sec).
 3-Body  A20-ASP 23,  A22-GLU 39,  A35-LYS 0 :       0.00075991 at      2.176 Ang (1.431 Ang by residue) in 3.4033 (sec).
 3-Body  A20-ASP 23,  A22-GLU 39,  A35-LYD 1 :      -0.00006858 at      2.176 Ang (1.431 Ang by residue) in 3.4755 (sec).
 3-Body  A20-ASP 23,  A22-GLU 39,  A35-LYD 2 :       0.00005429 at      2.251 Ang (1.431 Ang by residue) in 3.3116 (sec).
 3-Body  A20-ASP 23,  A22-GLU 39,  A35-LYD 3 :       0.00004583 at      2.251 Ang (1.431 Ang by residue) in 3.3988 (sec).
 3-Body  A20-ASP 23,  A22-GLU 39,  A35-LYD 4 :       0.00008371 at      2.251 Ang (1.431 Ang by residue) in 3.3120 (sec).
 3-Body  A20-ASP 23,  A22-GLU 39,  A35-LYD 5 :       0.00005516 at      2.251 Ang (1.431 Ang by residue) in 3.1837 (sec).
 3-Body  A20-ASP 23,  A22-GLU 39,  A35-LYD 6 :       0.00003875 at      2.251 Ang (1.431 Ang by residue) in 3.5163 (sec).
 3-Body  A20-ASP 23,  A22-GLU 39,  A35-LYD 20:       0.00001212 at      2.133 Ang (1.431 Ang by residue) in 3.2300 (sec).
 3-Body  A20-ASP 23,  A22-GLU 39,  A35-LYD 21:       0.00032984 at      2.131 Ang (1.431 Ang by residue) in 3.2773 (sec).
 3-Body  A20-ASP 23,  A22-GLU 39,  A35-LYD 23:       0.00006228 at      2.133 Ang (1.431 Ang by residue) in 3.4338 (sec).
 3-Body  A20-ASP 23,  A22-GLU 39,  A35-LYD 24:       0.00002359 at      2.133 Ang (1.431 Ang by residue) in 3.2787 (sec).
 3-Body  A20-ASP 23,  A22-GLU 39,  A35-LYS 29:       0.00030314 at      2.251 Ang (1.431 Ang by residue) in 3.3961 (sec).
 3-Body  A20-ASP 23,  A22-GLU 39,  A35-LYS 31:       0.00019643 at      2.251 Ang (1.431 Ang by residue) in 3.1918 (sec).
 3-Body  A20-ASP 23,  A22-GLU 39,  A35-LYS 32:       0.00027342 at      2.251 Ang (1.431 Ang by residue) in 3.3765 (sec).
 3-Body  A20-ASP 23,  A22-GLU 39,  A35-LYS 33:       0.00018187 at      2.251 Ang (1.431 Ang by residue) in 3.4393 (sec).
 3-Body  A20-ASP 23,  A22-GLU 39,  A35-LYS 46:       0.00179758 at      2.092 Ang (1.431 Ang by residue) in 3.3945 (sec).
 3-Body  A20-ASP 23,  A22-GLU 39,  A35-LYS 47:       0.00257258 at      2.133 Ang (1.431 Ang by residue) in 3.5195 (sec).
 3-Body  A20-ASP 23,  A22-GLU 39,  A35-LYS 48:       0.00152122 at      2.131 Ang (1.431 Ang by residue) in 3.3447 (sec).
 3-Body  A20-ASP 23,  A22-GLU 39,  A35-LYS 49:       0.01423392 at      2.016 Ang (1.431 Ang by residue) in 3.3131 (sec).
 3-Body  A20-ASP 23,  A22-GLU 39,  A35-LYS 50:       0.00042867 at      2.133 Ang (1.431 Ang by residue) in 3.3988 (sec).
 3-Body  A20-ASP 23,  A22-GLU 39,  A35-LYS 51:       0.00073957 at      2.133 Ang (1.431 Ang by residue) in 3.2068 (sec).
 3-Body  A20-ASP 23,  A22-GLU 40,  A35-LYS 0 :      -0.00028229 at      2.070 Ang (1.431 Ang by residue) in 3.4002 (sec).
 3-Body  A20-ASP 23,  A22-GLU 40,  A35-LYD 1 :      -0.00003311 at      2.070 Ang (1.431 Ang by residue) in 3.1788 (sec).
 3-Body  A20-ASP 23,  A22-GLU 40,  A35-LYD 2 :       0.00003191 at      2.230 Ang (1.431 Ang by residue) in 3.3268 (sec).
 3-Body  A20-ASP 23,  A22-GLU 40,  A35-LYD 3 :       0.00002057 at      2.230 Ang (1.431 Ang by residue) in 3.3548 (sec).
 3-Body  A20-ASP 23,  A22-GLU 40,  A35-LYD 4 :       0.00008174 at      2.230 Ang (1.431 Ang by residue) in 3.3415 (sec).
 3-Body  A20-ASP 23,  A22-GLU 40,  A35-LYD 5 :       0.00005569 at      2.230 Ang (1.431 Ang by residue) in 3.3005 (sec).
 3-Body  A20-ASP 23,  A22-GLU 40,  A35-LYD 6 :       0.00006605 at      2.230 Ang (1.431 Ang by residue) in 3.3539 (sec).
 3-Body  A20-ASP 23,  A22-GLU 40,  A35-LYD 20:      -0.00019501 at      2.002 Ang (1.431 Ang by residue) in 3.4253 (sec).
 3-Body  A20-ASP 23,  A22-GLU 40,  A35-LYD 21:      -0.00007784 at      1.999 Ang (1.431 Ang by residue) in 3.2591 (sec).
 3-Body  A20-ASP 23,  A22-GLU 40,  A35-LYD 23:       0.00001940 at      2.088 Ang (1.431 Ang by residue) in 3.2127 (sec).
 3-Body  A20-ASP 23,  A22-GLU 40,  A35-LYD 24:      -0.00000438 at      2.088 Ang (1.431 Ang by residue) in 3.2572 (sec).
 3-Body  A20-ASP 23,  A22-GLU 40,  A35-LYS 29:      -0.00014268 at      2.230 Ang (1.431 Ang by residue) in 3.3662 (sec).
 3-Body  A20-ASP 23,  A22-GLU 40,  A35-LYS 31:      -0.00006924 at      2.230 Ang (1.431 Ang by residue) in 3.3785 (sec).
 3-Body  A20-ASP 23,  A22-GLU 40,  A35-LYS 32:       0.00007943 at      2.230 Ang (1.431 Ang by residue) in 3.1421 (sec).
 3-Body  A20-ASP 23,  A22-GLU 40,  A35-LYS 33:      -0.00023848 at      2.230 Ang (1.431 Ang by residue) in 3.2600 (sec).
 3-Body  A20-ASP 23,  A22-GLU 40,  A35-LYS 46:      -0.00052990 at      2.025 Ang (1.431 Ang by residue) in 3.2188 (sec).
 3-Body  A20-ASP 23,  A22-GLU 40,  A35-LYS 47:       0.00059628 at      2.002 Ang (1.431 Ang by residue) in 3.4809 (sec).
 3-Body  A20-ASP 23,  A22-GLU 40,  A35-LYS 48:      -0.00019492 at      1.999 Ang (1.431 Ang by residue) in 3.3833 (sec).
 3-Body  A20-ASP 23,  A22-GLU 40,  A35-LYS 49:       0.00249879 at      1.891 Ang (1.431 Ang by residue) in 3.2262 (sec).
 3-Body  A20-ASP 23,  A22-GLU 40,  A35-LYS 50:      -0.00017738 at      2.088 Ang (1.431 Ang by residue) in 3.3727 (sec).
 3-Body  A20-ASP 23,  A22-GLU 40,  A35-LYS 51:       0.00013187 at      2.088 Ang (1.431 Ang by residue) in 3.5028 (sec).
 3-Body  A20-ASP 23,  A22-GLU 41,  A35-LYS 0 :      -0.00002275 at      2.176 Ang (1.431 Ang by residue) in 3.4237 (sec).
 3-Body  A20-ASP 23,  A22-GLU 41,  A35-LYD 1 :       0.00031525 at      2.176 Ang (1.431 Ang by residue) in 3.3019 (sec).
 3-Body  A20-ASP 23,  A22-GLU 41,  A35-LYD 2 :       0.00015347 at      2.251 Ang (1.431 Ang by residue) in 3.3115 (sec).
 3-Body  A20-ASP 23,  A22-GLU 41,  A35-LYD 3 :       0.00012344 at      2.251 Ang (1.431 Ang by residue) in 3.3968 (sec).
 3-Body  A20-ASP 23,  A22-GLU 41,  A35-LYD 4 :       0.00018213 at      2.251 Ang (1.431 Ang by residue) in 3.2932 (sec).
 3-Body  A20-ASP 23,  A22-GLU 41,  A35-LYD 5 :       0.00015521 at      2.251 Ang (1.431 Ang by residue) in 3.4672 (sec).
 3-Body  A20-ASP 23,  A22-GLU 41,  A35-LYD 6 :       0.00017690 at      2.251 Ang (1.431 Ang by residue) in 3.2279 (sec).
 3-Body  A20-ASP 23,  A22-GLU 41,  A35-LYD 20:       0.00035792 at      2.122 Ang (1.431 Ang by residue) in 3.2579 (sec).
 3-Body  A20-ASP 23,  A22-GLU 41,  A35-LYD 21:       0.00044715 at      2.120 Ang (1.431 Ang by residue) in 3.2374 (sec).
 3-Body  A20-ASP 23,  A22-GLU 41,  A35-LYD 23:       0.00041735 at      2.133 Ang (1.431 Ang by residue) in 3.4783 (sec).
 3-Body  A20-ASP 23,  A22-GLU 41,  A35-LYD 24:       0.00039515 at      2.133 Ang (1.431 Ang by residue) in 3.4397 (sec).
 3-Body  A20-ASP 23,  A22-GLU 41,  A35-LYS 29:      -0.00001191 at      2.251 Ang (1.431 Ang by residue) in 3.4822 (sec).
 3-Body  A20-ASP 23,  A22-GLU 41,  A35-LYS 31:       0.00003325 at      2.251 Ang (1.431 Ang by residue) in 3.4908 (sec).
 3-Body  A20-ASP 23,  A22-GLU 41,  A35-LYS 32:       0.00017557 at      2.251 Ang (1.431 Ang by residue) in 3.5303 (sec).
 3-Body  A20-ASP 23,  A22-GLU 41,  A35-LYS 33:      -0.00012399 at      2.251 Ang (1.431 Ang by residue) in 3.2784 (sec).
 3-Body  A20-ASP 23,  A22-GLU 41,  A35-LYS 46:      -0.00003933 at      2.092 Ang (1.431 Ang by residue) in 3.2864 (sec).
 3-Body  A20-ASP 23,  A22-GLU 41,  A35-LYS 47:       0.00090716 at      2.122 Ang (1.431 Ang by residue) in 3.2939 (sec).
 3-Body  A20-ASP 23,  A22-GLU 41,  A35-LYS 48:       0.00022326 at      2.120 Ang (1.431 Ang by residue) in 3.1273 (sec).
 3-Body  A20-ASP 23,  A22-GLU 41,  A35-LYS 49:       0.00297870 at      2.015 Ang (1.431 Ang by residue) in 3.3067 (sec).
 3-Body  A20-ASP 23,  A22-GLU 41,  A35-LYS 50:       0.00023306 at      2.133 Ang (1.431 Ang by residue) in 3.4054 (sec).
 3-Body  A20-ASP 23,  A22-GLU 41,  A35-LYS 51:       0.00052273 at      2.133 Ang (1.431 Ang by residue) in 3.3499 (sec).
 3-Body  A20-ASP 25,  A22-GLU 0 ,  A35-LYS 0 :      -0.00010136 at      2.325 Ang (1.431 Ang by residue) in 3.2382 (sec).
 3-Body  A20-ASP 25,  A22-GLU 0 ,  A35-LYD 1 :      -0.00000604 at      2.325 Ang (1.431 Ang by residue) in 3.2054 (sec).
 3-Body  A20-ASP 25,  A22-GLU 0 ,  A35-LYD 2 :      -0.00001727 at      2.379 Ang (1.431 Ang by residue) in 3.2838 (sec).
 3-Body  A20-ASP 25,  A22-GLU 0 ,  A35-LYD 3 :      -0.00001541 at      2.379 Ang (1.431 Ang by residue) in 3.4076 (sec).
 3-Body  A20-ASP 25,  A22-GLU 0 ,  A35-LYD 4 :      -0.00000710 at      2.379 Ang (1.431 Ang by residue) in 3.2990 (sec).
 3-Body  A20-ASP 25,  A22-GLU 0 ,  A35-LYD 5 :      -0.00002076 at      2.379 Ang (1.431 Ang by residue) in 3.3072 (sec).
 3-Body  A20-ASP 25,  A22-GLU 0 ,  A35-LYD 6 :      -0.00001993 at      2.379 Ang (1.431 Ang by residue) in 3.2676 (sec).
 3-Body  A20-ASP 25,  A22-GLU 0 ,  A35-LYD 20:      -0.00001267 at      2.261 Ang (1.431 Ang by residue) in 3.3285 (sec).
 3-Body  A20-ASP 25,  A22-GLU 0 ,  A35-LYD 21:      -0.00001004 at      2.260 Ang (1.431 Ang by residue) in 3.4892 (sec).
 3-Body  A20-ASP 25,  A22-GLU 0 ,  A35-LYD 23:       0.00001286 at      2.283 Ang (1.431 Ang by residue) in 3.3777 (sec).
 3-Body  A20-ASP 25,  A22-GLU 0 ,  A35-LYD 24:      -0.00001196 at      2.283 Ang (1.431 Ang by residue) in 3.3982 (sec).
 3-Body  A20-ASP 25,  A22-GLU 0 ,  A35-LYS 29:      -0.00008769 at      2.379 Ang (1.431 Ang by residue) in 3.2293 (sec).
 3-Body  A20-ASP 25,  A22-GLU 0 ,  A35-LYS 31:      -0.00008976 at      2.379 Ang (1.431 Ang by residue) in 3.3956 (sec).
 3-Body  A20-ASP 25,  A22-GLU 0 ,  A35-LYS 32:      -0.00006407 at      2.379 Ang (1.431 Ang by residue) in 3.3683 (sec).
 3-Body  A20-ASP 25,  A22-GLU 0 ,  A35-LYS 33:      -0.00015670 at      2.379 Ang (1.431 Ang by residue) in 3.3421 (sec).
 3-Body  A20-ASP 25,  A22-GLU 0 ,  A35-LYS 46:      -0.00029486 at      2.261 Ang (1.431 Ang by residue) in 3.4708 (sec).
 3-Body  A20-ASP 25,  A22-GLU 0 ,  A35-LYS 47:      -0.00000223 at      2.261 Ang (1.431 Ang by residue) in 3.3465 (sec).
 3-Body  A20-ASP 25,  A22-GLU 0 ,  A35-LYS 48:      -0.00011306 at      2.260 Ang (1.431 Ang by residue) in 3.3221 (sec).
 3-Body  A20-ASP 25,  A22-GLU 0 ,  A35-LYS 49:      -0.00043672 at      2.163 Ang (1.431 Ang by residue) in 3.3612 (sec).
 3-Body  A20-ASP 25,  A22-GLU 0 ,  A35-LYS 50:      -0.00006940 at      2.283 Ang (1.431 Ang by residue) in 3.3031 (sec).
 3-Body  A20-ASP 25,  A22-GLU 0 ,  A35-LYS 51:      -0.00001898 at      2.283 Ang (1.431 Ang by residue) in 3.3026 (sec).
 3-Body  A20-ASP 25,  A22-GLU 36,  A35-LYS 0 :      -0.00000838 at      2.271 Ang (1.431 Ang by residue) in 3.3156 (sec).
 3-Body  A20-ASP 25,  A22-GLU 36,  A35-LYD 1 :      -0.00001706 at      2.271 Ang (1.431 Ang by residue) in 3.2735 (sec).
 3-Body  A20-ASP 25,  A22-GLU 36,  A35-LYD 2 :      -0.00002389 at      2.349 Ang (1.431 Ang by residue) in 3.6440 (sec).
 3-Body  A20-ASP 25,  A22-GLU 36,  A35-LYD 3 :      -0.00002236 at      2.349 Ang (1.431 Ang by residue) in 3.3380 (sec).
 3-Body  A20-ASP 25,  A22-GLU 36,  A35-LYD 4 :      -0.00001990 at      2.349 Ang (1.431 Ang by residue) in 3.1805 (sec).
 3-Body  A20-ASP 25,  A22-GLU 36,  A35-LYD 5 :      -0.00002786 at      2.349 Ang (1.431 Ang by residue) in 3.1953 (sec).
 3-Body  A20-ASP 25,  A22-GLU 36,  A35-LYD 6 :      -0.00003181 at      2.349 Ang (1.431 Ang by residue) in 3.3928 (sec).
 3-Body  A20-ASP 25,  A22-GLU 36,  A35-LYD 20:      -0.00001028 at      2.225 Ang (1.431 Ang by residue) in 3.4005 (sec).
 3-Body  A20-ASP 25,  A22-GLU 36,  A35-LYD 21:      -0.00000637 at      2.223 Ang (1.431 Ang by residue) in 3.2095 (sec).
 3-Body  A20-ASP 25,  A22-GLU 36,  A35-LYD 23:      -0.00000358 at      2.249 Ang (1.431 Ang by residue) in 3.3224 (sec).
 3-Body  A20-ASP 25,  A22-GLU 36,  A35-LYD 24:      -0.00001761 at      2.249 Ang (1.431 Ang by residue) in 3.2390 (sec).
 3-Body  A20-ASP 25,  A22-GLU 36,  A35-LYS 29:      -0.00003616 at      2.349 Ang (1.431 Ang by residue) in 3.3401 (sec).
 3-Body  A20-ASP 25,  A22-GLU 36,  A35-LYS 31:      -0.00004790 at      2.349 Ang (1.431 Ang by residue) in 3.3581 (sec).
 3-Body  A20-ASP 25,  A22-GLU 36,  A35-LYS 32:      -0.00003888 at      2.349 Ang (1.431 Ang by residue) in 3.2326 (sec).
 3-Body  A20-ASP 25,  A22-GLU 36,  A35-LYS 33:      -0.00008388 at      2.349 Ang (1.431 Ang by residue) in 3.3515 (sec).
 3-Body  A20-ASP 25,  A22-GLU 36,  A35-LYS 46:      -0.00010543 at      2.168 Ang (1.431 Ang by residue) in 3.4217 (sec).
 3-Body  A20-ASP 25,  A22-GLU 36,  A35-LYS 47:       0.00004705 at      2.225 Ang (1.431 Ang by residue) in 3.3383 (sec).
 3-Body  A20-ASP 25,  A22-GLU 36,  A35-LYS 48:       0.00000628 at      2.223 Ang (1.431 Ang by residue) in 3.4569 (sec).
 3-Body  A20-ASP 25,  A22-GLU 36,  A35-LYS 49:       0.00010117 at      2.101 Ang (1.431 Ang by residue) in 3.1586 (sec).
 3-Body  A20-ASP 25,  A22-GLU 36,  A35-LYS 50:      -0.00001484 at      2.249 Ang (1.431 Ang by residue) in 3.2564 (sec).
 3-Body  A20-ASP 25,  A22-GLU 36,  A35-LYS 51:       0.00000435 at      2.249 Ang (1.431 Ang by residue) in 3.3797 (sec).
 3-Body  A20-ASP 25,  A22-GLU 39,  A35-LYS 0 :       0.00081413 at      2.291 Ang (1.431 Ang by residue) in 3.3095 (sec).
 3-Body  A20-ASP 25,  A22-GLU 39,  A35-LYD 1 :      -0.00005895 at      2.291 Ang (1.431 Ang by residue) in 3.3158 (sec).
 3-Body  A20-ASP 25,  A22-GLU 39,  A35-LYD 2 :      -0.00002377 at      2.346 Ang (1.431 Ang by residue) in 3.4373 (sec).
 3-Body  A20-ASP 25,  A22-GLU 39,  A35-LYD 3 :      -0.00004460 at      2.346 Ang (1.431 Ang by residue) in 3.2824 (sec).
 3-Body  A20-ASP 25,  A22-GLU 39,  A35-LYD 4 :      -0.00002151 at      2.346 Ang (1.431 Ang by residue) in 3.4681 (sec).
 3-Body  A20-ASP 25,  A22-GLU 39,  A35-LYD 5 :      -0.00008906 at      2.346 Ang (1.431 Ang by residue) in 3.2764 (sec).
 3-Body  A20-ASP 25,  A22-GLU 39,  A35-LYD 6 :      -0.00009618 at      2.346 Ang (1.431 Ang by residue) in 3.3448 (sec).
 3-Body  A20-ASP 25,  A22-GLU 39,  A35-LYD 20:      -0.00017580 at      2.245 Ang (1.431 Ang by residue) in 3.2828 (sec).
 3-Body  A20-ASP 25,  A22-GLU 39,  A35-LYD 21:      -0.00004591 at      2.244 Ang (1.431 Ang by residue) in 3.2946 (sec).
 3-Body  A20-ASP 25,  A22-GLU 39,  A35-LYD 23:      -0.00008338 at      2.245 Ang (1.431 Ang by residue) in 3.2223 (sec).
 3-Body  A20-ASP 25,  A22-GLU 39,  A35-LYD 24:      -0.00024191 at      2.245 Ang (1.431 Ang by residue) in 3.2789 (sec).
 3-Body  A20-ASP 25,  A22-GLU 39,  A35-LYS 29:       0.00037154 at      2.346 Ang (1.431 Ang by residue) in 3.5090 (sec).
 3-Body  A20-ASP 25,  A22-GLU 39,  A35-LYS 31:       0.00016924 at      2.346 Ang (1.431 Ang by residue) in 3.3953 (sec).
 3-Body  A20-ASP 25,  A22-GLU 39,  A35-LYS 32:       0.00025126 at      2.346 Ang (1.431 Ang by residue) in 3.2061 (sec).
 3-Body  A20-ASP 25,  A22-GLU 39,  A35-LYS 33:       0.00001206 at      2.346 Ang (1.431 Ang by residue) in 3.3464 (sec).
 3-Body  A20-ASP 25,  A22-GLU 39,  A35-LYS 46:       0.00008573 at      2.207 Ang (1.431 Ang by residue) in 3.2652 (sec).
 3-Body  A20-ASP 25,  A22-GLU 39,  A35-LYS 47:       0.00147502 at      2.245 Ang (1.431 Ang by residue) in 3.3602 (sec).
 3-Body  A20-ASP 25,  A22-GLU 39,  A35-LYS 48:       0.00090667 at      2.244 Ang (1.431 Ang by residue) in 3.4314 (sec).
 3-Body  A20-ASP 25,  A22-GLU 39,  A35-LYS 49:       0.00319494 at      2.135 Ang (1.431 Ang by residue) in 3.3099 (sec).
 3-Body  A20-ASP 25,  A22-GLU 39,  A35-LYS 50:       0.00036743 at      2.245 Ang (1.431 Ang by residue) in 3.3376 (sec).
 3-Body  A20-ASP 25,  A22-GLU 39,  A35-LYS 51:       0.00063108 at      2.245 Ang (1.431 Ang by residue) in 3.2249 (sec).
 3-Body  A20-ASP 25,  A22-GLU 40,  A35-LYS 0 :      -0.00032858 at      2.237 Ang (1.431 Ang by residue) in 3.4188 (sec).
 3-Body  A20-ASP 25,  A22-GLU 40,  A35-LYD 1 :      -0.00027274 at      2.237 Ang (1.431 Ang by residue) in 3.5662 (sec).
 3-Body  A20-ASP 25,  A22-GLU 40,  A35-LYD 2 :      -0.00010284 at      2.370 Ang (1.431 Ang by residue) in 3.2353 (sec).
 3-Body  A20-ASP 25,  A22-GLU 40,  A35-LYD 3 :      -0.00008397 at      2.370 Ang (1.431 Ang by residue) in 3.3766 (sec).
 3-Body  A20-ASP 25,  A22-GLU 40,  A35-LYD 4 :      -0.00007689 at      2.370 Ang (1.431 Ang by residue) in 3.3095 (sec).
 3-Body  A20-ASP 25,  A22-GLU 40,  A35-LYD 5 :      -0.00008814 at      2.370 Ang (1.431 Ang by residue) in 3.3148 (sec).
 3-Body  A20-ASP 25,  A22-GLU 40,  A35-LYD 6 :      -0.00009678 at      2.370 Ang (1.431 Ang by residue) in 3.3271 (sec).
 3-Body  A20-ASP 25,  A22-GLU 40,  A35-LYD 20:      -0.00039311 at      2.169 Ang (1.431 Ang by residue) in 3.4711 (sec).
 3-Body  A20-ASP 25,  A22-GLU 40,  A35-LYD 21:      -0.00040290 at      2.167 Ang (1.431 Ang by residue) in 3.2876 (sec).
 3-Body  A20-ASP 25,  A22-GLU 40,  A35-LYD 23:      -0.00023876 at      2.249 Ang (1.431 Ang by residue) in 3.2019 (sec).
 3-Body  A20-ASP 25,  A22-GLU 40,  A35-LYD 24:      -0.00025978 at      2.249 Ang (1.431 Ang by residue) in 3.2198 (sec).
 3-Body  A20-ASP 25,  A22-GLU 40,  A35-LYS 29:      -0.00017882 at      2.370 Ang (1.431 Ang by residue) in 3.1752 (sec).
 3-Body  A20-ASP 25,  A22-GLU 40,  A35-LYS 31:      -0.00015810 at      2.370 Ang (1.431 Ang by residue) in 3.4073 (sec).
 3-Body  A20-ASP 25,  A22-GLU 40,  A35-LYS 32:      -0.00013472 at      2.370 Ang (1.431 Ang by residue) in 3.2621 (sec).
 3-Body  A20-ASP 25,  A22-GLU 40,  A35-LYS 33:      -0.00023108 at      2.370 Ang (1.431 Ang by residue) in 3.3159 (sec).
 3-Body  A20-ASP 25,  A22-GLU 40,  A35-LYS 46:      -0.00065456 at      2.191 Ang (1.431 Ang by residue) in 3.4089 (sec).
 3-Body  A20-ASP 25,  A22-GLU 40,  A35-LYS 47:      -0.00034562 at      2.169 Ang (1.431 Ang by residue) in 3.1738 (sec).
 3-Body  A20-ASP 25,  A22-GLU 40,  A35-LYS 48:      -0.00045350 at      2.167 Ang (1.431 Ang by residue) in 3.4802 (sec).
 3-Body  A20-ASP 25,  A22-GLU 40,  A35-LYS 49:      -0.00104823 at      2.068 Ang (1.431 Ang by residue) in 3.4196 (sec).
 3-Body  A20-ASP 25,  A22-GLU 40,  A35-LYS 50:      -0.00032496 at      2.249 Ang (1.431 Ang by residue) in 3.2945 (sec).
 3-Body  A20-ASP 25,  A22-GLU 40,  A35-LYS 51:      -0.00027679 at      2.249 Ang (1.431 Ang by residue) in 3.4637 (sec).
 3-Body  A20-ASP 25,  A22-GLU 41,  A35-LYS 0 :      -0.00003159 at      2.335 Ang (1.431 Ang by residue) in 3.2470 (sec).
 3-Body  A20-ASP 25,  A22-GLU 41,  A35-LYD 1 :      -0.00000105 at      2.335 Ang (1.431 Ang by residue) in 3.3372 (sec).
 3-Body  A20-ASP 25,  A22-GLU 41,  A35-LYD 2 :      -0.00001456 at      2.389 Ang (1.431 Ang by residue) in 3.5467 (sec).
 3-Body  A20-ASP 25,  A22-GLU 41,  A35-LYD 3 :      -0.00001416 at      2.389 Ang (1.431 Ang by residue) in 3.3057 (sec).
 3-Body  A20-ASP 25,  A22-GLU 41,  A35-LYD 4 :      -0.00000871 at      2.389 Ang (1.431 Ang by residue) in 3.4249 (sec).
 3-Body  A20-ASP 25,  A22-GLU 41,  A35-LYD 5 :      -0.00001989 at      2.389 Ang (1.431 Ang by residue) in 3.2792 (sec).
 3-Body  A20-ASP 25,  A22-GLU 41,  A35-LYD 6 :      -0.00002031 at      2.389 Ang (1.431 Ang by residue) in 3.1917 (sec).
 3-Body  A20-ASP 25,  A22-GLU 41,  A35-LYD 20:      -0.00000335 at      2.281 Ang (1.431 Ang by residue) in 3.4598 (sec).
 3-Body  A20-ASP 25,  A22-GLU 41,  A35-LYD 21:       0.00000162 at      2.279 Ang (1.431 Ang by residue) in 3.3548 (sec).
 3-Body  A20-ASP 25,  A22-GLU 41,  A35-LYD 23:       0.00001007 at      2.291 Ang (1.431 Ang by residue) in 3.3792 (sec).
 3-Body  A20-ASP 25,  A22-GLU 41,  A35-LYD 24:      -0.00001042 at      2.291 Ang (1.431 Ang by residue) in 3.4106 (sec).
 3-Body  A20-ASP 25,  A22-GLU 41,  A35-LYS 29:      -0.00004914 at      2.389 Ang (1.431 Ang by residue) in 3.3788 (sec).
 3-Body  A20-ASP 25,  A22-GLU 41,  A35-LYS 31:      -0.00005980 at      2.389 Ang (1.431 Ang by residue) in 3.3692 (sec).
 3-Body  A20-ASP 25,  A22-GLU 41,  A35-LYS 32:      -0.00004231 at      2.389 Ang (1.431 Ang by residue) in 3.3424 (sec).
 3-Body  A20-ASP 25,  A22-GLU 41,  A35-LYS 33:      -0.00010810 at      2.389 Ang (1.431 Ang by residue) in 3.1417 (sec).
 3-Body  A20-ASP 25,  A22-GLU 41,  A35-LYS 46:      -0.00017862 at      2.253 Ang (1.431 Ang by residue) in 3.5881 (sec).
 3-Body  A20-ASP 25,  A22-GLU 41,  A35-LYS 47:       0.00004330 at      2.281 Ang (1.431 Ang by residue) in 3.2907 (sec).
 3-Body  A20-ASP 25,  A22-GLU 41,  A35-LYS 48:      -0.00003044 at      2.279 Ang (1.431 Ang by residue) in 3.3073 (sec).
 3-Body  A20-ASP 25,  A22-GLU 41,  A35-LYS 49:      -0.00014476 at      2.182 Ang (1.431 Ang by residue) in 3.3600 (sec).
 3-Body  A20-ASP 25,  A22-GLU 41,  A35-LYS 50:      -0.00002869 at      2.291 Ang (1.431 Ang by residue) in 3.5429 (sec).
 3-Body  A20-ASP 25,  A22-GLU 41,  A35-LYS 51:       0.00000609 at      2.291 Ang (1.431 Ang by residue) in 3.2852 (sec).
 3-Body  A60-LYS 0 ,  A61-ASP 0 ,  A64-GLU 0 :       0.00172509 at      1.439 Ang (0.821 Ang by residue) in 3.3008 (sec).
 3-Body  A60-LYS 0 ,  A61-ASP 0 ,  A64-GLU 36:       0.00172705 at      1.440 Ang (0.821 Ang by residue) in 3.4164 (sec).
 3-Body  A60-LYS 0 ,  A61-ASP 0 ,  A64-GLU 37:       0.00027055 at      1.440 Ang (0.821 Ang by residue) in 3.1496 (sec).
 3-Body  A60-LYS 0 ,  A61-ASP 0 ,  A64-GLU 40:       0.00279680 at      1.435 Ang (0.821 Ang by residue) in 3.2110 (sec).
 3-Body  A60-LYS 0 ,  A61-ASP 0 ,  A64-GLU 41:       0.00290572 at      1.436 Ang (0.821 Ang by residue) in 3.5040 (sec).
 3-Body  A60-LYS 0 ,  A61-ASP 0 ,  A62-GLU 0 :      -0.00037152 at      1.389 Ang (1.840 Ang by residue) in 3.2136 (sec).
 3-Body  A60-LYS 0 ,  A61-ASP 0 ,  A62-GLU 40:      -0.00092167 at      1.389 Ang (1.840 Ang by residue) in 3.4720 (sec).
 3-Body  A60-LYS 0 ,  A61-ASP 0 ,  A62-GLU 41:      -0.00342548 at      1.389 Ang (1.840 Ang by residue) in 3.3676 (sec).
 3-Body  A60-LYS 0 ,  A61-ASP 24,  A64-GLU 0 :       0.00124032 at      1.439 Ang (0.821 Ang by residue) in 3.1750 (sec).
 3-Body  A60-LYS 0 ,  A61-ASP 24,  A64-GLU 36:       0.00124082 at      1.440 Ang (0.821 Ang by residue) in 3.4058 (sec).
 3-Body  A60-LYS 0 ,  A61-ASP 24,  A64-GLU 37:       0.00147841 at      1.440 Ang (0.821 Ang by residue) in 3.1514 (sec).
 3-Body  A60-LYS 0 ,  A61-ASP 24,  A64-GLU 40:       0.00284936 at      1.435 Ang (0.821 Ang by residue) in 3.3222 (sec).
 3-Body  A60-LYS 0 ,  A61-ASP 24,  A64-GLU 41:       0.00160429 at      1.436 Ang (0.821 Ang by residue) in 3.2953 (sec).
 3-Body  A60-LYS 0 ,  A61-ASP 24,  A62-GLU 0 :       0.00157541 at      1.389 Ang (1.840 Ang by residue) in 3.3150 (sec).
 3-Body  A60-LYS 0 ,  A61-ASP 24,  A62-GLU 40:       0.00144832 at      1.389 Ang (1.840 Ang by residue) in 3.3168 (sec).
 3-Body  A60-LYS 0 ,  A61-ASP 24,  A62-GLU 41:       0.00135877 at      1.389 Ang (1.840 Ang by residue) in 3.2820 (sec).
 3-Body  A60-LYS 0 ,  A61-ASP 25,  A64-GLU 0 :       0.00130835 at      1.439 Ang (0.821 Ang by residue) in 3.3770 (sec).
 3-Body  A60-LYS 0 ,  A61-ASP 25,  A64-GLU 36:       0.00130887 at      1.440 Ang (0.821 Ang by residue) in 3.2375 (sec).
 3-Body  A60-LYS 0 ,  A61-ASP 25,  A64-GLU 37:       0.00163410 at      1.440 Ang (0.821 Ang by residue) in 3.3497 (sec).
 3-Body  A60-LYS 0 ,  A61-ASP 25,  A64-GLU 40:       0.00329383 at      1.435 Ang (0.821 Ang by residue) in 3.3452 (sec).
 3-Body  A60-LYS 0 ,  A61-ASP 25,  A64-GLU 41:       0.00182098 at      1.436 Ang (0.821 Ang by residue) in 3.4735 (sec).
 3-Body  A60-LYS 0 ,  A61-ASP 25,  A62-GLU 0 :       0.00139639 at      1.389 Ang (1.840 Ang by residue) in 3.3941 (sec).
 3-Body  A60-LYS 0 ,  A61-ASP 25,  A62-GLU 40:       0.00126232 at      1.389 Ang (1.840 Ang by residue) in 3.3409 (sec).
 3-Body  A60-LYS 0 ,  A61-ASP 25,  A62-GLU 41:       0.00101514 at      1.389 Ang (1.840 Ang by residue) in 3.3569 (sec).
 3-Body  A60-LYS 0 ,  A61-ASP 26,  A64-GLU 0 :       0.00122202 at      1.439 Ang (0.821 Ang by residue) in 3.3441 (sec).
 3-Body  A60-LYS 0 ,  A61-ASP 26,  A64-GLU 36:       0.00122407 at      1.440 Ang (0.821 Ang by residue) in 3.3697 (sec).
 3-Body  A60-LYS 0 ,  A61-ASP 26,  A64-GLU 37:      -0.00167349 at      1.440 Ang (0.821 Ang by residue) in 3.2996 (sec).
 3-Body  A60-LYS 0 ,  A61-ASP 26,  A64-GLU 40:       0.00105038 at      1.435 Ang (0.821 Ang by residue) in 3.2949 (sec).
 3-Body  A60-LYS 0 ,  A61-ASP 26,  A64-GLU 41:       0.00219370 at      1.436 Ang (0.821 Ang by residue) in 3.2298 (sec).
 3-Body  A60-LYS 0 ,  A61-ASP 26,  A62-GLU 0 :       0.00292707 at      1.389 Ang (1.840 Ang by residue) in 3.4589 (sec).
 3-Body  A60-LYS 0 ,  A61-ASP 26,  A62-GLU 40:       0.00240492 at      1.389 Ang (1.840 Ang by residue) in 3.4047 (sec).
 3-Body  A60-LYS 0 ,  A61-ASP 26,  A62-GLU 41:       0.00088349 at      1.389 Ang (1.840 Ang by residue) in 3.4011 (sec).
 3-Body  A60-LYS 0 ,  A62-GLU 0 ,  A64-GLU 0 :       0.00037725 at      1.677 Ang (2.260 Ang by residue) in 3.3121 (sec).
 3-Body  A60-LYS 0 ,  A62-GLU 0 ,  A64-GLU 36:       0.00037733 at      1.677 Ang (2.260 Ang by residue) in 3.2747 (sec).
 3-Body  A60-LYS 0 ,  A62-GLU 0 ,  A64-GLU 37:       0.00044635 at      1.677 Ang (2.260 Ang by residue) in 3.4600 (sec).
 3-Body  A60-LYS 0 ,  A62-GLU 0 ,  A64-GLU 40:       0.00093410 at      1.677 Ang (2.260 Ang by residue) in 3.2464 (sec).
 3-Body  A60-LYS 0 ,  A62-GLU 0 ,  A64-GLU 41:       0.00060744 at      1.677 Ang (2.260 Ang by residue) in 3.2664 (sec).
 3-Body  A60-LYS 0 ,  A62-GLU 40,  A64-GLU 0 :       0.00036525 at      1.677 Ang (2.260 Ang by residue) in 3.4369 (sec).
 3-Body  A60-LYS 0 ,  A62-GLU 40,  A64-GLU 36:       0.00036533 at      1.677 Ang (2.260 Ang by residue) in 3.3053 (sec).
 3-Body  A60-LYS 0 ,  A62-GLU 40,  A64-GLU 37:       0.00042562 at      1.677 Ang (2.260 Ang by residue) in 3.3115 (sec).
 3-Body  A60-LYS 0 ,  A62-GLU 40,  A64-GLU 40:       0.00089868 at      1.677 Ang (2.260 Ang by residue) in 3.2817 (sec).
 3-Body  A60-LYS 0 ,  A62-GLU 40,  A64-GLU 41:       0.00058545 at      1.677 Ang (2.260 Ang by residue) in 3.4004 (sec).
 3-Body  A60-LYS 0 ,  A62-GLU 41,  A64-GLU 0 :       0.00034440 at      1.677 Ang (2.260 Ang by residue) in 3.4018 (sec).
 3-Body  A60-LYS 0 ,  A62-GLU 41,  A64-GLU 36:       0.00034450 at      1.677 Ang (2.260 Ang by residue) in 3.4700 (sec).
 3-Body  A60-LYS 0 ,  A62-GLU 41,  A64-GLU 37:       0.00038171 at      1.677 Ang (2.260 Ang by residue) in 3.4052 (sec).
 3-Body  A60-LYS 0 ,  A62-GLU 41,  A64-GLU 40:       0.00086184 at      1.677 Ang (2.260 Ang by residue) in 3.3623 (sec).
 3-Body  A60-LYS 0 ,  A62-GLU 41,  A64-GLU 41:       0.00054964 at      1.677 Ang (2.260 Ang by residue) in 3.3591 (sec).
 3-Body  A60-LYD 1 ,  A61-ASP 0 ,  A64-GLU 0 :       0.00046229 at      1.439 Ang (0.821 Ang by residue) in 3.3464 (sec).
 3-Body  A60-LYD 1 ,  A61-ASP 0 ,  A64-GLU 36:       0.00046403 at      1.440 Ang (0.821 Ang by residue) in 3.5370 (sec).
 3-Body  A60-LYD 1 ,  A61-ASP 0 ,  A64-GLU 37:      -0.00304869 at      1.440 Ang (0.821 Ang by residue) in 3.5576 (sec).
 3-Body  A60-LYD 1 ,  A61-ASP 0 ,  A64-GLU 40:      -0.00416679 at      1.435 Ang (0.821 Ang by residue) in 3.2793 (sec).
 3-Body  A60-LYD 1 ,  A61-ASP 0 ,  A64-GLU 41:       0.00070537 at      1.436 Ang (0.821 Ang by residue) in 3.2246 (sec).
 3-Body  A60-LYD 1 ,  A61-ASP 0 ,  A62-GLU 0 :       0.00120410 at      1.389 Ang (1.840 Ang by residue) in 3.5609 (sec).
 3-Body  A60-LYD 1 ,  A61-ASP 0 ,  A62-GLU 40:       0.00106183 at      1.389 Ang (1.840 Ang by residue) in 3.4049 (sec).
 3-Body  A60-LYD 1 ,  A61-ASP 0 ,  A62-GLU 41:       0.00082248 at      1.389 Ang (1.840 Ang by residue) in 3.4556 (sec).
 3-Body  A60-LYD 1 ,  A61-ASP 24,  A64-GLU 0 :       0.00073001 at      1.439 Ang (0.821 Ang by residue) in 3.2365 (sec).
 3-Body  A60-LYD 1 ,  A61-ASP 24,  A64-GLU 36:       0.00073065 at      1.440 Ang (0.821 Ang by residue) in 3.1972 (sec).
 3-Body  A60-LYD 1 ,  A61-ASP 24,  A64-GLU 37:       0.00031783 at      1.440 Ang (0.821 Ang by residue) in 3.5938 (sec).
 3-Body  A60-LYD 1 ,  A61-ASP 24,  A64-GLU 40:       0.00109497 at      1.435 Ang (0.821 Ang by residue) in 3.1867 (sec).
 3-Body  A60-LYD 1 ,  A61-ASP 24,  A64-GLU 41:       0.00094261 at      1.436 Ang (0.821 Ang by residue) in 3.3148 (sec).
 3-Body  A60-LYD 1 ,  A61-ASP 24,  A62-GLU 0 :       0.00116713 at      1.389 Ang (1.840 Ang by residue) in 3.2787 (sec).
 3-Body  A60-LYD 1 ,  A61-ASP 24,  A62-GLU 40:       0.00115607 at      1.389 Ang (1.840 Ang by residue) in 3.2101 (sec).
 3-Body  A60-LYD 1 ,  A61-ASP 24,  A62-GLU 41:       0.00119038 at      1.389 Ang (1.840 Ang by residue) in 3.2515 (sec).
 3-Body  A60-LYD 1 ,  A61-ASP 25,  A64-GLU 0 :       0.00080824 at      1.439 Ang (0.821 Ang by residue) in 3.4370 (sec).
 3-Body  A60-LYD 1 ,  A61-ASP 25,  A64-GLU 36:       0.00080885 at      1.440 Ang (0.821 Ang by residue) in 3.3087 (sec).
 3-Body  A60-LYD 1 ,  A61-ASP 25,  A64-GLU 37:       0.00043934 at      1.440 Ang (0.821 Ang by residue) in 3.4154 (sec).
 3-Body  A60-LYD 1 ,  A61-ASP 25,  A64-GLU 40:       0.00144126 at      1.435 Ang (0.821 Ang by residue) in 3.2193 (sec).
 3-Body  A60-LYD 1 ,  A61-ASP 25,  A64-GLU 41:       0.00114569 at      1.436 Ang (0.821 Ang by residue) in 3.2661 (sec).
 3-Body  A60-LYD 1 ,  A61-ASP 25,  A62-GLU 0 :       0.00114182 at      1.389 Ang (1.840 Ang by residue) in 3.2632 (sec).
 3-Body  A60-LYD 1 ,  A61-ASP 25,  A62-GLU 40:       0.00113773 at      1.389 Ang (1.840 Ang by residue) in 3.2292 (sec).
 3-Body  A60-LYD 1 ,  A61-ASP 25,  A62-GLU 41:       0.00115118 at      1.389 Ang (1.840 Ang by residue) in 3.1885 (sec).
 3-Body  A60-LYD 1 ,  A61-ASP 26,  A64-GLU 0 :       0.00056692 at      1.439 Ang (0.821 Ang by residue) in 3.4176 (sec).
 3-Body  A60-LYD 1 ,  A61-ASP 26,  A64-GLU 36:       0.00056855 at      1.440 Ang (0.821 Ang by residue) in 3.3975 (sec).
 3-Body  A60-LYD 1 ,  A61-ASP 26,  A64-GLU 37:      -0.00133834 at      1.440 Ang (0.821 Ang by residue) in 3.5161 (sec).
 3-Body  A60-LYD 1 ,  A61-ASP 26,  A64-GLU 40:      -0.00113021 at      1.435 Ang (0.821 Ang by residue) in 3.4030 (sec).
 3-Body  A60-LYD 1 ,  A61-ASP 26,  A64-GLU 41:       0.00064314 at      1.436 Ang (0.821 Ang by residue) in 3.2757 (sec).
 3-Body  A60-LYD 1 ,  A61-ASP 26,  A62-GLU 0 :       0.00217397 at      1.389 Ang (1.840 Ang by residue) in 3.4898 (sec).
 3-Body  A60-LYD 1 ,  A61-ASP 26,  A62-GLU 40:       0.00200311 at      1.389 Ang (1.840 Ang by residue) in 3.3080 (sec).
 3-Body  A60-LYD 1 ,  A61-ASP 26,  A62-GLU 41:       0.00206139 at      1.389 Ang (1.840 Ang by residue) in 3.4707 (sec).
 3-Body  A60-LYD 1 ,  A62-GLU 0 ,  A64-GLU 0 :       0.00029904 at      1.677 Ang (2.260 Ang by residue) in 3.3982 (sec).
 3-Body  A60-LYD 1 ,  A62-GLU 0 ,  A64-GLU 36:       0.00029914 at      1.677 Ang (2.260 Ang by residue) in 3.1458 (sec).
 3-Body  A60-LYD 1 ,  A62-GLU 0 ,  A64-GLU 37:       0.00032618 at      1.677 Ang (2.260 Ang by residue) in 3.3848 (sec).
 3-Body  A60-LYD 1 ,  A62-GLU 0 ,  A64-GLU 40:       0.00073381 at      1.677 Ang (2.260 Ang by residue) in 3.2031 (sec).
 3-Body  A60-LYD 1 ,  A62-GLU 0 ,  A64-GLU 41:       0.00049164 at      1.677 Ang (2.260 Ang by residue) in 3.2603 (sec).
 3-Body  A60-LYD 1 ,  A62-GLU 40,  A64-GLU 0 :       0.00028941 at      1.677 Ang (2.260 Ang by residue) in 3.5266 (sec).
 3-Body  A60-LYD 1 ,  A62-GLU 40,  A64-GLU 36:       0.00028951 at      1.677 Ang (2.260 Ang by residue) in 3.5171 (sec).
 3-Body  A60-LYD 1 ,  A62-GLU 40,  A64-GLU 37:       0.00030922 at      1.677 Ang (2.260 Ang by residue) in 3.4679 (sec).
 3-Body  A60-LYD 1 ,  A62-GLU 40,  A64-GLU 40:       0.00070430 at      1.677 Ang (2.260 Ang by residue) in 3.3850 (sec).
 3-Body  A60-LYD 1 ,  A62-GLU 40,  A64-GLU 41:       0.00047334 at      1.677 Ang (2.260 Ang by residue) in 3.4157 (sec).
 3-Body  A60-LYD 1 ,  A62-GLU 41,  A64-GLU 0 :       0.00027338 at      1.677 Ang (2.260 Ang by residue) in 3.2631 (sec).
 3-Body  A60-LYD 1 ,  A62-GLU 41,  A64-GLU 36:       0.00027349 at      1.677 Ang (2.260 Ang by residue) in 3.5406 (sec).
 3-Body  A60-LYD 1 ,  A62-GLU 41,  A64-GLU 37:       0.00027236 at      1.677 Ang (2.260 Ang by residue) in 3.3630 (sec).
 3-Body  A60-LYD 1 ,  A62-GLU 41,  A64-GLU 40:       0.00067632 at      1.677 Ang (2.260 Ang by residue) in 3.4699 (sec).
 3-Body  A60-LYD 1 ,  A62-GLU 41,  A64-GLU 41:       0.00044460 at      1.677 Ang (2.260 Ang by residue) in 3.4347 (sec).
 3-Body  A60-LYD 2 ,  A61-ASP 0 ,  A64-GLU 0 :       0.00088162 at      1.439 Ang (0.821 Ang by residue) in 3.3533 (sec).
 3-Body  A60-LYD 2 ,  A61-ASP 0 ,  A64-GLU 36:       0.00088304 at      1.440 Ang (0.821 Ang by residue) in 3.4611 (sec).
 3-Body  A60-LYD 2 ,  A61-ASP 0 ,  A64-GLU 37:      -0.00117081 at      1.440 Ang (0.821 Ang by residue) in 3.3675 (sec).
 3-Body  A60-LYD 2 ,  A61-ASP 0 ,  A64-GLU 40:      -0.00071351 at      1.435 Ang (0.821 Ang by residue) in 3.3202 (sec).
 3-Body  A60-LYD 2 ,  A61-ASP 0 ,  A64-GLU 41:       0.00132699 at      1.436 Ang (0.821 Ang by residue) in 3.4073 (sec).
 3-Body  A60-LYD 2 ,  A61-ASP 0 ,  A62-GLU 0 :       0.00149388 at      1.389 Ang (1.840 Ang by residue) in 3.3104 (sec).
 3-Body  A60-LYD 2 ,  A61-ASP 0 ,  A62-GLU 40:       0.00133290 at      1.389 Ang (1.840 Ang by residue) in 3.3771 (sec).
 3-Body  A60-LYD 2 ,  A61-ASP 0 ,  A62-GLU 41:       0.00071598 at      1.389 Ang (1.840 Ang by residue) in 3.3328 (sec).
 3-Body  A60-LYD 2 ,  A61-ASP 24,  A64-GLU 0 :       0.00075661 at      1.439 Ang (0.821 Ang by residue) in 3.3141 (sec).
 3-Body  A60-LYD 2 ,  A61-ASP 24,  A64-GLU 36:       0.00075719 at      1.440 Ang (0.821 Ang by residue) in 3.2936 (sec).
 3-Body  A60-LYD 2 ,  A61-ASP 24,  A64-GLU 37:       0.00049103 at      1.440 Ang (0.821 Ang by residue) in 3.3660 (sec).
 3-Body  A60-LYD 2 ,  A61-ASP 24,  A64-GLU 40:       0.00130762 at      1.435 Ang (0.821 Ang by residue) in 3.4339 (sec).
 3-Body  A60-LYD 2 ,  A61-ASP 24,  A64-GLU 41:       0.00097778 at      1.436 Ang (0.821 Ang by residue) in 3.4617 (sec).
 3-Body  A60-LYD 2 ,  A61-ASP 24,  A62-GLU 0 :       0.00119434 at      1.389 Ang (1.840 Ang by residue) in 3.4971 (sec).
 3-Body  A60-LYD 2 ,  A61-ASP 24,  A62-GLU 40:       0.00115873 at      1.389 Ang (1.840 Ang by residue) in 3.2290 (sec).
 3-Body  A60-LYD 2 ,  A61-ASP 24,  A62-GLU 41:       0.00116590 at      1.389 Ang (1.840 Ang by residue) in 3.4947 (sec).
 3-Body  A60-LYD 2 ,  A61-ASP 25,  A64-GLU 0 :       0.00083598 at      1.439 Ang (0.821 Ang by residue) in 3.2514 (sec).
 3-Body  A60-LYD 2 ,  A61-ASP 25,  A64-GLU 36:       0.00083654 at      1.440 Ang (0.821 Ang by residue) in 3.1766 (sec).
 3-Body  A60-LYD 2 ,  A61-ASP 25,  A64-GLU 37:       0.00062406 at      1.440 Ang (0.821 Ang by residue) in 3.3610 (sec).
 3-Body  A60-LYD 2 ,  A61-ASP 25,  A64-GLU 40:       0.00166422 at      1.435 Ang (0.821 Ang by residue) in 3.3972 (sec).
 3-Body  A60-LYD 2 ,  A61-ASP 25,  A64-GLU 41:       0.00118344 at      1.436 Ang (0.821 Ang by residue) in 3.2275 (sec).
 3-Body  A60-LYD 2 ,  A61-ASP 25,  A62-GLU 0 :       0.00114800 at      1.389 Ang (1.840 Ang by residue) in 3.3508 (sec).
 3-Body  A60-LYD 2 ,  A61-ASP 25,  A62-GLU 40:       0.00111582 at      1.389 Ang (1.840 Ang by residue) in 3.5922 (sec).
 3-Body  A60-LYD 2 ,  A61-ASP 25,  A62-GLU 41:       0.00107099 at      1.389 Ang (1.840 Ang by residue) in 3.3353 (sec).
 3-Body  A60-LYD 2 ,  A61-ASP 26,  A64-GLU 0 :       0.00087148 at      1.439 Ang (0.821 Ang by residue) in 3.4041 (sec).
 3-Body  A60-LYD 2 ,  A61-ASP 26,  A64-GLU 36:       0.00087289 at      1.440 Ang (0.821 Ang by residue) in 3.3983 (sec).
 3-Body  A60-LYD 2 ,  A61-ASP 26,  A64-GLU 37:      -0.00076734 at      1.440 Ang (0.821 Ang by residue) in 3.3393 (sec).
 3-Body  A60-LYD 2 ,  A61-ASP 26,  A64-GLU 40:      -0.00017353 at      1.435 Ang (0.821 Ang by residue) in 3.4091 (sec).
 3-Body  A60-LYD 2 ,  A61-ASP 26,  A64-GLU 41:       0.00109665 at      1.436 Ang (0.821 Ang by residue) in 3.3930 (sec).
 3-Body  A60-LYD 2 ,  A61-ASP 26,  A62-GLU 0 :       0.00195402 at      1.389 Ang (1.840 Ang by residue) in 3.2522 (sec).
 3-Body  A60-LYD 2 ,  A61-ASP 26,  A62-GLU 40:       0.00181722 at      1.389 Ang (1.840 Ang by residue) in 3.3655 (sec).
 3-Body  A60-LYD 2 ,  A61-ASP 26,  A62-GLU 41:       0.00156618 at      1.389 Ang (1.840 Ang by residue) in 3.3826 (sec).
 3-Body  A60-LYD 2 ,  A62-GLU 0 ,  A64-GLU 0 :       0.00029815 at      1.677 Ang (2.260 Ang by residue) in 3.2569 (sec).
 3-Body  A60-LYD 2 ,  A62-GLU 0 ,  A64-GLU 36:       0.00029824 at      1.677 Ang (2.260 Ang by residue) in 3.4481 (sec).
 3-Body  A60-LYD 2 ,  A62-GLU 0 ,  A64-GLU 37:       0.00032313 at      1.677 Ang (2.260 Ang by residue) in 3.4584 (sec).
 3-Body  A60-LYD 2 ,  A62-GLU 0 ,  A64-GLU 40:       0.00072479 at      1.677 Ang (2.260 Ang by residue) in 3.3138 (sec).
 3-Body  A60-LYD 2 ,  A62-GLU 0 ,  A64-GLU 41:       0.00049332 at      1.677 Ang (2.260 Ang by residue) in 3.3331 (sec).
 3-Body  A60-LYD 2 ,  A62-GLU 40,  A64-GLU 0 :       0.00028878 at      1.677 Ang (2.260 Ang by residue) in 3.3293 (sec).
 3-Body  A60-LYD 2 ,  A62-GLU 40,  A64-GLU 36:       0.00028887 at      1.677 Ang (2.260 Ang by residue) in 3.4889 (sec).
 3-Body  A60-LYD 2 ,  A62-GLU 40,  A64-GLU 37:       0.00030734 at      1.677 Ang (2.260 Ang by residue) in 3.1967 (sec).
 3-Body  A60-LYD 2 ,  A62-GLU 40,  A64-GLU 40:       0.00069656 at      1.677 Ang (2.260 Ang by residue) in 3.3656 (sec).
 3-Body  A60-LYD 2 ,  A62-GLU 40,  A64-GLU 41:       0.00047512 at      1.677 Ang (2.260 Ang by residue) in 3.4033 (sec).
 3-Body  A60-LYD 2 ,  A62-GLU 41,  A64-GLU 0 :       0.00027282 at      1.677 Ang (2.260 Ang by residue) in 3.1748 (sec).
 3-Body  A60-LYD 2 ,  A62-GLU 41,  A64-GLU 36:       0.00027292 at      1.677 Ang (2.260 Ang by residue) in 3.4884 (sec).
 3-Body  A60-LYD 2 ,  A62-GLU 41,  A64-GLU 37:       0.00027610 at      1.677 Ang (2.260 Ang by residue) in 3.5996 (sec).
 3-Body  A60-LYD 2 ,  A62-GLU 41,  A64-GLU 40:       0.00067148 at      1.677 Ang (2.260 Ang by residue) in 3.2313 (sec).
 3-Body  A60-LYD 2 ,  A62-GLU 41,  A64-GLU 41:       0.00044522 at      1.677 Ang (2.260 Ang by residue) in 3.5063 (sec).
 3-Body  A60-LYD 3 ,  A61-ASP 0 ,  A64-GLU 0 :       0.00046173 at      1.439 Ang (0.821 Ang by residue) in 3.3237 (sec).
 3-Body  A60-LYD 3 ,  A61-ASP 0 ,  A64-GLU 36:       0.00046347 at      1.440 Ang (0.821 Ang by residue) in 3.2897 (sec).
 3-Body  A60-LYD 3 ,  A61-ASP 0 ,  A64-GLU 37:      -0.00304985 at      1.440 Ang (0.821 Ang by residue) in 3.4221 (sec).
 3-Body  A60-LYD 3 ,  A61-ASP 0 ,  A64-GLU 40:      -0.00417012 at      1.435 Ang (0.821 Ang by residue) in 3.3179 (sec).
 3-Body  A60-LYD 3 ,  A61-ASP 0 ,  A64-GLU 41:       0.00070436 at      1.436 Ang (0.821 Ang by residue) in 3.3395 (sec).
 3-Body  A60-LYD 3 ,  A61-ASP 0 ,  A62-GLU 0 :       0.00120341 at      1.389 Ang (1.840 Ang by residue) in 3.2403 (sec).
 3-Body  A60-LYD 3 ,  A61-ASP 0 ,  A62-GLU 40:       0.00106122 at      1.389 Ang (1.840 Ang by residue) in 3.2880 (sec).
 3-Body  A60-LYD 3 ,  A61-ASP 0 ,  A62-GLU 41:       0.00082243 at      1.389 Ang (1.840 Ang by residue) in 3.3684 (sec).
 3-Body  A60-LYD 3 ,  A61-ASP 24,  A64-GLU 0 :       0.00072983 at      1.439 Ang (0.821 Ang by residue) in 3.4139 (sec).
 3-Body  A60-LYD 3 ,  A61-ASP 24,  A64-GLU 36:       0.00073047 at      1.440 Ang (0.821 Ang by residue) in 3.3435 (sec).
 3-Body  A60-LYD 3 ,  A61-ASP 24,  A64-GLU 37:       0.00031750 at      1.440 Ang (0.821 Ang by residue) in 3.4651 (sec).
 3-Body  A60-LYD 3 ,  A61-ASP 24,  A64-GLU 40:       0.00109446 at      1.435 Ang (0.821 Ang by residue) in 3.3827 (sec).
 3-Body  A60-LYD 3 ,  A61-ASP 24,  A64-GLU 41:       0.00094240 at      1.436 Ang (0.821 Ang by residue) in 3.1405 (sec).
 3-Body  A60-LYD 3 ,  A61-ASP 24,  A62-GLU 0 :       0.00116639 at      1.389 Ang (1.840 Ang by residue) in 3.2812 (sec).
 3-Body  A60-LYD 3 ,  A61-ASP 24,  A62-GLU 40:       0.00115533 at      1.389 Ang (1.840 Ang by residue) in 3.5606 (sec).
 3-Body  A60-LYD 3 ,  A61-ASP 24,  A62-GLU 41:       0.00118954 at      1.389 Ang (1.840 Ang by residue) in 3.6010 (sec).
 3-Body  A60-LYD 3 ,  A61-ASP 25,  A64-GLU 0 :       0.00080809 at      1.439 Ang (0.821 Ang by residue) in 3.1647 (sec).
 3-Body  A60-LYD 3 ,  A61-ASP 25,  A64-GLU 36:       0.00080870 at      1.440 Ang (0.821 Ang by residue) in 3.3650 (sec).
 3-Body  A60-LYD 3 ,  A61-ASP 25,  A64-GLU 37:       0.00043904 at      1.440 Ang (0.821 Ang by residue) in 3.4271 (sec).
 3-Body  A60-LYD 3 ,  A61-ASP 25,  A64-GLU 40:       0.00144082 at      1.435 Ang (0.821 Ang by residue) in 3.3760 (sec).
 3-Body  A60-LYD 3 ,  A61-ASP 25,  A64-GLU 41:       0.00114553 at      1.436 Ang (0.821 Ang by residue) in 3.4910 (sec).
 3-Body  A60-LYD 3 ,  A61-ASP 25,  A62-GLU 0 :       0.00114121 at      1.389 Ang (1.840 Ang by residue) in 3.4381 (sec).
 3-Body  A60-LYD 3 ,  A61-ASP 25,  A62-GLU 40:       0.00113712 at      1.389 Ang (1.840 Ang by residue) in 3.4864 (sec).
 3-Body  A60-LYD 3 ,  A61-ASP 25,  A62-GLU 41:       0.00115056 at      1.389 Ang (1.840 Ang by residue) in 3.2774 (sec).
 3-Body  A60-LYD 3 ,  A61-ASP 26,  A64-GLU 0 :       0.00056631 at      1.439 Ang (0.821 Ang by residue) in 3.4790 (sec).
 3-Body  A60-LYD 3 ,  A61-ASP 26,  A64-GLU 36:       0.00056794 at      1.440 Ang (0.821 Ang by residue) in 3.3700 (sec).
 3-Body  A60-LYD 3 ,  A61-ASP 26,  A64-GLU 37:      -0.00133898 at      1.440 Ang (0.821 Ang by residue) in 3.6155 (sec).
 3-Body  A60-LYD 3 ,  A61-ASP 26,  A64-GLU 40:      -0.00113214 at      1.435 Ang (0.821 Ang by residue) in 3.4977 (sec).
 3-Body  A60-LYD 3 ,  A61-ASP 26,  A64-GLU 41:       0.00064229 at      1.436 Ang (0.821 Ang by residue) in 3.4102 (sec).
 3-Body  A60-LYD 3 ,  A61-ASP 26,  A62-GLU 0 :       0.00217307 at      1.389 Ang (1.840 Ang by residue) in 3.3444 (sec).
 3-Body  A60-LYD 3 ,  A61-ASP 26,  A62-GLU 40:       0.00200226 at      1.389 Ang (1.840 Ang by residue) in 3.2126 (sec).
 3-Body  A60-LYD 3 ,  A61-ASP 26,  A62-GLU 41:       0.00206083 at      1.389 Ang (1.840 Ang by residue) in 3.3689 (sec).
 3-Body  A60-LYD 3 ,  A62-GLU 0 ,  A64-GLU 0 :       0.00029903 at      1.677 Ang (2.260 Ang by residue) in 3.4579 (sec).
 3-Body  A60-LYD 3 ,  A62-GLU 0 ,  A64-GLU 36:       0.00029913 at      1.677 Ang (2.260 Ang by residue) in 3.2671 (sec).
 3-Body  A60-LYD 3 ,  A62-GLU 0 ,  A64-GLU 37:       0.00032615 at      1.677 Ang (2.260 Ang by residue) in 3.3789 (sec).
 3-Body  A60-LYD 3 ,  A62-GLU 0 ,  A64-GLU 40:       0.00073379 at      1.677 Ang (2.260 Ang by residue) in 3.4845 (sec).
 3-Body  A60-LYD 3 ,  A62-GLU 0 ,  A64-GLU 41:       0.00049165 at      1.677 Ang (2.260 Ang by residue) in 3.2799 (sec).
 3-Body  A60-LYD 3 ,  A62-GLU 40,  A64-GLU 0 :       0.00028939 at      1.677 Ang (2.260 Ang by residue) in 3.2925 (sec).
 3-Body  A60-LYD 3 ,  A62-GLU 40,  A64-GLU 36:       0.00028949 at      1.677 Ang (2.260 Ang by residue) in 3.5032 (sec).
 3-Body  A60-LYD 3 ,  A62-GLU 40,  A64-GLU 37:       0.00030919 at      1.677 Ang (2.260 Ang by residue) in 3.5097 (sec).
 3-Body  A60-LYD 3 ,  A62-GLU 40,  A64-GLU 40:       0.00070427 at      1.677 Ang (2.260 Ang by residue) in 3.2967 (sec).
 3-Body  A60-LYD 3 ,  A62-GLU 40,  A64-GLU 41:       0.00047334 at      1.677 Ang (2.260 Ang by residue) in 3.2731 (sec).
 3-Body  A60-LYD 3 ,  A62-GLU 41,  A64-GLU 0 :       0.00027337 at      1.677 Ang (2.260 Ang by residue) in 3.4230 (sec).
 3-Body  A60-LYD 3 ,  A62-GLU 41,  A64-GLU 36:       0.00027348 at      1.677 Ang (2.260 Ang by residue) in 3.2923 (sec).
 3-Body  A60-LYD 3 ,  A62-GLU 41,  A64-GLU 37:       0.00027232 at      1.677 Ang (2.260 Ang by residue) in 3.3649 (sec).
 3-Body  A60-LYD 3 ,  A62-GLU 41,  A64-GLU 40:       0.00067629 at      1.677 Ang (2.260 Ang by residue) in 3.2628 (sec).
 3-Body  A60-LYD 3 ,  A62-GLU 41,  A64-GLU 41:       0.00044461 at      1.677 Ang (2.260 Ang by residue) in 3.4008 (sec).
 3-Body  A60-LYD 4 ,  A61-ASP 0 ,  A64-GLU 0 :       0.00082895 at      1.439 Ang (0.821 Ang by residue) in 3.4903 (sec).
 3-Body  A60-LYD 4 ,  A61-ASP 0 ,  A64-GLU 36:       0.00083050 at      1.440 Ang (0.821 Ang by residue) in 3.2757 (sec).
 3-Body  A60-LYD 4 ,  A61-ASP 0 ,  A64-GLU 37:      -0.00152945 at      1.440 Ang (0.821 Ang by residue) in 3.3320 (sec).
 3-Body  A60-LYD 4 ,  A61-ASP 0 ,  A64-GLU 40:      -0.00118001 at      1.435 Ang (0.821 Ang by residue) in 3.5527 (sec).
 3-Body  A60-LYD 4 ,  A61-ASP 0 ,  A64-GLU 41:       0.00128683 at      1.436 Ang (0.821 Ang by residue) in 3.3277 (sec).
 3-Body  A60-LYD 4 ,  A61-ASP 0 ,  A62-GLU 0 :       0.00139642 at      1.389 Ang (1.840 Ang by residue) in 3.5755 (sec).
 3-Body  A60-LYD 4 ,  A61-ASP 0 ,  A62-GLU 40:       0.00121633 at      1.389 Ang (1.840 Ang by residue) in 3.3161 (sec).
 3-Body  A60-LYD 4 ,  A61-ASP 0 ,  A62-GLU 41:       0.00054868 at      1.389 Ang (1.840 Ang by residue) in 3.3122 (sec).
 3-Body  A60-LYD 4 ,  A61-ASP 24,  A64-GLU 0 :       0.00078863 at      1.439 Ang (0.821 Ang by residue) in 3.3543 (sec).
 3-Body  A60-LYD 4 ,  A61-ASP 24,  A64-GLU 36:       0.00078922 at      1.440 Ang (0.821 Ang by residue) in 3.3229 (sec).
 3-Body  A60-LYD 4 ,  A61-ASP 24,  A64-GLU 37:       0.00052393 at      1.440 Ang (0.821 Ang by residue) in 3.2975 (sec).
 3-Body  A60-LYD 4 ,  A61-ASP 24,  A64-GLU 40:       0.00136722 at      1.435 Ang (0.821 Ang by residue) in 3.2977 (sec).
 3-Body  A60-LYD 4 ,  A61-ASP 24,  A64-GLU 41:       0.00101840 at      1.436 Ang (0.821 Ang by residue) in 3.3271 (sec).
 3-Body  A60-LYD 4 ,  A61-ASP 24,  A62-GLU 0 :       0.00122143 at      1.389 Ang (1.840 Ang by residue) in 3.4796 (sec).
 3-Body  A60-LYD 4 ,  A61-ASP 24,  A62-GLU 40:       0.00118502 at      1.389 Ang (1.840 Ang by residue) in 3.4039 (sec).
 3-Body  A60-LYD 4 ,  A61-ASP 24,  A62-GLU 41:       0.00119247 at      1.389 Ang (1.840 Ang by residue) in 3.1904 (sec).
 3-Body  A60-LYD 4 ,  A61-ASP 25,  A64-GLU 0 :       0.00086087 at      1.439 Ang (0.821 Ang by residue) in 3.6961 (sec).
 3-Body  A60-LYD 4 ,  A61-ASP 25,  A64-GLU 36:       0.00086145 at      1.440 Ang (0.821 Ang by residue) in 3.3786 (sec).
 3-Body  A60-LYD 4 ,  A61-ASP 25,  A64-GLU 37:       0.00064824 at      1.440 Ang (0.821 Ang by residue) in 3.4289 (sec).
 3-Body  A60-LYD 4 ,  A61-ASP 25,  A64-GLU 40:       0.00171716 at      1.435 Ang (0.821 Ang by residue) in 3.2083 (sec).
 3-Body  A60-LYD 4 ,  A61-ASP 25,  A64-GLU 41:       0.00121629 at      1.436 Ang (0.821 Ang by residue) in 3.3830 (sec).
 3-Body  A60-LYD 4 ,  A61-ASP 25,  A62-GLU 0 :       0.00117313 at      1.389 Ang (1.840 Ang by residue) in 3.4184 (sec).
 3-Body  A60-LYD 4 ,  A61-ASP 25,  A62-GLU 40:       0.00114047 at      1.389 Ang (1.840 Ang by residue) in 3.4825 (sec).
 3-Body  A60-LYD 4 ,  A61-ASP 25,  A62-GLU 41:       0.00109809 at      1.389 Ang (1.840 Ang by residue) in 3.4033 (sec).
 3-Body  A60-LYD 4 ,  A61-ASP 26,  A64-GLU 0 :       0.00087071 at      1.439 Ang (0.821 Ang by residue) in 3.2891 (sec).
 3-Body  A60-LYD 4 ,  A61-ASP 26,  A64-GLU 36:       0.00087223 at      1.440 Ang (0.821 Ang by residue) in 3.1407 (sec).
 3-Body  A60-LYD 4 ,  A61-ASP 26,  A64-GLU 37:      -0.00097344 at      1.440 Ang (0.821 Ang by residue) in 3.3682 (sec).
 3-Body  A60-LYD 4 ,  A61-ASP 26,  A64-GLU 40:      -0.00040134 at      1.435 Ang (0.821 Ang by residue) in 3.3901 (sec).
 3-Body  A60-LYD 4 ,  A61-ASP 26,  A64-GLU 41:       0.00111444 at      1.436 Ang (0.821 Ang by residue) in 3.3924 (sec).
 3-Body  A60-LYD 4 ,  A61-ASP 26,  A62-GLU 0 :       0.00208979 at      1.389 Ang (1.840 Ang by residue) in 3.4938 (sec).
 3-Body  A60-LYD 4 ,  A61-ASP 26,  A62-GLU 40:       0.00192822 at      1.389 Ang (1.840 Ang by residue) in 3.3222 (sec).
 3-Body  A60-LYD 4 ,  A61-ASP 26,  A62-GLU 41:       0.00166893 at      1.389 Ang (1.840 Ang by residue) in 3.3953 (sec).
 3-Body  A60-LYD 4 ,  A62-GLU 0 ,  A64-GLU 0 :       0.00030010 at      1.677 Ang (2.260 Ang by residue) in 3.3940 (sec).
 3-Body  A60-LYD 4 ,  A62-GLU 0 ,  A64-GLU 36:       0.00030020 at      1.677 Ang (2.260 Ang by residue) in 3.5140 (sec).
 3-Body  A60-LYD 4 ,  A62-GLU 0 ,  A64-GLU 37:       0.00032837 at      1.677 Ang (2.260 Ang by residue) in 3.3963 (sec).
 3-Body  A60-LYD 4 ,  A62-GLU 0 ,  A64-GLU 40:       0.00073417 at      1.677 Ang (2.260 Ang by residue) in 3.4032 (sec).
 3-Body  A60-LYD 4 ,  A62-GLU 0 ,  A64-GLU 41:       0.00049518 at      1.677 Ang (2.260 Ang by residue) in 3.2931 (sec).
 3-Body  A60-LYD 4 ,  A62-GLU 40,  A64-GLU 0 :       0.00029084 at      1.677 Ang (2.260 Ang by residue) in 3.4183 (sec).
 3-Body  A60-LYD 4 ,  A62-GLU 40,  A64-GLU 36:       0.00029093 at      1.677 Ang (2.260 Ang by residue) in 3.3860 (sec).
 3-Body  A60-LYD 4 ,  A62-GLU 40,  A64-GLU 37:       0.00031240 at      1.677 Ang (2.260 Ang by residue) in 3.4573 (sec).
 3-Body  A60-LYD 4 ,  A62-GLU 40,  A64-GLU 40:       0.00070594 at      1.677 Ang (2.260 Ang by residue) in 3.7304 (sec).
 3-Body  A60-LYD 4 ,  A62-GLU 40,  A64-GLU 41:       0.00047726 at      1.677 Ang (2.260 Ang by residue) in 3.7314 (sec).
 3-Body  A60-LYD 4 ,  A62-GLU 41,  A64-GLU 0 :       0.00027645 at      1.677 Ang (2.260 Ang by residue) in 3.4698 (sec).
 3-Body  A60-LYD 4 ,  A62-GLU 41,  A64-GLU 36:       0.00027655 at      1.677 Ang (2.260 Ang by residue) in 3.5915 (sec).
 3-Body  A60-LYD 4 ,  A62-GLU 41,  A64-GLU 37:       0.00028182 at      1.677 Ang (2.260 Ang by residue) in 3.5097 (sec).
 3-Body  A60-LYD 4 ,  A62-GLU 41,  A64-GLU 40:       0.00068434 at      1.677 Ang (2.260 Ang by residue) in 3.5165 (sec).
 3-Body  A60-LYD 4 ,  A62-GLU 41,  A64-GLU 41:       0.00044999 at      1.677 Ang (2.260 Ang by residue) in 3.3545 (sec).
 3-Body  A60-LYD 5 ,  A61-ASP 0 ,  A64-GLU 0 :       0.00088844 at      1.439 Ang (0.821 Ang by residue) in 3.4586 (sec).
 3-Body  A60-LYD 5 ,  A61-ASP 0 ,  A64-GLU 36:       0.00089006 at      1.440 Ang (0.821 Ang by residue) in 3.2378 (sec).
 3-Body  A60-LYD 5 ,  A61-ASP 0 ,  A64-GLU 37:      -0.00154845 at      1.440 Ang (0.821 Ang by residue) in 3.3392 (sec).
 3-Body  A60-LYD 5 ,  A61-ASP 0 ,  A64-GLU 40:      -0.00114538 at      1.435 Ang (0.821 Ang by residue) in 3.3869 (sec).
 3-Body  A60-LYD 5 ,  A61-ASP 0 ,  A64-GLU 41:       0.00141046 at      1.436 Ang (0.821 Ang by residue) in 3.2988 (sec).
 3-Body  A60-LYD 5 ,  A61-ASP 0 ,  A62-GLU 0 :       0.00148443 at      1.389 Ang (1.840 Ang by residue) in 3.3471 (sec).
 3-Body  A60-LYD 5 ,  A61-ASP 0 ,  A62-GLU 40:       0.00128181 at      1.389 Ang (1.840 Ang by residue) in 3.0746 (sec).
 3-Body  A60-LYD 5 ,  A61-ASP 0 ,  A62-GLU 41:       0.00052909 at      1.389 Ang (1.840 Ang by residue) in 3.4608 (sec).
 3-Body  A60-LYD 5 ,  A61-ASP 24,  A64-GLU 0 :       0.00081045 at      1.439 Ang (0.821 Ang by residue) in 3.2533 (sec).
 3-Body  A60-LYD 5 ,  A61-ASP 24,  A64-GLU 36:       0.00081103 at      1.440 Ang (0.821 Ang by residue) in 3.6514 (sec).
 3-Body  A60-LYD 5 ,  A61-ASP 24,  A64-GLU 37:       0.00055568 at      1.440 Ang (0.821 Ang by residue) in 3.1897 (sec).
 3-Body  A60-LYD 5 ,  A61-ASP 24,  A64-GLU 40:       0.00141934 at      1.435 Ang (0.821 Ang by residue) in 3.3058 (sec).
 3-Body  A60-LYD 5 ,  A61-ASP 24,  A64-GLU 41:       0.00105065 at      1.436 Ang (0.821 Ang by residue) in 3.3749 (sec).
 3-Body  A60-LYD 5 ,  A61-ASP 24,  A62-GLU 0 :       0.00125486 at      1.389 Ang (1.840 Ang by residue) in 3.4257 (sec).
 3-Body  A60-LYD 5 ,  A61-ASP 24,  A62-GLU 40:       0.00121584 at      1.389 Ang (1.840 Ang by residue) in 3.3889 (sec).
 3-Body  A60-LYD 5 ,  A61-ASP 24,  A62-GLU 41:       0.00120855 at      1.389 Ang (1.840 Ang by residue) in 3.3710 (sec).
 3-Body  A60-LYD 5 ,  A61-ASP 25,  A64-GLU 0 :       0.00088570 at      1.439 Ang (0.821 Ang by residue) in 3.3153 (sec).
 3-Body  A60-LYD 5 ,  A61-ASP 25,  A64-GLU 36:       0.00088627 at      1.440 Ang (0.821 Ang by residue) in 3.4316 (sec).
 3-Body  A60-LYD 5 ,  A61-ASP 25,  A64-GLU 37:       0.00068618 at      1.440 Ang (0.821 Ang by residue) in 3.2460 (sec).
 3-Body  A60-LYD 5 ,  A61-ASP 25,  A64-GLU 40:       0.00177845 at      1.435 Ang (0.821 Ang by residue) in 3.2309 (sec).
 3-Body  A60-LYD 5 ,  A61-ASP 25,  A64-GLU 41:       0.00125271 at      1.436 Ang (0.821 Ang by residue) in 3.3205 (sec).
 3-Body  A60-LYD 5 ,  A61-ASP 25,  A62-GLU 0 :       0.00119942 at      1.389 Ang (1.840 Ang by residue) in 3.4748 (sec).
 3-Body  A60-LYD 5 ,  A61-ASP 25,  A62-GLU 40:       0.00116400 at      1.389 Ang (1.840 Ang by residue) in 3.4154 (sec).
 3-Body  A60-LYD 5 ,  A61-ASP 25,  A62-GLU 41:       0.00110188 at      1.389 Ang (1.840 Ang by residue) in 3.2776 (sec).
 3-Body  A60-LYD 5 ,  A61-ASP 26,  A64-GLU 0 :       0.00098230 at      1.439 Ang (0.821 Ang by residue) in 3.1160 (sec).
 3-Body  A60-LYD 5 ,  A61-ASP 26,  A64-GLU 36:       0.00098388 at      1.440 Ang (0.821 Ang by residue) in 3.6057 (sec).
 3-Body  A60-LYD 5 ,  A61-ASP 26,  A64-GLU 37:      -0.00088711 at      1.440 Ang (0.821 Ang by residue) in 3.3564 (sec).
 3-Body  A60-LYD 5 ,  A61-ASP 26,  A64-GLU 40:      -0.00024740 at      1.435 Ang (0.821 Ang by residue) in 3.5715 (sec).
 3-Body  A60-LYD 5 ,  A61-ASP 26,  A64-GLU 41:       0.00127276 at      1.436 Ang (0.821 Ang by residue) in 3.4557 (sec).
 3-Body  A60-LYD 5 ,  A61-ASP 26,  A62-GLU 0 :       0.00226467 at      1.389 Ang (1.840 Ang by residue) in 3.3844 (sec).
 3-Body  A60-LYD 5 ,  A61-ASP 26,  A62-GLU 40:       0.00208621 at      1.389 Ang (1.840 Ang by residue) in 3.3901 (sec).
 3-Body  A60-LYD 5 ,  A61-ASP 26,  A62-GLU 41:       0.00181277 at      1.389 Ang (1.840 Ang by residue) in 3.3272 (sec).
 3-Body  A60-LYD 5 ,  A62-GLU 0 ,  A64-GLU 0 :       0.00030782 at      1.677 Ang (2.260 Ang by residue) in 3.3490 (sec).
 3-Body  A60-LYD 5 ,  A62-GLU 0 ,  A64-GLU 36:       0.00030790 at      1.677 Ang (2.260 Ang by residue) in 3.3798 (sec).
 3-Body  A60-LYD 5 ,  A62-GLU 0 ,  A64-GLU 37:       0.00034016 at      1.677 Ang (2.260 Ang by residue) in 3.4774 (sec).
 3-Body  A60-LYD 5 ,  A62-GLU 0 ,  A64-GLU 40:       0.00075033 at      1.677 Ang (2.260 Ang by residue) in 3.3988 (sec).
 3-Body  A60-LYD 5 ,  A62-GLU 0 ,  A64-GLU 41:       0.00050548 at      1.677 Ang (2.260 Ang by residue) in 3.2983 (sec).
 3-Body  A60-LYD 5 ,  A62-GLU 40,  A64-GLU 0 :       0.00029822 at      1.677 Ang (2.260 Ang by residue) in 3.3848 (sec).
 3-Body  A60-LYD 5 ,  A62-GLU 40,  A64-GLU 36:       0.00029831 at      1.677 Ang (2.260 Ang by residue) in 3.3826 (sec).
 3-Body  A60-LYD 5 ,  A62-GLU 40,  A64-GLU 37:       0.00032349 at      1.677 Ang (2.260 Ang by residue) in 3.3369 (sec).
 3-Body  A60-LYD 5 ,  A62-GLU 40,  A64-GLU 40:       0.00072123 at      1.677 Ang (2.260 Ang by residue) in 3.2481 (sec).
 3-Body  A60-LYD 5 ,  A62-GLU 40,  A64-GLU 41:       0.00048715 at      1.677 Ang (2.260 Ang by residue) in 3.3122 (sec).
 3-Body  A60-LYD 5 ,  A62-GLU 41,  A64-GLU 0 :       0.00028300 at      1.677 Ang (2.260 Ang by residue) in 3.3219 (sec).
 3-Body  A60-LYD 5 ,  A62-GLU 41,  A64-GLU 36:       0.00028309 at      1.677 Ang (2.260 Ang by residue) in 3.4061 (sec).
 3-Body  A60-LYD 5 ,  A62-GLU 41,  A64-GLU 37:       0.00029084 at      1.677 Ang (2.260 Ang by residue) in 3.2165 (sec).
 3-Body  A60-LYD 5 ,  A62-GLU 41,  A64-GLU 40:       0.00069737 at      1.677 Ang (2.260 Ang by residue) in 3.3776 (sec).
 3-Body  A60-LYD 5 ,  A62-GLU 41,  A64-GLU 41:       0.00045915 at      1.677 Ang (2.260 Ang by residue) in 3.2211 (sec).
 3-Body  A60-LYD 6 ,  A61-ASP 0 ,  A64-GLU 0 :       0.00104490 at      1.439 Ang (0.821 Ang by residue) in 3.2723 (sec).
 3-Body  A60-LYD 6 ,  A61-ASP 0 ,  A64-GLU 36:       0.00104642 at      1.440 Ang (0.821 Ang by residue) in 3.3792 (sec).
 3-Body  A60-LYD 6 ,  A61-ASP 0 ,  A64-GLU 37:      -0.00114647 at      1.440 Ang (0.821 Ang by residue) in 3.2172 (sec).
 3-Body  A60-LYD 6 ,  A61-ASP 0 ,  A64-GLU 40:      -0.00051297 at      1.435 Ang (0.821 Ang by residue) in 3.4176 (sec).
 3-Body  A60-LYD 6 ,  A61-ASP 0 ,  A64-GLU 41:       0.00151242 at      1.436 Ang (0.821 Ang by residue) in 3.3705 (sec).
 3-Body  A60-LYD 6 ,  A61-ASP 0 ,  A62-GLU 0 :       0.00155221 at      1.389 Ang (1.840 Ang by residue) in 3.4098 (sec).
 3-Body  A60-LYD 6 ,  A61-ASP 0 ,  A62-GLU 40:       0.00138437 at      1.389 Ang (1.840 Ang by residue) in 3.6203 (sec).
 3-Body  A60-LYD 6 ,  A61-ASP 0 ,  A62-GLU 41:       0.00079237 at      1.389 Ang (1.840 Ang by residue) in 3.3562 (sec).
 3-Body  A60-LYD 6 ,  A61-ASP 24,  A64-GLU 0 :       0.00081438 at      1.439 Ang (0.821 Ang by residue) in 3.5557 (sec).
 3-Body  A60-LYD 6 ,  A61-ASP 24,  A64-GLU 36:       0.00081499 at      1.440 Ang (0.821 Ang by residue) in 3.3675 (sec).
 3-Body  A60-LYD 6 ,  A61-ASP 24,  A64-GLU 37:       0.00051619 at      1.440 Ang (0.821 Ang by residue) in 3.3320 (sec).
 3-Body  A60-LYD 6 ,  A61-ASP 24,  A64-GLU 40:       0.00158632 at      1.435 Ang (0.821 Ang by residue) in 3.4708 (sec).
 3-Body  A60-LYD 6 ,  A61-ASP 24,  A64-GLU 41:       0.00104696 at      1.436 Ang (0.821 Ang by residue) in 3.3657 (sec).
 3-Body  A60-LYD 6 ,  A61-ASP 24,  A62-GLU 0 :       0.00124338 at      1.389 Ang (1.840 Ang by residue) in 3.5434 (sec).
 3-Body  A60-LYD 6 ,  A61-ASP 24,  A62-GLU 40:       0.00120488 at      1.389 Ang (1.840 Ang by residue) in 3.3309 (sec).
 3-Body  A60-LYD 6 ,  A61-ASP 24,  A62-GLU 41:       0.00121741 at      1.389 Ang (1.840 Ang by residue) in 3.3617 (sec).
 3-Body  A60-LYD 6 ,  A61-ASP 25,  A64-GLU 0 :       0.00089430 at      1.439 Ang (0.821 Ang by residue) in 3.2674 (sec).
 3-Body  A60-LYD 6 ,  A61-ASP 25,  A64-GLU 36:       0.00089489 at      1.440 Ang (0.821 Ang by residue) in 3.4259 (sec).
 3-Body  A60-LYD 6 ,  A61-ASP 25,  A64-GLU 37:       0.00065488 at      1.440 Ang (0.821 Ang by residue) in 3.3908 (sec).
 3-Body  A60-LYD 6 ,  A61-ASP 25,  A64-GLU 40:       0.00195476 at      1.435 Ang (0.821 Ang by residue) in 3.5003 (sec).
 3-Body  A60-LYD 6 ,  A61-ASP 25,  A64-GLU 41:       0.00125514 at      1.436 Ang (0.821 Ang by residue) in 3.2179 (sec).
 3-Body  A60-LYD 6 ,  A61-ASP 25,  A62-GLU 0 :       0.00119197 at      1.389 Ang (1.840 Ang by residue) in 3.3105 (sec).
 3-Body  A60-LYD 6 ,  A61-ASP 25,  A62-GLU 40:       0.00115681 at      1.389 Ang (1.840 Ang by residue) in 3.3813 (sec).
 3-Body  A60-LYD 6 ,  A61-ASP 25,  A62-GLU 41:       0.00111668 at      1.389 Ang (1.840 Ang by residue) in 3.3829 (sec).
 3-Body  A60-LYD 6 ,  A61-ASP 26,  A64-GLU 0 :       0.00096544 at      1.439 Ang (0.821 Ang by residue) in 3.3696 (sec).
 3-Body  A60-LYD 6 ,  A61-ASP 26,  A64-GLU 36:       0.00096697 at      1.440 Ang (0.821 Ang by residue) in 3.2514 (sec).
 3-Body  A60-LYD 6 ,  A61-ASP 26,  A64-GLU 37:      -0.00095342 at      1.440 Ang (0.821 Ang by residue) in 3.3645 (sec).
 3-Body  A60-LYD 6 ,  A61-ASP 26,  A64-GLU 40:      -0.00039994 at      1.435 Ang (0.821 Ang by residue) in 3.2026 (sec).
 3-Body  A60-LYD 6 ,  A61-ASP 26,  A64-GLU 41:       0.00123642 at      1.436 Ang (0.821 Ang by residue) in 3.3037 (sec).
 3-Body  A60-LYD 6 ,  A61-ASP 26,  A62-GLU 0 :       0.00201474 at      1.389 Ang (1.840 Ang by residue) in 3.3097 (sec).
 3-Body  A60-LYD 6 ,  A61-ASP 26,  A62-GLU 40:       0.00186762 at      1.389 Ang (1.840 Ang by residue) in 3.5134 (sec).
 3-Body  A60-LYD 6 ,  A61-ASP 26,  A62-GLU 41:       0.00161384 at      1.389 Ang (1.840 Ang by residue) in 3.3357 (sec).
 3-Body  A60-LYD 6 ,  A62-GLU 0 ,  A64-GLU 0 :       0.00031241 at      1.677 Ang (2.260 Ang by residue) in 3.4166 (sec).
 3-Body  A60-LYD 6 ,  A62-GLU 0 ,  A64-GLU 36:       0.00031250 at      1.677 Ang (2.260 Ang by residue) in 3.3368 (sec).
 3-Body  A60-LYD 6 ,  A62-GLU 0 ,  A64-GLU 37:       0.00034355 at      1.677 Ang (2.260 Ang by residue) in 3.3059 (sec).
 3-Body  A60-LYD 6 ,  A62-GLU 0 ,  A64-GLU 40:       0.00082153 at      1.677 Ang (2.260 Ang by residue) in 3.3806 (sec).
 3-Body  A60-LYD 6 ,  A62-GLU 0 ,  A64-GLU 41:       0.00050932 at      1.677 Ang (2.260 Ang by residue) in 3.3571 (sec).
 3-Body  A60-LYD 6 ,  A62-GLU 40,  A64-GLU 0 :       0.00030224 at      1.677 Ang (2.260 Ang by residue) in 3.5495 (sec).
 3-Body  A60-LYD 6 ,  A62-GLU 40,  A64-GLU 36:       0.00030233 at      1.677 Ang (2.260 Ang by residue) in 3.3799 (sec).
 3-Body  A60-LYD 6 ,  A62-GLU 40,  A64-GLU 37:       0.00032550 at      1.677 Ang (2.260 Ang by residue) in 3.3865 (sec).
 3-Body  A60-LYD 6 ,  A62-GLU 40,  A64-GLU 40:       0.00078719 at      1.677 Ang (2.260 Ang by residue) in 3.3921 (sec).
 3-Body  A60-LYD 6 ,  A62-GLU 40,  A64-GLU 41:       0.00049017 at      1.677 Ang (2.260 Ang by residue) in 3.3471 (sec).
 3-Body  A60-LYD 6 ,  A62-GLU 41,  A64-GLU 0 :       0.00028507 at      1.677 Ang (2.260 Ang by residue) in 3.3302 (sec).
 3-Body  A60-LYD 6 ,  A62-GLU 41,  A64-GLU 36:       0.00028517 at      1.677 Ang (2.260 Ang by residue) in 3.3422 (sec).
 3-Body  A60-LYD 6 ,  A62-GLU 41,  A64-GLU 37:       0.00028438 at      1.677 Ang (2.260 Ang by residue) in 3.2799 (sec).
 3-Body  A60-LYD 6 ,  A62-GLU 41,  A64-GLU 40:       0.00074736 at      1.677 Ang (2.260 Ang by residue) in 3.4117 (sec).
 3-Body  A60-LYD 6 ,  A62-GLU 41,  A64-GLU 41:       0.00045899 at      1.677 Ang (2.260 Ang by residue) in 3.1876 (sec).
 3-Body  A60-LYD 10,  A61-ASP 0 ,  A64-GLU 0 :       0.00064986 at      1.439 Ang (0.821 Ang by residue) in 3.2869 (sec).
 3-Body  A60-LYD 10,  A61-ASP 0 ,  A64-GLU 36:       0.00065105 at      1.440 Ang (0.821 Ang by residue) in 3.3155 (sec).
 3-Body  A60-LYD 10,  A61-ASP 0 ,  A64-GLU 37:      -0.00065200 at      1.440 Ang (0.821 Ang by residue) in 3.2057 (sec).
 3-Body  A60-LYD 10,  A61-ASP 0 ,  A64-GLU 40:       0.00020629 at      1.435 Ang (0.821 Ang by residue) in 3.4179 (sec).
 3-Body  A60-LYD 10,  A61-ASP 0 ,  A64-GLU 41:       0.00052966 at      1.436 Ang (0.821 Ang by residue) in 3.5020 (sec).
 3-Body  A60-LYD 10,  A61-ASP 0 ,  A62-GLU 0 :       0.00107086 at      1.389 Ang (1.840 Ang by residue) in 3.5251 (sec).
 3-Body  A60-LYD 10,  A61-ASP 0 ,  A62-GLU 40:       0.00100953 at      1.389 Ang (1.840 Ang by residue) in 3.4550 (sec).
 3-Body  A60-LYD 10,  A61-ASP 0 ,  A62-GLU 41:       0.00091253 at      1.389 Ang (1.840 Ang by residue) in 3.2368 (sec).
 3-Body  A60-LYD 10,  A61-ASP 24,  A64-GLU 0 :       0.00071646 at      1.439 Ang (0.821 Ang by residue) in 3.4636 (sec).
 3-Body  A60-LYD 10,  A61-ASP 24,  A64-GLU 36:       0.00071726 at      1.440 Ang (0.821 Ang by residue) in 3.3074 (sec).
 3-Body  A60-LYD 10,  A61-ASP 24,  A64-GLU 37:      -0.00010964 at      1.440 Ang (0.821 Ang by residue) in 3.1821 (sec).
 3-Body  A60-LYD 10,  A61-ASP 24,  A64-GLU 40:       0.00262797 at      1.435 Ang (0.821 Ang by residue) in 3.2875 (sec).
 3-Body  A60-LYD 10,  A61-ASP 24,  A64-GLU 41:       0.00109068 at      1.436 Ang (0.821 Ang by residue) in 3.4888 (sec).
 3-Body  A60-LYD 10,  A61-ASP 24,  A62-GLU 0 :       0.00101830 at      1.389 Ang (1.840 Ang by residue) in 3.4112 (sec).
 3-Body  A60-LYD 10,  A61-ASP 24,  A62-GLU 40:       0.00097578 at      1.389 Ang (1.840 Ang by residue) in 3.4221 (sec).
 3-Body  A60-LYD 10,  A61-ASP 24,  A62-GLU 41:       0.00100188 at      1.389 Ang (1.840 Ang by residue) in 3.4505 (sec).
 3-Body  A60-LYD 10,  A61-ASP 25,  A64-GLU 0 :       0.00078537 at      1.439 Ang (0.821 Ang by residue) in 3.3396 (sec).
 3-Body  A60-LYD 10,  A61-ASP 25,  A64-GLU 36:       0.00078616 at      1.440 Ang (0.821 Ang by residue) in 3.4813 (sec).
 3-Body  A60-LYD 10,  A61-ASP 25,  A64-GLU 37:       0.00004849 at      1.440 Ang (0.821 Ang by residue) in 3.2263 (sec).
 3-Body  A60-LYD 10,  A61-ASP 25,  A64-GLU 40:       0.00300387 at      1.435 Ang (0.821 Ang by residue) in 3.3522 (sec).
 3-Body  A60-LYD 10,  A61-ASP 25,  A64-GLU 41:       0.00126395 at      1.436 Ang (0.821 Ang by residue) in 3.2512 (sec).
 3-Body  A60-LYD 10,  A61-ASP 25,  A62-GLU 0 :       0.00101821 at      1.389 Ang (1.840 Ang by residue) in 3.4688 (sec).
 3-Body  A60-LYD 10,  A61-ASP 25,  A62-GLU 40:       0.00097949 at      1.389 Ang (1.840 Ang by residue) in 3.4276 (sec).
 3-Body  A60-LYD 10,  A61-ASP 25,  A62-GLU 41:       0.00098091 at      1.389 Ang (1.840 Ang by residue) in 3.4829 (sec).
 3-Body  A60-LYD 10,  A61-ASP 26,  A64-GLU 0 :       0.00058808 at      1.439 Ang (0.821 Ang by residue) in 3.4087 (sec).
 3-Body  A60-LYD 10,  A61-ASP 26,  A64-GLU 36:       0.00058935 at      1.440 Ang (0.821 Ang by residue) in 3.3629 (sec).
 3-Body  A60-LYD 10,  A61-ASP 26,  A64-GLU 37:      -0.00104074 at      1.440 Ang (0.821 Ang by residue) in 3.3914 (sec).
 3-Body  A60-LYD 10,  A61-ASP 26,  A64-GLU 40:      -0.00370436 at      1.435 Ang (0.821 Ang by residue) in 3.3752 (sec).
 3-Body  A60-LYD 10,  A61-ASP 26,  A64-GLU 41:       0.00019135 at      1.436 Ang (0.821 Ang by residue) in 3.3936 (sec).
 3-Body  A60-LYD 10,  A61-ASP 26,  A62-GLU 0 :       0.00115639 at      1.389 Ang (1.840 Ang by residue) in 3.3641 (sec).
 3-Body  A60-LYD 10,  A61-ASP 26,  A62-GLU 40:       0.00109505 at      1.389 Ang (1.840 Ang by residue) in 3.3024 (sec).
 3-Body  A60-LYD 10,  A61-ASP 26,  A62-GLU 41:       0.00103197 at      1.389 Ang (1.840 Ang by residue) in 3.2269 (sec).
 3-Body  A60-LYD 10,  A62-GLU 0 ,  A64-GLU 0 :       0.00032547 at      1.677 Ang (2.260 Ang by residue) in 3.4741 (sec).
 3-Body  A60-LYD 10,  A62-GLU 0 ,  A64-GLU 36:       0.00032558 at      1.677 Ang (2.260 Ang by residue) in 3.2969 (sec).
 3-Body  A60-LYD 10,  A62-GLU 0 ,  A64-GLU 37:       0.00034304 at      1.677 Ang (2.260 Ang by residue) in 3.2251 (sec).
 3-Body  A60-LYD 10,  A62-GLU 0 ,  A64-GLU 40:       0.00139994 at      1.677 Ang (2.260 Ang by residue) in 3.4396 (sec).
 3-Body  A60-LYD 10,  A62-GLU 0 ,  A64-GLU 41:       0.00055232 at      1.677 Ang (2.260 Ang by residue) in 3.3274 (sec).
 3-Body  A60-LYD 10,  A62-GLU 40,  A64-GLU 0 :       0.00031588 at      1.677 Ang (2.260 Ang by residue) in 3.3938 (sec).
 3-Body  A60-LYD 10,  A62-GLU 40,  A64-GLU 36:       0.00031599 at      1.677 Ang (2.260 Ang by residue) in 3.0994 (sec).
 3-Body  A60-LYD 10,  A62-GLU 40,  A64-GLU 37:       0.00032174 at      1.677 Ang (2.260 Ang by residue) in 3.5251 (sec).
 3-Body  A60-LYD 10,  A62-GLU 40,  A64-GLU 40:       0.00133753 at      1.677 Ang (2.260 Ang by residue) in 3.5188 (sec).
 3-Body  A60-LYD 10,  A62-GLU 40,  A64-GLU 41:       0.00053206 at      1.677 Ang (2.260 Ang by residue) in 3.3396 (sec).
 3-Body  A60-LYD 10,  A62-GLU 41,  A64-GLU 0 :       0.00030071 at      1.677 Ang (2.260 Ang by residue) in 3.3277 (sec).
 3-Body  A60-LYD 10,  A62-GLU 41,  A64-GLU 36:       0.00030085 at      1.677 Ang (2.260 Ang by residue) in 3.3083 (sec).
 3-Body  A60-LYD 10,  A62-GLU 41,  A64-GLU 37:       0.00024756 at      1.677 Ang (2.260 Ang by residue) in 3.3086 (sec).
 3-Body  A60-LYD 10,  A62-GLU 41,  A64-GLU 40:       0.00126716 at      1.677 Ang (2.260 Ang by residue) in 3.1749 (sec).
 3-Body  A60-LYD 10,  A62-GLU 41,  A64-GLU 41:       0.00049183 at      1.677 Ang (2.260 Ang by residue) in 3.0462 (sec).
 3-Body  A60-LYD 11,  A61-ASP 0 ,  A64-GLU 0 :       0.00078039 at      1.439 Ang (0.821 Ang by residue) in 3.2828 (sec).
 3-Body  A60-LYD 11,  A61-ASP 0 ,  A64-GLU 36:       0.00078150 at      1.440 Ang (0.821 Ang by residue) in 3.2990 (sec).
 3-Body  A60-LYD 11,  A61-ASP 0 ,  A64-GLU 37:      -0.00017557 at      1.440 Ang (0.821 Ang by residue) in 3.2904 (sec).
 3-Body  A60-LYD 11,  A61-ASP 0 ,  A64-GLU 40:       0.00047369 at      1.435 Ang (0.821 Ang by residue) in 3.2126 (sec).
 3-Body  A60-LYD 11,  A61-ASP 0 ,  A64-GLU 41:       0.00084551 at      1.436 Ang (0.821 Ang by residue) in 3.2789 (sec).
 3-Body  A60-LYD 11,  A61-ASP 0 ,  A62-GLU 0 :       0.00107980 at      1.389 Ang (1.840 Ang by residue) in 3.2755 (sec).
 3-Body  A60-LYD 11,  A61-ASP 0 ,  A62-GLU 40:       0.00101886 at      1.389 Ang (1.840 Ang by residue) in 3.2096 (sec).
 3-Body  A60-LYD 11,  A61-ASP 0 ,  A62-GLU 41:       0.00087265 at      1.389 Ang (1.840 Ang by residue) in 3.2720 (sec).
 3-Body  A60-LYD 11,  A61-ASP 24,  A64-GLU 0 :       0.00081819 at      1.439 Ang (0.821 Ang by residue) in 3.4129 (sec).
 3-Body  A60-LYD 11,  A61-ASP 24,  A64-GLU 36:       0.00081890 at      1.440 Ang (0.821 Ang by residue) in 3.3036 (sec).
 3-Body  A60-LYD 11,  A61-ASP 24,  A64-GLU 37:       0.00040388 at      1.440 Ang (0.821 Ang by residue) in 3.2344 (sec).
 3-Body  A60-LYD 11,  A61-ASP 24,  A64-GLU 40:       0.00290932 at      1.435 Ang (0.821 Ang by residue) in 3.4350 (sec).
 3-Body  A60-LYD 11,  A61-ASP 24,  A64-GLU 41:       0.00120364 at      1.436 Ang (0.821 Ang by residue) in 3.2210 (sec).
 3-Body  A60-LYD 11,  A61-ASP 24,  A62-GLU 0 :       0.00111499 at      1.389 Ang (1.840 Ang by residue) in 3.3851 (sec).
 3-Body  A60-LYD 11,  A61-ASP 24,  A62-GLU 40:       0.00107238 at      1.389 Ang (1.840 Ang by residue) in 3.2504 (sec).
 3-Body  A60-LYD 11,  A61-ASP 24,  A62-GLU 41:       0.00112686 at      1.389 Ang (1.840 Ang by residue) in 3.2229 (sec).
 3-Body  A60-LYD 11,  A61-ASP 25,  A64-GLU 0 :       0.00088562 at      1.439 Ang (0.821 Ang by residue) in 3.4178 (sec).
 3-Body  A60-LYD 11,  A61-ASP 25,  A64-GLU 36:       0.00088632 at      1.440 Ang (0.821 Ang by residue) in 3.4204 (sec).
 3-Body  A60-LYD 11,  A61-ASP 25,  A64-GLU 37:       0.00054686 at      1.440 Ang (0.821 Ang by residue) in 3.3147 (sec).
 3-Body  A60-LYD 11,  A61-ASP 25,  A64-GLU 40:       0.00323424 at      1.435 Ang (0.821 Ang by residue) in 3.4963 (sec).
 3-Body  A60-LYD 11,  A61-ASP 25,  A64-GLU 41:       0.00138807 at      1.436 Ang (0.821 Ang by residue) in 3.1962 (sec).
 3-Body  A60-LYD 11,  A61-ASP 25,  A62-GLU 0 :       0.00107884 at      1.389 Ang (1.840 Ang by residue) in 3.4810 (sec).
 3-Body  A60-LYD 11,  A61-ASP 25,  A62-GLU 40:       0.00103685 at      1.389 Ang (1.840 Ang by residue) in 3.5167 (sec).
 3-Body  A60-LYD 11,  A61-ASP 25,  A62-GLU 41:       0.00104492 at      1.389 Ang (1.840 Ang by residue) in 3.3277 (sec).
 3-Body  A60-LYD 11,  A61-ASP 26,  A64-GLU 0 :       0.00083603 at      1.439 Ang (0.821 Ang by residue) in 3.1947 (sec).
 3-Body  A60-LYD 11,  A61-ASP 26,  A64-GLU 36:       0.00083723 at      1.440 Ang (0.821 Ang by residue) in 3.1879 (sec).
 3-Body  A60-LYD 11,  A61-ASP 26,  A64-GLU 37:      -0.00045264 at      1.440 Ang (0.821 Ang by residue) in 3.4237 (sec).
 3-Body  A60-LYD 11,  A61-ASP 26,  A64-GLU 40:      -0.00291234 at      1.435 Ang (0.821 Ang by residue) in 3.3510 (sec).
 3-Body  A60-LYD 11,  A61-ASP 26,  A64-GLU 41:       0.00071225 at      1.436 Ang (0.821 Ang by residue) in 3.3375 (sec).
 3-Body  A60-LYD 11,  A61-ASP 26,  A62-GLU 0 :       0.00120874 at      1.389 Ang (1.840 Ang by residue) in 3.5365 (sec).
 3-Body  A60-LYD 11,  A61-ASP 26,  A62-GLU 40:       0.00114713 at      1.389 Ang (1.840 Ang by residue) in 3.3665 (sec).
 3-Body  A60-LYD 11,  A61-ASP 26,  A62-GLU 41:       0.00104818 at      1.389 Ang (1.840 Ang by residue) in 3.2505 (sec).
 3-Body  A60-LYD 11,  A62-GLU 0 ,  A64-GLU 0 :       0.00032933 at      1.677 Ang (2.260 Ang by residue) in 3.3291 (sec).
 3-Body  A60-LYD 11,  A62-GLU 0 ,  A64-GLU 36:       0.00032944 at      1.677 Ang (2.260 Ang by residue) in 3.3832 (sec).
 3-Body  A60-LYD 11,  A62-GLU 0 ,  A64-GLU 37:       0.00036652 at      1.677 Ang (2.260 Ang by residue) in 3.4215 (sec).
 3-Body  A60-LYD 11,  A62-GLU 0 ,  A64-GLU 40:       0.00131146 at      1.677 Ang (2.260 Ang by residue) in 3.1632 (sec).
 3-Body  A60-LYD 11,  A62-GLU 0 ,  A64-GLU 41:       0.00058003 at      1.677 Ang (2.260 Ang by residue) in 3.2773 (sec).
 3-Body  A60-LYD 11,  A62-GLU 40,  A64-GLU 0 :       0.00031975 at      1.677 Ang (2.260 Ang by residue) in 3.3325 (sec).
 3-Body  A60-LYD 11,  A62-GLU 40,  A64-GLU 36:       0.00031985 at      1.677 Ang (2.260 Ang by residue) in 3.2671 (sec).
 3-Body  A60-LYD 11,  A62-GLU 40,  A64-GLU 37:       0.00034781 at      1.677 Ang (2.260 Ang by residue) in 3.2370 (sec).
 3-Body  A60-LYD 11,  A62-GLU 40,  A64-GLU 40:       0.00126452 at      1.677 Ang (2.260 Ang by residue) in 3.3452 (sec).
 3-Body  A60-LYD 11,  A62-GLU 40,  A64-GLU 41:       0.00055879 at      1.677 Ang (2.260 Ang by residue) in 3.3754 (sec).
 3-Body  A60-LYD 11,  A62-GLU 41,  A64-GLU 0 :       0.00030359 at      1.677 Ang (2.260 Ang by residue) in 3.4787 (sec).
 3-Body  A60-LYD 11,  A62-GLU 41,  A64-GLU 36:       0.00030373 at      1.677 Ang (2.260 Ang by residue) in 3.1931 (sec).
 3-Body  A60-LYD 11,  A62-GLU 41,  A64-GLU 37:       0.00029544 at      1.677 Ang (2.260 Ang by residue) in 3.1842 (sec).
 3-Body  A60-LYD 11,  A62-GLU 41,  A64-GLU 40:       0.00124933 at      1.677 Ang (2.260 Ang by residue) in 3.2245 (sec).
 3-Body  A60-LYD 11,  A62-GLU 41,  A64-GLU 41:       0.00051651 at      1.677 Ang (2.260 Ang by residue) in 3.3816 (sec).
 3-Body  A60-LYD 12,  A61-ASP 0 ,  A64-GLU 0 :       0.00073881 at      1.439 Ang (0.821 Ang by residue) in 3.5580 (sec).
 3-Body  A60-LYD 12,  A61-ASP 0 ,  A64-GLU 36:       0.00073991 at      1.440 Ang (0.821 Ang by residue) in 3.2571 (sec).
 3-Body  A60-LYD 12,  A61-ASP 0 ,  A64-GLU 37:      -0.00016846 at      1.440 Ang (0.821 Ang by residue) in 3.5855 (sec).
 3-Body  A60-LYD 12,  A61-ASP 0 ,  A64-GLU 40:       0.00096665 at      1.431 Ang (0.821 Ang by residue) in 3.5168 (sec).
 3-Body  A60-LYD 12,  A61-ASP 0 ,  A64-GLU 41:       0.00082352 at      1.436 Ang (0.821 Ang by residue) in 3.3840 (sec).
 3-Body  A60-LYD 12,  A61-ASP 0 ,  A62-GLU 0 :       0.00105716 at      1.389 Ang (1.840 Ang by residue) in 3.3887 (sec).
 3-Body  A60-LYD 12,  A61-ASP 0 ,  A62-GLU 40:       0.00100215 at      1.389 Ang (1.840 Ang by residue) in 3.4181 (sec).
 3-Body  A60-LYD 12,  A61-ASP 0 ,  A62-GLU 41:       0.00086363 at      1.389 Ang (1.840 Ang by residue) in 3.2578 (sec).
 3-Body  A60-LYD 12,  A61-ASP 24,  A64-GLU 0 :       0.00082286 at      1.439 Ang (0.821 Ang by residue) in 3.3308 (sec).
 3-Body  A60-LYD 12,  A61-ASP 24,  A64-GLU 36:       0.00082360 at      1.440 Ang (0.821 Ang by residue) in 3.2369 (sec).
 3-Body  A60-LYD 12,  A61-ASP 24,  A64-GLU 37:       0.00036103 at      1.440 Ang (0.821 Ang by residue) in 3.3049 (sec).
 3-Body  A60-LYD 12,  A61-ASP 24,  A64-GLU 40:       0.00271862 at      1.431 Ang (0.821 Ang by residue) in 3.4821 (sec).
 3-Body  A60-LYD 12,  A61-ASP 24,  A64-GLU 41:       0.00129197 at      1.436 Ang (0.821 Ang by residue) in 3.3222 (sec).
 3-Body  A60-LYD 12,  A61-ASP 24,  A62-GLU 0 :       0.00107635 at      1.389 Ang (1.840 Ang by residue) in 3.3473 (sec).
 3-Body  A60-LYD 12,  A61-ASP 24,  A62-GLU 40:       0.00103386 at      1.389 Ang (1.840 Ang by residue) in 3.3628 (sec).
 3-Body  A60-LYD 12,  A61-ASP 24,  A62-GLU 41:       0.00108962 at      1.389 Ang (1.840 Ang by residue) in 3.2462 (sec).
 3-Body  A60-LYD 12,  A61-ASP 25,  A64-GLU 0 :       0.00088035 at      1.439 Ang (0.821 Ang by residue) in 3.2125 (sec).
 3-Body  A60-LYD 12,  A61-ASP 25,  A64-GLU 36:       0.00088108 at      1.440 Ang (0.821 Ang by residue) in 3.1831 (sec).
 3-Body  A60-LYD 12,  A61-ASP 25,  A64-GLU 37:       0.00049873 at      1.440 Ang (0.821 Ang by residue) in 3.3904 (sec).
 3-Body  A60-LYD 12,  A61-ASP 25,  A64-GLU 40:       0.00296336 at      1.431 Ang (0.821 Ang by residue) in 3.3297 (sec).
 3-Body  A60-LYD 12,  A61-ASP 25,  A64-GLU 41:       0.00144862 at      1.436 Ang (0.821 Ang by residue) in 3.2501 (sec).
 3-Body  A60-LYD 12,  A61-ASP 25,  A62-GLU 0 :       0.00105130 at      1.389 Ang (1.840 Ang by residue) in 3.3318 (sec).
 3-Body  A60-LYD 12,  A61-ASP 25,  A62-GLU 40:       0.00100965 at      1.389 Ang (1.840 Ang by residue) in 3.3743 (sec).
 3-Body  A60-LYD 12,  A61-ASP 25,  A62-GLU 41:       0.00102246 at      1.389 Ang (1.840 Ang by residue) in 3.2641 (sec).
 3-Body  A60-LYD 12,  A61-ASP 26,  A64-GLU 0 :       0.00083010 at      1.439 Ang (0.821 Ang by residue) in 3.1491 (sec).
 3-Body  A60-LYD 12,  A61-ASP 26,  A64-GLU 36:       0.00083128 at      1.440 Ang (0.821 Ang by residue) in 3.3812 (sec).
 3-Body  A60-LYD 12,  A61-ASP 26,  A64-GLU 37:      -0.00033778 at      1.440 Ang (0.821 Ang by residue) in 3.2884 (sec).
 3-Body  A60-LYD 12,  A61-ASP 26,  A64-GLU 40:      -0.00393430 at      1.431 Ang (0.821 Ang by residue) in 3.4172 (sec).
 3-Body  A60-LYD 12,  A61-ASP 26,  A64-GLU 41:       0.00074693 at      1.436 Ang (0.821 Ang by residue) in 3.3270 (sec).
 3-Body  A60-LYD 12,  A61-ASP 26,  A62-GLU 0 :       0.00116462 at      1.389 Ang (1.840 Ang by residue) in 3.4710 (sec).
 3-Body  A60-LYD 12,  A61-ASP 26,  A62-GLU 40:       0.00111042 at      1.389 Ang (1.840 Ang by residue) in 3.4759 (sec).
 3-Body  A60-LYD 12,  A61-ASP 26,  A62-GLU 41:       0.00102226 at      1.389 Ang (1.840 Ang by residue) in 3.1929 (sec).
 3-Body  A60-LYD 12,  A62-GLU 0 ,  A64-GLU 0 :       0.00033155 at      1.677 Ang (2.260 Ang by residue) in 3.4205 (sec).
 3-Body  A60-LYD 12,  A62-GLU 0 ,  A64-GLU 36:       0.00033166 at      1.677 Ang (2.260 Ang by residue) in 3.4078 (sec).
 3-Body  A60-LYD 12,  A62-GLU 0 ,  A64-GLU 37:       0.00035623 at      1.677 Ang (2.260 Ang by residue) in 3.3569 (sec).
 3-Body  A60-LYD 12,  A62-GLU 0 ,  A64-GLU 40:       0.00150703 at      1.674 Ang (2.260 Ang by residue) in 3.0556 (sec).
 3-Body  A60-LYD 12,  A62-GLU 0 ,  A64-GLU 41:       0.00058066 at      1.677 Ang (2.260 Ang by residue) in 3.2844 (sec).
 3-Body  A60-LYD 12,  A62-GLU 40,  A64-GLU 0 :       0.00032144 at      1.677 Ang (2.260 Ang by residue) in 3.3625 (sec).
 3-Body  A60-LYD 12,  A62-GLU 40,  A64-GLU 36:       0.00032156 at      1.677 Ang (2.260 Ang by residue) in 3.3155 (sec).
 3-Body  A60-LYD 12,  A62-GLU 40,  A64-GLU 37:       0.00033765 at      1.677 Ang (2.260 Ang by residue) in 3.3213 (sec).
 3-Body  A60-LYD 12,  A62-GLU 40,  A64-GLU 40:       0.00140883 at      1.674 Ang (2.260 Ang by residue) in 3.4972 (sec).
 3-Body  A60-LYD 12,  A62-GLU 40,  A64-GLU 41:       0.00056007 at      1.677 Ang (2.260 Ang by residue) in 3.2935 (sec).
 3-Body  A60-LYD 12,  A62-GLU 41,  A64-GLU 0 :       0.00030375 at      1.677 Ang (2.260 Ang by residue) in 3.4820 (sec).
 3-Body  A60-LYD 12,  A62-GLU 41,  A64-GLU 36:       0.00030389 at      1.677 Ang (2.260 Ang by residue) in 3.2406 (sec).
 3-Body  A60-LYD 12,  A62-GLU 41,  A64-GLU 37:       0.00028182 at      1.677 Ang (2.260 Ang by residue) in 3.3876 (sec).
 3-Body  A60-LYD 12,  A62-GLU 41,  A64-GLU 40:       0.00105900 at      1.674 Ang (2.260 Ang by residue) in 3.2921 (sec).
 3-Body  A60-LYD 12,  A62-GLU 41,  A64-GLU 41:       0.00053103 at      1.677 Ang (2.260 Ang by residue) in 3.2759 (sec).
 3-Body  A60-LYD 13,  A61-ASP 0 ,  A64-GLU 0 :       0.00076139 at      1.439 Ang (0.821 Ang by residue) in 3.2711 (sec).
 3-Body  A60-LYD 13,  A61-ASP 0 ,  A64-GLU 36:       0.00076248 at      1.440 Ang (0.821 Ang by residue) in 3.3377 (sec).
 3-Body  A60-LYD 13,  A61-ASP 0 ,  A64-GLU 37:      -0.00011771 at      1.440 Ang (0.821 Ang by residue) in 3.5033 (sec).
 3-Body  A60-LYD 13,  A61-ASP 0 ,  A64-GLU 40:       0.00117472 at      1.435 Ang (0.821 Ang by residue) in 3.2672 (sec).
 3-Body  A60-LYD 13,  A61-ASP 0 ,  A64-GLU 41:       0.00084815 at      1.436 Ang (0.821 Ang by residue) in 3.4275 (sec).
 3-Body  A60-LYD 13,  A61-ASP 0 ,  A62-GLU 0 :       0.00106174 at      1.389 Ang (1.840 Ang by residue) in 3.4501 (sec).
 3-Body  A60-LYD 13,  A61-ASP 0 ,  A62-GLU 40:       0.00100646 at      1.389 Ang (1.840 Ang by residue) in 3.5071 (sec).
 3-Body  A60-LYD 13,  A61-ASP 0 ,  A62-GLU 41:       0.00086460 at      1.389 Ang (1.840 Ang by residue) in 3.4196 (sec).
 3-Body  A60-LYD 13,  A61-ASP 24,  A64-GLU 0 :       0.00079293 at      1.439 Ang (0.821 Ang by residue) in 3.3082 (sec).
 3-Body  A60-LYD 13,  A61-ASP 24,  A64-GLU 36:       0.00079366 at      1.440 Ang (0.821 Ang by residue) in 3.3428 (sec).
 3-Body  A60-LYD 13,  A61-ASP 24,  A64-GLU 37:       0.00035244 at      1.440 Ang (0.821 Ang by residue) in 3.3855 (sec).
 3-Body  A60-LYD 13,  A61-ASP 24,  A64-GLU 40:       0.00267550 at      1.435 Ang (0.821 Ang by residue) in 3.2897 (sec).
 3-Body  A60-LYD 13,  A61-ASP 24,  A64-GLU 41:       0.00119420 at      1.436 Ang (0.821 Ang by residue) in 3.3068 (sec).
 3-Body  A60-LYD 13,  A61-ASP 24,  A62-GLU 0 :       0.00108184 at      1.389 Ang (1.840 Ang by residue) in 3.2421 (sec).
 3-Body  A60-LYD 13,  A61-ASP 24,  A62-GLU 40:       0.00103975 at      1.389 Ang (1.840 Ang by residue) in 3.1564 (sec).
 3-Body  A60-LYD 13,  A61-ASP 24,  A62-GLU 41:       0.00109481 at      1.389 Ang (1.840 Ang by residue) in 3.2876 (sec).
 3-Body  A60-LYD 13,  A61-ASP 25,  A64-GLU 0 :       0.00087196 at      1.439 Ang (0.821 Ang by residue) in 3.1865 (sec).
 3-Body  A60-LYD 13,  A61-ASP 25,  A64-GLU 36:       0.00087268 at      1.440 Ang (0.821 Ang by residue) in 3.2632 (sec).
 3-Body  A60-LYD 13,  A61-ASP 25,  A64-GLU 37:       0.00050968 at      1.440 Ang (0.821 Ang by residue) in 3.4144 (sec).
 3-Body  A60-LYD 13,  A61-ASP 25,  A64-GLU 40:       0.00298044 at      1.435 Ang (0.821 Ang by residue) in 3.3396 (sec).
 3-Body  A60-LYD 13,  A61-ASP 25,  A64-GLU 41:       0.00139421 at      1.436 Ang (0.821 Ang by residue) in 3.3752 (sec).
 3-Body  A60-LYD 13,  A61-ASP 25,  A62-GLU 0 :       0.00104865 at      1.389 Ang (1.840 Ang by residue) in 3.3795 (sec).
 3-Body  A60-LYD 13,  A61-ASP 25,  A62-GLU 40:       0.00100676 at      1.389 Ang (1.840 Ang by residue) in 3.3360 (sec).
 3-Body  A60-LYD 13,  A61-ASP 25,  A62-GLU 41:       0.00101521 at      1.389 Ang (1.840 Ang by residue) in 3.1926 (sec).
 3-Body  A60-LYD 13,  A61-ASP 26,  A64-GLU 0 :       0.00085805 at      1.439 Ang (0.821 Ang by residue) in 3.2972 (sec).
 3-Body  A60-LYD 13,  A61-ASP 26,  A64-GLU 36:       0.00085921 at      1.440 Ang (0.821 Ang by residue) in 3.2845 (sec).
 3-Body  A60-LYD 13,  A61-ASP 26,  A64-GLU 37:      -0.00026119 at      1.440 Ang (0.821 Ang by residue) in 3.3773 (sec).
 3-Body  A60-LYD 13,  A61-ASP 26,  A64-GLU 40:      -0.00324023 at      1.435 Ang (0.821 Ang by residue) in 3.3531 (sec).
 3-Body  A60-LYD 13,  A61-ASP 26,  A64-GLU 41:       0.00076825 at      1.436 Ang (0.821 Ang by residue) in 3.1160 (sec).
 3-Body  A60-LYD 13,  A61-ASP 26,  A62-GLU 0 :       0.00116943 at      1.389 Ang (1.840 Ang by residue) in 3.4442 (sec).
 3-Body  A60-LYD 13,  A61-ASP 26,  A62-GLU 40:       0.00111504 at      1.389 Ang (1.840 Ang by residue) in 3.5199 (sec).
 3-Body  A60-LYD 13,  A61-ASP 26,  A62-GLU 41:       0.00102372 at      1.389 Ang (1.840 Ang by residue) in 3.4113 (sec).
 3-Body  A60-LYD 13,  A62-GLU 0 ,  A64-GLU 0 :       0.00033212 at      1.677 Ang (2.260 Ang by residue) in 3.3818 (sec).
 3-Body  A60-LYD 13,  A62-GLU 0 ,  A64-GLU 36:       0.00033223 at      1.677 Ang (2.260 Ang by residue) in 3.3788 (sec).
 3-Body  A60-LYD 13,  A62-GLU 0 ,  A64-GLU 37:       0.00035858 at      1.677 Ang (2.260 Ang by residue) in 3.4195 (sec).
 3-Body  A60-LYD 13,  A62-GLU 0 ,  A64-GLU 40:       0.00144404 at      1.677 Ang (2.260 Ang by residue) in 3.3498 (sec).
 3-Body  A60-LYD 13,  A62-GLU 0 ,  A64-GLU 41:       0.00058476 at      1.677 Ang (2.260 Ang by residue) in 3.3666 (sec).
 3-Body  A60-LYD 13,  A62-GLU 40,  A64-GLU 0 :       0.00032181 at      1.677 Ang (2.260 Ang by residue) in 3.3418 (sec).
 3-Body  A60-LYD 13,  A62-GLU 40,  A64-GLU 36:       0.00032192 at      1.677 Ang (2.260 Ang by residue) in 3.2582 (sec).
 3-Body  A60-LYD 13,  A62-GLU 40,  A64-GLU 37:       0.00033965 at      1.677 Ang (2.260 Ang by residue) in 3.2082 (sec).
 3-Body  A60-LYD 13,  A62-GLU 40,  A64-GLU 40:       0.00135038 at      1.677 Ang (2.260 Ang by residue) in 3.3501 (sec).
 3-Body  A60-LYD 13,  A62-GLU 40,  A64-GLU 41:       0.00056235 at      1.677 Ang (2.260 Ang by residue) in 3.2232 (sec).
 3-Body  A60-LYD 13,  A62-GLU 41,  A64-GLU 0 :       0.00030046 at      1.677 Ang (2.260 Ang by residue) in 3.3795 (sec).
 3-Body  A60-LYD 13,  A62-GLU 41,  A64-GLU 36:       0.00030060 at      1.677 Ang (2.260 Ang by residue) in 3.1910 (sec).
 3-Body  A60-LYD 13,  A62-GLU 41,  A64-GLU 37:       0.00027980 at      1.677 Ang (2.260 Ang by residue) in 3.4326 (sec).
 3-Body  A60-LYD 13,  A62-GLU 41,  A64-GLU 40:       0.00101748 at      1.677 Ang (2.260 Ang by residue) in 3.4095 (sec).
 3-Body  A60-LYD 13,  A62-GLU 41,  A64-GLU 41:       0.00051214 at      1.677 Ang (2.260 Ang by residue) in 3.4801 (sec).
 3-Body  A60-LYD 14,  A61-ASP 0 ,  A64-GLU 0 :       0.00088650 at      1.439 Ang (0.821 Ang by residue) in 3.3149 (sec).
 3-Body  A60-LYD 14,  A61-ASP 0 ,  A64-GLU 36:       0.00088779 at      1.440 Ang (0.821 Ang by residue) in 3.2841 (sec).
 3-Body  A60-LYD 14,  A61-ASP 0 ,  A64-GLU 37:      -0.00036433 at      1.440 Ang (0.821 Ang by residue) in 3.2818 (sec).
 3-Body  A60-LYD 14,  A61-ASP 0 ,  A64-GLU 40:       0.00501563 at      1.363 Ang (0.821 Ang by residue) in 3.4091 (sec).
 3-Body  A60-LYD 14,  A61-ASP 0 ,  A64-GLU 41:       0.00146419 at      1.436 Ang (0.821 Ang by residue) in 3.3255 (sec).
 3-Body  A60-LYD 14,  A61-ASP 0 ,  A62-GLU 0 :       0.00111957 at      1.389 Ang (1.840 Ang by residue) in 3.4147 (sec).
 3-Body  A60-LYD 14,  A61-ASP 0 ,  A62-GLU 40:       0.00106541 at      1.389 Ang (1.840 Ang by residue) in 3.3382 (sec).
 3-Body  A60-LYD 14,  A61-ASP 0 ,  A62-GLU 41:       0.00093504 at      1.389 Ang (1.840 Ang by residue) in 3.4274 (sec).
 3-Body  A60-LYD 14,  A61-ASP 24,  A64-GLU 0 :       0.00076639 at      1.439 Ang (0.821 Ang by residue) in 3.4394 (sec).
 3-Body  A60-LYD 14,  A61-ASP 24,  A64-GLU 36:       0.00076731 at      1.440 Ang (0.821 Ang by residue) in 3.3530 (sec).
 3-Body  A60-LYD 14,  A61-ASP 24,  A64-GLU 37:      -0.00006012 at      1.440 Ang (0.821 Ang by residue) in 3.3129 (sec).
 3-Body  A60-LYD 14,  A61-ASP 24,  A64-GLU 40:       0.00462362 at      1.363 Ang (0.821 Ang by residue) in 3.2006 (sec).
 3-Body  A60-LYD 14,  A61-ASP 24,  A64-GLU 41:       0.00125084 at      1.436 Ang (0.821 Ang by residue) in 3.3095 (sec).
 3-Body  A60-LYD 14,  A61-ASP 24,  A62-GLU 0 :       0.00119822 at      1.389 Ang (1.840 Ang by residue) in 3.5952 (sec).
 3-Body  A60-LYD 14,  A61-ASP 24,  A62-GLU 40:       0.00115866 at      1.389 Ang (1.840 Ang by residue) in 3.3759 (sec).
 3-Body  A60-LYD 14,  A61-ASP 24,  A62-GLU 41:       0.00123999 at      1.389 Ang (1.840 Ang by residue) in 3.3117 (sec).
 3-Body  A60-LYD 14,  A61-ASP 25,  A64-GLU 0 :       0.00093870 at      1.439 Ang (0.821 Ang by residue) in 3.3943 (sec).
 3-Body  A60-LYD 14,  A61-ASP 25,  A64-GLU 36:       0.00093963 at      1.440 Ang (0.821 Ang by residue) in 3.3038 (sec).
 3-Body  A60-LYD 14,  A61-ASP 25,  A64-GLU 37:       0.00020584 at      1.440 Ang (0.821 Ang by residue) in 3.3669 (sec).
 3-Body  A60-LYD 14,  A61-ASP 25,  A64-GLU 40:       0.00492481 at      1.363 Ang (0.821 Ang by residue) in 3.4316 (sec).
 3-Body  A60-LYD 14,  A61-ASP 25,  A64-GLU 41:       0.00167414 at      1.436 Ang (0.821 Ang by residue) in 3.4065 (sec).
 3-Body  A60-LYD 14,  A61-ASP 25,  A62-GLU 0 :       0.00114621 at      1.389 Ang (1.840 Ang by residue) in 3.3665 (sec).
 3-Body  A60-LYD 14,  A61-ASP 25,  A62-GLU 40:       0.00110680 at      1.389 Ang (1.840 Ang by residue) in 3.3265 (sec).
 3-Body  A60-LYD 14,  A61-ASP 25,  A62-GLU 41:       0.00113910 at      1.389 Ang (1.840 Ang by residue) in 3.3837 (sec).
 3-Body  A60-LYD 14,  A61-ASP 26,  A64-GLU 0 :       0.00103025 at      1.439 Ang (0.821 Ang by residue) in 3.4959 (sec).
 3-Body  A60-LYD 14,  A61-ASP 26,  A64-GLU 36:       0.00103166 at      1.440 Ang (0.821 Ang by residue) in 3.3487 (sec).
 3-Body  A60-LYD 14,  A61-ASP 26,  A64-GLU 37:      -0.00056046 at      1.440 Ang (0.821 Ang by residue) in 3.3709 (sec).
 3-Body  A60-LYD 14,  A61-ASP 26,  A64-GLU 40:      -0.00422107 at      1.363 Ang (0.821 Ang by residue) in 3.2895 (sec).
 3-Body  A60-LYD 14,  A61-ASP 26,  A64-GLU 41:       0.00139860 at      1.436 Ang (0.821 Ang by residue) in 3.3490 (sec).
 3-Body  A60-LYD 14,  A61-ASP 26,  A62-GLU 0 :       0.00122822 at      1.389 Ang (1.840 Ang by residue) in 3.2555 (sec).
 3-Body  A60-LYD 14,  A61-ASP 26,  A62-GLU 40:       0.00117525 at      1.389 Ang (1.840 Ang by residue) in 3.3718 (sec).
 3-Body  A60-LYD 14,  A61-ASP 26,  A62-GLU 41:       0.00109596 at      1.389 Ang (1.840 Ang by residue) in 3.4391 (sec).
 3-Body  A60-LYD 14,  A62-GLU 0 ,  A64-GLU 0 :       0.00039355 at      1.677 Ang (2.260 Ang by residue) in 3.4676 (sec).
 3-Body  A60-LYD 14,  A62-GLU 0 ,  A64-GLU 36:       0.00039369 at      1.677 Ang (2.260 Ang by residue) in 3.5209 (sec).
 3-Body  A60-LYD 14,  A62-GLU 0 ,  A64-GLU 37:       0.00044058 at      1.677 Ang (2.260 Ang by residue) in 3.2651 (sec).
 3-Body  A60-LYD 14,  A62-GLU 0 ,  A64-GLU 40:       0.00319593 at      1.616 Ang (2.260 Ang by residue) in 3.1486 (sec).
 3-Body  A60-LYD 14,  A62-GLU 0 ,  A64-GLU 41:       0.00072267 at      1.677 Ang (2.260 Ang by residue) in 3.3493 (sec).
 3-Body  A60-LYD 14,  A62-GLU 40,  A64-GLU 0 :       0.00037806 at      1.677 Ang (2.260 Ang by residue) in 3.2559 (sec).
 3-Body  A60-LYD 14,  A62-GLU 40,  A64-GLU 36:       0.00037820 at      1.677 Ang (2.260 Ang by residue) in 3.2890 (sec).
 3-Body  A60-LYD 14,  A62-GLU 40,  A64-GLU 37:       0.00041051 at      1.677 Ang (2.260 Ang by residue) in 3.2605 (sec).
 3-Body  A60-LYD 14,  A62-GLU 40,  A64-GLU 40:       0.00295946 at      1.616 Ang (2.260 Ang by residue) in 3.3186 (sec).
 3-Body  A60-LYD 14,  A62-GLU 40,  A64-GLU 41:       0.00067727 at      1.677 Ang (2.260 Ang by residue) in 3.4172 (sec).
 3-Body  A60-LYD 14,  A62-GLU 41,  A64-GLU 0 :       0.00032554 at      1.677 Ang (2.260 Ang by residue) in 3.3570 (sec).
 3-Body  A60-LYD 14,  A62-GLU 41,  A64-GLU 36:       0.00032571 at      1.677 Ang (2.260 Ang by residue) in 3.4422 (sec).
 3-Body  A60-LYD 14,  A62-GLU 41,  A64-GLU 37:       0.00026111 at      1.677 Ang (2.260 Ang by residue) in 3.4186 (sec).
 3-Body  A60-LYD 14,  A62-GLU 41,  A64-GLU 40:       0.00190528 at      1.616 Ang (2.260 Ang by residue) in 3.3812 (sec).
 3-Body  A60-LYD 14,  A62-GLU 41,  A64-GLU 41:       0.00050232 at      1.677 Ang (2.260 Ang by residue) in 3.4612 (sec).
 3-Body  A60-LYD 15,  A61-ASP 0 ,  A64-GLU 0 :       0.00070373 at      1.439 Ang (0.821 Ang by residue) in 3.3188 (sec).
 3-Body  A60-LYD 15,  A61-ASP 0 ,  A64-GLU 36:       0.00070476 at      1.440 Ang (0.821 Ang by residue) in 3.3690 (sec).
 3-Body  A60-LYD 15,  A61-ASP 0 ,  A64-GLU 37:      -0.00012163 at      1.440 Ang (0.821 Ang by residue) in 3.3932 (sec).
 3-Body  A60-LYD 15,  A61-ASP 0 ,  A64-GLU 40:       0.00041523 at      1.435 Ang (0.821 Ang by residue) in 3.2379 (sec).
 3-Body  A60-LYD 15,  A61-ASP 0 ,  A64-GLU 41:       0.00075289 at      1.436 Ang (0.821 Ang by residue) in 3.4822 (sec).
 3-Body  A60-LYD 15,  A61-ASP 0 ,  A62-GLU 0 :       0.00105118 at      1.389 Ang (1.840 Ang by residue) in 3.3114 (sec).
 3-Body  A60-LYD 15,  A61-ASP 0 ,  A62-GLU 40:       0.00099747 at      1.389 Ang (1.840 Ang by residue) in 3.4113 (sec).
 3-Body  A60-LYD 15,  A61-ASP 0 ,  A62-GLU 41:       0.00085255 at      1.389 Ang (1.840 Ang by residue) in 3.4545 (sec).
 3-Body  A60-LYD 15,  A61-ASP 24,  A64-GLU 0 :       0.00075848 at      1.439 Ang (0.821 Ang by residue) in 3.3431 (sec).
 3-Body  A60-LYD 15,  A61-ASP 24,  A64-GLU 36:       0.00075916 at      1.440 Ang (0.821 Ang by residue) in 3.2771 (sec).
 3-Body  A60-LYD 15,  A61-ASP 24,  A64-GLU 37:       0.00037926 at      1.440 Ang (0.821 Ang by residue) in 3.2201 (sec).
 3-Body  A60-LYD 15,  A61-ASP 24,  A64-GLU 40:       0.00254008 at      1.435 Ang (0.821 Ang by residue) in 3.2863 (sec).
 3-Body  A60-LYD 15,  A61-ASP 24,  A64-GLU 41:       0.00110382 at      1.436 Ang (0.821 Ang by residue) in 3.4169 (sec).
 3-Body  A60-LYD 15,  A61-ASP 24,  A62-GLU 0 :       0.00106149 at      1.389 Ang (1.840 Ang by residue) in 3.3755 (sec).
 3-Body  A60-LYD 15,  A61-ASP 24,  A62-GLU 40:       0.00102114 at      1.389 Ang (1.840 Ang by residue) in 3.5200 (sec).
 3-Body  A60-LYD 15,  A61-ASP 24,  A62-GLU 41:       0.00107558 at      1.389 Ang (1.840 Ang by residue) in 3.4464 (sec).
 3-Body  A60-LYD 15,  A61-ASP 25,  A64-GLU 0 :       0.00083379 at      1.439 Ang (0.821 Ang by residue) in 3.3754 (sec).
 3-Body  A60-LYD 15,  A61-ASP 25,  A64-GLU 36:       0.00083445 at      1.440 Ang (0.821 Ang by residue) in 3.3503 (sec).
 3-Body  A60-LYD 15,  A61-ASP 25,  A64-GLU 37:       0.00052555 at      1.440 Ang (0.821 Ang by residue) in 3.4036 (sec).
 3-Body  A60-LYD 15,  A61-ASP 25,  A64-GLU 40:       0.00285853 at      1.435 Ang (0.821 Ang by residue) in 3.1238 (sec).
 3-Body  A60-LYD 15,  A61-ASP 25,  A64-GLU 41:       0.00129585 at      1.436 Ang (0.821 Ang by residue) in 3.4994 (sec).
 3-Body  A60-LYD 15,  A61-ASP 25,  A62-GLU 0 :       0.00103025 at      1.389 Ang (1.840 Ang by residue) in 3.2715 (sec).
 3-Body  A60-LYD 15,  A61-ASP 25,  A62-GLU 40:       0.00099027 at      1.389 Ang (1.840 Ang by residue) in 3.4274 (sec).
 3-Body  A60-LYD 15,  A61-ASP 25,  A62-GLU 41:       0.00099816 at      1.389 Ang (1.840 Ang by residue) in 3.2029 (sec).
 3-Body  A60-LYD 15,  A61-ASP 26,  A64-GLU 0 :       0.00079107 at      1.439 Ang (0.821 Ang by residue) in 3.3230 (sec).
 3-Body  A60-LYD 15,  A61-ASP 26,  A64-GLU 36:       0.00079218 at      1.440 Ang (0.821 Ang by residue) in 3.4169 (sec).
 3-Body  A60-LYD 15,  A61-ASP 26,  A64-GLU 37:      -0.00024722 at      1.440 Ang (0.821 Ang by residue) in 3.3044 (sec).
 3-Body  A60-LYD 15,  A61-ASP 26,  A64-GLU 40:      -0.00235786 at      1.435 Ang (0.821 Ang by residue) in 3.4163 (sec).
 3-Body  A60-LYD 15,  A61-ASP 26,  A64-GLU 41:       0.00066657 at      1.436 Ang (0.821 Ang by residue) in 3.4129 (sec).
 3-Body  A60-LYD 15,  A61-ASP 26,  A62-GLU 0 :       0.00115964 at      1.389 Ang (1.840 Ang by residue) in 3.4138 (sec).
 3-Body  A60-LYD 15,  A61-ASP 26,  A62-GLU 40:       0.00110676 at      1.389 Ang (1.840 Ang by residue) in 3.4084 (sec).
 3-Body  A60-LYD 15,  A61-ASP 26,  A62-GLU 41:       0.00101389 at      1.389 Ang (1.840 Ang by residue) in 3.2902 (sec).
 3-Body  A60-LYD 15,  A62-GLU 0 ,  A64-GLU 0 :       0.00031738 at      1.677 Ang (2.260 Ang by residue) in 3.4542 (sec).
 3-Body  A60-LYD 15,  A62-GLU 0 ,  A64-GLU 36:       0.00031749 at      1.677 Ang (2.260 Ang by residue) in 3.3108 (sec).
 3-Body  A60-LYD 15,  A62-GLU 0 ,  A64-GLU 37:       0.00034595 at      1.677 Ang (2.260 Ang by residue) in 3.3980 (sec).
 3-Body  A60-LYD 15,  A62-GLU 0 ,  A64-GLU 40:       0.00119760 at      1.677 Ang (2.260 Ang by residue) in 3.4182 (sec).
 3-Body  A60-LYD 15,  A62-GLU 0 ,  A64-GLU 41:       0.00056311 at      1.677 Ang (2.260 Ang by residue) in 3.3180 (sec).
 3-Body  A60-LYD 15,  A62-GLU 40,  A64-GLU 0 :       0.00030798 at      1.677 Ang (2.260 Ang by residue) in 3.1953 (sec).
 3-Body  A60-LYD 15,  A62-GLU 40,  A64-GLU 36:       0.00030809 at      1.677 Ang (2.260 Ang by residue) in 3.5342 (sec).
 3-Body  A60-LYD 15,  A62-GLU 40,  A64-GLU 37:       0.00032904 at      1.677 Ang (2.260 Ang by residue) in 3.3597 (sec).
 3-Body  A60-LYD 15,  A62-GLU 40,  A64-GLU 40:       0.00115446 at      1.677 Ang (2.260 Ang by residue) in 3.1603 (sec).
 3-Body  A60-LYD 15,  A62-GLU 40,  A64-GLU 41:       0.00054191 at      1.677 Ang (2.260 Ang by residue) in 3.3132 (sec).
 3-Body  A60-LYD 15,  A62-GLU 41,  A64-GLU 0 :       0.00028991 at      1.677 Ang (2.260 Ang by residue) in 3.5092 (sec).
 3-Body  A60-LYD 15,  A62-GLU 41,  A64-GLU 36:       0.00029003 at      1.677 Ang (2.260 Ang by residue) in 3.4811 (sec).
 3-Body  A60-LYD 15,  A62-GLU 41,  A64-GLU 37:       0.00028333 at      1.677 Ang (2.260 Ang by residue) in 3.4489 (sec).
 3-Body  A60-LYD 15,  A62-GLU 41,  A64-GLU 40:       0.00112738 at      1.677 Ang (2.260 Ang by residue) in 3.4577 (sec).
 3-Body  A60-LYD 15,  A62-GLU 41,  A64-GLU 41:       0.00049440 at      1.677 Ang (2.260 Ang by residue) in 3.2766 (sec).
 3-Body  A60-LYD 19,  A61-ASP 0 ,  A64-GLU 0 :       0.00050997 at      1.439 Ang (0.821 Ang by residue) in 3.4262 (sec).
 3-Body  A60-LYD 19,  A61-ASP 0 ,  A64-GLU 36:       0.00051054 at      1.440 Ang (0.821 Ang by residue) in 3.3119 (sec).
 3-Body  A60-LYD 19,  A61-ASP 0 ,  A64-GLU 37:       0.00011612 at      1.440 Ang (0.821 Ang by residue) in 3.4648 (sec).
 3-Body  A60-LYD 19,  A61-ASP 0 ,  A64-GLU 40:       0.00061665 at      1.435 Ang (0.821 Ang by residue) in 3.3354 (sec).
 3-Body  A60-LYD 19,  A61-ASP 0 ,  A64-GLU 41:       0.00062216 at      1.436 Ang (0.821 Ang by residue) in 3.2694 (sec).
 3-Body  A60-LYD 19,  A61-ASP 0 ,  A62-GLU 0 :       0.00080432 at      1.389 Ang (1.840 Ang by residue) in 3.1968 (sec).
 3-Body  A60-LYD 19,  A61-ASP 0 ,  A62-GLU 40:       0.00077014 at      1.389 Ang (1.840 Ang by residue) in 3.3084 (sec).
 3-Body  A60-LYD 19,  A61-ASP 0 ,  A62-GLU 41:       0.00065088 at      1.389 Ang (1.840 Ang by residue) in 3.4002 (sec).
 3-Body  A60-LYD 19,  A61-ASP 24,  A64-GLU 0 :       0.00052020 at      1.439 Ang (0.821 Ang by residue) in 3.3472 (sec).
 3-Body  A60-LYD 19,  A61-ASP 24,  A64-GLU 36:       0.00052055 at      1.440 Ang (0.821 Ang by residue) in 3.5307 (sec).
 3-Body  A60-LYD 19,  A61-ASP 24,  A64-GLU 37:       0.00036897 at      1.440 Ang (0.821 Ang by residue) in 3.3150 (sec).
 3-Body  A60-LYD 19,  A61-ASP 24,  A64-GLU 40:       0.00094507 at      1.435 Ang (0.821 Ang by residue) in 3.2953 (sec).
 3-Body  A60-LYD 19,  A61-ASP 24,  A64-GLU 41:       0.00066448 at      1.436 Ang (0.821 Ang by residue) in 3.3236 (sec).
 3-Body  A60-LYD 19,  A61-ASP 24,  A62-GLU 0 :       0.00094374 at      1.389 Ang (1.840 Ang by residue) in 3.2945 (sec).
 3-Body  A60-LYD 19,  A61-ASP 24,  A62-GLU 40:       0.00092510 at      1.389 Ang (1.840 Ang by residue) in 3.4172 (sec).
 3-Body  A60-LYD 19,  A61-ASP 24,  A62-GLU 41:       0.00100929 at      1.389 Ang (1.840 Ang by residue) in 3.2220 (sec).
 3-Body  A60-LYD 19,  A61-ASP 25,  A64-GLU 0 :       0.00056045 at      1.439 Ang (0.821 Ang by residue) in 3.2411 (sec).
 3-Body  A60-LYD 19,  A61-ASP 25,  A64-GLU 36:       0.00056079 at      1.440 Ang (0.821 Ang by residue) in 3.3162 (sec).
 3-Body  A60-LYD 19,  A61-ASP 25,  A64-GLU 37:       0.00044956 at      1.440 Ang (0.821 Ang by residue) in 3.5017 (sec).
 3-Body  A60-LYD 19,  A61-ASP 25,  A64-GLU 40:       0.00116014 at      1.435 Ang (0.821 Ang by residue) in 3.3646 (sec).
 3-Body  A60-LYD 19,  A61-ASP 25,  A64-GLU 41:       0.00078383 at      1.436 Ang (0.821 Ang by residue) in 3.5331 (sec).
 3-Body  A60-LYD 19,  A61-ASP 25,  A62-GLU 0 :       0.00087033 at      1.389 Ang (1.840 Ang by residue) in 3.3833 (sec).
 3-Body  A60-LYD 19,  A61-ASP 25,  A62-GLU 40:       0.00085000 at      1.389 Ang (1.840 Ang by residue) in 3.4453 (sec).
 3-Body  A60-LYD 19,  A61-ASP 25,  A62-GLU 41:       0.00088073 at      1.389 Ang (1.840 Ang by residue) in 3.5048 (sec).
 3-Body  A60-LYD 19,  A61-ASP 26,  A64-GLU 0 :       0.00060105 at      1.439 Ang (0.821 Ang by residue) in 3.4379 (sec).
 3-Body  A60-LYD 19,  A61-ASP 26,  A64-GLU 36:       0.00060161 at      1.440 Ang (0.821 Ang by residue) in 3.5102 (sec).
 3-Body  A60-LYD 19,  A61-ASP 26,  A64-GLU 37:       0.00024290 at      1.440 Ang (0.821 Ang by residue) in 3.3973 (sec).
 3-Body  A60-LYD 19,  A61-ASP 26,  A64-GLU 40:       0.00057264 at      1.435 Ang (0.821 Ang by residue) in 3.5622 (sec).
 3-Body  A60-LYD 19,  A61-ASP 26,  A64-GLU 41:       0.00074114 at      1.436 Ang (0.821 Ang by residue) in 3.3906 (sec).
 3-Body  A60-LYD 19,  A61-ASP 26,  A62-GLU 0 :       0.00088831 at      1.389 Ang (1.840 Ang by residue) in 3.3704 (sec).
 3-Body  A60-LYD 19,  A61-ASP 26,  A62-GLU 40:       0.00085531 at      1.389 Ang (1.840 Ang by residue) in 3.5023 (sec).
 3-Body  A60-LYD 19,  A61-ASP 26,  A62-GLU 41:       0.00079071 at      1.389 Ang (1.840 Ang by residue) in 3.3648 (sec).
 3-Body  A60-LYD 19,  A62-GLU 0 ,  A64-GLU 0 :       0.00022011 at      1.677 Ang (2.260 Ang by residue) in 3.3113 (sec).
 3-Body  A60-LYD 19,  A62-GLU 0 ,  A64-GLU 36:       0.00022017 at      1.677 Ang (2.260 Ang by residue) in 3.3955 (sec).
 3-Body  A60-LYD 19,  A62-GLU 0 ,  A64-GLU 37:       0.00023644 at      1.677 Ang (2.260 Ang by residue) in 3.1078 (sec).
 3-Body  A60-LYD 19,  A62-GLU 0 ,  A64-GLU 40:       0.00053754 at      1.677 Ang (2.260 Ang by residue) in 3.3116 (sec).
 3-Body  A60-LYD 19,  A62-GLU 0 ,  A64-GLU 41:       0.00035910 at      1.677 Ang (2.260 Ang by residue) in 3.3931 (sec).
 3-Body  A60-LYD 19,  A62-GLU 40,  A64-GLU 0 :       0.00021285 at      1.677 Ang (2.260 Ang by residue) in 3.4606 (sec).
 3-Body  A60-LYD 19,  A62-GLU 40,  A64-GLU 36:       0.00021291 at      1.677 Ang (2.260 Ang by residue) in 3.3218 (sec).
 3-Body  A60-LYD 19,  A62-GLU 40,  A64-GLU 37:       0.00022581 at      1.677 Ang (2.260 Ang by residue) in 3.1897 (sec).
 3-Body  A60-LYD 19,  A62-GLU 40,  A64-GLU 40:       0.00051701 at      1.677 Ang (2.260 Ang by residue) in 3.2851 (sec).
 3-Body  A60-LYD 19,  A62-GLU 40,  A64-GLU 41:       0.00034486 at      1.677 Ang (2.260 Ang by residue) in 3.1994 (sec).
 3-Body  A60-LYD 19,  A62-GLU 41,  A64-GLU 0 :       0.00019637 at      1.677 Ang (2.260 Ang by residue) in 3.3226 (sec).
 3-Body  A60-LYD 19,  A62-GLU 41,  A64-GLU 36:       0.00019644 at      1.677 Ang (2.260 Ang by residue) in 3.4165 (sec).
 3-Body  A60-LYD 19,  A62-GLU 41,  A64-GLU 37:       0.00019892 at      1.677 Ang (2.260 Ang by residue) in 3.5101 (sec).
 3-Body  A60-LYD 19,  A62-GLU 41,  A64-GLU 40:       0.00048703 at      1.677 Ang (2.260 Ang by residue) in 3.5805 (sec).
 3-Body  A60-LYD 19,  A62-GLU 41,  A64-GLU 41:       0.00031387 at      1.677 Ang (2.260 Ang by residue) in 3.2773 (sec).
 3-Body  A60-LYD 20,  A61-ASP 0 ,  A64-GLU 0 :       0.00047556 at      1.439 Ang (0.821 Ang by residue) in 3.2821 (sec).
 3-Body  A60-LYD 20,  A61-ASP 0 ,  A64-GLU 36:       0.00047611 at      1.440 Ang (0.821 Ang by residue) in 3.3472 (sec).
 3-Body  A60-LYD 20,  A61-ASP 0 ,  A64-GLU 37:       0.00009314 at      1.440 Ang (0.821 Ang by residue) in 3.3514 (sec).
 3-Body  A60-LYD 20,  A61-ASP 0 ,  A64-GLU 40:       0.00048157 at      1.435 Ang (0.821 Ang by residue) in 3.2219 (sec).
 3-Body  A60-LYD 20,  A61-ASP 0 ,  A64-GLU 41:       0.00056493 at      1.436 Ang (0.821 Ang by residue) in 3.3416 (sec).
 3-Body  A60-LYD 20,  A61-ASP 0 ,  A62-GLU 0 :       0.00078580 at      1.389 Ang (1.840 Ang by residue) in 3.2374 (sec).
 3-Body  A60-LYD 20,  A61-ASP 0 ,  A62-GLU 40:       0.00075299 at      1.389 Ang (1.840 Ang by residue) in 3.3500 (sec).
 3-Body  A60-LYD 20,  A61-ASP 0 ,  A62-GLU 41:       0.00063632 at      1.389 Ang (1.840 Ang by residue) in 3.1917 (sec).
 3-Body  A60-LYD 20,  A61-ASP 24,  A64-GLU 0 :       0.00050671 at      1.439 Ang (0.821 Ang by residue) in 3.2070 (sec).
 3-Body  A60-LYD 20,  A61-ASP 24,  A64-GLU 36:       0.00050704 at      1.440 Ang (0.821 Ang by residue) in 3.5502 (sec).
 3-Body  A60-LYD 20,  A61-ASP 24,  A64-GLU 37:       0.00036462 at      1.440 Ang (0.821 Ang by residue) in 3.6097 (sec).
 3-Body  A60-LYD 20,  A61-ASP 24,  A64-GLU 40:       0.00085211 at      1.435 Ang (0.821 Ang by residue) in 3.3024 (sec).
 3-Body  A60-LYD 20,  A61-ASP 24,  A64-GLU 41:       0.00064491 at      1.436 Ang (0.821 Ang by residue) in 3.3335 (sec).
 3-Body  A60-LYD 20,  A61-ASP 24,  A62-GLU 0 :       0.00092111 at      1.389 Ang (1.840 Ang by residue) in 3.2901 (sec).
 3-Body  A60-LYD 20,  A61-ASP 24,  A62-GLU 40:       0.00090330 at      1.389 Ang (1.840 Ang by residue) in 3.4953 (sec).
 3-Body  A60-LYD 20,  A61-ASP 24,  A62-GLU 41:       0.00099022 at      1.389 Ang (1.840 Ang by residue) in 3.3430 (sec).
 3-Body  A60-LYD 20,  A61-ASP 25,  A64-GLU 0 :       0.00054633 at      1.439 Ang (0.821 Ang by residue) in 3.2522 (sec).
 3-Body  A60-LYD 20,  A61-ASP 25,  A64-GLU 36:       0.00054666 at      1.440 Ang (0.821 Ang by residue) in 3.3167 (sec).
 3-Body  A60-LYD 20,  A61-ASP 25,  A64-GLU 37:       0.00044211 at      1.440 Ang (0.821 Ang by residue) in 3.3542 (sec).
 3-Body  A60-LYD 20,  A61-ASP 25,  A64-GLU 40:       0.00106162 at      1.435 Ang (0.821 Ang by residue) in 3.3479 (sec).
 3-Body  A60-LYD 20,  A61-ASP 25,  A64-GLU 41:       0.00076062 at      1.436 Ang (0.821 Ang by residue) in 3.2979 (sec).
 3-Body  A60-LYD 20,  A61-ASP 25,  A62-GLU 0 :       0.00085386 at      1.389 Ang (1.840 Ang by residue) in 3.3074 (sec).
 3-Body  A60-LYD 20,  A61-ASP 25,  A62-GLU 40:       0.00083476 at      1.389 Ang (1.840 Ang by residue) in 3.2867 (sec).
 3-Body  A60-LYD 20,  A61-ASP 25,  A62-GLU 41:       0.00087093 at      1.389 Ang (1.840 Ang by residue) in 3.3730 (sec).
 3-Body  A60-LYD 20,  A61-ASP 26,  A64-GLU 0 :       0.00056622 at      1.439 Ang (0.821 Ang by residue) in 3.3149 (sec).
 3-Body  A60-LYD 20,  A61-ASP 26,  A64-GLU 36:       0.00056677 at      1.440 Ang (0.821 Ang by residue) in 3.3761 (sec).
 3-Body  A60-LYD 20,  A61-ASP 26,  A64-GLU 37:       0.00021716 at      1.440 Ang (0.821 Ang by residue) in 3.2169 (sec).
 3-Body  A60-LYD 20,  A61-ASP 26,  A64-GLU 40:       0.00050914 at      1.435 Ang (0.821 Ang by residue) in 3.2068 (sec).
 3-Body  A60-LYD 20,  A61-ASP 26,  A64-GLU 41:       0.00068253 at      1.436 Ang (0.821 Ang by residue) in 2.9265 (sec).
 3-Body  A60-LYD 20,  A61-ASP 26,  A62-GLU 0 :       0.00086869 at      1.389 Ang (1.840 Ang by residue) in 2.7507 (sec).
 3-Body  A60-LYD 20,  A61-ASP 26,  A62-GLU 40:       0.00083721 at      1.389 Ang (1.840 Ang by residue) in 2.7902 (sec).
 3-Body  A60-LYD 20,  A61-ASP 26,  A62-GLU 41:       0.00077504 at      1.389 Ang (1.840 Ang by residue) in 2.8318 (sec).
 3-Body  A60-LYD 20,  A62-GLU 0 ,  A64-GLU 0 :       0.00021011 at      1.677 Ang (2.260 Ang by residue) in 3.0568 (sec).
 3-Body  A60-LYD 20,  A62-GLU 0 ,  A64-GLU 36:       0.00021017 at      1.677 Ang (2.260 Ang by residue) in 2.8351 (sec).
 3-Body  A60-LYD 20,  A62-GLU 0 ,  A64-GLU 37:       0.00022527 at      1.677 Ang (2.260 Ang by residue) in 3.0176 (sec).
 3-Body  A60-LYD 20,  A62-GLU 0 ,  A64-GLU 40:       0.00049359 at      1.677 Ang (2.260 Ang by residue) in 3.0922 (sec).
 3-Body  A60-LYD 20,  A62-GLU 0 ,  A64-GLU 41:       0.00034289 at      1.677 Ang (2.260 Ang by residue) in 2.7775 (sec).
 3-Body  A60-LYD 20,  A62-GLU 40,  A64-GLU 0 :       0.00020350 at      1.677 Ang (2.260 Ang by residue) in 2.8225 (sec).
 3-Body  A60-LYD 20,  A62-GLU 40,  A64-GLU 36:       0.00020356 at      1.677 Ang (2.260 Ang by residue) in 2.8760 (sec).
 3-Body  A60-LYD 20,  A62-GLU 40,  A64-GLU 37:       0.00021551 at      1.677 Ang (2.260 Ang by residue) in 2.8031 (sec).
 3-Body  A60-LYD 20,  A62-GLU 40,  A64-GLU 40:       0.00047612 at      1.677 Ang (2.260 Ang by residue) in 2.9971 (sec).
 3-Body  A60-LYD 20,  A62-GLU 40,  A64-GLU 41:       0.00032979 at      1.677 Ang (2.260 Ang by residue) in 3.2278 (sec).
 3-Body  A60-LYD 20,  A62-GLU 41,  A64-GLU 0 :       0.00018981 at      1.677 Ang (2.260 Ang by residue) in 3.3593 (sec).
 3-Body  A60-LYD 20,  A62-GLU 41,  A64-GLU 36:       0.00018987 at      1.677 Ang (2.260 Ang by residue) in 3.2456 (sec).
 3-Body  A60-LYD 20,  A62-GLU 41,  A64-GLU 37:       0.00019318 at      1.677 Ang (2.260 Ang by residue) in 3.3058 (sec).
 3-Body  A60-LYD 20,  A62-GLU 41,  A64-GLU 40:       0.00045892 at      1.677 Ang (2.260 Ang by residue) in 3.3758 (sec).
 3-Body  A60-LYD 20,  A62-GLU 41,  A64-GLU 41:       0.00030352 at      1.677 Ang (2.260 Ang by residue) in 3.3699 (sec).
 3-Body  A60-LYD 21,  A61-ASP 0 ,  A64-GLU 0 :       0.00047880 at      1.439 Ang (0.821 Ang by residue) in 3.5310 (sec).
 3-Body  A60-LYD 21,  A61-ASP 0 ,  A64-GLU 36:       0.00047936 at      1.440 Ang (0.821 Ang by residue) in 3.4176 (sec).
 3-Body  A60-LYD 21,  A61-ASP 0 ,  A64-GLU 37:       0.00009374 at      1.440 Ang (0.821 Ang by residue) in 3.2800 (sec).
 3-Body  A60-LYD 21,  A61-ASP 0 ,  A64-GLU 40:       0.00048288 at      1.435 Ang (0.821 Ang by residue) in 3.5527 (sec).
 3-Body  A60-LYD 21,  A61-ASP 0 ,  A64-GLU 41:       0.00056937 at      1.436 Ang (0.821 Ang by residue) in 3.4485 (sec).
 3-Body  A60-LYD 21,  A61-ASP 0 ,  A62-GLU 0 :       0.00079155 at      1.389 Ang (1.840 Ang by residue) in 3.3545 (sec).
 3-Body  A60-LYD 21,  A61-ASP 0 ,  A62-GLU 40:       0.00075897 at      1.389 Ang (1.840 Ang by residue) in 3.3073 (sec).
 3-Body  A60-LYD 21,  A61-ASP 0 ,  A62-GLU 41:       0.00064054 at      1.389 Ang (1.840 Ang by residue) in 3.4299 (sec).
 3-Body  A60-LYD 21,  A61-ASP 24,  A64-GLU 0 :       0.00050656 at      1.439 Ang (0.821 Ang by residue) in 3.4076 (sec).
 3-Body  A60-LYD 21,  A61-ASP 24,  A64-GLU 36:       0.00050690 at      1.440 Ang (0.821 Ang by residue) in 3.3445 (sec).
 3-Body  A60-LYD 21,  A61-ASP 24,  A64-GLU 37:       0.00036364 at      1.440 Ang (0.821 Ang by residue) in 3.2502 (sec).
 3-Body  A60-LYD 21,  A61-ASP 24,  A64-GLU 40:       0.00085585 at      1.435 Ang (0.821 Ang by residue) in 3.3650 (sec).
 3-Body  A60-LYD 21,  A61-ASP 24,  A64-GLU 41:       0.00064625 at      1.436 Ang (0.821 Ang by residue) in 3.2119 (sec).
 3-Body  A60-LYD 21,  A61-ASP 24,  A62-GLU 0 :       0.00093046 at      1.389 Ang (1.840 Ang by residue) in 3.4310 (sec).
 3-Body  A60-LYD 21,  A61-ASP 24,  A62-GLU 40:       0.00091345 at      1.389 Ang (1.840 Ang by residue) in 3.3383 (sec).
 3-Body  A60-LYD 21,  A61-ASP 24,  A62-GLU 41:       0.00100097 at      1.389 Ang (1.840 Ang by residue) in 3.2414 (sec).
 3-Body  A60-LYD 21,  A61-ASP 25,  A64-GLU 0 :       0.00054495 at      1.439 Ang (0.821 Ang by residue) in 3.4927 (sec).
 3-Body  A60-LYD 21,  A61-ASP 25,  A64-GLU 36:       0.00054527 at      1.440 Ang (0.821 Ang by residue) in 3.2019 (sec).
 3-Body  A60-LYD 21,  A61-ASP 25,  A64-GLU 37:       0.00043901 at      1.440 Ang (0.821 Ang by residue) in 3.4666 (sec).
 3-Body  A60-LYD 21,  A61-ASP 25,  A64-GLU 40:       0.00106366 at      1.435 Ang (0.821 Ang by residue) in 3.1820 (sec).
 3-Body  A60-LYD 21,  A61-ASP 25,  A64-GLU 41:       0.00076128 at      1.436 Ang (0.821 Ang by residue) in 3.4203 (sec).
 3-Body  A60-LYD 21,  A61-ASP 25,  A62-GLU 0 :       0.00085760 at      1.389 Ang (1.840 Ang by residue) in 3.3972 (sec).
 3-Body  A60-LYD 21,  A61-ASP 25,  A62-GLU 40:       0.00083896 at      1.389 Ang (1.840 Ang by residue) in 3.4308 (sec).
 3-Body  A60-LYD 21,  A61-ASP 25,  A62-GLU 41:       0.00087316 at      1.389 Ang (1.840 Ang by residue) in 3.3712 (sec).
 3-Body  A60-LYD 21,  A61-ASP 26,  A64-GLU 0 :       0.00056888 at      1.439 Ang (0.821 Ang by residue) in 3.6549 (sec).
 3-Body  A60-LYD 21,  A61-ASP 26,  A64-GLU 36:       0.00056944 at      1.440 Ang (0.821 Ang by residue) in 3.4613 (sec).
 3-Body  A60-LYD 21,  A61-ASP 26,  A64-GLU 37:       0.00021531 at      1.440 Ang (0.821 Ang by residue) in 3.4906 (sec).
 3-Body  A60-LYD 21,  A61-ASP 26,  A64-GLU 40:       0.00050835 at      1.435 Ang (0.821 Ang by residue) in 3.4257 (sec).
 3-Body  A60-LYD 21,  A61-ASP 26,  A64-GLU 41:       0.00068701 at      1.436 Ang (0.821 Ang by residue) in 3.2936 (sec).
 3-Body  A60-LYD 21,  A61-ASP 26,  A62-GLU 0 :       0.00087335 at      1.389 Ang (1.840 Ang by residue) in 3.2198 (sec).
 3-Body  A60-LYD 21,  A61-ASP 26,  A62-GLU 40:       0.00084217 at      1.389 Ang (1.840 Ang by residue) in 3.3819 (sec).
 3-Body  A60-LYD 21,  A61-ASP 26,  A62-GLU 41:       0.00077817 at      1.389 Ang (1.840 Ang by residue) in 3.4627 (sec).
 3-Body  A60-LYD 21,  A62-GLU 0 ,  A64-GLU 0 :       0.00021109 at      1.677 Ang (2.260 Ang by residue) in 3.4471 (sec).
 3-Body  A60-LYD 21,  A62-GLU 0 ,  A64-GLU 36:       0.00021116 at      1.677 Ang (2.260 Ang by residue) in 3.3055 (sec).
 3-Body  A60-LYD 21,  A62-GLU 0 ,  A64-GLU 37:       0.00022631 at      1.677 Ang (2.260 Ang by residue) in 3.2740 (sec).
 3-Body  A60-LYD 21,  A62-GLU 0 ,  A64-GLU 40:       0.00049717 at      1.677 Ang (2.260 Ang by residue) in 3.3062 (sec).
 3-Body  A60-LYD 21,  A62-GLU 0 ,  A64-GLU 41:       0.00034544 at      1.677 Ang (2.260 Ang by residue) in 3.3624 (sec).
 3-Body  A60-LYD 21,  A62-GLU 40,  A64-GLU 0 :       0.00020452 at      1.677 Ang (2.260 Ang by residue) in 3.4078 (sec).
 3-Body  A60-LYD 21,  A62-GLU 40,  A64-GLU 36:       0.00020458 at      1.677 Ang (2.260 Ang by residue) in 3.3923 (sec).
 3-Body  A60-LYD 21,  A62-GLU 40,  A64-GLU 37:       0.00021661 at      1.677 Ang (2.260 Ang by residue) in 3.2332 (sec).
 3-Body  A60-LYD 21,  A62-GLU 40,  A64-GLU 40:       0.00047961 at      1.677 Ang (2.260 Ang by residue) in 3.2702 (sec).
 3-Body  A60-LYD 21,  A62-GLU 40,  A64-GLU 41:       0.00033229 at      1.677 Ang (2.260 Ang by residue) in 3.5568 (sec).
 3-Body  A60-LYD 21,  A62-GLU 41,  A64-GLU 0 :       0.00019050 at      1.677 Ang (2.260 Ang by residue) in 3.4402 (sec).
 3-Body  A60-LYD 21,  A62-GLU 41,  A64-GLU 36:       0.00019057 at      1.677 Ang (2.260 Ang by residue) in 3.1993 (sec).
 3-Body  A60-LYD 21,  A62-GLU 41,  A64-GLU 37:       0.00019425 at      1.677 Ang (2.260 Ang by residue) in 3.3803 (sec).
 3-Body  A60-LYD 21,  A62-GLU 41,  A64-GLU 40:       0.00046169 at      1.677 Ang (2.260 Ang by residue) in 3.3414 (sec).
 3-Body  A60-LYD 21,  A62-GLU 41,  A64-GLU 41:       0.00030514 at      1.677 Ang (2.260 Ang by residue) in 3.3184 (sec).
 3-Body  A60-LYD 22,  A61-ASP 0 ,  A64-GLU 0 :       0.00048370 at      1.439 Ang (0.821 Ang by residue) in 3.2887 (sec).
 3-Body  A60-LYD 22,  A61-ASP 0 ,  A64-GLU 36:       0.00048426 at      1.440 Ang (0.821 Ang by residue) in 3.4226 (sec).
 3-Body  A60-LYD 22,  A61-ASP 0 ,  A64-GLU 37:       0.00009894 at      1.440 Ang (0.821 Ang by residue) in 3.5361 (sec).
 3-Body  A60-LYD 22,  A61-ASP 0 ,  A64-GLU 40:       0.00050191 at      1.435 Ang (0.821 Ang by residue) in 3.3753 (sec).
 3-Body  A60-LYD 22,  A61-ASP 0 ,  A64-GLU 41:       0.00057867 at      1.436 Ang (0.821 Ang by residue) in 3.4148 (sec).
 3-Body  A60-LYD 22,  A61-ASP 0 ,  A62-GLU 0 :       0.00080901 at      1.389 Ang (1.840 Ang by residue) in 3.5046 (sec).
 3-Body  A60-LYD 22,  A61-ASP 0 ,  A62-GLU 40:       0.00077626 at      1.389 Ang (1.840 Ang by residue) in 3.4690 (sec).
 3-Body  A60-LYD 22,  A61-ASP 0 ,  A62-GLU 41:       0.00065656 at      1.389 Ang (1.840 Ang by residue) in 3.5311 (sec).
 3-Body  A60-LYD 22,  A61-ASP 24,  A64-GLU 0 :       0.00051913 at      1.439 Ang (0.821 Ang by residue) in 3.2676 (sec).
 3-Body  A60-LYD 22,  A61-ASP 24,  A64-GLU 36:       0.00051947 at      1.440 Ang (0.821 Ang by residue) in 3.4846 (sec).
 3-Body  A60-LYD 22,  A61-ASP 24,  A64-GLU 37:       0.00037807 at      1.440 Ang (0.821 Ang by residue) in 3.2840 (sec).
 3-Body  A60-LYD 22,  A61-ASP 24,  A64-GLU 40:       0.00087901 at      1.435 Ang (0.821 Ang by residue) in 3.3789 (sec).
 3-Body  A60-LYD 22,  A61-ASP 24,  A64-GLU 41:       0.00066193 at      1.436 Ang (0.821 Ang by residue) in 3.6077 (sec).
 3-Body  A60-LYD 22,  A61-ASP 24,  A62-GLU 0 :       0.00095393 at      1.389 Ang (1.840 Ang by residue) in 3.2934 (sec).
 3-Body  A60-LYD 22,  A61-ASP 24,  A62-GLU 40:       0.00093714 at      1.389 Ang (1.840 Ang by residue) in 3.6695 (sec).
 3-Body  A60-LYD 22,  A61-ASP 24,  A62-GLU 41:       0.00102659 at      1.389 Ang (1.840 Ang by residue) in 3.5017 (sec).
 3-Body  A60-LYD 22,  A61-ASP 25,  A64-GLU 0 :       0.00055174 at      1.439 Ang (0.821 Ang by residue) in 3.6100 (sec).
 3-Body  A60-LYD 22,  A61-ASP 25,  A64-GLU 36:       0.00055208 at      1.440 Ang (0.821 Ang by residue) in 3.6252 (sec).
 3-Body  A60-LYD 22,  A61-ASP 25,  A64-GLU 37:       0.00044862 at      1.440 Ang (0.821 Ang by residue) in 3.6650 (sec).
 3-Body  A60-LYD 22,  A61-ASP 25,  A64-GLU 40:       0.00108174 at      1.435 Ang (0.821 Ang by residue) in 3.5229 (sec).
 3-Body  A60-LYD 22,  A61-ASP 25,  A64-GLU 41:       0.00077036 at      1.436 Ang (0.821 Ang by residue) in 3.3726 (sec).
 3-Body  A60-LYD 22,  A61-ASP 25,  A62-GLU 0 :       0.00088052 at      1.389 Ang (1.840 Ang by residue) in 3.2594 (sec).
 3-Body  A60-LYD 22,  A61-ASP 25,  A62-GLU 40:       0.00086213 at      1.389 Ang (1.840 Ang by residue) in 3.2758 (sec).
 3-Body  A60-LYD 22,  A61-ASP 25,  A62-GLU 41:       0.00089815 at      1.389 Ang (1.840 Ang by residue) in 3.3013 (sec).
 3-Body  A60-LYD 22,  A61-ASP 26,  A64-GLU 0 :       0.00057492 at      1.439 Ang (0.821 Ang by residue) in 3.4704 (sec).
 3-Body  A60-LYD 22,  A61-ASP 26,  A64-GLU 36:       0.00057548 at      1.440 Ang (0.821 Ang by residue) in 3.4813 (sec).
 3-Body  A60-LYD 22,  A61-ASP 26,  A64-GLU 37:       0.00022129 at      1.440 Ang (0.821 Ang by residue) in 3.3500 (sec).
 3-Body  A60-LYD 22,  A61-ASP 26,  A64-GLU 40:       0.00052889 at      1.435 Ang (0.821 Ang by residue) in 3.4198 (sec).
 3-Body  A60-LYD 22,  A61-ASP 26,  A64-GLU 41:       0.00069810 at      1.436 Ang (0.821 Ang by residue) in 3.1300 (sec).
 3-Body  A60-LYD 22,  A61-ASP 26,  A62-GLU 0 :       0.00089084 at      1.389 Ang (1.840 Ang by residue) in 3.4404 (sec).
 3-Body  A60-LYD 22,  A61-ASP 26,  A62-GLU 40:       0.00085958 at      1.389 Ang (1.840 Ang by residue) in 3.3572 (sec).
 3-Body  A60-LYD 22,  A61-ASP 26,  A62-GLU 41:       0.00079507 at      1.389 Ang (1.840 Ang by residue) in 3.3081 (sec).
 3-Body  A60-LYD 22,  A62-GLU 0 ,  A64-GLU 0 :       0.00021369 at      1.677 Ang (2.260 Ang by residue) in 3.4080 (sec).
 3-Body  A60-LYD 22,  A62-GLU 0 ,  A64-GLU 36:       0.00021377 at      1.677 Ang (2.260 Ang by residue) in 3.4308 (sec).
 3-Body  A60-LYD 22,  A62-GLU 0 ,  A64-GLU 37:       0.00022938 at      1.677 Ang (2.260 Ang by residue) in 3.3677 (sec).
 3-Body  A60-LYD 22,  A62-GLU 0 ,  A64-GLU 40:       0.00050341 at      1.677 Ang (2.260 Ang by residue) in 3.3504 (sec).
 3-Body  A60-LYD 22,  A62-GLU 0 ,  A64-GLU 41:       0.00034986 at      1.677 Ang (2.260 Ang by residue) in 3.1423 (sec).
 3-Body  A60-LYD 22,  A62-GLU 40,  A64-GLU 0 :       0.00020711 at      1.677 Ang (2.260 Ang by residue) in 3.4089 (sec).
 3-Body  A60-LYD 22,  A62-GLU 40,  A64-GLU 36:       0.00020718 at      1.677 Ang (2.260 Ang by residue) in 3.2387 (sec).
 3-Body  A60-LYD 22,  A62-GLU 40,  A64-GLU 37:       0.00021974 at      1.677 Ang (2.260 Ang by residue) in 3.2621 (sec).
 3-Body  A60-LYD 22,  A62-GLU 40,  A64-GLU 40:       0.00048592 at      1.677 Ang (2.260 Ang by residue) in 3.4394 (sec).
 3-Body  A60-LYD 22,  A62-GLU 40,  A64-GLU 41:       0.00033666 at      1.677 Ang (2.260 Ang by residue) in 3.5073 (sec).
 3-Body  A60-LYD 22,  A62-GLU 41,  A64-GLU 0 :       0.00019386 at      1.677 Ang (2.260 Ang by residue) in 3.3870 (sec).
 3-Body  A60-LYD 22,  A62-GLU 41,  A64-GLU 36:       0.00019393 at      1.677 Ang (2.260 Ang by residue) in 3.2490 (sec).
 3-Body  A60-LYD 22,  A62-GLU 41,  A64-GLU 37:       0.00019829 at      1.677 Ang (2.260 Ang by residue) in 3.3394 (sec).
 3-Body  A60-LYD 22,  A62-GLU 41,  A64-GLU 40:       0.00046985 at      1.677 Ang (2.260 Ang by residue) in 3.3713 (sec).
 3-Body  A60-LYD 22,  A62-GLU 41,  A64-GLU 41:       0.00031060 at      1.677 Ang (2.260 Ang by residue) in 3.3064 (sec).
 3-Body  A60-LYD 23,  A61-ASP 0 ,  A64-GLU 0 :       0.00048183 at      1.439 Ang (0.821 Ang by residue) in 3.4067 (sec).
 3-Body  A60-LYD 23,  A61-ASP 0 ,  A64-GLU 36:       0.00048239 at      1.440 Ang (0.821 Ang by residue) in 3.2631 (sec).
 3-Body  A60-LYD 23,  A61-ASP 0 ,  A64-GLU 37:       0.00007157 at      1.440 Ang (0.821 Ang by residue) in 3.4060 (sec).
 3-Body  A60-LYD 23,  A61-ASP 0 ,  A64-GLU 40:       0.00048205 at      1.435 Ang (0.821 Ang by residue) in 3.2869 (sec).
 3-Body  A60-LYD 23,  A61-ASP 0 ,  A64-GLU 41:       0.00058027 at      1.436 Ang (0.821 Ang by residue) in 3.3426 (sec).
 3-Body  A60-LYD 23,  A61-ASP 0 ,  A62-GLU 0 :       0.00080982 at      1.389 Ang (1.840 Ang by residue) in 3.3971 (sec).
 3-Body  A60-LYD 23,  A61-ASP 0 ,  A62-GLU 40:       0.00077494 at      1.389 Ang (1.840 Ang by residue) in 3.3710 (sec).
 3-Body  A60-LYD 23,  A61-ASP 0 ,  A62-GLU 41:       0.00065020 at      1.389 Ang (1.840 Ang by residue) in 3.5000 (sec).
 3-Body  A60-LYD 23,  A61-ASP 24,  A64-GLU 0 :       0.00051940 at      1.439 Ang (0.821 Ang by residue) in 3.4625 (sec).
 3-Body  A60-LYD 23,  A61-ASP 24,  A64-GLU 36:       0.00051973 at      1.440 Ang (0.821 Ang by residue) in 3.3612 (sec).
 3-Body  A60-LYD 23,  A61-ASP 24,  A64-GLU 37:       0.00037294 at      1.440 Ang (0.821 Ang by residue) in 3.1795 (sec).
 3-Body  A60-LYD 23,  A61-ASP 24,  A64-GLU 40:       0.00088113 at      1.435 Ang (0.821 Ang by residue) in 3.4874 (sec).
 3-Body  A60-LYD 23,  A61-ASP 24,  A64-GLU 41:       0.00066245 at      1.436 Ang (0.821 Ang by residue) in 3.3327 (sec).
 3-Body  A60-LYD 23,  A61-ASP 24,  A62-GLU 0 :       0.00094655 at      1.389 Ang (1.840 Ang by residue) in 3.2828 (sec).
 3-Body  A60-LYD 23,  A61-ASP 24,  A62-GLU 40:       0.00092908 at      1.389 Ang (1.840 Ang by residue) in 3.3136 (sec).
 3-Body  A60-LYD 23,  A61-ASP 24,  A62-GLU 41:       0.00101279 at      1.389 Ang (1.840 Ang by residue) in 3.3748 (sec).
 3-Body  A60-LYD 23,  A61-ASP 25,  A64-GLU 0 :       0.00055321 at      1.439 Ang (0.821 Ang by residue) in 3.3062 (sec).
 3-Body  A60-LYD 23,  A61-ASP 25,  A64-GLU 36:       0.00055354 at      1.440 Ang (0.821 Ang by residue) in 3.3396 (sec).
 3-Body  A60-LYD 23,  A61-ASP 25,  A64-GLU 37:       0.00044472 at      1.440 Ang (0.821 Ang by residue) in 3.5823 (sec).
 3-Body  A60-LYD 23,  A61-ASP 25,  A64-GLU 40:       0.00108664 at      1.435 Ang (0.821 Ang by residue) in 3.1903 (sec).
 3-Body  A60-LYD 23,  A61-ASP 25,  A64-GLU 41:       0.00077286 at      1.436 Ang (0.821 Ang by residue) in 3.3928 (sec).
 3-Body  A60-LYD 23,  A61-ASP 25,  A62-GLU 0 :       0.00087457 at      1.389 Ang (1.840 Ang by residue) in 3.3042 (sec).
 3-Body  A60-LYD 23,  A61-ASP 25,  A62-GLU 40:       0.00085584 at      1.389 Ang (1.840 Ang by residue) in 3.2643 (sec).
 3-Body  A60-LYD 23,  A61-ASP 25,  A62-GLU 41:       0.00088749 at      1.389 Ang (1.840 Ang by residue) in 3.2783 (sec).
 3-Body  A60-LYD 23,  A61-ASP 26,  A64-GLU 0 :       0.00057862 at      1.439 Ang (0.821 Ang by residue) in 3.3029 (sec).
 3-Body  A60-LYD 23,  A61-ASP 26,  A64-GLU 36:       0.00057918 at      1.440 Ang (0.821 Ang by residue) in 3.3299 (sec).
 3-Body  A60-LYD 23,  A61-ASP 26,  A64-GLU 37:       0.00020987 at      1.440 Ang (0.821 Ang by residue) in 3.3863 (sec).
 3-Body  A60-LYD 23,  A61-ASP 26,  A64-GLU 40:       0.00052229 at      1.435 Ang (0.821 Ang by residue) in 3.4294 (sec).
 3-Body  A60-LYD 23,  A61-ASP 26,  A64-GLU 41:       0.00070384 at      1.436 Ang (0.821 Ang by residue) in 3.4059 (sec).
 3-Body  A60-LYD 23,  A61-ASP 26,  A62-GLU 0 :       0.00090316 at      1.389 Ang (1.840 Ang by residue) in 3.2015 (sec).
 3-Body  A60-LYD 23,  A61-ASP 26,  A62-GLU 40:       0.00086970 at      1.389 Ang (1.840 Ang by residue) in 3.3572 (sec).
 3-Body  A60-LYD 23,  A61-ASP 26,  A62-GLU 41:       0.00080495 at      1.389 Ang (1.840 Ang by residue) in 3.3854 (sec).
 3-Body  A60-LYD 23,  A62-GLU 0 ,  A64-GLU 0 :       0.00021316 at      1.677 Ang (2.260 Ang by residue) in 3.3904 (sec).
 3-Body  A60-LYD 23,  A62-GLU 0 ,  A64-GLU 36:       0.00021322 at      1.677 Ang (2.260 Ang by residue) in 3.2393 (sec).
 3-Body  A60-LYD 23,  A62-GLU 0 ,  A64-GLU 37:       0.00023049 at      1.677 Ang (2.260 Ang by residue) in 3.4160 (sec).
 3-Body  A60-LYD 23,  A62-GLU 0 ,  A64-GLU 40:       0.00050641 at      1.677 Ang (2.260 Ang by residue) in 3.3835 (sec).
 3-Body  A60-LYD 23,  A62-GLU 0 ,  A64-GLU 41:       0.00034754 at      1.677 Ang (2.260 Ang by residue) in 3.4743 (sec).
 3-Body  A60-LYD 23,  A62-GLU 40,  A64-GLU 0 :       0.00020664 at      1.677 Ang (2.260 Ang by residue) in 3.3215 (sec).
 3-Body  A60-LYD 23,  A62-GLU 40,  A64-GLU 36:       0.00020670 at      1.677 Ang (2.260 Ang by residue) in 3.3528 (sec).
 3-Body  A60-LYD 23,  A62-GLU 40,  A64-GLU 37:       0.00022055 at      1.677 Ang (2.260 Ang by residue) in 3.6231 (sec).
 3-Body  A60-LYD 23,  A62-GLU 40,  A64-GLU 40:       0.00048858 at      1.677 Ang (2.260 Ang by residue) in 3.4490 (sec).
 3-Body  A60-LYD 23,  A62-GLU 40,  A64-GLU 41:       0.00033458 at      1.677 Ang (2.260 Ang by residue) in 3.5721 (sec).
 3-Body  A60-LYD 23,  A62-GLU 41,  A64-GLU 0 :       0.00019361 at      1.677 Ang (2.260 Ang by residue) in 3.5095 (sec).
 3-Body  A60-LYD 23,  A62-GLU 41,  A64-GLU 36:       0.00019368 at      1.677 Ang (2.260 Ang by residue) in 3.2849 (sec).
 3-Body  A60-LYD 23,  A62-GLU 41,  A64-GLU 37:       0.00019806 at      1.677 Ang (2.260 Ang by residue) in 3.2013 (sec).
 3-Body  A60-LYD 23,  A62-GLU 41,  A64-GLU 40:       0.00047197 at      1.677 Ang (2.260 Ang by residue) in 3.3767 (sec).
 3-Body  A60-LYD 23,  A62-GLU 41,  A64-GLU 41:       0.00030948 at      1.677 Ang (2.260 Ang by residue) in 3.2469 (sec).
 3-Body  A60-LYD 24,  A61-ASP 0 ,  A64-GLU 0 :       0.00050276 at      1.439 Ang (0.821 Ang by residue) in 3.4498 (sec).
 3-Body  A60-LYD 24,  A61-ASP 0 ,  A64-GLU 36:       0.00050334 at      1.440 Ang (0.821 Ang by residue) in 3.1916 (sec).
 3-Body  A60-LYD 24,  A61-ASP 0 ,  A64-GLU 37:       0.00010406 at      1.440 Ang (0.821 Ang by residue) in 3.4178 (sec).
 3-Body  A60-LYD 24,  A61-ASP 0 ,  A64-GLU 40:       0.00054839 at      1.435 Ang (0.821 Ang by residue) in 3.4291 (sec).
 3-Body  A60-LYD 24,  A61-ASP 0 ,  A64-GLU 41:       0.00061516 at      1.436 Ang (0.821 Ang by residue) in 3.4622 (sec).
 3-Body  A60-LYD 24,  A61-ASP 0 ,  A62-GLU 0 :       0.00084717 at      1.389 Ang (1.840 Ang by residue) in 3.3658 (sec).
 3-Body  A60-LYD 24,  A61-ASP 0 ,  A62-GLU 40:       0.00081129 at      1.389 Ang (1.840 Ang by residue) in 3.4806 (sec).
 3-Body  A60-LYD 24,  A61-ASP 0 ,  A62-GLU 41:       0.00067839 at      1.389 Ang (1.840 Ang by residue) in 3.6420 (sec).
 3-Body  A60-LYD 24,  A61-ASP 24,  A64-GLU 0 :       0.00052889 at      1.439 Ang (0.821 Ang by residue) in 3.4270 (sec).
 3-Body  A60-LYD 24,  A61-ASP 24,  A64-GLU 36:       0.00052924 at      1.440 Ang (0.821 Ang by residue) in 3.3573 (sec).
 3-Body  A60-LYD 24,  A61-ASP 24,  A64-GLU 37:       0.00038723 at      1.440 Ang (0.821 Ang by residue) in 3.4219 (sec).
 3-Body  A60-LYD 24,  A61-ASP 24,  A64-GLU 40:       0.00090228 at      1.435 Ang (0.821 Ang by residue) in 3.4001 (sec).
 3-Body  A60-LYD 24,  A61-ASP 24,  A64-GLU 41:       0.00067601 at      1.436 Ang (0.821 Ang by residue) in 3.3238 (sec).
 3-Body  A60-LYD 24,  A61-ASP 24,  A62-GLU 0 :       0.00097596 at      1.389 Ang (1.840 Ang by residue) in 3.4021 (sec).
 3-Body  A60-LYD 24,  A61-ASP 24,  A62-GLU 40:       0.00095828 at      1.389 Ang (1.840 Ang by residue) in 3.4108 (sec).
 3-Body  A60-LYD 24,  A61-ASP 24,  A62-GLU 41:       0.00103853 at      1.389 Ang (1.840 Ang by residue) in 3.5784 (sec).
 3-Body  A60-LYD 24,  A61-ASP 25,  A64-GLU 0 :       0.00056477 at      1.439 Ang (0.821 Ang by residue) in 3.2629 (sec).
 3-Body  A60-LYD 24,  A61-ASP 25,  A64-GLU 36:       0.00056511 at      1.440 Ang (0.821 Ang by residue) in 3.4319 (sec).
 3-Body  A60-LYD 24,  A61-ASP 25,  A64-GLU 37:       0.00046282 at      1.440 Ang (0.821 Ang by residue) in 3.5843 (sec).
 3-Body  A60-LYD 24,  A61-ASP 25,  A64-GLU 40:       0.00111334 at      1.435 Ang (0.821 Ang by residue) in 3.3342 (sec).
 3-Body  A60-LYD 24,  A61-ASP 25,  A64-GLU 41:       0.00078957 at      1.436 Ang (0.821 Ang by residue) in 3.4759 (sec).
 3-Body  A60-LYD 24,  A61-ASP 25,  A62-GLU 0 :       0.00090077 at      1.389 Ang (1.840 Ang by residue) in 3.2676 (sec).
 3-Body  A60-LYD 24,  A61-ASP 25,  A62-GLU 40:       0.00088168 at      1.389 Ang (1.840 Ang by residue) in 3.3534 (sec).
 3-Body  A60-LYD 24,  A61-ASP 25,  A62-GLU 41:       0.00090760 at      1.389 Ang (1.840 Ang by residue) in 3.4880 (sec).
 3-Body  A60-LYD 24,  A61-ASP 26,  A64-GLU 0 :       0.00060296 at      1.439 Ang (0.821 Ang by residue) in 3.4008 (sec).
 3-Body  A60-LYD 24,  A61-ASP 26,  A64-GLU 36:       0.00060353 at      1.440 Ang (0.821 Ang by residue) in 3.5938 (sec).
 3-Body  A60-LYD 24,  A61-ASP 26,  A64-GLU 37:       0.00025254 at      1.440 Ang (0.821 Ang by residue) in 3.0676 (sec).
 3-Body  A60-LYD 24,  A61-ASP 26,  A64-GLU 40:       0.00059929 at      1.435 Ang (0.821 Ang by residue) in 3.3071 (sec).
 3-Body  A60-LYD 24,  A61-ASP 26,  A64-GLU 41:       0.00073984 at      1.436 Ang (0.821 Ang by residue) in 3.3216 (sec).
 3-Body  A60-LYD 24,  A61-ASP 26,  A62-GLU 0 :       0.00093745 at      1.389 Ang (1.840 Ang by residue) in 3.2897 (sec).
 3-Body  A60-LYD 24,  A61-ASP 26,  A62-GLU 40:       0.00090349 at      1.389 Ang (1.840 Ang by residue) in 3.4160 (sec).
 3-Body  A60-LYD 24,  A61-ASP 26,  A62-GLU 41:       0.00083315 at      1.389 Ang (1.840 Ang by residue) in 3.4064 (sec).
 3-Body  A60-LYD 24,  A62-GLU 0 ,  A64-GLU 0 :       0.00021971 at      1.677 Ang (2.260 Ang by residue) in 3.3664 (sec).
 3-Body  A60-LYD 24,  A62-GLU 0 ,  A64-GLU 36:       0.00021978 at      1.677 Ang (2.260 Ang by residue) in 3.3941 (sec).
 3-Body  A60-LYD 24,  A62-GLU 0 ,  A64-GLU 37:       0.00023956 at      1.677 Ang (2.260 Ang by residue) in 3.2055 (sec).
 3-Body  A60-LYD 24,  A62-GLU 0 ,  A64-GLU 40:       0.00051923 at      1.677 Ang (2.260 Ang by residue) in 3.4102 (sec).
 3-Body  A60-LYD 24,  A62-GLU 0 ,  A64-GLU 41:       0.00035658 at      1.677 Ang (2.260 Ang by residue) in 3.4718 (sec).
 3-Body  A60-LYD 24,  A62-GLU 40,  A64-GLU 0 :       0.00021283 at      1.677 Ang (2.260 Ang by residue) in 3.4344 (sec).
 3-Body  A60-LYD 24,  A62-GLU 40,  A64-GLU 36:       0.00021290 at      1.677 Ang (2.260 Ang by residue) in 3.2900 (sec).
 3-Body  A60-LYD 24,  A62-GLU 40,  A64-GLU 37:       0.00022906 at      1.677 Ang (2.260 Ang by residue) in 3.2193 (sec).
 3-Body  A60-LYD 24,  A62-GLU 40,  A64-GLU 40:       0.00050055 at      1.677 Ang (2.260 Ang by residue) in 3.2983 (sec).
 3-Body  A60-LYD 24,  A62-GLU 40,  A64-GLU 41:       0.00034309 at      1.677 Ang (2.260 Ang by residue) in 3.4011 (sec).
 3-Body  A60-LYD 24,  A62-GLU 41,  A64-GLU 0 :       0.00019837 at      1.677 Ang (2.260 Ang by residue) in 3.3778 (sec).
 3-Body  A60-LYD 24,  A62-GLU 41,  A64-GLU 36:       0.00019844 at      1.677 Ang (2.260 Ang by residue) in 3.3819 (sec).
 3-Body  A60-LYD 24,  A62-GLU 41,  A64-GLU 37:       0.00020425 at      1.677 Ang (2.260 Ang by residue) in 3.2865 (sec).
 3-Body  A60-LYD 24,  A62-GLU 41,  A64-GLU 40:       0.00048052 at      1.677 Ang (2.260 Ang by residue) in 3.4038 (sec).
 3-Body  A60-LYD 24,  A62-GLU 41,  A64-GLU 41:       0.00031618 at      1.677 Ang (2.260 Ang by residue) in 3.3853 (sec).
 3-Body  A60-LYS 29,  A61-ASP 0 ,  A64-GLU 0 :       0.00092734 at      1.439 Ang (0.821 Ang by residue) in 3.2295 (sec).
 3-Body  A60-LYS 29,  A61-ASP 0 ,  A64-GLU 36:       0.00092868 at      1.440 Ang (0.821 Ang by residue) in 3.4130 (sec).
 3-Body  A60-LYS 29,  A61-ASP 0 ,  A64-GLU 37:      -0.00093065 at      1.440 Ang (0.821 Ang by residue) in 3.3981 (sec).
 3-Body  A60-LYS 29,  A61-ASP 0 ,  A64-GLU 40:      -0.00043254 at      1.435 Ang (0.821 Ang by residue) in 3.1943 (sec).
 3-Body  A60-LYS 29,  A61-ASP 0 ,  A64-GLU 41:       0.00140282 at      1.436 Ang (0.821 Ang by residue) in 3.3978 (sec).
 3-Body  A60-LYS 29,  A61-ASP 0 ,  A62-GLU 0 :       0.00153901 at      1.389 Ang (1.840 Ang by residue) in 3.3339 (sec).
 3-Body  A60-LYS 29,  A61-ASP 0 ,  A62-GLU 40:       0.00135770 at      1.389 Ang (1.840 Ang by residue) in 3.2142 (sec).
 3-Body  A60-LYS 29,  A61-ASP 0 ,  A62-GLU 41:       0.00067822 at      1.389 Ang (1.840 Ang by residue) in 3.3484 (sec).
 3-Body  A60-LYS 29,  A61-ASP 24,  A64-GLU 0 :       0.00078508 at      1.439 Ang (0.821 Ang by residue) in 3.2152 (sec).
 3-Body  A60-LYS 29,  A61-ASP 24,  A64-GLU 36:       0.00078564 at      1.440 Ang (0.821 Ang by residue) in 3.2485 (sec).
 3-Body  A60-LYS 29,  A61-ASP 24,  A64-GLU 37:       0.00056781 at      1.440 Ang (0.821 Ang by residue) in 3.4692 (sec).
 3-Body  A60-LYS 29,  A61-ASP 24,  A64-GLU 40:       0.00150443 at      1.435 Ang (0.821 Ang by residue) in 3.3379 (sec).
 3-Body  A60-LYS 29,  A61-ASP 24,  A64-GLU 41:       0.00105040 at      1.436 Ang (0.821 Ang by residue) in 3.4122 (sec).
 3-Body  A60-LYS 29,  A61-ASP 24,  A62-GLU 0 :       0.00123237 at      1.389 Ang (1.840 Ang by residue) in 3.3397 (sec).
 3-Body  A60-LYS 29,  A61-ASP 24,  A62-GLU 40:       0.00118350 at      1.389 Ang (1.840 Ang by residue) in 3.5322 (sec).
 3-Body  A60-LYS 29,  A61-ASP 24,  A62-GLU 41:       0.00110758 at      1.389 Ang (1.840 Ang by residue) in 3.2822 (sec).
 3-Body  A60-LYS 29,  A61-ASP 25,  A64-GLU 0 :       0.00087128 at      1.439 Ang (0.821 Ang by residue) in 3.3628 (sec).
 3-Body  A60-LYS 29,  A61-ASP 25,  A64-GLU 36:       0.00087183 at      1.440 Ang (0.821 Ang by residue) in 3.2914 (sec).
 3-Body  A60-LYS 29,  A61-ASP 25,  A64-GLU 37:       0.00072357 at      1.440 Ang (0.821 Ang by residue) in 3.0895 (sec).
 3-Body  A60-LYS 29,  A61-ASP 25,  A64-GLU 40:       0.00190221 at      1.435 Ang (0.821 Ang by residue) in 3.4075 (sec).
 3-Body  A60-LYS 29,  A61-ASP 25,  A64-GLU 41:       0.00127641 at      1.436 Ang (0.821 Ang by residue) in 3.3954 (sec).
 3-Body  A60-LYS 29,  A61-ASP 25,  A62-GLU 0 :       0.00116724 at      1.389 Ang (1.840 Ang by residue) in 3.1237 (sec).
 3-Body  A60-LYS 29,  A61-ASP 25,  A62-GLU 40:       0.00111865 at      1.389 Ang (1.840 Ang by residue) in 3.3829 (sec).
 3-Body  A60-LYS 29,  A61-ASP 25,  A62-GLU 41:       0.00097677 at      1.389 Ang (1.840 Ang by residue) in 3.3916 (sec).
 3-Body  A60-LYS 29,  A61-ASP 26,  A64-GLU 0 :       0.00100866 at      1.439 Ang (0.821 Ang by residue) in 3.4101 (sec).
 3-Body  A60-LYS 29,  A61-ASP 26,  A64-GLU 36:       0.00101005 at      1.440 Ang (0.821 Ang by residue) in 3.2984 (sec).
 3-Body  A60-LYS 29,  A61-ASP 26,  A64-GLU 37:      -0.00041710 at      1.440 Ang (0.821 Ang by residue) in 3.3618 (sec).
 3-Body  A60-LYS 29,  A61-ASP 26,  A64-GLU 40:       0.00053358 at      1.435 Ang (0.821 Ang by residue) in 3.2244 (sec).
 3-Body  A60-LYS 29,  A61-ASP 26,  A64-GLU 41:       0.00134547 at      1.436 Ang (0.821 Ang by residue) in 3.3251 (sec).
 3-Body  A60-LYS 29,  A61-ASP 26,  A62-GLU 0 :       0.00207238 at      1.389 Ang (1.840 Ang by residue) in 3.2172 (sec).
 3-Body  A60-LYS 29,  A61-ASP 26,  A62-GLU 40:       0.00191651 at      1.389 Ang (1.840 Ang by residue) in 3.3617 (sec).
 3-Body  A60-LYS 29,  A61-ASP 26,  A62-GLU 41:       0.00160997 at      1.389 Ang (1.840 Ang by residue) in 3.2235 (sec).
 3-Body  A60-LYS 29,  A62-GLU 0 ,  A64-GLU 0 :       0.00033534 at      1.677 Ang (2.260 Ang by residue) in 3.3623 (sec).
 3-Body  A60-LYS 29,  A62-GLU 0 ,  A64-GLU 36:       0.00033544 at      1.677 Ang (2.260 Ang by residue) in 3.3008 (sec).
 3-Body  A60-LYS 29,  A62-GLU 0 ,  A64-GLU 37:       0.00037454 at      1.677 Ang (2.260 Ang by residue) in 3.4126 (sec).
 3-Body  A60-LYS 29,  A62-GLU 0 ,  A64-GLU 40:       0.00081747 at      1.677 Ang (2.260 Ang by residue) in 3.3074 (sec).
 3-Body  A60-LYS 29,  A62-GLU 0 ,  A64-GLU 41:       0.00055517 at      1.677 Ang (2.260 Ang by residue) in 3.3913 (sec).
 3-Body  A60-LYS 29,  A62-GLU 40,  A64-GLU 0 :       0.00032454 at      1.677 Ang (2.260 Ang by residue) in 3.3119 (sec).
 3-Body  A60-LYS 29,  A62-GLU 40,  A64-GLU 36:       0.00032464 at      1.677 Ang (2.260 Ang by residue) in 3.4998 (sec).
 3-Body  A60-LYS 29,  A62-GLU 40,  A64-GLU 37:       0.00035685 at      1.677 Ang (2.260 Ang by residue) in 3.3029 (sec).
 3-Body  A60-LYS 29,  A62-GLU 40,  A64-GLU 40:       0.00078584 at      1.677 Ang (2.260 Ang by residue) in 3.4866 (sec).
 3-Body  A60-LYS 29,  A62-GLU 40,  A64-GLU 41:       0.00053440 at      1.677 Ang (2.260 Ang by residue) in 3.2143 (sec).
 3-Body  A60-LYS 29,  A62-GLU 41,  A64-GLU 0 :       0.00029856 at      1.677 Ang (2.260 Ang by residue) in 3.1991 (sec).
 3-Body  A60-LYS 29,  A62-GLU 41,  A64-GLU 36:       0.00029867 at      1.677 Ang (2.260 Ang by residue) in 3.3756 (sec).
 3-Body  A60-LYS 29,  A62-GLU 41,  A64-GLU 37:       0.00031259 at      1.677 Ang (2.260 Ang by residue) in 3.3316 (sec).
 3-Body  A60-LYS 29,  A62-GLU 41,  A64-GLU 40:       0.00073688 at      1.677 Ang (2.260 Ang by residue) in 3.3488 (sec).
 3-Body  A60-LYS 29,  A62-GLU 41,  A64-GLU 41:       0.00048886 at      1.677 Ang (2.260 Ang by residue) in 3.2162 (sec).
 3-Body  A60-LYS 30,  A61-ASP 0 ,  A64-GLU 0 :       0.00059123 at      1.439 Ang (0.821 Ang by residue) in 3.3042 (sec).
 3-Body  A60-LYS 30,  A61-ASP 0 ,  A64-GLU 36:       0.00059184 at      1.440 Ang (0.821 Ang by residue) in 3.3074 (sec).
 3-Body  A60-LYS 30,  A61-ASP 0 ,  A64-GLU 37:       0.00019731 at      1.440 Ang (0.821 Ang by residue) in 3.4166 (sec).
 3-Body  A60-LYS 30,  A61-ASP 0 ,  A64-GLU 40:       0.00076247 at      1.435 Ang (0.821 Ang by residue) in 3.3629 (sec).
 3-Body  A60-LYS 30,  A61-ASP 0 ,  A64-GLU 41:       0.00075454 at      1.436 Ang (0.821 Ang by residue) in 3.3230 (sec).
 3-Body  A60-LYS 30,  A61-ASP 0 ,  A62-GLU 0 :       0.00087785 at      1.389 Ang (1.840 Ang by residue) in 3.1939 (sec).
 3-Body  A60-LYS 30,  A61-ASP 0 ,  A62-GLU 40:       0.00084013 at      1.389 Ang (1.840 Ang by residue) in 3.4572 (sec).
 3-Body  A60-LYS 30,  A61-ASP 0 ,  A62-GLU 41:       0.00068523 at      1.389 Ang (1.840 Ang by residue) in 3.4465 (sec).
 3-Body  A60-LYS 30,  A61-ASP 24,  A64-GLU 0 :       0.00050619 at      1.439 Ang (0.821 Ang by residue) in 3.2883 (sec).
 3-Body  A60-LYS 30,  A61-ASP 24,  A64-GLU 36:       0.00050656 at      1.440 Ang (0.821 Ang by residue) in 3.3772 (sec).
 3-Body  A60-LYS 30,  A61-ASP 24,  A64-GLU 37:       0.00035797 at      1.440 Ang (0.821 Ang by residue) in 3.4382 (sec).
 3-Body  A60-LYS 30,  A61-ASP 24,  A64-GLU 40:       0.00101536 at      1.435 Ang (0.821 Ang by residue) in 3.5485 (sec).
 3-Body  A60-LYS 30,  A61-ASP 24,  A64-GLU 41:       0.00067824 at      1.436 Ang (0.821 Ang by residue) in 3.2156 (sec).
 3-Body  A60-LYS 30,  A61-ASP 24,  A62-GLU 0 :       0.00091548 at      1.389 Ang (1.840 Ang by residue) in 3.3781 (sec).
 3-Body  A60-LYS 30,  A61-ASP 24,  A62-GLU 40:       0.00089032 at      1.389 Ang (1.840 Ang by residue) in 3.3547 (sec).
 3-Body  A60-LYS 30,  A61-ASP 24,  A62-GLU 41:       0.00089801 at      1.389 Ang (1.840 Ang by residue) in 3.4939 (sec).
 3-Body  A60-LYS 30,  A61-ASP 25,  A64-GLU 0 :       0.00056386 at      1.439 Ang (0.821 Ang by residue) in 3.0821 (sec).
 3-Body  A60-LYS 30,  A61-ASP 25,  A64-GLU 36:       0.00056421 at      1.440 Ang (0.821 Ang by residue) in 3.3056 (sec).
 3-Body  A60-LYS 30,  A61-ASP 25,  A64-GLU 37:       0.00046062 at      1.440 Ang (0.821 Ang by residue) in 3.2983 (sec).
 3-Body  A60-LYS 30,  A61-ASP 25,  A64-GLU 40:       0.00126623 at      1.435 Ang (0.821 Ang by residue) in 3.2102 (sec).
 3-Body  A60-LYS 30,  A61-ASP 25,  A64-GLU 41:       0.00082995 at      1.436 Ang (0.821 Ang by residue) in 3.3678 (sec).
 3-Body  A60-LYS 30,  A61-ASP 25,  A62-GLU 0 :       0.00082198 at      1.389 Ang (1.840 Ang by residue) in 3.3295 (sec).
 3-Body  A60-LYS 30,  A61-ASP 25,  A62-GLU 40:       0.00079276 at      1.389 Ang (1.840 Ang by residue) in 3.2224 (sec).
 3-Body  A60-LYS 30,  A61-ASP 25,  A62-GLU 41:       0.00073424 at      1.389 Ang (1.840 Ang by residue) in 3.1677 (sec).
 3-Body  A60-LYS 30,  A61-ASP 26,  A64-GLU 0 :       0.00070405 at      1.439 Ang (0.821 Ang by residue) in 3.3971 (sec).
 3-Body  A60-LYS 30,  A61-ASP 26,  A64-GLU 36:       0.00070466 at      1.440 Ang (0.821 Ang by residue) in 3.3997 (sec).
 3-Body  A60-LYS 30,  A61-ASP 26,  A64-GLU 37:       0.00035264 at      1.440 Ang (0.821 Ang by residue) in 3.4008 (sec).
 3-Body  A60-LYS 30,  A61-ASP 26,  A64-GLU 40:       0.00082650 at      1.435 Ang (0.821 Ang by residue) in 3.3843 (sec).
 3-Body  A60-LYS 30,  A61-ASP 26,  A64-GLU 41:       0.00091228 at      1.436 Ang (0.821 Ang by residue) in 3.2993 (sec).
 3-Body  A60-LYS 30,  A61-ASP 26,  A62-GLU 0 :       0.00094828 at      1.389 Ang (1.840 Ang by residue) in 3.4206 (sec).
 3-Body  A60-LYS 30,  A61-ASP 26,  A62-GLU 40:       0.00091088 at      1.389 Ang (1.840 Ang by residue) in 3.3999 (sec).
 3-Body  A60-LYS 30,  A61-ASP 26,  A62-GLU 41:       0.00080282 at      1.389 Ang (1.840 Ang by residue) in 3.2130 (sec).
 3-Body  A60-LYS 30,  A62-GLU 0 ,  A64-GLU 0 :       0.00025194 at      1.677 Ang (2.260 Ang by residue) in 3.1862 (sec).
 3-Body  A60-LYS 30,  A62-GLU 0 ,  A64-GLU 36:       0.00025200 at      1.677 Ang (2.260 Ang by residue) in 3.1348 (sec).
 3-Body  A60-LYS 30,  A62-GLU 0 ,  A64-GLU 37:       0.00027553 at      1.677 Ang (2.260 Ang by residue) in 3.5524 (sec).
 3-Body  A60-LYS 30,  A62-GLU 0 ,  A64-GLU 40:       0.00061142 at      1.677 Ang (2.260 Ang by residue) in 3.3097 (sec).
 3-Body  A60-LYS 30,  A62-GLU 0 ,  A64-GLU 41:       0.00041831 at      1.677 Ang (2.260 Ang by residue) in 3.4055 (sec).
 3-Body  A60-LYS 30,  A62-GLU 40,  A64-GLU 0 :       0.00024344 at      1.677 Ang (2.260 Ang by residue) in 3.3100 (sec).
 3-Body  A60-LYS 30,  A62-GLU 40,  A64-GLU 36:       0.00024351 at      1.677 Ang (2.260 Ang by residue) in 3.3960 (sec).
 3-Body  A60-LYS 30,  A62-GLU 40,  A64-GLU 37:       0.00026377 at      1.677 Ang (2.260 Ang by residue) in 3.4407 (sec).
 3-Body  A60-LYS 30,  A62-GLU 40,  A64-GLU 40:       0.00058911 at      1.677 Ang (2.260 Ang by residue) in 3.3235 (sec).
 3-Body  A60-LYS 30,  A62-GLU 40,  A64-GLU 41:       0.00040125 at      1.677 Ang (2.260 Ang by residue) in 3.3916 (sec).
 3-Body  A60-LYS 30,  A62-GLU 41,  A64-GLU 0 :       0.00021285 at      1.677 Ang (2.260 Ang by residue) in 3.3286 (sec).
 3-Body  A60-LYS 30,  A62-GLU 41,  A64-GLU 36:       0.00021292 at      1.677 Ang (2.260 Ang by residue) in 3.3151 (sec).
 3-Body  A60-LYS 30,  A62-GLU 41,  A64-GLU 37:       0.00022227 at      1.677 Ang (2.260 Ang by residue) in 3.4626 (sec).
 3-Body  A60-LYS 30,  A62-GLU 41,  A64-GLU 40:       0.00053411 at      1.677 Ang (2.260 Ang by residue) in 3.5054 (sec).
 3-Body  A60-LYS 30,  A62-GLU 41,  A64-GLU 41:       0.00034557 at      1.677 Ang (2.260 Ang by residue) in 3.3816 (sec).
 3-Body  A60-LYS 31,  A61-ASP 0 ,  A64-GLU 0 :       0.00096652 at      1.439 Ang (0.821 Ang by residue) in 3.3753 (sec).
 3-Body  A60-LYS 31,  A61-ASP 0 ,  A64-GLU 36:       0.00096800 at      1.440 Ang (0.821 Ang by residue) in 3.3499 (sec).
 3-Body  A60-LYS 31,  A61-ASP 0 ,  A64-GLU 37:      -0.00101996 at      1.440 Ang (0.821 Ang by residue) in 3.2993 (sec).
 3-Body  A60-LYS 31,  A61-ASP 0 ,  A64-GLU 40:      -0.00048650 at      1.435 Ang (0.821 Ang by residue) in 3.3593 (sec).
 3-Body  A60-LYS 31,  A61-ASP 0 ,  A64-GLU 41:       0.00148549 at      1.436 Ang (0.821 Ang by residue) in 3.2426 (sec).
 3-Body  A60-LYS 31,  A61-ASP 0 ,  A62-GLU 0 :       0.00141121 at      1.389 Ang (1.840 Ang by residue) in 3.3772 (sec).
 3-Body  A60-LYS 31,  A61-ASP 0 ,  A62-GLU 40:       0.00118781 at      1.389 Ang (1.840 Ang by residue) in 3.2908 (sec).
 3-Body  A60-LYS 31,  A61-ASP 0 ,  A62-GLU 41:       0.00037302 at      1.389 Ang (1.840 Ang by residue) in 3.4690 (sec).
 3-Body  A60-LYS 31,  A61-ASP 24,  A64-GLU 0 :       0.00085545 at      1.439 Ang (0.821 Ang by residue) in 3.2589 (sec).
 3-Body  A60-LYS 31,  A61-ASP 24,  A64-GLU 36:       0.00085601 at      1.440 Ang (0.821 Ang by residue) in 3.4702 (sec).
 3-Body  A60-LYS 31,  A61-ASP 24,  A64-GLU 37:       0.00069209 at      1.440 Ang (0.821 Ang by residue) in 3.4999 (sec).
 3-Body  A60-LYS 31,  A61-ASP 24,  A64-GLU 40:       0.00169813 at      1.435 Ang (0.821 Ang by residue) in 3.3300 (sec).
 3-Body  A60-LYS 31,  A61-ASP 24,  A64-GLU 41:       0.00113386 at      1.436 Ang (0.821 Ang by residue) in 3.3532 (sec).
 3-Body  A60-LYS 31,  A61-ASP 24,  A62-GLU 0 :       0.00125113 at      1.389 Ang (1.840 Ang by residue) in 3.1896 (sec).
 3-Body  A60-LYS 31,  A61-ASP 24,  A62-GLU 40:       0.00119035 at      1.389 Ang (1.840 Ang by residue) in 3.3385 (sec).
 3-Body  A60-LYS 31,  A61-ASP 24,  A62-GLU 41:       0.00109472 at      1.389 Ang (1.840 Ang by residue) in 3.4024 (sec).
 3-Body  A60-LYS 31,  A61-ASP 25,  A64-GLU 0 :       0.00093526 at      1.439 Ang (0.821 Ang by residue) in 3.3629 (sec).
 3-Body  A60-LYS 31,  A61-ASP 25,  A64-GLU 36:       0.00093580 at      1.440 Ang (0.821 Ang by residue) in 3.1701 (sec).
 3-Body  A60-LYS 31,  A61-ASP 25,  A64-GLU 37:       0.00085077 at      1.440 Ang (0.821 Ang by residue) in 3.3379 (sec).
 3-Body  A60-LYS 31,  A61-ASP 25,  A64-GLU 40:       0.00210434 at      1.435 Ang (0.821 Ang by residue) in 3.2453 (sec).
 3-Body  A60-LYS 31,  A61-ASP 25,  A64-GLU 41:       0.00135235 at      1.436 Ang (0.821 Ang by residue) in 3.4267 (sec).
 3-Body  A60-LYS 31,  A61-ASP 25,  A62-GLU 0 :       0.00118392 at      1.389 Ang (1.840 Ang by residue) in 3.3555 (sec).
 3-Body  A60-LYS 31,  A61-ASP 25,  A62-GLU 40:       0.00112280 at      1.389 Ang (1.840 Ang by residue) in 3.3150 (sec).
 3-Body  A60-LYS 31,  A61-ASP 25,  A62-GLU 41:       0.00095776 at      1.389 Ang (1.840 Ang by residue) in 3.4925 (sec).
 3-Body  A60-LYS 31,  A61-ASP 26,  A64-GLU 0 :       0.00111454 at      1.439 Ang (0.821 Ang by residue) in 3.2615 (sec).
 3-Body  A60-LYS 31,  A61-ASP 26,  A64-GLU 36:       0.00111604 at      1.440 Ang (0.821 Ang by residue) in 3.4196 (sec).
 3-Body  A60-LYS 31,  A61-ASP 26,  A64-GLU 37:      -0.00040003 at      1.440 Ang (0.821 Ang by residue) in 3.4036 (sec).
 3-Body  A60-LYS 31,  A61-ASP 26,  A64-GLU 40:       0.00066901 at      1.435 Ang (0.821 Ang by residue) in 3.3081 (sec).
 3-Body  A60-LYS 31,  A61-ASP 26,  A64-GLU 41:       0.00150850 at      1.436 Ang (0.821 Ang by residue) in 3.4771 (sec).
 3-Body  A60-LYS 31,  A61-ASP 26,  A62-GLU 0 :       0.00224979 at      1.389 Ang (1.840 Ang by residue) in 3.3181 (sec).
 3-Body  A60-LYS 31,  A61-ASP 26,  A62-GLU 40:       0.00204982 at      1.389 Ang (1.840 Ang by residue) in 3.3095 (sec).
 3-Body  A60-LYS 31,  A61-ASP 26,  A62-GLU 41:       0.00168340 at      1.389 Ang (1.840 Ang by residue) in 3.4632 (sec).
 3-Body  A60-LYS 31,  A62-GLU 0 ,  A64-GLU 0 :       0.00034113 at      1.677 Ang (2.260 Ang by residue) in 3.3386 (sec).
 3-Body  A60-LYS 31,  A62-GLU 0 ,  A64-GLU 36:       0.00034122 at      1.677 Ang (2.260 Ang by residue) in 3.3029 (sec).
 3-Body  A60-LYS 31,  A62-GLU 0 ,  A64-GLU 37:       0.00038639 at      1.677 Ang (2.260 Ang by residue) in 3.2545 (sec).
 3-Body  A60-LYS 31,  A62-GLU 0 ,  A64-GLU 40:       0.00083233 at      1.677 Ang (2.260 Ang by residue) in 3.4042 (sec).
 3-Body  A60-LYS 31,  A62-GLU 0 ,  A64-GLU 41:       0.00055895 at      1.677 Ang (2.260 Ang by residue) in 3.5335 (sec).
 3-Body  A60-LYS 31,  A62-GLU 40,  A64-GLU 0 :       0.00033011 at      1.677 Ang (2.260 Ang by residue) in 3.2848 (sec).
 3-Body  A60-LYS 31,  A62-GLU 40,  A64-GLU 36:       0.00033021 at      1.677 Ang (2.260 Ang by residue) in 3.3743 (sec).
 3-Body  A60-LYS 31,  A62-GLU 40,  A64-GLU 37:       0.00036794 at      1.677 Ang (2.260 Ang by residue) in 3.2978 (sec).
 3-Body  A60-LYS 31,  A62-GLU 40,  A64-GLU 40:       0.00080013 at      1.677 Ang (2.260 Ang by residue) in 3.4568 (sec).
 3-Body  A60-LYS 31,  A62-GLU 40,  A64-GLU 41:       0.00053824 at      1.677 Ang (2.260 Ang by residue) in 3.4077 (sec).
 3-Body  A60-LYS 31,  A62-GLU 41,  A64-GLU 0 :       0.00030713 at      1.677 Ang (2.260 Ang by residue) in 3.3417 (sec).
 3-Body  A60-LYS 31,  A62-GLU 41,  A64-GLU 36:       0.00030723 at      1.677 Ang (2.260 Ang by residue) in 3.3786 (sec).
 3-Body  A60-LYS 31,  A62-GLU 41,  A64-GLU 37:       0.00032469 at      1.677 Ang (2.260 Ang by residue) in 3.2571 (sec).
 3-Body  A60-LYS 31,  A62-GLU 41,  A64-GLU 40:       0.00075852 at      1.677 Ang (2.260 Ang by residue) in 3.4789 (sec).
 3-Body  A60-LYS 31,  A62-GLU 41,  A64-GLU 41:       0.00049883 at      1.677 Ang (2.260 Ang by residue) in 3.2948 (sec).
 3-Body  A60-LYS 32,  A61-ASP 0 ,  A64-GLU 0 :       0.00099098 at      1.439 Ang (0.821 Ang by residue) in 3.2070 (sec).
 3-Body  A60-LYS 32,  A61-ASP 0 ,  A64-GLU 36:       0.00099259 at      1.440 Ang (0.821 Ang by residue) in 3.2205 (sec).
 3-Body  A60-LYS 32,  A61-ASP 0 ,  A64-GLU 37:      -0.00117785 at      1.440 Ang (0.821 Ang by residue) in 3.1605 (sec).
 3-Body  A60-LYS 32,  A61-ASP 0 ,  A64-GLU 40:      -0.00050261 at      1.435 Ang (0.821 Ang by residue) in 3.3372 (sec).
 3-Body  A60-LYS 32,  A61-ASP 0 ,  A64-GLU 41:       0.00160660 at      1.436 Ang (0.821 Ang by residue) in 3.3471 (sec).
 3-Body  A60-LYS 32,  A61-ASP 0 ,  A62-GLU 0 :       0.00171663 at      1.389 Ang (1.840 Ang by residue) in 3.2009 (sec).
 3-Body  A60-LYS 32,  A61-ASP 0 ,  A62-GLU 40:       0.00145898 at      1.389 Ang (1.840 Ang by residue) in 3.2925 (sec).
 3-Body  A60-LYS 32,  A61-ASP 0 ,  A62-GLU 41:       0.00050262 at      1.389 Ang (1.840 Ang by residue) in 3.3232 (sec).
 3-Body  A60-LYS 32,  A61-ASP 24,  A64-GLU 0 :       0.00087545 at      1.439 Ang (0.821 Ang by residue) in 3.3466 (sec).
 3-Body  A60-LYS 32,  A61-ASP 24,  A64-GLU 36:       0.00087601 at      1.440 Ang (0.821 Ang by residue) in 3.1908 (sec).
 3-Body  A60-LYS 32,  A61-ASP 24,  A64-GLU 37:       0.00070271 at      1.440 Ang (0.821 Ang by residue) in 3.3595 (sec).
 3-Body  A60-LYS 32,  A61-ASP 24,  A64-GLU 40:       0.00173891 at      1.435 Ang (0.821 Ang by residue) in 3.5684 (sec).
 3-Body  A60-LYS 32,  A61-ASP 24,  A64-GLU 41:       0.00117667 at      1.436 Ang (0.821 Ang by residue) in 3.4352 (sec).
 3-Body  A60-LYS 32,  A61-ASP 24,  A62-GLU 0 :       0.00132892 at      1.389 Ang (1.840 Ang by residue) in 3.2872 (sec).
 3-Body  A60-LYS 32,  A61-ASP 24,  A62-GLU 40:       0.00126334 at      1.389 Ang (1.840 Ang by residue) in 3.3243 (sec).
 3-Body  A60-LYS 32,  A61-ASP 24,  A62-GLU 41:       0.00112541 at      1.389 Ang (1.840 Ang by residue) in 3.2608 (sec).
 3-Body  A60-LYS 32,  A61-ASP 25,  A64-GLU 0 :       0.00093793 at      1.439 Ang (0.821 Ang by residue) in 3.3996 (sec).
 3-Body  A60-LYS 32,  A61-ASP 25,  A64-GLU 36:       0.00093849 at      1.440 Ang (0.821 Ang by residue) in 3.2041 (sec).
 3-Body  A60-LYS 32,  A61-ASP 25,  A64-GLU 37:       0.00084132 at      1.440 Ang (0.821 Ang by residue) in 3.3216 (sec).
 3-Body  A60-LYS 32,  A61-ASP 25,  A64-GLU 40:       0.00212753 at      1.435 Ang (0.821 Ang by residue) in 3.2072 (sec).
 3-Body  A60-LYS 32,  A61-ASP 25,  A64-GLU 41:       0.00137932 at      1.436 Ang (0.821 Ang by residue) in 3.3411 (sec).
 3-Body  A60-LYS 32,  A61-ASP 25,  A62-GLU 0 :       0.00125299 at      1.389 Ang (1.840 Ang by residue) in 3.3264 (sec).
 3-Body  A60-LYS 32,  A61-ASP 25,  A62-GLU 40:       0.00118692 at      1.389 Ang (1.840 Ang by residue) in 3.3704 (sec).
 3-Body  A60-LYS 32,  A61-ASP 25,  A62-GLU 41:       0.00097490 at      1.389 Ang (1.840 Ang by residue) in 3.3526 (sec).
 3-Body  A60-LYS 32,  A61-ASP 26,  A64-GLU 0 :       0.00125712 at      1.439 Ang (0.821 Ang by residue) in 3.3955 (sec).
 3-Body  A60-LYS 32,  A61-ASP 26,  A64-GLU 36:       0.00125873 at      1.440 Ang (0.821 Ang by residue) in 3.2679 (sec).
 3-Body  A60-LYS 32,  A61-ASP 26,  A64-GLU 37:      -0.00030458 at      1.440 Ang (0.821 Ang by residue) in 3.4068 (sec).
 3-Body  A60-LYS 32,  A61-ASP 26,  A64-GLU 40:       0.00088984 at      1.435 Ang (0.821 Ang by residue) in 3.2259 (sec).
 3-Body  A60-LYS 32,  A61-ASP 26,  A64-GLU 41:       0.00172559 at      1.436 Ang (0.821 Ang by residue) in 3.2963 (sec).
 3-Body  A60-LYS 32,  A61-ASP 26,  A62-GLU 0 :       0.00258140 at      1.389 Ang (1.840 Ang by residue) in 3.4677 (sec).
 3-Body  A60-LYS 32,  A61-ASP 26,  A62-GLU 40:       0.00235679 at      1.389 Ang (1.840 Ang by residue) in 3.5753 (sec).
 3-Body  A60-LYS 32,  A61-ASP 26,  A62-GLU 41:       0.00193956 at      1.389 Ang (1.840 Ang by residue) in 3.2527 (sec).
 3-Body  A60-LYS 32,  A62-GLU 0 ,  A64-GLU 0 :       0.00035256 at      1.677 Ang (2.260 Ang by residue) in 3.2988 (sec).
 3-Body  A60-LYS 32,  A62-GLU 0 ,  A64-GLU 36:       0.00035265 at      1.677 Ang (2.260 Ang by residue) in 3.2214 (sec).
 3-Body  A60-LYS 32,  A62-GLU 0 ,  A64-GLU 37:       0.00040642 at      1.677 Ang (2.260 Ang by residue) in 3.3565 (sec).
 3-Body  A60-LYS 32,  A62-GLU 0 ,  A64-GLU 40:       0.00086397 at      1.677 Ang (2.260 Ang by residue) in 3.4964 (sec).
 3-Body  A60-LYS 32,  A62-GLU 0 ,  A64-GLU 41:       0.00057641 at      1.677 Ang (2.260 Ang by residue) in 3.2426 (sec).
 3-Body  A60-LYS 32,  A62-GLU 40,  A64-GLU 0 :       0.00034165 at      1.677 Ang (2.260 Ang by residue) in 3.3731 (sec).
 3-Body  A60-LYS 32,  A62-GLU 40,  A64-GLU 36:       0.00034175 at      1.677 Ang (2.260 Ang by residue) in 3.2958 (sec).
 3-Body  A60-LYS 32,  A62-GLU 40,  A64-GLU 37:       0.00038782 at      1.677 Ang (2.260 Ang by residue) in 3.3856 (sec).
 3-Body  A60-LYS 32,  A62-GLU 40,  A64-GLU 40:       0.00083136 at      1.677 Ang (2.260 Ang by residue) in 3.3101 (sec).
 3-Body  A60-LYS 32,  A62-GLU 40,  A64-GLU 41:       0.00055570 at      1.677 Ang (2.260 Ang by residue) in 3.4000 (sec).
 3-Body  A60-LYS 32,  A62-GLU 41,  A64-GLU 0 :       0.00031881 at      1.677 Ang (2.260 Ang by residue) in 3.2449 (sec).
 3-Body  A60-LYS 32,  A62-GLU 41,  A64-GLU 36:       0.00031891 at      1.677 Ang (2.260 Ang by residue) in 3.3163 (sec).
 3-Body  A60-LYS 32,  A62-GLU 41,  A64-GLU 37:       0.00034522 at      1.677 Ang (2.260 Ang by residue) in 3.2867 (sec).
 3-Body  A60-LYS 32,  A62-GLU 41,  A64-GLU 40:       0.00079036 at      1.677 Ang (2.260 Ang by residue) in 3.3302 (sec).
 3-Body  A60-LYS 32,  A62-GLU 41,  A64-GLU 41:       0.00051612 at      1.677 Ang (2.260 Ang by residue) in 3.4398 (sec).
 3-Body  A60-LYS 33,  A61-ASP 0 ,  A64-GLU 0 :       0.00122256 at      1.439 Ang (0.821 Ang by residue) in 3.3509 (sec).
 3-Body  A60-LYS 33,  A61-ASP 0 ,  A64-GLU 36:       0.00122399 at      1.440 Ang (0.821 Ang by residue) in 3.3871 (sec).
 3-Body  A60-LYS 33,  A61-ASP 0 ,  A64-GLU 37:      -0.00062949 at      1.440 Ang (0.821 Ang by residue) in 3.4078 (sec).
 3-Body  A60-LYS 33,  A61-ASP 0 ,  A64-GLU 40:       0.00048043 at      1.435 Ang (0.821 Ang by residue) in 3.3386 (sec).
 3-Body  A60-LYS 33,  A61-ASP 0 ,  A64-GLU 41:       0.00177741 at      1.436 Ang (0.821 Ang by residue) in 3.2913 (sec).
 3-Body  A60-LYS 33,  A61-ASP 0 ,  A62-GLU 0 :       0.00158744 at      1.389 Ang (1.840 Ang by residue) in 3.3206 (sec).
 3-Body  A60-LYS 33,  A61-ASP 0 ,  A62-GLU 40:       0.00139279 at      1.389 Ang (1.840 Ang by residue) in 3.3782 (sec).
 3-Body  A60-LYS 33,  A61-ASP 0 ,  A62-GLU 41:       0.00072047 at      1.389 Ang (1.840 Ang by residue) in 3.3054 (sec).
 3-Body  A60-LYS 33,  A61-ASP 24,  A64-GLU 0 :       0.00088146 at      1.439 Ang (0.821 Ang by residue) in 3.3124 (sec).
 3-Body  A60-LYS 33,  A61-ASP 24,  A64-GLU 36:       0.00088204 at      1.440 Ang (0.821 Ang by residue) in 3.3357 (sec).
 3-Body  A60-LYS 33,  A61-ASP 24,  A64-GLU 37:       0.00069549 at      1.440 Ang (0.821 Ang by residue) in 3.2812 (sec).
 3-Body  A60-LYS 33,  A61-ASP 24,  A64-GLU 40:       0.00205223 at      1.435 Ang (0.821 Ang by residue) in 3.3575 (sec).
 3-Body  A60-LYS 33,  A61-ASP 24,  A64-GLU 41:       0.00116452 at      1.436 Ang (0.821 Ang by residue) in 3.4055 (sec).
 3-Body  A60-LYS 33,  A61-ASP 24,  A62-GLU 0 :       0.00130516 at      1.389 Ang (1.840 Ang by residue) in 3.3753 (sec).
 3-Body  A60-LYS 33,  A61-ASP 24,  A62-GLU 40:       0.00124847 at      1.389 Ang (1.840 Ang by residue) in 3.3337 (sec).
 3-Body  A60-LYS 33,  A61-ASP 24,  A62-GLU 41:       0.00118024 at      1.389 Ang (1.840 Ang by residue) in 3.1934 (sec).
 3-Body  A60-LYS 33,  A61-ASP 25,  A64-GLU 0 :       0.00099317 at      1.439 Ang (0.821 Ang by residue) in 3.1933 (sec).
 3-Body  A60-LYS 33,  A61-ASP 25,  A64-GLU 36:       0.00099374 at      1.440 Ang (0.821 Ang by residue) in 3.4781 (sec).
 3-Body  A60-LYS 33,  A61-ASP 25,  A64-GLU 37:       0.00089235 at      1.440 Ang (0.821 Ang by residue) in 3.3077 (sec).
 3-Body  A60-LYS 33,  A61-ASP 25,  A64-GLU 40:       0.00251634 at      1.435 Ang (0.821 Ang by residue) in 3.3635 (sec).
 3-Body  A60-LYS 33,  A61-ASP 25,  A64-GLU 41:       0.00142607 at      1.436 Ang (0.821 Ang by residue) in 3.3300 (sec).
 3-Body  A60-LYS 33,  A61-ASP 25,  A62-GLU 0 :       0.00121684 at      1.389 Ang (1.840 Ang by residue) in 3.3996 (sec).
 3-Body  A60-LYS 33,  A61-ASP 25,  A62-GLU 40:       0.00115877 at      1.389 Ang (1.840 Ang by residue) in 3.4243 (sec).
 3-Body  A60-LYS 33,  A61-ASP 25,  A62-GLU 41:       0.00101092 at      1.389 Ang (1.840 Ang by residue) in 3.3950 (sec).
 3-Body  A60-LYS 33,  A61-ASP 26,  A64-GLU 0 :       0.00124548 at      1.439 Ang (0.821 Ang by residue) in 3.1842 (sec).
 3-Body  A60-LYS 33,  A61-ASP 26,  A64-GLU 36:       0.00124697 at      1.440 Ang (0.821 Ang by residue) in 3.2985 (sec).
 3-Body  A60-LYS 33,  A61-ASP 26,  A64-GLU 37:      -0.00034206 at      1.440 Ang (0.821 Ang by residue) in 3.2714 (sec).
 3-Body  A60-LYS 33,  A61-ASP 26,  A64-GLU 40:       0.00101183 at      1.435 Ang (0.821 Ang by residue) in 3.3620 (sec).
 3-Body  A60-LYS 33,  A61-ASP 26,  A64-GLU 41:       0.00169347 at      1.436 Ang (0.821 Ang by residue) in 3.3661 (sec).
 3-Body  A60-LYS 33,  A61-ASP 26,  A62-GLU 0 :       0.00213942 at      1.389 Ang (1.840 Ang by residue) in 3.4597 (sec).
 3-Body  A60-LYS 33,  A61-ASP 26,  A62-GLU 40:       0.00196549 at      1.389 Ang (1.840 Ang by residue) in 3.4671 (sec).
 3-Body  A60-LYS 33,  A61-ASP 26,  A62-GLU 41:       0.00163315 at      1.389 Ang (1.840 Ang by residue) in 3.2703 (sec).
 3-Body  A60-LYS 33,  A62-GLU 0 ,  A64-GLU 0 :       0.00035954 at      1.677 Ang (2.260 Ang by residue) in 3.2130 (sec).
 3-Body  A60-LYS 33,  A62-GLU 0 ,  A64-GLU 36:       0.00035963 at      1.677 Ang (2.260 Ang by residue) in 3.2990 (sec).
 3-Body  A60-LYS 33,  A62-GLU 0 ,  A64-GLU 37:       0.00040679 at      1.677 Ang (2.260 Ang by residue) in 3.2717 (sec).
 3-Body  A60-LYS 33,  A62-GLU 0 ,  A64-GLU 40:       0.00094335 at      1.677 Ang (2.260 Ang by residue) in 3.4266 (sec).
 3-Body  A60-LYS 33,  A62-GLU 0 ,  A64-GLU 41:       0.00058666 at      1.677 Ang (2.260 Ang by residue) in 3.2575 (sec).
 3-Body  A60-LYS 33,  A62-GLU 40,  A64-GLU 0 :       0.00034689 at      1.677 Ang (2.260 Ang by residue) in 3.5785 (sec).
 3-Body  A60-LYS 33,  A62-GLU 40,  A64-GLU 36:       0.00034699 at      1.677 Ang (2.260 Ang by residue) in 3.4308 (sec).
 3-Body  A60-LYS 33,  A62-GLU 40,  A64-GLU 37:       0.00038541 at      1.677 Ang (2.260 Ang by residue) in 3.5736 (sec).
 3-Body  A60-LYS 33,  A62-GLU 40,  A64-GLU 40:       0.00090252 at      1.677 Ang (2.260 Ang by residue) in 3.3277 (sec).
 3-Body  A60-LYS 33,  A62-GLU 40,  A64-GLU 41:       0.00056312 at      1.677 Ang (2.260 Ang by residue) in 3.6826 (sec).
 3-Body  A60-LYS 33,  A62-GLU 41,  A64-GLU 0 :       0.00031540 at      1.677 Ang (2.260 Ang by residue) in 3.4340 (sec).
 3-Body  A60-LYS 33,  A62-GLU 41,  A64-GLU 36:       0.00031551 at      1.677 Ang (2.260 Ang by residue) in 3.2736 (sec).
 3-Body  A60-LYS 33,  A62-GLU 41,  A64-GLU 37:       0.00032366 at      1.677 Ang (2.260 Ang by residue) in 3.2955 (sec).
 3-Body  A60-LYS 33,  A62-GLU 41,  A64-GLU 40:       0.00082303 at      1.677 Ang (2.260 Ang by residue) in 3.4140 (sec).
 3-Body  A60-LYS 33,  A62-GLU 41,  A64-GLU 41:       0.00050933 at      1.677 Ang (2.260 Ang by residue) in 3.3745 (sec).
 3-Body  A60-LYS 37,  A61-ASP 0 ,  A64-GLU 0 :       0.00192891 at      1.439 Ang (0.821 Ang by residue) in 3.3801 (sec).
 3-Body  A60-LYS 37,  A61-ASP 0 ,  A64-GLU 36:       0.00193037 at      1.440 Ang (0.821 Ang by residue) in 3.4549 (sec).
 3-Body  A60-LYS 37,  A61-ASP 0 ,  A64-GLU 37:       0.00061810 at      1.440 Ang (0.821 Ang by residue) in 3.1671 (sec).
 3-Body  A60-LYS 37,  A61-ASP 0 ,  A64-GLU 40:       0.00354257 at      1.435 Ang (0.821 Ang by residue) in 3.2279 (sec).
 3-Body  A60-LYS 37,  A61-ASP 0 ,  A64-GLU 41:       0.00273203 at      1.436 Ang (0.821 Ang by residue) in 3.3562 (sec).
 3-Body  A60-LYS 37,  A61-ASP 0 ,  A62-GLU 0 :       0.00144628 at      1.389 Ang (1.840 Ang by residue) in 3.3449 (sec).
 3-Body  A60-LYS 37,  A61-ASP 0 ,  A62-GLU 40:       0.00133250 at      1.389 Ang (1.840 Ang by residue) in 3.3071 (sec).
 3-Body  A60-LYS 37,  A61-ASP 0 ,  A62-GLU 41:       0.00108001 at      1.389 Ang (1.840 Ang by residue) in 3.3759 (sec).
 3-Body  A60-LYS 37,  A61-ASP 24,  A64-GLU 0 :       0.00136989 at      1.439 Ang (0.821 Ang by residue) in 3.3954 (sec).
 3-Body  A60-LYS 37,  A61-ASP 24,  A64-GLU 36:       0.00137066 at      1.440 Ang (0.821 Ang by residue) in 3.3054 (sec).
 3-Body  A60-LYS 37,  A61-ASP 24,  A64-GLU 37:       0.00135823 at      1.440 Ang (0.821 Ang by residue) in 3.3750 (sec).
 3-Body  A60-LYS 37,  A61-ASP 24,  A64-GLU 40:       0.00784727 at      1.435 Ang (0.821 Ang by residue) in 3.2801 (sec).
 3-Body  A60-LYS 37,  A61-ASP 24,  A64-GLU 41:       0.00200595 at      1.436 Ang (0.821 Ang by residue) in 3.5642 (sec).
 3-Body  A60-LYS 37,  A61-ASP 24,  A62-GLU 0 :       0.00174106 at      1.389 Ang (1.840 Ang by residue) in 3.2797 (sec).
 3-Body  A60-LYS 37,  A61-ASP 24,  A62-GLU 40:       0.00167304 at      1.389 Ang (1.840 Ang by residue) in 3.3596 (sec).
 3-Body  A60-LYS 37,  A61-ASP 24,  A62-GLU 41:       0.00180343 at      1.389 Ang (1.840 Ang by residue) in 3.3215 (sec).
 3-Body  A60-LYS 37,  A61-ASP 25,  A64-GLU 0 :       0.00154510 at      1.439 Ang (0.821 Ang by residue) in 3.3063 (sec).
 3-Body  A60-LYS 37,  A61-ASP 25,  A64-GLU 36:       0.00154589 at      1.440 Ang (0.821 Ang by residue) in 3.3260 (sec).
 3-Body  A60-LYS 37,  A61-ASP 25,  A64-GLU 37:       0.00164752 at      1.440 Ang (0.821 Ang by residue) in 3.4708 (sec).
 3-Body  A60-LYS 37,  A61-ASP 25,  A64-GLU 40:       0.00841773 at      1.435 Ang (0.821 Ang by residue) in 3.2989 (sec).
 3-Body  A60-LYS 37,  A61-ASP 25,  A64-GLU 41:       0.00238431 at      1.436 Ang (0.821 Ang by residue) in 3.3511 (sec).
 3-Body  A60-LYS 37,  A61-ASP 25,  A62-GLU 0 :       0.00152577 at      1.389 Ang (1.840 Ang by residue) in 3.4500 (sec).
 3-Body  A60-LYS 37,  A61-ASP 25,  A62-GLU 40:       0.00144729 at      1.389 Ang (1.840 Ang by residue) in 3.2724 (sec).
 3-Body  A60-LYS 37,  A61-ASP 25,  A62-GLU 41:       0.00144587 at      1.389 Ang (1.840 Ang by residue) in 3.3214 (sec).
 3-Body  A60-LYS 37,  A61-ASP 26,  A64-GLU 0 :       0.00207090 at      1.439 Ang (0.821 Ang by residue) in 3.3455 (sec).
 3-Body  A60-LYS 37,  A61-ASP 26,  A64-GLU 36:       0.00207278 at      1.440 Ang (0.821 Ang by residue) in 3.3454 (sec).
 3-Body  A60-LYS 37,  A61-ASP 26,  A64-GLU 37:      -0.00210132 at      1.440 Ang (0.821 Ang by residue) in 3.5290 (sec).
 3-Body  A60-LYS 37,  A61-ASP 26,  A64-GLU 40:      -0.01134078 at      1.435 Ang (0.821 Ang by residue) in 3.3796 (sec).
 3-Body  A60-LYS 37,  A61-ASP 26,  A64-GLU 41:       0.00260995 at      1.436 Ang (0.821 Ang by residue) in 3.4005 (sec).
 3-Body  A60-LYS 37,  A61-ASP 26,  A62-GLU 0 :       0.00153227 at      1.389 Ang (1.840 Ang by residue) in 3.3587 (sec).
 3-Body  A60-LYS 37,  A61-ASP 26,  A62-GLU 40:       0.00140946 at      1.389 Ang (1.840 Ang by residue) in 3.3830 (sec).
 3-Body  A60-LYS 37,  A61-ASP 26,  A62-GLU 41:       0.00112973 at      1.389 Ang (1.840 Ang by residue) in 3.3137 (sec).
 3-Body  A60-LYS 37,  A62-GLU 0 ,  A64-GLU 0 :       0.00046788 at      1.677 Ang (2.260 Ang by residue) in 3.3339 (sec).
 3-Body  A60-LYS 37,  A62-GLU 0 ,  A64-GLU 36:       0.00046801 at      1.677 Ang (2.260 Ang by residue) in 3.4246 (sec).
 3-Body  A60-LYS 37,  A62-GLU 0 ,  A64-GLU 37:       0.00060226 at      1.677 Ang (2.260 Ang by residue) in 3.3333 (sec).
 3-Body  A60-LYS 37,  A62-GLU 0 ,  A64-GLU 40:       0.00236576 at      1.677 Ang (2.260 Ang by residue) in 3.5338 (sec).
 3-Body  A60-LYS 37,  A62-GLU 0 ,  A64-GLU 41:       0.00080105 at      1.677 Ang (2.260 Ang by residue) in 3.3517 (sec).
 3-Body  A60-LYS 37,  A62-GLU 40,  A64-GLU 0 :       0.00044944 at      1.677 Ang (2.260 Ang by residue) in 3.4404 (sec).
 3-Body  A60-LYS 37,  A62-GLU 40,  A64-GLU 36:       0.00044957 at      1.677 Ang (2.260 Ang by residue) in 3.4133 (sec).
 3-Body  A60-LYS 37,  A62-GLU 40,  A64-GLU 37:       0.00056455 at      1.677 Ang (2.260 Ang by residue) in 3.2190 (sec).
 3-Body  A60-LYS 37,  A62-GLU 40,  A64-GLU 40:       0.00225150 at      1.677 Ang (2.260 Ang by residue) in 3.2275 (sec).
 3-Body  A60-LYS 37,  A62-GLU 40,  A64-GLU 41:       0.00076147 at      1.677 Ang (2.260 Ang by residue) in 3.3933 (sec).
 3-Body  A60-LYS 37,  A62-GLU 41,  A64-GLU 0 :       0.00039819 at      1.677 Ang (2.260 Ang by residue) in 3.2808 (sec).
 3-Body  A60-LYS 37,  A62-GLU 41,  A64-GLU 36:       0.00039835 at      1.677 Ang (2.260 Ang by residue) in 3.3024 (sec).
 3-Body  A60-LYS 37,  A62-GLU 41,  A64-GLU 37:       0.00041266 at      1.677 Ang (2.260 Ang by residue) in 3.2904 (sec).
 3-Body  A60-LYS 37,  A62-GLU 41,  A64-GLU 40:       0.00203165 at      1.677 Ang (2.260 Ang by residue) in 3.1959 (sec).
 3-Body  A60-LYS 37,  A62-GLU 41,  A64-GLU 41:       0.00066562 at      1.677 Ang (2.260 Ang by residue) in 3.4261 (sec).
 3-Body  A60-LYS 38,  A61-ASP 0 ,  A64-GLU 0 :       0.00108033 at      1.439 Ang (0.821 Ang by residue) in 3.3836 (sec).
 3-Body  A60-LYS 38,  A61-ASP 0 ,  A64-GLU 36:       0.00108146 at      1.440 Ang (0.821 Ang by residue) in 3.4997 (sec).
 3-Body  A60-LYS 38,  A61-ASP 0 ,  A64-GLU 37:       0.00036679 at      1.440 Ang (0.821 Ang by residue) in 3.5731 (sec).
 3-Body  A60-LYS 38,  A61-ASP 0 ,  A64-GLU 40:       0.00254676 at      1.435 Ang (0.821 Ang by residue) in 3.3126 (sec).
 3-Body  A60-LYS 38,  A61-ASP 0 ,  A64-GLU 41:       0.00147400 at      1.436 Ang (0.821 Ang by residue) in 3.2212 (sec).
 3-Body  A60-LYS 38,  A61-ASP 0 ,  A62-GLU 0 :       0.00120254 at      1.389 Ang (1.840 Ang by residue) in 3.2778 (sec).
 3-Body  A60-LYS 38,  A61-ASP 0 ,  A62-GLU 40:       0.00112095 at      1.389 Ang (1.840 Ang by residue) in 3.3753 (sec).
 3-Body  A60-LYS 38,  A61-ASP 0 ,  A62-GLU 41:       0.00089994 at      1.389 Ang (1.840 Ang by residue) in 3.3540 (sec).
 3-Body  A60-LYS 38,  A61-ASP 24,  A64-GLU 0 :       0.00087392 at      1.439 Ang (0.821 Ang by residue) in 3.2717 (sec).
 3-Body  A60-LYS 38,  A61-ASP 24,  A64-GLU 36:       0.00087461 at      1.440 Ang (0.821 Ang by residue) in 3.4848 (sec).
 3-Body  A60-LYS 38,  A61-ASP 24,  A64-GLU 37:       0.00055498 at      1.440 Ang (0.821 Ang by residue) in 3.2981 (sec).
 3-Body  A60-LYS 38,  A61-ASP 24,  A64-GLU 40:       0.00342811 at      1.435 Ang (0.821 Ang by residue) in 3.3042 (sec).
 3-Body  A60-LYS 38,  A61-ASP 24,  A64-GLU 41:       0.00129163 at      1.436 Ang (0.821 Ang by residue) in 3.3603 (sec).
 3-Body  A60-LYS 38,  A61-ASP 24,  A62-GLU 0 :       0.00116756 at      1.389 Ang (1.840 Ang by residue) in 3.4289 (sec).
 3-Body  A60-LYS 38,  A61-ASP 24,  A62-GLU 40:       0.00110813 at      1.389 Ang (1.840 Ang by residue) in 3.2141 (sec).
 3-Body  A60-LYS 38,  A61-ASP 24,  A62-GLU 41:       0.00108713 at      1.389 Ang (1.840 Ang by residue) in 3.1767 (sec).
 3-Body  A60-LYS 38,  A61-ASP 25,  A64-GLU 0 :       0.00098630 at      1.439 Ang (0.821 Ang by residue) in 3.3151 (sec).
 3-Body  A60-LYS 38,  A61-ASP 25,  A64-GLU 36:       0.00098698 at      1.440 Ang (0.821 Ang by residue) in 3.4067 (sec).
 3-Body  A60-LYS 38,  A61-ASP 25,  A64-GLU 37:       0.00076873 at      1.440 Ang (0.821 Ang by residue) in 3.3894 (sec).
 3-Body  A60-LYS 38,  A61-ASP 25,  A64-GLU 40:       0.00388431 at      1.435 Ang (0.821 Ang by residue) in 3.3072 (sec).
 3-Body  A60-LYS 38,  A61-ASP 25,  A64-GLU 41:       0.00154671 at      1.436 Ang (0.821 Ang by residue) in 3.5053 (sec).
 3-Body  A60-LYS 38,  A61-ASP 25,  A62-GLU 0 :       0.00109287 at      1.389 Ang (1.840 Ang by residue) in 3.1987 (sec).
 3-Body  A60-LYS 38,  A61-ASP 25,  A62-GLU 40:       0.00102926 at      1.389 Ang (1.840 Ang by residue) in 3.4543 (sec).
 3-Body  A60-LYS 38,  A61-ASP 25,  A62-GLU 41:       0.00093594 at      1.389 Ang (1.840 Ang by residue) in 3.4021 (sec).
 3-Body  A60-LYS 38,  A61-ASP 26,  A64-GLU 0 :       0.00120984 at      1.439 Ang (0.821 Ang by residue) in 3.4999 (sec).
 3-Body  A60-LYS 38,  A61-ASP 26,  A64-GLU 36:       0.00121106 at      1.440 Ang (0.821 Ang by residue) in 3.4086 (sec).
 3-Body  A60-LYS 38,  A61-ASP 26,  A64-GLU 37:       0.00021378 at      1.440 Ang (0.821 Ang by residue) in 3.3216 (sec).
 3-Body  A60-LYS 38,  A61-ASP 26,  A64-GLU 40:      -0.00070926 at      1.435 Ang (0.821 Ang by residue) in 3.3112 (sec).
 3-Body  A60-LYS 38,  A61-ASP 26,  A64-GLU 41:       0.00144279 at      1.436 Ang (0.821 Ang by residue) in 3.5768 (sec).
 3-Body  A60-LYS 38,  A61-ASP 26,  A62-GLU 0 :       0.00133263 at      1.389 Ang (1.840 Ang by residue) in 3.2240 (sec).
 3-Body  A60-LYS 38,  A61-ASP 26,  A62-GLU 40:       0.00125128 at      1.389 Ang (1.840 Ang by residue) in 3.4574 (sec).
 3-Body  A60-LYS 38,  A61-ASP 26,  A62-GLU 41:       0.00108583 at      1.389 Ang (1.840 Ang by residue) in 3.3369 (sec).
 3-Body  A60-LYS 38,  A62-GLU 0 ,  A64-GLU 0 :       0.00037506 at      1.677 Ang (2.260 Ang by residue) in 3.3969 (sec).
 3-Body  A60-LYS 38,  A62-GLU 0 ,  A64-GLU 36:       0.00037517 at      1.677 Ang (2.260 Ang by residue) in 3.3607 (sec).
 3-Body  A60-LYS 38,  A62-GLU 0 ,  A64-GLU 37:       0.00042641 at      1.677 Ang (2.260 Ang by residue) in 3.2766 (sec).
 3-Body  A60-LYS 38,  A62-GLU 0 ,  A64-GLU 40:       0.00141283 at      1.677 Ang (2.260 Ang by residue) in 3.1744 (sec).
 3-Body  A60-LYS 38,  A62-GLU 0 ,  A64-GLU 41:       0.00064055 at      1.677 Ang (2.260 Ang by residue) in 3.2855 (sec).
 3-Body  A60-LYS 38,  A62-GLU 40,  A64-GLU 0 :       0.00036223 at      1.677 Ang (2.260 Ang by residue) in 3.4780 (sec).
 3-Body  A60-LYS 38,  A62-GLU 40,  A64-GLU 36:       0.00036234 at      1.677 Ang (2.260 Ang by residue) in 3.5192 (sec).
 3-Body  A60-LYS 38,  A62-GLU 40,  A64-GLU 37:       0.00040335 at      1.677 Ang (2.260 Ang by residue) in 3.2341 (sec).
 3-Body  A60-LYS 38,  A62-GLU 40,  A64-GLU 40:       0.00135478 at      1.677 Ang (2.260 Ang by residue) in 3.5607 (sec).
 3-Body  A60-LYS 38,  A62-GLU 40,  A64-GLU 41:       0.00061351 at      1.677 Ang (2.260 Ang by residue) in 3.3506 (sec).
 3-Body  A60-LYS 38,  A62-GLU 41,  A64-GLU 0 :       0.00032876 at      1.677 Ang (2.260 Ang by residue) in 3.3197 (sec).
 3-Body  A60-LYS 38,  A62-GLU 41,  A64-GLU 36:       0.00032889 at      1.677 Ang (2.260 Ang by residue) in 3.2872 (sec).
 3-Body  A60-LYS 38,  A62-GLU 41,  A64-GLU 37:       0.00032498 at      1.677 Ang (2.260 Ang by residue) in 3.3905 (sec).
 3-Body  A60-LYS 38,  A62-GLU 41,  A64-GLU 40:       0.00129076 at      1.677 Ang (2.260 Ang by residue) in 3.3591 (sec).
 3-Body  A60-LYS 38,  A62-GLU 41,  A64-GLU 41:       0.00054949 at      1.677 Ang (2.260 Ang by residue) in 3.3623 (sec).
 3-Body  A60-LYS 39,  A61-ASP 0 ,  A64-GLU 0 :       0.00105740 at      1.439 Ang (0.821 Ang by residue) in 3.4392 (sec).
 3-Body  A60-LYS 39,  A61-ASP 0 ,  A64-GLU 36:       0.00105853 at      1.440 Ang (0.821 Ang by residue) in 3.3004 (sec).
 3-Body  A60-LYS 39,  A61-ASP 0 ,  A64-GLU 37:       0.00029182 at      1.440 Ang (0.821 Ang by residue) in 3.5120 (sec).
 3-Body  A60-LYS 39,  A61-ASP 0 ,  A64-GLU 40:       0.00345593 at      1.431 Ang (0.821 Ang by residue) in 3.3739 (sec).
 3-Body  A60-LYS 39,  A61-ASP 0 ,  A64-GLU 41:       0.00163432 at      1.436 Ang (0.821 Ang by residue) in 3.3660 (sec).
 3-Body  A60-LYS 39,  A61-ASP 0 ,  A62-GLU 0 :       0.00117320 at      1.389 Ang (1.840 Ang by residue) in 3.3782 (sec).
 3-Body  A60-LYS 39,  A61-ASP 0 ,  A62-GLU 40:       0.00110738 at      1.389 Ang (1.840 Ang by residue) in 3.3549 (sec).
 3-Body  A60-LYS 39,  A61-ASP 0 ,  A62-GLU 41:       0.00090875 at      1.389 Ang (1.840 Ang by residue) in 3.4836 (sec).
 3-Body  A60-LYS 39,  A61-ASP 24,  A64-GLU 0 :       0.00069645 at      1.439 Ang (0.821 Ang by residue) in 3.4640 (sec).
 3-Body  A60-LYS 39,  A61-ASP 24,  A64-GLU 36:       0.00069723 at      1.440 Ang (0.821 Ang by residue) in 3.3009 (sec).
 3-Body  A60-LYS 39,  A61-ASP 24,  A64-GLU 37:       0.00031360 at      1.440 Ang (0.821 Ang by residue) in 3.1903 (sec).
 3-Body  A60-LYS 39,  A61-ASP 24,  A64-GLU 40:       0.00313969 at      1.431 Ang (0.821 Ang by residue) in 3.4394 (sec).
 3-Body  A60-LYS 39,  A61-ASP 24,  A64-GLU 41:       0.00107785 at      1.436 Ang (0.821 Ang by residue) in 3.3518 (sec).
 3-Body  A60-LYS 39,  A61-ASP 24,  A62-GLU 0 :       0.00115208 at      1.389 Ang (1.840 Ang by residue) in 3.5294 (sec).
 3-Body  A60-LYS 39,  A61-ASP 24,  A62-GLU 40:       0.00110085 at      1.389 Ang (1.840 Ang by residue) in 3.4234 (sec).
 3-Body  A60-LYS 39,  A61-ASP 24,  A62-GLU 41:       0.00109796 at      1.389 Ang (1.840 Ang by residue) in 3.3218 (sec).
 3-Body  A60-LYS 39,  A61-ASP 25,  A64-GLU 0 :       0.00091152 at      1.439 Ang (0.821 Ang by residue) in 3.4892 (sec).
 3-Body  A60-LYS 39,  A61-ASP 25,  A64-GLU 36:       0.00091226 at      1.440 Ang (0.821 Ang by residue) in 3.3427 (sec).
 3-Body  A60-LYS 39,  A61-ASP 25,  A64-GLU 37:       0.00061319 at      1.440 Ang (0.821 Ang by residue) in 3.4177 (sec).
 3-Body  A60-LYS 39,  A61-ASP 25,  A64-GLU 40:       0.00371042 at      1.431 Ang (0.821 Ang by residue) in 3.3460 (sec).
 3-Body  A60-LYS 39,  A61-ASP 25,  A64-GLU 41:       0.00155094 at      1.436 Ang (0.821 Ang by residue) in 3.3758 (sec).
 3-Body  A60-LYS 39,  A61-ASP 25,  A62-GLU 0 :       0.00106008 at      1.389 Ang (1.840 Ang by residue) in 3.4935 (sec).
 3-Body  A60-LYS 39,  A61-ASP 25,  A62-GLU 40:       0.00100406 at      1.389 Ang (1.840 Ang by residue) in 3.3965 (sec).
 3-Body  A60-LYS 39,  A61-ASP 25,  A62-GLU 41:       0.00092366 at      1.389 Ang (1.840 Ang by residue) in 3.3917 (sec).
 3-Body  A60-LYS 39,  A61-ASP 26,  A64-GLU 0 :       0.00121860 at      1.439 Ang (0.821 Ang by residue) in 3.4016 (sec).
 3-Body  A60-LYS 39,  A61-ASP 26,  A64-GLU 36:       0.00121981 at      1.440 Ang (0.821 Ang by residue) in 3.3881 (sec).
 3-Body  A60-LYS 39,  A61-ASP 26,  A64-GLU 37:       0.00025570 at      1.440 Ang (0.821 Ang by residue) in 3.2013 (sec).
 3-Body  A60-LYS 39,  A61-ASP 26,  A64-GLU 40:      -0.00130743 at      1.431 Ang (0.821 Ang by residue) in 3.3514 (sec).
 3-Body  A60-LYS 39,  A61-ASP 26,  A64-GLU 41:       0.00159553 at      1.436 Ang (0.821 Ang by residue) in 3.4650 (sec).
 3-Body  A60-LYS 39,  A61-ASP 26,  A62-GLU 0 :       0.00128203 at      1.389 Ang (1.840 Ang by residue) in 3.4797 (sec).
 3-Body  A60-LYS 39,  A61-ASP 26,  A62-GLU 40:       0.00121789 at      1.389 Ang (1.840 Ang by residue) in 3.4355 (sec).
 3-Body  A60-LYS 39,  A61-ASP 26,  A62-GLU 41:       0.00107609 at      1.389 Ang (1.840 Ang by residue) in 3.4149 (sec).
 3-Body  A60-LYS 39,  A62-GLU 0 ,  A64-GLU 0 :       0.00039917 at      1.677 Ang (2.260 Ang by residue) in 3.4297 (sec).
 3-Body  A60-LYS 39,  A62-GLU 0 ,  A64-GLU 36:       0.00039928 at      1.677 Ang (2.260 Ang by residue) in 3.3054 (sec).
 3-Body  A60-LYS 39,  A62-GLU 0 ,  A64-GLU 37:       0.00043389 at      1.677 Ang (2.260 Ang by residue) in 3.3921 (sec).
 3-Body  A60-LYS 39,  A62-GLU 0 ,  A64-GLU 40:       0.00173823 at      1.674 Ang (2.260 Ang by residue) in 3.2958 (sec).
 3-Body  A60-LYS 39,  A62-GLU 0 ,  A64-GLU 41:       0.00076184 at      1.677 Ang (2.260 Ang by residue) in 3.3877 (sec).
 3-Body  A60-LYS 39,  A62-GLU 40,  A64-GLU 0 :       0.00038269 at      1.677 Ang (2.260 Ang by residue) in 3.3365 (sec).
 3-Body  A60-LYS 39,  A62-GLU 40,  A64-GLU 36:       0.00038281 at      1.677 Ang (2.260 Ang by residue) in 3.3569 (sec).
 3-Body  A60-LYS 39,  A62-GLU 40,  A64-GLU 37:       0.00040863 at      1.677 Ang (2.260 Ang by residue) in 3.4635 (sec).
 3-Body  A60-LYS 39,  A62-GLU 40,  A64-GLU 40:       0.00160082 at      1.674 Ang (2.260 Ang by residue) in 3.3680 (sec).
 3-Body  A60-LYS 39,  A62-GLU 40,  A64-GLU 41:       0.00071695 at      1.677 Ang (2.260 Ang by residue) in 3.3220 (sec).
 3-Body  A60-LYS 39,  A62-GLU 41,  A64-GLU 0 :       0.00031389 at      1.677 Ang (2.260 Ang by residue) in 3.3590 (sec).
 3-Body  A60-LYS 39,  A62-GLU 41,  A64-GLU 36:       0.00031403 at      1.677 Ang (2.260 Ang by residue) in 3.4355 (sec).
 3-Body  A60-LYS 39,  A62-GLU 41,  A64-GLU 37:       0.00029541 at      1.677 Ang (2.260 Ang by residue) in 3.3727 (sec).
 3-Body  A60-LYS 39,  A62-GLU 41,  A64-GLU 40:       0.00091872 at      1.674 Ang (2.260 Ang by residue) in 3.2732 (sec).
 3-Body  A60-LYS 39,  A62-GLU 41,  A64-GLU 41:       0.00052104 at      1.677 Ang (2.260 Ang by residue) in 3.5061 (sec).
 3-Body  A60-LYS 40,  A61-ASP 0 ,  A64-GLU 0 :       0.00099357 at      1.439 Ang (0.821 Ang by residue) in 3.4017 (sec).
 3-Body  A60-LYS 40,  A61-ASP 0 ,  A64-GLU 36:       0.00099469 at      1.440 Ang (0.821 Ang by residue) in 3.4102 (sec).
 3-Body  A60-LYS 40,  A61-ASP 0 ,  A64-GLU 37:       0.00025480 at      1.440 Ang (0.821 Ang by residue) in 3.4703 (sec).
 3-Body  A60-LYS 40,  A61-ASP 0 ,  A64-GLU 40:       0.00317650 at      1.435 Ang (0.821 Ang by residue) in 3.4477 (sec).
 3-Body  A60-LYS 40,  A61-ASP 0 ,  A64-GLU 41:       0.00140192 at      1.436 Ang (0.821 Ang by residue) in 3.2977 (sec).
 3-Body  A60-LYS 40,  A61-ASP 0 ,  A62-GLU 0 :       0.00113775 at      1.389 Ang (1.840 Ang by residue) in 3.3753 (sec).
 3-Body  A60-LYS 40,  A61-ASP 0 ,  A62-GLU 40:       0.00106989 at      1.389 Ang (1.840 Ang by residue) in 3.1004 (sec).
 3-Body  A60-LYS 40,  A61-ASP 0 ,  A62-GLU 41:       0.00087572 at      1.389 Ang (1.840 Ang by residue) in 3.3433 (sec).
 3-Body  A60-LYS 40,  A61-ASP 24,  A64-GLU 0 :       0.00075831 at      1.439 Ang (0.821 Ang by residue) in 3.4299 (sec).
 3-Body  A60-LYS 40,  A61-ASP 24,  A64-GLU 36:       0.00075905 at      1.440 Ang (0.821 Ang by residue) in 3.2985 (sec).
 3-Body  A60-LYS 40,  A61-ASP 24,  A64-GLU 37:       0.00036479 at      1.440 Ang (0.821 Ang by residue) in 3.4434 (sec).
 3-Body  A60-LYS 40,  A61-ASP 24,  A64-GLU 40:       0.00292717 at      1.435 Ang (0.821 Ang by residue) in 3.3002 (sec).
 3-Body  A60-LYS 40,  A61-ASP 24,  A64-GLU 41:       0.00113602 at      1.436 Ang (0.821 Ang by residue) in 3.3304 (sec).
 3-Body  A60-LYS 40,  A61-ASP 24,  A62-GLU 0 :       0.00109448 at      1.389 Ang (1.840 Ang by residue) in 3.1912 (sec).
 3-Body  A60-LYS 40,  A61-ASP 24,  A62-GLU 40:       0.00104057 at      1.389 Ang (1.840 Ang by residue) in 3.3926 (sec).
 3-Body  A60-LYS 40,  A61-ASP 24,  A62-GLU 41:       0.00103046 at      1.389 Ang (1.840 Ang by residue) in 3.3694 (sec).
 3-Body  A60-LYS 40,  A61-ASP 25,  A64-GLU 0 :       0.00091816 at      1.439 Ang (0.821 Ang by residue) in 3.3020 (sec).
 3-Body  A60-LYS 40,  A61-ASP 25,  A64-GLU 36:       0.00091888 at      1.440 Ang (0.821 Ang by residue) in 3.3342 (sec).
 3-Body  A60-LYS 40,  A61-ASP 25,  A64-GLU 37:       0.00061406 at      1.440 Ang (0.821 Ang by residue) in 3.2431 (sec).
 3-Body  A60-LYS 40,  A61-ASP 25,  A64-GLU 40:       0.00342950 at      1.435 Ang (0.821 Ang by residue) in 3.3126 (sec).
 3-Body  A60-LYS 40,  A61-ASP 25,  A64-GLU 41:       0.00147353 at      1.436 Ang (0.821 Ang by residue) in 3.4344 (sec).
 3-Body  A60-LYS 40,  A61-ASP 25,  A62-GLU 0 :       0.00102432 at      1.389 Ang (1.840 Ang by residue) in 3.4210 (sec).
 3-Body  A60-LYS 40,  A61-ASP 25,  A62-GLU 40:       0.00096649 at      1.389 Ang (1.840 Ang by residue) in 3.4002 (sec).
 3-Body  A60-LYS 40,  A61-ASP 25,  A62-GLU 41:       0.00088730 at      1.389 Ang (1.840 Ang by residue) in 3.3201 (sec).
 3-Body  A60-LYS 40,  A61-ASP 26,  A64-GLU 0 :       0.00115702 at      1.439 Ang (0.821 Ang by residue) in 3.3403 (sec).
 3-Body  A60-LYS 40,  A61-ASP 26,  A64-GLU 36:       0.00115822 at      1.440 Ang (0.821 Ang by residue) in 3.4820 (sec).
 3-Body  A60-LYS 40,  A61-ASP 26,  A64-GLU 37:       0.00024983 at      1.440 Ang (0.821 Ang by residue) in 3.3773 (sec).
 3-Body  A60-LYS 40,  A61-ASP 26,  A64-GLU 40:      -0.00102705 at      1.435 Ang (0.821 Ang by residue) in 3.4670 (sec).
 3-Body  A60-LYS 40,  A61-ASP 26,  A64-GLU 41:       0.00142917 at      1.436 Ang (0.821 Ang by residue) in 3.2921 (sec).
 3-Body  A60-LYS 40,  A61-ASP 26,  A62-GLU 0 :       0.00124542 at      1.389 Ang (1.840 Ang by residue) in 3.3847 (sec).
 3-Body  A60-LYS 40,  A61-ASP 26,  A62-GLU 40:       0.00117908 at      1.389 Ang (1.840 Ang by residue) in 3.3182 (sec).
 3-Body  A60-LYS 40,  A61-ASP 26,  A62-GLU 41:       0.00104092 at      1.389 Ang (1.840 Ang by residue) in 3.2693 (sec).
 3-Body  A60-LYS 40,  A62-GLU 0 ,  A64-GLU 0 :       0.00037100 at      1.677 Ang (2.260 Ang by residue) in 3.5024 (sec).
 3-Body  A60-LYS 40,  A62-GLU 0 ,  A64-GLU 36:       0.00037111 at      1.677 Ang (2.260 Ang by residue) in 3.8841 (sec).
 3-Body  A60-LYS 40,  A62-GLU 0 ,  A64-GLU 37:       0.00040519 at      1.677 Ang (2.260 Ang by residue) in 3.7832 (sec).
 3-Body  A60-LYS 40,  A62-GLU 0 ,  A64-GLU 40:       0.00150162 at      1.677 Ang (2.260 Ang by residue) in 3.7202 (sec).
 3-Body  A60-LYS 40,  A62-GLU 0 ,  A64-GLU 41:       0.00064020 at      1.677 Ang (2.260 Ang by residue) in 3.3966 (sec).
 3-Body  A60-LYS 40,  A62-GLU 40,  A64-GLU 0 :       0.00035661 at      1.677 Ang (2.260 Ang by residue) in 3.5160 (sec).
 3-Body  A60-LYS 40,  A62-GLU 40,  A64-GLU 36:       0.00035672 at      1.677 Ang (2.260 Ang by residue) in 3.4653 (sec).
 3-Body  A60-LYS 40,  A62-GLU 40,  A64-GLU 37:       0.00038129 at      1.677 Ang (2.260 Ang by residue) in 3.5283 (sec).
 3-Body  A60-LYS 40,  A62-GLU 40,  A64-GLU 40:       0.00138242 at      1.677 Ang (2.260 Ang by residue) in 3.4055 (sec).
 3-Body  A60-LYS 40,  A62-GLU 40,  A64-GLU 41:       0.00060804 at      1.677 Ang (2.260 Ang by residue) in 3.3167 (sec).
 3-Body  A60-LYS 40,  A62-GLU 41,  A64-GLU 0 :       0.00030865 at      1.677 Ang (2.260 Ang by residue) in 3.2982 (sec).
 3-Body  A60-LYS 40,  A62-GLU 41,  A64-GLU 36:       0.00030880 at      1.677 Ang (2.260 Ang by residue) in 3.4674 (sec).
 3-Body  A60-LYS 40,  A62-GLU 41,  A64-GLU 37:       0.00028495 at      1.677 Ang (2.260 Ang by residue) in 3.1834 (sec).
 3-Body  A60-LYS 40,  A62-GLU 41,  A64-GLU 40:       0.00087211 at      1.677 Ang (2.260 Ang by residue) in 3.4295 (sec).
 3-Body  A60-LYS 40,  A62-GLU 41,  A64-GLU 41:       0.00050631 at      1.677 Ang (2.260 Ang by residue) in 3.3171 (sec).
 3-Body  A60-LYS 41,  A61-ASP 0 ,  A64-GLU 0 :       0.00159378 at      1.439 Ang (0.821 Ang by residue) in 3.4347 (sec).
 3-Body  A60-LYS 41,  A61-ASP 0 ,  A64-GLU 36:       0.00159522 at      1.440 Ang (0.821 Ang by residue) in 3.4765 (sec).
 3-Body  A60-LYS 41,  A61-ASP 0 ,  A64-GLU 37:       0.00085335 at      1.440 Ang (0.821 Ang by residue) in 3.3830 (sec).
 3-Body  A60-LYS 41,  A61-ASP 0 ,  A64-GLU 40:       0.01713017 at      1.363 Ang (0.821 Ang by residue) in 3.3042 (sec).
 3-Body  A60-LYS 41,  A61-ASP 0 ,  A64-GLU 41:       0.00348985 at      1.436 Ang (0.821 Ang by residue) in 3.3200 (sec).
 3-Body  A60-LYS 41,  A61-ASP 0 ,  A62-GLU 0 :       0.00126953 at      1.389 Ang (1.840 Ang by residue) in 3.4384 (sec).
 3-Body  A60-LYS 41,  A61-ASP 0 ,  A62-GLU 40:       0.00119675 at      1.389 Ang (1.840 Ang by residue) in 3.3955 (sec).
 3-Body  A60-LYS 41,  A61-ASP 0 ,  A62-GLU 41:       0.00100353 at      1.389 Ang (1.840 Ang by residue) in 3.4117 (sec).
 3-Body  A60-LYS 41,  A61-ASP 24,  A64-GLU 0 :       0.00072328 at      1.439 Ang (0.821 Ang by residue) in 3.4780 (sec).
 3-Body  A60-LYS 41,  A61-ASP 24,  A64-GLU 36:       0.00072434 at      1.440 Ang (0.821 Ang by residue) in 3.2672 (sec).
 3-Body  A60-LYS 41,  A61-ASP 24,  A64-GLU 37:       0.00018458 at      1.440 Ang (0.821 Ang by residue) in 3.1430 (sec).
 3-Body  A60-LYS 41,  A61-ASP 24,  A64-GLU 40:       0.00707615 at      1.363 Ang (0.821 Ang by residue) in 3.3909 (sec).
 3-Body  A60-LYS 41,  A61-ASP 24,  A64-GLU 41:       0.00134648 at      1.436 Ang (0.821 Ang by residue) in 3.2260 (sec).
 3-Body  A60-LYS 41,  A61-ASP 24,  A62-GLU 0 :       0.00138270 at      1.389 Ang (1.840 Ang by residue) in 3.2230 (sec).
 3-Body  A60-LYS 41,  A61-ASP 24,  A62-GLU 40:       0.00132898 at      1.389 Ang (1.840 Ang by residue) in 3.3239 (sec).
 3-Body  A60-LYS 41,  A61-ASP 24,  A62-GLU 41:       0.00137721 at      1.389 Ang (1.840 Ang by residue) in 3.3339 (sec).
 3-Body  A60-LYS 41,  A61-ASP 25,  A64-GLU 0 :       0.00118846 at      1.439 Ang (0.821 Ang by residue) in 3.3608 (sec).
 3-Body  A60-LYS 41,  A61-ASP 25,  A64-GLU 36:       0.00118951 at      1.440 Ang (0.821 Ang by residue) in 3.3965 (sec).
 3-Body  A60-LYS 41,  A61-ASP 25,  A64-GLU 37:       0.00074057 at      1.440 Ang (0.821 Ang by residue) in 3.2488 (sec).
 3-Body  A60-LYS 41,  A61-ASP 25,  A64-GLU 40:       0.00831463 at      1.363 Ang (0.821 Ang by residue) in 3.4024 (sec).
 3-Body  A60-LYS 41,  A61-ASP 25,  A64-GLU 41:       0.00235439 at      1.436 Ang (0.821 Ang by residue) in 3.4455 (sec).
 3-Body  A60-LYS 41,  A61-ASP 25,  A62-GLU 0 :       0.00123970 at      1.389 Ang (1.840 Ang by residue) in 3.3873 (sec).
 3-Body  A60-LYS 41,  A61-ASP 25,  A62-GLU 40:       0.00117866 at      1.389 Ang (1.840 Ang by residue) in 3.3602 (sec).
 3-Body  A60-LYS 41,  A61-ASP 25,  A62-GLU 41:       0.00113033 at      1.389 Ang (1.840 Ang by residue) in 3.3853 (sec).
 3-Body  A60-LYS 41,  A61-ASP 26,  A64-GLU 0 :       0.00194489 at      1.439 Ang (0.821 Ang by residue) in 3.3513 (sec).
 3-Body  A60-LYS 41,  A61-ASP 26,  A64-GLU 36:       0.00194653 at      1.440 Ang (0.821 Ang by residue) in 3.2353 (sec).
 3-Body  A60-LYS 41,  A61-ASP 26,  A64-GLU 37:       0.00065970 at      1.440 Ang (0.821 Ang by residue) in 3.2247 (sec).
 3-Body  A60-LYS 41,  A61-ASP 26,  A64-GLU 40:       0.00536245 at      1.363 Ang (0.821 Ang by residue) in 3.3850 (sec).
 3-Body  A60-LYS 41,  A61-ASP 26,  A64-GLU 41:       0.00359886 at      1.436 Ang (0.821 Ang by residue) in 3.3515 (sec).
 3-Body  A60-LYS 41,  A61-ASP 26,  A62-GLU 0 :       0.00138484 at      1.389 Ang (1.840 Ang by residue) in 3.2572 (sec).
 3-Body  A60-LYS 41,  A61-ASP 26,  A62-GLU 40:       0.00131321 at      1.389 Ang (1.840 Ang by residue) in 3.4088 (sec).
 3-Body  A60-LYS 41,  A61-ASP 26,  A62-GLU 41:       0.00117446 at      1.389 Ang (1.840 Ang by residue) in 3.2371 (sec).
 3-Body  A60-LYS 41,  A62-GLU 0 ,  A64-GLU 0 :       0.00050724 at      1.677 Ang (2.260 Ang by residue) in 3.2896 (sec).
 3-Body  A60-LYS 41,  A62-GLU 0 ,  A64-GLU 36:       0.00050738 at      1.677 Ang (2.260 Ang by residue) in 3.3692 (sec).
 3-Body  A60-LYS 41,  A62-GLU 0 ,  A64-GLU 37:       0.00059412 at      1.677 Ang (2.260 Ang by residue) in 3.4227 (sec).
 3-Body  A60-LYS 41,  A62-GLU 0 ,  A64-GLU 40:       0.00385145 at      1.616 Ang (2.260 Ang by residue) in 3.4298 (sec).
 3-Body  A60-LYS 41,  A62-GLU 0 ,  A64-GLU 41:       0.00096100 at      1.677 Ang (2.260 Ang by residue) in 3.4078 (sec).
 3-Body  A60-LYS 41,  A62-GLU 40,  A64-GLU 0 :       0.00047850 at      1.677 Ang (2.260 Ang by residue) in 3.1729 (sec).
 3-Body  A60-LYS 41,  A62-GLU 40,  A64-GLU 36:       0.00047865 at      1.677 Ang (2.260 Ang by residue) in 3.3057 (sec).
 3-Body  A60-LYS 41,  A62-GLU 40,  A64-GLU 37:       0.00054440 at      1.677 Ang (2.260 Ang by residue) in 3.3145 (sec).
 3-Body  A60-LYS 41,  A62-GLU 40,  A64-GLU 40:       0.00339954 at      1.616 Ang (2.260 Ang by residue) in 3.3032 (sec).
 3-Body  A60-LYS 41,  A62-GLU 40,  A64-GLU 41:       0.00087383 at      1.677 Ang (2.260 Ang by residue) in 3.3818 (sec).
 3-Body  A60-LYS 41,  A62-GLU 41,  A64-GLU 0 :       0.00034996 at      1.677 Ang (2.260 Ang by residue) in 3.4178 (sec).
 3-Body  A60-LYS 41,  A62-GLU 41,  A64-GLU 36:       0.00035014 at      1.677 Ang (2.260 Ang by residue) in 3.4074 (sec).
 3-Body  A60-LYS 41,  A62-GLU 41,  A64-GLU 37:       0.00025590 at      1.677 Ang (2.260 Ang by residue) in 3.4025 (sec).
 3-Body  A60-LYS 41,  A62-GLU 41,  A64-GLU 40:       0.00096248 at      1.616 Ang (2.260 Ang by residue) in 3.3859 (sec).
 3-Body  A60-LYS 41,  A62-GLU 41,  A64-GLU 41:       0.00049792 at      1.677 Ang (2.260 Ang by residue) in 3.3128 (sec).
 3-Body  A60-LYS 42,  A61-ASP 0 ,  A64-GLU 0 :       0.00088496 at      1.439 Ang (0.821 Ang by residue) in 3.3966 (sec).
 3-Body  A60-LYS 42,  A61-ASP 0 ,  A64-GLU 36:       0.00088601 at      1.440 Ang (0.821 Ang by residue) in 3.2863 (sec).
 3-Body  A60-LYS 42,  A61-ASP 0 ,  A64-GLU 37:       0.00015965 at      1.440 Ang (0.821 Ang by residue) in 3.4258 (sec).
 3-Body  A60-LYS 42,  A61-ASP 0 ,  A64-GLU 40:       0.00157627 at      1.435 Ang (0.821 Ang by residue) in 3.2061 (sec).
 3-Body  A60-LYS 42,  A61-ASP 0 ,  A64-GLU 41:       0.00117625 at      1.436 Ang (0.821 Ang by residue) in 3.3505 (sec).
 3-Body  A60-LYS 42,  A61-ASP 0 ,  A62-GLU 0 :       0.00114720 at      1.389 Ang (1.840 Ang by residue) in 3.4327 (sec).
 3-Body  A60-LYS 42,  A61-ASP 0 ,  A62-GLU 40:       0.00108068 at      1.389 Ang (1.840 Ang by residue) in 3.3762 (sec).
 3-Body  A60-LYS 42,  A61-ASP 0 ,  A62-GLU 41:       0.00087815 at      1.389 Ang (1.840 Ang by residue) in 3.4351 (sec).
 3-Body  A60-LYS 42,  A61-ASP 24,  A64-GLU 0 :       0.00075722 at      1.439 Ang (0.821 Ang by residue) in 3.5548 (sec).
 3-Body  A60-LYS 42,  A61-ASP 24,  A64-GLU 36:       0.00075789 at      1.440 Ang (0.821 Ang by residue) in 3.1589 (sec).
 3-Body  A60-LYS 42,  A61-ASP 24,  A64-GLU 37:       0.00040244 at      1.440 Ang (0.821 Ang by residue) in 3.2890 (sec).
 3-Body  A60-LYS 42,  A61-ASP 24,  A64-GLU 40:       0.00264727 at      1.435 Ang (0.821 Ang by residue) in 3.4853 (sec).
 3-Body  A60-LYS 42,  A61-ASP 24,  A64-GLU 41:       0.00111091 at      1.436 Ang (0.821 Ang by residue) in 3.3616 (sec).
 3-Body  A60-LYS 42,  A61-ASP 24,  A62-GLU 0 :       0.00108409 at      1.389 Ang (1.840 Ang by residue) in 3.5603 (sec).
 3-Body  A60-LYS 42,  A61-ASP 24,  A62-GLU 40:       0.00103292 at      1.389 Ang (1.840 Ang by residue) in 3.4717 (sec).
 3-Body  A60-LYS 42,  A61-ASP 24,  A62-GLU 41:       0.00101827 at      1.389 Ang (1.840 Ang by residue) in 3.4603 (sec).
 3-Body  A60-LYS 42,  A61-ASP 25,  A64-GLU 0 :       0.00086346 at      1.439 Ang (0.821 Ang by residue) in 3.3371 (sec).
 3-Body  A60-LYS 42,  A61-ASP 25,  A64-GLU 36:       0.00086411 at      1.440 Ang (0.821 Ang by residue) in 3.2423 (sec).
 3-Body  A60-LYS 42,  A61-ASP 25,  A64-GLU 37:       0.00059120 at      1.440 Ang (0.821 Ang by residue) in 3.2553 (sec).
 3-Body  A60-LYS 42,  A61-ASP 25,  A64-GLU 40:       0.00304153 at      1.435 Ang (0.821 Ang by residue) in 3.4265 (sec).
 3-Body  A60-LYS 42,  A61-ASP 25,  A64-GLU 41:       0.00135209 at      1.436 Ang (0.821 Ang by residue) in 3.3528 (sec).
 3-Body  A60-LYS 42,  A61-ASP 25,  A62-GLU 0 :       0.00102115 at      1.389 Ang (1.840 Ang by residue) in 3.0343 (sec).
 3-Body  A60-LYS 42,  A61-ASP 25,  A62-GLU 40:       0.00096671 at      1.389 Ang (1.840 Ang by residue) in 3.0657 (sec).
 3-Body  A60-LYS 42,  A61-ASP 25,  A62-GLU 41:       0.00088597 at      1.389 Ang (1.840 Ang by residue) in 3.3169 (sec).
 3-Body  A60-LYS 42,  A61-ASP 26,  A64-GLU 0 :       0.00101670 at      1.439 Ang (0.821 Ang by residue) in 3.4767 (sec).
 3-Body  A60-LYS 42,  A61-ASP 26,  A64-GLU 36:       0.00101782 at      1.440 Ang (0.821 Ang by residue) in 3.3758 (sec).
 3-Body  A60-LYS 42,  A61-ASP 26,  A64-GLU 37:       0.00013764 at      1.440 Ang (0.821 Ang by residue) in 3.3713 (sec).
 3-Body  A60-LYS 42,  A61-ASP 26,  A64-GLU 40:      -0.00102831 at      1.435 Ang (0.821 Ang by residue) in 3.4310 (sec).
 3-Body  A60-LYS 42,  A61-ASP 26,  A64-GLU 41:       0.00115222 at      1.436 Ang (0.821 Ang by residue) in 3.2252 (sec).
 3-Body  A60-LYS 42,  A61-ASP 26,  A62-GLU 0 :       0.00125309 at      1.389 Ang (1.840 Ang by residue) in 3.4200 (sec).
 3-Body  A60-LYS 42,  A61-ASP 26,  A62-GLU 40:       0.00118865 at      1.389 Ang (1.840 Ang by residue) in 3.2535 (sec).
 3-Body  A60-LYS 42,  A61-ASP 26,  A62-GLU 41:       0.00104626 at      1.389 Ang (1.840 Ang by residue) in 3.5159 (sec).
 3-Body  A60-LYS 42,  A62-GLU 0 ,  A64-GLU 0 :       0.00035129 at      1.677 Ang (2.260 Ang by residue) in 3.4005 (sec).
 3-Body  A60-LYS 42,  A62-GLU 0 ,  A64-GLU 36:       0.00035139 at      1.677 Ang (2.260 Ang by residue) in 3.5225 (sec).
 3-Body  A60-LYS 42,  A62-GLU 0 ,  A64-GLU 37:       0.00038935 at      1.677 Ang (2.260 Ang by residue) in 3.3033 (sec).
 3-Body  A60-LYS 42,  A62-GLU 0 ,  A64-GLU 40:       0.00125277 at      1.677 Ang (2.260 Ang by residue) in 3.2989 (sec).
 3-Body  A60-LYS 42,  A62-GLU 0 ,  A64-GLU 41:       0.00060616 at      1.677 Ang (2.260 Ang by residue) in 3.3734 (sec).
 3-Body  A60-LYS 42,  A62-GLU 40,  A64-GLU 0 :       0.00033963 at      1.677 Ang (2.260 Ang by residue) in 3.3146 (sec).
 3-Body  A60-LYS 42,  A62-GLU 40,  A64-GLU 36:       0.00033973 at      1.677 Ang (2.260 Ang by residue) in 3.3193 (sec).
 3-Body  A60-LYS 42,  A62-GLU 40,  A64-GLU 37:       0.00036969 at      1.677 Ang (2.260 Ang by residue) in 3.3661 (sec).
 3-Body  A60-LYS 42,  A62-GLU 40,  A64-GLU 40:       0.00120281 at      1.677 Ang (2.260 Ang by residue) in 3.2617 (sec).
 3-Body  A60-LYS 42,  A62-GLU 40,  A64-GLU 41:       0.00058078 at      1.677 Ang (2.260 Ang by residue) in 3.3635 (sec).
 3-Body  A60-LYS 42,  A62-GLU 41,  A64-GLU 0 :       0.00030556 at      1.677 Ang (2.260 Ang by residue) in 3.2108 (sec).
 3-Body  A60-LYS 42,  A62-GLU 41,  A64-GLU 36:       0.00030568 at      1.677 Ang (2.260 Ang by residue) in 3.3434 (sec).
 3-Body  A60-LYS 42,  A62-GLU 41,  A64-GLU 37:       0.00030365 at      1.677 Ang (2.260 Ang by residue) in 3.4077 (sec).
 3-Body  A60-LYS 42,  A62-GLU 41,  A64-GLU 40:       0.00113555 at      1.677 Ang (2.260 Ang by residue) in 3.4125 (sec).
 3-Body  A60-LYS 42,  A62-GLU 41,  A64-GLU 41:       0.00051082 at      1.677 Ang (2.260 Ang by residue) in 3.2254 (sec).
 3-Body  A60-LYS 46,  A61-ASP 0 ,  A64-GLU 0 :       0.00061593 at      1.439 Ang (0.821 Ang by residue) in 3.2810 (sec).
 3-Body  A60-LYS 46,  A61-ASP 0 ,  A64-GLU 36:       0.00061650 at      1.440 Ang (0.821 Ang by residue) in 3.4089 (sec).
 3-Body  A60-LYS 46,  A61-ASP 0 ,  A64-GLU 37:       0.00030286 at      1.440 Ang (0.821 Ang by residue) in 3.3551 (sec).
 3-Body  A60-LYS 46,  A61-ASP 0 ,  A64-GLU 40:       0.00120846 at      1.435 Ang (0.821 Ang by residue) in 3.2333 (sec).
 3-Body  A60-LYS 46,  A61-ASP 0 ,  A64-GLU 41:       0.00084686 at      1.436 Ang (0.821 Ang by residue) in 3.2154 (sec).
 3-Body  A60-LYS 46,  A61-ASP 0 ,  A62-GLU 0 :       0.00087112 at      1.389 Ang (1.840 Ang by residue) in 3.1947 (sec).
 3-Body  A60-LYS 46,  A61-ASP 0 ,  A62-GLU 40:       0.00082853 at      1.389 Ang (1.840 Ang by residue) in 3.2625 (sec).
 3-Body  A60-LYS 46,  A61-ASP 0 ,  A62-GLU 41:       0.00065259 at      1.389 Ang (1.840 Ang by residue) in 3.4268 (sec).
 3-Body  A60-LYS 46,  A61-ASP 24,  A64-GLU 0 :       0.00049388 at      1.439 Ang (0.821 Ang by residue) in 3.4354 (sec).
 3-Body  A60-LYS 46,  A61-ASP 24,  A64-GLU 36:       0.00049423 at      1.440 Ang (0.821 Ang by residue) in 3.4656 (sec).
 3-Body  A60-LYS 46,  A61-ASP 24,  A64-GLU 37:       0.00036421 at      1.440 Ang (0.821 Ang by residue) in 3.3610 (sec).
 3-Body  A60-LYS 46,  A61-ASP 24,  A64-GLU 40:       0.00108377 at      1.435 Ang (0.821 Ang by residue) in 3.3138 (sec).
 3-Body  A60-LYS 46,  A61-ASP 24,  A64-GLU 41:       0.00065865 at      1.436 Ang (0.821 Ang by residue) in 3.3778 (sec).
 3-Body  A60-LYS 46,  A61-ASP 24,  A62-GLU 0 :       0.00089242 at      1.389 Ang (1.840 Ang by residue) in 3.3104 (sec).
 3-Body  A60-LYS 46,  A61-ASP 24,  A62-GLU 40:       0.00086394 at      1.389 Ang (1.840 Ang by residue) in 3.1337 (sec).
 3-Body  A60-LYS 46,  A61-ASP 24,  A62-GLU 41:       0.00086146 at      1.389 Ang (1.840 Ang by residue) in 3.4546 (sec).
 3-Body  A60-LYS 46,  A61-ASP 25,  A64-GLU 0 :       0.00056845 at      1.439 Ang (0.821 Ang by residue) in 3.2727 (sec).
 3-Body  A60-LYS 46,  A61-ASP 25,  A64-GLU 36:       0.00056878 at      1.440 Ang (0.821 Ang by residue) in 3.3337 (sec).
 3-Body  A60-LYS 46,  A61-ASP 25,  A64-GLU 37:       0.00048826 at      1.440 Ang (0.821 Ang by residue) in 3.3913 (sec).
 3-Body  A60-LYS 46,  A61-ASP 25,  A64-GLU 40:       0.00136106 at      1.435 Ang (0.821 Ang by residue) in 3.3773 (sec).
 3-Body  A60-LYS 46,  A61-ASP 25,  A64-GLU 41:       0.00083113 at      1.436 Ang (0.821 Ang by residue) in 3.3240 (sec).
 3-Body  A60-LYS 46,  A61-ASP 25,  A62-GLU 0 :       0.00080334 at      1.389 Ang (1.840 Ang by residue) in 3.4208 (sec).
 3-Body  A60-LYS 46,  A61-ASP 25,  A62-GLU 40:       0.00077054 at      1.389 Ang (1.840 Ang by residue) in 3.3966 (sec).
 3-Body  A60-LYS 46,  A61-ASP 25,  A62-GLU 41:       0.00070324 at      1.389 Ang (1.840 Ang by residue) in 3.4690 (sec).
 3-Body  A60-LYS 46,  A61-ASP 26,  A64-GLU 0 :       0.00074885 at      1.439 Ang (0.821 Ang by residue) in 3.5331 (sec).
 3-Body  A60-LYS 46,  A61-ASP 26,  A64-GLU 36:       0.00074942 at      1.440 Ang (0.821 Ang by residue) in 3.4776 (sec).
 3-Body  A60-LYS 46,  A61-ASP 26,  A64-GLU 37:       0.00052861 at      1.440 Ang (0.821 Ang by residue) in 3.4430 (sec).
 3-Body  A60-LYS 46,  A61-ASP 26,  A64-GLU 40:       0.00133020 at      1.435 Ang (0.821 Ang by residue) in 3.3574 (sec).
 3-Body  A60-LYS 46,  A61-ASP 26,  A64-GLU 41:       0.00101775 at      1.436 Ang (0.821 Ang by residue) in 3.4045 (sec).
 3-Body  A60-LYS 46,  A61-ASP 26,  A62-GLU 0 :       0.00095013 at      1.389 Ang (1.840 Ang by residue) in 3.3408 (sec).
 3-Body  A60-LYS 46,  A61-ASP 26,  A62-GLU 40:       0.00090951 at      1.389 Ang (1.840 Ang by residue) in 3.4676 (sec).
 3-Body  A60-LYS 46,  A61-ASP 26,  A62-GLU 41:       0.00079568 at      1.389 Ang (1.840 Ang by residue) in 3.4777 (sec).
 3-Body  A60-LYS 46,  A62-GLU 0 ,  A64-GLU 0 :       0.00025264 at      1.677 Ang (2.260 Ang by residue) in 3.3541 (sec).
 3-Body  A60-LYS 46,  A62-GLU 0 ,  A64-GLU 36:       0.00025270 at      1.677 Ang (2.260 Ang by residue) in 3.4492 (sec).
 3-Body  A60-LYS 46,  A62-GLU 0 ,  A64-GLU 37:       0.00027906 at      1.677 Ang (2.260 Ang by residue) in 3.4210 (sec).
 3-Body  A60-LYS 46,  A62-GLU 0 ,  A64-GLU 40:       0.00062748 at      1.677 Ang (2.260 Ang by residue) in 3.5848 (sec).
 3-Body  A60-LYS 46,  A62-GLU 0 ,  A64-GLU 41:       0.00041661 at      1.677 Ang (2.260 Ang by residue) in 3.3378 (sec).
 3-Body  A60-LYS 46,  A62-GLU 40,  A64-GLU 0 :       0.00024346 at      1.677 Ang (2.260 Ang by residue) in 3.2802 (sec).
 3-Body  A60-LYS 46,  A62-GLU 40,  A64-GLU 36:       0.00024352 at      1.677 Ang (2.260 Ang by residue) in 3.3413 (sec).
 3-Body  A60-LYS 46,  A62-GLU 40,  A64-GLU 37:       0.00026618 at      1.677 Ang (2.260 Ang by residue) in 3.4496 (sec).
 3-Body  A60-LYS 46,  A62-GLU 40,  A64-GLU 40:       0.00060255 at      1.677 Ang (2.260 Ang by residue) in 3.2618 (sec).
 3-Body  A60-LYS 46,  A62-GLU 40,  A64-GLU 41:       0.00039869 at      1.677 Ang (2.260 Ang by residue) in 3.3108 (sec).
 3-Body  A60-LYS 46,  A62-GLU 41,  A64-GLU 0 :       0.00020967 at      1.677 Ang (2.260 Ang by residue) in 3.2615 (sec).
 3-Body  A60-LYS 46,  A62-GLU 41,  A64-GLU 36:       0.00020974 at      1.677 Ang (2.260 Ang by residue) in 3.4193 (sec).
 3-Body  A60-LYS 46,  A62-GLU 41,  A64-GLU 37:       0.00021770 at      1.677 Ang (2.260 Ang by residue) in 3.4381 (sec).
 3-Body  A60-LYS 46,  A62-GLU 41,  A64-GLU 40:       0.00052664 at      1.677 Ang (2.260 Ang by residue) in 3.3344 (sec).
 3-Body  A60-LYS 46,  A62-GLU 41,  A64-GLU 41:       0.00033813 at      1.677 Ang (2.260 Ang by residue) in 3.4635 (sec).
 3-Body  A60-LYS 47,  A61-ASP 0 ,  A64-GLU 0 :       0.00054616 at      1.439 Ang (0.821 Ang by residue) in 3.4334 (sec).
 3-Body  A60-LYS 47,  A61-ASP 0 ,  A64-GLU 36:       0.00054673 at      1.440 Ang (0.821 Ang by residue) in 3.2963 (sec).
 3-Body  A60-LYS 47,  A61-ASP 0 ,  A64-GLU 37:       0.00019715 at      1.440 Ang (0.821 Ang by residue) in 3.2231 (sec).
 3-Body  A60-LYS 47,  A61-ASP 0 ,  A64-GLU 40:       0.00087228 at      1.435 Ang (0.821 Ang by residue) in 3.4163 (sec).
 3-Body  A60-LYS 47,  A61-ASP 0 ,  A64-GLU 41:       0.00073425 at      1.436 Ang (0.821 Ang by residue) in 3.2845 (sec).
 3-Body  A60-LYS 47,  A61-ASP 0 ,  A62-GLU 0 :       0.00088523 at      1.389 Ang (1.840 Ang by residue) in 3.3188 (sec).
 3-Body  A60-LYS 47,  A61-ASP 0 ,  A62-GLU 40:       0.00084621 at      1.389 Ang (1.840 Ang by residue) in 3.3618 (sec).
 3-Body  A60-LYS 47,  A61-ASP 0 ,  A62-GLU 41:       0.00066973 at      1.389 Ang (1.840 Ang by residue) in 3.3808 (sec).
 3-Body  A60-LYS 47,  A61-ASP 24,  A64-GLU 0 :       0.00049014 at      1.439 Ang (0.821 Ang by residue) in 3.4153 (sec).
 3-Body  A60-LYS 47,  A61-ASP 24,  A64-GLU 36:       0.00049049 at      1.440 Ang (0.821 Ang by residue) in 3.2301 (sec).
 3-Body  A60-LYS 47,  A61-ASP 24,  A64-GLU 37:       0.00035619 at      1.440 Ang (0.821 Ang by residue) in 3.2972 (sec).
 3-Body  A60-LYS 47,  A61-ASP 24,  A64-GLU 40:       0.00093539 at      1.435 Ang (0.821 Ang by residue) in 3.2204 (sec).
 3-Body  A60-LYS 47,  A61-ASP 24,  A64-GLU 41:       0.00065276 at      1.436 Ang (0.821 Ang by residue) in 3.3840 (sec).
 3-Body  A60-LYS 47,  A61-ASP 24,  A62-GLU 0 :       0.00090694 at      1.389 Ang (1.840 Ang by residue) in 3.5283 (sec).
 3-Body  A60-LYS 47,  A61-ASP 24,  A62-GLU 40:       0.00088323 at      1.389 Ang (1.840 Ang by residue) in 3.3662 (sec).
 3-Body  A60-LYS 47,  A61-ASP 24,  A62-GLU 41:       0.00088147 at      1.389 Ang (1.840 Ang by residue) in 3.3989 (sec).
 3-Body  A60-LYS 47,  A61-ASP 25,  A64-GLU 0 :       0.00053354 at      1.439 Ang (0.821 Ang by residue) in 3.5093 (sec).
 3-Body  A60-LYS 47,  A61-ASP 25,  A64-GLU 36:       0.00053387 at      1.440 Ang (0.821 Ang by residue) in 3.2763 (sec).
 3-Body  A60-LYS 47,  A61-ASP 25,  A64-GLU 37:       0.00044268 at      1.440 Ang (0.821 Ang by residue) in 3.3695 (sec).
 3-Body  A60-LYS 47,  A61-ASP 25,  A64-GLU 40:       0.00116455 at      1.435 Ang (0.821 Ang by residue) in 3.2250 (sec).
 3-Body  A60-LYS 47,  A61-ASP 25,  A64-GLU 41:       0.00078477 at      1.436 Ang (0.821 Ang by residue) in 3.3068 (sec).
 3-Body  A60-LYS 47,  A61-ASP 25,  A62-GLU 0 :       0.00081957 at      1.389 Ang (1.840 Ang by residue) in 3.3128 (sec).
 3-Body  A60-LYS 47,  A61-ASP 25,  A62-GLU 40:       0.00079249 at      1.389 Ang (1.840 Ang by residue) in 3.4900 (sec).
 3-Body  A60-LYS 47,  A61-ASP 25,  A62-GLU 41:       0.00072806 at      1.389 Ang (1.840 Ang by residue) in 3.4020 (sec).
 3-Body  A60-LYS 47,  A61-ASP 26,  A64-GLU 0 :       0.00066494 at      1.439 Ang (0.821 Ang by residue) in 3.3561 (sec).
 3-Body  A60-LYS 47,  A61-ASP 26,  A64-GLU 36:       0.00066550 at      1.440 Ang (0.821 Ang by residue) in 3.3416 (sec).
 3-Body  A60-LYS 47,  A61-ASP 26,  A64-GLU 37:       0.00038240 at      1.440 Ang (0.821 Ang by residue) in 3.3545 (sec).
 3-Body  A60-LYS 47,  A61-ASP 26,  A64-GLU 40:       0.00098353 at      1.435 Ang (0.821 Ang by residue) in 3.4084 (sec).
 3-Body  A60-LYS 47,  A61-ASP 26,  A64-GLU 41:       0.00088464 at      1.436 Ang (0.821 Ang by residue) in 3.3152 (sec).
 3-Body  A60-LYS 47,  A61-ASP 26,  A62-GLU 0 :       0.00095795 at      1.389 Ang (1.840 Ang by residue) in 3.2325 (sec).
 3-Body  A60-LYS 47,  A61-ASP 26,  A62-GLU 40:       0.00092183 at      1.389 Ang (1.840 Ang by residue) in 3.2749 (sec).
 3-Body  A60-LYS 47,  A61-ASP 26,  A62-GLU 41:       0.00080955 at      1.389 Ang (1.840 Ang by residue) in 3.1836 (sec).
 3-Body  A60-LYS 47,  A62-GLU 0 ,  A64-GLU 0 :       0.00024218 at      1.677 Ang (2.260 Ang by residue) in 3.3206 (sec).
 3-Body  A60-LYS 47,  A62-GLU 0 ,  A64-GLU 36:       0.00024224 at      1.677 Ang (2.260 Ang by residue) in 3.3086 (sec).
 3-Body  A60-LYS 47,  A62-GLU 0 ,  A64-GLU 37:       0.00026856 at      1.677 Ang (2.260 Ang by residue) in 3.4465 (sec).
 3-Body  A60-LYS 47,  A62-GLU 0 ,  A64-GLU 40:       0.00058239 at      1.677 Ang (2.260 Ang by residue) in 3.3342 (sec).
 3-Body  A60-LYS 47,  A62-GLU 0 ,  A64-GLU 41:       0.00040019 at      1.677 Ang (2.260 Ang by residue) in 3.1966 (sec).
 3-Body  A60-LYS 47,  A62-GLU 40,  A64-GLU 0 :       0.00023446 at      1.677 Ang (2.260 Ang by residue) in 3.4154 (sec).
 3-Body  A60-LYS 47,  A62-GLU 40,  A64-GLU 36:       0.00023452 at      1.677 Ang (2.260 Ang by residue) in 3.3838 (sec).
 3-Body  A60-LYS 47,  A62-GLU 40,  A64-GLU 37:       0.00025749 at      1.677 Ang (2.260 Ang by residue) in 3.4968 (sec).
 3-Body  A60-LYS 47,  A62-GLU 40,  A64-GLU 40:       0.00056219 at      1.677 Ang (2.260 Ang by residue) in 3.5229 (sec).
 3-Body  A60-LYS 47,  A62-GLU 40,  A64-GLU 41:       0.00038467 at      1.677 Ang (2.260 Ang by residue) in 3.4801 (sec).
 3-Body  A60-LYS 47,  A62-GLU 41,  A64-GLU 0 :       0.00020770 at      1.677 Ang (2.260 Ang by residue) in 3.4810 (sec).
 3-Body  A60-LYS 47,  A62-GLU 41,  A64-GLU 36:       0.00020777 at      1.677 Ang (2.260 Ang by residue) in 3.4152 (sec).
 3-Body  A60-LYS 47,  A62-GLU 41,  A64-GLU 37:       0.00021996 at      1.677 Ang (2.260 Ang by residue) in 3.3827 (sec).
 3-Body  A60-LYS 47,  A62-GLU 41,  A64-GLU 40:       0.00051393 at      1.677 Ang (2.260 Ang by residue) in 3.2914 (sec).
 3-Body  A60-LYS 47,  A62-GLU 41,  A64-GLU 41:       0.00033605 at      1.677 Ang (2.260 Ang by residue) in 3.3255 (sec).
 3-Body  A60-LYS 48,  A61-ASP 0 ,  A64-GLU 0 :       0.00054046 at      1.439 Ang (0.821 Ang by residue) in 3.2922 (sec).
 3-Body  A60-LYS 48,  A61-ASP 0 ,  A64-GLU 36:       0.00054101 at      1.440 Ang (0.821 Ang by residue) in 3.3037 (sec).
 3-Body  A60-LYS 48,  A61-ASP 0 ,  A64-GLU 37:       0.00019988 at      1.440 Ang (0.821 Ang by residue) in 3.3010 (sec).
 3-Body  A60-LYS 48,  A61-ASP 0 ,  A64-GLU 40:       0.00085439 at      1.435 Ang (0.821 Ang by residue) in 3.1965 (sec).
 3-Body  A60-LYS 48,  A61-ASP 0 ,  A64-GLU 41:       0.00072004 at      1.436 Ang (0.821 Ang by residue) in 3.1719 (sec).
 3-Body  A60-LYS 48,  A61-ASP 0 ,  A62-GLU 0 :       0.00084396 at      1.389 Ang (1.840 Ang by residue) in 3.2350 (sec).
 3-Body  A60-LYS 48,  A61-ASP 0 ,  A62-GLU 40:       0.00080422 at      1.389 Ang (1.840 Ang by residue) in 3.2961 (sec).
 3-Body  A60-LYS 48,  A61-ASP 0 ,  A62-GLU 41:       0.00063562 at      1.389 Ang (1.840 Ang by residue) in 3.3010 (sec).
 3-Body  A60-LYS 48,  A61-ASP 24,  A64-GLU 0 :       0.00047798 at      1.439 Ang (0.821 Ang by residue) in 3.3224 (sec).
 3-Body  A60-LYS 48,  A61-ASP 24,  A64-GLU 36:       0.00047832 at      1.440 Ang (0.821 Ang by residue) in 3.3383 (sec).
 3-Body  A60-LYS 48,  A61-ASP 24,  A64-GLU 37:       0.00034401 at      1.440 Ang (0.821 Ang by residue) in 3.5573 (sec).
 3-Body  A60-LYS 48,  A61-ASP 24,  A64-GLU 40:       0.00091203 at      1.435 Ang (0.821 Ang by residue) in 3.3852 (sec).
 3-Body  A60-LYS 48,  A61-ASP 24,  A64-GLU 41:       0.00063564 at      1.436 Ang (0.821 Ang by residue) in 3.2863 (sec).
 3-Body  A60-LYS 48,  A61-ASP 24,  A62-GLU 0 :       0.00086265 at      1.389 Ang (1.840 Ang by residue) in 3.2733 (sec).
 3-Body  A60-LYS 48,  A61-ASP 24,  A62-GLU 40:       0.00083705 at      1.389 Ang (1.840 Ang by residue) in 3.4053 (sec).
 3-Body  A60-LYS 48,  A61-ASP 24,  A62-GLU 41:       0.00083917 at      1.389 Ang (1.840 Ang by residue) in 3.3887 (sec).
 3-Body  A60-LYS 48,  A61-ASP 25,  A64-GLU 0 :       0.00053238 at      1.439 Ang (0.821 Ang by residue) in 3.3112 (sec).
 3-Body  A60-LYS 48,  A61-ASP 25,  A64-GLU 36:       0.00053270 at      1.440 Ang (0.821 Ang by residue) in 3.4351 (sec).
 3-Body  A60-LYS 48,  A61-ASP 25,  A64-GLU 37:       0.00044219 at      1.440 Ang (0.821 Ang by residue) in 3.4909 (sec).
 3-Body  A60-LYS 48,  A61-ASP 25,  A64-GLU 40:       0.00115227 at      1.435 Ang (0.821 Ang by residue) in 3.3086 (sec).
 3-Body  A60-LYS 48,  A61-ASP 25,  A64-GLU 41:       0.00077841 at      1.436 Ang (0.821 Ang by residue) in 3.2876 (sec).
 3-Body  A60-LYS 48,  A61-ASP 25,  A62-GLU 0 :       0.00078290 at      1.389 Ang (1.840 Ang by residue) in 3.3821 (sec).
 3-Body  A60-LYS 48,  A61-ASP 25,  A62-GLU 40:       0.00075396 at      1.389 Ang (1.840 Ang by residue) in 3.2970 (sec).
 3-Body  A60-LYS 48,  A61-ASP 25,  A62-GLU 41:       0.00069671 at      1.389 Ang (1.840 Ang by residue) in 3.2548 (sec).
 3-Body  A60-LYS 48,  A61-ASP 26,  A64-GLU 0 :       0.00065955 at      1.439 Ang (0.821 Ang by residue) in 3.3402 (sec).
 3-Body  A60-LYS 48,  A61-ASP 26,  A64-GLU 36:       0.00066010 at      1.440 Ang (0.821 Ang by residue) in 3.2887 (sec).
 3-Body  A60-LYS 48,  A61-ASP 26,  A64-GLU 37:       0.00039034 at      1.440 Ang (0.821 Ang by residue) in 3.2387 (sec).
 3-Body  A60-LYS 48,  A61-ASP 26,  A64-GLU 40:       0.00096908 at      1.435 Ang (0.821 Ang by residue) in 3.4038 (sec).
 3-Body  A60-LYS 48,  A61-ASP 26,  A64-GLU 41:       0.00087188 at      1.436 Ang (0.821 Ang by residue) in 3.4004 (sec).
 3-Body  A60-LYS 48,  A61-ASP 26,  A62-GLU 0 :       0.00091980 at      1.389 Ang (1.840 Ang by residue) in 3.4445 (sec).
 3-Body  A60-LYS 48,  A61-ASP 26,  A62-GLU 40:       0.00088241 at      1.389 Ang (1.840 Ang by residue) in 3.2674 (sec).
 3-Body  A60-LYS 48,  A61-ASP 26,  A62-GLU 41:       0.00077576 at      1.389 Ang (1.840 Ang by residue) in 3.3650 (sec).
 3-Body  A60-LYS 48,  A62-GLU 0 ,  A64-GLU 0 :       0.00023601 at      1.677 Ang (2.260 Ang by residue) in 3.3963 (sec).
 3-Body  A60-LYS 48,  A62-GLU 0 ,  A64-GLU 36:       0.00023606 at      1.677 Ang (2.260 Ang by residue) in 3.2847 (sec).
 3-Body  A60-LYS 48,  A62-GLU 0 ,  A64-GLU 37:       0.00026012 at      1.677 Ang (2.260 Ang by residue) in 3.4176 (sec).
 3-Body  A60-LYS 48,  A62-GLU 0 ,  A64-GLU 40:       0.00056593 at      1.677 Ang (2.260 Ang by residue) in 3.4352 (sec).
 3-Body  A60-LYS 48,  A62-GLU 0 ,  A64-GLU 41:       0.00038939 at      1.677 Ang (2.260 Ang by residue) in 3.2068 (sec).
 3-Body  A60-LYS 48,  A62-GLU 40,  A64-GLU 0 :       0.00022818 at      1.677 Ang (2.260 Ang by residue) in 3.4153 (sec).
 3-Body  A60-LYS 48,  A62-GLU 40,  A64-GLU 36:       0.00022823 at      1.677 Ang (2.260 Ang by residue) in 3.5092 (sec).
 3-Body  A60-LYS 48,  A62-GLU 40,  A64-GLU 37:       0.00024895 at      1.677 Ang (2.260 Ang by residue) in 3.3223 (sec).
 3-Body  A60-LYS 48,  A62-GLU 40,  A64-GLU 40:       0.00054583 at      1.677 Ang (2.260 Ang by residue) in 3.3206 (sec).
 3-Body  A60-LYS 48,  A62-GLU 40,  A64-GLU 41:       0.00037392 at      1.677 Ang (2.260 Ang by residue) in 3.3769 (sec).
 3-Body  A60-LYS 48,  A62-GLU 41,  A64-GLU 0 :       0.00020149 at      1.677 Ang (2.260 Ang by residue) in 3.4126 (sec).
 3-Body  A60-LYS 48,  A62-GLU 41,  A64-GLU 36:       0.00020155 at      1.677 Ang (2.260 Ang by residue) in 3.2803 (sec).
 3-Body  A60-LYS 48,  A62-GLU 41,  A64-GLU 37:       0.00021118 at      1.677 Ang (2.260 Ang by residue) in 3.4965 (sec).
 3-Body  A60-LYS 48,  A62-GLU 41,  A64-GLU 40:       0.00049728 at      1.677 Ang (2.260 Ang by residue) in 3.5771 (sec).
 3-Body  A60-LYS 48,  A62-GLU 41,  A64-GLU 41:       0.00032596 at      1.677 Ang (2.260 Ang by residue) in 3.4181 (sec).
 3-Body  A60-LYS 49,  A61-ASP 0 ,  A64-GLU 0 :       0.00055645 at      1.439 Ang (0.821 Ang by residue) in 3.5115 (sec).
 3-Body  A60-LYS 49,  A61-ASP 0 ,  A64-GLU 36:       0.00055701 at      1.440 Ang (0.821 Ang by residue) in 3.3844 (sec).
 3-Body  A60-LYS 49,  A61-ASP 0 ,  A64-GLU 37:       0.00021090 at      1.440 Ang (0.821 Ang by residue) in 3.5029 (sec).
 3-Body  A60-LYS 49,  A61-ASP 0 ,  A64-GLU 40:       0.00088540 at      1.435 Ang (0.821 Ang by residue) in 3.4353 (sec).
 3-Body  A60-LYS 49,  A61-ASP 0 ,  A64-GLU 41:       0.00074656 at      1.436 Ang (0.821 Ang by residue) in 3.4193 (sec).
 3-Body  A60-LYS 49,  A61-ASP 0 ,  A62-GLU 0 :       0.00086346 at      1.389 Ang (1.840 Ang by residue) in 3.5236 (sec).
 3-Body  A60-LYS 49,  A61-ASP 0 ,  A62-GLU 40:       0.00082506 at      1.389 Ang (1.840 Ang by residue) in 3.3003 (sec).
 3-Body  A60-LYS 49,  A61-ASP 0 ,  A62-GLU 41:       0.00065150 at      1.389 Ang (1.840 Ang by residue) in 3.4400 (sec).
 3-Body  A60-LYS 49,  A61-ASP 24,  A64-GLU 0 :       0.00047534 at      1.439 Ang (0.821 Ang by residue) in 3.2667 (sec).
 3-Body  A60-LYS 49,  A61-ASP 24,  A64-GLU 36:       0.00047569 at      1.440 Ang (0.821 Ang by residue) in 3.3162 (sec).
 3-Body  A60-LYS 49,  A61-ASP 24,  A64-GLU 37:       0.00033960 at      1.440 Ang (0.821 Ang by residue) in 3.1831 (sec).
 3-Body  A60-LYS 49,  A61-ASP 24,  A64-GLU 40:       0.00092229 at      1.435 Ang (0.821 Ang by residue) in 3.4344 (sec).
 3-Body  A60-LYS 49,  A61-ASP 24,  A64-GLU 41:       0.00063565 at      1.436 Ang (0.821 Ang by residue) in 3.3349 (sec).
 3-Body  A60-LYS 49,  A61-ASP 24,  A62-GLU 0 :       0.00089392 at      1.389 Ang (1.840 Ang by residue) in 3.4229 (sec).
 3-Body  A60-LYS 49,  A61-ASP 24,  A62-GLU 40:       0.00087000 at      1.389 Ang (1.840 Ang by residue) in 3.1936 (sec).
 3-Body  A60-LYS 49,  A61-ASP 24,  A62-GLU 41:       0.00087225 at      1.389 Ang (1.840 Ang by residue) in 3.3085 (sec).
 3-Body  A60-LYS 49,  A61-ASP 25,  A64-GLU 0 :       0.00053304 at      1.439 Ang (0.821 Ang by residue) in 3.4144 (sec).
 3-Body  A60-LYS 49,  A61-ASP 25,  A64-GLU 36:       0.00053337 at      1.440 Ang (0.821 Ang by residue) in 3.2995 (sec).
 3-Body  A60-LYS 49,  A61-ASP 25,  A64-GLU 37:       0.00043915 at      1.440 Ang (0.821 Ang by residue) in 3.3284 (sec).
 3-Body  A60-LYS 49,  A61-ASP 25,  A64-GLU 40:       0.00116629 at      1.435 Ang (0.821 Ang by residue) in 3.3611 (sec).
 3-Body  A60-LYS 49,  A61-ASP 25,  A64-GLU 41:       0.00078528 at      1.436 Ang (0.821 Ang by residue) in 3.2730 (sec).
 3-Body  A60-LYS 49,  A61-ASP 25,  A62-GLU 0 :       0.00079925 at      1.389 Ang (1.840 Ang by residue) in 3.2235 (sec).
 3-Body  A60-LYS 49,  A61-ASP 25,  A62-GLU 40:       0.00077134 at      1.389 Ang (1.840 Ang by residue) in 3.2984 (sec).
 3-Body  A60-LYS 49,  A61-ASP 25,  A62-GLU 41:       0.00070706 at      1.389 Ang (1.840 Ang by residue) in 3.0981 (sec).
 3-Body  A60-LYS 49,  A61-ASP 26,  A64-GLU 0 :       0.00067384 at      1.439 Ang (0.821 Ang by residue) in 3.3645 (sec).
 3-Body  A60-LYS 49,  A61-ASP 26,  A64-GLU 36:       0.00067440 at      1.440 Ang (0.821 Ang by residue) in 3.4011 (sec).
 3-Body  A60-LYS 49,  A61-ASP 26,  A64-GLU 37:       0.00039698 at      1.440 Ang (0.821 Ang by residue) in 3.3434 (sec).
 3-Body  A60-LYS 49,  A61-ASP 26,  A64-GLU 40:       0.00098962 at      1.435 Ang (0.821 Ang by residue) in 3.4194 (sec).
 3-Body  A60-LYS 49,  A61-ASP 26,  A64-GLU 41:       0.00089407 at      1.436 Ang (0.821 Ang by residue) in 3.1759 (sec).
 3-Body  A60-LYS 49,  A61-ASP 26,  A62-GLU 0 :       0.00093854 at      1.389 Ang (1.840 Ang by residue) in 3.2207 (sec).
 3-Body  A60-LYS 49,  A61-ASP 26,  A62-GLU 40:       0.00090253 at      1.389 Ang (1.840 Ang by residue) in 3.1859 (sec).
 3-Body  A60-LYS 49,  A61-ASP 26,  A62-GLU 41:       0.00079129 at      1.389 Ang (1.840 Ang by residue) in 3.3016 (sec).
 3-Body  A60-LYS 49,  A62-GLU 0 ,  A64-GLU 0 :       0.00024390 at      1.677 Ang (2.260 Ang by residue) in 3.2579 (sec).
 3-Body  A60-LYS 49,  A62-GLU 0 ,  A64-GLU 36:       0.00024396 at      1.677 Ang (2.260 Ang by residue) in 3.4074 (sec).
 3-Body  A60-LYS 49,  A62-GLU 0 ,  A64-GLU 37:       0.00026765 at      1.677 Ang (2.260 Ang by residue) in 3.3101 (sec).
 3-Body  A60-LYS 49,  A62-GLU 0 ,  A64-GLU 40:       0.00058334 at      1.677 Ang (2.260 Ang by residue) in 3.4071 (sec).
 3-Body  A60-LYS 49,  A62-GLU 0 ,  A64-GLU 41:       0.00040531 at      1.677 Ang (2.260 Ang by residue) in 3.1969 (sec).
 3-Body  A60-LYS 49,  A62-GLU 40,  A64-GLU 0 :       0.00023580 at      1.677 Ang (2.260 Ang by residue) in 3.3124 (sec).
 3-Body  A60-LYS 49,  A62-GLU 40,  A64-GLU 36:       0.00023586 at      1.677 Ang (2.260 Ang by residue) in 3.2890 (sec).
 3-Body  A60-LYS 49,  A62-GLU 40,  A64-GLU 37:       0.00025639 at      1.677 Ang (2.260 Ang by residue) in 3.2920 (sec).
 3-Body  A60-LYS 49,  A62-GLU 40,  A64-GLU 40:       0.00056274 at      1.677 Ang (2.260 Ang by residue) in 3.3731 (sec).
 3-Body  A60-LYS 49,  A62-GLU 40,  A64-GLU 41:       0.00038897 at      1.677 Ang (2.260 Ang by residue) in 3.4427 (sec).
 3-Body  A60-LYS 49,  A62-GLU 41,  A64-GLU 0 :       0.00020563 at      1.677 Ang (2.260 Ang by residue) in 3.3837 (sec).
 3-Body  A60-LYS 49,  A62-GLU 41,  A64-GLU 36:       0.00020570 at      1.677 Ang (2.260 Ang by residue) in 3.3312 (sec).
 3-Body  A60-LYS 49,  A62-GLU 41,  A64-GLU 37:       0.00021611 at      1.677 Ang (2.260 Ang by residue) in 3.3387 (sec).
 3-Body  A60-LYS 49,  A62-GLU 41,  A64-GLU 40:       0.00050794 at      1.677 Ang (2.260 Ang by residue) in 3.4343 (sec).
 3-Body  A60-LYS 49,  A62-GLU 41,  A64-GLU 41:       0.00033311 at      1.677 Ang (2.260 Ang by residue) in 3.1713 (sec).
 3-Body  A60-LYS 50,  A61-ASP 0 ,  A64-GLU 0 :       0.00058785 at      1.439 Ang (0.821 Ang by residue) in 3.4327 (sec).
 3-Body  A60-LYS 50,  A61-ASP 0 ,  A64-GLU 36:       0.00058843 at      1.440 Ang (0.821 Ang by residue) in 3.4247 (sec).
 3-Body  A60-LYS 50,  A61-ASP 0 ,  A64-GLU 37:       0.00026493 at      1.440 Ang (0.821 Ang by residue) in 3.4471 (sec).
 3-Body  A60-LYS 50,  A61-ASP 0 ,  A64-GLU 40:       0.00104003 at      1.435 Ang (0.821 Ang by residue) in 3.5144 (sec).
 3-Body  A60-LYS 50,  A61-ASP 0 ,  A64-GLU 41:       0.00080751 at      1.436 Ang (0.821 Ang by residue) in 3.3550 (sec).
 3-Body  A60-LYS 50,  A61-ASP 0 ,  A62-GLU 0 :       0.00090576 at      1.389 Ang (1.840 Ang by residue) in 3.3476 (sec).
 3-Body  A60-LYS 50,  A61-ASP 0 ,  A62-GLU 40:       0.00085818 at      1.389 Ang (1.840 Ang by residue) in 3.4071 (sec).
 3-Body  A60-LYS 50,  A61-ASP 0 ,  A62-GLU 41:       0.00066569 at      1.389 Ang (1.840 Ang by residue) in 3.4466 (sec).
 3-Body  A60-LYS 50,  A61-ASP 24,  A64-GLU 0 :       0.00051631 at      1.439 Ang (0.821 Ang by residue) in 3.5325 (sec).
 3-Body  A60-LYS 50,  A61-ASP 24,  A64-GLU 36:       0.00051665 at      1.440 Ang (0.821 Ang by residue) in 3.2852 (sec).
 3-Body  A60-LYS 50,  A61-ASP 24,  A64-GLU 37:       0.00039643 at      1.440 Ang (0.821 Ang by residue) in 3.2572 (sec).
 3-Body  A60-LYS 50,  A61-ASP 24,  A64-GLU 40:       0.00101545 at      1.435 Ang (0.821 Ang by residue) in 3.4366 (sec).
 3-Body  A60-LYS 50,  A61-ASP 24,  A64-GLU 41:       0.00068718 at      1.436 Ang (0.821 Ang by residue) in 3.3802 (sec).
 3-Body  A60-LYS 50,  A61-ASP 24,  A62-GLU 0 :       0.00090508 at      1.389 Ang (1.840 Ang by residue) in 3.4227 (sec).
 3-Body  A60-LYS 50,  A61-ASP 24,  A62-GLU 40:       0.00087542 at      1.389 Ang (1.840 Ang by residue) in 3.3278 (sec).
 3-Body  A60-LYS 50,  A61-ASP 24,  A62-GLU 41:       0.00086318 at      1.389 Ang (1.840 Ang by residue) in 3.2870 (sec).
 3-Body  A60-LYS 50,  A61-ASP 25,  A64-GLU 0 :       0.00056389 at      1.439 Ang (0.821 Ang by residue) in 3.3805 (sec).
 3-Body  A60-LYS 50,  A61-ASP 25,  A64-GLU 36:       0.00056422 at      1.440 Ang (0.821 Ang by residue) in 3.2853 (sec).
 3-Body  A60-LYS 50,  A61-ASP 25,  A64-GLU 37:       0.00049473 at      1.440 Ang (0.821 Ang by residue) in 3.4232 (sec).
 3-Body  A60-LYS 50,  A61-ASP 25,  A64-GLU 40:       0.00126037 at      1.435 Ang (0.821 Ang by residue) in 3.6684 (sec).
 3-Body  A60-LYS 50,  A61-ASP 25,  A64-GLU 41:       0.00082407 at      1.436 Ang (0.821 Ang by residue) in 3.3484 (sec).
 3-Body  A60-LYS 50,  A61-ASP 25,  A62-GLU 0 :       0.00082636 at      1.389 Ang (1.840 Ang by residue) in 3.3754 (sec).
 3-Body  A60-LYS 50,  A61-ASP 25,  A62-GLU 40:       0.00079310 at      1.389 Ang (1.840 Ang by residue) in 3.1965 (sec).
 3-Body  A60-LYS 50,  A61-ASP 25,  A62-GLU 41:       0.00072119 at      1.389 Ang (1.840 Ang by residue) in 3.2727 (sec).
 3-Body  A60-LYS 50,  A61-ASP 26,  A64-GLU 0 :       0.00072749 at      1.439 Ang (0.821 Ang by residue) in 3.5259 (sec).
 3-Body  A60-LYS 50,  A61-ASP 26,  A64-GLU 36:       0.00072807 at      1.440 Ang (0.821 Ang by residue) in 3.3782 (sec).
 3-Body  A60-LYS 50,  A61-ASP 26,  A64-GLU 37:       0.00050198 at      1.440 Ang (0.821 Ang by residue) in 3.2871 (sec).
 3-Body  A60-LYS 50,  A61-ASP 26,  A64-GLU 40:       0.00122230 at      1.435 Ang (0.821 Ang by residue) in 3.3058 (sec).
 3-Body  A60-LYS 50,  A61-ASP 26,  A64-GLU 41:       0.00098283 at      1.436 Ang (0.821 Ang by residue) in 3.3674 (sec).
 3-Body  A60-LYS 50,  A61-ASP 26,  A62-GLU 0 :       0.00099229 at      1.389 Ang (1.840 Ang by residue) in 3.4364 (sec).
 3-Body  A60-LYS 50,  A61-ASP 26,  A62-GLU 40:       0.00094783 at      1.389 Ang (1.840 Ang by residue) in 3.5156 (sec).
 3-Body  A60-LYS 50,  A61-ASP 26,  A62-GLU 41:       0.00082728 at      1.389 Ang (1.840 Ang by residue) in 3.4126 (sec).
 3-Body  A60-LYS 50,  A62-GLU 0 ,  A64-GLU 0 :       0.00024641 at      1.677 Ang (2.260 Ang by residue) in 3.3146 (sec).
 3-Body  A60-LYS 50,  A62-GLU 0 ,  A64-GLU 36:       0.00024648 at      1.677 Ang (2.260 Ang by residue) in 3.3645 (sec).
 3-Body  A60-LYS 50,  A62-GLU 0 ,  A64-GLU 37:       0.00027664 at      1.677 Ang (2.260 Ang by residue) in 3.3342 (sec).
 3-Body  A60-LYS 50,  A62-GLU 0 ,  A64-GLU 40:       0.00059505 at      1.677 Ang (2.260 Ang by residue) in 3.3709 (sec).
 3-Body  A60-LYS 50,  A62-GLU 0 ,  A64-GLU 41:       0.00040316 at      1.677 Ang (2.260 Ang by residue) in 3.3986 (sec).
 3-Body  A60-LYS 50,  A62-GLU 40,  A64-GLU 0 :       0.00023835 at      1.677 Ang (2.260 Ang by residue) in 3.2234 (sec).
 3-Body  A60-LYS 50,  A62-GLU 40,  A64-GLU 36:       0.00023841 at      1.677 Ang (2.260 Ang by residue) in 3.0950 (sec).
 3-Body  A60-LYS 50,  A62-GLU 40,  A64-GLU 37:       0.00026474 at      1.677 Ang (2.260 Ang by residue) in 3.3503 (sec).
 3-Body  A60-LYS 50,  A62-GLU 40,  A64-GLU 40:       0.00057394 at      1.677 Ang (2.260 Ang by residue) in 3.2619 (sec).
 3-Body  A60-LYS 50,  A62-GLU 40,  A64-GLU 41:       0.00038751 at      1.677 Ang (2.260 Ang by residue) in 3.4371 (sec).
 3-Body  A60-LYS 50,  A62-GLU 41,  A64-GLU 0 :       0.00021243 at      1.677 Ang (2.260 Ang by residue) in 3.2877 (sec).
 3-Body  A60-LYS 50,  A62-GLU 41,  A64-GLU 36:       0.00021250 at      1.677 Ang (2.260 Ang by residue) in 3.2682 (sec).
 3-Body  A60-LYS 50,  A62-GLU 41,  A64-GLU 37:       0.00022529 at      1.677 Ang (2.260 Ang by residue) in 3.3124 (sec).
 3-Body  A60-LYS 50,  A62-GLU 41,  A64-GLU 40:       0.00052448 at      1.677 Ang (2.260 Ang by residue) in 3.3656 (sec).
 3-Body  A60-LYS 50,  A62-GLU 41,  A64-GLU 41:       0.00034191 at      1.677 Ang (2.260 Ang by residue) in 3.3459 (sec).
 3-Body  A60-LYS 51,  A61-ASP 0 ,  A64-GLU 0 :       0.00059790 at      1.439 Ang (0.821 Ang by residue) in 3.2961 (sec).
 3-Body  A60-LYS 51,  A61-ASP 0 ,  A64-GLU 36:       0.00059848 at      1.440 Ang (0.821 Ang by residue) in 3.3677 (sec).
 3-Body  A60-LYS 51,  A61-ASP 0 ,  A64-GLU 37:       0.00025824 at      1.440 Ang (0.821 Ang by residue) in 3.3758 (sec).
 3-Body  A60-LYS 51,  A61-ASP 0 ,  A64-GLU 40:       0.00107001 at      1.435 Ang (0.821 Ang by residue) in 3.3763 (sec).
 3-Body  A60-LYS 51,  A61-ASP 0 ,  A64-GLU 41:       0.00083554 at      1.436 Ang (0.821 Ang by residue) in 3.4436 (sec).
 3-Body  A60-LYS 51,  A61-ASP 0 ,  A62-GLU 0 :       0.00098064 at      1.389 Ang (1.840 Ang by residue) in 3.4526 (sec).
 3-Body  A60-LYS 51,  A61-ASP 0 ,  A62-GLU 40:       0.00093414 at      1.389 Ang (1.840 Ang by residue) in 3.3141 (sec).
 3-Body  A60-LYS 51,  A61-ASP 0 ,  A62-GLU 41:       0.00072717 at      1.389 Ang (1.840 Ang by residue) in 3.3165 (sec).
 3-Body  A60-LYS 51,  A61-ASP 24,  A64-GLU 0 :       0.00052703 at      1.439 Ang (0.821 Ang by residue) in 3.3341 (sec).
 3-Body  A60-LYS 51,  A61-ASP 24,  A64-GLU 36:       0.00052736 at      1.440 Ang (0.821 Ang by residue) in 3.3620 (sec).
 3-Body  A60-LYS 51,  A61-ASP 24,  A64-GLU 37:       0.00040387 at      1.440 Ang (0.821 Ang by residue) in 3.2911 (sec).
 3-Body  A60-LYS 51,  A61-ASP 24,  A64-GLU 40:       0.00103509 at      1.435 Ang (0.821 Ang by residue) in 3.5350 (sec).
 3-Body  A60-LYS 51,  A61-ASP 24,  A64-GLU 41:       0.00070612 at      1.436 Ang (0.821 Ang by residue) in 3.2804 (sec).
 3-Body  A60-LYS 51,  A61-ASP 24,  A62-GLU 0 :       0.00095816 at      1.389 Ang (1.840 Ang by residue) in 3.5402 (sec).
 3-Body  A60-LYS 51,  A61-ASP 24,  A62-GLU 40:       0.00093156 at      1.389 Ang (1.840 Ang by residue) in 3.2779 (sec).
 3-Body  A60-LYS 51,  A61-ASP 24,  A62-GLU 41:       0.00090970 at      1.389 Ang (1.840 Ang by residue) in 3.3431 (sec).
 3-Body  A60-LYS 51,  A61-ASP 25,  A64-GLU 0 :       0.00056256 at      1.439 Ang (0.821 Ang by residue) in 3.3133 (sec).
 3-Body  A60-LYS 51,  A61-ASP 25,  A64-GLU 36:       0.00056288 at      1.440 Ang (0.821 Ang by residue) in 3.3859 (sec).
 3-Body  A60-LYS 51,  A61-ASP 25,  A64-GLU 37:       0.00048817 at      1.440 Ang (0.821 Ang by residue) in 3.4547 (sec).
 3-Body  A60-LYS 51,  A61-ASP 25,  A64-GLU 40:       0.00126668 at      1.435 Ang (0.821 Ang by residue) in 3.2809 (sec).
 3-Body  A60-LYS 51,  A61-ASP 25,  A64-GLU 41:       0.00083151 at      1.436 Ang (0.821 Ang by residue) in 3.4155 (sec).
 3-Body  A60-LYS 51,  A61-ASP 25,  A62-GLU 0 :       0.00087426 at      1.389 Ang (1.840 Ang by residue) in 3.3535 (sec).
 3-Body  A60-LYS 51,  A61-ASP 25,  A62-GLU 40:       0.00084429 at      1.389 Ang (1.840 Ang by residue) in 3.4523 (sec).
 3-Body  A60-LYS 51,  A61-ASP 25,  A62-GLU 41:       0.00076086 at      1.389 Ang (1.840 Ang by residue) in 3.1101 (sec).
 3-Body  A60-LYS 51,  A61-ASP 26,  A64-GLU 0 :       0.00073468 at      1.439 Ang (0.821 Ang by residue) in 3.5557 (sec).
 3-Body  A60-LYS 51,  A61-ASP 26,  A64-GLU 36:       0.00073526 at      1.440 Ang (0.821 Ang by residue) in 3.5151 (sec).
 3-Body  A60-LYS 51,  A61-ASP 26,  A64-GLU 37:       0.00048470 at      1.440 Ang (0.821 Ang by residue) in 3.3764 (sec).
 3-Body  A60-LYS 51,  A61-ASP 26,  A64-GLU 40:       0.00123032 at      1.435 Ang (0.821 Ang by residue) in 3.3713 (sec).
 3-Body  A60-LYS 51,  A61-ASP 26,  A64-GLU 41:       0.00100217 at      1.436 Ang (0.821 Ang by residue) in 3.3183 (sec).
 3-Body  A60-LYS 51,  A61-ASP 26,  A62-GLU 0 :       0.00105680 at      1.389 Ang (1.840 Ang by residue) in 3.3942 (sec).
 3-Body  A60-LYS 51,  A61-ASP 26,  A62-GLU 40:       0.00101473 at      1.389 Ang (1.840 Ang by residue) in 3.5194 (sec).
 3-Body  A60-LYS 51,  A61-ASP 26,  A62-GLU 41:       0.00088504 at      1.389 Ang (1.840 Ang by residue) in 3.3943 (sec).
 3-Body  A60-LYS 51,  A62-GLU 0 ,  A64-GLU 0 :       0.00025383 at      1.677 Ang (2.260 Ang by residue) in 3.1875 (sec).
 3-Body  A60-LYS 51,  A62-GLU 0 ,  A64-GLU 36:       0.00025388 at      1.677 Ang (2.260 Ang by residue) in 3.2903 (sec).
 3-Body  A60-LYS 51,  A62-GLU 0 ,  A64-GLU 37:       0.00028794 at      1.677 Ang (2.260 Ang by residue) in 3.4066 (sec).
 3-Body  A60-LYS 51,  A62-GLU 0 ,  A64-GLU 40:       0.00061551 at      1.677 Ang (2.260 Ang by residue) in 3.5097 (sec).
 3-Body  A60-LYS 51,  A62-GLU 0 ,  A64-GLU 41:       0.00041565 at      1.677 Ang (2.260 Ang by residue) in 3.3969 (sec).
 3-Body  A60-LYS 51,  A62-GLU 40,  A64-GLU 0 :       0.00024584 at      1.677 Ang (2.260 Ang by residue) in 3.5739 (sec).
 3-Body  A60-LYS 51,  A62-GLU 40,  A64-GLU 36:       0.00024589 at      1.677 Ang (2.260 Ang by residue) in 3.3579 (sec).
 3-Body  A60-LYS 51,  A62-GLU 40,  A64-GLU 37:       0.00027602 at      1.677 Ang (2.260 Ang by residue) in 3.3642 (sec).
 3-Body  A60-LYS 51,  A62-GLU 40,  A64-GLU 40:       0.00059411 at      1.677 Ang (2.260 Ang by residue) in 3.2457 (sec).
 3-Body  A60-LYS 51,  A62-GLU 40,  A64-GLU 41:       0.00039988 at      1.677 Ang (2.260 Ang by residue) in 3.3544 (sec).
 3-Body  A60-LYS 51,  A62-GLU 41,  A64-GLU 0 :       0.00021946 at      1.677 Ang (2.260 Ang by residue) in 3.3070 (sec).
 3-Body  A60-LYS 51,  A62-GLU 41,  A64-GLU 36:       0.00021951 at      1.677 Ang (2.260 Ang by residue) in 3.3603 (sec).
 3-Body  A60-LYS 51,  A62-GLU 41,  A64-GLU 37:       0.00023655 at      1.677 Ang (2.260 Ang by residue) in 3.3334 (sec).
 3-Body  A60-LYS 51,  A62-GLU 41,  A64-GLU 40:       0.00054434 at      1.677 Ang (2.260 Ang by residue) in 3.2202 (sec).
 3-Body  A60-LYS 51,  A62-GLU 41,  A64-GLU 41:       0.00035307 at      1.677 Ang (2.260 Ang by residue) in 3.3921 (sec).
 3-Body  A61-ASP 0 ,  A64-GLU 0 ,  A65-LYS 0 :       0.00098936 at      1.449 Ang (0.906 Ang by residue) in 3.2766 (sec).
 3-Body  A61-ASP 0 ,  A64-GLU 0 ,  A65-LYD 1 :       0.00078977 at      1.449 Ang (0.906 Ang by residue) in 3.3061 (sec).
 3-Body  A61-ASP 0 ,  A64-GLU 0 ,  A65-LYD 8 :       0.00043643 at      1.449 Ang (0.906 Ang by residue) in 3.6096 (sec).
 3-Body  A61-ASP 0 ,  A64-GLU 0 ,  A65-LYD 9 :       0.00043970 at      1.449 Ang (0.906 Ang by residue) in 3.4950 (sec).
 3-Body  A61-ASP 0 ,  A64-GLU 0 ,  A65-LYD 10:       0.00043826 at      1.449 Ang (0.906 Ang by residue) in 3.5045 (sec).
 3-Body  A61-ASP 0 ,  A64-GLU 0 ,  A65-LYD 11:       0.00044471 at      1.449 Ang (0.906 Ang by residue) in 3.3866 (sec).
 3-Body  A61-ASP 0 ,  A64-GLU 0 ,  A65-LYD 12:       0.00041681 at      1.449 Ang (0.906 Ang by residue) in 3.3299 (sec).
 3-Body  A61-ASP 0 ,  A64-GLU 0 ,  A65-LYD 13:       0.00042092 at      1.449 Ang (0.906 Ang by residue) in 3.3555 (sec).
 3-Body  A61-ASP 0 ,  A64-GLU 0 ,  A65-LYD 15:       0.00045063 at      1.449 Ang (0.906 Ang by residue) in 3.3313 (sec).
 3-Body  A61-ASP 0 ,  A64-GLU 0 ,  A65-LYD 16:       0.00045751 at      1.449 Ang (0.906 Ang by residue) in 3.3104 (sec).
 3-Body  A61-ASP 0 ,  A64-GLU 0 ,  A65-LYD 19:       0.00065460 at      1.449 Ang (0.906 Ang by residue) in 3.3566 (sec).
 3-Body  A61-ASP 0 ,  A64-GLU 0 ,  A65-LYD 20:       0.00065894 at      1.449 Ang (0.906 Ang by residue) in 3.1114 (sec).
 3-Body  A61-ASP 0 ,  A64-GLU 0 ,  A65-LYD 21:       0.00078962 at      1.449 Ang (0.906 Ang by residue) in 3.3945 (sec).
 3-Body  A61-ASP 0 ,  A64-GLU 0 ,  A65-LYD 22:       0.00082875 at      1.449 Ang (0.906 Ang by residue) in 3.2548 (sec).
 3-Body  A61-ASP 0 ,  A64-GLU 0 ,  A65-LYD 23:       0.00098418 at      1.449 Ang (0.906 Ang by residue) in 3.3634 (sec).
 3-Body  A61-ASP 0 ,  A64-GLU 0 ,  A65-LYD 25:       0.00078135 at      1.438 Ang (0.906 Ang by residue) in 3.2252 (sec).
 3-Body  A61-ASP 0 ,  A64-GLU 0 ,  A65-LYD 26:       0.00080686 at      1.438 Ang (0.906 Ang by residue) in 3.3271 (sec).
 3-Body  A61-ASP 0 ,  A64-GLU 0 ,  A65-LYD 27:       0.00106674 at      1.438 Ang (0.906 Ang by residue) in 3.2967 (sec).
 3-Body  A61-ASP 0 ,  A64-GLU 0 ,  A65-LYD 28:       0.00067412 at      1.438 Ang (0.906 Ang by residue) in 3.3277 (sec).
 3-Body  A61-ASP 0 ,  A64-GLU 0 ,  A65-LYS 30:       0.00086359 at      1.449 Ang (0.906 Ang by residue) in 3.4957 (sec).
 3-Body  A61-ASP 0 ,  A64-GLU 0 ,  A65-LYS 33:       0.00070689 at      1.449 Ang (0.906 Ang by residue) in 3.2868 (sec).
 3-Body  A61-ASP 0 ,  A64-GLU 0 ,  A65-LYS 35:       0.00048665 at      1.449 Ang (0.906 Ang by residue) in 3.5384 (sec).
 3-Body  A61-ASP 0 ,  A64-GLU 0 ,  A65-LYS 36:       0.00048138 at      1.449 Ang (0.906 Ang by residue) in 3.1972 (sec).
 3-Body  A61-ASP 0 ,  A64-GLU 0 ,  A65-LYS 37:       0.00049776 at      1.449 Ang (0.906 Ang by residue) in 3.3805 (sec).
 3-Body  A61-ASP 0 ,  A64-GLU 0 ,  A65-LYS 38:       0.00048842 at      1.449 Ang (0.906 Ang by residue) in 3.3647 (sec).
 3-Body  A61-ASP 0 ,  A64-GLU 0 ,  A65-LYS 39:       0.00045634 at      1.449 Ang (0.906 Ang by residue) in 3.4437 (sec).
 3-Body  A61-ASP 0 ,  A64-GLU 0 ,  A65-LYS 40:       0.00044354 at      1.449 Ang (0.906 Ang by residue) in 3.3012 (sec).
 3-Body  A61-ASP 0 ,  A64-GLU 0 ,  A65-LYS 42:       0.00051048 at      1.449 Ang (0.906 Ang by residue) in 3.0391 (sec).
 3-Body  A61-ASP 0 ,  A64-GLU 0 ,  A65-LYS 43:       0.00053033 at      1.449 Ang (0.906 Ang by residue) in 3.1923 (sec).
 3-Body  A61-ASP 0 ,  A64-GLU 0 ,  A65-LYS 44:       0.00187515 at      1.420 Ang (0.906 Ang by residue) in 3.2630 (sec).
 3-Body  A61-ASP 0 ,  A64-GLU 0 ,  A65-LYS 46:       0.00071631 at      1.449 Ang (0.906 Ang by residue) in 3.2966 (sec).
 3-Body  A61-ASP 0 ,  A64-GLU 0 ,  A65-LYS 47:       0.00271720 at      1.449 Ang (0.906 Ang by residue) in 3.3592 (sec).
 3-Body  A61-ASP 0 ,  A64-GLU 0 ,  A65-LYS 48:       0.00098921 at      1.449 Ang (0.906 Ang by residue) in 3.3481 (sec).
 3-Body  A61-ASP 0 ,  A64-GLU 0 ,  A65-LYS 49:       0.00105461 at      1.449 Ang (0.906 Ang by residue) in 3.3611 (sec).
 3-Body  A61-ASP 0 ,  A64-GLU 0 ,  A65-LYS 50:       0.00129657 at      1.449 Ang (0.906 Ang by residue) in 3.4012 (sec).
 3-Body  A61-ASP 0 ,  A64-GLU 0 ,  A65-LYS 51:       0.00564135 at      1.390 Ang (0.906 Ang by residue) in 3.3439 (sec).
 3-Body  A61-ASP 0 ,  A64-GLU 0 ,  A65-LYS 52:       0.00112178 at      1.438 Ang (0.906 Ang by residue) in 3.2645 (sec).
 3-Body  A61-ASP 0 ,  A64-GLU 0 ,  A65-LYS 53:       0.00102341 at      1.438 Ang (0.906 Ang by residue) in 3.4784 (sec).
 3-Body  A61-ASP 0 ,  A64-GLU 0 ,  A65-LYS 54:       0.00263857 at      1.438 Ang (0.906 Ang by residue) in 3.2693 (sec).
 3-Body  A61-ASP 0 ,  A64-GLU 0 ,  A65-LYS 55:       0.00077462 at      1.438 Ang (0.906 Ang by residue) in 3.2455 (sec).
 3-Body  A61-ASP 0 ,  A64-GLU 36,  A65-LYS 0 :       0.00098959 at      1.449 Ang (0.906 Ang by residue) in 3.3979 (sec).
 3-Body  A61-ASP 0 ,  A64-GLU 36,  A65-LYD 1 :       0.00078992 at      1.449 Ang (0.906 Ang by residue) in 3.3953 (sec).
 3-Body  A61-ASP 0 ,  A64-GLU 36,  A65-LYD 8 :       0.00043648 at      1.449 Ang (0.906 Ang by residue) in 3.1810 (sec).
 3-Body  A61-ASP 0 ,  A64-GLU 36,  A65-LYD 9 :       0.00043976 at      1.449 Ang (0.906 Ang by residue) in 3.2523 (sec).
 3-Body  A61-ASP 0 ,  A64-GLU 36,  A65-LYD 10:       0.00043831 at      1.449 Ang (0.906 Ang by residue) in 3.2975 (sec).
 3-Body  A61-ASP 0 ,  A64-GLU 36,  A65-LYD 11:       0.00044477 at      1.449 Ang (0.906 Ang by residue) in 3.3116 (sec).
 3-Body  A61-ASP 0 ,  A64-GLU 36,  A65-LYD 12:       0.00041687 at      1.449 Ang (0.906 Ang by residue) in 3.2909 (sec).
 3-Body  A61-ASP 0 ,  A64-GLU 36,  A65-LYD 13:       0.00042098 at      1.449 Ang (0.906 Ang by residue) in 3.4122 (sec).
 3-Body  A61-ASP 0 ,  A64-GLU 36,  A65-LYD 15:       0.00045069 at      1.449 Ang (0.906 Ang by residue) in 3.4757 (sec).
 3-Body  A61-ASP 0 ,  A64-GLU 36,  A65-LYD 16:       0.00045756 at      1.449 Ang (0.906 Ang by residue) in 3.3174 (sec).
 3-Body  A61-ASP 0 ,  A64-GLU 36,  A65-LYD 19:       0.00065474 at      1.449 Ang (0.906 Ang by residue) in 3.4816 (sec).
 3-Body  A61-ASP 0 ,  A64-GLU 36,  A65-LYD 20:       0.00065910 at      1.449 Ang (0.906 Ang by residue) in 3.3304 (sec).
 3-Body  A61-ASP 0 ,  A64-GLU 36,  A65-LYD 21:       0.00078978 at      1.449 Ang (0.906 Ang by residue) in 3.4580 (sec).
 3-Body  A61-ASP 0 ,  A64-GLU 36,  A65-LYD 22:       0.00082892 at      1.449 Ang (0.906 Ang by residue) in 3.2779 (sec).
 3-Body  A61-ASP 0 ,  A64-GLU 36,  A65-LYD 23:       0.00098442 at      1.449 Ang (0.906 Ang by residue) in 3.3430 (sec).
 3-Body  A61-ASP 0 ,  A64-GLU 36,  A65-LYD 25:       0.00078149 at      1.438 Ang (0.906 Ang by residue) in 3.3610 (sec).
 3-Body  A61-ASP 0 ,  A64-GLU 36,  A65-LYD 26:       0.00080700 at      1.438 Ang (0.906 Ang by residue) in 3.3635 (sec).
 3-Body  A61-ASP 0 ,  A64-GLU 36,  A65-LYD 27:       0.00106696 at      1.438 Ang (0.906 Ang by residue) in 3.2646 (sec).
 3-Body  A61-ASP 0 ,  A64-GLU 36,  A65-LYD 28:       0.00067426 at      1.438 Ang (0.906 Ang by residue) in 3.5001 (sec).
 3-Body  A61-ASP 0 ,  A64-GLU 36,  A65-LYS 30:       0.00086373 at      1.449 Ang (0.906 Ang by residue) in 3.2138 (sec).
 3-Body  A61-ASP 0 ,  A64-GLU 36,  A65-LYS 33:       0.00070703 at      1.449 Ang (0.906 Ang by residue) in 3.3448 (sec).
 3-Body  A61-ASP 0 ,  A64-GLU 36,  A65-LYS 35:       0.00048671 at      1.449 Ang (0.906 Ang by residue) in 3.3458 (sec).
 3-Body  A61-ASP 0 ,  A64-GLU 36,  A65-LYS 36:       0.00048145 at      1.449 Ang (0.906 Ang by residue) in 3.3977 (sec).
 3-Body  A61-ASP 0 ,  A64-GLU 36,  A65-LYS 37:       0.00049783 at      1.449 Ang (0.906 Ang by residue) in 3.4887 (sec).
 3-Body  A61-ASP 0 ,  A64-GLU 36,  A65-LYS 38:       0.00048850 at      1.449 Ang (0.906 Ang by residue) in 3.3279 (sec).
 3-Body  A61-ASP 0 ,  A64-GLU 36,  A65-LYS 39:       0.00045641 at      1.449 Ang (0.906 Ang by residue) in 3.3911 (sec).
 3-Body  A61-ASP 0 ,  A64-GLU 36,  A65-LYS 40:       0.00044360 at      1.449 Ang (0.906 Ang by residue) in 3.2015 (sec).
 3-Body  A61-ASP 0 ,  A64-GLU 36,  A65-LYS 42:       0.00051056 at      1.449 Ang (0.906 Ang by residue) in 3.2802 (sec).
 3-Body  A61-ASP 0 ,  A64-GLU 36,  A65-LYS 43:       0.00053040 at      1.449 Ang (0.906 Ang by residue) in 3.3780 (sec).
 3-Body  A61-ASP 0 ,  A64-GLU 36,  A65-LYS 44:       0.00187537 at      1.420 Ang (0.906 Ang by residue) in 3.3079 (sec).
 3-Body  A61-ASP 0 ,  A64-GLU 36,  A65-LYS 46:       0.00071646 at      1.449 Ang (0.906 Ang by residue) in 3.4051 (sec).
 3-Body  A61-ASP 0 ,  A64-GLU 36,  A65-LYS 47:       0.00271771 at      1.449 Ang (0.906 Ang by residue) in 3.3931 (sec).
 3-Body  A61-ASP 0 ,  A64-GLU 36,  A65-LYS 48:       0.00098944 at      1.449 Ang (0.906 Ang by residue) in 3.2981 (sec).
 3-Body  A61-ASP 0 ,  A64-GLU 36,  A65-LYS 49:       0.00105482 at      1.449 Ang (0.906 Ang by residue) in 3.7037 (sec).
 3-Body  A61-ASP 0 ,  A64-GLU 36,  A65-LYS 50:       0.00129689 at      1.449 Ang (0.906 Ang by residue) in 3.4570 (sec).
 3-Body  A61-ASP 0 ,  A64-GLU 36,  A65-LYS 51:       0.00564281 at      1.390 Ang (0.906 Ang by residue) in 3.5638 (sec).
 3-Body  A61-ASP 0 ,  A64-GLU 36,  A65-LYS 52:       0.00112194 at      1.438 Ang (0.906 Ang by residue) in 3.2796 (sec).
 3-Body  A61-ASP 0 ,  A64-GLU 36,  A65-LYS 53:       0.00102352 at      1.438 Ang (0.906 Ang by residue) in 3.2784 (sec).
 3-Body  A61-ASP 0 ,  A64-GLU 36,  A65-LYS 54:       0.00263865 at      1.438 Ang (0.906 Ang by residue) in 3.3937 (sec).
 3-Body  A61-ASP 0 ,  A64-GLU 36,  A65-LYS 55:       0.00077474 at      1.438 Ang (0.906 Ang by residue) in 3.3424 (sec).
 3-Body  A61-ASP 0 ,  A64-GLU 37,  A65-LYS 0 :       0.00089442 at      1.449 Ang (0.906 Ang by residue) in 3.3523 (sec).
 3-Body  A61-ASP 0 ,  A64-GLU 37,  A65-LYD 1 :       0.00076074 at      1.449 Ang (0.906 Ang by residue) in 3.2560 (sec).
 3-Body  A61-ASP 0 ,  A64-GLU 37,  A65-LYD 8 :       0.00038967 at      1.449 Ang (0.906 Ang by residue) in 3.4491 (sec).
 3-Body  A61-ASP 0 ,  A64-GLU 37,  A65-LYD 9 :       0.00039338 at      1.449 Ang (0.906 Ang by residue) in 3.3370 (sec).
 3-Body  A61-ASP 0 ,  A64-GLU 37,  A65-LYD 10:       0.00039459 at      1.449 Ang (0.906 Ang by residue) in 3.4611 (sec).
 3-Body  A61-ASP 0 ,  A64-GLU 37,  A65-LYD 11:       0.00039909 at      1.449 Ang (0.906 Ang by residue) in 3.5005 (sec).
 3-Body  A61-ASP 0 ,  A64-GLU 37,  A65-LYD 12:       0.00037411 at      1.449 Ang (0.906 Ang by residue) in 3.2194 (sec).
 3-Body  A61-ASP 0 ,  A64-GLU 37,  A65-LYD 13:       0.00038005 at      1.449 Ang (0.906 Ang by residue) in 3.4078 (sec).
 3-Body  A61-ASP 0 ,  A64-GLU 37,  A65-LYD 15:       0.00040919 at      1.449 Ang (0.906 Ang by residue) in 3.4423 (sec).
 3-Body  A61-ASP 0 ,  A64-GLU 37,  A65-LYD 16:       0.00041222 at      1.449 Ang (0.906 Ang by residue) in 3.3154 (sec).
 3-Body  A61-ASP 0 ,  A64-GLU 37,  A65-LYD 19:       0.00059521 at      1.449 Ang (0.906 Ang by residue) in 3.6078 (sec).
 3-Body  A61-ASP 0 ,  A64-GLU 37,  A65-LYD 20:       0.00049990 at      1.449 Ang (0.906 Ang by residue) in 3.3834 (sec).
 3-Body  A61-ASP 0 ,  A64-GLU 37,  A65-LYD 21:       0.00076053 at      1.449 Ang (0.906 Ang by residue) in 3.3459 (sec).
 3-Body  A61-ASP 0 ,  A64-GLU 37,  A65-LYD 22:       0.00080452 at      1.449 Ang (0.906 Ang by residue) in 3.3908 (sec).
 3-Body  A61-ASP 0 ,  A64-GLU 37,  A65-LYD 23:       0.00090483 at      1.449 Ang (0.906 Ang by residue) in 3.2581 (sec).
 3-Body  A61-ASP 0 ,  A64-GLU 37,  A65-LYD 25:       0.00076432 at      1.438 Ang (0.906 Ang by residue) in 3.1598 (sec).
 3-Body  A61-ASP 0 ,  A64-GLU 37,  A65-LYD 26:       0.00081154 at      1.438 Ang (0.906 Ang by residue) in 3.1505 (sec).
 3-Body  A61-ASP 0 ,  A64-GLU 37,  A65-LYD 27:       0.00097380 at      1.438 Ang (0.906 Ang by residue) in 3.3543 (sec).
 3-Body  A61-ASP 0 ,  A64-GLU 37,  A65-LYD 28:       0.00060943 at      1.438 Ang (0.906 Ang by residue) in 3.4465 (sec).
 3-Body  A61-ASP 0 ,  A64-GLU 37,  A65-LYS 30:       0.00087630 at      1.449 Ang (0.906 Ang by residue) in 3.3085 (sec).
 3-Body  A61-ASP 0 ,  A64-GLU 37,  A65-LYS 33:       0.00060107 at      1.449 Ang (0.906 Ang by residue) in 3.2164 (sec).
 3-Body  A61-ASP 0 ,  A64-GLU 37,  A65-LYS 35:       0.00041684 at      1.449 Ang (0.906 Ang by residue) in 3.3381 (sec).
 3-Body  A61-ASP 0 ,  A64-GLU 37,  A65-LYS 36:       0.00040627 at      1.449 Ang (0.906 Ang by residue) in 3.4319 (sec).
 3-Body  A61-ASP 0 ,  A64-GLU 37,  A65-LYS 37:       0.00041214 at      1.449 Ang (0.906 Ang by residue) in 3.5094 (sec).
 3-Body  A61-ASP 0 ,  A64-GLU 37,  A65-LYS 38:       0.00039622 at      1.449 Ang (0.906 Ang by residue) in 3.3890 (sec).
 3-Body  A61-ASP 0 ,  A64-GLU 37,  A65-LYS 39:       0.00038218 at      1.449 Ang (0.906 Ang by residue) in 3.4088 (sec).
 3-Body  A61-ASP 0 ,  A64-GLU 37,  A65-LYS 40:       0.00036448 at      1.449 Ang (0.906 Ang by residue) in 3.3869 (sec).
 3-Body  A61-ASP 0 ,  A64-GLU 37,  A65-LYS 42:       0.00041896 at      1.449 Ang (0.906 Ang by residue) in 3.3892 (sec).
 3-Body  A61-ASP 0 ,  A64-GLU 37,  A65-LYS 43:       0.00045457 at      1.449 Ang (0.906 Ang by residue) in 3.4121 (sec).
 3-Body  A61-ASP 0 ,  A64-GLU 37,  A65-LYS 44:       0.00211391 at      1.420 Ang (0.906 Ang by residue) in 3.4075 (sec).
 3-Body  A61-ASP 0 ,  A64-GLU 37,  A65-LYS 46:       0.00061363 at      1.449 Ang (0.906 Ang by residue) in 3.2237 (sec).
 3-Body  A61-ASP 0 ,  A64-GLU 37,  A65-LYS 47:       0.00297600 at      1.449 Ang (0.906 Ang by residue) in 3.3588 (sec).
 3-Body  A61-ASP 0 ,  A64-GLU 37,  A65-LYS 48:       0.00089417 at      1.449 Ang (0.906 Ang by residue) in 3.3568 (sec).
 3-Body  A61-ASP 0 ,  A64-GLU 37,  A65-LYS 49:       0.00103301 at      1.449 Ang (0.906 Ang by residue) in 3.2398 (sec).
 3-Body  A61-ASP 0 ,  A64-GLU 37,  A65-LYS 50:       0.00112446 at      1.449 Ang (0.906 Ang by residue) in 3.2849 (sec).
 3-Body  A61-ASP 0 ,  A64-GLU 37,  A65-LYS 51:       0.00532597 at      1.390 Ang (0.906 Ang by residue) in 3.4408 (sec).
 3-Body  A61-ASP 0 ,  A64-GLU 37,  A65-LYS 52:       0.00119692 at      1.438 Ang (0.906 Ang by residue) in 3.3190 (sec).
 3-Body  A61-ASP 0 ,  A64-GLU 37,  A65-LYS 53:       0.00114196 at      1.438 Ang (0.906 Ang by residue) in 3.2863 (sec).
 3-Body  A61-ASP 0 ,  A64-GLU 37,  A65-LYS 54:       0.00400560 at      1.438 Ang (0.906 Ang by residue) in 3.2852 (sec).
 3-Body  A61-ASP 0 ,  A64-GLU 37,  A65-LYS 55:       0.00070535 at      1.438 Ang (0.906 Ang by residue) in 3.5326 (sec).
 3-Body  A61-ASP 0 ,  A64-GLU 40,  A65-LYS 0 :       0.00073570 at      1.444 Ang (0.906 Ang by residue) in 3.5463 (sec).
 3-Body  A61-ASP 0 ,  A64-GLU 40,  A65-LYD 1 :       0.00062039 at      1.444 Ang (0.906 Ang by residue) in 3.3399 (sec).
 3-Body  A61-ASP 0 ,  A64-GLU 40,  A65-LYD 8 :       0.00029863 at      1.444 Ang (0.906 Ang by residue) in 3.4922 (sec).
 3-Body  A61-ASP 0 ,  A64-GLU 40,  A65-LYD 9 :       0.00030515 at      1.444 Ang (0.906 Ang by residue) in 3.1979 (sec).
 3-Body  A61-ASP 0 ,  A64-GLU 40,  A65-LYD 10:       0.00031214 at      1.444 Ang (0.906 Ang by residue) in 3.3248 (sec).
 3-Body  A61-ASP 0 ,  A64-GLU 40,  A65-LYD 11:       0.00031609 at      1.444 Ang (0.906 Ang by residue) in 3.3552 (sec).
 3-Body  A61-ASP 0 ,  A64-GLU 40,  A65-LYD 12:       0.00028983 at      1.444 Ang (0.906 Ang by residue) in 3.3278 (sec).
 3-Body  A61-ASP 0 ,  A64-GLU 40,  A65-LYD 13:       0.00029733 at      1.444 Ang (0.906 Ang by residue) in 3.3042 (sec).
 3-Body  A61-ASP 0 ,  A64-GLU 40,  A65-LYD 15:       0.00032483 at      1.444 Ang (0.906 Ang by residue) in 3.3585 (sec).
 3-Body  A61-ASP 0 ,  A64-GLU 40,  A65-LYD 16:       0.00032533 at      1.444 Ang (0.906 Ang by residue) in 3.4438 (sec).
 3-Body  A61-ASP 0 ,  A64-GLU 40,  A65-LYD 19:       0.00047541 at      1.444 Ang (0.906 Ang by residue) in 3.3960 (sec).
 3-Body  A61-ASP 0 ,  A64-GLU 40,  A65-LYD 20:       0.00020168 at      1.444 Ang (0.906 Ang by residue) in 3.2604 (sec).
 3-Body  A61-ASP 0 ,  A64-GLU 40,  A65-LYD 21:       0.00062022 at      1.444 Ang (0.906 Ang by residue) in 3.4990 (sec).
 3-Body  A61-ASP 0 ,  A64-GLU 40,  A65-LYD 22:       0.00065989 at      1.444 Ang (0.906 Ang by residue) in 3.3813 (sec).
 3-Body  A61-ASP 0 ,  A64-GLU 40,  A65-LYD 23:       0.00078005 at      1.444 Ang (0.906 Ang by residue) in 3.3658 (sec).
 3-Body  A61-ASP 0 ,  A64-GLU 40,  A65-LYD 25:       0.00058597 at      1.433 Ang (0.906 Ang by residue) in 3.2304 (sec).
 3-Body  A61-ASP 0 ,  A64-GLU 40,  A65-LYD 26:       0.00061447 at      1.433 Ang (0.906 Ang by residue) in 3.4185 (sec).
 3-Body  A61-ASP 0 ,  A64-GLU 40,  A65-LYD 27:       0.00090764 at      1.433 Ang (0.906 Ang by residue) in 3.4237 (sec).
 3-Body  A61-ASP 0 ,  A64-GLU 40,  A65-LYD 28:       0.00047196 at      1.433 Ang (0.906 Ang by residue) in 3.3140 (sec).
 3-Body  A61-ASP 0 ,  A64-GLU 40,  A65-LYS 30:       0.00073377 at      1.444 Ang (0.906 Ang by residue) in 3.3470 (sec).
 3-Body  A61-ASP 0 ,  A64-GLU 40,  A65-LYS 33:       0.00047152 at      1.444 Ang (0.906 Ang by residue) in 3.4205 (sec).
 3-Body  A61-ASP 0 ,  A64-GLU 40,  A65-LYS 35:       0.00030299 at      1.444 Ang (0.906 Ang by residue) in 3.4880 (sec).
 3-Body  A61-ASP 0 ,  A64-GLU 40,  A65-LYS 36:       0.00028990 at      1.444 Ang (0.906 Ang by residue) in 3.4475 (sec).
 3-Body  A61-ASP 0 ,  A64-GLU 40,  A65-LYS 37:       0.00030717 at      1.444 Ang (0.906 Ang by residue) in 3.4764 (sec).
 3-Body  A61-ASP 0 ,  A64-GLU 40,  A65-LYS 38:       0.00028909 at      1.444 Ang (0.906 Ang by residue) in 3.4830 (sec).
 3-Body  A61-ASP 0 ,  A64-GLU 40,  A65-LYS 39:       0.00027520 at      1.444 Ang (0.906 Ang by residue) in 3.5911 (sec).
 3-Body  A61-ASP 0 ,  A64-GLU 40,  A65-LYS 40:       0.00025684 at      1.444 Ang (0.906 Ang by residue) in 3.6792 (sec).
 3-Body  A61-ASP 0 ,  A64-GLU 40,  A65-LYS 42:       0.00030607 at      1.444 Ang (0.906 Ang by residue) in 3.5584 (sec).
 3-Body  A61-ASP 0 ,  A64-GLU 40,  A65-LYS 43:       0.00034046 at      1.444 Ang (0.906 Ang by residue) in 3.2802 (sec).
 3-Body  A61-ASP 0 ,  A64-GLU 40,  A65-LYS 44:       0.00173474 at      1.415 Ang (0.906 Ang by residue) in 3.6752 (sec).
 3-Body  A61-ASP 0 ,  A64-GLU 40,  A65-LYS 46:       0.00047165 at      1.444 Ang (0.906 Ang by residue) in 3.2859 (sec).
 3-Body  A61-ASP 0 ,  A64-GLU 40,  A65-LYS 47:       0.00263527 at      1.444 Ang (0.906 Ang by residue) in 3.3228 (sec).
 3-Body  A61-ASP 0 ,  A64-GLU 40,  A65-LYS 48:       0.00073548 at      1.444 Ang (0.906 Ang by residue) in 3.3739 (sec).
 3-Body  A61-ASP 0 ,  A64-GLU 40,  A65-LYS 49:       0.00086749 at      1.444 Ang (0.906 Ang by residue) in 3.2087 (sec).
 3-Body  A61-ASP 0 ,  A64-GLU 40,  A65-LYS 50:       0.00101404 at      1.444 Ang (0.906 Ang by residue) in 3.3409 (sec).
 3-Body  A61-ASP 0 ,  A64-GLU 40,  A65-LYS 51:       0.00525921 at      1.385 Ang (0.906 Ang by residue) in 3.4638 (sec).
 3-Body  A61-ASP 0 ,  A64-GLU 40,  A65-LYS 52:       0.00096090 at      1.433 Ang (0.906 Ang by residue) in 3.3960 (sec).
 3-Body  A61-ASP 0 ,  A64-GLU 40,  A65-LYS 53:       0.00087120 at      1.433 Ang (0.906 Ang by residue) in 3.1266 (sec).
 3-Body  A61-ASP 0 ,  A64-GLU 40,  A65-LYS 54:       0.00317792 at      1.433 Ang (0.906 Ang by residue) in 3.4146 (sec).
 3-Body  A61-ASP 0 ,  A64-GLU 40,  A65-LYS 55:       0.00053130 at      1.433 Ang (0.906 Ang by residue) in 3.4524 (sec).
 3-Body  A61-ASP 0 ,  A64-GLU 41,  A65-LYS 0 :       0.00080273 at      1.445 Ang (0.906 Ang by residue) in 3.3867 (sec).
 3-Body  A61-ASP 0 ,  A64-GLU 41,  A65-LYD 1 :       0.00062222 at      1.445 Ang (0.906 Ang by residue) in 3.2172 (sec).
 3-Body  A61-ASP 0 ,  A64-GLU 41,  A65-LYD 8 :       0.00029323 at      1.445 Ang (0.906 Ang by residue) in 3.1641 (sec).
 3-Body  A61-ASP 0 ,  A64-GLU 41,  A65-LYD 9 :       0.00029752 at      1.445 Ang (0.906 Ang by residue) in 3.1854 (sec).
 3-Body  A61-ASP 0 ,  A64-GLU 41,  A65-LYD 10:       0.00030461 at      1.445 Ang (0.906 Ang by residue) in 3.3433 (sec).
 3-Body  A61-ASP 0 ,  A64-GLU 41,  A65-LYD 11:       0.00031094 at      1.445 Ang (0.906 Ang by residue) in 3.3113 (sec).
 3-Body  A61-ASP 0 ,  A64-GLU 41,  A65-LYD 12:       0.00028337 at      1.445 Ang (0.906 Ang by residue) in 3.4860 (sec).
 3-Body  A61-ASP 0 ,  A64-GLU 41,  A65-LYD 13:       0.00028759 at      1.445 Ang (0.906 Ang by residue) in 3.5332 (sec).
 3-Body  A61-ASP 0 ,  A64-GLU 41,  A65-LYD 15:       0.00031523 at      1.445 Ang (0.906 Ang by residue) in 3.4043 (sec).
 3-Body  A61-ASP 0 ,  A64-GLU 41,  A65-LYD 16:       0.00032016 at      1.445 Ang (0.906 Ang by residue) in 3.5127 (sec).
 3-Body  A61-ASP 0 ,  A64-GLU 41,  A65-LYD 19:       0.00049572 at      1.445 Ang (0.906 Ang by residue) in 3.4749 (sec).
 3-Body  A61-ASP 0 ,  A64-GLU 41,  A65-LYD 20:       0.00049980 at      1.445 Ang (0.906 Ang by residue) in 3.3322 (sec).
 3-Body  A61-ASP 0 ,  A64-GLU 41,  A65-LYD 21:       0.00062212 at      1.445 Ang (0.906 Ang by residue) in 3.4627 (sec).
 3-Body  A61-ASP 0 ,  A64-GLU 41,  A65-LYD 22:       0.00065832 at      1.445 Ang (0.906 Ang by residue) in 3.3735 (sec).
 3-Body  A61-ASP 0 ,  A64-GLU 41,  A65-LYD 23:       0.00081894 at      1.445 Ang (0.906 Ang by residue) in 3.4558 (sec).
 3-Body  A61-ASP 0 ,  A64-GLU 41,  A65-LYD 25:       0.00059711 at      1.434 Ang (0.906 Ang by residue) in 3.2403 (sec).
 3-Body  A61-ASP 0 ,  A64-GLU 41,  A65-LYD 26:       0.00061815 at      1.434 Ang (0.906 Ang by residue) in 3.4128 (sec).
 3-Body  A61-ASP 0 ,  A64-GLU 41,  A65-LYD 27:       0.00091021 at      1.434 Ang (0.906 Ang by residue) in 3.3980 (sec).
 3-Body  A61-ASP 0 ,  A64-GLU 41,  A65-LYD 28:       0.00050194 at      1.434 Ang (0.906 Ang by residue) in 3.3839 (sec).
 3-Body  A61-ASP 0 ,  A64-GLU 41,  A65-LYS 30:       0.00067188 at      1.445 Ang (0.906 Ang by residue) in 3.4232 (sec).
 3-Body  A61-ASP 0 ,  A64-GLU 41,  A65-LYS 33:       0.00052200 at      1.445 Ang (0.906 Ang by residue) in 3.4093 (sec).
 3-Body  A61-ASP 0 ,  A64-GLU 41,  A65-LYS 35:       0.00031439 at      1.445 Ang (0.906 Ang by residue) in 3.4898 (sec).
 3-Body  A61-ASP 0 ,  A64-GLU 41,  A65-LYS 36:       0.00031036 at      1.445 Ang (0.906 Ang by residue) in 3.5077 (sec).
 3-Body  A61-ASP 0 ,  A64-GLU 41,  A65-LYS 37:       0.00034352 at      1.445 Ang (0.906 Ang by residue) in 3.7077 (sec).
 3-Body  A61-ASP 0 ,  A64-GLU 41,  A65-LYS 38:       0.00033624 at      1.445 Ang (0.906 Ang by residue) in 3.2869 (sec).
 3-Body  A61-ASP 0 ,  A64-GLU 41,  A65-LYS 39:       0.00029936 at      1.445 Ang (0.906 Ang by residue) in 3.3480 (sec).
 3-Body  A61-ASP 0 ,  A64-GLU 41,  A65-LYS 40:       0.00028957 at      1.445 Ang (0.906 Ang by residue) in 3.0963 (sec).
 3-Body  A61-ASP 0 ,  A64-GLU 41,  A65-LYS 42:       0.00035255 at      1.445 Ang (0.906 Ang by residue) in 3.4274 (sec).
 3-Body  A61-ASP 0 ,  A64-GLU 41,  A65-LYS 43:       0.00036544 at      1.445 Ang (0.906 Ang by residue) in 3.5132 (sec).
 3-Body  A61-ASP 0 ,  A64-GLU 41,  A65-LYS 44:       0.00152704 at      1.416 Ang (0.906 Ang by residue) in 3.3459 (sec).
 3-Body  A61-ASP 0 ,  A64-GLU 41,  A65-LYS 46:       0.00053912 at      1.445 Ang (0.906 Ang by residue) in 3.2721 (sec).
 3-Body  A61-ASP 0 ,  A64-GLU 41,  A65-LYS 47:       0.00240548 at      1.445 Ang (0.906 Ang by residue) in 3.3090 (sec).
 3-Body  A61-ASP 0 ,  A64-GLU 41,  A65-LYS 48:       0.00080262 at      1.445 Ang (0.906 Ang by residue) in 3.4452 (sec).
 3-Body  A61-ASP 0 ,  A64-GLU 41,  A65-LYS 49:       0.00085366 at      1.445 Ang (0.906 Ang by residue) in 3.2379 (sec).
 3-Body  A61-ASP 0 ,  A64-GLU 41,  A65-LYS 50:       0.00114472 at      1.445 Ang (0.906 Ang by residue) in 3.1220 (sec).
 3-Body  A61-ASP 0 ,  A64-GLU 41,  A65-LYS 51:       0.00542013 at      1.386 Ang (0.906 Ang by residue) in 3.4500 (sec).
 3-Body  A61-ASP 0 ,  A64-GLU 41,  A65-LYS 52:       0.00087840 at      1.434 Ang (0.906 Ang by residue) in 3.3048 (sec).
 3-Body  A61-ASP 0 ,  A64-GLU 41,  A65-LYS 53:       0.00077349 at      1.434 Ang (0.906 Ang by residue) in 3.3769 (sec).
 3-Body  A61-ASP 0 ,  A64-GLU 41,  A65-LYS 54:       0.00215683 at      1.434 Ang (0.906 Ang by residue) in 3.4484 (sec).
 3-Body  A61-ASP 0 ,  A64-GLU 41,  A65-LYS 55:       0.00055960 at      1.434 Ang (0.906 Ang by residue) in 3.1901 (sec).
 3-Body  A61-ASP 0 ,  A62-GLU 0 ,  A64-GLU 0 :       0.00078468 at      1.568 Ang (1.755 Ang by residue) in 3.3350 (sec).
 3-Body  A61-ASP 0 ,  A62-GLU 0 ,  A64-GLU 36:       0.00078490 at      1.568 Ang (1.755 Ang by residue) in 3.4579 (sec).
 3-Body  A61-ASP 0 ,  A62-GLU 0 ,  A64-GLU 37:       0.00084405 at      1.568 Ang (1.755 Ang by residue) in 3.4805 (sec).
 3-Body  A61-ASP 0 ,  A62-GLU 0 ,  A64-GLU 40:       0.00097326 at      1.564 Ang (1.755 Ang by residue) in 3.0954 (sec).
 3-Body  A61-ASP 0 ,  A62-GLU 0 ,  A64-GLU 41:       0.00081397 at      1.565 Ang (1.755 Ang by residue) in 3.2484 (sec).
 3-Body  A61-ASP 0 ,  A62-GLU 0 ,  A65-LYS 0 :       0.00163872 at      1.441 Ang (0.771 Ang by residue) in 3.2464 (sec).
 3-Body  A61-ASP 0 ,  A62-GLU 0 ,  A65-LYD 1 :       0.00082395 at      1.441 Ang (0.771 Ang by residue) in 3.5216 (sec).
 3-Body  A61-ASP 0 ,  A62-GLU 0 ,  A65-LYD 8 :       0.00032843 at      1.451 Ang (0.771 Ang by residue) in 3.3333 (sec).
 3-Body  A61-ASP 0 ,  A62-GLU 0 ,  A65-LYD 9 :       0.00032868 at      1.451 Ang (0.771 Ang by residue) in 3.3478 (sec).
 3-Body  A61-ASP 0 ,  A62-GLU 0 ,  A65-LYD 10:       0.00034440 at      1.451 Ang (0.771 Ang by residue) in 3.4271 (sec).
 3-Body  A61-ASP 0 ,  A62-GLU 0 ,  A65-LYD 11:       0.00033680 at      1.451 Ang (0.771 Ang by residue) in 3.3891 (sec).
 3-Body  A61-ASP 0 ,  A62-GLU 0 ,  A65-LYD 12:       0.00030596 at      1.451 Ang (0.771 Ang by residue) in 3.3276 (sec).
 3-Body  A61-ASP 0 ,  A62-GLU 0 ,  A65-LYD 13:       0.00030519 at      1.451 Ang (0.771 Ang by residue) in 3.2799 (sec).
 3-Body  A61-ASP 0 ,  A62-GLU 0 ,  A65-LYD 15:       0.00037765 at      1.451 Ang (0.771 Ang by residue) in 3.5046 (sec).
 3-Body  A61-ASP 0 ,  A62-GLU 0 ,  A65-LYD 16:       0.00039649 at      1.451 Ang (0.771 Ang by residue) in 3.2173 (sec).
 3-Body  A61-ASP 0 ,  A62-GLU 0 ,  A65-LYD 19:       0.00062693 at      1.441 Ang (0.771 Ang by residue) in 3.4882 (sec).
 3-Body  A61-ASP 0 ,  A62-GLU 0 ,  A65-LYD 20:       0.00018965 at      1.441 Ang (0.771 Ang by residue) in 3.3582 (sec).
 3-Body  A61-ASP 0 ,  A62-GLU 0 ,  A65-LYD 21:       0.00082372 at      1.441 Ang (0.771 Ang by residue) in 3.1196 (sec).
 3-Body  A61-ASP 0 ,  A62-GLU 0 ,  A65-LYD 22:       0.00091959 at      1.441 Ang (0.771 Ang by residue) in 3.2018 (sec).
 3-Body  A61-ASP 0 ,  A62-GLU 0 ,  A65-LYD 23:       0.00150507 at      1.372 Ang (0.771 Ang by residue) in 3.5638 (sec).
 3-Body  A61-ASP 0 ,  A62-GLU 0 ,  A65-LYD 25:       0.00067541 at      1.438 Ang (0.771 Ang by residue) in 3.3137 (sec).
 3-Body  A61-ASP 0 ,  A62-GLU 0 ,  A65-LYD 26:       0.00076589 at      1.438 Ang (0.771 Ang by residue) in 3.2483 (sec).
 3-Body  A61-ASP 0 ,  A62-GLU 0 ,  A65-LYD 27:       0.00129471 at      1.438 Ang (0.771 Ang by residue) in 3.1554 (sec).
 3-Body  A61-ASP 0 ,  A62-GLU 0 ,  A65-LYD 28:       0.00064841 at      1.438 Ang (0.771 Ang by residue) in 3.3178 (sec).
 3-Body  A61-ASP 0 ,  A62-GLU 0 ,  A65-LYS 30:       0.00123616 at      1.417 Ang (0.771 Ang by residue) in 3.4053 (sec).
 3-Body  A61-ASP 0 ,  A62-GLU 0 ,  A65-LYS 33:       0.00090251 at      1.331 Ang (0.771 Ang by residue) in 3.4016 (sec).
 3-Body  A61-ASP 0 ,  A62-GLU 0 ,  A65-LYS 35:       0.00032687 at      1.451 Ang (0.771 Ang by residue) in 3.2891 (sec).
 3-Body  A61-ASP 0 ,  A62-GLU 0 ,  A65-LYS 36:       0.00033767 at      1.451 Ang (0.771 Ang by residue) in 3.4068 (sec).
 3-Body  A61-ASP 0 ,  A62-GLU 0 ,  A65-LYS 37:       0.00037326 at      1.451 Ang (0.771 Ang by residue) in 3.4889 (sec).
 3-Body  A61-ASP 0 ,  A62-GLU 0 ,  A65-LYS 38:       0.00032032 at      1.451 Ang (0.771 Ang by residue) in 3.3028 (sec).
 3-Body  A61-ASP 0 ,  A62-GLU 0 ,  A65-LYS 39:       0.00033492 at      1.451 Ang (0.771 Ang by residue) in 3.2599 (sec).
 3-Body  A61-ASP 0 ,  A62-GLU 0 ,  A65-LYS 40:       0.00031564 at      1.451 Ang (0.771 Ang by residue) in 3.3365 (sec).
 3-Body  A61-ASP 0 ,  A62-GLU 0 ,  A65-LYS 42:       0.00051330 at      1.451 Ang (0.771 Ang by residue) in 3.3124 (sec).
 3-Body  A61-ASP 0 ,  A62-GLU 0 ,  A65-LYS 43:       0.00053371 at      1.451 Ang (0.771 Ang by residue) in 3.3052 (sec).
 3-Body  A61-ASP 0 ,  A62-GLU 0 ,  A65-LYS 44:       0.00243466 at      1.390 Ang (0.771 Ang by residue) in 3.2926 (sec).
 3-Body  A61-ASP 0 ,  A62-GLU 0 ,  A65-LYS 46:       0.00084855 at      1.441 Ang (0.771 Ang by residue) in 3.3820 (sec).
 3-Body  A61-ASP 0 ,  A62-GLU 0 ,  A65-LYS 47:       0.00512256 at      1.441 Ang (0.771 Ang by residue) in 3.3846 (sec).
 3-Body  A61-ASP 0 ,  A62-GLU 0 ,  A65-LYS 48:       0.00163857 at      1.441 Ang (0.771 Ang by residue) in 3.2951 (sec).
 3-Body  A61-ASP 0 ,  A62-GLU 0 ,  A65-LYS 49:       0.00156373 at      1.441 Ang (0.771 Ang by residue) in 3.3163 (sec).
 3-Body  A61-ASP 0 ,  A62-GLU 0 ,  A65-LYS 50:       0.00300496 at      1.372 Ang (0.771 Ang by residue) in 3.4078 (sec).
 3-Body  A61-ASP 0 ,  A62-GLU 0 ,  A65-LYS 51:       0.02356793 at      1.289 Ang (0.771 Ang by residue) in 3.3085 (sec).
 3-Body  A61-ASP 0 ,  A62-GLU 0 ,  A65-LYS 52:       0.00141896 at      1.438 Ang (0.771 Ang by residue) in 3.2466 (sec).
 3-Body  A61-ASP 0 ,  A62-GLU 0 ,  A65-LYS 53:       0.00107849 at      1.438 Ang (0.771 Ang by residue) in 3.5457 (sec).
 3-Body  A61-ASP 0 ,  A62-GLU 0 ,  A65-LYS 54:       0.00281968 at      1.438 Ang (0.771 Ang by residue) in 3.1881 (sec).
 3-Body  A61-ASP 0 ,  A62-GLU 0 ,  A65-LYS 55:       0.00077361 at      1.438 Ang (0.771 Ang by residue) in 3.4064 (sec).
 3-Body  A61-ASP 0 ,  A62-GLU 40,  A64-GLU 0 :       0.00078723 at      1.568 Ang (1.755 Ang by residue) in 3.3987 (sec).
 3-Body  A61-ASP 0 ,  A62-GLU 40,  A64-GLU 36:       0.00078745 at      1.568 Ang (1.755 Ang by residue) in 3.4944 (sec).
 3-Body  A61-ASP 0 ,  A62-GLU 40,  A64-GLU 37:       0.00085369 at      1.568 Ang (1.755 Ang by residue) in 3.4050 (sec).
 3-Body  A61-ASP 0 ,  A62-GLU 40,  A64-GLU 40:       0.00098154 at      1.564 Ang (1.755 Ang by residue) in 3.3968 (sec).
 3-Body  A61-ASP 0 ,  A62-GLU 40,  A64-GLU 41:       0.00081414 at      1.565 Ang (1.755 Ang by residue) in 3.4092 (sec).
 3-Body  A61-ASP 0 ,  A62-GLU 40,  A65-LYS 0 :       0.00165281 at      1.441 Ang (0.771 Ang by residue) in 3.3901 (sec).
 3-Body  A61-ASP 0 ,  A62-GLU 40,  A65-LYD 1 :       0.00081688 at      1.441 Ang (0.771 Ang by residue) in 3.5419 (sec).
 3-Body  A61-ASP 0 ,  A62-GLU 40,  A65-LYD 8 :       0.00032653 at      1.451 Ang (0.771 Ang by residue) in 3.1478 (sec).
 3-Body  A61-ASP 0 ,  A62-GLU 40,  A65-LYD 9 :       0.00032581 at      1.451 Ang (0.771 Ang by residue) in 3.4599 (sec).
 3-Body  A61-ASP 0 ,  A62-GLU 40,  A65-LYD 10:       0.00034280 at      1.451 Ang (0.771 Ang by residue) in 3.2397 (sec).
 3-Body  A61-ASP 0 ,  A62-GLU 40,  A65-LYD 11:       0.00033621 at      1.451 Ang (0.771 Ang by residue) in 3.4401 (sec).
 3-Body  A61-ASP 0 ,  A62-GLU 40,  A65-LYD 12:       0.00030349 at      1.451 Ang (0.771 Ang by residue) in 3.4391 (sec).
 3-Body  A61-ASP 0 ,  A62-GLU 40,  A65-LYD 13:       0.00030189 at      1.451 Ang (0.771 Ang by residue) in 3.3293 (sec).
 3-Body  A61-ASP 0 ,  A62-GLU 40,  A65-LYD 15:       0.00037430 at      1.451 Ang (0.771 Ang by residue) in 3.5548 (sec).
 3-Body  A61-ASP 0 ,  A62-GLU 40,  A65-LYD 16:       0.00039524 at      1.451 Ang (0.771 Ang by residue) in 3.1624 (sec).
 3-Body  A61-ASP 0 ,  A62-GLU 40,  A65-LYD 19:       0.00060871 at      1.441 Ang (0.771 Ang by residue) in 3.3324 (sec).
 3-Body  A61-ASP 0 ,  A62-GLU 40,  A65-LYD 20:       0.00016564 at      1.441 Ang (0.771 Ang by residue) in 3.4120 (sec).
 3-Body  A61-ASP 0 ,  A62-GLU 40,  A65-LYD 21:       0.00081663 at      1.441 Ang (0.771 Ang by residue) in 3.4088 (sec).
 3-Body  A61-ASP 0 ,  A62-GLU 40,  A65-LYD 22:       0.00091380 at      1.441 Ang (0.771 Ang by residue) in 3.3702 (sec).
 3-Body  A61-ASP 0 ,  A62-GLU 40,  A65-LYD 23:       0.00141173 at      1.372 Ang (0.771 Ang by residue) in 3.3573 (sec).
 3-Body  A61-ASP 0 ,  A62-GLU 40,  A65-LYD 25:       0.00066281 at      1.438 Ang (0.771 Ang by residue) in 3.2439 (sec).
 3-Body  A61-ASP 0 ,  A62-GLU 40,  A65-LYD 26:       0.00076024 at      1.438 Ang (0.771 Ang by residue) in 3.3551 (sec).
 3-Body  A61-ASP 0 ,  A62-GLU 40,  A65-LYD 27:       0.00131375 at      1.438 Ang (0.771 Ang by residue) in 3.2131 (sec).
 3-Body  A61-ASP 0 ,  A62-GLU 40,  A65-LYD 28:       0.00063889 at      1.438 Ang (0.771 Ang by residue) in 3.2022 (sec).
 3-Body  A61-ASP 0 ,  A62-GLU 40,  A65-LYS 30:       0.00128255 at      1.417 Ang (0.771 Ang by residue) in 3.3772 (sec).
 3-Body  A61-ASP 0 ,  A62-GLU 40,  A65-LYS 33:       0.00092836 at      1.331 Ang (0.771 Ang by residue) in 3.3436 (sec).
 3-Body  A61-ASP 0 ,  A62-GLU 40,  A65-LYS 35:       0.00033128 at      1.451 Ang (0.771 Ang by residue) in 3.3394 (sec).
 3-Body  A61-ASP 0 ,  A62-GLU 40,  A65-LYS 36:       0.00034461 at      1.451 Ang (0.771 Ang by residue) in 3.4481 (sec).
 3-Body  A61-ASP 0 ,  A62-GLU 40,  A65-LYS 37:       0.00037809 at      1.451 Ang (0.771 Ang by residue) in 3.2691 (sec).
 3-Body  A61-ASP 0 ,  A62-GLU 40,  A65-LYS 38:       0.00032839 at      1.451 Ang (0.771 Ang by residue) in 3.2336 (sec).
 3-Body  A61-ASP 0 ,  A62-GLU 40,  A65-LYS 39:       0.00034126 at      1.451 Ang (0.771 Ang by residue) in 3.3473 (sec).
 3-Body  A61-ASP 0 ,  A62-GLU 40,  A65-LYS 40:       0.00032320 at      1.451 Ang (0.771 Ang by residue) in 3.3625 (sec).
 3-Body  A61-ASP 0 ,  A62-GLU 40,  A65-LYS 42:       0.00052139 at      1.451 Ang (0.771 Ang by residue) in 3.3438 (sec).
 3-Body  A61-ASP 0 ,  A62-GLU 40,  A65-LYS 43:       0.00054467 at      1.451 Ang (0.771 Ang by residue) in 3.3955 (sec).
 3-Body  A61-ASP 0 ,  A62-GLU 40,  A65-LYS 44:       0.00249586 at      1.390 Ang (0.771 Ang by residue) in 3.3011 (sec).
 3-Body  A61-ASP 0 ,  A62-GLU 40,  A65-LYS 46:       0.00084563 at      1.441 Ang (0.771 Ang by residue) in 3.3166 (sec).
 3-Body  A61-ASP 0 ,  A62-GLU 40,  A65-LYS 47:       0.00533407 at      1.441 Ang (0.771 Ang by residue) in 3.2734 (sec).
 3-Body  A61-ASP 0 ,  A62-GLU 40,  A65-LYS 48:       0.00165265 at      1.441 Ang (0.771 Ang by residue) in 3.1282 (sec).
 3-Body  A61-ASP 0 ,  A62-GLU 40,  A65-LYS 49:       0.00159471 at      1.441 Ang (0.771 Ang by residue) in 3.5143 (sec).
 3-Body  A61-ASP 0 ,  A62-GLU 40,  A65-LYS 50:       0.00287031 at      1.372 Ang (0.771 Ang by residue) in 3.2436 (sec).
 3-Body  A61-ASP 0 ,  A62-GLU 40,  A65-LYS 51:       0.02300119 at      1.289 Ang (0.771 Ang by residue) in 3.3959 (sec).
 3-Body  A61-ASP 0 ,  A62-GLU 40,  A65-LYS 52:       0.00145278 at      1.438 Ang (0.771 Ang by residue) in 3.1993 (sec).
 3-Body  A61-ASP 0 ,  A62-GLU 40,  A65-LYS 53:       0.00109191 at      1.438 Ang (0.771 Ang by residue) in 3.5137 (sec).
 3-Body  A61-ASP 0 ,  A62-GLU 40,  A65-LYS 54:       0.00289912 at      1.438 Ang (0.771 Ang by residue) in 3.2564 (sec).
 3-Body  A61-ASP 0 ,  A62-GLU 40,  A65-LYS 55:       0.00077543 at      1.438 Ang (0.771 Ang by residue) in 3.3322 (sec).
 3-Body  A61-ASP 0 ,  A62-GLU 41,  A64-GLU 0 :       0.00095140 at      1.568 Ang (1.755 Ang by residue) in 3.4034 (sec).
 3-Body  A61-ASP 0 ,  A62-GLU 41,  A64-GLU 36:       0.00095166 at      1.568 Ang (1.755 Ang by residue) in 3.2988 (sec).
 3-Body  A61-ASP 0 ,  A62-GLU 41,  A64-GLU 37:       0.00105594 at      1.568 Ang (1.755 Ang by residue) in 3.2760 (sec).
 3-Body  A61-ASP 0 ,  A62-GLU 41,  A64-GLU 40:       0.00121070 at      1.564 Ang (1.755 Ang by residue) in 3.4049 (sec).
 3-Body  A61-ASP 0 ,  A62-GLU 41,  A64-GLU 41:       0.00097886 at      1.565 Ang (1.755 Ang by residue) in 3.4900 (sec).
 3-Body  A61-ASP 0 ,  A62-GLU 41,  A65-LYS 0 :       0.00427280 at      1.441 Ang (0.771 Ang by residue) in 3.3588 (sec).
 3-Body  A61-ASP 0 ,  A62-GLU 41,  A65-LYD 1 :       0.00139657 at      1.441 Ang (0.771 Ang by residue) in 3.2793 (sec).
 3-Body  A61-ASP 0 ,  A62-GLU 41,  A65-LYD 8 :       0.00046927 at      1.451 Ang (0.771 Ang by residue) in 3.2958 (sec).
 3-Body  A61-ASP 0 ,  A62-GLU 41,  A65-LYD 9 :       0.00047207 at      1.451 Ang (0.771 Ang by residue) in 3.3482 (sec).
 3-Body  A61-ASP 0 ,  A62-GLU 41,  A65-LYD 10:       0.00062736 at      1.451 Ang (0.771 Ang by residue) in 3.3422 (sec).
 3-Body  A61-ASP 0 ,  A62-GLU 41,  A65-LYD 11:       0.00077375 at      1.451 Ang (0.771 Ang by residue) in 3.2410 (sec).
 3-Body  A61-ASP 0 ,  A62-GLU 41,  A65-LYD 12:       0.00044138 at      1.451 Ang (0.771 Ang by residue) in 3.2594 (sec).
 3-Body  A61-ASP 0 ,  A62-GLU 41,  A65-LYD 13:       0.00044326 at      1.451 Ang (0.771 Ang by residue) in 3.3051 (sec).
 3-Body  A61-ASP 0 ,  A62-GLU 41,  A65-LYD 15:       0.00058508 at      1.451 Ang (0.771 Ang by residue) in 3.2780 (sec).
 3-Body  A61-ASP 0 ,  A62-GLU 41,  A65-LYD 16:       0.00068326 at      1.451 Ang (0.771 Ang by residue) in 3.4168 (sec).
 3-Body  A61-ASP 0 ,  A62-GLU 41,  A65-LYD 19:       0.00122158 at      1.441 Ang (0.771 Ang by residue) in 3.2693 (sec).
 3-Body  A61-ASP 0 ,  A62-GLU 41,  A65-LYD 20:      -0.00223330 at      1.441 Ang (0.771 Ang by residue) in 3.4308 (sec).
 3-Body  A61-ASP 0 ,  A62-GLU 41,  A65-LYD 21:       0.00139565 at      1.441 Ang (0.771 Ang by residue) in 3.3284 (sec).
 3-Body  A61-ASP 0 ,  A62-GLU 41,  A65-LYD 22:       0.00168754 at      1.441 Ang (0.771 Ang by residue) in 3.3257 (sec).
 3-Body  A61-ASP 0 ,  A62-GLU 41,  A65-LYD 23:       0.00248441 at      1.235 Ang (0.771 Ang by residue) in 3.2564 (sec).
 3-Body  A61-ASP 0 ,  A62-GLU 41,  A65-LYD 25:       0.00074392 at      1.438 Ang (0.771 Ang by residue) in 3.3237 (sec).
 3-Body  A61-ASP 0 ,  A62-GLU 41,  A65-LYD 26:       0.00094732 at      1.438 Ang (0.771 Ang by residue) in 3.4441 (sec).
 3-Body  A61-ASP 0 ,  A62-GLU 41,  A65-LYD 27:       0.00182093 at      1.438 Ang (0.771 Ang by residue) in 3.4944 (sec).
 3-Body  A61-ASP 0 ,  A62-GLU 41,  A65-LYD 28:       0.00075626 at      1.438 Ang (0.771 Ang by residue) in 3.4657 (sec).
 3-Body  A61-ASP 0 ,  A62-GLU 41,  A65-LYS 30:       0.00273041 at      1.417 Ang (0.771 Ang by residue) in 3.3503 (sec).
 3-Body  A61-ASP 0 ,  A62-GLU 41,  A65-LYS 33:       0.00373936 at      1.313 Ang (0.771 Ang by residue) in 3.4249 (sec).
 3-Body  A61-ASP 0 ,  A62-GLU 41,  A65-LYS 35:       0.00056482 at      1.451 Ang (0.771 Ang by residue) in 3.2478 (sec).
 3-Body  A61-ASP 0 ,  A62-GLU 41,  A65-LYS 36:       0.00061798 at      1.451 Ang (0.771 Ang by residue) in 3.4270 (sec).
 3-Body  A61-ASP 0 ,  A62-GLU 41,  A65-LYS 37:       0.00130195 at      1.451 Ang (0.771 Ang by residue) in 3.4188 (sec).
 3-Body  A61-ASP 0 ,  A62-GLU 41,  A65-LYS 38:       0.00174458 at      1.451 Ang (0.771 Ang by residue) in 3.3832 (sec).
 3-Body  A61-ASP 0 ,  A62-GLU 41,  A65-LYS 39:       0.00069064 at      1.451 Ang (0.771 Ang by residue) in 3.3091 (sec).
 3-Body  A61-ASP 0 ,  A62-GLU 41,  A65-LYS 40:       0.00074870 at      1.451 Ang (0.771 Ang by residue) in 3.3438 (sec).
 3-Body  A61-ASP 0 ,  A62-GLU 41,  A65-LYS 42:       0.00158570 at      1.451 Ang (0.771 Ang by residue) in 3.2940 (sec).
 3-Body  A61-ASP 0 ,  A62-GLU 41,  A65-LYS 43:       0.00126167 at      1.451 Ang (0.771 Ang by residue) in 3.3890 (sec).
 3-Body  A61-ASP 0 ,  A62-GLU 41,  A65-LYS 44:       0.00360267 at      1.390 Ang (0.771 Ang by residue) in 3.3324 (sec).
 3-Body  A61-ASP 0 ,  A62-GLU 41,  A65-LYS 46:       0.00241302 at      1.441 Ang (0.771 Ang by residue) in 3.2914 (sec).
 3-Body  A61-ASP 0 ,  A62-GLU 41,  A65-LYS 47:       0.00832356 at      1.441 Ang (0.771 Ang by residue) in 3.4149 (sec).
 3-Body  A61-ASP 0 ,  A62-GLU 41,  A65-LYS 48:       0.00427231 at      1.441 Ang (0.771 Ang by residue) in 3.2787 (sec).
 3-Body  A61-ASP 0 ,  A62-GLU 41,  A65-LYS 49:       0.00353535 at      1.441 Ang (0.771 Ang by residue) in 3.4343 (sec).
 3-Body  A61-ASP 0 ,  A62-GLU 41,  A65-LYS 50:       0.00793964 at      1.235 Ang (0.771 Ang by residue) in 3.3183 (sec).
 3-Body  A61-ASP 0 ,  A62-GLU 41,  A65-LYS 51:       0.03606342 at      1.289 Ang (0.771 Ang by residue) in 3.2847 (sec).
 3-Body  A61-ASP 0 ,  A62-GLU 41,  A65-LYS 52:       0.00239326 at      1.438 Ang (0.771 Ang by residue) in 3.4698 (sec).
 3-Body  A61-ASP 0 ,  A62-GLU 41,  A65-LYS 53:       0.00155060 at      1.438 Ang (0.771 Ang by residue) in 3.3143 (sec).
 3-Body  A61-ASP 0 ,  A62-GLU 41,  A65-LYS 54:       0.00436262 at      1.438 Ang (0.771 Ang by residue) in 3.3584 (sec).
 3-Body  A61-ASP 0 ,  A62-GLU 41,  A65-LYS 55:       0.00105924 at      1.438 Ang (0.771 Ang by residue) in 3.4425 (sec).
 3-Body  A61-ASP 24,  A64-GLU 0 ,  A65-LYS 0 :      -0.00000198 at      1.449 Ang (0.906 Ang by residue) in 3.2459 (sec).
 3-Body  A61-ASP 24,  A64-GLU 0 ,  A65-LYD 1 :      -0.00131140 at      1.449 Ang (0.906 Ang by residue) in 3.4238 (sec).
 3-Body  A61-ASP 24,  A64-GLU 0 ,  A65-LYD 8 :       0.00016196 at      1.449 Ang (0.906 Ang by residue) in 3.3383 (sec).
 3-Body  A61-ASP 24,  A64-GLU 0 ,  A65-LYD 9 :       0.00016776 at      1.449 Ang (0.906 Ang by residue) in 3.4046 (sec).
 3-Body  A61-ASP 24,  A64-GLU 0 ,  A65-LYD 10:       0.00021862 at      1.449 Ang (0.906 Ang by residue) in 3.3948 (sec).
 3-Body  A61-ASP 24,  A64-GLU 0 ,  A65-LYD 11:       0.00024695 at      1.449 Ang (0.906 Ang by residue) in 3.4459 (sec).
 3-Body  A61-ASP 24,  A64-GLU 0 ,  A65-LYD 12:       0.00014694 at      1.449 Ang (0.906 Ang by residue) in 3.3485 (sec).
 3-Body  A61-ASP 24,  A64-GLU 0 ,  A65-LYD 13:       0.00016020 at      1.449 Ang (0.906 Ang by residue) in 3.1776 (sec).
 3-Body  A61-ASP 24,  A64-GLU 0 ,  A65-LYD 15:       0.00022208 at      1.449 Ang (0.906 Ang by residue) in 3.5656 (sec).
 3-Body  A61-ASP 24,  A64-GLU 0 ,  A65-LYD 16:       0.00026525 at      1.449 Ang (0.906 Ang by residue) in 3.4935 (sec).
 3-Body  A61-ASP 24,  A64-GLU 0 ,  A65-LYD 19:      -0.00101206 at      1.449 Ang (0.906 Ang by residue) in 3.2564 (sec).
 3-Body  A61-ASP 24,  A64-GLU 0 ,  A65-LYD 20:      -0.00568347 at      1.340 Ang (0.906 Ang by residue) in 3.4102 (sec).
 3-Body  A61-ASP 24,  A64-GLU 0 ,  A65-LYD 21:      -0.00131203 at      1.449 Ang (0.906 Ang by residue) in 3.3913 (sec).
 3-Body  A61-ASP 24,  A64-GLU 0 ,  A65-LYD 22:      -0.00108899 at      1.449 Ang (0.906 Ang by residue) in 3.2011 (sec).
 3-Body  A61-ASP 24,  A64-GLU 0 ,  A65-LYD 23:      -0.00013993 at      1.449 Ang (0.906 Ang by residue) in 3.3757 (sec).
 3-Body  A61-ASP 24,  A64-GLU 0 ,  A65-LYD 25:      -0.00193735 at      1.438 Ang (0.906 Ang by residue) in 3.3244 (sec).
 3-Body  A61-ASP 24,  A64-GLU 0 ,  A65-LYD 26:      -0.00138888 at      1.438 Ang (0.906 Ang by residue) in 3.4888 (sec).
 3-Body  A61-ASP 24,  A64-GLU 0 ,  A65-LYD 27:      -0.00263608 at      1.368 Ang (0.906 Ang by residue) in 3.4009 (sec).
 3-Body  A61-ASP 24,  A64-GLU 0 ,  A65-LYD 28:      -0.00133417 at      1.438 Ang (0.906 Ang by residue) in 3.3724 (sec).
 3-Body  A61-ASP 24,  A64-GLU 0 ,  A65-LYS 30:       0.00141219 at      1.449 Ang (0.906 Ang by residue) in 3.4802 (sec).
 3-Body  A61-ASP 24,  A64-GLU 0 ,  A65-LYS 33:       0.00061225 at      1.449 Ang (0.906 Ang by residue) in 3.4036 (sec).
 3-Body  A61-ASP 24,  A64-GLU 0 ,  A65-LYS 35:       0.00054146 at      1.449 Ang (0.906 Ang by residue) in 3.3000 (sec).
 3-Body  A61-ASP 24,  A64-GLU 0 ,  A65-LYS 36:       0.00054699 at      1.449 Ang (0.906 Ang by residue) in 3.3249 (sec).
 3-Body  A61-ASP 24,  A64-GLU 0 ,  A65-LYS 37:       0.00063974 at      1.449 Ang (0.906 Ang by residue) in 3.3944 (sec).
 3-Body  A61-ASP 24,  A64-GLU 0 ,  A65-LYS 38:       0.00063321 at      1.449 Ang (0.906 Ang by residue) in 3.4005 (sec).
 3-Body  A61-ASP 24,  A64-GLU 0 ,  A65-LYS 39:       0.00049925 at      1.449 Ang (0.906 Ang by residue) in 3.3413 (sec).
 3-Body  A61-ASP 24,  A64-GLU 0 ,  A65-LYS 40:       0.00044622 at      1.449 Ang (0.906 Ang by residue) in 3.4332 (sec).
 3-Body  A61-ASP 24,  A64-GLU 0 ,  A65-LYS 42:       0.00075359 at      1.449 Ang (0.906 Ang by residue) in 3.4983 (sec).
 3-Body  A61-ASP 24,  A64-GLU 0 ,  A65-LYS 43:       0.00081089 at      1.449 Ang (0.906 Ang by residue) in 3.4079 (sec).
 3-Body  A61-ASP 24,  A64-GLU 0 ,  A65-LYS 44:      -0.00461951 at      1.420 Ang (0.906 Ang by residue) in 3.4240 (sec).
 3-Body  A61-ASP 24,  A64-GLU 0 ,  A65-LYS 46:      -0.00067202 at      1.449 Ang (0.906 Ang by residue) in 3.1902 (sec).
 3-Body  A61-ASP 24,  A64-GLU 0 ,  A65-LYS 47:       0.00439126 at      1.340 Ang (0.906 Ang by residue) in 3.2493 (sec).
 3-Body  A61-ASP 24,  A64-GLU 0 ,  A65-LYS 48:      -0.00000225 at      1.449 Ang (0.906 Ang by residue) in 3.3583 (sec).
 3-Body  A61-ASP 24,  A64-GLU 0 ,  A65-LYS 49:       0.00006304 at      1.449 Ang (0.906 Ang by residue) in 3.4270 (sec).
 3-Body  A61-ASP 24,  A64-GLU 0 ,  A65-LYS 50:       0.00133551 at      1.449 Ang (0.906 Ang by residue) in 3.4527 (sec).
 3-Body  A61-ASP 24,  A64-GLU 0 ,  A65-LYS 51:       0.01986847 at      1.390 Ang (0.906 Ang by residue) in 3.5034 (sec).
 3-Body  A61-ASP 24,  A64-GLU 0 ,  A65-LYS 52:      -0.00040124 at      1.438 Ang (0.906 Ang by residue) in 3.3290 (sec).
 3-Body  A61-ASP 24,  A64-GLU 0 ,  A65-LYS 53:      -0.00085856 at      1.438 Ang (0.906 Ang by residue) in 3.3402 (sec).
 3-Body  A61-ASP 24,  A64-GLU 0 ,  A65-LYS 54:       0.00213009 at      1.368 Ang (0.906 Ang by residue) in 3.3053 (sec).
 3-Body  A61-ASP 24,  A64-GLU 0 ,  A65-LYS 55:      -0.00108297 at      1.438 Ang (0.906 Ang by residue) in 3.5057 (sec).
 3-Body  A61-ASP 24,  A64-GLU 36,  A65-LYS 0 :      -0.00000108 at      1.449 Ang (0.906 Ang by residue) in 3.2707 (sec).
 3-Body  A61-ASP 24,  A64-GLU 36,  A65-LYD 1 :      -0.00131038 at      1.449 Ang (0.906 Ang by residue) in 3.4061 (sec).
 3-Body  A61-ASP 24,  A64-GLU 36,  A65-LYD 8 :       0.00016218 at      1.449 Ang (0.906 Ang by residue) in 3.2588 (sec).
 3-Body  A61-ASP 24,  A64-GLU 36,  A65-LYD 9 :       0.00016798 at      1.449 Ang (0.906 Ang by residue) in 3.1973 (sec).
 3-Body  A61-ASP 24,  A64-GLU 36,  A65-LYD 10:       0.00021883 at      1.449 Ang (0.906 Ang by residue) in 3.2882 (sec).
 3-Body  A61-ASP 24,  A64-GLU 36,  A65-LYD 11:       0.00024717 at      1.449 Ang (0.906 Ang by residue) in 3.3096 (sec).
 3-Body  A61-ASP 24,  A64-GLU 36,  A65-LYD 12:       0.00014715 at      1.449 Ang (0.906 Ang by residue) in 3.3465 (sec).
 3-Body  A61-ASP 24,  A64-GLU 36,  A65-LYD 13:       0.00016040 at      1.449 Ang (0.906 Ang by residue) in 3.3119 (sec).
 3-Body  A61-ASP 24,  A64-GLU 36,  A65-LYD 15:       0.00022234 at      1.449 Ang (0.906 Ang by residue) in 3.5425 (sec).
 3-Body  A61-ASP 24,  A64-GLU 36,  A65-LYD 16:       0.00026550 at      1.449 Ang (0.906 Ang by residue) in 3.4081 (sec).
 3-Body  A61-ASP 24,  A64-GLU 36,  A65-LYD 19:      -0.00101163 at      1.449 Ang (0.906 Ang by residue) in 3.3830 (sec).
 3-Body  A61-ASP 24,  A64-GLU 36,  A65-LYD 20:      -0.00567891 at      1.340 Ang (0.906 Ang by residue) in 3.2859 (sec).
 3-Body  A61-ASP 24,  A64-GLU 36,  A65-LYD 21:      -0.00131100 at      1.449 Ang (0.906 Ang by residue) in 3.2995 (sec).
 3-Body  A61-ASP 24,  A64-GLU 36,  A65-LYD 22:      -0.00108796 at      1.449 Ang (0.906 Ang by residue) in 3.3001 (sec).
 3-Body  A61-ASP 24,  A64-GLU 36,  A65-LYD 23:      -0.00013904 at      1.449 Ang (0.906 Ang by residue) in 3.3147 (sec).
 3-Body  A61-ASP 24,  A64-GLU 36,  A65-LYD 25:      -0.00193670 at      1.438 Ang (0.906 Ang by residue) in 3.4825 (sec).
 3-Body  A61-ASP 24,  A64-GLU 36,  A65-LYD 26:      -0.00138838 at      1.438 Ang (0.906 Ang by residue) in 3.2166 (sec).
 3-Body  A61-ASP 24,  A64-GLU 36,  A65-LYD 27:      -0.00263578 at      1.368 Ang (0.906 Ang by residue) in 3.4582 (sec).
 3-Body  A61-ASP 24,  A64-GLU 36,  A65-LYD 28:      -0.00133397 at      1.438 Ang (0.906 Ang by residue) in 3.3311 (sec).
 3-Body  A61-ASP 24,  A64-GLU 36,  A65-LYS 30:       0.00141294 at      1.449 Ang (0.906 Ang by residue) in 3.4126 (sec).
 3-Body  A61-ASP 24,  A64-GLU 36,  A65-LYS 33:       0.00061273 at      1.449 Ang (0.906 Ang by residue) in 3.3477 (sec).
 3-Body  A61-ASP 24,  A64-GLU 36,  A65-LYS 35:       0.00054171 at      1.449 Ang (0.906 Ang by residue) in 3.5066 (sec).
 3-Body  A61-ASP 24,  A64-GLU 36,  A65-LYS 36:       0.00054724 at      1.449 Ang (0.906 Ang by residue) in 3.4323 (sec).
 3-Body  A61-ASP 24,  A64-GLU 36,  A65-LYS 37:       0.00064000 at      1.449 Ang (0.906 Ang by residue) in 3.3753 (sec).
 3-Body  A61-ASP 24,  A64-GLU 36,  A65-LYS 38:       0.00063347 at      1.449 Ang (0.906 Ang by residue) in 3.4011 (sec).
 3-Body  A61-ASP 24,  A64-GLU 36,  A65-LYS 39:       0.00049949 at      1.449 Ang (0.906 Ang by residue) in 3.3830 (sec).
 3-Body  A61-ASP 24,  A64-GLU 36,  A65-LYS 40:       0.00044645 at      1.449 Ang (0.906 Ang by residue) in 3.4081 (sec).
 3-Body  A61-ASP 24,  A64-GLU 36,  A65-LYS 42:       0.00075389 at      1.449 Ang (0.906 Ang by residue) in 3.5876 (sec).
 3-Body  A61-ASP 24,  A64-GLU 36,  A65-LYS 43:       0.00081118 at      1.449 Ang (0.906 Ang by residue) in 3.4107 (sec).
 3-Body  A61-ASP 24,  A64-GLU 36,  A65-LYS 44:      -0.00461861 at      1.420 Ang (0.906 Ang by residue) in 3.1835 (sec).
 3-Body  A61-ASP 24,  A64-GLU 36,  A65-LYS 46:      -0.00067165 at      1.449 Ang (0.906 Ang by residue) in 3.4017 (sec).
 3-Body  A61-ASP 24,  A64-GLU 36,  A65-LYS 47:       0.00439294 at      1.340 Ang (0.906 Ang by residue) in 3.2980 (sec).
 3-Body  A61-ASP 24,  A64-GLU 36,  A65-LYS 48:      -0.00000136 at      1.449 Ang (0.906 Ang by residue) in 3.2296 (sec).
 3-Body  A61-ASP 24,  A64-GLU 36,  A65-LYS 49:       0.00006387 at      1.449 Ang (0.906 Ang by residue) in 3.3669 (sec).
 3-Body  A61-ASP 24,  A64-GLU 36,  A65-LYS 50:       0.00133642 at      1.449 Ang (0.906 Ang by residue) in 3.4100 (sec).
 3-Body  A61-ASP 24,  A64-GLU 36,  A65-LYS 51:       0.01987276 at      1.390 Ang (0.906 Ang by residue) in 3.3240 (sec).
 3-Body  A61-ASP 24,  A64-GLU 36,  A65-LYS 52:      -0.00040069 at      1.438 Ang (0.906 Ang by residue) in 3.3528 (sec).
 3-Body  A61-ASP 24,  A64-GLU 36,  A65-LYS 53:      -0.00085823 at      1.438 Ang (0.906 Ang by residue) in 3.4466 (sec).
 3-Body  A61-ASP 24,  A64-GLU 36,  A65-LYS 54:       0.00212959 at      1.368 Ang (0.906 Ang by residue) in 3.3608 (sec).
 3-Body  A61-ASP 24,  A64-GLU 36,  A65-LYS 55:      -0.00108281 at      1.438 Ang (0.906 Ang by residue) in 3.2824 (sec).
 3-Body  A61-ASP 24,  A64-GLU 37,  A65-LYS 0 :      -0.00195587 at      1.449 Ang (0.906 Ang by residue) in 3.5282 (sec).
 3-Body  A61-ASP 24,  A64-GLU 37,  A65-LYD 1 :      -0.00339160 at      1.449 Ang (0.906 Ang by residue) in 3.2532 (sec).
 3-Body  A61-ASP 24,  A64-GLU 37,  A65-LYD 8 :      -0.00005975 at      1.449 Ang (0.906 Ang by residue) in 3.3736 (sec).
 3-Body  A61-ASP 24,  A64-GLU 37,  A65-LYD 9 :      -0.00005304 at      1.449 Ang (0.906 Ang by residue) in 3.3074 (sec).
 3-Body  A61-ASP 24,  A64-GLU 37,  A65-LYD 10:       0.00000531 at      1.449 Ang (0.906 Ang by residue) in 3.2717 (sec).
 3-Body  A61-ASP 24,  A64-GLU 37,  A65-LYD 11:       0.00003508 at      1.449 Ang (0.906 Ang by residue) in 3.3730 (sec).
 3-Body  A61-ASP 24,  A64-GLU 37,  A65-LYD 12:      -0.00006520 at      1.449 Ang (0.906 Ang by residue) in 3.2459 (sec).
 3-Body  A61-ASP 24,  A64-GLU 37,  A65-LYD 13:      -0.00004835 at      1.449 Ang (0.906 Ang by residue) in 3.3833 (sec).
 3-Body  A61-ASP 24,  A64-GLU 37,  A65-LYD 15:      -0.00002562 at      1.449 Ang (0.906 Ang by residue) in 3.3325 (sec).
 3-Body  A61-ASP 24,  A64-GLU 37,  A65-LYD 16:       0.00000398 at      1.449 Ang (0.906 Ang by residue) in 3.3394 (sec).
 3-Body  A61-ASP 24,  A64-GLU 37,  A65-LYD 19:      -0.00201173 at      1.449 Ang (0.906 Ang by residue) in 3.5142 (sec).
 3-Body  A61-ASP 24,  A64-GLU 37,  A65-LYD 20:      -0.01139992 at      1.340 Ang (0.906 Ang by residue) in 3.5051 (sec).
 3-Body  A61-ASP 24,  A64-GLU 37,  A65-LYD 21:      -0.00339329 at      1.449 Ang (0.906 Ang by residue) in 3.4190 (sec).
 3-Body  A61-ASP 24,  A64-GLU 37,  A65-LYD 22:      -0.00321816 at      1.449 Ang (0.906 Ang by residue) in 3.3433 (sec).
 3-Body  A61-ASP 24,  A64-GLU 37,  A65-LYD 23:      -0.00125438 at      1.449 Ang (0.906 Ang by residue) in 3.3527 (sec).
 3-Body  A61-ASP 24,  A64-GLU 37,  A65-LYD 25:      -0.00379176 at      1.438 Ang (0.906 Ang by residue) in 3.3826 (sec).
 3-Body  A61-ASP 24,  A64-GLU 37,  A65-LYD 26:      -0.00271682 at      1.438 Ang (0.906 Ang by residue) in 3.1898 (sec).
 3-Body  A61-ASP 24,  A64-GLU 37,  A65-LYD 27:      -0.01021850 at      1.368 Ang (0.906 Ang by residue) in 3.4241 (sec).
 3-Body  A61-ASP 24,  A64-GLU 37,  A65-LYD 28:      -0.00232495 at      1.438 Ang (0.906 Ang by residue) in 3.1061 (sec).
 3-Body  A61-ASP 24,  A64-GLU 37,  A65-LYS 30:       0.00053711 at      1.449 Ang (0.906 Ang by residue) in 3.2151 (sec).
 3-Body  A61-ASP 24,  A64-GLU 37,  A65-LYS 33:       0.00024496 at      1.449 Ang (0.906 Ang by residue) in 3.3712 (sec).
 3-Body  A61-ASP 24,  A64-GLU 37,  A65-LYS 35:       0.00028201 at      1.449 Ang (0.906 Ang by residue) in 3.2935 (sec).
 3-Body  A61-ASP 24,  A64-GLU 37,  A65-LYS 36:       0.00028151 at      1.449 Ang (0.906 Ang by residue) in 3.3197 (sec).
 3-Body  A61-ASP 24,  A64-GLU 37,  A65-LYS 37:       0.00037725 at      1.449 Ang (0.906 Ang by residue) in 3.2231 (sec).
 3-Body  A61-ASP 24,  A64-GLU 37,  A65-LYS 38:       0.00037492 at      1.449 Ang (0.906 Ang by residue) in 3.3376 (sec).
 3-Body  A61-ASP 24,  A64-GLU 37,  A65-LYS 39:       0.00024659 at      1.449 Ang (0.906 Ang by residue) in 3.4150 (sec).
 3-Body  A61-ASP 24,  A64-GLU 37,  A65-LYS 40:       0.00018944 at      1.449 Ang (0.906 Ang by residue) in 3.3042 (sec).
 3-Body  A61-ASP 24,  A64-GLU 37,  A65-LYS 42:       0.00047554 at      1.449 Ang (0.906 Ang by residue) in 3.4008 (sec).
 3-Body  A61-ASP 24,  A64-GLU 37,  A65-LYS 43:       0.00052925 at      1.449 Ang (0.906 Ang by residue) in 3.3971 (sec).
 3-Body  A61-ASP 24,  A64-GLU 37,  A65-LYS 44:      -0.01039740 at      1.420 Ang (0.906 Ang by residue) in 3.2714 (sec).
 3-Body  A61-ASP 24,  A64-GLU 37,  A65-LYS 46:      -0.00168063 at      1.449 Ang (0.906 Ang by residue) in 3.1191 (sec).
 3-Body  A61-ASP 24,  A64-GLU 37,  A65-LYS 47:      -0.00235046 at      1.340 Ang (0.906 Ang by residue) in 3.1927 (sec).
 3-Body  A61-ASP 24,  A64-GLU 37,  A65-LYS 48:      -0.00195726 at      1.449 Ang (0.906 Ang by residue) in 3.2155 (sec).
 3-Body  A61-ASP 24,  A64-GLU 37,  A65-LYS 49:      -0.00188867 at      1.449 Ang (0.906 Ang by residue) in 3.3942 (sec).
 3-Body  A61-ASP 24,  A64-GLU 37,  A65-LYS 50:       0.00034019 at      1.449 Ang (0.906 Ang by residue) in 3.4129 (sec).
 3-Body  A61-ASP 24,  A64-GLU 37,  A65-LYS 51:       0.01778585 at      1.390 Ang (0.906 Ang by residue) in 3.3505 (sec).
 3-Body  A61-ASP 24,  A64-GLU 37,  A65-LYS 52:      -0.00164344 at      1.438 Ang (0.906 Ang by residue) in 3.2517 (sec).
 3-Body  A61-ASP 24,  A64-GLU 37,  A65-LYS 53:      -0.00181590 at      1.438 Ang (0.906 Ang by residue) in 3.3755 (sec).
 3-Body  A61-ASP 24,  A64-GLU 37,  A65-LYS 54:       0.00019900 at      1.368 Ang (0.906 Ang by residue) in 3.3958 (sec).
 3-Body  A61-ASP 24,  A64-GLU 37,  A65-LYS 55:      -0.00207909 at      1.438 Ang (0.906 Ang by residue) in 3.4039 (sec).
 3-Body  A61-ASP 24,  A64-GLU 40,  A65-LYS 0 :      -0.00178520 at      1.444 Ang (0.906 Ang by residue) in 3.3269 (sec).
 3-Body  A61-ASP 24,  A64-GLU 40,  A65-LYD 1 :      -0.00305308 at      1.444 Ang (0.906 Ang by residue) in 3.4769 (sec).
 3-Body  A61-ASP 24,  A64-GLU 40,  A65-LYD 8 :      -0.00000622 at      1.444 Ang (0.906 Ang by residue) in 3.4217 (sec).
 3-Body  A61-ASP 24,  A64-GLU 40,  A65-LYD 9 :       0.00000420 at      1.444 Ang (0.906 Ang by residue) in 3.2749 (sec).
 3-Body  A61-ASP 24,  A64-GLU 40,  A65-LYD 10:       0.00004852 at      1.444 Ang (0.906 Ang by residue) in 3.4007 (sec).
 3-Body  A61-ASP 24,  A64-GLU 40,  A65-LYD 11:       0.00008225 at      1.444 Ang (0.906 Ang by residue) in 3.4092 (sec).
 3-Body  A61-ASP 24,  A64-GLU 40,  A65-LYD 12:      -0.00002270 at      1.444 Ang (0.906 Ang by residue) in 3.5550 (sec).
 3-Body  A61-ASP 24,  A64-GLU 40,  A65-LYD 13:      -0.00000361 at      1.444 Ang (0.906 Ang by residue) in 3.3797 (sec).
 3-Body  A61-ASP 24,  A64-GLU 40,  A65-LYD 15:       0.00002768 at      1.444 Ang (0.906 Ang by residue) in 3.3840 (sec).
 3-Body  A61-ASP 24,  A64-GLU 40,  A65-LYD 16:       0.00005976 at      1.444 Ang (0.906 Ang by residue) in 3.5478 (sec).
 3-Body  A61-ASP 24,  A64-GLU 40,  A65-LYD 19:      -0.00175357 at      1.444 Ang (0.906 Ang by residue) in 3.2211 (sec).
 3-Body  A61-ASP 24,  A64-GLU 40,  A65-LYD 20:      -0.00852957 at      1.335 Ang (0.906 Ang by residue) in 3.4651 (sec).
 3-Body  A61-ASP 24,  A64-GLU 40,  A65-LYD 21:      -0.00305446 at      1.444 Ang (0.906 Ang by residue) in 3.3338 (sec).
 3-Body  A61-ASP 24,  A64-GLU 40,  A65-LYD 22:      -0.00295485 at      1.444 Ang (0.906 Ang by residue) in 3.3695 (sec).
 3-Body  A61-ASP 24,  A64-GLU 40,  A65-LYD 23:      -0.00099047 at      1.444 Ang (0.906 Ang by residue) in 3.5032 (sec).
 3-Body  A61-ASP 24,  A64-GLU 40,  A65-LYD 25:      -0.00349063 at      1.433 Ang (0.906 Ang by residue) in 3.3189 (sec).
 3-Body  A61-ASP 24,  A64-GLU 40,  A65-LYD 26:      -0.00281966 at      1.433 Ang (0.906 Ang by residue) in 3.4777 (sec).
 3-Body  A61-ASP 24,  A64-GLU 40,  A65-LYD 27:      -0.00708905 at      1.363 Ang (0.906 Ang by residue) in 3.2852 (sec).
 3-Body  A61-ASP 24,  A64-GLU 40,  A65-LYD 28:      -0.00201947 at      1.433 Ang (0.906 Ang by residue) in 3.3022 (sec).
 3-Body  A61-ASP 24,  A64-GLU 40,  A65-LYS 30:       0.00046815 at      1.444 Ang (0.906 Ang by residue) in 3.3783 (sec).
 3-Body  A61-ASP 24,  A64-GLU 40,  A65-LYS 33:       0.00025470 at      1.444 Ang (0.906 Ang by residue) in 3.3193 (sec).
 3-Body  A61-ASP 24,  A64-GLU 40,  A65-LYS 35:       0.00025386 at      1.444 Ang (0.906 Ang by residue) in 3.3324 (sec).
 3-Body  A61-ASP 24,  A64-GLU 40,  A65-LYS 36:       0.00025420 at      1.444 Ang (0.906 Ang by residue) in 3.2056 (sec).
 3-Body  A61-ASP 24,  A64-GLU 40,  A65-LYS 37:       0.00038909 at      1.444 Ang (0.906 Ang by residue) in 3.4503 (sec).
 3-Body  A61-ASP 24,  A64-GLU 40,  A65-LYS 38:       0.00038032 at      1.444 Ang (0.906 Ang by residue) in 3.4090 (sec).
 3-Body  A61-ASP 24,  A64-GLU 40,  A65-LYS 39:       0.00023122 at      1.444 Ang (0.906 Ang by residue) in 3.2894 (sec).
 3-Body  A61-ASP 24,  A64-GLU 40,  A65-LYS 40:       0.00017574 at      1.444 Ang (0.906 Ang by residue) in 3.1637 (sec).
 3-Body  A61-ASP 24,  A64-GLU 40,  A65-LYS 42:       0.00047755 at      1.444 Ang (0.906 Ang by residue) in 3.3644 (sec).
 3-Body  A61-ASP 24,  A64-GLU 40,  A65-LYS 43:       0.00052357 at      1.444 Ang (0.906 Ang by residue) in 3.2152 (sec).
 3-Body  A61-ASP 24,  A64-GLU 40,  A65-LYS 44:      -0.00940902 at      1.415 Ang (0.906 Ang by residue) in 3.1713 (sec).
 3-Body  A61-ASP 24,  A64-GLU 40,  A65-LYS 46:      -0.00142561 at      1.444 Ang (0.906 Ang by residue) in 3.4056 (sec).
 3-Body  A61-ASP 24,  A64-GLU 40,  A65-LYS 47:      -0.00484719 at      1.335 Ang (0.906 Ang by residue) in 3.4089 (sec).
 3-Body  A61-ASP 24,  A64-GLU 40,  A65-LYS 48:      -0.00178649 at      1.444 Ang (0.906 Ang by residue) in 3.3888 (sec).
 3-Body  A61-ASP 24,  A64-GLU 40,  A65-LYS 49:      -0.00178152 at      1.444 Ang (0.906 Ang by residue) in 3.3239 (sec).
 3-Body  A61-ASP 24,  A64-GLU 40,  A65-LYS 50:       0.00080738 at      1.444 Ang (0.906 Ang by residue) in 3.2107 (sec).
 3-Body  A61-ASP 24,  A64-GLU 40,  A65-LYS 51:       0.01751464 at      1.385 Ang (0.906 Ang by residue) in 3.2600 (sec).
 3-Body  A61-ASP 24,  A64-GLU 40,  A65-LYS 52:      -0.00186360 at      1.433 Ang (0.906 Ang by residue) in 3.3886 (sec).
 3-Body  A61-ASP 24,  A64-GLU 40,  A65-LYS 53:      -0.00216413 at      1.433 Ang (0.906 Ang by residue) in 3.4949 (sec).
 3-Body  A61-ASP 24,  A64-GLU 40,  A65-LYS 54:      -0.00210886 at      1.363 Ang (0.906 Ang by residue) in 3.4226 (sec).
 3-Body  A61-ASP 24,  A64-GLU 40,  A65-LYS 55:      -0.00183289 at      1.433 Ang (0.906 Ang by residue) in 3.3763 (sec).
 3-Body  A61-ASP 24,  A64-GLU 41,  A65-LYS 0 :       0.00023735 at      1.445 Ang (0.906 Ang by residue) in 3.3724 (sec).
 3-Body  A61-ASP 24,  A64-GLU 41,  A65-LYD 1 :      -0.00103354 at      1.445 Ang (0.906 Ang by residue) in 3.2287 (sec).
 3-Body  A61-ASP 24,  A64-GLU 41,  A65-LYD 8 :       0.00017718 at      1.445 Ang (0.906 Ang by residue) in 3.3133 (sec).
 3-Body  A61-ASP 24,  A64-GLU 41,  A65-LYD 9 :       0.00018423 at      1.445 Ang (0.906 Ang by residue) in 3.2838 (sec).
 3-Body  A61-ASP 24,  A64-GLU 41,  A65-LYD 10:       0.00022767 at      1.445 Ang (0.906 Ang by residue) in 3.3269 (sec).
 3-Body  A61-ASP 24,  A64-GLU 41,  A65-LYD 11:       0.00025794 at      1.445 Ang (0.906 Ang by residue) in 3.3060 (sec).
 3-Body  A61-ASP 24,  A64-GLU 41,  A65-LYD 12:       0.00015640 at      1.445 Ang (0.906 Ang by residue) in 3.4551 (sec).
 3-Body  A61-ASP 24,  A64-GLU 41,  A65-LYD 13:       0.00016934 at      1.445 Ang (0.906 Ang by residue) in 3.5571 (sec).
 3-Body  A61-ASP 24,  A64-GLU 41,  A65-LYD 15:       0.00023111 at      1.445 Ang (0.906 Ang by residue) in 3.3333 (sec).
 3-Body  A61-ASP 24,  A64-GLU 41,  A65-LYD 16:       0.00027076 at      1.445 Ang (0.906 Ang by residue) in 3.4406 (sec).
 3-Body  A61-ASP 24,  A64-GLU 41,  A65-LYD 19:      -0.00070626 at      1.445 Ang (0.906 Ang by residue) in 3.1846 (sec).
 3-Body  A61-ASP 24,  A64-GLU 41,  A65-LYD 20:      -0.00464916 at      1.336 Ang (0.906 Ang by residue) in 3.2984 (sec).
 3-Body  A61-ASP 24,  A64-GLU 41,  A65-LYD 21:      -0.00103422 at      1.445 Ang (0.906 Ang by residue) in 3.2774 (sec).
 3-Body  A61-ASP 24,  A64-GLU 41,  A65-LYD 22:      -0.00085937 at      1.445 Ang (0.906 Ang by residue) in 3.2375 (sec).
 3-Body  A61-ASP 24,  A64-GLU 41,  A65-LYD 23:       0.00017454 at      1.445 Ang (0.906 Ang by residue) in 3.4865 (sec).
 3-Body  A61-ASP 24,  A64-GLU 41,  A65-LYD 25:      -0.00151755 at      1.434 Ang (0.906 Ang by residue) in 3.1745 (sec).
 3-Body  A61-ASP 24,  A64-GLU 41,  A65-LYD 26:      -0.00107839 at      1.434 Ang (0.906 Ang by residue) in 3.3857 (sec).
 3-Body  A61-ASP 24,  A64-GLU 41,  A65-LYD 27:      -0.00218261 at      1.364 Ang (0.906 Ang by residue) in 3.4479 (sec).
 3-Body  A61-ASP 24,  A64-GLU 41,  A65-LYD 28:      -0.00090758 at      1.434 Ang (0.906 Ang by residue) in 3.3525 (sec).
 3-Body  A61-ASP 24,  A64-GLU 41,  A65-LYS 30:       0.00128429 at      1.445 Ang (0.906 Ang by residue) in 3.2855 (sec).
 3-Body  A61-ASP 24,  A64-GLU 41,  A65-LYS 33:       0.00057286 at      1.445 Ang (0.906 Ang by residue) in 3.2540 (sec).
 3-Body  A61-ASP 24,  A64-GLU 41,  A65-LYS 35:       0.00045084 at      1.445 Ang (0.906 Ang by residue) in 3.4711 (sec).
 3-Body  A61-ASP 24,  A64-GLU 41,  A65-LYS 36:       0.00046086 at      1.445 Ang (0.906 Ang by residue) in 3.4753 (sec).
 3-Body  A61-ASP 24,  A64-GLU 41,  A65-LYS 37:       0.00059030 at      1.445 Ang (0.906 Ang by residue) in 3.2091 (sec).
 3-Body  A61-ASP 24,  A64-GLU 41,  A65-LYS 38:       0.00058615 at      1.445 Ang (0.906 Ang by residue) in 3.4338 (sec).
 3-Body  A61-ASP 24,  A64-GLU 41,  A65-LYS 39:       0.00043194 at      1.445 Ang (0.906 Ang by residue) in 3.2890 (sec).
 3-Body  A61-ASP 24,  A64-GLU 41,  A65-LYS 40:       0.00038725 at      1.445 Ang (0.906 Ang by residue) in 3.2115 (sec).
 3-Body  A61-ASP 24,  A64-GLU 41,  A65-LYS 42:       0.00069338 at      1.445 Ang (0.906 Ang by residue) in 3.3140 (sec).
 3-Body  A61-ASP 24,  A64-GLU 41,  A65-LYS 43:       0.00072810 at      1.445 Ang (0.906 Ang by residue) in 3.3746 (sec).
 3-Body  A61-ASP 24,  A64-GLU 41,  A65-LYS 44:      -0.00367490 at      1.416 Ang (0.906 Ang by residue) in 3.3694 (sec).
 3-Body  A61-ASP 24,  A64-GLU 41,  A65-LYS 46:      -0.00037224 at      1.445 Ang (0.906 Ang by residue) in 3.2343 (sec).
 3-Body  A61-ASP 24,  A64-GLU 41,  A65-LYS 47:       0.00350004 at      1.336 Ang (0.906 Ang by residue) in 3.4925 (sec).
 3-Body  A61-ASP 24,  A64-GLU 41,  A65-LYS 48:       0.00023692 at      1.445 Ang (0.906 Ang by residue) in 3.3305 (sec).
 3-Body  A61-ASP 24,  A64-GLU 41,  A65-LYS 49:       0.00022084 at      1.445 Ang (0.906 Ang by residue) in 3.0771 (sec).
 3-Body  A61-ASP 24,  A64-GLU 41,  A65-LYS 50:       0.00179390 at      1.445 Ang (0.906 Ang by residue) in 3.2905 (sec).
 3-Body  A61-ASP 24,  A64-GLU 41,  A65-LYS 51:       0.01931979 at      1.386 Ang (0.906 Ang by residue) in 3.3446 (sec).
 3-Body  A61-ASP 24,  A64-GLU 41,  A65-LYS 52:      -0.00016902 at      1.434 Ang (0.906 Ang by residue) in 3.3209 (sec).
 3-Body  A61-ASP 24,  A64-GLU 41,  A65-LYS 53:      -0.00063620 at      1.434 Ang (0.906 Ang by residue) in 3.2785 (sec).
 3-Body  A61-ASP 24,  A64-GLU 41,  A65-LYS 54:       0.00190626 at      1.364 Ang (0.906 Ang by residue) in 3.3320 (sec).
 3-Body  A61-ASP 24,  A64-GLU 41,  A65-LYS 55:      -0.00077345 at      1.434 Ang (0.906 Ang by residue) in 3.3251 (sec).
 3-Body  A61-ASP 24,  A62-GLU 0 ,  A64-GLU 0 :       0.00170263 at      1.568 Ang (1.755 Ang by residue) in 3.4692 (sec).
 3-Body  A61-ASP 24,  A62-GLU 0 ,  A64-GLU 36:       0.00170328 at      1.568 Ang (1.755 Ang by residue) in 3.2354 (sec).
 3-Body  A61-ASP 24,  A62-GLU 0 ,  A64-GLU 37:       0.00173868 at      1.568 Ang (1.755 Ang by residue) in 3.4141 (sec).
 3-Body  A61-ASP 24,  A62-GLU 0 ,  A64-GLU 40:       0.00173053 at      1.564 Ang (1.755 Ang by residue) in 3.4272 (sec).
 3-Body  A61-ASP 24,  A62-GLU 0 ,  A64-GLU 41:       0.00167382 at      1.565 Ang (1.755 Ang by residue) in 3.4259 (sec).
 3-Body  A61-ASP 24,  A62-GLU 0 ,  A65-LYS 0 :       0.00756179 at      1.441 Ang (0.771 Ang by residue) in 3.3365 (sec).
 3-Body  A61-ASP 24,  A62-GLU 0 ,  A65-LYD 1 :       0.00314307 at      1.441 Ang (0.771 Ang by residue) in 3.3467 (sec).
 3-Body  A61-ASP 24,  A62-GLU 0 ,  A65-LYD 8 :       0.00049062 at      1.451 Ang (0.771 Ang by residue) in 3.4183 (sec).
 3-Body  A61-ASP 24,  A62-GLU 0 ,  A65-LYD 9 :       0.00049896 at      1.451 Ang (0.771 Ang by residue) in 3.3039 (sec).
 3-Body  A61-ASP 24,  A62-GLU 0 ,  A65-LYD 10:       0.00052573 at      1.451 Ang (0.771 Ang by residue) in 3.3089 (sec).
 3-Body  A61-ASP 24,  A62-GLU 0 ,  A65-LYD 11:       0.00060129 at      1.451 Ang (0.771 Ang by residue) in 3.2779 (sec).
 3-Body  A61-ASP 24,  A62-GLU 0 ,  A65-LYD 12:       0.00040197 at      1.451 Ang (0.771 Ang by residue) in 3.3177 (sec).
 3-Body  A61-ASP 24,  A62-GLU 0 ,  A65-LYD 13:       0.00041276 at      1.451 Ang (0.771 Ang by residue) in 3.2363 (sec).
 3-Body  A61-ASP 24,  A62-GLU 0 ,  A65-LYD 15:       0.00064632 at      1.451 Ang (0.771 Ang by residue) in 3.3832 (sec).
 3-Body  A61-ASP 24,  A62-GLU 0 ,  A65-LYD 16:       0.00074177 at      1.451 Ang (0.771 Ang by residue) in 3.1843 (sec).
 3-Body  A61-ASP 24,  A62-GLU 0 ,  A65-LYD 19:       0.00098129 at      1.441 Ang (0.771 Ang by residue) in 3.4868 (sec).
 3-Body  A61-ASP 24,  A62-GLU 0 ,  A65-LYD 20:       0.00390219 at      1.332 Ang (0.771 Ang by residue) in 3.1826 (sec).
 3-Body  A61-ASP 24,  A62-GLU 0 ,  A65-LYD 21:       0.00314220 at      1.441 Ang (0.771 Ang by residue) in 3.5110 (sec).
 3-Body  A61-ASP 24,  A62-GLU 0 ,  A65-LYD 22:       0.00335616 at      1.441 Ang (0.771 Ang by residue) in 3.2780 (sec).
 3-Body  A61-ASP 24,  A62-GLU 0 ,  A65-LYD 23:       0.00010257 at      1.372 Ang (0.771 Ang by residue) in 3.4234 (sec).
 3-Body  A61-ASP 24,  A62-GLU 0 ,  A65-LYD 25:       0.00055426 at      1.438 Ang (0.771 Ang by residue) in 3.4201 (sec).
 3-Body  A61-ASP 24,  A62-GLU 0 ,  A65-LYD 26:       0.00101235 at      1.438 Ang (0.771 Ang by residue) in 3.3901 (sec).
 3-Body  A61-ASP 24,  A62-GLU 0 ,  A65-LYD 27:       0.00245316 at      1.368 Ang (0.771 Ang by residue) in 3.2959 (sec).
 3-Body  A61-ASP 24,  A62-GLU 0 ,  A65-LYD 28:       0.00083945 at      1.438 Ang (0.771 Ang by residue) in 3.3891 (sec).
 3-Body  A61-ASP 24,  A62-GLU 0 ,  A65-LYS 30:       0.00558839 at      1.417 Ang (0.771 Ang by residue) in 3.2932 (sec).
 3-Body  A61-ASP 24,  A62-GLU 0 ,  A65-LYS 33:       0.00057090 at      1.331 Ang (0.771 Ang by residue) in 3.3161 (sec).
 3-Body  A61-ASP 24,  A62-GLU 0 ,  A65-LYS 35:       0.00060285 at      1.451 Ang (0.771 Ang by residue) in 3.2750 (sec).
 3-Body  A61-ASP 24,  A62-GLU 0 ,  A65-LYS 36:       0.00067297 at      1.451 Ang (0.771 Ang by residue) in 3.3679 (sec).
 3-Body  A61-ASP 24,  A62-GLU 0 ,  A65-LYS 37:       0.00115243 at      1.451 Ang (0.771 Ang by residue) in 3.4412 (sec).
 3-Body  A61-ASP 24,  A62-GLU 0 ,  A65-LYS 38:       0.00120303 at      1.451 Ang (0.771 Ang by residue) in 3.2424 (sec).
 3-Body  A61-ASP 24,  A62-GLU 0 ,  A65-LYS 39:       0.00068909 at      1.451 Ang (0.771 Ang by residue) in 3.3590 (sec).
 3-Body  A61-ASP 24,  A62-GLU 0 ,  A65-LYS 40:       0.00066532 at      1.451 Ang (0.771 Ang by residue) in 3.4017 (sec).
 3-Body  A61-ASP 24,  A62-GLU 0 ,  A65-LYS 42:       0.00157825 at      1.451 Ang (0.771 Ang by residue) in 3.4700 (sec).
 3-Body  A61-ASP 24,  A62-GLU 0 ,  A65-LYS 43:       0.00152924 at      1.451 Ang (0.771 Ang by residue) in 3.4048 (sec).
 3-Body  A61-ASP 24,  A62-GLU 0 ,  A65-LYS 44:       0.00606661 at      1.390 Ang (0.771 Ang by residue) in 3.2312 (sec).
 3-Body  A61-ASP 24,  A62-GLU 0 ,  A65-LYS 46:       0.00196292 at      1.441 Ang (0.771 Ang by residue) in 3.3033 (sec).
 3-Body  A61-ASP 24,  A62-GLU 0 ,  A65-LYS 47:       0.03492100 at      1.332 Ang (0.771 Ang by residue) in 3.1983 (sec).
 3-Body  A61-ASP 24,  A62-GLU 0 ,  A65-LYS 48:       0.00756199 at      1.441 Ang (0.771 Ang by residue) in 3.2804 (sec).
 3-Body  A61-ASP 24,  A62-GLU 0 ,  A65-LYS 49:       0.00687707 at      1.441 Ang (0.771 Ang by residue) in 3.2202 (sec).
 3-Body  A61-ASP 24,  A62-GLU 0 ,  A65-LYS 50:       0.00895199 at      1.372 Ang (0.771 Ang by residue) in 3.4862 (sec).
 3-Body  A61-ASP 24,  A62-GLU 0 ,  A65-LYS 51:       0.05316047 at      1.289 Ang (0.771 Ang by residue) in 3.2523 (sec).
 3-Body  A61-ASP 24,  A62-GLU 0 ,  A65-LYS 52:       0.00498020 at      1.438 Ang (0.771 Ang by residue) in 3.4381 (sec).
 3-Body  A61-ASP 24,  A62-GLU 0 ,  A65-LYS 53:       0.00246877 at      1.438 Ang (0.771 Ang by residue) in 3.3148 (sec).
 3-Body  A61-ASP 24,  A62-GLU 0 ,  A65-LYS 54:       0.01018579 at      1.368 Ang (0.771 Ang by residue) in 3.2461 (sec).
 3-Body  A61-ASP 24,  A62-GLU 0 ,  A65-LYS 55:       0.00125567 at      1.438 Ang (0.771 Ang by residue) in 3.4522 (sec).
 3-Body  A61-ASP 24,  A62-GLU 40,  A64-GLU 0 :       0.00166785 at      1.568 Ang (1.755 Ang by residue) in 3.4941 (sec).
 3-Body  A61-ASP 24,  A62-GLU 40,  A64-GLU 36:       0.00166853 at      1.568 Ang (1.755 Ang by residue) in 3.2788 (sec).
 3-Body  A61-ASP 24,  A62-GLU 40,  A64-GLU 37:       0.00169417 at      1.568 Ang (1.755 Ang by residue) in 3.4122 (sec).
 3-Body  A61-ASP 24,  A62-GLU 40,  A64-GLU 40:       0.00167135 at      1.564 Ang (1.755 Ang by residue) in 3.3899 (sec).
 3-Body  A61-ASP 24,  A62-GLU 40,  A64-GLU 41:       0.00162663 at      1.565 Ang (1.755 Ang by residue) in 3.4182 (sec).
 3-Body  A61-ASP 24,  A62-GLU 40,  A65-LYS 0 :       0.00710973 at      1.441 Ang (0.771 Ang by residue) in 3.2921 (sec).
 3-Body  A61-ASP 24,  A62-GLU 40,  A65-LYD 1 :       0.00258772 at      1.441 Ang (0.771 Ang by residue) in 3.2734 (sec).
 3-Body  A61-ASP 24,  A62-GLU 40,  A65-LYD 8 :       0.00045244 at      1.451 Ang (0.771 Ang by residue) in 3.2353 (sec).
 3-Body  A61-ASP 24,  A62-GLU 40,  A65-LYD 9 :       0.00045930 at      1.451 Ang (0.771 Ang by residue) in 3.3967 (sec).
 3-Body  A61-ASP 24,  A62-GLU 40,  A65-LYD 10:       0.00049609 at      1.451 Ang (0.771 Ang by residue) in 3.4237 (sec).
 3-Body  A61-ASP 24,  A62-GLU 40,  A65-LYD 11:       0.00058361 at      1.451 Ang (0.771 Ang by residue) in 3.1789 (sec).
 3-Body  A61-ASP 24,  A62-GLU 40,  A65-LYD 12:       0.00036072 at      1.451 Ang (0.771 Ang by residue) in 3.3115 (sec).
 3-Body  A61-ASP 24,  A62-GLU 40,  A65-LYD 13:       0.00037158 at      1.451 Ang (0.771 Ang by residue) in 3.4675 (sec).
 3-Body  A61-ASP 24,  A62-GLU 40,  A65-LYD 15:       0.00058934 at      1.451 Ang (0.771 Ang by residue) in 3.2807 (sec).
 3-Body  A61-ASP 24,  A62-GLU 40,  A65-LYD 16:       0.00069027 at      1.451 Ang (0.771 Ang by residue) in 3.3115 (sec).
 3-Body  A61-ASP 24,  A62-GLU 40,  A65-LYD 19:       0.00073960 at      1.441 Ang (0.771 Ang by residue) in 3.4896 (sec).
 3-Body  A61-ASP 24,  A62-GLU 40,  A65-LYD 20:       0.00238726 at      1.332 Ang (0.771 Ang by residue) in 3.4181 (sec).
 3-Body  A61-ASP 24,  A62-GLU 40,  A65-LYD 21:       0.00258681 at      1.441 Ang (0.771 Ang by residue) in 3.3107 (sec).
 3-Body  A61-ASP 24,  A62-GLU 40,  A65-LYD 22:       0.00287896 at      1.441 Ang (0.771 Ang by residue) in 3.3633 (sec).
 3-Body  A61-ASP 24,  A62-GLU 40,  A65-LYD 23:      -0.00053487 at      1.372 Ang (0.771 Ang by residue) in 3.3527 (sec).
 3-Body  A61-ASP 24,  A62-GLU 40,  A65-LYD 25:       0.00020873 at      1.438 Ang (0.771 Ang by residue) in 3.2512 (sec).
 3-Body  A61-ASP 24,  A62-GLU 40,  A65-LYD 26:       0.00077332 at      1.438 Ang (0.771 Ang by residue) in 3.4364 (sec).
 3-Body  A61-ASP 24,  A62-GLU 40,  A65-LYD 27:       0.00195507 at      1.368 Ang (0.771 Ang by residue) in 3.4707 (sec).
 3-Body  A61-ASP 24,  A62-GLU 40,  A65-LYD 28:       0.00066094 at      1.438 Ang (0.771 Ang by residue) in 3.4776 (sec).
 3-Body  A61-ASP 24,  A62-GLU 40,  A65-LYS 30:       0.00552134 at      1.417 Ang (0.771 Ang by residue) in 3.4041 (sec).
 3-Body  A61-ASP 24,  A62-GLU 40,  A65-LYS 33:       0.00064617 at      1.331 Ang (0.771 Ang by residue) in 3.3666 (sec).
 3-Body  A61-ASP 24,  A62-GLU 40,  A65-LYS 35:       0.00057575 at      1.451 Ang (0.771 Ang by residue) in 3.3543 (sec).
 3-Body  A61-ASP 24,  A62-GLU 40,  A65-LYS 36:       0.00065116 at      1.451 Ang (0.771 Ang by residue) in 3.4066 (sec).
 3-Body  A61-ASP 24,  A62-GLU 40,  A65-LYS 37:       0.00115535 at      1.451 Ang (0.771 Ang by residue) in 3.3915 (sec).
 3-Body  A61-ASP 24,  A62-GLU 40,  A65-LYS 38:       0.00123190 at      1.451 Ang (0.771 Ang by residue) in 3.4213 (sec).
 3-Body  A61-ASP 24,  A62-GLU 40,  A65-LYS 39:       0.00066854 at      1.451 Ang (0.771 Ang by residue) in 3.3964 (sec).
 3-Body  A61-ASP 24,  A62-GLU 40,  A65-LYS 40:       0.00064816 at      1.451 Ang (0.771 Ang by residue) in 3.3701 (sec).
 3-Body  A61-ASP 24,  A62-GLU 40,  A65-LYS 42:       0.00157269 at      1.451 Ang (0.771 Ang by residue) in 3.3478 (sec).
 3-Body  A61-ASP 24,  A62-GLU 40,  A65-LYS 43:       0.00151727 at      1.451 Ang (0.771 Ang by residue) in 3.2939 (sec).
 3-Body  A61-ASP 24,  A62-GLU 40,  A65-LYS 44:       0.00560998 at      1.390 Ang (0.771 Ang by residue) in 3.2673 (sec).
 3-Body  A61-ASP 24,  A62-GLU 40,  A65-LYS 46:       0.00178712 at      1.441 Ang (0.771 Ang by residue) in 3.4884 (sec).
 3-Body  A61-ASP 24,  A62-GLU 40,  A65-LYS 47:       0.03333840 at      1.332 Ang (0.771 Ang by residue) in 3.2864 (sec).
 3-Body  A61-ASP 24,  A62-GLU 40,  A65-LYS 48:       0.00710980 at      1.441 Ang (0.771 Ang by residue) in 3.1695 (sec).
 3-Body  A61-ASP 24,  A62-GLU 40,  A65-LYS 49:       0.00645140 at      1.441 Ang (0.771 Ang by residue) in 3.3295 (sec).
 3-Body  A61-ASP 24,  A62-GLU 40,  A65-LYS 50:       0.00856512 at      1.372 Ang (0.771 Ang by residue) in 3.2428 (sec).
 3-Body  A61-ASP 24,  A62-GLU 40,  A65-LYS 51:       0.04993596 at      1.289 Ang (0.771 Ang by residue) in 3.2003 (sec).
 3-Body  A61-ASP 24,  A62-GLU 40,  A65-LYS 52:       0.00479953 at      1.438 Ang (0.771 Ang by residue) in 3.3658 (sec).
 3-Body  A61-ASP 24,  A62-GLU 40,  A65-LYS 53:       0.00226717 at      1.438 Ang (0.771 Ang by residue) in 3.4285 (sec).
 3-Body  A61-ASP 24,  A62-GLU 40,  A65-LYS 54:       0.00971869 at      1.368 Ang (0.771 Ang by residue) in 3.4087 (sec).
 3-Body  A61-ASP 24,  A62-GLU 40,  A65-LYS 55:       0.00109373 at      1.438 Ang (0.771 Ang by residue) in 3.1850 (sec).
 3-Body  A61-ASP 24,  A62-GLU 41,  A64-GLU 0 :       0.00175433 at      1.568 Ang (1.755 Ang by residue) in 3.2666 (sec).
 3-Body  A61-ASP 24,  A62-GLU 41,  A64-GLU 36:       0.00175518 at      1.568 Ang (1.755 Ang by residue) in 3.4382 (sec).
 3-Body  A61-ASP 24,  A62-GLU 41,  A64-GLU 37:       0.00171931 at      1.568 Ang (1.755 Ang by residue) in 3.3653 (sec).
 3-Body  A61-ASP 24,  A62-GLU 41,  A64-GLU 40:       0.00164785 at      1.564 Ang (1.755 Ang by residue) in 3.3286 (sec).
 3-Body  A61-ASP 24,  A62-GLU 41,  A64-GLU 41:       0.00167043 at      1.565 Ang (1.755 Ang by residue) in 3.3046 (sec).
 3-Body  A61-ASP 24,  A62-GLU 41,  A65-LYS 0 :       0.00572691 at      1.441 Ang (0.771 Ang by residue) in 3.2974 (sec).
 3-Body  A61-ASP 24,  A62-GLU 41,  A65-LYD 1 :       0.00131990 at      1.441 Ang (0.771 Ang by residue) in 3.3541 (sec).
 3-Body  A61-ASP 24,  A62-GLU 41,  A65-LYD 8 :       0.00033135 at      1.451 Ang (0.771 Ang by residue) in 3.3357 (sec).
 3-Body  A61-ASP 24,  A62-GLU 41,  A65-LYD 9 :       0.00034310 at      1.451 Ang (0.771 Ang by residue) in 3.3167 (sec).
 3-Body  A61-ASP 24,  A62-GLU 41,  A65-LYD 10:       0.00098735 at      1.451 Ang (0.771 Ang by residue) in 3.3777 (sec).
 3-Body  A61-ASP 24,  A62-GLU 41,  A65-LYD 11:       0.00162110 at      1.451 Ang (0.771 Ang by residue) in 3.2062 (sec).
 3-Body  A61-ASP 24,  A62-GLU 41,  A65-LYD 12:       0.00024100 at      1.451 Ang (0.771 Ang by residue) in 3.3109 (sec).
 3-Body  A61-ASP 24,  A62-GLU 41,  A65-LYD 13:       0.00025242 at      1.451 Ang (0.771 Ang by residue) in 3.3165 (sec).
 3-Body  A61-ASP 24,  A62-GLU 41,  A65-LYD 15:       0.00026077 at      1.451 Ang (0.771 Ang by residue) in 3.4220 (sec).
 3-Body  A61-ASP 24,  A62-GLU 41,  A65-LYD 16:       0.00075404 at      1.451 Ang (0.771 Ang by residue) in 3.2781 (sec).
 3-Body  A61-ASP 24,  A62-GLU 41,  A65-LYD 19:       0.00372480 at      1.441 Ang (0.771 Ang by residue) in 3.3730 (sec).
 3-Body  A61-ASP 24,  A62-GLU 41,  A65-LYD 20:      -0.02542692 at      1.332 Ang (0.771 Ang by residue) in 3.4947 (sec).
 3-Body  A61-ASP 24,  A62-GLU 41,  A65-LYD 21:       0.00132406 at      1.441 Ang (0.771 Ang by residue) in 3.3628 (sec).
 3-Body  A61-ASP 24,  A62-GLU 41,  A65-LYD 22:       0.00582022 at      1.441 Ang (0.771 Ang by residue) in 3.4278 (sec).
 3-Body  A61-ASP 24,  A62-GLU 41,  A65-LYD 23:       0.00572010 at      1.235 Ang (0.771 Ang by residue) in 3.5130 (sec).
 3-Body  A61-ASP 24,  A62-GLU 41,  A65-LYD 25:      -0.00370032 at      1.438 Ang (0.771 Ang by residue) in 3.4753 (sec).
 3-Body  A61-ASP 24,  A62-GLU 41,  A65-LYD 26:      -0.00171986 at      1.438 Ang (0.771 Ang by residue) in 3.4448 (sec).
 3-Body  A61-ASP 24,  A62-GLU 41,  A65-LYD 27:      -0.00161291 at      1.368 Ang (0.771 Ang by residue) in 3.4729 (sec).
 3-Body  A61-ASP 24,  A62-GLU 41,  A65-LYD 28:      -0.00072005 at      1.438 Ang (0.771 Ang by residue) in 3.3027 (sec).
 3-Body  A61-ASP 24,  A62-GLU 41,  A65-LYS 30:       0.00687353 at      1.417 Ang (0.771 Ang by residue) in 3.3664 (sec).
 3-Body  A61-ASP 24,  A62-GLU 41,  A65-LYS 33:       0.01040559 at      1.313 Ang (0.771 Ang by residue) in 3.4375 (sec).
 3-Body  A61-ASP 24,  A62-GLU 41,  A65-LYS 35:       0.00076937 at      1.451 Ang (0.771 Ang by residue) in 3.3682 (sec).
 3-Body  A61-ASP 24,  A62-GLU 41,  A65-LYS 36:       0.00099397 at      1.451 Ang (0.771 Ang by residue) in 3.4854 (sec).
 3-Body  A61-ASP 24,  A62-GLU 41,  A65-LYS 37:       0.00379891 at      1.451 Ang (0.771 Ang by residue) in 3.3962 (sec).
 3-Body  A61-ASP 24,  A62-GLU 41,  A65-LYS 38:       0.00593347 at      1.451 Ang (0.771 Ang by residue) in 3.5507 (sec).
 3-Body  A61-ASP 24,  A62-GLU 41,  A65-LYS 39:       0.00125130 at      1.451 Ang (0.771 Ang by residue) in 3.3518 (sec).
 3-Body  A61-ASP 24,  A62-GLU 41,  A65-LYS 40:       0.00147342 at      1.451 Ang (0.771 Ang by residue) in 3.3964 (sec).
 3-Body  A61-ASP 24,  A62-GLU 41,  A65-LYS 42:       0.00401820 at      1.451 Ang (0.771 Ang by residue) in 3.3915 (sec).
 3-Body  A61-ASP 24,  A62-GLU 41,  A65-LYS 43:       0.00299474 at      1.451 Ang (0.771 Ang by residue) in 3.3025 (sec).
 3-Body  A61-ASP 24,  A62-GLU 41,  A65-LYS 44:      -0.00219496 at      1.390 Ang (0.771 Ang by residue) in 3.3370 (sec).
 3-Body  A61-ASP 24,  A62-GLU 41,  A65-LYS 46:       0.00620899 at      1.441 Ang (0.771 Ang by residue) in 3.2787 (sec).
 3-Body  A61-ASP 24,  A62-GLU 41,  A65-LYS 47:       0.00610695 at      1.332 Ang (0.771 Ang by residue) in 3.3094 (sec).
 3-Body  A61-ASP 24,  A62-GLU 41,  A65-LYS 48:       0.00572689 at      1.441 Ang (0.771 Ang by residue) in 3.3159 (sec).
 3-Body  A61-ASP 24,  A62-GLU 41,  A65-LYS 49:       0.00968795 at      1.441 Ang (0.771 Ang by residue) in 3.4723 (sec).
 3-Body  A61-ASP 24,  A62-GLU 41,  A65-LYS 50:       0.02123307 at      1.235 Ang (0.771 Ang by residue) in 3.3107 (sec).
 3-Body  A61-ASP 24,  A62-GLU 41,  A65-LYS 51:      -0.10157684 at      1.289 Ang (0.771 Ang by residue) in 3.3598 (sec).
 3-Body  A61-ASP 24,  A62-GLU 41,  A65-LYS 52:       0.00560658 at      1.438 Ang (0.771 Ang by residue) in 3.2346 (sec).
 3-Body  A61-ASP 24,  A62-GLU 41,  A65-LYS 53:       0.00187820 at      1.438 Ang (0.771 Ang by residue) in 3.3651 (sec).
 3-Body  A61-ASP 24,  A62-GLU 41,  A65-LYS 54:       0.01359036 at      1.368 Ang (0.771 Ang by residue) in 3.1612 (sec).
 3-Body  A61-ASP 24,  A62-GLU 41,  A65-LYS 55:       0.00091067 at      1.438 Ang (0.771 Ang by residue) in 3.3550 (sec).
 3-Body  A61-ASP 25,  A64-GLU 0 ,  A65-LYS 0 :       0.00306802 at      1.430 Ang (0.906 Ang by residue) in 3.2120 (sec).
 3-Body  A61-ASP 25,  A64-GLU 0 ,  A65-LYD 1 :       0.00172312 at      1.430 Ang (0.906 Ang by residue) in 3.3577 (sec).
 3-Body  A61-ASP 25,  A64-GLU 0 ,  A65-LYD 8 :       0.00088336 at      1.449 Ang (0.906 Ang by residue) in 3.2313 (sec).
 3-Body  A61-ASP 25,  A64-GLU 0 ,  A65-LYD 9 :       0.00089059 at      1.449 Ang (0.906 Ang by residue) in 3.2874 (sec).
 3-Body  A61-ASP 25,  A64-GLU 0 ,  A65-LYD 10:       0.00089465 at      1.449 Ang (0.906 Ang by residue) in 3.6304 (sec).
 3-Body  A61-ASP 25,  A64-GLU 0 ,  A65-LYD 11:       0.00091895 at      1.449 Ang (0.906 Ang by residue) in 3.3474 (sec).
 3-Body  A61-ASP 25,  A64-GLU 0 ,  A65-LYD 12:       0.00083540 at      1.449 Ang (0.906 Ang by residue) in 3.5014 (sec).
 3-Body  A61-ASP 25,  A64-GLU 0 ,  A65-LYD 13:       0.00084748 at      1.449 Ang (0.906 Ang by residue) in 3.4487 (sec).
 3-Body  A61-ASP 25,  A64-GLU 0 ,  A65-LYD 15:       0.00095100 at      1.449 Ang (0.906 Ang by residue) in 3.3828 (sec).
 3-Body  A61-ASP 25,  A64-GLU 0 ,  A65-LYD 16:       0.00098914 at      1.449 Ang (0.906 Ang by residue) in 3.3098 (sec).
 3-Body  A61-ASP 25,  A64-GLU 0 ,  A65-LYD 19:       0.00114027 at      1.449 Ang (0.906 Ang by residue) in 3.6192 (sec).
 3-Body  A61-ASP 25,  A64-GLU 0 ,  A65-LYD 20:      -0.00141583 at      1.356 Ang (0.906 Ang by residue) in 3.3727 (sec).
 3-Body  A61-ASP 25,  A64-GLU 0 ,  A65-LYD 21:       0.00172287 at      1.430 Ang (0.906 Ang by residue) in 3.1039 (sec).
 3-Body  A61-ASP 25,  A64-GLU 0 ,  A65-LYD 22:       0.00216388 at      1.435 Ang (0.906 Ang by residue) in 3.1984 (sec).
 3-Body  A61-ASP 25,  A64-GLU 0 ,  A65-LYD 23:       0.00212127 at      1.449 Ang (0.906 Ang by residue) in 3.3030 (sec).
 3-Body  A61-ASP 25,  A64-GLU 0 ,  A65-LYD 25:       0.00133148 at      1.438 Ang (0.906 Ang by residue) in 3.5912 (sec).
 3-Body  A61-ASP 25,  A64-GLU 0 ,  A65-LYD 26:       0.00158597 at      1.438 Ang (0.906 Ang by residue) in 3.5506 (sec).
 3-Body  A61-ASP 25,  A64-GLU 0 ,  A65-LYD 27:       0.00207570 at      1.437 Ang (0.906 Ang by residue) in 3.5155 (sec).
 3-Body  A61-ASP 25,  A64-GLU 0 ,  A65-LYD 28:       0.00108998 at      1.438 Ang (0.906 Ang by residue) in 3.3601 (sec).
 3-Body  A61-ASP 25,  A64-GLU 0 ,  A65-LYS 30:       0.00307292 at      1.449 Ang (0.906 Ang by residue) in 3.2617 (sec).
 3-Body  A61-ASP 25,  A64-GLU 0 ,  A65-LYS 33:       0.00157194 at      1.449 Ang (0.906 Ang by residue) in 3.3959 (sec).
 3-Body  A61-ASP 25,  A64-GLU 0 ,  A65-LYS 35:       0.00115296 at      1.449 Ang (0.906 Ang by residue) in 3.2328 (sec).
 3-Body  A61-ASP 25,  A64-GLU 0 ,  A65-LYS 36:       0.00113964 at      1.449 Ang (0.906 Ang by residue) in 3.2906 (sec).
 3-Body  A61-ASP 25,  A64-GLU 0 ,  A65-LYS 37:       0.00118487 at      1.449 Ang (0.906 Ang by residue) in 3.5496 (sec).
 3-Body  A61-ASP 25,  A64-GLU 0 ,  A65-LYS 38:       0.00117109 at      1.449 Ang (0.906 Ang by residue) in 3.3091 (sec).
 3-Body  A61-ASP 25,  A64-GLU 0 ,  A65-LYS 39:       0.00107238 at      1.449 Ang (0.906 Ang by residue) in 3.4395 (sec).
 3-Body  A61-ASP 25,  A64-GLU 0 ,  A65-LYS 40:       0.00102646 at      1.449 Ang (0.906 Ang by residue) in 3.3732 (sec).
 3-Body  A61-ASP 25,  A64-GLU 0 ,  A65-LYS 42:       0.00133264 at      1.449 Ang (0.906 Ang by residue) in 3.3623 (sec).
 3-Body  A61-ASP 25,  A64-GLU 0 ,  A65-LYS 43:       0.00140158 at      1.449 Ang (0.906 Ang by residue) in 3.3149 (sec).
 3-Body  A61-ASP 25,  A64-GLU 0 ,  A65-LYS 44:       0.00409983 at      1.420 Ang (0.906 Ang by residue) in 3.3958 (sec).
 3-Body  A61-ASP 25,  A64-GLU 0 ,  A65-LYS 46:       0.00151838 at      1.449 Ang (0.906 Ang by residue) in 3.3972 (sec).
 3-Body  A61-ASP 25,  A64-GLU 0 ,  A65-LYS 47:       0.01393062 at      1.356 Ang (0.906 Ang by residue) in 3.2678 (sec).
 3-Body  A61-ASP 25,  A64-GLU 0 ,  A65-LYS 48:       0.00306811 at      1.430 Ang (0.906 Ang by residue) in 3.4573 (sec).
 3-Body  A61-ASP 25,  A64-GLU 0 ,  A65-LYS 49:       0.00350491 at      1.435 Ang (0.906 Ang by residue) in 3.3024 (sec).
 3-Body  A61-ASP 25,  A64-GLU 0 ,  A65-LYS 50:       0.00357322 at      1.449 Ang (0.906 Ang by residue) in 3.3156 (sec).
 3-Body  A61-ASP 25,  A64-GLU 0 ,  A65-LYS 51:       0.02160472 at      1.376 Ang (0.906 Ang by residue) in 3.4320 (sec).
 3-Body  A61-ASP 25,  A64-GLU 0 ,  A65-LYS 52:       0.00323092 at      1.438 Ang (0.906 Ang by residue) in 3.3299 (sec).
 3-Body  A61-ASP 25,  A64-GLU 0 ,  A65-LYS 53:       0.00240691 at      1.438 Ang (0.906 Ang by residue) in 3.4106 (sec).
 3-Body  A61-ASP 25,  A64-GLU 0 ,  A65-LYS 54:       0.00960797 at      1.437 Ang (0.906 Ang by residue) in 3.4002 (sec).
 3-Body  A61-ASP 25,  A64-GLU 0 ,  A65-LYS 55:       0.00147986 at      1.438 Ang (0.906 Ang by residue) in 3.3345 (sec).
 3-Body  A61-ASP 25,  A64-GLU 36,  A65-LYS 0 :       0.00306913 at      1.430 Ang (0.906 Ang by residue) in 3.3740 (sec).
 3-Body  A61-ASP 25,  A64-GLU 36,  A65-LYD 1 :       0.00172404 at      1.430 Ang (0.906 Ang by residue) in 3.2586 (sec).
 3-Body  A61-ASP 25,  A64-GLU 36,  A65-LYD 8 :       0.00088356 at      1.449 Ang (0.906 Ang by residue) in 3.3176 (sec).
 3-Body  A61-ASP 25,  A64-GLU 36,  A65-LYD 9 :       0.00089079 at      1.449 Ang (0.906 Ang by residue) in 3.3926 (sec).
 3-Body  A61-ASP 25,  A64-GLU 36,  A65-LYD 10:       0.00089484 at      1.449 Ang (0.906 Ang by residue) in 3.4703 (sec).
 3-Body  A61-ASP 25,  A64-GLU 36,  A65-LYD 11:       0.00091915 at      1.449 Ang (0.906 Ang by residue) in 3.3324 (sec).
 3-Body  A61-ASP 25,  A64-GLU 36,  A65-LYD 12:       0.00083559 at      1.449 Ang (0.906 Ang by residue) in 3.3127 (sec).
 3-Body  A61-ASP 25,  A64-GLU 36,  A65-LYD 13:       0.00084767 at      1.449 Ang (0.906 Ang by residue) in 3.4985 (sec).
 3-Body  A61-ASP 25,  A64-GLU 36,  A65-LYD 15:       0.00095122 at      1.449 Ang (0.906 Ang by residue) in 3.3114 (sec).
 3-Body  A61-ASP 25,  A64-GLU 36,  A65-LYD 16:       0.00098936 at      1.449 Ang (0.906 Ang by residue) in 3.3093 (sec).
 3-Body  A61-ASP 25,  A64-GLU 36,  A65-LYD 19:       0.00114077 at      1.449 Ang (0.906 Ang by residue) in 3.2870 (sec).
 3-Body  A61-ASP 25,  A64-GLU 36,  A65-LYD 20:      -0.00141354 at      1.356 Ang (0.906 Ang by residue) in 3.2967 (sec).
 3-Body  A61-ASP 25,  A64-GLU 36,  A65-LYD 21:       0.00172381 at      1.430 Ang (0.906 Ang by residue) in 3.2700 (sec).
 3-Body  A61-ASP 25,  A64-GLU 36,  A65-LYD 22:       0.00216476 at      1.435 Ang (0.906 Ang by residue) in 3.3627 (sec).
 3-Body  A61-ASP 25,  A64-GLU 36,  A65-LYD 23:       0.00212217 at      1.449 Ang (0.906 Ang by residue) in 3.3616 (sec).
 3-Body  A61-ASP 25,  A64-GLU 36,  A65-LYD 25:       0.00133208 at      1.438 Ang (0.906 Ang by residue) in 3.3461 (sec).
 3-Body  A61-ASP 25,  A64-GLU 36,  A65-LYD 26:       0.00158655 at      1.438 Ang (0.906 Ang by residue) in 3.1721 (sec).
 3-Body  A61-ASP 25,  A64-GLU 36,  A65-LYD 27:       0.00207598 at      1.437 Ang (0.906 Ang by residue) in 3.3834 (sec).
 3-Body  A61-ASP 25,  A64-GLU 36,  A65-LYD 28:       0.00109040 at      1.438 Ang (0.906 Ang by residue) in 3.4467 (sec).
 3-Body  A61-ASP 25,  A64-GLU 36,  A65-LYS 30:       0.00307364 at      1.449 Ang (0.906 Ang by residue) in 3.4174 (sec).
 3-Body  A61-ASP 25,  A64-GLU 36,  A65-LYS 33:       0.00157238 at      1.449 Ang (0.906 Ang by residue) in 3.3215 (sec).
 3-Body  A61-ASP 25,  A64-GLU 36,  A65-LYS 35:       0.00115318 at      1.449 Ang (0.906 Ang by residue) in 3.3710 (sec).
 3-Body  A61-ASP 25,  A64-GLU 36,  A65-LYS 36:       0.00113987 at      1.449 Ang (0.906 Ang by residue) in 3.5141 (sec).
 3-Body  A61-ASP 25,  A64-GLU 36,  A65-LYS 37:       0.00118512 at      1.449 Ang (0.906 Ang by residue) in 3.5057 (sec).
 3-Body  A61-ASP 25,  A64-GLU 36,  A65-LYS 38:       0.00117134 at      1.449 Ang (0.906 Ang by residue) in 3.4164 (sec).
 3-Body  A61-ASP 25,  A64-GLU 36,  A65-LYS 39:       0.00107260 at      1.449 Ang (0.906 Ang by residue) in 3.4644 (sec).
 3-Body  A61-ASP 25,  A64-GLU 36,  A65-LYS 40:       0.00102668 at      1.449 Ang (0.906 Ang by residue) in 3.3979 (sec).
 3-Body  A61-ASP 25,  A64-GLU 36,  A65-LYS 42:       0.00133293 at      1.449 Ang (0.906 Ang by residue) in 3.1904 (sec).
 3-Body  A61-ASP 25,  A64-GLU 36,  A65-LYS 43:       0.00140185 at      1.449 Ang (0.906 Ang by residue) in 3.3245 (sec).
 3-Body  A61-ASP 25,  A64-GLU 36,  A65-LYS 44:       0.00410098 at      1.420 Ang (0.906 Ang by residue) in 3.1740 (sec).
 3-Body  A61-ASP 25,  A64-GLU 36,  A65-LYS 46:       0.00151889 at      1.449 Ang (0.906 Ang by residue) in 3.4669 (sec).
 3-Body  A61-ASP 25,  A64-GLU 36,  A65-LYS 47:       0.01393323 at      1.356 Ang (0.906 Ang by residue) in 3.2643 (sec).
 3-Body  A61-ASP 25,  A64-GLU 36,  A65-LYS 48:       0.00306921 at      1.430 Ang (0.906 Ang by residue) in 3.2683 (sec).
 3-Body  A61-ASP 25,  A64-GLU 36,  A65-LYS 49:       0.00350587 at      1.435 Ang (0.906 Ang by residue) in 3.3553 (sec).
 3-Body  A61-ASP 25,  A64-GLU 36,  A65-LYS 50:       0.00357426 at      1.449 Ang (0.906 Ang by residue) in 3.3833 (sec).
 3-Body  A61-ASP 25,  A64-GLU 36,  A65-LYS 51:       0.02160959 at      1.376 Ang (0.906 Ang by residue) in 3.2693 (sec).
 3-Body  A61-ASP 25,  A64-GLU 36,  A65-LYS 52:       0.00323165 at      1.438 Ang (0.906 Ang by residue) in 3.5407 (sec).
 3-Body  A61-ASP 25,  A64-GLU 36,  A65-LYS 53:       0.00240739 at      1.438 Ang (0.906 Ang by residue) in 3.3637 (sec).
 3-Body  A61-ASP 25,  A64-GLU 36,  A65-LYS 54:       0.00960841 at      1.437 Ang (0.906 Ang by residue) in 3.3470 (sec).
 3-Body  A61-ASP 25,  A64-GLU 36,  A65-LYS 55:       0.00148026 at      1.438 Ang (0.906 Ang by residue) in 3.2819 (sec).
 3-Body  A61-ASP 25,  A64-GLU 37,  A65-LYS 0 :       0.00232632 at      1.430 Ang (0.906 Ang by residue) in 3.1880 (sec).
 3-Body  A61-ASP 25,  A64-GLU 37,  A65-LYD 1 :       0.00087672 at      1.430 Ang (0.906 Ang by residue) in 3.3458 (sec).
 3-Body  A61-ASP 25,  A64-GLU 37,  A65-LYD 8 :       0.00074226 at      1.449 Ang (0.906 Ang by residue) in 3.6465 (sec).
 3-Body  A61-ASP 25,  A64-GLU 37,  A65-LYD 9 :       0.00075315 at      1.449 Ang (0.906 Ang by residue) in 3.4003 (sec).
 3-Body  A61-ASP 25,  A64-GLU 37,  A65-LYD 10:       0.00077022 at      1.449 Ang (0.906 Ang by residue) in 3.3973 (sec).
 3-Body  A61-ASP 25,  A64-GLU 37,  A65-LYD 11:       0.00079778 at      1.449 Ang (0.906 Ang by residue) in 3.3491 (sec).
 3-Body  A61-ASP 25,  A64-GLU 37,  A65-LYD 12:       0.00070873 at      1.449 Ang (0.906 Ang by residue) in 3.1833 (sec).
 3-Body  A61-ASP 25,  A64-GLU 37,  A65-LYD 13:       0.00072651 at      1.449 Ang (0.906 Ang by residue) in 3.4411 (sec).
 3-Body  A61-ASP 25,  A64-GLU 37,  A65-LYD 15:       0.00082786 at      1.449 Ang (0.906 Ang by residue) in 3.1422 (sec).
 3-Body  A61-ASP 25,  A64-GLU 37,  A65-LYD 16:       0.00086148 at      1.449 Ang (0.906 Ang by residue) in 3.4534 (sec).
 3-Body  A61-ASP 25,  A64-GLU 37,  A65-LYD 19:       0.00088842 at      1.449 Ang (0.906 Ang by residue) in 3.4150 (sec).
 3-Body  A61-ASP 25,  A64-GLU 37,  A65-LYD 20:      -0.00552396 at      1.356 Ang (0.906 Ang by residue) in 3.3826 (sec).
 3-Body  A61-ASP 25,  A64-GLU 37,  A65-LYD 21:       0.00087596 at      1.430 Ang (0.906 Ang by residue) in 3.3417 (sec).
 3-Body  A61-ASP 25,  A64-GLU 37,  A65-LYD 22:       0.00151477 at      1.435 Ang (0.906 Ang by residue) in 3.2304 (sec).
 3-Body  A61-ASP 25,  A64-GLU 37,  A65-LYD 23:       0.00176097 at      1.449 Ang (0.906 Ang by residue) in 3.4446 (sec).
 3-Body  A61-ASP 25,  A64-GLU 37,  A65-LYD 25:       0.00083309 at      1.438 Ang (0.906 Ang by residue) in 3.3241 (sec).
 3-Body  A61-ASP 25,  A64-GLU 37,  A65-LYD 26:       0.00132720 at      1.438 Ang (0.906 Ang by residue) in 3.4460 (sec).
 3-Body  A61-ASP 25,  A64-GLU 37,  A65-LYD 27:      -0.00269784 at      1.437 Ang (0.906 Ang by residue) in 3.4059 (sec).
 3-Body  A61-ASP 25,  A64-GLU 37,  A65-LYD 28:       0.00083196 at      1.438 Ang (0.906 Ang by residue) in 3.2095 (sec).
 3-Body  A61-ASP 25,  A64-GLU 37,  A65-LYS 30:       0.00286275 at      1.449 Ang (0.906 Ang by residue) in 3.3029 (sec).
 3-Body  A61-ASP 25,  A64-GLU 37,  A65-LYS 33:       0.00135850 at      1.449 Ang (0.906 Ang by residue) in 3.1977 (sec).
 3-Body  A61-ASP 25,  A64-GLU 37,  A65-LYS 35:       0.00099163 at      1.449 Ang (0.906 Ang by residue) in 3.3383 (sec).
 3-Body  A61-ASP 25,  A64-GLU 37,  A65-LYS 36:       0.00097226 at      1.449 Ang (0.906 Ang by residue) in 3.4555 (sec).
 3-Body  A61-ASP 25,  A64-GLU 37,  A65-LYS 37:       0.00102725 at      1.449 Ang (0.906 Ang by residue) in 3.3109 (sec).
 3-Body  A61-ASP 25,  A64-GLU 37,  A65-LYS 38:       0.00100993 at      1.449 Ang (0.906 Ang by residue) in 3.4758 (sec).
 3-Body  A61-ASP 25,  A64-GLU 37,  A65-LYS 39:       0.00091814 at      1.449 Ang (0.906 Ang by residue) in 3.3360 (sec).
 3-Body  A61-ASP 25,  A64-GLU 37,  A65-LYS 40:       0.00086271 at      1.449 Ang (0.906 Ang by residue) in 3.2623 (sec).
 3-Body  A61-ASP 25,  A64-GLU 37,  A65-LYS 42:       0.00119569 at      1.449 Ang (0.906 Ang by residue) in 3.2023 (sec).
 3-Body  A61-ASP 25,  A64-GLU 37,  A65-LYS 43:       0.00128539 at      1.449 Ang (0.906 Ang by residue) in 3.3293 (sec).
 3-Body  A61-ASP 25,  A64-GLU 37,  A65-LYS 44:       0.00315805 at      1.420 Ang (0.906 Ang by residue) in 3.4971 (sec).
 3-Body  A61-ASP 25,  A64-GLU 37,  A65-LYS 46:       0.00128121 at      1.449 Ang (0.906 Ang by residue) in 3.3920 (sec).
 3-Body  A61-ASP 25,  A64-GLU 37,  A65-LYS 47:       0.01122498 at      1.356 Ang (0.906 Ang by residue) in 3.3497 (sec).
 3-Body  A61-ASP 25,  A64-GLU 37,  A65-LYS 48:       0.00232566 at      1.430 Ang (0.906 Ang by residue) in 3.3358 (sec).
 3-Body  A61-ASP 25,  A64-GLU 37,  A65-LYS 49:       0.00303849 at      1.435 Ang (0.906 Ang by residue) in 3.4174 (sec).
 3-Body  A61-ASP 25,  A64-GLU 37,  A65-LYS 50:       0.00335540 at      1.449 Ang (0.906 Ang by residue) in 3.4809 (sec).
 3-Body  A61-ASP 25,  A64-GLU 37,  A65-LYS 51:       0.02003255 at      1.376 Ang (0.906 Ang by residue) in 3.4911 (sec).
 3-Body  A61-ASP 25,  A64-GLU 37,  A65-LYS 52:       0.00333146 at      1.438 Ang (0.906 Ang by residue) in 3.3275 (sec).
 3-Body  A61-ASP 25,  A64-GLU 37,  A65-LYS 53:       0.00255669 at      1.438 Ang (0.906 Ang by residue) in 3.3596 (sec).
 3-Body  A61-ASP 25,  A64-GLU 37,  A65-LYS 54:       0.01214421 at      1.437 Ang (0.906 Ang by residue) in 3.3268 (sec).
 3-Body  A61-ASP 25,  A64-GLU 37,  A65-LYS 55:       0.00127627 at      1.438 Ang (0.906 Ang by residue) in 3.3201 (sec).
 3-Body  A61-ASP 25,  A64-GLU 40,  A65-LYS 0 :       0.00104349 at      1.425 Ang (0.906 Ang by residue) in 3.4526 (sec).
 3-Body  A61-ASP 25,  A64-GLU 40,  A65-LYD 1 :      -0.00010651 at      1.425 Ang (0.906 Ang by residue) in 3.2199 (sec).
 3-Body  A61-ASP 25,  A64-GLU 40,  A65-LYD 8 :       0.00057076 at      1.444 Ang (0.906 Ang by residue) in 3.6371 (sec).
 3-Body  A61-ASP 25,  A64-GLU 40,  A65-LYD 9 :       0.00058512 at      1.444 Ang (0.906 Ang by residue) in 3.3841 (sec).
 3-Body  A61-ASP 25,  A64-GLU 40,  A65-LYD 10:       0.00060296 at      1.444 Ang (0.906 Ang by residue) in 3.3690 (sec).
 3-Body  A61-ASP 25,  A64-GLU 40,  A65-LYD 11:       0.00063168 at      1.444 Ang (0.906 Ang by residue) in 3.3373 (sec).
 3-Body  A61-ASP 25,  A64-GLU 40,  A65-LYD 12:       0.00054240 at      1.444 Ang (0.906 Ang by residue) in 3.2888 (sec).
 3-Body  A61-ASP 25,  A64-GLU 40,  A65-LYD 13:       0.00056223 at      1.444 Ang (0.906 Ang by residue) in 3.3071 (sec).
 3-Body  A61-ASP 25,  A64-GLU 40,  A65-LYD 15:       0.00064216 at      1.444 Ang (0.906 Ang by residue) in 3.4163 (sec).
 3-Body  A61-ASP 25,  A64-GLU 40,  A65-LYD 16:       0.00067505 at      1.444 Ang (0.906 Ang by residue) in 3.3841 (sec).
 3-Body  A61-ASP 25,  A64-GLU 40,  A65-LYD 19:       0.00054663 at      1.444 Ang (0.906 Ang by residue) in 3.1701 (sec).
 3-Body  A61-ASP 25,  A64-GLU 40,  A65-LYD 20:      -0.00567617 at      1.351 Ang (0.906 Ang by residue) in 3.4288 (sec).
 3-Body  A61-ASP 25,  A64-GLU 40,  A65-LYD 21:      -0.00010728 at      1.425 Ang (0.906 Ang by residue) in 3.5062 (sec).
 3-Body  A61-ASP 25,  A64-GLU 40,  A65-LYD 22:       0.00044187 at      1.430 Ang (0.906 Ang by residue) in 3.2947 (sec).
 3-Body  A61-ASP 25,  A64-GLU 40,  A65-LYD 23:       0.00125725 at      1.444 Ang (0.906 Ang by residue) in 3.1719 (sec).
 3-Body  A61-ASP 25,  A64-GLU 40,  A65-LYD 25:       0.00027700 at      1.433 Ang (0.906 Ang by residue) in 3.2448 (sec).
 3-Body  A61-ASP 25,  A64-GLU 40,  A65-LYD 26:       0.00058811 at      1.433 Ang (0.906 Ang by residue) in 3.2404 (sec).
 3-Body  A61-ASP 25,  A64-GLU 40,  A65-LYD 27:      -0.00105657 at      1.432 Ang (0.906 Ang by residue) in 3.3895 (sec).
 3-Body  A61-ASP 25,  A64-GLU 40,  A65-LYD 28:       0.00057237 at      1.433 Ang (0.906 Ang by residue) in 3.3981 (sec).
 3-Body  A61-ASP 25,  A64-GLU 40,  A65-LYS 30:       0.00205058 at      1.444 Ang (0.906 Ang by residue) in 3.3937 (sec).
 3-Body  A61-ASP 25,  A64-GLU 40,  A65-LYS 33:       0.00109162 at      1.444 Ang (0.906 Ang by residue) in 3.3414 (sec).
 3-Body  A61-ASP 25,  A64-GLU 40,  A65-LYS 35:       0.00074939 at      1.444 Ang (0.906 Ang by residue) in 3.3928 (sec).
 3-Body  A61-ASP 25,  A64-GLU 40,  A65-LYS 36:       0.00073282 at      1.444 Ang (0.906 Ang by residue) in 3.1744 (sec).
 3-Body  A61-ASP 25,  A64-GLU 40,  A65-LYS 37:       0.00082915 at      1.444 Ang (0.906 Ang by residue) in 3.4077 (sec).
 3-Body  A61-ASP 25,  A64-GLU 40,  A65-LYS 38:       0.00080611 at      1.444 Ang (0.906 Ang by residue) in 3.4831 (sec).
 3-Body  A61-ASP 25,  A64-GLU 40,  A65-LYS 39:       0.00070050 at      1.444 Ang (0.906 Ang by residue) in 3.4670 (sec).
 3-Body  A61-ASP 25,  A64-GLU 40,  A65-LYS 40:       0.00064840 at      1.444 Ang (0.906 Ang by residue) in 3.4104 (sec).
 3-Body  A61-ASP 25,  A64-GLU 40,  A65-LYS 42:       0.00095314 at      1.444 Ang (0.906 Ang by residue) in 3.2574 (sec).
 3-Body  A61-ASP 25,  A64-GLU 40,  A65-LYS 43:       0.00103136 at      1.444 Ang (0.906 Ang by residue) in 3.3527 (sec).
 3-Body  A61-ASP 25,  A64-GLU 40,  A65-LYS 44:       0.00167878 at      1.415 Ang (0.906 Ang by residue) in 3.2643 (sec).
 3-Body  A61-ASP 25,  A64-GLU 40,  A65-LYS 46:       0.00088420 at      1.444 Ang (0.906 Ang by residue) in 3.3460 (sec).
 3-Body  A61-ASP 25,  A64-GLU 40,  A65-LYS 47:       0.00458550 at      1.351 Ang (0.906 Ang by residue) in 3.4331 (sec).
 3-Body  A61-ASP 25,  A64-GLU 40,  A65-LYS 48:       0.00104254 at      1.425 Ang (0.906 Ang by residue) in 3.3856 (sec).
 3-Body  A61-ASP 25,  A64-GLU 40,  A65-LYS 49:       0.00166362 at      1.430 Ang (0.906 Ang by residue) in 3.3208 (sec).
 3-Body  A61-ASP 25,  A64-GLU 40,  A65-LYS 50:       0.00291191 at      1.444 Ang (0.906 Ang by residue) in 3.4684 (sec).
 3-Body  A61-ASP 25,  A64-GLU 40,  A65-LYS 51:       0.01743265 at      1.371 Ang (0.906 Ang by residue) in 3.1964 (sec).
 3-Body  A61-ASP 25,  A64-GLU 40,  A65-LYS 52:       0.00216420 at      1.433 Ang (0.906 Ang by residue) in 3.3752 (sec).
 3-Body  A61-ASP 25,  A64-GLU 40,  A65-LYS 53:       0.00145802 at      1.433 Ang (0.906 Ang by residue) in 3.4063 (sec).
 3-Body  A61-ASP 25,  A64-GLU 40,  A65-LYS 54:       0.00608834 at      1.432 Ang (0.906 Ang by residue) in 3.4407 (sec).
 3-Body  A61-ASP 25,  A64-GLU 40,  A65-LYS 55:       0.00089182 at      1.433 Ang (0.906 Ang by residue) in 3.2915 (sec).
 3-Body  A61-ASP 25,  A64-GLU 41,  A65-LYS 0 :       0.00235544 at      1.427 Ang (0.906 Ang by residue) in 3.2964 (sec).
 3-Body  A61-ASP 25,  A64-GLU 41,  A65-LYD 1 :       0.00113717 at      1.427 Ang (0.906 Ang by residue) in 3.3499 (sec).
 3-Body  A61-ASP 25,  A64-GLU 41,  A65-LYD 8 :       0.00062374 at      1.445 Ang (0.906 Ang by residue) in 3.3590 (sec).
 3-Body  A61-ASP 25,  A64-GLU 41,  A65-LYD 9 :       0.00063275 at      1.445 Ang (0.906 Ang by residue) in 3.4167 (sec).
 3-Body  A61-ASP 25,  A64-GLU 41,  A65-LYD 10:       0.00065300 at      1.445 Ang (0.906 Ang by residue) in 3.3118 (sec).
 3-Body  A61-ASP 25,  A64-GLU 41,  A65-LYD 11:       0.00067876 at      1.445 Ang (0.906 Ang by residue) in 3.1929 (sec).
 3-Body  A61-ASP 25,  A64-GLU 41,  A65-LYD 12:       0.00059540 at      1.445 Ang (0.906 Ang by residue) in 3.3709 (sec).
 3-Body  A61-ASP 25,  A64-GLU 41,  A65-LYD 13:       0.00060778 at      1.445 Ang (0.906 Ang by residue) in 3.2037 (sec).
 3-Body  A61-ASP 25,  A64-GLU 41,  A65-LYD 15:       0.00069690 at      1.445 Ang (0.906 Ang by residue) in 3.3211 (sec).
 3-Body  A61-ASP 25,  A64-GLU 41,  A65-LYD 16:       0.00072994 at      1.445 Ang (0.906 Ang by residue) in 3.2543 (sec).
 3-Body  A61-ASP 25,  A64-GLU 41,  A65-LYD 19:       0.00087319 at      1.445 Ang (0.906 Ang by residue) in 3.3152 (sec).
 3-Body  A61-ASP 25,  A64-GLU 41,  A65-LYD 20:      -0.00189329 at      1.352 Ang (0.906 Ang by residue) in 3.3849 (sec).
 3-Body  A61-ASP 25,  A64-GLU 41,  A65-LYD 21:       0.00113690 at      1.427 Ang (0.906 Ang by residue) in 3.2833 (sec).
 3-Body  A61-ASP 25,  A64-GLU 41,  A65-LYD 22:       0.00152229 at      1.432 Ang (0.906 Ang by residue) in 3.2707 (sec).
 3-Body  A61-ASP 25,  A64-GLU 41,  A65-LYD 23:       0.00179941 at      1.445 Ang (0.906 Ang by residue) in 3.2556 (sec).
 3-Body  A61-ASP 25,  A64-GLU 41,  A65-LYD 25:       0.00097500 at      1.434 Ang (0.906 Ang by residue) in 3.2909 (sec).
 3-Body  A61-ASP 25,  A64-GLU 41,  A65-LYD 26:       0.00119236 at      1.434 Ang (0.906 Ang by residue) in 3.3885 (sec).
 3-Body  A61-ASP 25,  A64-GLU 41,  A65-LYD 27:       0.00163595 at      1.433 Ang (0.906 Ang by residue) in 3.2923 (sec).
 3-Body  A61-ASP 25,  A64-GLU 41,  A65-LYD 28:       0.00085820 at      1.434 Ang (0.906 Ang by residue) in 3.4926 (sec).
 3-Body  A61-ASP 25,  A64-GLU 41,  A65-LYS 30:       0.00243511 at      1.445 Ang (0.906 Ang by residue) in 3.4053 (sec).
 3-Body  A61-ASP 25,  A64-GLU 41,  A65-LYS 33:       0.00122855 at      1.445 Ang (0.906 Ang by residue) in 3.4852 (sec).
 3-Body  A61-ASP 25,  A64-GLU 41,  A65-LYS 35:       0.00080588 at      1.445 Ang (0.906 Ang by residue) in 3.2224 (sec).
 3-Body  A61-ASP 25,  A64-GLU 41,  A65-LYS 36:       0.00080107 at      1.445 Ang (0.906 Ang by residue) in 3.4196 (sec).
 3-Body  A61-ASP 25,  A64-GLU 41,  A65-LYS 37:       0.00089743 at      1.445 Ang (0.906 Ang by residue) in 3.5664 (sec).
 3-Body  A61-ASP 25,  A64-GLU 41,  A65-LYS 38:       0.00088675 at      1.445 Ang (0.906 Ang by residue) in 3.3175 (sec).
 3-Body  A61-ASP 25,  A64-GLU 41,  A65-LYS 39:       0.00077013 at      1.445 Ang (0.906 Ang by residue) in 3.2900 (sec).
 3-Body  A61-ASP 25,  A64-GLU 41,  A65-LYS 40:       0.00073339 at      1.445 Ang (0.906 Ang by residue) in 3.4058 (sec).
 3-Body  A61-ASP 25,  A64-GLU 41,  A65-LYS 42:       0.00102047 at      1.445 Ang (0.906 Ang by residue) in 3.4243 (sec).
 3-Body  A61-ASP 25,  A64-GLU 41,  A65-LYS 43:       0.00106573 at      1.445 Ang (0.906 Ang by residue) in 3.2932 (sec).
 3-Body  A61-ASP 25,  A64-GLU 41,  A65-LYS 44:       0.00317931 at      1.416 Ang (0.906 Ang by residue) in 3.4692 (sec).
 3-Body  A61-ASP 25,  A64-GLU 41,  A65-LYS 46:       0.00120561 at      1.445 Ang (0.906 Ang by residue) in 3.4879 (sec).
 3-Body  A61-ASP 25,  A64-GLU 41,  A65-LYS 47:       0.01068802 at      1.352 Ang (0.906 Ang by residue) in 3.3474 (sec).
 3-Body  A61-ASP 25,  A64-GLU 41,  A65-LYS 48:       0.00235537 at      1.427 Ang (0.906 Ang by residue) in 3.2518 (sec).
 3-Body  A61-ASP 25,  A64-GLU 41,  A65-LYS 49:       0.00269697 at      1.432 Ang (0.906 Ang by residue) in 3.3983 (sec).
 3-Body  A61-ASP 25,  A64-GLU 41,  A65-LYS 50:       0.00329265 at      1.445 Ang (0.906 Ang by residue) in 3.4106 (sec).
 3-Body  A61-ASP 25,  A64-GLU 41,  A65-LYS 51:       0.01987482 at      1.373 Ang (0.906 Ang by residue) in 3.3350 (sec).
 3-Body  A61-ASP 25,  A64-GLU 41,  A65-LYS 52:       0.00259822 at      1.434 Ang (0.906 Ang by residue) in 3.3598 (sec).
 3-Body  A61-ASP 25,  A64-GLU 41,  A65-LYS 53:       0.00183545 at      1.434 Ang (0.906 Ang by residue) in 3.3048 (sec).
 3-Body  A61-ASP 25,  A64-GLU 41,  A65-LYS 54:       0.00768049 at      1.433 Ang (0.906 Ang by residue) in 3.2254 (sec).
 3-Body  A61-ASP 25,  A64-GLU 41,  A65-LYS 55:       0.00110652 at      1.434 Ang (0.906 Ang by residue) in 3.2592 (sec).
 3-Body  A61-ASP 25,  A62-GLU 0 ,  A64-GLU 0 :       0.00161564 at      1.568 Ang (1.755 Ang by residue) in 3.3562 (sec).
 3-Body  A61-ASP 25,  A62-GLU 0 ,  A64-GLU 36:       0.00161616 at      1.568 Ang (1.755 Ang by residue) in 3.4607 (sec).
 3-Body  A61-ASP 25,  A62-GLU 0 ,  A64-GLU 37:       0.00171680 at      1.568 Ang (1.755 Ang by residue) in 3.4676 (sec).
 3-Body  A61-ASP 25,  A62-GLU 0 ,  A64-GLU 40:       0.00174481 at      1.564 Ang (1.755 Ang by residue) in 3.2458 (sec).
 3-Body  A61-ASP 25,  A62-GLU 0 ,  A64-GLU 41:       0.00161959 at      1.565 Ang (1.755 Ang by residue) in 3.2388 (sec).
 3-Body  A61-ASP 25,  A62-GLU 0 ,  A65-LYS 0 :       0.00403670 at      1.422 Ang (0.771 Ang by residue) in 3.2525 (sec).
 3-Body  A61-ASP 25,  A62-GLU 0 ,  A65-LYD 1 :       0.00101657 at      1.422 Ang (0.771 Ang by residue) in 3.0667 (sec).
 3-Body  A61-ASP 25,  A62-GLU 0 ,  A65-LYD 8 :       0.00060723 at      1.451 Ang (0.771 Ang by residue) in 3.3054 (sec).
 3-Body  A61-ASP 25,  A62-GLU 0 ,  A65-LYD 9 :       0.00060426 at      1.451 Ang (0.771 Ang by residue) in 3.3803 (sec).
 3-Body  A61-ASP 25,  A62-GLU 0 ,  A65-LYD 10:       0.00071394 at      1.451 Ang (0.771 Ang by residue) in 3.2137 (sec).
 3-Body  A61-ASP 25,  A62-GLU 0 ,  A65-LYD 11:       0.00078400 at      1.451 Ang (0.771 Ang by residue) in 3.2695 (sec).
 3-Body  A61-ASP 25,  A62-GLU 0 ,  A65-LYD 12:       0.00054944 at      1.451 Ang (0.771 Ang by residue) in 3.4372 (sec).
 3-Body  A61-ASP 25,  A62-GLU 0 ,  A65-LYD 13:       0.00054202 at      1.451 Ang (0.771 Ang by residue) in 3.5359 (sec).
 3-Body  A61-ASP 25,  A62-GLU 0 ,  A65-LYD 15:       0.00071771 at      1.451 Ang (0.771 Ang by residue) in 3.3996 (sec).
 3-Body  A61-ASP 25,  A62-GLU 0 ,  A65-LYD 16:       0.00083125 at      1.451 Ang (0.771 Ang by residue) in 3.4665 (sec).
 3-Body  A61-ASP 25,  A62-GLU 0 ,  A65-LYD 19:       0.00122906 at      1.441 Ang (0.771 Ang by residue) in 3.4155 (sec).
 3-Body  A61-ASP 25,  A62-GLU 0 ,  A65-LYD 20:       0.00134671 at      1.348 Ang (0.771 Ang by residue) in 3.2919 (sec).
 3-Body  A61-ASP 25,  A62-GLU 0 ,  A65-LYD 21:       0.00101660 at      1.422 Ang (0.771 Ang by residue) in 3.4129 (sec).
 3-Body  A61-ASP 25,  A62-GLU 0 ,  A65-LYD 22:       0.00162627 at      1.427 Ang (0.771 Ang by residue) in 3.2909 (sec).
 3-Body  A61-ASP 25,  A62-GLU 0 ,  A65-LYD 23:      -0.00051612 at      1.372 Ang (0.771 Ang by residue) in 3.3079 (sec).
 3-Body  A61-ASP 25,  A62-GLU 0 ,  A65-LYD 25:       0.00167981 at      1.438 Ang (0.771 Ang by residue) in 3.3585 (sec).
 3-Body  A61-ASP 25,  A62-GLU 0 ,  A65-LYD 26:       0.00192849 at      1.438 Ang (0.771 Ang by residue) in 3.4361 (sec).
 3-Body  A61-ASP 25,  A62-GLU 0 ,  A65-LYD 27:       0.00514976 at      1.436 Ang (0.771 Ang by residue) in 3.3911 (sec).
 3-Body  A61-ASP 25,  A62-GLU 0 ,  A65-LYD 28:       0.00133390 at      1.438 Ang (0.771 Ang by residue) in 3.3798 (sec).
 3-Body  A61-ASP 25,  A62-GLU 0 ,  A65-LYS 30:       0.00385350 at      1.417 Ang (0.771 Ang by residue) in 3.4051 (sec).
 3-Body  A61-ASP 25,  A62-GLU 0 ,  A65-LYS 33:       0.00246862 at      1.331 Ang (0.771 Ang by residue) in 3.3110 (sec).
 3-Body  A61-ASP 25,  A62-GLU 0 ,  A65-LYS 35:       0.00072803 at      1.451 Ang (0.771 Ang by residue) in 3.2952 (sec).
 3-Body  A61-ASP 25,  A62-GLU 0 ,  A65-LYS 36:       0.00080219 at      1.451 Ang (0.771 Ang by residue) in 3.4959 (sec).
 3-Body  A61-ASP 25,  A62-GLU 0 ,  A65-LYS 37:       0.00124386 at      1.451 Ang (0.771 Ang by residue) in 3.4062 (sec).
 3-Body  A61-ASP 25,  A62-GLU 0 ,  A65-LYS 38:       0.00138793 at      1.451 Ang (0.771 Ang by residue) in 3.3238 (sec).
 3-Body  A61-ASP 25,  A62-GLU 0 ,  A65-LYS 39:       0.00082783 at      1.451 Ang (0.771 Ang by residue) in 3.2853 (sec).
 3-Body  A61-ASP 25,  A62-GLU 0 ,  A65-LYS 40:       0.00083737 at      1.451 Ang (0.771 Ang by residue) in 3.3922 (sec).
 3-Body  A61-ASP 25,  A62-GLU 0 ,  A65-LYS 42:       0.00162923 at      1.451 Ang (0.771 Ang by residue) in 3.4236 (sec).
 3-Body  A61-ASP 25,  A62-GLU 0 ,  A65-LYS 43:       0.00153202 at      1.451 Ang (0.771 Ang by residue) in 3.5630 (sec).
 3-Body  A61-ASP 25,  A62-GLU 0 ,  A65-LYS 44:       0.00875124 at      1.390 Ang (0.771 Ang by residue) in 3.2908 (sec).
 3-Body  A61-ASP 25,  A62-GLU 0 ,  A65-LYS 46:       0.00237510 at      1.441 Ang (0.771 Ang by residue) in 3.5338 (sec).
 3-Body  A61-ASP 25,  A62-GLU 0 ,  A65-LYS 47:       0.01607583 at      1.348 Ang (0.771 Ang by residue) in 3.1067 (sec).
 3-Body  A61-ASP 25,  A62-GLU 0 ,  A65-LYS 48:       0.00403680 at      1.422 Ang (0.771 Ang by residue) in 3.4035 (sec).
 3-Body  A61-ASP 25,  A62-GLU 0 ,  A65-LYS 49:       0.00396682 at      1.427 Ang (0.771 Ang by residue) in 3.3668 (sec).
 3-Body  A61-ASP 25,  A62-GLU 0 ,  A65-LYS 50:       0.00863621 at      1.372 Ang (0.771 Ang by residue) in 3.4458 (sec).
 3-Body  A61-ASP 25,  A62-GLU 0 ,  A65-LYS 51:       0.03066481 at      1.274 Ang (0.771 Ang by residue) in 3.3757 (sec).
 3-Body  A61-ASP 25,  A62-GLU 0 ,  A65-LYS 52:       0.00487292 at      1.438 Ang (0.771 Ang by residue) in 3.2821 (sec).
 3-Body  A61-ASP 25,  A62-GLU 0 ,  A65-LYS 53:       0.00327393 at      1.438 Ang (0.771 Ang by residue) in 3.5167 (sec).
 3-Body  A61-ASP 25,  A62-GLU 0 ,  A65-LYS 54:       0.01237562 at      1.436 Ang (0.771 Ang by residue) in 3.4146 (sec).
 3-Body  A61-ASP 25,  A62-GLU 0 ,  A65-LYS 55:       0.00182529 at      1.438 Ang (0.771 Ang by residue) in 3.2811 (sec).
 3-Body  A61-ASP 25,  A62-GLU 40,  A64-GLU 0 :       0.00158859 at      1.568 Ang (1.755 Ang by residue) in 3.5419 (sec).
 3-Body  A61-ASP 25,  A62-GLU 40,  A64-GLU 36:       0.00158912 at      1.568 Ang (1.755 Ang by residue) in 3.2935 (sec).
 3-Body  A61-ASP 25,  A62-GLU 40,  A64-GLU 37:       0.00168621 at      1.568 Ang (1.755 Ang by residue) in 3.2462 (sec).
 3-Body  A61-ASP 25,  A62-GLU 40,  A64-GLU 40:       0.00170656 at      1.564 Ang (1.755 Ang by residue) in 3.4162 (sec).
 3-Body  A61-ASP 25,  A62-GLU 40,  A64-GLU 41:       0.00158496 at      1.565 Ang (1.755 Ang by residue) in 3.2839 (sec).
 3-Body  A61-ASP 25,  A62-GLU 40,  A65-LYS 0 :       0.00376781 at      1.422 Ang (0.771 Ang by residue) in 3.4983 (sec).
 3-Body  A61-ASP 25,  A62-GLU 40,  A65-LYD 1 :       0.00075359 at      1.422 Ang (0.771 Ang by residue) in 3.2730 (sec).
 3-Body  A61-ASP 25,  A62-GLU 40,  A65-LYD 8 :       0.00057553 at      1.451 Ang (0.771 Ang by residue) in 3.5129 (sec).
 3-Body  A61-ASP 25,  A62-GLU 40,  A65-LYD 9 :       0.00057079 at      1.451 Ang (0.771 Ang by residue) in 3.3257 (sec).
 3-Body  A61-ASP 25,  A62-GLU 40,  A65-LYD 10:       0.00069015 at      1.451 Ang (0.771 Ang by residue) in 3.4380 (sec).
 3-Body  A61-ASP 25,  A62-GLU 40,  A65-LYD 11:       0.00077094 at      1.451 Ang (0.771 Ang by residue) in 3.3995 (sec).
 3-Body  A61-ASP 25,  A62-GLU 40,  A65-LYD 12:       0.00051720 at      1.451 Ang (0.771 Ang by residue) in 3.2458 (sec).
 3-Body  A61-ASP 25,  A62-GLU 40,  A65-LYD 13:       0.00050859 at      1.451 Ang (0.771 Ang by residue) in 3.2561 (sec).
 3-Body  A61-ASP 25,  A62-GLU 40,  A65-LYD 15:       0.00067367 at      1.451 Ang (0.771 Ang by residue) in 3.3833 (sec).
 3-Body  A61-ASP 25,  A62-GLU 40,  A65-LYD 16:       0.00079348 at      1.451 Ang (0.771 Ang by residue) in 3.3634 (sec).
 3-Body  A61-ASP 25,  A62-GLU 40,  A65-LYD 19:       0.00103095 at      1.441 Ang (0.771 Ang by residue) in 3.4654 (sec).
 3-Body  A61-ASP 25,  A62-GLU 40,  A65-LYD 20:      -0.00021356 at      1.348 Ang (0.771 Ang by residue) in 3.4156 (sec).
 3-Body  A61-ASP 25,  A62-GLU 40,  A65-LYD 21:       0.00075333 at      1.422 Ang (0.771 Ang by residue) in 3.4154 (sec).
 3-Body  A61-ASP 25,  A62-GLU 40,  A65-LYD 22:       0.00132694 at      1.427 Ang (0.771 Ang by residue) in 3.2890 (sec).
 3-Body  A61-ASP 25,  A62-GLU 40,  A65-LYD 23:      -0.00118705 at      1.372 Ang (0.771 Ang by residue) in 3.1921 (sec).
 3-Body  A61-ASP 25,  A62-GLU 40,  A65-LYD 25:       0.00134240 at      1.438 Ang (0.771 Ang by residue) in 3.2260 (sec).
 3-Body  A61-ASP 25,  A62-GLU 40,  A65-LYD 26:       0.00165270 at      1.438 Ang (0.771 Ang by residue) in 3.2715 (sec).
 3-Body  A61-ASP 25,  A62-GLU 40,  A65-LYD 27:       0.00444555 at      1.436 Ang (0.771 Ang by residue) in 3.2137 (sec).
 3-Body  A61-ASP 25,  A62-GLU 40,  A65-LYD 28:       0.00115253 at      1.438 Ang (0.771 Ang by residue) in 3.4036 (sec).
 3-Body  A61-ASP 25,  A62-GLU 40,  A65-LYS 30:       0.00373059 at      1.417 Ang (0.771 Ang by residue) in 3.3067 (sec).
 3-Body  A61-ASP 25,  A62-GLU 40,  A65-LYS 33:       0.00252977 at      1.331 Ang (0.771 Ang by residue) in 3.2773 (sec).
 3-Body  A61-ASP 25,  A62-GLU 40,  A65-LYS 35:       0.00070660 at      1.451 Ang (0.771 Ang by residue) in 3.3161 (sec).
 3-Body  A61-ASP 25,  A62-GLU 40,  A65-LYS 36:       0.00078756 at      1.451 Ang (0.771 Ang by residue) in 3.4033 (sec).
 3-Body  A61-ASP 25,  A62-GLU 40,  A65-LYS 37:       0.00124960 at      1.451 Ang (0.771 Ang by residue) in 3.4817 (sec).
 3-Body  A61-ASP 25,  A62-GLU 40,  A65-LYS 38:       0.00143002 at      1.451 Ang (0.771 Ang by residue) in 3.3510 (sec).
 3-Body  A61-ASP 25,  A62-GLU 40,  A65-LYS 39:       0.00081595 at      1.451 Ang (0.771 Ang by residue) in 3.3973 (sec).
 3-Body  A61-ASP 25,  A62-GLU 40,  A65-LYS 40:       0.00083193 at      1.451 Ang (0.771 Ang by residue) in 3.2821 (sec).
 3-Body  A61-ASP 25,  A62-GLU 40,  A65-LYS 42:       0.00164794 at      1.451 Ang (0.771 Ang by residue) in 3.5392 (sec).
 3-Body  A61-ASP 25,  A62-GLU 40,  A65-LYS 43:       0.00153151 at      1.451 Ang (0.771 Ang by residue) in 3.3377 (sec).
 3-Body  A61-ASP 25,  A62-GLU 40,  A65-LYS 44:       0.00786760 at      1.390 Ang (0.771 Ang by residue) in 3.2795 (sec).
 3-Body  A61-ASP 25,  A62-GLU 40,  A65-LYS 46:       0.00224475 at      1.441 Ang (0.771 Ang by residue) in 3.3899 (sec).
 3-Body  A61-ASP 25,  A62-GLU 40,  A65-LYS 47:       0.01364351 at      1.348 Ang (0.771 Ang by residue) in 3.2296 (sec).
 3-Body  A61-ASP 25,  A62-GLU 40,  A65-LYS 48:       0.00376747 at      1.422 Ang (0.771 Ang by residue) in 3.3617 (sec).
 3-Body  A61-ASP 25,  A62-GLU 40,  A65-LYS 49:       0.00364977 at      1.427 Ang (0.771 Ang by residue) in 3.1738 (sec).
 3-Body  A61-ASP 25,  A62-GLU 40,  A65-LYS 50:       0.00808003 at      1.372 Ang (0.771 Ang by residue) in 3.2162 (sec).
 3-Body  A61-ASP 25,  A62-GLU 40,  A65-LYS 51:       0.02531424 at      1.274 Ang (0.771 Ang by residue) in 3.1702 (sec).
 3-Body  A61-ASP 25,  A62-GLU 40,  A65-LYS 52:       0.00463549 at      1.438 Ang (0.771 Ang by residue) in 3.3080 (sec).
 3-Body  A61-ASP 25,  A62-GLU 40,  A65-LYS 53:       0.00303411 at      1.438 Ang (0.771 Ang by residue) in 3.1557 (sec).
 3-Body  A61-ASP 25,  A62-GLU 40,  A65-LYS 54:       0.01173369 at      1.436 Ang (0.771 Ang by residue) in 3.4009 (sec).
 3-Body  A61-ASP 25,  A62-GLU 40,  A65-LYS 55:       0.00166170 at      1.438 Ang (0.771 Ang by residue) in 3.3163 (sec).
 3-Body  A61-ASP 25,  A62-GLU 41,  A64-GLU 0 :       0.00181690 at      1.568 Ang (1.755 Ang by residue) in 3.4802 (sec).
 3-Body  A61-ASP 25,  A62-GLU 41,  A64-GLU 36:       0.00181758 at      1.568 Ang (1.755 Ang by residue) in 3.3027 (sec).
 3-Body  A61-ASP 25,  A62-GLU 41,  A64-GLU 37:       0.00193818 at      1.568 Ang (1.755 Ang by residue) in 3.3981 (sec).
 3-Body  A61-ASP 25,  A62-GLU 41,  A64-GLU 40:       0.00189276 at      1.564 Ang (1.755 Ang by residue) in 3.4017 (sec).
 3-Body  A61-ASP 25,  A62-GLU 41,  A64-GLU 41:       0.00176926 at      1.565 Ang (1.755 Ang by residue) in 3.4520 (sec).
 3-Body  A61-ASP 25,  A62-GLU 41,  A65-LYS 0 :      -0.01497107 at      1.422 Ang (0.771 Ang by residue) in 3.3210 (sec).
 3-Body  A61-ASP 25,  A62-GLU 41,  A65-LYD 1 :      -0.00615926 at      1.422 Ang (0.771 Ang by residue) in 3.1877 (sec).
 3-Body  A61-ASP 25,  A62-GLU 41,  A65-LYD 8 :       0.00017021 at      1.451 Ang (0.771 Ang by residue) in 3.3200 (sec).
 3-Body  A61-ASP 25,  A62-GLU 41,  A65-LYD 9 :       0.00014173 at      1.451 Ang (0.771 Ang by residue) in 3.4767 (sec).
 3-Body  A61-ASP 25,  A62-GLU 41,  A65-LYD 10:      -0.00031737 at      1.451 Ang (0.771 Ang by residue) in 3.3478 (sec).
 3-Body  A61-ASP 25,  A62-GLU 41,  A65-LYD 11:      -0.00038950 at      1.451 Ang (0.771 Ang by residue) in 3.3651 (sec).
 3-Body  A61-ASP 25,  A62-GLU 41,  A65-LYD 12:      -0.00016055 at      1.451 Ang (0.771 Ang by residue) in 3.2013 (sec).
 3-Body  A61-ASP 25,  A62-GLU 41,  A65-LYD 13:      -0.00023040 at      1.451 Ang (0.771 Ang by residue) in 3.2628 (sec).
 3-Body  A61-ASP 25,  A62-GLU 41,  A65-LYD 15:      -0.00035339 at      1.451 Ang (0.771 Ang by residue) in 3.3296 (sec).
 3-Body  A61-ASP 25,  A62-GLU 41,  A65-LYD 16:       0.00024813 at      1.451 Ang (0.771 Ang by residue) in 3.3231 (sec).
 3-Body  A61-ASP 25,  A62-GLU 41,  A65-LYD 19:      -0.00130432 at      1.441 Ang (0.771 Ang by residue) in 3.2742 (sec).
 3-Body  A61-ASP 25,  A62-GLU 41,  A65-LYD 20:      -0.04469273 at      1.348 Ang (0.771 Ang by residue) in 3.3125 (sec).
 3-Body  A61-ASP 25,  A62-GLU 41,  A65-LYD 21:      -0.00615518 at      1.422 Ang (0.771 Ang by residue) in 3.3971 (sec).
 3-Body  A61-ASP 25,  A62-GLU 41,  A65-LYD 22:      -0.00235785 at      1.427 Ang (0.771 Ang by residue) in 3.3042 (sec).
 3-Body  A61-ASP 25,  A62-GLU 41,  A65-LYD 23:      -0.04265518 at      1.235 Ang (0.771 Ang by residue) in 3.4830 (sec).
 3-Body  A61-ASP 25,  A62-GLU 41,  A65-LYD 25:      -0.00094618 at      1.438 Ang (0.771 Ang by residue) in 3.2297 (sec).
 3-Body  A61-ASP 25,  A62-GLU 41,  A65-LYD 26:      -0.00012030 at      1.438 Ang (0.771 Ang by residue) in 3.2651 (sec).
 3-Body  A61-ASP 25,  A62-GLU 41,  A65-LYD 27:       0.00404412 at      1.436 Ang (0.771 Ang by residue) in 3.3870 (sec).
 3-Body  A61-ASP 25,  A62-GLU 41,  A65-LYD 28:      -0.00056965 at      1.438 Ang (0.771 Ang by residue) in 3.3347 (sec).
 3-Body  A61-ASP 25,  A62-GLU 41,  A65-LYS 30:       0.00198069 at      1.417 Ang (0.771 Ang by residue) in 3.4707 (sec).
 3-Body  A61-ASP 25,  A62-GLU 41,  A65-LYS 33:      -0.00230875 at      1.313 Ang (0.771 Ang by residue) in 3.4711 (sec).
 3-Body  A61-ASP 25,  A62-GLU 41,  A65-LYS 35:       0.00072865 at      1.451 Ang (0.771 Ang by residue) in 3.3741 (sec).
 3-Body  A61-ASP 25,  A62-GLU 41,  A65-LYS 36:       0.00098349 at      1.451 Ang (0.771 Ang by residue) in 3.4839 (sec).
 3-Body  A61-ASP 25,  A62-GLU 41,  A65-LYS 37:       0.00266380 at      1.451 Ang (0.771 Ang by residue) in 3.4662 (sec).
 3-Body  A61-ASP 25,  A62-GLU 41,  A65-LYS 38:       0.00415545 at      1.451 Ang (0.771 Ang by residue) in 3.5844 (sec).
 3-Body  A61-ASP 25,  A62-GLU 41,  A65-LYS 39:       0.00103664 at      1.451 Ang (0.771 Ang by residue) in 3.2433 (sec).
 3-Body  A61-ASP 25,  A62-GLU 41,  A65-LYS 40:       0.00129614 at      1.451 Ang (0.771 Ang by residue) in 3.3369 (sec).
 3-Body  A61-ASP 25,  A62-GLU 41,  A65-LYS 42:       0.00368465 at      1.451 Ang (0.771 Ang by residue) in 3.1296 (sec).
 3-Body  A61-ASP 25,  A62-GLU 41,  A65-LYS 43:       0.00268857 at      1.451 Ang (0.771 Ang by residue) in 3.2994 (sec).
 3-Body  A61-ASP 25,  A62-GLU 41,  A65-LYS 44:       0.00564894 at      1.390 Ang (0.771 Ang by residue) in 3.2225 (sec).
 3-Body  A61-ASP 25,  A62-GLU 41,  A65-LYS 46:       0.00236211 at      1.441 Ang (0.771 Ang by residue) in 3.2691 (sec).
 3-Body  A61-ASP 25,  A62-GLU 41,  A65-LYS 47:      -0.04873847 at      1.348 Ang (0.771 Ang by residue) in 3.2493 (sec).
 3-Body  A61-ASP 25,  A62-GLU 41,  A65-LYS 48:      -0.01498290 at      1.422 Ang (0.771 Ang by residue) in 3.4562 (sec).
 3-Body  A61-ASP 25,  A62-GLU 41,  A65-LYS 49:      -0.00159681 at      1.427 Ang (0.771 Ang by residue) in 3.2159 (sec).
 3-Body  A61-ASP 25,  A62-GLU 41,  A65-LYS 50:      -0.05562967 at      1.235 Ang (0.771 Ang by residue) in 3.3907 (sec).
 3-Body  A61-ASP 25,  A62-GLU 41,  A65-LYS 51:      -0.29016747 at      1.274 Ang (0.771 Ang by residue) in 3.3271 (sec).
 3-Body  A61-ASP 25,  A62-GLU 41,  A65-LYS 52:       0.00477821 at      1.438 Ang (0.771 Ang by residue) in 3.3884 (sec).
 3-Body  A61-ASP 25,  A62-GLU 41,  A65-LYS 53:       0.00297432 at      1.438 Ang (0.771 Ang by residue) in 3.4159 (sec).
 3-Body  A61-ASP 25,  A62-GLU 41,  A65-LYS 54:       0.01765335 at      1.436 Ang (0.771 Ang by residue) in 3.2119 (sec).
 3-Body  A61-ASP 25,  A62-GLU 41,  A65-LYS 55:       0.00098696 at      1.438 Ang (0.771 Ang by residue) in 3.2706 (sec).
 3-Body  A61-ASP 26,  A64-GLU 0 ,  A65-LYS 0 :       0.00100302 at      1.449 Ang (0.906 Ang by residue) in 3.3026 (sec).
 3-Body  A61-ASP 26,  A64-GLU 0 ,  A65-LYD 1 :       0.00077691 at      1.449 Ang (0.906 Ang by residue) in 3.3178 (sec).
 3-Body  A61-ASP 26,  A64-GLU 0 ,  A65-LYD 8 :       0.00039755 at      1.449 Ang (0.906 Ang by residue) in 3.3867 (sec).
 3-Body  A61-ASP 26,  A64-GLU 0 ,  A65-LYD 9 :       0.00039717 at      1.449 Ang (0.906 Ang by residue) in 3.2696 (sec).
 3-Body  A61-ASP 26,  A64-GLU 0 ,  A65-LYD 10:       0.00039927 at      1.449 Ang (0.906 Ang by residue) in 3.2597 (sec).
 3-Body  A61-ASP 26,  A64-GLU 0 ,  A65-LYD 11:       0.00040319 at      1.449 Ang (0.906 Ang by residue) in 3.1330 (sec).
 3-Body  A61-ASP 26,  A64-GLU 0 ,  A65-LYD 12:       0.00037783 at      1.449 Ang (0.906 Ang by residue) in 3.4054 (sec).
 3-Body  A61-ASP 26,  A64-GLU 0 ,  A65-LYD 13:       0.00037864 at      1.449 Ang (0.906 Ang by residue) in 3.3524 (sec).
 3-Body  A61-ASP 26,  A64-GLU 0 ,  A65-LYD 15:       0.00041183 at      1.449 Ang (0.906 Ang by residue) in 3.3858 (sec).
 3-Body  A61-ASP 26,  A64-GLU 0 ,  A65-LYD 16:       0.00041870 at      1.449 Ang (0.906 Ang by residue) in 3.2527 (sec).
 3-Body  A61-ASP 26,  A64-GLU 0 ,  A65-LYD 19:       0.00062554 at      1.449 Ang (0.906 Ang by residue) in 3.3540 (sec).
 3-Body  A61-ASP 26,  A64-GLU 0 ,  A65-LYD 20:       0.00063489 at      1.449 Ang (0.906 Ang by residue) in 3.1949 (sec).
 3-Body  A61-ASP 26,  A64-GLU 0 ,  A65-LYD 21:       0.00077671 at      1.449 Ang (0.906 Ang by residue) in 3.1969 (sec).
 3-Body  A61-ASP 26,  A64-GLU 0 ,  A65-LYD 22:       0.00082081 at      1.449 Ang (0.906 Ang by residue) in 3.2551 (sec).
 3-Body  A61-ASP 26,  A64-GLU 0 ,  A65-LYD 23:       0.00096698 at      1.449 Ang (0.906 Ang by residue) in 3.3964 (sec).
 3-Body  A61-ASP 26,  A64-GLU 0 ,  A65-LYD 25:       0.00076814 at      1.438 Ang (0.906 Ang by residue) in 3.3984 (sec).
 3-Body  A61-ASP 26,  A64-GLU 0 ,  A65-LYD 26:       0.00079875 at      1.438 Ang (0.906 Ang by residue) in 3.3983 (sec).
 3-Body  A61-ASP 26,  A64-GLU 0 ,  A65-LYD 27:       0.00105005 at      1.438 Ang (0.906 Ang by residue) in 3.2277 (sec).
 3-Body  A61-ASP 26,  A64-GLU 0 ,  A65-LYD 28:       0.00064923 at      1.438 Ang (0.906 Ang by residue) in 3.4658 (sec).
 3-Body  A61-ASP 26,  A64-GLU 0 ,  A65-LYS 30:       0.00089772 at      1.449 Ang (0.906 Ang by residue) in 3.4438 (sec).
 3-Body  A61-ASP 26,  A64-GLU 0 ,  A65-LYS 33:       0.00065383 at      1.449 Ang (0.906 Ang by residue) in 3.2509 (sec).
 3-Body  A61-ASP 26,  A64-GLU 0 ,  A65-LYS 35:       0.00042953 at      1.449 Ang (0.906 Ang by residue) in 3.3807 (sec).
 3-Body  A61-ASP 26,  A64-GLU 0 ,  A65-LYS 36:       0.00042480 at      1.449 Ang (0.906 Ang by residue) in 3.2508 (sec).
 3-Body  A61-ASP 26,  A64-GLU 0 ,  A65-LYS 37:       0.00043614 at      1.449 Ang (0.906 Ang by residue) in 3.3261 (sec).
 3-Body  A61-ASP 26,  A64-GLU 0 ,  A65-LYS 38:       0.00043697 at      1.449 Ang (0.906 Ang by residue) in 3.3793 (sec).
 3-Body  A61-ASP 26,  A64-GLU 0 ,  A65-LYS 39:       0.00040275 at      1.449 Ang (0.906 Ang by residue) in 3.3873 (sec).
 3-Body  A61-ASP 26,  A64-GLU 0 ,  A65-LYS 40:       0.00039354 at      1.449 Ang (0.906 Ang by residue) in 3.3025 (sec).
 3-Body  A61-ASP 26,  A64-GLU 0 ,  A65-LYS 42:       0.00047035 at      1.449 Ang (0.906 Ang by residue) in 3.2101 (sec).
 3-Body  A61-ASP 26,  A64-GLU 0 ,  A65-LYS 43:       0.00048821 at      1.449 Ang (0.906 Ang by residue) in 3.2809 (sec).
 3-Body  A61-ASP 26,  A64-GLU 0 ,  A65-LYS 44:       0.00195818 at      1.420 Ang (0.906 Ang by residue) in 3.3989 (sec).
 3-Body  A61-ASP 26,  A64-GLU 0 ,  A65-LYS 46:       0.00068693 at      1.449 Ang (0.906 Ang by residue) in 3.3808 (sec).
 3-Body  A61-ASP 26,  A64-GLU 0 ,  A65-LYS 47:       0.00294123 at      1.449 Ang (0.906 Ang by residue) in 3.2939 (sec).
 3-Body  A61-ASP 26,  A64-GLU 0 ,  A65-LYS 48:       0.00100283 at      1.449 Ang (0.906 Ang by residue) in 3.4047 (sec).
 3-Body  A61-ASP 26,  A64-GLU 0 ,  A65-LYS 49:       0.00107726 at      1.449 Ang (0.906 Ang by residue) in 3.2967 (sec).
 3-Body  A61-ASP 26,  A64-GLU 0 ,  A65-LYS 50:       0.00128762 at      1.449 Ang (0.906 Ang by residue) in 3.3884 (sec).
 3-Body  A61-ASP 26,  A64-GLU 0 ,  A65-LYS 51:       0.00576408 at      1.390 Ang (0.906 Ang by residue) in 3.3244 (sec).
 3-Body  A61-ASP 26,  A64-GLU 0 ,  A65-LYS 52:       0.00116394 at      1.438 Ang (0.906 Ang by residue) in 3.4078 (sec).
 3-Body  A61-ASP 26,  A64-GLU 0 ,  A65-LYS 53:       0.00105396 at      1.438 Ang (0.906 Ang by residue) in 3.2598 (sec).
 3-Body  A61-ASP 26,  A64-GLU 0 ,  A65-LYS 54:       0.00304511 at      1.438 Ang (0.906 Ang by residue) in 3.4347 (sec).
 3-Body  A61-ASP 26,  A64-GLU 0 ,  A65-LYS 55:       0.00073687 at      1.438 Ang (0.906 Ang by residue) in 3.3760 (sec).
 3-Body  A61-ASP 26,  A64-GLU 36,  A65-LYS 0 :       0.00100332 at      1.449 Ang (0.906 Ang by residue) in 3.4328 (sec).
 3-Body  A61-ASP 26,  A64-GLU 36,  A65-LYD 1 :       0.00077712 at      1.449 Ang (0.906 Ang by residue) in 3.3528 (sec).
 3-Body  A61-ASP 26,  A64-GLU 36,  A65-LYD 8 :       0.00039764 at      1.449 Ang (0.906 Ang by residue) in 3.2313 (sec).
 3-Body  A61-ASP 26,  A64-GLU 36,  A65-LYD 9 :       0.00039726 at      1.449 Ang (0.906 Ang by residue) in 3.2203 (sec).
 3-Body  A61-ASP 26,  A64-GLU 36,  A65-LYD 10:       0.00039935 at      1.449 Ang (0.906 Ang by residue) in 3.1911 (sec).
 3-Body  A61-ASP 26,  A64-GLU 36,  A65-LYD 11:       0.00040328 at      1.449 Ang (0.906 Ang by residue) in 3.3797 (sec).
 3-Body  A61-ASP 26,  A64-GLU 36,  A65-LYD 12:       0.00037792 at      1.449 Ang (0.906 Ang by residue) in 3.5389 (sec).
 3-Body  A61-ASP 26,  A64-GLU 36,  A65-LYD 13:       0.00037872 at      1.449 Ang (0.906 Ang by residue) in 3.0888 (sec).
 3-Body  A61-ASP 26,  A64-GLU 36,  A65-LYD 15:       0.00041193 at      1.449 Ang (0.906 Ang by residue) in 3.2855 (sec).
 3-Body  A61-ASP 26,  A64-GLU 36,  A65-LYD 16:       0.00041878 at      1.449 Ang (0.906 Ang by residue) in 3.4278 (sec).
 3-Body  A61-ASP 26,  A64-GLU 36,  A65-LYD 19:       0.00062574 at      1.449 Ang (0.906 Ang by residue) in 3.2484 (sec).
 3-Body  A61-ASP 26,  A64-GLU 36,  A65-LYD 20:       0.00063514 at      1.449 Ang (0.906 Ang by residue) in 3.5067 (sec).
 3-Body  A61-ASP 26,  A64-GLU 36,  A65-LYD 21:       0.00077694 at      1.449 Ang (0.906 Ang by residue) in 3.2283 (sec).
 3-Body  A61-ASP 26,  A64-GLU 36,  A65-LYD 22:       0.00082104 at      1.449 Ang (0.906 Ang by residue) in 3.3945 (sec).
 3-Body  A61-ASP 26,  A64-GLU 36,  A65-LYD 23:       0.00096729 at      1.449 Ang (0.906 Ang by residue) in 3.4006 (sec).
 3-Body  A61-ASP 26,  A64-GLU 36,  A65-LYD 25:       0.00076836 at      1.438 Ang (0.906 Ang by residue) in 3.5727 (sec).
 3-Body  A61-ASP 26,  A64-GLU 36,  A65-LYD 26:       0.00079897 at      1.438 Ang (0.906 Ang by residue) in 3.3188 (sec).
 3-Body  A61-ASP 26,  A64-GLU 36,  A65-LYD 27:       0.00105041 at      1.438 Ang (0.906 Ang by residue) in 3.3053 (sec).
 3-Body  A61-ASP 26,  A64-GLU 36,  A65-LYD 28:       0.00064943 at      1.438 Ang (0.906 Ang by residue) in 3.1847 (sec).
 3-Body  A61-ASP 26,  A64-GLU 36,  A65-LYS 30:       0.00089790 at      1.449 Ang (0.906 Ang by residue) in 3.3656 (sec).
 3-Body  A61-ASP 26,  A64-GLU 36,  A65-LYS 33:       0.00065402 at      1.449 Ang (0.906 Ang by residue) in 3.3246 (sec).
 3-Body  A61-ASP 26,  A64-GLU 36,  A65-LYS 35:       0.00042962 at      1.449 Ang (0.906 Ang by residue) in 3.4245 (sec).
 3-Body  A61-ASP 26,  A64-GLU 36,  A65-LYS 36:       0.00042490 at      1.449 Ang (0.906 Ang by residue) in 3.3013 (sec).
 3-Body  A61-ASP 26,  A64-GLU 36,  A65-LYS 37:       0.00043624 at      1.449 Ang (0.906 Ang by residue) in 3.3116 (sec).
 3-Body  A61-ASP 26,  A64-GLU 36,  A65-LYS 38:       0.00043708 at      1.449 Ang (0.906 Ang by residue) in 3.3442 (sec).
 3-Body  A61-ASP 26,  A64-GLU 36,  A65-LYS 39:       0.00040285 at      1.449 Ang (0.906 Ang by residue) in 3.3381 (sec).
 3-Body  A61-ASP 26,  A64-GLU 36,  A65-LYS 40:       0.00039364 at      1.449 Ang (0.906 Ang by residue) in 3.4964 (sec).
 3-Body  A61-ASP 26,  A64-GLU 36,  A65-LYS 42:       0.00047047 at      1.449 Ang (0.906 Ang by residue) in 3.3230 (sec).
 3-Body  A61-ASP 26,  A64-GLU 36,  A65-LYS 43:       0.00048832 at      1.449 Ang (0.906 Ang by residue) in 3.1990 (sec).
 3-Body  A61-ASP 26,  A64-GLU 36,  A65-LYS 44:       0.00195854 at      1.420 Ang (0.906 Ang by residue) in 3.4624 (sec).
 3-Body  A61-ASP 26,  A64-GLU 36,  A65-LYS 46:       0.00068714 at      1.449 Ang (0.906 Ang by residue) in 3.3118 (sec).
 3-Body  A61-ASP 26,  A64-GLU 36,  A65-LYS 47:       0.00294184 at      1.449 Ang (0.906 Ang by residue) in 3.3016 (sec).
 3-Body  A61-ASP 26,  A64-GLU 36,  A65-LYS 48:       0.00100313 at      1.449 Ang (0.906 Ang by residue) in 3.3438 (sec).
 3-Body  A61-ASP 26,  A64-GLU 36,  A65-LYS 49:       0.00107753 at      1.449 Ang (0.906 Ang by residue) in 3.1616 (sec).
 3-Body  A61-ASP 26,  A64-GLU 36,  A65-LYS 50:       0.00128801 at      1.449 Ang (0.906 Ang by residue) in 3.2680 (sec).
 3-Body  A61-ASP 26,  A64-GLU 36,  A65-LYS 51:       0.00576565 at      1.390 Ang (0.906 Ang by residue) in 3.3158 (sec).
 3-Body  A61-ASP 26,  A64-GLU 36,  A65-LYS 52:       0.00116418 at      1.438 Ang (0.906 Ang by residue) in 3.4950 (sec).
 3-Body  A61-ASP 26,  A64-GLU 36,  A65-LYS 53:       0.00105414 at      1.438 Ang (0.906 Ang by residue) in 3.3844 (sec).
 3-Body  A61-ASP 26,  A64-GLU 36,  A65-LYS 54:       0.00304526 at      1.438 Ang (0.906 Ang by residue) in 3.4715 (sec).
 3-Body  A61-ASP 26,  A64-GLU 36,  A65-LYS 55:       0.00073705 at      1.438 Ang (0.906 Ang by residue) in 3.3331 (sec).
 3-Body  A61-ASP 26,  A64-GLU 37,  A65-LYS 0 :       0.00080425 at      1.449 Ang (0.906 Ang by residue) in 3.3936 (sec).
 3-Body  A61-ASP 26,  A64-GLU 37,  A65-LYD 1 :       0.00065051 at      1.449 Ang (0.906 Ang by residue) in 3.1433 (sec).
 3-Body  A61-ASP 26,  A64-GLU 37,  A65-LYD 8 :       0.00029933 at      1.449 Ang (0.906 Ang by residue) in 3.4098 (sec).
 3-Body  A61-ASP 26,  A64-GLU 37,  A65-LYD 9 :       0.00029858 at      1.449 Ang (0.906 Ang by residue) in 3.3818 (sec).
 3-Body  A61-ASP 26,  A64-GLU 37,  A65-LYD 10:       0.00030764 at      1.449 Ang (0.906 Ang by residue) in 3.4356 (sec).
 3-Body  A61-ASP 26,  A64-GLU 37,  A65-LYD 11:       0.00030884 at      1.449 Ang (0.906 Ang by residue) in 3.4764 (sec).
 3-Body  A61-ASP 26,  A64-GLU 37,  A65-LYD 12:       0.00028907 at      1.449 Ang (0.906 Ang by residue) in 3.3748 (sec).
 3-Body  A61-ASP 26,  A64-GLU 37,  A65-LYD 13:       0.00029162 at      1.449 Ang (0.906 Ang by residue) in 3.2543 (sec).
 3-Body  A61-ASP 26,  A64-GLU 37,  A65-LYD 15:       0.00032169 at      1.449 Ang (0.906 Ang by residue) in 3.3521 (sec).
 3-Body  A61-ASP 26,  A64-GLU 37,  A65-LYD 16:       0.00032281 at      1.449 Ang (0.906 Ang by residue) in 3.4847 (sec).
 3-Body  A61-ASP 26,  A64-GLU 37,  A65-LYD 19:       0.00046773 at      1.449 Ang (0.906 Ang by residue) in 3.4349 (sec).
 3-Body  A61-ASP 26,  A64-GLU 37,  A65-LYD 20:       0.00034947 at      1.449 Ang (0.906 Ang by residue) in 3.2577 (sec).
 3-Body  A61-ASP 26,  A64-GLU 37,  A65-LYD 21:       0.00065024 at      1.449 Ang (0.906 Ang by residue) in 3.3905 (sec).
 3-Body  A61-ASP 26,  A64-GLU 37,  A65-LYD 22:       0.00069799 at      1.449 Ang (0.906 Ang by residue) in 3.4107 (sec).
 3-Body  A61-ASP 26,  A64-GLU 37,  A65-LYD 23:       0.00076835 at      1.449 Ang (0.906 Ang by residue) in 3.4078 (sec).
 3-Body  A61-ASP 26,  A64-GLU 37,  A65-LYD 25:       0.00062206 at      1.438 Ang (0.906 Ang by residue) in 3.2311 (sec).
 3-Body  A61-ASP 26,  A64-GLU 37,  A65-LYD 26:       0.00067349 at      1.438 Ang (0.906 Ang by residue) in 3.5405 (sec).
 3-Body  A61-ASP 26,  A64-GLU 37,  A65-LYD 27:       0.00073752 at      1.438 Ang (0.906 Ang by residue) in 3.4048 (sec).
 3-Body  A61-ASP 26,  A64-GLU 37,  A65-LYD 28:       0.00046263 at      1.438 Ang (0.906 Ang by residue) in 3.2083 (sec).
 3-Body  A61-ASP 26,  A64-GLU 37,  A65-LYS 30:       0.00086231 at      1.449 Ang (0.906 Ang by residue) in 3.4750 (sec).
 3-Body  A61-ASP 26,  A64-GLU 37,  A65-LYS 33:       0.00046714 at      1.449 Ang (0.906 Ang by residue) in 3.3239 (sec).
 3-Body  A61-ASP 26,  A64-GLU 37,  A65-LYS 35:       0.00029797 at      1.449 Ang (0.906 Ang by residue) in 3.2809 (sec).
 3-Body  A61-ASP 26,  A64-GLU 37,  A65-LYS 36:       0.00028900 at      1.449 Ang (0.906 Ang by residue) in 3.4278 (sec).
 3-Body  A61-ASP 26,  A64-GLU 37,  A65-LYS 37:       0.00028978 at      1.449 Ang (0.906 Ang by residue) in 3.3936 (sec).
 3-Body  A61-ASP 26,  A64-GLU 37,  A65-LYS 38:       0.00028466 at      1.449 Ang (0.906 Ang by residue) in 3.3294 (sec).
 3-Body  A61-ASP 26,  A64-GLU 37,  A65-LYS 39:       0.00027238 at      1.449 Ang (0.906 Ang by residue) in 3.3668 (sec).
 3-Body  A61-ASP 26,  A64-GLU 37,  A65-LYS 40:       0.00025904 at      1.449 Ang (0.906 Ang by residue) in 3.3034 (sec).
 3-Body  A61-ASP 26,  A64-GLU 37,  A65-LYS 42:       0.00031991 at      1.449 Ang (0.906 Ang by residue) in 3.2703 (sec).
 3-Body  A61-ASP 26,  A64-GLU 37,  A65-LYS 43:       0.00035499 at      1.449 Ang (0.906 Ang by residue) in 3.3121 (sec).
 3-Body  A61-ASP 26,  A64-GLU 37,  A65-LYS 44:       0.00205374 at      1.420 Ang (0.906 Ang by residue) in 3.3172 (sec).
 3-Body  A61-ASP 26,  A64-GLU 37,  A65-LYS 46:       0.00047794 at      1.449 Ang (0.906 Ang by residue) in 3.3862 (sec).
 3-Body  A61-ASP 26,  A64-GLU 37,  A65-LYS 47:       0.00312092 at      1.449 Ang (0.906 Ang by residue) in 3.4335 (sec).
 3-Body  A61-ASP 26,  A64-GLU 37,  A65-LYS 48:       0.00080392 at      1.449 Ang (0.906 Ang by residue) in 3.3396 (sec).
 3-Body  A61-ASP 26,  A64-GLU 37,  A65-LYS 49:       0.00096574 at      1.449 Ang (0.906 Ang by residue) in 3.1736 (sec).
 3-Body  A61-ASP 26,  A64-GLU 37,  A65-LYS 50:       0.00097612 at      1.449 Ang (0.906 Ang by residue) in 3.3594 (sec).
 3-Body  A61-ASP 26,  A64-GLU 37,  A65-LYS 51:       0.00510638 at      1.390 Ang (0.906 Ang by residue) in 3.3584 (sec).
 3-Body  A61-ASP 26,  A64-GLU 37,  A65-LYS 52:       0.00114104 at      1.438 Ang (0.906 Ang by residue) in 3.2458 (sec).
 3-Body  A61-ASP 26,  A64-GLU 37,  A65-LYS 53:       0.00107596 at      1.438 Ang (0.906 Ang by residue) in 3.2271 (sec).
 3-Body  A61-ASP 26,  A64-GLU 37,  A65-LYS 54:       0.00450057 at      1.438 Ang (0.906 Ang by residue) in 3.3692 (sec).
 3-Body  A61-ASP 26,  A64-GLU 37,  A65-LYS 55:       0.00054118 at      1.438 Ang (0.906 Ang by residue) in 3.2647 (sec).
 3-Body  A61-ASP 26,  A64-GLU 40,  A65-LYS 0 :       0.00064580 at      1.444 Ang (0.906 Ang by residue) in 3.2349 (sec).
 3-Body  A61-ASP 26,  A64-GLU 40,  A65-LYD 1 :       0.00049004 at      1.444 Ang (0.906 Ang by residue) in 3.2671 (sec).
 3-Body  A61-ASP 26,  A64-GLU 40,  A65-LYD 8 :       0.00020536 at      1.444 Ang (0.906 Ang by residue) in 3.4135 (sec).
 3-Body  A61-ASP 26,  A64-GLU 40,  A65-LYD 9 :       0.00020774 at      1.444 Ang (0.906 Ang by residue) in 3.5620 (sec).
 3-Body  A61-ASP 26,  A64-GLU 40,  A65-LYD 10:       0.00022062 at      1.444 Ang (0.906 Ang by residue) in 3.2684 (sec).
 3-Body  A61-ASP 26,  A64-GLU 40,  A65-LYD 11:       0.00022075 at      1.444 Ang (0.906 Ang by residue) in 3.2688 (sec).
 3-Body  A61-ASP 26,  A64-GLU 40,  A65-LYD 12:       0.00020019 at      1.444 Ang (0.906 Ang by residue) in 3.4758 (sec).
 3-Body  A61-ASP 26,  A64-GLU 40,  A65-LYD 13:       0.00020475 at      1.444 Ang (0.906 Ang by residue) in 3.3434 (sec).
 3-Body  A61-ASP 26,  A64-GLU 40,  A65-LYD 15:       0.00023439 at      1.444 Ang (0.906 Ang by residue) in 3.3849 (sec).
 3-Body  A61-ASP 26,  A64-GLU 40,  A65-LYD 16:       0.00023301 at      1.444 Ang (0.906 Ang by residue) in 3.3624 (sec).
 3-Body  A61-ASP 26,  A64-GLU 40,  A65-LYD 19:       0.00032877 at      1.444 Ang (0.906 Ang by residue) in 3.4019 (sec).
 3-Body  A61-ASP 26,  A64-GLU 40,  A65-LYD 20:      -0.00000994 at      1.444 Ang (0.906 Ang by residue) in 3.3354 (sec).
 3-Body  A61-ASP 26,  A64-GLU 40,  A65-LYD 21:       0.00048981 at      1.444 Ang (0.906 Ang by residue) in 3.3921 (sec).
 3-Body  A61-ASP 26,  A64-GLU 40,  A65-LYD 22:       0.00053506 at      1.444 Ang (0.906 Ang by residue) in 3.4036 (sec).
 3-Body  A61-ASP 26,  A64-GLU 40,  A65-LYD 23:       0.00061517 at      1.444 Ang (0.906 Ang by residue) in 3.3512 (sec).
 3-Body  A61-ASP 26,  A64-GLU 40,  A65-LYD 25:       0.00043898 at      1.433 Ang (0.906 Ang by residue) in 3.2713 (sec).
 3-Body  A61-ASP 26,  A64-GLU 40,  A65-LYD 26:       0.00047776 at      1.433 Ang (0.906 Ang by residue) in 3.3515 (sec).
 3-Body  A61-ASP 26,  A64-GLU 40,  A65-LYD 27:       0.00067789 at      1.433 Ang (0.906 Ang by residue) in 3.4921 (sec).
 3-Body  A61-ASP 26,  A64-GLU 40,  A65-LYD 28:       0.00031577 at      1.433 Ang (0.906 Ang by residue) in 3.3261 (sec).
 3-Body  A61-ASP 26,  A64-GLU 40,  A65-LYS 30:       0.00075005 at      1.444 Ang (0.906 Ang by residue) in 3.3231 (sec).
 3-Body  A61-ASP 26,  A64-GLU 40,  A65-LYS 33:       0.00032704 at      1.444 Ang (0.906 Ang by residue) in 3.2845 (sec).
 3-Body  A61-ASP 26,  A64-GLU 40,  A65-LYS 35:       0.00020343 at      1.444 Ang (0.906 Ang by residue) in 3.4663 (sec).
 3-Body  A61-ASP 26,  A64-GLU 40,  A65-LYS 36:       0.00018623 at      1.444 Ang (0.906 Ang by residue) in 3.3103 (sec).
 3-Body  A61-ASP 26,  A64-GLU 40,  A65-LYS 37:       0.00018379 at      1.444 Ang (0.906 Ang by residue) in 3.3904 (sec).
 3-Body  A61-ASP 26,  A64-GLU 40,  A65-LYS 38:       0.00017736 at      1.444 Ang (0.906 Ang by residue) in 3.3521 (sec).
 3-Body  A61-ASP 26,  A64-GLU 40,  A65-LYS 39:       0.00017554 at      1.444 Ang (0.906 Ang by residue) in 3.1942 (sec).
 3-Body  A61-ASP 26,  A64-GLU 40,  A65-LYS 40:       0.00015675 at      1.444 Ang (0.906 Ang by residue) in 3.2567 (sec).
 3-Body  A61-ASP 26,  A64-GLU 40,  A65-LYS 42:       0.00021540 at      1.444 Ang (0.906 Ang by residue) in 3.3749 (sec).
 3-Body  A61-ASP 26,  A64-GLU 40,  A65-LYS 43:       0.00025684 at      1.444 Ang (0.906 Ang by residue) in 3.3398 (sec).
 3-Body  A61-ASP 26,  A64-GLU 40,  A65-LYS 44:       0.00168599 at      1.415 Ang (0.906 Ang by residue) in 3.2957 (sec).
 3-Body  A61-ASP 26,  A64-GLU 40,  A65-LYS 46:       0.00033179 at      1.444 Ang (0.906 Ang by residue) in 3.2898 (sec).
 3-Body  A61-ASP 26,  A64-GLU 40,  A65-LYS 47:       0.00277323 at      1.444 Ang (0.906 Ang by residue) in 3.4087 (sec).
 3-Body  A61-ASP 26,  A64-GLU 40,  A65-LYS 48:       0.00064550 at      1.444 Ang (0.906 Ang by residue) in 3.2461 (sec).
 3-Body  A61-ASP 26,  A64-GLU 40,  A65-LYS 49:       0.00081497 at      1.444 Ang (0.906 Ang by residue) in 3.3187 (sec).
 3-Body  A61-ASP 26,  A64-GLU 40,  A65-LYS 50:       0.00084140 at      1.444 Ang (0.906 Ang by residue) in 3.4665 (sec).
 3-Body  A61-ASP 26,  A64-GLU 40,  A65-LYS 51:       0.00488839 at      1.385 Ang (0.906 Ang by residue) in 3.2633 (sec).
 3-Body  A61-ASP 26,  A64-GLU 40,  A65-LYS 52:       0.00093621 at      1.433 Ang (0.906 Ang by residue) in 3.3151 (sec).
 3-Body  A61-ASP 26,  A64-GLU 40,  A65-LYS 53:       0.00084286 at      1.433 Ang (0.906 Ang by residue) in 3.5749 (sec).
 3-Body  A61-ASP 26,  A64-GLU 40,  A65-LYS 54:       0.00363786 at      1.433 Ang (0.906 Ang by residue) in 3.3274 (sec).
 3-Body  A61-ASP 26,  A64-GLU 40,  A65-LYS 55:       0.00038666 at      1.433 Ang (0.906 Ang by residue) in 3.5638 (sec).
 3-Body  A61-ASP 26,  A64-GLU 41,  A65-LYS 0 :       0.00081432 at      1.445 Ang (0.906 Ang by residue) in 3.3944 (sec).
 3-Body  A61-ASP 26,  A64-GLU 41,  A65-LYD 1 :       0.00060028 at      1.445 Ang (0.906 Ang by residue) in 3.2170 (sec).
 3-Body  A61-ASP 26,  A64-GLU 41,  A65-LYD 8 :       0.00025071 at      1.445 Ang (0.906 Ang by residue) in 3.1941 (sec).
 3-Body  A61-ASP 26,  A64-GLU 41,  A65-LYD 9 :       0.00025183 at      1.445 Ang (0.906 Ang by residue) in 3.2123 (sec).
 3-Body  A61-ASP 26,  A64-GLU 41,  A65-LYD 10:       0.00026333 at      1.445 Ang (0.906 Ang by residue) in 3.3818 (sec).
 3-Body  A61-ASP 26,  A64-GLU 41,  A65-LYD 11:       0.00026697 at      1.445 Ang (0.906 Ang by residue) in 3.2265 (sec).
 3-Body  A61-ASP 26,  A64-GLU 41,  A65-LYD 12:       0.00024180 at      1.445 Ang (0.906 Ang by residue) in 3.3320 (sec).
 3-Body  A61-ASP 26,  A64-GLU 41,  A65-LYD 13:       0.00024299 at      1.445 Ang (0.906 Ang by residue) in 3.2859 (sec).
 3-Body  A61-ASP 26,  A64-GLU 41,  A65-LYD 15:       0.00027437 at      1.445 Ang (0.906 Ang by residue) in 3.5338 (sec).
 3-Body  A61-ASP 26,  A64-GLU 41,  A65-LYD 16:       0.00027901 at      1.445 Ang (0.906 Ang by residue) in 3.5947 (sec).
 3-Body  A61-ASP 26,  A64-GLU 41,  A65-LYD 19:       0.00045702 at      1.445 Ang (0.906 Ang by residue) in 3.5534 (sec).
 3-Body  A61-ASP 26,  A64-GLU 41,  A65-LYD 20:       0.00045864 at      1.445 Ang (0.906 Ang by residue) in 3.4877 (sec).
 3-Body  A61-ASP 26,  A64-GLU 41,  A65-LYD 21:       0.00060014 at      1.445 Ang (0.906 Ang by residue) in 3.2953 (sec).
 3-Body  A61-ASP 26,  A64-GLU 41,  A65-LYD 22:       0.00064144 at      1.445 Ang (0.906 Ang by residue) in 3.2152 (sec).
 3-Body  A61-ASP 26,  A64-GLU 41,  A65-LYD 23:       0.00079162 at      1.445 Ang (0.906 Ang by residue) in 3.2599 (sec).
 3-Body  A61-ASP 26,  A64-GLU 41,  A65-LYD 25:       0.00056855 at      1.434 Ang (0.906 Ang by residue) in 3.3473 (sec).
 3-Body  A61-ASP 26,  A64-GLU 41,  A65-LYD 26:       0.00059478 at      1.434 Ang (0.906 Ang by residue) in 3.1942 (sec).
 3-Body  A61-ASP 26,  A64-GLU 41,  A65-LYD 27:       0.00087162 at      1.434 Ang (0.906 Ang by residue) in 3.3607 (sec).
 3-Body  A61-ASP 26,  A64-GLU 41,  A65-LYD 28:       0.00046331 at      1.434 Ang (0.906 Ang by residue) in 3.3338 (sec).
 3-Body  A61-ASP 26,  A64-GLU 41,  A65-LYS 30:       0.00071112 at      1.445 Ang (0.906 Ang by residue) in 3.3569 (sec).
 3-Body  A61-ASP 26,  A64-GLU 41,  A65-LYS 33:       0.00046538 at      1.445 Ang (0.906 Ang by residue) in 3.3085 (sec).
 3-Body  A61-ASP 26,  A64-GLU 41,  A65-LYS 35:       0.00026081 at      1.445 Ang (0.906 Ang by residue) in 3.4031 (sec).
 3-Body  A61-ASP 26,  A64-GLU 41,  A65-LYS 36:       0.00025570 at      1.445 Ang (0.906 Ang by residue) in 3.4083 (sec).
 3-Body  A61-ASP 26,  A64-GLU 41,  A65-LYS 37:       0.00028037 at      1.445 Ang (0.906 Ang by residue) in 3.3112 (sec).
 3-Body  A61-ASP 26,  A64-GLU 41,  A65-LYS 38:       0.00028364 at      1.445 Ang (0.906 Ang by residue) in 3.2227 (sec).
 3-Body  A61-ASP 26,  A64-GLU 41,  A65-LYS 39:       0.00024744 at      1.445 Ang (0.906 Ang by residue) in 3.3593 (sec).
 3-Body  A61-ASP 26,  A64-GLU 41,  A65-LYS 40:       0.00023992 at      1.445 Ang (0.906 Ang by residue) in 3.2328 (sec).
 3-Body  A61-ASP 26,  A64-GLU 41,  A65-LYS 42:       0.00031359 at      1.445 Ang (0.906 Ang by residue) in 3.2950 (sec).
 3-Body  A61-ASP 26,  A64-GLU 41,  A65-LYS 43:       0.00032613 at      1.445 Ang (0.906 Ang by residue) in 3.3062 (sec).
 3-Body  A61-ASP 26,  A64-GLU 41,  A65-LYS 44:       0.00159223 at      1.416 Ang (0.906 Ang by residue) in 3.3862 (sec).
 3-Body  A61-ASP 26,  A64-GLU 41,  A65-LYS 46:       0.00050418 at      1.445 Ang (0.906 Ang by residue) in 3.4498 (sec).
 3-Body  A61-ASP 26,  A64-GLU 41,  A65-LYS 47:       0.00264540 at      1.445 Ang (0.906 Ang by residue) in 3.2341 (sec).
 3-Body  A61-ASP 26,  A64-GLU 41,  A65-LYS 48:       0.00081416 at      1.445 Ang (0.906 Ang by residue) in 3.3665 (sec).
 3-Body  A61-ASP 26,  A64-GLU 41,  A65-LYS 49:       0.00087696 at      1.445 Ang (0.906 Ang by residue) in 3.4205 (sec).
 3-Body  A61-ASP 26,  A64-GLU 41,  A65-LYS 50:       0.00112800 at      1.445 Ang (0.906 Ang by residue) in 3.4913 (sec).
 3-Body  A61-ASP 26,  A64-GLU 41,  A65-LYS 51:       0.00552568 at      1.386 Ang (0.906 Ang by residue) in 3.3022 (sec).
 3-Body  A61-ASP 26,  A64-GLU 41,  A65-LYS 52:       0.00091669 at      1.434 Ang (0.906 Ang by residue) in 3.2165 (sec).
 3-Body  A61-ASP 26,  A64-GLU 41,  A65-LYS 53:       0.00080039 at      1.434 Ang (0.906 Ang by residue) in 3.3879 (sec).
 3-Body  A61-ASP 26,  A64-GLU 41,  A65-LYS 54:       0.00253162 at      1.434 Ang (0.906 Ang by residue) in 3.3928 (sec).
 3-Body  A61-ASP 26,  A64-GLU 41,  A65-LYS 55:       0.00051725 at      1.434 Ang (0.906 Ang by residue) in 3.2163 (sec).
 3-Body  A61-ASP 26,  A62-GLU 0 ,  A64-GLU 0 :       0.00079604 at      1.568 Ang (1.755 Ang by residue) in 3.3864 (sec).
 3-Body  A61-ASP 26,  A62-GLU 0 ,  A64-GLU 36:       0.00079629 at      1.568 Ang (1.755 Ang by residue) in 3.4389 (sec).
 3-Body  A61-ASP 26,  A62-GLU 0 ,  A64-GLU 37:       0.00081573 at      1.568 Ang (1.755 Ang by residue) in 3.4403 (sec).
 3-Body  A61-ASP 26,  A62-GLU 0 ,  A64-GLU 40:       0.00092888 at      1.564 Ang (1.755 Ang by residue) in 3.5137 (sec).
 3-Body  A61-ASP 26,  A62-GLU 0 ,  A64-GLU 41:       0.00082632 at      1.565 Ang (1.755 Ang by residue) in 3.3164 (sec).
 3-Body  A61-ASP 26,  A62-GLU 0 ,  A65-LYS 0 :       0.00170824 at      1.441 Ang (0.771 Ang by residue) in 3.2994 (sec).
 3-Body  A61-ASP 26,  A62-GLU 0 ,  A65-LYD 1 :       0.00083071 at      1.441 Ang (0.771 Ang by residue) in 3.2557 (sec).
 3-Body  A61-ASP 26,  A62-GLU 0 ,  A65-LYD 8 :       0.00033869 at      1.451 Ang (0.771 Ang by residue) in 3.1254 (sec).
 3-Body  A61-ASP 26,  A62-GLU 0 ,  A65-LYD 9 :       0.00033813 at      1.451 Ang (0.771 Ang by residue) in 3.4096 (sec).
 3-Body  A61-ASP 26,  A62-GLU 0 ,  A65-LYD 10:       0.00035790 at      1.451 Ang (0.771 Ang by residue) in 3.4941 (sec).
 3-Body  A61-ASP 26,  A62-GLU 0 ,  A65-LYD 11:       0.00035163 at      1.451 Ang (0.771 Ang by residue) in 3.4342 (sec).
 3-Body  A61-ASP 26,  A62-GLU 0 ,  A65-LYD 12:       0.00031579 at      1.451 Ang (0.771 Ang by residue) in 3.4364 (sec).
 3-Body  A61-ASP 26,  A62-GLU 0 ,  A65-LYD 13:       0.00031423 at      1.451 Ang (0.771 Ang by residue) in 3.5269 (sec).
 3-Body  A61-ASP 26,  A62-GLU 0 ,  A65-LYD 15:       0.00039021 at      1.451 Ang (0.771 Ang by residue) in 3.4996 (sec).
 3-Body  A61-ASP 26,  A62-GLU 0 ,  A65-LYD 16:       0.00041120 at      1.451 Ang (0.771 Ang by residue) in 3.2912 (sec).
 3-Body  A61-ASP 26,  A62-GLU 0 ,  A65-LYD 19:       0.00063861 at      1.441 Ang (0.771 Ang by residue) in 3.3562 (sec).
 3-Body  A61-ASP 26,  A62-GLU 0 ,  A65-LYD 20:       0.00014980 at      1.441 Ang (0.771 Ang by residue) in 3.8278 (sec).
 3-Body  A61-ASP 26,  A62-GLU 0 ,  A65-LYD 21:       0.00083045 at      1.441 Ang (0.771 Ang by residue) in 3.3379 (sec).
 3-Body  A61-ASP 26,  A62-GLU 0 ,  A65-LYD 22:       0.00093899 at      1.441 Ang (0.771 Ang by residue) in 3.6855 (sec).
 3-Body  A61-ASP 26,  A62-GLU 0 ,  A65-LYD 23:       0.00161762 at      1.372 Ang (0.771 Ang by residue) in 3.5400 (sec).
 3-Body  A61-ASP 26,  A62-GLU 0 ,  A65-LYD 25:       0.00069359 at      1.438 Ang (0.771 Ang by residue) in 3.1687 (sec).
 3-Body  A61-ASP 26,  A62-GLU 0 ,  A65-LYD 26:       0.00079037 at      1.438 Ang (0.771 Ang by residue) in 3.4497 (sec).
 3-Body  A61-ASP 26,  A62-GLU 0 ,  A65-LYD 27:       0.00136316 at      1.438 Ang (0.771 Ang by residue) in 3.3187 (sec).
 3-Body  A61-ASP 26,  A62-GLU 0 ,  A65-LYD 28:       0.00066272 at      1.438 Ang (0.771 Ang by residue) in 3.2334 (sec).
 3-Body  A61-ASP 26,  A62-GLU 0 ,  A65-LYS 30:       0.00130506 at      1.417 Ang (0.771 Ang by residue) in 3.0812 (sec).
 3-Body  A61-ASP 26,  A62-GLU 0 ,  A65-LYS 33:       0.00093357 at      1.331 Ang (0.771 Ang by residue) in 3.5057 (sec).
 3-Body  A61-ASP 26,  A62-GLU 0 ,  A65-LYS 35:       0.00034582 at      1.451 Ang (0.771 Ang by residue) in 3.2962 (sec).
 3-Body  A61-ASP 26,  A62-GLU 0 ,  A65-LYS 36:       0.00035756 at      1.451 Ang (0.771 Ang by residue) in 3.3248 (sec).
 3-Body  A61-ASP 26,  A62-GLU 0 ,  A65-LYS 37:       0.00039266 at      1.451 Ang (0.771 Ang by residue) in 3.2745 (sec).
 3-Body  A61-ASP 26,  A62-GLU 0 ,  A65-LYS 38:       0.00033959 at      1.451 Ang (0.771 Ang by residue) in 3.3499 (sec).
 3-Body  A61-ASP 26,  A62-GLU 0 ,  A65-LYS 39:       0.00035539 at      1.451 Ang (0.771 Ang by residue) in 3.3913 (sec).
 3-Body  A61-ASP 26,  A62-GLU 0 ,  A65-LYS 40:       0.00033417 at      1.451 Ang (0.771 Ang by residue) in 3.4557 (sec).
 3-Body  A61-ASP 26,  A62-GLU 0 ,  A65-LYS 42:       0.00054990 at      1.451 Ang (0.771 Ang by residue) in 3.4918 (sec).
 3-Body  A61-ASP 26,  A62-GLU 0 ,  A65-LYS 43:       0.00056896 at      1.451 Ang (0.771 Ang by residue) in 3.2950 (sec).
 3-Body  A61-ASP 26,  A62-GLU 0 ,  A65-LYS 44:       0.00255591 at      1.390 Ang (0.771 Ang by residue) in 3.2827 (sec).
 3-Body  A61-ASP 26,  A62-GLU 0 ,  A65-LYS 46:       0.00088593 at      1.441 Ang (0.771 Ang by residue) in 3.3031 (sec).
 3-Body  A61-ASP 26,  A62-GLU 0 ,  A65-LYS 47:       0.00532259 at      1.441 Ang (0.771 Ang by residue) in 3.5042 (sec).
 3-Body  A61-ASP 26,  A62-GLU 0 ,  A65-LYS 48:       0.00170807 at      1.441 Ang (0.771 Ang by residue) in 3.4109 (sec).
 3-Body  A61-ASP 26,  A62-GLU 0 ,  A65-LYS 49:       0.00163241 at      1.441 Ang (0.771 Ang by residue) in 3.3944 (sec).
 3-Body  A61-ASP 26,  A62-GLU 0 ,  A65-LYS 50:       0.00318698 at      1.372 Ang (0.771 Ang by residue) in 3.1752 (sec).
 3-Body  A61-ASP 26,  A62-GLU 0 ,  A65-LYS 51:       0.02385299 at      1.289 Ang (0.771 Ang by residue) in 3.3302 (sec).
 3-Body  A61-ASP 26,  A62-GLU 0 ,  A65-LYS 52:       0.00148890 at      1.438 Ang (0.771 Ang by residue) in 3.3355 (sec).
 3-Body  A61-ASP 26,  A62-GLU 0 ,  A65-LYS 53:       0.00113564 at      1.438 Ang (0.771 Ang by residue) in 3.2690 (sec).
 3-Body  A61-ASP 26,  A62-GLU 0 ,  A65-LYS 54:       0.00301481 at      1.438 Ang (0.771 Ang by residue) in 3.4025 (sec).
 3-Body  A61-ASP 26,  A62-GLU 0 ,  A65-LYS 55:       0.00080660 at      1.438 Ang (0.771 Ang by residue) in 3.2926 (sec).
 3-Body  A61-ASP 26,  A62-GLU 40,  A64-GLU 0 :       0.00080059 at      1.568 Ang (1.755 Ang by residue) in 3.2933 (sec).
 3-Body  A61-ASP 26,  A62-GLU 40,  A64-GLU 36:       0.00080083 at      1.568 Ang (1.755 Ang by residue) in 3.3290 (sec).
 3-Body  A61-ASP 26,  A62-GLU 40,  A64-GLU 37:       0.00082829 at      1.568 Ang (1.755 Ang by residue) in 3.2658 (sec).
 3-Body  A61-ASP 26,  A62-GLU 40,  A64-GLU 40:       0.00094089 at      1.564 Ang (1.755 Ang by residue) in 3.6706 (sec).
 3-Body  A61-ASP 26,  A62-GLU 40,  A64-GLU 41:       0.00082886 at      1.565 Ang (1.755 Ang by residue) in 3.2559 (sec).
 3-Body  A61-ASP 26,  A62-GLU 40,  A65-LYS 0 :       0.00172930 at      1.441 Ang (0.771 Ang by residue) in 3.3902 (sec).
 3-Body  A61-ASP 26,  A62-GLU 40,  A65-LYD 1 :       0.00083167 at      1.441 Ang (0.771 Ang by residue) in 3.3489 (sec).
 3-Body  A61-ASP 26,  A62-GLU 40,  A65-LYD 8 :       0.00033797 at      1.451 Ang (0.771 Ang by residue) in 3.3991 (sec).
 3-Body  A61-ASP 26,  A62-GLU 40,  A65-LYD 9 :       0.00033651 at      1.451 Ang (0.771 Ang by residue) in 3.3050 (sec).
 3-Body  A61-ASP 26,  A62-GLU 40,  A65-LYD 10:       0.00035781 at      1.451 Ang (0.771 Ang by residue) in 3.3984 (sec).
 3-Body  A61-ASP 26,  A62-GLU 40,  A65-LYD 11:       0.00035240 at      1.451 Ang (0.771 Ang by residue) in 3.4110 (sec).
 3-Body  A61-ASP 26,  A62-GLU 40,  A65-LYD 12:       0.00031477 at      1.451 Ang (0.771 Ang by residue) in 3.3921 (sec).
 3-Body  A61-ASP 26,  A62-GLU 40,  A65-LYD 13:       0.00031244 at      1.451 Ang (0.771 Ang by residue) in 3.3837 (sec).
 3-Body  A61-ASP 26,  A62-GLU 40,  A65-LYD 15:       0.00038929 at      1.451 Ang (0.771 Ang by residue) in 3.1494 (sec).
 3-Body  A61-ASP 26,  A62-GLU 40,  A65-LYD 16:       0.00041204 at      1.451 Ang (0.771 Ang by residue) in 3.3590 (sec).
 3-Body  A61-ASP 26,  A62-GLU 40,  A65-LYD 19:       0.00062492 at      1.441 Ang (0.771 Ang by residue) in 3.1989 (sec).
 3-Body  A61-ASP 26,  A62-GLU 40,  A65-LYD 20:       0.00012561 at      1.441 Ang (0.771 Ang by residue) in 3.2113 (sec).
 3-Body  A61-ASP 26,  A62-GLU 40,  A65-LYD 21:       0.00083138 at      1.441 Ang (0.771 Ang by residue) in 3.2322 (sec).
 3-Body  A61-ASP 26,  A62-GLU 40,  A65-LYD 22:       0.00093967 at      1.441 Ang (0.771 Ang by residue) in 3.3281 (sec).
 3-Body  A61-ASP 26,  A62-GLU 40,  A65-LYD 23:       0.00155193 at      1.372 Ang (0.771 Ang by residue) in 3.3682 (sec).
 3-Body  A61-ASP 26,  A62-GLU 40,  A65-LYD 25:       0.00068432 at      1.438 Ang (0.771 Ang by residue) in 3.3923 (sec).
 3-Body  A61-ASP 26,  A62-GLU 40,  A65-LYD 26:       0.00078755 at      1.438 Ang (0.771 Ang by residue) in 3.3054 (sec).
 3-Body  A61-ASP 26,  A62-GLU 40,  A65-LYD 27:       0.00138598 at      1.438 Ang (0.771 Ang by residue) in 3.3941 (sec).
 3-Body  A61-ASP 26,  A62-GLU 40,  A65-LYD 28:       0.00065562 at      1.438 Ang (0.771 Ang by residue) in 3.5004 (sec).
 3-Body  A61-ASP 26,  A62-GLU 40,  A65-LYS 30:       0.00135546 at      1.417 Ang (0.771 Ang by residue) in 3.2908 (sec).
 3-Body  A61-ASP 26,  A62-GLU 40,  A65-LYS 33:       0.00096009 at      1.331 Ang (0.771 Ang by residue) in 3.3579 (sec).
 3-Body  A61-ASP 26,  A62-GLU 40,  A65-LYS 35:       0.00035121 at      1.451 Ang (0.771 Ang by residue) in 3.4221 (sec).
 3-Body  A61-ASP 26,  A62-GLU 40,  A65-LYS 36:       0.00036538 at      1.451 Ang (0.771 Ang by residue) in 3.5218 (sec).
 3-Body  A61-ASP 26,  A62-GLU 40,  A65-LYS 37:       0.00039773 at      1.451 Ang (0.771 Ang by residue) in 3.4649 (sec).
 3-Body  A61-ASP 26,  A62-GLU 40,  A65-LYS 38:       0.00034742 at      1.451 Ang (0.771 Ang by residue) in 3.3545 (sec).
 3-Body  A61-ASP 26,  A62-GLU 40,  A65-LYS 39:       0.00036275 at      1.451 Ang (0.771 Ang by residue) in 3.3580 (sec).
 3-Body  A61-ASP 26,  A62-GLU 40,  A65-LYS 40:       0.00034257 at      1.451 Ang (0.771 Ang by residue) in 3.3709 (sec).
 3-Body  A61-ASP 26,  A62-GLU 40,  A65-LYS 42:       0.00055954 at      1.451 Ang (0.771 Ang by residue) in 3.4613 (sec).
 3-Body  A61-ASP 26,  A62-GLU 40,  A65-LYS 43:       0.00058159 at      1.451 Ang (0.771 Ang by residue) in 3.2906 (sec).
 3-Body  A61-ASP 26,  A62-GLU 40,  A65-LYS 44:       0.00262281 at      1.390 Ang (0.771 Ang by residue) in 3.3571 (sec).
 3-Body  A61-ASP 26,  A62-GLU 40,  A65-LYS 46:       0.00088681 at      1.441 Ang (0.771 Ang by residue) in 3.4265 (sec).
 3-Body  A61-ASP 26,  A62-GLU 40,  A65-LYS 47:       0.00554422 at      1.441 Ang (0.771 Ang by residue) in 3.6031 (sec).
 3-Body  A61-ASP 26,  A62-GLU 40,  A65-LYS 48:       0.00172911 at      1.441 Ang (0.771 Ang by residue) in 3.2047 (sec).
 3-Body  A61-ASP 26,  A62-GLU 40,  A65-LYS 49:       0.00167010 at      1.441 Ang (0.771 Ang by residue) in 3.3275 (sec).
 3-Body  A61-ASP 26,  A62-GLU 40,  A65-LYS 50:       0.00307106 at      1.372 Ang (0.771 Ang by residue) in 3.5401 (sec).
 3-Body  A61-ASP 26,  A62-GLU 40,  A65-LYS 51:       0.02319881 at      1.289 Ang (0.771 Ang by residue) in 3.4063 (sec).
 3-Body  A61-ASP 26,  A62-GLU 40,  A65-LYS 52:       0.00152648 at      1.438 Ang (0.771 Ang by residue) in 3.4183 (sec).
 3-Body  A61-ASP 26,  A62-GLU 40,  A65-LYS 53:       0.00115239 at      1.438 Ang (0.771 Ang by residue) in 3.3238 (sec).
 3-Body  A61-ASP 26,  A62-GLU 40,  A65-LYS 54:       0.00310248 at      1.438 Ang (0.771 Ang by residue) in 3.4232 (sec).
 3-Body  A61-ASP 26,  A62-GLU 40,  A65-LYS 55:       0.00081088 at      1.438 Ang (0.771 Ang by residue) in 3.3279 (sec).
 3-Body  A61-ASP 26,  A62-GLU 41,  A64-GLU 0 :       0.00097444 at      1.568 Ang (1.755 Ang by residue) in 3.3920 (sec).
 3-Body  A61-ASP 26,  A62-GLU 41,  A64-GLU 36:       0.00097473 at      1.568 Ang (1.755 Ang by residue) in 3.4042 (sec).
 3-Body  A61-ASP 26,  A62-GLU 41,  A64-GLU 37:       0.00103382 at      1.568 Ang (1.755 Ang by residue) in 3.3305 (sec).
 3-Body  A61-ASP 26,  A62-GLU 41,  A64-GLU 40:       0.00116409 at      1.564 Ang (1.755 Ang by residue) in 3.2985 (sec).
 3-Body  A61-ASP 26,  A62-GLU 41,  A64-GLU 41:       0.00100211 at      1.565 Ang (1.755 Ang by residue) in 3.3517 (sec).
 3-Body  A61-ASP 26,  A62-GLU 41,  A65-LYS 0 :       0.00412884 at      1.441 Ang (0.771 Ang by residue) in 3.3448 (sec).
 3-Body  A61-ASP 26,  A62-GLU 41,  A65-LYD 1 :       0.00122753 at      1.441 Ang (0.771 Ang by residue) in 3.2509 (sec).
 3-Body  A61-ASP 26,  A62-GLU 41,  A65-LYD 8 :       0.00044756 at      1.451 Ang (0.771 Ang by residue) in 3.2105 (sec).
 3-Body  A61-ASP 26,  A62-GLU 41,  A65-LYD 9 :       0.00044861 at      1.451 Ang (0.771 Ang by residue) in 3.3438 (sec).
 3-Body  A61-ASP 26,  A62-GLU 41,  A65-LYD 10:       0.00052357 at      1.451 Ang (0.771 Ang by residue) in 3.4127 (sec).
 3-Body  A61-ASP 26,  A62-GLU 41,  A65-LYD 11:       0.00060824 at      1.451 Ang (0.771 Ang by residue) in 3.1349 (sec).
 3-Body  A61-ASP 26,  A62-GLU 41,  A65-LYD 12:       0.00040070 at      1.451 Ang (0.771 Ang by residue) in 3.4101 (sec).
 3-Body  A61-ASP 26,  A62-GLU 41,  A65-LYD 13:       0.00039887 at      1.451 Ang (0.771 Ang by residue) in 3.5238 (sec).
 3-Body  A61-ASP 26,  A62-GLU 41,  A65-LYD 15:       0.00052769 at      1.451 Ang (0.771 Ang by residue) in 3.4784 (sec).
 3-Body  A61-ASP 26,  A62-GLU 41,  A65-LYD 16:       0.00063452 at      1.451 Ang (0.771 Ang by residue) in 3.3167 (sec).
 3-Body  A61-ASP 26,  A62-GLU 41,  A65-LYD 19:       0.00104942 at      1.441 Ang (0.771 Ang by residue) in 3.3754 (sec).
 3-Body  A61-ASP 26,  A62-GLU 41,  A65-LYD 20:      -0.00279165 at      1.441 Ang (0.771 Ang by residue) in 3.3221 (sec).
 3-Body  A61-ASP 26,  A62-GLU 41,  A65-LYD 21:       0.00122652 at      1.441 Ang (0.771 Ang by residue) in 3.4753 (sec).
 3-Body  A61-ASP 26,  A62-GLU 41,  A65-LYD 22:       0.00153089 at      1.441 Ang (0.771 Ang by residue) in 3.3929 (sec).
 3-Body  A61-ASP 26,  A62-GLU 41,  A65-LYD 23:       0.00145252 at      1.235 Ang (0.771 Ang by residue) in 3.3106 (sec).
 3-Body  A61-ASP 26,  A62-GLU 41,  A65-LYD 25:       0.00071034 at      1.438 Ang (0.771 Ang by residue) in 3.2886 (sec).
 3-Body  A61-ASP 26,  A62-GLU 41,  A65-LYD 26:       0.00092153 at      1.438 Ang (0.771 Ang by residue) in 3.3429 (sec).
 3-Body  A61-ASP 26,  A62-GLU 41,  A65-LYD 27:       0.00184858 at      1.438 Ang (0.771 Ang by residue) in 3.3702 (sec).
 3-Body  A61-ASP 26,  A62-GLU 41,  A65-LYD 28:       0.00071487 at      1.438 Ang (0.771 Ang by residue) in 3.4653 (sec).
 3-Body  A61-ASP 26,  A62-GLU 41,  A65-LYS 30:       0.00275416 at      1.417 Ang (0.771 Ang by residue) in 3.4847 (sec).
 3-Body  A61-ASP 26,  A62-GLU 41,  A65-LYS 33:       0.00284295 at      1.313 Ang (0.771 Ang by residue) in 3.2817 (sec).
 3-Body  A61-ASP 26,  A62-GLU 41,  A65-LYS 35:       0.00054740 at      1.451 Ang (0.771 Ang by residue) in 3.3912 (sec).
 3-Body  A61-ASP 26,  A62-GLU 41,  A65-LYS 36:       0.00059780 at      1.451 Ang (0.771 Ang by residue) in 3.3513 (sec).
 3-Body  A61-ASP 26,  A62-GLU 41,  A65-LYS 37:       0.00117123 at      1.451 Ang (0.771 Ang by residue) in 3.2981 (sec).
 3-Body  A61-ASP 26,  A62-GLU 41,  A65-LYS 38:       0.00151277 at      1.451 Ang (0.771 Ang by residue) in 3.2699 (sec).
 3-Body  A61-ASP 26,  A62-GLU 41,  A65-LYS 39:       0.00065063 at      1.451 Ang (0.771 Ang by residue) in 3.4204 (sec).
 3-Body  A61-ASP 26,  A62-GLU 41,  A65-LYS 40:       0.00069863 at      1.451 Ang (0.771 Ang by residue) in 3.3608 (sec).
 3-Body  A61-ASP 26,  A62-GLU 41,  A65-LYS 42:       0.00151317 at      1.451 Ang (0.771 Ang by residue) in 3.4000 (sec).
 3-Body  A61-ASP 26,  A62-GLU 41,  A65-LYS 43:       0.00121995 at      1.451 Ang (0.771 Ang by residue) in 3.3942 (sec).
 3-Body  A61-ASP 26,  A62-GLU 41,  A65-LYS 44:       0.00371303 at      1.390 Ang (0.771 Ang by residue) in 3.3043 (sec).
 3-Body  A61-ASP 26,  A62-GLU 41,  A65-LYS 46:       0.00224748 at      1.441 Ang (0.771 Ang by residue) in 3.2871 (sec).
 3-Body  A61-ASP 26,  A62-GLU 41,  A65-LYS 47:       0.00844364 at      1.441 Ang (0.771 Ang by residue) in 3.3601 (sec).
 3-Body  A61-ASP 26,  A62-GLU 41,  A65-LYS 48:       0.00412829 at      1.441 Ang (0.771 Ang by residue) in 3.2126 (sec).
 3-Body  A61-ASP 26,  A62-GLU 41,  A65-LYS 49:       0.00343258 at      1.441 Ang (0.771 Ang by residue) in 3.3031 (sec).
 3-Body  A61-ASP 26,  A62-GLU 41,  A65-LYS 50:       0.00618249 at      1.235 Ang (0.771 Ang by residue) in 3.2973 (sec).
 3-Body  A61-ASP 26,  A62-GLU 41,  A65-LYS 51:       0.03333616 at      1.289 Ang (0.771 Ang by residue) in 3.4278 (sec).
 3-Body  A61-ASP 26,  A62-GLU 41,  A65-LYS 52:       0.00241173 at      1.438 Ang (0.771 Ang by residue) in 3.3933 (sec).
 3-Body  A61-ASP 26,  A62-GLU 41,  A65-LYS 53:       0.00155484 at      1.438 Ang (0.771 Ang by residue) in 3.3279 (sec).
 3-Body  A61-ASP 26,  A62-GLU 41,  A65-LYS 54:       0.00454872 at      1.438 Ang (0.771 Ang by residue) in 3.3289 (sec).
 3-Body  A61-ASP 26,  A62-GLU 41,  A65-LYS 55:       0.00103144 at      1.438 Ang (0.771 Ang by residue) in 3.3593 (sec).
 3-Body  A62-GLU 0 ,  A64-GLU 0 ,  A65-LYS 0 :       0.00094837 at      1.563 Ang (1.829 Ang by residue) in 3.2643 (sec).
 3-Body  A62-GLU 0 ,  A64-GLU 0 ,  A65-LYD 1 :       0.00076097 at      1.563 Ang (1.829 Ang by residue) in 3.2917 (sec).
 3-Body  A62-GLU 0 ,  A64-GLU 0 ,  A65-LYD 8 :       0.00051264 at      1.572 Ang (1.829 Ang by residue) in 3.4354 (sec).
 3-Body  A62-GLU 0 ,  A64-GLU 0 ,  A65-LYD 9 :       0.00051353 at      1.572 Ang (1.829 Ang by residue) in 3.2932 (sec).
 3-Body  A62-GLU 0 ,  A64-GLU 0 ,  A65-LYD 10:       0.00058261 at      1.572 Ang (1.829 Ang by residue) in 3.3025 (sec).
 3-Body  A62-GLU 0 ,  A64-GLU 0 ,  A65-LYD 11:       0.00059221 at      1.572 Ang (1.829 Ang by residue) in 3.2790 (sec).
 3-Body  A62-GLU 0 ,  A64-GLU 0 ,  A65-LYD 12:       0.00049985 at      1.572 Ang (1.829 Ang by residue) in 3.4650 (sec).
 3-Body  A62-GLU 0 ,  A64-GLU 0 ,  A65-LYD 13:       0.00050512 at      1.572 Ang (1.829 Ang by residue) in 3.0628 (sec).
 3-Body  A62-GLU 0 ,  A64-GLU 0 ,  A65-LYD 15:       0.00053113 at      1.572 Ang (1.829 Ang by residue) in 3.3529 (sec).
 3-Body  A62-GLU 0 ,  A64-GLU 0 ,  A65-LYD 16:       0.00053437 at      1.572 Ang (1.829 Ang by residue) in 3.3067 (sec).
 3-Body  A62-GLU 0 ,  A64-GLU 0 ,  A65-LYD 19:       0.00071992 at      1.563 Ang (1.829 Ang by residue) in 3.3164 (sec).
 3-Body  A62-GLU 0 ,  A64-GLU 0 ,  A65-LYD 20:       0.00082264 at      1.563 Ang (1.829 Ang by residue) in 3.2880 (sec).
 3-Body  A62-GLU 0 ,  A64-GLU 0 ,  A65-LYD 21:       0.00076091 at      1.563 Ang (1.829 Ang by residue) in 3.3732 (sec).
 3-Body  A62-GLU 0 ,  A64-GLU 0 ,  A65-LYD 22:       0.00077287 at      1.563 Ang (1.829 Ang by residue) in 3.3228 (sec).
 3-Body  A62-GLU 0 ,  A64-GLU 0 ,  A65-LYD 23:       0.00130638 at      1.499 Ang (1.829 Ang by residue) in 3.4045 (sec).
 3-Body  A62-GLU 0 ,  A64-GLU 0 ,  A65-LYD 25:       0.00075762 at      1.569 Ang (1.829 Ang by residue) in 3.3889 (sec).
 3-Body  A62-GLU 0 ,  A64-GLU 0 ,  A65-LYD 26:       0.00077165 at      1.569 Ang (1.829 Ang by residue) in 3.2540 (sec).
 3-Body  A62-GLU 0 ,  A64-GLU 0 ,  A65-LYD 27:       0.00084660 at      1.569 Ang (1.829 Ang by residue) in 3.4341 (sec).
 3-Body  A62-GLU 0 ,  A64-GLU 0 ,  A65-LYD 28:       0.00072063 at      1.569 Ang (1.829 Ang by residue) in 3.2409 (sec).
 3-Body  A62-GLU 0 ,  A64-GLU 0 ,  A65-LYS 30:       0.00078424 at      1.541 Ang (1.829 Ang by residue) in 3.3063 (sec).
 3-Body  A62-GLU 0 ,  A64-GLU 0 ,  A65-LYS 33:       0.00253140 at      1.462 Ang (1.829 Ang by residue) in 3.3683 (sec).
 3-Body  A62-GLU 0 ,  A64-GLU 0 ,  A65-LYS 35:       0.00061887 at      1.572 Ang (1.829 Ang by residue) in 3.1725 (sec).
 3-Body  A62-GLU 0 ,  A64-GLU 0 ,  A65-LYS 36:       0.00062238 at      1.572 Ang (1.829 Ang by residue) in 3.5236 (sec).
 3-Body  A62-GLU 0 ,  A64-GLU 0 ,  A65-LYS 37:       0.00077248 at      1.572 Ang (1.829 Ang by residue) in 3.4610 (sec).
 3-Body  A62-GLU 0 ,  A64-GLU 0 ,  A65-LYS 38:       0.00073941 at      1.572 Ang (1.829 Ang by residue) in 3.4348 (sec).
 3-Body  A62-GLU 0 ,  A64-GLU 0 ,  A65-LYS 39:       0.00061602 at      1.572 Ang (1.829 Ang by residue) in 3.3104 (sec).
 3-Body  A62-GLU 0 ,  A64-GLU 0 ,  A65-LYS 40:       0.00060871 at      1.572 Ang (1.829 Ang by residue) in 3.3549 (sec).
 3-Body  A62-GLU 0 ,  A64-GLU 0 ,  A65-LYS 42:       0.00067101 at      1.572 Ang (1.829 Ang by residue) in 3.3896 (sec).
 3-Body  A62-GLU 0 ,  A64-GLU 0 ,  A65-LYS 43:       0.00067511 at      1.572 Ang (1.829 Ang by residue) in 3.3688 (sec).
 3-Body  A62-GLU 0 ,  A64-GLU 0 ,  A65-LYS 44:       0.00117209 at      1.543 Ang (1.829 Ang by residue) in 3.5381 (sec).
 3-Body  A62-GLU 0 ,  A64-GLU 0 ,  A65-LYS 46:       0.00086404 at      1.563 Ang (1.829 Ang by residue) in 3.3798 (sec).
 3-Body  A62-GLU 0 ,  A64-GLU 0 ,  A65-LYS 47:       0.00132923 at      1.563 Ang (1.829 Ang by residue) in 3.3351 (sec).
 3-Body  A62-GLU 0 ,  A64-GLU 0 ,  A65-LYS 48:       0.00094832 at      1.563 Ang (1.829 Ang by residue) in 3.4592 (sec).
 3-Body  A62-GLU 0 ,  A64-GLU 0 ,  A65-LYS 49:       0.00094871 at      1.563 Ang (1.829 Ang by residue) in 3.5365 (sec).
 3-Body  A62-GLU 0 ,  A64-GLU 0 ,  A65-LYS 50:       0.00162344 at      1.499 Ang (1.829 Ang by residue) in 3.3395 (sec).
 3-Body  A62-GLU 0 ,  A64-GLU 0 ,  A65-LYS 51:       0.00501538 at      1.481 Ang (1.829 Ang by residue) in 3.1116 (sec).
 3-Body  A62-GLU 0 ,  A64-GLU 0 ,  A65-LYS 52:       0.00093848 at      1.569 Ang (1.829 Ang by residue) in 3.3686 (sec).
 3-Body  A62-GLU 0 ,  A64-GLU 0 ,  A65-LYS 53:       0.00090347 at      1.569 Ang (1.829 Ang by residue) in 3.3011 (sec).
 3-Body  A62-GLU 0 ,  A64-GLU 0 ,  A65-LYS 54:       0.00120599 at      1.569 Ang (1.829 Ang by residue) in 3.4831 (sec).
 3-Body  A62-GLU 0 ,  A64-GLU 0 ,  A65-LYS 55:       0.00083597 at      1.569 Ang (1.829 Ang by residue) in 3.3381 (sec).
 3-Body  A62-GLU 0 ,  A64-GLU 36,  A65-LYS 0 :       0.00094848 at      1.563 Ang (1.829 Ang by residue) in 3.2804 (sec).
 3-Body  A62-GLU 0 ,  A64-GLU 36,  A65-LYD 1 :       0.00076107 at      1.563 Ang (1.829 Ang by residue) in 3.5038 (sec).
 3-Body  A62-GLU 0 ,  A64-GLU 36,  A65-LYD 8 :       0.00051270 at      1.572 Ang (1.829 Ang by residue) in 3.2992 (sec).
 3-Body  A62-GLU 0 ,  A64-GLU 36,  A65-LYD 9 :       0.00051360 at      1.572 Ang (1.829 Ang by residue) in 3.3353 (sec).
 3-Body  A62-GLU 0 ,  A64-GLU 36,  A65-LYD 10:       0.00058268 at      1.572 Ang (1.829 Ang by residue) in 3.4348 (sec).
 3-Body  A62-GLU 0 ,  A64-GLU 36,  A65-LYD 11:       0.00059229 at      1.572 Ang (1.829 Ang by residue) in 3.3233 (sec).
 3-Body  A62-GLU 0 ,  A64-GLU 36,  A65-LYD 12:       0.00049992 at      1.572 Ang (1.829 Ang by residue) in 3.3633 (sec).
 3-Body  A62-GLU 0 ,  A64-GLU 36,  A65-LYD 13:       0.00050519 at      1.572 Ang (1.829 Ang by residue) in 3.2666 (sec).
 3-Body  A62-GLU 0 ,  A64-GLU 36,  A65-LYD 15:       0.00053120 at      1.572 Ang (1.829 Ang by residue) in 3.3260 (sec).
 3-Body  A62-GLU 0 ,  A64-GLU 36,  A65-LYD 16:       0.00053444 at      1.572 Ang (1.829 Ang by residue) in 3.4036 (sec).
 3-Body  A62-GLU 0 ,  A64-GLU 36,  A65-LYD 19:       0.00072003 at      1.563 Ang (1.829 Ang by residue) in 3.2364 (sec).
 3-Body  A62-GLU 0 ,  A64-GLU 36,  A65-LYD 20:       0.00082276 at      1.563 Ang (1.829 Ang by residue) in 3.2463 (sec).
 3-Body  A62-GLU 0 ,  A64-GLU 36,  A65-LYD 21:       0.00076102 at      1.563 Ang (1.829 Ang by residue) in 3.1294 (sec).
 3-Body  A62-GLU 0 ,  A64-GLU 36,  A65-LYD 22:       0.00077298 at      1.563 Ang (1.829 Ang by residue) in 3.3025 (sec).
 3-Body  A62-GLU 0 ,  A64-GLU 36,  A65-LYD 23:       0.00130655 at      1.499 Ang (1.829 Ang by residue) in 3.2895 (sec).
 3-Body  A62-GLU 0 ,  A64-GLU 36,  A65-LYD 25:       0.00075772 at      1.569 Ang (1.829 Ang by residue) in 3.4023 (sec).
 3-Body  A62-GLU 0 ,  A64-GLU 36,  A65-LYD 26:       0.00077174 at      1.569 Ang (1.829 Ang by residue) in 3.3018 (sec).
 3-Body  A62-GLU 0 ,  A64-GLU 36,  A65-LYD 27:       0.00084671 at      1.569 Ang (1.829 Ang by residue) in 3.5679 (sec).
 3-Body  A62-GLU 0 ,  A64-GLU 36,  A65-LYD 28:       0.00072073 at      1.569 Ang (1.829 Ang by residue) in 3.4261 (sec).
 3-Body  A62-GLU 0 ,  A64-GLU 36,  A65-LYS 30:       0.00078431 at      1.541 Ang (1.829 Ang by residue) in 3.3563 (sec).
 3-Body  A62-GLU 0 ,  A64-GLU 36,  A65-LYS 33:       0.00253187 at      1.462 Ang (1.829 Ang by residue) in 3.2271 (sec).
 3-Body  A62-GLU 0 ,  A64-GLU 36,  A65-LYS 35:       0.00061895 at      1.572 Ang (1.829 Ang by residue) in 3.3952 (sec).
 3-Body  A62-GLU 0 ,  A64-GLU 36,  A65-LYS 36:       0.00062246 at      1.572 Ang (1.829 Ang by residue) in 3.2214 (sec).
 3-Body  A62-GLU 0 ,  A64-GLU 36,  A65-LYS 37:       0.00077257 at      1.572 Ang (1.829 Ang by residue) in 3.0813 (sec).
 3-Body  A62-GLU 0 ,  A64-GLU 36,  A65-LYS 38:       0.00073950 at      1.572 Ang (1.829 Ang by residue) in 3.4056 (sec).
 3-Body  A62-GLU 0 ,  A64-GLU 36,  A65-LYS 39:       0.00061610 at      1.572 Ang (1.829 Ang by residue) in 3.2601 (sec).
 3-Body  A62-GLU 0 ,  A64-GLU 36,  A65-LYS 40:       0.00060879 at      1.572 Ang (1.829 Ang by residue) in 3.3456 (sec).
 3-Body  A62-GLU 0 ,  A64-GLU 36,  A65-LYS 42:       0.00067109 at      1.572 Ang (1.829 Ang by residue) in 3.3539 (sec).
 3-Body  A62-GLU 0 ,  A64-GLU 36,  A65-LYS 43:       0.00067518 at      1.572 Ang (1.829 Ang by residue) in 3.3440 (sec).
 3-Body  A62-GLU 0 ,  A64-GLU 36,  A65-LYS 44:       0.00117220 at      1.543 Ang (1.829 Ang by residue) in 3.2195 (sec).
 3-Body  A62-GLU 0 ,  A64-GLU 36,  A65-LYS 46:       0.00086415 at      1.563 Ang (1.829 Ang by residue) in 3.0806 (sec).
 3-Body  A62-GLU 0 ,  A64-GLU 36,  A65-LYS 47:       0.00132935 at      1.563 Ang (1.829 Ang by residue) in 3.4606 (sec).
 3-Body  A62-GLU 0 ,  A64-GLU 36,  A65-LYS 48:       0.00094842 at      1.563 Ang (1.829 Ang by residue) in 3.2665 (sec).
 3-Body  A62-GLU 0 ,  A64-GLU 36,  A65-LYS 49:       0.00094882 at      1.563 Ang (1.829 Ang by residue) in 3.2445 (sec).
 3-Body  A62-GLU 0 ,  A64-GLU 36,  A65-LYS 50:       0.00162360 at      1.499 Ang (1.829 Ang by residue) in 3.4388 (sec).
 3-Body  A62-GLU 0 ,  A64-GLU 36,  A65-LYS 51:       0.00501554 at      1.481 Ang (1.829 Ang by residue) in 3.1783 (sec).
 3-Body  A62-GLU 0 ,  A64-GLU 36,  A65-LYS 52:       0.00093858 at      1.569 Ang (1.829 Ang by residue) in 3.4627 (sec).
 3-Body  A62-GLU 0 ,  A64-GLU 36,  A65-LYS 53:       0.00090355 at      1.569 Ang (1.829 Ang by residue) in 3.3847 (sec).
 3-Body  A62-GLU 0 ,  A64-GLU 36,  A65-LYS 54:       0.00120605 at      1.569 Ang (1.829 Ang by residue) in 3.3390 (sec).
 3-Body  A62-GLU 0 ,  A64-GLU 36,  A65-LYS 55:       0.00083607 at      1.569 Ang (1.829 Ang by residue) in 3.5144 (sec).
 3-Body  A62-GLU 0 ,  A64-GLU 37,  A65-LYS 0 :       0.00089837 at      1.563 Ang (1.829 Ang by residue) in 3.4003 (sec).
 3-Body  A62-GLU 0 ,  A64-GLU 37,  A65-LYD 1 :       0.00066844 at      1.563 Ang (1.829 Ang by residue) in 3.3386 (sec).
 3-Body  A62-GLU 0 ,  A64-GLU 37,  A65-LYD 8 :       0.00042404 at      1.572 Ang (1.829 Ang by residue) in 3.3747 (sec).
 3-Body  A62-GLU 0 ,  A64-GLU 37,  A65-LYD 9 :       0.00042360 at      1.572 Ang (1.829 Ang by residue) in 3.2949 (sec).
 3-Body  A62-GLU 0 ,  A64-GLU 37,  A65-LYD 10:       0.00048292 at      1.572 Ang (1.829 Ang by residue) in 3.4092 (sec).
 3-Body  A62-GLU 0 ,  A64-GLU 37,  A65-LYD 11:       0.00049385 at      1.572 Ang (1.829 Ang by residue) in 3.2266 (sec).
 3-Body  A62-GLU 0 ,  A64-GLU 37,  A65-LYD 12:       0.00041298 at      1.572 Ang (1.829 Ang by residue) in 3.3996 (sec).
 3-Body  A62-GLU 0 ,  A64-GLU 37,  A65-LYD 13:       0.00041652 at      1.572 Ang (1.829 Ang by residue) in 3.3501 (sec).
 3-Body  A62-GLU 0 ,  A64-GLU 37,  A65-LYD 15:       0.00044546 at      1.572 Ang (1.829 Ang by residue) in 3.4060 (sec).
 3-Body  A62-GLU 0 ,  A64-GLU 37,  A65-LYD 16:       0.00045057 at      1.572 Ang (1.829 Ang by residue) in 3.4732 (sec).
 3-Body  A62-GLU 0 ,  A64-GLU 37,  A65-LYD 19:       0.00061411 at      1.563 Ang (1.829 Ang by residue) in 3.4686 (sec).
 3-Body  A62-GLU 0 ,  A64-GLU 37,  A65-LYD 20:       0.00074347 at      1.563 Ang (1.829 Ang by residue) in 3.3928 (sec).
 3-Body  A62-GLU 0 ,  A64-GLU 37,  A65-LYD 21:       0.00066836 at      1.563 Ang (1.829 Ang by residue) in 3.4388 (sec).
 3-Body  A62-GLU 0 ,  A64-GLU 37,  A65-LYD 22:       0.00068750 at      1.563 Ang (1.829 Ang by residue) in 3.3059 (sec).
 3-Body  A62-GLU 0 ,  A64-GLU 37,  A65-LYD 23:       0.00123474 at      1.499 Ang (1.829 Ang by residue) in 3.2955 (sec).
 3-Body  A62-GLU 0 ,  A64-GLU 37,  A65-LYD 25:       0.00066059 at      1.569 Ang (1.829 Ang by residue) in 3.2989 (sec).
 3-Body  A62-GLU 0 ,  A64-GLU 37,  A65-LYD 26:       0.00067939 at      1.569 Ang (1.829 Ang by residue) in 3.3120 (sec).
 3-Body  A62-GLU 0 ,  A64-GLU 37,  A65-LYD 27:       0.00075985 at      1.569 Ang (1.829 Ang by residue) in 3.2832 (sec).
 3-Body  A62-GLU 0 ,  A64-GLU 37,  A65-LYD 28:       0.00061603 at      1.569 Ang (1.829 Ang by residue) in 3.3220 (sec).
 3-Body  A62-GLU 0 ,  A64-GLU 37,  A65-LYS 30:       0.00073418 at      1.541 Ang (1.829 Ang by residue) in 3.4488 (sec).
 3-Body  A62-GLU 0 ,  A64-GLU 37,  A65-LYS 33:       0.00214212 at      1.462 Ang (1.829 Ang by residue) in 3.2226 (sec).
 3-Body  A62-GLU 0 ,  A64-GLU 37,  A65-LYS 35:       0.00051893 at      1.572 Ang (1.829 Ang by residue) in 3.1338 (sec).
 3-Body  A62-GLU 0 ,  A64-GLU 37,  A65-LYS 36:       0.00052265 at      1.572 Ang (1.829 Ang by residue) in 3.4461 (sec).
 3-Body  A62-GLU 0 ,  A64-GLU 37,  A65-LYS 37:       0.00064619 at      1.572 Ang (1.829 Ang by residue) in 3.4274 (sec).
 3-Body  A62-GLU 0 ,  A64-GLU 37,  A65-LYS 38:       0.00062374 at      1.572 Ang (1.829 Ang by residue) in 3.2634 (sec).
 3-Body  A62-GLU 0 ,  A64-GLU 37,  A65-LYS 39:       0.00051967 at      1.572 Ang (1.829 Ang by residue) in 3.4259 (sec).
 3-Body  A62-GLU 0 ,  A64-GLU 37,  A65-LYS 40:       0.00051137 at      1.572 Ang (1.829 Ang by residue) in 3.4173 (sec).
 3-Body  A62-GLU 0 ,  A64-GLU 37,  A65-LYS 42:       0.00058734 at      1.572 Ang (1.829 Ang by residue) in 3.3532 (sec).
 3-Body  A62-GLU 0 ,  A64-GLU 37,  A65-LYS 43:       0.00058872 at      1.572 Ang (1.829 Ang by residue) in 3.4268 (sec).
 3-Body  A62-GLU 0 ,  A64-GLU 37,  A65-LYS 44:       0.00112602 at      1.543 Ang (1.829 Ang by residue) in 3.3045 (sec).
 3-Body  A62-GLU 0 ,  A64-GLU 37,  A65-LYS 46:       0.00076069 at      1.563 Ang (1.829 Ang by residue) in 3.4991 (sec).
 3-Body  A62-GLU 0 ,  A64-GLU 37,  A65-LYS 47:       0.00138726 at      1.563 Ang (1.829 Ang by residue) in 3.2784 (sec).
 3-Body  A62-GLU 0 ,  A64-GLU 37,  A65-LYS 48:       0.00089829 at      1.563 Ang (1.829 Ang by residue) in 3.2999 (sec).
 3-Body  A62-GLU 0 ,  A64-GLU 37,  A65-LYS 49:       0.00088509 at      1.563 Ang (1.829 Ang by residue) in 3.2886 (sec).
 3-Body  A62-GLU 0 ,  A64-GLU 37,  A65-LYS 50:       0.00163669 at      1.499 Ang (1.829 Ang by residue) in 3.3997 (sec).
 3-Body  A62-GLU 0 ,  A64-GLU 37,  A65-LYS 51:       0.00571752 at      1.481 Ang (1.829 Ang by residue) in 3.3085 (sec).
 3-Body  A62-GLU 0 ,  A64-GLU 37,  A65-LYS 52:       0.00086672 at      1.569 Ang (1.829 Ang by residue) in 3.4053 (sec).
 3-Body  A62-GLU 0 ,  A64-GLU 37,  A65-LYS 53:       0.00081999 at      1.569 Ang (1.829 Ang by residue) in 3.2710 (sec).
 3-Body  A62-GLU 0 ,  A64-GLU 37,  A65-LYS 54:       0.00122092 at      1.569 Ang (1.829 Ang by residue) in 3.4397 (sec).
 3-Body  A62-GLU 0 ,  A64-GLU 37,  A65-LYS 55:       0.00072530 at      1.569 Ang (1.829 Ang by residue) in 3.3076 (sec).
 3-Body  A62-GLU 0 ,  A64-GLU 40,  A65-LYS 0 :       0.00074600 at      1.563 Ang (1.829 Ang by residue) in 3.3697 (sec).
 3-Body  A62-GLU 0 ,  A64-GLU 40,  A65-LYD 1 :       0.00056515 at      1.563 Ang (1.829 Ang by residue) in 3.4103 (sec).
 3-Body  A62-GLU 0 ,  A64-GLU 40,  A65-LYD 8 :       0.00033695 at      1.572 Ang (1.829 Ang by residue) in 3.4282 (sec).
 3-Body  A62-GLU 0 ,  A64-GLU 40,  A65-LYD 9 :       0.00033749 at      1.572 Ang (1.829 Ang by residue) in 3.3673 (sec).
 3-Body  A62-GLU 0 ,  A64-GLU 40,  A65-LYD 10:       0.00038981 at      1.572 Ang (1.829 Ang by residue) in 3.3387 (sec).
 3-Body  A62-GLU 0 ,  A64-GLU 40,  A65-LYD 11:       0.00039545 at      1.572 Ang (1.829 Ang by residue) in 3.4010 (sec).
 3-Body  A62-GLU 0 ,  A64-GLU 40,  A65-LYD 12:       0.00033059 at      1.572 Ang (1.829 Ang by residue) in 3.3101 (sec).
 3-Body  A62-GLU 0 ,  A64-GLU 40,  A65-LYD 13:       0.00033414 at      1.572 Ang (1.829 Ang by residue) in 3.2535 (sec).
 3-Body  A62-GLU 0 ,  A64-GLU 40,  A65-LYD 15:       0.00036013 at      1.572 Ang (1.829 Ang by residue) in 3.3887 (sec).
 3-Body  A62-GLU 0 ,  A64-GLU 40,  A65-LYD 16:       0.00036188 at      1.572 Ang (1.829 Ang by residue) in 3.4059 (sec).
 3-Body  A62-GLU 0 ,  A64-GLU 40,  A65-LYD 19:       0.00051383 at      1.563 Ang (1.829 Ang by residue) in 3.2964 (sec).
 3-Body  A62-GLU 0 ,  A64-GLU 40,  A65-LYD 20:       0.00062337 at      1.563 Ang (1.829 Ang by residue) in 3.3646 (sec).
 3-Body  A62-GLU 0 ,  A64-GLU 40,  A65-LYD 21:       0.00056510 at      1.563 Ang (1.829 Ang by residue) in 3.3915 (sec).
 3-Body  A62-GLU 0 ,  A64-GLU 40,  A65-LYD 22:       0.00057837 at      1.563 Ang (1.829 Ang by residue) in 3.3479 (sec).
 3-Body  A62-GLU 0 ,  A64-GLU 40,  A65-LYD 23:       0.00098259 at      1.499 Ang (1.829 Ang by residue) in 3.4077 (sec).
 3-Body  A62-GLU 0 ,  A64-GLU 40,  A65-LYD 25:       0.00053857 at      1.569 Ang (1.829 Ang by residue) in 3.3011 (sec).
 3-Body  A62-GLU 0 ,  A64-GLU 40,  A65-LYD 26:       0.00055142 at      1.569 Ang (1.829 Ang by residue) in 3.2773 (sec).
 3-Body  A62-GLU 0 ,  A64-GLU 40,  A65-LYD 27:       0.00064735 at      1.569 Ang (1.829 Ang by residue) in 3.2970 (sec).
 3-Body  A62-GLU 0 ,  A64-GLU 40,  A65-LYD 28:       0.00050467 at      1.569 Ang (1.829 Ang by residue) in 3.4185 (sec).
 3-Body  A62-GLU 0 ,  A64-GLU 40,  A65-LYS 30:       0.00060015 at      1.541 Ang (1.829 Ang by residue) in 3.2762 (sec).
 3-Body  A62-GLU 0 ,  A64-GLU 40,  A65-LYS 33:       0.00180738 at      1.462 Ang (1.829 Ang by residue) in 3.3389 (sec).
 3-Body  A62-GLU 0 ,  A64-GLU 40,  A65-LYS 35:       0.00040357 at      1.572 Ang (1.829 Ang by residue) in 3.4612 (sec).
 3-Body  A62-GLU 0 ,  A64-GLU 40,  A65-LYS 36:       0.00040529 at      1.572 Ang (1.829 Ang by residue) in 3.2048 (sec).
 3-Body  A62-GLU 0 ,  A64-GLU 40,  A65-LYS 37:       0.00051372 at      1.572 Ang (1.829 Ang by residue) in 3.4754 (sec).
 3-Body  A62-GLU 0 ,  A64-GLU 40,  A65-LYS 38:       0.00047074 at      1.572 Ang (1.829 Ang by residue) in 3.4874 (sec).
 3-Body  A62-GLU 0 ,  A64-GLU 40,  A65-LYS 39:       0.00040749 at      1.572 Ang (1.829 Ang by residue) in 3.3184 (sec).
 3-Body  A62-GLU 0 ,  A64-GLU 40,  A65-LYS 40:       0.00039597 at      1.572 Ang (1.829 Ang by residue) in 3.4014 (sec).
 3-Body  A62-GLU 0 ,  A64-GLU 40,  A65-LYS 42:       0.00045430 at      1.572 Ang (1.829 Ang by residue) in 3.3127 (sec).
 3-Body  A62-GLU 0 ,  A64-GLU 40,  A65-LYS 43:       0.00046439 at      1.572 Ang (1.829 Ang by residue) in 3.5642 (sec).
 3-Body  A62-GLU 0 ,  A64-GLU 40,  A65-LYS 44:       0.00091892 at      1.543 Ang (1.829 Ang by residue) in 3.4022 (sec).
 3-Body  A62-GLU 0 ,  A64-GLU 40,  A65-LYS 46:       0.00062271 at      1.563 Ang (1.829 Ang by residue) in 3.5235 (sec).
 3-Body  A62-GLU 0 ,  A64-GLU 40,  A65-LYS 47:       0.00123859 at      1.563 Ang (1.829 Ang by residue) in 3.2134 (sec).
 3-Body  A62-GLU 0 ,  A64-GLU 40,  A65-LYS 48:       0.00074595 at      1.563 Ang (1.829 Ang by residue) in 3.1592 (sec).
 3-Body  A62-GLU 0 ,  A64-GLU 40,  A65-LYS 49:       0.00074475 at      1.563 Ang (1.829 Ang by residue) in 3.4232 (sec).
 3-Body  A62-GLU 0 ,  A64-GLU 40,  A65-LYS 50:       0.00123250 at      1.499 Ang (1.829 Ang by residue) in 3.3836 (sec).
 3-Body  A62-GLU 0 ,  A64-GLU 40,  A65-LYS 51:       0.00523764 at      1.481 Ang (1.829 Ang by residue) in 3.4466 (sec).
 3-Body  A62-GLU 0 ,  A64-GLU 40,  A65-LYS 52:       0.00070558 at      1.569 Ang (1.829 Ang by residue) in 3.0933 (sec).
 3-Body  A62-GLU 0 ,  A64-GLU 40,  A65-LYS 53:       0.00065888 at      1.569 Ang (1.829 Ang by residue) in 3.3076 (sec).
 3-Body  A62-GLU 0 ,  A64-GLU 40,  A65-LYS 54:       0.00098340 at      1.569 Ang (1.829 Ang by residue) in 3.4137 (sec).
 3-Body  A62-GLU 0 ,  A64-GLU 40,  A65-LYS 55:       0.00058664 at      1.569 Ang (1.829 Ang by residue) in 3.2600 (sec).
 3-Body  A62-GLU 0 ,  A64-GLU 41,  A65-LYS 0 :       0.00074864 at      1.563 Ang (1.829 Ang by residue) in 3.4705 (sec).
 3-Body  A62-GLU 0 ,  A64-GLU 41,  A65-LYD 1 :       0.00061366 at      1.563 Ang (1.829 Ang by residue) in 3.3535 (sec).
 3-Body  A62-GLU 0 ,  A64-GLU 41,  A65-LYD 8 :       0.00038613 at      1.572 Ang (1.829 Ang by residue) in 3.2826 (sec).
 3-Body  A62-GLU 0 ,  A64-GLU 41,  A65-LYD 9 :       0.00038795 at      1.572 Ang (1.829 Ang by residue) in 3.3881 (sec).
 3-Body  A62-GLU 0 ,  A64-GLU 41,  A65-LYD 10:       0.00045452 at      1.572 Ang (1.829 Ang by residue) in 3.3676 (sec).
 3-Body  A62-GLU 0 ,  A64-GLU 41,  A65-LYD 11:       0.00046038 at      1.572 Ang (1.829 Ang by residue) in 3.2632 (sec).
 3-Body  A62-GLU 0 ,  A64-GLU 41,  A65-LYD 12:       0.00038239 at      1.572 Ang (1.829 Ang by residue) in 3.4446 (sec).
 3-Body  A62-GLU 0 ,  A64-GLU 41,  A65-LYD 13:       0.00038762 at      1.572 Ang (1.829 Ang by residue) in 3.3929 (sec).
 3-Body  A62-GLU 0 ,  A64-GLU 41,  A65-LYD 15:       0.00041155 at      1.572 Ang (1.829 Ang by residue) in 3.3379 (sec).
 3-Body  A62-GLU 0 ,  A64-GLU 41,  A65-LYD 16:       0.00041137 at      1.572 Ang (1.829 Ang by residue) in 3.4821 (sec).
 3-Body  A62-GLU 0 ,  A64-GLU 41,  A65-LYD 19:       0.00057227 at      1.563 Ang (1.829 Ang by residue) in 3.4523 (sec).
 3-Body  A62-GLU 0 ,  A64-GLU 41,  A65-LYD 20:       0.00065692 at      1.563 Ang (1.829 Ang by residue) in 3.3180 (sec).
 3-Body  A62-GLU 0 ,  A64-GLU 41,  A65-LYD 21:       0.00061363 at      1.563 Ang (1.829 Ang by residue) in 3.4869 (sec).
 3-Body  A62-GLU 0 ,  A64-GLU 41,  A65-LYD 22:       0.00061980 at      1.563 Ang (1.829 Ang by residue) in 3.4269 (sec).
 3-Body  A62-GLU 0 ,  A64-GLU 41,  A65-LYD 23:       0.00101799 at      1.499 Ang (1.829 Ang by residue) in 3.4174 (sec).
 3-Body  A62-GLU 0 ,  A64-GLU 41,  A65-LYD 25:       0.00058635 at      1.569 Ang (1.829 Ang by residue) in 3.3074 (sec).
 3-Body  A62-GLU 0 ,  A64-GLU 41,  A65-LYD 26:       0.00059553 at      1.569 Ang (1.829 Ang by residue) in 3.3850 (sec).
 3-Body  A62-GLU 0 ,  A64-GLU 41,  A65-LYD 27:       0.00067648 at      1.569 Ang (1.829 Ang by residue) in 3.5133 (sec).
 3-Body  A62-GLU 0 ,  A64-GLU 41,  A65-LYD 28:       0.00055521 at      1.569 Ang (1.829 Ang by residue) in 3.3839 (sec).
 3-Body  A62-GLU 0 ,  A64-GLU 41,  A65-LYS 30:       0.00061067 at      1.541 Ang (1.829 Ang by residue) in 3.3234 (sec).
 3-Body  A62-GLU 0 ,  A64-GLU 41,  A65-LYS 33:       0.00217457 at      1.462 Ang (1.829 Ang by residue) in 3.4730 (sec).
 3-Body  A62-GLU 0 ,  A64-GLU 41,  A65-LYS 35:       0.00045574 at      1.572 Ang (1.829 Ang by residue) in 3.4034 (sec).
 3-Body  A62-GLU 0 ,  A64-GLU 41,  A65-LYS 36:       0.00045827 at      1.572 Ang (1.829 Ang by residue) in 3.4525 (sec).
 3-Body  A62-GLU 0 ,  A64-GLU 41,  A65-LYS 37:       0.00060032 at      1.572 Ang (1.829 Ang by residue) in 3.4545 (sec).
 3-Body  A62-GLU 0 ,  A64-GLU 41,  A65-LYS 38:       0.00055118 at      1.572 Ang (1.829 Ang by residue) in 3.4914 (sec).
 3-Body  A62-GLU 0 ,  A64-GLU 41,  A65-LYS 39:       0.00046262 at      1.572 Ang (1.829 Ang by residue) in 3.4119 (sec).
 3-Body  A62-GLU 0 ,  A64-GLU 41,  A65-LYS 40:       0.00045330 at      1.572 Ang (1.829 Ang by residue) in 3.3781 (sec).
 3-Body  A62-GLU 0 ,  A64-GLU 41,  A65-LYS 42:       0.00049982 at      1.572 Ang (1.829 Ang by residue) in 3.3186 (sec).
 3-Body  A62-GLU 0 ,  A64-GLU 41,  A65-LYS 43:       0.00051043 at      1.572 Ang (1.829 Ang by residue) in 3.3830 (sec).
 3-Body  A62-GLU 0 ,  A64-GLU 41,  A65-LYS 44:       0.00091463 at      1.543 Ang (1.829 Ang by residue) in 3.4083 (sec).
 3-Body  A62-GLU 0 ,  A64-GLU 41,  A65-LYS 46:       0.00067402 at      1.563 Ang (1.829 Ang by residue) in 3.3902 (sec).
 3-Body  A62-GLU 0 ,  A64-GLU 41,  A65-LYS 47:       0.00113090 at      1.563 Ang (1.829 Ang by residue) in 3.4091 (sec).
 3-Body  A62-GLU 0 ,  A64-GLU 41,  A65-LYS 48:       0.00074860 at      1.563 Ang (1.829 Ang by residue) in 3.3069 (sec).
 3-Body  A62-GLU 0 ,  A64-GLU 41,  A65-LYS 49:       0.00076000 at      1.563 Ang (1.829 Ang by residue) in 3.4025 (sec).
 3-Body  A62-GLU 0 ,  A64-GLU 41,  A65-LYS 50:       0.00118822 at      1.499 Ang (1.829 Ang by residue) in 3.3655 (sec).
 3-Body  A62-GLU 0 ,  A64-GLU 41,  A65-LYS 51:       0.00442083 at      1.481 Ang (1.829 Ang by residue) in 3.4028 (sec).
 3-Body  A62-GLU 0 ,  A64-GLU 41,  A65-LYS 52:       0.00072519 at      1.569 Ang (1.829 Ang by residue) in 3.3372 (sec).
 3-Body  A62-GLU 0 ,  A64-GLU 41,  A65-LYS 53:       0.00069079 at      1.569 Ang (1.829 Ang by residue) in 3.3779 (sec).
 3-Body  A62-GLU 0 ,  A64-GLU 41,  A65-LYS 54:       0.00094496 at      1.569 Ang (1.829 Ang by residue) in 3.3638 (sec).
 3-Body  A62-GLU 0 ,  A64-GLU 41,  A65-LYS 55:       0.00063547 at      1.569 Ang (1.829 Ang by residue) in 3.5404 (sec).
 3-Body  A62-GLU 40,  A64-GLU 0 ,  A65-LYS 0 :       0.00094215 at      1.563 Ang (1.829 Ang by residue) in 3.5877 (sec).
 3-Body  A62-GLU 40,  A64-GLU 0 ,  A65-LYD 1 :       0.00074601 at      1.563 Ang (1.829 Ang by residue) in 3.3025 (sec).
 3-Body  A62-GLU 40,  A64-GLU 0 ,  A65-LYD 8 :       0.00050404 at      1.572 Ang (1.829 Ang by residue) in 3.3027 (sec).
 3-Body  A62-GLU 40,  A64-GLU 0 ,  A65-LYD 9 :       0.00050510 at      1.572 Ang (1.829 Ang by residue) in 3.5002 (sec).
 3-Body  A62-GLU 40,  A64-GLU 0 ,  A65-LYD 10:       0.00057630 at      1.572 Ang (1.829 Ang by residue) in 3.4716 (sec).
 3-Body  A62-GLU 40,  A64-GLU 0 ,  A65-LYD 11:       0.00058731 at      1.572 Ang (1.829 Ang by residue) in 3.5232 (sec).
 3-Body  A62-GLU 40,  A64-GLU 0 ,  A65-LYD 12:       0.00049104 at      1.572 Ang (1.829 Ang by residue) in 3.4029 (sec).
 3-Body  A62-GLU 40,  A64-GLU 0 ,  A65-LYD 13:       0.00049666 at      1.572 Ang (1.829 Ang by residue) in 3.3178 (sec).
 3-Body  A62-GLU 40,  A64-GLU 0 ,  A65-LYD 15:       0.00052307 at      1.572 Ang (1.829 Ang by residue) in 3.3501 (sec).
 3-Body  A62-GLU 40,  A64-GLU 0 ,  A65-LYD 16:       0.00052660 at      1.572 Ang (1.829 Ang by residue) in 3.2805 (sec).
 3-Body  A62-GLU 40,  A64-GLU 0 ,  A65-LYD 19:       0.00070543 at      1.563 Ang (1.829 Ang by residue) in 3.2219 (sec).
 3-Body  A62-GLU 40,  A64-GLU 0 ,  A65-LYD 20:       0.00080430 at      1.563 Ang (1.829 Ang by residue) in 3.2329 (sec).
 3-Body  A62-GLU 40,  A64-GLU 0 ,  A65-LYD 21:       0.00074595 at      1.563 Ang (1.829 Ang by residue) in 3.3832 (sec).
 3-Body  A62-GLU 40,  A64-GLU 0 ,  A65-LYD 22:       0.00075833 at      1.563 Ang (1.829 Ang by residue) in 3.2939 (sec).
 3-Body  A62-GLU 40,  A64-GLU 0 ,  A65-LYD 23:       0.00130413 at      1.499 Ang (1.829 Ang by residue) in 3.2185 (sec).
 3-Body  A62-GLU 40,  A64-GLU 0 ,  A65-LYD 25:       0.00074008 at      1.569 Ang (1.829 Ang by residue) in 3.2622 (sec).
 3-Body  A62-GLU 40,  A64-GLU 0 ,  A65-LYD 26:       0.00075519 at      1.569 Ang (1.829 Ang by residue) in 3.4378 (sec).
 3-Body  A62-GLU 40,  A64-GLU 0 ,  A65-LYD 27:       0.00082954 at      1.569 Ang (1.829 Ang by residue) in 3.2972 (sec).
 3-Body  A62-GLU 40,  A64-GLU 0 ,  A65-LYD 28:       0.00070368 at      1.569 Ang (1.829 Ang by residue) in 3.2882 (sec).
 3-Body  A62-GLU 40,  A64-GLU 0 ,  A65-LYS 30:       0.00078103 at      1.541 Ang (1.829 Ang by residue) in 3.4156 (sec).
 3-Body  A62-GLU 40,  A64-GLU 0 ,  A65-LYS 33:       0.00254680 at      1.462 Ang (1.829 Ang by residue) in 3.4255 (sec).
 3-Body  A62-GLU 40,  A64-GLU 0 ,  A65-LYS 35:       0.00061570 at      1.572 Ang (1.829 Ang by residue) in 3.2325 (sec).
 3-Body  A62-GLU 40,  A64-GLU 0 ,  A65-LYS 36:       0.00061953 at      1.572 Ang (1.829 Ang by residue) in 3.4282 (sec).
 3-Body  A62-GLU 40,  A64-GLU 0 ,  A65-LYS 37:       0.00077563 at      1.572 Ang (1.829 Ang by residue) in 3.4193 (sec).
 3-Body  A62-GLU 40,  A64-GLU 0 ,  A65-LYS 38:       0.00074282 at      1.572 Ang (1.829 Ang by residue) in 3.3296 (sec).
 3-Body  A62-GLU 40,  A64-GLU 0 ,  A65-LYS 39:       0.00061333 at      1.572 Ang (1.829 Ang by residue) in 3.3570 (sec).
 3-Body  A62-GLU 40,  A64-GLU 0 ,  A65-LYS 40:       0.00060565 at      1.572 Ang (1.829 Ang by residue) in 3.3864 (sec).
 3-Body  A62-GLU 40,  A64-GLU 0 ,  A65-LYS 42:       0.00067004 at      1.572 Ang (1.829 Ang by residue) in 3.2663 (sec).
 3-Body  A62-GLU 40,  A64-GLU 0 ,  A65-LYS 43:       0.00067424 at      1.572 Ang (1.829 Ang by residue) in 3.4095 (sec).
 3-Body  A62-GLU 40,  A64-GLU 0 ,  A65-LYS 44:       0.00116720 at      1.543 Ang (1.829 Ang by residue) in 3.2905 (sec).
 3-Body  A62-GLU 40,  A64-GLU 0 ,  A65-LYS 46:       0.00085807 at      1.563 Ang (1.829 Ang by residue) in 3.2425 (sec).
 3-Body  A62-GLU 40,  A64-GLU 0 ,  A65-LYS 47:       0.00133029 at      1.563 Ang (1.829 Ang by residue) in 3.3000 (sec).
 3-Body  A62-GLU 40,  A64-GLU 0 ,  A65-LYS 48:       0.00094210 at      1.563 Ang (1.829 Ang by residue) in 3.2648 (sec).
 3-Body  A62-GLU 40,  A64-GLU 0 ,  A65-LYS 49:       0.00094300 at      1.563 Ang (1.829 Ang by residue) in 3.3981 (sec).
 3-Body  A62-GLU 40,  A64-GLU 0 ,  A65-LYS 50:       0.00163152 at      1.499 Ang (1.829 Ang by residue) in 3.4074 (sec).
 3-Body  A62-GLU 40,  A64-GLU 0 ,  A65-LYS 51:       0.00515010 at      1.481 Ang (1.829 Ang by residue) in 3.5775 (sec).
 3-Body  A62-GLU 40,  A64-GLU 0 ,  A65-LYS 52:       0.00092890 at      1.569 Ang (1.829 Ang by residue) in 3.2668 (sec).
 3-Body  A62-GLU 40,  A64-GLU 0 ,  A65-LYS 53:       0.00089257 at      1.569 Ang (1.829 Ang by residue) in 3.3778 (sec).
 3-Body  A62-GLU 40,  A64-GLU 0 ,  A65-LYS 54:       0.00120259 at      1.569 Ang (1.829 Ang by residue) in 3.2875 (sec).
 3-Body  A62-GLU 40,  A64-GLU 0 ,  A65-LYS 55:       0.00082455 at      1.569 Ang (1.829 Ang by residue) in 3.3790 (sec).
 3-Body  A62-GLU 40,  A64-GLU 36,  A65-LYS 0 :       0.00094225 at      1.563 Ang (1.829 Ang by residue) in 3.5135 (sec).
 3-Body  A62-GLU 40,  A64-GLU 36,  A65-LYD 1 :       0.00074611 at      1.563 Ang (1.829 Ang by residue) in 3.1827 (sec).
 3-Body  A62-GLU 40,  A64-GLU 36,  A65-LYD 8 :       0.00050410 at      1.572 Ang (1.829 Ang by residue) in 3.4130 (sec).
 3-Body  A62-GLU 40,  A64-GLU 36,  A65-LYD 9 :       0.00050517 at      1.572 Ang (1.829 Ang by residue) in 3.3044 (sec).
 3-Body  A62-GLU 40,  A64-GLU 36,  A65-LYD 10:       0.00057637 at      1.572 Ang (1.829 Ang by residue) in 3.4719 (sec).
 3-Body  A62-GLU 40,  A64-GLU 36,  A65-LYD 11:       0.00058738 at      1.572 Ang (1.829 Ang by residue) in 3.4265 (sec).
 3-Body  A62-GLU 40,  A64-GLU 36,  A65-LYD 12:       0.00049111 at      1.572 Ang (1.829 Ang by residue) in 3.4060 (sec).
 3-Body  A62-GLU 40,  A64-GLU 36,  A65-LYD 13:       0.00049673 at      1.572 Ang (1.829 Ang by residue) in 3.2545 (sec).
 3-Body  A62-GLU 40,  A64-GLU 36,  A65-LYD 15:       0.00052313 at      1.572 Ang (1.829 Ang by residue) in 3.3973 (sec).
 3-Body  A62-GLU 40,  A64-GLU 36,  A65-LYD 16:       0.00052666 at      1.572 Ang (1.829 Ang by residue) in 3.3128 (sec).
 3-Body  A62-GLU 40,  A64-GLU 36,  A65-LYD 19:       0.00070554 at      1.563 Ang (1.829 Ang by residue) in 3.3424 (sec).
 3-Body  A62-GLU 40,  A64-GLU 36,  A65-LYD 20:       0.00080442 at      1.563 Ang (1.829 Ang by residue) in 3.3091 (sec).
 3-Body  A62-GLU 40,  A64-GLU 36,  A65-LYD 21:       0.00074605 at      1.563 Ang (1.829 Ang by residue) in 3.3594 (sec).
 3-Body  A62-GLU 40,  A64-GLU 36,  A65-LYD 22:       0.00075843 at      1.563 Ang (1.829 Ang by residue) in 3.2758 (sec).
 3-Body  A62-GLU 40,  A64-GLU 36,  A65-LYD 23:       0.00130429 at      1.499 Ang (1.829 Ang by residue) in 3.3433 (sec).
 3-Body  A62-GLU 40,  A64-GLU 36,  A65-LYD 25:       0.00074018 at      1.569 Ang (1.829 Ang by residue) in 3.3242 (sec).
 3-Body  A62-GLU 40,  A64-GLU 36,  A65-LYD 26:       0.00075528 at      1.569 Ang (1.829 Ang by residue) in 3.3339 (sec).
 3-Body  A62-GLU 40,  A64-GLU 36,  A65-LYD 27:       0.00082964 at      1.569 Ang (1.829 Ang by residue) in 3.2510 (sec).
 3-Body  A62-GLU 40,  A64-GLU 36,  A65-LYD 28:       0.00070378 at      1.569 Ang (1.829 Ang by residue) in 3.3810 (sec).
 3-Body  A62-GLU 40,  A64-GLU 36,  A65-LYS 30:       0.00078110 at      1.541 Ang (1.829 Ang by residue) in 3.3133 (sec).
 3-Body  A62-GLU 40,  A64-GLU 36,  A65-LYS 33:       0.00254726 at      1.462 Ang (1.829 Ang by residue) in 3.3504 (sec).
 3-Body  A62-GLU 40,  A64-GLU 36,  A65-LYS 35:       0.00061578 at      1.572 Ang (1.829 Ang by residue) in 3.3964 (sec).
 3-Body  A62-GLU 40,  A64-GLU 36,  A65-LYS 36:       0.00061961 at      1.572 Ang (1.829 Ang by residue) in 3.3305 (sec).
 3-Body  A62-GLU 40,  A64-GLU 36,  A65-LYS 37:       0.00077573 at      1.572 Ang (1.829 Ang by residue) in 3.3684 (sec).
 3-Body  A62-GLU 40,  A64-GLU 36,  A65-LYS 38:       0.00074290 at      1.572 Ang (1.829 Ang by residue) in 3.4421 (sec).
 3-Body  A62-GLU 40,  A64-GLU 36,  A65-LYS 39:       0.00061341 at      1.572 Ang (1.829 Ang by residue) in 3.3566 (sec).
 3-Body  A62-GLU 40,  A64-GLU 36,  A65-LYS 40:       0.00060572 at      1.572 Ang (1.829 Ang by residue) in 3.2862 (sec).
 3-Body  A62-GLU 40,  A64-GLU 36,  A65-LYS 42:       0.00067012 at      1.572 Ang (1.829 Ang by residue) in 3.4133 (sec).
 3-Body  A62-GLU 40,  A64-GLU 36,  A65-LYS 43:       0.00067432 at      1.572 Ang (1.829 Ang by residue) in 3.2467 (sec).
 3-Body  A62-GLU 40,  A64-GLU 36,  A65-LYS 44:       0.00116730 at      1.543 Ang (1.829 Ang by residue) in 3.2523 (sec).
 3-Body  A62-GLU 40,  A64-GLU 36,  A65-LYS 46:       0.00085818 at      1.563 Ang (1.829 Ang by residue) in 3.4304 (sec).
 3-Body  A62-GLU 40,  A64-GLU 36,  A65-LYS 47:       0.00133040 at      1.563 Ang (1.829 Ang by residue) in 3.3671 (sec).
 3-Body  A62-GLU 40,  A64-GLU 36,  A65-LYS 48:       0.00094220 at      1.563 Ang (1.829 Ang by residue) in 3.3134 (sec).
 3-Body  A62-GLU 40,  A64-GLU 36,  A65-LYS 49:       0.00094310 at      1.563 Ang (1.829 Ang by residue) in 3.2823 (sec).
 3-Body  A62-GLU 40,  A64-GLU 36,  A65-LYS 50:       0.00163167 at      1.499 Ang (1.829 Ang by residue) in 3.2303 (sec).
 3-Body  A62-GLU 40,  A64-GLU 36,  A65-LYS 51:       0.00515024 at      1.481 Ang (1.829 Ang by residue) in 3.2675 (sec).
 3-Body  A62-GLU 40,  A64-GLU 36,  A65-LYS 52:       0.00092899 at      1.569 Ang (1.829 Ang by residue) in 3.5344 (sec).
 3-Body  A62-GLU 40,  A64-GLU 36,  A65-LYS 53:       0.00089265 at      1.569 Ang (1.829 Ang by residue) in 3.4963 (sec).
 3-Body  A62-GLU 40,  A64-GLU 36,  A65-LYS 54:       0.00120265 at      1.569 Ang (1.829 Ang by residue) in 3.2067 (sec).
 3-Body  A62-GLU 40,  A64-GLU 36,  A65-LYS 55:       0.00082464 at      1.569 Ang (1.829 Ang by residue) in 3.4389 (sec).
 3-Body  A62-GLU 40,  A64-GLU 37,  A65-LYS 0 :       0.00089445 at      1.563 Ang (1.829 Ang by residue) in 3.1052 (sec).
 3-Body  A62-GLU 40,  A64-GLU 37,  A65-LYD 1 :       0.00065360 at      1.563 Ang (1.829 Ang by residue) in 3.3088 (sec).
 3-Body  A62-GLU 40,  A64-GLU 37,  A65-LYD 8 :       0.00041552 at      1.572 Ang (1.829 Ang by residue) in 3.3398 (sec).
 3-Body  A62-GLU 40,  A64-GLU 37,  A65-LYD 9 :       0.00041518 at      1.572 Ang (1.829 Ang by residue) in 3.4789 (sec).
 3-Body  A62-GLU 40,  A64-GLU 37,  A65-LYD 10:       0.00047623 at      1.572 Ang (1.829 Ang by residue) in 3.3759 (sec).
 3-Body  A62-GLU 40,  A64-GLU 37,  A65-LYD 11:       0.00048884 at      1.572 Ang (1.829 Ang by residue) in 3.3026 (sec).
 3-Body  A62-GLU 40,  A64-GLU 37,  A65-LYD 12:       0.00040416 at      1.572 Ang (1.829 Ang by residue) in 3.3540 (sec).
 3-Body  A62-GLU 40,  A64-GLU 37,  A65-LYD 13:       0.00040795 at      1.572 Ang (1.829 Ang by residue) in 3.2878 (sec).
 3-Body  A62-GLU 40,  A64-GLU 37,  A65-LYD 15:       0.00043750 at      1.572 Ang (1.829 Ang by residue) in 3.3943 (sec).
 3-Body  A62-GLU 40,  A64-GLU 37,  A65-LYD 16:       0.00044302 at      1.572 Ang (1.829 Ang by residue) in 3.4859 (sec).
 3-Body  A62-GLU 40,  A64-GLU 37,  A65-LYD 19:       0.00059922 at      1.563 Ang (1.829 Ang by residue) in 3.3140 (sec).
 3-Body  A62-GLU 40,  A64-GLU 37,  A65-LYD 20:       0.00072610 at      1.563 Ang (1.829 Ang by residue) in 3.4918 (sec).
 3-Body  A62-GLU 40,  A64-GLU 37,  A65-LYD 21:       0.00065352 at      1.563 Ang (1.829 Ang by residue) in 3.3035 (sec).
 3-Body  A62-GLU 40,  A64-GLU 37,  A65-LYD 22:       0.00067356 at      1.563 Ang (1.829 Ang by residue) in 3.2898 (sec).
 3-Body  A62-GLU 40,  A64-GLU 37,  A65-LYD 23:       0.00123411 at      1.499 Ang (1.829 Ang by residue) in 3.3978 (sec).
 3-Body  A62-GLU 40,  A64-GLU 37,  A65-LYD 25:       0.00064369 at      1.569 Ang (1.829 Ang by residue) in 3.3359 (sec).
 3-Body  A62-GLU 40,  A64-GLU 37,  A65-LYD 26:       0.00066371 at      1.569 Ang (1.829 Ang by residue) in 3.3675 (sec).
 3-Body  A62-GLU 40,  A64-GLU 37,  A65-LYD 27:       0.00074310 at      1.569 Ang (1.829 Ang by residue) in 3.2660 (sec).
 3-Body  A62-GLU 40,  A64-GLU 37,  A65-LYD 28:       0.00059938 at      1.569 Ang (1.829 Ang by residue) in 3.4310 (sec).
 3-Body  A62-GLU 40,  A64-GLU 37,  A65-LYS 30:       0.00073270 at      1.541 Ang (1.829 Ang by residue) in 3.2054 (sec).
 3-Body  A62-GLU 40,  A64-GLU 37,  A65-LYS 33:       0.00215090 at      1.462 Ang (1.829 Ang by residue) in 3.2514 (sec).
 3-Body  A62-GLU 40,  A64-GLU 37,  A65-LYS 35:       0.00051547 at      1.572 Ang (1.829 Ang by residue) in 3.3126 (sec).
 3-Body  A62-GLU 40,  A64-GLU 37,  A65-LYS 36:       0.00051943 at      1.572 Ang (1.829 Ang by residue) in 3.3256 (sec).
 3-Body  A62-GLU 40,  A64-GLU 37,  A65-LYS 37:       0.00064761 at      1.572 Ang (1.829 Ang by residue) in 3.4520 (sec).
 3-Body  A62-GLU 40,  A64-GLU 37,  A65-LYS 38:       0.00062644 at      1.572 Ang (1.829 Ang by residue) in 3.2212 (sec).
 3-Body  A62-GLU 40,  A64-GLU 37,  A65-LYS 39:       0.00051655 at      1.572 Ang (1.829 Ang by residue) in 3.4203 (sec).
 3-Body  A62-GLU 40,  A64-GLU 37,  A65-LYS 40:       0.00050785 at      1.572 Ang (1.829 Ang by residue) in 3.4176 (sec).
 3-Body  A62-GLU 40,  A64-GLU 37,  A65-LYS 42:       0.00058661 at      1.572 Ang (1.829 Ang by residue) in 3.4528 (sec).
 3-Body  A62-GLU 40,  A64-GLU 37,  A65-LYS 43:       0.00058790 at      1.572 Ang (1.829 Ang by residue) in 3.4157 (sec).
 3-Body  A62-GLU 40,  A64-GLU 37,  A65-LYS 44:       0.00112226 at      1.543 Ang (1.829 Ang by residue) in 3.3192 (sec).
 3-Body  A62-GLU 40,  A64-GLU 37,  A65-LYS 46:       0.00075436 at      1.563 Ang (1.829 Ang by residue) in 3.3119 (sec).
 3-Body  A62-GLU 40,  A64-GLU 37,  A65-LYS 47:       0.00139366 at      1.563 Ang (1.829 Ang by residue) in 3.2769 (sec).
 3-Body  A62-GLU 40,  A64-GLU 37,  A65-LYS 48:       0.00089438 at      1.563 Ang (1.829 Ang by residue) in 3.3076 (sec).
 3-Body  A62-GLU 40,  A64-GLU 37,  A65-LYS 49:       0.00088085 at      1.563 Ang (1.829 Ang by residue) in 3.3583 (sec).
 3-Body  A62-GLU 40,  A64-GLU 37,  A65-LYS 50:       0.00165117 at      1.499 Ang (1.829 Ang by residue) in 3.4093 (sec).
 3-Body  A62-GLU 40,  A64-GLU 37,  A65-LYS 51:       0.00589468 at      1.481 Ang (1.829 Ang by residue) in 3.3490 (sec).
 3-Body  A62-GLU 40,  A64-GLU 37,  A65-LYS 52:       0.00085836 at      1.569 Ang (1.829 Ang by residue) in 3.4227 (sec).
 3-Body  A62-GLU 40,  A64-GLU 37,  A65-LYS 53:       0.00080998 at      1.569 Ang (1.829 Ang by residue) in 3.3535 (sec).
 3-Body  A62-GLU 40,  A64-GLU 37,  A65-LYS 54:       0.00121941 at      1.569 Ang (1.829 Ang by residue) in 3.3709 (sec).
 3-Body  A62-GLU 40,  A64-GLU 37,  A65-LYS 55:       0.00071380 at      1.569 Ang (1.829 Ang by residue) in 3.3226 (sec).
 3-Body  A62-GLU 40,  A64-GLU 40,  A65-LYS 0 :       0.00074109 at      1.563 Ang (1.829 Ang by residue) in 3.2722 (sec).
 3-Body  A62-GLU 40,  A64-GLU 40,  A65-LYD 1 :       0.00055281 at      1.563 Ang (1.829 Ang by residue) in 3.4304 (sec).
 3-Body  A62-GLU 40,  A64-GLU 40,  A65-LYD 8 :       0.00033046 at      1.572 Ang (1.829 Ang by residue) in 3.2934 (sec).
 3-Body  A62-GLU 40,  A64-GLU 40,  A65-LYD 9 :       0.00033109 at      1.572 Ang (1.829 Ang by residue) in 3.3561 (sec).
 3-Body  A62-GLU 40,  A64-GLU 40,  A65-LYD 10:       0.00038488 at      1.572 Ang (1.829 Ang by residue) in 3.4352 (sec).
 3-Body  A62-GLU 40,  A64-GLU 40,  A65-LYD 11:       0.00039210 at      1.572 Ang (1.829 Ang by residue) in 3.5311 (sec).
 3-Body  A62-GLU 40,  A64-GLU 40,  A65-LYD 12:       0.00032380 at      1.572 Ang (1.829 Ang by residue) in 3.1715 (sec).
 3-Body  A62-GLU 40,  A64-GLU 40,  A65-LYD 13:       0.00032759 at      1.572 Ang (1.829 Ang by residue) in 3.2870 (sec).
 3-Body  A62-GLU 40,  A64-GLU 40,  A65-LYD 15:       0.00035406 at      1.572 Ang (1.829 Ang by residue) in 3.4058 (sec).
 3-Body  A62-GLU 40,  A64-GLU 40,  A65-LYD 16:       0.00035606 at      1.572 Ang (1.829 Ang by residue) in 3.4875 (sec).
 3-Body  A62-GLU 40,  A64-GLU 40,  A65-LYD 19:       0.00050151 at      1.563 Ang (1.829 Ang by residue) in 3.3880 (sec).
 3-Body  A62-GLU 40,  A64-GLU 40,  A65-LYD 20:       0.00060646 at      1.563 Ang (1.829 Ang by residue) in 3.3413 (sec).
 3-Body  A62-GLU 40,  A64-GLU 40,  A65-LYD 21:       0.00055276 at      1.563 Ang (1.829 Ang by residue) in 3.3906 (sec).
 3-Body  A62-GLU 40,  A64-GLU 40,  A65-LYD 22:       0.00056655 at      1.563 Ang (1.829 Ang by residue) in 3.3024 (sec).
 3-Body  A62-GLU 40,  A64-GLU 40,  A65-LYD 23:       0.00096467 at      1.499 Ang (1.829 Ang by residue) in 3.3827 (sec).
 3-Body  A62-GLU 40,  A64-GLU 40,  A65-LYD 25:       0.00052518 at      1.569 Ang (1.829 Ang by residue) in 3.2219 (sec).
 3-Body  A62-GLU 40,  A64-GLU 40,  A65-LYD 26:       0.00053903 at      1.569 Ang (1.829 Ang by residue) in 3.2128 (sec).
 3-Body  A62-GLU 40,  A64-GLU 40,  A65-LYD 27:       0.00063540 at      1.569 Ang (1.829 Ang by residue) in 3.1758 (sec).
 3-Body  A62-GLU 40,  A64-GLU 40,  A65-LYD 28:       0.00049148 at      1.569 Ang (1.829 Ang by residue) in 3.2101 (sec).
 3-Body  A62-GLU 40,  A64-GLU 40,  A65-LYS 30:       0.00059932 at      1.541 Ang (1.829 Ang by residue) in 3.2891 (sec).
 3-Body  A62-GLU 40,  A64-GLU 40,  A65-LYS 33:       0.00181157 at      1.462 Ang (1.829 Ang by residue) in 3.2653 (sec).
 3-Body  A62-GLU 40,  A64-GLU 40,  A65-LYS 35:       0.00040129 at      1.572 Ang (1.829 Ang by residue) in 3.2191 (sec).
 3-Body  A62-GLU 40,  A64-GLU 40,  A65-LYS 36:       0.00040321 at      1.572 Ang (1.829 Ang by residue) in 3.3267 (sec).
 3-Body  A62-GLU 40,  A64-GLU 40,  A65-LYS 37:       0.00051546 at      1.572 Ang (1.829 Ang by residue) in 3.2080 (sec).
 3-Body  A62-GLU 40,  A64-GLU 40,  A65-LYS 38:       0.00047340 at      1.572 Ang (1.829 Ang by residue) in 3.2838 (sec).
 3-Body  A62-GLU 40,  A64-GLU 40,  A65-LYS 39:       0.00040544 at      1.572 Ang (1.829 Ang by residue) in 3.2726 (sec).
 3-Body  A62-GLU 40,  A64-GLU 40,  A65-LYS 40:       0.00039347 at      1.572 Ang (1.829 Ang by residue) in 3.3855 (sec).
 3-Body  A62-GLU 40,  A64-GLU 40,  A65-LYS 42:       0.00045348 at      1.572 Ang (1.829 Ang by residue) in 3.2255 (sec).
 3-Body  A62-GLU 40,  A64-GLU 40,  A65-LYS 43:       0.00046399 at      1.572 Ang (1.829 Ang by residue) in 3.1724 (sec).
 3-Body  A62-GLU 40,  A64-GLU 40,  A65-LYS 44:       0.00091810 at      1.543 Ang (1.829 Ang by residue) in 3.2467 (sec).
 3-Body  A62-GLU 40,  A64-GLU 40,  A65-LYS 46:       0.00061708 at      1.563 Ang (1.829 Ang by residue) in 3.2826 (sec).
 3-Body  A62-GLU 40,  A64-GLU 40,  A65-LYS 47:       0.00124412 at      1.563 Ang (1.829 Ang by residue) in 3.2715 (sec).
 3-Body  A62-GLU 40,  A64-GLU 40,  A65-LYS 48:       0.00074104 at      1.563 Ang (1.829 Ang by residue) in 3.4236 (sec).
 3-Body  A62-GLU 40,  A64-GLU 40,  A65-LYS 49:       0.00074106 at      1.563 Ang (1.829 Ang by residue) in 3.2283 (sec).
 3-Body  A62-GLU 40,  A64-GLU 40,  A65-LYS 50:       0.00121636 at      1.499 Ang (1.829 Ang by residue) in 3.3312 (sec).
 3-Body  A62-GLU 40,  A64-GLU 40,  A65-LYS 51:       0.00536944 at      1.481 Ang (1.829 Ang by residue) in 3.2531 (sec).
 3-Body  A62-GLU 40,  A64-GLU 40,  A65-LYS 52:       0.00069955 at      1.569 Ang (1.829 Ang by residue) in 3.2785 (sec).
 3-Body  A62-GLU 40,  A64-GLU 40,  A65-LYS 53:       0.00065150 at      1.569 Ang (1.829 Ang by residue) in 3.3751 (sec).
 3-Body  A62-GLU 40,  A64-GLU 40,  A65-LYS 54:       0.00098481 at      1.569 Ang (1.829 Ang by residue) in 3.4237 (sec).
 3-Body  A62-GLU 40,  A64-GLU 40,  A65-LYS 55:       0.00057800 at      1.569 Ang (1.829 Ang by residue) in 3.3204 (sec).
 3-Body  A62-GLU 40,  A64-GLU 41,  A65-LYS 0 :       0.00074327 at      1.563 Ang (1.829 Ang by residue) in 3.3082 (sec).
 3-Body  A62-GLU 40,  A64-GLU 41,  A65-LYD 1 :       0.00060300 at      1.563 Ang (1.829 Ang by residue) in 3.4676 (sec).
 3-Body  A62-GLU 40,  A64-GLU 41,  A65-LYD 8 :       0.00038088 at      1.572 Ang (1.829 Ang by residue) in 3.3186 (sec).
 3-Body  A62-GLU 40,  A64-GLU 41,  A65-LYD 9 :       0.00038286 at      1.572 Ang (1.829 Ang by residue) in 3.4306 (sec).
 3-Body  A62-GLU 40,  A64-GLU 41,  A65-LYD 10:       0.00045115 at      1.572 Ang (1.829 Ang by residue) in 3.4483 (sec).
 3-Body  A62-GLU 40,  A64-GLU 41,  A65-LYD 11:       0.00045835 at      1.572 Ang (1.829 Ang by residue) in 3.3837 (sec).
 3-Body  A62-GLU 40,  A64-GLU 41,  A65-LYD 12:       0.00037685 at      1.572 Ang (1.829 Ang by residue) in 3.5287 (sec).
 3-Body  A62-GLU 40,  A64-GLU 41,  A65-LYD 13:       0.00038240 at      1.572 Ang (1.829 Ang by residue) in 3.2579 (sec).
 3-Body  A62-GLU 40,  A64-GLU 41,  A65-LYD 15:       0.00040673 at      1.572 Ang (1.829 Ang by residue) in 3.3166 (sec).
 3-Body  A62-GLU 40,  A64-GLU 41,  A65-LYD 16:       0.00040671 at      1.572 Ang (1.829 Ang by residue) in 3.3872 (sec).
 3-Body  A62-GLU 40,  A64-GLU 41,  A65-LYD 19:       0.00056182 at      1.563 Ang (1.829 Ang by residue) in 3.3961 (sec).
 3-Body  A62-GLU 40,  A64-GLU 41,  A65-LYD 20:       0.00064148 at      1.563 Ang (1.829 Ang by residue) in 3.4103 (sec).
 3-Body  A62-GLU 40,  A64-GLU 41,  A65-LYD 21:       0.00060296 at      1.563 Ang (1.829 Ang by residue) in 3.2000 (sec).
 3-Body  A62-GLU 40,  A64-GLU 41,  A65-LYD 22:       0.00060917 at      1.563 Ang (1.829 Ang by residue) in 3.2765 (sec).
 3-Body  A62-GLU 40,  A64-GLU 41,  A65-LYD 23:       0.00100448 at      1.499 Ang (1.829 Ang by residue) in 3.3196 (sec).
 3-Body  A62-GLU 40,  A64-GLU 41,  A65-LYD 25:       0.00057390 at      1.569 Ang (1.829 Ang by residue) in 3.2207 (sec).
 3-Body  A62-GLU 40,  A64-GLU 41,  A65-LYD 26:       0.00058393 at      1.569 Ang (1.829 Ang by residue) in 3.2814 (sec).
 3-Body  A62-GLU 40,  A64-GLU 41,  A65-LYD 27:       0.00066500 at      1.569 Ang (1.829 Ang by residue) in 3.1254 (sec).
 3-Body  A62-GLU 40,  A64-GLU 41,  A65-LYD 28:       0.00054322 at      1.569 Ang (1.829 Ang by residue) in 3.2640 (sec).
 3-Body  A62-GLU 40,  A64-GLU 41,  A65-LYS 30:       0.00060965 at      1.541 Ang (1.829 Ang by residue) in 3.3122 (sec).
 3-Body  A62-GLU 40,  A64-GLU 41,  A65-LYS 33:       0.00218776 at      1.462 Ang (1.829 Ang by residue) in 3.5540 (sec).
 3-Body  A62-GLU 40,  A64-GLU 41,  A65-LYS 35:       0.00045479 at      1.572 Ang (1.829 Ang by residue) in 3.4960 (sec).
 3-Body  A62-GLU 40,  A64-GLU 41,  A65-LYS 36:       0.00045758 at      1.572 Ang (1.829 Ang by residue) in 3.3640 (sec).
 3-Body  A62-GLU 40,  A64-GLU 41,  A65-LYS 37:       0.00060474 at      1.572 Ang (1.829 Ang by residue) in 3.0972 (sec).
 3-Body  A62-GLU 40,  A64-GLU 41,  A65-LYS 38:       0.00055561 at      1.572 Ang (1.829 Ang by residue) in 3.3798 (sec).
 3-Body  A62-GLU 40,  A64-GLU 41,  A65-LYS 39:       0.00046197 at      1.572 Ang (1.829 Ang by residue) in 3.3852 (sec).
 3-Body  A62-GLU 40,  A64-GLU 41,  A65-LYS 40:       0.00045222 at      1.572 Ang (1.829 Ang by residue) in 3.3890 (sec).
 3-Body  A62-GLU 40,  A64-GLU 41,  A65-LYS 42:       0.00049995 at      1.572 Ang (1.829 Ang by residue) in 3.3643 (sec).
 3-Body  A62-GLU 40,  A64-GLU 41,  A65-LYS 43:       0.00051111 at      1.572 Ang (1.829 Ang by residue) in 3.3166 (sec).
 3-Body  A62-GLU 40,  A64-GLU 41,  A65-LYS 44:       0.00091337 at      1.543 Ang (1.829 Ang by residue) in 3.2806 (sec).
 3-Body  A62-GLU 40,  A64-GLU 41,  A65-LYS 46:       0.00067007 at      1.563 Ang (1.829 Ang by residue) in 3.4133 (sec).
 3-Body  A62-GLU 40,  A64-GLU 41,  A65-LYS 47:       0.00113283 at      1.563 Ang (1.829 Ang by residue) in 3.3261 (sec).
 3-Body  A62-GLU 40,  A64-GLU 41,  A65-LYS 48:       0.00074324 at      1.563 Ang (1.829 Ang by residue) in 3.3146 (sec).
 3-Body  A62-GLU 40,  A64-GLU 41,  A65-LYS 49:       0.00075646 at      1.563 Ang (1.829 Ang by residue) in 3.3384 (sec).
 3-Body  A62-GLU 40,  A64-GLU 41,  A65-LYS 50:       0.00117298 at      1.499 Ang (1.829 Ang by residue) in 3.2349 (sec).
 3-Body  A62-GLU 40,  A64-GLU 41,  A65-LYS 51:       0.00451982 at      1.481 Ang (1.829 Ang by residue) in 3.3429 (sec).
 3-Body  A62-GLU 40,  A64-GLU 41,  A65-LYS 52:       0.00071924 at      1.569 Ang (1.829 Ang by residue) in 3.3886 (sec).
 3-Body  A62-GLU 40,  A64-GLU 41,  A65-LYS 53:       0.00068387 at      1.569 Ang (1.829 Ang by residue) in 3.3017 (sec).
 3-Body  A62-GLU 40,  A64-GLU 41,  A65-LYS 54:       0.00094503 at      1.569 Ang (1.829 Ang by residue) in 3.4089 (sec).
 3-Body  A62-GLU 40,  A64-GLU 41,  A65-LYS 55:       0.00062809 at      1.569 Ang (1.829 Ang by residue) in 3.4890 (sec).
 3-Body  A62-GLU 41,  A64-GLU 0 ,  A65-LYS 0 :       0.00215230 at      1.563 Ang (1.829 Ang by residue) in 3.3281 (sec).
 3-Body  A62-GLU 41,  A64-GLU 0 ,  A65-LYD 1 :       0.00147710 at      1.563 Ang (1.829 Ang by residue) in 3.2760 (sec).
 3-Body  A62-GLU 41,  A64-GLU 0 ,  A65-LYD 8 :       0.00072822 at      1.572 Ang (1.829 Ang by residue) in 3.2626 (sec).
 3-Body  A62-GLU 41,  A64-GLU 0 ,  A65-LYD 9 :       0.00073347 at      1.572 Ang (1.829 Ang by residue) in 3.3145 (sec).
 3-Body  A62-GLU 41,  A64-GLU 0 ,  A65-LYD 10:       0.00104515 at      1.572 Ang (1.829 Ang by residue) in 3.5775 (sec).
 3-Body  A62-GLU 41,  A64-GLU 0 ,  A65-LYD 11:       0.00108897 at      1.572 Ang (1.829 Ang by residue) in 3.2933 (sec).
 3-Body  A62-GLU 41,  A64-GLU 0 ,  A65-LYD 12:       0.00072698 at      1.572 Ang (1.829 Ang by residue) in 3.4583 (sec).
 3-Body  A62-GLU 41,  A64-GLU 0 ,  A65-LYD 13:       0.00073974 at      1.572 Ang (1.829 Ang by residue) in 3.3413 (sec).
 3-Body  A62-GLU 41,  A64-GLU 0 ,  A65-LYD 15:       0.00084871 at      1.572 Ang (1.829 Ang by residue) in 3.1562 (sec).
 3-Body  A62-GLU 41,  A64-GLU 0 ,  A65-LYD 16:       0.00084725 at      1.572 Ang (1.829 Ang by residue) in 3.4484 (sec).
 3-Body  A62-GLU 41,  A64-GLU 0 ,  A65-LYD 19:       0.00138771 at      1.563 Ang (1.829 Ang by residue) in 3.3764 (sec).
 3-Body  A62-GLU 41,  A64-GLU 0 ,  A65-LYD 20:       0.00165922 at      1.563 Ang (1.829 Ang by residue) in 3.2439 (sec).
 3-Body  A62-GLU 41,  A64-GLU 0 ,  A65-LYD 21:       0.00147688 at      1.563 Ang (1.829 Ang by residue) in 3.2796 (sec).
 3-Body  A62-GLU 41,  A64-GLU 0 ,  A65-LYD 22:       0.00146727 at      1.563 Ang (1.829 Ang by residue) in 3.4568 (sec).
 3-Body  A62-GLU 41,  A64-GLU 0 ,  A65-LYD 23:       0.00452462 at      1.375 Ang (1.829 Ang by residue) in 3.1417 (sec).
 3-Body  A62-GLU 41,  A64-GLU 0 ,  A65-LYD 25:       0.00109549 at      1.569 Ang (1.829 Ang by residue) in 3.3102 (sec).
 3-Body  A62-GLU 41,  A64-GLU 0 ,  A65-LYD 26:       0.00113266 at      1.569 Ang (1.829 Ang by residue) in 3.4847 (sec).
 3-Body  A62-GLU 41,  A64-GLU 0 ,  A65-LYD 27:       0.00124093 at      1.569 Ang (1.829 Ang by residue) in 3.3931 (sec).
 3-Body  A62-GLU 41,  A64-GLU 0 ,  A65-LYD 28:       0.00105269 at      1.569 Ang (1.829 Ang by residue) in 3.3025 (sec).
 3-Body  A62-GLU 41,  A64-GLU 0 ,  A65-LYS 30:       0.00141155 at      1.541 Ang (1.829 Ang by residue) in 3.5217 (sec).
 3-Body  A62-GLU 41,  A64-GLU 0 ,  A65-LYS 33:       0.00376442 at      1.446 Ang (1.829 Ang by residue) in 3.5174 (sec).
 3-Body  A62-GLU 41,  A64-GLU 0 ,  A65-LYS 35:       0.00098341 at      1.572 Ang (1.829 Ang by residue) in 3.6528 (sec).
 3-Body  A62-GLU 41,  A64-GLU 0 ,  A65-LYS 36:       0.00099817 at      1.572 Ang (1.829 Ang by residue) in 3.5382 (sec).
 3-Body  A62-GLU 41,  A64-GLU 0 ,  A65-LYS 37:       0.00159677 at      1.572 Ang (1.829 Ang by residue) in 3.1857 (sec).
 3-Body  A62-GLU 41,  A64-GLU 0 ,  A65-LYS 38:       0.00154783 at      1.572 Ang (1.829 Ang by residue) in 3.3006 (sec).
 3-Body  A62-GLU 41,  A64-GLU 0 ,  A65-LYS 39:       0.00100969 at      1.572 Ang (1.829 Ang by residue) in 3.2269 (sec).
 3-Body  A62-GLU 41,  A64-GLU 0 ,  A65-LYS 40:       0.00100916 at      1.572 Ang (1.829 Ang by residue) in 3.2691 (sec).
 3-Body  A62-GLU 41,  A64-GLU 0 ,  A65-LYS 42:       0.00124669 at      1.572 Ang (1.829 Ang by residue) in 3.2322 (sec).
 3-Body  A62-GLU 41,  A64-GLU 0 ,  A65-LYS 43:       0.00119831 at      1.572 Ang (1.829 Ang by residue) in 3.1457 (sec).
 3-Body  A62-GLU 41,  A64-GLU 0 ,  A65-LYS 44:       0.00192124 at      1.543 Ang (1.829 Ang by residue) in 3.3263 (sec).
 3-Body  A62-GLU 41,  A64-GLU 0 ,  A65-LYS 46:       0.00189929 at      1.563 Ang (1.829 Ang by residue) in 3.4019 (sec).
 3-Body  A62-GLU 41,  A64-GLU 0 ,  A65-LYS 47:       0.00290261 at      1.563 Ang (1.829 Ang by residue) in 3.4105 (sec).
 3-Body  A62-GLU 41,  A64-GLU 0 ,  A65-LYS 48:       0.00215210 at      1.563 Ang (1.829 Ang by residue) in 3.2959 (sec).
 3-Body  A62-GLU 41,  A64-GLU 0 ,  A65-LYS 49:       0.00196540 at      1.563 Ang (1.829 Ang by residue) in 3.2951 (sec).
 3-Body  A62-GLU 41,  A64-GLU 0 ,  A65-LYS 50:       0.00677894 at      1.375 Ang (1.829 Ang by residue) in 3.1775 (sec).
 3-Body  A62-GLU 41,  A64-GLU 0 ,  A65-LYS 51:       0.01597293 at      1.481 Ang (1.829 Ang by residue) in 3.1951 (sec).
 3-Body  A62-GLU 41,  A64-GLU 0 ,  A65-LYS 52:       0.00156597 at      1.569 Ang (1.829 Ang by residue) in 3.3083 (sec).
 3-Body  A62-GLU 41,  A64-GLU 0 ,  A65-LYS 53:       0.00145387 at      1.569 Ang (1.829 Ang by residue) in 3.1863 (sec).
 3-Body  A62-GLU 41,  A64-GLU 0 ,  A65-LYS 54:       0.00199150 at      1.569 Ang (1.829 Ang by residue) in 3.4245 (sec).
 3-Body  A62-GLU 41,  A64-GLU 0 ,  A65-LYS 55:       0.00134618 at      1.569 Ang (1.829 Ang by residue) in 3.3912 (sec).
 3-Body  A62-GLU 41,  A64-GLU 36,  A65-LYS 0 :       0.00215231 at      1.563 Ang (1.829 Ang by residue) in 3.1942 (sec).
 3-Body  A62-GLU 41,  A64-GLU 36,  A65-LYD 1 :       0.00147712 at      1.563 Ang (1.829 Ang by residue) in 3.3250 (sec).
 3-Body  A62-GLU 41,  A64-GLU 36,  A65-LYD 8 :       0.00072826 at      1.572 Ang (1.829 Ang by residue) in 3.2504 (sec).
 3-Body  A62-GLU 41,  A64-GLU 36,  A65-LYD 9 :       0.00073351 at      1.572 Ang (1.829 Ang by residue) in 3.1458 (sec).
 3-Body  A62-GLU 41,  A64-GLU 36,  A65-LYD 10:       0.00104519 at      1.572 Ang (1.829 Ang by residue) in 3.3753 (sec).
 3-Body  A62-GLU 41,  A64-GLU 36,  A65-LYD 11:       0.00108901 at      1.572 Ang (1.829 Ang by residue) in 3.1953 (sec).
 3-Body  A62-GLU 41,  A64-GLU 36,  A65-LYD 12:       0.00072702 at      1.572 Ang (1.829 Ang by residue) in 3.4813 (sec).
 3-Body  A62-GLU 41,  A64-GLU 36,  A65-LYD 13:       0.00073978 at      1.572 Ang (1.829 Ang by residue) in 3.2151 (sec).
 3-Body  A62-GLU 41,  A64-GLU 36,  A65-LYD 15:       0.00084874 at      1.572 Ang (1.829 Ang by residue) in 3.2823 (sec).
 3-Body  A62-GLU 41,  A64-GLU 36,  A65-LYD 16:       0.00084728 at      1.572 Ang (1.829 Ang by residue) in 3.3458 (sec).
 3-Body  A62-GLU 41,  A64-GLU 36,  A65-LYD 19:       0.00138775 at      1.563 Ang (1.829 Ang by residue) in 3.3715 (sec).
 3-Body  A62-GLU 41,  A64-GLU 36,  A65-LYD 20:       0.00165926 at      1.563 Ang (1.829 Ang by residue) in 3.3839 (sec).
 3-Body  A62-GLU 41,  A64-GLU 36,  A65-LYD 21:       0.00147691 at      1.563 Ang (1.829 Ang by residue) in 3.3163 (sec).
 3-Body  A62-GLU 41,  A64-GLU 36,  A65-LYD 22:       0.00146729 at      1.563 Ang (1.829 Ang by residue) in 3.5079 (sec).
 3-Body  A62-GLU 41,  A64-GLU 36,  A65-LYD 23:       0.00452440 at      1.375 Ang (1.829 Ang by residue) in 3.4643 (sec).
 3-Body  A62-GLU 41,  A64-GLU 36,  A65-LYD 25:       0.00109553 at      1.569 Ang (1.829 Ang by residue) in 3.2432 (sec).
 3-Body  A62-GLU 41,  A64-GLU 36,  A65-LYD 26:       0.00113270 at      1.569 Ang (1.829 Ang by residue) in 3.2928 (sec).
 3-Body  A62-GLU 41,  A64-GLU 36,  A65-LYD 27:       0.00124098 at      1.569 Ang (1.829 Ang by residue) in 3.3325 (sec).
 3-Body  A62-GLU 41,  A64-GLU 36,  A65-LYD 28:       0.00105274 at      1.569 Ang (1.829 Ang by residue) in 3.2614 (sec).
 3-Body  A62-GLU 41,  A64-GLU 36,  A65-LYS 30:       0.00141159 at      1.541 Ang (1.829 Ang by residue) in 3.3127 (sec).
 3-Body  A62-GLU 41,  A64-GLU 36,  A65-LYS 33:       0.00376441 at      1.446 Ang (1.829 Ang by residue) in 3.2876 (sec).
 3-Body  A62-GLU 41,  A64-GLU 36,  A65-LYS 35:       0.00098348 at      1.572 Ang (1.829 Ang by residue) in 3.2757 (sec).
 3-Body  A62-GLU 41,  A64-GLU 36,  A65-LYS 36:       0.00099824 at      1.572 Ang (1.829 Ang by residue) in 3.3153 (sec).
 3-Body  A62-GLU 41,  A64-GLU 36,  A65-LYS 37:       0.00159687 at      1.572 Ang (1.829 Ang by residue) in 3.1910 (sec).
 3-Body  A62-GLU 41,  A64-GLU 36,  A65-LYS 38:       0.00154794 at      1.572 Ang (1.829 Ang by residue) in 3.4614 (sec).
 3-Body  A62-GLU 41,  A64-GLU 36,  A65-LYS 39:       0.00100976 at      1.572 Ang (1.829 Ang by residue) in 3.2416 (sec).
 3-Body  A62-GLU 41,  A64-GLU 36,  A65-LYS 40:       0.00100924 at      1.572 Ang (1.829 Ang by residue) in 3.3056 (sec).
 3-Body  A62-GLU 41,  A64-GLU 36,  A65-LYS 42:       0.00124676 at      1.572 Ang (1.829 Ang by residue) in 3.3959 (sec).
 3-Body  A62-GLU 41,  A64-GLU 36,  A65-LYS 43:       0.00119837 at      1.572 Ang (1.829 Ang by residue) in 3.4754 (sec).
 3-Body  A62-GLU 41,  A64-GLU 36,  A65-LYS 44:       0.00192134 at      1.543 Ang (1.829 Ang by residue) in 3.3026 (sec).
 3-Body  A62-GLU 41,  A64-GLU 36,  A65-LYS 46:       0.00189936 at      1.563 Ang (1.829 Ang by residue) in 3.3911 (sec).
 3-Body  A62-GLU 41,  A64-GLU 36,  A65-LYS 47:       0.00290260 at      1.563 Ang (1.829 Ang by residue) in 3.3742 (sec).
 3-Body  A62-GLU 41,  A64-GLU 36,  A65-LYS 48:       0.00215210 at      1.563 Ang (1.829 Ang by residue) in 3.5189 (sec).
 3-Body  A62-GLU 41,  A64-GLU 36,  A65-LYS 49:       0.00196542 at      1.563 Ang (1.829 Ang by residue) in 3.5128 (sec).
 3-Body  A62-GLU 41,  A64-GLU 36,  A65-LYS 50:       0.00677861 at      1.375 Ang (1.829 Ang by residue) in 3.3052 (sec).
 3-Body  A62-GLU 41,  A64-GLU 36,  A65-LYS 51:       0.01597271 at      1.481 Ang (1.829 Ang by residue) in 3.2058 (sec).
 3-Body  A62-GLU 41,  A64-GLU 36,  A65-LYS 52:       0.00156603 at      1.569 Ang (1.829 Ang by residue) in 3.5798 (sec).
 3-Body  A62-GLU 41,  A64-GLU 36,  A65-LYS 53:       0.00145391 at      1.569 Ang (1.829 Ang by residue) in 3.3574 (sec).
 3-Body  A62-GLU 41,  A64-GLU 36,  A65-LYS 54:       0.00199151 at      1.569 Ang (1.829 Ang by residue) in 3.1062 (sec).
 3-Body  A62-GLU 41,  A64-GLU 36,  A65-LYS 55:       0.00134624 at      1.569 Ang (1.829 Ang by residue) in 3.3539 (sec).
 3-Body  A62-GLU 41,  A64-GLU 37,  A65-LYS 0 :       0.00229556 at      1.563 Ang (1.829 Ang by residue) in 3.3946 (sec).
 3-Body  A62-GLU 41,  A64-GLU 37,  A65-LYD 1 :       0.00142202 at      1.563 Ang (1.829 Ang by residue) in 3.4674 (sec).
 3-Body  A62-GLU 41,  A64-GLU 37,  A65-LYD 8 :       0.00061834 at      1.572 Ang (1.829 Ang by residue) in 3.3365 (sec).
 3-Body  A62-GLU 41,  A64-GLU 37,  A65-LYD 9 :       0.00062043 at      1.572 Ang (1.829 Ang by residue) in 3.5005 (sec).
 3-Body  A62-GLU 41,  A64-GLU 37,  A65-LYD 10:       0.00084591 at      1.572 Ang (1.829 Ang by residue) in 3.1674 (sec).
 3-Body  A62-GLU 41,  A64-GLU 37,  A65-LYD 11:       0.00087962 at      1.572 Ang (1.829 Ang by residue) in 3.2526 (sec).
 3-Body  A62-GLU 41,  A64-GLU 37,  A65-LYD 12:       0.00061293 at      1.572 Ang (1.829 Ang by residue) in 3.5372 (sec).
 3-Body  A62-GLU 41,  A64-GLU 37,  A65-LYD 13:       0.00062016 at      1.572 Ang (1.829 Ang by residue) in 3.4150 (sec).
 3-Body  A62-GLU 41,  A64-GLU 37,  A65-LYD 15:       0.00073821 at      1.572 Ang (1.829 Ang by residue) in 3.2787 (sec).
 3-Body  A62-GLU 41,  A64-GLU 37,  A65-LYD 16:       0.00074494 at      1.572 Ang (1.829 Ang by residue) in 3.4984 (sec).
 3-Body  A62-GLU 41,  A64-GLU 37,  A65-LYD 19:       0.00126923 at      1.563 Ang (1.829 Ang by residue) in 3.3506 (sec).
 3-Body  A62-GLU 41,  A64-GLU 37,  A65-LYD 20:       0.00168081 at      1.563 Ang (1.829 Ang by residue) in 3.3046 (sec).
 3-Body  A62-GLU 41,  A64-GLU 37,  A65-LYD 21:       0.00142172 at      1.563 Ang (1.829 Ang by residue) in 3.1859 (sec).
 3-Body  A62-GLU 41,  A64-GLU 37,  A65-LYD 22:       0.00144089 at      1.563 Ang (1.829 Ang by residue) in 3.2793 (sec).
 3-Body  A62-GLU 41,  A64-GLU 37,  A65-LYD 23:       0.00488317 at      1.375 Ang (1.829 Ang by residue) in 3.5107 (sec).
 3-Body  A62-GLU 41,  A64-GLU 37,  A65-LYD 25:       0.00097886 at      1.569 Ang (1.829 Ang by residue) in 3.3243 (sec).
 3-Body  A62-GLU 41,  A64-GLU 37,  A65-LYD 26:       0.00102300 at      1.569 Ang (1.829 Ang by residue) in 3.4476 (sec).
 3-Body  A62-GLU 41,  A64-GLU 37,  A65-LYD 27:       0.00113852 at      1.569 Ang (1.829 Ang by residue) in 3.4179 (sec).
 3-Body  A62-GLU 41,  A64-GLU 37,  A65-LYD 28:       0.00091567 at      1.569 Ang (1.829 Ang by residue) in 3.4087 (sec).
 3-Body  A62-GLU 41,  A64-GLU 37,  A65-LYS 30:       0.00139941 at      1.541 Ang (1.829 Ang by residue) in 3.4728 (sec).
 3-Body  A62-GLU 41,  A64-GLU 37,  A65-LYS 33:       0.00315978 at      1.446 Ang (1.829 Ang by residue) in 3.3127 (sec).
 3-Body  A62-GLU 41,  A64-GLU 37,  A65-LYS 35:       0.00084081 at      1.572 Ang (1.829 Ang by residue) in 3.3867 (sec).
 3-Body  A62-GLU 41,  A64-GLU 37,  A65-LYS 36:       0.00085330 at      1.572 Ang (1.829 Ang by residue) in 3.4561 (sec).
 3-Body  A62-GLU 41,  A64-GLU 37,  A65-LYS 37:       0.00129058 at      1.572 Ang (1.829 Ang by residue) in 3.5244 (sec).
 3-Body  A62-GLU 41,  A64-GLU 37,  A65-LYS 38:       0.00124254 at      1.572 Ang (1.829 Ang by residue) in 3.4497 (sec).
 3-Body  A62-GLU 41,  A64-GLU 37,  A65-LYS 39:       0.00086090 at      1.572 Ang (1.829 Ang by residue) in 3.3576 (sec).
 3-Body  A62-GLU 41,  A64-GLU 37,  A65-LYS 40:       0.00085535 at      1.572 Ang (1.829 Ang by residue) in 3.4456 (sec).
 3-Body  A62-GLU 41,  A64-GLU 37,  A65-LYS 42:       0.00112669 at      1.572 Ang (1.829 Ang by residue) in 3.3602 (sec).
 3-Body  A62-GLU 41,  A64-GLU 37,  A65-LYS 43:       0.00107617 at      1.572 Ang (1.829 Ang by residue) in 3.3070 (sec).
 3-Body  A62-GLU 41,  A64-GLU 37,  A65-LYS 44:       0.00189663 at      1.543 Ang (1.829 Ang by residue) in 3.4189 (sec).
 3-Body  A62-GLU 41,  A64-GLU 37,  A65-LYS 46:       0.00175738 at      1.563 Ang (1.829 Ang by residue) in 3.2199 (sec).
 3-Body  A62-GLU 41,  A64-GLU 37,  A65-LYS 47:       0.00328340 at      1.563 Ang (1.829 Ang by residue) in 3.3175 (sec).
 3-Body  A62-GLU 41,  A64-GLU 37,  A65-LYS 48:       0.00229533 at      1.563 Ang (1.829 Ang by residue) in 3.3587 (sec).
 3-Body  A62-GLU 41,  A64-GLU 37,  A65-LYS 49:       0.00198632 at      1.563 Ang (1.829 Ang by residue) in 3.2060 (sec).
 3-Body  A62-GLU 41,  A64-GLU 37,  A65-LYS 50:       0.00744531 at      1.375 Ang (1.829 Ang by residue) in 3.4129 (sec).
 3-Body  A62-GLU 41,  A64-GLU 37,  A65-LYS 51:       0.01820723 at      1.481 Ang (1.829 Ang by residue) in 3.2869 (sec).
 3-Body  A62-GLU 41,  A64-GLU 37,  A65-LYS 52:       0.00150004 at      1.569 Ang (1.829 Ang by residue) in 3.4602 (sec).
 3-Body  A62-GLU 41,  A64-GLU 37,  A65-LYS 53:       0.00135726 at      1.569 Ang (1.829 Ang by residue) in 3.2156 (sec).
 3-Body  A62-GLU 41,  A64-GLU 37,  A65-LYS 54:       0.00207019 at      1.569 Ang (1.829 Ang by residue) in 3.1957 (sec).
 3-Body  A62-GLU 41,  A64-GLU 37,  A65-LYS 55:       0.00119329 at      1.569 Ang (1.829 Ang by residue) in 3.4249 (sec).
 3-Body  A62-GLU 41,  A64-GLU 40,  A65-LYS 0 :       0.00177039 at      1.563 Ang (1.829 Ang by residue) in 3.2832 (sec).
 3-Body  A62-GLU 41,  A64-GLU 40,  A65-LYD 1 :       0.00114301 at      1.563 Ang (1.829 Ang by residue) in 3.2634 (sec).
 3-Body  A62-GLU 41,  A64-GLU 40,  A65-LYD 8 :       0.00047131 at      1.572 Ang (1.829 Ang by residue) in 3.2397 (sec).
 3-Body  A62-GLU 41,  A64-GLU 40,  A65-LYD 9 :       0.00047423 at      1.572 Ang (1.829 Ang by residue) in 3.4747 (sec).
 3-Body  A62-GLU 41,  A64-GLU 40,  A65-LYD 10:       0.00057826 at      1.572 Ang (1.829 Ang by residue) in 3.5232 (sec).
 3-Body  A62-GLU 41,  A64-GLU 40,  A65-LYD 11:       0.00056664 at      1.572 Ang (1.829 Ang by residue) in 3.6000 (sec).
 3-Body  A62-GLU 41,  A64-GLU 40,  A65-LYD 12:       0.00045758 at      1.572 Ang (1.829 Ang by residue) in 3.2817 (sec).
 3-Body  A62-GLU 41,  A64-GLU 40,  A65-LYD 13:       0.00046490 at      1.572 Ang (1.829 Ang by residue) in 3.2478 (sec).
 3-Body  A62-GLU 41,  A64-GLU 40,  A65-LYD 15:       0.00056122 at      1.572 Ang (1.829 Ang by residue) in 3.4498 (sec).
 3-Body  A62-GLU 41,  A64-GLU 40,  A65-LYD 16:       0.00055717 at      1.572 Ang (1.829 Ang by residue) in 3.3991 (sec).
 3-Body  A62-GLU 41,  A64-GLU 40,  A65-LYD 19:       0.00099640 at      1.563 Ang (1.829 Ang by residue) in 3.3185 (sec).
 3-Body  A62-GLU 41,  A64-GLU 40,  A65-LYD 20:       0.00136715 at      1.563 Ang (1.829 Ang by residue) in 3.2715 (sec).
 3-Body  A62-GLU 41,  A64-GLU 40,  A65-LYD 21:       0.00114278 at      1.563 Ang (1.829 Ang by residue) in 3.4443 (sec).
 3-Body  A62-GLU 41,  A64-GLU 40,  A65-LYD 22:       0.00115229 at      1.563 Ang (1.829 Ang by residue) in 3.3487 (sec).
 3-Body  A62-GLU 41,  A64-GLU 40,  A65-LYD 23:       0.00327843 at      1.375 Ang (1.829 Ang by residue) in 3.3594 (sec).
 3-Body  A62-GLU 41,  A64-GLU 40,  A65-LYD 25:       0.00078624 at      1.569 Ang (1.829 Ang by residue) in 3.3504 (sec).
 3-Body  A62-GLU 41,  A64-GLU 40,  A65-LYD 26:       0.00081819 at      1.569 Ang (1.829 Ang by residue) in 3.2040 (sec).
 3-Body  A62-GLU 41,  A64-GLU 40,  A65-LYD 27:       0.00096456 at      1.569 Ang (1.829 Ang by residue) in 3.3797 (sec).
 3-Body  A62-GLU 41,  A64-GLU 40,  A65-LYD 28:       0.00073790 at      1.569 Ang (1.829 Ang by residue) in 3.2911 (sec).
 3-Body  A62-GLU 41,  A64-GLU 40,  A65-LYS 30:       0.00110012 at      1.541 Ang (1.829 Ang by residue) in 3.1406 (sec).
 3-Body  A62-GLU 41,  A64-GLU 40,  A65-LYS 33:       0.00210452 at      1.446 Ang (1.829 Ang by residue) in 3.3168 (sec).
 3-Body  A62-GLU 41,  A64-GLU 40,  A65-LYS 35:       0.00063231 at      1.572 Ang (1.829 Ang by residue) in 3.4085 (sec).
 3-Body  A62-GLU 41,  A64-GLU 40,  A65-LYS 36:       0.00063968 at      1.572 Ang (1.829 Ang by residue) in 3.3544 (sec).
 3-Body  A62-GLU 41,  A64-GLU 40,  A65-LYS 37:       0.00091700 at      1.572 Ang (1.829 Ang by residue) in 3.3094 (sec).
 3-Body  A62-GLU 41,  A64-GLU 40,  A65-LYS 38:       0.00075185 at      1.572 Ang (1.829 Ang by residue) in 3.3162 (sec).
 3-Body  A62-GLU 41,  A64-GLU 40,  A65-LYS 39:       0.00064161 at      1.572 Ang (1.829 Ang by residue) in 3.3478 (sec).
 3-Body  A62-GLU 41,  A64-GLU 40,  A65-LYS 40:       0.00062768 at      1.572 Ang (1.829 Ang by residue) in 3.4224 (sec).
 3-Body  A62-GLU 41,  A64-GLU 40,  A65-LYS 42:       0.00081425 at      1.572 Ang (1.829 Ang by residue) in 3.3959 (sec).
 3-Body  A62-GLU 41,  A64-GLU 40,  A65-LYS 43:       0.00080565 at      1.572 Ang (1.829 Ang by residue) in 3.3958 (sec).
 3-Body  A62-GLU 41,  A64-GLU 40,  A65-LYS 44:       0.00149406 at      1.543 Ang (1.829 Ang by residue) in 3.4350 (sec).
 3-Body  A62-GLU 41,  A64-GLU 40,  A65-LYS 46:       0.00135881 at      1.563 Ang (1.829 Ang by residue) in 3.3771 (sec).
 3-Body  A62-GLU 41,  A64-GLU 40,  A65-LYS 47:       0.00280344 at      1.563 Ang (1.829 Ang by residue) in 3.3811 (sec).
 3-Body  A62-GLU 41,  A64-GLU 40,  A65-LYS 48:       0.00177018 at      1.563 Ang (1.829 Ang by residue) in 3.3415 (sec).
 3-Body  A62-GLU 41,  A64-GLU 40,  A65-LYS 49:       0.00160164 at      1.563 Ang (1.829 Ang by residue) in 3.4607 (sec).
 3-Body  A62-GLU 41,  A64-GLU 40,  A65-LYS 50:       0.00454919 at      1.375 Ang (1.829 Ang by residue) in 3.3295 (sec).
 3-Body  A62-GLU 41,  A64-GLU 40,  A65-LYS 51:       0.01630157 at      1.481 Ang (1.829 Ang by residue) in 3.4230 (sec).
 3-Body  A62-GLU 41,  A64-GLU 40,  A65-LYS 52:       0.00118832 at      1.569 Ang (1.829 Ang by residue) in 3.3375 (sec).
 3-Body  A62-GLU 41,  A64-GLU 40,  A65-LYS 53:       0.00106115 at      1.569 Ang (1.829 Ang by residue) in 3.2299 (sec).
 3-Body  A62-GLU 41,  A64-GLU 40,  A65-LYS 54:       0.00161206 at      1.569 Ang (1.829 Ang by residue) in 3.5235 (sec).
 3-Body  A62-GLU 41,  A64-GLU 40,  A65-LYS 55:       0.00093922 at      1.569 Ang (1.829 Ang by residue) in 3.2882 (sec).
 3-Body  A62-GLU 41,  A64-GLU 41,  A65-LYS 0 :       0.00158800 at      1.563 Ang (1.829 Ang by residue) in 3.3438 (sec).
 3-Body  A62-GLU 41,  A64-GLU 41,  A65-LYD 1 :       0.00114581 at      1.563 Ang (1.829 Ang by residue) in 3.3305 (sec).
 3-Body  A62-GLU 41,  A64-GLU 41,  A65-LYD 8 :       0.00052973 at      1.572 Ang (1.829 Ang by residue) in 3.3151 (sec).
 3-Body  A62-GLU 41,  A64-GLU 41,  A65-LYD 9 :       0.00053552 at      1.572 Ang (1.829 Ang by residue) in 3.2573 (sec).
 3-Body  A62-GLU 41,  A64-GLU 41,  A65-LYD 10:       0.00072907 at      1.572 Ang (1.829 Ang by residue) in 3.3128 (sec).
 3-Body  A62-GLU 41,  A64-GLU 41,  A65-LYD 11:       0.00073313 at      1.572 Ang (1.829 Ang by residue) in 3.4262 (sec).
 3-Body  A62-GLU 41,  A64-GLU 41,  A65-LYD 12:       0.00052821 at      1.572 Ang (1.829 Ang by residue) in 3.2622 (sec).
 3-Body  A62-GLU 41,  A64-GLU 41,  A65-LYD 13:       0.00053999 at      1.572 Ang (1.829 Ang by residue) in 3.4305 (sec).
 3-Body  A62-GLU 41,  A64-GLU 41,  A65-LYD 15:       0.00062855 at      1.572 Ang (1.829 Ang by residue) in 3.3772 (sec).
 3-Body  A62-GLU 41,  A64-GLU 41,  A65-LYD 16:       0.00062044 at      1.572 Ang (1.829 Ang by residue) in 3.3144 (sec).
 3-Body  A62-GLU 41,  A64-GLU 41,  A65-LYD 19:       0.00104634 at      1.563 Ang (1.829 Ang by residue) in 3.4429 (sec).
 3-Body  A62-GLU 41,  A64-GLU 41,  A65-LYD 20:       0.00128168 at      1.563 Ang (1.829 Ang by residue) in 3.4266 (sec).
 3-Body  A62-GLU 41,  A64-GLU 41,  A65-LYD 21:       0.00114565 at      1.563 Ang (1.829 Ang by residue) in 3.2335 (sec).
 3-Body  A62-GLU 41,  A64-GLU 41,  A65-LYD 22:       0.00112817 at      1.563 Ang (1.829 Ang by residue) in 3.2782 (sec).
 3-Body  A62-GLU 41,  A64-GLU 41,  A65-LYD 23:       0.00310543 at      1.375 Ang (1.829 Ang by residue) in 3.2946 (sec).
 3-Body  A62-GLU 41,  A64-GLU 41,  A65-LYD 25:       0.00081872 at      1.569 Ang (1.829 Ang by residue) in 3.2912 (sec).
 3-Body  A62-GLU 41,  A64-GLU 41,  A65-LYD 26:       0.00084526 at      1.569 Ang (1.829 Ang by residue) in 3.5234 (sec).
 3-Body  A62-GLU 41,  A64-GLU 41,  A65-LYD 27:       0.00096153 at      1.569 Ang (1.829 Ang by residue) in 3.2172 (sec).
 3-Body  A62-GLU 41,  A64-GLU 41,  A65-LYD 28:       0.00078164 at      1.569 Ang (1.829 Ang by residue) in 3.3500 (sec).
 3-Body  A62-GLU 41,  A64-GLU 41,  A65-LYS 30:       0.00106689 at      1.541 Ang (1.829 Ang by residue) in 3.4183 (sec).
 3-Body  A62-GLU 41,  A64-GLU 41,  A65-LYS 33:       0.00288849 at      1.446 Ang (1.829 Ang by residue) in 3.2329 (sec).
 3-Body  A62-GLU 41,  A64-GLU 41,  A65-LYS 35:       0.00070426 at      1.572 Ang (1.829 Ang by residue) in 3.4026 (sec).
 3-Body  A62-GLU 41,  A64-GLU 41,  A65-LYS 36:       0.00071506 at      1.572 Ang (1.829 Ang by residue) in 3.3348 (sec).
 3-Body  A62-GLU 41,  A64-GLU 41,  A65-LYS 37:       0.00115256 at      1.572 Ang (1.829 Ang by residue) in 3.5355 (sec).
 3-Body  A62-GLU 41,  A64-GLU 41,  A65-LYS 38:       0.00100318 at      1.572 Ang (1.829 Ang by residue) in 3.2777 (sec).
 3-Body  A62-GLU 41,  A64-GLU 41,  A65-LYS 39:       0.00072938 at      1.572 Ang (1.829 Ang by residue) in 3.3158 (sec).
 3-Body  A62-GLU 41,  A64-GLU 41,  A65-LYS 40:       0.00072130 at      1.572 Ang (1.829 Ang by residue) in 3.2397 (sec).
 3-Body  A62-GLU 41,  A64-GLU 41,  A65-LYS 42:       0.00088307 at      1.572 Ang (1.829 Ang by residue) in 3.4352 (sec).
 3-Body  A62-GLU 41,  A64-GLU 41,  A65-LYS 43:       0.00087226 at      1.572 Ang (1.829 Ang by residue) in 3.4025 (sec).
 3-Body  A62-GLU 41,  A64-GLU 41,  A65-LYS 44:       0.00144425 at      1.543 Ang (1.829 Ang by residue) in 3.2169 (sec).
 3-Body  A62-GLU 41,  A64-GLU 41,  A65-LYS 46:       0.00141278 at      1.563 Ang (1.829 Ang by residue) in 3.3776 (sec).
 3-Body  A62-GLU 41,  A64-GLU 41,  A65-LYS 47:       0.00237672 at      1.563 Ang (1.829 Ang by residue) in 3.2341 (sec).
 3-Body  A62-GLU 41,  A64-GLU 41,  A65-LYS 48:       0.00158780 at      1.563 Ang (1.829 Ang by residue) in 3.3357 (sec).
 3-Body  A62-GLU 41,  A64-GLU 41,  A65-LYS 49:       0.00151976 at      1.563 Ang (1.829 Ang by residue) in 3.4302 (sec).
 3-Body  A62-GLU 41,  A64-GLU 41,  A65-LYS 50:       0.00415319 at      1.375 Ang (1.829 Ang by residue) in 3.2973 (sec).
 3-Body  A62-GLU 41,  A64-GLU 41,  A65-LYS 51:       0.01372464 at      1.481 Ang (1.829 Ang by residue) in 3.5272 (sec).
 3-Body  A62-GLU 41,  A64-GLU 41,  A65-LYS 52:       0.00117078 at      1.569 Ang (1.829 Ang by residue) in 3.3815 (sec).
 3-Body  A62-GLU 41,  A64-GLU 41,  A65-LYS 53:       0.00107315 at      1.569 Ang (1.829 Ang by residue) in 3.3923 (sec).
 3-Body  A62-GLU 41,  A64-GLU 41,  A65-LYS 54:       0.00150235 at      1.569 Ang (1.829 Ang by residue) in 3.4451 (sec).
 3-Body  A62-GLU 41,  A64-GLU 41,  A65-LYS 55:       0.00098723 at      1.569 Ang (1.829 Ang by residue) in 3.3772 (sec).
 Time for 3-Body energies:    2.080e+04
 Time for all energies:       2.081e+04
 Energy of the system with rotamers in their default conformation:   -2047.98340820

 Iteration 1: Applying Single Goldstein DEE conditions 
  Rotamer elimination of (  A5-GLH,36) by (  A5-GLH, 0):       5.2507 > 0.0000.
   Self:       5.2507, Pairs:       0.0000, Triples:       0.0000.
  Rotamer elimination of (  A5-GLH,37) by (  A5-GLH, 0):       6.5734 > 0.0000.
   Self:       6.5734, Pairs:       0.0000, Triples:       0.0000.
  Rotamer elimination of (  A5-GLH,40) by (  A5-GLH, 0):       2.1427 > 0.0000.
   Self:       2.1427, Pairs:       0.0000, Triples:       0.0000.
  Rotamer elimination of (  A5-GLH,41) by (  A5-GLH, 0):       2.2155 > 0.0000.
   Self:       2.2155, Pairs:       0.0000, Triples:       0.0000.
  Rotamer elimination of ( A10-ASH,26) by ( A10-ASH, 0):       2.3369 > 0.0000.
   Self:       2.3496, Pairs:      -0.0126, Triples:       0.0000.
  Rotamer elimination of ( A16-LYS, 0) by ( A16-LYS,40):       0.0005 > 0.0000.
   Self:       0.0005, Pairs:      -0.0000, Triples:       0.0000.
  Rotamer elimination of ( A16-LYS, 1) by ( A16-LYS,13):       0.0047 > 0.0000.
   Self:       0.0047, Pairs:      -0.0000, Triples:       0.0000.
  Rotamer elimination of ( A16-LYS, 2) by ( A16-LYS, 3):       0.7355 > 0.0000.
   Self:       0.7350, Pairs:       0.0005, Triples:       0.0000.
  Rotamer elimination of ( A16-LYS, 3) by ( A16-LYS, 4):       0.7268 > 0.0000.
   Self:       0.7282, Pairs:      -0.0014, Triples:       0.0000.
  Rotamer elimination of ( A16-LYS, 4) by ( A16-LYS, 7):       1.2356 > 0.0000.
   Self:       1.6637, Pairs:      -0.4281, Triples:       0.0000.
  Rotamer elimination of ( A16-LYS, 5) by ( A16-LYS, 6):       0.8538 > 0.0000.
   Self:       0.8589, Pairs:      -0.0050, Triples:       0.0000.
  Rotamer elimination of ( A16-LYS, 6) by ( A16-LYS, 7):       2.5716 > 0.0000.
   Self:       2.9840, Pairs:      -0.4124, Triples:       0.0000.
  Rotamer elimination of ( A16-LYS, 7) by ( A16-LYS, 8):       1.2980 > 0.0000.
   Self:       1.2963, Pairs:       0.0017, Triples:       0.0000.
  Rotamer elimination of ( A16-LYS, 8) by ( A16-LYS,11):       0.0000 > 0.0000.
   Self:       0.0284, Pairs:      -0.0283, Triples:       0.0000.
  Rotamer elimination of ( A16-LYS, 9) by ( A16-LYS,10):       0.6838 > 0.0000.
   Self:       0.6838, Pairs:       0.0001, Triples:       0.0000.
  Rotamer elimination of ( A16-LYS,10) by ( A16-LYS,11):       1.7863 > 0.0000.
   Self:       1.7945, Pairs:      -0.0082, Triples:       0.0000.
  Rotamer elimination of ( A16-LYS,11) by ( A16-LYS,12):       0.4738 > 0.0000.
   Self:       0.4764, Pairs:      -0.0026, Triples:       0.0000.
  Rotamer elimination of ( A16-LYS,12) by ( A16-LYS,13):       0.9187 > 0.0000.
   Self:       0.9695, Pairs:      -0.0508, Triples:       0.0000.
  Rotamer elimination of ( A16-LYS,13) by ( A16-LYS,29):       5.3096 > 0.0000.
   Self:       5.6828, Pairs:      -0.3732, Triples:       0.0000.
  Rotamer elimination of ( A16-LYS,14) by ( A16-LYS,21):       0.4494 > 0.0000.
   Self:       0.4505, Pairs:      -0.0012, Triples:       0.0000.
  Rotamer elimination of ( A16-LYS,15) by ( A16-LYS,21):       0.5538 > 0.0000.
   Self:       0.5545, Pairs:      -0.0007, Triples:       0.0000.
  Rotamer elimination of ( A16-LYS,16) by ( A16-LYS,19):       1.4142 > 0.0000.
   Self:       1.4446, Pairs:      -0.0304, Triples:       0.0000.
  Rotamer elimination of ( A16-LYS,19) by ( A16-LYS,20):       0.5580 > 0.0000.
   Self:       0.5579, Pairs:       0.0001, Triples:       0.0000.
  Rotamer elimination of ( A16-LYS,20) by ( A16-LYS,21):       0.9634 > 0.0000.
   Self:       0.9761, Pairs:      -0.0127, Triples:       0.0000.
  Rotamer elimination of ( A16-LYS,21) by ( A16-LYS,29):       6.3720 > 0.0000.
   Self:       6.7618, Pairs:      -0.3899, Triples:       0.0000.
  Rotamer elimination of ( A16-LYS,22) by ( A16-LYS,23):       0.2819 > 0.0000.
   Self:       0.2876, Pairs:      -0.0057, Triples:       0.0000.
  Rotamer elimination of ( A16-LYS,23) by ( A16-LYS,29):       7.9465 > 0.0000.
   Self:       8.3520, Pairs:      -0.4055, Triples:       0.0000.
  Rotamer elimination of ( A16-LYS,24) by ( A16-LYS,29):      10.4795 > 0.0000.
   Self:      10.8740, Pairs:      -0.3945, Triples:       0.0000.
  Rotamer elimination of ( A16-LYS,29) by ( A16-LYS,30):       0.8204 > 0.0000.
   Self:       0.8956, Pairs:      -0.0752, Triples:       0.0000.
  Rotamer elimination of ( A16-LYS,30) by ( A16-LYS,31):       0.7761 > 0.0000.
   Self:       0.7801, Pairs:      -0.0040, Triples:       0.0000.
  Rotamer elimination of ( A16-LYS,31) by ( A16-LYS,35):       1.4971 > 0.0000.
   Self:       2.7357, Pairs:      -1.2386, Triples:       0.0000.
  Rotamer elimination of ( A16-LYS,32) by ( A16-LYS,33):       1.5895 > 0.0000.
   Self:       1.6679, Pairs:      -0.0784, Triples:       0.0000.
  Rotamer elimination of ( A16-LYS,33) by ( A16-LYS,34):       0.0682 > 0.0000.
   Self:       1.7419, Pairs:      -1.6737, Triples:       0.0000.
  Rotamer elimination of ( A16-LYS,34) by ( A16-LYS,35):       2.2219 > 0.0000.
   Self:       2.2846, Pairs:      -0.0627, Triples:       0.0000.
  Rotamer elimination of ( A16-LYS,35) by ( A16-LYS,38):       0.4983 > 0.0000.
   Self:       0.4968, Pairs:       0.0015, Triples:       0.0000.
  Rotamer elimination of ( A16-LYS,36) by ( A16-LYS,37):       0.4224 > 0.0000.
   Self:       0.4244, Pairs:      -0.0020, Triples:       0.0000.
  Rotamer elimination of ( A16-LYS,37) by ( A16-LYS,38):       2.2432 > 0.0000.
   Self:       2.2417, Pairs:       0.0015, Triples:       0.0000.
  Rotamer elimination of ( A16-LYS,38) by ( A16-LYS,40):       1.6831 > 0.0000.
   Self:       1.7810, Pairs:      -0.0979, Triples:       0.0000.
  Rotamer elimination of ( A16-LYS,39) by ( A16-LYS,40):       2.2216 > 0.0000.
   Self:       2.2230, Pairs:      -0.0014, Triples:       0.0000.
  Rotamer elimination of ( A16-LYS,41) by ( A16-LYS,40):       1.6617 > 0.0000.
   Self:       1.6605, Pairs:       0.0011, Triples:       0.0000.
  Rotamer elimination of ( A16-LYS,42) by ( A16-LYS,40):       1.9197 > 0.0000.
   Self:       1.9987, Pairs:      -0.0790, Triples:       0.0000.
  Rotamer elimination of ( A16-LYS,43) by ( A16-LYS,40):       4.5079 > 0.0000.
   Self:       4.5164, Pairs:      -0.0086, Triples:       0.0000.
  Rotamer elimination of ( A16-LYS,44) by ( A16-LYS,40):      22.2765 > 0.0000.
   Self:      22.3462, Pairs:      -0.0697, Triples:       0.0000.
  Rotamer elimination of ( A16-LYS,46) by ( A16-LYS,40):       3.0861 > 0.0000.
   Self:       3.1690, Pairs:      -0.0829, Triples:       0.0000.
  Rotamer elimination of ( A16-LYS,47) by ( A16-LYS,40):       3.7227 > 0.0000.
   Self:       3.8809, Pairs:      -0.1582, Triples:       0.0000.
  Rotamer elimination of ( A16-LYS,48) by ( A16-LYS,40):       1.3585 > 0.0000.
   Self:       1.5095, Pairs:      -0.1510, Triples:       0.0000.
  Rotamer elimination of ( A16-LYS,49) by ( A16-LYS,40):       3.5581 > 0.0000.
   Self:       3.6526, Pairs:      -0.0945, Triples:       0.0000.
  Rotamer elimination of ( A16-LYS,50) by ( A16-LYS,40):       3.2013 > 0.0000.
   Self:       3.3682, Pairs:      -0.1668, Triples:       0.0000.
  Rotamer elimination of ( A16-LYS,51) by ( A16-LYS,40):       6.0436 > 0.0000.
   Self:       6.2154, Pairs:      -0.1719, Triples:       0.0000.
  Rotamer elimination of ( A19-LYS, 1) by ( A19-LYS, 0):      12.5895 > 0.0000.
   Self:      12.3314, Pairs:       0.2596, Triples:      -0.0015.
  Rotamer elimination of ( A19-LYS, 2) by ( A19-LYS, 0):      17.5097 > 0.0000.
   Self:      17.2490, Pairs:       0.2621, Triples:      -0.0014.
  Rotamer elimination of ( A19-LYS, 3) by ( A19-LYS, 0):      16.8351 > 0.0000.
   Self:      16.5650, Pairs:       0.2717, Triples:      -0.0016.
  Rotamer elimination of ( A19-LYS, 4) by ( A19-LYS, 0):      15.8787 > 0.0000.
   Self:      15.6148, Pairs:       0.2652, Triples:      -0.0014.
  Rotamer elimination of ( A19-LYS, 5) by ( A19-LYS, 0):      17.8299 > 0.0000.
   Self:      17.5811, Pairs:       0.2501, Triples:      -0.0013.
  Rotamer elimination of ( A19-LYS, 6) by ( A19-LYS, 0):      25.0306 > 0.0000.
   Self:      24.7780, Pairs:       0.2533, Triples:      -0.0007.
  Rotamer elimination of ( A19-LYS,20) by ( A19-LYS, 0):      15.0815 > 0.0000.
   Self:      14.8285, Pairs:       0.2546, Triples:      -0.0016.
  Rotamer elimination of ( A19-LYS,21) by ( A19-LYS, 0):      12.8671 > 0.0000.
   Self:      12.6128, Pairs:       0.2559, Triples:      -0.0015.
  Rotamer elimination of ( A19-LYS,22) by ( A19-LYS, 0):      20.1120 > 0.0000.
   Self:      19.8583, Pairs:       0.2552, Triples:      -0.0015.
  Rotamer elimination of ( A19-LYS,23) by ( A19-LYS, 0):      14.9109 > 0.0000.
   Self:      14.6564, Pairs:       0.2561, Triples:      -0.0016.
  Rotamer elimination of ( A19-LYS,24) by ( A19-LYS, 0):      17.3235 > 0.0000.
   Self:      17.0834, Pairs:       0.2415, Triples:      -0.0014.
  Rotamer elimination of ( A19-LYS,29) by ( A19-LYS, 0):       5.4621 > 0.0000.
   Self:       5.5224, Pairs:      -0.0586, Triples:      -0.0017.
  Rotamer elimination of ( A19-LYS,30) by ( A19-LYS, 0):      19.2898 > 0.0000.
   Self:      19.3664, Pairs:      -0.0776, Triples:       0.0011.
  Rotamer elimination of ( A19-LYS,31) by ( A19-LYS, 0):       3.4918 > 0.0000.
   Self:       3.5981, Pairs:      -0.1047, Triples:      -0.0016.
  Rotamer elimination of ( A19-LYS,32) by ( A19-LYS, 0):       5.8514 > 0.0000.
   Self:       5.9683, Pairs:      -0.1151, Triples:      -0.0019.
  Rotamer elimination of ( A19-LYS,33) by ( A19-LYS, 0):      13.2240 > 0.0000.
   Self:      13.3541, Pairs:      -0.1322, Triples:       0.0021.
  Rotamer elimination of ( A19-LYS,46) by ( A19-LYS, 0):      17.1293 > 0.0000.
   Self:      17.2755, Pairs:      -0.1481, Triples:       0.0019.
  Rotamer elimination of ( A19-LYS,47) by ( A19-LYS, 0):       6.1281 > 0.0000.
   Self:       6.1469, Pairs:      -0.0186, Triples:      -0.0003.
  Rotamer elimination of ( A19-LYS,48) by ( A19-LYS, 0):       0.8165 > 0.0000.
   Self:       0.8225, Pairs:      -0.0057, Triples:      -0.0004.
  Rotamer elimination of ( A19-LYS,49) by ( A19-LYS, 0):       7.5380 > 0.0000.
   Self:       7.5987, Pairs:      -0.0611, Triples:       0.0004.
  Rotamer elimination of ( A19-LYS,50) by ( A19-LYS, 0):       2.9099 > 0.0000.
   Self:       2.9678, Pairs:      -0.0576, Triples:      -0.0003.
  Rotamer elimination of ( A19-LYS,51) by ( A19-LYS, 0):       5.6254 > 0.0000.
   Self:       5.6915, Pairs:      -0.0655, Triples:      -0.0006.
  Rotamer elimination of ( A20-ASH,22) by ( A20-ASH, 0):       3.5126 > 0.0000.
   Self:       4.2123, Pairs:      -0.7008, Triples:       0.0011.
  Rotamer elimination of ( A20-ASH,23) by ( A20-ASH, 0):       4.1419 > 0.0000.
   Self:       4.1209, Pairs:       0.0207, Triples:       0.0004.
  Rotamer elimination of ( A20-ASH,25) by ( A20-ASH, 0):      16.3766 > 0.0000.
   Self:      15.9728, Pairs:       0.4160, Triples:      -0.0122.
  Rotamer elimination of ( A22-GLH,36) by ( A22-GLH, 0):      13.6377 > 0.0000.
   Self:      13.7079, Pairs:      -0.0686, Triples:      -0.0016.
  Rotamer elimination of ( A22-GLH,39) by ( A22-GLH, 0):       6.6209 > 0.0000.
   Self:       6.1627, Pairs:       0.4606, Triples:      -0.0024.
  Rotamer elimination of ( A22-GLH,40) by ( A22-GLH, 0):       8.5086 > 0.0000.
   Self:       9.6503, Pairs:      -1.1403, Triples:      -0.0015.
  Rotamer elimination of ( A22-GLH,41) by ( A22-GLH, 0):       2.8351 > 0.0000.
   Self:       2.8338, Pairs:       0.0017, Triples:      -0.0004.
  Rotamer elimination of ( A31-HIS, 0) by ( A31-HIS, 1):       9.2269 > 0.0000.
   Self:      10.8766, Pairs:      -1.6498, Triples:       0.0000.
  Rotamer elimination of ( A31-HIS, 1) by ( A31-HIS, 2):       0.9973 > 0.0000.
   Self:       2.3813, Pairs:      -1.3840, Triples:       0.0000.
  Rotamer elimination of ( A31-HIS, 2) by ( A31-HIS,22):       0.4855 > 0.0000.
   Self:       0.4125, Pairs:       0.0730, Triples:       0.0000.
  Rotamer elimination of ( A31-HIS, 6) by ( A31-HIS,14):      10.8194 > 0.0000.
   Self:      12.8438, Pairs:      -2.0244, Triples:       0.0000.
  Rotamer elimination of ( A31-HIS, 7) by ( A31-HIS,14):       9.7796 > 0.0000.
   Self:      12.0563, Pairs:      -2.2767, Triples:       0.0000.
  Rotamer elimination of ( A31-HIS,14) by ( A31-HIS,22):       1.7584 > 0.0000.
   Self:       2.5904, Pairs:      -0.8319, Triples:       0.0000.
  Rotamer elimination of ( A31-HIS,15) by ( A31-HIS,22):       0.6463 > 0.0000.
   Self:       2.1240, Pairs:      -1.4777, Triples:       0.0000.
  Rotamer elimination of ( A31-HIS,21) by ( A31-HIS,22):      14.3533 > 0.0000.
   Self:      17.3369, Pairs:      -2.9836, Triples:       0.0000.
  Rotamer elimination of ( A31-HIS,23) by ( A31-HIS,22):       0.0986 > 0.0000.
   Self:       0.0062, Pairs:       0.0925, Triples:       0.0000.
  Rotamer elimination of ( A35-LYS, 1) by ( A35-LYS, 0):      12.5854 > 0.0000.
   Self:      12.0275, Pairs:       0.5585, Triples:      -0.0006.
  Rotamer elimination of ( A35-LYS, 2) by ( A35-LYS, 0):      16.9950 > 0.0000.
   Self:      16.4311, Pairs:       0.5651, Triples:      -0.0012.
  Rotamer elimination of ( A35-LYS, 3) by ( A35-LYS, 0):      16.3012 > 0.0000.
   Self:      15.7205, Pairs:       0.5820, Triples:      -0.0014.
  Rotamer elimination of ( A35-LYS, 4) by ( A35-LYS, 0):      15.3574 > 0.0000.
   Self:      14.7684, Pairs:       0.5903, Triples:      -0.0013.
  Rotamer elimination of ( A35-LYS, 5) by ( A35-LYS, 0):      17.3024 > 0.0000.
   Self:      16.7093, Pairs:       0.5944, Triples:      -0.0013.
  Rotamer elimination of ( A35-LYS, 6) by ( A35-LYS, 0):      16.9302 > 0.0000.
   Self:      16.3342, Pairs:       0.5972, Triples:      -0.0013.
  Rotamer elimination of ( A35-LYS,20) by ( A35-LYS, 0):      20.0088 > 0.0000.
   Self:      19.4215, Pairs:       0.5877, Triples:      -0.0003.
  Rotamer elimination of ( A35-LYS,21) by ( A35-LYS, 0):      14.5165 > 0.0000.
   Self:      13.9587, Pairs:       0.5579, Triples:      -0.0001.
  Rotamer elimination of ( A35-LYS,23) by ( A35-LYS, 0):      16.2352 > 0.0000.
   Self:      15.6465, Pairs:       0.5892, Triples:      -0.0005.
  Rotamer elimination of ( A35-LYS,24) by ( A35-LYS, 0):      18.5911 > 0.0000.
   Self:      17.9903, Pairs:       0.6012, Triples:      -0.0005.
  Rotamer elimination of ( A35-LYS,29) by ( A35-LYS, 0):       5.0200 > 0.0000.
   Self:       4.8756, Pairs:       0.1454, Triples:      -0.0009.
  Rotamer elimination of ( A35-LYS,31) by ( A35-LYS, 0):       3.0448 > 0.0000.
   Self:       2.8092, Pairs:       0.2367, Triples:      -0.0011.
  Rotamer elimination of ( A35-LYS,32) by ( A35-LYS, 0):       5.3623 > 0.0000.
   Self:       5.1146, Pairs:       0.2486, Triples:      -0.0009.
  Rotamer elimination of ( A35-LYS,33) by ( A35-LYS, 0):       4.8079 > 0.0000.
   Self:       4.6348, Pairs:       0.1743, Triples:      -0.0012.
  Rotamer elimination of ( A35-LYS,46) by ( A35-LYS, 0):      16.5956 > 0.0000.
   Self:      16.5755, Pairs:       0.0191, Triples:       0.0009.
  Rotamer elimination of ( A35-LYS,47) by ( A35-LYS, 0):      22.7119 > 0.0000.
   Self:      22.7225, Pairs:      -0.0128, Triples:       0.0022.
  Rotamer elimination of ( A35-LYS,48) by ( A35-LYS, 0):       2.4802 > 0.0000.
   Self:       2.4961, Pairs:      -0.0168, Triples:       0.0009.
  Rotamer elimination of ( A35-LYS,49) by ( A35-LYS, 0):      19.9772 > 0.0000.
   Self:      20.0955, Pairs:      -0.1300, Triples:       0.0117.
  Rotamer elimination of ( A35-LYS,50) by ( A35-LYS, 0):       4.2770 > 0.0000.
   Self:       4.1566, Pairs:       0.1204, Triples:      -0.0000.
  Rotamer elimination of ( A35-LYS,51) by ( A35-LYS, 0):       6.8413 > 0.0000.
   Self:       6.7240, Pairs:       0.1168, Triples:       0.0005.
  Rotamer elimination of ( A43-LYS, 0) by ( A43-LYS,48):       0.0019 > 0.0000.
   Self:       0.0019, Pairs:       0.0000, Triples:       0.0000.
  Rotamer elimination of ( A43-LYS, 1) by ( A43-LYS,21):       0.0073 > 0.0000.
   Self:       0.0073, Pairs:       0.0000, Triples:       0.0000.
  Rotamer elimination of ( A43-LYS, 6) by ( A43-LYS,10):       8.6626 > 0.0000.
   Self:       8.8322, Pairs:      -0.1696, Triples:       0.0000.
  Rotamer elimination of ( A43-LYS,10) by ( A43-LYS,11):       1.1417 > 0.0000.
   Self:       1.0294, Pairs:       0.1123, Triples:       0.0000.
  Rotamer elimination of ( A43-LYS,11) by ( A43-LYS,21):       1.2072 > 0.0000.
   Self:       1.3047, Pairs:      -0.0974, Triples:       0.0000.
  Rotamer elimination of ( A43-LYS,15) by ( A43-LYS,19):       0.3945 > 0.0000.
   Self:       0.4323, Pairs:      -0.0379, Triples:       0.0000.
  Rotamer elimination of ( A43-LYS,19) by ( A43-LYS,21):       2.0504 > 0.0000.
   Self:       2.1144, Pairs:      -0.0640, Triples:       0.0000.
  Rotamer elimination of ( A43-LYS,21) by ( A43-LYS,33):       1.0676 > 0.0000.
   Self:       0.5320, Pairs:       0.5356, Triples:       0.0000.
  Rotamer elimination of ( A43-LYS,22) by ( A43-LYS,23):       3.5651 > 0.0000.
   Self:       3.5383, Pairs:       0.0267, Triples:       0.0000.
  Rotamer elimination of ( A43-LYS,23) by ( A43-LYS,33):       1.8156 > 0.0000.
   Self:       1.2824, Pairs:       0.5332, Triples:       0.0000.
  Rotamer elimination of ( A43-LYS,29) by ( A43-LYS,33):       3.4334 > 0.0000.
   Self:       3.2650, Pairs:       0.1684, Triples:       0.0000.
  Rotamer elimination of ( A43-LYS,30) by ( A43-LYS,33):       6.9003 > 0.0000.
   Self:       6.5897, Pairs:       0.3105, Triples:       0.0000.
  Rotamer elimination of ( A43-LYS,33) by ( A43-LYS,37):       7.9870 > 0.0000.
   Self:       7.3977, Pairs:       0.5893, Triples:       0.0000.
  Rotamer elimination of ( A43-LYS,37) by ( A43-LYS,38):       2.0688 > 0.0000.
   Self:       2.6104, Pairs:      -0.5416, Triples:       0.0000.
  Rotamer elimination of ( A43-LYS,38) by ( A43-LYS,48):       0.6391 > 0.0000.
   Self:       1.0959, Pairs:      -0.4567, Triples:       0.0000.
  Rotamer elimination of ( A43-LYS,42) by ( A43-LYS,46):       0.2298 > 0.0000.
   Self:       0.3166, Pairs:      -0.0868, Triples:       0.0000.
  Rotamer elimination of ( A43-LYS,46) by ( A43-LYS,48):       2.6258 > 0.0000.
   Self:       2.8271, Pairs:      -0.2013, Triples:       0.0000.
  Rotamer elimination of ( A43-LYS,49) by ( A43-LYS,48):       6.2457 > 0.0000.
   Self:       6.2416, Pairs:       0.0041, Triples:       0.0000.
  Rotamer elimination of ( A43-LYS,50) by ( A43-LYS,48):       0.6152 > 0.0000.
   Self:       0.7614, Pairs:      -0.1462, Triples:       0.0000.
  Rotamer elimination of ( A45-GLH,41) by ( A45-GLH, 0):       1.5973 > 0.0000.
   Self:       1.8433, Pairs:      -0.2460, Triples:       0.0000.
  Rotamer elimination of ( A47-ASH,26) by ( A47-ASH, 0):       6.3217 > 0.0000.
   Self:       6.3445, Pairs:      -0.0228, Triples:       0.0000.
  Rotamer elimination of ( A48-LYS, 0) by ( A48-LYS,38):       1.7504 > 0.0000.
   Self:      -1.2207, Pairs:       2.9711, Triples:       0.0000.
  Rotamer elimination of ( A48-LYS, 1) by ( A48-LYS, 7):       1.7798 > 0.0000.
   Self:      -3.6070, Pairs:       5.3869, Triples:       0.0000.
  Rotamer elimination of ( A48-LYS, 7) by ( A48-LYS, 8):       0.7461 > 0.0000.
   Self:       0.7182, Pairs:       0.0279, Triples:       0.0000.
  Rotamer elimination of ( A48-LYS, 8) by ( A48-LYS,12):       1.1706 > 0.0000.
   Self:       1.1642, Pairs:       0.0063, Triples:       0.0000.
  Rotamer elimination of ( A48-LYS, 9) by ( A48-LYS,12):       3.0472 > 0.0000.
   Self:       3.0234, Pairs:       0.0238, Triples:       0.0000.
  Rotamer elimination of ( A48-LYS,10) by ( A48-LYS,12):       1.2155 > 0.0000.
   Self:       1.2841, Pairs:      -0.0686, Triples:       0.0000.
  Rotamer elimination of ( A48-LYS,11) by ( A48-LYS,12):       0.9333 > 0.0000.
   Self:      -0.6233, Pairs:       1.5566, Triples:       0.0000.
  Rotamer elimination of ( A48-LYS,12) by ( A48-LYS,13):       0.9631 > 0.0000.
   Self:       0.9818, Pairs:      -0.0186, Triples:       0.0000.
  Rotamer elimination of ( A48-LYS,13) by ( A48-LYS,30):       7.4030 > 0.0000.
   Self:       6.6297, Pairs:       0.7733, Triples:       0.0000.
  Rotamer elimination of ( A48-LYS,14) by ( A48-LYS,15):       0.1950 > 0.0000.
   Self:       0.3356, Pairs:      -0.1406, Triples:       0.0000.
  Rotamer elimination of ( A48-LYS,15) by ( A48-LYS,30):       9.1271 > 0.0000.
   Self:       8.1971, Pairs:       0.9300, Triples:       0.0000.
  Rotamer elimination of ( A48-LYS,16) by ( A48-LYS,19):       0.2009 > 0.0000.
   Self:       0.2967, Pairs:      -0.0958, Triples:       0.0000.
  Rotamer elimination of ( A48-LYS,19) by ( A48-LYS,21):       1.3532 > 0.0000.
   Self:       1.6656, Pairs:      -0.3124, Triples:       0.0000.
  Rotamer elimination of ( A48-LYS,20) by ( A48-LYS,21):       3.2540 > 0.0000.
   Self:       3.3210, Pairs:      -0.0670, Triples:       0.0000.
  Rotamer elimination of ( A48-LYS,21) by ( A48-LYS,30):       9.6971 > 0.0000.
   Self:       8.6971, Pairs:       1.0000, Triples:       0.0000.
  Rotamer elimination of ( A48-LYS,22) by ( A48-LYS,30):      11.5519 > 0.0000.
   Self:      10.6485, Pairs:       0.9034, Triples:       0.0000.
  Rotamer elimination of ( A48-LYS,25) by ( A48-LYS,26):       0.9542 > 0.0000.
   Self:       0.9092, Pairs:       0.0450, Triples:       0.0000.
  Rotamer elimination of ( A48-LYS,26) by ( A48-LYS,30):      14.0536 > 0.0000.
   Self:      13.0691, Pairs:       0.9844, Triples:       0.0000.
  Rotamer elimination of ( A48-LYS,27) by ( A48-LYS,28):       0.1593 > 0.0000.
   Self:       0.0750, Pairs:       0.0843, Triples:       0.0000.
  Rotamer elimination of ( A48-LYS,28) by ( A48-LYS,30):      15.7253 > 0.0000.
   Self:      14.7509, Pairs:       0.9745, Triples:       0.0000.
  Rotamer elimination of ( A48-LYS,30) by ( A48-LYS,34):       1.7965 > 0.0000.
   Self:       1.9168, Pairs:      -0.1203, Triples:       0.0000.
  Rotamer elimination of ( A48-LYS,34) by ( A48-LYS,35):       1.9019 > 0.0000.
   Self:       1.9514, Pairs:      -0.0495, Triples:       0.0000.
  Rotamer elimination of ( A48-LYS,35) by ( A48-LYS,40):       2.2349 > 0.0000.
   Self:       1.9467, Pairs:       0.2882, Triples:       0.0000.
  Rotamer elimination of ( A48-LYS,36) by ( A48-LYS,39):       2.0317 > 0.0000.
   Self:       2.0001, Pairs:       0.0316, Triples:       0.0000.
  Rotamer elimination of ( A48-LYS,37) by ( A48-LYS,38):       0.5437 > 0.0000.
   Self:       3.3598, Pairs:      -2.8161, Triples:       0.0000.
  Rotamer elimination of ( A48-LYS,38) by ( A48-LYS,40):       0.2726 > 0.0000.
   Self:       0.7611, Pairs:      -0.4885, Triples:       0.0000.
  Rotamer elimination of ( A48-LYS,39) by ( A48-LYS,40):       2.2103 > 0.0000.
   Self:       2.0821, Pairs:       0.1282, Triples:       0.0000.
  Rotamer elimination of ( A48-LYS,41) by ( A48-LYS,40):       2.2688 > 0.0000.
   Self:       2.2410, Pairs:       0.0277, Triples:       0.0000.
  Rotamer elimination of ( A48-LYS,42) by ( A48-LYS,40):       1.4772 > 0.0000.
   Self:       1.9044, Pairs:      -0.4272, Triples:       0.0000.
  Rotamer elimination of ( A48-LYS,43) by ( A48-LYS,40):       4.3726 > 0.0000.
   Self:       4.3426, Pairs:       0.0301, Triples:       0.0000.
  Rotamer elimination of ( A48-LYS,46) by ( A48-LYS,40):       3.8973 > 0.0000.
   Self:       4.2731, Pairs:      -0.3758, Triples:       0.0000.
  Rotamer elimination of ( A48-LYS,47) by ( A48-LYS,40):       8.3942 > 0.0000.
   Self:       8.1708, Pairs:       0.2234, Triples:       0.0000.
  Rotamer elimination of ( A48-LYS,48) by ( A48-LYS,40):       2.5901 > 0.0000.
   Self:       2.6488, Pairs:      -0.0586, Triples:       0.0000.
  Rotamer elimination of ( A48-LYS,49) by ( A48-LYS,40):       4.7991 > 0.0000.
   Self:       4.6244, Pairs:       0.1747, Triples:       0.0000.
  Rotamer elimination of ( A48-LYS,50) by ( A48-LYS,40):      25.6749 > 0.0000.
   Self:      23.4267, Pairs:       2.2483, Triples:       0.0000.
  Rotamer elimination of ( A48-LYS,52) by ( A48-LYS,40):       8.6789 > 0.0000.
   Self:       8.5158, Pairs:       0.1631, Triples:       0.0000.
  Rotamer elimination of ( A48-LYS,53) by ( A48-LYS,40):       6.5162 > 0.0000.
   Self:       6.2616, Pairs:       0.2546, Triples:       0.0000.
  Rotamer elimination of ( A48-LYS,54) by ( A48-LYS,40):       8.7511 > 0.0000.
   Self:       8.4913, Pairs:       0.2598, Triples:       0.0000.
  Rotamer elimination of ( A48-LYS,55) by ( A48-LYS,40):       8.3993 > 0.0000.
   Self:       8.1349, Pairs:       0.2644, Triples:       0.0000.
  Rotamer elimination of ( A60-LYS, 0) by ( A60-LYS,31):       0.6291 > 0.0000.
   Self:       1.9164, Pairs:      -1.2802, Triples:      -0.0071.
  Rotamer elimination of ( A60-LYS, 1) by ( A60-LYS, 3):       0.0101 > 0.0000.
   Self:       0.0119, Pairs:      -0.0018, Triples:       0.0000.
  Rotamer elimination of ( A60-LYS, 2) by ( A60-LYS, 4):       1.6223 > 0.0000.
   Self:       1.7887, Pairs:      -0.1662, Triples:      -0.0003.
  Rotamer elimination of ( A60-LYS, 3) by ( A60-LYS, 4):       0.9317 > 0.0000.
   Self:       0.3931, Pairs:       0.5421, Triples:      -0.0035.
  Rotamer elimination of ( A60-LYS, 4) by ( A60-LYS,11):       0.3555 > 0.0000.
   Self:       0.1652, Pairs:       0.1908, Triples:      -0.0004.
  Rotamer elimination of ( A60-LYS, 5) by ( A60-LYS, 6):       0.0749 > 0.0000.
   Self:       0.2148, Pairs:      -0.1386, Triples:      -0.0013.
  Rotamer elimination of ( A60-LYS, 6) by ( A60-LYS,10):       0.7087 > 0.0000.
   Self:       0.7525, Pairs:      -0.0440, Triples:       0.0001.
  Rotamer elimination of ( A60-LYS,10) by ( A60-LYS,11):       0.5817 > 0.0000.
   Self:       1.1085, Pairs:      -0.5254, Triples:      -0.0014.
  Rotamer elimination of ( A60-LYS,11) by ( A60-LYS,29):      10.0627 > 0.0000.
   Self:       9.7540, Pairs:       0.3125, Triples:      -0.0038.
  Rotamer elimination of ( A60-LYS,12) by ( A60-LYS,13):       2.1032 > 0.0000.
   Self:       2.0485, Pairs:       0.0550, Triples:      -0.0003.
  Rotamer elimination of ( A60-LYS,13) by ( A60-LYS,29):       8.7434 > 0.0000.
   Self:       8.1528, Pairs:       0.5921, Triples:      -0.0015.
  Rotamer elimination of ( A60-LYS,14) by ( A60-LYS,15):       0.1020 > 0.0000.
   Self:       0.2201, Pairs:      -0.1175, Triples:      -0.0007.
  Rotamer elimination of ( A60-LYS,15) by ( A60-LYS,29):      10.2141 > 0.0000.
   Self:       9.9072, Pairs:       0.3104, Triples:      -0.0035.
  Rotamer elimination of ( A60-LYS,19) by ( A60-LYS,20):       0.6841 > 0.0000.
   Self:       0.7457, Pairs:      -0.0616, Triples:       0.0001.
  Rotamer elimination of ( A60-LYS,20) by ( A60-LYS,21):       0.8355 > 0.0000.
   Self:       0.8300, Pairs:       0.0055, Triples:      -0.0000.
  Rotamer elimination of ( A60-LYS,21) by ( A60-LYS,29):      10.3809 > 0.0000.
   Self:       9.8046, Pairs:       0.5792, Triples:      -0.0028.
  Rotamer elimination of ( A60-LYS,22) by ( A60-LYS,23):       0.3725 > 0.0000.
   Self:       0.3719, Pairs:       0.0006, Triples:      -0.0000.
  Rotamer elimination of ( A60-LYS,23) by ( A60-LYS,29):      11.9937 > 0.0000.
   Self:      11.4120, Pairs:       0.5844, Triples:      -0.0027.
  Rotamer elimination of ( A60-LYS,24) by ( A60-LYS,29):      14.4995 > 0.0000.
   Self:      13.9455, Pairs:       0.5566, Triples:      -0.0026.
  Rotamer elimination of ( A60-LYS,29) by ( A60-LYS,31):       2.0124 > 0.0000.
   Self:       2.1159, Pairs:      -0.1029, Triples:      -0.0006.
  Rotamer elimination of ( A60-LYS,30) by ( A60-LYS,31):      10.8145 > 0.0000.
   Self:      11.3533, Pairs:      -0.5352, Triples:      -0.0036.
  Rotamer elimination of ( A60-LYS,31) by ( A60-LYS,40):       0.0995 > 0.0000.
   Self:       1.3709, Pairs:      -1.2665, Triples:      -0.0049.
  Rotamer elimination of ( A60-LYS,32) by ( A60-LYS,38):       1.9575 > 0.0000.
   Self:       2.0097, Pairs:      -0.0483, Triples:      -0.0039.
  Rotamer elimination of ( A60-LYS,33) by ( A60-LYS,38):       1.7352 > 0.0000.
   Self:       1.6819, Pairs:       0.0537, Triples:      -0.0004.
  Rotamer elimination of ( A60-LYS,37) by ( A60-LYS,38):       0.9656 > 0.0000.
   Self:       2.6600, Pairs:      -1.6740, Triples:      -0.0204.
  Rotamer elimination of ( A60-LYS,39) by ( A60-LYS,38):       2.7610 > 0.0000.
   Self:       2.8723, Pairs:      -0.1103, Triples:      -0.0009.
  Rotamer elimination of ( A60-LYS,41) by ( A60-LYS,38):       0.0543 > 0.0000.
   Self:       0.6075, Pairs:      -0.5526, Triples:      -0.0006.
  Rotamer elimination of ( A60-LYS,42) by ( A60-LYS,38):       0.3369 > 0.0000.
   Self:       0.2853, Pairs:       0.0530, Triples:      -0.0014.
  Rotamer elimination of ( A60-LYS,46) by ( A60-LYS,38):       1.8088 > 0.0000.
   Self:       1.7779, Pairs:       0.0354, Triples:      -0.0046.
  Rotamer elimination of ( A60-LYS,47) by ( A60-LYS,38):       2.4767 > 0.0000.
   Self:       2.3935, Pairs:       0.0881, Triples:      -0.0049.
  Rotamer elimination of ( A60-LYS,48) by ( A60-LYS,38):       0.0506 > 0.0000.
   Self:      -0.0708, Pairs:       0.1264, Triples:      -0.0050.
  Rotamer elimination of ( A60-LYS,49) by ( A60-LYS,38):       2.7791 > 0.0000.
   Self:       2.7063, Pairs:       0.0777, Triples:      -0.0049.
  Rotamer elimination of ( A60-LYS,50) by ( A60-LYS,38):       1.6990 > 0.0000.
   Self:       1.6410, Pairs:       0.0627, Triples:      -0.0047.
  Rotamer elimination of ( A60-LYS,51) by ( A60-LYS,38):       4.4307 > 0.0000.
   Self:       4.4132, Pairs:       0.0220, Triples:      -0.0045.
  Rotamer elimination of ( A61-ASH,24) by ( A61-ASH, 0):       4.0225 > 0.0000.
   Self:       5.7945, Pairs:      -1.6275, Triples:      -0.1445.
  Rotamer elimination of ( A61-ASH,26) by ( A61-ASH, 0):       0.9737 > 0.0000.
   Self:       1.1425, Pairs:      -0.1615, Triples:      -0.0073.
  Rotamer elimination of ( A62-GLH, 0) by ( A62-GLH,40):       1.7799 > 0.0000.
   Self:       1.8929, Pairs:      -0.1131, Triples:       0.0001.
  Rotamer elimination of ( A62-GLH,41) by ( A62-GLH,40):       4.0018 > 0.0000.
   Self:       5.2615, Pairs:      -0.9456, Triples:      -0.3142.
  Rotamer elimination of ( A64-GLH, 0) by ( A64-GLH,40):       0.0144 > 0.0000.
   Self:       1.3939, Pairs:      -1.3720, Triples:      -0.0075.
  Rotamer elimination of ( A64-GLH,36) by ( A64-GLH,40):       0.0446 > 0.0000.
   Self:       1.4241, Pairs:      -1.3720, Triples:      -0.0075.
  Rotamer elimination of ( A64-GLH,37) by ( A64-GLH,40):       1.9600 > 0.0000.
   Self:       3.3074, Pairs:      -1.3399, Triples:      -0.0075.
  Rotamer elimination of ( A64-GLH,41) by ( A64-GLH,40):      18.8827 > 0.0000.
   Self:      20.3295, Pairs:      -1.4397, Triples:      -0.0072.
  Rotamer elimination of ( A65-LYS, 0) by ( A65-LYS,40):       0.5399 > 0.0000.
   Self:       0.7012, Pairs:      -0.1655, Triples:       0.0042.
  Rotamer elimination of ( A65-LYS, 1) by ( A65-LYS,13):       0.7598 > 0.0000.
   Self:       0.6418, Pairs:       0.1170, Triples:       0.0009.
  Rotamer elimination of ( A65-LYS, 8) by ( A65-LYS,10):       0.1661 > 0.0000.
   Self:       0.1918, Pairs:      -0.0253, Triples:      -0.0004.
  Rotamer elimination of ( A65-LYS, 9) by ( A65-LYS,10):       2.2557 > 0.0000.
   Self:       2.2651, Pairs:      -0.0092, Triples:      -0.0003.
  Rotamer elimination of ( A65-LYS,10) by ( A65-LYS,11):       0.9183 > 0.0000.
   Self:       0.9121, Pairs:       0.0063, Triples:      -0.0001.
  Rotamer elimination of ( A65-LYS,11) by ( A65-LYS,13):       0.9924 > 0.0000.
   Self:       1.0100, Pairs:      -0.0181, Triples:       0.0005.
  Rotamer elimination of ( A65-LYS,12) by ( A65-LYS,13):       0.9977 > 0.0000.
   Self:       1.0217, Pairs:      -0.0239, Triples:      -0.0000.
  Rotamer elimination of ( A65-LYS,13) by ( A65-LYS,30):       8.5762 > 0.0000.
   Self:       7.3022, Pairs:       1.2807, Triples:      -0.0067.
  Rotamer elimination of ( A65-LYS,15) by ( A65-LYS,30):       9.5611 > 0.0000.
   Self:       8.2783, Pairs:       1.2890, Triples:      -0.0063.
  Rotamer elimination of ( A65-LYS,16) by ( A65-LYS,19):       1.0227 > 0.0000.
   Self:       1.1371, Pairs:      -0.1134, Triples:      -0.0010.
  Rotamer elimination of ( A65-LYS,19) by ( A65-LYS,30):      10.8614 > 0.0000.
   Self:       9.5171, Pairs:       1.3496, Triples:      -0.0053.
  Rotamer elimination of ( A65-LYS,20) by ( A65-LYS,21):       0.9063 > 0.0000.
   Self:       0.5843, Pairs:       0.3295, Triples:      -0.0075.
  Rotamer elimination of ( A65-LYS,21) by ( A65-LYS,30):       9.3370 > 0.0000.
   Self:       7.9450, Pairs:       1.3977, Triples:      -0.0058.
  Rotamer elimination of ( A65-LYS,22) by ( A65-LYS,30):      11.1664 > 0.0000.
   Self:       9.8370, Pairs:       1.3340, Triples:      -0.0045.
  Rotamer elimination of ( A65-LYS,23) by ( A65-LYS,30):      11.7523 > 0.0000.
   Self:      10.1241, Pairs:       1.6330, Triples:      -0.0048.
  Rotamer elimination of ( A65-LYS,25) by ( A65-LYS,26):       0.8332 > 0.0000.
   Self:       0.9251, Pairs:      -0.0906, Triples:      -0.0013.
  Rotamer elimination of ( A65-LYS,26) by ( A65-LYS,30):      12.4079 > 0.0000.
   Self:      11.1306, Pairs:       1.2816, Triples:      -0.0043.
  Rotamer elimination of ( A65-LYS,27) by ( A65-LYS,30):      14.0772 > 0.0000.
   Self:      12.6557, Pairs:       1.4243, Triples:      -0.0028.
  Rotamer elimination of ( A65-LYS,28) by ( A65-LYS,30):      14.1408 > 0.0000.
   Self:      12.8540, Pairs:       1.2920, Triples:      -0.0052.
  Rotamer elimination of ( A65-LYS,30) by ( A65-LYS,35):       0.0318 > 0.0000.
   Self:       1.9677, Pairs:      -1.9420, Triples:       0.0061.
  Rotamer elimination of ( A65-LYS,33) by ( A65-LYS,35):      17.3421 > 0.0000.
   Self:      17.3794, Pairs:      -0.0430, Triples:       0.0058.
  Rotamer elimination of ( A65-LYS,35) by ( A65-LYS,38):       1.6300 > 0.0000.
   Self:       1.4894, Pairs:       0.1414, Triples:      -0.0009.
  Rotamer elimination of ( A65-LYS,36) by ( A65-LYS,37):       0.3976 > 0.0000.
   Self:       0.3645, Pairs:       0.0345, Triples:      -0.0013.
  Rotamer elimination of ( A65-LYS,37) by ( A65-LYS,38):       3.3665 > 0.0000.
   Self:       3.3088, Pairs:       0.0577, Triples:      -0.0000.
  Rotamer elimination of ( A65-LYS,38) by ( A65-LYS,40):       1.1587 > 0.0000.
   Self:       1.2514, Pairs:      -0.0936, Triples:       0.0010.
  Rotamer elimination of ( A65-LYS,39) by ( A65-LYS,40):       2.7979 > 0.0000.
   Self:       2.7759, Pairs:       0.0220, Triples:       0.0001.
  Rotamer elimination of ( A65-LYS,42) by ( A65-LYS,40):       0.8648 > 0.0000.
   Self:       1.1017, Pairs:      -0.2384, Triples:       0.0015.
  Rotamer elimination of ( A65-LYS,43) by ( A65-LYS,40):       3.4524 > 0.0000.
   Self:       3.6368, Pairs:      -0.1859, Triples:       0.0015.
  Rotamer elimination of ( A65-LYS,44) by ( A65-LYS,40):      23.0411 > 0.0000.
   Self:      23.1179, Pairs:      -0.0847, Triples:       0.0079.
  Rotamer elimination of ( A65-LYS,46) by ( A65-LYS,40):       1.9829 > 0.0000.
   Self:       2.4216, Pairs:      -0.4415, Triples:       0.0028.
  Rotamer elimination of ( A65-LYS,47) by ( A65-LYS,40):       2.9213 > 0.0000.
   Self:       2.4380, Pairs:       0.4668, Triples:       0.0165.
  Rotamer elimination of ( A65-LYS,48) by ( A65-LYS,40):       0.5380 > 0.0000.
   Self:       0.6993, Pairs:      -0.1655, Triples:       0.0042.
  Rotamer elimination of ( A65-LYS,49) by ( A65-LYS,40):       2.6660 > 0.0000.
   Self:       2.7929, Pairs:      -0.1314, Triples:       0.0045.
  Rotamer elimination of ( A65-LYS,50) by ( A65-LYS,40):       2.5031 > 0.0000.
   Self:       3.3075, Pairs:      -0.8188, Triples:       0.0145.
  Rotamer elimination of ( A65-LYS,51) by ( A65-LYS,40):      22.5379 > 0.0000.
   Self:      20.9645, Pairs:       1.5081, Triples:       0.0653.
  Rotamer elimination of ( A65-LYS,52) by ( A65-LYS,40):       3.9641 > 0.0000.
   Self:       5.7235, Pairs:      -1.7671, Triples:       0.0078.
  Rotamer elimination of ( A65-LYS,53) by ( A65-LYS,40):       2.6618 > 0.0000.
   Self:       3.6638, Pairs:      -1.0069, Triples:       0.0049.
  Rotamer elimination of ( A65-LYS,54) by ( A65-LYS,40):       5.3128 > 0.0000.
   Self:       5.4440, Pairs:      -0.1434, Triples:       0.0122.
  Rotamer elimination of ( A65-LYS,55) by ( A65-LYS,40):       5.5912 > 0.0000.
   Self:       5.8423, Pairs:      -0.2532, Triples:       0.0021.
  Rotamer elimination of ( A70-ASH,24) by ( A70-ASH, 0):      13.6598 > 0.0000.
   Self:      15.5812, Pairs:      -1.9214, Triples:       0.0000.
  Rotamer elimination of ( A70-ASH,26) by ( A70-ASH, 0):       3.1645 > 0.0000.
   Self:       1.8534, Pairs:       1.3111, Triples:       0.0000.
  Rotamer elimination of ( A72-ASH,24) by ( A72-ASH, 0):      10.8066 > 0.0000.
   Self:      10.8066, Pairs:       0.0000, Triples:       0.0000.
  Rotamer elimination of ( A72-ASH,25) by ( A72-ASH, 0):       9.3965 > 0.0000.
   Self:       9.3965, Pairs:       0.0000, Triples:       0.0000.
  Rotamer elimination of ( A72-ASH,26) by ( A72-ASH, 0):       6.6065 > 0.0000.
   Self:       6.6065, Pairs:       0.0000, Triples:       0.0000.
  Rotamer elimination of ( A83-LYS, 0) by ( A83-LYS,48):       0.0108 > 0.0000.
   Self:       0.0108, Pairs:      -0.0000, Triples:       0.0000.
  Rotamer elimination of ( A83-LYS, 1) by ( A83-LYS,21):       0.0129 > 0.0000.
   Self:       0.0129, Pairs:      -0.0000, Triples:       0.0000.
  Rotamer elimination of ( A83-LYS, 7) by ( A83-LYS,20):       5.2979 > 0.0000.
   Self:       5.2947, Pairs:       0.0032, Triples:       0.0000.
  Rotamer elimination of ( A83-LYS, 9) by ( A83-LYS,16):       1.2727 > 0.0000.
   Self:       1.2735, Pairs:      -0.0008, Triples:       0.0000.
  Rotamer elimination of ( A83-LYS,16) by ( A83-LYS,20):       8.8709 > 0.0000.
   Self:       8.8818, Pairs:      -0.0109, Triples:       0.0000.
  Rotamer elimination of ( A83-LYS,20) by ( A83-LYS,21):       1.1103 > 0.0000.
   Self:       1.1190, Pairs:      -0.0087, Triples:       0.0000.
  Rotamer elimination of ( A83-LYS,21) by ( A83-LYS,30):       7.3249 > 0.0000.
   Self:       7.0557, Pairs:       0.2692, Triples:       0.0000.
  Rotamer elimination of ( A83-LYS,22) by ( A83-LYS,26):       1.0437 > 0.0000.
   Self:       1.0445, Pairs:      -0.0008, Triples:       0.0000.
  Rotamer elimination of ( A83-LYS,25) by ( A83-LYS,26):       1.5254 > 0.0000.
   Self:       1.5168, Pairs:       0.0086, Triples:       0.0000.
  Rotamer elimination of ( A83-LYS,26) by ( A83-LYS,30):       8.2504 > 0.0000.
   Self:       7.9907, Pairs:       0.2597, Triples:       0.0000.
  Rotamer elimination of ( A83-LYS,27) by ( A83-LYS,30):      10.6112 > 0.0000.
   Self:      10.3515, Pairs:       0.2597, Triples:       0.0000.
  Rotamer elimination of ( A83-LYS,30) by ( A83-LYS,47):       2.1944 > 0.0000.
   Self:       2.1706, Pairs:       0.0238, Triples:       0.0000.
  Rotamer elimination of ( A83-LYS,34) by ( A83-LYS,47):       8.6119 > 0.0000.
   Self:       8.6075, Pairs:       0.0044, Triples:       0.0000.
  Rotamer elimination of ( A83-LYS,36) by ( A83-LYS,43):       3.1199 > 0.0000.
   Self:       3.1162, Pairs:       0.0037, Triples:       0.0000.
  Rotamer elimination of ( A83-LYS,43) by ( A83-LYS,47):       9.6401 > 0.0000.
   Self:       9.6269, Pairs:       0.0132, Triples:       0.0000.
  Rotamer elimination of ( A83-LYS,44) by ( A83-LYS,47):      15.2249 > 0.0000.
   Self:      15.1989, Pairs:       0.0260, Triples:       0.0000.
  Rotamer elimination of ( A83-LYS,46) by ( A83-LYS,47):      19.8335 > 0.0000.
   Self:      19.8343, Pairs:      -0.0008, Triples:       0.0000.
  Rotamer elimination of ( A83-LYS,47) by ( A83-LYS,48):       2.2439 > 0.0000.
   Self:       2.2764, Pairs:      -0.0325, Triples:       0.0000.
  Rotamer elimination of ( A83-LYS,49) by ( A83-LYS,48):       2.5375 > 0.0000.
   Self:       2.5266, Pairs:       0.0109, Triples:       0.0000.
  Rotamer elimination of ( A83-LYS,52) by ( A83-LYS,48):       3.6773 > 0.0000.
   Self:       3.6643, Pairs:       0.0130, Triples:       0.0000.
  Rotamer elimination of ( A83-LYS,53) by ( A83-LYS,48):       3.1069 > 0.0000.
   Self:       3.0743, Pairs:       0.0326, Triples:       0.0000.
  Rotamer elimination of ( A83-LYS,54) by ( A83-LYS,48):       3.7831 > 0.0000.
   Self:       3.7774, Pairs:       0.0056, Triples:       0.0000.
  Rotamer elimination of ( A85-LYS, 1) by ( A85-LYS, 0):      12.6880 > 0.0000.
   Self:      12.1509, Pairs:       0.5371, Triples:       0.0000.
  Rotamer elimination of ( A85-LYS,10) by ( A85-LYS, 0):      15.9178 > 0.0000.
   Self:      16.5398, Pairs:      -0.6219, Triples:       0.0000.
  Rotamer elimination of ( A85-LYS,11) by ( A85-LYS, 0):      14.8129 > 0.0000.
   Self:      15.5739, Pairs:      -0.7610, Triples:       0.0000.
  Rotamer elimination of ( A85-LYS,12) by ( A85-LYS, 0):      13.8827 > 0.0000.
   Self:      14.2043, Pairs:      -0.3216, Triples:       0.0000.
  Rotamer elimination of ( A85-LYS,13) by ( A85-LYS, 0):      13.0009 > 0.0000.
   Self:      13.6313, Pairs:      -0.6304, Triples:       0.0000.
  Rotamer elimination of ( A85-LYS,14) by ( A85-LYS, 0):      15.5733 > 0.0000.
   Self:      14.9185, Pairs:       0.6549, Triples:       0.0000.
  Rotamer elimination of ( A85-LYS,33) by ( A85-LYS, 0):      20.6752 > 0.0000.
   Self:      22.2473, Pairs:      -1.5721, Triples:       0.0000.
  Rotamer elimination of ( A85-LYS,37) by ( A85-LYS, 0):       4.8415 > 0.0000.
   Self:       6.7852, Pairs:      -1.9437, Triples:       0.0000.
  Rotamer elimination of ( A85-LYS,38) by ( A85-LYS, 0):       2.7541 > 0.0000.
   Self:       4.2524, Pairs:      -1.4982, Triples:       0.0000.
  Rotamer elimination of ( A85-LYS,39) by ( A85-LYS, 0):       2.4710 > 0.0000.
   Self:       4.4752, Pairs:      -2.0042, Triples:       0.0000.
  Rotamer elimination of ( A85-LYS,40) by ( A85-LYS, 0):       0.5293 > 0.0000.
   Self:       2.1384, Pairs:      -1.6091, Triples:       0.0000.
  Rotamer elimination of ( A85-LYS,41) by ( A85-LYS, 0):       3.7928 > 0.0000.
   Self:       3.6919, Pairs:       0.1009, Triples:       0.0000.
  Rotamer elimination of ( A89-ASH,24) by ( A89-ASH, 0):       4.1825 > 0.0000.
   Self:       4.4846, Pairs:      -0.3022, Triples:       0.0000.
  Rotamer elimination of ( A89-ASH,25) by ( A89-ASH, 0):       0.1987 > 0.0000.
   Self:       0.3859, Pairs:      -0.1872, Triples:       0.0000.
  Rotamer elimination of ( A89-ASH,26) by ( A89-ASH, 0):       3.0328 > 0.0000.
   Self:       2.0642, Pairs:       0.9686, Triples:       0.0000.
  Rotamer elimination of ( A92-ASH,22) by ( A92-ASH, 0):      11.2779 > 0.0000.
   Self:      11.2959, Pairs:      -0.0180, Triples:       0.0000.
  Rotamer elimination of ( A92-ASH,23) by ( A92-ASH, 0):      16.6946 > 0.0000.
   Self:      16.7053, Pairs:      -0.0106, Triples:       0.0000.
  Rotamer elimination of ( A92-ASH,25) by ( A92-ASH, 0):       5.3899 > 0.0000.
   Self:       5.4037, Pairs:      -0.0138, Triples:       0.0000.
  Rotamer elimination of ( A92-ASH,26) by ( A92-ASH, 0):       8.9699 > 0.0000.
   Self:       9.1724, Pairs:      -0.2025, Triples:       0.0000.
  Rotamer elimination of (A102-LYS, 1) by (A102-LYS, 0):      14.2409 > 0.0000.
   Self:      14.2409, Pairs:       0.0000, Triples:       0.0000.
  Rotamer elimination of (A102-LYS,39) by (A102-LYS, 0):      15.7828 > 0.0000.
   Self:      15.7828, Pairs:       0.0000, Triples:       0.0000.
  Rotamer elimination of (A102-LYS,40) by (A102-LYS, 0):      23.9568 > 0.0000.
   Self:      23.9568, Pairs:       0.0000, Triples:       0.0000.
  Rotamer elimination of (A108-GLH, 0) by (A108-GLH,41):       0.7366 > 0.0000.
   Self:       0.7743, Pairs:      -0.0378, Triples:       0.0000.
  Rotamer elimination of (A108-GLH,34) by (A108-GLH,39):       7.2769 > 0.0000.
   Self:       7.3393, Pairs:      -0.0624, Triples:       0.0000.
  Rotamer elimination of (A108-GLH,39) by (A108-GLH,41):       1.2950 > 0.0000.
   Self:       1.2444, Pairs:       0.0506, Triples:       0.0000.
  Rotamer elimination of (A108-GLH,40) by (A108-GLH,41):       2.0387 > 0.0000.
   Self:       2.0188, Pairs:       0.0199, Triples:       0.0000.
  Rotamer elimination of (A124-LYS, 1) by (A124-LYS, 0):      12.0515 > 0.0000.
   Self:      11.4702, Pairs:       0.5813, Triples:       0.0000.
  Rotamer elimination of (A124-LYS, 2) by (A124-LYS, 0):      25.4727 > 0.0000.
   Self:      24.9401, Pairs:       0.5325, Triples:       0.0000.
  Rotamer elimination of (A124-LYS, 3) by (A124-LYS, 0):      24.7256 > 0.0000.
   Self:      24.1775, Pairs:       0.5482, Triples:       0.0000.
  Rotamer elimination of (A124-LYS, 4) by (A124-LYS, 0):      23.7681 > 0.0000.
   Self:      23.2151, Pairs:       0.5530, Triples:       0.0000.
  Rotamer elimination of (A124-LYS, 5) by (A124-LYS, 0):      25.5217 > 0.0000.
   Self:      24.9709, Pairs:       0.5508, Triples:       0.0000.
  Rotamer elimination of (A124-LYS, 6) by (A124-LYS, 0):      25.4256 > 0.0000.
   Self:      24.8723, Pairs:       0.5533, Triples:       0.0000.
  Rotamer elimination of (A124-LYS,20) by (A124-LYS, 0):      16.4597 > 0.0000.
   Self:      15.9166, Pairs:       0.5431, Triples:       0.0000.
  Rotamer elimination of (A124-LYS,21) by (A124-LYS, 0):      15.7245 > 0.0000.
   Self:      15.1976, Pairs:       0.5270, Triples:       0.0000.
  Rotamer elimination of (A124-LYS,22) by (A124-LYS, 0):      17.8189 > 0.0000.
   Self:      17.2249, Pairs:       0.5939, Triples:       0.0000.
  Rotamer elimination of (A124-LYS,23) by (A124-LYS, 0):      17.6122 > 0.0000.
   Self:      17.0621, Pairs:       0.5501, Triples:       0.0000.
  Rotamer elimination of (A124-LYS,24) by (A124-LYS, 0):      19.8574 > 0.0000.
   Self:      19.3068, Pairs:       0.5506, Triples:       0.0000.
  Rotamer elimination of (A124-LYS,29) by (A124-LYS, 0):      14.0965 > 0.0000.
   Self:      13.9508, Pairs:       0.1457, Triples:       0.0000.
  Rotamer elimination of (A124-LYS,31) by (A124-LYS, 0):      12.0395 > 0.0000.
   Self:      11.8335, Pairs:       0.2060, Triples:       0.0000.
  Rotamer elimination of (A124-LYS,32) by (A124-LYS, 0):      14.0964 > 0.0000.
   Self:      13.8796, Pairs:       0.2168, Triples:       0.0000.
  Rotamer elimination of (A124-LYS,33) by (A124-LYS, 0):      14.0294 > 0.0000.
   Self:      13.8875, Pairs:       0.1420, Triples:       0.0000.
  Rotamer elimination of (A124-LYS,46) by (A124-LYS, 0):      14.9732 > 0.0000.
   Self:      14.9499, Pairs:       0.0233, Triples:       0.0000.
  Rotamer elimination of (A124-LYS,47) by (A124-LYS, 0):       6.1848 > 0.0000.
   Self:       6.1201, Pairs:       0.0647, Triples:       0.0000.
  Rotamer elimination of (A124-LYS,48) by (A124-LYS, 0):       4.0262 > 0.0000.
   Self:       3.9862, Pairs:       0.0401, Triples:       0.0000.
  Rotamer elimination of (A124-LYS,49) by (A124-LYS, 0):       7.2641 > 0.0000.
   Self:       7.2936, Pairs:      -0.0296, Triples:       0.0000.
  Rotamer elimination of (A124-LYS,50) by (A124-LYS, 0):       6.0024 > 0.0000.
   Self:       5.8749, Pairs:       0.1276, Triples:       0.0000.
  Rotamer elimination of (A124-LYS,51) by (A124-LYS, 0):       8.4980 > 0.0000.
   Self:       8.3604, Pairs:       0.1376, Triples:       0.0000.
  Rotamer elimination of (A127-ASH, 0) by (A127-ASH,25):       2.4798 > 0.0000.
   Self:       2.7325, Pairs:      -0.2527, Triples:       0.0000.
  Rotamer elimination of (A127-ASH,22) by (A127-ASH,24):       7.3506 > 0.0000.
   Self:       6.3935, Pairs:       0.9571, Triples:       0.0000.
  Rotamer elimination of (A127-ASH,23) by (A127-ASH,24):       9.3661 > 0.0000.
   Self:       8.3267, Pairs:       1.0394, Triples:       0.0000.
  Rotamer elimination of (A127-ASH,24) by (A127-ASH,25):       3.1601 > 0.0000.
   Self:       3.2340, Pairs:      -0.0739, Triples:       0.0000.
  Rotamer elimination of (A127-ASH,26) by (A127-ASH,25):      18.5080 > 0.0000.
   Self:      18.7672, Pairs:      -0.2592, Triples:       0.0000.
  Rotamer elimination of (A128-GLH, 0) by (A128-GLH,40):       0.7840 > 0.0000.
   Self:       0.8091, Pairs:      -0.0251, Triples:       0.0000.
  Rotamer elimination of (A128-GLH,36) by (A128-GLH,37):       1.7964 > 0.0000.
   Self:       1.6282, Pairs:       0.1682, Triples:       0.0000.
  Rotamer elimination of (A128-GLH,37) by (A128-GLH,39):       1.0189 > 0.0000.
   Self:       1.1315, Pairs:      -0.1127, Triples:       0.0000.
  Rotamer elimination of (A128-GLH,39) by (A128-GLH,40):       4.5289 > 0.0000.
   Self:       4.4816, Pairs:       0.0473, Triples:       0.0000.
  Rotamer elimination of (A128-GLH,41) by (A128-GLH,40):       0.7629 > 0.0000.
   Self:       0.5269, Pairs:       0.2360, Triples:       0.0000.
  Rotamer elimination of (A135-LYS, 0) by (A135-LYS,40):       0.0119 > 0.0000.
   Self:       0.0119, Pairs:       0.0000, Triples:       0.0000.
  Rotamer elimination of (A135-LYS, 1) by (A135-LYS,13):       0.0087 > 0.0000.
   Self:       0.0087, Pairs:       0.0000, Triples:       0.0000.
  Rotamer elimination of (A135-LYS, 7) by (A135-LYS, 8):       0.9655 > 0.0000.
   Self:       0.9655, Pairs:       0.0000, Triples:       0.0000.
  Rotamer elimination of (A135-LYS, 8) by (A135-LYS,11):       0.5788 > 0.0000.
   Self:       0.5788, Pairs:       0.0000, Triples:       0.0000.
  Rotamer elimination of (A135-LYS, 9) by (A135-LYS,10):       1.2525 > 0.0000.
   Self:       1.2525, Pairs:       0.0000, Triples:       0.0000.
  Rotamer elimination of (A135-LYS,10) by (A135-LYS,11):       1.1922 > 0.0000.
   Self:       1.1922, Pairs:       0.0000, Triples:       0.0000.
  Rotamer elimination of (A135-LYS,11) by (A135-LYS,12):       0.5799 > 0.0000.
   Self:       0.5799, Pairs:       0.0000, Triples:       0.0000.
  Rotamer elimination of (A135-LYS,12) by (A135-LYS,13):       0.9765 > 0.0000.
   Self:       0.9765, Pairs:       0.0000, Triples:       0.0000.
  Rotamer elimination of (A135-LYS,13) by (A135-LYS,21):       0.1607 > 0.0000.
   Self:       0.1607, Pairs:       0.0000, Triples:       0.0000.
  Rotamer elimination of (A135-LYS,14) by (A135-LYS,15):       0.2513 > 0.0000.
   Self:       0.2513, Pairs:       0.0000, Triples:       0.0000.
  Rotamer elimination of (A135-LYS,15) by (A135-LYS,19):       0.2086 > 0.0000.
   Self:       0.2086, Pairs:       0.0000, Triples:       0.0000.
  Rotamer elimination of (A135-LYS,16) by (A135-LYS,19):       2.6083 > 0.0000.
   Self:       2.6083, Pairs:       0.0000, Triples:       0.0000.
  Rotamer elimination of (A135-LYS,19) by (A135-LYS,21):       1.5609 > 0.0000.
   Self:       1.5609, Pairs:       0.0000, Triples:       0.0000.
  Rotamer elimination of (A135-LYS,20) by (A135-LYS,21):       2.2304 > 0.0000.
   Self:       2.2304, Pairs:       0.0000, Triples:       0.0000.
  Rotamer elimination of (A135-LYS,21) by (A135-LYS,30):       6.4327 > 0.0000.
   Self:       6.4327, Pairs:       0.0000, Triples:       0.0000.
  Rotamer elimination of (A135-LYS,22) by (A135-LYS,26):       0.2260 > 0.0000.
   Self:       0.2260, Pairs:       0.0000, Triples:       0.0000.
  Rotamer elimination of (A135-LYS,23) by (A135-LYS,26):       0.5455 > 0.0000.
   Self:       0.5455, Pairs:       0.0000, Triples:       0.0000.
  Rotamer elimination of (A135-LYS,25) by (A135-LYS,26):       0.9151 > 0.0000.
   Self:       0.9151, Pairs:       0.0000, Triples:       0.0000.
  Rotamer elimination of (A135-LYS,26) by (A135-LYS,30):       8.1333 > 0.0000.
   Self:       8.1333, Pairs:       0.0000, Triples:       0.0000.
  Rotamer elimination of (A135-LYS,27) by (A135-LYS,28):       0.1458 > 0.0000.
   Self:       0.1458, Pairs:       0.0000, Triples:       0.0000.
  Rotamer elimination of (A135-LYS,28) by (A135-LYS,30):       9.7682 > 0.0000.
   Self:       9.7682, Pairs:       0.0000, Triples:       0.0000.
  Rotamer elimination of (A135-LYS,30) by (A135-LYS,34):       1.1000 > 0.0000.
   Self:       1.1000, Pairs:       0.0000, Triples:       0.0000.
  Rotamer elimination of (A135-LYS,34) by (A135-LYS,35):       2.3363 > 0.0000.
   Self:       2.3363, Pairs:       0.0000, Triples:       0.0000.
  Rotamer elimination of (A135-LYS,35) by (A135-LYS,40):       1.9555 > 0.0000.
   Self:       1.9555, Pairs:       0.0000, Triples:       0.0000.
  Rotamer elimination of (A135-LYS,36) by (A135-LYS,38):       1.9248 > 0.0000.
   Self:       1.9248, Pairs:       0.0000, Triples:       0.0000.
  Rotamer elimination of (A135-LYS,37) by (A135-LYS,38):       1.9583 > 0.0000.
   Self:       1.9583, Pairs:       0.0000, Triples:       0.0000.
  Rotamer elimination of (A135-LYS,38) by (A135-LYS,39):       0.0536 > 0.0000.
   Self:       0.0536, Pairs:       0.0000, Triples:       0.0000.
  Rotamer elimination of (A135-LYS,39) by (A135-LYS,40):       2.0795 > 0.0000.
   Self:       2.0795, Pairs:       0.0000, Triples:       0.0000.
  Rotamer elimination of (A135-LYS,41) by (A135-LYS,40):       2.1865 > 0.0000.
   Self:       2.1865, Pairs:       0.0000, Triples:       0.0000.
  Rotamer elimination of (A135-LYS,42) by (A135-LYS,40):       2.0219 > 0.0000.
   Self:       2.0219, Pairs:       0.0000, Triples:       0.0000.
  Rotamer elimination of (A135-LYS,43) by (A135-LYS,40):       4.3467 > 0.0000.
   Self:       4.3467, Pairs:       0.0000, Triples:       0.0000.
  Rotamer elimination of (A135-LYS,44) by (A135-LYS,40):      17.9825 > 0.0000.
   Self:      17.9825, Pairs:       0.0000, Triples:       0.0000.
  Rotamer elimination of (A135-LYS,46) by (A135-LYS,40):       1.9183 > 0.0000.
   Self:       1.9183, Pairs:       0.0000, Triples:       0.0000.
  Rotamer elimination of (A135-LYS,47) by (A135-LYS,40):       4.0041 > 0.0000.
   Self:       4.0041, Pairs:       0.0000, Triples:       0.0000.
  Rotamer elimination of (A135-LYS,48) by (A135-LYS,40):       0.3950 > 0.0000.
   Self:       0.3950, Pairs:       0.0000, Triples:       0.0000.
  Rotamer elimination of (A135-LYS,49) by (A135-LYS,40):       2.3456 > 0.0000.
   Self:       2.3456, Pairs:       0.0000, Triples:       0.0000.
  Rotamer elimination of (A135-LYS,50) by (A135-LYS,40):       3.6878 > 0.0000.
   Self:       3.6878, Pairs:       0.0000, Triples:       0.0000.
  Rotamer elimination of (A135-LYS,51) by (A135-LYS,40):      18.1753 > 0.0000.
   Self:      18.1753, Pairs:       0.0000, Triples:       0.0000.
  Rotamer elimination of (A135-LYS,52) by (A135-LYS,40):       3.8945 > 0.0000.
   Self:       3.8945, Pairs:       0.0000, Triples:       0.0000.
  Rotamer elimination of (A135-LYS,53) by (A135-LYS,40):       1.7502 > 0.0000.
   Self:       1.7502, Pairs:       0.0000, Triples:       0.0000.
  Rotamer elimination of (A135-LYS,54) by (A135-LYS,40):       4.1708 > 0.0000.
   Self:       4.1708, Pairs:       0.0000, Triples:       0.0000.
  Rotamer elimination of (A135-LYS,55) by (A135-LYS,40):       3.5806 > 0.0000.
   Self:       3.5806, Pairs:       0.0000, Triples:       0.0000.
  Rotamer elimination of (A147-LYS, 0) by (A147-LYS,40):       0.0054 > 0.0000.
   Self:       0.0054, Pairs:       0.0000, Triples:       0.0000.
  Rotamer elimination of (A147-LYS, 1) by (A147-LYS,35):       8.6028 > 0.0000.
   Self:       8.6028, Pairs:       0.0000, Triples:       0.0000.
  Rotamer elimination of (A147-LYS, 7) by (A147-LYS, 8):       5.4756 > 0.0000.
   Self:       5.4756, Pairs:       0.0000, Triples:       0.0000.
  Rotamer elimination of (A147-LYS, 8) by (A147-LYS,11):       0.5959 > 0.0000.
   Self:       0.5959, Pairs:       0.0000, Triples:       0.0000.
  Rotamer elimination of (A147-LYS, 9) by (A147-LYS,10):       1.5164 > 0.0000.
   Self:       1.5164, Pairs:       0.0000, Triples:       0.0000.
  Rotamer elimination of (A147-LYS,10) by (A147-LYS,11):       1.0097 > 0.0000.
   Self:       1.0097, Pairs:       0.0000, Triples:       0.0000.
  Rotamer elimination of (A147-LYS,11) by (A147-LYS,12):       0.8551 > 0.0000.
   Self:       0.8551, Pairs:       0.0000, Triples:       0.0000.
  Rotamer elimination of (A147-LYS,12) by (A147-LYS,13):       0.9259 > 0.0000.
   Self:       0.9259, Pairs:       0.0000, Triples:       0.0000.
  Rotamer elimination of (A147-LYS,13) by (A147-LYS,35):       8.6061 > 0.0000.
   Self:       8.6061, Pairs:       0.0000, Triples:       0.0000.
  Rotamer elimination of (A147-LYS,14) by (A147-LYS,15):       0.6121 > 0.0000.
   Self:       0.6121, Pairs:       0.0000, Triples:       0.0000.
  Rotamer elimination of (A147-LYS,15) by (A147-LYS,34):       1.0431 > 0.0000.
   Self:       1.0431, Pairs:       0.0000, Triples:       0.0000.
  Rotamer elimination of (A147-LYS,16) by (A147-LYS,19):       0.9183 > 0.0000.
   Self:       0.9183, Pairs:       0.0000, Triples:       0.0000.
  Rotamer elimination of (A147-LYS,19) by (A147-LYS,21):       0.6804 > 0.0000.
   Self:       0.6804, Pairs:       0.0000, Triples:       0.0000.
  Rotamer elimination of (A147-LYS,20) by (A147-LYS,21):       5.3796 > 0.0000.
   Self:       5.3796, Pairs:       0.0000, Triples:       0.0000.
  Rotamer elimination of (A147-LYS,21) by (A147-LYS,34):       1.7638 > 0.0000.
   Self:       1.7638, Pairs:       0.0000, Triples:       0.0000.
  Rotamer elimination of (A147-LYS,23) by (A147-LYS,33):       2.6229 > 0.0000.
   Self:       2.6229, Pairs:       0.0000, Triples:       0.0000.
  Rotamer elimination of (A147-LYS,33) by (A147-LYS,34):       7.9826 > 0.0000.
   Self:       7.9826, Pairs:       0.0000, Triples:       0.0000.
  Rotamer elimination of (A147-LYS,34) by (A147-LYS,35):       9.1843 > 0.0000.
   Self:       9.1843, Pairs:       0.0000, Triples:       0.0000.
  Rotamer elimination of (A147-LYS,35) by (A147-LYS,38):       0.4596 > 0.0000.
   Self:       0.4596, Pairs:       0.0000, Triples:       0.0000.
  Rotamer elimination of (A147-LYS,36) by (A147-LYS,38):       2.2012 > 0.0000.
   Self:       2.2012, Pairs:       0.0000, Triples:       0.0000.
  Rotamer elimination of (A147-LYS,37) by (A147-LYS,38):       3.0190 > 0.0000.
   Self:       3.0190, Pairs:       0.0000, Triples:       0.0000.
  Rotamer elimination of (A147-LYS,38) by (A147-LYS,39):       0.1456 > 0.0000.
   Self:       0.1456, Pairs:       0.0000, Triples:       0.0000.
  Rotamer elimination of (A147-LYS,39) by (A147-LYS,40):       2.2623 > 0.0000.
   Self:       2.2623, Pairs:       0.0000, Triples:       0.0000.
  Rotamer elimination of (A147-LYS,41) by (A147-LYS,40):       3.0540 > 0.0000.
   Self:       3.0540, Pairs:       0.0000, Triples:       0.0000.
  Rotamer elimination of (A147-LYS,42) by (A147-LYS,40):       2.0488 > 0.0000.
   Self:       2.0488, Pairs:       0.0000, Triples:       0.0000.
  Rotamer elimination of (A147-LYS,43) by (A147-LYS,40):       4.3292 > 0.0000.
   Self:       4.3292, Pairs:       0.0000, Triples:       0.0000.
  Rotamer elimination of (A147-LYS,46) by (A147-LYS,40):       3.4702 > 0.0000.
   Self:       3.4702, Pairs:       0.0000, Triples:       0.0000.
  Rotamer elimination of (A147-LYS,47) by (A147-LYS,40):       9.9335 > 0.0000.
   Self:       9.9335, Pairs:       0.0000, Triples:       0.0000.
  Rotamer elimination of (A147-LYS,48) by (A147-LYS,40):       2.6689 > 0.0000.
   Self:       2.6689, Pairs:       0.0000, Triples:       0.0000.
  Rotamer elimination of (A147-LYS,50) by (A147-LYS,40):      13.4689 > 0.0000.
   Self:      13.4689, Pairs:       0.0000, Triples:       0.0000.
  Rotamer elimination of (A147-LYS,55) by (A147-LYS,40):      24.3592 > 0.0000.
   Self:      24.3592, Pairs:       0.0000, Triples:       0.0000.
  Rotamer elimination of (A159-ASH,22) by (A159-ASH,24):       1.1255 > 0.0000.
   Self:       3.7837, Pairs:      -2.6582, Triples:       0.0000.
  Rotamer elimination of (A159-ASH,23) by (A159-ASH, 0):       1.6362 > 0.0000.
   Self:       8.0954, Pairs:      -6.4592, Triples:       0.0000.
  Rotamer elimination of (A159-ASH,26) by (A159-ASH,25):       1.1802 > 0.0000.
   Self:       2.7711, Pairs:      -1.5910, Triples:       0.0000.
  Rotamer elimination of (A162-LYS, 1) by (A162-LYS, 0):      12.4757 > 0.0000.
   Self:      12.0183, Pairs:       0.4574, Triples:       0.0000.
  Rotamer elimination of (A162-LYS, 2) by (A162-LYS, 0):      18.5368 > 0.0000.
   Self:      17.6177, Pairs:       0.9191, Triples:       0.0000.
  Rotamer elimination of (A162-LYS, 6) by (A162-LYS, 0):      16.8955 > 0.0000.
   Self:      16.5941, Pairs:       0.3015, Triples:       0.0000.
  Rotamer elimination of (A162-LYS, 7) by (A162-LYS, 0):      15.5360 > 0.0000.
   Self:      15.0557, Pairs:       0.4804, Triples:       0.0000.
  Rotamer elimination of (A162-LYS, 8) by (A162-LYS, 0):      14.7872 > 0.0000.
   Self:      14.3270, Pairs:       0.4602, Triples:       0.0000.
  Rotamer elimination of (A162-LYS, 9) by (A162-LYS, 0):      16.5748 > 0.0000.
   Self:      16.1139, Pairs:       0.4609, Triples:       0.0000.
  Rotamer elimination of (A162-LYS,10) by (A162-LYS, 0):      15.4067 > 0.0000.
   Self:      14.9277, Pairs:       0.4791, Triples:       0.0000.
  Rotamer elimination of (A162-LYS,11) by (A162-LYS, 0):      14.1576 > 0.0000.
   Self:      13.7039, Pairs:       0.4537, Triples:       0.0000.
  Rotamer elimination of (A162-LYS,12) by (A162-LYS, 0):      13.5039 > 0.0000.
   Self:      13.0429, Pairs:       0.4610, Triples:       0.0000.
  Rotamer elimination of (A162-LYS,13) by (A162-LYS, 0):      12.4687 > 0.0000.
   Self:      12.0113, Pairs:       0.4574, Triples:       0.0000.
  Rotamer elimination of (A162-LYS,14) by (A162-LYS, 0):      14.4344 > 0.0000.
   Self:      13.9514, Pairs:       0.4830, Triples:       0.0000.
  Rotamer elimination of (A162-LYS,15) by (A162-LYS, 0):      14.2201 > 0.0000.
   Self:      13.7398, Pairs:       0.4802, Triples:       0.0000.
  Rotamer elimination of (A162-LYS,16) by (A162-LYS, 0):      16.6336 > 0.0000.
   Self:      16.1802, Pairs:       0.4534, Triples:       0.0000.
  Rotamer elimination of (A162-LYS,19) by (A162-LYS, 0):      14.7555 > 0.0000.
   Self:      14.2969, Pairs:       0.4586, Triples:       0.0000.
  Rotamer elimination of (A162-LYS,21) by (A162-LYS, 0):      14.6611 > 0.0000.
   Self:      14.1744, Pairs:       0.4867, Triples:       0.0000.
  Rotamer elimination of (A162-LYS,22) by (A162-LYS, 0):      16.6673 > 0.0000.
   Self:      16.1999, Pairs:       0.4675, Triples:       0.0000.
  Rotamer elimination of (A162-LYS,23) by (A162-LYS, 0):      14.4321 > 0.0000.
   Self:      14.2366, Pairs:       0.1955, Triples:       0.0000.
  Rotamer elimination of (A162-LYS,25) by (A162-LYS, 0):      19.3394 > 0.0000.
   Self:      18.8575, Pairs:       0.4819, Triples:       0.0000.
  Rotamer elimination of (A162-LYS,26) by (A162-LYS, 0):      24.9535 > 0.0000.
   Self:      24.4918, Pairs:       0.4617, Triples:       0.0000.
  Rotamer elimination of (A162-LYS,28) by (A162-LYS, 0):      17.4495 > 0.0000.
   Self:      16.9900, Pairs:       0.4595, Triples:       0.0000.
  Rotamer elimination of (A162-LYS,29) by (A162-LYS, 0):       6.3485 > 0.0000.
   Self:       7.1005, Pairs:      -0.7520, Triples:       0.0000.
  Rotamer elimination of (A162-LYS,30) by (A162-LYS, 0):       7.6694 > 0.0000.
   Self:       7.6767, Pairs:      -0.0072, Triples:       0.0000.
  Rotamer elimination of (A162-LYS,31) by (A162-LYS, 0):      22.6198 > 0.0000.
   Self:      17.3678, Pairs:       5.2520, Triples:       0.0000.
  Rotamer elimination of (A162-LYS,33) by (A162-LYS, 0):       4.6853 > 0.0000.
   Self:       5.0632, Pairs:      -0.3779, Triples:       0.0000.
  Rotamer elimination of (A162-LYS,34) by (A162-LYS, 0):       3.8137 > 0.0000.
   Self:       3.7651, Pairs:       0.0486, Triples:       0.0000.
  Rotamer elimination of (A162-LYS,35) by (A162-LYS, 0):       2.3451 > 0.0000.
   Self:       2.2570, Pairs:       0.0881, Triples:       0.0000.
  Rotamer elimination of (A162-LYS,36) by (A162-LYS, 0):       4.3764 > 0.0000.
   Self:       4.3313, Pairs:       0.0451, Triples:       0.0000.
  Rotamer elimination of (A162-LYS,37) by (A162-LYS, 0):       4.2818 > 0.0000.
   Self:       4.4634, Pairs:      -0.1815, Triples:       0.0000.
  Rotamer elimination of (A162-LYS,38) by (A162-LYS, 0):       1.8716 > 0.0000.
   Self:       2.0289, Pairs:      -0.1574, Triples:       0.0000.
  Rotamer elimination of (A162-LYS,39) by (A162-LYS, 0):       2.1750 > 0.0000.
   Self:       2.1425, Pairs:       0.0325, Triples:       0.0000.
  Rotamer elimination of (A162-LYS,40) by (A162-LYS, 0):       0.0012 > 0.0000.
   Self:       0.0012, Pairs:      -0.0001, Triples:       0.0000.
  Rotamer elimination of (A162-LYS,41) by (A162-LYS, 0):       2.0255 > 0.0000.
   Self:       2.0490, Pairs:      -0.0236, Triples:       0.0000.
  Rotamer elimination of (A162-LYS,42) by (A162-LYS, 0):       2.2084 > 0.0000.
   Self:       2.2954, Pairs:      -0.0870, Triples:       0.0000.
  Rotamer elimination of (A162-LYS,43) by (A162-LYS, 0):       4.7706 > 0.0000.
   Self:       4.7687, Pairs:       0.0019, Triples:       0.0000.
  Rotamer elimination of (A162-LYS,46) by (A162-LYS, 0):       2.9393 > 0.0000.
   Self:       3.0127, Pairs:      -0.0734, Triples:       0.0000.
  Rotamer elimination of (A162-LYS,48) by (A162-LYS, 0):       3.3362 > 0.0000.
   Self:       3.4497, Pairs:      -0.1135, Triples:       0.0000.
  Rotamer elimination of (A162-LYS,49) by (A162-LYS, 0):       5.8679 > 0.0000.
   Self:       5.8778, Pairs:      -0.0099, Triples:       0.0000.
  Rotamer elimination of (A162-LYS,50) by (A162-LYS, 0):       2.6736 > 0.0000.
   Self:       3.5898, Pairs:      -0.9163, Triples:       0.0000.
  Rotamer elimination of (A162-LYS,52) by (A162-LYS, 0):       9.5909 > 0.0000.
   Self:       9.5865, Pairs:       0.0045, Triples:       0.0000.
  Rotamer elimination of (A162-LYS,53) by (A162-LYS, 0):      15.4480 > 0.0000.
   Self:      15.3661, Pairs:       0.0819, Triples:       0.0000.
  Rotamer elimination of (A162-LYS,55) by (A162-LYS, 0):       5.7489 > 0.0000.
   Self:       5.6706, Pairs:       0.0782, Triples:       0.0000.
 1379 out of 1417 rotamers eliminated.
 970230 out of 970927 rotamer pairs eliminated.

 Iteration 2: Applying Single Rotamer Goldstein DEE conditions 
  Rotamer elimination of ( A45-GLH,36) by ( A45-GLH, 0):      10.4355 > 0.0000.
   Self:      10.0541, Pairs:       0.3814, Triples:       0.0000.
  Rotamer elimination of ( A60-LYS,40) by ( A60-LYS,38):       0.2735 > 0.0000.
   Self:      -1.6749, Pairs:       1.9493, Triples:      -0.0010.
  Rotamer elimination of ( A61-ASH, 0) by ( A61-ASH,25):       2.3770 > 0.0000.
   Self:       2.4880, Pairs:      -0.1053, Triples:      -0.0057.
  Rotamer elimination of (A159-ASH, 0) by (A159-ASH,25):       3.1993 > 0.0000.
   Self:       3.2106, Pairs:      -0.0113, Triples:       0.0000.
  Rotamer elimination of (A159-ASH,24) by (A159-ASH,25):       5.4175 > 0.0000.
   Self:       5.4160, Pairs:       0.0014, Triples:       0.0000.
 1384 out of 1417 rotamers eliminated.
 970399 out of 970927 rotamer pairs eliminated.

 Iteration 3: Applying Single Rotamer Goldstein DEE conditions 
 No more single rotamers to eliminate.

 Iteration 4: Applying Rotamer Pair Goldstein DEE conditions 
 1384 out of 1417 rotamers eliminated.
 970399 out of 970927 rotamer pairs eliminated.
 Self-consistent DEE rotamer elimination achieved.

 Collecting Permutations:
                     Condition         Number of Permutations Left      Number of Permutations Removed
               No Eliminations               1.6055657937343296E53                                    
           Single Eliminations                                 1.0               1.6055657937343296E53
             Pair Eliminations                                 1.0                                 0.0
  Single and Pair Eliminations                                 1.0               1.6055657937343296E53

 Energy of permutations:
  Permutation                    Energy    Lowest Possible Energy
            1              -1508.378691              -1508.378691

 Energy contributions:
            Type                    Energy    Lowest Possible Energy
       Backbone:               -877.992061                          
           Self:               -627.999706               -630.134170
           Pair:                 -2.400607                -12.411701
         Trimer:                  0.013682                          
      Neglected:                  0.061556                          
    Approximate:              -1508.378691                          

 Final rotamers:
          Residue      Chi 1       Chi 2        Chi 3       Chi 4         Energy
   1 A ( A5-GLU, 0)   -61.4  0.0  175.9  0.0    6.2  0.0    0.0  0.0     -16.4999 
   2 A (A10-ASP, 0)   -71.2  0.0  -15.0  0.0    0.0  0.0    0.0  0.0     -18.3928 
   3 A (A11-GLU, 0)   -60.9  0.0  -65.2  0.0  170.5  0.0    0.0  0.0     -12.4311 
   4 A (A16-LYS,40)  -177.0  0.0  180.0  0.0  180.0  0.0  180.0  0.0     -20.9425 
   5 A (A19-LYS, 0)   -60.8  0.0 -161.9  0.0 -167.3  0.0  178.7  0.0     -22.6744 
   6 A (A20-ASP, 0)    64.3  0.0 -176.2  0.0    0.0  0.0    0.0  0.0     -18.3482 
   7 A (A22-GLU, 0)   -55.4  0.0  -65.2  0.0  162.7  0.0    0.0  0.0     -15.9417 
   8 A (A31-HIE,22)  -177.0  0.0  -80.0  0.0    0.0  0.0    0.0  0.0     -28.7802 
   9 A (A35-LYS, 0)   -53.3  0.0 -169.4  0.0 -176.6  0.0 -177.6  0.0     -23.2497 
  10 A (A43-LYS,48)   -67.0  0.0  180.0  0.0  180.0  0.0  180.0  0.0     -18.7501 
  11 A (A45-GLU, 0)   -73.4  0.0  -64.7  0.0  -42.8  0.0    0.0  0.0     -15.3794 
  12 A (A47-ASP, 0)   -68.2  0.0  -12.8  0.0    0.0  0.0    0.0  0.0     -20.1685 
  13 A (A48-LYS,40)  -177.0  0.0  180.0  0.0  180.0  0.0  180.0  0.0     -19.6736 
  14 A (A60-LYS,38)  -177.0  0.0  180.0  0.0   68.0  0.0  180.0  0.0     -18.3107 
  15 A (A61-ASP,25)  -177.0  0.0   65.0  0.0    0.0  0.0    0.0  0.0     -23.1736 
  16 A (A62-GLU,40)   -67.0  0.0 -180.0  0.0  -10.0  0.0    0.0  0.0     -16.4601 
  17 A (A64-GLU,40)   -67.0  0.0 -180.0  0.0  -10.0  0.0    0.0  0.0     -14.0245 
  18 A (A65-LYS,40)  -177.0  0.0  180.0  0.0  180.0  0.0  180.0  0.0     -21.4976 
  19 A (A70-ASP, 0)   -62.3  0.0  -10.9  0.0    0.0  0.0    0.0  0.0     -18.5229 
  20 A (A72-ASP, 0)  -178.2  0.0 -128.8  0.0    0.0  0.0    0.0  0.0     -19.0384 
  21 A (A83-LYS,48)   -67.0  0.0  180.0  0.0  180.0  0.0  180.0  0.0     -20.8851 
  22 A (A85-LYS, 0)  -171.1  0.0 -175.6  0.0 -175.7  0.0  -65.3  0.0     -19.4447 
  23 A (A89-ASP, 0)   -62.3  0.0  172.2  0.0    0.0  0.0    0.0  0.0     -20.4163 
  24 A (A92-ASP, 0)    59.2  0.0  104.9  0.0    0.0  0.0    0.0  0.0     -21.1523 
  25 A (A102-LYS, 0)  -142.2  0.0 -175.2  0.0  139.0  0.0   38.5  0.0     -14.8254 
  26 A (A108-GLU,41)   -65.0  0.0  -65.0  0.0  -40.0  0.0    0.0  0.0     -13.5465 
  27 A (A124-LYS, 0)   -51.5  0.0 -170.6  0.0  173.0  0.0  -72.8  0.0     -18.9958 
  28 A (A127-ASP,25)  -177.0  0.0   65.0  0.0    0.0  0.0    0.0  0.0     -23.8398 
  29 A (A128-GLU,40)   -67.0  0.0 -180.0  0.0  -10.0  0.0    0.0  0.0     -14.5258 
  30 A (A135-LYS,40)  -177.0  0.0  180.0  0.0  180.0  0.0  180.0  0.0     -19.5712 
  31 A (A147-LYS,40)  -177.0  0.0  180.0  0.0  180.0  0.0  180.0  0.0     -18.2737 
  32 A (A159-ASP,25)  -177.0  0.0   65.0  0.0    0.0  0.0    0.0  0.0     -21.4668 
  33 A (A162-LYS, 0)  -177.0  0.0 -180.0  0.0 -180.0  0.0 -180.0  0.0     -21.1835 


 Final Minimum Energy
 Generalized Kirkwood  -1562.67499874      0.231
 Cavitation             1657.96735113      0.182
 Dispersion            -1023.11474880      0.300

 Computed Potential Energy
  Bond Stretching            219.24202412         2689        0.000 ( 0.01565)
  Angle Bending              576.88901066         4843        0.000 ( 5.97005)
  Stretch-Bend                 2.89787651         4227        0.000
  Out-of-Plane Bend           22.83187480         1587        0.000
  Torsional Angle             37.78392152         7067        0.001
  Pi-Orbital Torsion          23.09233898          281        0.001
  Torsion-Torsion            -60.43918367           11        0.000
  Van der Waals              465.86375967      3552743        0.016
  Atomic Multipoles        -2217.97711559      3502432
  Polarization              -188.96707981      3502432        2.521
  Solvation                 -927.82239641      3563115
  Total Potential          -2046.60496922  (Kcal/mole)        2.541 (sec)

  Rotamer pH Bias        538.28783378
  Potential with Bias  -1508.31713544

 Saving 1L54_pH8.55.pdb_2

 Script wall clock time: 21240.655 (sec)
WARNING: Using incubator modules: jdk.incubator.vector
 _________________________________________________________________________

        FORCE FIELD X - Polyglot Software for Molecular Biophysics 

        Version 1.0.0-6991  April 2026 
        Git Revision  937dfd3f3a84d0dc91f73b0419518078a8c41842 
 
        Please cite the following reference when using Force Field X:

        RA Gogal, AJ Nessler, AC Thiel, HV Bernabe, RA Corrigan Grove,
        LM Cousineau, JM Litman, JM Miller, G Qi, MJ Speranza,
        MR Tollefson, TD Fenn, JJ Michaelson, O Okada, JP Piquemal,
        JW Ponder, J Shen, RJH Smith, W Yang, P Ren and MJ Schnieders,
        2024, Journal of Chemical Physics, 161 (1).

        Copyright (c)  Michael J. Schnieders  2001-2026
        All Rights Reserved

        Force Field X is distributed under the GPL v. 3 license
        with linking exception and is hosted by the Schnieders Lab
        at The University of Iowa.

        User Manual:   https://ffx.biochem.uiowa.edu/manual.html
        Publications:  https://ffx.biochem.uiowa.edu/publications.html
        License:       https://ffx.biochem.uiowa.edu/licenses.html

 _________________________________________________________________________

 Sat May 02 15:44:12 CDT 2026
 Process ID 409090 on argon-itf-bx50-02.hpc.

 Command line arguments:
 [Minimize, -e, 0.1, /Dedicated/schnieders/maemmad/pKa_GNN/ffx_pipeline/data/fixed_pdbs/1L54/1L54_pH8.55.pdb_2, --saveInduced, --savePermanentMoments]

 Executing internal command: ffx.algorithms.commands.Minimize

 Initializing 1 topologies...
 Parsing: Internal force field (amoeba-bio-2018-cphmd).
 Parsing: Structure properties from (/Dedicated/schnieders/maemmad/pKa_GNN/ffx_pipeline/data/fixed_pdbs/1L54/1L54_input.properties).
 Parsing: JVM system properties (i.e. command line -Dkey=value pairs).

 Attempting to read force field patch from /Dedicated/schnieders/maemmad/pKa_GNN/naphosphate_solute.09Feb21.prm.

 Renumbering Patch: FALSE
 Reading 1L54_pH8.55.pdb_2

 Assigning atom types for 1 chains.
 Amino acid chain A
 Constructing Force Field AMOEBA-BIO-2018-CPHMD

 SMP threads:                                20
 The system will be treated as aperiodic (max separation =   59.3 A).

 Bonded Terms
  Bonds:                                   2670
  Angles:                                  4823
  Stretch-Bends:                           4225
  Out-of-Plane Bends:                      1584
  Torsions:                                7027
  Pi-Orbital Torsions:                      279
  Torsion-Torsions:                          11

 Non-Bonded Terms

  Van der Waals
   Cut-Off:                                NONE
   Long-Range Correction:                 FALSE

 Electrostatics
   Polarization:                         MUTUAL
    SCF Convergence Criteria:         1.000e-06
    SCF Predictor:                         NONE
    SCF Algorithm:                           CG
    CG Preconditioner Cut-Off:            4.500
    CG Preconditioner Ewald Coeff.:       0.000
    CG Preconditioner Scale:              2.000
    CG Preconditioner Mode:     FLETCHER_REEVES
    Electrostatics Cut-Off:                NONE

  Continuum Solvation
   Radii:                                SOLUTE
   Generalized Kirkwood Cut-Off:           NONE
   GKC:                                  2.4550
   Solvent Dielectric:                  78.3000
   Solute Dielectric:                    1.0000
   Descreen with vdW Radii:                TRUE
   Descreen with Hydrogen Atoms:          FALSE
   Descreen Offset:                      0.0000
   General HCT Scale Factor:             0.7200
   Non-Polar Model:                  GAUSS-DISP
    GaussVol Radii Offset:               0.0000
    GaussVol Radii Scale:                1.0000
   Dispersion Integral Offset:           1.0560 (A)
   Cavitation Solvent Pressure:          0.0334 (Kcal/mol/A^3)
   Cavitation Surface Tension:           0.1030 (Kcal/mol/A^2)
   Cavitation Cross-Over Radius:         9.2515 (A)

  Overall system charge:                  9.000

 Opened 1L54_pH8.55.pdb_2 in 1.497 sec.

 System Resources
  Total CPU time:          21.41 (sec)
  System load average:     94.36
  Open file handles:         148 of  81920 allowed
  System memory:           20895 MB free out of  21740 MB
  System swap space:        2053 MB free out of   2053 MB
  JVM memory:               4016 MB free out of   4096 MB

 Minimizing energy of Single Topology  [1L54_pH8.55.pdb_2] 
 Setting lambda to 0.000.
 Generalized Kirkwood  -3115.14381284      0.435
 Cavitation             1657.96286408      0.330
 Dispersion            -1023.11514981      0.513

 Computed Potential Energy
  Bond Stretching            219.25468074         2670        0.003 ( 0.01566)
  Angle Bending              576.84235397         4823        0.006 ( 2.77405)
  Stretch-Bend                 2.89570374         4225        0.006
  Out-of-Plane Bend           22.83194399         1584        0.004
  Torsional Angle             37.78482332         7027        0.006
  Pi-Orbital Torsion          23.09234113          279        0.005
  Torsion-Torsion            -60.43918367           11        0.004
  Van der Waals              465.85676180      3502432        1.008
  Atomic Multipoles        -4435.96054497      3502432
  Polarization              -788.16608351      3502432        7.133
  Solvation                -2480.29609857      3512575
  Total Potential          -6416.30330203  (Kcal/mole)        8.181 (sec)

 Limited Memory BFGS Quasi-Newton Optimization: 

 Cycle       Energy      G RMS    Delta E   Delta X    Angle  Evals     Time

     0   -6416.3033     2.2238
     1   -6431.3109     2.0693    15.0076    0.0017     0.00      3    9.087
     2   -6441.8937     1.4497    10.5828    0.0011    42.92      4    4.475
     3   -6456.3748     1.3258    14.4811    0.0025    42.26      5    4.409
     4   -6468.1408     2.0062    11.7660    0.0036    52.64      6    4.495
     5   -6477.6279     1.3409     9.4871    0.0027    66.17      7    4.513
     6   -6483.9209     1.0557     6.2930    0.0013    54.13      8    4.396
     7   -6492.2094     1.0640     8.2884    0.0027    55.68      9    4.511
     8   -6498.2615     1.7933     6.0521    0.0038    65.13     10    4.216
     9   -6504.3715     0.9794     6.1100    0.0018    70.84     11    4.373
    10   -6509.5864     0.7921     5.2150    0.0022    62.89     12    4.369
    11   -6513.3238     0.8934     3.7374    0.0020    66.66     13    4.299
    12   -6517.6854     1.2142     4.3616    0.0031    69.86     14    4.389
    13   -6522.4979     0.7724     4.8125    0.0029    75.05     15    4.434
    14   -6526.0767     0.7236     3.5788    0.0022    66.30     16    4.406
    15   -6529.4108     0.8469     3.3342    0.0025    66.41     17    4.459
    16   -6532.6049     0.8023     3.1941    0.0021    70.81     18    4.417
    17   -6536.2864     0.7308     3.6816    0.0029    71.90     19    4.320
    18   -6539.6459     0.8066     3.3595    0.0031    72.15     20    4.457
    19   -6543.0724     0.8307     3.4265    0.0034    75.41     21    4.378
    20   -6546.7084     0.7013     3.6360    0.0031    74.66     22    4.422
    21   -6550.4541     0.8543     3.7457    0.0038    72.96     23    4.272
    22   -6554.1384     0.9267     3.6843    0.0042    76.11     24    4.278
    23   -6557.6069     0.7022     3.4685    0.0023    74.21     25    4.259
    24   -6561.2143     0.7805     3.6074    0.0038    71.02     26    4.327
    25   -6563.4815     0.9638     2.2671    0.0030    75.42     27    4.393
    26   -6565.6592     0.6813     2.1778    0.0011    72.24     28    4.234
    27   -6568.9164     0.5042     3.2572    0.0025    71.57     29    4.478
    28   -6571.9800     0.9365     3.0635    0.0047    73.45     30    4.380
    29   -6574.6562     0.8320     2.6762    0.0039    81.48     31    4.433
    30   -6577.5001     0.6931     2.8439    0.0032    79.99     32    4.213
    31   -6580.7388     0.8406     3.2387    0.0046    77.06     33    4.177
    32   -6583.1977     0.7343     2.4589    0.0029    76.11     34    4.257
    33   -6584.9030     0.6217     1.7054    0.0009    66.69     35    4.240
    34   -6587.5684     0.5067     2.6654    0.0020    69.98     36    4.456
    35   -6590.5793     0.9223     3.0109    0.0043    72.24     37    4.157
    36   -6592.9023     0.7108     2.3230    0.0041    81.19     38    4.388
    37   -6594.6665     0.5172     1.7642    0.0013    72.42     39    4.493
    38   -6597.1042     0.4720     2.4377    0.0025    69.77     40    4.215
    39   -6598.7534     0.9765     1.6491    0.0040    74.49     41    4.367
    40   -6600.6050     0.5761     1.8516    0.0016    78.33     42    4.295
    41   -6602.9375     0.5509     2.3325    0.0029    75.52     43    4.387
    42   -6604.9867     0.6014     2.0493    0.0033    78.79     44    4.340
    43   -6606.1325     1.3404     1.1458    0.0046    79.26     45    4.189
    44   -6607.9550     0.7899     1.8225    0.0011    78.92     46    4.266
    45   -6610.1751     0.4371     2.2201    0.0021    74.80     47    4.230
    46   -6611.3583     0.5278     1.1831    0.0017    74.63     48    4.291
    47   -6613.2410     0.5752     1.8828    0.0027    77.98     49    4.282
    48   -6614.6658     1.0752     1.4248    0.0045    79.48     50    4.290
    49   -6616.6674     0.5252     2.0015    0.0021    80.87     51    4.264
    50   -6618.0093     0.4116     1.3419    0.0017    74.52     52    4.242
    51   -6619.3294     0.5344     1.3202    0.0021    74.93     53    4.264
    52   -6621.0257     0.6897     1.6963    0.0033    79.05     54    4.284
    53   -6622.8934     0.5892     1.8677    0.0041    81.35     55    4.261
    54   -6624.3715     0.5099     1.4781    0.0018    75.12     56    4.434
    55   -6626.2585     0.4996     1.8870    0.0022    71.01     57    4.498
    56   -6627.6681     0.5908     1.4095    0.0024    76.71     58    4.520
    57   -6629.0052     0.5683     1.3372    0.0035    80.46     59    4.420
    58   -6630.1051     0.3867     1.0998    0.0016    77.93     60    4.290
    59   -6631.2982     0.3891     1.1931    0.0023    75.84     61    4.283
    60   -6632.4522     0.6568     1.1540    0.0031    76.84     62    4.536
    61   -6633.8028     0.4054     1.3506    0.0027    81.64     63    4.286
    62   -6635.0075     0.3792     1.2047    0.0020    73.23     64    4.336
    63   -6636.0080     0.5325     1.0005    0.0021    73.95     65    4.450
    64   -6637.1079     0.4088     1.0998    0.0017    77.31     66    4.323
    65   -6638.4444     0.4265     1.3365    0.0026    74.85     67    4.353
    66   -6639.4326     0.4940     0.9882    0.0022    77.00     68    4.068
    67   -6640.3625     0.3821     0.9300    0.0018    79.20     69    4.304
    68   -6641.4373     0.3987     1.0748    0.0025    76.00     70    4.382
    69   -6642.2705     0.4246     0.8332    0.0019    77.11     71    4.327
    70   -6643.0827     0.3707     0.8122    0.0018    78.37     72    4.465
    71   -6643.9900     0.3430     0.9073    0.0021    76.37     73    4.290
    72   -6644.8079     0.4281     0.8179    0.0021    76.37     74    4.437
    73   -6645.7208     0.3937     0.9129    0.0025    79.92     75    4.222
    74   -6646.5691     0.3608     0.8483    0.0019    77.67     76    4.365
    75   -6647.4305     0.3519     0.8614    0.0020    76.38     77    4.260
    76   -6648.3337     0.3938     0.9032    0.0022    76.45     78    4.131
    77   -6649.2207     0.4272     0.8870    0.0023    77.59     79    4.249
    78   -6650.0033     0.3644     0.7827    0.0019    77.66     80    4.313
    79   -6650.6770     0.3201     0.6737    0.0011    73.91     81    4.383
    80   -6651.5781     0.3221     0.9010    0.0018    73.17     82    4.473
    81   -6652.2330     0.6836     0.6549    0.0031    77.04     83    4.132
    82   -6653.0720     0.3301     0.8389    0.0012    78.70     84    4.286
    83   -6653.6233     0.2727     0.5514    0.0012    75.00     85    4.342
    84   -6654.1566     0.3023     0.5333    0.0015    78.06     86    4.419
    85   -6654.8446     0.4640     0.6880    0.0022    78.41     87    4.247
    86   -6655.7681     0.3454     0.9235    0.0032    83.37     88    4.117
    87   -6656.4997     0.4544     0.7316    0.0027    79.89     89    4.204
    88   -6657.3031     0.3201     0.8034    0.0018    79.19     90    4.235
    89   -6657.9871     0.3073     0.6840    0.0011    69.37     91    4.274
    90   -6658.5548     0.5734     0.5678    0.0019    72.49     92    4.391
    91   -6659.2209     0.2934     0.6660    0.0011    78.19     93    4.304
    92   -6659.6960     0.2849     0.4751    0.0011    75.10     94    4.385
    93   -6660.3403     0.3396     0.6443    0.0019    78.27     95    4.221
    94   -6660.8239     0.6135     0.4836    0.0026    79.47     96    4.351
    95   -6661.4978     0.2874     0.6739    0.0013    80.96     97    4.232
    96   -6661.9750     0.2315     0.4772    0.0011    73.62     98    4.310
    97   -6662.3809     0.2903     0.4059    0.0012    75.50     99    4.124
    98   -6662.8364     0.3975     0.4555    0.0018    78.76    100    4.439
    99   -6663.3816     0.2622     0.5452    0.0015    81.17    101    4.211
   100   -6663.9585     0.2519     0.5768    0.0017    76.26    102    4.403
   101   -6664.3872     0.4915     0.4287    0.0020    75.16    103    4.448
   102   -6664.9089     0.2738     0.5218    0.0009    78.06    104    4.299
   103   -6665.3734     0.2452     0.4645    0.0009    71.40    105    4.172
   104   -6665.8239     0.2985     0.4505    0.0014    75.93    106    4.391
   105   -6666.0980     0.5177     0.2741    0.0023    80.55    107    4.442
   106   -6666.5029     0.2521     0.4049    0.0004    71.36    108    4.354
   107   -6666.8543     0.2168     0.3514    0.0009    73.56    109    4.306
   108   -6667.1403     0.2485     0.2861    0.0011    79.30    110    4.266
   109   -6667.5617     0.3442     0.4213    0.0017    80.40    111    4.130
   110   -6668.1037     0.2565     0.5421    0.0028    83.70    112    4.295
   111   -6668.4979     0.2920     0.3942    0.0021    81.41    113    4.138
   112   -6668.8791     0.2555     0.3812    0.0015    80.09    114    4.322
   113   -6669.2813     0.2494     0.4023    0.0008    70.51    115    4.203
   114   -6669.7266     0.3276     0.4453    0.0013    71.42    116    4.321
   115   -6670.0984     0.3164     0.3718    0.0016    79.19    117    4.206
   116   -6670.3973     0.2231     0.2988    0.0007    76.40    118    4.278
   117   -6670.7785     0.1913     0.3812    0.0014    76.05    119    4.385
   118   -6671.0709     0.3529     0.2924    0.0021    80.11    120    4.266
   119   -6671.4121     0.2308     0.3412    0.0015    83.83    121    4.298
   120   -6671.7898     0.2101     0.3777    0.0019    80.18    122    4.551
   121   -6672.0679     0.2822     0.2781    0.0014    79.23    123    4.375
   122   -6672.4428     0.2523     0.3749    0.0016    81.38    124    4.224
   123   -6672.8832     0.2886     0.4404    0.0021    79.75    125    4.291
   124   -6673.2304     0.2682     0.3473    0.0014    77.67    126    4.388
   125   -6673.4864     0.2171     0.2560    0.0003    61.33    127    4.066
   126   -6673.8556     0.1969     0.3692    0.0008    67.82    128    4.182
   127   -6674.2161     0.3740     0.3604    0.0021    77.17    129    4.465
   128   -6674.5336     0.2277     0.3175    0.0014    83.37    130    4.325
   129   -6674.7974     0.1953     0.2638    0.0012    80.63    131    4.229
   130   -6675.1031     0.2484     0.3057    0.0017    79.56    132    4.532
   131   -6675.3486     0.3587     0.2455    0.0021    81.40    133    4.374
   132   -6675.6405     0.2017     0.2918    0.0005    73.35    134    4.334
   133   -6675.9787     0.1897     0.3383    0.0009    68.83    135    4.299
   134   -6676.2346     0.2280     0.2559    0.0010    77.30    136    4.309
   135   -6676.5654     0.2375     0.3308    0.0015    79.42    137    4.297
   136   -6676.9193     0.1934     0.3539    0.0019    80.55    138    4.303
   137   -6677.1499     0.2637     0.2305    0.0012    77.24    139    4.361
   138   -6677.4427     0.2048     0.2929    0.0009    77.14    140    4.585
   139   -6677.8075     0.2429     0.3647    0.0012    72.86    141    4.129
   140   -6678.0084     0.3961     0.2009    0.0018    77.85    142    4.221
   141   -6678.2728     0.1799     0.2645    0.0002    46.11    143    4.355
   142   -6678.4517     0.1587     0.1789    0.0005    70.87    144    4.338
   143   -6678.6419     0.1951     0.1902    0.0011    79.59    145    4.335
   144   -6678.8523     0.3149     0.2104    0.0015    80.72    146    4.291
   145   -6679.1429     0.1971     0.2906    0.0020    85.06    147    4.487
   146   -6679.4122     0.1741     0.2693    0.0015    80.91    148    4.328
   147   -6679.6688     0.2995     0.2567    0.0020    78.91    149    4.105
   148   -6679.9211     0.2036     0.2522    0.0007    77.58    150    4.316
   149   -6680.1469     0.1930     0.2258    0.0005    68.40    151    4.167
   150   -6680.4380     0.2290     0.2911    0.0011    74.76    152    4.488
   151   -6680.5891     0.3950     0.1512    0.0020    80.89    153    4.355
   152   -6680.8160     0.1980     0.2268    0.0002    61.87    154    4.261
   153   -6681.0223     0.1583     0.2063    0.0008    75.42    155    4.229
   154   -6681.1754     0.1893     0.1531    0.0010    81.22    156    4.190
   155   -6681.4037     0.2487     0.2283    0.0014    81.63    157    4.194
   156   -6681.7197     0.1962     0.3160    0.0024    84.51    158    4.206
   157   -6682.0008     0.2621     0.2811    0.0024    82.72    159    4.195
   158   -6682.2392     0.2393     0.2384    0.0020    83.25    160    4.289
   159   -6682.4460     0.1701     0.2068    0.0003    61.01    161    4.297
   160   -6682.7051     0.1746     0.2592    0.0006    59.07    162    4.267
   161   -6682.8653     0.3616     0.1602    0.0014    77.53    163    4.180
   162   -6683.1089     0.2069     0.2436    0.0008    81.98    164    4.183
   163   -6683.4261     0.1654     0.3172    0.0021    81.91    165    4.255
   164   -6683.6193     0.1932     0.1932    0.0016    83.07    166    4.397
   165   -6683.8219     0.2930     0.2026    0.0022    83.54    167    4.258
   166   -6684.0896     0.1736     0.2676    0.0017    84.62    168    4.191
   167   -6684.3419     0.1692     0.2523    0.0013    78.93    169    4.474
   168   -6684.5615     0.3168     0.2195    0.0017    78.78    170    4.224
   169   -6684.8122     0.1939     0.2508    0.0011    82.14    171    4.147
   170   -6685.0304     0.1729     0.2182    0.0008    77.13    172    4.254
   171   -6685.2919     0.2457     0.2615    0.0016    78.70    173    4.237
   172   -6685.4842     0.2984     0.1923    0.0021    83.33    174    4.298
   173   -6685.6815     0.1771     0.1973    0.0005    78.27    175    4.278
   174   -6685.9356     0.1573     0.2541    0.0016    79.67    176    4.268
   175   -6686.1110     0.1899     0.1754    0.0014    82.64    177    4.245
   176   -6686.3449     0.2080     0.2339    0.0021    83.73    178    4.216
   177   -6686.6337     0.1857     0.2888    0.0028    84.32    179    4.291
   178   -6686.8186     0.2898     0.1849    0.0019    81.96    180    4.458
   179   -6687.0448     0.1978     0.2262    0.0007    79.02    181    4.183
   180   -6687.3604     0.1800     0.3156    0.0011    74.88    182    4.496
   181   -6687.6086     0.3461     0.2482    0.0022    81.03    183    4.366
   182   -6687.8847     0.1988     0.2761    0.0020    85.30    184    4.465
   183   -6688.0787     0.1613     0.1940    0.0010    80.98    185    4.309
   184   -6688.3143     0.2273     0.2356    0.0019    80.83    186    4.202
   185   -6688.5058     0.2786     0.1915    0.0022    83.59    187    4.282
   186   -6688.6935     0.1714     0.1877    0.0006    80.35    188    4.395
   187   -6688.9107     0.1503     0.2172    0.0013    78.37    189    4.271
   188   -6689.0716     0.2089     0.1609    0.0013    81.71    190    4.216
   189   -6689.3223     0.1845     0.2507    0.0017    83.57    191    4.482
   190   -6689.5247     0.4009     0.2024    0.0024    81.76    192    4.558
   191   -6689.7935     0.1783     0.2688    0.0012    83.95    193    4.287
   192   -6689.9505     0.1400     0.1569    0.0005    73.34    194    4.381
   193   -6690.1505     0.1920     0.2000    0.0009    73.72    195    4.384
   194   -6690.3238     0.3312     0.1733    0.0016    80.74    196    4.383
   195   -6690.5371     0.1754     0.2132    0.0008    81.90    197    4.240
   196   -6690.7209     0.1540     0.1838    0.0009    77.80    198    4.479
   197   -6690.9049     0.1919     0.1840    0.0012    79.95    199    4.323
   198   -6691.0705     0.3237     0.1656    0.0019    82.71    200    4.362
   199   -6691.2787     0.1719     0.2082    0.0011    83.72    201    4.307
   200   -6691.4376     0.1403     0.1589    0.0008    78.88    202    4.419
   201   -6691.6006     0.1705     0.1631    0.0010    78.57    203    4.291
   202   -6691.7524     0.2963     0.1517    0.0017    81.97    204    4.370
   203   -6691.9417     0.1724     0.1894    0.0010    83.50    205    4.266
   204   -6692.1039     0.1373     0.1621    0.0010    79.97    206    4.425
   205   -6692.2383     0.1779     0.1344    0.0010    79.00    207    4.225
   206   -6692.4111     0.1823     0.1728    0.0015    82.65    208    4.249
   207   -6692.5900     0.1663     0.1788    0.0014    82.71    209    4.093
   208   -6692.7369     0.2296     0.1469    0.0016    81.08    210    4.367
   209   -6692.8828     0.1507     0.1459    0.0004    75.23    211    4.237
   210   -6693.0475     0.1561     0.1647    0.0006    72.35    212    4.359
   211   -6693.2538     0.2126     0.2063    0.0016    81.00    213    4.430
   212   -6693.3893     0.3098     0.1355    0.0024    84.14    214    4.440
   213   -6693.5608     0.1483     0.1716    0.0005    78.04    215    4.154
   214   -6693.6993     0.1427     0.1384    0.0007    76.19    216    4.344
   215   -6693.8474     0.1618     0.1481    0.0012    81.53    217    4.351
   216   -6693.9916     0.3028     0.1443    0.0018    82.45    218    4.410
   217   -6694.1864     0.1655     0.1948    0.0016    85.76    219    4.314
   218   -6694.3276     0.1343     0.1412    0.0010    81.19    220    4.389
   219   -6694.4803     0.1909     0.1526    0.0011    78.08    221    4.270
   220   -6694.6552     0.2088     0.1750    0.0012    81.26    222    4.301
   221   -6694.8414     0.1627     0.1862    0.0010    81.29    223    4.324
   222   -6694.9967     0.2404     0.1553    0.0014    78.69    224    4.110
   223   -6695.1328     0.1562     0.1361    0.0004    73.06    225    4.188
   224   -6695.2476     0.1473     0.1148    0.0003    69.99    226    4.361
   225   -6695.4162     0.1744     0.1685    0.0010    78.36    227    4.210
   226   -6695.5673     0.2465     0.1511    0.0018    82.18    228    4.464
   227   -6695.6966     0.1445     0.1294    0.0009    84.02    229    4.264
   228   -6695.8124     0.1372     0.1158    0.0008    80.90    230    4.321
   229   -6695.9655     0.1559     0.1531    0.0013    80.85    231    4.380
   230   -6696.0234     0.3764     0.0578    0.0018    81.99    232    4.303
   231   -6696.1222     0.2642     0.0989    0.0001    67.48    233    4.467
   232   -6696.2665     0.1162     0.1443    0.0003    70.99    234    4.437
   233   -6696.3615     0.1392     0.0950    0.0005    72.24    235    4.206
   234   -6696.4520     0.1673     0.0905    0.0006    80.73    236    4.432
   235   -6696.6046     0.1799     0.1526    0.0009    81.55    237    4.318
   236   -6696.7350     0.3217     0.1303    0.0015    81.86    238    4.432
   237   -6696.9146     0.1631     0.1796    0.0012    85.06    239    4.290
   238   -6697.0202     0.1092     0.1055    0.0008    81.64    240    4.334
   239   -6697.1242     0.1460     0.1041    0.0008    77.78    241    4.348
   240   -6697.2663     0.1788     0.1421    0.0010    79.91    242    4.246
   241   -6697.3899     0.2429     0.1235    0.0014    81.99    243    4.264
   242   -6697.5220     0.1353     0.1321    0.0003    69.41    244    4.318
   243   -6697.6294     0.1254     0.1074    0.0003    56.94    245    4.466
   244   -6697.7353     0.1479     0.1059    0.0006    76.11    246    4.496
   245   -6697.8209     0.2444     0.0857    0.0011    80.63    247    4.186
   246   -6697.9370     0.1251     0.1160    0.0007    82.89    248    4.238
   247   -6698.0391     0.1155     0.1021    0.0008    79.86    249    4.231
   248   -6698.1544     0.1469     0.1153    0.0010    79.86    250    4.438
   249   -6698.2574     0.2387     0.1029    0.0014    82.06    251    4.191
   250   -6698.3851     0.1242     0.1278    0.0007    81.86    252    4.579
   251   -6698.4791     0.1104     0.0940    0.0005    72.73    253    4.271
   252   -6698.5782     0.1525     0.0991    0.0006    74.59    254    4.347
   253   -6698.6959     0.1666     0.1177    0.0010    80.60    255    4.306
   254   -6698.8245     0.1312     0.1286    0.0009    81.93    256    4.372
   255   -6698.9520     0.1742     0.1275    0.0013    79.80    257    4.459
   256   -6699.0526     0.1535     0.1005    0.0007    79.66    258    4.540
   257   -6699.1385     0.1223     0.0860    0.0003    73.35    259    4.161
   258   -6699.2593     0.1158     0.1207    0.0007    74.66    260    4.926
   259   -6699.3675     0.1707     0.1082    0.0013    79.60    261    4.151
   260   -6699.4431     0.1406     0.0757    0.0007    82.88    262    4.289
   261   -6699.5341     0.1237     0.0909    0.0007    81.04    263    4.409
   262   -6699.6574     0.1379     0.1233    0.0010    79.56    264    4.627
   263   -6699.7224     0.2513     0.0650    0.0016    81.94    265    4.301
   264   -6699.8186     0.1239     0.0963    0.0001    52.52    266    4.482
   265   -6699.9033     0.1043     0.0847    0.0003    65.26    267    4.234
   266   -6699.9689     0.1185     0.0655    0.0005    77.76    268    4.426
   267   -6700.0652     0.1543     0.0963    0.0007    78.50    269    4.383
   268   -6700.1923     0.1111     0.1271    0.0012    82.76    270    4.297
   269   -6700.2917     0.1386     0.0994    0.0011    80.63    271    4.441
   270   -6700.3840     0.1558     0.0922    0.0010    81.11    272    4.477
   271   -6700.4749     0.1209     0.0909    0.0003    72.53    273    4.245
   272   -6700.5807     0.1169     0.1058    0.0004    64.75    274    4.283
   273   -6700.6360     0.2463     0.0553    0.0007    74.73    275    4.161
   274   -6700.7207     0.1307     0.0847    0.0002    75.08    276    4.465
   275   -6700.8095     0.1015     0.0889    0.0006    77.47    277    3.950
   276   -6700.8673     0.1109     0.0578    0.0006    80.71    278    4.355
   277   -6700.9422     0.1673     0.0749    0.0008    81.09    279    4.237
   278   -6701.0413     0.1118     0.0991    0.0011    84.05    280    4.300
   279   -6701.1132     0.1355     0.0718    0.0008    79.64    281    4.244
   280   -6701.1842     0.1029     0.0710    0.0005    79.31    282    4.207
   281   -6701.2558     0.1078     0.0716    0.0004    72.15    283    4.243
   282   -6701.3296     0.1595     0.0738    0.0006    74.64    284    4.209
   283   -6701.4056     0.1101     0.0760    0.0007    82.17    285    4.341
   284   -6701.4593     0.0960     0.0537    0.0003    75.16    286    4.554

 Optimization achieved convergence criteria:  0.09604
 Generalized Kirkwood  -3131.58197166      0.181
 Cavitation             1673.29562201      0.173
 Dispersion            -1103.98718264      0.250

 Computed Potential Energy
  Bond Stretching            242.21003961         2670        0.000 ( 0.01643)
  Angle Bending              583.33028300         4823        0.000 ( 2.80989)
  Stretch-Bend                 4.68133598         4225        0.000
  Out-of-Plane Bend           17.18749101         1584        0.000
  Torsional Angle             -3.32142678         7027        0.001
  Pi-Orbital Torsion          15.58181066          279        0.000
  Torsion-Torsion            -61.06124132           11        0.000
  Van der Waals              344.00765181      3502432        0.015
  Atomic Multipoles        -4500.48075251      3502432
  Polarization              -781.32099643      3502432        3.246
  Solvation                -2562.27353228      3512575
  Total Potential          -6701.45933726  (Kcal/mole)        3.264 (sec)
 Setting atom names to PDB standard.
 Saving 1L54_pH8.55.pdb_3
 Wrote induced dipoles to: /Dedicated/schnieders/maemmad/pKa_GNN/ffx_pipeline/data/fixed_pdbs/1L54/1L54_pH8.55.uind
 Wrote permanent multipoles to: /Dedicated/schnieders/maemmad/pKa_GNN/ffx_pipeline/data/fixed_pdbs/1L54/1L54_pH8.55.uperm

 Script wall clock time: 1253.128 (sec)
=== Titration pH 8.55 done: Sat May  2 16:05:07 CDT 2026 ===
