Requeueing due to an insufficient number of GPU devices on argon-itf-bx53-06.hpc.
=== Titration pH 8.55 started: Tue May  5 16:24:41 CDT 2026 ===
  Copy already exists, skipping.
WARNING: Using incubator modules: jdk.incubator.vector
  Restart file found: /Dedicated/schnieders/maemmad/pKa_GNN/ffx_pipeline/data/fixed_pdbs/1LE2/1LE2_pH8.55.restart — adding --eR
WARNING: Using incubator modules: jdk.incubator.vector
 _________________________________________________________________________

        FORCE FIELD X - Polyglot Software for Molecular Biophysics 

        Version 1.0.0-6947  April 2026 
        Git Revision  519408079905b3dd4b967041b75b836f63fb563f 
 
        Please cite the following reference when using Force Field X:

        RA Gogal, AJ Nessler, AC Thiel, HV Bernabe, RA Corrigan Grove,
        LM Cousineau, JM Litman, JM Miller, G Qi, MJ Speranza,
        MR Tollefson, TD Fenn, JJ Michaelson, O Okada, JP Piquemal,
        JW Ponder, J Shen, RJH Smith, W Yang, P Ren and MJ Schnieders,
        2024, Journal of Chemical Physics, 161 (1).

        Copyright (c)  Michael J. Schnieders  2001-2025
        All Rights Reserved

        Force Field X is distributed under the GPL v. 3 license
        with linking exception and is hosted by the Schnieders Lab
        at The University of Iowa.

        User Manual:   https://ffx.biochem.uiowa.edu/manual.html
        Publications:  https://ffx.biochem.uiowa.edu/publications.html
        License:       https://ffx.biochem.uiowa.edu/licenses.html

 _________________________________________________________________________

 Tue May 05 16:25:13 CDT 2026
 Process ID 230397 on argon-itf-bx51-14.hpc.

 Command line arguments:
 [ManyBody, --tR, --pH, 8.55, --oT, -T, --kPH, 3.0, --eR, /Dedicated/schnieders/maemmad/pKa_GNN/ffx_pipeline/data/fixed_pdbs/1LE2/1LE2_pH8.55.restart, /Dedicated/schnieders/maemmad/pKa_GNN/ffx_pipeline/data/fixed_pdbs/1LE2/1LE2_pH8.55.pdb]

 Executing internal command: ffx.algorithms.commands.ManyBody

 Parsing: Internal force field (amoeba-bio-2018-cphmd).
 Parsing: Structure properties from (/Dedicated/schnieders/maemmad/pKa_GNN/ffx_pipeline/data/fixed_pdbs/1LE2/titrate.properties).
 Parsing: JVM system properties (i.e. command line -Dkey=value pairs).

 Attempting to read force field patch from /Dedicated/schnieders/maemmad/pKa_GNN/naphosphate_solute.09Feb21.prm.

 Renumbering Patch: FALSE
 Reading 1LE2_pH8.55.pdb

 Assigning atom types for 1 chains.
 Amino acid chain A
 Constructing Force Field AMOEBA-BIO-2018-CPHMD

 SMP threads:                                20
 The system will be treated as aperiodic (max separation =   68.1 A).

 Bonded Terms
  Bonds:                                   2364
  Angles:                                  4268
  Stretch-Bends:                           3732
  Out-of-Plane Bends:                      1383
  Torsions:                                6206
  Pi-Orbital Torsions:                      222
  Torsion-Torsions:                           6

 Non-Bonded Terms

  Van der Waals
   Cut-Off:                                NONE
   Long-Range Correction:                 FALSE

 Electrostatics
   Polarization:                         MUTUAL
    SCF Convergence Criteria:         1.000e-06
    SCF Predictor:                         NONE
    SCF Algorithm:                           CG
    CG Preconditioner Cut-Off:            4.500
    CG Preconditioner Ewald Coeff.:       0.000
    CG Preconditioner Scale:              2.000
    CG Preconditioner Mode:     FLETCHER_REEVES
    Electrostatics Cut-Off:                NONE

  Continuum Solvation
   Radii:                                SOLUTE
   Generalized Kirkwood Cut-Off:           NONE
   GKC:                                  2.4550
   Solvent Dielectric:                  78.3000
   Solute Dielectric:                    2.0000
   Descreen with vdW Radii:                TRUE
   Descreen with Hydrogen Atoms:          FALSE
   Descreen Offset:                      0.0000
   General HCT Scale Factor:             0.7200
   Non-Polar Model:                  GAUSS-DISP
    GaussVol Radii Offset:               0.0000
    GaussVol Radii Scale:                1.0000
   Dispersion Integral Offset:           1.0560 (A)
   Cavitation Solvent Pressure:          0.0334 (Kcal/mol/A^3)
   Cavitation Surface Tension:           0.1030 (Kcal/mol/A^2)
   Cavitation Cross-Over Radius:         9.2515 (A)

  Overall system charge:                 -1.000

 Opened 1LE2_pH8.55.pdb in 1.23 sec.

 System Resources
  Total CPU time:          20.46 (sec)
  System load average:     48.33
  Open file handles:         148 of  81920 allowed
  System memory:          189922 MB free out of 191080 MB
  System swap space:        2049 MB free out of   2053 MB
  JVM memory:               4023 MB free out of   4096 MB

 Adding titration hydrogen to : /Dedicated/schnieders/maemmad/pKa_GNN/ffx_pipeline/data/fixed_pdbs/1LE2/1LE2_pH8.55.pdb

 Reading 1LE2_pH8.55.pdb

 Assigning atom types for 1 chains.
 Amino acid chain A
 Renumbering PDB file due to built atoms (2376 vs 2352)
 Total number of atoms: 2376

 Constructing Force Field AMOEBA-BIO-2018-CPHMD

 SMP threads:                                20
 The system will be treated as aperiodic (max separation =   68.1 A).

 Bonded Terms
  Bonds:                                   2388
  Angles:                                  4292
  Stretch-Bends:                           3732
  Out-of-Plane Bends:                      1383
  Torsions:                                6254
  Pi-Orbital Torsions:                      222
  Torsion-Torsions:                           6

 Non-Bonded Terms

  Van der Waals
   Cut-Off:                                NONE
   Long-Range Correction:                 FALSE

 Electrostatics
   Polarization:                         MUTUAL
    SCF Convergence Criteria:         1.000e-06
    SCF Predictor:                         NONE
    SCF Algorithm:                           CG
    CG Preconditioner Cut-Off:            4.500
    CG Preconditioner Ewald Coeff.:       0.000
    CG Preconditioner Scale:              2.000
    CG Preconditioner Mode:     FLETCHER_REEVES
    Electrostatics Cut-Off:                NONE

  Continuum Solvation
   Radii:                                SOLUTE
   Generalized Kirkwood Cut-Off:           NONE
   GKC:                                  2.4550
   Solvent Dielectric:                  78.3000
   Solute Dielectric:                    2.0000
   Descreen with vdW Radii:                TRUE
   Descreen with Hydrogen Atoms:          FALSE
   Descreen Offset:                      0.0000
   General HCT Scale Factor:             0.7200
   Non-Polar Model:                  GAUSS-DISP
    GaussVol Radii Offset:               0.0000
    GaussVol Radii Scale:                1.0000
   Dispersion Integral Offset:           1.0560 (A)
   Cavitation Solvent Pressure:          0.0334 (Kcal/mol/A^3)
   Cavitation Surface Tension:           0.1030 (Kcal/mol/A^2)
   Cavitation Cross-Over Radius:         9.2515 (A)

  Overall system charge:                 23.000
 Temperature: 298.150000

 Energy restart file: 1LE2_pH8.55.restart

 Initial Potential Energy:
 Generalized Kirkwood  -3038.08373598      0.180
 Cavitation             1503.09980735      0.126
 Dispersion            -1000.59174210      0.231

 Computed Potential Energy
  Bond Stretching            305.33437370         2388        0.002 ( 0.01760)
  Angle Bending              565.02073697         4292        0.004 ( 2.91653)
  Stretch-Bend                -2.06068879         3732        0.003
  Out-of-Plane Bend           19.14974461         1383        0.002
  Torsional Angle            124.16690126         6254        0.006
  Pi-Orbital Torsion          27.37910027          222        0.000
  Torsion-Torsion            -20.35438865            6        0.000
  Van der Waals              659.47404003      2814820        0.089
  Atomic Multipoles          394.91303890      2814820
  Polarization              -153.57135509      2814820        1.801
  Solvation                -2535.57567073      2823876
  Total Potential           -616.12416751  (Kcal/mole)        1.906 (sec)

 Initial Rotamer Torsion Angles:

 Residue    Current Torsional Angles
 A    5-GLH -177.001   64.991    9.985    0.000
 A   13-ASH  -84.399   -0.067    0.000    0.000
 A   23-GLH -176.985  -80.003  -24.989    0.000
 A   27-GLH -177.000  -80.034  -24.922    0.000
 A   28-GLH  -64.256 -149.309   15.189    0.000
 A   37-GLH  -61.526  170.502   12.160    0.000
 A   43-ASH  -62.796    3.144    0.000    0.000
 A   44-GLH -177.006   65.038    9.947    0.000
 A   47-LYS -177.000 -179.994  180.000  179.987
 A   48-GLH  -70.171  -62.391   -0.763    0.000
 A   50-LYS -177.018  179.964  180.000 -179.975
 A   53-LYS -177.012  179.984 -179.975  -64.999
 A   55-GLH  -64.994  -65.029  -39.952    0.000
 A   57-GLH  -38.626  -52.882   15.915    0.000
 A   58-GLH  -65.004  -65.019  -39.987    0.000
 A   65-GLH  179.120   62.203   35.978    0.000
 A   66-GLH -176.992  -80.016  -24.953    0.000
 A   73-LYS  -60.915  168.005  177.989  -63.043
 A   74-GLH  -64.990  -65.002  -40.006    0.000
 A   85-ASH  -48.442  -93.221    0.000    0.000
 A   87-GLH -176.994  -80.023  -24.986    0.000
 A   88-ASH   71.053   35.061    0.000    0.000
 A   90-CYS  -66.039    0.000    0.000    0.000
 A   99-GLH  -71.314  170.457  -59.052    0.000
 A  109-GLH  -69.181  170.292   92.112    0.000
 A  110-GLH -176.996   64.996    9.969    0.000
 A  118-HIS -162.614  -84.259    0.000    0.000
 A  121-LYS -177.009  179.987 -179.982 -179.993
 A  124-LYS -176.989 -179.993  180.000 -179.979
 A  129-ASH   38.325   54.020    0.000    0.000
 A  131-ASH -179.683   67.566    0.000    0.000
 A  132-ASH  -70.005  -15.024    0.000    0.000
 A  135-LYS  -67.007  179.983  180.000 -179.973
 A  136-CYS  -63.330    0.000    0.000    0.000

 Rotamer Library:     Richardson
 Algorithm:           ALL
 Goldstein Criteria:  true
 Three-Body Energies: true


 Computing Residue Distance Matrix
 Built residue neighbor list:              0.010 sec
 Pairwise distance matrix:               220.246 sec

 Beginning Energy   -1847.55587639

     Residue  Nrot
   1   A5-GLH   42
   2  A13-ASH   27
   3  A23-GLH   42
   4  A27-GLH   42
   5  A28-GLH   42
   6  A37-GLH   42
   7  A43-ASH   27
   8  A44-GLH   42
   9  A47-LYS   56
  10  A48-GLH   42
  11  A50-LYS   56
  12  A53-LYS   56
  13  A55-GLH   42
  14  A57-GLH   42
  15  A58-GLH   42
  16  A65-GLH   42
  17  A66-GLH   42
  18  A73-LYS   56
  19  A74-GLH   42
  20  A85-ASH   27
  21  A87-GLH   42
  22  A88-ASH   27
  23  A90-CYS   11
  24  A99-GLH   42
  25 A109-GLH   42
  26 A110-GLH   42
  27 A118-HIS   27
  28 A121-LYS   56
  29 A124-LYS   56
  30 A129-ASH   27
  31 A131-ASH   27
  32 A132-ASH   27
  33 A135-LYS   56
  34 A136-CYS   11

 Backbone energy:     -513.73809437

 Loaded self energies from restart file.
  Rotamer ( A5-GLH, 1) self-energy      58.27608818 pruned by ( A5-GLU,40)     -14.85686693.
  Rotamer ( A5-GLH, 2) self-energy   11121.53913730 pruned by ( A5-GLU,40)     -14.85686693.
  Rotamer ( A5-GLH, 3) self-energy  118365.06968697 pruned by ( A5-GLU,40)     -14.85686693.
  Rotamer ( A5-GLH, 4) self-energy      54.31049100 pruned by ( A5-GLU,40)     -14.85686693.
  Rotamer ( A5-GLH, 5) self-energy      52.71038639 pruned by ( A5-GLU,40)     -14.85686693.
  Rotamer ( A5-GLH, 6) self-energy     194.38547822 pruned by ( A5-GLU,40)     -14.85686693.
  Rotamer ( A5-GLH, 7) self-energy     313.43244860 pruned by ( A5-GLU,40)     -14.85686693.
  Rotamer ( A5-GLH, 8) self-energy      49.91351837 pruned by ( A5-GLU,40)     -14.85686693.
  Rotamer ( A5-GLH, 9) self-energy      86.79094687 pruned by ( A5-GLU,40)     -14.85686693.
  Rotamer ( A5-GLH,10) self-energy    5389.34618317 pruned by ( A5-GLU,40)     -14.85686693.
  Rotamer ( A5-GLH,11) self-energy    7716.61284628 pruned by ( A5-GLU,40)     -14.85686693.
  Rotamer ( A5-GLH,12) self-energy      59.61959961 pruned by ( A5-GLU,40)     -14.85686693.
  Rotamer ( A5-GLH,13) self-energy      57.09209778 pruned by ( A5-GLU,40)     -14.85686693.
  Rotamer ( A5-GLH,14) self-energy    1332.10974639 pruned by ( A5-GLU,40)     -14.85686693.
  Rotamer ( A5-GLH,15) self-energy     395.86302274 pruned by ( A5-GLU,40)     -14.85686693.
  Rotamer ( A5-GLH,16) self-energy      53.70338630 pruned by ( A5-GLU,40)     -14.85686693.
  Rotamer ( A5-GLH,17) self-energy      75.78262521 pruned by ( A5-GLU,40)     -14.85686693.
  Rotamer ( A5-GLH,18) self-energy    6922.35250816 pruned by ( A5-GLU,40)     -14.85686693.
  Rotamer ( A5-GLH,19) self-energy   15144.98929196 pruned by ( A5-GLU,40)     -14.85686693.
  Rotamer ( A5-GLH,20) self-energy      58.12285384 pruned by ( A5-GLU,40)     -14.85686693.
  Rotamer ( A5-GLH,21) self-energy      56.51934559 pruned by ( A5-GLU,40)     -14.85686693.
  Rotamer ( A5-GLH,22) self-energy     198.35144758 pruned by ( A5-GLU,40)     -14.85686693.
  Rotamer ( A5-GLH,23) self-energy     268.84052510 pruned by ( A5-GLU,40)     -14.85686693.
  Rotamer ( A5-GLH,24) self-energy      55.41161182 pruned by ( A5-GLU,40)     -14.85686693.
  Rotamer ( A5-GLH,25) self-energy     126.91095325 pruned by ( A5-GLU,40)     -14.85686693.
  Rotamer ( A5-GLH,26) self-energy    5407.39455742 pruned by ( A5-GLU,40)     -14.85686693.
  Rotamer ( A5-GLH,27) self-energy    7677.20553459 pruned by ( A5-GLU,40)     -14.85686693.
  Rotamer ( A5-GLH,28) self-energy      74.80424470 pruned by ( A5-GLU,40)     -14.85686693.
  Rotamer ( A5-GLH,29) self-energy      74.71027646 pruned by ( A5-GLU,40)     -14.85686693.
  Rotamer ( A5-GLH,30) self-energy     305.39587677 pruned by ( A5-GLU,40)     -14.85686693.
  Rotamer ( A5-GLH,31) self-energy     184.86676155 pruned by ( A5-GLU,40)     -14.85686693.
  Rotamer ( A5-GLH,32) self-energy      72.23878410 pruned by ( A5-GLU,40)     -14.85686693.
  Rotamer ( A5-GLH,33) self-energy      89.90940198 pruned by ( A5-GLU,40)     -14.85686693.
  Rotamer ( A5-GLU,34) self-energy    4309.41874955 pruned by ( A5-GLU,40)     -14.85686693.
  Rotamer ( A5-GLU,35) self-energy    7174.53281571 pruned by ( A5-GLU,40)     -14.85686693.
  Rotamer ( A5-GLU,38) self-energy     184.61567678 pruned by ( A5-GLU,40)     -14.85686693.
  Rotamer ( A5-GLU,39) self-energy     121.96808380 pruned by ( A5-GLU,40)     -14.85686693.
  Rotamer ( A5-GLU,41) self-energy      14.89856805 pruned by ( A5-GLU,40)     -14.85686693.
  Rotamer (A13-ASH, 1) self-energy      55.78106153 pruned by (A13-ASP,25)     -23.33586048.
  Rotamer (A13-ASH, 2) self-energy     166.49464416 pruned by (A13-ASP,25)     -23.33586048.
  Rotamer (A13-ASH, 3) self-energy     272.83912064 pruned by (A13-ASP,25)     -23.33586048.
  Rotamer (A13-ASH, 4) self-energy      55.26773986 pruned by (A13-ASP,25)     -23.33586048.
  Rotamer (A13-ASH, 5) self-energy      52.07929336 pruned by (A13-ASP,25)     -23.33586048.
  Rotamer (A13-ASH, 6) self-energy      49.62177684 pruned by (A13-ASP,25)     -23.33586048.
  Rotamer (A13-ASH, 7) self-energy     145.45492183 pruned by (A13-ASP,25)     -23.33586048.
  Rotamer (A13-ASH, 8) self-energy     106.35387748 pruned by (A13-ASP,25)     -23.33586048.
  Rotamer (A13-ASH, 9) self-energy      60.57066589 pruned by (A13-ASP,25)     -23.33586048.
  Rotamer (A13-ASH,10) self-energy      51.60152018 pruned by (A13-ASP,25)     -23.33586048.
  Rotamer (A13-ASH,11) self-energy      53.58199602 pruned by (A13-ASP,25)     -23.33586048.
  Rotamer (A13-ASH,12) self-energy     144.07979116 pruned by (A13-ASP,25)     -23.33586048.
  Rotamer (A13-ASH,13) self-energy     117.32853494 pruned by (A13-ASP,25)     -23.33586048.
  Rotamer (A13-ASH,14) self-energy      60.55349699 pruned by (A13-ASP,25)     -23.33586048.
  Rotamer (A13-ASH,15) self-energy      58.57270704 pruned by (A13-ASP,25)     -23.33586048.
  Rotamer (A13-ASH,16) self-energy      54.86092755 pruned by (A13-ASP,25)     -23.33586048.
  Rotamer (A13-ASH,17) self-energy     265.84775543 pruned by (A13-ASP,25)     -23.33586048.
  Rotamer (A13-ASH,18) self-energy     194.30050260 pruned by (A13-ASP,25)     -23.33586048.
  Rotamer (A13-ASH,19) self-energy      91.83628338 pruned by (A13-ASP,25)     -23.33586048.
  Rotamer (A13-ASH,20) self-energy      57.20371468 pruned by (A13-ASP,25)     -23.33586048.
  Rotamer (A13-ASH,21) self-energy      75.29824402 pruned by (A13-ASP,25)     -23.33586048.
  Rotamer (A13-ASP,22) self-energy      87.34482296 pruned by (A13-ASP,25)     -23.33586048.
  Rotamer (A13-ASP,23) self-energy      42.89897339 pruned by (A13-ASP,25)     -23.33586048.
  Rotamer (A23-GLH, 1) self-energy      57.28097486 pruned by (A23-GLU,41)     -15.13117682.
  Rotamer (A23-GLH, 2) self-energy      53.30439292 pruned by (A23-GLU,41)     -15.13117682.
  Rotamer (A23-GLH, 3) self-energy      68.39580851 pruned by (A23-GLU,41)     -15.13117682.
  Rotamer (A23-GLH, 4) self-energy      53.79334074 pruned by (A23-GLU,41)     -15.13117682.
  Rotamer (A23-GLH, 5) self-energy      51.86323684 pruned by (A23-GLU,41)     -15.13117682.
  Rotamer (A23-GLH, 6) self-energy      52.91296806 pruned by (A23-GLU,41)     -15.13117682.
  Rotamer (A23-GLH, 7) self-energy      58.64950002 pruned by (A23-GLU,41)     -15.13117682.
  Rotamer (A23-GLH, 8) self-energy      49.87124704 pruned by (A23-GLU,41)     -15.13117682.
  Rotamer (A23-GLH, 9) self-energy      51.57328184 pruned by (A23-GLU,41)     -15.13117682.
  Rotamer (A23-GLH,10) self-energy      56.62644024 pruned by (A23-GLU,41)     -15.13117682.
  Rotamer (A23-GLH,11) self-energy     132.82864676 pruned by (A23-GLU,41)     -15.13117682.
  Rotamer (A23-GLH,12) self-energy      56.49423773 pruned by (A23-GLU,41)     -15.13117682.
  Rotamer (A23-GLH,13) self-energy      54.83367736 pruned by (A23-GLU,41)     -15.13117682.
  Rotamer (A23-GLH,14) self-energy      62.05440277 pruned by (A23-GLU,41)     -15.13117682.
  Rotamer (A23-GLH,15) self-energy      63.41814692 pruned by (A23-GLU,41)     -15.13117682.
  Rotamer (A23-GLH,16) self-energy      53.16566336 pruned by (A23-GLU,41)     -15.13117682.
  Rotamer (A23-GLH,17) self-energy      54.23360740 pruned by (A23-GLU,41)     -15.13117682.
  Rotamer (A23-GLH,18) self-energy      57.46345844 pruned by (A23-GLU,41)     -15.13117682.
  Rotamer (A23-GLH,19) self-energy      72.40275058 pruned by (A23-GLU,41)     -15.13117682.
  Rotamer (A23-GLH,20) self-energy      57.66908015 pruned by (A23-GLU,41)     -15.13117682.
  Rotamer (A23-GLH,21) self-energy      55.68034711 pruned by (A23-GLU,41)     -15.13117682.
  Rotamer (A23-GLH,22) self-energy      56.87210831 pruned by (A23-GLU,41)     -15.13117682.
  Rotamer (A23-GLH,23) self-energy      62.28976365 pruned by (A23-GLU,41)     -15.13117682.
  Rotamer (A23-GLH,24) self-energy      53.64774802 pruned by (A23-GLU,41)     -15.13117682.
  Rotamer (A23-GLH,25) self-energy      56.02262817 pruned by (A23-GLU,41)     -15.13117682.
  Rotamer (A23-GLH,26) self-energy      75.23046392 pruned by (A23-GLU,41)     -15.13117682.
  Rotamer (A23-GLH,27) self-energy     194.71895525 pruned by (A23-GLU,41)     -15.13117682.
  Rotamer (A23-GLH,28) self-energy      74.70773335 pruned by (A23-GLU,41)     -15.13117682.
  Rotamer (A23-GLH,29) self-energy      72.60061882 pruned by (A23-GLU,41)     -15.13117682.
  Rotamer (A23-GLH,30) self-energy      91.12933758 pruned by (A23-GLU,41)     -15.13117682.
  Rotamer (A23-GLH,31) self-energy      97.40646645 pruned by (A23-GLU,41)     -15.13117682.
  Rotamer (A23-GLH,32) self-energy      71.41619843 pruned by (A23-GLU,41)     -15.13117682.
  Rotamer (A23-GLH,33) self-energy      68.79843617 pruned by (A23-GLU,41)     -15.13117682.
  Rotamer (A27-GLH, 1) self-energy      59.34729247 pruned by (A27-GLU,40)     -15.09092084.
  Rotamer (A27-GLH, 2) self-energy      96.08209556 pruned by (A27-GLU,40)     -15.09092084.
  Rotamer (A27-GLH, 3) self-energy   17419.05365243 pruned by (A27-GLU,40)     -15.09092084.
  Rotamer (A27-GLH, 4) self-energy      54.24573127 pruned by (A27-GLU,40)     -15.09092084.
  Rotamer (A27-GLH, 5) self-energy      52.11330635 pruned by (A27-GLU,40)     -15.09092084.
  Rotamer (A27-GLH, 6) self-energy      53.99488784 pruned by (A27-GLU,40)     -15.09092084.
  Rotamer (A27-GLH, 7) self-energy    2710.27256108 pruned by (A27-GLU,40)     -15.09092084.
  Rotamer (A27-GLH, 8) self-energy      48.16384825 pruned by (A27-GLU,40)     -15.09092084.
  Rotamer (A27-GLH, 9) self-energy      52.34001212 pruned by (A27-GLU,40)     -15.09092084.
  Rotamer (A27-GLH,10) self-energy      93.93524845 pruned by (A27-GLU,40)     -15.09092084.
  Rotamer (A27-GLH,11) self-energy    2210.73566785 pruned by (A27-GLU,40)     -15.09092084.
  Rotamer (A27-GLH,12) self-energy      56.77457981 pruned by (A27-GLU,40)     -15.09092084.
  Rotamer (A27-GLH,13) self-energy      55.13693859 pruned by (A27-GLU,40)     -15.09092084.
  Rotamer (A27-GLH,14) self-energy      62.87397404 pruned by (A27-GLU,40)     -15.09092084.
  Rotamer (A27-GLH,15) self-energy    1275.03506160 pruned by (A27-GLU,40)     -15.09092084.
  Rotamer (A27-GLH,16) self-energy      52.13049031 pruned by (A27-GLU,40)     -15.09092084.
  Rotamer (A27-GLH,17) self-energy      54.92230517 pruned by (A27-GLU,40)     -15.09092084.
  Rotamer (A27-GLH,18) self-energy     117.79085694 pruned by (A27-GLU,40)     -15.09092084.
  Rotamer (A27-GLH,19) self-energy    1727.13121913 pruned by (A27-GLU,40)     -15.09092084.
  Rotamer (A27-GLH,20) self-energy      58.27378875 pruned by (A27-GLU,40)     -15.09092084.
  Rotamer (A27-GLH,21) self-energy      55.94009228 pruned by (A27-GLU,40)     -15.09092084.
  Rotamer (A27-GLH,22) self-energy      57.00972498 pruned by (A27-GLU,40)     -15.09092084.
  Rotamer (A27-GLH,23) self-energy    2708.68181142 pruned by (A27-GLU,40)     -15.09092084.
  Rotamer (A27-GLH,24) self-energy      51.84576512 pruned by (A27-GLU,40)     -15.09092084.
  Rotamer (A27-GLH,25) self-energy      56.82105850 pruned by (A27-GLU,40)     -15.09092084.
  Rotamer (A27-GLH,26) self-energy     112.38504505 pruned by (A27-GLU,40)     -15.09092084.
  Rotamer (A27-GLH,27) self-energy    2182.19209382 pruned by (A27-GLU,40)     -15.09092084.
  Rotamer (A27-GLH,28) self-energy      74.94965343 pruned by (A27-GLU,40)     -15.09092084.
  Rotamer (A27-GLH,29) self-energy      72.88621804 pruned by (A27-GLU,40)     -15.09092084.
  Rotamer (A27-GLH,30) self-energy      91.66665262 pruned by (A27-GLU,40)     -15.09092084.
  Rotamer (A27-GLH,31) self-energy     693.20982424 pruned by (A27-GLU,40)     -15.09092084.
  Rotamer (A27-GLH,32) self-energy      70.39231202 pruned by (A27-GLU,40)     -15.09092084.
  Rotamer (A27-GLH,33) self-energy      69.66744189 pruned by (A27-GLU,40)     -15.09092084.
  Rotamer (A27-GLU,34) self-energy      37.60702586 pruned by (A27-GLU,40)     -15.09092084.
  Rotamer (A27-GLU,35) self-energy    1984.23105699 pruned by (A27-GLU,40)     -15.09092084.
  Rotamer (A27-GLU,39) self-energy    3073.24648314 pruned by (A27-GLU,40)     -15.09092084.
  Rotamer (A28-GLH, 1) self-energy      58.23182145 pruned by (A28-GLU, 0)     -12.45884129.
  Rotamer (A28-GLH, 2) self-energy     193.88321600 pruned by (A28-GLU, 0)     -12.45884129.
  Rotamer (A28-GLH, 3) self-energy   21369.79167661 pruned by (A28-GLU, 0)     -12.45884129.
  Rotamer (A28-GLH, 4) self-energy   42632.43823340 pruned by (A28-GLU, 0)     -12.45884129.
  Rotamer (A28-GLH, 5) self-energy     351.39985524 pruned by (A28-GLU, 0)     -12.45884129.
  Rotamer (A28-GLH, 6) self-energy *     3.2525e+06 pruned by (A28-GLU, 0)     -12.45884129.
  Rotamer (A28-GLH, 7) self-energy    1543.75370753 pruned by (A28-GLU, 0)     -12.45884129.
  Rotamer (A28-GLH, 8) self-energy      73.64672783 pruned by (A28-GLU, 0)     -12.45884129.
  Rotamer (A28-GLH, 9) self-energy     633.87539415 pruned by (A28-GLU, 0)     -12.45884129.
  Rotamer (A28-GLH,10) self-energy     233.02205125 pruned by (A28-GLU, 0)     -12.45884129.
  Rotamer (A28-GLH,11) self-energy    4837.84970582 pruned by (A28-GLU, 0)     -12.45884129.
  Rotamer (A28-GLH,12) self-energy   73520.89232835 pruned by (A28-GLU, 0)     -12.45884129.
  Rotamer (A28-GLH,13) self-energy     350.93913280 pruned by (A28-GLU, 0)     -12.45884129.
  Rotamer (A28-GLH,14) self-energy  125430.83290870 pruned by (A28-GLU, 0)     -12.45884129.
  Rotamer (A28-GLH,15) self-energy    1717.40759114 pruned by (A28-GLU, 0)     -12.45884129.
  Rotamer (A28-GLH,16) self-energy      78.20395915 pruned by (A28-GLU, 0)     -12.45884129.
  Rotamer (A28-GLH,17) self-energy    1236.38425951 pruned by (A28-GLU, 0)     -12.45884129.
  Rotamer (A28-GLH,18) self-energy     229.67423769 pruned by (A28-GLU, 0)     -12.45884129.
  Rotamer (A28-GLH,19) self-energy    6916.19032578 pruned by (A28-GLU, 0)     -12.45884129.
  Rotamer (A28-GLH,20) self-energy   32020.73803587 pruned by (A28-GLU, 0)     -12.45884129.
  Rotamer (A28-GLH,21) self-energy     283.19281413 pruned by (A28-GLU, 0)     -12.45884129.
  Rotamer (A28-GLH,22) self-energy *     3.2500e+06 pruned by (A28-GLU, 0)     -12.45884129.
  Rotamer (A28-GLH,23) self-energy    1546.91246593 pruned by (A28-GLU, 0)     -12.45884129.
  Rotamer (A28-GLH,24) self-energy      76.92604322 pruned by (A28-GLU, 0)     -12.45884129.
  Rotamer (A28-GLH,25) self-energy     585.80926158 pruned by (A28-GLU, 0)     -12.45884129.
  Rotamer (A28-GLH,26) self-energy     205.63786032 pruned by (A28-GLU, 0)     -12.45884129.
  Rotamer (A28-GLH,27) self-energy    3874.29390675 pruned by (A28-GLU, 0)     -12.45884129.
  Rotamer (A28-GLH,28) self-energy   70602.48416840 pruned by (A28-GLU, 0)     -12.45884129.
  Rotamer (A28-GLH,29) self-energy     324.63974563 pruned by (A28-GLU, 0)     -12.45884129.
  Rotamer (A28-GLH,30) self-energy  125078.64291358 pruned by (A28-GLU, 0)     -12.45884129.
  Rotamer (A28-GLH,31) self-energy     566.82595228 pruned by (A28-GLU, 0)     -12.45884129.
  Rotamer (A28-GLH,32) self-energy      86.80454567 pruned by (A28-GLU, 0)     -12.45884129.
  Rotamer (A28-GLH,33) self-energy     669.71661054 pruned by (A28-GLU, 0)     -12.45884129.
  Rotamer (A28-GLU,34) self-energy     145.71669173 pruned by (A28-GLU, 0)     -12.45884129.
  Rotamer (A28-GLU,35) self-energy    4284.42699368 pruned by (A28-GLU, 0)     -12.45884129.
  Rotamer (A28-GLU,36) self-energy   41900.98942318 pruned by (A28-GLU, 0)     -12.45884129.
  Rotamer (A28-GLU,37) self-energy     239.79695159 pruned by (A28-GLU, 0)     -12.45884129.
  Rotamer (A28-GLU,38) self-energy *     5.0919e+06 pruned by (A28-GLU, 0)     -12.45884129.
  Rotamer (A28-GLU,39) self-energy    1911.79675393 pruned by (A28-GLU, 0)     -12.45884129.
  Rotamer (A28-GLU,40) self-energy      14.48025963 pruned by (A28-GLU, 0)     -12.45884129.
  Rotamer (A28-GLU,41) self-energy     683.11166688 pruned by (A28-GLU, 0)     -12.45884129.
  Rotamer (A37-GLH, 1) self-energy      55.32156595 pruned by (A37-GLU, 0)     -15.47166551.
  Rotamer (A37-GLH, 2) self-energy   91154.99811966 pruned by (A37-GLU, 0)     -15.47166551.
  Rotamer (A37-GLH, 3) self-energy   82633.23150037 pruned by (A37-GLU, 0)     -15.47166551.
  Rotamer (A37-GLH, 4) self-energy      59.07050026 pruned by (A37-GLU, 0)     -15.47166551.
  Rotamer (A37-GLH, 5) self-energy     101.62474693 pruned by (A37-GLU, 0)     -15.47166551.
  Rotamer (A37-GLH, 6) self-energy     132.81474438 pruned by (A37-GLU, 0)     -15.47166551.
  Rotamer (A37-GLH, 7) self-energy    3938.02590896 pruned by (A37-GLU, 0)     -15.47166551.
  Rotamer (A37-GLH, 8) self-energy      51.68282093 pruned by (A37-GLU, 0)     -15.47166551.
  Rotamer (A37-GLH, 9) self-energy      53.06824338 pruned by (A37-GLU, 0)     -15.47166551.
  Rotamer (A37-GLH,10) self-energy   15335.00137041 pruned by (A37-GLU, 0)     -15.47166551.
  Rotamer (A37-GLH,11) self-energy   14076.14189200 pruned by (A37-GLU, 0)     -15.47166551.
  Rotamer (A37-GLH,12) self-energy      61.54123351 pruned by (A37-GLU, 0)     -15.47166551.
  Rotamer (A37-GLH,13) self-energy     135.80958737 pruned by (A37-GLU, 0)     -15.47166551.
  Rotamer (A37-GLH,14) self-energy     110.05738484 pruned by (A37-GLU, 0)     -15.47166551.
  Rotamer (A37-GLH,15) self-energy    6869.37537622 pruned by (A37-GLU, 0)     -15.47166551.
  Rotamer (A37-GLH,16) self-energy      59.64333372 pruned by (A37-GLU, 0)     -15.47166551.
  Rotamer (A37-GLH,17) self-energy      55.83300679 pruned by (A37-GLU, 0)     -15.47166551.
  Rotamer (A37-GLH,18) self-energy   90896.41212274 pruned by (A37-GLU, 0)     -15.47166551.
  Rotamer (A37-GLH,19) self-energy   82241.13553869 pruned by (A37-GLU, 0)     -15.47166551.
  Rotamer (A37-GLH,20) self-energy      63.22062322 pruned by (A37-GLU, 0)     -15.47166551.
  Rotamer (A37-GLH,21) self-energy     105.31273427 pruned by (A37-GLU, 0)     -15.47166551.
  Rotamer (A37-GLH,22) self-energy     115.46255737 pruned by (A37-GLU, 0)     -15.47166551.
  Rotamer (A37-GLH,23) self-energy    3935.31190101 pruned by (A37-GLU, 0)     -15.47166551.
  Rotamer (A37-GLH,24) self-energy      55.39075933 pruned by (A37-GLU, 0)     -15.47166551.
  Rotamer (A37-GLH,25) self-energy      57.61985599 pruned by (A37-GLU, 0)     -15.47166551.
  Rotamer (A37-GLH,26) self-energy   15352.41667144 pruned by (A37-GLU, 0)     -15.47166551.
  Rotamer (A37-GLH,27) self-energy    9851.87198010 pruned by (A37-GLU, 0)     -15.47166551.
  Rotamer (A37-GLH,28) self-energy      79.90460542 pruned by (A37-GLU, 0)     -15.47166551.
  Rotamer (A37-GLH,29) self-energy     149.32137323 pruned by (A37-GLU, 0)     -15.47166551.
  Rotamer (A37-GLH,30) self-energy     139.41515456 pruned by (A37-GLU, 0)     -15.47166551.
  Rotamer (A37-GLH,31) self-energy    4406.79500690 pruned by (A37-GLU, 0)     -15.47166551.
  Rotamer (A37-GLH,32) self-energy      81.44464755 pruned by (A37-GLU, 0)     -15.47166551.
  Rotamer (A37-GLH,33) self-energy      70.68367799 pruned by (A37-GLU, 0)     -15.47166551.
  Rotamer (A37-GLU,34) self-energy   17171.49000978 pruned by (A37-GLU, 0)     -15.47166551.
  Rotamer (A37-GLU,35) self-energy  104773.42029115 pruned by (A37-GLU, 0)     -15.47166551.
  Rotamer (A37-GLU,37) self-energy      45.32041994 pruned by (A37-GLU, 0)     -15.47166551.
  Rotamer (A37-GLU,38) self-energy      64.63942336 pruned by (A37-GLU, 0)     -15.47166551.
  Rotamer (A37-GLU,39) self-energy    5389.83394692 pruned by (A37-GLU, 0)     -15.47166551.
  Rotamer (A43-ASH, 1) self-energy      55.98814808 pruned by (A43-ASP, 0)     -20.97628743.
  Rotamer (A43-ASH, 2) self-energy      82.09925544 pruned by (A43-ASP, 0)     -20.97628743.
  Rotamer (A43-ASH, 3) self-energy     103.34460475 pruned by (A43-ASP, 0)     -20.97628743.
  Rotamer (A43-ASH, 4) self-energy      59.04413172 pruned by (A43-ASP, 0)     -20.97628743.
  Rotamer (A43-ASH, 5) self-energy      53.90262164 pruned by (A43-ASP, 0)     -20.97628743.
  Rotamer (A43-ASH, 6) self-energy      51.55048099 pruned by (A43-ASP, 0)     -20.97628743.
  Rotamer (A43-ASH, 7) self-energy     101.46913196 pruned by (A43-ASP, 0)     -20.97628743.
  Rotamer (A43-ASH, 8) self-energy      83.20746658 pruned by (A43-ASP, 0)     -20.97628743.
  Rotamer (A43-ASH, 9) self-energy      65.87875165 pruned by (A43-ASP, 0)     -20.97628743.
  Rotamer (A43-ASH,10) self-energy      53.51847513 pruned by (A43-ASP, 0)     -20.97628743.
  Rotamer (A43-ASH,11) self-energy      55.09520085 pruned by (A43-ASP, 0)     -20.97628743.
  Rotamer (A43-ASH,12) self-energy      80.62156328 pruned by (A43-ASP, 0)     -20.97628743.
  Rotamer (A43-ASH,13) self-energy      80.35303263 pruned by (A43-ASP, 0)     -20.97628743.
  Rotamer (A43-ASH,14) self-energy      64.29631064 pruned by (A43-ASP, 0)     -20.97628743.
  Rotamer (A43-ASH,15) self-energy      60.34235985 pruned by (A43-ASP, 0)     -20.97628743.
  Rotamer (A43-ASH,16) self-energy      56.32949691 pruned by (A43-ASP, 0)     -20.97628743.
  Rotamer (A43-ASH,17) self-energy     203.86675105 pruned by (A43-ASP, 0)     -20.97628743.
  Rotamer (A43-ASH,18) self-energy     166.29437619 pruned by (A43-ASP, 0)     -20.97628743.
  Rotamer (A43-ASH,19) self-energy     101.67556446 pruned by (A43-ASP, 0)     -20.97628743.
  Rotamer (A43-ASH,20) self-energy      59.13183628 pruned by (A43-ASP, 0)     -20.97628743.
  Rotamer (A43-ASH,21) self-energy      78.32334574 pruned by (A43-ASP, 0)     -20.97628743.
  Rotamer (A43-ASP,22) self-energy       9.47200928 pruned by (A43-ASP, 0)     -20.97628743.
  Rotamer (A43-ASP,23) self-energy       4.56647370 pruned by (A43-ASP, 0)     -20.97628743.
  Rotamer (A44-GLH, 1) self-energy      56.38080867 pruned by (A44-GLU,41)     -15.08439152.
  Rotamer (A44-GLH, 2) self-energy      73.66471586 pruned by (A44-GLU,41)     -15.08439152.
  Rotamer (A44-GLH, 3) self-energy   34082.89364658 pruned by (A44-GLU,41)     -15.08439152.
  Rotamer (A44-GLH, 4) self-energy      52.08992547 pruned by (A44-GLU,41)     -15.08439152.
  Rotamer (A44-GLH, 5) self-energy      51.49973752 pruned by (A44-GLU,41)     -15.08439152.
  Rotamer (A44-GLH, 6) self-energy      65.24812291 pruned by (A44-GLU,41)     -15.08439152.
  Rotamer (A44-GLH, 7) self-energy    9066.27347838 pruned by (A44-GLU,41)     -15.08439152.
  Rotamer (A44-GLH, 8) self-energy      49.17918843 pruned by (A44-GLU,41)     -15.08439152.
  Rotamer (A44-GLH, 9) self-energy      51.18678654 pruned by (A44-GLU,41)     -15.08439152.
  Rotamer (A44-GLH,10) self-energy      66.36893002 pruned by (A44-GLU,41)     -15.08439152.
  Rotamer (A44-GLH,11) self-energy   11706.84251867 pruned by (A44-GLU,41)     -15.08439152.
  Rotamer (A44-GLH,12) self-energy      54.92892849 pruned by (A44-GLU,41)     -15.08439152.
  Rotamer (A44-GLH,13) self-energy      54.48182348 pruned by (A44-GLU,41)     -15.08439152.
  Rotamer (A44-GLH,14) self-energy     168.32133305 pruned by (A44-GLU,41)     -15.08439152.
  Rotamer (A44-GLH,15) self-energy  115688.16642075 pruned by (A44-GLU,41)     -15.08439152.
  Rotamer (A44-GLH,16) self-energy      52.62904943 pruned by (A44-GLU,41)     -15.08439152.
  Rotamer (A44-GLH,17) self-energy      53.71081239 pruned by (A44-GLU,41)     -15.08439152.
  Rotamer (A44-GLH,18) self-energy     108.66066571 pruned by (A44-GLU,41)     -15.08439152.
  Rotamer (A44-GLH,19) self-energy   16909.56148030 pruned by (A44-GLU,41)     -15.08439152.
  Rotamer (A44-GLH,20) self-energy      56.13221386 pruned by (A44-GLU,41)     -15.08439152.
  Rotamer (A44-GLH,21) self-energy      55.29291029 pruned by (A44-GLU,41)     -15.08439152.
  Rotamer (A44-GLH,22) self-energy      67.10378351 pruned by (A44-GLU,41)     -15.08439152.
  Rotamer (A44-GLH,23) self-energy    9068.32711233 pruned by (A44-GLU,41)     -15.08439152.
  Rotamer (A44-GLH,24) self-energy      52.82652222 pruned by (A44-GLU,41)     -15.08439152.
  Rotamer (A44-GLH,25) self-energy      55.63875912 pruned by (A44-GLU,41)     -15.08439152.
  Rotamer (A44-GLH,26) self-energy      84.78104908 pruned by (A44-GLU,41)     -15.08439152.
  Rotamer (A44-GLH,27) self-energy   11614.29104313 pruned by (A44-GLU,41)     -15.08439152.
  Rotamer (A44-GLH,28) self-energy      73.07614570 pruned by (A44-GLU,41)     -15.08439152.
  Rotamer (A44-GLH,29) self-energy      71.97273609 pruned by (A44-GLU,41)     -15.08439152.
  Rotamer (A44-GLH,30) self-energy      97.74964924 pruned by (A44-GLU,41)     -15.08439152.
  Rotamer (A44-GLH,31) self-energy    2966.98029753 pruned by (A44-GLU,41)     -15.08439152.
  Rotamer (A44-GLH,32) self-energy      70.74771778 pruned by (A44-GLU,41)     -15.08439152.
  Rotamer (A44-GLH,33) self-energy      68.42716193 pruned by (A44-GLU,41)     -15.08439152.
  Rotamer (A44-GLU,35) self-energy   12654.40995243 pruned by (A44-GLU,41)     -15.08439152.
  Rotamer (A44-GLU,39) self-energy   11260.26466675 pruned by (A44-GLU,41)     -15.08439152.
  Rotamer (A47-LYD, 2) self-energy     177.28957305 pruned by (A47-LYS, 0)     -18.27827675.
  Rotamer (A47-LYD, 3) self-energy     323.67377974 pruned by (A47-LYS, 0)     -18.27827675.
  Rotamer (A47-LYD, 4) self-energy     331.40541243 pruned by (A47-LYS, 0)     -18.27827675.
  Rotamer (A47-LYD, 5) self-energy    5271.57316995 pruned by (A47-LYS, 0)     -18.27827675.
  Rotamer (A47-LYD, 6) self-energy     111.06348902 pruned by (A47-LYS, 0)     -18.27827675.
  Rotamer (A47-LYD,17) self-energy      56.94731392 pruned by (A47-LYS, 0)     -18.27827675.
  Rotamer (A47-LYD,18) self-energy      51.49544021 pruned by (A47-LYS, 0)     -18.27827675.
  Rotamer (A47-LYD,19) self-energy       6.79078522 pruned by (A47-LYS, 0)     -18.27827675.
  Rotamer (A47-LYD,20) self-energy       7.03992555 pruned by (A47-LYS, 0)     -18.27827675.
  Rotamer (A47-LYD,22) self-energy       7.25883203 pruned by (A47-LYS, 0)     -18.27827675.
  Rotamer (A47-LYD,23) self-energy      45.94783846 pruned by (A47-LYS, 0)     -18.27827675.
  Rotamer (A47-LYD,24) self-energy     432.53921417 pruned by (A47-LYS, 0)     -18.27827675.
  Rotamer (A47-LYD,25) self-energy      17.97183798 pruned by (A47-LYS, 0)     -18.27827675.
  Rotamer (A47-LYD,26) self-energy      17.08719859 pruned by (A47-LYS, 0)     -18.27827675.
  Rotamer (A47-LYD,27) self-energy      18.58295872 pruned by (A47-LYS, 0)     -18.27827675.
  Rotamer (A47-LYD,28) self-energy      18.81152661 pruned by (A47-LYS, 0)     -18.27827675.
  Rotamer (A47-LYS,29) self-energy     168.15417192 pruned by (A47-LYS, 0)     -18.27827675.
  Rotamer (A47-LYS,31) self-energy     322.86504275 pruned by (A47-LYS, 0)     -18.27827675.
  Rotamer (A47-LYS,32) self-energy    5905.52126877 pruned by (A47-LYS, 0)     -18.27827675.
  Rotamer (A47-LYS,33) self-energy     101.06762807 pruned by (A47-LYS, 0)     -18.27827675.
  Rotamer (A47-LYS,44) self-energy      48.47368229 pruned by (A47-LYS, 0)     -18.27827675.
  Rotamer (A47-LYS,45) self-energy      45.17457839 pruned by (A47-LYS, 0)     -18.27827675.
  Rotamer (A47-LYS,50) self-energy      35.90529519 pruned by (A47-LYS, 0)     -18.27827675.
  Rotamer (A47-LYS,51) self-energy     424.49750770 pruned by (A47-LYS, 0)     -18.27827675.
  Rotamer (A47-LYS,52) self-energy       7.40402164 pruned by (A47-LYS, 0)     -18.27827675.
  Rotamer (A47-LYS,54) self-energy       7.17758583 pruned by (A47-LYS, 0)     -18.27827675.
  Rotamer (A47-LYS,55) self-energy       7.06619283 pruned by (A47-LYS, 0)     -18.27827675.
  Rotamer (A48-GLH, 1) self-energy      58.94406470 pruned by (A48-GLU, 0)     -14.61540611.
  Rotamer (A48-GLH, 2) self-energy   12199.03879605 pruned by (A48-GLU, 0)     -14.61540611.
  Rotamer (A48-GLH, 3) self-energy   50215.17393107 pruned by (A48-GLU, 0)     -14.61540611.
  Rotamer (A48-GLH, 4) self-energy    1076.27642688 pruned by (A48-GLU, 0)     -14.61540611.
  Rotamer (A48-GLH, 5) self-energy    1790.91637462 pruned by (A48-GLU, 0)     -14.61540611.
  Rotamer (A48-GLH, 6) self-energy    2020.50300869 pruned by (A48-GLU, 0)     -14.61540611.
  Rotamer (A48-GLH, 7) self-energy   10575.26699383 pruned by (A48-GLU, 0)     -14.61540611.
  Rotamer (A48-GLH, 8) self-energy      60.91801369 pruned by (A48-GLU, 0)     -14.61540611.
  Rotamer (A48-GLH, 9) self-energy      56.79537838 pruned by (A48-GLU, 0)     -14.61540611.
  Rotamer (A48-GLH,10) self-energy    4361.75144099 pruned by (A48-GLU, 0)     -14.61540611.
  Rotamer (A48-GLH,11) self-energy   25292.11391533 pruned by (A48-GLU, 0)     -14.61540611.
  Rotamer (A48-GLH,12) self-energy     863.23034102 pruned by (A48-GLU, 0)     -14.61540611.
  Rotamer (A48-GLH,13) self-energy    1546.91243570 pruned by (A48-GLU, 0)     -14.61540611.
  Rotamer (A48-GLH,14) self-energy    1016.13025048 pruned by (A48-GLU, 0)     -14.61540611.
  Rotamer (A48-GLH,15) self-energy   38369.59936442 pruned by (A48-GLU, 0)     -14.61540611.
  Rotamer (A48-GLH,16) self-energy      71.94645202 pruned by (A48-GLU, 0)     -14.61540611.
  Rotamer (A48-GLH,17) self-energy      64.28025185 pruned by (A48-GLU, 0)     -14.61540611.
  Rotamer (A48-GLH,18) self-energy    5148.17593458 pruned by (A48-GLU, 0)     -14.61540611.
  Rotamer (A48-GLH,19) self-energy   45112.40335528 pruned by (A48-GLU, 0)     -14.61540611.
  Rotamer (A48-GLH,20) self-energy    6984.42462839 pruned by (A48-GLU, 0)     -14.61540611.
  Rotamer (A48-GLH,21) self-energy    9051.43961156 pruned by (A48-GLU, 0)     -14.61540611.
  Rotamer (A48-GLH,22) self-energy    9262.20824003 pruned by (A48-GLU, 0)     -14.61540611.
  Rotamer (A48-GLH,23) self-energy   10578.36452827 pruned by (A48-GLU, 0)     -14.61540611.
  Rotamer (A48-GLH,24) self-energy      64.51852174 pruned by (A48-GLU, 0)     -14.61540611.
  Rotamer (A48-GLH,25) self-energy      61.06082799 pruned by (A48-GLU, 0)     -14.61540611.
  Rotamer (A48-GLH,26) self-energy    4376.47574114 pruned by (A48-GLU, 0)     -14.61540611.
  Rotamer (A48-GLH,27) self-energy   24814.40685728 pruned by (A48-GLU, 0)     -14.61540611.
  Rotamer (A48-GLH,28) self-energy     880.99494191 pruned by (A48-GLU, 0)     -14.61540611.
  Rotamer (A48-GLH,29) self-energy    1538.13850129 pruned by (A48-GLU, 0)     -14.61540611.
  Rotamer (A48-GLH,30) self-energy     965.93437413 pruned by (A48-GLU, 0)     -14.61540611.
  Rotamer (A48-GLH,31) self-energy    3313.36440103 pruned by (A48-GLU, 0)     -14.61540611.
  Rotamer (A48-GLH,32) self-energy      90.94710525 pruned by (A48-GLU, 0)     -14.61540611.
  Rotamer (A48-GLH,33) self-energy     102.28818661 pruned by (A48-GLU, 0)     -14.61540611.
  Rotamer (A48-GLU,34) self-energy    4949.67927102 pruned by (A48-GLU, 0)     -14.61540611.
  Rotamer (A48-GLU,35) self-energy   32781.35986228 pruned by (A48-GLU, 0)     -14.61540611.
  Rotamer (A48-GLU,36) self-energy    1043.72729952 pruned by (A48-GLU, 0)     -14.61540611.
  Rotamer (A48-GLU,37) self-energy    1927.18093924 pruned by (A48-GLU, 0)     -14.61540611.
  Rotamer (A48-GLU,38) self-energy    1072.63502652 pruned by (A48-GLU, 0)     -14.61540611.
  Rotamer (A48-GLU,39) self-energy   13987.74658104 pruned by (A48-GLU, 0)     -14.61540611.
  Rotamer (A50-LYD, 2) self-energy      41.73699105 pruned by (A50-LYS,40)     -19.41586181.
  Rotamer (A50-LYD, 3) self-energy      66.98457632 pruned by (A50-LYS,40)     -19.41586181.
  Rotamer (A50-LYD, 4) self-energy      68.77922259 pruned by (A50-LYS,40)     -19.41586181.
  Rotamer (A50-LYD, 5) self-energy    1028.79184137 pruned by (A50-LYS,40)     -19.41586181.
  Rotamer (A50-LYD, 6) self-energy      31.37932803 pruned by (A50-LYS,40)     -19.41586181.
  Rotamer (A50-LYD,17) self-energy     241.24905949 pruned by (A50-LYS,40)     -19.41586181.
  Rotamer (A50-LYD,18) self-energy      42.58170069 pruned by (A50-LYS,40)     -19.41586181.
  Rotamer (A50-LYD,24) self-energy      61.10457396 pruned by (A50-LYS,40)     -19.41586181.
  Rotamer (A50-LYD,25) self-energy      33.75123875 pruned by (A50-LYS,40)     -19.41586181.
  Rotamer (A50-LYD,26) self-energy      39.92934549 pruned by (A50-LYS,40)     -19.41586181.
  Rotamer (A50-LYD,27) self-energy     424.01654128 pruned by (A50-LYS,40)     -19.41586181.
  Rotamer (A50-LYD,28) self-energy       9.76155828 pruned by (A50-LYS,40)     -19.41586181.
  Rotamer (A50-LYS,29) self-energy      31.28765105 pruned by (A50-LYS,40)     -19.41586181.
  Rotamer (A50-LYS,31) self-energy      57.73982957 pruned by (A50-LYS,40)     -19.41586181.
  Rotamer (A50-LYS,32) self-energy    1274.12159057 pruned by (A50-LYS,40)     -19.41586181.
  Rotamer (A50-LYS,33) self-energy      20.15229350 pruned by (A50-LYS,40)     -19.41586181.
  Rotamer (A50-LYS,44) self-energy     236.64388659 pruned by (A50-LYS,40)     -19.41586181.
  Rotamer (A50-LYS,45) self-energy      35.53828813 pruned by (A50-LYS,40)     -19.41586181.
  Rotamer (A50-LYS,51) self-energy      50.45960278 pruned by (A50-LYS,40)     -19.41586181.
  Rotamer (A50-LYS,52) self-energy      24.18388194 pruned by (A50-LYS,40)     -19.41586181.
  Rotamer (A50-LYS,53) self-energy      30.08570097 pruned by (A50-LYS,40)     -19.41586181.
  Rotamer (A50-LYS,54) self-energy    3170.12550892 pruned by (A50-LYS,40)     -19.41586181.
  Rotamer (A53-LYD, 2) self-energy    3761.14001083 pruned by (A53-LYS,38)     -16.44461946.
  Rotamer (A53-LYD, 3) self-energy     167.14970686 pruned by (A53-LYS,38)     -16.44461946.
  Rotamer (A53-LYD, 4) self-energy     159.57236750 pruned by (A53-LYS,38)     -16.44461946.
  Rotamer (A53-LYD, 5) self-energy    8454.53755883 pruned by (A53-LYS,38)     -16.44461946.
  Rotamer (A53-LYD, 6) self-energy      13.62287292 pruned by (A53-LYS,38)     -16.44461946.
  Rotamer (A53-LYD, 7) self-energy     338.38979730 pruned by (A53-LYS,38)     -16.44461946.
  Rotamer (A53-LYD, 8) self-energy     381.98975857 pruned by (A53-LYS,38)     -16.44461946.
  Rotamer (A53-LYD, 9) self-energy     116.39015131 pruned by (A53-LYS,38)     -16.44461946.
  Rotamer (A53-LYD,12) self-energy      67.17740535 pruned by (A53-LYS,38)     -16.44461946.
  Rotamer (A53-LYD,15) self-energy     311.99265097 pruned by (A53-LYS,38)     -16.44461946.
  Rotamer (A53-LYD,16) self-energy    1491.83275730 pruned by (A53-LYS,38)     -16.44461946.
  Rotamer (A53-LYD,17) self-energy    3952.20979710 pruned by (A53-LYS,38)     -16.44461946.
  Rotamer (A53-LYD,18) self-energy     134.35009704 pruned by (A53-LYS,38)     -16.44461946.
  Rotamer (A53-LYD,19) self-energy     160.86834917 pruned by (A53-LYS,38)     -16.44461946.
  Rotamer (A53-LYD,20) self-energy     500.08355563 pruned by (A53-LYS,38)     -16.44461946.
  Rotamer (A53-LYD,21) self-energy     637.42299633 pruned by (A53-LYS,38)     -16.44461946.
  Rotamer (A53-LYD,22) self-energy   12109.48738588 pruned by (A53-LYS,38)     -16.44461946.
  Rotamer (A53-LYD,23) self-energy    4391.32191352 pruned by (A53-LYS,38)     -16.44461946.
  Rotamer (A53-LYD,24) self-energy     148.85449513 pruned by (A53-LYS,38)     -16.44461946.
  Rotamer (A53-LYD,25) self-energy  658248.50687656 pruned by (A53-LYS,38)     -16.44461946.
  Rotamer (A53-LYD,26) self-energy   50125.75704268 pruned by (A53-LYS,38)     -16.44461946.
  Rotamer (A53-LYD,27) self-energy    4068.09045772 pruned by (A53-LYS,38)     -16.44461946.
  Rotamer (A53-LYD,28) self-energy     531.50767415 pruned by (A53-LYS,38)     -16.44461946.
  Rotamer (A53-LYS,29) self-energy    3733.76563960 pruned by (A53-LYS,38)     -16.44461946.
  Rotamer (A53-LYS,30) self-energy   35150.93467784 pruned by (A53-LYS,38)     -16.44461946.
  Rotamer (A53-LYS,31) self-energy     149.87755324 pruned by (A53-LYS,38)     -16.44461946.
  Rotamer (A53-LYS,32) self-energy    8524.35182071 pruned by (A53-LYS,38)     -16.44461946.
  Rotamer (A53-LYS,34) self-energy     328.82942795 pruned by (A53-LYS,38)     -16.44461946.
  Rotamer (A53-LYS,35) self-energy    1088.95771493 pruned by (A53-LYS,38)     -16.44461946.
  Rotamer (A53-LYS,36) self-energy     157.93373144 pruned by (A53-LYS,38)     -16.44461946.
  Rotamer (A53-LYS,39) self-energy      58.95144623 pruned by (A53-LYS,38)     -16.44461946.
  Rotamer (A53-LYS,42) self-energy     300.49757884 pruned by (A53-LYS,38)     -16.44461946.
  Rotamer (A53-LYS,43) self-energy    1779.42216723 pruned by (A53-LYS,38)     -16.44461946.
  Rotamer (A53-LYS,44) self-energy    7049.17840574 pruned by (A53-LYS,38)     -16.44461946.
  Rotamer (A53-LYS,45) self-energy     128.33013310 pruned by (A53-LYS,38)     -16.44461946.
  Rotamer (A53-LYS,46) self-energy     259.28434356 pruned by (A53-LYS,38)     -16.44461946.
  Rotamer (A53-LYS,47) self-energy     507.34615750 pruned by (A53-LYS,38)     -16.44461946.
  Rotamer (A53-LYS,48) self-energy     649.97615306 pruned by (A53-LYS,38)     -16.44461946.
  Rotamer (A53-LYS,49) self-energy   26544.08779179 pruned by (A53-LYS,38)     -16.44461946.
  Rotamer (A53-LYS,50) self-energy    4411.13662146 pruned by (A53-LYS,38)     -16.44461946.
  Rotamer (A53-LYS,51) self-energy     152.45196948 pruned by (A53-LYS,38)     -16.44461946.
  Rotamer (A53-LYS,52) self-energy  657320.05940633 pruned by (A53-LYS,38)     -16.44461946.
  Rotamer (A53-LYS,53) self-energy   50230.78955941 pruned by (A53-LYS,38)     -16.44461946.
  Rotamer (A53-LYS,54) self-energy    4233.13100717 pruned by (A53-LYS,38)     -16.44461946.
  Rotamer (A53-LYS,55) self-energy     525.09071612 pruned by (A53-LYS,38)     -16.44461946.
  Rotamer (A55-GLH, 1) self-energy      55.98694264 pruned by (A55-GLU,41)     -13.59738989.
  Rotamer (A55-GLH, 2) self-energy     918.31834903 pruned by (A55-GLU,41)     -13.59738989.
  Rotamer (A55-GLH, 3) self-energy     841.26684390 pruned by (A55-GLU,41)     -13.59738989.
  Rotamer (A55-GLH, 4) self-energy      55.85201440 pruned by (A55-GLU,41)     -13.59738989.
  Rotamer (A55-GLH, 5) self-energy      53.62234555 pruned by (A55-GLU,41)     -13.59738989.
  Rotamer (A55-GLH, 6) self-energy      57.45364687 pruned by (A55-GLU,41)     -13.59738989.
  Rotamer (A55-GLH, 7) self-energy     205.87241858 pruned by (A55-GLU,41)     -13.59738989.
  Rotamer (A55-GLH, 8) self-energy      50.13854976 pruned by (A55-GLU,41)     -13.59738989.
  Rotamer (A55-GLH, 9) self-energy      51.76676387 pruned by (A55-GLU,41)     -13.59738989.
  Rotamer (A55-GLH,10) self-energy     464.19495380 pruned by (A55-GLU,41)     -13.59738989.
  Rotamer (A55-GLH,11) self-energy     864.44145900 pruned by (A55-GLU,41)     -13.59738989.
  Rotamer (A55-GLH,12) self-energy      58.27690306 pruned by (A55-GLU,41)     -13.59738989.
  Rotamer (A55-GLH,13) self-energy      56.66902038 pruned by (A55-GLU,41)     -13.59738989.
  Rotamer (A55-GLH,14) self-energy      74.00537577 pruned by (A55-GLU,41)     -13.59738989.
  Rotamer (A55-GLH,15) self-energy     208.48755291 pruned by (A55-GLU,41)     -13.59738989.
  Rotamer (A55-GLH,16) self-energy      53.47020371 pruned by (A55-GLU,41)     -13.59738989.
  Rotamer (A55-GLH,17) self-energy      54.35716799 pruned by (A55-GLU,41)     -13.59738989.
  Rotamer (A55-GLH,18) self-energy     979.38555010 pruned by (A55-GLU,41)     -13.59738989.
  Rotamer (A55-GLH,19) self-energy     661.77568095 pruned by (A55-GLU,41)     -13.59738989.
  Rotamer (A55-GLH,20) self-energy      59.94597150 pruned by (A55-GLU,41)     -13.59738989.
  Rotamer (A55-GLH,21) self-energy      57.36052968 pruned by (A55-GLU,41)     -13.59738989.
  Rotamer (A55-GLH,22) self-energy      60.52007692 pruned by (A55-GLU,41)     -13.59738989.
  Rotamer (A55-GLH,23) self-energy     205.48408720 pruned by (A55-GLU,41)     -13.59738989.
  Rotamer (A55-GLH,24) self-energy      53.73704454 pruned by (A55-GLU,41)     -13.59738989.
  Rotamer (A55-GLH,25) self-energy      56.25466728 pruned by (A55-GLU,41)     -13.59738989.
  Rotamer (A55-GLH,26) self-energy     482.51348808 pruned by (A55-GLU,41)     -13.59738989.
  Rotamer (A55-GLH,27) self-energy     858.50165012 pruned by (A55-GLU,41)     -13.59738989.
  Rotamer (A55-GLH,28) self-energy      76.44942876 pruned by (A55-GLU,41)     -13.59738989.
  Rotamer (A55-GLH,29) self-energy      74.28090883 pruned by (A55-GLU,41)     -13.59738989.
  Rotamer (A55-GLH,30) self-energy      96.47059115 pruned by (A55-GLU,41)     -13.59738989.
  Rotamer (A55-GLH,31) self-energy     174.56024044 pruned by (A55-GLU,41)     -13.59738989.
  Rotamer (A55-GLH,32) self-energy      71.57939312 pruned by (A55-GLU,41)     -13.59738989.
  Rotamer (A55-GLH,33) self-energy      69.11010635 pruned by (A55-GLU,41)     -13.59738989.
  Rotamer (A55-GLU,34) self-energy     679.29767846 pruned by (A55-GLU,41)     -13.59738989.
  Rotamer (A55-GLU,35) self-energy     757.49731632 pruned by (A55-GLU,41)     -13.59738989.
  Rotamer (A55-GLU,39) self-energy     168.86483429 pruned by (A55-GLU,41)     -13.59738989.
  Rotamer (A57-GLH, 1) self-energy      62.03164673 pruned by (A57-GLU, 0)     -11.41556641.
  Rotamer (A57-GLH, 2) self-energy      71.29654170 pruned by (A57-GLU, 0)     -11.41556641.
  Rotamer (A57-GLH, 3) self-energy    2267.77166396 pruned by (A57-GLU, 0)     -11.41556641.
  Rotamer (A57-GLH, 4) self-energy      57.75010541 pruned by (A57-GLU, 0)     -11.41556641.
  Rotamer (A57-GLH, 5) self-energy      56.40222370 pruned by (A57-GLU, 0)     -11.41556641.
  Rotamer (A57-GLH, 6) self-energy      58.61333010 pruned by (A57-GLU, 0)     -11.41556641.
  Rotamer (A57-GLH, 7) self-energy     162.40051408 pruned by (A57-GLU, 0)     -11.41556641.
  Rotamer (A57-GLH, 8) self-energy      52.11818393 pruned by (A57-GLU, 0)     -11.41556641.
  Rotamer (A57-GLH, 9) self-energy      84.68304484 pruned by (A57-GLU, 0)     -11.41556641.
  Rotamer (A57-GLH,10) self-energy      74.17388850 pruned by (A57-GLU, 0)     -11.41556641.
  Rotamer (A57-GLH,11) self-energy    4538.53944752 pruned by (A57-GLU, 0)     -11.41556641.
  Rotamer (A57-GLH,12) self-energy      60.27245523 pruned by (A57-GLU, 0)     -11.41556641.
  Rotamer (A57-GLH,13) self-energy      59.35027731 pruned by (A57-GLU, 0)     -11.41556641.
  Rotamer (A57-GLH,14) self-energy      66.52881480 pruned by (A57-GLU, 0)     -11.41556641.
  Rotamer (A57-GLH,15) self-energy     250.71361017 pruned by (A57-GLU, 0)     -11.41556641.
  Rotamer (A57-GLH,16) self-energy      55.38783693 pruned by (A57-GLU, 0)     -11.41556641.
  Rotamer (A57-GLH,17) self-energy      91.13661657 pruned by (A57-GLU, 0)     -11.41556641.
  Rotamer (A57-GLH,18) self-energy      76.33850158 pruned by (A57-GLU, 0)     -11.41556641.
  Rotamer (A57-GLH,19) self-energy    1510.81010695 pruned by (A57-GLU, 0)     -11.41556641.
  Rotamer (A57-GLH,20) self-energy      61.54128130 pruned by (A57-GLU, 0)     -11.41556641.
  Rotamer (A57-GLH,21) self-energy      60.12054029 pruned by (A57-GLU, 0)     -11.41556641.
  Rotamer (A57-GLH,22) self-energy      62.59042417 pruned by (A57-GLU, 0)     -11.41556641.
  Rotamer (A57-GLH,23) self-energy     137.88845570 pruned by (A57-GLU, 0)     -11.41556641.
  Rotamer (A57-GLH,24) self-energy      56.02882583 pruned by (A57-GLU, 0)     -11.41556641.
  Rotamer (A57-GLH,25) self-energy      76.56276869 pruned by (A57-GLU, 0)     -11.41556641.
  Rotamer (A57-GLH,26) self-energy      92.61939422 pruned by (A57-GLU, 0)     -11.41556641.
  Rotamer (A57-GLH,27) self-energy    4535.10087757 pruned by (A57-GLU, 0)     -11.41556641.
  Rotamer (A57-GLH,28) self-energy      78.50044736 pruned by (A57-GLU, 0)     -11.41556641.
  Rotamer (A57-GLH,29) self-energy      76.88663380 pruned by (A57-GLU, 0)     -11.41556641.
  Rotamer (A57-GLH,30) self-energy      96.24167173 pruned by (A57-GLU, 0)     -11.41556641.
  Rotamer (A57-GLH,31) self-energy     182.72717251 pruned by (A57-GLU, 0)     -11.41556641.
  Rotamer (A57-GLH,32) self-energy      73.37259183 pruned by (A57-GLU, 0)     -11.41556641.
  Rotamer (A57-GLH,33) self-energy     105.45516495 pruned by (A57-GLU, 0)     -11.41556641.
  Rotamer (A57-GLU,35) self-energy    2832.46190351 pruned by (A57-GLU, 0)     -11.41556641.
  Rotamer (A57-GLU,39) self-energy      86.14257346 pruned by (A57-GLU, 0)     -11.41556641.
  Rotamer (A57-GLU,41) self-energy      28.00152331 pruned by (A57-GLU, 0)     -11.41556641.
  Rotamer (A58-GLH, 1) self-energy      55.15349414 pruned by (A58-GLU, 0)     -14.02752708.
  Rotamer (A58-GLH, 2) self-energy      66.98336096 pruned by (A58-GLU, 0)     -14.02752708.
  Rotamer (A58-GLH, 3) self-energy     378.67670198 pruned by (A58-GLU, 0)     -14.02752708.
  Rotamer (A58-GLH, 4) self-energy      56.72871994 pruned by (A58-GLU, 0)     -14.02752708.
  Rotamer (A58-GLH, 5) self-energy      54.56161331 pruned by (A58-GLU, 0)     -14.02752708.
  Rotamer (A58-GLH, 6) self-energy     104.20122631 pruned by (A58-GLU, 0)     -14.02752708.
  Rotamer (A58-GLH, 7) self-energy      58.33933770 pruned by (A58-GLU, 0)     -14.02752708.
  Rotamer (A58-GLH, 8) self-energy      49.64935737 pruned by (A58-GLU, 0)     -14.02752708.
  Rotamer (A58-GLH, 9) self-energy      50.98353536 pruned by (A58-GLU, 0)     -14.02752708.
  Rotamer (A58-GLH,10) self-energy      70.38481965 pruned by (A58-GLU, 0)     -14.02752708.
  Rotamer (A58-GLH,11) self-energy     606.84674397 pruned by (A58-GLU, 0)     -14.02752708.
  Rotamer (A58-GLH,12) self-energy      59.02972016 pruned by (A58-GLU, 0)     -14.02752708.
  Rotamer (A58-GLH,13) self-energy      57.53508655 pruned by (A58-GLU, 0)     -14.02752708.
  Rotamer (A58-GLH,14) self-energy     134.42270748 pruned by (A58-GLU, 0)     -14.02752708.
  Rotamer (A58-GLH,15) self-energy      73.07864998 pruned by (A58-GLU, 0)     -14.02752708.
  Rotamer (A58-GLH,16) self-energy      52.95927834 pruned by (A58-GLU, 0)     -14.02752708.
  Rotamer (A58-GLH,17) self-energy      53.52662965 pruned by (A58-GLU, 0)     -14.02752708.
  Rotamer (A58-GLH,18) self-energy      70.50777178 pruned by (A58-GLU, 0)     -14.02752708.
  Rotamer (A58-GLH,19) self-energy     365.19574117 pruned by (A58-GLU, 0)     -14.02752708.
  Rotamer (A58-GLH,20) self-energy      60.63482107 pruned by (A58-GLU, 0)     -14.02752708.
  Rotamer (A58-GLH,21) self-energy      58.26162512 pruned by (A58-GLU, 0)     -14.02752708.
  Rotamer (A58-GLH,22) self-energy     107.38533561 pruned by (A58-GLU, 0)     -14.02752708.
  Rotamer (A58-GLH,23) self-energy      62.36767590 pruned by (A58-GLU, 0)     -14.02752708.
  Rotamer (A58-GLH,24) self-energy      53.31649528 pruned by (A58-GLU, 0)     -14.02752708.
  Rotamer (A58-GLH,25) self-energy      55.43627334 pruned by (A58-GLU, 0)     -14.02752708.
  Rotamer (A58-GLH,26) self-energy      88.77450338 pruned by (A58-GLU, 0)     -14.02752708.
  Rotamer (A58-GLH,27) self-energy     608.96563575 pruned by (A58-GLU, 0)     -14.02752708.
  Rotamer (A58-GLH,28) self-energy      77.12114950 pruned by (A58-GLU, 0)     -14.02752708.
  Rotamer (A58-GLH,29) self-energy      75.04368313 pruned by (A58-GLU, 0)     -14.02752708.
  Rotamer (A58-GLH,30) self-energy     121.92177870 pruned by (A58-GLU, 0)     -14.02752708.
  Rotamer (A58-GLH,31) self-energy     103.32381711 pruned by (A58-GLU, 0)     -14.02752708.
  Rotamer (A58-GLH,32) self-energy      71.12170708 pruned by (A58-GLU, 0)     -14.02752708.
  Rotamer (A58-GLH,33) self-energy      68.11436405 pruned by (A58-GLU, 0)     -14.02752708.
  Rotamer (A58-GLU,35) self-energy     460.92477330 pruned by (A58-GLU, 0)     -14.02752708.
  Rotamer (A58-GLU,38) self-energy      50.50234090 pruned by (A58-GLU, 0)     -14.02752708.
  Rotamer (A65-GLH, 1) self-energy      57.66776016 pruned by (A65-GLU, 0)     -15.87605242.
  Rotamer (A65-GLH, 2) self-energy      52.09348144 pruned by (A65-GLU, 0)     -15.87605242.
  Rotamer (A65-GLH, 3) self-energy      61.49154622 pruned by (A65-GLU, 0)     -15.87605242.
  Rotamer (A65-GLH, 4) self-energy      73.10226493 pruned by (A65-GLU, 0)     -15.87605242.
  Rotamer (A65-GLH, 5) self-energy      55.07938341 pruned by (A65-GLU, 0)     -15.87605242.
  Rotamer (A65-GLH, 6) self-energy      56.58221315 pruned by (A65-GLU, 0)     -15.87605242.
  Rotamer (A65-GLH, 7) self-energy     605.92184147 pruned by (A65-GLU, 0)     -15.87605242.
  Rotamer (A65-GLH, 8) self-energy      60.73652867 pruned by (A65-GLU, 0)     -15.87605242.
  Rotamer (A65-GLH, 9) self-energy     422.50605621 pruned by (A65-GLU, 0)     -15.87605242.
  Rotamer (A65-GLH,10) self-energy      55.46612879 pruned by (A65-GLU, 0)     -15.87605242.
  Rotamer (A65-GLH,11) self-energy     104.45722100 pruned by (A65-GLU, 0)     -15.87605242.
  Rotamer (A65-GLH,12) self-energy      71.94755792 pruned by (A65-GLU, 0)     -15.87605242.
  Rotamer (A65-GLH,13) self-energy      58.05360869 pruned by (A65-GLU, 0)     -15.87605242.
  Rotamer (A65-GLH,14) self-energy      62.17895630 pruned by (A65-GLU, 0)     -15.87605242.
  Rotamer (A65-GLH,15) self-energy     202.34244723 pruned by (A65-GLU, 0)     -15.87605242.
  Rotamer (A65-GLH,16) self-energy      63.78336686 pruned by (A65-GLU, 0)     -15.87605242.
  Rotamer (A65-GLH,17) self-energy     943.49333442 pruned by (A65-GLU, 0)     -15.87605242.
  Rotamer (A65-GLH,18) self-energy      56.01735037 pruned by (A65-GLU, 0)     -15.87605242.
  Rotamer (A65-GLH,19) self-energy      65.19299337 pruned by (A65-GLU, 0)     -15.87605242.
  Rotamer (A65-GLH,20) self-energy      76.83266887 pruned by (A65-GLU, 0)     -15.87605242.
  Rotamer (A65-GLH,21) self-energy      58.94568756 pruned by (A65-GLU, 0)     -15.87605242.
  Rotamer (A65-GLH,22) self-energy      60.79536681 pruned by (A65-GLU, 0)     -15.87605242.
  Rotamer (A65-GLH,23) self-energy     773.33382448 pruned by (A65-GLU, 0)     -15.87605242.
  Rotamer (A65-GLH,24) self-energy      72.22506364 pruned by (A65-GLU, 0)     -15.87605242.
  Rotamer (A65-GLH,25) self-energy     738.69225884 pruned by (A65-GLU, 0)     -15.87605242.
  Rotamer (A65-GLH,26) self-energy      74.15804489 pruned by (A65-GLU, 0)     -15.87605242.
  Rotamer (A65-GLH,27) self-energy     189.11646085 pruned by (A65-GLU, 0)     -15.87605242.
  Rotamer (A65-GLH,28) self-energy      92.46472011 pruned by (A65-GLU, 0)     -15.87605242.
  Rotamer (A65-GLH,29) self-energy      75.84523021 pruned by (A65-GLU, 0)     -15.87605242.
  Rotamer (A65-GLH,30) self-energy      91.47087498 pruned by (A65-GLU, 0)     -15.87605242.
  Rotamer (A65-GLH,31) self-energy     234.20042388 pruned by (A65-GLU, 0)     -15.87605242.
  Rotamer (A65-GLH,32) self-energy      81.91238737 pruned by (A65-GLU, 0)     -15.87605242.
  Rotamer (A65-GLH,33) self-energy     951.42753488 pruned by (A65-GLU, 0)     -15.87605242.
  Rotamer (A65-GLU,36) self-energy      12.31607177 pruned by (A65-GLU, 0)     -15.87605242.
  Rotamer (A65-GLU,39) self-energy     173.08528415 pruned by (A65-GLU, 0)     -15.87605242.
  Rotamer (A65-GLU,41) self-energy    1178.18916406 pruned by (A65-GLU, 0)     -15.87605242.
  Rotamer (A66-GLH, 1) self-energy      57.66264997 pruned by (A66-GLU,41)     -15.56712777.
  Rotamer (A66-GLH, 2) self-energy      52.26077087 pruned by (A66-GLU,41)     -15.56712777.
  Rotamer (A66-GLH, 3) self-energy      61.64118645 pruned by (A66-GLU,41)     -15.56712777.
  Rotamer (A66-GLH, 4) self-energy      53.76457309 pruned by (A66-GLU,41)     -15.56712777.
  Rotamer (A66-GLH, 5) self-energy      51.86020961 pruned by (A66-GLU,41)     -15.56712777.
  Rotamer (A66-GLH, 6) self-energy      52.56184666 pruned by (A66-GLU,41)     -15.56712777.
  Rotamer (A66-GLH, 7) self-energy      53.33231692 pruned by (A66-GLU,41)     -15.56712777.
  Rotamer (A66-GLH, 8) self-energy      48.80623726 pruned by (A66-GLU,41)     -15.56712777.
  Rotamer (A66-GLH, 9) self-energy      50.16078142 pruned by (A66-GLU,41)     -15.56712777.
  Rotamer (A66-GLH,10) self-energy      55.62410129 pruned by (A66-GLU,41)     -15.56712777.
  Rotamer (A66-GLH,11) self-energy      93.01042520 pruned by (A66-GLU,41)     -15.56712777.
  Rotamer (A66-GLH,12) self-energy      56.05900050 pruned by (A66-GLU,41)     -15.56712777.
  Rotamer (A66-GLH,13) self-energy      54.75461229 pruned by (A66-GLU,41)     -15.56712777.
  Rotamer (A66-GLH,14) self-energy      60.85088283 pruned by (A66-GLU,41)     -15.56712777.
  Rotamer (A66-GLH,15) self-energy      58.24345226 pruned by (A66-GLU,41)     -15.56712777.
  Rotamer (A66-GLH,16) self-energy      52.12214270 pruned by (A66-GLU,41)     -15.56712777.
  Rotamer (A66-GLH,17) self-energy      52.91394606 pruned by (A66-GLU,41)     -15.56712777.
  Rotamer (A66-GLH,18) self-energy      56.36002785 pruned by (A66-GLU,41)     -15.56712777.
  Rotamer (A66-GLH,19) self-energy      65.44414286 pruned by (A66-GLU,41)     -15.56712777.
  Rotamer (A66-GLH,20) self-energy      58.74948068 pruned by (A66-GLU,41)     -15.56712777.
  Rotamer (A66-GLH,21) self-energy      56.15756226 pruned by (A66-GLU,41)     -15.56712777.
  Rotamer (A66-GLH,22) self-energy      57.76605037 pruned by (A66-GLU,41)     -15.56712777.
  Rotamer (A66-GLH,23) self-energy      57.00485394 pruned by (A66-GLU,41)     -15.56712777.
  Rotamer (A66-GLH,24) self-energy      52.53567980 pruned by (A66-GLU,41)     -15.56712777.
  Rotamer (A66-GLH,25) self-energy      54.61647307 pruned by (A66-GLU,41)     -15.56712777.
  Rotamer (A66-GLH,26) self-energy      74.18632673 pruned by (A66-GLU,41)     -15.56712777.
  Rotamer (A66-GLH,27) self-energy     128.44777043 pruned by (A66-GLU,41)     -15.56712777.
  Rotamer (A66-GLH,28) self-energy      74.15845876 pruned by (A66-GLU,41)     -15.56712777.
  Rotamer (A66-GLH,29) self-energy      72.40808964 pruned by (A66-GLU,41)     -15.56712777.
  Rotamer (A66-GLH,30) self-energy      90.32407952 pruned by (A66-GLU,41)     -15.56712777.
  Rotamer (A66-GLH,31) self-energy      90.12833465 pruned by (A66-GLU,41)     -15.56712777.
  Rotamer (A66-GLH,32) self-energy      70.28380489 pruned by (A66-GLU,41)     -15.56712777.
  Rotamer (A66-GLH,33) self-energy      67.68271264 pruned by (A66-GLU,41)     -15.56712777.
  Rotamer (A73-LYD, 2) self-energy      27.95384308 pruned by (A73-LYS, 0)     -20.51364344.
  Rotamer (A73-LYD, 3) self-energy     700.94910961 pruned by (A73-LYS, 0)     -20.51364344.
  Rotamer (A73-LYD, 4) self-energy    5840.06756973 pruned by (A73-LYS, 0)     -20.51364344.
  Rotamer (A73-LYD, 5) self-energy    4023.00817418 pruned by (A73-LYS, 0)     -20.51364344.
  Rotamer (A73-LYD, 6) self-energy     359.88874332 pruned by (A73-LYS, 0)     -20.51364344.
  Rotamer (A73-LYD,11) self-energy      64.54820330 pruned by (A73-LYS, 0)     -20.51364344.
  Rotamer (A73-LYD,17) self-energy       6.14818547 pruned by (A73-LYS, 0)     -20.51364344.
  Rotamer (A73-LYD,18) self-energy      37.75785964 pruned by (A73-LYS, 0)     -20.51364344.
  Rotamer (A73-LYS,29) self-energy      39.96766001 pruned by (A73-LYS, 0)     -20.51364344.
  Rotamer (A73-LYS,31) self-energy   43243.80838357 pruned by (A73-LYS, 0)     -20.51364344.
  Rotamer (A73-LYS,32) self-energy    4142.25506285 pruned by (A73-LYS, 0)     -20.51364344.
  Rotamer (A73-LYS,33) self-energy     358.14316113 pruned by (A73-LYS, 0)     -20.51364344.
  Rotamer (A73-LYS,38) self-energy      57.37654710 pruned by (A73-LYS, 0)     -20.51364344.
  Rotamer (A73-LYS,45) self-energy      32.00440749 pruned by (A73-LYS, 0)     -20.51364344.
  Rotamer (A74-GLH, 1) self-energy      56.25872017 pruned by (A74-GLU,41)     -14.07345491.
  Rotamer (A74-GLH, 2) self-energy      55.09835393 pruned by (A74-GLU,41)     -14.07345491.
  Rotamer (A74-GLH, 3) self-energy   18269.29602257 pruned by (A74-GLU,41)     -14.07345491.
  Rotamer (A74-GLH, 4) self-energy      53.95645443 pruned by (A74-GLU,41)     -14.07345491.
  Rotamer (A74-GLH, 5) self-energy      52.29493196 pruned by (A74-GLU,41)     -14.07345491.
  Rotamer (A74-GLH, 6) self-energy      54.64280737 pruned by (A74-GLU,41)     -14.07345491.
  Rotamer (A74-GLH, 7) self-energy     783.23887966 pruned by (A74-GLU,41)     -14.07345491.
  Rotamer (A74-GLH, 8) self-energy      50.37097923 pruned by (A74-GLU,41)     -14.07345491.
  Rotamer (A74-GLH, 9) self-energy      52.10879228 pruned by (A74-GLU,41)     -14.07345491.
  Rotamer (A74-GLH,10) self-energy      57.35080222 pruned by (A74-GLU,41)     -14.07345491.
  Rotamer (A74-GLH,11) self-energy    1726.51288927 pruned by (A74-GLU,41)     -14.07345491.
  Rotamer (A74-GLH,12) self-energy      56.71664351 pruned by (A74-GLU,41)     -14.07345491.
  Rotamer (A74-GLH,13) self-energy      55.26706726 pruned by (A74-GLU,41)     -14.07345491.
  Rotamer (A74-GLH,14) self-energy      63.24155844 pruned by (A74-GLU,41)     -14.07345491.
  Rotamer (A74-GLH,15) self-energy    1060.52006252 pruned by (A74-GLU,41)     -14.07345491.
  Rotamer (A74-GLH,16) self-energy      53.67004043 pruned by (A74-GLU,41)     -14.07345491.
  Rotamer (A74-GLH,17) self-energy      54.69177863 pruned by (A74-GLU,41)     -14.07345491.
  Rotamer (A74-GLH,18) self-energy      61.82528276 pruned by (A74-GLU,41)     -14.07345491.
  Rotamer (A74-GLH,19) self-energy     855.59592516 pruned by (A74-GLU,41)     -14.07345491.
  Rotamer (A74-GLH,20) self-energy      57.84113627 pruned by (A74-GLU,41)     -14.07345491.
  Rotamer (A74-GLH,21) self-energy      56.03719740 pruned by (A74-GLU,41)     -14.07345491.
  Rotamer (A74-GLH,22) self-energy      56.32976567 pruned by (A74-GLU,41)     -14.07345491.
  Rotamer (A74-GLH,23) self-energy     778.35539581 pruned by (A74-GLU,41)     -14.07345491.
  Rotamer (A74-GLH,24) self-energy      54.20970750 pruned by (A74-GLU,41)     -14.07345491.
  Rotamer (A74-GLH,25) self-energy      56.73300443 pruned by (A74-GLU,41)     -14.07345491.
  Rotamer (A74-GLH,26) self-energy      75.85142050 pruned by (A74-GLU,41)     -14.07345491.
  Rotamer (A74-GLH,27) self-energy     716.27874253 pruned by (A74-GLU,41)     -14.07345491.
  Rotamer (A74-GLH,28) self-energy      74.81875311 pruned by (A74-GLU,41)     -14.07345491.
  Rotamer (A74-GLH,29) self-energy      72.92889353 pruned by (A74-GLU,41)     -14.07345491.
  Rotamer (A74-GLH,30) self-energy      92.05150540 pruned by (A74-GLU,41)     -14.07345491.
  Rotamer (A74-GLH,31) self-energy     367.81443483 pruned by (A74-GLU,41)     -14.07345491.
  Rotamer (A74-GLH,32) self-energy      71.83008758 pruned by (A74-GLU,41)     -14.07345491.
  Rotamer (A74-GLH,33) self-energy      69.31194932 pruned by (A74-GLU,41)     -14.07345491.
  Rotamer (A74-GLU,35) self-energy     987.03286987 pruned by (A74-GLU,41)     -14.07345491.
  Rotamer (A74-GLU,39) self-energy     918.17016076 pruned by (A74-GLU,41)     -14.07345491.
  Rotamer (A85-ASH, 1) self-energy      58.24998864 pruned by (A85-ASP, 0)     -19.60773912.
  Rotamer (A85-ASH, 2) self-energy     220.08125019 pruned by (A85-ASP, 0)     -19.60773912.
  Rotamer (A85-ASH, 3) self-energy     222.59329003 pruned by (A85-ASP, 0)     -19.60773912.
  Rotamer (A85-ASH, 4) self-energy      68.93478553 pruned by (A85-ASP, 0)     -19.60773912.
  Rotamer (A85-ASH, 5) self-energy      66.28462766 pruned by (A85-ASP, 0)     -19.60773912.
  Rotamer (A85-ASH, 6) self-energy     101.08426061 pruned by (A85-ASP, 0)     -19.60773912.
  Rotamer (A85-ASH, 7) self-energy     392.51742950 pruned by (A85-ASP, 0)     -19.60773912.
  Rotamer (A85-ASH, 8) self-energy     486.51065790 pruned by (A85-ASP, 0)     -19.60773912.
  Rotamer (A85-ASH, 9) self-energy      63.18376850 pruned by (A85-ASP, 0)     -19.60773912.
  Rotamer (A85-ASH,10) self-energy      60.09098370 pruned by (A85-ASP, 0)     -19.60773912.
  Rotamer (A85-ASH,11) self-energy      81.58273721 pruned by (A85-ASP, 0)     -19.60773912.
  Rotamer (A85-ASH,12) self-energy     207.74971466 pruned by (A85-ASP, 0)     -19.60773912.
  Rotamer (A85-ASH,13) self-energy     218.34575174 pruned by (A85-ASP, 0)     -19.60773912.
  Rotamer (A85-ASH,14) self-energy      71.68332025 pruned by (A85-ASP, 0)     -19.60773912.
  Rotamer (A85-ASH,15) self-energy      82.02857346 pruned by (A85-ASP, 0)     -19.60773912.
  Rotamer (A85-ASH,16) self-energy     104.73811647 pruned by (A85-ASP, 0)     -19.60773912.
  Rotamer (A85-ASH,17) self-energy     600.18342317 pruned by (A85-ASP, 0)     -19.60773912.
  Rotamer (A85-ASH,18) self-energy     520.80288965 pruned by (A85-ASP, 0)     -19.60773912.
  Rotamer (A85-ASH,19) self-energy      91.44130379 pruned by (A85-ASP, 0)     -19.60773912.
  Rotamer (A85-ASH,20) self-energy      68.88369604 pruned by (A85-ASP, 0)     -19.60773912.
  Rotamer (A85-ASH,21) self-energy     100.74436774 pruned by (A85-ASP, 0)     -19.60773912.
  Rotamer (A85-ASP,22) self-energy     226.43827384 pruned by (A85-ASP, 0)     -19.60773912.
  Rotamer (A85-ASP,23) self-energy     192.00048532 pruned by (A85-ASP, 0)     -19.60773912.
  Rotamer (A85-ASP,26) self-energy      32.56560759 pruned by (A85-ASP, 0)     -19.60773912.
  Rotamer (A87-GLH, 1) self-energy      57.43670105 pruned by (A87-GLU,37)     -12.94603799.
  Rotamer (A87-GLH, 2) self-energy     132.29905573 pruned by (A87-GLU,37)     -12.94603799.
  Rotamer (A87-GLH, 3) self-energy  253266.56622191 pruned by (A87-GLU,37)     -12.94603799.
  Rotamer (A87-GLH, 4) self-energy      56.50438477 pruned by (A87-GLU,37)     -12.94603799.
  Rotamer (A87-GLH, 5) self-energy      50.98668148 pruned by (A87-GLU,37)     -12.94603799.
  Rotamer (A87-GLH, 6) self-energy      53.03908831 pruned by (A87-GLU,37)     -12.94603799.
  Rotamer (A87-GLH, 7) self-energy    6557.43238829 pruned by (A87-GLU,37)     -12.94603799.
  Rotamer (A87-GLH, 8) self-energy      51.43594594 pruned by (A87-GLU,37)     -12.94603799.
  Rotamer (A87-GLH, 9) self-energy     185.56530843 pruned by (A87-GLU,37)     -12.94603799.
  Rotamer (A87-GLH,10) self-energy     125.37686160 pruned by (A87-GLU,37)     -12.94603799.
  Rotamer (A87-GLH,11) self-energy    4635.62239283 pruned by (A87-GLU,37)     -12.94603799.
  Rotamer (A87-GLH,12) self-energy      60.76308654 pruned by (A87-GLU,37)     -12.94603799.
  Rotamer (A87-GLH,13) self-energy      53.94887922 pruned by (A87-GLU,37)     -12.94603799.
  Rotamer (A87-GLH,14) self-energy      63.46985719 pruned by (A87-GLU,37)     -12.94603799.
  Rotamer (A87-GLH,15) self-energy    1930.54421227 pruned by (A87-GLU,37)     -12.94603799.
  Rotamer (A87-GLH,16) self-energy      54.83998349 pruned by (A87-GLU,37)     -12.94603799.
  Rotamer (A87-GLH,17) self-energy     213.84249265 pruned by (A87-GLU,37)     -12.94603799.
  Rotamer (A87-GLH,18) self-energy     206.41296612 pruned by (A87-GLU,37)     -12.94603799.
  Rotamer (A87-GLH,19) self-energy    4051.41017212 pruned by (A87-GLU,37)     -12.94603799.
  Rotamer (A87-GLH,20) self-energy      60.39956436 pruned by (A87-GLU,37)     -12.94603799.
  Rotamer (A87-GLH,21) self-energy      54.80441135 pruned by (A87-GLU,37)     -12.94603799.
  Rotamer (A87-GLH,22) self-energy      57.03363445 pruned by (A87-GLU,37)     -12.94603799.
  Rotamer (A87-GLH,23) self-energy    6556.47374124 pruned by (A87-GLU,37)     -12.94603799.
  Rotamer (A87-GLH,24) self-energy      54.72256843 pruned by (A87-GLU,37)     -12.94603799.
  Rotamer (A87-GLH,25) self-energy     167.27601439 pruned by (A87-GLU,37)     -12.94603799.
  Rotamer (A87-GLH,26) self-energy     143.85638649 pruned by (A87-GLU,37)     -12.94603799.
  Rotamer (A87-GLH,27) self-energy    4433.24077094 pruned by (A87-GLU,37)     -12.94603799.
  Rotamer (A87-GLH,28) self-energy      77.11856941 pruned by (A87-GLU,37)     -12.94603799.
  Rotamer (A87-GLH,29) self-energy      71.67686581 pruned by (A87-GLU,37)     -12.94603799.
  Rotamer (A87-GLH,30) self-energy      92.62807484 pruned by (A87-GLU,37)     -12.94603799.
  Rotamer (A87-GLH,31) self-energy    1108.66908316 pruned by (A87-GLU,37)     -12.94603799.
  Rotamer (A87-GLH,32) self-energy      73.03002055 pruned by (A87-GLU,37)     -12.94603799.
  Rotamer (A87-GLH,33) self-energy     227.74564491 pruned by (A87-GLU,37)     -12.94603799.
  Rotamer (A87-GLU,34) self-energy      86.65388409 pruned by (A87-GLU,37)     -12.94603799.
  Rotamer (A87-GLU,35) self-energy    4200.14347008 pruned by (A87-GLU,37)     -12.94603799.
  Rotamer (A87-GLU,39) self-energy    7816.95308141 pruned by (A87-GLU,37)     -12.94603799.
  Rotamer (A87-GLU,41) self-energy     163.21909549 pruned by (A87-GLU,37)     -12.94603799.
  Rotamer (A88-ASH, 1) self-energy      86.43705410 pruned by (A88-ASP, 0)     -21.63193036.
  Rotamer (A88-ASH, 2) self-energy      75.69329520 pruned by (A88-ASP, 0)     -21.63193036.
  Rotamer (A88-ASH, 3) self-energy      64.31831273 pruned by (A88-ASP, 0)     -21.63193036.
  Rotamer (A88-ASH, 4) self-energy      68.85163877 pruned by (A88-ASP, 0)     -21.63193036.
  Rotamer (A88-ASH, 5) self-energy      58.89778916 pruned by (A88-ASP, 0)     -21.63193036.
  Rotamer (A88-ASH, 6) self-energy      54.16627334 pruned by (A88-ASP, 0)     -21.63193036.
  Rotamer (A88-ASH, 7) self-energy      74.50299016 pruned by (A88-ASP, 0)     -21.63193036.
  Rotamer (A88-ASH, 8) self-energy      61.48655998 pruned by (A88-ASP, 0)     -21.63193036.
  Rotamer (A88-ASH, 9) self-energy      76.77277774 pruned by (A88-ASP, 0)     -21.63193036.
  Rotamer (A88-ASH,10) self-energy      57.89502121 pruned by (A88-ASP, 0)     -21.63193036.
  Rotamer (A88-ASH,11) self-energy      57.72276939 pruned by (A88-ASP, 0)     -21.63193036.
  Rotamer (A88-ASH,12) self-energy      75.88188606 pruned by (A88-ASP, 0)     -21.63193036.
  Rotamer (A88-ASH,13) self-energy      67.54575326 pruned by (A88-ASP, 0)     -21.63193036.
  Rotamer (A88-ASH,14) self-energy      74.08236486 pruned by (A88-ASP, 0)     -21.63193036.
  Rotamer (A88-ASH,15) self-energy      65.17934134 pruned by (A88-ASP, 0)     -21.63193036.
  Rotamer (A88-ASH,16) self-energy      59.64477424 pruned by (A88-ASP, 0)     -21.63193036.
  Rotamer (A88-ASH,17) self-energy     112.53724351 pruned by (A88-ASP, 0)     -21.63193036.
  Rotamer (A88-ASH,18) self-energy      92.55731262 pruned by (A88-ASP, 0)     -21.63193036.
  Rotamer (A88-ASH,19) self-energy     117.12766791 pruned by (A88-ASP, 0)     -21.63193036.
  Rotamer (A88-ASH,20) self-energy      63.36023237 pruned by (A88-ASP, 0)     -21.63193036.
  Rotamer (A88-ASH,21) self-energy      82.46584388 pruned by (A88-ASP, 0)     -21.63193036.
  Rotamer (A90-CYS, 2) self-energy      43.08314890 pruned by (A90-CYD, 1)     -12.16835969.
  Rotamer (A90-CYS, 3) self-energy      37.17774902 pruned by (A90-CYD, 1)     -12.16835969.
  Rotamer (A90-CYS, 5) self-energy      43.08314890 pruned by (A90-CYD, 1)     -12.16835969.
  Rotamer (A90-CYS, 6) self-energy      37.17774902 pruned by (A90-CYD, 1)     -12.16835969.
  Rotamer (A90-CYD, 8) self-energy      51.28253397 pruned by (A90-CYD, 1)     -12.16835969.
  Rotamer (A90-CYD, 9) self-energy      44.85437112 pruned by (A90-CYD, 1)     -12.16835969.
  Rotamer (A99-GLH, 1) self-energy      53.31291714 pruned by (A99-GLU, 0)     -16.21950090.
  Rotamer (A99-GLH, 2) self-energy      66.23734075 pruned by (A99-GLU, 0)     -16.21950090.
  Rotamer (A99-GLH, 3) self-energy   21114.39669606 pruned by (A99-GLU, 0)     -16.21950090.
  Rotamer (A99-GLH, 4) self-energy      69.96552063 pruned by (A99-GLU, 0)     -16.21950090.
  Rotamer (A99-GLH, 5) self-energy      88.47944950 pruned by (A99-GLU, 0)     -16.21950090.
  Rotamer (A99-GLH, 6) self-energy    4669.35170595 pruned by (A99-GLU, 0)     -16.21950090.
  Rotamer (A99-GLH, 7) self-energy    8573.63599406 pruned by (A99-GLU, 0)     -16.21950090.
  Rotamer (A99-GLH, 8) self-energy      48.47387511 pruned by (A99-GLU, 0)     -16.21950090.
  Rotamer (A99-GLH, 9) self-energy      50.63534641 pruned by (A99-GLU, 0)     -16.21950090.
  Rotamer (A99-GLH,10) self-energy      65.38584879 pruned by (A99-GLU, 0)     -16.21950090.
  Rotamer (A99-GLH,11) self-energy  283038.82439282 pruned by (A99-GLU, 0)     -16.21950090.
  Rotamer (A99-GLH,12) self-energy      72.65175783 pruned by (A99-GLU, 0)     -16.21950090.
  Rotamer (A99-GLH,13) self-energy      96.10737297 pruned by (A99-GLU, 0)     -16.21950090.
  Rotamer (A99-GLH,14) self-energy    1187.28470107 pruned by (A99-GLU, 0)     -16.21950090.
  Rotamer (A99-GLH,15) self-energy    3300.07592023 pruned by (A99-GLU, 0)     -16.21950090.
  Rotamer (A99-GLH,16) self-energy      51.83031521 pruned by (A99-GLU, 0)     -16.21950090.
  Rotamer (A99-GLH,17) self-energy      53.22023495 pruned by (A99-GLU, 0)     -16.21950090.
  Rotamer (A99-GLH,18) self-energy      86.97773938 pruned by (A99-GLU, 0)     -16.21950090.
  Rotamer (A99-GLH,19) self-energy   18875.41319761 pruned by (A99-GLU, 0)     -16.21950090.
  Rotamer (A99-GLH,20) self-energy      74.11032339 pruned by (A99-GLU, 0)     -16.21950090.
  Rotamer (A99-GLH,21) self-energy      93.21749790 pruned by (A99-GLU, 0)     -16.21950090.
  Rotamer (A99-GLH,22) self-energy    4612.19932395 pruned by (A99-GLU, 0)     -16.21950090.
  Rotamer (A99-GLH,23) self-energy    8558.02017466 pruned by (A99-GLU, 0)     -16.21950090.
  Rotamer (A99-GLH,24) self-energy      52.07552519 pruned by (A99-GLU, 0)     -16.21950090.
  Rotamer (A99-GLH,25) self-energy      55.22815499 pruned by (A99-GLU, 0)     -16.21950090.
  Rotamer (A99-GLH,26) self-energy      83.75036965 pruned by (A99-GLU, 0)     -16.21950090.
  Rotamer (A99-GLH,27) self-energy  281881.57520720 pruned by (A99-GLU, 0)     -16.21950090.
  Rotamer (A99-GLH,28) self-energy      90.90788672 pruned by (A99-GLU, 0)     -16.21950090.
  Rotamer (A99-GLH,29) self-energy     113.35006157 pruned by (A99-GLU, 0)     -16.21950090.
  Rotamer (A99-GLH,30) self-energy    1136.27550758 pruned by (A99-GLU, 0)     -16.21950090.
  Rotamer (A99-GLH,31) self-energy    1726.15245512 pruned by (A99-GLU, 0)     -16.21950090.
  Rotamer (A99-GLH,32) self-energy      69.97954588 pruned by (A99-GLU, 0)     -16.21950090.
  Rotamer (A99-GLH,33) self-energy      68.00043052 pruned by (A99-GLU, 0)     -16.21950090.
  Rotamer (A99-GLU,35) self-energy  118424.52797721 pruned by (A99-GLU, 0)     -16.21950090.
  Rotamer (A99-GLU,37) self-energy      32.00581521 pruned by (A99-GLU, 0)     -16.21950090.
  Rotamer (A99-GLU,38) self-energy    5665.54157204 pruned by (A99-GLU, 0)     -16.21950090.
  Rotamer (A99-GLU,39) self-energy   11152.26379337 pruned by (A99-GLU, 0)     -16.21950090.
  Rotamer (A109-GLH, 1) self-energy      54.84878929 pruned by (A109-GLU, 0)     -14.23720126.
  Rotamer (A109-GLH, 2) self-energy      61.31563011 pruned by (A109-GLU, 0)     -14.23720126.
  Rotamer (A109-GLH, 3) self-energy   16026.33216607 pruned by (A109-GLU, 0)     -14.23720126.
  Rotamer (A109-GLH, 4) self-energy    1530.66312288 pruned by (A109-GLU, 0)     -14.23720126.
  Rotamer (A109-GLH, 5) self-energy      58.17530950 pruned by (A109-GLU, 0)     -14.23720126.
  Rotamer (A109-GLH, 6) self-energy      58.13469065 pruned by (A109-GLU, 0)     -14.23720126.
  Rotamer (A109-GLH, 7) self-energy    7295.78620687 pruned by (A109-GLU, 0)     -14.23720126.
  Rotamer (A109-GLH, 8) self-energy      50.20075674 pruned by (A109-GLU, 0)     -14.23720126.
  Rotamer (A109-GLH, 9) self-energy     244.14568218 pruned by (A109-GLU, 0)     -14.23720126.
  Rotamer (A109-GLH,10) self-energy      64.61526048 pruned by (A109-GLU, 0)     -14.23720126.
  Rotamer (A109-GLH,11) self-energy    4284.82092066 pruned by (A109-GLU, 0)     -14.23720126.
  Rotamer (A109-GLH,12) self-energy   14515.87471971 pruned by (A109-GLU, 0)     -14.23720126.
  Rotamer (A109-GLH,13) self-energy      61.08534844 pruned by (A109-GLU, 0)     -14.23720126.
  Rotamer (A109-GLH,14) self-energy      65.90196055 pruned by (A109-GLU, 0)     -14.23720126.
  Rotamer (A109-GLH,15) self-energy   28517.62524818 pruned by (A109-GLU, 0)     -14.23720126.
  Rotamer (A109-GLH,16) self-energy      53.56497851 pruned by (A109-GLU, 0)     -14.23720126.
  Rotamer (A109-GLH,17) self-energy     798.51558697 pruned by (A109-GLU, 0)     -14.23720126.
  Rotamer (A109-GLH,18) self-energy      65.56355523 pruned by (A109-GLU, 0)     -14.23720126.
  Rotamer (A109-GLH,19) self-energy   16006.15807131 pruned by (A109-GLU, 0)     -14.23720126.
  Rotamer (A109-GLH,20) self-energy    1333.09857047 pruned by (A109-GLU, 0)     -14.23720126.
  Rotamer (A109-GLH,21) self-energy      63.79729570 pruned by (A109-GLU, 0)     -14.23720126.
  Rotamer (A109-GLH,22) self-energy      63.92203194 pruned by (A109-GLU, 0)     -14.23720126.
  Rotamer (A109-GLH,23) self-energy    7299.41261951 pruned by (A109-GLU, 0)     -14.23720126.
  Rotamer (A109-GLH,24) self-energy      54.08496330 pruned by (A109-GLU, 0)     -14.23720126.
  Rotamer (A109-GLH,25) self-energy     247.28715557 pruned by (A109-GLU, 0)     -14.23720126.
  Rotamer (A109-GLH,26) self-energy      83.44244470 pruned by (A109-GLU, 0)     -14.23720126.
  Rotamer (A109-GLH,27) self-energy    2619.86111237 pruned by (A109-GLU, 0)     -14.23720126.
  Rotamer (A109-GLH,28) self-energy   14425.19110751 pruned by (A109-GLU, 0)     -14.23720126.
  Rotamer (A109-GLH,29) self-energy      79.16125966 pruned by (A109-GLU, 0)     -14.23720126.
  Rotamer (A109-GLH,30) self-energy      95.74142219 pruned by (A109-GLU, 0)     -14.23720126.
  Rotamer (A109-GLH,31) self-energy    5040.69932291 pruned by (A109-GLU, 0)     -14.23720126.
  Rotamer (A109-GLH,32) self-energy      71.86444469 pruned by (A109-GLU, 0)     -14.23720126.
  Rotamer (A109-GLH,33) self-energy     230.27909000 pruned by (A109-GLU, 0)     -14.23720126.
  Rotamer (A109-GLU,35) self-energy   20265.12326401 pruned by (A109-GLU, 0)     -14.23720126.
  Rotamer (A109-GLU,36) self-energy    7451.65619923 pruned by (A109-GLU, 0)     -14.23720126.
  Rotamer (A109-GLU,39) self-energy    9803.33110115 pruned by (A109-GLU, 0)     -14.23720126.
  Rotamer (A109-GLU,41) self-energy     217.63234162 pruned by (A109-GLU, 0)     -14.23720126.
  Rotamer (A110-GLH, 1) self-energy      56.93304506 pruned by (A110-GLU,41)     -16.35468803.
  Rotamer (A110-GLH, 2) self-energy      54.94409124 pruned by (A110-GLU,41)     -16.35468803.
  Rotamer (A110-GLH, 3) self-energy      75.03520905 pruned by (A110-GLU,41)     -16.35468803.
  Rotamer (A110-GLH, 4) self-energy      52.61438390 pruned by (A110-GLU,41)     -16.35468803.
  Rotamer (A110-GLH, 5) self-energy      50.70391520 pruned by (A110-GLU,41)     -16.35468803.
  Rotamer (A110-GLH, 6) self-energy     146.54095081 pruned by (A110-GLU,41)     -16.35468803.
  Rotamer (A110-GLH, 7) self-energy      55.29113857 pruned by (A110-GLU,41)     -16.35468803.
  Rotamer (A110-GLH, 8) self-energy      48.74465108 pruned by (A110-GLU,41)     -16.35468803.
  Rotamer (A110-GLH, 9) self-energy      50.11177278 pruned by (A110-GLU,41)     -16.35468803.
  Rotamer (A110-GLH,10) self-energy      58.45689989 pruned by (A110-GLU,41)     -16.35468803.
  Rotamer (A110-GLH,11) self-energy     132.88689643 pruned by (A110-GLU,41)     -16.35468803.
  Rotamer (A110-GLH,12) self-energy      55.06476049 pruned by (A110-GLU,41)     -16.35468803.
  Rotamer (A110-GLH,13) self-energy      53.45029972 pruned by (A110-GLU,41)     -16.35468803.
  Rotamer (A110-GLH,14) self-energy      96.43596881 pruned by (A110-GLU,41)     -16.35468803.
  Rotamer (A110-GLH,15) self-energy      60.86855054 pruned by (A110-GLU,41)     -16.35468803.
  Rotamer (A110-GLH,16) self-energy      52.09211093 pruned by (A110-GLU,41)     -16.35468803.
  Rotamer (A110-GLH,17) self-energy      52.80056088 pruned by (A110-GLU,41)     -16.35468803.
  Rotamer (A110-GLH,18) self-energy      59.06327741 pruned by (A110-GLU,41)     -16.35468803.
  Rotamer (A110-GLH,19) self-energy      79.32428433 pruned by (A110-GLU,41)     -16.35468803.
  Rotamer (A110-GLH,20) self-energy      58.97517862 pruned by (A110-GLU,41)     -16.35468803.
  Rotamer (A110-GLH,21) self-energy      57.00118434 pruned by (A110-GLU,41)     -16.35468803.
  Rotamer (A110-GLH,22) self-energy     124.58410604 pruned by (A110-GLU,41)     -16.35468803.
  Rotamer (A110-GLH,23) self-energy      58.92186663 pruned by (A110-GLU,41)     -16.35468803.
  Rotamer (A110-GLH,24) self-energy      52.49306335 pruned by (A110-GLU,41)     -16.35468803.
  Rotamer (A110-GLH,25) self-energy      54.59480924 pruned by (A110-GLU,41)     -16.35468803.
  Rotamer (A110-GLH,26) self-energy      77.13184231 pruned by (A110-GLU,41)     -16.35468803.
  Rotamer (A110-GLH,27) self-energy     178.92324730 pruned by (A110-GLU,41)     -16.35468803.
  Rotamer (A110-GLH,28) self-energy      73.19918128 pruned by (A110-GLU,41)     -16.35468803.
  Rotamer (A110-GLH,29) self-energy      71.20310902 pruned by (A110-GLU,41)     -16.35468803.
  Rotamer (A110-GLH,30) self-energy     125.67135254 pruned by (A110-GLU,41)     -16.35468803.
  Rotamer (A110-GLH,31) self-energy      94.86307240 pruned by (A110-GLU,41)     -16.35468803.
  Rotamer (A110-GLH,32) self-energy      70.39322232 pruned by (A110-GLU,41)     -16.35468803.
  Rotamer (A110-GLH,33) self-energy      67.70532426 pruned by (A110-GLU,41)     -16.35468803.
  Rotamer (A110-GLU,35) self-energy      13.49602004 pruned by (A110-GLU,41)     -16.35468803.
  Rotamer (A110-GLU,38) self-energy      24.81797268 pruned by (A110-GLU,41)     -16.35468803.
  Rotamer (A118-HIS, 3) self-energy    2092.63369996 pruned by (A118-HID,15)     -30.21089912.
  Rotamer (A118-HIS, 4) self-energy     239.84284540 pruned by (A118-HID,15)     -30.21089912.
  Rotamer (A118-HIS, 5) self-energy       0.35487173 pruned by (A118-HID,15)     -30.21089912.
  Rotamer (A118-HIS, 6) self-energy      -2.91284565 pruned by (A118-HID,15)     -30.21089912.
  Rotamer (A118-HIS,10) self-energy      -3.48015306 pruned by (A118-HID,15)     -30.21089912.
  Rotamer (A118-HID,11) self-energy    2188.20846983 pruned by (A118-HID,15)     -30.21089912.
  Rotamer (A118-HID,12) self-energy     191.32166908 pruned by (A118-HID,15)     -30.21089912.
  Rotamer (A118-HIE,19) self-energy    1749.11858096 pruned by (A118-HID,15)     -30.21089912.
  Rotamer (A118-HIE,20) self-energy     217.29180791 pruned by (A118-HID,15)     -30.21089912.
  Rotamer (A121-LYD, 2) self-energy      95.46162671 pruned by (A121-LYS,40)     -18.83407335.
  Rotamer (A121-LYD, 3) self-energy      83.14024135 pruned by (A121-LYS,40)     -18.83407335.
  Rotamer (A121-LYD, 4) self-energy      82.34038851 pruned by (A121-LYS,40)     -18.83407335.
  Rotamer (A121-LYD, 5) self-energy    1149.59190974 pruned by (A121-LYS,40)     -18.83407335.
  Rotamer (A121-LYD, 6) self-energy      39.55635658 pruned by (A121-LYS,40)     -18.83407335.
  Rotamer (A121-LYD,17) self-energy      14.37857352 pruned by (A121-LYS,40)     -18.83407335.
  Rotamer (A121-LYD,18) self-energy      39.88118481 pruned by (A121-LYS,40)     -18.83407335.
  Rotamer (A121-LYD,24) self-energy      76.03991327 pruned by (A121-LYS,40)     -18.83407335.
  Rotamer (A121-LYS,29) self-energy      86.41683899 pruned by (A121-LYS,40)     -18.83407335.
  Rotamer (A121-LYS,31) self-energy      73.31102042 pruned by (A121-LYS,40)     -18.83407335.
  Rotamer (A121-LYS,32) self-energy    1304.39253811 pruned by (A121-LYS,40)     -18.83407335.
  Rotamer (A121-LYS,33) self-energy      29.98238300 pruned by (A121-LYS,40)     -18.83407335.
  Rotamer (A121-LYS,44) self-energy       6.59901555 pruned by (A121-LYS,40)     -18.83407335.
  Rotamer (A121-LYS,45) self-energy      34.22458792 pruned by (A121-LYS,40)     -18.83407335.
  Rotamer (A121-LYS,51) self-energy      66.77592616 pruned by (A121-LYS,40)     -18.83407335.
  Rotamer (A124-LYD, 2) self-energy     137.01892529 pruned by (A124-LYS, 0)     -17.56910878.
  Rotamer (A124-LYD, 3) self-energy     233.46923307 pruned by (A124-LYS, 0)     -17.56910878.
  Rotamer (A124-LYD, 4) self-energy     250.04062496 pruned by (A124-LYS, 0)     -17.56910878.
  Rotamer (A124-LYD, 5) self-energy    3051.21137214 pruned by (A124-LYS, 0)     -17.56910878.
  Rotamer (A124-LYD, 6) self-energy      77.63732696 pruned by (A124-LYS, 0)     -17.56910878.
  Rotamer (A124-LYD, 7) self-energy     175.80675526 pruned by (A124-LYS, 0)     -17.56910878.
  Rotamer (A124-LYD,17) self-energy     133.89523473 pruned by (A124-LYS, 0)     -17.56910878.
  Rotamer (A124-LYD,18) self-energy      51.26680366 pruned by (A124-LYS, 0)     -17.56910878.
  Rotamer (A124-LYD,20) self-energy    2301.83960730 pruned by (A124-LYS, 0)     -17.56910878.
  Rotamer (A124-LYD,21) self-energy      54.56404672 pruned by (A124-LYS, 0)     -17.56910878.
  Rotamer (A124-LYD,22) self-energy      60.62003568 pruned by (A124-LYS, 0)     -17.56910878.
  Rotamer (A124-LYD,23) self-energy      39.70413967 pruned by (A124-LYS, 0)     -17.56910878.
  Rotamer (A124-LYD,24) self-energy    1860.70589720 pruned by (A124-LYS, 0)     -17.56910878.
  Rotamer (A124-LYD,25) self-energy      46.66137866 pruned by (A124-LYS, 0)     -17.56910878.
  Rotamer (A124-LYD,26) self-energy      16.66897276 pruned by (A124-LYS, 0)     -17.56910878.
  Rotamer (A124-LYD,27) self-energy      26.91372949 pruned by (A124-LYS, 0)     -17.56910878.
  Rotamer (A124-LYD,28) self-energy      16.00288079 pruned by (A124-LYS, 0)     -17.56910878.
  Rotamer (A124-LYS,29) self-energy     129.16652288 pruned by (A124-LYS, 0)     -17.56910878.
  Rotamer (A124-LYS,30) self-energy      25.39085549 pruned by (A124-LYS, 0)     -17.56910878.
  Rotamer (A124-LYS,31) self-energy     241.27234198 pruned by (A124-LYS, 0)     -17.56910878.
  Rotamer (A124-LYS,32) self-energy    3700.01470044 pruned by (A124-LYS, 0)     -17.56910878.
  Rotamer (A124-LYS,33) self-energy      68.48840994 pruned by (A124-LYS, 0)     -17.56910878.
  Rotamer (A124-LYS,34) self-energy     184.03859688 pruned by (A124-LYS, 0)     -17.56910878.
  Rotamer (A124-LYS,44) self-energy     131.44173334 pruned by (A124-LYS, 0)     -17.56910878.
  Rotamer (A124-LYS,45) self-energy      46.31401450 pruned by (A124-LYS, 0)     -17.56910878.
  Rotamer (A124-LYS,47) self-energy    2385.32485807 pruned by (A124-LYS, 0)     -17.56910878.
  Rotamer (A124-LYS,48) self-energy      46.22471783 pruned by (A124-LYS, 0)     -17.56910878.
  Rotamer (A124-LYS,49) self-energy      55.13264611 pruned by (A124-LYS, 0)     -17.56910878.
  Rotamer (A124-LYS,50) self-energy      30.39887762 pruned by (A124-LYS, 0)     -17.56910878.
  Rotamer (A124-LYS,51) self-energy    1912.29615094 pruned by (A124-LYS, 0)     -17.56910878.
  Rotamer (A124-LYS,52) self-energy      41.86872063 pruned by (A124-LYS, 0)     -17.56910878.
  Rotamer (A124-LYS,53) self-energy       7.83483931 pruned by (A124-LYS, 0)     -17.56910878.
  Rotamer (A124-LYS,54) self-energy      19.70855911 pruned by (A124-LYS, 0)     -17.56910878.
  Rotamer (A129-ASH, 1) self-energy      58.17788532 pruned by (A129-ASP,22)     -22.71675032.
  Rotamer (A129-ASH, 2) self-energy      52.79119148 pruned by (A129-ASP,22)     -22.71675032.
  Rotamer (A129-ASH, 3) self-energy      53.85882236 pruned by (A129-ASP,22)     -22.71675032.
  Rotamer (A129-ASH, 4) self-energy     197.58660706 pruned by (A129-ASP,22)     -22.71675032.
  Rotamer (A129-ASH, 5) self-energy      63.20662817 pruned by (A129-ASP,22)     -22.71675032.
  Rotamer (A129-ASH, 6) self-energy      55.87226396 pruned by (A129-ASP,22)     -22.71675032.
  Rotamer (A129-ASH, 7) self-energy      60.93260913 pruned by (A129-ASP,22)     -22.71675032.
  Rotamer (A129-ASH, 8) self-energy      64.28154779 pruned by (A129-ASP,22)     -22.71675032.
  Rotamer (A129-ASH, 9) self-energy     124.97808835 pruned by (A129-ASP,22)     -22.71675032.
  Rotamer (A129-ASH,10) self-energy      62.22578140 pruned by (A129-ASP,22)     -22.71675032.
  Rotamer (A129-ASH,11) self-energy      58.67748890 pruned by (A129-ASP,22)     -22.71675032.
  Rotamer (A129-ASH,12) self-energy      58.26154742 pruned by (A129-ASP,22)     -22.71675032.
  Rotamer (A129-ASH,13) self-energy      59.54309533 pruned by (A129-ASP,22)     -22.71675032.
  Rotamer (A129-ASH,14) self-energy     139.53282190 pruned by (A129-ASP,22)     -22.71675032.
  Rotamer (A129-ASH,15) self-energy      66.99077726 pruned by (A129-ASP,22)     -22.71675032.
  Rotamer (A129-ASH,16) self-energy      61.21601943 pruned by (A129-ASP,22)     -22.71675032.
  Rotamer (A129-ASH,17) self-energy      94.79035873 pruned by (A129-ASP,22)     -22.71675032.
  Rotamer (A129-ASH,18) self-energy      90.31944318 pruned by (A129-ASP,22)     -22.71675032.
  Rotamer (A129-ASH,19) self-energy     171.51434844 pruned by (A129-ASP,22)     -22.71675032.
  Rotamer (A129-ASH,20) self-energy      67.30707471 pruned by (A129-ASP,22)     -22.71675032.
  Rotamer (A129-ASH,21) self-energy      82.93024013 pruned by (A129-ASP,22)     -22.71675032.
  Rotamer (A129-ASP,24) self-energy      58.89867648 pruned by (A129-ASP,22)     -22.71675032.
  Rotamer (A131-ASH, 1) self-energy      60.75547603 pruned by (A131-ASP, 0)     -20.13394141.
  Rotamer (A131-ASH, 2) self-energy     479.46481247 pruned by (A131-ASP, 0)     -20.13394141.
  Rotamer (A131-ASH, 3) self-energy     266.97644313 pruned by (A131-ASP, 0)     -20.13394141.
  Rotamer (A131-ASH, 4) self-energy      57.67328314 pruned by (A131-ASP, 0)     -20.13394141.
  Rotamer (A131-ASH, 5) self-energy      55.83871508 pruned by (A131-ASP, 0)     -20.13394141.
  Rotamer (A131-ASH, 6) self-energy      54.38833402 pruned by (A131-ASP, 0)     -20.13394141.
  Rotamer (A131-ASH, 7) self-energy     308.93604296 pruned by (A131-ASP, 0)     -20.13394141.
  Rotamer (A131-ASH, 8) self-energy     166.30586867 pruned by (A131-ASP, 0)     -20.13394141.
  Rotamer (A131-ASH, 9) self-energy      61.56080648 pruned by (A131-ASP, 0)     -20.13394141.
  Rotamer (A131-ASH,10) self-energy      55.67173065 pruned by (A131-ASP, 0)     -20.13394141.
  Rotamer (A131-ASH,11) self-energy      57.97077715 pruned by (A131-ASP, 0)     -20.13394141.
  Rotamer (A131-ASH,12) self-energy     474.86860950 pruned by (A131-ASP, 0)     -20.13394141.
  Rotamer (A131-ASH,13) self-energy     214.93924837 pruned by (A131-ASP, 0)     -20.13394141.
  Rotamer (A131-ASH,14) self-energy      63.03388809 pruned by (A131-ASP, 0)     -20.13394141.
  Rotamer (A131-ASH,15) self-energy      62.27811223 pruned by (A131-ASP, 0)     -20.13394141.
  Rotamer (A131-ASH,16) self-energy      59.62915030 pruned by (A131-ASP, 0)     -20.13394141.
  Rotamer (A131-ASH,17) self-energy     582.70789542 pruned by (A131-ASP, 0)     -20.13394141.
  Rotamer (A131-ASH,18) self-energy     328.03339977 pruned by (A131-ASP, 0)     -20.13394141.
  Rotamer (A131-ASH,19) self-energy      88.12162107 pruned by (A131-ASP, 0)     -20.13394141.
  Rotamer (A131-ASH,20) self-energy      61.14245723 pruned by (A131-ASP, 0)     -20.13394141.
  Rotamer (A131-ASH,21) self-energy      79.54652412 pruned by (A131-ASP, 0)     -20.13394141.
  Rotamer (A131-ASP,22) self-energy     487.55804169 pruned by (A131-ASP, 0)     -20.13394141.
  Rotamer (A131-ASP,23) self-energy     150.47074388 pruned by (A131-ASP, 0)     -20.13394141.
  Rotamer (A132-ASH, 1) self-energy      54.47090930 pruned by (A132-ASP,25)     -21.66587540.
  Rotamer (A132-ASH, 2) self-energy     134.75615448 pruned by (A132-ASP,25)     -21.66587540.
  Rotamer (A132-ASH, 3) self-energy     173.98824993 pruned by (A132-ASP,25)     -21.66587540.
  Rotamer (A132-ASH, 4) self-energy      62.45726273 pruned by (A132-ASP,25)     -21.66587540.
  Rotamer (A132-ASH, 5) self-energy      53.04753710 pruned by (A132-ASP,25)     -21.66587540.
  Rotamer (A132-ASH, 6) self-energy      50.36319155 pruned by (A132-ASP,25)     -21.66587540.
  Rotamer (A132-ASH, 7) self-energy     143.53344285 pruned by (A132-ASP,25)     -21.66587540.
  Rotamer (A132-ASH, 8) self-energy     106.85508242 pruned by (A132-ASP,25)     -21.66587540.
  Rotamer (A132-ASH, 9) self-energy      69.90831338 pruned by (A132-ASP,25)     -21.66587540.
  Rotamer (A132-ASH,10) self-energy      52.66116305 pruned by (A132-ASP,25)     -21.66587540.
  Rotamer (A132-ASH,11) self-energy      53.96657758 pruned by (A132-ASP,25)     -21.66587540.
  Rotamer (A132-ASH,12) self-energy     132.45469283 pruned by (A132-ASP,25)     -21.66587540.
  Rotamer (A132-ASH,13) self-energy     126.92833148 pruned by (A132-ASP,25)     -21.66587540.
  Rotamer (A132-ASH,14) self-energy      67.67793280 pruned by (A132-ASP,25)     -21.66587540.
  Rotamer (A132-ASH,15) self-energy      59.60466805 pruned by (A132-ASP,25)     -21.66587540.
  Rotamer (A132-ASH,16) self-energy      55.54427944 pruned by (A132-ASP,25)     -21.66587540.
  Rotamer (A132-ASH,17) self-energy     187.07992343 pruned by (A132-ASP,25)     -21.66587540.
  Rotamer (A132-ASH,18) self-energy     156.77742406 pruned by (A132-ASP,25)     -21.66587540.
  Rotamer (A132-ASH,19) self-energy     108.96019268 pruned by (A132-ASP,25)     -21.66587540.
  Rotamer (A132-ASH,20) self-energy      58.21640556 pruned by (A132-ASP,25)     -21.66587540.
  Rotamer (A132-ASH,21) self-energy      76.68953129 pruned by (A132-ASP,25)     -21.66587540.
  Rotamer (A132-ASP,22) self-energy      72.78935622 pruned by (A132-ASP,25)     -21.66587540.
  Rotamer (A132-ASP,23) self-energy      50.58109912 pruned by (A132-ASP,25)     -21.66587540.
  Rotamer (A135-LYD, 2) self-energy     448.26379590 pruned by (A135-LYS,40)     -18.40201570.
  Rotamer (A135-LYD, 3) self-energy     154.14156101 pruned by (A135-LYS,40)     -18.40201570.
  Rotamer (A135-LYD, 4) self-energy     152.34410477 pruned by (A135-LYS,40)     -18.40201570.
  Rotamer (A135-LYD, 5) self-energy     626.21016837 pruned by (A135-LYS,40)     -18.40201570.
  Rotamer (A135-LYD, 6) self-energy     132.58134360 pruned by (A135-LYS,40)     -18.40201570.
  Rotamer (A135-LYD,17) self-energy      12.21984225 pruned by (A135-LYS,40)     -18.40201570.
  Rotamer (A135-LYD,18) self-energy      40.11412659 pruned by (A135-LYS,40)     -18.40201570.
  Rotamer (A135-LYD,23) self-energy      27.85610068 pruned by (A135-LYS,40)     -18.40201570.
  Rotamer (A135-LYD,24) self-energy     111.36770420 pruned by (A135-LYS,40)     -18.40201570.
  Rotamer (A135-LYS,29) self-energy     438.49771684 pruned by (A135-LYS,40)     -18.40201570.
  Rotamer (A135-LYS,31) self-energy     142.40189302 pruned by (A135-LYS,40)     -18.40201570.
  Rotamer (A135-LYS,32) self-energy     735.39073158 pruned by (A135-LYS,40)     -18.40201570.
  Rotamer (A135-LYS,33) self-energy     122.22895650 pruned by (A135-LYS,40)     -18.40201570.
  Rotamer (A135-LYS,45) self-energy      33.25874383 pruned by (A135-LYS,40)     -18.40201570.
  Rotamer (A135-LYS,50) self-energy      17.36120801 pruned by (A135-LYS,40)     -18.40201570.
  Rotamer (A135-LYS,51) self-energy     101.88181416 pruned by (A135-LYS,40)     -18.40201570.
  Rotamer (A136-CYS, 3) self-energy      19.35621626 pruned by (A136-CYD, 1)      -8.83160897.
  Rotamer (A136-CYS, 6) self-energy      19.35621626 pruned by (A136-CYD, 1)      -8.83160897.
 Loaded 2-body energies from restart file.
 Loaded trimer energies from restart file.

 Number of self energies: 0
 Backbone energy:     -513.73809437

 Time for single energies:        2.455
 Number of 2-body energies to calculate: 0
 Time for 2-body energies:        0.02799
 Number of 3-Body energies to calculate: 3042
 3-Body  A74-GLU 38, A135-LYS 36, A136-CYD 1 :      -0.01924924 at      1.617 Ang (1.876 Ang by residue) in 2.6188 (sec).
 3-Body  A74-GLU 38, A135-LYS 36, A136-CYS 2 :      -0.02013745 at      1.616 Ang (1.876 Ang by residue) in 2.4618 (sec).
 3-Body  A74-GLU 38, A135-LYS 36, A136-CYS 4 :      -0.02936084 at      1.614 Ang (1.876 Ang by residue) in 2.3551 (sec).
 3-Body  A74-GLU 38, A135-LYS 36, A136-CYS 5 :      -0.02013745 at      1.616 Ang (1.876 Ang by residue) in 2.3365 (sec).
 3-Body  A74-GLU 38, A135-LYS 36, A136-CYS 7 :      -0.02936084 at      1.614 Ang (1.876 Ang by residue) in 2.1939 (sec).
 3-Body  A74-GLU 38, A135-LYS 36, A136-CYD 8 :      -0.02405285 at      1.616 Ang (1.876 Ang by residue) in 2.1420 (sec).
 3-Body  A74-GLU 38, A135-LYS 36, A136-CYD 9 :      -0.03810567 at      1.609 Ang (1.876 Ang by residue) in 2.1655 (sec).
 3-Body  A74-GLU 38, A135-LYS 36, A136-CYD 10:      -0.01786777 at      1.614 Ang (1.876 Ang by residue) in 2.1285 (sec).
 3-Body  A74-GLU 38, A135-LYS 37, A136-CYS 0 :      -0.10848190 at      1.515 Ang (1.876 Ang by residue) in 1.9897 (sec).
 3-Body  A74-GLU 38, A135-LYS 37, A136-CYD 1 :      -0.05751306 at      1.515 Ang (1.876 Ang by residue) in 2.0938 (sec).
 3-Body  A74-GLU 38, A135-LYS 37, A136-CYS 2 :      -0.00467060 at      1.514 Ang (1.876 Ang by residue) in 2.1380 (sec).
 3-Body  A74-GLU 38, A135-LYS 37, A136-CYS 4 :      -0.12258862 at      1.512 Ang (1.876 Ang by residue) in 2.1863 (sec).
 3-Body  A74-GLU 38, A135-LYS 37, A136-CYS 5 :      -0.00467060 at      1.514 Ang (1.876 Ang by residue) in 2.1827 (sec).
 3-Body  A74-GLU 38, A135-LYS 37, A136-CYS 7 :      -0.12258862 at      1.512 Ang (1.876 Ang by residue) in 2.1432 (sec).
 3-Body  A74-GLU 38, A135-LYS 37, A136-CYD 8 :      -0.01492939 at      1.514 Ang (1.876 Ang by residue) in 2.3908 (sec).
 3-Body  A74-GLU 38, A135-LYS 37, A136-CYD 9 :      -0.08089157 at      1.506 Ang (1.876 Ang by residue) in 2.1392 (sec).
 3-Body  A74-GLU 38, A135-LYS 37, A136-CYD 10:      -0.06314450 at      1.512 Ang (1.876 Ang by residue) in 2.2768 (sec).
 3-Body  A74-GLU 38, A135-LYS 38, A136-CYS 0 :      -0.05040952 at      1.587 Ang (1.876 Ang by residue) in 2.2688 (sec).
 3-Body  A74-GLU 38, A135-LYS 38, A136-CYD 1 :      -0.01496628 at      1.587 Ang (1.876 Ang by residue) in 2.1244 (sec).
 3-Body  A74-GLU 38, A135-LYS 38, A136-CYS 2 :      -0.01550050 at      1.586 Ang (1.876 Ang by residue) in 2.0365 (sec).
 3-Body  A74-GLU 38, A135-LYS 38, A136-CYS 4 :      -0.05238895 at      1.584 Ang (1.876 Ang by residue) in 2.0909 (sec).
 3-Body  A74-GLU 38, A135-LYS 38, A136-CYS 5 :      -0.01550050 at      1.586 Ang (1.876 Ang by residue) in 2.0963 (sec).
 3-Body  A74-GLU 38, A135-LYS 38, A136-CYS 7 :      -0.05238895 at      1.584 Ang (1.876 Ang by residue) in 2.0861 (sec).
 3-Body  A74-GLU 38, A135-LYS 38, A136-CYD 8 :      -0.01860178 at      1.586 Ang (1.876 Ang by residue) in 2.2072 (sec).
 3-Body  A74-GLU 38, A135-LYS 38, A136-CYD 9 :      -0.04283176 at      1.579 Ang (1.876 Ang by residue) in 2.1898 (sec).
 3-Body  A74-GLU 38, A135-LYS 38, A136-CYD 10:      -0.01385423 at      1.584 Ang (1.876 Ang by residue) in 2.3074 (sec).
 3-Body  A74-GLU 38, A135-LYS 39, A136-CYS 0 :      -0.03031143 at      1.617 Ang (1.876 Ang by residue) in 2.1242 (sec).
 3-Body  A74-GLU 38, A135-LYS 39, A136-CYD 1 :      -0.01625233 at      1.617 Ang (1.876 Ang by residue) in 2.2242 (sec).
 3-Body  A74-GLU 38, A135-LYS 39, A136-CYS 2 :      -0.01796634 at      1.616 Ang (1.876 Ang by residue) in 2.0743 (sec).
 3-Body  A74-GLU 38, A135-LYS 39, A136-CYS 4 :      -0.03067928 at      1.614 Ang (1.876 Ang by residue) in 2.0200 (sec).
 3-Body  A74-GLU 38, A135-LYS 39, A136-CYS 5 :      -0.01796634 at      1.616 Ang (1.876 Ang by residue) in 2.1145 (sec).
 3-Body  A74-GLU 38, A135-LYS 39, A136-CYS 7 :      -0.03067928 at      1.614 Ang (1.876 Ang by residue) in 2.0354 (sec).
 3-Body  A74-GLU 38, A135-LYS 39, A136-CYD 8 :      -0.02145734 at      1.616 Ang (1.876 Ang by residue) in 2.2038 (sec).
 3-Body  A74-GLU 38, A135-LYS 39, A136-CYD 9 :      -0.03681607 at      1.609 Ang (1.876 Ang by residue) in 2.3010 (sec).
 3-Body  A74-GLU 38, A135-LYS 39, A136-CYD 10:      -0.01490583 at      1.614 Ang (1.876 Ang by residue) in 2.2357 (sec).
 3-Body  A74-GLU 38, A135-LYS 40, A136-CYS 0 :      -0.02901496 at      1.617 Ang (1.876 Ang by residue) in 2.1750 (sec).
 3-Body  A74-GLU 38, A135-LYS 40, A136-CYD 1 :      -0.01302973 at      1.617 Ang (1.876 Ang by residue) in 2.2477 (sec).
 3-Body  A74-GLU 38, A135-LYS 40, A136-CYS 2 :      -0.01517747 at      1.616 Ang (1.876 Ang by residue) in 2.1196 (sec).
 3-Body  A74-GLU 38, A135-LYS 40, A136-CYS 4 :      -0.02959755 at      1.614 Ang (1.876 Ang by residue) in 2.2076 (sec).
 3-Body  A74-GLU 38, A135-LYS 40, A136-CYS 5 :      -0.01517747 at      1.616 Ang (1.876 Ang by residue) in 2.2340 (sec).
 3-Body  A74-GLU 38, A135-LYS 40, A136-CYS 7 :      -0.02959755 at      1.614 Ang (1.876 Ang by residue) in 2.2005 (sec).
 3-Body  A74-GLU 38, A135-LYS 40, A136-CYD 8 :      -0.01859338 at      1.616 Ang (1.876 Ang by residue) in 2.2918 (sec).
 3-Body  A74-GLU 38, A135-LYS 40, A136-CYD 9 :      -0.03651328 at      1.609 Ang (1.876 Ang by residue) in 2.2403 (sec).
 3-Body  A74-GLU 38, A135-LYS 40, A136-CYD 10:      -0.01180705 at      1.614 Ang (1.876 Ang by residue) in 2.3341 (sec).
 3-Body  A74-GLU 38, A135-LYS 41, A136-CYS 0 :      -0.02872862 at      1.617 Ang (1.876 Ang by residue) in 2.2314 (sec).
 3-Body  A74-GLU 38, A135-LYS 41, A136-CYD 1 :      -0.01487015 at      1.617 Ang (1.876 Ang by residue) in 2.1663 (sec).
 3-Body  A74-GLU 38, A135-LYS 41, A136-CYS 2 :      -0.01254534 at      1.616 Ang (1.876 Ang by residue) in 2.1472 (sec).
 3-Body  A74-GLU 38, A135-LYS 41, A136-CYS 4 :      -0.03057505 at      1.614 Ang (1.876 Ang by residue) in 2.1036 (sec).
 3-Body  A74-GLU 38, A135-LYS 41, A136-CYS 5 :      -0.01254534 at      1.616 Ang (1.876 Ang by residue) in 2.0996 (sec).
 3-Body  A74-GLU 38, A135-LYS 41, A136-CYS 7 :      -0.03057505 at      1.614 Ang (1.876 Ang by residue) in 2.1333 (sec).
 3-Body  A74-GLU 38, A135-LYS 41, A136-CYD 8 :      -0.01862568 at      1.616 Ang (1.876 Ang by residue) in 2.1321 (sec).
 3-Body  A74-GLU 38, A135-LYS 41, A136-CYD 9 :      -0.04154411 at      1.609 Ang (1.876 Ang by residue) in 2.1979 (sec).
 3-Body  A74-GLU 38, A135-LYS 41, A136-CYD 10:      -0.01428062 at      1.614 Ang (1.876 Ang by residue) in 2.2850 (sec).
 3-Body  A74-GLU 38, A135-LYS 42, A136-CYS 0 :      -0.03317614 at      1.617 Ang (1.876 Ang by residue) in 2.0840 (sec).
 3-Body  A74-GLU 38, A135-LYS 42, A136-CYD 1 :      -0.01585795 at      1.617 Ang (1.876 Ang by residue) in 2.1930 (sec).
 3-Body  A74-GLU 38, A135-LYS 42, A136-CYS 2 :      -0.01918201 at      1.616 Ang (1.876 Ang by residue) in 2.1373 (sec).
 3-Body  A74-GLU 38, A135-LYS 42, A136-CYS 4 :      -0.03323943 at      1.614 Ang (1.876 Ang by residue) in 2.1412 (sec).
 3-Body  A74-GLU 38, A135-LYS 42, A136-CYS 5 :      -0.01918201 at      1.616 Ang (1.876 Ang by residue) in 2.0886 (sec).
 3-Body  A74-GLU 38, A135-LYS 42, A136-CYS 7 :      -0.03323943 at      1.614 Ang (1.876 Ang by residue) in 2.1075 (sec).
 3-Body  A74-GLU 38, A135-LYS 42, A136-CYD 8 :      -0.02184980 at      1.616 Ang (1.876 Ang by residue) in 2.1541 (sec).
 3-Body  A74-GLU 38, A135-LYS 42, A136-CYD 9 :      -0.03668222 at      1.609 Ang (1.876 Ang by residue) in 2.1690 (sec).
 3-Body  A74-GLU 38, A135-LYS 42, A136-CYD 10:      -0.01433286 at      1.614 Ang (1.876 Ang by residue) in 2.1815 (sec).
 3-Body  A74-GLU 38, A135-LYS 43, A136-CYS 0 :      -0.03375470 at      1.617 Ang (1.876 Ang by residue) in 2.0682 (sec).
 3-Body  A74-GLU 38, A135-LYS 43, A136-CYD 1 :      -0.01827397 at      1.617 Ang (1.876 Ang by residue) in 2.3315 (sec).
 3-Body  A74-GLU 38, A135-LYS 43, A136-CYS 2 :      -0.02128786 at      1.616 Ang (1.876 Ang by residue) in 2.1460 (sec).
 3-Body  A74-GLU 38, A135-LYS 43, A136-CYS 4 :      -0.03369822 at      1.614 Ang (1.876 Ang by residue) in 2.0698 (sec).
 3-Body  A74-GLU 38, A135-LYS 43, A136-CYS 5 :      -0.02128786 at      1.616 Ang (1.876 Ang by residue) in 2.1136 (sec).
 3-Body  A74-GLU 38, A135-LYS 43, A136-CYS 7 :      -0.03369822 at      1.614 Ang (1.876 Ang by residue) in 2.1189 (sec).
 3-Body  A74-GLU 38, A135-LYS 43, A136-CYD 8 :      -0.02413870 at      1.616 Ang (1.876 Ang by residue) in 2.2335 (sec).
 3-Body  A74-GLU 38, A135-LYS 43, A136-CYD 9 :      -0.03727270 at      1.609 Ang (1.876 Ang by residue) in 2.2571 (sec).
 3-Body  A74-GLU 38, A135-LYS 43, A136-CYD 10:      -0.01668046 at      1.614 Ang (1.876 Ang by residue) in 2.2231 (sec).
 3-Body  A74-GLU 38, A135-LYS 44, A136-CYS 0 :      -0.02468507 at      1.617 Ang (1.876 Ang by residue) in 2.0630 (sec).
 3-Body  A74-GLU 38, A135-LYS 44, A136-CYD 1 :      -0.01556882 at      1.617 Ang (1.876 Ang by residue) in 2.0381 (sec).
 3-Body  A74-GLU 38, A135-LYS 44, A136-CYS 2 :      -0.02075751 at      1.616 Ang (1.876 Ang by residue) in 2.2063 (sec).
 3-Body  A74-GLU 38, A135-LYS 44, A136-CYS 4 :      -0.02418660 at      1.614 Ang (1.876 Ang by residue) in 2.1166 (sec).
 3-Body  A74-GLU 38, A135-LYS 44, A136-CYS 5 :      -0.02075751 at      1.616 Ang (1.876 Ang by residue) in 2.1545 (sec).
 3-Body  A74-GLU 38, A135-LYS 44, A136-CYS 7 :      -0.02418660 at      1.614 Ang (1.876 Ang by residue) in 2.1344 (sec).
 3-Body  A74-GLU 38, A135-LYS 44, A136-CYD 8 :      -0.02308446 at      1.616 Ang (1.876 Ang by residue) in 2.2177 (sec).
 3-Body  A74-GLU 38, A135-LYS 44, A136-CYD 9 :      -0.02904520 at      1.609 Ang (1.876 Ang by residue) in 2.1829 (sec).
 3-Body  A74-GLU 38, A135-LYS 44, A136-CYD 10:      -0.01426868 at      1.614 Ang (1.876 Ang by residue) in 2.1357 (sec).
 3-Body  A74-GLU 38, A135-LYS 46, A136-CYS 0 :      -0.02737076 at      1.617 Ang (1.876 Ang by residue) in 2.1138 (sec).
 3-Body  A74-GLU 38, A135-LYS 46, A136-CYD 1 :      -0.01367017 at      1.617 Ang (1.876 Ang by residue) in 2.0727 (sec).
 3-Body  A74-GLU 38, A135-LYS 46, A136-CYS 2 :      -0.01698156 at      1.616 Ang (1.876 Ang by residue) in 2.0552 (sec).
 3-Body  A74-GLU 38, A135-LYS 46, A136-CYS 4 :      -0.02715354 at      1.614 Ang (1.876 Ang by residue) in 2.2198 (sec).
 3-Body  A74-GLU 38, A135-LYS 46, A136-CYS 5 :      -0.01698156 at      1.616 Ang (1.876 Ang by residue) in 2.5624 (sec).
 3-Body  A74-GLU 38, A135-LYS 46, A136-CYS 7 :      -0.02715354 at      1.614 Ang (1.876 Ang by residue) in 2.0970 (sec).
 3-Body  A74-GLU 38, A135-LYS 46, A136-CYD 8 :      -0.01940647 at      1.616 Ang (1.876 Ang by residue) in 2.3312 (sec).
 3-Body  A74-GLU 38, A135-LYS 46, A136-CYD 9 :      -0.02974441 at      1.609 Ang (1.876 Ang by residue) in 2.3433 (sec).
 3-Body  A74-GLU 38, A135-LYS 46, A136-CYD 10:      -0.01236444 at      1.614 Ang (1.876 Ang by residue) in 2.3095 (sec).
 3-Body  A74-GLU 38, A135-LYS 47, A136-CYS 0 :      -0.03041818 at      1.617 Ang (1.876 Ang by residue) in 2.1698 (sec).
 3-Body  A74-GLU 38, A135-LYS 47, A136-CYD 1 :      -0.01745286 at      1.617 Ang (1.876 Ang by residue) in 2.1538 (sec).
 3-Body  A74-GLU 38, A135-LYS 47, A136-CYS 2 :      -0.02126893 at      1.616 Ang (1.876 Ang by residue) in 2.2549 (sec).
 3-Body  A74-GLU 38, A135-LYS 47, A136-CYS 4 :      -0.02974179 at      1.614 Ang (1.876 Ang by residue) in 2.1227 (sec).
 3-Body  A74-GLU 38, A135-LYS 47, A136-CYS 5 :      -0.02126893 at      1.616 Ang (1.876 Ang by residue) in 2.0920 (sec).
 3-Body  A74-GLU 38, A135-LYS 47, A136-CYS 7 :      -0.02974179 at      1.614 Ang (1.876 Ang by residue) in 2.1172 (sec).
 3-Body  A74-GLU 38, A135-LYS 47, A136-CYD 8 :      -0.02312709 at      1.616 Ang (1.876 Ang by residue) in 2.1663 (sec).
 3-Body  A74-GLU 38, A135-LYS 47, A136-CYD 9 :      -0.02990651 at      1.609 Ang (1.876 Ang by residue) in 2.1127 (sec).
 3-Body  A74-GLU 38, A135-LYS 47, A136-CYD 10:      -0.01591932 at      1.614 Ang (1.876 Ang by residue) in 2.2792 (sec).
 3-Body  A74-GLU 38, A135-LYS 48, A136-CYS 0 :      -0.02690441 at      1.617 Ang (1.876 Ang by residue) in 2.0205 (sec).
 3-Body  A74-GLU 38, A135-LYS 48, A136-CYD 1 :      -0.01468926 at      1.617 Ang (1.876 Ang by residue) in 2.2226 (sec).
 3-Body  A74-GLU 38, A135-LYS 48, A136-CYS 2 :      -0.01815676 at      1.616 Ang (1.876 Ang by residue) in 2.1752 (sec).
 3-Body  A74-GLU 38, A135-LYS 48, A136-CYS 4 :      -0.02641108 at      1.614 Ang (1.876 Ang by residue) in 2.2058 (sec).
 3-Body  A74-GLU 38, A135-LYS 48, A136-CYS 5 :      -0.01815676 at      1.616 Ang (1.876 Ang by residue) in 2.1925 (sec).
 3-Body  A74-GLU 38, A135-LYS 48, A136-CYS 7 :      -0.02641108 at      1.614 Ang (1.876 Ang by residue) in 2.1937 (sec).
 3-Body  A74-GLU 38, A135-LYS 48, A136-CYD 8 :      -0.02014813 at      1.616 Ang (1.876 Ang by residue) in 2.3199 (sec).
 3-Body  A74-GLU 38, A135-LYS 48, A136-CYD 9 :      -0.02830499 at      1.609 Ang (1.876 Ang by residue) in 2.2869 (sec).
 3-Body  A74-GLU 38, A135-LYS 48, A136-CYD 10:      -0.01332183 at      1.614 Ang (1.876 Ang by residue) in 2.1708 (sec).
 3-Body  A74-GLU 38, A135-LYS 49, A136-CYS 0 :      -0.02748998 at      1.617 Ang (1.876 Ang by residue) in 2.1595 (sec).
 3-Body  A74-GLU 38, A135-LYS 49, A136-CYD 1 :      -0.01635113 at      1.617 Ang (1.876 Ang by residue) in 2.2105 (sec).
 3-Body  A74-GLU 38, A135-LYS 49, A136-CYS 2 :      -0.01971729 at      1.616 Ang (1.876 Ang by residue) in 2.0310 (sec).
 3-Body  A74-GLU 38, A135-LYS 49, A136-CYS 4 :      -0.02692256 at      1.614 Ang (1.876 Ang by residue) in 2.0107 (sec).
 3-Body  A74-GLU 38, A135-LYS 49, A136-CYS 5 :      -0.01971729 at      1.616 Ang (1.876 Ang by residue) in 2.0781 (sec).
 3-Body  A74-GLU 38, A135-LYS 49, A136-CYS 7 :      -0.02692256 at      1.614 Ang (1.876 Ang by residue) in 2.2307 (sec).
 3-Body  A74-GLU 38, A135-LYS 49, A136-CYD 8 :      -0.02180467 at      1.616 Ang (1.876 Ang by residue) in 2.2441 (sec).
 3-Body  A74-GLU 38, A135-LYS 49, A136-CYD 9 :      -0.02889634 at      1.609 Ang (1.876 Ang by residue) in 2.1843 (sec).
 3-Body  A74-GLU 38, A135-LYS 49, A136-CYD 10:      -0.01493659 at      1.614 Ang (1.876 Ang by residue) in 2.1817 (sec).
 3-Body  A74-GLU 38, A135-LYS 52, A136-CYS 0 :      -0.02725986 at      1.617 Ang (1.876 Ang by residue) in 2.1345 (sec).
 3-Body  A74-GLU 38, A135-LYS 52, A136-CYD 1 :      -0.01715445 at      1.617 Ang (1.876 Ang by residue) in 2.3848 (sec).
 3-Body  A74-GLU 38, A135-LYS 52, A136-CYS 2 :      -0.02016192 at      1.616 Ang (1.876 Ang by residue) in 2.1018 (sec).
 3-Body  A74-GLU 38, A135-LYS 52, A136-CYS 4 :      -0.02668611 at      1.614 Ang (1.876 Ang by residue) in 1.9734 (sec).
 3-Body  A74-GLU 38, A135-LYS 52, A136-CYS 5 :      -0.02016192 at      1.616 Ang (1.876 Ang by residue) in 1.9683 (sec).
 3-Body  A74-GLU 38, A135-LYS 52, A136-CYS 7 :      -0.02668611 at      1.614 Ang (1.876 Ang by residue) in 2.0393 (sec).
 3-Body  A74-GLU 38, A135-LYS 52, A136-CYD 8 :      -0.02234908 at      1.616 Ang (1.876 Ang by residue) in 2.3372 (sec).
 3-Body  A74-GLU 38, A135-LYS 52, A136-CYD 9 :      -0.02895770 at      1.609 Ang (1.876 Ang by residue) in 2.1803 (sec).
 3-Body  A74-GLU 38, A135-LYS 52, A136-CYD 10:      -0.01576110 at      1.614 Ang (1.876 Ang by residue) in 2.1663 (sec).
 3-Body  A74-GLU 38, A135-LYS 53, A136-CYS 0 :      -0.02596442 at      1.617 Ang (1.876 Ang by residue) in 2.1514 (sec).
 3-Body  A74-GLU 38, A135-LYS 53, A136-CYD 1 :      -0.01733329 at      1.617 Ang (1.876 Ang by residue) in 2.2036 (sec).
 3-Body  A74-GLU 38, A135-LYS 53, A136-CYS 2 :      -0.02018663 at      1.616 Ang (1.876 Ang by residue) in 2.1387 (sec).
 3-Body  A74-GLU 38, A135-LYS 53, A136-CYS 4 :      -0.02534560 at      1.614 Ang (1.876 Ang by residue) in 2.0614 (sec).
 3-Body  A74-GLU 38, A135-LYS 53, A136-CYS 5 :      -0.02018663 at      1.616 Ang (1.876 Ang by residue) in 2.1034 (sec).
 3-Body  A74-GLU 38, A135-LYS 53, A136-CYS 7 :      -0.02534560 at      1.614 Ang (1.876 Ang by residue) in 2.1872 (sec).
 3-Body  A74-GLU 38, A135-LYS 53, A136-CYD 8 :      -0.02231939 at      1.616 Ang (1.876 Ang by residue) in 2.2255 (sec).
 3-Body  A74-GLU 38, A135-LYS 53, A136-CYD 9 :      -0.02791826 at      1.609 Ang (1.876 Ang by residue) in 2.2032 (sec).
 3-Body  A74-GLU 38, A135-LYS 53, A136-CYD 10:      -0.01596064 at      1.614 Ang (1.876 Ang by residue) in 2.1175 (sec).
 3-Body  A74-GLU 38, A135-LYS 54, A136-CYS 0 :      -0.02893368 at      1.617 Ang (1.876 Ang by residue) in 2.1252 (sec).
 3-Body  A74-GLU 38, A135-LYS 54, A136-CYD 1 :      -0.01898063 at      1.617 Ang (1.876 Ang by residue) in 2.1835 (sec).
 3-Body  A74-GLU 38, A135-LYS 54, A136-CYS 2 :      -0.02246996 at      1.616 Ang (1.876 Ang by residue) in 2.1810 (sec).
 3-Body  A74-GLU 38, A135-LYS 54, A136-CYS 4 :      -0.02822884 at      1.614 Ang (1.876 Ang by residue) in 2.2249 (sec).
 3-Body  A74-GLU 38, A135-LYS 54, A136-CYS 5 :      -0.02246996 at      1.616 Ang (1.876 Ang by residue) in 2.0648 (sec).
 3-Body  A74-GLU 38, A135-LYS 54, A136-CYS 7 :      -0.02822884 at      1.614 Ang (1.876 Ang by residue) in 2.0765 (sec).
 3-Body  A74-GLU 38, A135-LYS 54, A136-CYD 8 :      -0.02451687 at      1.616 Ang (1.876 Ang by residue) in 2.1047 (sec).
 3-Body  A74-GLU 38, A135-LYS 54, A136-CYD 9 :      -0.02962696 at      1.609 Ang (1.876 Ang by residue) in 1.9728 (sec).
 3-Body  A74-GLU 38, A135-LYS 54, A136-CYD 10:      -0.01749465 at      1.614 Ang (1.876 Ang by residue) in 2.0982 (sec).
 3-Body  A74-GLU 38, A135-LYS 55, A136-CYS 0 :      -0.02589330 at      1.617 Ang (1.876 Ang by residue) in 1.9742 (sec).
 3-Body  A74-GLU 38, A135-LYS 55, A136-CYD 1 :      -0.01756911 at      1.617 Ang (1.876 Ang by residue) in 2.1143 (sec).
 3-Body  A74-GLU 38, A135-LYS 55, A136-CYS 2 :      -0.02033463 at      1.616 Ang (1.876 Ang by residue) in 2.0811 (sec).
 3-Body  A74-GLU 38, A135-LYS 55, A136-CYS 4 :      -0.02533242 at      1.614 Ang (1.876 Ang by residue) in 2.1068 (sec).
 3-Body  A74-GLU 38, A135-LYS 55, A136-CYS 5 :      -0.02033463 at      1.616 Ang (1.876 Ang by residue) in 2.1804 (sec).
 3-Body  A74-GLU 38, A135-LYS 55, A136-CYS 7 :      -0.02533242 at      1.614 Ang (1.876 Ang by residue) in 2.0981 (sec).
 3-Body  A74-GLU 38, A135-LYS 55, A136-CYD 8 :      -0.02298458 at      1.616 Ang (1.876 Ang by residue) in 2.1755 (sec).
 3-Body  A74-GLU 38, A135-LYS 55, A136-CYD 9 :      -0.02942751 at      1.609 Ang (1.876 Ang by residue) in 2.2558 (sec).
 3-Body  A74-GLU 38, A135-LYS 55, A136-CYD 10:      -0.01616514 at      1.614 Ang (1.876 Ang by residue) in 2.1682 (sec).
 3-Body  A74-GLU 40, A135-LYS 0 , A136-CYS 0 :       0.00025366 at      1.933 Ang (1.876 Ang by residue) in 2.1100 (sec).
 3-Body  A74-GLU 40, A135-LYS 0 , A136-CYD 1 :      -0.00024528 at      1.933 Ang (1.876 Ang by residue) in 2.1713 (sec).
 3-Body  A74-GLU 40, A135-LYS 0 , A136-CYS 2 :       0.00006388 at      2.022 Ang (1.876 Ang by residue) in 2.1178 (sec).
 3-Body  A74-GLU 40, A135-LYS 0 , A136-CYS 4 :       0.00026211 at      1.933 Ang (1.876 Ang by residue) in 1.9510 (sec).
 3-Body  A74-GLU 40, A135-LYS 0 , A136-CYS 5 :       0.00006388 at      2.022 Ang (1.876 Ang by residue) in 2.0569 (sec).
 3-Body  A74-GLU 40, A135-LYS 0 , A136-CYS 7 :       0.00026211 at      1.933 Ang (1.876 Ang by residue) in 2.1057 (sec).
 3-Body  A74-GLU 40, A135-LYS 0 , A136-CYD 8 :      -0.00016370 at      1.933 Ang (1.876 Ang by residue) in 2.2941 (sec).
 3-Body  A74-GLU 40, A135-LYS 0 , A136-CYD 9 :       0.00026609 at      1.933 Ang (1.876 Ang by residue) in 1.9954 (sec).
 3-Body  A74-GLU 40, A135-LYS 0 , A136-CYD 10:      -0.00024092 at      1.933 Ang (1.876 Ang by residue) in 2.1227 (sec).
 3-Body  A74-GLU 40, A135-LYD 1 , A136-CYS 0 :       0.00006611 at      1.933 Ang (1.876 Ang by residue) in 2.0115 (sec).
 3-Body  A74-GLU 40, A135-LYD 1 , A136-CYD 1 :      -0.00073782 at      1.933 Ang (1.876 Ang by residue) in 2.0069 (sec).
 3-Body  A74-GLU 40, A135-LYD 1 , A136-CYS 2 :       0.00004647 at      2.022 Ang (1.876 Ang by residue) in 1.9715 (sec).
 3-Body  A74-GLU 40, A135-LYD 1 , A136-CYS 4 :       0.00007057 at      1.933 Ang (1.876 Ang by residue) in 2.1606 (sec).
 3-Body  A74-GLU 40, A135-LYD 1 , A136-CYS 5 :       0.00004647 at      2.022 Ang (1.876 Ang by residue) in 2.1745 (sec).
 3-Body  A74-GLU 40, A135-LYD 1 , A136-CYS 7 :       0.00007057 at      1.933 Ang (1.876 Ang by residue) in 2.2911 (sec).
 3-Body  A74-GLU 40, A135-LYD 1 , A136-CYD 8 :      -0.00024659 at      1.933 Ang (1.876 Ang by residue) in 2.2215 (sec).
 3-Body  A74-GLU 40, A135-LYD 1 , A136-CYD 9 :      -0.00030882 at      1.933 Ang (1.876 Ang by residue) in 2.3573 (sec).
 3-Body  A74-GLU 40, A135-LYD 1 , A136-CYD 10:      -0.00075583 at      1.933 Ang (1.876 Ang by residue) in 2.2418 (sec).
 3-Body  A74-GLU 40, A135-LYD 7 , A136-CYS 0 :       0.00003391 at      1.923 Ang (1.876 Ang by residue) in 2.0239 (sec).
 3-Body  A74-GLU 40, A135-LYD 7 , A136-CYD 1 :      -0.00108232 at      1.923 Ang (1.876 Ang by residue) in 1.9470 (sec).
 3-Body  A74-GLU 40, A135-LYD 7 , A136-CYS 2 :       0.00002241 at      2.013 Ang (1.876 Ang by residue) in 1.7390 (sec).
 3-Body  A74-GLU 40, A135-LYD 7 , A136-CYS 4 :       0.00003556 at      1.924 Ang (1.876 Ang by residue) in 1.8348 (sec).
 3-Body  A74-GLU 40, A135-LYD 7 , A136-CYS 5 :       0.00002241 at      2.013 Ang (1.876 Ang by residue) in 1.9484 (sec).
 3-Body  A74-GLU 40, A135-LYD 7 , A136-CYS 7 :       0.00003556 at      1.924 Ang (1.876 Ang by residue) in 1.8172 (sec).
 3-Body  A74-GLU 40, A135-LYD 7 , A136-CYD 8 :      -0.00030590 at      1.924 Ang (1.876 Ang by residue) in 1.9056 (sec).
 3-Body  A74-GLU 40, A135-LYD 7 , A136-CYD 9 :      -0.00063943 at      1.924 Ang (1.876 Ang by residue) in 2.1985 (sec).
 3-Body  A74-GLU 40, A135-LYD 7 , A136-CYD 10:      -0.00112374 at      1.924 Ang (1.876 Ang by residue) in 2.0902 (sec).
 3-Body  A74-GLU 40, A135-LYD 8 , A136-CYS 0 :       0.00009689 at      1.923 Ang (1.876 Ang by residue) in 2.1150 (sec).
 3-Body  A74-GLU 40, A135-LYD 8 , A136-CYD 1 :      -0.00095123 at      1.923 Ang (1.876 Ang by residue) in 2.1912 (sec).
 3-Body  A74-GLU 40, A135-LYD 8 , A136-CYS 2 :       0.00004314 at      2.013 Ang (1.876 Ang by residue) in 2.1159 (sec).
 3-Body  A74-GLU 40, A135-LYD 8 , A136-CYS 4 :       0.00010094 at      1.924 Ang (1.876 Ang by residue) in 2.1741 (sec).
 3-Body  A74-GLU 40, A135-LYD 8 , A136-CYS 5 :       0.00004314 at      2.013 Ang (1.876 Ang by residue) in 2.0686 (sec).
 3-Body  A74-GLU 40, A135-LYD 8 , A136-CYS 7 :       0.00010094 at      1.924 Ang (1.876 Ang by residue) in 1.9914 (sec).
 3-Body  A74-GLU 40, A135-LYD 8 , A136-CYD 8 :      -0.00027595 at      1.924 Ang (1.876 Ang by residue) in 2.1139 (sec).
 3-Body  A74-GLU 40, A135-LYD 8 , A136-CYD 9 :      -0.00048719 at      1.924 Ang (1.876 Ang by residue) in 2.1683 (sec).
 3-Body  A74-GLU 40, A135-LYD 8 , A136-CYD 10:      -0.00098536 at      1.924 Ang (1.876 Ang by residue) in 2.3037 (sec).
 3-Body  A74-GLU 40, A135-LYD 9 , A136-CYS 0 :       0.00010384 at      1.923 Ang (1.876 Ang by residue) in 1.9812 (sec).
 3-Body  A74-GLU 40, A135-LYD 9 , A136-CYD 1 :      -0.00095629 at      1.923 Ang (1.876 Ang by residue) in 2.1856 (sec).
 3-Body  A74-GLU 40, A135-LYD 9 , A136-CYS 2 :       0.00004664 at      2.013 Ang (1.876 Ang by residue) in 2.1332 (sec).
 3-Body  A74-GLU 40, A135-LYD 9 , A136-CYS 4 :       0.00010853 at      1.924 Ang (1.876 Ang by residue) in 2.0907 (sec).
 3-Body  A74-GLU 40, A135-LYD 9 , A136-CYS 5 :       0.00004664 at      2.013 Ang (1.876 Ang by residue) in 2.1082 (sec).
 3-Body  A74-GLU 40, A135-LYD 9 , A136-CYS 7 :       0.00010853 at      1.924 Ang (1.876 Ang by residue) in 2.0194 (sec).
 3-Body  A74-GLU 40, A135-LYD 9 , A136-CYD 8 :      -0.00027118 at      1.924 Ang (1.876 Ang by residue) in 2.2501 (sec).
 3-Body  A74-GLU 40, A135-LYD 9 , A136-CYD 9 :      -0.00043997 at      1.924 Ang (1.876 Ang by residue) in 2.3468 (sec).
 3-Body  A74-GLU 40, A135-LYD 9 , A136-CYD 10:      -0.00099029 at      1.924 Ang (1.876 Ang by residue) in 2.3518 (sec).
 3-Body  A74-GLU 40, A135-LYD 10, A136-CYS 0 :      -0.00076512 at      1.760 Ang (1.876 Ang by residue) in 2.1666 (sec).
 3-Body  A74-GLU 40, A135-LYD 10, A136-CYD 1 :      -0.00264610 at      1.760 Ang (1.876 Ang by residue) in 2.1367 (sec).
 3-Body  A74-GLU 40, A135-LYD 10, A136-CYS 2 :      -0.00015086 at      1.858 Ang (1.876 Ang by residue) in 2.1201 (sec).
 3-Body  A74-GLU 40, A135-LYD 10, A136-CYS 4 :      -0.00078923 at      1.760 Ang (1.876 Ang by residue) in 2.1314 (sec).
 3-Body  A74-GLU 40, A135-LYD 10, A136-CYS 5 :      -0.00015086 at      1.858 Ang (1.876 Ang by residue) in 2.0628 (sec).
 3-Body  A74-GLU 40, A135-LYD 10, A136-CYS 7 :      -0.00078923 at      1.760 Ang (1.876 Ang by residue) in 2.0936 (sec).
 3-Body  A74-GLU 40, A135-LYD 10, A136-CYD 8 :      -0.00045786 at      1.760 Ang (1.876 Ang by residue) in 2.2605 (sec).
 3-Body  A74-GLU 40, A135-LYD 10, A136-CYD 9 :      -0.00113969 at      1.760 Ang (1.876 Ang by residue) in 2.2677 (sec).
 3-Body  A74-GLU 40, A135-LYD 10, A136-CYD 10:      -0.00279292 at      1.760 Ang (1.876 Ang by residue) in 2.2136 (sec).
 3-Body  A74-GLU 40, A135-LYD 11, A136-CYS 0 :      -0.00011874 at      1.841 Ang (1.876 Ang by residue) in 1.9885 (sec).
 3-Body  A74-GLU 40, A135-LYD 11, A136-CYD 1 :      -0.00174868 at      1.841 Ang (1.876 Ang by residue) in 2.0308 (sec).
 3-Body  A74-GLU 40, A135-LYD 11, A136-CYS 2 :      -0.00005785 at      1.935 Ang (1.876 Ang by residue) in 1.9799 (sec).
 3-Body  A74-GLU 40, A135-LYD 11, A136-CYS 4 :      -0.00011628 at      1.842 Ang (1.876 Ang by residue) in 2.0021 (sec).
 3-Body  A74-GLU 40, A135-LYD 11, A136-CYS 5 :      -0.00005785 at      1.935 Ang (1.876 Ang by residue) in 1.8673 (sec).
 3-Body  A74-GLU 40, A135-LYD 11, A136-CYS 7 :      -0.00011628 at      1.842 Ang (1.876 Ang by residue) in 1.8524 (sec).
 3-Body  A74-GLU 40, A135-LYD 11, A136-CYD 8 :      -0.00038665 at      1.842 Ang (1.876 Ang by residue) in 1.9522 (sec).
 3-Body  A74-GLU 40, A135-LYD 11, A136-CYD 9 :      -0.00064139 at      1.842 Ang (1.876 Ang by residue) in 2.2154 (sec).
 3-Body  A74-GLU 40, A135-LYD 11, A136-CYD 10:      -0.00181984 at      1.842 Ang (1.876 Ang by residue) in 2.2751 (sec).
 3-Body  A74-GLU 40, A135-LYD 12, A136-CYS 0 :       0.00003214 at      1.919 Ang (1.876 Ang by residue) in 2.0315 (sec).
 3-Body  A74-GLU 40, A135-LYD 12, A136-CYD 1 :      -0.00112807 at      1.919 Ang (1.876 Ang by residue) in 2.2570 (sec).
 3-Body  A74-GLU 40, A135-LYD 12, A136-CYS 2 :       0.00000547 at      2.010 Ang (1.876 Ang by residue) in 2.2183 (sec).
 3-Body  A74-GLU 40, A135-LYD 12, A136-CYS 4 :       0.00003664 at      1.920 Ang (1.876 Ang by residue) in 2.1267 (sec).
 3-Body  A74-GLU 40, A135-LYD 12, A136-CYS 5 :       0.00000547 at      2.010 Ang (1.876 Ang by residue) in 2.0107 (sec).
 3-Body  A74-GLU 40, A135-LYD 12, A136-CYS 7 :       0.00003664 at      1.920 Ang (1.876 Ang by residue) in 2.1268 (sec).
 3-Body  A74-GLU 40, A135-LYD 12, A136-CYD 8 :      -0.00030592 at      1.920 Ang (1.876 Ang by residue) in 2.2739 (sec).
 3-Body  A74-GLU 40, A135-LYD 12, A136-CYD 9 :      -0.00059236 at      1.920 Ang (1.876 Ang by residue) in 2.1981 (sec).
 3-Body  A74-GLU 40, A135-LYD 12, A136-CYD 10:      -0.00117091 at      1.920 Ang (1.876 Ang by residue) in 2.0887 (sec).
 3-Body  A74-GLU 40, A135-LYD 13, A136-CYS 0 :       0.00005234 at      1.919 Ang (1.876 Ang by residue) in 2.3002 (sec).
 3-Body  A74-GLU 40, A135-LYD 13, A136-CYD 1 :      -0.00110498 at      1.919 Ang (1.876 Ang by residue) in 2.3608 (sec).
 3-Body  A74-GLU 40, A135-LYD 13, A136-CYS 2 :       0.00001211 at      2.010 Ang (1.876 Ang by residue) in 2.1428 (sec).
 3-Body  A74-GLU 40, A135-LYD 13, A136-CYS 4 :       0.00005804 at      1.920 Ang (1.876 Ang by residue) in 2.1136 (sec).
 3-Body  A74-GLU 40, A135-LYD 13, A136-CYS 5 :       0.00001211 at      2.010 Ang (1.876 Ang by residue) in 2.2355 (sec).
 3-Body  A74-GLU 40, A135-LYD 13, A136-CYS 7 :       0.00005804 at      1.920 Ang (1.876 Ang by residue) in 2.3039 (sec).
 3-Body  A74-GLU 40, A135-LYD 13, A136-CYD 8 :      -0.00029491 at      1.920 Ang (1.876 Ang by residue) in 2.3122 (sec).
 3-Body  A74-GLU 40, A135-LYD 13, A136-CYD 9 :      -0.00051764 at      1.920 Ang (1.876 Ang by residue) in 2.1864 (sec).
 3-Body  A74-GLU 40, A135-LYD 13, A136-CYD 10:      -0.00114620 at      1.920 Ang (1.876 Ang by residue) in 2.1837 (sec).
 3-Body  A74-GLU 40, A135-LYD 14, A136-CYS 0 :      -0.00001402 at      1.862 Ang (1.876 Ang by residue) in 2.2737 (sec).
 3-Body  A74-GLU 40, A135-LYD 14, A136-CYD 1 :      -0.00135840 at      1.862 Ang (1.876 Ang by residue) in 2.1964 (sec).
 3-Body  A74-GLU 40, A135-LYD 14, A136-CYS 2 :       0.00000319 at      1.955 Ang (1.876 Ang by residue) in 2.1008 (sec).
 3-Body  A74-GLU 40, A135-LYD 14, A136-CYS 4 :      -0.00000970 at      1.863 Ang (1.876 Ang by residue) in 2.1662 (sec).
 3-Body  A74-GLU 40, A135-LYD 14, A136-CYS 5 :       0.00000319 at      1.955 Ang (1.876 Ang by residue) in 2.1852 (sec).
 3-Body  A74-GLU 40, A135-LYD 14, A136-CYS 7 :      -0.00000970 at      1.863 Ang (1.876 Ang by residue) in 2.0546 (sec).
 3-Body  A74-GLU 40, A135-LYD 14, A136-CYD 8 :      -0.00033940 at      1.863 Ang (1.876 Ang by residue) in 2.1269 (sec).
 3-Body  A74-GLU 40, A135-LYD 14, A136-CYD 9 :      -0.00071277 at      1.863 Ang (1.876 Ang by residue) in 2.2063 (sec).
 3-Body  A74-GLU 40, A135-LYD 14, A136-CYD 10:      -0.00141448 at      1.863 Ang (1.876 Ang by residue) in 2.2853 (sec).
 3-Body  A74-GLU 40, A135-LYD 15, A136-CYS 0 :       0.00004811 at      1.919 Ang (1.876 Ang by residue) in 2.1526 (sec).
 3-Body  A74-GLU 40, A135-LYD 15, A136-CYD 1 :      -0.00110624 at      1.919 Ang (1.876 Ang by residue) in 2.1016 (sec).
 3-Body  A74-GLU 40, A135-LYD 15, A136-CYS 2 :       0.00001774 at      2.010 Ang (1.876 Ang by residue) in 2.1199 (sec).
 3-Body  A74-GLU 40, A135-LYD 15, A136-CYS 4 :       0.00005369 at      1.920 Ang (1.876 Ang by residue) in 2.1441 (sec).
 3-Body  A74-GLU 40, A135-LYD 15, A136-CYS 5 :       0.00001774 at      2.010 Ang (1.876 Ang by residue) in 2.1028 (sec).
 3-Body  A74-GLU 40, A135-LYD 15, A136-CYS 7 :       0.00005369 at      1.920 Ang (1.876 Ang by residue) in 2.1073 (sec).
 3-Body  A74-GLU 40, A135-LYD 15, A136-CYD 8 :      -0.00029749 at      1.920 Ang (1.876 Ang by residue) in 2.1188 (sec).
 3-Body  A74-GLU 40, A135-LYD 15, A136-CYD 9 :      -0.00049712 at      1.920 Ang (1.876 Ang by residue) in 2.1646 (sec).
 3-Body  A74-GLU 40, A135-LYD 15, A136-CYD 10:      -0.00114576 at      1.920 Ang (1.876 Ang by residue) in 2.2451 (sec).
 3-Body  A74-GLU 40, A135-LYD 16, A136-CYS 0 :       0.00006341 at      1.919 Ang (1.876 Ang by residue) in 2.0324 (sec).
 3-Body  A74-GLU 40, A135-LYD 16, A136-CYD 1 :      -0.00107374 at      1.919 Ang (1.876 Ang by residue) in 2.0867 (sec).
 3-Body  A74-GLU 40, A135-LYD 16, A136-CYS 2 :       0.00001981 at      2.010 Ang (1.876 Ang by residue) in 2.1498 (sec).
 3-Body  A74-GLU 40, A135-LYD 16, A136-CYS 4 :       0.00006878 at      1.920 Ang (1.876 Ang by residue) in 2.0492 (sec).
 3-Body  A74-GLU 40, A135-LYD 16, A136-CYS 5 :       0.00001981 at      2.010 Ang (1.876 Ang by residue) in 2.1256 (sec).
 3-Body  A74-GLU 40, A135-LYD 16, A136-CYS 7 :       0.00006878 at      1.920 Ang (1.876 Ang by residue) in 2.1401 (sec).
 3-Body  A74-GLU 40, A135-LYD 16, A136-CYD 8 :      -0.00029495 at      1.920 Ang (1.876 Ang by residue) in 2.2974 (sec).
 3-Body  A74-GLU 40, A135-LYD 16, A136-CYD 9 :      -0.00047698 at      1.920 Ang (1.876 Ang by residue) in 2.2326 (sec).
 3-Body  A74-GLU 40, A135-LYD 16, A136-CYD 10:      -0.00111259 at      1.920 Ang (1.876 Ang by residue) in 2.2513 (sec).
 3-Body  A74-GLU 40, A135-LYD 19, A136-CYS 0 :       0.00007395 at      1.933 Ang (1.876 Ang by residue) in 2.0773 (sec).
 3-Body  A74-GLU 40, A135-LYD 19, A136-CYD 1 :      -0.00074381 at      1.933 Ang (1.876 Ang by residue) in 2.1787 (sec).
 3-Body  A74-GLU 40, A135-LYD 19, A136-CYS 2 :       0.00004352 at      2.022 Ang (1.876 Ang by residue) in 1.9965 (sec).
 3-Body  A74-GLU 40, A135-LYD 19, A136-CYS 4 :       0.00007858 at      1.933 Ang (1.876 Ang by residue) in 1.9576 (sec).
 3-Body  A74-GLU 40, A135-LYD 19, A136-CYS 5 :       0.00004352 at      2.022 Ang (1.876 Ang by residue) in 2.0485 (sec).
 3-Body  A74-GLU 40, A135-LYD 19, A136-CYS 7 :       0.00007858 at      1.933 Ang (1.876 Ang by residue) in 1.9881 (sec).
 3-Body  A74-GLU 40, A135-LYD 19, A136-CYD 8 :      -0.00024747 at      1.933 Ang (1.876 Ang by residue) in 2.1840 (sec).
 3-Body  A74-GLU 40, A135-LYD 19, A136-CYD 9 :      -0.00030702 at      1.933 Ang (1.876 Ang by residue) in 2.1467 (sec).
 3-Body  A74-GLU 40, A135-LYD 19, A136-CYD 10:      -0.00076214 at      1.933 Ang (1.876 Ang by residue) in 2.3209 (sec).
 3-Body  A74-GLU 40, A135-LYD 20, A136-CYS 0 :       0.00005612 at      1.933 Ang (1.876 Ang by residue) in 2.1724 (sec).
 3-Body  A74-GLU 40, A135-LYD 20, A136-CYD 1 :      -0.00074093 at      1.933 Ang (1.876 Ang by residue) in 2.1062 (sec).
 3-Body  A74-GLU 40, A135-LYD 20, A136-CYS 2 :       0.00003898 at      2.022 Ang (1.876 Ang by residue) in 2.1807 (sec).
 3-Body  A74-GLU 40, A135-LYD 20, A136-CYS 4 :       0.00006006 at      1.933 Ang (1.876 Ang by residue) in 1.9900 (sec).
 3-Body  A74-GLU 40, A135-LYD 20, A136-CYS 5 :       0.00003898 at      2.022 Ang (1.876 Ang by residue) in 2.1529 (sec).
 3-Body  A74-GLU 40, A135-LYD 20, A136-CYS 7 :       0.00006006 at      1.933 Ang (1.876 Ang by residue) in 2.1818 (sec).
 3-Body  A74-GLU 40, A135-LYD 20, A136-CYD 8 :      -0.00025501 at      1.933 Ang (1.876 Ang by residue) in 2.1605 (sec).
 3-Body  A74-GLU 40, A135-LYD 20, A136-CYD 9 :      -0.00034828 at      1.933 Ang (1.876 Ang by residue) in 2.1923 (sec).
 3-Body  A74-GLU 40, A135-LYD 20, A136-CYD 10:      -0.00075889 at      1.933 Ang (1.876 Ang by residue) in 2.2962 (sec).
 3-Body  A74-GLU 40, A135-LYD 21, A136-CYS 0 :       0.00006608 at      1.933 Ang (1.876 Ang by residue) in 2.2484 (sec).
 3-Body  A74-GLU 40, A135-LYD 21, A136-CYD 1 :      -0.00073784 at      1.933 Ang (1.876 Ang by residue) in 2.1954 (sec).
 3-Body  A74-GLU 40, A135-LYD 21, A136-CYS 2 :       0.00004645 at      2.022 Ang (1.876 Ang by residue) in 2.0500 (sec).
 3-Body  A74-GLU 40, A135-LYD 21, A136-CYS 4 :       0.00007054 at      1.933 Ang (1.876 Ang by residue) in 2.1109 (sec).
 3-Body  A74-GLU 40, A135-LYD 21, A136-CYS 5 :       0.00004645 at      2.022 Ang (1.876 Ang by residue) in 2.0564 (sec).
 3-Body  A74-GLU 40, A135-LYD 21, A136-CYS 7 :       0.00007054 at      1.933 Ang (1.876 Ang by residue) in 2.0715 (sec).
 3-Body  A74-GLU 40, A135-LYD 21, A136-CYD 8 :      -0.00024659 at      1.933 Ang (1.876 Ang by residue) in 2.3205 (sec).
 3-Body  A74-GLU 40, A135-LYD 21, A136-CYD 9 :      -0.00030887 at      1.933 Ang (1.876 Ang by residue) in 2.1396 (sec).
 3-Body  A74-GLU 40, A135-LYD 21, A136-CYD 10:      -0.00075585 at      1.933 Ang (1.876 Ang by residue) in 2.2653 (sec).
 3-Body  A74-GLU 40, A135-LYD 22, A136-CYS 0 :       0.00006932 at      1.933 Ang (1.876 Ang by residue) in 2.1333 (sec).
 3-Body  A74-GLU 40, A135-LYD 22, A136-CYD 1 :      -0.00072802 at      1.933 Ang (1.876 Ang by residue) in 2.1097 (sec).
 3-Body  A74-GLU 40, A135-LYD 22, A136-CYS 2 :       0.00004504 at      2.022 Ang (1.876 Ang by residue) in 2.1637 (sec).
 3-Body  A74-GLU 40, A135-LYD 22, A136-CYS 4 :       0.00007347 at      1.933 Ang (1.876 Ang by residue) in 2.2220 (sec).
 3-Body  A74-GLU 40, A135-LYD 22, A136-CYS 5 :       0.00004504 at      2.022 Ang (1.876 Ang by residue) in 2.1435 (sec).
 3-Body  A74-GLU 40, A135-LYD 22, A136-CYS 7 :       0.00007347 at      1.933 Ang (1.876 Ang by residue) in 2.1009 (sec).
 3-Body  A74-GLU 40, A135-LYD 22, A136-CYD 8 :      -0.00024857 at      1.933 Ang (1.876 Ang by residue) in 2.3525 (sec).
 3-Body  A74-GLU 40, A135-LYD 22, A136-CYD 9 :      -0.00030563 at      1.933 Ang (1.876 Ang by residue) in 2.3342 (sec).
 3-Body  A74-GLU 40, A135-LYD 22, A136-CYD 10:      -0.00074611 at      1.933 Ang (1.876 Ang by residue) in 2.3520 (sec).
 3-Body  A74-GLU 40, A135-LYD 25, A136-CYS 0 :       0.00006324 at      1.933 Ang (1.876 Ang by residue) in 2.0864 (sec).
 3-Body  A74-GLU 40, A135-LYD 25, A136-CYD 1 :      -0.00072612 at      1.933 Ang (1.876 Ang by residue) in 2.1668 (sec).
 3-Body  A74-GLU 40, A135-LYD 25, A136-CYS 2 :       0.00004620 at      2.022 Ang (1.876 Ang by residue) in 2.0851 (sec).
 3-Body  A74-GLU 40, A135-LYD 25, A136-CYS 4 :       0.00006677 at      1.933 Ang (1.876 Ang by residue) in 2.1905 (sec).
 3-Body  A74-GLU 40, A135-LYD 25, A136-CYS 5 :       0.00004620 at      2.022 Ang (1.876 Ang by residue) in 2.1603 (sec).
 3-Body  A74-GLU 40, A135-LYD 25, A136-CYS 7 :       0.00006677 at      1.933 Ang (1.876 Ang by residue) in 2.1105 (sec).
 3-Body  A74-GLU 40, A135-LYD 25, A136-CYD 8 :      -0.00024967 at      1.933 Ang (1.876 Ang by residue) in 2.0956 (sec).
 3-Body  A74-GLU 40, A135-LYD 25, A136-CYD 9 :      -0.00031970 at      1.933 Ang (1.876 Ang by residue) in 2.2951 (sec).
 3-Body  A74-GLU 40, A135-LYD 25, A136-CYD 10:      -0.00074422 at      1.933 Ang (1.876 Ang by residue) in 2.3130 (sec).
 3-Body  A74-GLU 40, A135-LYD 26, A136-CYS 0 :       0.00007599 at      1.933 Ang (1.876 Ang by residue) in 2.0561 (sec).
 3-Body  A74-GLU 40, A135-LYD 26, A136-CYD 1 :      -0.00070186 at      1.933 Ang (1.876 Ang by residue) in 2.0934 (sec).
 3-Body  A74-GLU 40, A135-LYD 26, A136-CYS 2 :       0.00004709 at      2.022 Ang (1.876 Ang by residue) in 2.0731 (sec).
 3-Body  A74-GLU 40, A135-LYD 26, A136-CYS 4 :       0.00007960 at      1.933 Ang (1.876 Ang by residue) in 2.1201 (sec).
 3-Body  A74-GLU 40, A135-LYD 26, A136-CYS 5 :       0.00004709 at      2.022 Ang (1.876 Ang by residue) in 2.0851 (sec).
 3-Body  A74-GLU 40, A135-LYD 26, A136-CYS 7 :       0.00007960 at      1.933 Ang (1.876 Ang by residue) in 2.0595 (sec).
 3-Body  A74-GLU 40, A135-LYD 26, A136-CYD 8 :      -0.00024719 at      1.933 Ang (1.876 Ang by residue) in 2.2551 (sec).
 3-Body  A74-GLU 40, A135-LYD 26, A136-CYD 9 :      -0.00029797 at      1.933 Ang (1.876 Ang by residue) in 2.2215 (sec).
 3-Body  A74-GLU 40, A135-LYD 26, A136-CYD 10:      -0.00071930 at      1.933 Ang (1.876 Ang by residue) in 2.1597 (sec).
 3-Body  A74-GLU 40, A135-LYD 27, A136-CYS 0 :       0.00007484 at      1.933 Ang (1.876 Ang by residue) in 2.1031 (sec).
 3-Body  A74-GLU 40, A135-LYD 27, A136-CYD 1 :      -0.00070888 at      1.933 Ang (1.876 Ang by residue) in 2.2076 (sec).
 3-Body  A74-GLU 40, A135-LYD 27, A136-CYS 2 :       0.00004486 at      2.022 Ang (1.876 Ang by residue) in 2.1545 (sec).
 3-Body  A74-GLU 40, A135-LYD 27, A136-CYS 4 :       0.00007846 at      1.933 Ang (1.876 Ang by residue) in 2.0907 (sec).
 3-Body  A74-GLU 40, A135-LYD 27, A136-CYS 5 :       0.00004486 at      2.022 Ang (1.876 Ang by residue) in 2.1145 (sec).
 3-Body  A74-GLU 40, A135-LYD 27, A136-CYS 7 :       0.00007846 at      1.933 Ang (1.876 Ang by residue) in 2.0587 (sec).
 3-Body  A74-GLU 40, A135-LYD 27, A136-CYD 8 :      -0.00025433 at      1.933 Ang (1.876 Ang by residue) in 2.2619 (sec).
 3-Body  A74-GLU 40, A135-LYD 27, A136-CYD 9 :      -0.00032514 at      1.933 Ang (1.876 Ang by residue) in 2.2328 (sec).
 3-Body  A74-GLU 40, A135-LYD 27, A136-CYD 10:      -0.00072609 at      1.933 Ang (1.876 Ang by residue) in 2.2539 (sec).
 3-Body  A74-GLU 40, A135-LYD 28, A136-CYS 0 :       0.00007295 at      1.933 Ang (1.876 Ang by residue) in 2.2319 (sec).
 3-Body  A74-GLU 40, A135-LYD 28, A136-CYD 1 :      -0.00072251 at      1.933 Ang (1.876 Ang by residue) in 2.3623 (sec).
 3-Body  A74-GLU 40, A135-LYD 28, A136-CYS 2 :       0.00004532 at      2.022 Ang (1.876 Ang by residue) in 2.1432 (sec).
 3-Body  A74-GLU 40, A135-LYD 28, A136-CYS 4 :       0.00007652 at      1.933 Ang (1.876 Ang by residue) in 2.0341 (sec).
 3-Body  A74-GLU 40, A135-LYD 28, A136-CYS 5 :       0.00004532 at      2.022 Ang (1.876 Ang by residue) in 2.1971 (sec).
 3-Body  A74-GLU 40, A135-LYD 28, A136-CYS 7 :       0.00007652 at      1.933 Ang (1.876 Ang by residue) in 2.3120 (sec).
 3-Body  A74-GLU 40, A135-LYD 28, A136-CYD 8 :      -0.00025341 at      1.933 Ang (1.876 Ang by residue) in 2.3016 (sec).
 3-Body  A74-GLU 40, A135-LYD 28, A136-CYD 9 :      -0.00034197 at      1.933 Ang (1.876 Ang by residue) in 2.2973 (sec).
 3-Body  A74-GLU 40, A135-LYD 28, A136-CYD 10:      -0.00074075 at      1.933 Ang (1.876 Ang by residue) in 2.1655 (sec).
 3-Body  A74-GLU 40, A135-LYS 30, A136-CYS 0 :       0.00028599 at      1.933 Ang (1.876 Ang by residue) in 2.0708 (sec).
 3-Body  A74-GLU 40, A135-LYS 30, A136-CYD 1 :      -0.00021938 at      1.933 Ang (1.876 Ang by residue) in 2.1860 (sec).
 3-Body  A74-GLU 40, A135-LYS 30, A136-CYS 2 :       0.00009544 at      2.022 Ang (1.876 Ang by residue) in 2.1511 (sec).
 3-Body  A74-GLU 40, A135-LYS 30, A136-CYS 4 :       0.00029844 at      1.933 Ang (1.876 Ang by residue) in 2.1477 (sec).
 3-Body  A74-GLU 40, A135-LYS 30, A136-CYS 5 :       0.00009544 at      2.022 Ang (1.876 Ang by residue) in 2.1545 (sec).
 3-Body  A74-GLU 40, A135-LYS 30, A136-CYS 7 :       0.00029844 at      1.933 Ang (1.876 Ang by residue) in 2.0803 (sec).
 3-Body  A74-GLU 40, A135-LYS 30, A136-CYD 8 :      -0.00012909 at      1.933 Ang (1.876 Ang by residue) in 2.1447 (sec).
 3-Body  A74-GLU 40, A135-LYS 30, A136-CYD 9 :       0.00036996 at      1.933 Ang (1.876 Ang by residue) in 2.0509 (sec).
 3-Body  A74-GLU 40, A135-LYS 30, A136-CYD 10:      -0.00021724 at      1.933 Ang (1.876 Ang by residue) in 2.2078 (sec).
 3-Body  A74-GLU 40, A135-LYS 34, A136-CYS 0 :       0.00057590 at      1.923 Ang (1.876 Ang by residue) in 2.1843 (sec).
 3-Body  A74-GLU 40, A135-LYS 34, A136-CYD 1 :      -0.00034720 at      1.923 Ang (1.876 Ang by residue) in 2.1143 (sec).
 3-Body  A74-GLU 40, A135-LYS 34, A136-CYS 2 :       0.00022615 at      2.013 Ang (1.876 Ang by residue) in 2.1066 (sec).
 3-Body  A74-GLU 40, A135-LYS 34, A136-CYS 4 :       0.00060020 at      1.924 Ang (1.876 Ang by residue) in 1.9747 (sec).
 3-Body  A74-GLU 40, A135-LYS 34, A136-CYS 5 :       0.00022615 at      2.013 Ang (1.876 Ang by residue) in 2.1219 (sec).
 3-Body  A74-GLU 40, A135-LYS 34, A136-CYS 7 :       0.00060020 at      1.924 Ang (1.876 Ang by residue) in 2.1087 (sec).
 3-Body  A74-GLU 40, A135-LYS 34, A136-CYD 8 :      -0.00009801 at      1.924 Ang (1.876 Ang by residue) in 2.3101 (sec).
 3-Body  A74-GLU 40, A135-LYS 34, A136-CYD 9 :       0.00070383 at      1.924 Ang (1.876 Ang by residue) in 2.2658 (sec).
 3-Body  A74-GLU 40, A135-LYS 34, A136-CYD 10:      -0.00034921 at      1.924 Ang (1.876 Ang by residue) in 2.3052 (sec).
 3-Body  A74-GLU 40, A135-LYS 35, A136-CYS 0 :       0.00040789 at      1.923 Ang (1.876 Ang by residue) in 2.2375 (sec).
 3-Body  A74-GLU 40, A135-LYS 35, A136-CYD 1 :      -0.00045433 at      1.923 Ang (1.876 Ang by residue) in 2.0902 (sec).
 3-Body  A74-GLU 40, A135-LYS 35, A136-CYS 2 :       0.00014319 at      2.013 Ang (1.876 Ang by residue) in 2.0279 (sec).
 3-Body  A74-GLU 40, A135-LYS 35, A136-CYS 4 :       0.00042466 at      1.924 Ang (1.876 Ang by residue) in 2.0219 (sec).
 3-Body  A74-GLU 40, A135-LYS 35, A136-CYS 5 :       0.00014319 at      2.013 Ang (1.876 Ang by residue) in 2.1951 (sec).
 3-Body  A74-GLU 40, A135-LYS 35, A136-CYS 7 :       0.00042466 at      1.924 Ang (1.876 Ang by residue) in 2.1607 (sec).
 3-Body  A74-GLU 40, A135-LYS 35, A136-CYD 8 :      -0.00013947 at      1.924 Ang (1.876 Ang by residue) in 2.0999 (sec).
 3-Body  A74-GLU 40, A135-LYS 35, A136-CYD 9 :       0.00039564 at      1.924 Ang (1.876 Ang by residue) in 2.2274 (sec).
 3-Body  A74-GLU 40, A135-LYS 35, A136-CYD 10:      -0.00046135 at      1.924 Ang (1.876 Ang by residue) in 2.1611 (sec).
 3-Body  A74-GLU 40, A135-LYS 36, A136-CYS 0 :       0.00044401 at      1.923 Ang (1.876 Ang by residue) in 2.2086 (sec).
 3-Body  A74-GLU 40, A135-LYS 36, A136-CYD 1 :      -0.00038076 at      1.923 Ang (1.876 Ang by residue) in 2.1222 (sec).
 3-Body  A74-GLU 40, A135-LYS 36, A136-CYS 2 :       0.00014283 at      2.013 Ang (1.876 Ang by residue) in 2.1823 (sec).
 3-Body  A74-GLU 40, A135-LYS 36, A136-CYS 4 :       0.00046138 at      1.924 Ang (1.876 Ang by residue) in 2.1482 (sec).
 3-Body  A74-GLU 40, A135-LYS 36, A136-CYS 5 :       0.00014283 at      2.013 Ang (1.876 Ang by residue) in 2.1677 (sec).
 3-Body  A74-GLU 40, A135-LYS 36, A136-CYS 7 :       0.00046138 at      1.924 Ang (1.876 Ang by residue) in 2.0186 (sec).
 3-Body  A74-GLU 40, A135-LYS 36, A136-CYD 8 :      -0.00013627 at      1.924 Ang (1.876 Ang by residue) in 2.2149 (sec).
 3-Body  A74-GLU 40, A135-LYS 36, A136-CYD 9 :       0.00037538 at      1.924 Ang (1.876 Ang by residue) in 2.2817 (sec).
 3-Body  A74-GLU 40, A135-LYS 36, A136-CYD 10:      -0.00038416 at      1.924 Ang (1.876 Ang by residue) in 2.1050 (sec).
 3-Body  A74-GLU 40, A135-LYS 37, A136-CYS 0 :       0.00087716 at      1.760 Ang (1.876 Ang by residue) in 2.0773 (sec).
 3-Body  A74-GLU 40, A135-LYS 37, A136-CYD 1 :      -0.00262328 at      1.760 Ang (1.876 Ang by residue) in 2.2284 (sec).
 3-Body  A74-GLU 40, A135-LYS 37, A136-CYS 2 :      -0.00015324 at      1.858 Ang (1.876 Ang by residue) in 2.1249 (sec).
 3-Body  A74-GLU 40, A135-LYS 37, A136-CYS 4 :       0.00096989 at      1.760 Ang (1.876 Ang by residue) in 2.1163 (sec).
 3-Body  A74-GLU 40, A135-LYS 37, A136-CYS 5 :      -0.00015324 at      1.858 Ang (1.876 Ang by residue) in 2.0675 (sec).
 3-Body  A74-GLU 40, A135-LYS 37, A136-CYS 7 :       0.00096989 at      1.760 Ang (1.876 Ang by residue) in 2.0847 (sec).
 3-Body  A74-GLU 40, A135-LYS 37, A136-CYD 8 :      -0.00055942 at      1.760 Ang (1.876 Ang by residue) in 2.3379 (sec).
 3-Body  A74-GLU 40, A135-LYS 37, A136-CYD 9 :       0.00093388 at      1.760 Ang (1.876 Ang by residue) in 2.1873 (sec).
 3-Body  A74-GLU 40, A135-LYS 37, A136-CYD 10:      -0.00275004 at      1.760 Ang (1.876 Ang by residue) in 2.2732 (sec).
 3-Body  A74-GLU 40, A135-LYS 38, A136-CYS 0 :       0.00025604 at      1.841 Ang (1.876 Ang by residue) in 2.1860 (sec).
 3-Body  A74-GLU 40, A135-LYS 38, A136-CYD 1 :      -0.00106605 at      1.841 Ang (1.876 Ang by residue) in 2.1996 (sec).
 3-Body  A74-GLU 40, A135-LYS 38, A136-CYS 2 :      -0.00003187 at      1.935 Ang (1.876 Ang by residue) in 2.0242 (sec).
 3-Body  A74-GLU 40, A135-LYS 38, A136-CYS 4 :       0.00026526 at      1.842 Ang (1.876 Ang by residue) in 2.1003 (sec).
 3-Body  A74-GLU 40, A135-LYS 38, A136-CYS 5 :      -0.00003187 at      1.935 Ang (1.876 Ang by residue) in 2.1135 (sec).
 3-Body  A74-GLU 40, A135-LYS 38, A136-CYS 7 :       0.00026526 at      1.842 Ang (1.876 Ang by residue) in 2.2265 (sec).
 3-Body  A74-GLU 40, A135-LYS 38, A136-CYD 8 :      -0.00028438 at      1.842 Ang (1.876 Ang by residue) in 2.2698 (sec).
 3-Body  A74-GLU 40, A135-LYS 38, A136-CYD 9 :       0.00013845 at      1.842 Ang (1.876 Ang by residue) in 2.2648 (sec).
 3-Body  A74-GLU 40, A135-LYS 38, A136-CYD 10:      -0.00110296 at      1.842 Ang (1.876 Ang by residue) in 2.1744 (sec).
 3-Body  A74-GLU 40, A135-LYS 39, A136-CYS 0 :       0.00038288 at      1.919 Ang (1.876 Ang by residue) in 2.1486 (sec).
 3-Body  A74-GLU 40, A135-LYS 39, A136-CYD 1 :      -0.00053158 at      1.919 Ang (1.876 Ang by residue) in 2.2560 (sec).
 3-Body  A74-GLU 40, A135-LYS 39, A136-CYS 2 :       0.00009179 at      2.010 Ang (1.876 Ang by residue) in 2.1824 (sec).
 3-Body  A74-GLU 40, A135-LYS 39, A136-CYS 4 :       0.00039893 at      1.920 Ang (1.876 Ang by residue) in 1.8090 (sec).
 3-Body  A74-GLU 40, A135-LYS 39, A136-CYS 5 :       0.00009179 at      2.010 Ang (1.876 Ang by residue) in 1.7835 (sec).
 3-Body  A74-GLU 40, A135-LYS 39, A136-CYS 7 :       0.00039893 at      1.920 Ang (1.876 Ang by residue) in 1.8180 (sec).
 3-Body  A74-GLU 40, A135-LYS 39, A136-CYD 8 :      -0.00017298 at      1.920 Ang (1.876 Ang by residue) in 2.1655 (sec).
 3-Body  A74-GLU 40, A135-LYS 39, A136-CYD 9 :       0.00029626 at      1.920 Ang (1.876 Ang by residue) in 2.1441 (sec).
 3-Body  A74-GLU 40, A135-LYS 39, A136-CYD 10:      -0.00054204 at      1.920 Ang (1.876 Ang by residue) in 2.1522 (sec).
 3-Body  A74-GLU 40, A135-LYS 40, A136-CYS 0 :       0.00036248 at      1.919 Ang (1.876 Ang by residue) in 2.0653 (sec).
 3-Body  A74-GLU 40, A135-LYS 40, A136-CYD 1 :      -0.00049776 at      1.919 Ang (1.876 Ang by residue) in 2.0672 (sec).
 3-Body  A74-GLU 40, A135-LYS 40, A136-CYS 2 :       0.00007395 at      2.010 Ang (1.876 Ang by residue) in 2.0680 (sec).
 3-Body  A74-GLU 40, A135-LYS 40, A136-CYS 4 :       0.00037639 at      1.920 Ang (1.876 Ang by residue) in 2.0027 (sec).
 3-Body  A74-GLU 40, A135-LYS 40, A136-CYS 5 :       0.00007395 at      2.010 Ang (1.876 Ang by residue) in 1.9558 (sec).
 3-Body  A74-GLU 40, A135-LYS 40, A136-CYS 7 :       0.00037639 at      1.920 Ang (1.876 Ang by residue) in 1.8836 (sec).
 3-Body  A74-GLU 40, A135-LYS 40, A136-CYD 8 :      -0.00018323 at      1.920 Ang (1.876 Ang by residue) in 2.1052 (sec).
 3-Body  A74-GLU 40, A135-LYS 40, A136-CYD 9 :       0.00013713 at      1.920 Ang (1.876 Ang by residue) in 2.2044 (sec).
 3-Body  A74-GLU 40, A135-LYS 40, A136-CYD 10:      -0.00050782 at      1.920 Ang (1.876 Ang by residue) in 2.0668 (sec).
 3-Body  A74-GLU 40, A135-LYS 41, A136-CYS 0 :       0.00051112 at      1.862 Ang (1.876 Ang by residue) in 1.9303 (sec).
 3-Body  A74-GLU 40, A135-LYS 41, A136-CYD 1 :      -0.00051331 at      1.862 Ang (1.876 Ang by residue) in 2.0604 (sec).
 3-Body  A74-GLU 40, A135-LYS 41, A136-CYS 2 :       0.00010688 at      1.955 Ang (1.876 Ang by residue) in 1.9802 (sec).
 3-Body  A74-GLU 40, A135-LYS 41, A136-CYS 4 :       0.00053403 at      1.863 Ang (1.876 Ang by residue) in 2.2353 (sec).
 3-Body  A74-GLU 40, A135-LYS 41, A136-CYS 5 :       0.00010688 at      1.955 Ang (1.876 Ang by residue) in 1.9632 (sec).
 3-Body  A74-GLU 40, A135-LYS 41, A136-CYS 7 :       0.00053403 at      1.863 Ang (1.876 Ang by residue) in 1.9326 (sec).
 3-Body  A74-GLU 40, A135-LYS 41, A136-CYD 8 :      -0.00018961 at      1.863 Ang (1.876 Ang by residue) in 2.1168 (sec).
 3-Body  A74-GLU 40, A135-LYS 41, A136-CYD 9 :       0.00057160 at      1.863 Ang (1.876 Ang by residue) in 2.2565 (sec).
 3-Body  A74-GLU 40, A135-LYS 41, A136-CYD 10:      -0.00052920 at      1.863 Ang (1.876 Ang by residue) in 2.1175 (sec).
 3-Body  A74-GLU 40, A135-LYS 42, A136-CYS 0 :       0.00032942 at      1.919 Ang (1.876 Ang by residue) in 2.1378 (sec).
 3-Body  A74-GLU 40, A135-LYS 42, A136-CYD 1 :      -0.00050992 at      1.919 Ang (1.876 Ang by residue) in 2.1906 (sec).
 3-Body  A74-GLU 40, A135-LYS 42, A136-CYS 2 :       0.00006856 at      2.010 Ang (1.876 Ang by residue) in 2.2063 (sec).
 3-Body  A74-GLU 40, A135-LYS 42, A136-CYS 4 :       0.00034042 at      1.920 Ang (1.876 Ang by residue) in 2.2000 (sec).
 3-Body  A74-GLU 40, A135-LYS 42, A136-CYS 5 :       0.00006856 at      2.010 Ang (1.876 Ang by residue) in 2.1859 (sec).
 3-Body  A74-GLU 40, A135-LYS 42, A136-CYS 7 :       0.00034042 at      1.920 Ang (1.876 Ang by residue) in 2.1426 (sec).
 3-Body  A74-GLU 40, A135-LYS 42, A136-CYD 8 :      -0.00018790 at      1.920 Ang (1.876 Ang by residue) in 2.2935 (sec).
 3-Body  A74-GLU 40, A135-LYS 42, A136-CYD 9 :       0.00016001 at      1.920 Ang (1.876 Ang by residue) in 2.3677 (sec).
 3-Body  A74-GLU 40, A135-LYS 42, A136-CYD 10:      -0.00052096 at      1.920 Ang (1.876 Ang by residue) in 2.1476 (sec).
 3-Body  A74-GLU 40, A135-LYS 43, A136-CYS 0 :       0.00034667 at      1.919 Ang (1.876 Ang by residue) in 2.1571 (sec).
 3-Body  A74-GLU 40, A135-LYS 43, A136-CYD 1 :      -0.00053903 at      1.919 Ang (1.876 Ang by residue) in 2.0763 (sec).
 3-Body  A74-GLU 40, A135-LYS 43, A136-CYS 2 :       0.00008461 at      2.010 Ang (1.876 Ang by residue) in 2.0775 (sec).
 3-Body  A74-GLU 40, A135-LYS 43, A136-CYS 4 :       0.00035951 at      1.920 Ang (1.876 Ang by residue) in 2.1856 (sec).
 3-Body  A74-GLU 40, A135-LYS 43, A136-CYS 5 :       0.00008461 at      2.010 Ang (1.876 Ang by residue) in 2.0717 (sec).
 3-Body  A74-GLU 40, A135-LYS 43, A136-CYS 7 :       0.00035951 at      1.920 Ang (1.876 Ang by residue) in 2.1389 (sec).
 3-Body  A74-GLU 40, A135-LYS 43, A136-CYD 8 :      -0.00018252 at      1.920 Ang (1.876 Ang by residue) in 2.2790 (sec).
 3-Body  A74-GLU 40, A135-LYS 43, A136-CYD 9 :       0.00027158 at      1.920 Ang (1.876 Ang by residue) in 2.2618 (sec).
 3-Body  A74-GLU 40, A135-LYS 43, A136-CYD 10:      -0.00055029 at      1.920 Ang (1.876 Ang by residue) in 2.1913 (sec).
 3-Body  A74-GLU 40, A135-LYS 44, A136-CYS 0 :       0.00028991 at      1.933 Ang (1.876 Ang by residue) in 2.1510 (sec).
 3-Body  A74-GLU 40, A135-LYS 44, A136-CYD 1 :      -0.00022095 at      1.933 Ang (1.876 Ang by residue) in 2.1081 (sec).
 3-Body  A74-GLU 40, A135-LYS 44, A136-CYS 2 :       0.00009999 at      2.022 Ang (1.876 Ang by residue) in 2.0819 (sec).
 3-Body  A74-GLU 40, A135-LYS 44, A136-CYS 4 :       0.00030229 at      1.933 Ang (1.876 Ang by residue) in 2.0599 (sec).
 3-Body  A74-GLU 40, A135-LYS 44, A136-CYS 5 :       0.00009999 at      2.022 Ang (1.876 Ang by residue) in 1.9786 (sec).
 3-Body  A74-GLU 40, A135-LYS 44, A136-CYS 7 :       0.00030229 at      1.933 Ang (1.876 Ang by residue) in 2.0923 (sec).
 3-Body  A74-GLU 40, A135-LYS 44, A136-CYD 8 :      -0.00015028 at      1.933 Ang (1.876 Ang by residue) in 2.3348 (sec).
 3-Body  A74-GLU 40, A135-LYS 44, A136-CYD 9 :       0.00042909 at      1.933 Ang (1.876 Ang by residue) in 2.1835 (sec).
 3-Body  A74-GLU 40, A135-LYS 44, A136-CYD 10:      -0.00021695 at      1.933 Ang (1.876 Ang by residue) in 2.1378 (sec).
 3-Body  A74-GLU 40, A135-LYS 46, A136-CYS 0 :       0.00030663 at      1.933 Ang (1.876 Ang by residue) in 2.1350 (sec).
 3-Body  A74-GLU 40, A135-LYS 46, A136-CYD 1 :      -0.00018813 at      1.933 Ang (1.876 Ang by residue) in 2.3045 (sec).
 3-Body  A74-GLU 40, A135-LYS 46, A136-CYS 2 :       0.00007358 at      2.022 Ang (1.876 Ang by residue) in 2.1757 (sec).
 3-Body  A74-GLU 40, A135-LYS 46, A136-CYS 4 :       0.00031678 at      1.933 Ang (1.876 Ang by residue) in 2.1059 (sec).
 3-Body  A74-GLU 40, A135-LYS 46, A136-CYS 5 :       0.00007358 at      2.022 Ang (1.876 Ang by residue) in 2.2184 (sec).
 3-Body  A74-GLU 40, A135-LYS 46, A136-CYS 7 :       0.00031677 at      1.933 Ang (1.876 Ang by residue) in 2.2497 (sec).
 3-Body  A74-GLU 40, A135-LYS 46, A136-CYD 8 :      -0.00015029 at      1.933 Ang (1.876 Ang by residue) in 2.3302 (sec).
 3-Body  A74-GLU 40, A135-LYS 46, A136-CYD 9 :       0.00031931 at      1.933 Ang (1.876 Ang by residue) in 2.2437 (sec).
 3-Body  A74-GLU 40, A135-LYS 46, A136-CYD 10:      -0.00017947 at      1.933 Ang (1.876 Ang by residue) in 2.2797 (sec).
 3-Body  A74-GLU 40, A135-LYS 47, A136-CYS 0 :       0.00026003 at      1.933 Ang (1.876 Ang by residue) in 2.0310 (sec).
 3-Body  A74-GLU 40, A135-LYS 47, A136-CYD 1 :      -0.00025286 at      1.933 Ang (1.876 Ang by residue) in 2.1324 (sec).
 3-Body  A74-GLU 40, A135-LYS 47, A136-CYS 2 :       0.00005888 at      2.022 Ang (1.876 Ang by residue) in 2.0150 (sec).
 3-Body  A74-GLU 40, A135-LYS 47, A136-CYS 4 :       0.00026875 at      1.933 Ang (1.876 Ang by residue) in 2.0739 (sec).
 3-Body  A74-GLU 40, A135-LYS 47, A136-CYS 5 :       0.00005888 at      2.022 Ang (1.876 Ang by residue) in 2.0759 (sec).
 3-Body  A74-GLU 40, A135-LYS 47, A136-CYS 7 :       0.00026875 at      1.933 Ang (1.876 Ang by residue) in 2.0672 (sec).
 3-Body  A74-GLU 40, A135-LYS 47, A136-CYD 8 :      -0.00017504 at      1.933 Ang (1.876 Ang by residue) in 2.1410 (sec).
 3-Body  A74-GLU 40, A135-LYS 47, A136-CYD 9 :       0.00035744 at      1.933 Ang (1.876 Ang by residue) in 2.1376 (sec).
 3-Body  A74-GLU 40, A135-LYS 47, A136-CYD 10:      -0.00024837 at      1.933 Ang (1.876 Ang by residue) in 2.1648 (sec).
 3-Body  A74-GLU 40, A135-LYS 48, A136-CYS 0 :       0.00025363 at      1.933 Ang (1.876 Ang by residue) in 2.2174 (sec).
 3-Body  A74-GLU 40, A135-LYS 48, A136-CYD 1 :      -0.00024526 at      1.933 Ang (1.876 Ang by residue) in 2.2924 (sec).
 3-Body  A74-GLU 40, A135-LYS 48, A136-CYS 2 :       0.00006387 at      2.022 Ang (1.876 Ang by residue) in 2.0759 (sec).
 3-Body  A74-GLU 40, A135-LYS 48, A136-CYS 4 :       0.00026207 at      1.933 Ang (1.876 Ang by residue) in 2.1868 (sec).
 3-Body  A74-GLU 40, A135-LYS 48, A136-CYS 5 :       0.00006387 at      2.022 Ang (1.876 Ang by residue) in 2.2116 (sec).
 3-Body  A74-GLU 40, A135-LYS 48, A136-CYS 7 :       0.00026207 at      1.933 Ang (1.876 Ang by residue) in 2.0821 (sec).
 3-Body  A74-GLU 40, A135-LYS 48, A136-CYD 8 :      -0.00016368 at      1.933 Ang (1.876 Ang by residue) in 2.3167 (sec).
 3-Body  A74-GLU 40, A135-LYS 48, A136-CYD 9 :       0.00026607 at      1.933 Ang (1.876 Ang by residue) in 2.2664 (sec).
 3-Body  A74-GLU 40, A135-LYS 48, A136-CYD 10:      -0.00024090 at      1.933 Ang (1.876 Ang by residue) in 2.2056 (sec).
 3-Body  A74-GLU 40, A135-LYS 49, A136-CYS 0 :       0.00026677 at      1.933 Ang (1.876 Ang by residue) in 2.0852 (sec).
 3-Body  A74-GLU 40, A135-LYS 49, A136-CYD 1 :      -0.00025893 at      1.933 Ang (1.876 Ang by residue) in 2.1671 (sec).
 3-Body  A74-GLU 40, A135-LYS 49, A136-CYS 2 :       0.00007453 at      2.022 Ang (1.876 Ang by residue) in 2.0782 (sec).
 3-Body  A74-GLU 40, A135-LYS 49, A136-CYS 4 :       0.00027642 at      1.933 Ang (1.876 Ang by residue) in 2.0728 (sec).
 3-Body  A74-GLU 40, A135-LYS 49, A136-CYS 5 :       0.00007453 at      2.022 Ang (1.876 Ang by residue) in 2.0948 (sec).
 3-Body  A74-GLU 40, A135-LYS 49, A136-CYS 7 :       0.00027642 at      1.933 Ang (1.876 Ang by residue) in 2.2075 (sec).
 3-Body  A74-GLU 40, A135-LYS 49, A136-CYD 8 :      -0.00015950 at      1.933 Ang (1.876 Ang by residue) in 2.3912 (sec).
 3-Body  A74-GLU 40, A135-LYS 49, A136-CYD 9 :       0.00034541 at      1.933 Ang (1.876 Ang by residue) in 2.2235 (sec).
 3-Body  A74-GLU 40, A135-LYS 49, A136-CYD 10:      -0.00025424 at      1.933 Ang (1.876 Ang by residue) in 2.2481 (sec).
 3-Body  A74-GLU 40, A135-LYS 52, A136-CYS 0 :       0.00028357 at      1.933 Ang (1.876 Ang by residue) in 2.0454 (sec).
 3-Body  A74-GLU 40, A135-LYS 52, A136-CYD 1 :      -0.00023788 at      1.933 Ang (1.876 Ang by residue) in 2.0437 (sec).
 3-Body  A74-GLU 40, A135-LYS 52, A136-CYS 2 :       0.00008950 at      2.022 Ang (1.876 Ang by residue) in 2.2015 (sec).
 3-Body  A74-GLU 40, A135-LYS 52, A136-CYS 4 :       0.00029325 at      1.933 Ang (1.876 Ang by residue) in 2.1905 (sec).
 3-Body  A74-GLU 40, A135-LYS 52, A136-CYS 5 :       0.00008950 at      2.022 Ang (1.876 Ang by residue) in 2.1669 (sec).
 3-Body  A74-GLU 40, A135-LYS 52, A136-CYS 7 :       0.00029325 at      1.933 Ang (1.876 Ang by residue) in 2.2244 (sec).
 3-Body  A74-GLU 40, A135-LYS 52, A136-CYD 8 :      -0.00015254 at      1.933 Ang (1.876 Ang by residue) in 2.2586 (sec).
 3-Body  A74-GLU 40, A135-LYS 52, A136-CYD 9 :       0.00037218 at      1.933 Ang (1.876 Ang by residue) in 2.2749 (sec).
 3-Body  A74-GLU 40, A135-LYS 52, A136-CYD 10:      -0.00023310 at      1.933 Ang (1.876 Ang by residue) in 2.3605 (sec).
 3-Body  A74-GLU 40, A135-LYS 53, A136-CYS 0 :       0.00026504 at      1.933 Ang (1.876 Ang by residue) in 2.2203 (sec).
 3-Body  A74-GLU 40, A135-LYS 53, A136-CYD 1 :      -0.00027864 at      1.933 Ang (1.876 Ang by residue) in 2.2675 (sec).
 3-Body  A74-GLU 40, A135-LYS 53, A136-CYS 2 :       0.00009195 at      2.022 Ang (1.876 Ang by residue) in 2.3344 (sec).
 3-Body  A74-GLU 40, A135-LYS 53, A136-CYS 4 :       0.00027479 at      1.933 Ang (1.876 Ang by residue) in 2.1776 (sec).
 3-Body  A74-GLU 40, A135-LYS 53, A136-CYS 5 :       0.00009195 at      2.022 Ang (1.876 Ang by residue) in 2.1933 (sec).
 3-Body  A74-GLU 40, A135-LYS 53, A136-CYS 7 :       0.00027479 at      1.933 Ang (1.876 Ang by residue) in 2.2351 (sec).
 3-Body  A74-GLU 40, A135-LYS 53, A136-CYD 8 :      -0.00015180 at      1.933 Ang (1.876 Ang by residue) in 2.4833 (sec).
 3-Body  A74-GLU 40, A135-LYS 53, A136-CYD 9 :       0.00038543 at      1.933 Ang (1.876 Ang by residue) in 2.3368 (sec).
 3-Body  A74-GLU 40, A135-LYS 53, A136-CYD 10:      -0.00027550 at      1.933 Ang (1.876 Ang by residue) in 2.2472 (sec).
 3-Body  A74-GLU 40, A135-LYS 54, A136-CYS 0 :       0.00028014 at      1.933 Ang (1.876 Ang by residue) in 2.2221 (sec).
 3-Body  A74-GLU 40, A135-LYS 54, A136-CYD 1 :      -0.00025642 at      1.933 Ang (1.876 Ang by residue) in 2.6175 (sec).
 3-Body  A74-GLU 40, A135-LYS 54, A136-CYS 2 :       0.00008900 at      2.022 Ang (1.876 Ang by residue) in 2.2348 (sec).
 3-Body  A74-GLU 40, A135-LYS 54, A136-CYS 4 :       0.00028990 at      1.933 Ang (1.876 Ang by residue) in 2.2259 (sec).
 3-Body  A74-GLU 40, A135-LYS 54, A136-CYS 5 :       0.00008900 at      2.022 Ang (1.876 Ang by residue) in 2.3003 (sec).
 3-Body  A74-GLU 40, A135-LYS 54, A136-CYS 7 :       0.00028990 at      1.933 Ang (1.876 Ang by residue) in 2.1395 (sec).
 3-Body  A74-GLU 40, A135-LYS 54, A136-CYD 8 :      -0.00015885 at      1.933 Ang (1.876 Ang by residue) in 2.3541 (sec).
 3-Body  A74-GLU 40, A135-LYS 54, A136-CYD 9 :       0.00044133 at      1.933 Ang (1.876 Ang by residue) in 2.3258 (sec).
 3-Body  A74-GLU 40, A135-LYS 54, A136-CYD 10:      -0.00025263 at      1.933 Ang (1.876 Ang by residue) in 2.4317 (sec).
 3-Body  A74-GLU 40, A135-LYS 55, A136-CYS 0 :       0.00031969 at      1.933 Ang (1.876 Ang by residue) in 2.1692 (sec).
 3-Body  A74-GLU 40, A135-LYS 55, A136-CYD 1 :      -0.00023171 at      1.933 Ang (1.876 Ang by residue) in 2.0137 (sec).
 3-Body  A74-GLU 40, A135-LYS 55, A136-CYS 2 :       0.00011467 at      2.022 Ang (1.876 Ang by residue) in 1.8838 (sec).
 3-Body  A74-GLU 40, A135-LYS 55, A136-CYS 4 :       0.00033207 at      1.933 Ang (1.876 Ang by residue) in 2.2508 (sec).
 3-Body  A74-GLU 40, A135-LYS 55, A136-CYS 5 :       0.00011467 at      2.022 Ang (1.876 Ang by residue) in 2.2207 (sec).
 3-Body  A74-GLU 40, A135-LYS 55, A136-CYS 7 :       0.00033207 at      1.933 Ang (1.876 Ang by residue) in 2.0483 (sec).
 3-Body  A74-GLU 40, A135-LYS 55, A136-CYD 8 :      -0.00013267 at      1.933 Ang (1.876 Ang by residue) in 2.1654 (sec).
 3-Body  A74-GLU 40, A135-LYS 55, A136-CYD 9 :       0.00047749 at      1.933 Ang (1.876 Ang by residue) in 2.1003 (sec).
 3-Body  A74-GLU 40, A135-LYS 55, A136-CYD 10:      -0.00022484 at      1.933 Ang (1.876 Ang by residue) in 1.9903 (sec).
 3-Body  A74-GLU 41, A135-LYS 0 , A136-CYS 0 :       0.00009765 at      1.934 Ang (1.876 Ang by residue) in 2.1254 (sec).
 3-Body  A74-GLU 41, A135-LYS 0 , A136-CYD 1 :      -0.00047728 at      1.934 Ang (1.876 Ang by residue) in 2.1687 (sec).
 3-Body  A74-GLU 41, A135-LYS 0 , A136-CYS 2 :       0.00002318 at      2.023 Ang (1.876 Ang by residue) in 2.1019 (sec).
 3-Body  A74-GLU 41, A135-LYS 0 , A136-CYS 4 :       0.00008588 at      1.934 Ang (1.876 Ang by residue) in 2.2162 (sec).
 3-Body  A74-GLU 41, A135-LYS 0 , A136-CYS 5 :       0.00002318 at      2.023 Ang (1.876 Ang by residue) in 2.2429 (sec).
 3-Body  A74-GLU 41, A135-LYS 0 , A136-CYS 7 :       0.00008588 at      1.934 Ang (1.876 Ang by residue) in 2.1980 (sec).
 3-Body  A74-GLU 41, A135-LYS 0 , A136-CYD 8 :      -0.00018318 at      1.934 Ang (1.876 Ang by residue) in 2.2641 (sec).
 3-Body  A74-GLU 41, A135-LYS 0 , A136-CYD 9 :       0.00028666 at      1.934 Ang (1.876 Ang by residue) in 2.1445 (sec).
 3-Body  A74-GLU 41, A135-LYS 0 , A136-CYD 10:      -0.00047841 at      1.934 Ang (1.876 Ang by residue) in 2.1899 (sec).
 3-Body  A74-GLU 41, A135-LYD 1 , A136-CYS 0 :      -0.00013338 at      1.934 Ang (1.876 Ang by residue) in 2.0901 (sec).
 3-Body  A74-GLU 41, A135-LYD 1 , A136-CYD 1 :      -0.00106852 at      1.934 Ang (1.876 Ang by residue) in 1.8741 (sec).
 3-Body  A74-GLU 41, A135-LYD 1 , A136-CYS 2 :      -0.00002013 at      2.023 Ang (1.876 Ang by residue) in 1.9297 (sec).
 3-Body  A74-GLU 41, A135-LYD 1 , A136-CYS 4 :      -0.00014794 at      1.934 Ang (1.876 Ang by residue) in 2.0665 (sec).
 3-Body  A74-GLU 41, A135-LYD 1 , A136-CYS 5 :      -0.00002013 at      2.023 Ang (1.876 Ang by residue) in 2.0667 (sec).
 3-Body  A74-GLU 41, A135-LYD 1 , A136-CYS 7 :      -0.00014794 at      1.934 Ang (1.876 Ang by residue) in 2.0602 (sec).
 3-Body  A74-GLU 41, A135-LYD 1 , A136-CYD 8 :      -0.00029719 at      1.934 Ang (1.876 Ang by residue) in 2.1452 (sec).
 3-Body  A74-GLU 41, A135-LYD 1 , A136-CYD 9 :      -0.00028997 at      1.934 Ang (1.876 Ang by residue) in 2.2694 (sec).
 3-Body  A74-GLU 41, A135-LYD 1 , A136-CYD 10:      -0.00109325 at      1.934 Ang (1.876 Ang by residue) in 2.1040 (sec).
 3-Body  A74-GLU 41, A135-LYD 7 , A136-CYS 0 :      -0.00018211 at      1.923 Ang (1.876 Ang by residue) in 2.1097 (sec).
 3-Body  A74-GLU 41, A135-LYD 7 , A136-CYD 1 :      -0.00148314 at      1.923 Ang (1.876 Ang by residue) in 2.1268 (sec).
 3-Body  A74-GLU 41, A135-LYD 7 , A136-CYS 2 :      -0.00005822 at      2.013 Ang (1.876 Ang by residue) in 2.1234 (sec).
 3-Body  A74-GLU 41, A135-LYD 7 , A136-CYS 4 :      -0.00020501 at      1.924 Ang (1.876 Ang by residue) in 2.1098 (sec).
 3-Body  A74-GLU 41, A135-LYD 7 , A136-CYS 5 :      -0.00005822 at      2.013 Ang (1.876 Ang by residue) in 1.9979 (sec).
 3-Body  A74-GLU 41, A135-LYD 7 , A136-CYS 7 :      -0.00020501 at      1.924 Ang (1.876 Ang by residue) in 2.0128 (sec).
 3-Body  A74-GLU 41, A135-LYD 7 , A136-CYD 8 :      -0.00037301 at      1.924 Ang (1.876 Ang by residue) in 2.2454 (sec).
 3-Body  A74-GLU 41, A135-LYD 7 , A136-CYD 9 :      -0.00056614 at      1.924 Ang (1.876 Ang by residue) in 2.0522 (sec).
 3-Body  A74-GLU 41, A135-LYD 7 , A136-CYD 10:      -0.00153231 at      1.924 Ang (1.876 Ang by residue) in 2.0707 (sec).
 3-Body  A74-GLU 41, A135-LYD 8 , A136-CYS 0 :      -0.00012316 at      1.923 Ang (1.876 Ang by residue) in 2.1223 (sec).
 3-Body  A74-GLU 41, A135-LYD 8 , A136-CYD 1 :      -0.00135320 at      1.923 Ang (1.876 Ang by residue) in 2.1916 (sec).
 3-Body  A74-GLU 41, A135-LYD 8 , A136-CYS 2 :      -0.00003925 at      2.013 Ang (1.876 Ang by residue) in 2.0229 (sec).
 3-Body  A74-GLU 41, A135-LYD 8 , A136-CYS 4 :      -0.00014436 at      1.924 Ang (1.876 Ang by residue) in 2.1431 (sec).
 3-Body  A74-GLU 41, A135-LYD 8 , A136-CYS 5 :      -0.00003925 at      2.013 Ang (1.876 Ang by residue) in 2.0772 (sec).
 3-Body  A74-GLU 41, A135-LYD 8 , A136-CYS 7 :      -0.00014436 at      1.924 Ang (1.876 Ang by residue) in 2.2413 (sec).
 3-Body  A74-GLU 41, A135-LYD 8 , A136-CYD 8 :      -0.00034468 at      1.924 Ang (1.876 Ang by residue) in 2.2867 (sec).
 3-Body  A74-GLU 41, A135-LYD 8 , A136-CYD 9 :      -0.00043832 at      1.924 Ang (1.876 Ang by residue) in 2.2494 (sec).
 3-Body  A74-GLU 41, A135-LYD 8 , A136-CYD 10:      -0.00139654 at      1.924 Ang (1.876 Ang by residue) in 2.4131 (sec).
 3-Body  A74-GLU 41, A135-LYD 9 , A136-CYS 0 :      -0.00012244 at      1.923 Ang (1.876 Ang by residue) in 2.3028 (sec).
 3-Body  A74-GLU 41, A135-LYD 9 , A136-CYD 1 :      -0.00137101 at      1.923 Ang (1.876 Ang by residue) in 2.2330 (sec).
 3-Body  A74-GLU 41, A135-LYD 9 , A136-CYS 2 :      -0.00003978 at      2.013 Ang (1.876 Ang by residue) in 2.1317 (sec).
 3-Body  A74-GLU 41, A135-LYD 9 , A136-CYS 4 :      -0.00014369 at      1.924 Ang (1.876 Ang by residue) in 2.0753 (sec).
 3-Body  A74-GLU 41, A135-LYD 9 , A136-CYS 5 :      -0.00003978 at      2.013 Ang (1.876 Ang by residue) in 2.1303 (sec).
 3-Body  A74-GLU 41, A135-LYD 9 , A136-CYS 7 :      -0.00014369 at      1.924 Ang (1.876 Ang by residue) in 2.0084 (sec).
 3-Body  A74-GLU 41, A135-LYD 9 , A136-CYD 8 :      -0.00034492 at      1.924 Ang (1.876 Ang by residue) in 2.1878 (sec).
 3-Body  A74-GLU 41, A135-LYD 9 , A136-CYD 9 :      -0.00039593 at      1.924 Ang (1.876 Ang by residue) in 2.1430 (sec).
 3-Body  A74-GLU 41, A135-LYD 9 , A136-CYD 10:      -0.00141451 at      1.924 Ang (1.876 Ang by residue) in 2.3005 (sec).
 3-Body  A74-GLU 41, A135-LYD 10, A136-CYS 0 :      -0.00038601 at      1.704 Ang (1.876 Ang by residue) in 2.1934 (sec).
 3-Body  A74-GLU 41, A135-LYD 10, A136-CYD 1 :      -0.00280705 at      1.704 Ang (1.876 Ang by residue) in 2.1969 (sec).
 3-Body  A74-GLU 41, A135-LYD 10, A136-CYS 2 :      -0.00022827 at      1.805 Ang (1.876 Ang by residue) in 2.1857 (sec).
 3-Body  A74-GLU 41, A135-LYD 10, A136-CYS 4 :      -0.00040936 at      1.704 Ang (1.876 Ang by residue) in 2.1543 (sec).
 3-Body  A74-GLU 41, A135-LYD 10, A136-CYS 5 :      -0.00022827 at      1.805 Ang (1.876 Ang by residue) in 2.2023 (sec).
 3-Body  A74-GLU 41, A135-LYD 10, A136-CYS 7 :      -0.00040936 at      1.704 Ang (1.876 Ang by residue) in 2.1974 (sec).
 3-Body  A74-GLU 41, A135-LYD 10, A136-CYD 8 :      -0.00052120 at      1.704 Ang (1.876 Ang by residue) in 2.1116 (sec).
 3-Body  A74-GLU 41, A135-LYD 10, A136-CYD 9 :      -0.00107250 at      1.704 Ang (1.876 Ang by residue) in 2.2036 (sec).
 3-Body  A74-GLU 41, A135-LYD 10, A136-CYD 10:      -0.00288326 at      1.704 Ang (1.876 Ang by residue) in 2.1852 (sec).
 3-Body  A74-GLU 41, A135-LYD 11, A136-CYS 0 :      -0.00017700 at      1.808 Ang (1.876 Ang by residue) in 2.2063 (sec).
 3-Body  A74-GLU 41, A135-LYD 11, A136-CYD 1 :      -0.00217983 at      1.808 Ang (1.876 Ang by residue) in 2.3067 (sec).
 3-Body  A74-GLU 41, A135-LYD 11, A136-CYS 2 :      -0.00013200 at      1.904 Ang (1.876 Ang by residue) in 2.1187 (sec).
 3-Body  A74-GLU 41, A135-LYD 11, A136-CYS 4 :      -0.00020769 at      1.809 Ang (1.876 Ang by residue) in 2.4096 (sec).
 3-Body  A74-GLU 41, A135-LYD 11, A136-CYS 5 :      -0.00013200 at      1.904 Ang (1.876 Ang by residue) in 2.1453 (sec).
 3-Body  A74-GLU 41, A135-LYD 11, A136-CYS 7 :      -0.00020769 at      1.809 Ang (1.876 Ang by residue) in 2.0632 (sec).
 3-Body  A74-GLU 41, A135-LYD 11, A136-CYD 8 :      -0.00044267 at      1.809 Ang (1.876 Ang by residue) in 2.2431 (sec).
 3-Body  A74-GLU 41, A135-LYD 11, A136-CYD 9 :      -0.00058940 at      1.809 Ang (1.876 Ang by residue) in 2.1035 (sec).
 3-Body  A74-GLU 41, A135-LYD 11, A136-CYD 10:      -0.00225125 at      1.809 Ang (1.876 Ang by residue) in 2.2096 (sec).
 3-Body  A74-GLU 41, A135-LYD 12, A136-CYS 0 :      -0.00013266 at      1.919 Ang (1.876 Ang by residue) in 2.1176 (sec).
 3-Body  A74-GLU 41, A135-LYD 12, A136-CYD 1 :      -0.00150831 at      1.919 Ang (1.876 Ang by residue) in 2.1511 (sec).
 3-Body  A74-GLU 41, A135-LYD 12, A136-CYS 2 :      -0.00007242 at      2.010 Ang (1.876 Ang by residue) in 2.1016 (sec).
 3-Body  A74-GLU 41, A135-LYD 12, A136-CYS 4 :      -0.00015420 at      1.920 Ang (1.876 Ang by residue) in 2.1793 (sec).
 3-Body  A74-GLU 41, A135-LYD 12, A136-CYS 5 :      -0.00007242 at      2.010 Ang (1.876 Ang by residue) in 2.1618 (sec).
 3-Body  A74-GLU 41, A135-LYD 12, A136-CYS 7 :      -0.00015420 at      1.920 Ang (1.876 Ang by residue) in 2.2213 (sec).
 3-Body  A74-GLU 41, A135-LYD 12, A136-CYD 8 :      -0.00036809 at      1.920 Ang (1.876 Ang by residue) in 2.1639 (sec).
 3-Body  A74-GLU 41, A135-LYD 12, A136-CYD 9 :      -0.00053806 at      1.920 Ang (1.876 Ang by residue) in 2.1912 (sec).
 3-Body  A74-GLU 41, A135-LYD 12, A136-CYD 10:      -0.00155763 at      1.920 Ang (1.876 Ang by residue) in 2.1750 (sec).
 3-Body  A74-GLU 41, A135-LYD 13, A136-CYS 0 :      -0.00011720 at      1.918 Ang (1.876 Ang by residue) in 2.0069 (sec).
 3-Body  A74-GLU 41, A135-LYD 13, A136-CYD 1 :      -0.00149605 at      1.918 Ang (1.876 Ang by residue) in 2.0626 (sec).
 3-Body  A74-GLU 41, A135-LYD 13, A136-CYS 2 :      -0.00006946 at      2.009 Ang (1.876 Ang by residue) in 1.9363 (sec).
 3-Body  A74-GLU 41, A135-LYD 13, A136-CYS 4 :      -0.00013828 at      1.919 Ang (1.876 Ang by residue) in 2.1001 (sec).
 3-Body  A74-GLU 41, A135-LYD 13, A136-CYS 5 :      -0.00006946 at      2.009 Ang (1.876 Ang by residue) in 2.0859 (sec).
 3-Body  A74-GLU 41, A135-LYD 13, A136-CYS 7 :      -0.00013828 at      1.919 Ang (1.876 Ang by residue) in 2.1554 (sec).
 3-Body  A74-GLU 41, A135-LYD 13, A136-CYD 8 :      -0.00036059 at      1.919 Ang (1.876 Ang by residue) in 2.1484 (sec).
 3-Body  A74-GLU 41, A135-LYD 13, A136-CYD 9 :      -0.00046958 at      1.919 Ang (1.876 Ang by residue) in 2.3723 (sec).
 3-Body  A74-GLU 41, A135-LYD 13, A136-CYD 10:      -0.00154404 at      1.919 Ang (1.876 Ang by residue) in 2.1174 (sec).
 3-Body  A74-GLU 41, A135-LYD 14, A136-CYS 0 :      -0.00021878 at      1.812 Ang (1.876 Ang by residue) in 2.0500 (sec).
 3-Body  A74-GLU 41, A135-LYD 14, A136-CYD 1 :      -0.00180429 at      1.812 Ang (1.876 Ang by residue) in 2.1601 (sec).
 3-Body  A74-GLU 41, A135-LYD 14, A136-CYS 2 :      -0.00008855 at      1.908 Ang (1.876 Ang by residue) in 2.0259 (sec).
 3-Body  A74-GLU 41, A135-LYD 14, A136-CYS 4 :      -0.00024411 at      1.813 Ang (1.876 Ang by residue) in 2.0669 (sec).
 3-Body  A74-GLU 41, A135-LYD 14, A136-CYS 5 :      -0.00008855 at      1.908 Ang (1.876 Ang by residue) in 2.0462 (sec).
 3-Body  A74-GLU 41, A135-LYD 14, A136-CYS 7 :      -0.00024411 at      1.813 Ang (1.876 Ang by residue) in 2.0272 (sec).
 3-Body  A74-GLU 41, A135-LYD 14, A136-CYD 8 :      -0.00041535 at      1.813 Ang (1.876 Ang by residue) in 2.1602 (sec).
 3-Body  A74-GLU 41, A135-LYD 14, A136-CYD 9 :      -0.00063758 at      1.813 Ang (1.876 Ang by residue) in 2.0515 (sec).
 3-Body  A74-GLU 41, A135-LYD 14, A136-CYD 10:      -0.00186755 at      1.813 Ang (1.876 Ang by residue) in 2.2390 (sec).
 3-Body  A74-GLU 41, A135-LYD 15, A136-CYS 0 :      -0.00015590 at      1.919 Ang (1.876 Ang by residue) in 2.1059 (sec).
 3-Body  A74-GLU 41, A135-LYD 15, A136-CYD 1 :      -0.00152478 at      1.919 Ang (1.876 Ang by residue) in 2.1616 (sec).
 3-Body  A74-GLU 41, A135-LYD 15, A136-CYS 2 :      -0.00006680 at      2.010 Ang (1.876 Ang by residue) in 2.2031 (sec).
 3-Body  A74-GLU 41, A135-LYD 15, A136-CYS 4 :      -0.00017752 at      1.920 Ang (1.876 Ang by residue) in 2.2284 (sec).
 3-Body  A74-GLU 41, A135-LYD 15, A136-CYS 5 :      -0.00006680 at      2.010 Ang (1.876 Ang by residue) in 2.0049 (sec).
 3-Body  A74-GLU 41, A135-LYD 15, A136-CYS 7 :      -0.00017752 at      1.920 Ang (1.876 Ang by residue) in 2.0637 (sec).
 3-Body  A74-GLU 41, A135-LYD 15, A136-CYD 8 :      -0.00036429 at      1.920 Ang (1.876 Ang by residue) in 2.2531 (sec).
 3-Body  A74-GLU 41, A135-LYD 15, A136-CYD 9 :      -0.00045806 at      1.920 Ang (1.876 Ang by residue) in 2.1522 (sec).
 3-Body  A74-GLU 41, A135-LYD 15, A136-CYD 10:      -0.00157306 at      1.920 Ang (1.876 Ang by residue) in 2.1176 (sec).
 3-Body  A74-GLU 41, A135-LYD 16, A136-CYS 0 :      -0.00013735 at      1.919 Ang (1.876 Ang by residue) in 2.0387 (sec).
 3-Body  A74-GLU 41, A135-LYD 16, A136-CYD 1 :      -0.00148190 at      1.919 Ang (1.876 Ang by residue) in 2.0580 (sec).
 3-Body  A74-GLU 41, A135-LYD 16, A136-CYS 2 :      -0.00006168 at      2.010 Ang (1.876 Ang by residue) in 2.2599 (sec).
 3-Body  A74-GLU 41, A135-LYD 16, A136-CYS 4 :      -0.00015948 at      1.920 Ang (1.876 Ang by residue) in 2.1336 (sec).
 3-Body  A74-GLU 41, A135-LYD 16, A136-CYS 5 :      -0.00006168 at      2.010 Ang (1.876 Ang by residue) in 2.0570 (sec).
 3-Body  A74-GLU 41, A135-LYD 16, A136-CYS 7 :      -0.00015948 at      1.920 Ang (1.876 Ang by residue) in 2.1015 (sec).
 3-Body  A74-GLU 41, A135-LYD 16, A136-CYD 8 :      -0.00035809 at      1.920 Ang (1.876 Ang by residue) in 2.2594 (sec).
 3-Body  A74-GLU 41, A135-LYD 16, A136-CYD 9 :      -0.00043463 at      1.920 Ang (1.876 Ang by residue) in 2.3077 (sec).
 3-Body  A74-GLU 41, A135-LYD 16, A136-CYD 10:      -0.00152966 at      1.920 Ang (1.876 Ang by residue) in 2.2054 (sec).
 3-Body  A74-GLU 41, A135-LYD 19, A136-CYS 0 :      -0.00010710 at      1.934 Ang (1.876 Ang by residue) in 2.0875 (sec).
 3-Body  A74-GLU 41, A135-LYD 19, A136-CYD 1 :      -0.00105865 at      1.934 Ang (1.876 Ang by residue) in 2.3360 (sec).
 3-Body  A74-GLU 41, A135-LYD 19, A136-CYS 2 :      -0.00002112 at      2.023 Ang (1.876 Ang by residue) in 2.0496 (sec).
 3-Body  A74-GLU 41, A135-LYD 19, A136-CYS 4 :      -0.00012227 at      1.934 Ang (1.876 Ang by residue) in 2.1551 (sec).
 3-Body  A74-GLU 41, A135-LYD 19, A136-CYS 5 :      -0.00002112 at      2.023 Ang (1.876 Ang by residue) in 2.0057 (sec).
 3-Body  A74-GLU 41, A135-LYD 19, A136-CYS 7 :      -0.00012227 at      1.934 Ang (1.876 Ang by residue) in 2.0647 (sec).
 3-Body  A74-GLU 41, A135-LYD 19, A136-CYD 8 :      -0.00029547 at      1.934 Ang (1.876 Ang by residue) in 2.2297 (sec).
 3-Body  A74-GLU 41, A135-LYD 19, A136-CYD 9 :      -0.00028449 at      1.934 Ang (1.876 Ang by residue) in 2.1180 (sec).
 3-Body  A74-GLU 41, A135-LYD 19, A136-CYD 10:      -0.00108292 at      1.934 Ang (1.876 Ang by residue) in 2.1726 (sec).
 3-Body  A74-GLU 41, A135-LYD 20, A136-CYS 0 :      -0.00012836 at      1.934 Ang (1.876 Ang by residue) in 2.1516 (sec).
 3-Body  A74-GLU 41, A135-LYD 20, A136-CYD 1 :      -0.00105095 at      1.934 Ang (1.876 Ang by residue) in 2.2288 (sec).
 3-Body  A74-GLU 41, A135-LYD 20, A136-CYS 2 :      -0.00002335 at      2.023 Ang (1.876 Ang by residue) in 2.1460 (sec).
 3-Body  A74-GLU 41, A135-LYD 20, A136-CYS 4 :      -0.00014283 at      1.934 Ang (1.876 Ang by residue) in 2.0521 (sec).
 3-Body  A74-GLU 41, A135-LYD 20, A136-CYS 5 :      -0.00002335 at      2.023 Ang (1.876 Ang by residue) in 2.1220 (sec).
 3-Body  A74-GLU 41, A135-LYD 20, A136-CYS 7 :      -0.00014283 at      1.934 Ang (1.876 Ang by residue) in 2.1844 (sec).
 3-Body  A74-GLU 41, A135-LYD 20, A136-CYD 8 :      -0.00030140 at      1.934 Ang (1.876 Ang by residue) in 2.2035 (sec).
 3-Body  A74-GLU 41, A135-LYD 20, A136-CYD 9 :      -0.00032731 at      1.934 Ang (1.876 Ang by residue) in 2.1634 (sec).
 3-Body  A74-GLU 41, A135-LYD 20, A136-CYD 10:      -0.00107485 at      1.934 Ang (1.876 Ang by residue) in 2.2871 (sec).
 3-Body  A74-GLU 41, A135-LYD 21, A136-CYS 0 :      -0.00013334 at      1.934 Ang (1.876 Ang by residue) in 2.1708 (sec).
 3-Body  A74-GLU 41, A135-LYD 21, A136-CYD 1 :      -0.00106849 at      1.934 Ang (1.876 Ang by residue) in 2.2486 (sec).
 3-Body  A74-GLU 41, A135-LYD 21, A136-CYS 2 :      -0.00002016 at      2.023 Ang (1.876 Ang by residue) in 2.1909 (sec).
 3-Body  A74-GLU 41, A135-LYD 21, A136-CYS 4 :      -0.00014790 at      1.934 Ang (1.876 Ang by residue) in 2.3391 (sec).
 3-Body  A74-GLU 41, A135-LYD 21, A136-CYS 5 :      -0.00002016 at      2.023 Ang (1.876 Ang by residue) in 2.2033 (sec).
 3-Body  A74-GLU 41, A135-LYD 21, A136-CYS 7 :      -0.00014790 at      1.934 Ang (1.876 Ang by residue) in 2.0631 (sec).
 3-Body  A74-GLU 41, A135-LYD 21, A136-CYD 8 :      -0.00029718 at      1.934 Ang (1.876 Ang by residue) in 2.2073 (sec).
 3-Body  A74-GLU 41, A135-LYD 21, A136-CYD 9 :      -0.00029001 at      1.934 Ang (1.876 Ang by residue) in 2.1117 (sec).
 3-Body  A74-GLU 41, A135-LYD 21, A136-CYD 10:      -0.00109320 at      1.934 Ang (1.876 Ang by residue) in 2.0374 (sec).
 3-Body  A74-GLU 41, A135-LYD 22, A136-CYS 0 :      -0.00012932 at      1.934 Ang (1.876 Ang by residue) in 2.1168 (sec).
 3-Body  A74-GLU 41, A135-LYD 22, A136-CYD 1 :      -0.00105416 at      1.934 Ang (1.876 Ang by residue) in 2.0221 (sec).
 3-Body  A74-GLU 41, A135-LYD 22, A136-CYS 2 :      -0.00001888 at      2.023 Ang (1.876 Ang by residue) in 1.9528 (sec).
 3-Body  A74-GLU 41, A135-LYD 22, A136-CYS 4 :      -0.00014430 at      1.934 Ang (1.876 Ang by residue) in 1.8964 (sec).
 3-Body  A74-GLU 41, A135-LYD 22, A136-CYS 5 :      -0.00001888 at      2.023 Ang (1.876 Ang by residue) in 2.0407 (sec).
 3-Body  A74-GLU 41, A135-LYD 22, A136-CYS 7 :      -0.00014430 at      1.934 Ang (1.876 Ang by residue) in 2.2268 (sec).
 3-Body  A74-GLU 41, A135-LYD 22, A136-CYD 8 :      -0.00029601 at      1.934 Ang (1.876 Ang by residue) in 2.2645 (sec).
 3-Body  A74-GLU 41, A135-LYD 22, A136-CYD 9 :      -0.00028327 at      1.934 Ang (1.876 Ang by residue) in 2.2668 (sec).
 3-Body  A74-GLU 41, A135-LYD 22, A136-CYD 10:      -0.00107901 at      1.934 Ang (1.876 Ang by residue) in 2.3202 (sec).
 3-Body  A74-GLU 41, A135-LYD 25, A136-CYS 0 :      -0.00013475 at      1.934 Ang (1.876 Ang by residue) in 2.1179 (sec).
 3-Body  A74-GLU 41, A135-LYD 25, A136-CYD 1 :      -0.00104982 at      1.934 Ang (1.876 Ang by residue) in 2.3158 (sec).
 3-Body  A74-GLU 41, A135-LYD 25, A136-CYS 2 :      -0.00001846 at      2.023 Ang (1.876 Ang by residue) in 2.2407 (sec).
 3-Body  A74-GLU 41, A135-LYD 25, A136-CYS 4 :      -0.00014968 at      1.934 Ang (1.876 Ang by residue) in 2.1281 (sec).
 3-Body  A74-GLU 41, A135-LYD 25, A136-CYS 5 :      -0.00001846 at      2.023 Ang (1.876 Ang by residue) in 1.8885 (sec).
 3-Body  A74-GLU 41, A135-LYD 25, A136-CYS 7 :      -0.00014968 at      1.934 Ang (1.876 Ang by residue) in 1.9795 (sec).
 3-Body  A74-GLU 41, A135-LYD 25, A136-CYD 8 :      -0.00029834 at      1.934 Ang (1.876 Ang by residue) in 2.1964 (sec).
 3-Body  A74-GLU 41, A135-LYD 25, A136-CYD 9 :      -0.00029917 at      1.934 Ang (1.876 Ang by residue) in 2.2472 (sec).
 3-Body  A74-GLU 41, A135-LYD 25, A136-CYD 10:      -0.00107486 at      1.934 Ang (1.876 Ang by residue) in 2.3063 (sec).
 3-Body  A74-GLU 41, A135-LYD 26, A136-CYS 0 :      -0.00012464 at      1.934 Ang (1.876 Ang by residue) in 2.1813 (sec).
 3-Body  A74-GLU 41, A135-LYD 26, A136-CYD 1 :      -0.00102562 at      1.934 Ang (1.876 Ang by residue) in 2.4247 (sec).
 3-Body  A74-GLU 41, A135-LYD 26, A136-CYS 2 :      -0.00001511 at      2.023 Ang (1.876 Ang by residue) in 2.2037 (sec).
 3-Body  A74-GLU 41, A135-LYD 26, A136-CYS 4 :      -0.00013979 at      1.934 Ang (1.876 Ang by residue) in 2.1691 (sec).
 3-Body  A74-GLU 41, A135-LYD 26, A136-CYS 5 :      -0.00001511 at      2.023 Ang (1.876 Ang by residue) in 1.9834 (sec).
 3-Body  A74-GLU 41, A135-LYD 26, A136-CYS 7 :      -0.00013979 at      1.934 Ang (1.876 Ang by residue) in 1.9925 (sec).
 3-Body  A74-GLU 41, A135-LYD 26, A136-CYD 8 :      -0.00029310 at      1.934 Ang (1.876 Ang by residue) in 2.1904 (sec).
 3-Body  A74-GLU 41, A135-LYD 26, A136-CYD 9 :      -0.00027412 at      1.934 Ang (1.876 Ang by residue) in 2.1331 (sec).
 3-Body  A74-GLU 41, A135-LYD 26, A136-CYD 10:      -0.00105028 at      1.934 Ang (1.876 Ang by residue) in 2.2021 (sec).
 3-Body  A74-GLU 41, A135-LYD 27, A136-CYS 0 :      -0.00011930 at      1.934 Ang (1.876 Ang by residue) in 2.0626 (sec).
 3-Body  A74-GLU 41, A135-LYD 27, A136-CYD 1 :      -0.00102461 at      1.934 Ang (1.876 Ang by residue) in 2.0094 (sec).
 3-Body  A74-GLU 41, A135-LYD 27, A136-CYS 2 :      -0.00001588 at      2.023 Ang (1.876 Ang by residue) in 1.9450 (sec).
 3-Body  A74-GLU 41, A135-LYD 27, A136-CYS 4 :      -0.00013429 at      1.934 Ang (1.876 Ang by residue) in 2.1579 (sec).
 3-Body  A74-GLU 41, A135-LYD 27, A136-CYS 5 :      -0.00001588 at      2.023 Ang (1.876 Ang by residue) in 2.0673 (sec).
 3-Body  A74-GLU 41, A135-LYD 27, A136-CYS 7 :      -0.00013429 at      1.934 Ang (1.876 Ang by residue) in 1.9695 (sec).
 3-Body  A74-GLU 41, A135-LYD 27, A136-CYD 8 :      -0.00029854 at      1.934 Ang (1.876 Ang by residue) in 2.0155 (sec).
 3-Body  A74-GLU 41, A135-LYD 27, A136-CYD 9 :      -0.00030040 at      1.934 Ang (1.876 Ang by residue) in 2.0185 (sec).
 3-Body  A74-GLU 41, A135-LYD 27, A136-CYD 10:      -0.00104877 at      1.934 Ang (1.876 Ang by residue) in 2.1203 (sec).
 3-Body  A74-GLU 41, A135-LYD 28, A136-CYS 0 :      -0.00011645 at      1.934 Ang (1.876 Ang by residue) in 2.0091 (sec).
 3-Body  A74-GLU 41, A135-LYD 28, A136-CYD 1 :      -0.00103669 at      1.934 Ang (1.876 Ang by residue) in 2.0437 (sec).
 3-Body  A74-GLU 41, A135-LYD 28, A136-CYS 2 :      -0.00001658 at      2.023 Ang (1.876 Ang by residue) in 1.9842 (sec).
 3-Body  A74-GLU 41, A135-LYD 28, A136-CYS 4 :      -0.00013170 at      1.934 Ang (1.876 Ang by residue) in 2.0387 (sec).
 3-Body  A74-GLU 41, A135-LYD 28, A136-CYS 5 :      -0.00001658 at      2.023 Ang (1.876 Ang by residue) in 2.1425 (sec).
 3-Body  A74-GLU 41, A135-LYD 28, A136-CYS 7 :      -0.00013170 at      1.934 Ang (1.876 Ang by residue) in 2.1201 (sec).
 3-Body  A74-GLU 41, A135-LYD 28, A136-CYD 8 :      -0.00029956 at      1.934 Ang (1.876 Ang by residue) in 2.3746 (sec).
 3-Body  A74-GLU 41, A135-LYD 28, A136-CYD 9 :      -0.00031459 at      1.934 Ang (1.876 Ang by residue) in 2.1071 (sec).
 3-Body  A74-GLU 41, A135-LYD 28, A136-CYD 10:      -0.00106161 at      1.934 Ang (1.876 Ang by residue) in 2.1471 (sec).
 3-Body  A74-GLU 41, A135-LYS 30, A136-CYS 0 :       0.00012810 at      1.934 Ang (1.876 Ang by residue) in 2.0648 (sec).
 3-Body  A74-GLU 41, A135-LYS 30, A136-CYD 1 :      -0.00046665 at      1.934 Ang (1.876 Ang by residue) in 2.2542 (sec).
 3-Body  A74-GLU 41, A135-LYS 30, A136-CYS 2 :       0.00003641 at      2.023 Ang (1.876 Ang by residue) in 2.1244 (sec).
 3-Body  A74-GLU 41, A135-LYS 30, A136-CYS 4 :       0.00011874 at      1.934 Ang (1.876 Ang by residue) in 2.1948 (sec).
 3-Body  A74-GLU 41, A135-LYS 30, A136-CYS 5 :       0.00003641 at      2.023 Ang (1.876 Ang by residue) in 2.2022 (sec).
 3-Body  A74-GLU 41, A135-LYS 30, A136-CYS 7 :       0.00011874 at      1.934 Ang (1.876 Ang by residue) in 2.0526 (sec).
 3-Body  A74-GLU 41, A135-LYS 30, A136-CYD 8 :      -0.00016766 at      1.934 Ang (1.876 Ang by residue) in 2.3096 (sec).
 3-Body  A74-GLU 41, A135-LYS 30, A136-CYD 9 :       0.00037626 at      1.934 Ang (1.876 Ang by residue) in 2.0437 (sec).
 3-Body  A74-GLU 41, A135-LYS 30, A136-CYD 10:      -0.00047279 at      1.934 Ang (1.876 Ang by residue) in 2.0965 (sec).
 3-Body  A74-GLU 41, A135-LYS 34, A136-CYS 0 :       0.00025599 at      1.923 Ang (1.876 Ang by residue) in 2.0521 (sec).
 3-Body  A74-GLU 41, A135-LYS 34, A136-CYD 1 :      -0.00085480 at      1.923 Ang (1.876 Ang by residue) in 2.0685 (sec).
 3-Body  A74-GLU 41, A135-LYS 34, A136-CYS 2 :       0.00008321 at      2.013 Ang (1.876 Ang by residue) in 2.0449 (sec).
 3-Body  A74-GLU 41, A135-LYS 34, A136-CYS 4 :       0.00024262 at      1.924 Ang (1.876 Ang by residue) in 1.9504 (sec).
 3-Body  A74-GLU 41, A135-LYS 34, A136-CYS 5 :       0.00008321 at      2.013 Ang (1.876 Ang by residue) in 2.0057 (sec).
 3-Body  A74-GLU 41, A135-LYS 34, A136-CYS 7 :       0.00024262 at      1.924 Ang (1.876 Ang by residue) in 2.0850 (sec).
 3-Body  A74-GLU 41, A135-LYS 34, A136-CYD 8 :      -0.00022358 at      1.924 Ang (1.876 Ang by residue) in 2.2226 (sec).
 3-Body  A74-GLU 41, A135-LYS 34, A136-CYD 9 :       0.00067675 at      1.924 Ang (1.876 Ang by residue) in 2.1915 (sec).
 3-Body  A74-GLU 41, A135-LYS 34, A136-CYD 10:      -0.00087522 at      1.924 Ang (1.876 Ang by residue) in 2.2410 (sec).
 3-Body  A74-GLU 41, A135-LYS 35, A136-CYS 0 :       0.00013335 at      1.923 Ang (1.876 Ang by residue) in 2.0721 (sec).
 3-Body  A74-GLU 41, A135-LYS 35, A136-CYD 1 :      -0.00089840 at      1.923 Ang (1.876 Ang by residue) in 2.0886 (sec).
 3-Body  A74-GLU 41, A135-LYS 35, A136-CYS 2 :       0.00003684 at      2.013 Ang (1.876 Ang by residue) in 2.0554 (sec).
 3-Body  A74-GLU 41, A135-LYS 35, A136-CYS 4 :       0.00011759 at      1.924 Ang (1.876 Ang by residue) in 1.9176 (sec).
 3-Body  A74-GLU 41, A135-LYS 35, A136-CYS 5 :       0.00003684 at      2.013 Ang (1.876 Ang by residue) in 2.0957 (sec).
 3-Body  A74-GLU 41, A135-LYS 35, A136-CYS 7 :       0.00011759 at      1.924 Ang (1.876 Ang by residue) in 2.1170 (sec).
 3-Body  A74-GLU 41, A135-LYS 35, A136-CYD 8 :      -0.00023117 at      1.924 Ang (1.876 Ang by residue) in 2.1916 (sec).
 3-Body  A74-GLU 41, A135-LYS 35, A136-CYD 9 :       0.00039591 at      1.924 Ang (1.876 Ang by residue) in 2.1471 (sec).
 3-Body  A74-GLU 41, A135-LYS 35, A136-CYD 10:      -0.00091989 at      1.924 Ang (1.876 Ang by residue) in 2.2457 (sec).
 3-Body  A74-GLU 41, A135-LYS 36, A136-CYS 0 :       0.00020719 at      1.923 Ang (1.876 Ang by residue) in 2.2358 (sec).
 3-Body  A74-GLU 41, A135-LYS 36, A136-CYD 1 :      -0.00077961 at      1.923 Ang (1.876 Ang by residue) in 2.1352 (sec).
 3-Body  A74-GLU 41, A135-LYS 36, A136-CYS 2 :       0.00004515 at      2.013 Ang (1.876 Ang by residue) in 2.1375 (sec).
 3-Body  A74-GLU 41, A135-LYS 36, A136-CYS 4 :       0.00019221 at      1.924 Ang (1.876 Ang by residue) in 2.0521 (sec).
 3-Body  A74-GLU 41, A135-LYS 36, A136-CYS 5 :       0.00004515 at      2.013 Ang (1.876 Ang by residue) in 2.1066 (sec).
 3-Body  A74-GLU 41, A135-LYS 36, A136-CYS 7 :       0.00019221 at      1.924 Ang (1.876 Ang by residue) in 2.0618 (sec).
 3-Body  A74-GLU 41, A135-LYS 36, A136-CYD 8 :      -0.00021829 at      1.924 Ang (1.876 Ang by residue) in 2.1639 (sec).
 3-Body  A74-GLU 41, A135-LYS 36, A136-CYD 9 :       0.00038483 at      1.924 Ang (1.876 Ang by residue) in 2.2889 (sec).
 3-Body  A74-GLU 41, A135-LYS 36, A136-CYD 10:      -0.00079600 at      1.924 Ang (1.876 Ang by residue) in 2.1979 (sec).
 3-Body  A74-GLU 41, A135-LYS 37, A136-CYS 0 :       0.00167412 at      1.704 Ang (1.876 Ang by residue) in 1.9754 (sec).
 3-Body  A74-GLU 41, A135-LYS 37, A136-CYD 1 :      -0.00341348 at      1.704 Ang (1.876 Ang by residue) in 2.1766 (sec).
 3-Body  A74-GLU 41, A135-LYS 37, A136-CYS 2 :      -0.00019112 at      1.805 Ang (1.876 Ang by residue) in 2.0881 (sec).
 3-Body  A74-GLU 41, A135-LYS 37, A136-CYS 4 :       0.00174344 at      1.704 Ang (1.876 Ang by residue) in 2.0760 (sec).
 3-Body  A74-GLU 41, A135-LYS 37, A136-CYS 5 :      -0.00019112 at      1.805 Ang (1.876 Ang by residue) in 2.1421 (sec).
 3-Body  A74-GLU 41, A135-LYS 37, A136-CYS 7 :       0.00174344 at      1.704 Ang (1.876 Ang by residue) in 2.0422 (sec).
 3-Body  A74-GLU 41, A135-LYS 37, A136-CYD 8 :      -0.00055764 at      1.704 Ang (1.876 Ang by residue) in 2.1531 (sec).
 3-Body  A74-GLU 41, A135-LYS 37, A136-CYD 9 :       0.00101143 at      1.704 Ang (1.876 Ang by residue) in 2.3428 (sec).
 3-Body  A74-GLU 41, A135-LYS 37, A136-CYD 10:      -0.00354339 at      1.704 Ang (1.876 Ang by residue) in 2.3893 (sec).
 3-Body  A74-GLU 41, A135-LYS 38, A136-CYS 0 :       0.00039053 at      1.808 Ang (1.876 Ang by residue) in 2.2152 (sec).
 3-Body  A74-GLU 41, A135-LYS 38, A136-CYD 1 :      -0.00127139 at      1.808 Ang (1.876 Ang by residue) in 2.1675 (sec).
 3-Body  A74-GLU 41, A135-LYS 38, A136-CYS 2 :      -0.00006221 at      1.904 Ang (1.876 Ang by residue) in 2.1129 (sec).
 3-Body  A74-GLU 41, A135-LYS 38, A136-CYS 4 :       0.00036423 at      1.809 Ang (1.876 Ang by residue) in 2.0435 (sec).
 3-Body  A74-GLU 41, A135-LYS 38, A136-CYS 5 :      -0.00006221 at      1.904 Ang (1.876 Ang by residue) in 1.9936 (sec).
 3-Body  A74-GLU 41, A135-LYS 38, A136-CYS 7 :       0.00036423 at      1.809 Ang (1.876 Ang by residue) in 2.1466 (sec).
 3-Body  A74-GLU 41, A135-LYS 38, A136-CYD 8 :      -0.00029026 at      1.809 Ang (1.876 Ang by residue) in 2.2393 (sec).
 3-Body  A74-GLU 41, A135-LYS 38, A136-CYD 9 :       0.00019332 at      1.809 Ang (1.876 Ang by residue) in 2.2027 (sec).
 3-Body  A74-GLU 41, A135-LYS 38, A136-CYD 10:      -0.00130566 at      1.809 Ang (1.876 Ang by residue) in 2.1319 (sec).
 3-Body  A74-GLU 41, A135-LYS 39, A136-CYS 0 :       0.00022304 at      1.919 Ang (1.876 Ang by residue) in 2.0651 (sec).
 3-Body  A74-GLU 41, A135-LYS 39, A136-CYD 1 :      -0.00088489 at      1.919 Ang (1.876 Ang by residue) in 2.0980 (sec).
 3-Body  A74-GLU 41, A135-LYS 39, A136-CYS 2 :       0.00000761 at      2.010 Ang (1.876 Ang by residue) in 1.9751 (sec).
 3-Body  A74-GLU 41, A135-LYS 39, A136-CYS 4 :       0.00020725 at      1.920 Ang (1.876 Ang by residue) in 2.0171 (sec).
 3-Body  A74-GLU 41, A135-LYS 39, A136-CYS 5 :       0.00000761 at      2.010 Ang (1.876 Ang by residue) in 2.0719 (sec).
 3-Body  A74-GLU 41, A135-LYS 39, A136-CYS 7 :       0.00020725 at      1.920 Ang (1.876 Ang by residue) in 2.2431 (sec).
 3-Body  A74-GLU 41, A135-LYS 39, A136-CYD 8 :      -0.00023897 at      1.920 Ang (1.876 Ang by residue) in 2.2883 (sec).
 3-Body  A74-GLU 41, A135-LYS 39, A136-CYD 9 :       0.00031654 at      1.920 Ang (1.876 Ang by residue) in 2.2880 (sec).
 3-Body  A74-GLU 41, A135-LYS 39, A136-CYD 10:      -0.00090420 at      1.920 Ang (1.876 Ang by residue) in 2.2145 (sec).
 3-Body  A74-GLU 41, A135-LYS 40, A136-CYS 0 :       0.00027593 at      1.918 Ang (1.876 Ang by residue) in 2.0350 (sec).
 3-Body  A74-GLU 41, A135-LYS 40, A136-CYD 1 :      -0.00076070 at      1.918 Ang (1.876 Ang by residue) in 2.1681 (sec).
 3-Body  A74-GLU 41, A135-LYS 40, A136-CYS 2 :       0.00000546 at      2.009 Ang (1.876 Ang by residue) in 2.0010 (sec).
 3-Body  A74-GLU 41, A135-LYS 40, A136-CYS 4 :       0.00026065 at      1.919 Ang (1.876 Ang by residue) in 2.1267 (sec).
 3-Body  A74-GLU 41, A135-LYS 40, A136-CYS 5 :       0.00000546 at      2.009 Ang (1.876 Ang by residue) in 2.0756 (sec).
 3-Body  A74-GLU 41, A135-LYS 40, A136-CYS 7 :       0.00026065 at      1.919 Ang (1.876 Ang by residue) in 2.1333 (sec).
 3-Body  A74-GLU 41, A135-LYS 40, A136-CYD 8 :      -0.00023296 at      1.919 Ang (1.876 Ang by residue) in 2.2766 (sec).
 3-Body  A74-GLU 41, A135-LYS 40, A136-CYD 9 :       0.00016628 at      1.919 Ang (1.876 Ang by residue) in 2.3409 (sec).
 3-Body  A74-GLU 41, A135-LYS 40, A136-CYD 10:      -0.00077559 at      1.919 Ang (1.876 Ang by residue) in 2.2597 (sec).
 3-Body  A74-GLU 41, A135-LYS 41, A136-CYS 0 :       0.00046618 at      1.812 Ang (1.876 Ang by residue) in 2.1344 (sec).
 3-Body  A74-GLU 41, A135-LYS 41, A136-CYD 1 :      -0.00082917 at      1.812 Ang (1.876 Ang by residue) in 2.1468 (sec).
 3-Body  A74-GLU 41, A135-LYS 41, A136-CYS 2 :       0.00001359 at      1.908 Ang (1.876 Ang by residue) in 2.2463 (sec).
 3-Body  A74-GLU 41, A135-LYS 41, A136-CYS 4 :       0.00045878 at      1.813 Ang (1.876 Ang by residue) in 1.9625 (sec).
 3-Body  A74-GLU 41, A135-LYS 41, A136-CYS 5 :       0.00001359 at      1.908 Ang (1.876 Ang by residue) in 2.1528 (sec).
 3-Body  A74-GLU 41, A135-LYS 41, A136-CYS 7 :       0.00045878 at      1.813 Ang (1.876 Ang by residue) in 2.0527 (sec).
 3-Body  A74-GLU 41, A135-LYS 41, A136-CYD 8 :      -0.00026129 at      1.813 Ang (1.876 Ang by residue) in 2.2624 (sec).
 3-Body  A74-GLU 41, A135-LYS 41, A136-CYD 9 :       0.00058115 at      1.813 Ang (1.876 Ang by residue) in 2.2362 (sec).
 3-Body  A74-GLU 41, A135-LYS 41, A136-CYD 10:      -0.00085216 at      1.813 Ang (1.876 Ang by residue) in 2.1762 (sec).
 3-Body  A74-GLU 41, A135-LYS 42, A136-CYS 0 :       0.00017623 at      1.919 Ang (1.876 Ang by residue) in 2.1421 (sec).
 3-Body  A74-GLU 41, A135-LYS 42, A136-CYD 1 :      -0.00081727 at      1.919 Ang (1.876 Ang by residue) in 2.1947 (sec).
 3-Body  A74-GLU 41, A135-LYS 42, A136-CYS 2 :       0.00000470 at      2.010 Ang (1.876 Ang by residue) in 2.0575 (sec).
 3-Body  A74-GLU 41, A135-LYS 42, A136-CYS 4 :       0.00015646 at      1.920 Ang (1.876 Ang by residue) in 1.9949 (sec).
 3-Body  A74-GLU 41, A135-LYS 42, A136-CYS 5 :       0.00000470 at      2.010 Ang (1.876 Ang by residue) in 2.0796 (sec).
 3-Body  A74-GLU 41, A135-LYS 42, A136-CYS 7 :       0.00015646 at      1.920 Ang (1.876 Ang by residue) in 2.1027 (sec).
 3-Body  A74-GLU 41, A135-LYS 42, A136-CYD 8 :      -0.00022974 at      1.920 Ang (1.876 Ang by residue) in 2.0228 (sec).
 3-Body  A74-GLU 41, A135-LYS 42, A136-CYD 9 :       0.00019392 at      1.920 Ang (1.876 Ang by residue) in 1.9956 (sec).
 3-Body  A74-GLU 41, A135-LYS 42, A136-CYD 10:      -0.00083619 at      1.920 Ang (1.876 Ang by residue) in 2.1786 (sec).
 3-Body  A74-GLU 41, A135-LYS 43, A136-CYS 0 :       0.00014095 at      1.919 Ang (1.876 Ang by residue) in 1.9400 (sec).
 3-Body  A74-GLU 41, A135-LYS 43, A136-CYD 1 :      -0.00091534 at      1.919 Ang (1.876 Ang by residue) in 1.9952 (sec).
 3-Body  A74-GLU 41, A135-LYS 43, A136-CYS 2 :       0.00000685 at      2.010 Ang (1.876 Ang by residue) in 2.0812 (sec).
 3-Body  A74-GLU 41, A135-LYS 43, A136-CYS 4 :       0.00012118 at      1.920 Ang (1.876 Ang by residue) in 2.0259 (sec).
 3-Body  A74-GLU 41, A135-LYS 43, A136-CYS 5 :       0.00000685 at      2.010 Ang (1.876 Ang by residue) in 2.0081 (sec).
 3-Body  A74-GLU 41, A135-LYS 43, A136-CYS 7 :       0.00012118 at      1.920 Ang (1.876 Ang by residue) in 2.0256 (sec).
 3-Body  A74-GLU 41, A135-LYS 43, A136-CYD 8 :      -0.00023934 at      1.920 Ang (1.876 Ang by residue) in 2.0835 (sec).
 3-Body  A74-GLU 41, A135-LYS 43, A136-CYD 9 :       0.00029661 at      1.920 Ang (1.876 Ang by residue) in 1.9528 (sec).
 3-Body  A74-GLU 41, A135-LYS 43, A136-CYD 10:      -0.00093711 at      1.920 Ang (1.876 Ang by residue) in 2.1158 (sec).
 3-Body  A74-GLU 41, A135-LYS 44, A136-CYS 0 :       0.00009116 at      1.934 Ang (1.876 Ang by residue) in 2.0346 (sec).
 3-Body  A74-GLU 41, A135-LYS 44, A136-CYD 1 :      -0.00050356 at      1.934 Ang (1.876 Ang by residue) in 2.1850 (sec).
 3-Body  A74-GLU 41, A135-LYS 44, A136-CYS 2 :       0.00003753 at      2.023 Ang (1.876 Ang by residue) in 2.0363 (sec).
 3-Body  A74-GLU 41, A135-LYS 44, A136-CYS 4 :       0.00008163 at      1.934 Ang (1.876 Ang by residue) in 2.1362 (sec).
 3-Body  A74-GLU 41, A135-LYS 44, A136-CYS 5 :       0.00003753 at      2.023 Ang (1.876 Ang by residue) in 1.9880 (sec).
 3-Body  A74-GLU 41, A135-LYS 44, A136-CYS 7 :       0.00008163 at      1.934 Ang (1.876 Ang by residue) in 2.1033 (sec).
 3-Body  A74-GLU 41, A135-LYS 44, A136-CYD 8 :      -0.00019260 at      1.934 Ang (1.876 Ang by residue) in 2.1927 (sec).
 3-Body  A74-GLU 41, A135-LYS 44, A136-CYD 9 :       0.00043260 at      1.934 Ang (1.876 Ang by residue) in 2.2572 (sec).
 3-Body  A74-GLU 41, A135-LYS 44, A136-CYD 10:      -0.00050834 at      1.934 Ang (1.876 Ang by residue) in 2.1783 (sec).
 3-Body  A74-GLU 41, A135-LYS 46, A136-CYS 0 :       0.00018582 at      1.934 Ang (1.876 Ang by residue) in 2.0393 (sec).
 3-Body  A74-GLU 41, A135-LYS 46, A136-CYD 1 :      -0.00038552 at      1.934 Ang (1.876 Ang by residue) in 2.1875 (sec).
 3-Body  A74-GLU 41, A135-LYS 46, A136-CYS 2 :       0.00003215 at      2.023 Ang (1.876 Ang by residue) in 2.0652 (sec).
 3-Body  A74-GLU 41, A135-LYS 46, A136-CYS 4 :       0.00017432 at      1.934 Ang (1.876 Ang by residue) in 2.1011 (sec).
 3-Body  A74-GLU 41, A135-LYS 46, A136-CYS 5 :       0.00003215 at      2.023 Ang (1.876 Ang by residue) in 2.0766 (sec).
 3-Body  A74-GLU 41, A135-LYS 46, A136-CYS 7 :       0.00017432 at      1.934 Ang (1.876 Ang by residue) in 2.1585 (sec).
 3-Body  A74-GLU 41, A135-LYS 46, A136-CYD 8 :      -0.00017075 at      1.934 Ang (1.876 Ang by residue) in 2.3638 (sec).
 3-Body  A74-GLU 41, A135-LYS 46, A136-CYD 9 :       0.00033587 at      1.934 Ang (1.876 Ang by residue) in 2.2704 (sec).
 3-Body  A74-GLU 41, A135-LYS 46, A136-CYD 10:      -0.00038135 at      1.934 Ang (1.876 Ang by residue) in 2.2622 (sec).
 3-Body  A74-GLU 41, A135-LYS 47, A136-CYS 0 :       0.00006463 at      1.934 Ang (1.876 Ang by residue) in 2.1783 (sec).
 3-Body  A74-GLU 41, A135-LYS 47, A136-CYD 1 :      -0.00052700 at      1.934 Ang (1.876 Ang by residue) in 2.1828 (sec).
 3-Body  A74-GLU 41, A135-LYS 47, A136-CYS 2 :       0.00001949 at      2.023 Ang (1.876 Ang by residue) in 1.9965 (sec).
 3-Body  A74-GLU 41, A135-LYS 47, A136-CYS 4 :       0.00005186 at      1.934 Ang (1.876 Ang by residue) in 1.9107 (sec).
 3-Body  A74-GLU 41, A135-LYS 47, A136-CYS 5 :       0.00001949 at      2.023 Ang (1.876 Ang by residue) in 2.0143 (sec).
 3-Body  A74-GLU 41, A135-LYS 47, A136-CYS 7 :       0.00005186 at      1.934 Ang (1.876 Ang by residue) in 2.0798 (sec).
 3-Body  A74-GLU 41, A135-LYS 47, A136-CYD 8 :      -0.00019173 at      1.934 Ang (1.876 Ang by residue) in 2.1715 (sec).
 3-Body  A74-GLU 41, A135-LYS 47, A136-CYD 9 :       0.00038493 at      1.934 Ang (1.876 Ang by residue) in 2.0292 (sec).
 3-Body  A74-GLU 41, A135-LYS 47, A136-CYD 10:      -0.00052942 at      1.934 Ang (1.876 Ang by residue) in 2.0712 (sec).
 3-Body  A74-GLU 41, A135-LYS 48, A136-CYS 0 :       0.00009770 at      1.934 Ang (1.876 Ang by residue) in 1.9685 (sec).
 3-Body  A74-GLU 41, A135-LYS 48, A136-CYD 1 :      -0.00047719 at      1.934 Ang (1.876 Ang by residue) in 2.1592 (sec).
 3-Body  A74-GLU 41, A135-LYS 48, A136-CYS 2 :       0.00002316 at      2.023 Ang (1.876 Ang by residue) in 2.1496 (sec).
 3-Body  A74-GLU 41, A135-LYS 48, A136-CYS 4 :       0.00008593 at      1.934 Ang (1.876 Ang by residue) in 1.9249 (sec).
 3-Body  A74-GLU 41, A135-LYS 48, A136-CYS 5 :       0.00002316 at      2.023 Ang (1.876 Ang by residue) in 2.0003 (sec).
 3-Body  A74-GLU 41, A135-LYS 48, A136-CYS 7 :       0.00008593 at      1.934 Ang (1.876 Ang by residue) in 2.0813 (sec).
 3-Body  A74-GLU 41, A135-LYS 48, A136-CYD 8 :      -0.00018316 at      1.934 Ang (1.876 Ang by residue) in 2.0671 (sec).
 3-Body  A74-GLU 41, A135-LYS 48, A136-CYD 9 :       0.00028662 at      1.934 Ang (1.876 Ang by residue) in 2.0940 (sec).
 3-Body  A74-GLU 41, A135-LYS 48, A136-CYD 10:      -0.00047832 at      1.934 Ang (1.876 Ang by residue) in 2.1613 (sec).
 3-Body  A74-GLU 41, A135-LYS 49, A136-CYS 0 :       0.00007747 at      1.934 Ang (1.876 Ang by residue) in 2.1415 (sec).
 3-Body  A74-GLU 41, A135-LYS 49, A136-CYD 1 :      -0.00053498 at      1.934 Ang (1.876 Ang by residue) in 2.1990 (sec).
 3-Body  A74-GLU 41, A135-LYS 49, A136-CYS 2 :       0.00002461 at      2.023 Ang (1.876 Ang by residue) in 2.0131 (sec).
 3-Body  A74-GLU 41, A135-LYS 49, A136-CYS 4 :       0.00006571 at      1.934 Ang (1.876 Ang by residue) in 2.0374 (sec).
 3-Body  A74-GLU 41, A135-LYS 49, A136-CYS 5 :       0.00002461 at      2.023 Ang (1.876 Ang by residue) in 2.0468 (sec).
 3-Body  A74-GLU 41, A135-LYS 49, A136-CYS 7 :       0.00006571 at      1.934 Ang (1.876 Ang by residue) in 2.0802 (sec).
 3-Body  A74-GLU 41, A135-LYS 49, A136-CYD 8 :      -0.00018938 at      1.934 Ang (1.876 Ang by residue) in 2.0257 (sec).
 3-Body  A74-GLU 41, A135-LYS 49, A136-CYD 9 :       0.00035979 at      1.934 Ang (1.876 Ang by residue) in 1.9998 (sec).
 3-Body  A74-GLU 41, A135-LYS 49, A136-CYD 10:      -0.00053722 at      1.934 Ang (1.876 Ang by residue) in 1.9196 (sec).
 3-Body  A74-GLU 41, A135-LYS 52, A136-CYS 0 :       0.00007784 at      1.934 Ang (1.876 Ang by residue) in 2.1273 (sec).
 3-Body  A74-GLU 41, A135-LYS 52, A136-CYD 1 :      -0.00053050 at      1.934 Ang (1.876 Ang by residue) in 2.0529 (sec).
 3-Body  A74-GLU 41, A135-LYS 52, A136-CYS 2 :       0.00003457 at      2.023 Ang (1.876 Ang by residue) in 2.0352 (sec).
 3-Body  A74-GLU 41, A135-LYS 52, A136-CYS 4 :       0.00006587 at      1.934 Ang (1.876 Ang by residue) in 2.0320 (sec).
 3-Body  A74-GLU 41, A135-LYS 52, A136-CYS 5 :       0.00003457 at      2.023 Ang (1.876 Ang by residue) in 1.9978 (sec).
 3-Body  A74-GLU 41, A135-LYS 52, A136-CYS 7 :       0.00006587 at      1.934 Ang (1.876 Ang by residue) in 2.0905 (sec).
 3-Body  A74-GLU 41, A135-LYS 52, A136-CYD 8 :      -0.00018749 at      1.934 Ang (1.876 Ang by residue) in 2.1036 (sec).
 3-Body  A74-GLU 41, A135-LYS 52, A136-CYD 9 :       0.00038363 at      1.934 Ang (1.876 Ang by residue) in 2.0398 (sec).
 3-Body  A74-GLU 41, A135-LYS 52, A136-CYD 10:      -0.00053371 at      1.934 Ang (1.876 Ang by residue) in 2.2053 (sec).
 3-Body  A74-GLU 41, A135-LYS 53, A136-CYS 0 :       0.00004523 at      1.934 Ang (1.876 Ang by residue) in 2.0532 (sec).
 3-Body  A74-GLU 41, A135-LYS 53, A136-CYD 1 :      -0.00059349 at      1.934 Ang (1.876 Ang by residue) in 2.2018 (sec).
 3-Body  A74-GLU 41, A135-LYS 53, A136-CYS 2 :       0.00002936 at      2.023 Ang (1.876 Ang by residue) in 1.9509 (sec).
 3-Body  A74-GLU 41, A135-LYS 53, A136-CYS 4 :       0.00003344 at      1.934 Ang (1.876 Ang by residue) in 2.1484 (sec).
 3-Body  A74-GLU 41, A135-LYS 53, A136-CYS 5 :       0.00002936 at      2.023 Ang (1.876 Ang by residue) in 1.9662 (sec).
 3-Body  A74-GLU 41, A135-LYS 53, A136-CYS 7 :       0.00003344 at      1.934 Ang (1.876 Ang by residue) in 1.9915 (sec).
 3-Body  A74-GLU 41, A135-LYS 53, A136-CYD 8 :      -0.00019614 at      1.934 Ang (1.876 Ang by residue) in 2.4338 (sec).
 3-Body  A74-GLU 41, A135-LYS 53, A136-CYD 9 :       0.00038875 at      1.934 Ang (1.876 Ang by residue) in 2.1562 (sec).
 3-Body  A74-GLU 41, A135-LYS 53, A136-CYD 10:      -0.00059870 at      1.934 Ang (1.876 Ang by residue) in 2.0677 (sec).
 3-Body  A74-GLU 41, A135-LYS 54, A136-CYS 0 :       0.00004290 at      1.934 Ang (1.876 Ang by residue) in 2.1213 (sec).
 3-Body  A74-GLU 41, A135-LYS 54, A136-CYD 1 :      -0.00058646 at      1.934 Ang (1.876 Ang by residue) in 2.0211 (sec).
 3-Body  A74-GLU 41, A135-LYS 54, A136-CYS 2 :       0.00003061 at      2.023 Ang (1.876 Ang by residue) in 2.0600 (sec).
 3-Body  A74-GLU 41, A135-LYS 54, A136-CYS 4 :       0.00003014 at      1.934 Ang (1.876 Ang by residue) in 2.0384 (sec).
 3-Body  A74-GLU 41, A135-LYS 54, A136-CYS 5 :       0.00003061 at      2.023 Ang (1.876 Ang by residue) in 2.1233 (sec).
 3-Body  A74-GLU 41, A135-LYS 54, A136-CYS 7 :       0.00003014 at      1.934 Ang (1.876 Ang by residue) in 2.0003 (sec).
 3-Body  A74-GLU 41, A135-LYS 54, A136-CYD 8 :      -0.00019744 at      1.934 Ang (1.876 Ang by residue) in 2.1625 (sec).
 3-Body  A74-GLU 41, A135-LYS 54, A136-CYD 9 :       0.00045267 at      1.934 Ang (1.876 Ang by residue) in 2.1577 (sec).
 3-Body  A74-GLU 41, A135-LYS 54, A136-CYD 10:      -0.00059179 at      1.934 Ang (1.876 Ang by residue) in 2.2244 (sec).
 3-Body  A74-GLU 41, A135-LYS 55, A136-CYS 0 :       0.00009534 at      1.934 Ang (1.876 Ang by residue) in 2.1038 (sec).
 3-Body  A74-GLU 41, A135-LYS 55, A136-CYD 1 :      -0.00055591 at      1.934 Ang (1.876 Ang by residue) in 2.0154 (sec).
 3-Body  A74-GLU 41, A135-LYS 55, A136-CYS 2 :       0.00004282 at      2.023 Ang (1.876 Ang by residue) in 2.2002 (sec).
 3-Body  A74-GLU 41, A135-LYS 55, A136-CYS 4 :       0.00008451 at      1.934 Ang (1.876 Ang by residue) in 2.1090 (sec).
 3-Body  A74-GLU 41, A135-LYS 55, A136-CYS 5 :       0.00004282 at      2.023 Ang (1.876 Ang by residue) in 2.0797 (sec).
 3-Body  A74-GLU 41, A135-LYS 55, A136-CYS 7 :       0.00008451 at      1.934 Ang (1.876 Ang by residue) in 1.9625 (sec).
 3-Body  A74-GLU 41, A135-LYS 55, A136-CYD 8 :      -0.00018748 at      1.934 Ang (1.876 Ang by residue) in 2.1596 (sec).
 3-Body  A74-GLU 41, A135-LYS 55, A136-CYD 9 :       0.00047087 at      1.934 Ang (1.876 Ang by residue) in 2.1255 (sec).
 3-Body  A74-GLU 41, A135-LYS 55, A136-CYD 10:      -0.00055815 at      1.934 Ang (1.876 Ang by residue) in 2.0335 (sec).
 3-Body  A85-ASP 0 ,  A87-GLU 0 ,  A88-ASP 0 :       0.00141423 at      1.519 Ang (1.707 Ang by residue) in 2.0713 (sec).
 3-Body  A85-ASP 0 ,  A87-GLU 0 ,  A88-ASP 22:       0.00252608 at      1.468 Ang (1.707 Ang by residue) in 2.0403 (sec).
 3-Body  A85-ASP 0 ,  A87-GLU 0 ,  A88-ASP 23:       0.00151833 at      1.492 Ang (1.707 Ang by residue) in 2.0151 (sec).
 3-Body  A85-ASP 0 ,  A87-GLU 0 ,  A88-ASP 24:       0.00067658 at      1.526 Ang (1.707 Ang by residue) in 2.1254 (sec).
 3-Body  A85-ASP 0 ,  A87-GLU 0 ,  A88-ASP 25:       0.00067163 at      1.526 Ang (1.707 Ang by residue) in 2.0509 (sec).
 3-Body  A85-ASP 0 ,  A87-GLU 0 ,  A88-ASP 26:       0.00188344 at      1.526 Ang (1.707 Ang by residue) in 2.0766 (sec).
 3-Body  A85-ASP 0 ,  A87-GLU 36,  A88-ASP 0 :       0.00215526 at      1.519 Ang (1.707 Ang by residue) in 2.0212 (sec).
 3-Body  A85-ASP 0 ,  A87-GLU 36,  A88-ASP 22:       0.00400282 at      1.468 Ang (1.707 Ang by residue) in 2.1601 (sec).
 3-Body  A85-ASP 0 ,  A87-GLU 36,  A88-ASP 23:       0.00337077 at      1.492 Ang (1.707 Ang by residue) in 2.0582 (sec).
 3-Body  A85-ASP 0 ,  A87-GLU 36,  A88-ASP 24:       0.00066763 at      1.526 Ang (1.707 Ang by residue) in 2.0862 (sec).
 3-Body  A85-ASP 0 ,  A87-GLU 36,  A88-ASP 25:       0.00066066 at      1.526 Ang (1.707 Ang by residue) in 2.0653 (sec).
 3-Body  A85-ASP 0 ,  A87-GLU 36,  A88-ASP 26:       0.00125526 at      1.526 Ang (1.707 Ang by residue) in 2.0939 (sec).
 3-Body  A85-ASP 0 ,  A87-GLU 37,  A88-ASP 0 :       0.00211213 at      1.519 Ang (1.707 Ang by residue) in 1.9777 (sec).
 3-Body  A85-ASP 0 ,  A87-GLU 37,  A88-ASP 22:       0.00379570 at      1.468 Ang (1.707 Ang by residue) in 2.0023 (sec).
 3-Body  A85-ASP 0 ,  A87-GLU 37,  A88-ASP 23:       0.00320257 at      1.492 Ang (1.707 Ang by residue) in 2.0702 (sec).
 3-Body  A85-ASP 0 ,  A87-GLU 37,  A88-ASP 24:       0.00057890 at      1.526 Ang (1.707 Ang by residue) in 1.9748 (sec).
 3-Body  A85-ASP 0 ,  A87-GLU 37,  A88-ASP 25:       0.00057794 at      1.526 Ang (1.707 Ang by residue) in 2.1830 (sec).
 3-Body  A85-ASP 0 ,  A87-GLU 37,  A88-ASP 26:       0.00127861 at      1.526 Ang (1.707 Ang by residue) in 2.1784 (sec).
 3-Body  A85-ASP 0 ,  A87-GLU 38,  A88-ASP 0 :       0.00141358 at      1.519 Ang (1.707 Ang by residue) in 1.9343 (sec).
 3-Body  A85-ASP 0 ,  A87-GLU 38,  A88-ASP 22:       0.00252411 at      1.468 Ang (1.707 Ang by residue) in 2.0000 (sec).
 3-Body  A85-ASP 0 ,  A87-GLU 38,  A88-ASP 23:       0.00151708 at      1.492 Ang (1.707 Ang by residue) in 1.9322 (sec).
 3-Body  A85-ASP 0 ,  A87-GLU 38,  A88-ASP 24:       0.00067621 at      1.526 Ang (1.707 Ang by residue) in 1.9413 (sec).
 3-Body  A85-ASP 0 ,  A87-GLU 38,  A88-ASP 25:       0.00067125 at      1.526 Ang (1.707 Ang by residue) in 2.0833 (sec).
 3-Body  A85-ASP 0 ,  A87-GLU 38,  A88-ASP 26:       0.00188334 at      1.526 Ang (1.707 Ang by residue) in 2.1134 (sec).
 3-Body  A85-ASP 0 ,  A87-GLU 40,  A88-ASP 0 :       0.00170571 at      1.519 Ang (1.707 Ang by residue) in 2.1681 (sec).
 3-Body  A85-ASP 0 ,  A87-GLU 40,  A88-ASP 22:       0.00285285 at      1.468 Ang (1.707 Ang by residue) in 2.1468 (sec).
 3-Body  A85-ASP 0 ,  A87-GLU 40,  A88-ASP 23:       0.00243454 at      1.492 Ang (1.707 Ang by residue) in 2.0774 (sec).
 3-Body  A85-ASP 0 ,  A87-GLU 40,  A88-ASP 24:       0.00051183 at      1.526 Ang (1.707 Ang by residue) in 2.1559 (sec).
 3-Body  A85-ASP 0 ,  A87-GLU 40,  A88-ASP 25:       0.00051132 at      1.526 Ang (1.707 Ang by residue) in 2.1920 (sec).
 3-Body  A85-ASP 0 ,  A87-GLU 40,  A88-ASP 26:       0.00099425 at      1.526 Ang (1.707 Ang by residue) in 2.0831 (sec).
 3-Body  A85-ASP 24,  A87-GLU 0 ,  A88-ASP 0 :       0.00034708 at      1.519 Ang (1.707 Ang by residue) in 2.0895 (sec).
 3-Body  A85-ASP 24,  A87-GLU 0 ,  A88-ASP 22:      -0.00676523 at      1.468 Ang (1.707 Ang by residue) in 1.9445 (sec).
 3-Body  A85-ASP 24,  A87-GLU 0 ,  A88-ASP 23:      -0.00580978 at      1.492 Ang (1.707 Ang by residue) in 2.0700 (sec).
 3-Body  A85-ASP 24,  A87-GLU 0 ,  A88-ASP 24:       0.00227365 at      1.526 Ang (1.707 Ang by residue) in 2.1026 (sec).
 3-Body  A85-ASP 24,  A87-GLU 0 ,  A88-ASP 25:       0.00233201 at      1.526 Ang (1.707 Ang by residue) in 2.0699 (sec).
 3-Body  A85-ASP 24,  A87-GLU 0 ,  A88-ASP 26:       0.00335594 at      1.526 Ang (1.707 Ang by residue) in 1.8116 (sec).
 3-Body  A85-ASP 24,  A87-GLU 36,  A88-ASP 0 :       0.00158337 at      1.519 Ang (1.707 Ang by residue) in 1.9196 (sec).
 3-Body  A85-ASP 24,  A87-GLU 36,  A88-ASP 22:      -0.00022932 at      1.468 Ang (1.707 Ang by residue) in 1.9871 (sec).
 3-Body  A85-ASP 24,  A87-GLU 36,  A88-ASP 23:       0.00007170 at      1.492 Ang (1.707 Ang by residue) in 1.8840 (sec).
 3-Body  A85-ASP 24,  A87-GLU 36,  A88-ASP 24:       0.00105415 at      1.526 Ang (1.707 Ang by residue) in 2.0292 (sec).
 3-Body  A85-ASP 24,  A87-GLU 36,  A88-ASP 25:       0.00103592 at      1.526 Ang (1.707 Ang by residue) in 2.0226 (sec).
 3-Body  A85-ASP 24,  A87-GLU 36,  A88-ASP 26:       0.00177531 at      1.526 Ang (1.707 Ang by residue) in 2.0106 (sec).
 3-Body  A85-ASP 24,  A87-GLU 37,  A88-ASP 0 :       0.00167111 at      1.519 Ang (1.707 Ang by residue) in 2.0327 (sec).
 3-Body  A85-ASP 24,  A87-GLU 37,  A88-ASP 22:      -0.00027307 at      1.468 Ang (1.707 Ang by residue) in 2.2310 (sec).
 3-Body  A85-ASP 24,  A87-GLU 37,  A88-ASP 23:       0.00016403 at      1.492 Ang (1.707 Ang by residue) in 2.0969 (sec).
 3-Body  A85-ASP 24,  A87-GLU 37,  A88-ASP 24:       0.00090156 at      1.526 Ang (1.707 Ang by residue) in 2.0173 (sec).
 3-Body  A85-ASP 24,  A87-GLU 37,  A88-ASP 25:       0.00089081 at      1.526 Ang (1.707 Ang by residue) in 2.1097 (sec).
 3-Body  A85-ASP 24,  A87-GLU 37,  A88-ASP 26:       0.00179283 at      1.526 Ang (1.707 Ang by residue) in 2.0489 (sec).
 3-Body  A85-ASP 24,  A87-GLU 38,  A88-ASP 0 :       0.00034628 at      1.519 Ang (1.707 Ang by residue) in 2.1938 (sec).
 3-Body  A85-ASP 24,  A87-GLU 38,  A88-ASP 22:      -0.00676607 at      1.468 Ang (1.707 Ang by residue) in 2.0937 (sec).
 3-Body  A85-ASP 24,  A87-GLU 38,  A88-ASP 23:      -0.00581009 at      1.492 Ang (1.707 Ang by residue) in 2.0856 (sec).
 3-Body  A85-ASP 24,  A87-GLU 38,  A88-ASP 24:       0.00227286 at      1.526 Ang (1.707 Ang by residue) in 2.0183 (sec).
 3-Body  A85-ASP 24,  A87-GLU 38,  A88-ASP 25:       0.00233119 at      1.526 Ang (1.707 Ang by residue) in 1.9373 (sec).
 3-Body  A85-ASP 24,  A87-GLU 38,  A88-ASP 26:       0.00335603 at      1.526 Ang (1.707 Ang by residue) in 1.9699 (sec).
 3-Body  A85-ASP 24,  A87-GLU 40,  A88-ASP 0 :       0.00085313 at      1.519 Ang (1.707 Ang by residue) in 2.0315 (sec).
 3-Body  A85-ASP 24,  A87-GLU 40,  A88-ASP 22:      -0.00184406 at      1.468 Ang (1.707 Ang by residue) in 2.1295 (sec).
 3-Body  A85-ASP 24,  A87-GLU 40,  A88-ASP 23:      -0.00110039 at      1.492 Ang (1.707 Ang by residue) in 2.0829 (sec).
 3-Body  A85-ASP 24,  A87-GLU 40,  A88-ASP 24:       0.00075276 at      1.526 Ang (1.707 Ang by residue) in 2.1884 (sec).
 3-Body  A85-ASP 24,  A87-GLU 40,  A88-ASP 25:       0.00073313 at      1.526 Ang (1.707 Ang by residue) in 2.1026 (sec).
 3-Body  A85-ASP 24,  A87-GLU 40,  A88-ASP 26:       0.00128844 at      1.526 Ang (1.707 Ang by residue) in 2.1023 (sec).
 3-Body  A85-ASP 25,  A87-GLU 0 ,  A88-ASP 0 :       0.00174101 at      1.519 Ang (1.707 Ang by residue) in 2.1204 (sec).
 3-Body  A85-ASP 25,  A87-GLU 0 ,  A88-ASP 22:       0.00031819 at      1.468 Ang (1.707 Ang by residue) in 2.1291 (sec).
 3-Body  A85-ASP 25,  A87-GLU 0 ,  A88-ASP 23:      -0.00043418 at      1.492 Ang (1.707 Ang by residue) in 2.0368 (sec).
 3-Body  A85-ASP 25,  A87-GLU 0 ,  A88-ASP 24:       0.00206562 at      1.526 Ang (1.707 Ang by residue) in 2.1519 (sec).
 3-Body  A85-ASP 25,  A87-GLU 0 ,  A88-ASP 25:       0.00201796 at      1.526 Ang (1.707 Ang by residue) in 2.1949 (sec).
 3-Body  A85-ASP 25,  A87-GLU 0 ,  A88-ASP 26:       0.00427965 at      1.526 Ang (1.707 Ang by residue) in 2.1577 (sec).
 3-Body  A85-ASP 25,  A87-GLU 36,  A88-ASP 0 :       0.00299370 at      1.519 Ang (1.707 Ang by residue) in 2.2232 (sec).
 3-Body  A85-ASP 25,  A87-GLU 36,  A88-ASP 22:       0.00477764 at      1.468 Ang (1.707 Ang by residue) in 2.1004 (sec).
 3-Body  A85-ASP 25,  A87-GLU 36,  A88-ASP 23:       0.00404590 at      1.492 Ang (1.707 Ang by residue) in 2.0277 (sec).
 3-Body  A85-ASP 25,  A87-GLU 36,  A88-ASP 24:       0.00146957 at      1.526 Ang (1.707 Ang by residue) in 2.0949 (sec).
 3-Body  A85-ASP 25,  A87-GLU 36,  A88-ASP 25:       0.00142493 at      1.526 Ang (1.707 Ang by residue) in 2.0394 (sec).
 3-Body  A85-ASP 25,  A87-GLU 36,  A88-ASP 26:       0.00246333 at      1.526 Ang (1.707 Ang by residue) in 2.0690 (sec).
 3-Body  A85-ASP 25,  A87-GLU 37,  A88-ASP 0 :       0.00295708 at      1.519 Ang (1.707 Ang by residue) in 2.1517 (sec).
 3-Body  A85-ASP 25,  A87-GLU 37,  A88-ASP 22:       0.00440629 at      1.468 Ang (1.707 Ang by residue) in 2.0642 (sec).
 3-Body  A85-ASP 25,  A87-GLU 37,  A88-ASP 23:       0.00382613 at      1.492 Ang (1.707 Ang by residue) in 2.1639 (sec).
 3-Body  A85-ASP 25,  A87-GLU 37,  A88-ASP 24:       0.00127339 at      1.526 Ang (1.707 Ang by residue) in 2.0928 (sec).
 3-Body  A85-ASP 25,  A87-GLU 37,  A88-ASP 25:       0.00123942 at      1.526 Ang (1.707 Ang by residue) in 2.1372 (sec).
 3-Body  A85-ASP 25,  A87-GLU 37,  A88-ASP 26:       0.00244096 at      1.526 Ang (1.707 Ang by residue) in 1.9903 (sec).
 3-Body  A85-ASP 25,  A87-GLU 38,  A88-ASP 0 :       0.00173979 at      1.519 Ang (1.707 Ang by residue) in 2.0430 (sec).
 3-Body  A85-ASP 25,  A87-GLU 38,  A88-ASP 22:       0.00031532 at      1.468 Ang (1.707 Ang by residue) in 2.1201 (sec).
 3-Body  A85-ASP 25,  A87-GLU 38,  A88-ASP 23:      -0.00043600 at      1.492 Ang (1.707 Ang by residue) in 2.1655 (sec).
 3-Body  A85-ASP 25,  A87-GLU 38,  A88-ASP 24:       0.00206479 at      1.526 Ang (1.707 Ang by residue) in 2.1710 (sec).
 3-Body  A85-ASP 25,  A87-GLU 38,  A88-ASP 25:       0.00201712 at      1.526 Ang (1.707 Ang by residue) in 2.1539 (sec).
 3-Body  A85-ASP 25,  A87-GLU 38,  A88-ASP 26:       0.00427948 at      1.526 Ang (1.707 Ang by residue) in 2.2966 (sec).
 3-Body  A85-ASP 25,  A87-GLU 40,  A88-ASP 0 :       0.00206083 at      1.519 Ang (1.707 Ang by residue) in 2.2572 (sec).
 3-Body  A85-ASP 25,  A87-GLU 40,  A88-ASP 22:       0.00252875 at      1.468 Ang (1.707 Ang by residue) in 2.0175 (sec).
 3-Body  A85-ASP 25,  A87-GLU 40,  A88-ASP 23:       0.00229200 at      1.492 Ang (1.707 Ang by residue) in 2.1390 (sec).
 3-Body  A85-ASP 25,  A87-GLU 40,  A88-ASP 24:       0.00104479 at      1.526 Ang (1.707 Ang by residue) in 2.1477 (sec).
 3-Body  A85-ASP 25,  A87-GLU 40,  A88-ASP 25:       0.00101314 at      1.526 Ang (1.707 Ang by residue) in 2.1271 (sec).
 3-Body  A85-ASP 25,  A87-GLU 40,  A88-ASP 26:       0.00177522 at      1.526 Ang (1.707 Ang by residue) in 2.1169 (sec).
 3-Body A131-ASP 0 , A132-ASP 0 , A135-LYS 0 :      -0.02014260 at      1.325 Ang (0.596 Ang by residue) in 2.0584 (sec).
 3-Body A131-ASP 0 , A132-ASP 0 , A135-LYD 1 :      -0.01267990 at      1.325 Ang (0.596 Ang by residue) in 2.1581 (sec).
 3-Body A131-ASP 0 , A132-ASP 0 , A135-LYD 7 :      -0.00019001 at      1.399 Ang (0.596 Ang by residue) in 1.9938 (sec).
 3-Body A131-ASP 0 , A132-ASP 0 , A135-LYD 8 :      -0.00014556 at      1.399 Ang (0.596 Ang by residue) in 2.1193 (sec).
 3-Body A131-ASP 0 , A132-ASP 0 , A135-LYD 9 :      -0.00017424 at      1.399 Ang (0.596 Ang by residue) in 2.2603 (sec).
 3-Body A131-ASP 0 , A132-ASP 0 , A135-LYD 10:       0.00003579 at      1.399 Ang (0.596 Ang by residue) in 2.1707 (sec).
 3-Body A131-ASP 0 , A132-ASP 0 , A135-LYD 11:       0.00046827 at      1.399 Ang (0.596 Ang by residue) in 2.1423 (sec).
 3-Body A131-ASP 0 , A132-ASP 0 , A135-LYD 12:      -0.00032859 at      1.399 Ang (0.596 Ang by residue) in 2.1662 (sec).
 3-Body A131-ASP 0 , A132-ASP 0 , A135-LYD 13:      -0.00036094 at      1.399 Ang (0.596 Ang by residue) in 2.1999 (sec).
 3-Body A131-ASP 0 , A132-ASP 0 , A135-LYD 14:      -0.00030722 at      1.399 Ang (0.596 Ang by residue) in 2.1602 (sec).
 3-Body A131-ASP 0 , A132-ASP 0 , A135-LYD 15:      -0.00041997 at      1.399 Ang (0.596 Ang by residue) in 2.2533 (sec).
 3-Body A131-ASP 0 , A132-ASP 0 , A135-LYD 16:      -0.00010509 at      1.399 Ang (0.596 Ang by residue) in 2.1312 (sec).
 3-Body A131-ASP 0 , A132-ASP 0 , A135-LYD 19:      -0.00450489 at      1.375 Ang (0.596 Ang by residue) in 2.1808 (sec).
 3-Body A131-ASP 0 , A132-ASP 0 , A135-LYD 20:      -0.05681710 at      1.180 Ang (0.596 Ang by residue) in 2.2396 (sec).
 3-Body A131-ASP 0 , A132-ASP 0 , A135-LYD 21:      -0.01268208 at      1.325 Ang (0.596 Ang by residue) in 2.2868 (sec).
 3-Body A131-ASP 0 , A132-ASP 0 , A135-LYD 22:      -0.00765106 at      1.327 Ang (0.596 Ang by residue) in 2.2287 (sec).
 3-Body A131-ASP 0 , A132-ASP 0 , A135-LYD 25:      -0.00333447 at      1.398 Ang (0.596 Ang by residue) in 2.1549 (sec).
 3-Body A131-ASP 0 , A132-ASP 0 , A135-LYD 26:      -0.00224069 at      1.398 Ang (0.596 Ang by residue) in 2.2637 (sec).
 3-Body A131-ASP 0 , A132-ASP 0 , A135-LYD 27:      -0.00105961 at      1.398 Ang (0.596 Ang by residue) in 2.1561 (sec).
 3-Body A131-ASP 0 , A132-ASP 0 , A135-LYD 28:      -0.00229606 at      1.398 Ang (0.596 Ang by residue) in 2.2725 (sec).
 3-Body A131-ASP 0 , A132-ASP 0 , A135-LYS 30:      -0.00078290 at      1.355 Ang (0.596 Ang by residue) in 2.1686 (sec).
 3-Body A131-ASP 0 , A132-ASP 0 , A135-LYS 34:       0.00046487 at      1.399 Ang (0.596 Ang by residue) in 2.1128 (sec).
 3-Body A131-ASP 0 , A132-ASP 0 , A135-LYS 35:       0.00041688 at      1.399 Ang (0.596 Ang by residue) in 2.1466 (sec).
 3-Body A131-ASP 0 , A132-ASP 0 , A135-LYS 36:       0.00064063 at      1.399 Ang (0.596 Ang by residue) in 2.2499 (sec).
 3-Body A131-ASP 0 , A132-ASP 0 , A135-LYS 37:       0.00224011 at      1.399 Ang (0.596 Ang by residue) in 2.2229 (sec).
 3-Body A131-ASP 0 , A132-ASP 0 , A135-LYS 38:       0.00359338 at      1.399 Ang (0.596 Ang by residue) in 2.0061 (sec).
 3-Body A131-ASP 0 , A132-ASP 0 , A135-LYS 39:       0.00075590 at      1.399 Ang (0.596 Ang by residue) in 2.2005 (sec).
 3-Body A131-ASP 0 , A132-ASP 0 , A135-LYS 40:       0.00094239 at      1.399 Ang (0.596 Ang by residue) in 2.1985 (sec).
 3-Body A131-ASP 0 , A132-ASP 0 , A135-LYS 41:       0.00072914 at      1.399 Ang (0.596 Ang by residue) in 2.2141 (sec).
 3-Body A131-ASP 0 , A132-ASP 0 , A135-LYS 42:       0.00231019 at      1.399 Ang (0.596 Ang by residue) in 2.2959 (sec).
 3-Body A131-ASP 0 , A132-ASP 0 , A135-LYS 43:       0.00193478 at      1.399 Ang (0.596 Ang by residue) in 2.1945 (sec).
 3-Body A131-ASP 0 , A132-ASP 0 , A135-LYS 44:      -0.00103895 at      1.326 Ang (0.596 Ang by residue) in 2.1667 (sec).
 3-Body A131-ASP 0 , A132-ASP 0 , A135-LYS 46:      -0.00088297 at      1.375 Ang (0.596 Ang by residue) in 2.0927 (sec).
 3-Body A131-ASP 0 , A132-ASP 0 , A135-LYS 47:      -0.07842219 at      1.180 Ang (0.596 Ang by residue) in 2.2843 (sec).
 3-Body A131-ASP 0 , A132-ASP 0 , A135-LYS 48:      -0.02014249 at      1.325 Ang (0.596 Ang by residue) in 2.2437 (sec).
 3-Body A131-ASP 0 , A132-ASP 0 , A135-LYS 49:      -0.00761458 at      1.327 Ang (0.596 Ang by residue) in 2.1172 (sec).
 3-Body A131-ASP 0 , A132-ASP 0 , A135-LYS 52:       0.00120270 at      1.398 Ang (0.596 Ang by residue) in 2.1798 (sec).
 3-Body A131-ASP 0 , A132-ASP 0 , A135-LYS 53:       0.00038227 at      1.398 Ang (0.596 Ang by residue) in 2.2376 (sec).
 3-Body A131-ASP 0 , A132-ASP 0 , A135-LYS 54:       0.00986749 at      1.398 Ang (0.596 Ang by residue) in 2.1756 (sec).
 3-Body A131-ASP 0 , A132-ASP 0 , A135-LYS 55:      -0.00098234 at      1.398 Ang (0.596 Ang by residue) in 2.1953 (sec).
 3-Body A131-ASP 0 , A132-ASP 24, A135-LYS 0 :       0.00879834 at      1.325 Ang (0.596 Ang by residue) in 2.1152 (sec).
 3-Body A131-ASP 0 , A132-ASP 24, A135-LYD 1 :       0.00341217 at      1.325 Ang (0.596 Ang by residue) in 2.1580 (sec).
 3-Body A131-ASP 0 , A132-ASP 24, A135-LYD 7 :       0.00142030 at      1.399 Ang (0.596 Ang by residue) in 2.2234 (sec).
 3-Body A131-ASP 0 , A132-ASP 24, A135-LYD 8 :       0.00145366 at      1.399 Ang (0.596 Ang by residue) in 2.2450 (sec).
 3-Body A131-ASP 0 , A132-ASP 24, A135-LYD 9 :       0.00148730 at      1.399 Ang (0.596 Ang by residue) in 2.2665 (sec).
 3-Body A131-ASP 0 , A132-ASP 24, A135-LYD 10:       0.00343894 at      1.380 Ang (0.596 Ang by residue) in 2.1599 (sec).
 3-Body A131-ASP 0 , A132-ASP 24, A135-LYD 11:       0.00486548 at      1.382 Ang (0.596 Ang by residue) in 2.2339 (sec).
 3-Body A131-ASP 0 , A132-ASP 24, A135-LYD 12:       0.00164611 at      1.399 Ang (0.596 Ang by residue) in 2.1575 (sec).
 3-Body A131-ASP 0 , A132-ASP 24, A135-LYD 13:       0.00169496 at      1.399 Ang (0.596 Ang by residue) in 2.1701 (sec).
 3-Body A131-ASP 0 , A132-ASP 24, A135-LYD 14:       0.00165918 at      1.399 Ang (0.596 Ang by residue) in 2.1233 (sec).
 3-Body A131-ASP 0 , A132-ASP 24, A135-LYD 15:       0.00204989 at      1.399 Ang (0.596 Ang by residue) in 2.0973 (sec).
 3-Body A131-ASP 0 , A132-ASP 24, A135-LYD 16:       0.00216671 at      1.399 Ang (0.596 Ang by residue) in 2.1478 (sec).
 3-Body A131-ASP 0 , A132-ASP 24, A135-LYD 19:       0.00244711 at      1.375 Ang (0.596 Ang by residue) in 2.1670 (sec).
 3-Body A131-ASP 0 , A132-ASP 24, A135-LYD 20:       0.00406939 at      1.180 Ang (0.596 Ang by residue) in 2.2020 (sec).
 3-Body A131-ASP 0 , A132-ASP 24, A135-LYD 21:       0.00341240 at      1.325 Ang (0.596 Ang by residue) in 2.0890 (sec).
 3-Body A131-ASP 0 , A132-ASP 24, A135-LYD 22:       0.00372552 at      1.327 Ang (0.596 Ang by residue) in 2.1031 (sec).
 3-Body A131-ASP 0 , A132-ASP 24, A135-LYD 25:       0.00186527 at      1.398 Ang (0.596 Ang by residue) in 2.1080 (sec).
 3-Body A131-ASP 0 , A132-ASP 24, A135-LYD 26:       0.00227411 at      1.398 Ang (0.596 Ang by residue) in 1.9079 (sec).
 3-Body A131-ASP 0 , A132-ASP 24, A135-LYD 27:       0.00565920 at      1.398 Ang (0.596 Ang by residue) in 2.1030 (sec).
 3-Body A131-ASP 0 , A132-ASP 24, A135-LYD 28:       0.00175947 at      1.398 Ang (0.596 Ang by residue) in 2.0994 (sec).
 3-Body A131-ASP 0 , A132-ASP 24, A135-LYS 30:       0.00584121 at      1.355 Ang (0.596 Ang by residue) in 2.2110 (sec).
 3-Body A131-ASP 0 , A132-ASP 24, A135-LYS 34:       0.00209982 at      1.399 Ang (0.596 Ang by residue) in 2.2588 (sec).
 3-Body A131-ASP 0 , A132-ASP 24, A135-LYS 35:       0.00199303 at      1.399 Ang (0.596 Ang by residue) in 2.2091 (sec).
 3-Body A131-ASP 0 , A132-ASP 24, A135-LYS 36:       0.00216008 at      1.399 Ang (0.596 Ang by residue) in 2.1214 (sec).
 3-Body A131-ASP 0 , A132-ASP 24, A135-LYS 37:       0.00702058 at      1.380 Ang (0.596 Ang by residue) in 2.1093 (sec).
 3-Body A131-ASP 0 , A132-ASP 24, A135-LYS 38:       0.00854504 at      1.382 Ang (0.596 Ang by residue) in 2.1624 (sec).
 3-Body A131-ASP 0 , A132-ASP 24, A135-LYS 39:       0.00260530 at      1.399 Ang (0.596 Ang by residue) in 2.2847 (sec).
 3-Body A131-ASP 0 , A132-ASP 24, A135-LYS 40:       0.00274103 at      1.399 Ang (0.596 Ang by residue) in 2.2924 (sec).
 3-Body A131-ASP 0 , A132-ASP 24, A135-LYS 41:       0.00276388 at      1.399 Ang (0.596 Ang by residue) in 2.1377 (sec).
 3-Body A131-ASP 0 , A132-ASP 24, A135-LYS 42:       0.00421429 at      1.399 Ang (0.596 Ang by residue) in 1.9345 (sec).
 3-Body A131-ASP 0 , A132-ASP 24, A135-LYS 43:       0.00377342 at      1.399 Ang (0.596 Ang by residue) in 2.1503 (sec).
 3-Body A131-ASP 0 , A132-ASP 24, A135-LYS 44:       0.00869683 at      1.326 Ang (0.596 Ang by residue) in 2.0340 (sec).
 3-Body A131-ASP 0 , A132-ASP 24, A135-LYS 46:       0.00526347 at      1.375 Ang (0.596 Ang by residue) in 2.1276 (sec).
 3-Body A131-ASP 0 , A132-ASP 24, A135-LYS 47:       0.03345538 at      1.180 Ang (0.596 Ang by residue) in 2.0989 (sec).
 3-Body A131-ASP 0 , A132-ASP 24, A135-LYS 48:       0.00879933 at      1.325 Ang (0.596 Ang by residue) in 2.2116 (sec).
 3-Body A131-ASP 0 , A132-ASP 24, A135-LYS 49:       0.00755521 at      1.327 Ang (0.596 Ang by residue) in 2.2599 (sec).
 3-Body A131-ASP 0 , A132-ASP 24, A135-LYS 52:       0.00614558 at      1.398 Ang (0.596 Ang by residue) in 2.2594 (sec).
 3-Body A131-ASP 0 , A132-ASP 24, A135-LYS 53:       0.00409625 at      1.398 Ang (0.596 Ang by residue) in 2.1547 (sec).
 3-Body A131-ASP 0 , A132-ASP 24, A135-LYS 54:       0.01283162 at      1.398 Ang (0.596 Ang by residue) in 2.1318 (sec).
 3-Body A131-ASP 0 , A132-ASP 24, A135-LYS 55:       0.00306717 at      1.398 Ang (0.596 Ang by residue) in 2.0551 (sec).
 3-Body A131-ASP 0 , A132-ASP 25, A135-LYS 0 :       0.00898939 at      1.325 Ang (0.596 Ang by residue) in 2.2190 (sec).
 3-Body A131-ASP 0 , A132-ASP 25, A135-LYD 1 :       0.00417891 at      1.325 Ang (0.596 Ang by residue) in 2.0505 (sec).
 3-Body A131-ASP 0 , A132-ASP 25, A135-LYD 7 :       0.00103328 at      1.399 Ang (0.596 Ang by residue) in 2.1671 (sec).
 3-Body A131-ASP 0 , A132-ASP 25, A135-LYD 8 :       0.00106287 at      1.399 Ang (0.596 Ang by residue) in 2.0261 (sec).
 3-Body A131-ASP 0 , A132-ASP 25, A135-LYD 9 :       0.00108507 at      1.399 Ang (0.596 Ang by residue) in 1.9812 (sec).
 3-Body A131-ASP 0 , A132-ASP 25, A135-LYD 10:       0.00197884 at      1.354 Ang (0.596 Ang by residue) in 2.1910 (sec).
 3-Body A131-ASP 0 , A132-ASP 25, A135-LYD 11:       0.00208555 at      1.350 Ang (0.596 Ang by residue) in 2.1423 (sec).
 3-Body A131-ASP 0 , A132-ASP 25, A135-LYD 12:       0.00122800 at      1.399 Ang (0.596 Ang by residue) in 2.2078 (sec).
 3-Body A131-ASP 0 , A132-ASP 25, A135-LYD 13:       0.00125719 at      1.399 Ang (0.596 Ang by residue) in 1.9612 (sec).
 3-Body A131-ASP 0 , A132-ASP 25, A135-LYD 14:       0.00124914 at      1.399 Ang (0.596 Ang by residue) in 2.0686 (sec).
 3-Body A131-ASP 0 , A132-ASP 25, A135-LYD 15:       0.00161313 at      1.399 Ang (0.596 Ang by residue) in 2.0619 (sec).
 3-Body A131-ASP 0 , A132-ASP 25, A135-LYD 16:       0.00175888 at      1.399 Ang (0.596 Ang by residue) in 2.0034 (sec).
 3-Body A131-ASP 0 , A132-ASP 25, A135-LYD 19:       0.00277652 at      1.375 Ang (0.596 Ang by residue) in 2.1142 (sec).
 3-Body A131-ASP 0 , A132-ASP 25, A135-LYD 20:       0.00578123 at      1.180 Ang (0.596 Ang by residue) in 2.1837 (sec).
 3-Body A131-ASP 0 , A132-ASP 25, A135-LYD 21:       0.00417875 at      1.325 Ang (0.596 Ang by residue) in 2.0407 (sec).
 3-Body A131-ASP 0 , A132-ASP 25, A135-LYD 22:       0.00453576 at      1.327 Ang (0.596 Ang by residue) in 2.0089 (sec).
 3-Body A131-ASP 0 , A132-ASP 25, A135-LYD 25:       0.00150753 at      1.398 Ang (0.596 Ang by residue) in 2.0550 (sec).
 3-Body A131-ASP 0 , A132-ASP 25, A135-LYD 26:       0.00192688 at      1.398 Ang (0.596 Ang by residue) in 1.8257 (sec).
 3-Body A131-ASP 0 , A132-ASP 25, A135-LYD 27:       0.00545496 at      1.398 Ang (0.596 Ang by residue) in 1.9165 (sec).
 3-Body A131-ASP 0 , A132-ASP 25, A135-LYD 28:       0.00135466 at      1.398 Ang (0.596 Ang by residue) in 2.1659 (sec).
 3-Body A131-ASP 0 , A132-ASP 25, A135-LYS 30:       0.00545084 at      1.355 Ang (0.596 Ang by residue) in 2.1050 (sec).
 3-Body A131-ASP 0 , A132-ASP 25, A135-LYS 34:       0.00159473 at      1.399 Ang (0.596 Ang by residue) in 2.2244 (sec).
 3-Body A131-ASP 0 , A132-ASP 25, A135-LYS 35:       0.00151103 at      1.399 Ang (0.596 Ang by residue) in 2.1878 (sec).
 3-Body A131-ASP 0 , A132-ASP 25, A135-LYS 36:       0.00166177 at      1.399 Ang (0.596 Ang by residue) in 2.2768 (sec).
 3-Body A131-ASP 0 , A132-ASP 25, A135-LYS 37:       0.00502772 at      1.354 Ang (0.596 Ang by residue) in 2.1905 (sec).
 3-Body A131-ASP 0 , A132-ASP 25, A135-LYS 38:       0.00561974 at      1.350 Ang (0.596 Ang by residue) in 2.2853 (sec).
 3-Body A131-ASP 0 , A132-ASP 25, A135-LYS 39:       0.00203733 at      1.399 Ang (0.596 Ang by residue) in 2.2775 (sec).
 3-Body A131-ASP 0 , A132-ASP 25, A135-LYS 40:       0.00216955 at      1.399 Ang (0.596 Ang by residue) in 2.1710 (sec).
 3-Body A131-ASP 0 , A132-ASP 25, A135-LYS 41:       0.00216601 at      1.399 Ang (0.596 Ang by residue) in 2.2753 (sec).
 3-Body A131-ASP 0 , A132-ASP 25, A135-LYS 42:       0.00364722 at      1.399 Ang (0.596 Ang by residue) in 2.3233 (sec).
 3-Body A131-ASP 0 , A132-ASP 25, A135-LYS 43:       0.00324536 at      1.399 Ang (0.596 Ang by residue) in 2.2423 (sec).
 3-Body A131-ASP 0 , A132-ASP 25, A135-LYS 44:       0.00866880 at      1.326 Ang (0.596 Ang by residue) in 2.2202 (sec).
 3-Body A131-ASP 0 , A132-ASP 25, A135-LYS 46:       0.00504387 at      1.375 Ang (0.596 Ang by residue) in 2.2404 (sec).
 3-Body A131-ASP 0 , A132-ASP 25, A135-LYS 47:       0.03442628 at      1.180 Ang (0.596 Ang by residue) in 2.3795 (sec).
 3-Body A131-ASP 0 , A132-ASP 25, A135-LYS 48:       0.00898994 at      1.325 Ang (0.596 Ang by residue) in 2.1998 (sec).
 3-Body A131-ASP 0 , A132-ASP 25, A135-LYS 49:       0.00793310 at      1.327 Ang (0.596 Ang by residue) in 2.2462 (sec).
 3-Body A131-ASP 0 , A132-ASP 25, A135-LYS 52:       0.00555689 at      1.398 Ang (0.596 Ang by residue) in 2.2135 (sec).
 3-Body A131-ASP 0 , A132-ASP 25, A135-LYS 53:       0.00355871 at      1.398 Ang (0.596 Ang by residue) in 2.2082 (sec).
 3-Body A131-ASP 0 , A132-ASP 25, A135-LYS 54:       0.01253620 at      1.398 Ang (0.596 Ang by residue) in 1.8900 (sec).
 3-Body A131-ASP 0 , A132-ASP 25, A135-LYS 55:       0.00243406 at      1.398 Ang (0.596 Ang by residue) in 2.1080 (sec).
 3-Body A131-ASP 0 , A132-ASP 26, A135-LYS 0 :      -0.02015047 at      1.325 Ang (0.596 Ang by residue) in 2.2223 (sec).
 3-Body A131-ASP 0 , A132-ASP 26, A135-LYD 1 :      -0.01269070 at      1.325 Ang (0.596 Ang by residue) in 2.1165 (sec).
 3-Body A131-ASP 0 , A132-ASP 26, A135-LYD 7 :      -0.00019161 at      1.399 Ang (0.596 Ang by residue) in 2.1125 (sec).
 3-Body A131-ASP 0 , A132-ASP 26, A135-LYD 8 :      -0.00014716 at      1.399 Ang (0.596 Ang by residue) in 2.1351 (sec).
 3-Body A131-ASP 0 , A132-ASP 26, A135-LYD 9 :      -0.00017588 at      1.399 Ang (0.596 Ang by residue) in 2.0457 (sec).
 3-Body A131-ASP 0 , A132-ASP 26, A135-LYD 10:       0.00003360 at      1.399 Ang (0.596 Ang by residue) in 2.2096 (sec).
 3-Body A131-ASP 0 , A132-ASP 26, A135-LYD 11:       0.00046590 at      1.399 Ang (0.596 Ang by residue) in 2.2212 (sec).
 3-Body A131-ASP 0 , A132-ASP 26, A135-LYD 12:      -0.00033025 at      1.399 Ang (0.596 Ang by residue) in 2.0915 (sec).
 3-Body A131-ASP 0 , A132-ASP 26, A135-LYD 13:      -0.00036263 at      1.399 Ang (0.596 Ang by residue) in 2.0819 (sec).
 3-Body A131-ASP 0 , A132-ASP 26, A135-LYD 14:      -0.00030890 at      1.399 Ang (0.596 Ang by residue) in 2.1105 (sec).
 3-Body A131-ASP 0 , A132-ASP 26, A135-LYD 15:      -0.00042212 at      1.399 Ang (0.596 Ang by residue) in 2.1064 (sec).
 3-Body A131-ASP 0 , A132-ASP 26, A135-LYD 16:      -0.00010728 at      1.399 Ang (0.596 Ang by residue) in 2.0720 (sec).
 3-Body A131-ASP 0 , A132-ASP 26, A135-LYD 19:      -0.00451097 at      1.375 Ang (0.596 Ang by residue) in 2.0544 (sec).
 3-Body A131-ASP 0 , A132-ASP 26, A135-LYD 20:      -0.05686418 at      1.180 Ang (0.596 Ang by residue) in 2.0484 (sec).
 3-Body A131-ASP 0 , A132-ASP 26, A135-LYD 21:      -0.01269288 at      1.325 Ang (0.596 Ang by residue) in 1.9978 (sec).
 3-Body A131-ASP 0 , A132-ASP 26, A135-LYD 22:      -0.00766171 at      1.327 Ang (0.596 Ang by residue) in 2.0407 (sec).
 3-Body A131-ASP 0 , A132-ASP 26, A135-LYD 25:      -0.00334259 at      1.398 Ang (0.596 Ang by residue) in 2.1874 (sec).
 3-Body A131-ASP 0 , A132-ASP 26, A135-LYD 26:      -0.00224810 at      1.398 Ang (0.596 Ang by residue) in 2.0909 (sec).
 3-Body A131-ASP 0 , A132-ASP 26, A135-LYD 27:      -0.00107562 at      1.398 Ang (0.596 Ang by residue) in 2.0403 (sec).
 3-Body A131-ASP 0 , A132-ASP 26, A135-LYD 28:      -0.00230166 at      1.398 Ang (0.596 Ang by residue) in 2.1644 (sec).
 3-Body A131-ASP 0 , A132-ASP 26, A135-LYS 30:      -0.00078818 at      1.355 Ang (0.596 Ang by residue) in 2.2673 (sec).
 3-Body A131-ASP 0 , A132-ASP 26, A135-LYS 34:       0.00046329 at      1.399 Ang (0.596 Ang by residue) in 2.0571 (sec).
 3-Body A131-ASP 0 , A132-ASP 26, A135-LYS 35:       0.00041526 at      1.399 Ang (0.596 Ang by residue) in 2.0585 (sec).
 3-Body A131-ASP 0 , A132-ASP 26, A135-LYS 36:       0.00063903 at      1.399 Ang (0.596 Ang by residue) in 1.9671 (sec).
 3-Body A131-ASP 0 , A132-ASP 26, A135-LYS 37:       0.00223711 at      1.399 Ang (0.596 Ang by residue) in 2.0095 (sec).
 3-Body A131-ASP 0 , A132-ASP 26, A135-LYS 38:       0.00358975 at      1.399 Ang (0.596 Ang by residue) in 1.9542 (sec).
 3-Body A131-ASP 0 , A132-ASP 26, A135-LYS 39:       0.00075410 at      1.399 Ang (0.596 Ang by residue) in 1.9930 (sec).
 3-Body A131-ASP 0 , A132-ASP 26, A135-LYS 40:       0.00094057 at      1.399 Ang (0.596 Ang by residue) in 2.0996 (sec).
 3-Body A131-ASP 0 , A132-ASP 26, A135-LYS 41:       0.00072737 at      1.399 Ang (0.596 Ang by residue) in 2.0474 (sec).
 3-Body A131-ASP 0 , A132-ASP 26, A135-LYS 42:       0.00230740 at      1.399 Ang (0.596 Ang by residue) in 2.1430 (sec).
 3-Body A131-ASP 0 , A132-ASP 26, A135-LYS 43:       0.00193220 at      1.399 Ang (0.596 Ang by residue) in 2.1969 (sec).
 3-Body A131-ASP 0 , A132-ASP 26, A135-LYS 44:      -0.00106134 at      1.326 Ang (0.596 Ang by residue) in 2.1648 (sec).
 3-Body A131-ASP 0 , A132-ASP 26, A135-LYS 46:      -0.00089023 at      1.375 Ang (0.596 Ang by residue) in 2.2799 (sec).
 3-Body A131-ASP 0 , A132-ASP 26, A135-LYS 47:      -0.07850494 at      1.180 Ang (0.596 Ang by residue) in 2.1493 (sec).
 3-Body A131-ASP 0 , A132-ASP 26, A135-LYS 48:      -0.02015037 at      1.325 Ang (0.596 Ang by residue) in 2.0593 (sec).
 3-Body A131-ASP 0 , A132-ASP 26, A135-LYS 49:      -0.00762805 at      1.327 Ang (0.596 Ang by residue) in 2.0412 (sec).
 3-Body A131-ASP 0 , A132-ASP 26, A135-LYS 52:       0.00119427 at      1.398 Ang (0.596 Ang by residue) in 2.1344 (sec).
 3-Body A131-ASP 0 , A132-ASP 26, A135-LYS 53:       0.00037459 at      1.398 Ang (0.596 Ang by residue) in 2.1187 (sec).
 3-Body A131-ASP 0 , A132-ASP 26, A135-LYS 54:       0.00984737 at      1.398 Ang (0.596 Ang by residue) in 1.9491 (sec).
 3-Body A131-ASP 0 , A132-ASP 26, A135-LYS 55:      -0.00098801 at      1.398 Ang (0.596 Ang by residue) in 1.9274 (sec).
 3-Body A131-ASP 24, A132-ASP 0 , A135-LYS 0 :      -0.00026284 at      1.372 Ang (0.596 Ang by residue) in 1.9734 (sec).
 3-Body A131-ASP 24, A132-ASP 0 , A135-LYD 1 :      -0.00708234 at      1.372 Ang (0.596 Ang by residue) in 1.8528 (sec).
 3-Body A131-ASP 24, A132-ASP 0 , A135-LYD 7 :      -0.00058528 at      1.399 Ang (0.596 Ang by residue) in 1.9943 (sec).
 3-Body A131-ASP 24, A132-ASP 0 , A135-LYD 8 :      -0.00054020 at      1.399 Ang (0.596 Ang by residue) in 1.9827 (sec).
 3-Body A131-ASP 24, A132-ASP 0 , A135-LYD 9 :      -0.00054543 at      1.399 Ang (0.596 Ang by residue) in 1.8727 (sec).
 3-Body A131-ASP 24, A132-ASP 0 , A135-LYD 10:      -0.00039706 at      1.399 Ang (0.596 Ang by residue) in 1.9263 (sec).
 3-Body A131-ASP 24, A132-ASP 0 , A135-LYD 11:       0.00019463 at      1.399 Ang (0.596 Ang by residue) in 2.0551 (sec).
 3-Body A131-ASP 24, A132-ASP 0 , A135-LYD 12:      -0.00080842 at      1.399 Ang (0.596 Ang by residue) in 1.9804 (sec).
 3-Body A131-ASP 24, A132-ASP 0 , A135-LYD 13:      -0.00080482 at      1.399 Ang (0.596 Ang by residue) in 2.0636 (sec).
 3-Body A131-ASP 24, A132-ASP 0 , A135-LYD 14:      -0.00076634 at      1.399 Ang (0.596 Ang by residue) in 1.9531 (sec).
 3-Body A131-ASP 24, A132-ASP 0 , A135-LYD 15:      -0.00130577 at      1.399 Ang (0.596 Ang by residue) in 2.2253 (sec).
 3-Body A131-ASP 24, A132-ASP 0 , A135-LYD 16:      -0.00068008 at      1.399 Ang (0.596 Ang by residue) in 2.1920 (sec).
 3-Body A131-ASP 24, A132-ASP 0 , A135-LYD 19:      -0.00200290 at      1.375 Ang (0.596 Ang by residue) in 2.1511 (sec).
 3-Body A131-ASP 24, A132-ASP 0 , A135-LYD 20:      -0.02743375 at      1.302 Ang (0.596 Ang by residue) in 2.2414 (sec).
 3-Body A131-ASP 24, A132-ASP 0 , A135-LYD 21:      -0.00708350 at      1.372 Ang (0.596 Ang by residue) in 2.0780 (sec).
 3-Body A131-ASP 24, A132-ASP 0 , A135-LYD 22:      -0.00085735 at      1.372 Ang (0.596 Ang by residue) in 2.0156 (sec).
 3-Body A131-ASP 24, A132-ASP 0 , A135-LYD 25:      -0.00615209 at      1.398 Ang (0.596 Ang by residue) in 1.9664 (sec).
 3-Body A131-ASP 24, A132-ASP 0 , A135-LYD 26:      -0.00417907 at      1.398 Ang (0.596 Ang by residue) in 2.0617 (sec).
 3-Body A131-ASP 24, A132-ASP 0 , A135-LYD 27:      -0.00544185 at      1.348 Ang (0.596 Ang by residue) in 2.1385 (sec).
 3-Body A131-ASP 24, A132-ASP 0 , A135-LYD 28:      -0.00351473 at      1.398 Ang (0.596 Ang by residue) in 2.0710 (sec).
 3-Body A131-ASP 24, A132-ASP 0 , A135-LYS 30:       0.00389267 at      1.370 Ang (0.596 Ang by residue) in 2.0693 (sec).
 3-Body A131-ASP 24, A132-ASP 0 , A135-LYS 34:       0.00007178 at      1.399 Ang (0.596 Ang by residue) in 2.0769 (sec).
 3-Body A131-ASP 24, A132-ASP 0 , A135-LYS 35:      -0.00001843 at      1.399 Ang (0.596 Ang by residue) in 2.0082 (sec).
 3-Body A131-ASP 24, A132-ASP 0 , A135-LYS 36:       0.00018934 at      1.399 Ang (0.596 Ang by residue) in 2.0671 (sec).
 3-Body A131-ASP 24, A132-ASP 0 , A135-LYS 37:       0.00205711 at      1.399 Ang (0.596 Ang by residue) in 2.0900 (sec).
 3-Body A131-ASP 24, A132-ASP 0 , A135-LYS 38:       0.00381734 at      1.399 Ang (0.596 Ang by residue) in 2.1527 (sec).
 3-Body A131-ASP 24, A132-ASP 0 , A135-LYS 39:       0.00027077 at      1.399 Ang (0.596 Ang by residue) in 2.0131 (sec).
 3-Body A131-ASP 24, A132-ASP 0 , A135-LYS 40:       0.00042522 at      1.399 Ang (0.596 Ang by residue) in 2.0980 (sec).
 3-Body A131-ASP 24, A132-ASP 0 , A135-LYS 41:       0.00029378 at      1.399 Ang (0.596 Ang by residue) in 1.9805 (sec).
 3-Body A131-ASP 24, A132-ASP 0 , A135-LYS 42:       0.00194396 at      1.399 Ang (0.596 Ang by residue) in 2.1743 (sec).
 3-Body A131-ASP 24, A132-ASP 0 , A135-LYS 43:       0.00150653 at      1.399 Ang (0.596 Ang by residue) in 2.0374 (sec).
 3-Body A131-ASP 24, A132-ASP 0 , A135-LYS 44:      -0.00690265 at      1.353 Ang (0.596 Ang by residue) in 2.0299 (sec).
 3-Body A131-ASP 24, A132-ASP 0 , A135-LYS 46:       0.00166092 at      1.375 Ang (0.596 Ang by residue) in 2.2209 (sec).
 3-Body A131-ASP 24, A132-ASP 0 , A135-LYS 47:      -0.02911486 at      1.302 Ang (0.596 Ang by residue) in 2.0713 (sec).
 3-Body A131-ASP 24, A132-ASP 0 , A135-LYS 48:      -0.00026706 at      1.372 Ang (0.596 Ang by residue) in 2.2416 (sec).
 3-Body A131-ASP 24, A132-ASP 0 , A135-LYS 49:       0.00245386 at      1.372 Ang (0.596 Ang by residue) in 2.1312 (sec).
 3-Body A131-ASP 24, A132-ASP 0 , A135-LYS 52:       0.00203075 at      1.398 Ang (0.596 Ang by residue) in 2.1905 (sec).
 3-Body A131-ASP 24, A132-ASP 0 , A135-LYS 53:      -0.00083777 at      1.398 Ang (0.596 Ang by residue) in 1.9719 (sec).
 3-Body A131-ASP 24, A132-ASP 0 , A135-LYS 54:       0.00735491 at      1.348 Ang (0.596 Ang by residue) in 2.1235 (sec).
 3-Body A131-ASP 24, A132-ASP 0 , A135-LYS 55:      -0.00185186 at      1.398 Ang (0.596 Ang by residue) in 2.1936 (sec).
 3-Body A131-ASP 24, A132-ASP 24, A135-LYS 0 :       0.00976769 at      1.372 Ang (0.596 Ang by residue) in 2.2432 (sec).
 3-Body A131-ASP 24, A132-ASP 24, A135-LYD 1 :       0.00410879 at      1.372 Ang (0.596 Ang by residue) in 2.0597 (sec).
 3-Body A131-ASP 24, A132-ASP 24, A135-LYD 7 :       0.00175503 at      1.399 Ang (0.596 Ang by residue) in 2.2198 (sec).
 3-Body A131-ASP 24, A132-ASP 24, A135-LYD 8 :       0.00177896 at      1.399 Ang (0.596 Ang by residue) in 2.0812 (sec).
 3-Body A131-ASP 24, A132-ASP 24, A135-LYD 9 :       0.00182279 at      1.399 Ang (0.596 Ang by residue) in 2.2356 (sec).
 3-Body A131-ASP 24, A132-ASP 24, A135-LYD 10:       0.00366644 at      1.380 Ang (0.596 Ang by residue) in 2.2102 (sec).
 3-Body A131-ASP 24, A132-ASP 24, A135-LYD 11:       0.00517500 at      1.382 Ang (0.596 Ang by residue) in 2.0862 (sec).
 3-Body A131-ASP 24, A132-ASP 24, A135-LYD 12:       0.00191195 at      1.399 Ang (0.596 Ang by residue) in 2.2025 (sec).
 3-Body A131-ASP 24, A132-ASP 24, A135-LYD 13:       0.00196617 at      1.399 Ang (0.596 Ang by residue) in 2.0436 (sec).
 3-Body A131-ASP 24, A132-ASP 24, A135-LYD 14:       0.00193609 at      1.399 Ang (0.596 Ang by residue) in 2.1798 (sec).
 3-Body A131-ASP 24, A132-ASP 24, A135-LYD 15:       0.00233745 at      1.399 Ang (0.596 Ang by residue) in 2.1585 (sec).
 3-Body A131-ASP 24, A132-ASP 24, A135-LYD 16:       0.00247848 at      1.399 Ang (0.596 Ang by residue) in 2.2622 (sec).
 3-Body A131-ASP 24, A132-ASP 24, A135-LYD 19:       0.00273658 at      1.375 Ang (0.596 Ang by residue) in 2.1863 (sec).
 3-Body A131-ASP 24, A132-ASP 24, A135-LYD 20:       0.00462215 at      1.302 Ang (0.596 Ang by residue) in 2.0279 (sec).
 3-Body A131-ASP 24, A132-ASP 24, A135-LYD 21:       0.00411000 at      1.372 Ang (0.596 Ang by residue) in 2.0957 (sec).
 3-Body A131-ASP 24, A132-ASP 24, A135-LYD 22:       0.00435025 at      1.372 Ang (0.596 Ang by residue) in 2.1688 (sec).
 3-Body A131-ASP 24, A132-ASP 24, A135-LYD 25:       0.00253514 at      1.398 Ang (0.596 Ang by residue) in 2.1344 (sec).
 3-Body A131-ASP 24, A132-ASP 24, A135-LYD 26:       0.00296731 at      1.398 Ang (0.596 Ang by residue) in 2.0825 (sec).
 3-Body A131-ASP 24, A132-ASP 24, A135-LYD 27:       0.00609039 at      1.348 Ang (0.596 Ang by residue) in 2.0008 (sec).
 3-Body A131-ASP 24, A132-ASP 24, A135-LYD 28:       0.00272454 at      1.398 Ang (0.596 Ang by residue) in 1.9509 (sec).
 3-Body A131-ASP 24, A132-ASP 24, A135-LYS 30:       0.00601691 at      1.370 Ang (0.596 Ang by residue) in 2.1005 (sec).
 3-Body A131-ASP 24, A132-ASP 24, A135-LYS 34:       0.00235984 at      1.399 Ang (0.596 Ang by residue) in 2.1429 (sec).
 3-Body A131-ASP 24, A132-ASP 24, A135-LYS 35:       0.00224026 at      1.399 Ang (0.596 Ang by residue) in 2.2024 (sec).
 3-Body A131-ASP 24, A132-ASP 24, A135-LYS 36:       0.00240836 at      1.399 Ang (0.596 Ang by residue) in 2.1280 (sec).
 3-Body A131-ASP 24, A132-ASP 24, A135-LYS 37:       0.00730308 at      1.380 Ang (0.596 Ang by residue) in 2.1142 (sec).
 3-Body A131-ASP 24, A132-ASP 24, A135-LYS 38:       0.00873381 at      1.382 Ang (0.596 Ang by residue) in 2.1639 (sec).
 3-Body A131-ASP 24, A132-ASP 24, A135-LYS 39:       0.00281136 at      1.399 Ang (0.596 Ang by residue) in 2.2319 (sec).
 3-Body A131-ASP 24, A132-ASP 24, A135-LYS 40:       0.00290594 at      1.399 Ang (0.596 Ang by residue) in 2.2556 (sec).
 3-Body A131-ASP 24, A132-ASP 24, A135-LYS 41:       0.00296363 at      1.399 Ang (0.596 Ang by residue) in 2.1655 (sec).
 3-Body A131-ASP 24, A132-ASP 24, A135-LYS 42:       0.00446688 at      1.399 Ang (0.596 Ang by residue) in 2.1492 (sec).
 3-Body A131-ASP 24, A132-ASP 24, A135-LYS 43:       0.00411190 at      1.399 Ang (0.596 Ang by residue) in 2.1028 (sec).
 3-Body A131-ASP 24, A132-ASP 24, A135-LYS 44:       0.00680921 at      1.353 Ang (0.596 Ang by residue) in 2.0829 (sec).
 3-Body A131-ASP 24, A132-ASP 24, A135-LYS 46:       0.00515455 at      1.375 Ang (0.596 Ang by residue) in 2.0626 (sec).
 3-Body A131-ASP 24, A132-ASP 24, A135-LYS 47:       0.04204646 at      1.302 Ang (0.596 Ang by residue) in 2.1387 (sec).
 3-Body A131-ASP 24, A132-ASP 24, A135-LYS 48:       0.00976961 at      1.372 Ang (0.596 Ang by residue) in 2.0617 (sec).
 3-Body A131-ASP 24, A132-ASP 24, A135-LYS 49:       0.00870983 at      1.372 Ang (0.596 Ang by residue) in 2.1125 (sec).
 3-Body A131-ASP 24, A132-ASP 24, A135-LYS 52:       0.00732876 at      1.398 Ang (0.596 Ang by residue) in 2.2059 (sec).
 3-Body A131-ASP 24, A132-ASP 24, A135-LYS 53:       0.00476750 at      1.398 Ang (0.596 Ang by residue) in 2.0421 (sec).
 3-Body A131-ASP 24, A132-ASP 24, A135-LYS 54:       0.01379881 at      1.348 Ang (0.596 Ang by residue) in 2.0371 (sec).
 3-Body A131-ASP 24, A132-ASP 24, A135-LYS 55:       0.00382288 at      1.398 Ang (0.596 Ang by residue) in 2.1058 (sec).
 3-Body A131-ASP 24, A132-ASP 25, A135-LYS 0 :       0.01048435 at      1.372 Ang (0.596 Ang by residue) in 2.2448 (sec).
 3-Body A131-ASP 24, A132-ASP 25, A135-LYD 1 :       0.00514434 at      1.372 Ang (0.596 Ang by residue) in 2.1336 (sec).
 3-Body A131-ASP 24, A132-ASP 25, A135-LYD 7 :       0.00116108 at      1.399 Ang (0.596 Ang by residue) in 2.1004 (sec).
 3-Body A131-ASP 24, A132-ASP 25, A135-LYD 8 :       0.00118322 at      1.399 Ang (0.596 Ang by residue) in 2.0137 (sec).
 3-Body A131-ASP 24, A132-ASP 25, A135-LYD 9 :       0.00121599 at      1.399 Ang (0.596 Ang by residue) in 2.0945 (sec).
 3-Body A131-ASP 24, A132-ASP 25, A135-LYD 10:       0.00244274 at      1.354 Ang (0.596 Ang by residue) in 2.0967 (sec).
 3-Body A131-ASP 24, A132-ASP 25, A135-LYD 11:       0.00252445 at      1.350 Ang (0.596 Ang by residue) in 2.1934 (sec).
 3-Body A131-ASP 24, A132-ASP 25, A135-LYD 12:       0.00136645 at      1.399 Ang (0.596 Ang by residue) in 2.0504 (sec).
 3-Body A131-ASP 24, A132-ASP 25, A135-LYD 13:       0.00140687 at      1.399 Ang (0.596 Ang by residue) in 2.0863 (sec).
 3-Body A131-ASP 24, A132-ASP 25, A135-LYD 14:       0.00140189 at      1.399 Ang (0.596 Ang by residue) in 1.9880 (sec).
 3-Body A131-ASP 24, A132-ASP 25, A135-LYD 15:       0.00181391 at      1.399 Ang (0.596 Ang by residue) in 2.1396 (sec).
 3-Body A131-ASP 24, A132-ASP 25, A135-LYD 16:       0.00197482 at      1.399 Ang (0.596 Ang by residue) in 1.9572 (sec).
 3-Body A131-ASP 24, A132-ASP 25, A135-LYD 19:       0.00341393 at      1.375 Ang (0.596 Ang by residue) in 2.1371 (sec).
 3-Body A131-ASP 24, A132-ASP 25, A135-LYD 20:       0.00637425 at      1.302 Ang (0.596 Ang by residue) in 2.0417 (sec).
 3-Body A131-ASP 24, A132-ASP 25, A135-LYD 21:       0.00514480 at      1.372 Ang (0.596 Ang by residue) in 2.0363 (sec).
 3-Body A131-ASP 24, A132-ASP 25, A135-LYD 22:       0.00552871 at      1.372 Ang (0.596 Ang by residue) in 2.0475 (sec).
 3-Body A131-ASP 24, A132-ASP 25, A135-LYD 25:       0.00202731 at      1.398 Ang (0.596 Ang by residue) in 2.2067 (sec).
 3-Body A131-ASP 24, A132-ASP 25, A135-LYD 26:       0.00244526 at      1.398 Ang (0.596 Ang by residue) in 2.2032 (sec).
 3-Body A131-ASP 24, A132-ASP 25, A135-LYD 27:       0.00552821 at      1.348 Ang (0.596 Ang by residue) in 2.1820 (sec).
 3-Body A131-ASP 24, A132-ASP 25, A135-LYD 28:       0.00210808 at      1.398 Ang (0.596 Ang by residue) in 2.0474 (sec).
 3-Body A131-ASP 24, A132-ASP 25, A135-LYS 30:       0.00607141 at      1.370 Ang (0.596 Ang by residue) in 2.0598 (sec).
 3-Body A131-ASP 24, A132-ASP 25, A135-LYS 34:       0.00168820 at      1.399 Ang (0.596 Ang by residue) in 2.1479 (sec).
 3-Body A131-ASP 24, A132-ASP 25, A135-LYS 35:       0.00159108 at      1.399 Ang (0.596 Ang by residue) in 2.1052 (sec).
 3-Body A131-ASP 24, A132-ASP 25, A135-LYS 36:       0.00174318 at      1.399 Ang (0.596 Ang by residue) in 2.1726 (sec).
 3-Body A131-ASP 24, A132-ASP 25, A135-LYS 37:       0.00566189 at      1.354 Ang (0.596 Ang by residue) in 2.1411 (sec).
 3-Body A131-ASP 24, A132-ASP 25, A135-LYS 38:       0.00604402 at      1.350 Ang (0.596 Ang by residue) in 2.2259 (sec).
 3-Body A131-ASP 24, A132-ASP 25, A135-LYS 39:       0.00215626 at      1.399 Ang (0.596 Ang by residue) in 2.2179 (sec).
 3-Body A131-ASP 24, A132-ASP 25, A135-LYS 40:       0.00224614 at      1.399 Ang (0.596 Ang by residue) in 2.1476 (sec).
 3-Body A131-ASP 24, A132-ASP 25, A135-LYS 41:       0.00228320 at      1.399 Ang (0.596 Ang by residue) in 2.1999 (sec).
 3-Body A131-ASP 24, A132-ASP 25, A135-LYS 42:       0.00387581 at      1.399 Ang (0.596 Ang by residue) in 1.9828 (sec).
 3-Body A131-ASP 24, A132-ASP 25, A135-LYS 43:       0.00352582 at      1.399 Ang (0.596 Ang by residue) in 2.0931 (sec).
 3-Body A131-ASP 24, A132-ASP 25, A135-LYS 44:       0.00650386 at      1.353 Ang (0.596 Ang by residue) in 2.1200 (sec).
 3-Body A131-ASP 24, A132-ASP 25, A135-LYS 46:       0.00537633 at      1.375 Ang (0.596 Ang by residue) in 2.2036 (sec).
 3-Body A131-ASP 24, A132-ASP 25, A135-LYS 47:       0.04334432 at      1.302 Ang (0.596 Ang by residue) in 2.1163 (sec).
 3-Body A131-ASP 24, A132-ASP 25, A135-LYS 48:       0.01048529 at      1.372 Ang (0.596 Ang by residue) in 2.1586 (sec).
 3-Body A131-ASP 24, A132-ASP 25, A135-LYS 49:       0.00958411 at      1.372 Ang (0.596 Ang by residue) in 2.1954 (sec).
 3-Body A131-ASP 24, A132-ASP 25, A135-LYS 52:       0.00687985 at      1.398 Ang (0.596 Ang by residue) in 2.0864 (sec).
 3-Body A131-ASP 24, A132-ASP 25, A135-LYS 53:       0.00429586 at      1.398 Ang (0.596 Ang by residue) in 2.0759 (sec).
 3-Body A131-ASP 24, A132-ASP 25, A135-LYS 54:       0.01356592 at      1.348 Ang (0.596 Ang by residue) in 2.0841 (sec).
 3-Body A131-ASP 24, A132-ASP 25, A135-LYS 55:       0.00319274 at      1.398 Ang (0.596 Ang by residue) in 1.9869 (sec).
 3-Body A131-ASP 24, A132-ASP 26, A135-LYS 0 :      -0.00028214 at      1.372 Ang (0.596 Ang by residue) in 2.1662 (sec).
 3-Body A131-ASP 24, A132-ASP 26, A135-LYD 1 :      -0.00709962 at      1.372 Ang (0.596 Ang by residue) in 2.2201 (sec).
 3-Body A131-ASP 24, A132-ASP 26, A135-LYD 7 :      -0.00058720 at      1.399 Ang (0.596 Ang by residue) in 2.1323 (sec).
 3-Body A131-ASP 24, A132-ASP 26, A135-LYD 8 :      -0.00054211 at      1.399 Ang (0.596 Ang by residue) in 2.2010 (sec).
 3-Body A131-ASP 24, A132-ASP 26, A135-LYD 9 :      -0.00054739 at      1.399 Ang (0.596 Ang by residue) in 1.8969 (sec).
 3-Body A131-ASP 24, A132-ASP 26, A135-LYD 10:      -0.00039995 at      1.399 Ang (0.596 Ang by residue) in 1.9168 (sec).
 3-Body A131-ASP 24, A132-ASP 26, A135-LYD 11:       0.00019148 at      1.399 Ang (0.596 Ang by residue) in 2.0029 (sec).
 3-Body A131-ASP 24, A132-ASP 26, A135-LYD 12:      -0.00081053 at      1.399 Ang (0.596 Ang by residue) in 1.8795 (sec).
 3-Body A131-ASP 24, A132-ASP 26, A135-LYD 13:      -0.00080695 at      1.399 Ang (0.596 Ang by residue) in 2.0827 (sec).
 3-Body A131-ASP 24, A132-ASP 26, A135-LYD 14:      -0.00076845 at      1.399 Ang (0.596 Ang by residue) in 2.0529 (sec).
 3-Body A131-ASP 24, A132-ASP 26, A135-LYD 15:      -0.00130835 at      1.399 Ang (0.596 Ang by residue) in 2.1398 (sec).
 3-Body A131-ASP 24, A132-ASP 26, A135-LYD 16:      -0.00068285 at      1.399 Ang (0.596 Ang by residue) in 1.9656 (sec).
 3-Body A131-ASP 24, A132-ASP 26, A135-LYD 19:      -0.00201268 at      1.375 Ang (0.596 Ang by residue) in 1.9455 (sec).
 3-Body A131-ASP 24, A132-ASP 26, A135-LYD 20:      -0.02747739 at      1.302 Ang (0.596 Ang by residue) in 2.1051 (sec).
 3-Body A131-ASP 24, A132-ASP 26, A135-LYD 21:      -0.00710078 at      1.372 Ang (0.596 Ang by residue) in 2.2847 (sec).
 3-Body A131-ASP 24, A132-ASP 26, A135-LYD 22:      -0.00087435 at      1.372 Ang (0.596 Ang by residue) in 2.2173 (sec).
 3-Body A131-ASP 24, A132-ASP 26, A135-LYD 25:      -0.00616279 at      1.398 Ang (0.596 Ang by residue) in 2.2997 (sec).
 3-Body A131-ASP 24, A132-ASP 26, A135-LYD 26:      -0.00418824 at      1.398 Ang (0.596 Ang by residue) in 2.3456 (sec).
 3-Body A131-ASP 24, A132-ASP 26, A135-LYD 27:      -0.00545741 at      1.348 Ang (0.596 Ang by residue) in 2.2874 (sec).
 3-Body A131-ASP 24, A132-ASP 26, A135-LYD 28:      -0.00352216 at      1.398 Ang (0.596 Ang by residue) in 2.2249 (sec).
 3-Body A131-ASP 24, A132-ASP 26, A135-LYS 30:       0.00388571 at      1.370 Ang (0.596 Ang by residue) in 2.1110 (sec).
 3-Body A131-ASP 24, A132-ASP 26, A135-LYS 34:       0.00006987 at      1.399 Ang (0.596 Ang by residue) in 2.1605 (sec).
 3-Body A131-ASP 24, A132-ASP 26, A135-LYS 35:      -0.00002038 at      1.399 Ang (0.596 Ang by residue) in 2.1020 (sec).
 3-Body A131-ASP 24, A132-ASP 26, A135-LYS 36:       0.00018740 at      1.399 Ang (0.596 Ang by residue) in 2.0103 (sec).
 3-Body A131-ASP 24, A132-ASP 26, A135-LYS 37:       0.00205361 at      1.399 Ang (0.596 Ang by residue) in 2.2119 (sec).
 3-Body A131-ASP 24, A132-ASP 26, A135-LYS 38:       0.00381287 at      1.399 Ang (0.596 Ang by residue) in 2.2277 (sec).
 3-Body A131-ASP 24, A132-ASP 26, A135-LYS 39:       0.00026856 at      1.399 Ang (0.596 Ang by residue) in 2.1721 (sec).
 3-Body A131-ASP 24, A132-ASP 26, A135-LYS 40:       0.00042298 at      1.399 Ang (0.596 Ang by residue) in 2.2667 (sec).
 3-Body A131-ASP 24, A132-ASP 26, A135-LYS 41:       0.00029160 at      1.399 Ang (0.596 Ang by residue) in 2.1919 (sec).
 3-Body A131-ASP 24, A132-ASP 26, A135-LYS 42:       0.00194059 at      1.399 Ang (0.596 Ang by residue) in 2.0417 (sec).
 3-Body A131-ASP 24, A132-ASP 26, A135-LYS 43:       0.00150347 at      1.399 Ang (0.596 Ang by residue) in 2.0796 (sec).
 3-Body A131-ASP 24, A132-ASP 26, A135-LYS 44:      -0.00692146 at      1.353 Ang (0.596 Ang by residue) in 2.2685 (sec).
 3-Body A131-ASP 24, A132-ASP 26, A135-LYS 46:       0.00165038 at      1.375 Ang (0.596 Ang by residue) in 2.1805 (sec).
 3-Body A131-ASP 24, A132-ASP 26, A135-LYS 47:      -0.02920344 at      1.302 Ang (0.596 Ang by residue) in 2.1919 (sec).
 3-Body A131-ASP 24, A132-ASP 26, A135-LYS 48:      -0.00028637 at      1.372 Ang (0.596 Ang by residue) in 2.1268 (sec).
 3-Body A131-ASP 24, A132-ASP 26, A135-LYS 49:       0.00243419 at      1.372 Ang (0.596 Ang by residue) in 2.2257 (sec).
 3-Body A131-ASP 24, A132-ASP 26, A135-LYS 52:       0.00201958 at      1.398 Ang (0.596 Ang by residue) in 2.1849 (sec).
 3-Body A131-ASP 24, A132-ASP 26, A135-LYS 53:      -0.00084764 at      1.398 Ang (0.596 Ang by residue) in 2.1046 (sec).
 3-Body A131-ASP 24, A132-ASP 26, A135-LYS 54:       0.00733281 at      1.348 Ang (0.596 Ang by residue) in 2.1154 (sec).
 3-Body A131-ASP 24, A132-ASP 26, A135-LYS 55:      -0.00185951 at      1.398 Ang (0.596 Ang by residue) in 2.2096 (sec).
 3-Body A131-ASP 25, A132-ASP 0 , A135-LYS 0 :      -0.01836294 at      1.370 Ang (0.596 Ang by residue) in 2.0212 (sec).
 3-Body A131-ASP 25, A132-ASP 0 , A135-LYD 1 :      -0.01236958 at      1.370 Ang (0.596 Ang by residue) in 2.0193 (sec).
 3-Body A131-ASP 25, A132-ASP 0 , A135-LYD 7 :      -0.00016917 at      1.399 Ang (0.596 Ang by residue) in 2.0982 (sec).
 3-Body A131-ASP 25, A132-ASP 0 , A135-LYD 8 :      -0.00012417 at      1.399 Ang (0.596 Ang by residue) in 2.0296 (sec).
 3-Body A131-ASP 25, A132-ASP 0 , A135-LYD 9 :      -0.00015008 at      1.399 Ang (0.596 Ang by residue) in 2.1516 (sec).
 3-Body A131-ASP 25, A132-ASP 0 , A135-LYD 10:       0.00007457 at      1.399 Ang (0.596 Ang by residue) in 2.0186 (sec).
 3-Body A131-ASP 25, A132-ASP 0 , A135-LYD 11:       0.00054696 at      1.399 Ang (0.596 Ang by residue) in 2.0577 (sec).
 3-Body A131-ASP 25, A132-ASP 0 , A135-LYD 12:      -0.00031245 at      1.399 Ang (0.596 Ang by residue) in 2.1011 (sec).
 3-Body A131-ASP 25, A132-ASP 0 , A135-LYD 13:      -0.00034122 at      1.399 Ang (0.596 Ang by residue) in 2.1004 (sec).
 3-Body A131-ASP 25, A132-ASP 0 , A135-LYD 14:      -0.00029033 at      1.399 Ang (0.596 Ang by residue) in 2.1408 (sec).
 3-Body A131-ASP 25, A132-ASP 0 , A135-LYD 15:      -0.00046553 at      1.399 Ang (0.596 Ang by residue) in 2.1107 (sec).
 3-Body A131-ASP 25, A132-ASP 0 , A135-LYD 16:      -0.00010460 at      1.399 Ang (0.596 Ang by residue) in 2.2544 (sec).
 3-Body A131-ASP 25, A132-ASP 0 , A135-LYD 19:      -0.00424067 at      1.375 Ang (0.596 Ang by residue) in 2.2017 (sec).
 3-Body A131-ASP 25, A132-ASP 0 , A135-LYD 20:      -0.04607772 at      1.277 Ang (0.596 Ang by residue) in 2.0950 (sec).
 3-Body A131-ASP 25, A132-ASP 0 , A135-LYD 21:      -0.01237183 at      1.370 Ang (0.596 Ang by residue) in 2.0582 (sec).
 3-Body A131-ASP 25, A132-ASP 0 , A135-LYD 22:      -0.00711747 at      1.372 Ang (0.596 Ang by residue) in 2.0705 (sec).
 3-Body A131-ASP 25, A132-ASP 0 , A135-LYD 25:      -0.00337043 at      1.398 Ang (0.596 Ang by residue) in 2.1290 (sec).
 3-Body A131-ASP 25, A132-ASP 0 , A135-LYD 26:      -0.00224684 at      1.398 Ang (0.596 Ang by residue) in 2.1927 (sec).
 3-Body A131-ASP 25, A132-ASP 0 , A135-LYD 27:      -0.00083688 at      1.398 Ang (0.596 Ang by residue) in 2.1860 (sec).
 3-Body A131-ASP 25, A132-ASP 0 , A135-LYD 28:      -0.00229982 at      1.398 Ang (0.596 Ang by residue) in 2.1749 (sec).
 3-Body A131-ASP 25, A132-ASP 0 , A135-LYS 30:      -0.00078318 at      1.370 Ang (0.596 Ang by residue) in 2.2150 (sec).
 3-Body A131-ASP 25, A132-ASP 0 , A135-LYS 34:       0.00048527 at      1.399 Ang (0.596 Ang by residue) in 2.0203 (sec).
 3-Body A131-ASP 25, A132-ASP 0 , A135-LYS 35:       0.00043319 at      1.399 Ang (0.596 Ang by residue) in 2.0900 (sec).
 3-Body A131-ASP 25, A132-ASP 0 , A135-LYS 36:       0.00065609 at      1.399 Ang (0.596 Ang by residue) in 2.0816 (sec).
 3-Body A131-ASP 25, A132-ASP 0 , A135-LYS 37:       0.00232274 at      1.399 Ang (0.596 Ang by residue) in 2.1890 (sec).
 3-Body A131-ASP 25, A132-ASP 0 , A135-LYS 38:       0.00376741 at      1.399 Ang (0.596 Ang by residue) in 2.1334 (sec).
 3-Body A131-ASP 25, A132-ASP 0 , A135-LYS 39:       0.00077186 at      1.399 Ang (0.596 Ang by residue) in 2.1455 (sec).
 3-Body A131-ASP 25, A132-ASP 0 , A135-LYS 40:       0.00095920 at      1.399 Ang (0.596 Ang by residue) in 1.9116 (sec).
 3-Body A131-ASP 25, A132-ASP 0 , A135-LYS 41:       0.00075223 at      1.399 Ang (0.596 Ang by residue) in 2.2242 (sec).
 3-Body A131-ASP 25, A132-ASP 0 , A135-LYS 42:       0.00236016 at      1.399 Ang (0.596 Ang by residue) in 2.2363 (sec).
 3-Body A131-ASP 25, A132-ASP 0 , A135-LYS 43:       0.00194135 at      1.399 Ang (0.596 Ang by residue) in 2.2726 (sec).
 3-Body A131-ASP 25, A132-ASP 0 , A135-LYS 44:      -0.00144604 at      1.353 Ang (0.596 Ang by residue) in 2.1389 (sec).
 3-Body A131-ASP 25, A132-ASP 0 , A135-LYS 46:      -0.00061340 at      1.375 Ang (0.596 Ang by residue) in 2.1141 (sec).
 3-Body A131-ASP 25, A132-ASP 0 , A135-LYS 47:      -0.06676302 at      1.277 Ang (0.596 Ang by residue) in 2.2618 (sec).
 3-Body A131-ASP 25, A132-ASP 0 , A135-LYS 48:      -0.01836378 at      1.370 Ang (0.596 Ang by residue) in 2.1238 (sec).
 3-Body A131-ASP 25, A132-ASP 0 , A135-LYS 49:      -0.00707921 at      1.372 Ang (0.596 Ang by residue) in 2.0329 (sec).
 3-Body A131-ASP 25, A132-ASP 0 , A135-LYS 52:       0.00116194 at      1.398 Ang (0.596 Ang by residue) in 2.0003 (sec).
 3-Body A131-ASP 25, A132-ASP 0 , A135-LYS 53:       0.00038296 at      1.398 Ang (0.596 Ang by residue) in 2.0652 (sec).
 3-Body A131-ASP 25, A132-ASP 0 , A135-LYS 54:       0.01018837 at      1.398 Ang (0.596 Ang by residue) in 2.0924 (sec).
 3-Body A131-ASP 25, A132-ASP 0 , A135-LYS 55:      -0.00097136 at      1.398 Ang (0.596 Ang by residue) in 2.1656 (sec).
 3-Body A131-ASP 25, A132-ASP 24, A135-LYS 0 :       0.00889281 at      1.370 Ang (0.596 Ang by residue) in 2.1421 (sec).
 3-Body A131-ASP 25, A132-ASP 24, A135-LYD 1 :       0.00359686 at      1.370 Ang (0.596 Ang by residue) in 2.1817 (sec).
 3-Body A131-ASP 25, A132-ASP 24, A135-LYD 7 :       0.00151529 at      1.399 Ang (0.596 Ang by residue) in 2.2473 (sec).
 3-Body A131-ASP 25, A132-ASP 24, A135-LYD 8 :       0.00154867 at      1.399 Ang (0.596 Ang by residue) in 2.1335 (sec).
 3-Body A131-ASP 25, A132-ASP 24, A135-LYD 9 :       0.00158394 at      1.399 Ang (0.596 Ang by residue) in 2.2859 (sec).
 3-Body A131-ASP 25, A132-ASP 24, A135-LYD 10:       0.00360705 at      1.380 Ang (0.596 Ang by residue) in 2.2258 (sec).
 3-Body A131-ASP 25, A132-ASP 24, A135-LYD 11:       0.00505093 at      1.382 Ang (0.596 Ang by residue) in 2.0933 (sec).
 3-Body A131-ASP 25, A132-ASP 24, A135-LYD 12:       0.00175112 at      1.399 Ang (0.596 Ang by residue) in 2.0593 (sec).
 3-Body A131-ASP 25, A132-ASP 24, A135-LYD 13:       0.00180164 at      1.399 Ang (0.596 Ang by residue) in 1.9497 (sec).
 3-Body A131-ASP 25, A132-ASP 24, A135-LYD 14:       0.00176444 at      1.399 Ang (0.596 Ang by residue) in 2.0469 (sec).
 3-Body A131-ASP 25, A132-ASP 24, A135-LYD 15:       0.00216264 at      1.399 Ang (0.596 Ang by residue) in 2.0051 (sec).
 3-Body A131-ASP 25, A132-ASP 24, A135-LYD 16:       0.00228055 at      1.399 Ang (0.596 Ang by residue) in 1.9957 (sec).
 3-Body A131-ASP 25, A132-ASP 24, A135-LYD 19:       0.00263488 at      1.375 Ang (0.596 Ang by residue) in 1.9766 (sec).
 3-Body A131-ASP 25, A132-ASP 24, A135-LYD 20:       0.00439576 at      1.277 Ang (0.596 Ang by residue) in 2.0230 (sec).
 3-Body A131-ASP 25, A132-ASP 24, A135-LYD 21:       0.00359709 at      1.370 Ang (0.596 Ang by residue) in 2.1043 (sec).
 3-Body A131-ASP 25, A132-ASP 24, A135-LYD 22:       0.00389983 at      1.372 Ang (0.596 Ang by residue) in 2.0576 (sec).
 3-Body A131-ASP 25, A132-ASP 24, A135-LYD 25:       0.00200641 at      1.398 Ang (0.596 Ang by residue) in 1.8827 (sec).
 3-Body A131-ASP 25, A132-ASP 24, A135-LYD 26:       0.00243231 at      1.398 Ang (0.596 Ang by residue) in 2.3244 (sec).
 3-Body A131-ASP 25, A132-ASP 24, A135-LYD 27:       0.00604465 at      1.398 Ang (0.596 Ang by residue) in 1.9989 (sec).
 3-Body A131-ASP 25, A132-ASP 24, A135-LYD 28:       0.00191434 at      1.398 Ang (0.596 Ang by residue) in 2.0100 (sec).
 3-Body A131-ASP 25, A132-ASP 24, A135-LYS 30:       0.00591346 at      1.370 Ang (0.596 Ang by residue) in 1.9833 (sec).
 3-Body A131-ASP 25, A132-ASP 24, A135-LYS 34:       0.00220010 at      1.399 Ang (0.596 Ang by residue) in 2.0088 (sec).
 3-Body A131-ASP 25, A132-ASP 24, A135-LYS 35:       0.00208991 at      1.399 Ang (0.596 Ang by residue) in 2.0939 (sec).
 3-Body A131-ASP 25, A132-ASP 24, A135-LYS 36:       0.00225989 at      1.399 Ang (0.596 Ang by residue) in 2.2002 (sec).
 3-Body A131-ASP 25, A132-ASP 24, A135-LYS 37:       0.00726646 at      1.380 Ang (0.596 Ang by residue) in 2.0962 (sec).
 3-Body A131-ASP 25, A132-ASP 24, A135-LYS 38:       0.00878419 at      1.382 Ang (0.596 Ang by residue) in 2.1538 (sec).
 3-Body A131-ASP 25, A132-ASP 24, A135-LYS 39:       0.00271745 at      1.399 Ang (0.596 Ang by residue) in 2.0604 (sec).
 3-Body A131-ASP 25, A132-ASP 24, A135-LYS 40:       0.00285432 at      1.399 Ang (0.596 Ang by residue) in 2.2111 (sec).
 3-Body A131-ASP 25, A132-ASP 24, A135-LYS 41:       0.00288114 at      1.399 Ang (0.596 Ang by residue) in 2.2128 (sec).
 3-Body A131-ASP 25, A132-ASP 24, A135-LYS 42:       0.00433367 at      1.399 Ang (0.596 Ang by residue) in 2.2036 (sec).
 3-Body A131-ASP 25, A132-ASP 24, A135-LYS 43:       0.00389587 at      1.399 Ang (0.596 Ang by residue) in 2.2443 (sec).
 3-Body A131-ASP 25, A132-ASP 24, A135-LYS 44:       0.00887373 at      1.353 Ang (0.596 Ang by residue) in 2.4251 (sec).
 3-Body A131-ASP 25, A132-ASP 24, A135-LYS 46:       0.00544555 at      1.375 Ang (0.596 Ang by residue) in 2.1869 (sec).
 3-Body A131-ASP 25, A132-ASP 24, A135-LYS 47:       0.03409684 at      1.277 Ang (0.596 Ang by residue) in 1.9135 (sec).
 3-Body A131-ASP 25, A132-ASP 24, A135-LYS 48:       0.00889382 at      1.370 Ang (0.596 Ang by residue) in 2.1637 (sec).
 3-Body A131-ASP 25, A132-ASP 24, A135-LYS 49:       0.00770199 at      1.372 Ang (0.596 Ang by residue) in 2.1991 (sec).
 3-Body A131-ASP 25, A132-ASP 24, A135-LYS 52:       0.00632282 at      1.398 Ang (0.596 Ang by residue) in 2.0823 (sec).
 3-Body A131-ASP 25, A132-ASP 24, A135-LYS 53:       0.00427567 at      1.398 Ang (0.596 Ang by residue) in 2.0228 (sec).
 3-Body A131-ASP 25, A132-ASP 24, A135-LYS 54:       0.01347257 at      1.398 Ang (0.596 Ang by residue) in 2.0192 (sec).
 3-Body A131-ASP 25, A132-ASP 24, A135-LYS 55:       0.00323591 at      1.398 Ang (0.596 Ang by residue) in 2.0960 (sec).
 3-Body A131-ASP 25, A132-ASP 25, A135-LYS 0 :       0.00921294 at      1.370 Ang (0.596 Ang by residue) in 2.0592 (sec).
 3-Body A131-ASP 25, A132-ASP 25, A135-LYD 1 :       0.00446833 at      1.370 Ang (0.596 Ang by residue) in 2.0588 (sec).
 3-Body A131-ASP 25, A132-ASP 25, A135-LYD 7 :       0.00109735 at      1.399 Ang (0.596 Ang by residue) in 2.1580 (sec).
 3-Body A131-ASP 25, A132-ASP 25, A135-LYD 8 :       0.00112703 at      1.399 Ang (0.596 Ang by residue) in 2.1176 (sec).
 3-Body A131-ASP 25, A132-ASP 25, A135-LYD 9 :       0.00115077 at      1.399 Ang (0.596 Ang by residue) in 2.0961 (sec).
 3-Body A131-ASP 25, A132-ASP 25, A135-LYD 10:       0.00216908 at      1.354 Ang (0.596 Ang by residue) in 2.1274 (sec).
 3-Body A131-ASP 25, A132-ASP 25, A135-LYD 11:       0.00227624 at      1.350 Ang (0.596 Ang by residue) in 1.9330 (sec).
 3-Body A131-ASP 25, A132-ASP 25, A135-LYD 12:       0.00131128 at      1.399 Ang (0.596 Ang by residue) in 1.9738 (sec).
 3-Body A131-ASP 25, A132-ASP 25, A135-LYD 13:       0.00134265 at      1.399 Ang (0.596 Ang by residue) in 2.0337 (sec).
 3-Body A131-ASP 25, A132-ASP 25, A135-LYD 14:       0.00133276 at      1.399 Ang (0.596 Ang by residue) in 1.9433 (sec).
 3-Body A131-ASP 25, A132-ASP 25, A135-LYD 15:       0.00170716 at      1.399 Ang (0.596 Ang by residue) in 1.9639 (sec).
 3-Body A131-ASP 25, A132-ASP 25, A135-LYD 16:       0.00185425 at      1.399 Ang (0.596 Ang by residue) in 2.1310 (sec).
 3-Body A131-ASP 25, A132-ASP 25, A135-LYD 19:       0.00300677 at      1.375 Ang (0.596 Ang by residue) in 1.9767 (sec).
 3-Body A131-ASP 25, A132-ASP 25, A135-LYD 20:       0.00635292 at      1.277 Ang (0.596 Ang by residue) in 2.0150 (sec).
 3-Body A131-ASP 25, A132-ASP 25, A135-LYD 21:       0.00446819 at      1.370 Ang (0.596 Ang by residue) in 2.0861 (sec).
 3-Body A131-ASP 25, A132-ASP 25, A135-LYD 22:       0.00481490 at      1.372 Ang (0.596 Ang by residue) in 1.9679 (sec).
 3-Body A131-ASP 25, A132-ASP 25, A135-LYD 25:       0.00161195 at      1.398 Ang (0.596 Ang by residue) in 2.1778 (sec).
 3-Body A131-ASP 25, A132-ASP 25, A135-LYD 26:       0.00204735 at      1.398 Ang (0.596 Ang by residue) in 2.0441 (sec).
 3-Body A131-ASP 25, A132-ASP 25, A135-LYD 27:       0.00580442 at      1.398 Ang (0.596 Ang by residue) in 2.0554 (sec).
 3-Body A131-ASP 25, A132-ASP 25, A135-LYD 28:       0.00147083 at      1.398 Ang (0.596 Ang by residue) in 2.1467 (sec).
 3-Body A131-ASP 25, A132-ASP 25, A135-LYS 30:       0.00553461 at      1.370 Ang (0.596 Ang by residue) in 2.1719 (sec).
 3-Body A131-ASP 25, A132-ASP 25, A135-LYS 34:       0.00166377 at      1.399 Ang (0.596 Ang by residue) in 2.2218 (sec).
 3-Body A131-ASP 25, A132-ASP 25, A135-LYS 35:       0.00157720 at      1.399 Ang (0.596 Ang by residue) in 2.2049 (sec).
 3-Body A131-ASP 25, A132-ASP 25, A135-LYS 36:       0.00173073 at      1.399 Ang (0.596 Ang by residue) in 2.2508 (sec).
 3-Body A131-ASP 25, A132-ASP 25, A135-LYS 37:       0.00529750 at      1.354 Ang (0.596 Ang by residue) in 2.0346 (sec).
 3-Body A131-ASP 25, A132-ASP 25, A135-LYS 38:       0.00589305 at      1.350 Ang (0.596 Ang by residue) in 2.1398 (sec).
 3-Body A131-ASP 25, A132-ASP 25, A135-LYS 39:       0.00212799 at      1.399 Ang (0.596 Ang by residue) in 2.1021 (sec).
 3-Body A131-ASP 25, A132-ASP 25, A135-LYS 40:       0.00226225 at      1.399 Ang (0.596 Ang by residue) in 2.1395 (sec).
 3-Body A131-ASP 25, A132-ASP 25, A135-LYS 41:       0.00226181 at      1.399 Ang (0.596 Ang by residue) in 2.1218 (sec).
 3-Body A131-ASP 25, A132-ASP 25, A135-LYS 42:       0.00375351 at      1.399 Ang (0.596 Ang by residue) in 2.1642 (sec).
 3-Body A131-ASP 25, A132-ASP 25, A135-LYS 43:       0.00335016 at      1.399 Ang (0.596 Ang by residue) in 2.2297 (sec).
 3-Body A131-ASP 25, A132-ASP 25, A135-LYS 44:       0.00879986 at      1.353 Ang (0.596 Ang by residue) in 2.1235 (sec).
 3-Body A131-ASP 25, A132-ASP 25, A135-LYS 46:       0.00526851 at      1.375 Ang (0.596 Ang by residue) in 2.0338 (sec).
 3-Body A131-ASP 25, A132-ASP 25, A135-LYS 47:       0.03532745 at      1.277 Ang (0.596 Ang by residue) in 2.0681 (sec).
 3-Body A131-ASP 25, A132-ASP 25, A135-LYS 48:       0.00921350 at      1.370 Ang (0.596 Ang by residue) in 2.1576 (sec).
 3-Body A131-ASP 25, A132-ASP 25, A135-LYS 49:       0.00818285 at      1.372 Ang (0.596 Ang by residue) in 2.0732 (sec).
 3-Body A131-ASP 25, A132-ASP 25, A135-LYS 52:       0.00570298 at      1.398 Ang (0.596 Ang by residue) in 2.1643 (sec).
 3-Body A131-ASP 25, A132-ASP 25, A135-LYS 53:       0.00370570 at      1.398 Ang (0.596 Ang by residue) in 2.0342 (sec).
 3-Body A131-ASP 25, A132-ASP 25, A135-LYS 54:       0.01315781 at      1.398 Ang (0.596 Ang by residue) in 1.9876 (sec).
 3-Body A131-ASP 25, A132-ASP 25, A135-LYS 55:       0.00256761 at      1.398 Ang (0.596 Ang by residue) in 2.1710 (sec).
 3-Body A131-ASP 25, A132-ASP 26, A135-LYS 0 :      -0.01837177 at      1.370 Ang (0.596 Ang by residue) in 2.0107 (sec).
 3-Body A131-ASP 25, A132-ASP 26, A135-LYD 1 :      -0.01238085 at      1.370 Ang (0.596 Ang by residue) in 1.9615 (sec).
 3-Body A131-ASP 25, A132-ASP 26, A135-LYD 7 :      -0.00017079 at      1.399 Ang (0.596 Ang by residue) in 2.1600 (sec).
 3-Body A131-ASP 25, A132-ASP 26, A135-LYD 8 :      -0.00012580 at      1.399 Ang (0.596 Ang by residue) in 2.2671 (sec).
 3-Body A131-ASP 25, A132-ASP 26, A135-LYD 9 :      -0.00015174 at      1.399 Ang (0.596 Ang by residue) in 2.2376 (sec).
 3-Body A131-ASP 25, A132-ASP 26, A135-LYD 10:       0.00007231 at      1.399 Ang (0.596 Ang by residue) in 2.0916 (sec).
 3-Body A131-ASP 25, A132-ASP 26, A135-LYD 11:       0.00054449 at      1.399 Ang (0.596 Ang by residue) in 2.3414 (sec).
 3-Body A131-ASP 25, A132-ASP 26, A135-LYD 12:      -0.00031415 at      1.399 Ang (0.596 Ang by residue) in 2.2130 (sec).
 3-Body A131-ASP 25, A132-ASP 26, A135-LYD 13:      -0.00034295 at      1.399 Ang (0.596 Ang by residue) in 2.1877 (sec).
 3-Body A131-ASP 25, A132-ASP 26, A135-LYD 14:      -0.00029205 at      1.399 Ang (0.596 Ang by residue) in 2.1385 (sec).
 3-Body A131-ASP 25, A132-ASP 26, A135-LYD 15:      -0.00046771 at      1.399 Ang (0.596 Ang by residue) in 2.1323 (sec).
 3-Body A131-ASP 25, A132-ASP 26, A135-LYD 16:      -0.00010683 at      1.399 Ang (0.596 Ang by residue) in 2.1699 (sec).
 3-Body A131-ASP 25, A132-ASP 26, A135-LYD 19:      -0.00424701 at      1.375 Ang (0.596 Ang by residue) in 2.0282 (sec).
 3-Body A131-ASP 25, A132-ASP 26, A135-LYD 20:      -0.04612339 at      1.277 Ang (0.596 Ang by residue) in 1.9707 (sec).
 3-Body A131-ASP 25, A132-ASP 26, A135-LYD 21:      -0.01238308 at      1.370 Ang (0.596 Ang by residue) in 2.0186 (sec).
 3-Body A131-ASP 25, A132-ASP 26, A135-LYD 22:      -0.00712852 at      1.372 Ang (0.596 Ang by residue) in 2.1020 (sec).
 3-Body A131-ASP 25, A132-ASP 26, A135-LYD 25:      -0.00337862 at      1.398 Ang (0.596 Ang by residue) in 2.0265 (sec).
 3-Body A131-ASP 25, A132-ASP 26, A135-LYD 26:      -0.00225436 at      1.398 Ang (0.596 Ang by residue) in 2.1053 (sec).
 3-Body A131-ASP 25, A132-ASP 26, A135-LYD 27:      -0.00085329 at      1.398 Ang (0.596 Ang by residue) in 2.0502 (sec).
 3-Body A131-ASP 25, A132-ASP 26, A135-LYD 28:      -0.00230553 at      1.398 Ang (0.596 Ang by residue) in 2.1405 (sec).
 3-Body A131-ASP 25, A132-ASP 26, A135-LYS 30:      -0.00078835 at      1.370 Ang (0.596 Ang by residue) in 2.0522 (sec).
 3-Body A131-ASP 25, A132-ASP 26, A135-LYS 34:       0.00048367 at      1.399 Ang (0.596 Ang by residue) in 2.3006 (sec).
 3-Body A131-ASP 25, A132-ASP 26, A135-LYS 35:       0.00043155 at      1.399 Ang (0.596 Ang by residue) in 2.2040 (sec).
 3-Body A131-ASP 25, A132-ASP 26, A135-LYS 36:       0.00065447 at      1.399 Ang (0.596 Ang by residue) in 1.9673 (sec).
 3-Body A131-ASP 25, A132-ASP 26, A135-LYS 37:       0.00231971 at      1.399 Ang (0.596 Ang by residue) in 2.1099 (sec).
 3-Body A131-ASP 25, A132-ASP 26, A135-LYS 38:       0.00376371 at      1.399 Ang (0.596 Ang by residue) in 2.0957 (sec).
 3-Body A131-ASP 25, A132-ASP 26, A135-LYS 39:       0.00077004 at      1.399 Ang (0.596 Ang by residue) in 2.1914 (sec).
 3-Body A131-ASP 25, A132-ASP 26, A135-LYS 40:       0.00095735 at      1.399 Ang (0.596 Ang by residue) in 2.1490 (sec).
 3-Body A131-ASP 25, A132-ASP 26, A135-LYS 41:       0.00075043 at      1.399 Ang (0.596 Ang by residue) in 2.1721 (sec).
 3-Body A131-ASP 25, A132-ASP 26, A135-LYS 42:       0.00235734 at      1.399 Ang (0.596 Ang by residue) in 2.2047 (sec).
 3-Body A131-ASP 25, A132-ASP 26, A135-LYS 43:       0.00193875 at      1.399 Ang (0.596 Ang by residue) in 2.2464 (sec).
 3-Body A131-ASP 25, A132-ASP 26, A135-LYS 44:      -0.00146879 at      1.353 Ang (0.596 Ang by residue) in 2.0939 (sec).
 3-Body A131-ASP 25, A132-ASP 26, A135-LYS 46:      -0.00062086 at      1.375 Ang (0.596 Ang by residue) in 2.2148 (sec).
 3-Body A131-ASP 25, A132-ASP 26, A135-LYS 47:      -0.06684403 at      1.277 Ang (0.596 Ang by residue) in 2.0414 (sec).
 3-Body A131-ASP 25, A132-ASP 26, A135-LYS 48:      -0.01837262 at      1.370 Ang (0.596 Ang by residue) in 2.1069 (sec).
 3-Body A131-ASP 25, A132-ASP 26, A135-LYS 49:      -0.00709298 at      1.372 Ang (0.596 Ang by residue) in 2.1006 (sec).
 3-Body A131-ASP 25, A132-ASP 26, A135-LYS 52:       0.00115346 at      1.398 Ang (0.596 Ang by residue) in 2.0162 (sec).
 3-Body A131-ASP 25, A132-ASP 26, A135-LYS 53:       0.00037514 at      1.398 Ang (0.596 Ang by residue) in 2.1443 (sec).
 3-Body A131-ASP 25, A132-ASP 26, A135-LYS 54:       0.01016740 at      1.398 Ang (0.596 Ang by residue) in 2.0663 (sec).
 3-Body A131-ASP 25, A132-ASP 26, A135-LYS 55:      -0.00097715 at      1.398 Ang (0.596 Ang by residue) in 2.0637 (sec).
 3-Body A131-ASP 26, A132-ASP 0 , A135-LYS 0 :       0.00367510 at      1.372 Ang (0.596 Ang by residue) in 2.2145 (sec).
 3-Body A131-ASP 26, A132-ASP 0 , A135-LYD 1 :       0.00049280 at      1.372 Ang (0.596 Ang by residue) in 2.1321 (sec).
 3-Body A131-ASP 26, A132-ASP 0 , A135-LYD 7 :       0.00040713 at      1.399 Ang (0.596 Ang by residue) in 2.1406 (sec).
 3-Body A131-ASP 26, A132-ASP 0 , A135-LYD 8 :       0.00042154 at      1.399 Ang (0.596 Ang by residue) in 2.1636 (sec).
 3-Body A131-ASP 26, A132-ASP 0 , A135-LYD 9 :       0.00041956 at      1.399 Ang (0.596 Ang by residue) in 2.0003 (sec).
 3-Body A131-ASP 26, A132-ASP 0 , A135-LYD 10:       0.00068521 at      1.399 Ang (0.596 Ang by residue) in 2.0011 (sec).
 3-Body A131-ASP 26, A132-ASP 0 , A135-LYD 11:       0.00090971 at      1.399 Ang (0.596 Ang by residue) in 2.1128 (sec).
 3-Body A131-ASP 26, A132-ASP 0 , A135-LYD 12:       0.00038015 at      1.399 Ang (0.596 Ang by residue) in 2.2039 (sec).
 3-Body A131-ASP 26, A132-ASP 0 , A135-LYD 13:       0.00038149 at      1.399 Ang (0.596 Ang by residue) in 2.1638 (sec).
 3-Body A131-ASP 26, A132-ASP 0 , A135-LYD 14:       0.00040084 at      1.399 Ang (0.596 Ang by residue) in 2.0298 (sec).
 3-Body A131-ASP 26, A132-ASP 0 , A135-LYD 15:       0.00044108 at      1.399 Ang (0.596 Ang by residue) in 2.1146 (sec).
 3-Body A131-ASP 26, A132-ASP 0 , A135-LYD 16:       0.00056305 at      1.399 Ang (0.596 Ang by residue) in 2.1114 (sec).
 3-Body A131-ASP 26, A132-ASP 0 , A135-LYD 19:       0.00053654 at      1.375 Ang (0.596 Ang by residue) in 2.0733 (sec).
 3-Body A131-ASP 26, A132-ASP 0 , A135-LYD 20:      -0.00656654 at      1.372 Ang (0.596 Ang by residue) in 2.1330 (sec).
 3-Body A131-ASP 26, A132-ASP 0 , A135-LYD 21:       0.00049225 at      1.372 Ang (0.596 Ang by residue) in 2.0224 (sec).
 3-Body A131-ASP 26, A132-ASP 0 , A135-LYD 22:       0.00101018 at      1.372 Ang (0.596 Ang by residue) in 2.1068 (sec).
 3-Body A131-ASP 26, A132-ASP 0 , A135-LYD 25:       0.00045936 at      1.398 Ang (0.596 Ang by residue) in 2.0389 (sec).
 3-Body A131-ASP 26, A132-ASP 0 , A135-LYD 26:       0.00075596 at      1.398 Ang (0.596 Ang by residue) in 2.1085 (sec).
 3-Body A131-ASP 26, A132-ASP 0 , A135-LYD 27:       0.00169952 at      1.398 Ang (0.596 Ang by residue) in 2.2310 (sec).
 3-Body A131-ASP 26, A132-ASP 0 , A135-LYD 28:       0.00056453 at      1.398 Ang (0.596 Ang by residue) in 2.1685 (sec).
 3-Body A131-ASP 26, A132-ASP 0 , A135-LYS 30:       0.00293744 at      1.370 Ang (0.596 Ang by residue) in 2.0499 (sec).
 3-Body A131-ASP 26, A132-ASP 0 , A135-LYS 34:       0.00059571 at      1.399 Ang (0.596 Ang by residue) in 2.1573 (sec).
 3-Body A131-ASP 26, A132-ASP 0 , A135-LYS 35:       0.00058176 at      1.399 Ang (0.596 Ang by residue) in 2.0618 (sec).
 3-Body A131-ASP 26, A132-ASP 0 , A135-LYS 36:       0.00064489 at      1.399 Ang (0.596 Ang by residue) in 2.1260 (sec).
 3-Body A131-ASP 26, A132-ASP 0 , A135-LYS 37:       0.00142682 at      1.399 Ang (0.596 Ang by residue) in 2.0235 (sec).
 3-Body A131-ASP 26, A132-ASP 0 , A135-LYS 38:       0.00203151 at      1.399 Ang (0.596 Ang by residue) in 2.1467 (sec).
 3-Body A131-ASP 26, A132-ASP 0 , A135-LYS 39:       0.00072262 at      1.399 Ang (0.596 Ang by residue) in 2.2104 (sec).
 3-Body A131-ASP 26, A132-ASP 0 , A135-LYS 40:       0.00077467 at      1.399 Ang (0.596 Ang by residue) in 2.1452 (sec).
 3-Body A131-ASP 26, A132-ASP 0 , A135-LYS 41:       0.00070344 at      1.399 Ang (0.596 Ang by residue) in 2.0554 (sec).
 3-Body A131-ASP 26, A132-ASP 0 , A135-LYS 42:       0.00143584 at      1.399 Ang (0.596 Ang by residue) in 1.9800 (sec).
 3-Body A131-ASP 26, A132-ASP 0 , A135-LYS 43:       0.00126677 at      1.399 Ang (0.596 Ang by residue) in 2.1559 (sec).
 3-Body A131-ASP 26, A132-ASP 0 , A135-LYS 44:       0.00362047 at      1.353 Ang (0.596 Ang by residue) in 2.1351 (sec).
 3-Body A131-ASP 26, A132-ASP 0 , A135-LYS 46:       0.00198256 at      1.375 Ang (0.596 Ang by residue) in 2.1365 (sec).
 3-Body A131-ASP 26, A132-ASP 0 , A135-LYS 47:       0.00561997 at      1.372 Ang (0.596 Ang by residue) in 2.0950 (sec).
 3-Body A131-ASP 26, A132-ASP 0 , A135-LYS 48:       0.00367461 at      1.372 Ang (0.596 Ang by residue) in 2.0929 (sec).
 3-Body A131-ASP 26, A132-ASP 0 , A135-LYS 49:       0.00313950 at      1.372 Ang (0.596 Ang by residue) in 2.1371 (sec).
 3-Body A131-ASP 26, A132-ASP 0 , A135-LYS 52:       0.00251073 at      1.398 Ang (0.596 Ang by residue) in 2.1375 (sec).
 3-Body A131-ASP 26, A132-ASP 0 , A135-LYS 53:       0.00152948 at      1.398 Ang (0.596 Ang by residue) in 2.0087 (sec).
 3-Body A131-ASP 26, A132-ASP 0 , A135-LYS 54:       0.00472787 at      1.398 Ang (0.596 Ang by residue) in 2.1583 (sec).
 3-Body A131-ASP 26, A132-ASP 0 , A135-LYS 55:       0.00096607 at      1.398 Ang (0.596 Ang by residue) in 2.0995 (sec).
 3-Body A131-ASP 26, A132-ASP 24, A135-LYS 0 :       0.00328060 at      1.372 Ang (0.596 Ang by residue) in 1.9938 (sec).
 3-Body A131-ASP 26, A132-ASP 24, A135-LYD 1 :       0.00151761 at      1.372 Ang (0.596 Ang by residue) in 2.0399 (sec).
 3-Body A131-ASP 26, A132-ASP 24, A135-LYD 7 :       0.00074411 at      1.399 Ang (0.596 Ang by residue) in 2.0972 (sec).
 3-Body A131-ASP 26, A132-ASP 24, A135-LYD 8 :       0.00075820 at      1.399 Ang (0.596 Ang by residue) in 2.0587 (sec).
 3-Body A131-ASP 26, A132-ASP 24, A135-LYD 9 :       0.00076859 at      1.399 Ang (0.596 Ang by residue) in 2.1813 (sec).
 3-Body A131-ASP 26, A132-ASP 24, A135-LYD 10:       0.00109558 at      1.380 Ang (0.596 Ang by residue) in 2.1286 (sec).
 3-Body A131-ASP 26, A132-ASP 24, A135-LYD 11:       0.00163569 at      1.382 Ang (0.596 Ang by residue) in 2.1002 (sec).
 3-Body A131-ASP 26, A132-ASP 24, A135-LYD 12:       0.00080495 at      1.399 Ang (0.596 Ang by residue) in 2.2068 (sec).
 3-Body A131-ASP 26, A132-ASP 24, A135-LYD 13:       0.00082469 at      1.399 Ang (0.596 Ang by residue) in 2.1240 (sec).
 3-Body A131-ASP 26, A132-ASP 24, A135-LYD 14:       0.00082235 at      1.399 Ang (0.596 Ang by residue) in 2.0346 (sec).
 3-Body A131-ASP 26, A132-ASP 24, A135-LYD 15:       0.00099480 at      1.399 Ang (0.596 Ang by residue) in 2.0093 (sec).
 3-Body A131-ASP 26, A132-ASP 24, A135-LYD 16:       0.00102185 at      1.399 Ang (0.596 Ang by residue) in 2.0975 (sec).
 3-Body A131-ASP 26, A132-ASP 24, A135-LYD 19:       0.00138038 at      1.375 Ang (0.596 Ang by residue) in 2.0727 (sec).
 3-Body A131-ASP 26, A132-ASP 24, A135-LYD 20:       0.00141710 at      1.372 Ang (0.596 Ang by residue) in 2.1263 (sec).
 3-Body A131-ASP 26, A132-ASP 24, A135-LYD 21:       0.00151731 at      1.372 Ang (0.596 Ang by residue) in 1.9878 (sec).
 3-Body A131-ASP 26, A132-ASP 24, A135-LYD 22:       0.00163995 at      1.372 Ang (0.596 Ang by residue) in 2.0250 (sec).
 3-Body A131-ASP 26, A132-ASP 24, A135-LYD 25:       0.00107766 at      1.398 Ang (0.596 Ang by residue) in 2.1411 (sec).
 3-Body A131-ASP 26, A132-ASP 24, A135-LYD 26:       0.00120299 at      1.398 Ang (0.596 Ang by residue) in 2.0118 (sec).
 3-Body A131-ASP 26, A132-ASP 24, A135-LYD 27:       0.00178571 at      1.398 Ang (0.596 Ang by residue) in 1.9469 (sec).
 3-Body A131-ASP 26, A132-ASP 24, A135-LYD 28:       0.00106858 at      1.398 Ang (0.596 Ang by residue) in 2.1124 (sec).
 3-Body A131-ASP 26, A132-ASP 24, A135-LYS 30:       0.00229105 at      1.370 Ang (0.596 Ang by residue) in 2.0469 (sec).
 3-Body A131-ASP 26, A132-ASP 24, A135-LYS 34:       0.00096326 at      1.399 Ang (0.596 Ang by residue) in 2.1278 (sec).
 3-Body A131-ASP 26, A132-ASP 24, A135-LYS 35:       0.00092837 at      1.399 Ang (0.596 Ang by residue) in 2.0410 (sec).
 3-Body A131-ASP 26, A132-ASP 24, A135-LYS 36:       0.00097699 at      1.399 Ang (0.596 Ang by residue) in 2.0423 (sec).
 3-Body A131-ASP 26, A132-ASP 24, A135-LYS 37:       0.00210737 at      1.380 Ang (0.596 Ang by residue) in 2.1413 (sec).
 3-Body A131-ASP 26, A132-ASP 24, A135-LYS 38:       0.00267121 at      1.382 Ang (0.596 Ang by residue) in 2.0354 (sec).
 3-Body A131-ASP 26, A132-ASP 24, A135-LYS 39:       0.00111330 at      1.399 Ang (0.596 Ang by residue) in 1.9925 (sec).
 3-Body A131-ASP 26, A132-ASP 24, A135-LYS 40:       0.00113699 at      1.399 Ang (0.596 Ang by residue) in 2.0145 (sec).
 3-Body A131-ASP 26, A132-ASP 24, A135-LYS 41:       0.00114759 at      1.399 Ang (0.596 Ang by residue) in 2.2506 (sec).
 3-Body A131-ASP 26, A132-ASP 24, A135-LYS 42:       0.00167039 at      1.399 Ang (0.596 Ang by residue) in 2.1345 (sec).
 3-Body A131-ASP 26, A132-ASP 24, A135-LYS 43:       0.00155492 at      1.399 Ang (0.596 Ang by residue) in 2.1277 (sec).
 3-Body A131-ASP 26, A132-ASP 24, A135-LYS 44:       0.00334790 at      1.353 Ang (0.596 Ang by residue) in 2.0182 (sec).
 3-Body A131-ASP 26, A132-ASP 24, A135-LYS 46:       0.00232278 at      1.375 Ang (0.596 Ang by residue) in 1.9843 (sec).
 3-Body A131-ASP 26, A132-ASP 24, A135-LYS 47:       0.00856671 at      1.372 Ang (0.596 Ang by residue) in 1.9854 (sec).
 3-Body A131-ASP 26, A132-ASP 24, A135-LYS 48:       0.00328016 at      1.372 Ang (0.596 Ang by residue) in 2.0789 (sec).
 3-Body A131-ASP 26, A132-ASP 24, A135-LYS 49:       0.00299990 at      1.372 Ang (0.596 Ang by residue) in 1.9258 (sec).
 3-Body A131-ASP 26, A132-ASP 24, A135-LYS 52:       0.00231846 at      1.398 Ang (0.596 Ang by residue) in 2.1686 (sec).
 3-Body A131-ASP 26, A132-ASP 24, A135-LYS 53:       0.00180709 at      1.398 Ang (0.596 Ang by residue) in 2.0093 (sec).
 3-Body A131-ASP 26, A132-ASP 24, A135-LYS 54:       0.00375506 at      1.398 Ang (0.596 Ang by residue) in 2.0070 (sec).
 3-Body A131-ASP 26, A132-ASP 24, A135-LYS 55:       0.00149858 at      1.398 Ang (0.596 Ang by residue) in 2.0959 (sec).
 3-Body A131-ASP 26, A132-ASP 25, A135-LYS 0 :       0.00343049 at      1.372 Ang (0.596 Ang by residue) in 2.0874 (sec).
 3-Body A131-ASP 26, A132-ASP 25, A135-LYD 1 :       0.00174440 at      1.372 Ang (0.596 Ang by residue) in 2.0823 (sec).
 3-Body A131-ASP 26, A132-ASP 25, A135-LYD 7 :       0.00071638 at      1.399 Ang (0.596 Ang by residue) in 2.1630 (sec).
 3-Body A131-ASP 26, A132-ASP 25, A135-LYD 8 :       0.00072692 at      1.399 Ang (0.596 Ang by residue) in 2.0676 (sec).
 3-Body A131-ASP 26, A132-ASP 25, A135-LYD 9 :       0.00073345 at      1.399 Ang (0.596 Ang by residue) in 2.1123 (sec).
 3-Body A131-ASP 26, A132-ASP 25, A135-LYD 10:       0.00046779 at      1.354 Ang (0.596 Ang by residue) in 2.0822 (sec).
 3-Body A131-ASP 26, A132-ASP 25, A135-LYD 11:       0.00031093 at      1.350 Ang (0.596 Ang by residue) in 2.0770 (sec).
 3-Body A131-ASP 26, A132-ASP 25, A135-LYD 12:       0.00072542 at      1.399 Ang (0.596 Ang by residue) in 2.1816 (sec).
 3-Body A131-ASP 26, A132-ASP 25, A135-LYD 13:       0.00073266 at      1.399 Ang (0.596 Ang by residue) in 2.0317 (sec).
 3-Body A131-ASP 26, A132-ASP 25, A135-LYD 14:       0.00074678 at      1.399 Ang (0.596 Ang by residue) in 1.9543 (sec).
 3-Body A131-ASP 26, A132-ASP 25, A135-LYD 15:       0.00092607 at      1.399 Ang (0.596 Ang by residue) in 2.1383 (sec).
 3-Body A131-ASP 26, A132-ASP 25, A135-LYD 16:       0.00095641 at      1.399 Ang (0.596 Ang by residue) in 2.1793 (sec).
 3-Body A131-ASP 26, A132-ASP 25, A135-LYD 19:       0.00152619 at      1.375 Ang (0.596 Ang by residue) in 2.0616 (sec).
 3-Body A131-ASP 26, A132-ASP 25, A135-LYD 20:       0.00189119 at      1.372 Ang (0.596 Ang by residue) in 2.0730 (sec).
 3-Body A131-ASP 26, A132-ASP 25, A135-LYD 21:       0.00174410 at      1.372 Ang (0.596 Ang by residue) in 2.0661 (sec).
 3-Body A131-ASP 26, A132-ASP 25, A135-LYD 22:       0.00186662 at      1.372 Ang (0.596 Ang by residue) in 2.1609 (sec).
 3-Body A131-ASP 26, A132-ASP 25, A135-LYD 25:       0.00120869 at      1.398 Ang (0.596 Ang by residue) in 2.0315 (sec).
 3-Body A131-ASP 26, A132-ASP 25, A135-LYD 26:       0.00131943 at      1.398 Ang (0.596 Ang by residue) in 2.1361 (sec).
 3-Body A131-ASP 26, A132-ASP 25, A135-LYD 27:       0.00196102 at      1.398 Ang (0.596 Ang by residue) in 2.2049 (sec).
 3-Body A131-ASP 26, A132-ASP 25, A135-LYD 28:       0.00116298 at      1.398 Ang (0.596 Ang by residue) in 2.0149 (sec).
 3-Body A131-ASP 26, A132-ASP 25, A135-LYS 30:       0.00223666 at      1.370 Ang (0.596 Ang by residue) in 2.1705 (sec).
 3-Body A131-ASP 26, A132-ASP 25, A135-LYS 34:       0.00088188 at      1.399 Ang (0.596 Ang by residue) in 2.1132 (sec).
 3-Body A131-ASP 26, A132-ASP 25, A135-LYS 35:       0.00085650 at      1.399 Ang (0.596 Ang by residue) in 2.1093 (sec).
 3-Body A131-ASP 26, A132-ASP 25, A135-LYS 36:       0.00089514 at      1.399 Ang (0.596 Ang by residue) in 2.1158 (sec).
 3-Body A131-ASP 26, A132-ASP 25, A135-LYS 37:       0.00126307 at      1.354 Ang (0.596 Ang by residue) in 2.1213 (sec).
 3-Body A131-ASP 26, A132-ASP 25, A135-LYS 38:       0.00106584 at      1.350 Ang (0.596 Ang by residue) in 2.2169 (sec).
 3-Body A131-ASP 26, A132-ASP 25, A135-LYS 39:       0.00096136 at      1.399 Ang (0.596 Ang by residue) in 2.3536 (sec).
 3-Body A131-ASP 26, A132-ASP 25, A135-LYS 40:       0.00097174 at      1.399 Ang (0.596 Ang by residue) in 2.0945 (sec).
 3-Body A131-ASP 26, A132-ASP 25, A135-LYS 41:       0.00097866 at      1.399 Ang (0.596 Ang by residue) in 2.0833 (sec).
 3-Body A131-ASP 26, A132-ASP 25, A135-LYS 42:       0.00150989 at      1.399 Ang (0.596 Ang by residue) in 2.0724 (sec).
 3-Body A131-ASP 26, A132-ASP 25, A135-LYS 43:       0.00141656 at      1.399 Ang (0.596 Ang by residue) in 2.2834 (sec).
 3-Body A131-ASP 26, A132-ASP 25, A135-LYS 44:       0.00352663 at      1.353 Ang (0.596 Ang by residue) in 2.1355 (sec).
 3-Body A131-ASP 26, A132-ASP 25, A135-LYS 46:       0.00231240 at      1.375 Ang (0.596 Ang by residue) in 2.1374 (sec).
 3-Body A131-ASP 26, A132-ASP 25, A135-LYS 47:       0.00886052 at      1.372 Ang (0.596 Ang by residue) in 2.1747 (sec).
 3-Body A131-ASP 26, A132-ASP 25, A135-LYS 48:       0.00343004 at      1.372 Ang (0.596 Ang by residue) in 2.1632 (sec).
 3-Body A131-ASP 26, A132-ASP 25, A135-LYS 49:       0.00313989 at      1.372 Ang (0.596 Ang by residue) in 2.1525 (sec).
 3-Body A131-ASP 26, A132-ASP 25, A135-LYS 52:       0.00235144 at      1.398 Ang (0.596 Ang by residue) in 2.2512 (sec).
 3-Body A131-ASP 26, A132-ASP 25, A135-LYS 53:       0.00183333 at      1.398 Ang (0.596 Ang by residue) in 2.1553 (sec).
 3-Body A131-ASP 26, A132-ASP 25, A135-LYS 54:       0.00383245 at      1.398 Ang (0.596 Ang by residue) in 2.1746 (sec).
 3-Body A131-ASP 26, A132-ASP 25, A135-LYS 55:       0.00149415 at      1.398 Ang (0.596 Ang by residue) in 2.1034 (sec).
 3-Body A131-ASP 26, A132-ASP 26, A135-LYS 0 :       0.00367182 at      1.372 Ang (0.596 Ang by residue) in 2.1254 (sec).
 3-Body A131-ASP 26, A132-ASP 26, A135-LYD 1 :       0.00049026 at      1.372 Ang (0.596 Ang by residue) in 2.1704 (sec).
 3-Body A131-ASP 26, A132-ASP 26, A135-LYD 7 :       0.00040642 at      1.399 Ang (0.596 Ang by residue) in 2.1026 (sec).
 3-Body A131-ASP 26, A132-ASP 26, A135-LYD 8 :       0.00042084 at      1.399 Ang (0.596 Ang by residue) in 1.9198 (sec).
 3-Body A131-ASP 26, A132-ASP 26, A135-LYD 9 :       0.00041884 at      1.399 Ang (0.596 Ang by residue) in 2.0587 (sec).
 3-Body A131-ASP 26, A132-ASP 26, A135-LYD 10:       0.00068409 at      1.399 Ang (0.596 Ang by residue) in 2.2508 (sec).
 3-Body A131-ASP 26, A132-ASP 26, A135-LYD 11:       0.00090848 at      1.399 Ang (0.596 Ang by residue) in 2.2358 (sec).
 3-Body A131-ASP 26, A132-ASP 26, A135-LYD 12:       0.00037938 at      1.399 Ang (0.596 Ang by residue) in 2.0532 (sec).
 3-Body A131-ASP 26, A132-ASP 26, A135-LYD 13:       0.00038070 at      1.399 Ang (0.596 Ang by residue) in 2.0100 (sec).
 3-Body A131-ASP 26, A132-ASP 26, A135-LYD 14:       0.00040006 at      1.399 Ang (0.596 Ang by residue) in 1.9112 (sec).
 3-Body A131-ASP 26, A132-ASP 26, A135-LYD 15:       0.00044016 at      1.399 Ang (0.596 Ang by residue) in 2.2555 (sec).
 3-Body A131-ASP 26, A132-ASP 26, A135-LYD 16:       0.00056213 at      1.399 Ang (0.596 Ang by residue) in 2.0123 (sec).
 3-Body A131-ASP 26, A132-ASP 26, A135-LYD 19:       0.00053415 at      1.375 Ang (0.596 Ang by residue) in 2.1803 (sec).
 3-Body A131-ASP 26, A132-ASP 26, A135-LYD 20:      -0.00657197 at      1.372 Ang (0.596 Ang by residue) in 2.1720 (sec).
 3-Body A131-ASP 26, A132-ASP 26, A135-LYD 21:       0.00048973 at      1.372 Ang (0.596 Ang by residue) in 2.2771 (sec).
 3-Body A131-ASP 26, A132-ASP 26, A135-LYD 22:       0.00100751 at      1.372 Ang (0.596 Ang by residue) in 2.3001 (sec).
 3-Body A131-ASP 26, A132-ASP 26, A135-LYD 25:       0.00045716 at      1.398 Ang (0.596 Ang by residue) in 2.5581 (sec).
 3-Body A131-ASP 26, A132-ASP 26, A135-LYD 26:       0.00075390 at      1.398 Ang (0.596 Ang by residue) in 2.3826 (sec).
 3-Body A131-ASP 26, A132-ASP 26, A135-LYD 27:       0.00169720 at      1.398 Ang (0.596 Ang by residue) in 2.2820 (sec).
 3-Body A131-ASP 26, A132-ASP 26, A135-LYD 28:       0.00056259 at      1.398 Ang (0.596 Ang by residue) in 2.1119 (sec).
 3-Body A131-ASP 26, A132-ASP 26, A135-LYS 30:       0.00293633 at      1.370 Ang (0.596 Ang by residue) in 2.0709 (sec).
 3-Body A131-ASP 26, A132-ASP 26, A135-LYS 34:       0.00059515 at      1.399 Ang (0.596 Ang by residue) in 2.1809 (sec).
 3-Body A131-ASP 26, A132-ASP 26, A135-LYS 35:       0.00058117 at      1.399 Ang (0.596 Ang by residue) in 2.1835 (sec).
 3-Body A131-ASP 26, A132-ASP 26, A135-LYS 36:       0.00064433 at      1.399 Ang (0.596 Ang by residue) in 2.1186 (sec).
 3-Body A131-ASP 26, A132-ASP 26, A135-LYS 37:       0.00142562 at      1.399 Ang (0.596 Ang by residue) in 2.0273 (sec).
 3-Body A131-ASP 26, A132-ASP 26, A135-LYS 38:       0.00202997 at      1.399 Ang (0.596 Ang by residue) in 2.1767 (sec).
 3-Body A131-ASP 26, A132-ASP 26, A135-LYS 39:       0.00072196 at      1.399 Ang (0.596 Ang by residue) in 2.0660 (sec).
 3-Body A131-ASP 26, A132-ASP 26, A135-LYS 40:       0.00077399 at      1.399 Ang (0.596 Ang by residue) in 2.0529 (sec).
 3-Body A131-ASP 26, A132-ASP 26, A135-LYS 41:       0.00070278 at      1.399 Ang (0.596 Ang by residue) in 2.1154 (sec).
 3-Body A131-ASP 26, A132-ASP 26, A135-LYS 42:       0.00143484 at      1.399 Ang (0.596 Ang by residue) in 2.1930 (sec).
 3-Body A131-ASP 26, A132-ASP 26, A135-LYS 43:       0.00126590 at      1.399 Ang (0.596 Ang by residue) in 2.0745 (sec).
 3-Body A131-ASP 26, A132-ASP 26, A135-LYS 44:       0.00361723 at      1.353 Ang (0.596 Ang by residue) in 1.9446 (sec).
 3-Body A131-ASP 26, A132-ASP 26, A135-LYS 46:       0.00197994 at      1.375 Ang (0.596 Ang by residue) in 2.0140 (sec).
 3-Body A131-ASP 26, A132-ASP 26, A135-LYS 47:       0.00561286 at      1.372 Ang (0.596 Ang by residue) in 2.3460 (sec).
 3-Body A131-ASP 26, A132-ASP 26, A135-LYS 48:       0.00367132 at      1.372 Ang (0.596 Ang by residue) in 2.1785 (sec).
 3-Body A131-ASP 26, A132-ASP 26, A135-LYS 49:       0.00313684 at      1.372 Ang (0.596 Ang by residue) in 2.1233 (sec).
 3-Body A131-ASP 26, A132-ASP 26, A135-LYS 52:       0.00250880 at      1.398 Ang (0.596 Ang by residue) in 2.1388 (sec).
 3-Body A131-ASP 26, A132-ASP 26, A135-LYS 53:       0.00152753 at      1.398 Ang (0.596 Ang by residue) in 2.2205 (sec).
 3-Body A131-ASP 26, A132-ASP 26, A135-LYS 54:       0.00472547 at      1.398 Ang (0.596 Ang by residue) in 2.0101 (sec).
 3-Body A131-ASP 26, A132-ASP 26, A135-LYS 55:       0.00096425 at      1.398 Ang (0.596 Ang by residue) in 2.1555 (sec).
 3-Body A132-ASP 0 , A135-LYS 0 , A136-CYS 0 :      -0.00230192 at      1.362 Ang (1.444 Ang by residue) in 2.0589 (sec).
 3-Body A132-ASP 0 , A135-LYS 0 , A136-CYD 1 :      -0.00847086 at      1.362 Ang (1.444 Ang by residue) in 2.2250 (sec).
 3-Body A132-ASP 0 , A135-LYS 0 , A136-CYS 2 :      -0.00104698 at      1.362 Ang (1.444 Ang by residue) in 2.0841 (sec).
 3-Body A132-ASP 0 , A135-LYS 0 , A136-CYS 4 :      -0.00228332 at      1.362 Ang (1.444 Ang by residue) in 2.0602 (sec).
 3-Body A132-ASP 0 , A135-LYS 0 , A136-CYS 5 :      -0.00104698 at      1.362 Ang (1.444 Ang by residue) in 2.0569 (sec).
 3-Body A132-ASP 0 , A135-LYS 0 , A136-CYS 7 :      -0.00228332 at      1.362 Ang (1.444 Ang by residue) in 2.0918 (sec).
 3-Body A132-ASP 0 , A135-LYS 0 , A136-CYD 8 :      -0.00479979 at      1.362 Ang (1.444 Ang by residue) in 2.2032 (sec).
 3-Body A132-ASP 0 , A135-LYS 0 , A136-CYD 9 :      -0.00104740 at      1.362 Ang (1.444 Ang by residue) in 2.2303 (sec).
 3-Body A132-ASP 0 , A135-LYS 0 , A136-CYD 10:      -0.00825385 at      1.362 Ang (1.444 Ang by residue) in 2.3150 (sec).
 3-Body A132-ASP 0 , A135-LYD 1 , A136-CYS 0 :      -0.00214949 at      1.362 Ang (1.444 Ang by residue) in 2.1361 (sec).
 3-Body A132-ASP 0 , A135-LYD 1 , A136-CYD 1 :      -0.00642717 at      1.362 Ang (1.444 Ang by residue) in 2.0750 (sec).
 3-Body A132-ASP 0 , A135-LYD 1 , A136-CYS 2 :      -0.00115505 at      1.362 Ang (1.444 Ang by residue) in 2.0489 (sec).
 3-Body A132-ASP 0 , A135-LYD 1 , A136-CYS 4 :      -0.00215305 at      1.362 Ang (1.444 Ang by residue) in 2.1130 (sec).
 3-Body A132-ASP 0 , A135-LYD 1 , A136-CYS 5 :      -0.00115505 at      1.362 Ang (1.444 Ang by residue) in 2.1073 (sec).
 3-Body A132-ASP 0 , A135-LYD 1 , A136-CYS 7 :      -0.00215305 at      1.362 Ang (1.444 Ang by residue) in 2.0956 (sec).
 3-Body A132-ASP 0 , A135-LYD 1 , A136-CYD 8 :      -0.00327618 at      1.362 Ang (1.444 Ang by residue) in 2.2242 (sec).
 3-Body A132-ASP 0 , A135-LYD 1 , A136-CYD 9 :      -0.00050205 at      1.362 Ang (1.444 Ang by residue) in 2.2414 (sec).
 3-Body A132-ASP 0 , A135-LYD 1 , A136-CYD 10:      -0.00629755 at      1.362 Ang (1.444 Ang by residue) in 2.2610 (sec).
 3-Body A132-ASP 0 , A135-LYD 7 , A136-CYS 0 :      -0.00029667 at      1.389 Ang (1.444 Ang by residue) in 2.0523 (sec).
 3-Body A132-ASP 0 , A135-LYD 7 , A136-CYD 1 :      -0.00276207 at      1.389 Ang (1.444 Ang by residue) in 2.1908 (sec).
 3-Body A132-ASP 0 , A135-LYD 7 , A136-CYS 2 :       0.00009587 at      1.389 Ang (1.444 Ang by residue) in 2.1219 (sec).
 3-Body A132-ASP 0 , A135-LYD 7 , A136-CYS 4 :      -0.00030846 at      1.389 Ang (1.444 Ang by residue) in 2.1854 (sec).
 3-Body A132-ASP 0 , A135-LYD 7 , A136-CYS 5 :       0.00009587 at      1.389 Ang (1.444 Ang by residue) in 1.9563 (sec).
 3-Body A132-ASP 0 , A135-LYD 7 , A136-CYS 7 :      -0.00030846 at      1.389 Ang (1.444 Ang by residue) in 2.0581 (sec).
 3-Body A132-ASP 0 , A135-LYD 7 , A136-CYD 8 :      -0.00141042 at      1.389 Ang (1.444 Ang by residue) in 2.1295 (sec).
 3-Body A132-ASP 0 , A135-LYD 7 , A136-CYD 9 :      -0.00002677 at      1.389 Ang (1.444 Ang by residue) in 2.1040 (sec).
 3-Body A132-ASP 0 , A135-LYD 7 , A136-CYD 10:      -0.00272301 at      1.389 Ang (1.444 Ang by residue) in 2.1688 (sec).
 3-Body A132-ASP 0 , A135-LYD 8 , A136-CYS 0 :      -0.00027962 at      1.389 Ang (1.444 Ang by residue) in 2.1516 (sec).
 3-Body A132-ASP 0 , A135-LYD 8 , A136-CYD 1 :      -0.00270661 at      1.389 Ang (1.444 Ang by residue) in 2.1837 (sec).
 3-Body A132-ASP 0 , A135-LYD 8 , A136-CYS 2 :       0.00010070 at      1.389 Ang (1.444 Ang by residue) in 2.0684 (sec).
 3-Body A132-ASP 0 , A135-LYD 8 , A136-CYS 4 :      -0.00029133 at      1.389 Ang (1.444 Ang by residue) in 2.0544 (sec).
 3-Body A132-ASP 0 , A135-LYD 8 , A136-CYS 5 :       0.00010070 at      1.389 Ang (1.444 Ang by residue) in 2.0534 (sec).
 3-Body A132-ASP 0 , A135-LYD 8 , A136-CYS 7 :      -0.00029133 at      1.389 Ang (1.444 Ang by residue) in 2.0929 (sec).
 3-Body A132-ASP 0 , A135-LYD 8 , A136-CYD 8 :      -0.00139400 at      1.389 Ang (1.444 Ang by residue) in 2.3367 (sec).
 3-Body A132-ASP 0 , A135-LYD 8 , A136-CYD 9 :      -0.00001705 at      1.389 Ang (1.444 Ang by residue) in 2.0704 (sec).
 3-Body A132-ASP 0 , A135-LYD 8 , A136-CYD 10:      -0.00266749 at      1.389 Ang (1.444 Ang by residue) in 2.0657 (sec).
 3-Body A132-ASP 0 , A135-LYD 9 , A136-CYS 0 :      -0.00027333 at      1.389 Ang (1.444 Ang by residue) in 1.9240 (sec).
 3-Body A132-ASP 0 , A135-LYD 9 , A136-CYD 1 :      -0.00269028 at      1.389 Ang (1.444 Ang by residue) in 2.1347 (sec).
 3-Body A132-ASP 0 , A135-LYD 9 , A136-CYS 2 :       0.00010647 at      1.389 Ang (1.444 Ang by residue) in 2.2440 (sec).
 3-Body A132-ASP 0 , A135-LYD 9 , A136-CYS 4 :      -0.00028538 at      1.389 Ang (1.444 Ang by residue) in 2.0328 (sec).
 3-Body A132-ASP 0 , A135-LYD 9 , A136-CYS 5 :       0.00010647 at      1.389 Ang (1.444 Ang by residue) in 2.0953 (sec).
 3-Body A132-ASP 0 , A135-LYD 9 , A136-CYS 7 :      -0.00028538 at      1.389 Ang (1.444 Ang by residue) in 2.0979 (sec).
 3-Body A132-ASP 0 , A135-LYD 9 , A136-CYD 8 :      -0.00137774 at      1.389 Ang (1.444 Ang by residue) in 2.1999 (sec).
 3-Body A132-ASP 0 , A135-LYD 9 , A136-CYD 9 :      -0.00000492 at      1.389 Ang (1.444 Ang by residue) in 2.2266 (sec).
 3-Body A132-ASP 0 , A135-LYD 9 , A136-CYD 10:      -0.00265134 at      1.389 Ang (1.444 Ang by residue) in 2.0476 (sec).
 3-Body A132-ASP 0 , A135-LYD 10, A136-CYS 0 :      -0.00085014 at      1.389 Ang (1.444 Ang by residue) in 2.1977 (sec).
 3-Body A132-ASP 0 , A135-LYD 10, A136-CYD 1 :      -0.00400660 at      1.389 Ang (1.444 Ang by residue) in 1.9537 (sec).
 3-Body A132-ASP 0 , A135-LYD 10, A136-CYS 2 :      -0.00022434 at      1.389 Ang (1.444 Ang by residue) in 1.9210 (sec).
 3-Body A132-ASP 0 , A135-LYD 10, A136-CYS 4 :      -0.00085277 at      1.389 Ang (1.444 Ang by residue) in 2.0599 (sec).
 3-Body A132-ASP 0 , A135-LYD 10, A136-CYS 5 :      -0.00022434 at      1.389 Ang (1.444 Ang by residue) in 2.1089 (sec).
 3-Body A132-ASP 0 , A135-LYD 10, A136-CYS 7 :      -0.00085277 at      1.389 Ang (1.444 Ang by residue) in 2.0428 (sec).
 3-Body A132-ASP 0 , A135-LYD 10, A136-CYD 8 :      -0.00218951 at      1.389 Ang (1.444 Ang by residue) in 1.9650 (sec).
 3-Body A132-ASP 0 , A135-LYD 10, A136-CYD 9 :      -0.00011456 at      1.389 Ang (1.444 Ang by residue) in 2.1810 (sec).
 3-Body A132-ASP 0 , A135-LYD 10, A136-CYD 10:      -0.00391908 at      1.389 Ang (1.444 Ang by residue) in 2.2625 (sec).
 3-Body A132-ASP 0 , A135-LYD 11, A136-CYS 0 :      -0.00073246 at      1.389 Ang (1.444 Ang by residue) in 1.9846 (sec).
 3-Body A132-ASP 0 , A135-LYD 11, A136-CYD 1 :      -0.00323036 at      1.389 Ang (1.444 Ang by residue) in 1.9909 (sec).
 3-Body A132-ASP 0 , A135-LYD 11, A136-CYS 2 :      -0.00020611 at      1.389 Ang (1.444 Ang by residue) in 2.0620 (sec).
 3-Body A132-ASP 0 , A135-LYD 11, A136-CYS 4 :      -0.00072434 at      1.389 Ang (1.444 Ang by residue) in 2.1649 (sec).
 3-Body A132-ASP 0 , A135-LYD 11, A136-CYS 5 :      -0.00020611 at      1.389 Ang (1.444 Ang by residue) in 2.3068 (sec).
 3-Body A132-ASP 0 , A135-LYD 11, A136-CYS 7 :      -0.00072434 at      1.389 Ang (1.444 Ang by residue) in 2.2167 (sec).
 3-Body A132-ASP 0 , A135-LYD 11, A136-CYD 8 :      -0.00201955 at      1.389 Ang (1.444 Ang by residue) in 2.2172 (sec).
 3-Body A132-ASP 0 , A135-LYD 11, A136-CYD 9 :       0.00004525 at      1.389 Ang (1.444 Ang by residue) in 2.3011 (sec).
 3-Body A132-ASP 0 , A135-LYD 11, A136-CYD 10:      -0.00312531 at      1.389 Ang (1.444 Ang by residue) in 2.3473 (sec).
 3-Body A132-ASP 0 , A135-LYD 12, A136-CYS 0 :      -0.00050767 at      1.389 Ang (1.444 Ang by residue) in 2.0039 (sec).
 3-Body A132-ASP 0 , A135-LYD 12, A136-CYD 1 :      -0.00320401 at      1.389 Ang (1.444 Ang by residue) in 2.1773 (sec).
 3-Body A132-ASP 0 , A135-LYD 12, A136-CYS 2 :      -0.00005047 at      1.389 Ang (1.444 Ang by residue) in 2.0312 (sec).
 3-Body A132-ASP 0 , A135-LYD 12, A136-CYS 4 :      -0.00051959 at      1.389 Ang (1.444 Ang by residue) in 2.0489 (sec).
 3-Body A132-ASP 0 , A135-LYD 12, A136-CYS 5 :      -0.00005047 at      1.389 Ang (1.444 Ang by residue) in 2.0247 (sec).
 3-Body A132-ASP 0 , A135-LYD 12, A136-CYS 7 :      -0.00051959 at      1.389 Ang (1.444 Ang by residue) in 2.0425 (sec).
 3-Body A132-ASP 0 , A135-LYD 12, A136-CYD 8 :      -0.00165157 at      1.389 Ang (1.444 Ang by residue) in 2.2036 (sec).
 3-Body A132-ASP 0 , A135-LYD 12, A136-CYD 9 :      -0.00006353 at      1.389 Ang (1.444 Ang by residue) in 2.2321 (sec).
 3-Body A132-ASP 0 , A135-LYD 12, A136-CYD 10:      -0.00315327 at      1.389 Ang (1.444 Ang by residue) in 2.1887 (sec).
 3-Body A132-ASP 0 , A135-LYD 13, A136-CYS 0 :      -0.00051562 at      1.389 Ang (1.444 Ang by residue) in 2.1693 (sec).
 3-Body A132-ASP 0 , A135-LYD 13, A136-CYD 1 :      -0.00320999 at      1.389 Ang (1.444 Ang by residue) in 2.2718 (sec).
 3-Body A132-ASP 0 , A135-LYD 13, A136-CYS 2 :      -0.00004771 at      1.389 Ang (1.444 Ang by residue) in 2.0674 (sec).
 3-Body A132-ASP 0 , A135-LYD 13, A136-CYS 4 :      -0.00052834 at      1.389 Ang (1.444 Ang by residue) in 2.1319 (sec).
 3-Body A132-ASP 0 , A135-LYD 13, A136-CYS 5 :      -0.00004771 at      1.389 Ang (1.444 Ang by residue) in 2.1617 (sec).
 3-Body A132-ASP 0 , A135-LYD 13, A136-CYS 7 :      -0.00052834 at      1.389 Ang (1.444 Ang by residue) in 2.1477 (sec).
 3-Body A132-ASP 0 , A135-LYD 13, A136-CYD 8 :      -0.00163174 at      1.389 Ang (1.444 Ang by residue) in 2.1561 (sec).
 3-Body A132-ASP 0 , A135-LYD 13, A136-CYD 9 :      -0.00005234 at      1.389 Ang (1.444 Ang by residue) in 2.0019 (sec).
 3-Body A132-ASP 0 , A135-LYD 13, A136-CYD 10:      -0.00316031 at      1.389 Ang (1.444 Ang by residue) in 2.1503 (sec).
 3-Body A132-ASP 0 , A135-LYD 14, A136-CYS 0 :      -0.00055601 at      1.389 Ang (1.444 Ang by residue) in 2.1051 (sec).
 3-Body A132-ASP 0 , A135-LYD 14, A136-CYD 1 :      -0.00336915 at      1.389 Ang (1.444 Ang by residue) in 1.9868 (sec).
 3-Body A132-ASP 0 , A135-LYD 14, A136-CYS 2 :      -0.00005358 at      1.389 Ang (1.444 Ang by residue) in 2.0790 (sec).
 3-Body A132-ASP 0 , A135-LYD 14, A136-CYS 4 :      -0.00057029 at      1.389 Ang (1.444 Ang by residue) in 2.0455 (sec).
 3-Body A132-ASP 0 , A135-LYD 14, A136-CYS 5 :      -0.00005358 at      1.389 Ang (1.444 Ang by residue) in 2.0976 (sec).
 3-Body A132-ASP 0 , A135-LYD 14, A136-CYS 7 :      -0.00057029 at      1.389 Ang (1.444 Ang by residue) in 2.0012 (sec).
 3-Body A132-ASP 0 , A135-LYD 14, A136-CYD 8 :      -0.00167127 at      1.389 Ang (1.444 Ang by residue) in 2.2097 (sec).
 3-Body A132-ASP 0 , A135-LYD 14, A136-CYD 9 :      -0.00007844 at      1.389 Ang (1.444 Ang by residue) in 2.2383 (sec).
 3-Body A132-ASP 0 , A135-LYD 14, A136-CYD 10:      -0.00332097 at      1.389 Ang (1.444 Ang by residue) in 2.2186 (sec).
 3-Body A132-ASP 0 , A135-LYD 15, A136-CYS 0 :      -0.00070215 at      1.389 Ang (1.444 Ang by residue) in 1.9673 (sec).
 3-Body A132-ASP 0 , A135-LYD 15, A136-CYD 1 :      -0.00368227 at      1.389 Ang (1.444 Ang by residue) in 2.0865 (sec).
 3-Body A132-ASP 0 , A135-LYD 15, A136-CYS 2 :      -0.00012558 at      1.389 Ang (1.444 Ang by residue) in 2.0393 (sec).
 3-Body A132-ASP 0 , A135-LYD 15, A136-CYS 4 :      -0.00071677 at      1.389 Ang (1.444 Ang by residue) in 2.0230 (sec).
 3-Body A132-ASP 0 , A135-LYD 15, A136-CYS 5 :      -0.00012558 at      1.389 Ang (1.444 Ang by residue) in 2.1222 (sec).
 3-Body A132-ASP 0 , A135-LYD 15, A136-CYS 7 :      -0.00071677 at      1.389 Ang (1.444 Ang by residue) in 2.0499 (sec).
 3-Body A132-ASP 0 , A135-LYD 15, A136-CYD 8 :      -0.00176173 at      1.389 Ang (1.444 Ang by residue) in 2.1903 (sec).
 3-Body A132-ASP 0 , A135-LYD 15, A136-CYD 9 :      -0.00010543 at      1.389 Ang (1.444 Ang by residue) in 2.2505 (sec).
 3-Body A132-ASP 0 , A135-LYD 15, A136-CYD 10:      -0.00362787 at      1.389 Ang (1.444 Ang by residue) in 2.2662 (sec).
 3-Body A132-ASP 0 , A135-LYD 16, A136-CYS 0 :      -0.00061144 at      1.389 Ang (1.444 Ang by residue) in 2.0356 (sec).
 3-Body A132-ASP 0 , A135-LYD 16, A136-CYD 1 :      -0.00350559 at      1.389 Ang (1.444 Ang by residue) in 2.1256 (sec).
 3-Body A132-ASP 0 , A135-LYD 16, A136-CYS 2 :      -0.00008782 at      1.389 Ang (1.444 Ang by residue) in 1.8815 (sec).
 3-Body A132-ASP 0 , A135-LYD 16, A136-CYS 4 :      -0.00062506 at      1.389 Ang (1.444 Ang by residue) in 2.0616 (sec).
 3-Body A132-ASP 0 , A135-LYD 16, A136-CYS 5 :      -0.00008782 at      1.389 Ang (1.444 Ang by residue) in 1.9914 (sec).
 3-Body A132-ASP 0 , A135-LYD 16, A136-CYS 7 :      -0.00062506 at      1.389 Ang (1.444 Ang by residue) in 2.0499 (sec).
 3-Body A132-ASP 0 , A135-LYD 16, A136-CYD 8 :      -0.00175646 at      1.389 Ang (1.444 Ang by residue) in 2.1690 (sec).
 3-Body A132-ASP 0 , A135-LYD 16, A136-CYD 9 :      -0.00007848 at      1.389 Ang (1.444 Ang by residue) in 2.3999 (sec).
 3-Body A132-ASP 0 , A135-LYD 16, A136-CYD 10:      -0.00344965 at      1.389 Ang (1.444 Ang by residue) in 2.1749 (sec).
 3-Body A132-ASP 0 , A135-LYD 19, A136-CYS 0 :      -0.00207096 at      1.365 Ang (1.444 Ang by residue) in 1.8999 (sec).
 3-Body A132-ASP 0 , A135-LYD 19, A136-CYD 1 :      -0.00618501 at      1.365 Ang (1.444 Ang by residue) in 2.1033 (sec).
 3-Body A132-ASP 0 , A135-LYD 19, A136-CYS 2 :      -0.00112779 at      1.365 Ang (1.444 Ang by residue) in 2.0251 (sec).
 3-Body A132-ASP 0 , A135-LYD 19, A136-CYS 4 :      -0.00207104 at      1.365 Ang (1.444 Ang by residue) in 2.1994 (sec).
 3-Body A132-ASP 0 , A135-LYD 19, A136-CYS 5 :      -0.00112779 at      1.365 Ang (1.444 Ang by residue) in 2.1082 (sec).
 3-Body A132-ASP 0 , A135-LYD 19, A136-CYS 7 :      -0.00207104 at      1.365 Ang (1.444 Ang by residue) in 2.0198 (sec).
 3-Body A132-ASP 0 , A135-LYD 19, A136-CYD 8 :      -0.00335427 at      1.365 Ang (1.444 Ang by residue) in 2.0990 (sec).
 3-Body A132-ASP 0 , A135-LYD 19, A136-CYD 9 :      -0.00041583 at      1.365 Ang (1.444 Ang by residue) in 2.0851 (sec).
 3-Body A132-ASP 0 , A135-LYD 19, A136-CYD 10:      -0.00604519 at      1.365 Ang (1.444 Ang by residue) in 2.1040 (sec).
 3-Body A132-ASP 0 , A135-LYD 20, A136-CYS 0 :      -0.00249043 at      1.362 Ang (1.444 Ang by residue) in 2.1440 (sec).
 3-Body A132-ASP 0 , A135-LYD 20, A136-CYD 1 :      -0.00783430 at      1.362 Ang (1.444 Ang by residue) in 2.0909 (sec).
 3-Body A132-ASP 0 , A135-LYD 20, A136-CYS 2 :      -0.00129848 at      1.362 Ang (1.444 Ang by residue) in 2.1595 (sec).
 3-Body A132-ASP 0 , A135-LYD 20, A136-CYS 4 :      -0.00248566 at      1.362 Ang (1.444 Ang by residue) in 2.1720 (sec).
 3-Body A132-ASP 0 , A135-LYD 20, A136-CYS 5 :      -0.00129848 at      1.362 Ang (1.444 Ang by residue) in 2.0750 (sec).
 3-Body A132-ASP 0 , A135-LYD 20, A136-CYS 7 :      -0.00248566 at      1.362 Ang (1.444 Ang by residue) in 1.9902 (sec).
 3-Body A132-ASP 0 , A135-LYD 20, A136-CYD 8 :      -0.00410150 at      1.362 Ang (1.444 Ang by residue) in 2.0686 (sec).
 3-Body A132-ASP 0 , A135-LYD 20, A136-CYD 9 :      -0.00083197 at      1.362 Ang (1.444 Ang by residue) in 2.2660 (sec).
 3-Body A132-ASP 0 , A135-LYD 20, A136-CYD 10:      -0.00766715 at      1.362 Ang (1.444 Ang by residue) in 2.3086 (sec).
 3-Body A132-ASP 0 , A135-LYD 21, A136-CYS 0 :      -0.00214945 at      1.362 Ang (1.444 Ang by residue) in 1.9323 (sec).
 3-Body A132-ASP 0 , A135-LYD 21, A136-CYD 1 :      -0.00642740 at      1.362 Ang (1.444 Ang by residue) in 2.0898 (sec).
 3-Body A132-ASP 0 , A135-LYD 21, A136-CYS 2 :      -0.00115509 at      1.362 Ang (1.444 Ang by residue) in 1.9350 (sec).
 3-Body A132-ASP 0 , A135-LYD 21, A136-CYS 4 :      -0.00215301 at      1.362 Ang (1.444 Ang by residue) in 2.0164 (sec).
 3-Body A132-ASP 0 , A135-LYD 21, A136-CYS 5 :      -0.00115509 at      1.362 Ang (1.444 Ang by residue) in 2.0089 (sec).
 3-Body A132-ASP 0 , A135-LYD 21, A136-CYS 7 :      -0.00215301 at      1.362 Ang (1.444 Ang by residue) in 1.9235 (sec).
 3-Body A132-ASP 0 , A135-LYD 21, A136-CYD 8 :      -0.00327664 at      1.362 Ang (1.444 Ang by residue) in 2.0282 (sec).
 3-Body A132-ASP 0 , A135-LYD 21, A136-CYD 9 :      -0.00050228 at      1.362 Ang (1.444 Ang by residue) in 2.1764 (sec).
 3-Body A132-ASP 0 , A135-LYD 21, A136-CYD 10:      -0.00629779 at      1.362 Ang (1.444 Ang by residue) in 2.1667 (sec).
 3-Body A132-ASP 0 , A135-LYD 22, A136-CYS 0 :      -0.00207029 at      1.362 Ang (1.444 Ang by residue) in 2.1448 (sec).
 3-Body A132-ASP 0 , A135-LYD 22, A136-CYD 1 :      -0.00644204 at      1.362 Ang (1.444 Ang by residue) in 1.9862 (sec).
 3-Body A132-ASP 0 , A135-LYD 22, A136-CYS 2 :      -0.00111112 at      1.362 Ang (1.444 Ang by residue) in 1.9708 (sec).
 3-Body A132-ASP 0 , A135-LYD 22, A136-CYS 4 :      -0.00206980 at      1.362 Ang (1.444 Ang by residue) in 2.1560 (sec).
 3-Body A132-ASP 0 , A135-LYD 22, A136-CYS 5 :      -0.00111112 at      1.362 Ang (1.444 Ang by residue) in 2.1307 (sec).
 3-Body A132-ASP 0 , A135-LYD 22, A136-CYS 7 :      -0.00206980 at      1.362 Ang (1.444 Ang by residue) in 2.1939 (sec).
 3-Body A132-ASP 0 , A135-LYD 22, A136-CYD 8 :      -0.00343957 at      1.362 Ang (1.444 Ang by residue) in 2.2438 (sec).
 3-Body A132-ASP 0 , A135-LYD 22, A136-CYD 9 :      -0.00054079 at      1.362 Ang (1.444 Ang by residue) in 2.1740 (sec).
 3-Body A132-ASP 0 , A135-LYD 22, A136-CYD 10:      -0.00630191 at      1.362 Ang (1.444 Ang by residue) in 2.2247 (sec).
 3-Body A132-ASP 0 , A135-LYD 25, A136-CYS 0 :      -0.00097938 at      1.388 Ang (1.444 Ang by residue) in 2.0591 (sec).
 3-Body A132-ASP 0 , A135-LYD 25, A136-CYD 1 :      -0.00394651 at      1.388 Ang (1.444 Ang by residue) in 2.2578 (sec).
 3-Body A132-ASP 0 , A135-LYD 25, A136-CYS 2 :      -0.00052023 at      1.388 Ang (1.444 Ang by residue) in 2.0304 (sec).
 3-Body A132-ASP 0 , A135-LYD 25, A136-CYS 4 :      -0.00098261 at      1.388 Ang (1.444 Ang by residue) in 2.1504 (sec).
 3-Body A132-ASP 0 , A135-LYD 25, A136-CYS 5 :      -0.00052023 at      1.388 Ang (1.444 Ang by residue) in 2.1357 (sec).
 3-Body A132-ASP 0 , A135-LYD 25, A136-CYS 7 :      -0.00098261 at      1.388 Ang (1.444 Ang by residue) in 2.1735 (sec).
 3-Body A132-ASP 0 , A135-LYD 25, A136-CYD 8 :      -0.00249449 at      1.388 Ang (1.444 Ang by residue) in 2.3262 (sec).
 3-Body A132-ASP 0 , A135-LYD 25, A136-CYD 9 :      -0.00032333 at      1.388 Ang (1.444 Ang by residue) in 2.2911 (sec).
 3-Body A132-ASP 0 , A135-LYD 25, A136-CYD 10:      -0.00386911 at      1.388 Ang (1.444 Ang by residue) in 2.2952 (sec).
 3-Body A132-ASP 0 , A135-LYD 26, A136-CYS 0 :      -0.00093141 at      1.388 Ang (1.444 Ang by residue) in 2.1033 (sec).
 3-Body A132-ASP 0 , A135-LYD 26, A136-CYD 1 :      -0.00391651 at      1.388 Ang (1.444 Ang by residue) in 2.1389 (sec).
 3-Body A132-ASP 0 , A135-LYD 26, A136-CYS 2 :      -0.00048256 at      1.388 Ang (1.444 Ang by residue) in 2.1520 (sec).
 3-Body A132-ASP 0 , A135-LYD 26, A136-CYS 4 :      -0.00093447 at      1.388 Ang (1.444 Ang by residue) in 2.0497 (sec).
 3-Body A132-ASP 0 , A135-LYD 26, A136-CYS 5 :      -0.00048256 at      1.388 Ang (1.444 Ang by residue) in 2.0080 (sec).
 3-Body A132-ASP 0 , A135-LYD 26, A136-CYS 7 :      -0.00093447 at      1.388 Ang (1.444 Ang by residue) in 2.1308 (sec).
 3-Body A132-ASP 0 , A135-LYD 26, A136-CYD 8 :      -0.00248482 at      1.388 Ang (1.444 Ang by residue) in 2.1857 (sec).
 3-Body A132-ASP 0 , A135-LYD 26, A136-CYD 9 :      -0.00031885 at      1.388 Ang (1.444 Ang by residue) in 2.1505 (sec).
 3-Body A132-ASP 0 , A135-LYD 26, A136-CYD 10:      -0.00383873 at      1.388 Ang (1.444 Ang by residue) in 2.1884 (sec).
 3-Body A132-ASP 0 , A135-LYD 27, A136-CYS 0 :      -0.00093701 at      1.388 Ang (1.444 Ang by residue) in 1.9889 (sec).
 3-Body A132-ASP 0 , A135-LYD 27, A136-CYD 1 :      -0.00399811 at      1.388 Ang (1.444 Ang by residue) in 2.1589 (sec).
 3-Body A132-ASP 0 , A135-LYD 27, A136-CYS 2 :      -0.00047002 at      1.388 Ang (1.444 Ang by residue) in 2.0669 (sec).
 3-Body A132-ASP 0 , A135-LYD 27, A136-CYS 4 :      -0.00094044 at      1.388 Ang (1.444 Ang by residue) in 2.0203 (sec).
 3-Body A132-ASP 0 , A135-LYD 27, A136-CYS 5 :      -0.00047002 at      1.388 Ang (1.444 Ang by residue) in 2.1635 (sec).
 3-Body A132-ASP 0 , A135-LYD 27, A136-CYS 7 :      -0.00094044 at      1.388 Ang (1.444 Ang by residue) in 1.9854 (sec).
 3-Body A132-ASP 0 , A135-LYD 27, A136-CYD 8 :      -0.00252386 at      1.388 Ang (1.444 Ang by residue) in 2.0551 (sec).
 3-Body A132-ASP 0 , A135-LYD 27, A136-CYD 9 :      -0.00031954 at      1.388 Ang (1.444 Ang by residue) in 2.1054 (sec).
 3-Body A132-ASP 0 , A135-LYD 27, A136-CYD 10:      -0.00391761 at      1.388 Ang (1.444 Ang by residue) in 2.1277 (sec).
 3-Body A132-ASP 0 , A135-LYD 28, A136-CYS 0 :      -0.00091545 at      1.388 Ang (1.444 Ang by residue) in 2.0227 (sec).
 3-Body A132-ASP 0 , A135-LYD 28, A136-CYD 1 :      -0.00385655 at      1.388 Ang (1.444 Ang by residue) in 2.0815 (sec).
 3-Body A132-ASP 0 , A135-LYD 28, A136-CYS 2 :      -0.00047671 at      1.388 Ang (1.444 Ang by residue) in 1.9971 (sec).
 3-Body A132-ASP 0 , A135-LYD 28, A136-CYS 4 :      -0.00091819 at      1.388 Ang (1.444 Ang by residue) in 1.9748 (sec).
 3-Body A132-ASP 0 , A135-LYD 28, A136-CYS 5 :      -0.00047671 at      1.388 Ang (1.444 Ang by residue) in 2.1831 (sec).
 3-Body A132-ASP 0 , A135-LYD 28, A136-CYS 7 :      -0.00091819 at      1.388 Ang (1.444 Ang by residue) in 1.9236 (sec).
 3-Body A132-ASP 0 , A135-LYD 28, A136-CYD 8 :      -0.00246155 at      1.388 Ang (1.444 Ang by residue) in 2.1053 (sec).
 3-Body A132-ASP 0 , A135-LYD 28, A136-CYD 9 :      -0.00030084 at      1.388 Ang (1.444 Ang by residue) in 2.0498 (sec).
 3-Body A132-ASP 0 , A135-LYD 28, A136-CYD 10:      -0.00377863 at      1.388 Ang (1.444 Ang by residue) in 2.0969 (sec).
 3-Body A132-ASP 0 , A135-LYS 30, A136-CYS 0 :      -0.00073180 at      1.360 Ang (1.444 Ang by residue) in 2.0066 (sec).
 3-Body A132-ASP 0 , A135-LYS 30, A136-CYD 1 :      -0.00338964 at      1.360 Ang (1.444 Ang by residue) in 2.1927 (sec).
 3-Body A132-ASP 0 , A135-LYS 30, A136-CYS 2 :      -0.00021799 at      1.360 Ang (1.444 Ang by residue) in 2.1807 (sec).
 3-Body A132-ASP 0 , A135-LYS 30, A136-CYS 4 :      -0.00072409 at      1.360 Ang (1.444 Ang by residue) in 2.1451 (sec).
 3-Body A132-ASP 0 , A135-LYS 30, A136-CYS 5 :      -0.00021799 at      1.360 Ang (1.444 Ang by residue) in 2.0202 (sec).
 3-Body A132-ASP 0 , A135-LYS 30, A136-CYS 7 :      -0.00072409 at      1.360 Ang (1.444 Ang by residue) in 2.1449 (sec).
 3-Body A132-ASP 0 , A135-LYS 30, A136-CYD 8 :      -0.00212810 at      1.360 Ang (1.444 Ang by residue) in 2.2586 (sec).
 3-Body A132-ASP 0 , A135-LYS 30, A136-CYD 9 :      -0.00018810 at      1.360 Ang (1.444 Ang by residue) in 2.2715 (sec).
 3-Body A132-ASP 0 , A135-LYS 30, A136-CYD 10:      -0.00329032 at      1.360 Ang (1.444 Ang by residue) in 2.3376 (sec).
 3-Body A132-ASP 0 , A135-LYS 34, A136-CYS 0 :      -0.00000780 at      1.389 Ang (1.444 Ang by residue) in 2.2331 (sec).
 3-Body A132-ASP 0 , A135-LYS 34, A136-CYD 1 :      -0.00252993 at      1.389 Ang (1.444 Ang by residue) in 2.1903 (sec).
 3-Body A132-ASP 0 , A135-LYS 34, A136-CYS 2 :       0.00034574 at      1.389 Ang (1.444 Ang by residue) in 2.0573 (sec).
 3-Body A132-ASP 0 , A135-LYS 34, A136-CYS 4 :      -0.00002177 at      1.389 Ang (1.444 Ang by residue) in 2.2062 (sec).
 3-Body A132-ASP 0 , A135-LYS 34, A136-CYS 5 :       0.00034574 at      1.389 Ang (1.444 Ang by residue) in 2.1336 (sec).
 3-Body A132-ASP 0 , A135-LYS 34, A136-CYS 7 :      -0.00002177 at      1.389 Ang (1.444 Ang by residue) in 2.1800 (sec).
 3-Body A132-ASP 0 , A135-LYS 34, A136-CYD 8 :      -0.00125253 at      1.389 Ang (1.444 Ang by residue) in 2.1385 (sec).
 3-Body A132-ASP 0 , A135-LYS 34, A136-CYD 9 :       0.00011339 at      1.389 Ang (1.444 Ang by residue) in 2.0976 (sec).
 3-Body A132-ASP 0 , A135-LYS 34, A136-CYD 10:      -0.00249983 at      1.389 Ang (1.444 Ang by residue) in 2.2179 (sec).
 3-Body A132-ASP 0 , A135-LYS 35, A136-CYS 0 :      -0.00009628 at      1.389 Ang (1.444 Ang by residue) in 1.9483 (sec).
 3-Body A132-ASP 0 , A135-LYS 35, A136-CYD 1 :      -0.00265100 at      1.389 Ang (1.444 Ang by residue) in 2.2034 (sec).
 3-Body A132-ASP 0 , A135-LYS 35, A136-CYS 2 :       0.00027208 at      1.389 Ang (1.444 Ang by residue) in 2.1719 (sec).
 3-Body A132-ASP 0 , A135-LYS 35, A136-CYS 4 :      -0.00010957 at      1.389 Ang (1.444 Ang by residue) in 2.1712 (sec).
 3-Body A132-ASP 0 , A135-LYS 35, A136-CYS 5 :       0.00027208 at      1.389 Ang (1.444 Ang by residue) in 2.1948 (sec).
 3-Body A132-ASP 0 , A135-LYS 35, A136-CYS 7 :      -0.00010957 at      1.389 Ang (1.444 Ang by residue) in 2.1184 (sec).
 3-Body A132-ASP 0 , A135-LYS 35, A136-CYD 8 :      -0.00134312 at      1.389 Ang (1.444 Ang by residue) in 2.2410 (sec).
 3-Body A132-ASP 0 , A135-LYS 35, A136-CYD 9 :       0.00004456 at      1.389 Ang (1.444 Ang by residue) in 2.1504 (sec).
 3-Body A132-ASP 0 , A135-LYS 35, A136-CYD 10:      -0.00261885 at      1.389 Ang (1.444 Ang by residue) in 2.1274 (sec).
 3-Body A132-ASP 0 , A135-LYS 36, A136-CYS 0 :      -0.00005810 at      1.389 Ang (1.444 Ang by residue) in 2.1338 (sec).
 3-Body A132-ASP 0 , A135-LYS 36, A136-CYD 1 :      -0.00258133 at      1.389 Ang (1.444 Ang by residue) in 2.1925 (sec).
 3-Body A132-ASP 0 , A135-LYS 36, A136-CYS 2 :       0.00029405 at      1.389 Ang (1.444 Ang by residue) in 2.0084 (sec).
 3-Body A132-ASP 0 , A135-LYS 36, A136-CYS 4 :      -0.00007085 at      1.389 Ang (1.444 Ang by residue) in 2.0468 (sec).
 3-Body A132-ASP 0 , A135-LYS 36, A136-CYS 5 :       0.00029405 at      1.389 Ang (1.444 Ang by residue) in 2.2129 (sec).
 3-Body A132-ASP 0 , A135-LYS 36, A136-CYS 7 :      -0.00007085 at      1.389 Ang (1.444 Ang by residue) in 2.0581 (sec).
 3-Body A132-ASP 0 , A135-LYS 36, A136-CYD 8 :      -0.00134064 at      1.389 Ang (1.444 Ang by residue) in 2.2702 (sec).
 3-Body A132-ASP 0 , A135-LYS 36, A136-CYD 9 :       0.00007268 at      1.389 Ang (1.444 Ang by residue) in 2.2936 (sec).
 3-Body A132-ASP 0 , A135-LYS 36, A136-CYD 10:      -0.00254751 at      1.389 Ang (1.444 Ang by residue) in 2.3708 (sec).
 3-Body A132-ASP 0 , A135-LYS 37, A136-CYS 0 :       0.00037082 at      1.389 Ang (1.444 Ang by residue) in 2.1315 (sec).
 3-Body A132-ASP 0 , A135-LYS 37, A136-CYD 1 :      -0.00384515 at      1.389 Ang (1.444 Ang by residue) in 2.1007 (sec).
 3-Body A132-ASP 0 , A135-LYS 37, A136-CYS 2 :       0.00055634 at      1.389 Ang (1.444 Ang by residue) in 2.0296 (sec).
 3-Body A132-ASP 0 , A135-LYS 37, A136-CYS 4 :       0.00040101 at      1.389 Ang (1.444 Ang by residue) in 2.0046 (sec).
 3-Body A132-ASP 0 , A135-LYS 37, A136-CYS 5 :       0.00055634 at      1.389 Ang (1.444 Ang by residue) in 2.1004 (sec).
 3-Body A132-ASP 0 , A135-LYS 37, A136-CYS 7 :       0.00040101 at      1.389 Ang (1.444 Ang by residue) in 2.2901 (sec).
 3-Body A132-ASP 0 , A135-LYS 37, A136-CYD 8 :      -0.00139822 at      1.389 Ang (1.444 Ang by residue) in 2.1658 (sec).
 3-Body A132-ASP 0 , A135-LYS 37, A136-CYD 9 :       0.00046260 at      1.389 Ang (1.444 Ang by residue) in 2.1266 (sec).
 3-Body A132-ASP 0 , A135-LYS 37, A136-CYD 10:      -0.00377732 at      1.389 Ang (1.444 Ang by residue) in 2.0765 (sec).
 3-Body A132-ASP 0 , A135-LYS 38, A136-CYS 0 :       0.00006750 at      1.389 Ang (1.444 Ang by residue) in 2.1083 (sec).
 3-Body A132-ASP 0 , A135-LYS 38, A136-CYD 1 :      -0.00220721 at      1.389 Ang (1.444 Ang by residue) in 2.2766 (sec).
 3-Body A132-ASP 0 , A135-LYS 38, A136-CYS 2 :       0.00025232 at      1.389 Ang (1.444 Ang by residue) in 1.9695 (sec).
 3-Body A132-ASP 0 , A135-LYS 38, A136-CYS 4 :       0.00006219 at      1.389 Ang (1.444 Ang by residue) in 2.0731 (sec).
 3-Body A132-ASP 0 , A135-LYS 38, A136-CYS 5 :       0.00025232 at      1.389 Ang (1.444 Ang by residue) in 1.9984 (sec).
 3-Body A132-ASP 0 , A135-LYS 38, A136-CYS 7 :       0.00006219 at      1.389 Ang (1.444 Ang by residue) in 2.0706 (sec).
 3-Body A132-ASP 0 , A135-LYS 38, A136-CYD 8 :      -0.00186341 at      1.389 Ang (1.444 Ang by residue) in 2.2494 (sec).
 3-Body A132-ASP 0 , A135-LYS 38, A136-CYD 9 :       0.00044335 at      1.389 Ang (1.444 Ang by residue) in 2.2823 (sec).
 3-Body A132-ASP 0 , A135-LYS 38, A136-CYD 10:      -0.00210198 at      1.389 Ang (1.444 Ang by residue) in 2.2290 (sec).
 3-Body A132-ASP 0 , A135-LYS 39, A136-CYS 0 :      -0.00024427 at      1.389 Ang (1.444 Ang by residue) in 2.0112 (sec).
 3-Body A132-ASP 0 , A135-LYS 39, A136-CYD 1 :      -0.00314085 at      1.389 Ang (1.444 Ang by residue) in 2.3279 (sec).
 3-Body A132-ASP 0 , A135-LYS 39, A136-CYS 2 :       0.00019435 at      1.389 Ang (1.444 Ang by residue) in 2.2610 (sec).
 3-Body A132-ASP 0 , A135-LYS 39, A136-CYS 4 :      -0.00026021 at      1.389 Ang (1.444 Ang by residue) in 2.2648 (sec).
 3-Body A132-ASP 0 , A135-LYS 39, A136-CYS 5 :       0.00019435 at      1.389 Ang (1.444 Ang by residue) in 2.1813 (sec).
 3-Body A132-ASP 0 , A135-LYS 39, A136-CYS 7 :      -0.00026021 at      1.389 Ang (1.444 Ang by residue) in 2.2422 (sec).
 3-Body A132-ASP 0 , A135-LYS 39, A136-CYD 8 :      -0.00156515 at      1.389 Ang (1.444 Ang by residue) in 2.2804 (sec).
 3-Body A132-ASP 0 , A135-LYS 39, A136-CYD 9 :       0.00003718 at      1.389 Ang (1.444 Ang by residue) in 2.1289 (sec).
 3-Body A132-ASP 0 , A135-LYS 39, A136-CYD 10:      -0.00310444 at      1.389 Ang (1.444 Ang by residue) in 2.3269 (sec).
 3-Body A132-ASP 0 , A135-LYS 40, A136-CYS 0 :      -0.00023633 at      1.389 Ang (1.444 Ang by residue) in 2.2710 (sec).
 3-Body A132-ASP 0 , A135-LYS 40, A136-CYD 1 :      -0.00312575 at      1.389 Ang (1.444 Ang by residue) in 2.3214 (sec).
 3-Body A132-ASP 0 , A135-LYS 40, A136-CYS 2 :       0.00018205 at      1.389 Ang (1.444 Ang by residue) in 2.2783 (sec).
 3-Body A132-ASP 0 , A135-LYS 40, A136-CYS 4 :      -0.00025062 at      1.389 Ang (1.444 Ang by residue) in 2.2566 (sec).
 3-Body A132-ASP 0 , A135-LYS 40, A136-CYS 5 :       0.00018205 at      1.389 Ang (1.444 Ang by residue) in 2.0568 (sec).
 3-Body A132-ASP 0 , A135-LYS 40, A136-CYS 7 :      -0.00025062 at      1.389 Ang (1.444 Ang by residue) in 1.9695 (sec).
 3-Body A132-ASP 0 , A135-LYS 40, A136-CYD 8 :      -0.00162757 at      1.389 Ang (1.444 Ang by residue) in 1.9393 (sec).
 3-Body A132-ASP 0 , A135-LYS 40, A136-CYD 9 :       0.00004315 at      1.389 Ang (1.444 Ang by residue) in 2.1587 (sec).
 3-Body A132-ASP 0 , A135-LYS 40, A136-CYD 10:      -0.00308594 at      1.389 Ang (1.444 Ang by residue) in 2.2046 (sec).
 3-Body A132-ASP 0 , A135-LYS 41, A136-CYS 0 :      -0.00018752 at      1.389 Ang (1.444 Ang by residue) in 1.8650 (sec).
 3-Body A132-ASP 0 , A135-LYS 41, A136-CYD 1 :      -0.00302064 at      1.389 Ang (1.444 Ang by residue) in 1.9306 (sec).
 3-Body A132-ASP 0 , A135-LYS 41, A136-CYS 2 :       0.00023909 at      1.389 Ang (1.444 Ang by residue) in 2.0475 (sec).
 3-Body A132-ASP 0 , A135-LYS 41, A136-CYS 4 :      -0.00020294 at      1.389 Ang (1.444 Ang by residue) in 2.1903 (sec).
 3-Body A132-ASP 0 , A135-LYS 41, A136-CYS 5 :       0.00023909 at      1.389 Ang (1.444 Ang by residue) in 2.2912 (sec).
 3-Body A132-ASP 0 , A135-LYS 41, A136-CYS 7 :      -0.00020294 at      1.389 Ang (1.444 Ang by residue) in 2.1329 (sec).
 3-Body A132-ASP 0 , A135-LYS 41, A136-CYD 8 :      -0.00149414 at      1.389 Ang (1.444 Ang by residue) in 2.3188 (sec).
 3-Body A132-ASP 0 , A135-LYS 41, A136-CYD 9 :       0.00011233 at      1.389 Ang (1.444 Ang by residue) in 2.3665 (sec).
 3-Body A132-ASP 0 , A135-LYS 41, A136-CYD 10:      -0.00298795 at      1.389 Ang (1.444 Ang by residue) in 2.1448 (sec).
 3-Body A132-ASP 0 , A135-LYS 42, A136-CYS 0 :      -0.00037129 at      1.389 Ang (1.444 Ang by residue) in 2.1938 (sec).
 3-Body A132-ASP 0 , A135-LYS 42, A136-CYD 1 :      -0.00362949 at      1.389 Ang (1.444 Ang by residue) in 2.2639 (sec).
 3-Body A132-ASP 0 , A135-LYS 42, A136-CYS 2 :       0.00012593 at      1.389 Ang (1.444 Ang by residue) in 2.3057 (sec).
 3-Body A132-ASP 0 , A135-LYS 42, A136-CYS 4 :      -0.00038234 at      1.389 Ang (1.444 Ang by residue) in 2.2532 (sec).
 3-Body A132-ASP 0 , A135-LYS 42, A136-CYS 5 :       0.00012593 at      1.389 Ang (1.444 Ang by residue) in 2.2443 (sec).
 3-Body A132-ASP 0 , A135-LYS 42, A136-CYS 7 :      -0.00038234 at      1.389 Ang (1.444 Ang by residue) in 2.1349 (sec).
 3-Body A132-ASP 0 , A135-LYS 42, A136-CYD 8 :      -0.00201636 at      1.389 Ang (1.444 Ang by residue) in 2.2447 (sec).
 3-Body A132-ASP 0 , A135-LYS 42, A136-CYD 9 :      -0.00002060 at      1.389 Ang (1.444 Ang by residue) in 2.3220 (sec).
 3-Body A132-ASP 0 , A135-LYS 42, A136-CYD 10:      -0.00356088 at      1.389 Ang (1.444 Ang by residue) in 2.2759 (sec).
 3-Body A132-ASP 0 , A135-LYS 43, A136-CYS 0 :      -0.00030044 at      1.389 Ang (1.444 Ang by residue) in 2.2297 (sec).
 3-Body A132-ASP 0 , A135-LYS 43, A136-CYD 1 :      -0.00336803 at      1.389 Ang (1.444 Ang by residue) in 2.3026 (sec).
 3-Body A132-ASP 0 , A135-LYS 43, A136-CYS 2 :       0.00017897 at      1.389 Ang (1.444 Ang by residue) in 2.2192 (sec).
 3-Body A132-ASP 0 , A135-LYS 43, A136-CYS 4 :      -0.00031660 at      1.389 Ang (1.444 Ang by residue) in 2.2338 (sec).
 3-Body A132-ASP 0 , A135-LYS 43, A136-CYS 5 :       0.00017897 at      1.389 Ang (1.444 Ang by residue) in 2.2661 (sec).
 3-Body A132-ASP 0 , A135-LYS 43, A136-CYS 7 :      -0.00031660 at      1.389 Ang (1.444 Ang by residue) in 2.2845 (sec).
 3-Body A132-ASP 0 , A135-LYS 43, A136-CYD 8 :      -0.00171438 at      1.389 Ang (1.444 Ang by residue) in 2.0954 (sec).
 3-Body A132-ASP 0 , A135-LYS 43, A136-CYD 9 :       0.00002519 at      1.389 Ang (1.444 Ang by residue) in 2.1996 (sec).
 3-Body A132-ASP 0 , A135-LYS 43, A136-CYD 10:      -0.00331785 at      1.389 Ang (1.444 Ang by residue) in 2.1634 (sec).
 3-Body A132-ASP 0 , A135-LYS 44, A136-CYS 0 :      -0.00072988 at      1.364 Ang (1.444 Ang by residue) in 1.9558 (sec).
 3-Body A132-ASP 0 , A135-LYS 44, A136-CYD 1 :      -0.00361577 at      1.364 Ang (1.444 Ang by residue) in 2.1366 (sec).
 3-Body A132-ASP 0 , A135-LYS 44, A136-CYS 2 :      -0.00023009 at      1.364 Ang (1.444 Ang by residue) in 2.1575 (sec).
 3-Body A132-ASP 0 , A135-LYS 44, A136-CYS 4 :      -0.00072839 at      1.364 Ang (1.444 Ang by residue) in 2.0535 (sec).
 3-Body A132-ASP 0 , A135-LYS 44, A136-CYS 5 :      -0.00023009 at      1.364 Ang (1.444 Ang by residue) in 1.9808 (sec).
 3-Body A132-ASP 0 , A135-LYS 44, A136-CYS 7 :      -0.00072839 at      1.364 Ang (1.444 Ang by residue) in 2.1049 (sec).
 3-Body A132-ASP 0 , A135-LYS 44, A136-CYD 8 :      -0.00232772 at      1.364 Ang (1.444 Ang by residue) in 2.1739 (sec).
 3-Body A132-ASP 0 , A135-LYS 44, A136-CYD 9 :      -0.00022048 at      1.364 Ang (1.444 Ang by residue) in 2.2854 (sec).
 3-Body A132-ASP 0 , A135-LYS 44, A136-CYD 10:      -0.00352380 at      1.364 Ang (1.444 Ang by residue) in 2.0286 (sec).
 3-Body A132-ASP 0 , A135-LYS 46, A136-CYS 0 :      -0.00182081 at      1.365 Ang (1.444 Ang by residue) in 2.0535 (sec).
 3-Body A132-ASP 0 , A135-LYS 46, A136-CYD 1 :      -0.00627978 at      1.365 Ang (1.444 Ang by residue) in 1.9797 (sec).
 3-Body A132-ASP 0 , A135-LYS 46, A136-CYS 2 :      -0.00084201 at      1.365 Ang (1.444 Ang by residue) in 2.0441 (sec).
 3-Body A132-ASP 0 , A135-LYS 46, A136-CYS 4 :      -0.00181933 at      1.365 Ang (1.444 Ang by residue) in 2.0149 (sec).
 3-Body A132-ASP 0 , A135-LYS 46, A136-CYS 5 :      -0.00084201 at      1.365 Ang (1.444 Ang by residue) in 2.0101 (sec).
 3-Body A132-ASP 0 , A135-LYS 46, A136-CYS 7 :      -0.00181933 at      1.365 Ang (1.444 Ang by residue) in 1.9733 (sec).
 3-Body A132-ASP 0 , A135-LYS 46, A136-CYD 8 :      -0.00355630 at      1.365 Ang (1.444 Ang by residue) in 2.0696 (sec).
 3-Body A132-ASP 0 , A135-LYS 46, A136-CYD 9 :      -0.00034288 at      1.365 Ang (1.444 Ang by residue) in 1.9932 (sec).
 3-Body A132-ASP 0 , A135-LYS 46, A136-CYD 10:      -0.00612020 at      1.365 Ang (1.444 Ang by residue) in 2.1071 (sec).
 3-Body A132-ASP 0 , A135-LYS 47, A136-CYS 0 :      -0.00237303 at      1.362 Ang (1.444 Ang by residue) in 1.9952 (sec).
 3-Body A132-ASP 0 , A135-LYS 47, A136-CYD 1 :      -0.00897905 at      1.362 Ang (1.444 Ang by residue) in 2.1673 (sec).
 3-Body A132-ASP 0 , A135-LYS 47, A136-CYS 2 :      -0.00088935 at      1.362 Ang (1.444 Ang by residue) in 2.1559 (sec).
 3-Body A132-ASP 0 , A135-LYS 47, A136-CYS 4 :      -0.00236434 at      1.362 Ang (1.444 Ang by residue) in 2.2254 (sec).
 3-Body A132-ASP 0 , A135-LYS 47, A136-CYS 5 :      -0.00088935 at      1.362 Ang (1.444 Ang by residue) in 2.0179 (sec).
 3-Body A132-ASP 0 , A135-LYS 47, A136-CYS 7 :      -0.00236434 at      1.362 Ang (1.444 Ang by residue) in 2.1883 (sec).
 3-Body A132-ASP 0 , A135-LYS 47, A136-CYD 8 :      -0.00436063 at      1.362 Ang (1.444 Ang by residue) in 2.3599 (sec).
 3-Body A132-ASP 0 , A135-LYS 47, A136-CYD 9 :      -0.00090703 at      1.362 Ang (1.444 Ang by residue) in 2.1636 (sec).
 3-Body A132-ASP 0 , A135-LYS 47, A136-CYD 10:      -0.00876299 at      1.362 Ang (1.444 Ang by residue) in 2.2413 (sec).
 3-Body A132-ASP 0 , A135-LYS 48, A136-CYS 0 :      -0.00230175 at      1.362 Ang (1.444 Ang by residue) in 2.2161 (sec).
 3-Body A132-ASP 0 , A135-LYS 48, A136-CYD 1 :      -0.00847055 at      1.362 Ang (1.444 Ang by residue) in 2.3943 (sec).
 3-Body A132-ASP 0 , A135-LYS 48, A136-CYS 2 :      -0.00104703 at      1.362 Ang (1.444 Ang by residue) in 2.1342 (sec).
 3-Body A132-ASP 0 , A135-LYS 48, A136-CYS 4 :      -0.00228316 at      1.362 Ang (1.444 Ang by residue) in 2.1403 (sec).
 3-Body A132-ASP 0 , A135-LYS 48, A136-CYS 5 :      -0.00104703 at      1.362 Ang (1.444 Ang by residue) in 2.1279 (sec).
 3-Body A132-ASP 0 , A135-LYS 48, A136-CYS 7 :      -0.00228316 at      1.362 Ang (1.444 Ang by residue) in 2.1862 (sec).
 3-Body A132-ASP 0 , A135-LYS 48, A136-CYD 8 :      -0.00480003 at      1.362 Ang (1.444 Ang by residue) in 2.4277 (sec).
 3-Body A132-ASP 0 , A135-LYS 48, A136-CYD 9 :      -0.00104749 at      1.362 Ang (1.444 Ang by residue) in 2.1408 (sec).
 3-Body A132-ASP 0 , A135-LYS 48, A136-CYD 10:      -0.00825356 at      1.362 Ang (1.444 Ang by residue) in 2.2148 (sec).
 3-Body A132-ASP 0 , A135-LYS 49, A136-CYS 0 :      -0.00198644 at      1.362 Ang (1.444 Ang by residue) in 2.1191 (sec).
 3-Body A132-ASP 0 , A135-LYS 49, A136-CYD 1 :      -0.00672232 at      1.362 Ang (1.444 Ang by residue) in 2.2279 (sec).
 3-Body A132-ASP 0 , A135-LYS 49, A136-CYS 2 :      -0.00093914 at      1.362 Ang (1.444 Ang by residue) in 2.4768 (sec).
 3-Body A132-ASP 0 , A135-LYS 49, A136-CYS 4 :      -0.00198139 at      1.362 Ang (1.444 Ang by residue) in 2.2317 (sec).
 3-Body A132-ASP 0 , A135-LYS 49, A136-CYS 5 :      -0.00093914 at      1.362 Ang (1.444 Ang by residue) in 2.1180 (sec).
 3-Body A132-ASP 0 , A135-LYS 49, A136-CYS 7 :      -0.00198139 at      1.362 Ang (1.444 Ang by residue) in 2.0872 (sec).
 3-Body A132-ASP 0 , A135-LYS 49, A136-CYD 8 :      -0.00359532 at      1.362 Ang (1.444 Ang by residue) in 2.3272 (sec).
 3-Body A132-ASP 0 , A135-LYS 49, A136-CYD 9 :      -0.00052260 at      1.362 Ang (1.444 Ang by residue) in 2.3961 (sec).
 3-Body A132-ASP 0 , A135-LYS 49, A136-CYD 10:      -0.00655688 at      1.362 Ang (1.444 Ang by residue) in 2.2572 (sec).
 3-Body A132-ASP 0 , A135-LYS 52, A136-CYS 0 :      -0.00071933 at      1.388 Ang (1.444 Ang by residue) in 2.0176 (sec).
 3-Body A132-ASP 0 , A135-LYS 52, A136-CYD 1 :      -0.00383934 at      1.388 Ang (1.444 Ang by residue) in 2.0850 (sec).
 3-Body A132-ASP 0 , A135-LYS 52, A136-CYS 2 :      -0.00028457 at      1.388 Ang (1.444 Ang by residue) in 2.0554 (sec).
 3-Body A132-ASP 0 , A135-LYS 52, A136-CYS 4 :      -0.00071903 at      1.388 Ang (1.444 Ang by residue) in 2.2294 (sec).
 3-Body A132-ASP 0 , A135-LYS 52, A136-CYS 5 :      -0.00028457 at      1.388 Ang (1.444 Ang by residue) in 2.2371 (sec).
 3-Body A132-ASP 0 , A135-LYS 52, A136-CYS 7 :      -0.00071903 at      1.388 Ang (1.444 Ang by residue) in 2.1714 (sec).
 3-Body A132-ASP 0 , A135-LYS 52, A136-CYD 8 :      -0.00242653 at      1.388 Ang (1.444 Ang by residue) in 2.2090 (sec).
 3-Body A132-ASP 0 , A135-LYS 52, A136-CYD 9 :      -0.00020775 at      1.388 Ang (1.444 Ang by residue) in 2.2976 (sec).
 3-Body A132-ASP 0 , A135-LYS 52, A136-CYD 10:      -0.00374578 at      1.388 Ang (1.444 Ang by residue) in 2.1205 (sec).
 3-Body A132-ASP 0 , A135-LYS 53, A136-CYS 0 :      -0.00071683 at      1.388 Ang (1.444 Ang by residue) in 1.9250 (sec).
 3-Body A132-ASP 0 , A135-LYS 53, A136-CYD 1 :      -0.00360663 at      1.388 Ang (1.444 Ang by residue) in 2.1463 (sec).
 3-Body A132-ASP 0 , A135-LYS 53, A136-CYS 2 :      -0.00031276 at      1.388 Ang (1.444 Ang by residue) in 2.0178 (sec).
 3-Body A132-ASP 0 , A135-LYS 53, A136-CYS 4 :      -0.00071786 at      1.388 Ang (1.444 Ang by residue) in 1.9790 (sec).
 3-Body A132-ASP 0 , A135-LYS 53, A136-CYS 5 :      -0.00031276 at      1.388 Ang (1.444 Ang by residue) in 2.1620 (sec).
 3-Body A132-ASP 0 , A135-LYS 53, A136-CYS 7 :      -0.00071786 at      1.388 Ang (1.444 Ang by residue) in 2.0978 (sec).
 3-Body A132-ASP 0 , A135-LYS 53, A136-CYD 8 :      -0.00228871 at      1.388 Ang (1.444 Ang by residue) in 2.1981 (sec).
 3-Body A132-ASP 0 , A135-LYS 53, A136-CYD 9 :      -0.00017343 at      1.388 Ang (1.444 Ang by residue) in 2.1608 (sec).
 3-Body A132-ASP 0 , A135-LYS 53, A136-CYD 10:      -0.00352239 at      1.388 Ang (1.444 Ang by residue) in 2.2568 (sec).
 3-Body A132-ASP 0 , A135-LYS 54, A136-CYS 0 :      -0.00066910 at      1.388 Ang (1.444 Ang by residue) in 2.0779 (sec).
 3-Body A132-ASP 0 , A135-LYS 54, A136-CYD 1 :      -0.00371956 at      1.388 Ang (1.444 Ang by residue) in 2.2483 (sec).
 3-Body A132-ASP 0 , A135-LYS 54, A136-CYS 2 :      -0.00021669 at      1.388 Ang (1.444 Ang by residue) in 2.1240 (sec).
 3-Body A132-ASP 0 , A135-LYS 54, A136-CYS 4 :      -0.00067305 at      1.388 Ang (1.444 Ang by residue) in 2.0885 (sec).
 3-Body A132-ASP 0 , A135-LYS 54, A136-CYS 5 :      -0.00021669 at      1.388 Ang (1.444 Ang by residue) in 2.1374 (sec).
 3-Body A132-ASP 0 , A135-LYS 54, A136-CYS 7 :      -0.00067305 at      1.388 Ang (1.444 Ang by residue) in 2.0056 (sec).
 3-Body A132-ASP 0 , A135-LYS 54, A136-CYD 8 :      -0.00223631 at      1.388 Ang (1.444 Ang by residue) in 2.3236 (sec).
 3-Body A132-ASP 0 , A135-LYS 54, A136-CYD 9 :      -0.00015215 at      1.388 Ang (1.444 Ang by residue) in 2.3269 (sec).
 3-Body A132-ASP 0 , A135-LYS 54, A136-CYD 10:      -0.00363373 at      1.388 Ang (1.444 Ang by residue) in 2.3042 (sec).
 3-Body A132-ASP 0 , A135-LYS 55, A136-CYS 0 :      -0.00066516 at      1.388 Ang (1.444 Ang by residue) in 2.0729 (sec).
 3-Body A132-ASP 0 , A135-LYS 55, A136-CYD 1 :      -0.00344487 at      1.388 Ang (1.444 Ang by residue) in 2.0295 (sec).
 3-Body A132-ASP 0 , A135-LYS 55, A136-CYS 2 :      -0.00028851 at      1.388 Ang (1.444 Ang by residue) in 2.2105 (sec).
 3-Body A132-ASP 0 , A135-LYS 55, A136-CYS 4 :      -0.00066628 at      1.388 Ang (1.444 Ang by residue) in 2.0854 (sec).
 3-Body A132-ASP 0 , A135-LYS 55, A136-CYS 5 :      -0.00028851 at      1.388 Ang (1.444 Ang by residue) in 2.1676 (sec).
 3-Body A132-ASP 0 , A135-LYS 55, A136-CYS 7 :      -0.00066628 at      1.388 Ang (1.444 Ang by residue) in 2.1680 (sec).
 3-Body A132-ASP 0 , A135-LYS 55, A136-CYD 8 :      -0.00222665 at      1.388 Ang (1.444 Ang by residue) in 2.3213 (sec).
 3-Body A132-ASP 0 , A135-LYS 55, A136-CYD 9 :      -0.00012722 at      1.388 Ang (1.444 Ang by residue) in 2.2756 (sec).
 3-Body A132-ASP 0 , A135-LYS 55, A136-CYD 10:      -0.00336246 at      1.388 Ang (1.444 Ang by residue) in 2.1961 (sec).
 3-Body A132-ASP 24, A135-LYS 0 , A136-CYS 0 :      -0.00870462 at      1.362 Ang (1.444 Ang by residue) in 2.1537 (sec).
 3-Body A132-ASP 24, A135-LYS 0 , A136-CYD 1 :      -0.03230398 at      1.362 Ang (1.444 Ang by residue) in 2.0958 (sec).
 3-Body A132-ASP 24, A135-LYS 0 , A136-CYS 2 :      -0.00594305 at      1.362 Ang (1.444 Ang by residue) in 2.0832 (sec).
 3-Body A132-ASP 24, A135-LYS 0 , A136-CYS 4 :      -0.00875737 at      1.362 Ang (1.444 Ang by residue) in 2.0874 (sec).
 3-Body A132-ASP 24, A135-LYS 0 , A136-CYS 5 :      -0.00594305 at      1.362 Ang (1.444 Ang by residue) in 2.1373 (sec).
 3-Body A132-ASP 24, A135-LYS 0 , A136-CYS 7 :      -0.00875737 at      1.362 Ang (1.444 Ang by residue) in 2.2808 (sec).
 3-Body A132-ASP 24, A135-LYS 0 , A136-CYD 8 :      -0.01881889 at      1.362 Ang (1.444 Ang by residue) in 2.3925 (sec).
 3-Body A132-ASP 24, A135-LYS 0 , A136-CYD 9 :      -0.00632300 at      1.362 Ang (1.444 Ang by residue) in 2.3647 (sec).
 3-Body A132-ASP 24, A135-LYS 0 , A136-CYD 10:      -0.03186143 at      1.362 Ang (1.444 Ang by residue) in 2.3739 (sec).
 3-Body A132-ASP 24, A135-LYD 1 , A136-CYS 0 :      -0.00937598 at      1.362 Ang (1.444 Ang by residue) in 2.0709 (sec).
 3-Body A132-ASP 24, A135-LYD 1 , A136-CYD 1 :      -0.03110088 at      1.362 Ang (1.444 Ang by residue) in 2.0832 (sec).
 3-Body A132-ASP 24, A135-LYD 1 , A136-CYS 2 :      -0.00670221 at      1.362 Ang (1.444 Ang by residue) in 2.0286 (sec).
 3-Body A132-ASP 24, A135-LYD 1 , A136-CYS 4 :      -0.00941082 at      1.362 Ang (1.444 Ang by residue) in 1.9207 (sec).
 3-Body A132-ASP 24, A135-LYD 1 , A136-CYS 5 :      -0.00670221 at      1.362 Ang (1.444 Ang by residue) in 1.9956 (sec).
 3-Body A132-ASP 24, A135-LYD 1 , A136-CYS 7 :      -0.00941082 at      1.362 Ang (1.444 Ang by residue) in 1.9840 (sec).
 3-Body A132-ASP 24, A135-LYD 1 , A136-CYD 8 :      -0.01867250 at      1.362 Ang (1.444 Ang by residue) in 2.1910 (sec).
 3-Body A132-ASP 24, A135-LYD 1 , A136-CYD 9 :      -0.00654370 at      1.362 Ang (1.444 Ang by residue) in 2.2786 (sec).
 3-Body A132-ASP 24, A135-LYD 1 , A136-CYD 10:      -0.03073623 at      1.362 Ang (1.444 Ang by residue) in 2.2422 (sec).
 3-Body A132-ASP 24, A135-LYD 7 , A136-CYS 0 :      -0.00668199 at      1.389 Ang (1.444 Ang by residue) in 2.0518 (sec).
 3-Body A132-ASP 24, A135-LYD 7 , A136-CYD 1 :      -0.02492864 at      1.389 Ang (1.444 Ang by residue) in 2.1266 (sec).
 3-Body A132-ASP 24, A135-LYD 7 , A136-CYS 2 :      -0.00512466 at      1.389 Ang (1.444 Ang by residue) in 2.0669 (sec).
 3-Body A132-ASP 24, A135-LYD 7 , A136-CYS 4 :      -0.00675235 at      1.389 Ang (1.444 Ang by residue) in 2.1228 (sec).
 3-Body A132-ASP 24, A135-LYD 7 , A136-CYS 5 :      -0.00512466 at      1.389 Ang (1.444 Ang by residue) in 2.1509 (sec).
 3-Body A132-ASP 24, A135-LYD 7 , A136-CYS 7 :      -0.00675235 at      1.389 Ang (1.444 Ang by residue) in 2.0359 (sec).
 3-Body A132-ASP 24, A135-LYD 7 , A136-CYD 8 :      -0.01374356 at      1.389 Ang (1.444 Ang by residue) in 2.2168 (sec).
 3-Body A132-ASP 24, A135-LYD 7 , A136-CYD 9 :      -0.00558099 at      1.389 Ang (1.444 Ang by residue) in 2.1395 (sec).
 3-Body A132-ASP 24, A135-LYD 7 , A136-CYD 10:      -0.02484183 at      1.389 Ang (1.444 Ang by residue) in 2.0904 (sec).
 3-Body A132-ASP 24, A135-LYD 8 , A136-CYS 0 :      -0.00654439 at      1.389 Ang (1.444 Ang by residue) in 1.9720 (sec).
 3-Body A132-ASP 24, A135-LYD 8 , A136-CYD 1 :      -0.02462908 at      1.389 Ang (1.444 Ang by residue) in 2.0989 (sec).
 3-Body A132-ASP 24, A135-LYD 8 , A136-CYS 2 :      -0.00506063 at      1.389 Ang (1.444 Ang by residue) in 1.9943 (sec).
 3-Body A132-ASP 24, A135-LYD 8 , A136-CYS 4 :      -0.00661984 at      1.389 Ang (1.444 Ang by residue) in 1.9804 (sec).
 3-Body A132-ASP 24, A135-LYD 8 , A136-CYS 5 :      -0.00506063 at      1.389 Ang (1.444 Ang by residue) in 2.0247 (sec).
 3-Body A132-ASP 24, A135-LYD 8 , A136-CYS 7 :      -0.00661984 at      1.389 Ang (1.444 Ang by residue) in 2.0066 (sec).
 3-Body A132-ASP 24, A135-LYD 8 , A136-CYD 8 :      -0.01361815 at      1.389 Ang (1.444 Ang by residue) in 2.1043 (sec).
 3-Body A132-ASP 24, A135-LYD 8 , A136-CYD 9 :      -0.00550663 at      1.389 Ang (1.444 Ang by residue) in 2.0217 (sec).
 3-Body A132-ASP 24, A135-LYD 8 , A136-CYD 10:      -0.02454394 at      1.389 Ang (1.444 Ang by residue) in 2.1065 (sec).
 3-Body A132-ASP 24, A135-LYD 9 , A136-CYS 0 :      -0.00657599 at      1.389 Ang (1.444 Ang by residue) in 1.9358 (sec).
 3-Body A132-ASP 24, A135-LYD 9 , A136-CYD 1 :      -0.02474498 at      1.389 Ang (1.444 Ang by residue) in 2.1809 (sec).
 3-Body A132-ASP 24, A135-LYD 9 , A136-CYS 2 :      -0.00505234 at      1.389 Ang (1.444 Ang by residue) in 2.0376 (sec).
 3-Body A132-ASP 24, A135-LYD 9 , A136-CYS 4 :      -0.00664457 at      1.389 Ang (1.444 Ang by residue) in 2.0985 (sec).
 3-Body A132-ASP 24, A135-LYD 9 , A136-CYS 5 :      -0.00505234 at      1.389 Ang (1.444 Ang by residue) in 2.0939 (sec).
 3-Body A132-ASP 24, A135-LYD 9 , A136-CYS 7 :      -0.00664457 at      1.389 Ang (1.444 Ang by residue) in 2.3505 (sec).
 3-Body A132-ASP 24, A135-LYD 9 , A136-CYD 8 :      -0.01365805 at      1.389 Ang (1.444 Ang by residue) in 2.2838 (sec).
 3-Body A132-ASP 24, A135-LYD 9 , A136-CYD 9 :      -0.00551998 at      1.389 Ang (1.444 Ang by residue) in 2.2916 (sec).
 3-Body A132-ASP 24, A135-LYD 9 , A136-CYD 10:      -0.02465515 at      1.389 Ang (1.444 Ang by residue) in 2.3464 (sec).
 3-Body A132-ASP 24, A135-LYD 10, A136-CYS 0 :      -0.00392957 at      1.370 Ang (1.444 Ang by residue) in 2.2387 (sec).
 3-Body A132-ASP 24, A135-LYD 10, A136-CYD 1 :      -0.02332256 at      1.370 Ang (1.444 Ang by residue) in 2.3069 (sec).
 3-Body A132-ASP 24, A135-LYD 10, A136-CYS 2 :      -0.00623026 at      1.370 Ang (1.444 Ang by residue) in 2.2767 (sec).
 3-Body A132-ASP 24, A135-LYD 10, A136-CYS 4 :      -0.00387907 at      1.370 Ang (1.444 Ang by residue) in 2.2783 (sec).
 3-Body A132-ASP 24, A135-LYD 10, A136-CYS 5 :      -0.00623026 at      1.370 Ang (1.444 Ang by residue) in 2.2802 (sec).
 3-Body A132-ASP 24, A135-LYD 10, A136-CYS 7 :      -0.00387907 at      1.370 Ang (1.444 Ang by residue) in 2.3470 (sec).
 3-Body A132-ASP 24, A135-LYD 10, A136-CYD 8 :      -0.02092380 at      1.370 Ang (1.444 Ang by residue) in 2.3915 (sec).
 3-Body A132-ASP 24, A135-LYD 10, A136-CYD 9 :      -0.00921999 at      1.370 Ang (1.444 Ang by residue) in 2.3731 (sec).
 3-Body A132-ASP 24, A135-LYD 10, A136-CYD 10:      -0.02360164 at      1.370 Ang (1.444 Ang by residue) in 2.3843 (sec).
 3-Body A132-ASP 24, A135-LYD 11, A136-CYS 0 :      -0.00695824 at      1.372 Ang (1.444 Ang by residue) in 2.1130 (sec).
 3-Body A132-ASP 24, A135-LYD 11, A136-CYD 1 :      -0.03069825 at      1.372 Ang (1.444 Ang by residue) in 2.3521 (sec).
 3-Body A132-ASP 24, A135-LYD 11, A136-CYS 2 :      -0.00621449 at      1.372 Ang (1.444 Ang by residue) in 2.2030 (sec).
 3-Body A132-ASP 24, A135-LYD 11, A136-CYS 4 :      -0.00696716 at      1.372 Ang (1.444 Ang by residue) in 2.1949 (sec).
 3-Body A132-ASP 24, A135-LYD 11, A136-CYS 5 :      -0.00621449 at      1.372 Ang (1.444 Ang by residue) in 2.0917 (sec).
 3-Body A132-ASP 24, A135-LYD 11, A136-CYS 7 :      -0.00696716 at      1.372 Ang (1.444 Ang by residue) in 2.0590 (sec).
 3-Body A132-ASP 24, A135-LYD 11, A136-CYD 8 :      -0.02107273 at      1.372 Ang (1.444 Ang by residue) in 2.3566 (sec).
 3-Body A132-ASP 24, A135-LYD 11, A136-CYD 9 :      -0.00898144 at      1.372 Ang (1.444 Ang by residue) in 2.1151 (sec).
 3-Body A132-ASP 24, A135-LYD 11, A136-CYD 10:      -0.03073054 at      1.372 Ang (1.444 Ang by residue) in 2.3149 (sec).
 3-Body A132-ASP 24, A135-LYD 12, A136-CYS 0 :      -0.00656501 at      1.389 Ang (1.444 Ang by residue) in 2.0651 (sec).
 3-Body A132-ASP 24, A135-LYD 12, A136-CYD 1 :      -0.02657289 at      1.389 Ang (1.444 Ang by residue) in 2.0343 (sec).
 3-Body A132-ASP 24, A135-LYD 12, A136-CYS 2 :      -0.00553828 at      1.389 Ang (1.444 Ang by residue) in 2.1449 (sec).
 3-Body A132-ASP 24, A135-LYD 12, A136-CYS 4 :      -0.00665500 at      1.389 Ang (1.444 Ang by residue) in 2.1611 (sec).
 3-Body A132-ASP 24, A135-LYD 12, A136-CYS 5 :      -0.00553828 at      1.389 Ang (1.444 Ang by residue) in 2.1515 (sec).
 3-Body A132-ASP 24, A135-LYD 12, A136-CYS 7 :      -0.00665500 at      1.389 Ang (1.444 Ang by residue) in 2.1160 (sec).
 3-Body A132-ASP 24, A135-LYD 12, A136-CYD 8 :      -0.01515097 at      1.389 Ang (1.444 Ang by residue) in 2.1507 (sec).
 3-Body A132-ASP 24, A135-LYD 12, A136-CYD 9 :      -0.00616746 at      1.389 Ang (1.444 Ang by residue) in 2.1842 (sec).
 3-Body A132-ASP 24, A135-LYD 12, A136-CYD 10:      -0.02653901 at      1.389 Ang (1.444 Ang by residue) in 2.2140 (sec).
 3-Body A132-ASP 24, A135-LYD 13, A136-CYS 0 :      -0.00658890 at      1.389 Ang (1.444 Ang by residue) in 2.1651 (sec).
 3-Body A132-ASP 24, A135-LYD 13, A136-CYD 1 :      -0.02668489 at      1.389 Ang (1.444 Ang by residue) in 2.0862 (sec).
 3-Body A132-ASP 24, A135-LYD 13, A136-CYS 2 :      -0.00553821 at      1.389 Ang (1.444 Ang by residue) in 2.1089 (sec).
 3-Body A132-ASP 24, A135-LYD 13, A136-CYS 4 :      -0.00666908 at      1.389 Ang (1.444 Ang by residue) in 2.1330 (sec).
 3-Body A132-ASP 24, A135-LYD 13, A136-CYS 5 :      -0.00553821 at      1.389 Ang (1.444 Ang by residue) in 2.1986 (sec).
 3-Body A132-ASP 24, A135-LYD 13, A136-CYS 7 :      -0.00666908 at      1.389 Ang (1.444 Ang by residue) in 2.2168 (sec).
 3-Body A132-ASP 24, A135-LYD 13, A136-CYD 8 :      -0.01518999 at      1.389 Ang (1.444 Ang by residue) in 2.2644 (sec).
 3-Body A132-ASP 24, A135-LYD 13, A136-CYD 9 :      -0.00618161 at      1.389 Ang (1.444 Ang by residue) in 2.2578 (sec).
 3-Body A132-ASP 24, A135-LYD 13, A136-CYD 10:      -0.02664305 at      1.389 Ang (1.444 Ang by residue) in 2.1981 (sec).
 3-Body A132-ASP 24, A135-LYD 14, A136-CYS 0 :      -0.00666845 at      1.389 Ang (1.444 Ang by residue) in 2.0494 (sec).
 3-Body A132-ASP 24, A135-LYD 14, A136-CYD 1 :      -0.02707960 at      1.389 Ang (1.444 Ang by residue) in 2.1436 (sec).
 3-Body A132-ASP 24, A135-LYD 14, A136-CYS 2 :      -0.00560091 at      1.389 Ang (1.444 Ang by residue) in 2.0088 (sec).
 3-Body A132-ASP 24, A135-LYD 14, A136-CYS 4 :      -0.00675224 at      1.389 Ang (1.444 Ang by residue) in 1.9991 (sec).
 3-Body A132-ASP 24, A135-LYD 14, A136-CYS 5 :      -0.00560091 at      1.389 Ang (1.444 Ang by residue) in 2.0085 (sec).
 3-Body A132-ASP 24, A135-LYD 14, A136-CYS 7 :      -0.00675224 at      1.389 Ang (1.444 Ang by residue) in 2.1975 (sec).
 3-Body A132-ASP 24, A135-LYD 14, A136-CYD 8 :      -0.01535793 at      1.389 Ang (1.444 Ang by residue) in 2.2922 (sec).
 3-Body A132-ASP 24, A135-LYD 14, A136-CYD 9 :      -0.00631262 at      1.389 Ang (1.444 Ang by residue) in 2.2326 (sec).
 3-Body A132-ASP 24, A135-LYD 14, A136-CYD 10:      -0.02705185 at      1.389 Ang (1.444 Ang by residue) in 2.2541 (sec).
 3-Body A132-ASP 24, A135-LYD 15, A136-CYS 0 :      -0.00754168 at      1.389 Ang (1.444 Ang by residue) in 2.1556 (sec).
 3-Body A132-ASP 24, A135-LYD 15, A136-CYD 1 :      -0.02919328 at      1.389 Ang (1.444 Ang by residue) in 2.3334 (sec).
 3-Body A132-ASP 24, A135-LYD 15, A136-CYS 2 :      -0.00589900 at      1.389 Ang (1.444 Ang by residue) in 2.0965 (sec).
 3-Body A132-ASP 24, A135-LYD 15, A136-CYS 4 :      -0.00763322 at      1.389 Ang (1.444 Ang by residue) in 2.0645 (sec).
 3-Body A132-ASP 24, A135-LYD 15, A136-CYS 5 :      -0.00589900 at      1.389 Ang (1.444 Ang by residue) in 2.0728 (sec).
 3-Body A132-ASP 24, A135-LYD 15, A136-CYS 7 :      -0.00763322 at      1.389 Ang (1.444 Ang by residue) in 2.0595 (sec).
 3-Body A132-ASP 24, A135-LYD 15, A136-CYD 8 :      -0.01612153 at      1.389 Ang (1.444 Ang by residue) in 2.2100 (sec).
 3-Body A132-ASP 24, A135-LYD 15, A136-CYD 9 :      -0.00657380 at      1.389 Ang (1.444 Ang by residue) in 2.0632 (sec).
 3-Body A132-ASP 24, A135-LYD 15, A136-CYD 10:      -0.02913253 at      1.389 Ang (1.444 Ang by residue) in 2.0904 (sec).
 3-Body A132-ASP 24, A135-LYD 16, A136-CYS 0 :      -0.00730074 at      1.389 Ang (1.444 Ang by residue) in 2.0236 (sec).
 3-Body A132-ASP 24, A135-LYD 16, A136-CYD 1 :      -0.02884856 at      1.389 Ang (1.444 Ang by residue) in 2.1442 (sec).
 3-Body A132-ASP 24, A135-LYD 16, A136-CYS 2 :      -0.00573907 at      1.389 Ang (1.444 Ang by residue) in 2.1462 (sec).
 3-Body A132-ASP 24, A135-LYD 16, A136-CYS 4 :      -0.00739840 at      1.389 Ang (1.444 Ang by residue) in 2.0897 (sec).
 3-Body A132-ASP 24, A135-LYD 16, A136-CYS 5 :      -0.00573907 at      1.389 Ang (1.444 Ang by residue) in 2.0935 (sec).
 3-Body A132-ASP 24, A135-LYD 16, A136-CYS 7 :      -0.00739840 at      1.389 Ang (1.444 Ang by residue) in 2.1641 (sec).
 3-Body A132-ASP 24, A135-LYD 16, A136-CYD 8 :      -0.01592613 at      1.389 Ang (1.444 Ang by residue) in 2.1974 (sec).
 3-Body A132-ASP 24, A135-LYD 16, A136-CYD 9 :      -0.00646938 at      1.389 Ang (1.444 Ang by residue) in 2.2937 (sec).
 3-Body A132-ASP 24, A135-LYD 16, A136-CYD 10:      -0.02878774 at      1.389 Ang (1.444 Ang by residue) in 2.3090 (sec).
 3-Body A132-ASP 24, A135-LYD 19, A136-CYS 0 :      -0.00941828 at      1.365 Ang (1.444 Ang by residue) in 2.0158 (sec).
 3-Body A132-ASP 24, A135-LYD 19, A136-CYD 1 :      -0.03175240 at      1.365 Ang (1.444 Ang by residue) in 2.2391 (sec).
 3-Body A132-ASP 24, A135-LYD 19, A136-CYS 2 :      -0.00667223 at      1.365 Ang (1.444 Ang by residue) in 2.0841 (sec).
 3-Body A132-ASP 24, A135-LYD 19, A136-CYS 4 :      -0.00944121 at      1.365 Ang (1.444 Ang by residue) in 2.0585 (sec).
 3-Body A132-ASP 24, A135-LYD 19, A136-CYS 5 :      -0.00667223 at      1.365 Ang (1.444 Ang by residue) in 2.1863 (sec).
 3-Body A132-ASP 24, A135-LYD 19, A136-CYS 7 :      -0.00944121 at      1.365 Ang (1.444 Ang by residue) in 2.1451 (sec).
 3-Body A132-ASP 24, A135-LYD 19, A136-CYD 8 :      -0.01893725 at      1.365 Ang (1.444 Ang by residue) in 2.3846 (sec).
 3-Body A132-ASP 24, A135-LYD 19, A136-CYD 9 :      -0.00665138 at      1.365 Ang (1.444 Ang by residue) in 2.2339 (sec).
 3-Body A132-ASP 24, A135-LYD 19, A136-CYD 10:      -0.03136638 at      1.365 Ang (1.444 Ang by residue) in 2.3334 (sec).
 3-Body A132-ASP 24, A135-LYD 20, A136-CYS 0 :      -0.00979406 at      1.362 Ang (1.444 Ang by residue) in 2.1712 (sec).
 3-Body A132-ASP 24, A135-LYD 20, A136-CYD 1 :      -0.03275335 at      1.362 Ang (1.444 Ang by residue) in 2.2120 (sec).
 3-Body A132-ASP 24, A135-LYD 20, A136-CYS 2 :      -0.00697221 at      1.362 Ang (1.444 Ang by residue) in 2.1329 (sec).
 3-Body A132-ASP 24, A135-LYD 20, A136-CYS 4 :      -0.00983432 at      1.362 Ang (1.444 Ang by residue) in 2.1841 (sec).
 3-Body A132-ASP 24, A135-LYD 20, A136-CYS 5 :      -0.00697221 at      1.362 Ang (1.444 Ang by residue) in 2.2226 (sec).
 3-Body A132-ASP 24, A135-LYD 20, A136-CYS 7 :      -0.00983432 at      1.362 Ang (1.444 Ang by residue) in 2.2359 (sec).
 3-Body A132-ASP 24, A135-LYD 20, A136-CYD 8 :      -0.01967107 at      1.362 Ang (1.444 Ang by residue) in 2.3131 (sec).
 3-Body A132-ASP 24, A135-LYD 20, A136-CYD 9 :      -0.00678603 at      1.362 Ang (1.444 Ang by residue) in 2.3194 (sec).
 3-Body A132-ASP 24, A135-LYD 20, A136-CYD 10:      -0.03234849 at      1.362 Ang (1.444 Ang by residue) in 2.3692 (sec).
 3-Body A132-ASP 24, A135-LYD 21, A136-CYS 0 :      -0.00937724 at      1.362 Ang (1.444 Ang by residue) in 2.2748 (sec).
 3-Body A132-ASP 24, A135-LYD 21, A136-CYD 1 :      -0.03110295 at      1.362 Ang (1.444 Ang by residue) in 2.3808 (sec).
 3-Body A132-ASP 24, A135-LYD 21, A136-CYS 2 :      -0.00670230 at      1.362 Ang (1.444 Ang by residue) in 2.0810 (sec).
 3-Body A132-ASP 24, A135-LYD 21, A136-CYS 4 :      -0.00941206 at      1.362 Ang (1.444 Ang by residue) in 2.2300 (sec).
 3-Body A132-ASP 24, A135-LYD 21, A136-CYS 5 :      -0.00670230 at      1.362 Ang (1.444 Ang by residue) in 2.1535 (sec).
 3-Body A132-ASP 24, A135-LYD 21, A136-CYS 7 :      -0.00941206 at      1.362 Ang (1.444 Ang by residue) in 2.0859 (sec).
 3-Body A132-ASP 24, A135-LYD 21, A136-CYD 8 :      -0.01867174 at      1.362 Ang (1.444 Ang by residue) in 2.2537 (sec).
 3-Body A132-ASP 24, A135-LYD 21, A136-CYD 9 :      -0.00654346 at      1.362 Ang (1.444 Ang by residue) in 2.3547 (sec).
 3-Body A132-ASP 24, A135-LYD 21, A136-CYD 10:      -0.03073826 at      1.362 Ang (1.444 Ang by residue) in 2.3581 (sec).
 3-Body A132-ASP 24, A135-LYD 22, A136-CYS 0 :      -0.00919207 at      1.362 Ang (1.444 Ang by residue) in 2.2663 (sec).
 3-Body A132-ASP 24, A135-LYD 22, A136-CYD 1 :      -0.03092203 at      1.362 Ang (1.444 Ang by residue) in 2.3187 (sec).
 3-Body A132-ASP 24, A135-LYD 22, A136-CYS 2 :      -0.00658995 at      1.362 Ang (1.444 Ang by residue) in 2.2412 (sec).
 3-Body A132-ASP 24, A135-LYD 22, A136-CYS 4 :      -0.00923735 at      1.362 Ang (1.444 Ang by residue) in 2.2742 (sec).
 3-Body A132-ASP 24, A135-LYD 22, A136-CYS 5 :      -0.00658995 at      1.362 Ang (1.444 Ang by residue) in 2.1911 (sec).
 3-Body A132-ASP 24, A135-LYD 22, A136-CYS 7 :      -0.00923735 at      1.362 Ang (1.444 Ang by residue) in 2.3589 (sec).
 3-Body A132-ASP 24, A135-LYD 22, A136-CYD 8 :      -0.01855172 at      1.362 Ang (1.444 Ang by residue) in 2.4201 (sec).
 3-Body A132-ASP 24, A135-LYD 22, A136-CYD 9 :      -0.00649068 at      1.362 Ang (1.444 Ang by residue) in 2.3334 (sec).
 3-Body A132-ASP 24, A135-LYD 22, A136-CYD 10:      -0.03056387 at      1.362 Ang (1.444 Ang by residue) in 2.2683 (sec).
 3-Body A132-ASP 24, A135-LYD 25, A136-CYS 0 :      -0.00842640 at      1.388 Ang (1.444 Ang by residue) in 2.2046 (sec).
 3-Body A132-ASP 24, A135-LYD 25, A136-CYD 1 :      -0.02714942 at      1.388 Ang (1.444 Ang by residue) in 2.3190 (sec).
 3-Body A132-ASP 24, A135-LYD 25, A136-CYS 2 :      -0.00594316 at      1.388 Ang (1.444 Ang by residue) in 2.2257 (sec).
 3-Body A132-ASP 24, A135-LYD 25, A136-CYS 4 :      -0.00846312 at      1.388 Ang (1.444 Ang by residue) in 2.1414 (sec).
 3-Body A132-ASP 24, A135-LYD 25, A136-CYS 5 :      -0.00594316 at      1.388 Ang (1.444 Ang by residue) in 2.2557 (sec).
 3-Body A132-ASP 24, A135-LYD 25, A136-CYS 7 :      -0.00846312 at      1.388 Ang (1.444 Ang by residue) in 2.1888 (sec).
 3-Body A132-ASP 24, A135-LYD 25, A136-CYD 8 :      -0.01611635 at      1.388 Ang (1.444 Ang by residue) in 2.2933 (sec).
 3-Body A132-ASP 24, A135-LYD 25, A136-CYD 9 :      -0.00574700 at      1.388 Ang (1.444 Ang by residue) in 2.1380 (sec).
 3-Body A132-ASP 24, A135-LYD 25, A136-CYD 10:      -0.02687368 at      1.388 Ang (1.444 Ang by residue) in 2.4870 (sec).
 3-Body A132-ASP 24, A135-LYD 26, A136-CYS 0 :      -0.00829240 at      1.388 Ang (1.444 Ang by residue) in 2.2260 (sec).
 3-Body A132-ASP 24, A135-LYD 26, A136-CYD 1 :      -0.02704965 at      1.388 Ang (1.444 Ang by residue) in 2.2719 (sec).
 3-Body A132-ASP 24, A135-LYD 26, A136-CYS 2 :      -0.00584511 at      1.388 Ang (1.444 Ang by residue) in 2.1660 (sec).
 3-Body A132-ASP 24, A135-LYD 26, A136-CYS 4 :      -0.00833506 at      1.388 Ang (1.444 Ang by residue) in 2.2475 (sec).
 3-Body A132-ASP 24, A135-LYD 26, A136-CYS 5 :      -0.00584511 at      1.388 Ang (1.444 Ang by residue) in 2.2038 (sec).
 3-Body A132-ASP 24, A135-LYD 26, A136-CYS 7 :      -0.00833506 at      1.388 Ang (1.444 Ang by residue) in 2.1071 (sec).
 3-Body A132-ASP 24, A135-LYD 26, A136-CYD 8 :      -0.01597706 at      1.388 Ang (1.444 Ang by residue) in 2.2347 (sec).
 3-Body A132-ASP 24, A135-LYD 26, A136-CYD 9 :      -0.00570647 at      1.388 Ang (1.444 Ang by residue) in 2.1481 (sec).
 3-Body A132-ASP 24, A135-LYD 26, A136-CYD 10:      -0.02677768 at      1.388 Ang (1.444 Ang by residue) in 2.1934 (sec).
 3-Body A132-ASP 24, A135-LYD 27, A136-CYS 0 :      -0.00833742 at      1.388 Ang (1.444 Ang by residue) in 2.2022 (sec).
 3-Body A132-ASP 24, A135-LYD 27, A136-CYD 1 :      -0.02742372 at      1.388 Ang (1.444 Ang by residue) in 2.2503 (sec).
 3-Body A132-ASP 24, A135-LYD 27, A136-CYS 2 :      -0.00583359 at      1.388 Ang (1.444 Ang by residue) in 1.9875 (sec).
 3-Body A132-ASP 24, A135-LYD 27, A136-CYS 4 :      -0.00838134 at      1.388 Ang (1.444 Ang by residue) in 2.0688 (sec).
 3-Body A132-ASP 24, A135-LYD 27, A136-CYS 5 :      -0.00583359 at      1.388 Ang (1.444 Ang by residue) in 2.1013 (sec).
 3-Body A132-ASP 24, A135-LYD 27, A136-CYS 7 :      -0.00838134 at      1.388 Ang (1.444 Ang by residue) in 2.1077 (sec).
 3-Body A132-ASP 24, A135-LYD 27, A136-CYD 8 :      -0.01616489 at      1.388 Ang (1.444 Ang by residue) in 2.2778 (sec).
 3-Body A132-ASP 24, A135-LYD 27, A136-CYD 9 :      -0.00573968 at      1.388 Ang (1.444 Ang by residue) in 2.0833 (sec).
 3-Body A132-ASP 24, A135-LYD 27, A136-CYD 10:      -0.02714159 at      1.388 Ang (1.444 Ang by residue) in 2.1039 (sec).
 3-Body A132-ASP 24, A135-LYD 28, A136-CYS 0 :      -0.00820090 at      1.388 Ang (1.444 Ang by residue) in 2.1567 (sec).
 3-Body A132-ASP 24, A135-LYD 28, A136-CYD 1 :      -0.02706090 at      1.388 Ang (1.444 Ang by residue) in 1.9774 (sec).
 3-Body A132-ASP 24, A135-LYD 28, A136-CYS 2 :      -0.00583174 at      1.388 Ang (1.444 Ang by residue) in 2.1533 (sec).
 3-Body A132-ASP 24, A135-LYD 28, A136-CYS 4 :      -0.00824596 at      1.388 Ang (1.444 Ang by residue) in 2.0403 (sec).
 3-Body A132-ASP 24, A135-LYD 28, A136-CYS 5 :      -0.00583174 at      1.388 Ang (1.444 Ang by residue) in 2.0758 (sec).
 3-Body A132-ASP 24, A135-LYD 28, A136-CYS 7 :      -0.00824596 at      1.388 Ang (1.444 Ang by residue) in 2.0523 (sec).
 3-Body A132-ASP 24, A135-LYD 28, A136-CYD 8 :      -0.01603190 at      1.388 Ang (1.444 Ang by residue) in 2.2298 (sec).
 3-Body A132-ASP 24, A135-LYD 28, A136-CYD 9 :      -0.00573378 at      1.388 Ang (1.444 Ang by residue) in 2.3453 (sec).
 3-Body A132-ASP 24, A135-LYD 28, A136-CYD 10:      -0.02679447 at      1.388 Ang (1.444 Ang by residue) in 2.2493 (sec).
 3-Body A132-ASP 24, A135-LYS 30, A136-CYS 0 :      -0.00273115 at      1.360 Ang (1.444 Ang by residue) in 2.0041 (sec).
 3-Body A132-ASP 24, A135-LYS 30, A136-CYD 1 :      -0.01506544 at      1.360 Ang (1.444 Ang by residue) in 2.2491 (sec).
 3-Body A132-ASP 24, A135-LYS 30, A136-CYS 2 :      -0.00318954 at      1.360 Ang (1.444 Ang by residue) in 2.2355 (sec).
 3-Body A132-ASP 24, A135-LYS 30, A136-CYS 4 :      -0.00274258 at      1.360 Ang (1.444 Ang by residue) in 2.0474 (sec).
 3-Body A132-ASP 24, A135-LYS 30, A136-CYS 5 :      -0.00318954 at      1.360 Ang (1.444 Ang by residue) in 2.0631 (sec).
 3-Body A132-ASP 24, A135-LYS 30, A136-CYS 7 :      -0.00274258 at      1.360 Ang (1.444 Ang by residue) in 2.1386 (sec).
 3-Body A132-ASP 24, A135-LYS 30, A136-CYD 8 :      -0.01160191 at      1.360 Ang (1.444 Ang by residue) in 2.1930 (sec).
 3-Body A132-ASP 24, A135-LYS 30, A136-CYD 9 :      -0.00373502 at      1.360 Ang (1.444 Ang by residue) in 2.2086 (sec).
 3-Body A132-ASP 24, A135-LYS 30, A136-CYD 10:      -0.01486380 at      1.360 Ang (1.444 Ang by residue) in 2.2682 (sec).
 3-Body A132-ASP 24, A135-LYS 34, A136-CYS 0 :      -0.00563562 at      1.389 Ang (1.444 Ang by residue) in 2.1384 (sec).
 3-Body A132-ASP 24, A135-LYS 34, A136-CYD 1 :      -0.02507544 at      1.389 Ang (1.444 Ang by residue) in 2.2079 (sec).
 3-Body A132-ASP 24, A135-LYS 34, A136-CYS 2 :      -0.00438280 at      1.389 Ang (1.444 Ang by residue) in 2.1974 (sec).
 3-Body A132-ASP 24, A135-LYS 34, A136-CYS 4 :      -0.00571609 at      1.389 Ang (1.444 Ang by residue) in 2.1044 (sec).
 3-Body A132-ASP 24, A135-LYS 34, A136-CYS 5 :      -0.00438280 at      1.389 Ang (1.444 Ang by residue) in 2.1733 (sec).
 3-Body A132-ASP 24, A135-LYS 34, A136-CYS 7 :      -0.00571609 at      1.389 Ang (1.444 Ang by residue) in 2.0848 (sec).
 3-Body A132-ASP 24, A135-LYS 34, A136-CYD 8 :      -0.01369092 at      1.389 Ang (1.444 Ang by residue) in 2.1710 (sec).
 3-Body A132-ASP 24, A135-LYS 34, A136-CYD 9 :      -0.00547592 at      1.389 Ang (1.444 Ang by residue) in 2.2529 (sec).
 3-Body A132-ASP 24, A135-LYS 34, A136-CYD 10:      -0.02501941 at      1.389 Ang (1.444 Ang by residue) in 2.2466 (sec).
 3-Body A132-ASP 24, A135-LYS 35, A136-CYS 0 :      -0.00591411 at      1.389 Ang (1.444 Ang by residue) in 2.1021 (sec).
 3-Body A132-ASP 24, A135-LYS 35, A136-CYD 1 :      -0.02496032 at      1.389 Ang (1.444 Ang by residue) in 2.1515 (sec).
 3-Body A132-ASP 24, A135-LYS 35, A136-CYS 2 :      -0.00456704 at      1.389 Ang (1.444 Ang by residue) in 2.0904 (sec).
 3-Body A132-ASP 24, A135-LYS 35, A136-CYS 4 :      -0.00599067 at      1.389 Ang (1.444 Ang by residue) in 1.9649 (sec).
 3-Body A132-ASP 24, A135-LYS 35, A136-CYS 5 :      -0.00456704 at      1.389 Ang (1.444 Ang by residue) in 1.9929 (sec).
 3-Body A132-ASP 24, A135-LYS 35, A136-CYS 7 :      -0.00599067 at      1.389 Ang (1.444 Ang by residue) in 2.0060 (sec).
 3-Body A132-ASP 24, A135-LYS 35, A136-CYD 8 :      -0.01372368 at      1.389 Ang (1.444 Ang by residue) in 2.2810 (sec).
 3-Body A132-ASP 24, A135-LYS 35, A136-CYD 9 :      -0.00550600 at      1.389 Ang (1.444 Ang by residue) in 2.2108 (sec).
 3-Body A132-ASP 24, A135-LYS 35, A136-CYD 10:      -0.02488829 at      1.389 Ang (1.444 Ang by residue) in 2.2518 (sec).
 3-Body A132-ASP 24, A135-LYS 36, A136-CYS 0 :      -0.00545375 at      1.389 Ang (1.444 Ang by residue) in 2.0793 (sec).
 3-Body A132-ASP 24, A135-LYS 36, A136-CYD 1 :      -0.02455295 at      1.389 Ang (1.444 Ang by residue) in 2.2413 (sec).
 3-Body A132-ASP 24, A135-LYS 36, A136-CYS 2 :      -0.00444099 at      1.389 Ang (1.444 Ang by residue) in 2.2065 (sec).
 3-Body A132-ASP 24, A135-LYS 36, A136-CYS 4 :      -0.00553237 at      1.389 Ang (1.444 Ang by residue) in 2.0661 (sec).
 3-Body A132-ASP 24, A135-LYS 36, A136-CYS 5 :      -0.00444099 at      1.389 Ang (1.444 Ang by residue) in 2.0275 (sec).
 3-Body A132-ASP 24, A135-LYS 36, A136-CYS 7 :      -0.00553237 at      1.389 Ang (1.444 Ang by residue) in 2.0638 (sec).
 3-Body A132-ASP 24, A135-LYS 36, A136-CYD 8 :      -0.01373815 at      1.389 Ang (1.444 Ang by residue) in 2.2224 (sec).
 3-Body A132-ASP 24, A135-LYS 36, A136-CYD 9 :      -0.00544459 at      1.389 Ang (1.444 Ang by residue) in 2.3844 (sec).
 3-Body A132-ASP 24, A135-LYS 36, A136-CYD 10:      -0.02447610 at      1.389 Ang (1.444 Ang by residue) in 2.1177 (sec).
 3-Body A132-ASP 24, A135-LYS 37, A136-CYS 0 :      -0.00778763 at      1.370 Ang (1.444 Ang by residue) in 2.0282 (sec).
 3-Body A132-ASP 24, A135-LYS 37, A136-CYD 1 :      -0.06348350 at      1.370 Ang (1.444 Ang by residue) in 2.1810 (sec).
 3-Body A132-ASP 24, A135-LYS 37, A136-CYS 2 :      -0.00557719 at      1.370 Ang (1.444 Ang by residue) in 2.2003 (sec).
 3-Body A132-ASP 24, A135-LYS 37, A136-CYS 4 :      -0.00680317 at      1.370 Ang (1.444 Ang by residue) in 2.0698 (sec).
 3-Body A132-ASP 24, A135-LYS 37, A136-CYS 5 :      -0.00557719 at      1.370 Ang (1.444 Ang by residue) in 2.1648 (sec).
 3-Body A132-ASP 24, A135-LYS 37, A136-CYS 7 :      -0.00680317 at      1.370 Ang (1.444 Ang by residue) in 2.1386 (sec).
 3-Body A132-ASP 24, A135-LYS 37, A136-CYD 8 :      -0.02296677 at      1.370 Ang (1.444 Ang by residue) in 2.2453 (sec).
 3-Body A132-ASP 24, A135-LYS 37, A136-CYD 9 :      -0.01038568 at      1.370 Ang (1.444 Ang by residue) in 2.2648 (sec).
 3-Body A132-ASP 24, A135-LYS 37, A136-CYD 10:      -0.06322981 at      1.370 Ang (1.444 Ang by residue) in 2.1390 (sec).
 3-Body A132-ASP 24, A135-LYS 38, A136-CYS 0 :      -0.01776364 at      1.372 Ang (1.444 Ang by residue) in 2.1012 (sec).
 3-Body A132-ASP 24, A135-LYS 38, A136-CYD 1 :      -0.05547277 at      1.372 Ang (1.444 Ang by residue) in 2.1445 (sec).
 3-Body A132-ASP 24, A135-LYS 38, A136-CYS 2 :      -0.00578237 at      1.372 Ang (1.444 Ang by residue) in 2.0328 (sec).
 3-Body A132-ASP 24, A135-LYS 38, A136-CYS 4 :      -0.01714272 at      1.372 Ang (1.444 Ang by residue) in 2.0453 (sec).
 3-Body A132-ASP 24, A135-LYS 38, A136-CYS 5 :      -0.00578237 at      1.372 Ang (1.444 Ang by residue) in 2.0923 (sec).
 3-Body A132-ASP 24, A135-LYS 38, A136-CYS 7 :      -0.01714272 at      1.372 Ang (1.444 Ang by residue) in 2.1909 (sec).
 3-Body A132-ASP 24, A135-LYS 38, A136-CYD 8 :      -0.02333777 at      1.372 Ang (1.444 Ang by residue) in 2.1304 (sec).
 3-Body A132-ASP 24, A135-LYS 38, A136-CYD 9 :      -0.00978585 at      1.372 Ang (1.444 Ang by residue) in 2.0932 (sec).
 3-Body A132-ASP 24, A135-LYS 38, A136-CYD 10:      -0.05450869 at      1.372 Ang (1.444 Ang by residue) in 2.1315 (sec).
 3-Body A132-ASP 24, A135-LYS 39, A136-CYS 0 :      -0.00613256 at      1.389 Ang (1.444 Ang by residue) in 2.1387 (sec).
 3-Body A132-ASP 24, A135-LYS 39, A136-CYD 1 :      -0.02783868 at      1.389 Ang (1.444 Ang by residue) in 2.2685 (sec).
 3-Body A132-ASP 24, A135-LYS 39, A136-CYS 2 :      -0.00487356 at      1.389 Ang (1.444 Ang by residue) in 2.1659 (sec).
 3-Body A132-ASP 24, A135-LYS 39, A136-CYS 4 :      -0.00617096 at      1.389 Ang (1.444 Ang by residue) in 2.2264 (sec).
 3-Body A132-ASP 24, A135-LYS 39, A136-CYS 5 :      -0.00487356 at      1.389 Ang (1.444 Ang by residue) in 2.1057 (sec).
 3-Body A132-ASP 24, A135-LYS 39, A136-CYS 7 :      -0.00617096 at      1.389 Ang (1.444 Ang by residue) in 2.1146 (sec).
 3-Body A132-ASP 24, A135-LYS 39, A136-CYD 8 :      -0.01531384 at      1.389 Ang (1.444 Ang by residue) in 2.2088 (sec).
 3-Body A132-ASP 24, A135-LYS 39, A136-CYD 9 :      -0.00615355 at      1.389 Ang (1.444 Ang by residue) in 2.3572 (sec).
 3-Body A132-ASP 24, A135-LYS 39, A136-CYD 10:      -0.02775099 at      1.389 Ang (1.444 Ang by residue) in 2.2971 (sec).
 3-Body A132-ASP 24, A135-LYS 40, A136-CYS 0 :      -0.00571589 at      1.389 Ang (1.444 Ang by residue) in 2.2106 (sec).
 3-Body A132-ASP 24, A135-LYS 40, A136-CYD 1 :      -0.02733276 at      1.389 Ang (1.444 Ang by residue) in 2.2846 (sec).
 3-Body A132-ASP 24, A135-LYS 40, A136-CYS 2 :      -0.00480709 at      1.389 Ang (1.444 Ang by residue) in 2.1648 (sec).
 3-Body A132-ASP 24, A135-LYS 40, A136-CYS 4 :      -0.00576046 at      1.389 Ang (1.444 Ang by residue) in 2.2524 (sec).
 3-Body A132-ASP 24, A135-LYS 40, A136-CYS 5 :      -0.00480709 at      1.389 Ang (1.444 Ang by residue) in 2.1903 (sec).
 3-Body A132-ASP 24, A135-LYS 40, A136-CYS 7 :      -0.00576046 at      1.389 Ang (1.444 Ang by residue) in 2.1925 (sec).
 3-Body A132-ASP 24, A135-LYS 40, A136-CYD 8 :      -0.01535488 at      1.389 Ang (1.444 Ang by residue) in 2.3722 (sec).
 3-Body A132-ASP 24, A135-LYS 40, A136-CYD 9 :      -0.00608729 at      1.389 Ang (1.444 Ang by residue) in 2.2941 (sec).
 3-Body A132-ASP 24, A135-LYS 40, A136-CYD 10:      -0.02724238 at      1.389 Ang (1.444 Ang by residue) in 2.2527 (sec).
 3-Body A132-ASP 24, A135-LYS 41, A136-CYS 0 :      -0.00505434 at      1.389 Ang (1.444 Ang by residue) in 2.1861 (sec).
 3-Body A132-ASP 24, A135-LYS 41, A136-CYD 1 :      -0.02750356 at      1.389 Ang (1.444 Ang by residue) in 2.3359 (sec).
 3-Body A132-ASP 24, A135-LYS 41, A136-CYS 2 :      -0.00462279 at      1.389 Ang (1.444 Ang by residue) in 2.2126 (sec).
 3-Body A132-ASP 24, A135-LYS 41, A136-CYS 4 :      -0.00505552 at      1.389 Ang (1.444 Ang by residue) in 2.1126 (sec).
 3-Body A132-ASP 24, A135-LYS 41, A136-CYS 5 :      -0.00462279 at      1.389 Ang (1.444 Ang by residue) in 2.1341 (sec).
 3-Body A132-ASP 24, A135-LYS 41, A136-CYS 7 :      -0.00505552 at      1.389 Ang (1.444 Ang by residue) in 2.1187 (sec).
 3-Body A132-ASP 24, A135-LYS 41, A136-CYD 8 :      -0.01521118 at      1.389 Ang (1.444 Ang by residue) in 2.1802 (sec).
 3-Body A132-ASP 24, A135-LYS 41, A136-CYD 9 :      -0.00599088 at      1.389 Ang (1.444 Ang by residue) in 2.0655 (sec).
 3-Body A132-ASP 24, A135-LYS 41, A136-CYD 10:      -0.02742527 at      1.389 Ang (1.444 Ang by residue) in 2.2160 (sec).
 3-Body A132-ASP 24, A135-LYS 42, A136-CYS 0 :      -0.00724979 at      1.389 Ang (1.444 Ang by residue) in 2.0121 (sec).
 3-Body A132-ASP 24, A135-LYS 42, A136-CYD 1 :      -0.03152968 at      1.389 Ang (1.444 Ang by residue) in 2.1401 (sec).
 3-Body A132-ASP 24, A135-LYS 42, A136-CYS 2 :      -0.00487597 at      1.389 Ang (1.444 Ang by residue) in 2.0536 (sec).
 3-Body A132-ASP 24, A135-LYS 42, A136-CYS 4 :      -0.00729128 at      1.389 Ang (1.444 Ang by residue) in 2.0839 (sec).
 3-Body A132-ASP 24, A135-LYS 42, A136-CYS 5 :      -0.00487597 at      1.389 Ang (1.444 Ang by residue) in 2.1215 (sec).
 3-Body A132-ASP 24, A135-LYS 42, A136-CYS 7 :      -0.00729128 at      1.389 Ang (1.444 Ang by residue) in 2.1873 (sec).
 3-Body A132-ASP 24, A135-LYS 42, A136-CYD 8 :      -0.01636151 at      1.389 Ang (1.444 Ang by residue) in 2.2201 (sec).
 3-Body A132-ASP 24, A135-LYS 42, A136-CYD 9 :      -0.00646102 at      1.389 Ang (1.444 Ang by residue) in 2.3053 (sec).
 3-Body A132-ASP 24, A135-LYS 42, A136-CYD 10:      -0.03133843 at      1.389 Ang (1.444 Ang by residue) in 2.3313 (sec).
 3-Body A132-ASP 24, A135-LYS 43, A136-CYS 0 :      -0.00759593 at      1.389 Ang (1.444 Ang by residue) in 2.0158 (sec).
 3-Body A132-ASP 24, A135-LYS 43, A136-CYD 1 :      -0.03134791 at      1.389 Ang (1.444 Ang by residue) in 1.9732 (sec).
 3-Body A132-ASP 24, A135-LYS 43, A136-CYS 2 :      -0.00499567 at      1.389 Ang (1.444 Ang by residue) in 1.9493 (sec).
 3-Body A132-ASP 24, A135-LYS 43, A136-CYS 4 :      -0.00762247 at      1.389 Ang (1.444 Ang by residue) in 2.0281 (sec).
 3-Body A132-ASP 24, A135-LYS 43, A136-CYS 5 :      -0.00499567 at      1.389 Ang (1.444 Ang by residue) in 2.0173 (sec).
 3-Body A132-ASP 24, A135-LYS 43, A136-CYS 7 :      -0.00762247 at      1.389 Ang (1.444 Ang by residue) in 2.0729 (sec).
 3-Body A132-ASP 24, A135-LYS 43, A136-CYD 8 :      -0.01619895 at      1.389 Ang (1.444 Ang by residue) in 2.1907 (sec).
 3-Body A132-ASP 24, A135-LYS 43, A136-CYD 9 :      -0.00650654 at      1.389 Ang (1.444 Ang by residue) in 2.1091 (sec).
 3-Body A132-ASP 24, A135-LYS 43, A136-CYD 10:      -0.03117433 at      1.389 Ang (1.444 Ang by residue) in 2.2163 (sec).
 3-Body A132-ASP 24, A135-LYS 44, A136-CYS 0 :      -0.00441214 at      1.364 Ang (1.444 Ang by residue) in 2.2048 (sec).
 3-Body A132-ASP 24, A135-LYS 44, A136-CYD 1 :      -0.01896259 at      1.364 Ang (1.444 Ang by residue) in 2.4334 (sec).
 3-Body A132-ASP 24, A135-LYS 44, A136-CYS 2 :      -0.00388559 at      1.364 Ang (1.444 Ang by residue) in 2.1992 (sec).
 3-Body A132-ASP 24, A135-LYS 44, A136-CYS 4 :      -0.00440802 at      1.364 Ang (1.444 Ang by residue) in 2.1066 (sec).
 3-Body A132-ASP 24, A135-LYS 44, A136-CYS 5 :      -0.00388559 at      1.364 Ang (1.444 Ang by residue) in 2.1235 (sec).
 3-Body A132-ASP 24, A135-LYS 44, A136-CYS 7 :      -0.00440802 at      1.364 Ang (1.444 Ang by residue) in 2.1405 (sec).
 3-Body A132-ASP 24, A135-LYS 44, A136-CYD 8 :      -0.01349500 at      1.364 Ang (1.444 Ang by residue) in 2.4332 (sec).
 3-Body A132-ASP 24, A135-LYS 44, A136-CYD 9 :      -0.00423328 at      1.364 Ang (1.444 Ang by residue) in 2.1467 (sec).
 3-Body A132-ASP 24, A135-LYS 44, A136-CYD 10:      -0.01866326 at      1.364 Ang (1.444 Ang by residue) in 2.2684 (sec).
 3-Body A132-ASP 24, A135-LYS 46, A136-CYS 0 :      -0.00913938 at      1.365 Ang (1.444 Ang by residue) in 2.1362 (sec).
 3-Body A132-ASP 24, A135-LYS 46, A136-CYD 1 :      -0.03280522 at      1.365 Ang (1.444 Ang by residue) in 2.2719 (sec).
 3-Body A132-ASP 24, A135-LYS 46, A136-CYS 2 :      -0.00583222 at      1.365 Ang (1.444 Ang by residue) in 2.2186 (sec).
 3-Body A132-ASP 24, A135-LYS 46, A136-CYS 4 :      -0.00910916 at      1.365 Ang (1.444 Ang by residue) in 2.1396 (sec).
 3-Body A132-ASP 24, A135-LYS 46, A136-CYS 5 :      -0.00583222 at      1.365 Ang (1.444 Ang by residue) in 2.1196 (sec).
 3-Body A132-ASP 24, A135-LYS 46, A136-CYS 7 :      -0.00910916 at      1.365 Ang (1.444 Ang by residue) in 2.1297 (sec).
 3-Body A132-ASP 24, A135-LYS 46, A136-CYD 8 :      -0.01879357 at      1.365 Ang (1.444 Ang by residue) in 2.4605 (sec).
 3-Body A132-ASP 24, A135-LYS 46, A136-CYD 9 :      -0.00629080 at      1.365 Ang (1.444 Ang by residue) in 2.3523 (sec).
 3-Body A132-ASP 24, A135-LYS 46, A136-CYD 10:      -0.03228109 at      1.365 Ang (1.444 Ang by residue) in 2.2311 (sec).
 3-Body A132-ASP 24, A135-LYS 47, A136-CYS 0 :      -0.00931495 at      1.362 Ang (1.444 Ang by residue) in 2.0450 (sec).
 3-Body A132-ASP 24, A135-LYS 47, A136-CYD 1 :      -0.03511854 at      1.362 Ang (1.444 Ang by residue) in 2.2210 (sec).
 3-Body A132-ASP 24, A135-LYS 47, A136-CYS 2 :      -0.00579215 at      1.362 Ang (1.444 Ang by residue) in 2.2407 (sec).
 3-Body A132-ASP 24, A135-LYS 47, A136-CYS 4 :      -0.00937793 at      1.362 Ang (1.444 Ang by residue) in 2.1592 (sec).
 3-Body A132-ASP 24, A135-LYS 47, A136-CYS 5 :      -0.00579215 at      1.362 Ang (1.444 Ang by residue) in 2.1837 (sec).
 3-Body A132-ASP 24, A135-LYS 47, A136-CYS 7 :      -0.00937793 at      1.362 Ang (1.444 Ang by residue) in 2.1214 (sec).
 3-Body A132-ASP 24, A135-LYS 47, A136-CYD 8 :      -0.01947475 at      1.362 Ang (1.444 Ang by residue) in 2.0118 (sec).
 3-Body A132-ASP 24, A135-LYS 47, A136-CYD 9 :      -0.00652525 at      1.362 Ang (1.444 Ang by residue) in 2.1618 (sec).
 3-Body A132-ASP 24, A135-LYS 47, A136-CYD 10:      -0.03462615 at      1.362 Ang (1.444 Ang by residue) in 2.2580 (sec).
 3-Body A132-ASP 24, A135-LYS 48, A136-CYS 0 :      -0.00870611 at      1.362 Ang (1.444 Ang by residue) in 2.0532 (sec).
 3-Body A132-ASP 24, A135-LYS 48, A136-CYD 1 :      -0.03230599 at      1.362 Ang (1.444 Ang by residue) in 2.2378 (sec).
 3-Body A132-ASP 24, A135-LYS 48, A136-CYS 2 :      -0.00594335 at      1.362 Ang (1.444 Ang by residue) in 1.9768 (sec).
 3-Body A132-ASP 24, A135-LYS 48, A136-CYS 4 :      -0.00875884 at      1.362 Ang (1.444 Ang by residue) in 1.9170 (sec).
 3-Body A132-ASP 24, A135-LYS 48, A136-CYS 5 :      -0.00594335 at      1.362 Ang (1.444 Ang by residue) in 2.1425 (sec).
 3-Body A132-ASP 24, A135-LYS 48, A136-CYS 7 :      -0.00875884 at      1.362 Ang (1.444 Ang by residue) in 2.0535 (sec).
 3-Body A132-ASP 24, A135-LYS 48, A136-CYD 8 :      -0.01881828 at      1.362 Ang (1.444 Ang by residue) in 2.2266 (sec).
 3-Body A132-ASP 24, A135-LYS 48, A136-CYD 9 :      -0.00632282 at      1.362 Ang (1.444 Ang by residue) in 2.2090 (sec).
 3-Body A132-ASP 24, A135-LYS 48, A136-CYD 10:      -0.03186340 at      1.362 Ang (1.444 Ang by residue) in 2.1842 (sec).
 3-Body A132-ASP 24, A135-LYS 49, A136-CYS 0 :      -0.00896869 at      1.362 Ang (1.444 Ang by residue) in 2.1555 (sec).
 3-Body A132-ASP 24, A135-LYS 49, A136-CYD 1 :      -0.03193160 at      1.362 Ang (1.444 Ang by residue) in 2.2478 (sec).
 3-Body A132-ASP 24, A135-LYS 49, A136-CYS 2 :      -0.00597390 at      1.362 Ang (1.444 Ang by residue) in 2.0965 (sec).
 3-Body A132-ASP 24, A135-LYS 49, A136-CYS 4 :      -0.00899506 at      1.362 Ang (1.444 Ang by residue) in 2.0472 (sec).
 3-Body A132-ASP 24, A135-LYS 49, A136-CYS 5 :      -0.00597390 at      1.362 Ang (1.444 Ang by residue) in 1.9176 (sec).
 3-Body A132-ASP 24, A135-LYS 49, A136-CYS 7 :      -0.00899506 at      1.362 Ang (1.444 Ang by residue) in 2.1896 (sec).
 3-Body A132-ASP 24, A135-LYS 49, A136-CYD 8 :      -0.01852152 at      1.362 Ang (1.444 Ang by residue) in 2.1088 (sec).
 3-Body A132-ASP 24, A135-LYS 49, A136-CYD 9 :      -0.00628074 at      1.362 Ang (1.444 Ang by residue) in 2.1087 (sec).
 3-Body A132-ASP 24, A135-LYS 49, A136-CYD 10:      -0.03149452 at      1.362 Ang (1.444 Ang by residue) in 2.2346 (sec).
 3-Body A132-ASP 24, A135-LYS 52, A136-CYS 0 :      -0.00763472 at      1.388 Ang (1.444 Ang by residue) in 2.0715 (sec).
 3-Body A132-ASP 24, A135-LYS 52, A136-CYD 1 :      -0.02721957 at      1.388 Ang (1.444 Ang by residue) in 2.1025 (sec).
 3-Body A132-ASP 24, A135-LYS 52, A136-CYS 2 :      -0.00534624 at      1.388 Ang (1.444 Ang by residue) in 1.9878 (sec).
 3-Body A132-ASP 24, A135-LYS 52, A136-CYS 4 :      -0.00769359 at      1.388 Ang (1.444 Ang by residue) in 2.0336 (sec).
 3-Body A132-ASP 24, A135-LYS 52, A136-CYS 5 :      -0.00534624 at      1.388 Ang (1.444 Ang by residue) in 2.2200 (sec).
 3-Body A132-ASP 24, A135-LYS 52, A136-CYS 7 :      -0.00769359 at      1.388 Ang (1.444 Ang by residue) in 2.3379 (sec).
 3-Body A132-ASP 24, A135-LYS 52, A136-CYD 8 :      -0.01598900 at      1.388 Ang (1.444 Ang by residue) in 2.3469 (sec).
 3-Body A132-ASP 24, A135-LYS 52, A136-CYD 9 :      -0.00554561 at      1.388 Ang (1.444 Ang by residue) in 2.2472 (sec).
 3-Body A132-ASP 24, A135-LYS 52, A136-CYD 10:      -0.02692351 at      1.388 Ang (1.444 Ang by residue) in 2.2145 (sec).
 3-Body A132-ASP 24, A135-LYS 53, A136-CYS 0 :      -0.00787664 at      1.388 Ang (1.444 Ang by residue) in 2.1071 (sec).
 3-Body A132-ASP 24, A135-LYS 53, A136-CYD 1 :      -0.02686157 at      1.388 Ang (1.444 Ang by residue) in 2.2067 (sec).
 3-Body A132-ASP 24, A135-LYS 53, A136-CYS 2 :      -0.00547899 at      1.388 Ang (1.444 Ang by residue) in 2.1699 (sec).
 3-Body A132-ASP 24, A135-LYS 53, A136-CYS 4 :      -0.00792074 at      1.388 Ang (1.444 Ang by residue) in 2.0615 (sec).
 3-Body A132-ASP 24, A135-LYS 53, A136-CYS 5 :      -0.00547899 at      1.388 Ang (1.444 Ang by residue) in 2.0681 (sec).
 3-Body A132-ASP 24, A135-LYS 53, A136-CYS 7 :      -0.00792074 at      1.388 Ang (1.444 Ang by residue) in 2.1284 (sec).
 3-Body A132-ASP 24, A135-LYS 53, A136-CYD 8 :      -0.01582815 at      1.388 Ang (1.444 Ang by residue) in 2.2786 (sec).
 3-Body A132-ASP 24, A135-LYS 53, A136-CYD 9 :      -0.00553726 at      1.388 Ang (1.444 Ang by residue) in 2.2890 (sec).
 3-Body A132-ASP 24, A135-LYS 53, A136-CYD 10:      -0.02657317 at      1.388 Ang (1.444 Ang by residue) in 2.3470 (sec).
 3-Body A132-ASP 24, A135-LYS 54, A136-CYS 0 :      -0.00776091 at      1.388 Ang (1.444 Ang by residue) in 2.2193 (sec).
 3-Body A132-ASP 24, A135-LYS 54, A136-CYD 1 :      -0.02747651 at      1.388 Ang (1.444 Ang by residue) in 2.3015 (sec).
 3-Body A132-ASP 24, A135-LYS 54, A136-CYS 2 :      -0.00525028 at      1.388 Ang (1.444 Ang by residue) in 2.3582 (sec).
 3-Body A132-ASP 24, A135-LYS 54, A136-CYS 4 :      -0.00781850 at      1.388 Ang (1.444 Ang by residue) in 2.2586 (sec).
 3-Body A132-ASP 24, A135-LYS 54, A136-CYS 5 :      -0.00525028 at      1.388 Ang (1.444 Ang by residue) in 2.2130 (sec).
 3-Body A132-ASP 24, A135-LYS 54, A136-CYS 7 :      -0.00781850 at      1.388 Ang (1.444 Ang by residue) in 2.2338 (sec).
 3-Body A132-ASP 24, A135-LYS 54, A136-CYD 8 :      -0.01584320 at      1.388 Ang (1.444 Ang by residue) in 2.2162 (sec).
 3-Body A132-ASP 24, A135-LYS 54, A136-CYD 9 :      -0.00552809 at      1.388 Ang (1.444 Ang by residue) in 2.2843 (sec).
 3-Body A132-ASP 24, A135-LYS 54, A136-CYD 10:      -0.02718158 at      1.388 Ang (1.444 Ang by residue) in 2.2233 (sec).
 3-Body A132-ASP 24, A135-LYS 55, A136-CYS 0 :      -0.00767748 at      1.388 Ang (1.444 Ang by residue) in 2.1506 (sec).
 3-Body A132-ASP 24, A135-LYS 55, A136-CYD 1 :      -0.02668283 at      1.388 Ang (1.444 Ang by residue) in 2.1994 (sec).
 3-Body A132-ASP 24, A135-LYS 55, A136-CYS 2 :      -0.00540928 at      1.388 Ang (1.444 Ang by residue) in 2.0429 (sec).
 3-Body A132-ASP 24, A135-LYS 55, A136-CYS 4 :      -0.00771737 at      1.388 Ang (1.444 Ang by residue) in 2.1600 (sec).
 3-Body A132-ASP 24, A135-LYS 55, A136-CYS 5 :      -0.00540928 at      1.388 Ang (1.444 Ang by residue) in 2.1405 (sec).
 3-Body A132-ASP 24, A135-LYS 55, A136-CYS 7 :      -0.00771737 at      1.388 Ang (1.444 Ang by residue) in 2.1511 (sec).
 3-Body A132-ASP 24, A135-LYS 55, A136-CYD 8 :      -0.01585024 at      1.388 Ang (1.444 Ang by residue) in 2.3710 (sec).
 3-Body A132-ASP 24, A135-LYS 55, A136-CYD 9 :      -0.00553874 at      1.388 Ang (1.444 Ang by residue) in 2.1628 (sec).
 3-Body A132-ASP 24, A135-LYS 55, A136-CYD 10:      -0.02639683 at      1.388 Ang (1.444 Ang by residue) in 2.2313 (sec).
 3-Body A132-ASP 25, A135-LYS 0 , A136-CYS 0 :      -0.00454491 at      1.362 Ang (1.444 Ang by residue) in 2.1638 (sec).
 3-Body A132-ASP 25, A135-LYS 0 , A136-CYD 1 :      -0.02320457 at      1.362 Ang (1.444 Ang by residue) in 2.0475 (sec).
 3-Body A132-ASP 25, A135-LYS 0 , A136-CYS 2 :      -0.00290438 at      1.362 Ang (1.444 Ang by residue) in 2.0892 (sec).
 3-Body A132-ASP 25, A135-LYS 0 , A136-CYS 4 :      -0.00462646 at      1.362 Ang (1.444 Ang by residue) in 2.0287 (sec).
 3-Body A132-ASP 25, A135-LYS 0 , A136-CYS 5 :      -0.00290438 at      1.362 Ang (1.444 Ang by residue) in 2.0250 (sec).
 3-Body A132-ASP 25, A135-LYS 0 , A136-CYS 7 :      -0.00462646 at      1.362 Ang (1.444 Ang by residue) in 2.0409 (sec).
 3-Body A132-ASP 25, A135-LYS 0 , A136-CYD 8 :      -0.01210689 at      1.362 Ang (1.444 Ang by residue) in 2.1147 (sec).
 3-Body A132-ASP 25, A135-LYS 0 , A136-CYD 9 :      -0.00343481 at      1.362 Ang (1.444 Ang by residue) in 2.1430 (sec).
 3-Body A132-ASP 25, A135-LYS 0 , A136-CYD 10:      -0.02283774 at      1.362 Ang (1.444 Ang by residue) in 2.0803 (sec).
 3-Body A132-ASP 25, A135-LYD 1 , A136-CYS 0 :      -0.00655086 at      1.362 Ang (1.444 Ang by residue) in 2.0424 (sec).
 3-Body A132-ASP 25, A135-LYD 1 , A136-CYD 1 :      -0.02408214 at      1.362 Ang (1.444 Ang by residue) in 2.2081 (sec).
 3-Body A132-ASP 25, A135-LYD 1 , A136-CYS 2 :      -0.00360120 at      1.362 Ang (1.444 Ang by residue) in 2.1479 (sec).
 3-Body A132-ASP 25, A135-LYD 1 , A136-CYS 4 :      -0.00653776 at      1.362 Ang (1.444 Ang by residue) in 2.0842 (sec).
 3-Body A132-ASP 25, A135-LYD 1 , A136-CYS 5 :      -0.00360120 at      1.362 Ang (1.444 Ang by residue) in 2.0413 (sec).
 3-Body A132-ASP 25, A135-LYD 1 , A136-CYS 7 :      -0.00653776 at      1.362 Ang (1.444 Ang by residue) in 2.1723 (sec).
 3-Body A132-ASP 25, A135-LYD 1 , A136-CYD 8 :      -0.01199897 at      1.362 Ang (1.444 Ang by residue) in 2.2596 (sec).
 3-Body A132-ASP 25, A135-LYD 1 , A136-CYD 9 :      -0.00363936 at      1.362 Ang (1.444 Ang by residue) in 2.1815 (sec).
 3-Body A132-ASP 25, A135-LYD 1 , A136-CYD 10:      -0.02368375 at      1.362 Ang (1.444 Ang by residue) in 2.1627 (sec).
 3-Body A132-ASP 25, A135-LYD 7 , A136-CYS 0 :      -0.00391385 at      1.389 Ang (1.444 Ang by residue) in 2.0691 (sec).
 3-Body A132-ASP 25, A135-LYD 7 , A136-CYD 1 :      -0.01753774 at      1.389 Ang (1.444 Ang by residue) in 2.0386 (sec).
 3-Body A132-ASP 25, A135-LYD 7 , A136-CYS 2 :      -0.00187255 at      1.389 Ang (1.444 Ang by residue) in 2.0139 (sec).
 3-Body A132-ASP 25, A135-LYD 7 , A136-CYS 4 :      -0.00397791 at      1.389 Ang (1.444 Ang by residue) in 2.0794 (sec).
 3-Body A132-ASP 25, A135-LYD 7 , A136-CYS 5 :      -0.00187255 at      1.389 Ang (1.444 Ang by residue) in 2.0632 (sec).
 3-Body A132-ASP 25, A135-LYD 7 , A136-CYS 7 :      -0.00397791 at      1.389 Ang (1.444 Ang by residue) in 2.1753 (sec).
 3-Body A132-ASP 25, A135-LYD 7 , A136-CYD 8 :      -0.00722655 at      1.389 Ang (1.444 Ang by residue) in 2.1409 (sec).
 3-Body A132-ASP 25, A135-LYD 7 , A136-CYD 9 :      -0.00232868 at      1.389 Ang (1.444 Ang by residue) in 2.2478 (sec).
 3-Body A132-ASP 25, A135-LYD 7 , A136-CYD 10:      -0.01740283 at      1.389 Ang (1.444 Ang by residue) in 1.9962 (sec).
 3-Body A132-ASP 25, A135-LYD 8 , A136-CYS 0 :      -0.00383971 at      1.389 Ang (1.444 Ang by residue) in 2.0861 (sec).
 3-Body A132-ASP 25, A135-LYD 8 , A136-CYD 1 :      -0.01730091 at      1.389 Ang (1.444 Ang by residue) in 2.0588 (sec).
 3-Body A132-ASP 25, A135-LYD 8 , A136-CYS 2 :      -0.00184751 at      1.389 Ang (1.444 Ang by residue) in 2.0522 (sec).
 3-Body A132-ASP 25, A135-LYD 8 , A136-CYS 4 :      -0.00390661 at      1.389 Ang (1.444 Ang by residue) in 2.0886 (sec).
 3-Body A132-ASP 25, A135-LYD 8 , A136-CYS 5 :      -0.00184751 at      1.389 Ang (1.444 Ang by residue) in 2.0273 (sec).
 3-Body A132-ASP 25, A135-LYD 8 , A136-CYS 7 :      -0.00390661 at      1.389 Ang (1.444 Ang by residue) in 1.9525 (sec).
 3-Body A132-ASP 25, A135-LYD 8 , A136-CYD 8 :      -0.00716265 at      1.389 Ang (1.444 Ang by residue) in 2.0916 (sec).
 3-Body A132-ASP 25, A135-LYD 8 , A136-CYD 9 :      -0.00228756 at      1.389 Ang (1.444 Ang by residue) in 2.0162 (sec).
 3-Body A132-ASP 25, A135-LYD 8 , A136-CYD 10:      -0.01716641 at      1.389 Ang (1.444 Ang by residue) in 2.1361 (sec).
 3-Body A132-ASP 25, A135-LYD 9 , A136-CYS 0 :      -0.00384371 at      1.389 Ang (1.444 Ang by residue) in 2.0375 (sec).
 3-Body A132-ASP 25, A135-LYD 9 , A136-CYD 1 :      -0.01739385 at      1.389 Ang (1.444 Ang by residue) in 2.0888 (sec).
 3-Body A132-ASP 25, A135-LYD 9 , A136-CYS 2 :      -0.00184162 at      1.389 Ang (1.444 Ang by residue) in 1.8425 (sec).
 3-Body A132-ASP 25, A135-LYD 9 , A136-CYS 4 :      -0.00391027 at      1.389 Ang (1.444 Ang by residue) in 2.0154 (sec).
 3-Body A132-ASP 25, A135-LYD 9 , A136-CYS 5 :      -0.00184162 at      1.389 Ang (1.444 Ang by residue) in 2.1487 (sec).
 3-Body A132-ASP 25, A135-LYD 9 , A136-CYS 7 :      -0.00391027 at      1.389 Ang (1.444 Ang by residue) in 2.0776 (sec).
 3-Body A132-ASP 25, A135-LYD 9 , A136-CYD 8 :      -0.00718834 at      1.389 Ang (1.444 Ang by residue) in 2.1748 (sec).
 3-Body A132-ASP 25, A135-LYD 9 , A136-CYD 9 :      -0.00229312 at      1.389 Ang (1.444 Ang by residue) in 2.1719 (sec).
 3-Body A132-ASP 25, A135-LYD 9 , A136-CYD 10:      -0.01725855 at      1.389 Ang (1.444 Ang by residue) in 2.2707 (sec).
 3-Body A132-ASP 25, A135-LYD 10, A136-CYS 0 :      -0.00900836 at      1.343 Ang (1.444 Ang by residue) in 2.2553 (sec).
 3-Body A132-ASP 25, A135-LYD 10, A136-CYD 1 :      -0.04232305 at      1.343 Ang (1.444 Ang by residue) in 2.1788 (sec).
 3-Body A132-ASP 25, A135-LYD 10, A136-CYS 2 :      -0.00469995 at      1.343 Ang (1.444 Ang by residue) in 2.0531 (sec).
 3-Body A132-ASP 25, A135-LYD 10, A136-CYS 4 :      -0.00917992 at      1.343 Ang (1.444 Ang by residue) in 2.0050 (sec).
 3-Body A132-ASP 25, A135-LYD 10, A136-CYS 5 :      -0.00469995 at      1.343 Ang (1.444 Ang by residue) in 2.0791 (sec).
 3-Body A132-ASP 25, A135-LYD 10, A136-CYS 7 :      -0.00917992 at      1.343 Ang (1.444 Ang by residue) in 2.1236 (sec).
 3-Body A132-ASP 25, A135-LYD 10, A136-CYD 8 :      -0.01597352 at      1.343 Ang (1.444 Ang by residue) in 2.1216 (sec).
 3-Body A132-ASP 25, A135-LYD 10, A136-CYD 9 :      -0.00538912 at      1.343 Ang (1.444 Ang by residue) in 2.1726 (sec).
 3-Body A132-ASP 25, A135-LYD 10, A136-CYD 10:      -0.04199543 at      1.343 Ang (1.444 Ang by residue) in 2.2226 (sec).
 3-Body A132-ASP 25, A135-LYD 11, A136-CYS 0 :      -0.00451568 at      1.340 Ang (1.444 Ang by residue) in 2.1542 (sec).
 3-Body A132-ASP 25, A135-LYD 11, A136-CYD 1 :      -0.03008211 at      1.340 Ang (1.444 Ang by residue) in 2.2414 (sec).
 3-Body A132-ASP 25, A135-LYD 11, A136-CYS 2 :      -0.00359566 at      1.340 Ang (1.444 Ang by residue) in 2.1214 (sec).
 3-Body A132-ASP 25, A135-LYD 11, A136-CYS 4 :      -0.00462887 at      1.340 Ang (1.444 Ang by residue) in 2.1406 (sec).
 3-Body A132-ASP 25, A135-LYD 11, A136-CYS 5 :      -0.00359566 at      1.340 Ang (1.444 Ang by residue) in 2.0790 (sec).
 3-Body A132-ASP 25, A135-LYD 11, A136-CYS 7 :      -0.00462887 at      1.340 Ang (1.444 Ang by residue) in 2.0945 (sec).
 3-Body A132-ASP 25, A135-LYD 11, A136-CYD 8 :      -0.01556508 at      1.340 Ang (1.444 Ang by residue) in 2.2073 (sec).
 3-Body A132-ASP 25, A135-LYD 11, A136-CYD 9 :      -0.00472954 at      1.340 Ang (1.444 Ang by residue) in 2.2718 (sec).
 3-Body A132-ASP 25, A135-LYD 11, A136-CYD 10:      -0.02958449 at      1.340 Ang (1.444 Ang by residue) in 2.2798 (sec).
 3-Body A132-ASP 25, A135-LYD 12, A136-CYS 0 :      -0.00523712 at      1.389 Ang (1.444 Ang by residue) in 2.1780 (sec).
 3-Body A132-ASP 25, A135-LYD 12, A136-CYD 1 :      -0.02257254 at      1.389 Ang (1.444 Ang by residue) in 2.2183 (sec).
 3-Body A132-ASP 25, A135-LYD 12, A136-CYS 2 :      -0.00248364 at      1.389 Ang (1.444 Ang by residue) in 2.2475 (sec).
 3-Body A132-ASP 25, A135-LYD 12, A136-CYS 4 :      -0.00531938 at      1.389 Ang (1.444 Ang by residue) in 2.1937 (sec).
 3-Body A132-ASP 25, A135-LYD 12, A136-CYS 5 :      -0.00248364 at      1.389 Ang (1.444 Ang by residue) in 2.2609 (sec).
 3-Body A132-ASP 25, A135-LYD 12, A136-CYS 7 :      -0.00531938 at      1.389 Ang (1.444 Ang by residue) in 2.1806 (sec).
 3-Body A132-ASP 25, A135-LYD 12, A136-CYD 8 :      -0.00888129 at      1.389 Ang (1.444 Ang by residue) in 2.3086 (sec).
 3-Body A132-ASP 25, A135-LYD 12, A136-CYD 9 :      -0.00308085 at      1.389 Ang (1.444 Ang by residue) in 2.4848 (sec).
 3-Body A132-ASP 25, A135-LYD 12, A136-CYD 10:      -0.02243479 at      1.389 Ang (1.444 Ang by residue) in 2.3310 (sec).
 3-Body A132-ASP 25, A135-LYD 13, A136-CYS 0 :      -0.00528229 at      1.389 Ang (1.444 Ang by residue) in 2.0590 (sec).
 3-Body A132-ASP 25, A135-LYD 13, A136-CYD 1 :      -0.02281849 at      1.389 Ang (1.444 Ang by residue) in 2.2400 (sec).
 3-Body A132-ASP 25, A135-LYD 13, A136-CYS 2 :      -0.00249730 at      1.389 Ang (1.444 Ang by residue) in 2.0829 (sec).
 3-Body A132-ASP 25, A135-LYD 13, A136-CYS 4 :      -0.00536467 at      1.389 Ang (1.444 Ang by residue) in 2.1436 (sec).
 3-Body A132-ASP 25, A135-LYD 13, A136-CYS 5 :      -0.00249730 at      1.389 Ang (1.444 Ang by residue) in 2.1545 (sec).
 3-Body A132-ASP 25, A135-LYD 13, A136-CYS 7 :      -0.00536467 at      1.389 Ang (1.444 Ang by residue) in 2.2208 (sec).
 3-Body A132-ASP 25, A135-LYD 13, A136-CYD 8 :      -0.00896041 at      1.389 Ang (1.444 Ang by residue) in 2.3347 (sec).
 3-Body A132-ASP 25, A135-LYD 13, A136-CYD 9 :      -0.00311018 at      1.389 Ang (1.444 Ang by residue) in 2.3233 (sec).
 3-Body A132-ASP 25, A135-LYD 13, A136-CYD 10:      -0.02267889 at      1.389 Ang (1.444 Ang by residue) in 2.3016 (sec).
 3-Body A132-ASP 25, A135-LYD 14, A136-CYS 0 :      -0.00555033 at      1.389 Ang (1.444 Ang by residue) in 2.1754 (sec).
 3-Body A132-ASP 25, A135-LYD 14, A136-CYD 1 :      -0.02355947 at      1.389 Ang (1.444 Ang by residue) in 2.1704 (sec).
 3-Body A132-ASP 25, A135-LYD 14, A136-CYS 2 :      -0.00257526 at      1.389 Ang (1.444 Ang by residue) in 2.1841 (sec).
 3-Body A132-ASP 25, A135-LYD 14, A136-CYS 4 :      -0.00562598 at      1.389 Ang (1.444 Ang by residue) in 2.0841 (sec).
 3-Body A132-ASP 25, A135-LYD 14, A136-CYS 5 :      -0.00257526 at      1.389 Ang (1.444 Ang by residue) in 2.2814 (sec).
 3-Body A132-ASP 25, A135-LYD 14, A136-CYS 7 :      -0.00562598 at      1.389 Ang (1.444 Ang by residue) in 2.1298 (sec).
 3-Body A132-ASP 25, A135-LYD 14, A136-CYD 8 :      -0.00910244 at      1.389 Ang (1.444 Ang by residue) in 2.1842 (sec).
 3-Body A132-ASP 25, A135-LYD 14, A136-CYD 9 :      -0.00323145 at      1.389 Ang (1.444 Ang by residue) in 2.3278 (sec).
 3-Body A132-ASP 25, A135-LYD 14, A136-CYD 10:      -0.02341810 at      1.389 Ang (1.444 Ang by residue) in 2.2619 (sec).
 3-Body A132-ASP 25, A135-LYD 15, A136-CYS 0 :      -0.00596949 at      1.389 Ang (1.444 Ang by residue) in 2.0958 (sec).
 3-Body A132-ASP 25, A135-LYD 15, A136-CYD 1 :      -0.02465148 at      1.389 Ang (1.444 Ang by residue) in 2.1089 (sec).
 3-Body A132-ASP 25, A135-LYD 15, A136-CYS 2 :      -0.00276535 at      1.389 Ang (1.444 Ang by residue) in 2.0851 (sec).
 3-Body A132-ASP 25, A135-LYD 15, A136-CYS 4 :      -0.00604164 at      1.389 Ang (1.444 Ang by residue) in 2.2543 (sec).
 3-Body A132-ASP 25, A135-LYD 15, A136-CYS 5 :      -0.00276535 at      1.389 Ang (1.444 Ang by residue) in 2.1144 (sec).
 3-Body A132-ASP 25, A135-LYD 15, A136-CYS 7 :      -0.00604164 at      1.389 Ang (1.444 Ang by residue) in 2.1641 (sec).
 3-Body A132-ASP 25, A135-LYD 15, A136-CYD 8 :      -0.00962583 at      1.389 Ang (1.444 Ang by residue) in 2.2941 (sec).
 3-Body A132-ASP 25, A135-LYD 15, A136-CYD 9 :      -0.00338530 at      1.389 Ang (1.444 Ang by residue) in 2.1131 (sec).
 3-Body A132-ASP 25, A135-LYD 15, A136-CYD 10:      -0.02447355 at      1.389 Ang (1.444 Ang by residue) in 2.1975 (sec).
 3-Body A132-ASP 25, A135-LYD 16, A136-CYS 0 :      -0.00558742 at      1.389 Ang (1.444 Ang by residue) in 2.2094 (sec).
 3-Body A132-ASP 25, A135-LYD 16, A136-CYD 1 :      -0.02397221 at      1.389 Ang (1.444 Ang by residue) in 2.1564 (sec).
 3-Body A132-ASP 25, A135-LYD 16, A136-CYS 2 :      -0.00261632 at      1.389 Ang (1.444 Ang by residue) in 2.3351 (sec).
 3-Body A132-ASP 25, A135-LYD 16, A136-CYS 4 :      -0.00567894 at      1.389 Ang (1.444 Ang by residue) in 2.0953 (sec).
 3-Body A132-ASP 25, A135-LYD 16, A136-CYS 5 :      -0.00261632 at      1.389 Ang (1.444 Ang by residue) in 2.2955 (sec).
 3-Body A132-ASP 25, A135-LYD 16, A136-CYS 7 :      -0.00567894 at      1.389 Ang (1.444 Ang by residue) in 2.2322 (sec).
 3-Body A132-ASP 25, A135-LYD 16, A136-CYD 8 :      -0.00940844 at      1.389 Ang (1.444 Ang by residue) in 2.4100 (sec).
 3-Body A132-ASP 25, A135-LYD 16, A136-CYD 9 :      -0.00328305 at      1.389 Ang (1.444 Ang by residue) in 2.2253 (sec).
 3-Body A132-ASP 25, A135-LYD 16, A136-CYD 10:      -0.02381538 at      1.389 Ang (1.444 Ang by residue) in 2.2490 (sec).
 3-Body A132-ASP 25, A135-LYD 19, A136-CYS 0 :      -0.00635375 at      1.365 Ang (1.444 Ang by residue) in 2.3110 (sec).
 3-Body A132-ASP 25, A135-LYD 19, A136-CYD 1 :      -0.02458114 at      1.365 Ang (1.444 Ang by residue) in 2.2256 (sec).
 3-Body A132-ASP 25, A135-LYD 19, A136-CYS 2 :      -0.00356518 at      1.365 Ang (1.444 Ang by residue) in 2.2294 (sec).
 3-Body A132-ASP 25, A135-LYD 19, A136-CYS 4 :      -0.00635983 at      1.365 Ang (1.444 Ang by residue) in 2.2657 (sec).
 3-Body A132-ASP 25, A135-LYD 19, A136-CYS 5 :      -0.00356518 at      1.365 Ang (1.444 Ang by residue) in 2.2068 (sec).
 3-Body A132-ASP 25, A135-LYD 19, A136-CYS 7 :      -0.00635983 at      1.365 Ang (1.444 Ang by residue) in 2.2048 (sec).
 3-Body A132-ASP 25, A135-LYD 19, A136-CYD 8 :      -0.01225906 at      1.365 Ang (1.444 Ang by residue) in 2.3141 (sec).
 3-Body A132-ASP 25, A135-LYD 19, A136-CYD 9 :      -0.00375076 at      1.365 Ang (1.444 Ang by residue) in 2.3101 (sec).
 3-Body A132-ASP 25, A135-LYD 19, A136-CYD 10:      -0.02418748 at      1.365 Ang (1.444 Ang by residue) in 2.2987 (sec).
 3-Body A132-ASP 25, A135-LYD 20, A136-CYS 0 :      -0.00662813 at      1.362 Ang (1.444 Ang by residue) in 2.1884 (sec).
 3-Body A132-ASP 25, A135-LYD 20, A136-CYD 1 :      -0.02513167 at      1.362 Ang (1.444 Ang by residue) in 2.2507 (sec).
 3-Body A132-ASP 25, A135-LYD 20, A136-CYS 2 :      -0.00378330 at      1.362 Ang (1.444 Ang by residue) in 2.2180 (sec).
 3-Body A132-ASP 25, A135-LYD 20, A136-CYS 4 :      -0.00663047 at      1.362 Ang (1.444 Ang by residue) in 2.2840 (sec).
 3-Body A132-ASP 25, A135-LYD 20, A136-CYS 5 :      -0.00378330 at      1.362 Ang (1.444 Ang by residue) in 2.2150 (sec).
 3-Body A132-ASP 25, A135-LYD 20, A136-CYS 7 :      -0.00663047 at      1.362 Ang (1.444 Ang by residue) in 2.2005 (sec).
 3-Body A132-ASP 25, A135-LYD 20, A136-CYD 8 :      -0.01277892 at      1.362 Ang (1.444 Ang by residue) in 2.2293 (sec).
 3-Body A132-ASP 25, A135-LYD 20, A136-CYD 9 :      -0.00382773 at      1.362 Ang (1.444 Ang by residue) in 2.1418 (sec).
 3-Body A132-ASP 25, A135-LYD 20, A136-CYD 10:      -0.02471543 at      1.362 Ang (1.444 Ang by residue) in 2.3118 (sec).
 3-Body A132-ASP 25, A135-LYD 21, A136-CYS 0 :      -0.00655145 at      1.362 Ang (1.444 Ang by residue) in 2.2286 (sec).
 3-Body A132-ASP 25, A135-LYD 21, A136-CYD 1 :      -0.02408339 at      1.362 Ang (1.444 Ang by residue) in 2.2964 (sec).
 3-Body A132-ASP 25, A135-LYD 21, A136-CYS 2 :      -0.00360152 at      1.362 Ang (1.444 Ang by residue) in 2.1586 (sec).
 3-Body A132-ASP 25, A135-LYD 21, A136-CYS 4 :      -0.00653841 at      1.362 Ang (1.444 Ang by residue) in 2.1612 (sec).
 3-Body A132-ASP 25, A135-LYD 21, A136-CYS 5 :      -0.00360152 at      1.362 Ang (1.444 Ang by residue) in 2.1900 (sec).
 3-Body A132-ASP 25, A135-LYD 21, A136-CYS 7 :      -0.00653841 at      1.362 Ang (1.444 Ang by residue) in 2.1955 (sec).
 3-Body A132-ASP 25, A135-LYD 21, A136-CYD 8 :      -0.01199908 at      1.362 Ang (1.444 Ang by residue) in 2.3407 (sec).
 3-Body A132-ASP 25, A135-LYD 21, A136-CYD 9 :      -0.00363944 at      1.362 Ang (1.444 Ang by residue) in 2.2177 (sec).
 3-Body A132-ASP 25, A135-LYD 21, A136-CYD 10:      -0.02368508 at      1.362 Ang (1.444 Ang by residue) in 2.3410 (sec).
 3-Body A132-ASP 25, A135-LYD 22, A136-CYS 0 :      -0.00626665 at      1.362 Ang (1.444 Ang by residue) in 2.0815 (sec).
 3-Body A132-ASP 25, A135-LYD 22, A136-CYD 1 :      -0.02369116 at      1.362 Ang (1.444 Ang by residue) in 2.3058 (sec).
 3-Body A132-ASP 25, A135-LYD 22, A136-CYS 2 :      -0.00350336 at      1.362 Ang (1.444 Ang by residue) in 2.0227 (sec).
 3-Body A132-ASP 25, A135-LYD 22, A136-CYS 4 :      -0.00626799 at      1.362 Ang (1.444 Ang by residue) in 2.3012 (sec).
 3-Body A132-ASP 25, A135-LYD 22, A136-CYS 5 :      -0.00350336 at      1.362 Ang (1.444 Ang by residue) in 2.1913 (sec).
 3-Body A132-ASP 25, A135-LYD 22, A136-CYS 7 :      -0.00626799 at      1.362 Ang (1.444 Ang by residue) in 2.1916 (sec).
 3-Body A132-ASP 25, A135-LYD 22, A136-CYD 8 :      -0.01188784 at      1.362 Ang (1.444 Ang by residue) in 2.2216 (sec).
 3-Body A132-ASP 25, A135-LYD 22, A136-CYD 9 :      -0.00359107 at      1.362 Ang (1.444 Ang by residue) in 2.3113 (sec).
 3-Body A132-ASP 25, A135-LYD 22, A136-CYD 10:      -0.02330797 at      1.362 Ang (1.444 Ang by residue) in 2.2876 (sec).
 3-Body A132-ASP 25, A135-LYD 25, A136-CYS 0 :      -0.00495841 at      1.388 Ang (1.444 Ang by residue) in 2.0689 (sec).
 3-Body A132-ASP 25, A135-LYD 25, A136-CYD 1 :      -0.01870622 at      1.388 Ang (1.444 Ang by residue) in 2.0906 (sec).
 3-Body A132-ASP 25, A135-LYD 25, A136-CYS 2 :      -0.00284929 at      1.388 Ang (1.444 Ang by residue) in 2.2010 (sec).
 3-Body A132-ASP 25, A135-LYD 25, A136-CYS 4 :      -0.00497766 at      1.388 Ang (1.444 Ang by residue) in 2.2610 (sec).
 3-Body A132-ASP 25, A135-LYD 25, A136-CYS 5 :      -0.00284929 at      1.388 Ang (1.444 Ang by residue) in 2.1369 (sec).
 3-Body A132-ASP 25, A135-LYD 25, A136-CYS 7 :      -0.00497766 at      1.388 Ang (1.444 Ang by residue) in 2.1926 (sec).
 3-Body A132-ASP 25, A135-LYD 25, A136-CYD 8 :      -0.00959328 at      1.388 Ang (1.444 Ang by residue) in 2.2468 (sec).
 3-Body A132-ASP 25, A135-LYD 25, A136-CYD 9 :      -0.00276480 at      1.388 Ang (1.444 Ang by residue) in 2.2337 (sec).
 3-Body A132-ASP 25, A135-LYD 25, A136-CYD 10:      -0.01843843 at      1.388 Ang (1.444 Ang by residue) in 2.1689 (sec).
 3-Body A132-ASP 25, A135-LYD 26, A136-CYS 0 :      -0.00479584 at      1.388 Ang (1.444 Ang by residue) in 2.0656 (sec).
 3-Body A132-ASP 25, A135-LYD 26, A136-CYD 1 :      -0.01849956 at      1.388 Ang (1.444 Ang by residue) in 1.9821 (sec).
 3-Body A132-ASP 25, A135-LYD 26, A136-CYS 2 :      -0.00277458 at      1.388 Ang (1.444 Ang by residue) in 2.0825 (sec).
 3-Body A132-ASP 25, A135-LYD 26, A136-CYS 4 :      -0.00482201 at      1.388 Ang (1.444 Ang by residue) in 2.0726 (sec).
 3-Body A132-ASP 25, A135-LYD 26, A136-CYS 5 :      -0.00277458 at      1.388 Ang (1.444 Ang by residue) in 2.0463 (sec).
 3-Body A132-ASP 25, A135-LYD 26, A136-CYS 7 :      -0.00482201 at      1.388 Ang (1.444 Ang by residue) in 2.0207 (sec).
 3-Body A132-ASP 25, A135-LYD 26, A136-CYD 8 :      -0.00949000 at      1.388 Ang (1.444 Ang by residue) in 2.2295 (sec).
 3-Body A132-ASP 25, A135-LYD 26, A136-CYD 9 :      -0.00273712 at      1.388 Ang (1.444 Ang by residue) in 2.2504 (sec).
 3-Body A132-ASP 25, A135-LYD 26, A136-CYD 10:      -0.01823968 at      1.388 Ang (1.444 Ang by residue) in 2.2716 (sec).
 3-Body A132-ASP 25, A135-LYD 27, A136-CYS 0 :      -0.00476382 at      1.388 Ang (1.444 Ang by residue) in 2.2318 (sec).
 3-Body A132-ASP 25, A135-LYD 27, A136-CYD 1 :      -0.01870314 at      1.388 Ang (1.444 Ang by residue) in 2.3470 (sec).
 3-Body A132-ASP 25, A135-LYD 27, A136-CYS 2 :      -0.00275587 at      1.388 Ang (1.444 Ang by residue) in 2.2005 (sec).
 3-Body A132-ASP 25, A135-LYD 27, A136-CYS 4 :      -0.00479396 at      1.388 Ang (1.444 Ang by residue) in 2.1106 (sec).
 3-Body A132-ASP 25, A135-LYD 27, A136-CYS 5 :      -0.00275587 at      1.388 Ang (1.444 Ang by residue) in 2.1760 (sec).
 3-Body A132-ASP 25, A135-LYD 27, A136-CYS 7 :      -0.00479396 at      1.388 Ang (1.444 Ang by residue) in 2.0509 (sec).
 3-Body A132-ASP 25, A135-LYD 27, A136-CYD 8 :      -0.00961899 at      1.388 Ang (1.444 Ang by residue) in 2.1887 (sec).
 3-Body A132-ASP 25, A135-LYD 27, A136-CYD 9 :      -0.00275450 at      1.388 Ang (1.444 Ang by residue) in 2.3102 (sec).
 3-Body A132-ASP 25, A135-LYD 27, A136-CYD 10:      -0.01843871 at      1.388 Ang (1.444 Ang by residue) in 2.2567 (sec).
 3-Body A132-ASP 25, A135-LYD 28, A136-CYS 0 :      -0.00478724 at      1.388 Ang (1.444 Ang by residue) in 2.0929 (sec).
 3-Body A132-ASP 25, A135-LYD 28, A136-CYD 1 :      -0.01858441 at      1.388 Ang (1.444 Ang by residue) in 2.1044 (sec).
 3-Body A132-ASP 25, A135-LYD 28, A136-CYS 2 :      -0.00276647 at      1.388 Ang (1.444 Ang by residue) in 1.9591 (sec).
 3-Body A132-ASP 25, A135-LYD 28, A136-CYS 4 :      -0.00481401 at      1.388 Ang (1.444 Ang by residue) in 2.2154 (sec).
 3-Body A132-ASP 25, A135-LYD 28, A136-CYS 5 :      -0.00276647 at      1.388 Ang (1.444 Ang by residue) in 2.1985 (sec).
 3-Body A132-ASP 25, A135-LYD 28, A136-CYS 7 :      -0.00481401 at      1.388 Ang (1.444 Ang by residue) in 2.3614 (sec).
 3-Body A132-ASP 25, A135-LYD 28, A136-CYD 8 :      -0.00950020 at      1.388 Ang (1.444 Ang by residue) in 2.3190 (sec).
 3-Body A132-ASP 25, A135-LYD 28, A136-CYD 9 :      -0.00274578 at      1.388 Ang (1.444 Ang by residue) in 2.2386 (sec).
 3-Body A132-ASP 25, A135-LYD 28, A136-CYD 10:      -0.01832531 at      1.388 Ang (1.444 Ang by residue) in 2.3300 (sec).
 3-Body A132-ASP 25, A135-LYS 30, A136-CYS 0 :      -0.00180218 at      1.360 Ang (1.444 Ang by residue) in 2.1640 (sec).
 3-Body A132-ASP 25, A135-LYS 30, A136-CYD 1 :      -0.01302553 at      1.360 Ang (1.444 Ang by residue) in 2.3127 (sec).
 3-Body A132-ASP 25, A135-LYS 30, A136-CYS 2 :      -0.00121357 at      1.360 Ang (1.444 Ang by residue) in 2.1622 (sec).
 3-Body A132-ASP 25, A135-LYS 30, A136-CYS 4 :      -0.00181634 at      1.360 Ang (1.444 Ang by residue) in 2.0831 (sec).
 3-Body A132-ASP 25, A135-LYS 30, A136-CYS 5 :      -0.00121357 at      1.360 Ang (1.444 Ang by residue) in 2.1373 (sec).
 3-Body A132-ASP 25, A135-LYS 30, A136-CYS 7 :      -0.00181634 at      1.360 Ang (1.444 Ang by residue) in 2.1667 (sec).
 3-Body A132-ASP 25, A135-LYS 30, A136-CYD 8 :      -0.00724600 at      1.360 Ang (1.444 Ang by residue) in 2.2307 (sec).
 3-Body A132-ASP 25, A135-LYS 30, A136-CYD 9 :      -0.00187320 at      1.360 Ang (1.444 Ang by residue) in 2.3599 (sec).
 3-Body A132-ASP 25, A135-LYS 30, A136-CYD 10:      -0.01278727 at      1.360 Ang (1.444 Ang by residue) in 2.2523 (sec).
 3-Body A132-ASP 25, A135-LYS 34, A136-CYS 0 :      -0.00318672 at      1.389 Ang (1.444 Ang by residue) in 2.0972 (sec).
 3-Body A132-ASP 25, A135-LYS 34, A136-CYD 1 :      -0.01725257 at      1.389 Ang (1.444 Ang by residue) in 2.1609 (sec).
 3-Body A132-ASP 25, A135-LYS 34, A136-CYS 2 :      -0.00135337 at      1.389 Ang (1.444 Ang by residue) in 2.0302 (sec).
 3-Body A132-ASP 25, A135-LYS 34, A136-CYS 4 :      -0.00326408 at      1.389 Ang (1.444 Ang by residue) in 2.0242 (sec).
 3-Body A132-ASP 25, A135-LYS 34, A136-CYS 5 :      -0.00135337 at      1.389 Ang (1.444 Ang by residue) in 1.8085 (sec).
 3-Body A132-ASP 25, A135-LYS 34, A136-CYS 7 :      -0.00326408 at      1.389 Ang (1.444 Ang by residue) in 1.7385 (sec).
 3-Body A132-ASP 25, A135-LYS 34, A136-CYD 8 :      -0.00711477 at      1.389 Ang (1.444 Ang by residue) in 1.9408 (sec).
 3-Body A132-ASP 25, A135-LYS 34, A136-CYD 9 :      -0.00219978 at      1.389 Ang (1.444 Ang by residue) in 1.9749 (sec).
 3-Body A132-ASP 25, A135-LYS 34, A136-CYD 10:      -0.01713593 at      1.389 Ang (1.444 Ang by residue) in 1.9773 (sec).
 3-Body A132-ASP 25, A135-LYS 35, A136-CYS 0 :      -0.00330582 at      1.389 Ang (1.444 Ang by residue) in 1.9022 (sec).
 3-Body A132-ASP 25, A135-LYS 35, A136-CYD 1 :      -0.01720458 at      1.389 Ang (1.444 Ang by residue) in 2.0815 (sec).
 3-Body A132-ASP 25, A135-LYS 35, A136-CYS 2 :      -0.00150241 at      1.389 Ang (1.444 Ang by residue) in 1.9464 (sec).
 3-Body A132-ASP 25, A135-LYS 35, A136-CYS 4 :      -0.00338178 at      1.389 Ang (1.444 Ang by residue) in 2.1583 (sec).
 3-Body A132-ASP 25, A135-LYS 35, A136-CYS 5 :      -0.00150241 at      1.389 Ang (1.444 Ang by residue) in 2.1083 (sec).
 3-Body A132-ASP 25, A135-LYS 35, A136-CYS 7 :      -0.00338178 at      1.389 Ang (1.444 Ang by residue) in 2.0118 (sec).
 3-Body A132-ASP 25, A135-LYS 35, A136-CYD 8 :      -0.00719361 at      1.389 Ang (1.444 Ang by residue) in 2.1495 (sec).
 3-Body A132-ASP 25, A135-LYS 35, A136-CYD 9 :      -0.00225402 at      1.389 Ang (1.444 Ang by residue) in 2.2104 (sec).
 3-Body A132-ASP 25, A135-LYS 35, A136-CYD 10:      -0.01708315 at      1.389 Ang (1.444 Ang by residue) in 2.2363 (sec).
 3-Body A132-ASP 25, A135-LYS 36, A136-CYS 0 :      -0.00299327 at      1.389 Ang (1.444 Ang by residue) in 2.0973 (sec).
 3-Body A132-ASP 25, A135-LYS 36, A136-CYD 1 :      -0.01698658 at      1.389 Ang (1.444 Ang by residue) in 2.2065 (sec).
 3-Body A132-ASP 25, A135-LYS 36, A136-CYS 2 :      -0.00142426 at      1.389 Ang (1.444 Ang by residue) in 2.0948 (sec).
 3-Body A132-ASP 25, A135-LYS 36, A136-CYS 4 :      -0.00307964 at      1.389 Ang (1.444 Ang by residue) in 2.1246 (sec).
 3-Body A132-ASP 25, A135-LYS 36, A136-CYS 5 :      -0.00142426 at      1.389 Ang (1.444 Ang by residue) in 2.0554 (sec).
 3-Body A132-ASP 25, A135-LYS 36, A136-CYS 7 :      -0.00307964 at      1.389 Ang (1.444 Ang by residue) in 1.9325 (sec).
 3-Body A132-ASP 25, A135-LYS 36, A136-CYD 8 :      -0.00722726 at      1.389 Ang (1.444 Ang by residue) in 2.0347 (sec).
 3-Body A132-ASP 25, A135-LYS 36, A136-CYD 9 :      -0.00222045 at      1.389 Ang (1.444 Ang by residue) in 2.1491 (sec).
 3-Body A132-ASP 25, A135-LYS 36, A136-CYD 10:      -0.01686883 at      1.389 Ang (1.444 Ang by residue) in 2.1695 (sec).
 3-Body A132-ASP 25, A135-LYS 37, A136-CYS 0 :      -0.00908728 at      1.343 Ang (1.444 Ang by residue) in 2.1366 (sec).
 3-Body A132-ASP 25, A135-LYS 37, A136-CYD 1 :      -0.06570836 at      1.343 Ang (1.444 Ang by residue) in 2.0929 (sec).
 3-Body A132-ASP 25, A135-LYS 37, A136-CYS 2 :      -0.00362341 at      1.343 Ang (1.444 Ang by residue) in 2.0796 (sec).
 3-Body A132-ASP 25, A135-LYS 37, A136-CYS 4 :      -0.00973456 at      1.343 Ang (1.444 Ang by residue) in 2.1118 (sec).
 3-Body A132-ASP 25, A135-LYS 37, A136-CYS 5 :      -0.00362341 at      1.343 Ang (1.444 Ang by residue) in 2.0904 (sec).
 3-Body A132-ASP 25, A135-LYS 37, A136-CYS 7 :      -0.00973456 at      1.343 Ang (1.444 Ang by residue) in 2.0956 (sec).
 3-Body A132-ASP 25, A135-LYS 37, A136-CYD 8 :      -0.01625934 at      1.343 Ang (1.444 Ang by residue) in 2.2454 (sec).
 3-Body A132-ASP 25, A135-LYS 37, A136-CYD 9 :      -0.00589316 at      1.343 Ang (1.444 Ang by residue) in 2.3219 (sec).
 3-Body A132-ASP 25, A135-LYS 37, A136-CYD 10:      -0.06642114 at      1.343 Ang (1.444 Ang by residue) in 2.0836 (sec).
 3-Body A132-ASP 25, A135-LYS 38, A136-CYS 0 :      -0.00539453 at      1.340 Ang (1.444 Ang by residue) in 2.1143 (sec).
 3-Body A132-ASP 25, A135-LYS 38, A136-CYD 1 :      -0.04132027 at      1.340 Ang (1.444 Ang by residue) in 2.1642 (sec).
 3-Body A132-ASP 25, A135-LYS 38, A136-CYS 2 :      -0.00280569 at      1.340 Ang (1.444 Ang by residue) in 2.0715 (sec).
 3-Body A132-ASP 25, A135-LYS 38, A136-CYS 4 :      -0.00588587 at      1.340 Ang (1.444 Ang by residue) in 1.9600 (sec).
 3-Body A132-ASP 25, A135-LYS 38, A136-CYS 5 :      -0.00280569 at      1.340 Ang (1.444 Ang by residue) in 2.0696 (sec).
 3-Body A132-ASP 25, A135-LYS 38, A136-CYS 7 :      -0.00588587 at      1.340 Ang (1.444 Ang by residue) in 2.0690 (sec).
 3-Body A132-ASP 25, A135-LYS 38, A136-CYD 8 :      -0.01745578 at      1.340 Ang (1.444 Ang by residue) in 2.1018 (sec).
 3-Body A132-ASP 25, A135-LYS 38, A136-CYD 9 :      -0.00555242 at      1.340 Ang (1.444 Ang by residue) in 2.2342 (sec).
 3-Body A132-ASP 25, A135-LYS 38, A136-CYD 10:      -0.04108056 at      1.340 Ang (1.444 Ang by residue) in 2.1530 (sec).
 3-Body A132-ASP 25, A135-LYS 39, A136-CYS 0 :      -0.00410995 at      1.389 Ang (1.444 Ang by residue) in 2.0240 (sec).
 3-Body A132-ASP 25, A135-LYS 39, A136-CYD 1 :      -0.02242549 at      1.389 Ang (1.444 Ang by residue) in 2.2054 (sec).
 3-Body A132-ASP 25, A135-LYS 39, A136-CYS 2 :      -0.00195386 at      1.389 Ang (1.444 Ang by residue) in 2.0353 (sec).
 3-Body A132-ASP 25, A135-LYS 39, A136-CYS 4 :      -0.00424727 at      1.389 Ang (1.444 Ang by residue) in 2.0096 (sec).
 3-Body A132-ASP 25, A135-LYS 39, A136-CYS 5 :      -0.00195386 at      1.389 Ang (1.444 Ang by residue) in 2.0284 (sec).
 3-Body A132-ASP 25, A135-LYS 39, A136-CYS 7 :      -0.00424727 at      1.389 Ang (1.444 Ang by residue) in 1.8916 (sec).
 3-Body A132-ASP 25, A135-LYS 39, A136-CYD 8 :      -0.00893019 at      1.389 Ang (1.444 Ang by residue) in 2.0731 (sec).
 3-Body A132-ASP 25, A135-LYS 39, A136-CYD 9 :      -0.00304797 at      1.389 Ang (1.444 Ang by residue) in 2.1326 (sec).
 3-Body A132-ASP 25, A135-LYS 39, A136-CYD 10:      -0.02235435 at      1.389 Ang (1.444 Ang by residue) in 2.1416 (sec).
 3-Body A132-ASP 25, A135-LYS 40, A136-CYS 0 :      -0.00378662 at      1.389 Ang (1.444 Ang by residue) in 2.0040 (sec).
 3-Body A132-ASP 25, A135-LYS 40, A136-CYD 1 :      -0.02235607 at      1.389 Ang (1.444 Ang by residue) in 2.1495 (sec).
 3-Body A132-ASP 25, A135-LYS 40, A136-CYS 2 :      -0.00190268 at      1.389 Ang (1.444 Ang by residue) in 2.2143 (sec).
 3-Body A132-ASP 25, A135-LYS 40, A136-CYS 4 :      -0.00394202 at      1.389 Ang (1.444 Ang by residue) in 2.0424 (sec).
 3-Body A132-ASP 25, A135-LYS 40, A136-CYS 5 :      -0.00190268 at      1.389 Ang (1.444 Ang by residue) in 2.1357 (sec).
 3-Body A132-ASP 25, A135-LYS 40, A136-CYS 7 :      -0.00394202 at      1.389 Ang (1.444 Ang by residue) in 1.9827 (sec).
 3-Body A132-ASP 25, A135-LYS 40, A136-CYD 8 :      -0.00906567 at      1.389 Ang (1.444 Ang by residue) in 2.0296 (sec).
 3-Body A132-ASP 25, A135-LYS 40, A136-CYD 9 :      -0.00304467 at      1.389 Ang (1.444 Ang by residue) in 2.0477 (sec).
 3-Body A132-ASP 25, A135-LYS 40, A136-CYD 10:      -0.02229578 at      1.389 Ang (1.444 Ang by residue) in 2.0647 (sec).
 3-Body A132-ASP 25, A135-LYS 41, A136-CYS 0 :      -0.00366199 at      1.389 Ang (1.444 Ang by residue) in 1.9374 (sec).
 3-Body A132-ASP 25, A135-LYS 41, A136-CYD 1 :      -0.02248592 at      1.389 Ang (1.444 Ang by residue) in 2.1447 (sec).
 3-Body A132-ASP 25, A135-LYS 41, A136-CYS 2 :      -0.00179685 at      1.389 Ang (1.444 Ang by residue) in 2.0252 (sec).
 3-Body A132-ASP 25, A135-LYS 41, A136-CYS 4 :      -0.00380266 at      1.389 Ang (1.444 Ang by residue) in 1.9705 (sec).
 3-Body A132-ASP 25, A135-LYS 41, A136-CYS 5 :      -0.00179685 at      1.389 Ang (1.444 Ang by residue) in 1.9884 (sec).
 3-Body A132-ASP 25, A135-LYS 41, A136-CYS 7 :      -0.00380266 at      1.389 Ang (1.444 Ang by residue) in 1.9375 (sec).
 3-Body A132-ASP 25, A135-LYS 41, A136-CYD 8 :      -0.00888572 at      1.389 Ang (1.444 Ang by residue) in 2.0658 (sec).
 3-Body A132-ASP 25, A135-LYS 41, A136-CYD 9 :      -0.00294230 at      1.389 Ang (1.444 Ang by residue) in 2.1754 (sec).
 3-Body A132-ASP 25, A135-LYS 41, A136-CYD 10:      -0.02244690 at      1.389 Ang (1.444 Ang by residue) in 2.1087 (sec).
 3-Body A132-ASP 25, A135-LYS 42, A136-CYS 0 :      -0.00374309 at      1.389 Ang (1.444 Ang by residue) in 2.0266 (sec).
 3-Body A132-ASP 25, A135-LYS 42, A136-CYD 1 :      -0.02407596 at      1.389 Ang (1.444 Ang by residue) in 2.0770 (sec).
 3-Body A132-ASP 25, A135-LYS 42, A136-CYS 2 :      -0.00186983 at      1.389 Ang (1.444 Ang by residue) in 1.8624 (sec).
 3-Body A132-ASP 25, A135-LYS 42, A136-CYS 4 :      -0.00394691 at      1.389 Ang (1.444 Ang by residue) in 1.9658 (sec).
 3-Body A132-ASP 25, A135-LYS 42, A136-CYS 5 :      -0.00186983 at      1.389 Ang (1.444 Ang by residue) in 1.8772 (sec).
 3-Body A132-ASP 25, A135-LYS 42, A136-CYS 7 :      -0.00394691 at      1.389 Ang (1.444 Ang by residue) in 1.8351 (sec).
 3-Body A132-ASP 25, A135-LYS 42, A136-CYD 8 :      -0.00981510 at      1.389 Ang (1.444 Ang by residue) in 2.1592 (sec).
 3-Body A132-ASP 25, A135-LYS 42, A136-CYD 9 :      -0.00333249 at      1.389 Ang (1.444 Ang by residue) in 2.2051 (sec).
 3-Body A132-ASP 25, A135-LYS 42, A136-CYD 10:      -0.02399415 at      1.389 Ang (1.444 Ang by residue) in 2.0738 (sec).
 3-Body A132-ASP 25, A135-LYS 43, A136-CYS 0 :      -0.00418482 at      1.389 Ang (1.444 Ang by residue) in 1.9784 (sec).
 3-Body A132-ASP 25, A135-LYS 43, A136-CYD 1 :      -0.02360612 at      1.389 Ang (1.444 Ang by residue) in 2.0330 (sec).
 3-Body A132-ASP 25, A135-LYS 43, A136-CYS 2 :      -0.00197293 at      1.389 Ang (1.444 Ang by residue) in 2.0340 (sec).
 3-Body A132-ASP 25, A135-LYS 43, A136-CYS 4 :      -0.00434900 at      1.389 Ang (1.444 Ang by residue) in 2.0576 (sec).
 3-Body A132-ASP 25, A135-LYS 43, A136-CYS 5 :      -0.00197293 at      1.389 Ang (1.444 Ang by residue) in 2.0941 (sec).
 3-Body A132-ASP 25, A135-LYS 43, A136-CYS 7 :      -0.00434900 at      1.389 Ang (1.444 Ang by residue) in 2.0738 (sec).
 3-Body A132-ASP 25, A135-LYS 43, A136-CYD 8 :      -0.00949926 at      1.389 Ang (1.444 Ang by residue) in 2.3700 (sec).
 3-Body A132-ASP 25, A135-LYS 43, A136-CYD 9 :      -0.00326650 at      1.389 Ang (1.444 Ang by residue) in 2.3120 (sec).
 3-Body A132-ASP 25, A135-LYS 43, A136-CYD 10:      -0.02351121 at      1.389 Ang (1.444 Ang by residue) in 2.2754 (sec).
 3-Body A132-ASP 25, A135-LYS 44, A136-CYS 0 :      -0.00228208 at      1.364 Ang (1.444 Ang by residue) in 2.1972 (sec).
 3-Body A132-ASP 25, A135-LYS 44, A136-CYD 1 :      -0.01399395 at      1.364 Ang (1.444 Ang by residue) in 2.1699 (sec).
 3-Body A132-ASP 25, A135-LYS 44, A136-CYS 2 :      -0.00153626 at      1.364 Ang (1.444 Ang by residue) in 2.1945 (sec).
 3-Body A132-ASP 25, A135-LYS 44, A136-CYS 4 :      -0.00229830 at      1.364 Ang (1.444 Ang by residue) in 2.1571 (sec).
 3-Body A132-ASP 25, A135-LYS 44, A136-CYS 5 :      -0.00153626 at      1.364 Ang (1.444 Ang by residue) in 2.0054 (sec).
 3-Body A132-ASP 25, A135-LYS 44, A136-CYS 7 :      -0.00229830 at      1.364 Ang (1.444 Ang by residue) in 2.1433 (sec).
 3-Body A132-ASP 25, A135-LYS 44, A136-CYD 8 :      -0.00812682 at      1.364 Ang (1.444 Ang by residue) in 2.0875 (sec).
 3-Body A132-ASP 25, A135-LYS 44, A136-CYD 9 :      -0.00197429 at      1.364 Ang (1.444 Ang by residue) in 2.1390 (sec).
 3-Body A132-ASP 25, A135-LYS 44, A136-CYD 10:      -0.01372658 at      1.364 Ang (1.444 Ang by residue) in 1.9951 (sec).
 3-Body A132-ASP 25, A135-LYS 46, A136-CYS 0 :      -0.00420580 at      1.365 Ang (1.444 Ang by residue) in 1.9198 (sec).
 3-Body A132-ASP 25, A135-LYS 46, A136-CYD 1 :      -0.02291368 at      1.365 Ang (1.444 Ang by residue) in 2.1747 (sec).
 3-Body A132-ASP 25, A135-LYS 46, A136-CYS 2 :      -0.00275332 at      1.365 Ang (1.444 Ang by residue) in 2.1154 (sec).
 3-Body A132-ASP 25, A135-LYS 46, A136-CYS 4 :      -0.00430549 at      1.365 Ang (1.444 Ang by residue) in 2.1701 (sec).
 3-Body A132-ASP 25, A135-LYS 46, A136-CYS 5 :      -0.00275332 at      1.365 Ang (1.444 Ang by residue) in 2.0721 (sec).
 3-Body A132-ASP 25, A135-LYS 46, A136-CYS 7 :      -0.00430549 at      1.365 Ang (1.444 Ang by residue) in 2.2096 (sec).
 3-Body A132-ASP 25, A135-LYS 46, A136-CYD 8 :      -0.01204437 at      1.365 Ang (1.444 Ang by residue) in 2.2959 (sec).
 3-Body A132-ASP 25, A135-LYS 46, A136-CYD 9 :      -0.00340429 at      1.365 Ang (1.444 Ang by residue) in 2.2067 (sec).
 3-Body A132-ASP 25, A135-LYS 46, A136-CYD 10:      -0.02256814 at      1.365 Ang (1.444 Ang by residue) in 2.2160 (sec).
 3-Body A132-ASP 25, A135-LYS 47, A136-CYS 0 :      -0.00439842 at      1.362 Ang (1.444 Ang by residue) in 2.0762 (sec).
 3-Body A132-ASP 25, A135-LYS 47, A136-CYD 1 :      -0.02444075 at      1.362 Ang (1.444 Ang by residue) in 2.3675 (sec).
 3-Body A132-ASP 25, A135-LYS 47, A136-CYS 2 :      -0.00275588 at      1.362 Ang (1.444 Ang by residue) in 2.2891 (sec).
 3-Body A132-ASP 25, A135-LYS 47, A136-CYS 4 :      -0.00450684 at      1.362 Ang (1.444 Ang by residue) in 2.2677 (sec).
 3-Body A132-ASP 25, A135-LYS 47, A136-CYS 5 :      -0.00275588 at      1.362 Ang (1.444 Ang by residue) in 2.1162 (sec).
 3-Body A132-ASP 25, A135-LYS 47, A136-CYS 7 :      -0.00450684 at      1.362 Ang (1.444 Ang by residue) in 2.1287 (sec).
 3-Body A132-ASP 25, A135-LYS 47, A136-CYD 8 :      -0.01255561 at      1.362 Ang (1.444 Ang by residue) in 2.2408 (sec).
 3-Body A132-ASP 25, A135-LYS 47, A136-CYD 9 :      -0.00354688 at      1.362 Ang (1.444 Ang by residue) in 2.4072 (sec).
 3-Body A132-ASP 25, A135-LYS 47, A136-CYD 10:      -0.02406209 at      1.362 Ang (1.444 Ang by residue) in 2.2080 (sec).
 3-Body A132-ASP 25, A135-LYS 48, A136-CYS 0 :      -0.00454561 at      1.362 Ang (1.444 Ang by residue) in 2.1007 (sec).
 3-Body A132-ASP 25, A135-LYS 48, A136-CYD 1 :      -0.02320571 at      1.362 Ang (1.444 Ang by residue) in 2.2159 (sec).
 3-Body A132-ASP 25, A135-LYS 48, A136-CYS 2 :      -0.00290481 at      1.362 Ang (1.444 Ang by residue) in 2.0937 (sec).
 3-Body A132-ASP 25, A135-LYS 48, A136-CYS 4 :      -0.00462723 at      1.362 Ang (1.444 Ang by residue) in 2.1633 (sec).
 3-Body A132-ASP 25, A135-LYS 48, A136-CYS 5 :      -0.00290481 at      1.362 Ang (1.444 Ang by residue) in 2.0377 (sec).
 3-Body A132-ASP 25, A135-LYS 48, A136-CYS 7 :      -0.00462723 at      1.362 Ang (1.444 Ang by residue) in 2.1350 (sec).
 3-Body A132-ASP 25, A135-LYS 48, A136-CYD 8 :      -0.01210709 at      1.362 Ang (1.444 Ang by residue) in 2.1366 (sec).
 3-Body A132-ASP 25, A135-LYS 48, A136-CYD 9 :      -0.00343490 at      1.362 Ang (1.444 Ang by residue) in 2.3142 (sec).
 3-Body A132-ASP 25, A135-LYS 48, A136-CYD 10:      -0.02283896 at      1.362 Ang (1.444 Ang by residue) in 2.2189 (sec).
 3-Body A132-ASP 25, A135-LYS 49, A136-CYS 0 :      -0.00480681 at      1.362 Ang (1.444 Ang by residue) in 2.0285 (sec).
 3-Body A132-ASP 25, A135-LYS 49, A136-CYD 1 :      -0.02273290 at      1.362 Ang (1.444 Ang by residue) in 2.1476 (sec).
 3-Body A132-ASP 25, A135-LYS 49, A136-CYS 2 :      -0.00292464 at      1.362 Ang (1.444 Ang by residue) in 1.9849 (sec).
 3-Body A132-ASP 25, A135-LYS 49, A136-CYS 4 :      -0.00486390 at      1.362 Ang (1.444 Ang by residue) in 2.1386 (sec).
 3-Body A132-ASP 25, A135-LYS 49, A136-CYS 5 :      -0.00292464 at      1.362 Ang (1.444 Ang by residue) in 2.1575 (sec).
 3-Body A132-ASP 25, A135-LYS 49, A136-CYS 7 :      -0.00486390 at      1.362 Ang (1.444 Ang by residue) in 2.1007 (sec).
 3-Body A132-ASP 25, A135-LYS 49, A136-CYD 8 :      -0.01176482 at      1.362 Ang (1.444 Ang by residue) in 2.1866 (sec).
 3-Body A132-ASP 25, A135-LYS 49, A136-CYD 9 :      -0.00334835 at      1.362 Ang (1.444 Ang by residue) in 2.2897 (sec).
 3-Body A132-ASP 25, A135-LYS 49, A136-CYD 10:      -0.02236884 at      1.362 Ang (1.444 Ang by residue) in 2.1976 (sec).
 3-Body A132-ASP 25, A135-LYS 52, A136-CYS 0 :      -0.00391060 at      1.388 Ang (1.444 Ang by residue) in 2.0509 (sec).
 3-Body A132-ASP 25, A135-LYS 52, A136-CYD 1 :      -0.01816255 at      1.388 Ang (1.444 Ang by residue) in 2.1708 (sec).
 3-Body A132-ASP 25, A135-LYS 52, A136-CYS 2 :      -0.00237153 at      1.388 Ang (1.444 Ang by residue) in 2.0293 (sec).
 3-Body A132-ASP 25, A135-LYS 52, A136-CYS 4 :      -0.00396762 at      1.388 Ang (1.444 Ang by residue) in 2.0647 (sec).
 3-Body A132-ASP 25, A135-LYS 52, A136-CYS 5 :      -0.00237153 at      1.388 Ang (1.444 Ang by residue) in 2.1391 (sec).
 3-Body A132-ASP 25, A135-LYS 52, A136-CYS 7 :      -0.00396762 at      1.388 Ang (1.444 Ang by residue) in 2.1632 (sec).
 3-Body A132-ASP 25, A135-LYS 52, A136-CYD 8 :      -0.00946084 at      1.388 Ang (1.444 Ang by residue) in 2.3262 (sec).
 3-Body A132-ASP 25, A135-LYS 52, A136-CYD 9 :      -0.00258129 at      1.388 Ang (1.444 Ang by residue) in 2.3301 (sec).
 3-Body A132-ASP 25, A135-LYS 52, A136-CYD 10:      -0.01790137 at      1.388 Ang (1.444 Ang by residue) in 2.2902 (sec).
 3-Body A132-ASP 25, A135-LYS 53, A136-CYS 0 :      -0.00419174 at      1.388 Ang (1.444 Ang by residue) in 2.1937 (sec).
 3-Body A132-ASP 25, A135-LYS 53, A136-CYD 1 :      -0.01797323 at      1.388 Ang (1.444 Ang by residue) in 2.2466 (sec).
 3-Body A132-ASP 25, A135-LYS 53, A136-CYS 2 :      -0.00246103 at      1.388 Ang (1.444 Ang by residue) in 2.1147 (sec).
 3-Body A132-ASP 25, A135-LYS 53, A136-CYS 4 :      -0.00423141 at      1.388 Ang (1.444 Ang by residue) in 2.2745 (sec).
 3-Body A132-ASP 25, A135-LYS 53, A136-CYS 5 :      -0.00246103 at      1.388 Ang (1.444 Ang by residue) in 2.2263 (sec).
 3-Body A132-ASP 25, A135-LYS 53, A136-CYS 7 :      -0.00423141 at      1.388 Ang (1.444 Ang by residue) in 2.2540 (sec).
 3-Body A132-ASP 25, A135-LYS 53, A136-CYD 8 :      -0.00930472 at      1.388 Ang (1.444 Ang by residue) in 2.2996 (sec).
 3-Body A132-ASP 25, A135-LYS 53, A136-CYD 9 :      -0.00255933 at      1.388 Ang (1.444 Ang by residue) in 2.3426 (sec).
 3-Body A132-ASP 25, A135-LYS 53, A136-CYD 10:      -0.01771128 at      1.388 Ang (1.444 Ang by residue) in 2.3537 (sec).
 3-Body A132-ASP 25, A135-LYS 54, A136-CYS 0 :      -0.00396685 at      1.388 Ang (1.444 Ang by residue) in 2.1873 (sec).
 3-Body A132-ASP 25, A135-LYS 54, A136-CYD 1 :      -0.01822055 at      1.388 Ang (1.444 Ang by residue) in 2.2561 (sec).
 3-Body A132-ASP 25, A135-LYS 54, A136-CYS 2 :      -0.00229149 at      1.388 Ang (1.444 Ang by residue) in 2.1068 (sec).
 3-Body A132-ASP 25, A135-LYS 54, A136-CYS 4 :      -0.00402246 at      1.388 Ang (1.444 Ang by residue) in 2.1744 (sec).
 3-Body A132-ASP 25, A135-LYS 54, A136-CYS 5 :      -0.00229149 at      1.388 Ang (1.444 Ang by residue) in 1.9841 (sec).
 3-Body A132-ASP 25, A135-LYS 54, A136-CYS 7 :      -0.00402246 at      1.388 Ang (1.444 Ang by residue) in 2.0588 (sec).
 3-Body A132-ASP 25, A135-LYS 54, A136-CYD 8 :      -0.00930987 at      1.388 Ang (1.444 Ang by residue) in 2.3609 (sec).
 3-Body A132-ASP 25, A135-LYS 54, A136-CYD 9 :      -0.00255084 at      1.388 Ang (1.444 Ang by residue) in 2.1436 (sec).
 3-Body A132-ASP 25, A135-LYS 54, A136-CYD 10:      -0.01796155 at      1.388 Ang (1.444 Ang by residue) in 2.3944 (sec).
 3-Body A132-ASP 25, A135-LYS 55, A136-CYS 0 :      -0.00411475 at      1.388 Ang (1.444 Ang by residue) in 2.2335 (sec).
 3-Body A132-ASP 25, A135-LYS 55, A136-CYD 1 :      -0.01789072 at      1.388 Ang (1.444 Ang by residue) in 2.2797 (sec).
 3-Body A132-ASP 25, A135-LYS 55, A136-CYS 2 :      -0.00240790 at      1.388 Ang (1.444 Ang by residue) in 2.0687 (sec).
 3-Body A132-ASP 25, A135-LYS 55, A136-CYS 4 :      -0.00415301 at      1.388 Ang (1.444 Ang by residue) in 2.0841 (sec).
 3-Body A132-ASP 25, A135-LYS 55, A136-CYS 5 :      -0.00240790 at      1.388 Ang (1.444 Ang by residue) in 2.2186 (sec).
 3-Body A132-ASP 25, A135-LYS 55, A136-CYS 7 :      -0.00415301 at      1.388 Ang (1.444 Ang by residue) in 2.1754 (sec).
 3-Body A132-ASP 25, A135-LYS 55, A136-CYD 8 :      -0.00927028 at      1.388 Ang (1.444 Ang by residue) in 2.3455 (sec).
 3-Body A132-ASP 25, A135-LYS 55, A136-CYD 9 :      -0.00253719 at      1.388 Ang (1.444 Ang by residue) in 2.3555 (sec).
 3-Body A132-ASP 25, A135-LYS 55, A136-CYD 10:      -0.01762882 at      1.388 Ang (1.444 Ang by residue) in 2.4532 (sec).
 3-Body A132-ASP 26, A135-LYS 0 , A136-CYS 0 :      -0.00230250 at      1.362 Ang (1.444 Ang by residue) in 2.3072 (sec).
 3-Body A132-ASP 26, A135-LYS 0 , A136-CYD 1 :      -0.00846886 at      1.362 Ang (1.444 Ang by residue) in 2.1917 (sec).
 3-Body A132-ASP 26, A135-LYS 0 , A136-CYS 2 :      -0.00104776 at      1.362 Ang (1.444 Ang by residue) in 2.2995 (sec).
 3-Body A132-ASP 26, A135-LYS 0 , A136-CYS 4 :      -0.00228390 at      1.362 Ang (1.444 Ang by residue) in 2.1644 (sec).
 3-Body A132-ASP 26, A135-LYS 0 , A136-CYS 5 :      -0.00104776 at      1.362 Ang (1.444 Ang by residue) in 2.3315 (sec).
 3-Body A132-ASP 26, A135-LYS 0 , A136-CYS 7 :      -0.00228390 at      1.362 Ang (1.444 Ang by residue) in 2.2602 (sec).
 3-Body A132-ASP 26, A135-LYS 0 , A136-CYD 8 :      -0.00479896 at      1.362 Ang (1.444 Ang by residue) in 2.2294 (sec).
 3-Body A132-ASP 26, A135-LYS 0 , A136-CYD 9 :      -0.00104726 at      1.362 Ang (1.444 Ang by residue) in 2.3070 (sec).
 3-Body A132-ASP 26, A135-LYS 0 , A136-CYD 10:      -0.00825190 at      1.362 Ang (1.444 Ang by residue) in 2.1997 (sec).
 3-Body A132-ASP 26, A135-LYD 1 , A136-CYS 0 :      -0.00214982 at      1.362 Ang (1.444 Ang by residue) in 2.1383 (sec).
 3-Body A132-ASP 26, A135-LYD 1 , A136-CYD 1 :      -0.00642606 at      1.362 Ang (1.444 Ang by residue) in 2.1943 (sec).
 3-Body A132-ASP 26, A135-LYD 1 , A136-CYS 2 :      -0.00115566 at      1.362 Ang (1.444 Ang by residue) in 2.2815 (sec).
 3-Body A132-ASP 26, A135-LYD 1 , A136-CYS 4 :      -0.00215339 at      1.362 Ang (1.444 Ang by residue) in 2.1702 (sec).
 3-Body A132-ASP 26, A135-LYD 1 , A136-CYS 5 :      -0.00115566 at      1.362 Ang (1.444 Ang by residue) in 1.9837 (sec).
 3-Body A132-ASP 26, A135-LYD 1 , A136-CYS 7 :      -0.00215339 at      1.362 Ang (1.444 Ang by residue) in 2.0085 (sec).
 3-Body A132-ASP 26, A135-LYD 1 , A136-CYD 8 :      -0.00327600 at      1.362 Ang (1.444 Ang by residue) in 2.2601 (sec).
 3-Body A132-ASP 26, A135-LYD 1 , A136-CYD 9 :      -0.00050221 at      1.362 Ang (1.444 Ang by residue) in 2.1722 (sec).
 3-Body A132-ASP 26, A135-LYD 1 , A136-CYD 10:      -0.00629647 at      1.362 Ang (1.444 Ang by residue) in 2.3756 (sec).
 3-Body A132-ASP 26, A135-LYD 7 , A136-CYS 0 :      -0.00029782 at      1.389 Ang (1.444 Ang by residue) in 2.1040 (sec).
 3-Body A132-ASP 26, A135-LYD 7 , A136-CYD 1 :      -0.00276255 at      1.389 Ang (1.444 Ang by residue) in 2.1261 (sec).
 3-Body A132-ASP 26, A135-LYD 7 , A136-CYS 2 :       0.00009467 at      1.389 Ang (1.444 Ang by residue) in 2.1290 (sec).
 3-Body A132-ASP 26, A135-LYD 7 , A136-CYS 4 :      -0.00030962 at      1.389 Ang (1.444 Ang by residue) in 2.1989 (sec).
 3-Body A132-ASP 26, A135-LYD 7 , A136-CYS 5 :       0.00009467 at      1.389 Ang (1.444 Ang by residue) in 2.2596 (sec).
 3-Body A132-ASP 26, A135-LYD 7 , A136-CYS 7 :      -0.00030962 at      1.389 Ang (1.444 Ang by residue) in 2.1629 (sec).
 3-Body A132-ASP 26, A135-LYD 7 , A136-CYD 8 :      -0.00141097 at      1.389 Ang (1.444 Ang by residue) in 2.1825 (sec).
 3-Body A132-ASP 26, A135-LYD 7 , A136-CYD 9 :      -0.00002712 at      1.389 Ang (1.444 Ang by residue) in 2.3161 (sec).
 3-Body A132-ASP 26, A135-LYD 7 , A136-CYD 10:      -0.00272348 at      1.389 Ang (1.444 Ang by residue) in 2.4442 (sec).
 3-Body A132-ASP 26, A135-LYD 8 , A136-CYS 0 :      -0.00028078 at      1.389 Ang (1.444 Ang by residue) in 2.2568 (sec).
 3-Body A132-ASP 26, A135-LYD 8 , A136-CYD 1 :      -0.00270710 at      1.389 Ang (1.444 Ang by residue) in 2.2942 (sec).
 3-Body A132-ASP 26, A135-LYD 8 , A136-CYS 2 :       0.00009950 at      1.389 Ang (1.444 Ang by residue) in 1.8915 (sec).
 3-Body A132-ASP 26, A135-LYD 8 , A136-CYS 4 :      -0.00029249 at      1.389 Ang (1.444 Ang by residue) in 1.9497 (sec).
 3-Body A132-ASP 26, A135-LYD 8 , A136-CYS 5 :       0.00009950 at      1.389 Ang (1.444 Ang by residue) in 1.9973 (sec).
 3-Body A132-ASP 26, A135-LYD 8 , A136-CYS 7 :      -0.00029249 at      1.389 Ang (1.444 Ang by residue) in 2.1465 (sec).
 3-Body A132-ASP 26, A135-LYD 8 , A136-CYD 8 :      -0.00139455 at      1.389 Ang (1.444 Ang by residue) in 2.2450 (sec).
 3-Body A132-ASP 26, A135-LYD 8 , A136-CYD 9 :      -0.00001741 at      1.389 Ang (1.444 Ang by residue) in 2.2226 (sec).
 3-Body A132-ASP 26, A135-LYD 8 , A136-CYD 10:      -0.00266797 at      1.389 Ang (1.444 Ang by residue) in 2.2165 (sec).
 3-Body A132-ASP 26, A135-LYD 9 , A136-CYS 0 :      -0.00027450 at      1.389 Ang (1.444 Ang by residue) in 2.0959 (sec).
 3-Body A132-ASP 26, A135-LYD 9 , A136-CYD 1 :      -0.00269078 at      1.389 Ang (1.444 Ang by residue) in 2.2214 (sec).
 3-Body A132-ASP 26, A135-LYD 9 , A136-CYS 2 :       0.00010527 at      1.389 Ang (1.444 Ang by residue) in 2.1054 (sec).
 3-Body A132-ASP 26, A135-LYD 9 , A136-CYS 4 :      -0.00028654 at      1.389 Ang (1.444 Ang by residue) in 1.8730 (sec).
 3-Body A132-ASP 26, A135-LYD 9 , A136-CYS 5 :       0.00010527 at      1.389 Ang (1.444 Ang by residue) in 1.7983 (sec).
 3-Body A132-ASP 26, A135-LYD 9 , A136-CYS 7 :      -0.00028654 at      1.389 Ang (1.444 Ang by residue) in 1.8551 (sec).
 3-Body A132-ASP 26, A135-LYD 9 , A136-CYD 8 :      -0.00137829 at      1.389 Ang (1.444 Ang by residue) in 2.0167 (sec).
 3-Body A132-ASP 26, A135-LYD 9 , A136-CYD 9 :      -0.00000528 at      1.389 Ang (1.444 Ang by residue) in 2.3286 (sec).
 3-Body A132-ASP 26, A135-LYD 9 , A136-CYD 10:      -0.00265183 at      1.389 Ang (1.444 Ang by residue) in 2.3564 (sec).
 3-Body A132-ASP 26, A135-LYD 10, A136-CYS 0 :      -0.00085126 at      1.389 Ang (1.444 Ang by residue) in 2.1192 (sec).
 3-Body A132-ASP 26, A135-LYD 10, A136-CYD 1 :      -0.00400673 at      1.389 Ang (1.444 Ang by residue) in 1.8688 (sec).
 3-Body A132-ASP 26, A135-LYD 10, A136-CYS 2 :      -0.00022547 at      1.389 Ang (1.444 Ang by residue) in 1.8539 (sec).
 3-Body A132-ASP 26, A135-LYD 10, A136-CYS 4 :      -0.00085390 at      1.389 Ang (1.444 Ang by residue) in 1.8865 (sec).
 3-Body A132-ASP 26, A135-LYD 10, A136-CYS 5 :      -0.00022547 at      1.389 Ang (1.444 Ang by residue) in 1.9079 (sec).
 3-Body A132-ASP 26, A135-LYD 10, A136-CYS 7 :      -0.00085390 at      1.389 Ang (1.444 Ang by residue) in 1.9635 (sec).
 3-Body A132-ASP 26, A135-LYD 10, A136-CYD 8 :      -0.00218984 at      1.389 Ang (1.444 Ang by residue) in 2.0320 (sec).
 3-Body A132-ASP 26, A135-LYD 10, A136-CYD 9 :      -0.00011486 at      1.389 Ang (1.444 Ang by residue) in 1.9146 (sec).
 3-Body A132-ASP 26, A135-LYD 10, A136-CYD 10:      -0.00391921 at      1.389 Ang (1.444 Ang by residue) in 1.9983 (sec).
 3-Body A132-ASP 26, A135-LYD 11, A136-CYS 0 :      -0.00073346 at      1.389 Ang (1.444 Ang by residue) in 1.8443 (sec).
 3-Body A132-ASP 26, A135-LYD 11, A136-CYD 1 :      -0.00323059 at      1.389 Ang (1.444 Ang by residue) in 2.1227 (sec).
 3-Body A132-ASP 26, A135-LYD 11, A136-CYS 2 :      -0.00020713 at      1.389 Ang (1.444 Ang by residue) in 2.1109 (sec).
 3-Body A132-ASP 26, A135-LYD 11, A136-CYS 4 :      -0.00072536 at      1.389 Ang (1.444 Ang by residue) in 2.1772 (sec).
 3-Body A132-ASP 26, A135-LYD 11, A136-CYS 5 :      -0.00020713 at      1.389 Ang (1.444 Ang by residue) in 2.1480 (sec).
 3-Body A132-ASP 26, A135-LYD 11, A136-CYS 7 :      -0.00072536 at      1.389 Ang (1.444 Ang by residue) in 2.1182 (sec).
 3-Body A132-ASP 26, A135-LYD 11, A136-CYD 8 :      -0.00201979 at      1.389 Ang (1.444 Ang by residue) in 2.3712 (sec).
 3-Body A132-ASP 26, A135-LYD 11, A136-CYD 9 :       0.00004491 at      1.389 Ang (1.444 Ang by residue) in 2.3938 (sec).
 3-Body A132-ASP 26, A135-LYD 11, A136-CYD 10:      -0.00312557 at      1.389 Ang (1.444 Ang by residue) in 2.3643 (sec).
 3-Body A132-ASP 26, A135-LYD 12, A136-CYS 0 :      -0.00050874 at      1.389 Ang (1.444 Ang by residue) in 2.2476 (sec).
 3-Body A132-ASP 26, A135-LYD 12, A136-CYD 1 :      -0.00320431 at      1.389 Ang (1.444 Ang by residue) in 2.1934 (sec).
 3-Body A132-ASP 26, A135-LYD 12, A136-CYS 2 :      -0.00005162 at      1.389 Ang (1.444 Ang by residue) in 2.2123 (sec).
 3-Body A132-ASP 26, A135-LYD 12, A136-CYS 4 :      -0.00052066 at      1.389 Ang (1.444 Ang by residue) in 2.1822 (sec).
 3-Body A132-ASP 26, A135-LYD 12, A136-CYS 5 :      -0.00005162 at      1.389 Ang (1.444 Ang by residue) in 1.9987 (sec).
 3-Body A132-ASP 26, A135-LYD 12, A136-CYS 7 :      -0.00052066 at      1.389 Ang (1.444 Ang by residue) in 2.0319 (sec).
 3-Body A132-ASP 26, A135-LYD 12, A136-CYD 8 :      -0.00165202 at      1.389 Ang (1.444 Ang by residue) in 2.3080 (sec).
 3-Body A132-ASP 26, A135-LYD 12, A136-CYD 9 :      -0.00006386 at      1.389 Ang (1.444 Ang by residue) in 2.2064 (sec).
 3-Body A132-ASP 26, A135-LYD 12, A136-CYD 10:      -0.00315357 at      1.389 Ang (1.444 Ang by residue) in 2.0886 (sec).
 3-Body A132-ASP 26, A135-LYD 13, A136-CYS 0 :      -0.00051668 at      1.389 Ang (1.444 Ang by residue) in 1.9790 (sec).
 3-Body A132-ASP 26, A135-LYD 13, A136-CYD 1 :      -0.00321027 at      1.389 Ang (1.444 Ang by residue) in 2.0821 (sec).
 3-Body A132-ASP 26, A135-LYD 13, A136-CYS 2 :      -0.00004885 at      1.389 Ang (1.444 Ang by residue) in 2.1240 (sec).
 3-Body A132-ASP 26, A135-LYD 13, A136-CYS 4 :      -0.00052941 at      1.389 Ang (1.444 Ang by residue) in 2.0463 (sec).
 3-Body A132-ASP 26, A135-LYD 13, A136-CYS 5 :      -0.00004885 at      1.389 Ang (1.444 Ang by residue) in 2.0041 (sec).
 3-Body A132-ASP 26, A135-LYD 13, A136-CYS 7 :      -0.00052941 at      1.389 Ang (1.444 Ang by residue) in 2.0187 (sec).
 3-Body A132-ASP 26, A135-LYD 13, A136-CYD 8 :      -0.00163218 at      1.389 Ang (1.444 Ang by residue) in 2.1275 (sec).
 3-Body A132-ASP 26, A135-LYD 13, A136-CYD 9 :      -0.00005266 at      1.389 Ang (1.444 Ang by residue) in 2.1855 (sec).
 3-Body A132-ASP 26, A135-LYD 13, A136-CYD 10:      -0.00316058 at      1.389 Ang (1.444 Ang by residue) in 2.1575 (sec).
 3-Body A132-ASP 26, A135-LYD 14, A136-CYS 0 :      -0.00055707 at      1.389 Ang (1.444 Ang by residue) in 2.0911 (sec).
 3-Body A132-ASP 26, A135-LYD 14, A136-CYD 1 :      -0.00336941 at      1.389 Ang (1.444 Ang by residue) in 2.1901 (sec).
 3-Body A132-ASP 26, A135-LYD 14, A136-CYS 2 :      -0.00005472 at      1.389 Ang (1.444 Ang by residue) in 2.1234 (sec).
 3-Body A132-ASP 26, A135-LYD 14, A136-CYS 4 :      -0.00057135 at      1.389 Ang (1.444 Ang by residue) in 2.2262 (sec).
 3-Body A132-ASP 26, A135-LYD 14, A136-CYS 5 :      -0.00005472 at      1.389 Ang (1.444 Ang by residue) in 2.1127 (sec).
 3-Body A132-ASP 26, A135-LYD 14, A136-CYS 7 :      -0.00057135 at      1.389 Ang (1.444 Ang by residue) in 2.2747 (sec).
 3-Body A132-ASP 26, A135-LYD 14, A136-CYD 8 :      -0.00167172 at      1.389 Ang (1.444 Ang by residue) in 2.2878 (sec).
 3-Body A132-ASP 26, A135-LYD 14, A136-CYD 9 :      -0.00007876 at      1.389 Ang (1.444 Ang by residue) in 2.3661 (sec).
 3-Body A132-ASP 26, A135-LYD 14, A136-CYD 10:      -0.00332122 at      1.389 Ang (1.444 Ang by residue) in 2.5016 (sec).
 3-Body A132-ASP 26, A135-LYD 15, A136-CYS 0 :      -0.00070311 at      1.389 Ang (1.444 Ang by residue) in 2.2524 (sec).
 3-Body A132-ASP 26, A135-LYD 15, A136-CYD 1 :      -0.00368229 at      1.389 Ang (1.444 Ang by residue) in 2.2945 (sec).
 3-Body A132-ASP 26, A135-LYD 15, A136-CYS 2 :      -0.00012668 at      1.389 Ang (1.444 Ang by residue) in 2.3511 (sec).
 3-Body A132-ASP 26, A135-LYD 15, A136-CYS 4 :      -0.00071773 at      1.389 Ang (1.444 Ang by residue) in 2.1207 (sec).
 3-Body A132-ASP 26, A135-LYD 15, A136-CYS 5 :      -0.00012668 at      1.389 Ang (1.444 Ang by residue) in 2.2147 (sec).
 3-Body A132-ASP 26, A135-LYD 15, A136-CYS 7 :      -0.00071773 at      1.389 Ang (1.444 Ang by residue) in 2.1854 (sec).
 3-Body A132-ASP 26, A135-LYD 15, A136-CYD 8 :      -0.00176209 at      1.389 Ang (1.444 Ang by residue) in 2.2659 (sec).
 3-Body A132-ASP 26, A135-LYD 15, A136-CYD 9 :      -0.00010573 at      1.389 Ang (1.444 Ang by residue) in 2.3249 (sec).
 3-Body A132-ASP 26, A135-LYD 15, A136-CYD 10:      -0.00362788 at      1.389 Ang (1.444 Ang by residue) in 2.3447 (sec).
 3-Body A132-ASP 26, A135-LYD 16, A136-CYS 0 :      -0.00061245 at      1.389 Ang (1.444 Ang by residue) in 2.2187 (sec).
 3-Body A132-ASP 26, A135-LYD 16, A136-CYD 1 :      -0.00350573 at      1.389 Ang (1.444 Ang by residue) in 2.3033 (sec).
 3-Body A132-ASP 26, A135-LYD 16, A136-CYS 2 :      -0.00008892 at      1.389 Ang (1.444 Ang by residue) in 2.1972 (sec).
 3-Body A132-ASP 26, A135-LYD 16, A136-CYS 4 :      -0.00062606 at      1.389 Ang (1.444 Ang by residue) in 2.2085 (sec).
 3-Body A132-ASP 26, A135-LYD 16, A136-CYS 5 :      -0.00008892 at      1.389 Ang (1.444 Ang by residue) in 2.1438 (sec).
 3-Body A132-ASP 26, A135-LYD 16, A136-CYS 7 :      -0.00062606 at      1.389 Ang (1.444 Ang by residue) in 2.2300 (sec).
 3-Body A132-ASP 26, A135-LYD 16, A136-CYD 8 :      -0.00175683 at      1.389 Ang (1.444 Ang by residue) in 2.2128 (sec).
 3-Body A132-ASP 26, A135-LYD 16, A136-CYD 9 :      -0.00007879 at      1.389 Ang (1.444 Ang by residue) in 2.2164 (sec).
 3-Body A132-ASP 26, A135-LYD 16, A136-CYD 10:      -0.00344978 at      1.389 Ang (1.444 Ang by residue) in 2.1550 (sec).
 3-Body A132-ASP 26, A135-LYD 19, A136-CYS 0 :      -0.00207141 at      1.365 Ang (1.444 Ang by residue) in 2.1947 (sec).
 3-Body A132-ASP 26, A135-LYD 19, A136-CYD 1 :      -0.00618408 at      1.365 Ang (1.444 Ang by residue) in 2.2551 (sec).
 3-Body A132-ASP 26, A135-LYD 19, A136-CYS 2 :      -0.00112845 at      1.365 Ang (1.444 Ang by residue) in 2.2484 (sec).
 3-Body A132-ASP 26, A135-LYD 19, A136-CYS 4 :      -0.00207149 at      1.365 Ang (1.444 Ang by residue) in 2.1299 (sec).
 3-Body A132-ASP 26, A135-LYD 19, A136-CYS 5 :      -0.00112845 at      1.365 Ang (1.444 Ang by residue) in 1.9310 (sec).
 3-Body A132-ASP 26, A135-LYD 19, A136-CYS 7 :      -0.00207149 at      1.365 Ang (1.444 Ang by residue) in 2.0365 (sec).
 3-Body A132-ASP 26, A135-LYD 19, A136-CYD 8 :      -0.00335409 at      1.365 Ang (1.444 Ang by residue) in 2.2258 (sec).
 3-Body A132-ASP 26, A135-LYD 19, A136-CYD 9 :      -0.00041601 at      1.365 Ang (1.444 Ang by residue) in 2.3232 (sec).
 3-Body A132-ASP 26, A135-LYD 19, A136-CYD 10:      -0.00604429 at      1.365 Ang (1.444 Ang by residue) in 2.3517 (sec).
 3-Body A132-ASP 26, A135-LYD 20, A136-CYS 0 :      -0.00249069 at      1.362 Ang (1.444 Ang by residue) in 2.1309 (sec).
 3-Body A132-ASP 26, A135-LYD 20, A136-CYD 1 :      -0.00783291 at      1.362 Ang (1.444 Ang by residue) in 2.2237 (sec).
 3-Body A132-ASP 26, A135-LYD 20, A136-CYS 2 :      -0.00129908 at      1.362 Ang (1.444 Ang by residue) in 2.2079 (sec).
 3-Body A132-ASP 26, A135-LYD 20, A136-CYS 4 :      -0.00248592 at      1.362 Ang (1.444 Ang by residue) in 2.1170 (sec).
 3-Body A132-ASP 26, A135-LYD 20, A136-CYS 5 :      -0.00129908 at      1.362 Ang (1.444 Ang by residue) in 2.1377 (sec).
 3-Body A132-ASP 26, A135-LYD 20, A136-CYS 7 :      -0.00248592 at      1.362 Ang (1.444 Ang by residue) in 2.0643 (sec).
 3-Body A132-ASP 26, A135-LYD 20, A136-CYD 8 :      -0.00410118 at      1.362 Ang (1.444 Ang by residue) in 2.2898 (sec).
 3-Body A132-ASP 26, A135-LYD 20, A136-CYD 9 :      -0.00083209 at      1.362 Ang (1.444 Ang by residue) in 2.2902 (sec).
 3-Body A132-ASP 26, A135-LYD 20, A136-CYD 10:      -0.00766580 at      1.362 Ang (1.444 Ang by residue) in 2.3106 (sec).
 3-Body A132-ASP 26, A135-LYD 21, A136-CYS 0 :      -0.00214977 at      1.362 Ang (1.444 Ang by residue) in 2.1912 (sec).
 3-Body A132-ASP 26, A135-LYD 21, A136-CYD 1 :      -0.00642627 at      1.362 Ang (1.444 Ang by residue) in 2.1695 (sec).
 3-Body A132-ASP 26, A135-LYD 21, A136-CYS 2 :      -0.00115569 at      1.362 Ang (1.444 Ang by residue) in 2.1231 (sec).
 3-Body A132-ASP 26, A135-LYD 21, A136-CYS 4 :      -0.00215334 at      1.362 Ang (1.444 Ang by residue) in 2.1060 (sec).
 3-Body A132-ASP 26, A135-LYD 21, A136-CYS 5 :      -0.00115569 at      1.362 Ang (1.444 Ang by residue) in 2.1783 (sec).
 3-Body A132-ASP 26, A135-LYD 21, A136-CYS 7 :      -0.00215334 at      1.362 Ang (1.444 Ang by residue) in 2.0084 (sec).
 3-Body A132-ASP 26, A135-LYD 21, A136-CYD 8 :      -0.00327645 at      1.362 Ang (1.444 Ang by residue) in 2.2768 (sec).
 3-Body A132-ASP 26, A135-LYD 21, A136-CYD 9 :      -0.00050242 at      1.362 Ang (1.444 Ang by residue) in 2.3583 (sec).
 3-Body A132-ASP 26, A135-LYD 21, A136-CYD 10:      -0.00629669 at      1.362 Ang (1.444 Ang by residue) in 2.3329 (sec).
 3-Body A132-ASP 26, A135-LYD 22, A136-CYS 0 :      -0.00207072 at      1.362 Ang (1.444 Ang by residue) in 2.2779 (sec).
 3-Body A132-ASP 26, A135-LYD 22, A136-CYD 1 :      -0.00644104 at      1.362 Ang (1.444 Ang by residue) in 2.2166 (sec).
 3-Body A132-ASP 26, A135-LYD 22, A136-CYS 2 :      -0.00111178 at      1.362 Ang (1.444 Ang by residue) in 1.9942 (sec).
 3-Body A132-ASP 26, A135-LYD 22, A136-CYS 4 :      -0.00207023 at      1.362 Ang (1.444 Ang by residue) in 2.0869 (sec).
 3-Body A132-ASP 26, A135-LYD 22, A136-CYS 5 :      -0.00111178 at      1.362 Ang (1.444 Ang by residue) in 2.1410 (sec).
 3-Body A132-ASP 26, A135-LYD 22, A136-CYS 7 :      -0.00207023 at      1.362 Ang (1.444 Ang by residue) in 2.1530 (sec).
 3-Body A132-ASP 26, A135-LYD 22, A136-CYD 8 :      -0.00343938 at      1.362 Ang (1.444 Ang by residue) in 2.2505 (sec).
 3-Body A132-ASP 26, A135-LYD 22, A136-CYD 9 :      -0.00054094 at      1.362 Ang (1.444 Ang by residue) in 2.2276 (sec).
 3-Body A132-ASP 26, A135-LYD 22, A136-CYD 10:      -0.00630094 at      1.362 Ang (1.444 Ang by residue) in 2.2257 (sec).
 3-Body A132-ASP 26, A135-LYD 25, A136-CYS 0 :      -0.00098027 at      1.388 Ang (1.444 Ang by residue) in 2.1866 (sec).
 3-Body A132-ASP 26, A135-LYD 25, A136-CYD 1 :      -0.00394641 at      1.388 Ang (1.444 Ang by residue) in 2.3157 (sec).
 3-Body A132-ASP 26, A135-LYD 25, A136-CYS 2 :      -0.00052117 at      1.388 Ang (1.444 Ang by residue) in 2.2080 (sec).
 3-Body A132-ASP 26, A135-LYD 25, A136-CYS 4 :      -0.00098350 at      1.388 Ang (1.444 Ang by residue) in 2.2092 (sec).
 3-Body A132-ASP 26, A135-LYD 25, A136-CYS 5 :      -0.00052117 at      1.388 Ang (1.444 Ang by residue) in 2.2130 (sec).
 3-Body A132-ASP 26, A135-LYD 25, A136-CYS 7 :      -0.00098350 at      1.388 Ang (1.444 Ang by residue) in 2.1836 (sec).
 3-Body A132-ASP 26, A135-LYD 25, A136-CYD 8 :      -0.00249452 at      1.388 Ang (1.444 Ang by residue) in 2.3679 (sec).
 3-Body A132-ASP 26, A135-LYD 25, A136-CYD 9 :      -0.00032351 at      1.388 Ang (1.444 Ang by residue) in 2.2684 (sec).
 3-Body A132-ASP 26, A135-LYD 25, A136-CYD 10:      -0.00386902 at      1.388 Ang (1.444 Ang by residue) in 2.1995 (sec).
 3-Body A132-ASP 26, A135-LYD 26, A136-CYS 0 :      -0.00093233 at      1.388 Ang (1.444 Ang by residue) in 2.1825 (sec).
 3-Body A132-ASP 26, A135-LYD 26, A136-CYD 1 :      -0.00391647 at      1.388 Ang (1.444 Ang by residue) in 2.2009 (sec).
 3-Body A132-ASP 26, A135-LYD 26, A136-CYS 2 :      -0.00048351 at      1.388 Ang (1.444 Ang by residue) in 2.0741 (sec).
 3-Body A132-ASP 26, A135-LYD 26, A136-CYS 4 :      -0.00093540 at      1.388 Ang (1.444 Ang by residue) in 2.1127 (sec).
 3-Body A132-ASP 26, A135-LYD 26, A136-CYS 5 :      -0.00048351 at      1.388 Ang (1.444 Ang by residue) in 2.0215 (sec).
 3-Body A132-ASP 26, A135-LYD 26, A136-CYS 7 :      -0.00093540 at      1.388 Ang (1.444 Ang by residue) in 2.2209 (sec).
 3-Body A132-ASP 26, A135-LYD 26, A136-CYD 8 :      -0.00248486 at      1.388 Ang (1.444 Ang by residue) in 2.2542 (sec).
 3-Body A132-ASP 26, A135-LYD 26, A136-CYD 9 :      -0.00031903 at      1.388 Ang (1.444 Ang by residue) in 2.2157 (sec).
 3-Body A132-ASP 26, A135-LYD 26, A136-CYD 10:      -0.00383868 at      1.388 Ang (1.444 Ang by residue) in 2.2487 (sec).
 3-Body A132-ASP 26, A135-LYD 27, A136-CYS 0 :      -0.00093794 at      1.388 Ang (1.444 Ang by residue) in 2.2928 (sec).
 3-Body A132-ASP 26, A135-LYD 27, A136-CYD 1 :      -0.00399806 at      1.388 Ang (1.444 Ang by residue) in 2.2475 (sec).
 3-Body A132-ASP 26, A135-LYD 27, A136-CYS 2 :      -0.00047097 at      1.388 Ang (1.444 Ang by residue) in 2.2479 (sec).
 3-Body A132-ASP 26, A135-LYD 27, A136-CYS 4 :      -0.00094137 at      1.388 Ang (1.444 Ang by residue) in 2.1122 (sec).
 3-Body A132-ASP 26, A135-LYD 27, A136-CYS 5 :      -0.00047097 at      1.388 Ang (1.444 Ang by residue) in 2.0678 (sec).
 3-Body A132-ASP 26, A135-LYD 27, A136-CYS 7 :      -0.00094137 at      1.388 Ang (1.444 Ang by residue) in 2.2145 (sec).
 3-Body A132-ASP 26, A135-LYD 27, A136-CYD 8 :      -0.00252390 at      1.388 Ang (1.444 Ang by residue) in 2.2185 (sec).
 3-Body A132-ASP 26, A135-LYD 27, A136-CYD 9 :      -0.00031974 at      1.388 Ang (1.444 Ang by residue) in 2.2151 (sec).
 3-Body A132-ASP 26, A135-LYD 27, A136-CYD 10:      -0.00391756 at      1.388 Ang (1.444 Ang by residue) in 2.3416 (sec).
 3-Body A132-ASP 26, A135-LYD 28, A136-CYS 0 :      -0.00091638 at      1.388 Ang (1.444 Ang by residue) in 2.1924 (sec).
 3-Body A132-ASP 26, A135-LYD 28, A136-CYD 1 :      -0.00385653 at      1.388 Ang (1.444 Ang by residue) in 2.2228 (sec).
 3-Body A132-ASP 26, A135-LYD 28, A136-CYS 2 :      -0.00047766 at      1.388 Ang (1.444 Ang by residue) in 2.0455 (sec).
 3-Body A132-ASP 26, A135-LYD 28, A136-CYS 4 :      -0.00091912 at      1.388 Ang (1.444 Ang by residue) in 2.1004 (sec).
 3-Body A132-ASP 26, A135-LYD 28, A136-CYS 5 :      -0.00047766 at      1.388 Ang (1.444 Ang by residue) in 2.2474 (sec).
 3-Body A132-ASP 26, A135-LYD 28, A136-CYS 7 :      -0.00091912 at      1.388 Ang (1.444 Ang by residue) in 2.2069 (sec).
 3-Body A132-ASP 26, A135-LYD 28, A136-CYD 8 :      -0.00246161 at      1.388 Ang (1.444 Ang by residue) in 2.1935 (sec).
 3-Body A132-ASP 26, A135-LYD 28, A136-CYD 9 :      -0.00030103 at      1.388 Ang (1.444 Ang by residue) in 2.2768 (sec).
 3-Body A132-ASP 26, A135-LYD 28, A136-CYD 10:      -0.00377861 at      1.388 Ang (1.444 Ang by residue) in 2.1646 (sec).
 3-Body A132-ASP 26, A135-LYS 30, A136-CYS 0 :      -0.00073265 at      1.360 Ang (1.444 Ang by residue) in 2.1378 (sec).
 3-Body A132-ASP 26, A135-LYS 30, A136-CYD 1 :      -0.00338959 at      1.360 Ang (1.444 Ang by residue) in 2.1392 (sec).
 3-Body A132-ASP 26, A135-LYS 30, A136-CYS 2 :      -0.00021900 at      1.360 Ang (1.444 Ang by residue) in 2.1267 (sec).
 3-Body A132-ASP 26, A135-LYS 30, A136-CYS 4 :      -0.00072494 at      1.360 Ang (1.444 Ang by residue) in 2.2290 (sec).
 3-Body A132-ASP 26, A135-LYS 30, A136-CYS 5 :      -0.00021900 at      1.360 Ang (1.444 Ang by residue) in 2.2762 (sec).
 3-Body A132-ASP 26, A135-LYS 30, A136-CYS 7 :      -0.00072494 at      1.360 Ang (1.444 Ang by residue) in 2.1629 (sec).
 3-Body A132-ASP 26, A135-LYS 30, A136-CYD 8 :      -0.00212835 at      1.360 Ang (1.444 Ang by residue) in 2.3365 (sec).
 3-Body A132-ASP 26, A135-LYS 30, A136-CYD 9 :      -0.00018835 at      1.360 Ang (1.444 Ang by residue) in 2.3978 (sec).
 3-Body A132-ASP 26, A135-LYS 30, A136-CYD 10:      -0.00329027 at      1.360 Ang (1.444 Ang by residue) in 2.1525 (sec).
 3-Body A132-ASP 26, A135-LYS 34, A136-CYS 0 :      -0.00000907 at      1.389 Ang (1.444 Ang by residue) in 1.8044 (sec).
 3-Body A132-ASP 26, A135-LYS 34, A136-CYD 1 :      -0.00253054 at      1.389 Ang (1.444 Ang by residue) in 1.8996 (sec).
 3-Body A132-ASP 26, A135-LYS 34, A136-CYS 2 :       0.00034446 at      1.389 Ang (1.444 Ang by residue) in 1.9529 (sec).
 3-Body A132-ASP 26, A135-LYS 34, A136-CYS 4 :      -0.00002304 at      1.389 Ang (1.444 Ang by residue) in 1.9726 (sec).
 3-Body A132-ASP 26, A135-LYS 34, A136-CYS 5 :       0.00034446 at      1.389 Ang (1.444 Ang by residue) in 1.7830 (sec).
 3-Body A132-ASP 26, A135-LYS 34, A136-CYS 7 :      -0.00002304 at      1.389 Ang (1.444 Ang by residue) in 1.8104 (sec).
 3-Body A132-ASP 26, A135-LYS 34, A136-CYD 8 :      -0.00125314 at      1.389 Ang (1.444 Ang by residue) in 1.9174 (sec).
 3-Body A132-ASP 26, A135-LYS 34, A136-CYD 9 :       0.00011300 at      1.389 Ang (1.444 Ang by residue) in 2.0377 (sec).
 3-Body A132-ASP 26, A135-LYS 34, A136-CYD 10:      -0.00250043 at      1.389 Ang (1.444 Ang by residue) in 2.1867 (sec).
 3-Body A132-ASP 26, A135-LYS 35, A136-CYS 0 :      -0.00009752 at      1.389 Ang (1.444 Ang by residue) in 1.8297 (sec).
 3-Body A132-ASP 26, A135-LYS 35, A136-CYD 1 :      -0.00265156 at      1.389 Ang (1.444 Ang by residue) in 1.9937 (sec).
 3-Body A132-ASP 26, A135-LYS 35, A136-CYS 2 :       0.00027083 at      1.389 Ang (1.444 Ang by residue) in 1.9719 (sec).
 3-Body A132-ASP 26, A135-LYS 35, A136-CYS 4 :      -0.00011080 at      1.389 Ang (1.444 Ang by residue) in 1.9897 (sec).
 3-Body A132-ASP 26, A135-LYS 35, A136-CYS 5 :       0.00027083 at      1.389 Ang (1.444 Ang by residue) in 2.2921 (sec).
 3-Body A132-ASP 26, A135-LYS 35, A136-CYS 7 :      -0.00011080 at      1.389 Ang (1.444 Ang by residue) in 2.1593 (sec).
 3-Body A132-ASP 26, A135-LYS 35, A136-CYD 8 :      -0.00134370 at      1.389 Ang (1.444 Ang by residue) in 2.2974 (sec).
 3-Body A132-ASP 26, A135-LYS 35, A136-CYD 9 :       0.00004418 at      1.389 Ang (1.444 Ang by residue) in 2.1157 (sec).
 3-Body A132-ASP 26, A135-LYS 35, A136-CYD 10:      -0.00261940 at      1.389 Ang (1.444 Ang by residue) in 2.1798 (sec).
 3-Body A132-ASP 26, A135-LYS 36, A136-CYS 0 :      -0.00005934 at      1.389 Ang (1.444 Ang by residue) in 2.0713 (sec).
 3-Body A132-ASP 26, A135-LYS 36, A136-CYD 1 :      -0.00258190 at      1.389 Ang (1.444 Ang by residue) in 2.1596 (sec).
 3-Body A132-ASP 26, A135-LYS 36, A136-CYS 2 :       0.00029280 at      1.389 Ang (1.444 Ang by residue) in 2.0129 (sec).
 3-Body A132-ASP 26, A135-LYS 36, A136-CYS 4 :      -0.00007209 at      1.389 Ang (1.444 Ang by residue) in 1.9090 (sec).
 3-Body A132-ASP 26, A135-LYS 36, A136-CYS 5 :       0.00029280 at      1.389 Ang (1.444 Ang by residue) in 2.0261 (sec).
 3-Body A132-ASP 26, A135-LYS 36, A136-CYS 7 :      -0.00007209 at      1.389 Ang (1.444 Ang by residue) in 2.0728 (sec).
 3-Body A132-ASP 26, A135-LYS 36, A136-CYD 8 :      -0.00134122 at      1.389 Ang (1.444 Ang by residue) in 2.2845 (sec).
 3-Body A132-ASP 26, A135-LYS 36, A136-CYD 9 :       0.00007230 at      1.389 Ang (1.444 Ang by residue) in 2.0749 (sec).
 3-Body A132-ASP 26, A135-LYS 36, A136-CYD 10:      -0.00254807 at      1.389 Ang (1.444 Ang by residue) in 1.9162 (sec).
 3-Body A132-ASP 26, A135-LYS 37, A136-CYS 0 :       0.00036932 at      1.389 Ang (1.444 Ang by residue) in 1.9471 (sec).
 3-Body A132-ASP 26, A135-LYS 37, A136-CYD 1 :      -0.00384567 at      1.389 Ang (1.444 Ang by residue) in 2.2657 (sec).
 3-Body A132-ASP 26, A135-LYS 37, A136-CYS 2 :       0.00055503 at      1.389 Ang (1.444 Ang by residue) in 2.1678 (sec).
 3-Body A132-ASP 26, A135-LYS 37, A136-CYS 4 :       0.00039949 at      1.389 Ang (1.444 Ang by residue) in 2.0336 (sec).
 3-Body A132-ASP 26, A135-LYS 37, A136-CYS 5 :       0.00055503 at      1.389 Ang (1.444 Ang by residue) in 1.9680 (sec).
 3-Body A132-ASP 26, A135-LYS 37, A136-CYS 7 :       0.00039949 at      1.389 Ang (1.444 Ang by residue) in 2.1155 (sec).
 3-Body A132-ASP 26, A135-LYS 37, A136-CYD 8 :      -0.00139874 at      1.389 Ang (1.444 Ang by residue) in 2.3101 (sec).
 3-Body A132-ASP 26, A135-LYS 37, A136-CYD 9 :       0.00046215 at      1.389 Ang (1.444 Ang by residue) in 2.2479 (sec).
 3-Body A132-ASP 26, A135-LYS 37, A136-CYD 10:      -0.00377784 at      1.389 Ang (1.444 Ang by residue) in 2.1949 (sec).
 3-Body A132-ASP 26, A135-LYS 38, A136-CYS 0 :       0.00006625 at      1.389 Ang (1.444 Ang by residue) in 2.1819 (sec).
 3-Body A132-ASP 26, A135-LYS 38, A136-CYD 1 :      -0.00220774 at      1.389 Ang (1.444 Ang by residue) in 2.2568 (sec).
 3-Body A132-ASP 26, A135-LYS 38, A136-CYS 2 :       0.00025119 at      1.389 Ang (1.444 Ang by residue) in 2.1442 (sec).
 3-Body A132-ASP 26, A135-LYS 38, A136-CYS 4 :       0.00006093 at      1.389 Ang (1.444 Ang by residue) in 2.1549 (sec).
 3-Body A132-ASP 26, A135-LYS 38, A136-CYS 5 :       0.00025119 at      1.389 Ang (1.444 Ang by residue) in 2.1262 (sec).
 3-Body A132-ASP 26, A135-LYS 38, A136-CYS 7 :       0.00006093 at      1.389 Ang (1.444 Ang by residue) in 2.2420 (sec).
 3-Body A132-ASP 26, A135-LYS 38, A136-CYD 8 :      -0.00186366 at      1.389 Ang (1.444 Ang by residue) in 2.3786 (sec).
 3-Body A132-ASP 26, A135-LYS 38, A136-CYD 9 :       0.00044290 at      1.389 Ang (1.444 Ang by residue) in 2.3019 (sec).
 3-Body A132-ASP 26, A135-LYS 38, A136-CYD 10:      -0.00210253 at      1.389 Ang (1.444 Ang by residue) in 2.2961 (sec).
 3-Body A132-ASP 26, A135-LYS 39, A136-CYS 0 :      -0.00024546 at      1.389 Ang (1.444 Ang by residue) in 2.1650 (sec).
 3-Body A132-ASP 26, A135-LYS 39, A136-CYD 1 :      -0.00314124 at      1.389 Ang (1.444 Ang by residue) in 2.2806 (sec).
 3-Body A132-ASP 26, A135-LYS 39, A136-CYS 2 :       0.00019314 at      1.389 Ang (1.444 Ang by residue) in 2.1577 (sec).
 3-Body A132-ASP 26, A135-LYS 39, A136-CYS 4 :      -0.00026141 at      1.389 Ang (1.444 Ang by residue) in 2.1798 (sec).
 3-Body A132-ASP 26, A135-LYS 39, A136-CYS 5 :       0.00019314 at      1.389 Ang (1.444 Ang by residue) in 2.2083 (sec).
 3-Body A132-ASP 26, A135-LYS 39, A136-CYS 7 :      -0.00026141 at      1.389 Ang (1.444 Ang by residue) in 2.0993 (sec).
 3-Body A132-ASP 26, A135-LYS 39, A136-CYD 8 :      -0.00156563 at      1.389 Ang (1.444 Ang by residue) in 2.1557 (sec).
 3-Body A132-ASP 26, A135-LYS 39, A136-CYD 9 :       0.00003682 at      1.389 Ang (1.444 Ang by residue) in 2.1744 (sec).
 3-Body A132-ASP 26, A135-LYS 39, A136-CYD 10:      -0.00310482 at      1.389 Ang (1.444 Ang by residue) in 2.3088 (sec).
 3-Body A132-ASP 26, A135-LYS 40, A136-CYS 0 :      -0.00023753 at      1.389 Ang (1.444 Ang by residue) in 2.1393 (sec).
 3-Body A132-ASP 26, A135-LYS 40, A136-CYD 1 :      -0.00312613 at      1.389 Ang (1.444 Ang by residue) in 2.0439 (sec).
 3-Body A132-ASP 26, A135-LYS 40, A136-CYS 2 :       0.00018084 at      1.389 Ang (1.444 Ang by residue) in 2.0955 (sec).
 3-Body A132-ASP 26, A135-LYS 40, A136-CYS 4 :      -0.00025182 at      1.389 Ang (1.444 Ang by residue) in 2.2038 (sec).
 3-Body A132-ASP 26, A135-LYS 40, A136-CYS 5 :       0.00018084 at      1.389 Ang (1.444 Ang by residue) in 2.2383 (sec).
 3-Body A132-ASP 26, A135-LYS 40, A136-CYS 7 :      -0.00025182 at      1.389 Ang (1.444 Ang by residue) in 2.0706 (sec).
 3-Body A132-ASP 26, A135-LYS 40, A136-CYD 8 :      -0.00162804 at      1.389 Ang (1.444 Ang by residue) in 2.2521 (sec).
 3-Body A132-ASP 26, A135-LYS 40, A136-CYD 9 :       0.00004278 at      1.389 Ang (1.444 Ang by residue) in 2.3630 (sec).
 3-Body A132-ASP 26, A135-LYS 40, A136-CYD 10:      -0.00308631 at      1.389 Ang (1.444 Ang by residue) in 2.4053 (sec).
 3-Body A132-ASP 26, A135-LYS 41, A136-CYS 0 :      -0.00018873 at      1.389 Ang (1.444 Ang by residue) in 2.1858 (sec).
 3-Body A132-ASP 26, A135-LYS 41, A136-CYD 1 :      -0.00302107 at      1.389 Ang (1.444 Ang by residue) in 2.0537 (sec).
 3-Body A132-ASP 26, A135-LYS 41, A136-CYS 2 :       0.00023786 at      1.389 Ang (1.444 Ang by residue) in 2.1297 (sec).
 3-Body A132-ASP 26, A135-LYS 41, A136-CYS 4 :      -0.00020415 at      1.389 Ang (1.444 Ang by residue) in 1.9177 (sec).
 3-Body A132-ASP 26, A135-LYS 41, A136-CYS 5 :       0.00023786 at      1.389 Ang (1.444 Ang by residue) in 2.0456 (sec).
 3-Body A132-ASP 26, A135-LYS 41, A136-CYS 7 :      -0.00020415 at      1.389 Ang (1.444 Ang by residue) in 2.0987 (sec).
 3-Body A132-ASP 26, A135-LYS 41, A136-CYD 8 :      -0.00149465 at      1.389 Ang (1.444 Ang by residue) in 2.2028 (sec).
 3-Body A132-ASP 26, A135-LYS 41, A136-CYD 9 :       0.00011195 at      1.389 Ang (1.444 Ang by residue) in 2.2059 (sec).
 3-Body A132-ASP 26, A135-LYS 41, A136-CYD 10:      -0.00298837 at      1.389 Ang (1.444 Ang by residue) in 2.1471 (sec).
 3-Body A132-ASP 26, A135-LYS 42, A136-CYS 0 :      -0.00037243 at      1.389 Ang (1.444 Ang by residue) in 2.2186 (sec).
 3-Body A132-ASP 26, A135-LYS 42, A136-CYD 1 :      -0.00362955 at      1.389 Ang (1.444 Ang by residue) in 2.2167 (sec).
 3-Body A132-ASP 26, A135-LYS 42, A136-CYS 2 :       0.00012478 at      1.389 Ang (1.444 Ang by residue) in 2.0178 (sec).
 3-Body A132-ASP 26, A135-LYS 42, A136-CYS 4 :      -0.00038347 at      1.389 Ang (1.444 Ang by residue) in 2.0666 (sec).
 3-Body A132-ASP 26, A135-LYS 42, A136-CYS 5 :       0.00012478 at      1.389 Ang (1.444 Ang by residue) in 2.2306 (sec).
 3-Body A132-ASP 26, A135-LYS 42, A136-CYS 7 :      -0.00038347 at      1.389 Ang (1.444 Ang by residue) in 2.0264 (sec).
 3-Body A132-ASP 26, A135-LYS 42, A136-CYD 8 :      -0.00201660 at      1.389 Ang (1.444 Ang by residue) in 2.1743 (sec).
 3-Body A132-ASP 26, A135-LYS 42, A136-CYD 9 :      -0.00002093 at      1.389 Ang (1.444 Ang by residue) in 2.2539 (sec).
 3-Body A132-ASP 26, A135-LYS 42, A136-CYD 10:      -0.00356094 at      1.389 Ang (1.444 Ang by residue) in 2.3483 (sec).
 3-Body A132-ASP 26, A135-LYS 43, A136-CYS 0 :      -0.00030162 at      1.389 Ang (1.444 Ang by residue) in 2.1530 (sec).
 3-Body A132-ASP 26, A135-LYS 43, A136-CYD 1 :      -0.00336832 at      1.389 Ang (1.444 Ang by residue) in 2.2499 (sec).
 3-Body A132-ASP 26, A135-LYS 43, A136-CYS 2 :       0.00017779 at      1.389 Ang (1.444 Ang by residue) in 2.1567 (sec).
 3-Body A132-ASP 26, A135-LYS 43, A136-CYS 4 :      -0.00031778 at      1.389 Ang (1.444 Ang by residue) in 2.1086 (sec).
 3-Body A132-ASP 26, A135-LYS 43, A136-CYS 5 :       0.00017779 at      1.389 Ang (1.444 Ang by residue) in 2.1698 (sec).
 3-Body A132-ASP 26, A135-LYS 43, A136-CYS 7 :      -0.00031778 at      1.389 Ang (1.444 Ang by residue) in 1.9784 (sec).
 3-Body A132-ASP 26, A135-LYS 43, A136-CYD 8 :      -0.00171480 at      1.389 Ang (1.444 Ang by residue) in 2.2052 (sec).
 3-Body A132-ASP 26, A135-LYS 43, A136-CYD 9 :       0.00002483 at      1.389 Ang (1.444 Ang by residue) in 2.2788 (sec).
 3-Body A132-ASP 26, A135-LYS 43, A136-CYD 10:      -0.00331814 at      1.389 Ang (1.444 Ang by residue) in 2.2105 (sec).
 3-Body A132-ASP 26, A135-LYS 44, A136-CYS 0 :      -0.00073096 at      1.364 Ang (1.444 Ang by residue) in 2.0864 (sec).
 3-Body A132-ASP 26, A135-LYS 44, A136-CYD 1 :      -0.00361601 at      1.364 Ang (1.444 Ang by residue) in 2.0892 (sec).
 3-Body A132-ASP 26, A135-LYS 44, A136-CYS 2 :      -0.00023122 at      1.364 Ang (1.444 Ang by residue) in 2.1129 (sec).
 3-Body A132-ASP 26, A135-LYS 44, A136-CYS 4 :      -0.00072947 at      1.364 Ang (1.444 Ang by residue) in 2.1220 (sec).
 3-Body A132-ASP 26, A135-LYS 44, A136-CYS 5 :      -0.00023122 at      1.364 Ang (1.444 Ang by residue) in 2.0734 (sec).
 3-Body A132-ASP 26, A135-LYS 44, A136-CYS 7 :      -0.00072947 at      1.364 Ang (1.444 Ang by residue) in 2.1165 (sec).
 3-Body A132-ASP 26, A135-LYS 44, A136-CYD 8 :      -0.00232800 at      1.364 Ang (1.444 Ang by residue) in 1.9729 (sec).
 3-Body A132-ASP 26, A135-LYS 44, A136-CYD 9 :      -0.00022077 at      1.364 Ang (1.444 Ang by residue) in 2.1243 (sec).
 3-Body A132-ASP 26, A135-LYS 44, A136-CYD 10:      -0.00352404 at      1.364 Ang (1.444 Ang by residue) in 2.1722 (sec).
 3-Body A132-ASP 26, A135-LYS 46, A136-CYS 0 :      -0.00182152 at      1.365 Ang (1.444 Ang by residue) in 2.0076 (sec).
 3-Body A132-ASP 26, A135-LYS 46, A136-CYD 1 :      -0.00627892 at      1.365 Ang (1.444 Ang by residue) in 2.0569 (sec).
 3-Body A132-ASP 26, A135-LYS 46, A136-CYS 2 :      -0.00084282 at      1.365 Ang (1.444 Ang by residue) in 1.9250 (sec).
 3-Body A132-ASP 26, A135-LYS 46, A136-CYS 4 :      -0.00182004 at      1.365 Ang (1.444 Ang by residue) in 1.9915 (sec).
 3-Body A132-ASP 26, A135-LYS 46, A136-CYS 5 :      -0.00084282 at      1.365 Ang (1.444 Ang by residue) in 2.0396 (sec).
 3-Body A132-ASP 26, A135-LYS 46, A136-CYS 7 :      -0.00182004 at      1.365 Ang (1.444 Ang by residue) in 1.9147 (sec).
 3-Body A132-ASP 26, A135-LYS 46, A136-CYD 8 :      -0.00355609 at      1.365 Ang (1.444 Ang by residue) in 2.2818 (sec).
 3-Body A132-ASP 26, A135-LYS 46, A136-CYD 9 :      -0.00034312 at      1.365 Ang (1.444 Ang by residue) in 2.3596 (sec).
 3-Body A132-ASP 26, A135-LYS 46, A136-CYD 10:      -0.00611938 at      1.365 Ang (1.444 Ang by residue) in 2.4034 (sec).
 3-Body A132-ASP 26, A135-LYS 47, A136-CYS 0 :      -0.00237369 at      1.362 Ang (1.444 Ang by residue) in 2.2436 (sec).
 3-Body A132-ASP 26, A135-LYS 47, A136-CYD 1 :      -0.00897797 at      1.362 Ang (1.444 Ang by residue) in 2.1599 (sec).
 3-Body A132-ASP 26, A135-LYS 47, A136-CYS 2 :      -0.00089014 at      1.362 Ang (1.444 Ang by residue) in 2.1328 (sec).
 3-Body A132-ASP 26, A135-LYS 47, A136-CYS 4 :      -0.00236501 at      1.362 Ang (1.444 Ang by residue) in 2.1906 (sec).
 3-Body A132-ASP 26, A135-LYS 47, A136-CYS 5 :      -0.00089014 at      1.362 Ang (1.444 Ang by residue) in 2.1556 (sec).
 3-Body A132-ASP 26, A135-LYS 47, A136-CYS 7 :      -0.00236501 at      1.362 Ang (1.444 Ang by residue) in 2.1869 (sec).
 3-Body A132-ASP 26, A135-LYS 47, A136-CYD 8 :      -0.00436049 at      1.362 Ang (1.444 Ang by residue) in 2.1854 (sec).
 3-Body A132-ASP 26, A135-LYS 47, A136-CYD 9 :      -0.00090729 at      1.362 Ang (1.444 Ang by residue) in 2.4173 (sec).
 3-Body A132-ASP 26, A135-LYS 47, A136-CYD 10:      -0.00876195 at      1.362 Ang (1.444 Ang by residue) in 2.2524 (sec).
 3-Body A132-ASP 26, A135-LYS 48, A136-CYS 0 :      -0.00230233 at      1.362 Ang (1.444 Ang by residue) in 2.2202 (sec).
 3-Body A132-ASP 26, A135-LYS 48, A136-CYD 1 :      -0.00846856 at      1.362 Ang (1.444 Ang by residue) in 2.2033 (sec).
 3-Body A132-ASP 26, A135-LYS 48, A136-CYS 2 :      -0.00104782 at      1.362 Ang (1.444 Ang by residue) in 2.2317 (sec).
 3-Body A132-ASP 26, A135-LYS 48, A136-CYS 4 :      -0.00228375 at      1.362 Ang (1.444 Ang by residue) in 2.1941 (sec).
 3-Body A132-ASP 26, A135-LYS 48, A136-CYS 5 :      -0.00104782 at      1.362 Ang (1.444 Ang by residue) in 2.2474 (sec).
 3-Body A132-ASP 26, A135-LYS 48, A136-CYS 7 :      -0.00228375 at      1.362 Ang (1.444 Ang by residue) in 2.2357 (sec).
 3-Body A132-ASP 26, A135-LYS 48, A136-CYD 8 :      -0.00479920 at      1.362 Ang (1.444 Ang by residue) in 2.2439 (sec).
 3-Body A132-ASP 26, A135-LYS 48, A136-CYD 9 :      -0.00104735 at      1.362 Ang (1.444 Ang by residue) in 2.3816 (sec).
 3-Body A132-ASP 26, A135-LYS 48, A136-CYD 10:      -0.00825163 at      1.362 Ang (1.444 Ang by residue) in 2.2486 (sec).
 3-Body A132-ASP 26, A135-LYS 49, A136-CYS 0 :      -0.00198714 at      1.362 Ang (1.444 Ang by residue) in 2.1835 (sec).
 3-Body A132-ASP 26, A135-LYS 49, A136-CYD 1 :      -0.00672150 at      1.362 Ang (1.444 Ang by residue) in 2.2862 (sec).
 3-Body A132-ASP 26, A135-LYS 49, A136-CYS 2 :      -0.00093995 at      1.362 Ang (1.444 Ang by residue) in 2.2584 (sec).
 3-Body A132-ASP 26, A135-LYS 49, A136-CYS 4 :      -0.00198209 at      1.362 Ang (1.444 Ang by residue) in 2.0852 (sec).
 3-Body A132-ASP 26, A135-LYS 49, A136-CYS 5 :      -0.00093995 at      1.362 Ang (1.444 Ang by residue) in 2.0639 (sec).
 3-Body A132-ASP 26, A135-LYS 49, A136-CYS 7 :      -0.00198209 at      1.362 Ang (1.444 Ang by residue) in 2.2570 (sec).
 3-Body A132-ASP 26, A135-LYS 49, A136-CYD 8 :      -0.00359521 at      1.362 Ang (1.444 Ang by residue) in 2.2319 (sec).
 3-Body A132-ASP 26, A135-LYS 49, A136-CYD 9 :      -0.00052284 at      1.362 Ang (1.444 Ang by residue) in 2.4189 (sec).
 3-Body A132-ASP 26, A135-LYS 49, A136-CYD 10:      -0.00655609 at      1.362 Ang (1.444 Ang by residue) in 2.3196 (sec).
 3-Body A132-ASP 26, A135-LYS 52, A136-CYS 0 :      -0.00072046 at      1.388 Ang (1.444 Ang by residue) in 2.2779 (sec).
 3-Body A132-ASP 26, A135-LYS 52, A136-CYD 1 :      -0.00383946 at      1.388 Ang (1.444 Ang by residue) in 2.2262 (sec).
 3-Body A132-ASP 26, A135-LYS 52, A136-CYS 2 :      -0.00028562 at      1.388 Ang (1.444 Ang by residue) in 2.2640 (sec).
 3-Body A132-ASP 26, A135-LYS 52, A136-CYS 4 :      -0.00072017 at      1.388 Ang (1.444 Ang by residue) in 2.2012 (sec).
 3-Body A132-ASP 26, A135-LYS 52, A136-CYS 5 :      -0.00028562 at      1.388 Ang (1.444 Ang by residue) in 2.2333 (sec).
 3-Body A132-ASP 26, A135-LYS 52, A136-CYS 7 :      -0.00072017 at      1.388 Ang (1.444 Ang by residue) in 2.2234 (sec).
 3-Body A132-ASP 26, A135-LYS 52, A136-CYD 8 :      -0.00242665 at      1.388 Ang (1.444 Ang by residue) in 2.4123 (sec).
 3-Body A132-ASP 26, A135-LYS 52, A136-CYD 9 :      -0.00020802 at      1.388 Ang (1.444 Ang by residue) in 2.2224 (sec).
 3-Body A132-ASP 26, A135-LYS 52, A136-CYD 10:      -0.00374591 at      1.388 Ang (1.444 Ang by residue) in 2.2254 (sec).
 3-Body A132-ASP 26, A135-LYS 53, A136-CYS 0 :      -0.00071796 at      1.388 Ang (1.444 Ang by residue) in 2.1436 (sec).
 3-Body A132-ASP 26, A135-LYS 53, A136-CYD 1 :      -0.00360682 at      1.388 Ang (1.444 Ang by residue) in 2.2525 (sec).
 3-Body A132-ASP 26, A135-LYS 53, A136-CYS 2 :      -0.00031381 at      1.388 Ang (1.444 Ang by residue) in 2.1857 (sec).
 3-Body A132-ASP 26, A135-LYS 53, A136-CYS 4 :      -0.00071899 at      1.388 Ang (1.444 Ang by residue) in 2.1786 (sec).
 3-Body A132-ASP 26, A135-LYS 53, A136-CYS 5 :      -0.00031381 at      1.388 Ang (1.444 Ang by residue) in 2.2436 (sec).
 3-Body A132-ASP 26, A135-LYS 53, A136-CYS 7 :      -0.00071899 at      1.388 Ang (1.444 Ang by residue) in 2.1358 (sec).
 3-Body A132-ASP 26, A135-LYS 53, A136-CYD 8 :      -0.00228886 at      1.388 Ang (1.444 Ang by residue) in 2.2188 (sec).
 3-Body A132-ASP 26, A135-LYS 53, A136-CYD 9 :      -0.00017371 at      1.388 Ang (1.444 Ang by residue) in 2.1279 (sec).
 3-Body A132-ASP 26, A135-LYS 53, A136-CYD 10:      -0.00352258 at      1.388 Ang (1.444 Ang by residue) in 2.3038 (sec).
 3-Body A132-ASP 26, A135-LYS 54, A136-CYS 0 :      -0.00067023 at      1.388 Ang (1.444 Ang by residue) in 2.1942 (sec).
 3-Body A132-ASP 26, A135-LYS 54, A136-CYD 1 :      -0.00371973 at      1.388 Ang (1.444 Ang by residue) in 2.2037 (sec).
 3-Body A132-ASP 26, A135-LYS 54, A136-CYS 2 :      -0.00021773 at      1.388 Ang (1.444 Ang by residue) in 2.0693 (sec).
 3-Body A132-ASP 26, A135-LYS 54, A136-CYS 4 :      -0.00067418 at      1.388 Ang (1.444 Ang by residue) in 1.9006 (sec).
 3-Body A132-ASP 26, A135-LYS 54, A136-CYS 5 :      -0.00021773 at      1.388 Ang (1.444 Ang by residue) in 2.0102 (sec).
 3-Body A132-ASP 26, A135-LYS 54, A136-CYS 7 :      -0.00067418 at      1.388 Ang (1.444 Ang by residue) in 2.0097 (sec).
 3-Body A132-ASP 26, A135-LYS 54, A136-CYD 8 :      -0.00223645 at      1.388 Ang (1.444 Ang by residue) in 2.0731 (sec).
 3-Body A132-ASP 26, A135-LYS 54, A136-CYD 9 :      -0.00015243 at      1.388 Ang (1.444 Ang by residue) in 2.0778 (sec).
 3-Body A132-ASP 26, A135-LYS 54, A136-CYD 10:      -0.00363391 at      1.388 Ang (1.444 Ang by residue) in 2.3176 (sec).
 3-Body A132-ASP 26, A135-LYS 55, A136-CYS 0 :      -0.00066632 at      1.388 Ang (1.444 Ang by residue) in 2.0546 (sec).
 3-Body A132-ASP 26, A135-LYS 55, A136-CYD 1 :      -0.00344511 at      1.388 Ang (1.444 Ang by residue) in 2.2016 (sec).
 3-Body A132-ASP 26, A135-LYS 55, A136-CYS 2 :      -0.00028958 at      1.388 Ang (1.444 Ang by residue) in 2.0308 (sec).
 3-Body A132-ASP 26, A135-LYS 55, A136-CYS 4 :      -0.00066744 at      1.388 Ang (1.444 Ang by residue) in 2.1464 (sec).
 3-Body A132-ASP 26, A135-LYS 55, A136-CYS 5 :      -0.00028958 at      1.388 Ang (1.444 Ang by residue) in 2.1475 (sec).
 3-Body A132-ASP 26, A135-LYS 55, A136-CYS 7 :      -0.00066744 at      1.388 Ang (1.444 Ang by residue) in 2.2106 (sec).
 3-Body A132-ASP 26, A135-LYS 55, A136-CYD 8 :      -0.00222683 at      1.388 Ang (1.444 Ang by residue) in 2.3248 (sec).
 3-Body A132-ASP 26, A135-LYS 55, A136-CYD 9 :      -0.00012751 at      1.388 Ang (1.444 Ang by residue) in 2.3696 (sec).
 3-Body A132-ASP 26, A135-LYS 55, A136-CYD 10:      -0.00336271 at      1.388 Ang (1.444 Ang by residue) in 2.2396 (sec).
 Time for 3-Body energies:         6522
 Time for all energies:            6524
 Energy of the system with rotamers in their default conformation:   -1801.56462190

 Iteration 1: Applying Single Goldstein DEE conditions 
  Rotamer elimination of (  A5-GLH, 0) by (  A5-GLH,36):       0.0125 > 0.0000.
   Self:       0.0125, Pairs:       0.0000, Triples:       0.0000.
  Rotamer elimination of (  A5-GLH,36) by (  A5-GLH,40):       0.5818 > 0.0000.
   Self:       0.5818, Pairs:       0.0000, Triples:       0.0000.
  Rotamer elimination of (  A5-GLH,37) by (  A5-GLH,40):       3.1044 > 0.0000.
   Self:       3.1044, Pairs:       0.0000, Triples:       0.0000.
  Rotamer elimination of ( A13-ASH, 0) by ( A13-ASH,25):       2.1838 > 0.0000.
   Self:       2.1838, Pairs:       0.0000, Triples:       0.0000.
  Rotamer elimination of ( A13-ASH,24) by ( A13-ASH,25):       4.1356 > 0.0000.
   Self:       4.1356, Pairs:       0.0000, Triples:       0.0000.
  Rotamer elimination of ( A13-ASH,26) by ( A13-ASH,25):       3.6185 > 0.0000.
   Self:       3.6185, Pairs:       0.0000, Triples:       0.0000.
  Rotamer elimination of ( A23-GLH, 0) by ( A23-GLH,36):       0.0587 > 0.0000.
   Self:       0.1322, Pairs:      -0.0735, Triples:       0.0000.
  Rotamer elimination of ( A23-GLH,34) by ( A23-GLH,36):       1.8376 > 0.0000.
   Self:       2.0661, Pairs:      -0.2285, Triples:       0.0000.
  Rotamer elimination of ( A23-GLH,35) by ( A23-GLH,36):      15.7518 > 0.0000.
   Self:      16.0154, Pairs:      -0.2637, Triples:       0.0000.
  Rotamer elimination of ( A23-GLH,36) by ( A23-GLH,40):       0.7783 > 0.0000.
   Self:       1.1439, Pairs:      -0.3656, Triples:       0.0000.
  Rotamer elimination of ( A23-GLH,37) by ( A23-GLH,40):       2.1809 > 0.0000.
   Self:       2.4253, Pairs:      -0.2444, Triples:       0.0000.
  Rotamer elimination of ( A23-GLH,38) by ( A23-GLH,40):       1.4251 > 0.0000.
   Self:       1.2600, Pairs:       0.1651, Triples:       0.0000.
  Rotamer elimination of ( A23-GLH,39) by ( A23-GLH,40):       6.1969 > 0.0000.
   Self:       6.2969, Pairs:      -0.1000, Triples:       0.0000.
  Rotamer elimination of ( A23-GLH,40) by ( A23-GLH,41):       1.0158 > 0.0000.
   Self:       1.1722, Pairs:      -0.1563, Triples:       0.0000.
  Rotamer elimination of ( A27-GLH, 0) by ( A27-GLH,38):       0.0045 > 0.0000.
   Self:       0.0046, Pairs:      -0.0001, Triples:       0.0000.
  Rotamer elimination of ( A27-GLH,36) by ( A27-GLH,38):       1.3649 > 0.0000.
   Self:       1.4893, Pairs:      -0.1244, Triples:       0.0000.
  Rotamer elimination of ( A27-GLH,37) by ( A27-GLH,38):       2.1782 > 0.0000.
   Self:       1.9281, Pairs:       0.2500, Triples:       0.0000.
  Rotamer elimination of ( A27-GLH,40) by ( A27-GLH,38):       0.8962 > 0.0000.
   Self:      -1.7054, Pairs:       2.6016, Triples:       0.0000.
  Rotamer elimination of ( A27-GLH,41) by ( A27-GLH,38):       0.4380 > 0.0000.
   Self:      -0.2894, Pairs:       0.7274, Triples:       0.0000.
  Rotamer elimination of ( A37-GLH,36) by ( A37-GLH, 0):       7.1283 > 0.0000.
   Self:       7.6786, Pairs:      -0.5502, Triples:       0.0000.
  Rotamer elimination of ( A37-GLH,40) by ( A37-GLH, 0):       3.7803 > 0.0000.
   Self:       3.6905, Pairs:       0.0898, Triples:       0.0000.
  Rotamer elimination of ( A37-GLH,41) by ( A37-GLH, 0):       1.6206 > 0.0000.
   Self:       2.1414, Pairs:      -0.5208, Triples:       0.0000.
  Rotamer elimination of ( A43-ASH,24) by ( A43-ASH, 0):       6.4145 > 0.0000.
   Self:       7.2621, Pairs:      -0.8474, Triples:      -0.0002.
  Rotamer elimination of ( A43-ASH,26) by ( A43-ASH, 0):       2.3153 > 0.0000.
   Self:       2.3447, Pairs:      -0.0295, Triples:       0.0001.
  Rotamer elimination of ( A44-GLH, 0) by ( A44-GLH,41):       0.9604 > 0.0000.
   Self:       0.6616, Pairs:       0.5098, Triples:      -0.2110.
  Rotamer elimination of ( A44-GLH,34) by ( A44-GLH,37):      16.7996 > 0.0000.
   Self:      17.0401, Pairs:      -0.2295, Triples:      -0.0111.
  Rotamer elimination of ( A44-GLH,36) by ( A44-GLH,41):       0.9566 > 0.0000.
   Self:       0.6585, Pairs:       0.5090, Triples:      -0.2109.
  Rotamer elimination of ( A44-GLH,37) by ( A44-GLH,40):       1.7978 > 0.0000.
   Self:       2.1822, Pairs:      -0.3814, Triples:      -0.0030.
  Rotamer elimination of ( A44-GLH,38) by ( A44-GLH,40):      20.5716 > 0.0000.
   Self:      16.7238, Pairs:       3.8871, Triples:      -0.0393.
  Rotamer elimination of ( A47-LYS, 1) by ( A47-LYS, 0):      12.3937 > 0.0000.
   Self:      11.6391, Pairs:       0.7599, Triples:      -0.0054.
  Rotamer elimination of ( A47-LYS, 7) by ( A47-LYS, 0):      15.1478 > 0.0000.
   Self:      14.8189, Pairs:       0.3336, Triples:      -0.0047.
  Rotamer elimination of ( A47-LYS, 8) by ( A47-LYS, 0):      13.8646 > 0.0000.
   Self:      14.0845, Pairs:      -0.2146, Triples:      -0.0053.
  Rotamer elimination of ( A47-LYS, 9) by ( A47-LYS, 0):      16.2128 > 0.0000.
   Self:      15.9494, Pairs:       0.2680, Triples:      -0.0046.
  Rotamer elimination of ( A47-LYS,10) by ( A47-LYS, 0):      14.0657 > 0.0000.
   Self:      11.9509, Pairs:       2.1757, Triples:      -0.0610.
  Rotamer elimination of ( A47-LYS,11) by ( A47-LYS, 0):      14.0581 > 0.0000.
   Self:      11.2460, Pairs:       2.8240, Triples:      -0.0119.
  Rotamer elimination of ( A47-LYS,12) by ( A47-LYS, 0):      13.2960 > 0.0000.
   Self:      12.6363, Pairs:       0.6647, Triples:      -0.0050.
  Rotamer elimination of ( A47-LYS,13) by ( A47-LYS, 0):      12.3932 > 0.0000.
   Self:      11.6388, Pairs:       0.7598, Triples:      -0.0054.
  Rotamer elimination of ( A47-LYS,14) by ( A47-LYS, 0):      14.3775 > 0.0000.
   Self:      13.5792, Pairs:       0.8041, Triples:      -0.0058.
  Rotamer elimination of ( A47-LYS,15) by ( A47-LYS, 0):      14.1120 > 0.0000.
   Self:      13.1405, Pairs:       0.9806, Triples:      -0.0091.
  Rotamer elimination of ( A47-LYS,16) by ( A47-LYS, 0):      16.4562 > 0.0000.
   Self:      15.6497, Pairs:       0.8106, Triples:      -0.0040.
  Rotamer elimination of ( A47-LYS,21) by ( A47-LYS, 0):      25.1316 > 0.0000.
   Self:      23.5568, Pairs:       1.5865, Triples:      -0.0116.
  Rotamer elimination of ( A47-LYS,30) by ( A47-LYS, 0):       6.1971 > 0.0000.
   Self:       6.2922, Pairs:      -0.0960, Triples:       0.0009.
  Rotamer elimination of ( A47-LYS,34) by ( A47-LYS, 0):       4.2563 > 0.0000.
   Self:       4.4961, Pairs:      -0.2376, Triples:      -0.0022.
  Rotamer elimination of ( A47-LYS,35) by ( A47-LYS, 0):       2.0481 > 0.0000.
   Self:       2.2504, Pairs:      -0.1988, Triples:      -0.0035.
  Rotamer elimination of ( A47-LYS,36) by ( A47-LYS, 0):       4.0394 > 0.0000.
   Self:       4.3987, Pairs:      -0.3560, Triples:      -0.0033.
  Rotamer elimination of ( A47-LYS,37) by ( A47-LYS, 0):       4.4591 > 0.0000.
   Self:       2.3600, Pairs:       2.1436, Triples:      -0.0445.
  Rotamer elimination of ( A47-LYS,38) by ( A47-LYS, 0):       1.7419 > 0.0000.
   Self:       0.0989, Pairs:       1.6410, Triples:       0.0020.
  Rotamer elimination of ( A47-LYS,39) by ( A47-LYS, 0):       2.1902 > 0.0000.
   Self:       2.1327, Pairs:       0.0594, Triples:      -0.0018.
  Rotamer elimination of ( A47-LYS,40) by ( A47-LYS, 0):       0.0011 > 0.0000.
   Self:       0.0016, Pairs:      -0.0004, Triples:      -0.0000.
  Rotamer elimination of ( A47-LYS,41) by ( A47-LYS, 0):       1.7275 > 0.0000.
   Self:       2.3704, Pairs:      -0.6420, Triples:      -0.0009.
  Rotamer elimination of ( A47-LYS,43) by ( A47-LYS, 0):       3.9512 > 0.0000.
   Self:       4.3832, Pairs:      -0.4324, Triples:       0.0003.
  Rotamer elimination of ( A47-LYS,46) by ( A47-LYS, 0):      12.4376 > 0.0000.
   Self:      14.1861, Pairs:      -1.7326, Triples:      -0.0159.
  Rotamer elimination of ( A47-LYS,47) by ( A47-LYS, 0):      71.8185 > 0.0000.
   Self:      16.3909, Pairs:      55.3982, Triples:       0.0294.
  Rotamer elimination of ( A47-LYS,48) by ( A47-LYS, 0):      12.5942 > 0.0000.
   Self:      12.6476, Pairs:       0.0254, Triples:      -0.0788.
  Rotamer elimination of ( A47-LYS,49) by ( A47-LYS, 0):      15.5130 > 0.0000.
   Self:      14.6880, Pairs:       0.8228, Triples:       0.0022.
  Rotamer elimination of ( A47-LYS,53) by ( A47-LYS, 0):      23.1961 > 0.0000.
   Self:      23.4554, Pairs:      -0.2597, Triples:       0.0004.
  Rotamer elimination of ( A48-GLH,40) by ( A48-GLH, 0):      17.3954 > 0.0000.
   Self:      16.8841, Pairs:       0.5157, Triples:      -0.0044.
  Rotamer elimination of ( A48-GLH,41) by ( A48-GLH, 0):       6.0692 > 0.0000.
   Self:       6.1978, Pairs:      -0.1227, Triples:      -0.0060.
  Rotamer elimination of ( A50-LYS, 0) by ( A50-LYS,40):       0.0043 > 0.0000.
   Self:       0.0043, Pairs:      -0.0000, Triples:       0.0000.
  Rotamer elimination of ( A50-LYS, 1) by ( A50-LYS,30):       2.8589 > 0.0000.
   Self:       4.6664, Pairs:      -1.8072, Triples:      -0.0003.
  Rotamer elimination of ( A50-LYS, 7) by ( A50-LYS,10):       0.1935 > 0.0000.
   Self:       0.2306, Pairs:      -0.0367, Triples:      -0.0004.
  Rotamer elimination of ( A50-LYS, 8) by ( A50-LYS,11):       0.5670 > 0.0000.
   Self:       0.6980, Pairs:      -0.1305, Triples:      -0.0005.
  Rotamer elimination of ( A50-LYS, 9) by ( A50-LYS,10):       1.3683 > 0.0000.
   Self:       1.3978, Pairs:      -0.0292, Triples:      -0.0004.
  Rotamer elimination of ( A50-LYS,10) by ( A50-LYS,11):       1.0995 > 0.0000.
   Self:       1.1329, Pairs:      -0.0332, Triples:      -0.0001.
  Rotamer elimination of ( A50-LYS,11) by ( A50-LYS,12):       0.7146 > 0.0000.
   Self:       0.6619, Pairs:       0.0520, Triples:       0.0007.
  Rotamer elimination of ( A50-LYS,12) by ( A50-LYS,13):       0.8961 > 0.0000.
   Self:       0.9916, Pairs:      -0.0954, Triples:      -0.0001.
  Rotamer elimination of ( A50-LYS,13) by ( A50-LYS,30):       2.8589 > 0.0000.
   Self:       4.6663, Pairs:      -1.8071, Triples:      -0.0003.
  Rotamer elimination of ( A50-LYS,14) by ( A50-LYS,15):       0.3134 > 0.0000.
   Self:       0.3185, Pairs:      -0.0050, Triples:      -0.0001.
  Rotamer elimination of ( A50-LYS,15) by ( A50-LYS,30):       4.5871 > 0.0000.
   Self:       6.3519, Pairs:      -1.7646, Triples:      -0.0002.
  Rotamer elimination of ( A50-LYS,16) by ( A50-LYS,21):       0.6138 > 0.0000.
   Self:       0.5980, Pairs:       0.0159, Triples:      -0.0001.
  Rotamer elimination of ( A50-LYS,19) by ( A50-LYS,20):       0.0926 > 0.0000.
   Self:       0.1080, Pairs:      -0.0153, Triples:      -0.0001.
  Rotamer elimination of ( A50-LYS,20) by ( A50-LYS,21):       1.4812 > 0.0000.
   Self:       1.4983, Pairs:      -0.0172, Triples:       0.0001.
  Rotamer elimination of ( A50-LYS,21) by ( A50-LYS,30):       6.3425 > 0.0000.
   Self:       8.2027, Pairs:      -1.8601, Triples:      -0.0000.
  Rotamer elimination of ( A50-LYS,22) by ( A50-LYS,30):       8.3656 > 0.0000.
   Self:      10.0983, Pairs:      -1.7327, Triples:       0.0000.
  Rotamer elimination of ( A50-LYS,23) by ( A50-LYS,30):       9.8718 > 0.0000.
   Self:      11.6277, Pairs:      -1.7571, Triples:       0.0012.
  Rotamer elimination of ( A50-LYS,30) by ( A50-LYS,37):       2.3915 > 0.0000.
   Self:       2.5344, Pairs:      -0.1406, Triples:      -0.0023.
  Rotamer elimination of ( A50-LYS,34) by ( A50-LYS,36):       0.0656 > 0.0000.
   Self:       0.0597, Pairs:       0.0058, Triples:       0.0001.
  Rotamer elimination of ( A50-LYS,35) by ( A50-LYS,38):       0.2775 > 0.0000.
   Self:       0.4095, Pairs:      -0.1302, Triples:      -0.0017.
  Rotamer elimination of ( A50-LYS,36) by ( A50-LYS,38):       2.3736 > 0.0000.
   Self:       2.4870, Pairs:      -0.1117, Triples:      -0.0017.
  Rotamer elimination of ( A50-LYS,37) by ( A50-LYS,38):       2.6203 > 0.0000.
   Self:       2.6923, Pairs:      -0.0729, Triples:       0.0009.
  Rotamer elimination of ( A50-LYS,38) by ( A50-LYS,40):       2.0235 > 0.0000.
   Self:       2.0017, Pairs:       0.0202, Triples:       0.0016.
  Rotamer elimination of ( A50-LYS,39) by ( A50-LYS,40):       2.1213 > 0.0000.
   Self:       2.1596, Pairs:      -0.0383, Triples:       0.0001.
  Rotamer elimination of ( A50-LYS,41) by ( A50-LYS,40):       2.2959 > 0.0000.
   Self:       2.3241, Pairs:      -0.0284, Triples:       0.0002.
  Rotamer elimination of ( A50-LYS,42) by ( A50-LYS,40):       2.1312 > 0.0000.
   Self:       2.1427, Pairs:      -0.0119, Triples:       0.0005.
  Rotamer elimination of ( A50-LYS,43) by ( A50-LYS,40):       4.6405 > 0.0000.
   Self:       4.6547, Pairs:      -0.0148, Triples:       0.0005.
  Rotamer elimination of ( A50-LYS,46) by ( A50-LYS,40):       5.4843 > 0.0000.
   Self:       5.5459, Pairs:      -0.0623, Triples:       0.0007.
  Rotamer elimination of ( A50-LYS,47) by ( A50-LYS,40):       7.8914 > 0.0000.
   Self:       7.9655, Pairs:      -0.0771, Triples:       0.0030.
  Rotamer elimination of ( A50-LYS,48) by ( A50-LYS,40):       3.9272 > 0.0000.
   Self:       4.0581, Pairs:      -0.1318, Triples:       0.0008.
  Rotamer elimination of ( A50-LYS,49) by ( A50-LYS,40):       6.2373 > 0.0000.
   Self:       6.2624, Pairs:      -0.0260, Triples:       0.0009.
  Rotamer elimination of ( A50-LYS,50) by ( A50-LYS,40):       7.8085 > 0.0000.
   Self:       7.7501, Pairs:       0.0539, Triples:       0.0046.
  Rotamer elimination of ( A50-LYS,55) by ( A50-LYS,40):      18.0811 > 0.0000.
   Self:      18.0158, Pairs:       0.0650, Triples:       0.0003.
  Rotamer elimination of ( A53-LYS, 1) by ( A53-LYS, 0):      11.4374 > 0.0000.
   Self:      11.2809, Pairs:       0.1568, Triples:      -0.0003.
  Rotamer elimination of ( A53-LYS,10) by ( A53-LYS, 0):      12.0575 > 0.0000.
   Self:      12.0360, Pairs:       0.0218, Triples:      -0.0002.
  Rotamer elimination of ( A53-LYS,11) by ( A53-LYS, 0):      10.4881 > 0.0000.
   Self:      10.8441, Pairs:      -0.3558, Triples:      -0.0002.
  Rotamer elimination of ( A53-LYS,13) by ( A53-LYS, 0):       9.4265 > 0.0000.
   Self:       9.8626, Pairs:      -0.4359, Triples:      -0.0003.
  Rotamer elimination of ( A53-LYS,14) by ( A53-LYS, 0):      11.4343 > 0.0000.
   Self:      11.2782, Pairs:       0.1565, Triples:      -0.0003.
  Rotamer elimination of ( A53-LYS,33) by ( A53-LYS, 0):      17.5339 > 0.0000.
   Self:      17.9310, Pairs:      -0.3969, Triples:      -0.0002.
  Rotamer elimination of ( A53-LYS,37) by ( A53-LYS, 0):       1.9249 > 0.0000.
   Self:       1.9751, Pairs:      -0.0504, Triples:       0.0002.
  Rotamer elimination of ( A53-LYS,41) by ( A53-LYS, 0):       0.0002 > 0.0000.
   Self:       0.0012, Pairs:      -0.0010, Triples:       0.0000.
  Rotamer elimination of ( A55-GLH, 0) by ( A55-GLH,41):       0.0218 > 0.0000.
   Self:       0.0218, Pairs:       0.0001, Triples:      -0.0000.
  Rotamer elimination of ( A55-GLH,36) by ( A55-GLH,40):       3.0552 > 0.0000.
   Self:       3.5473, Pairs:      -0.4694, Triples:      -0.0226.
  Rotamer elimination of ( A55-GLH,37) by ( A55-GLH,40):       3.7879 > 0.0000.
   Self:       3.8400, Pairs:      -0.0520, Triples:      -0.0001.
  Rotamer elimination of ( A55-GLH,38) by ( A55-GLH,40):       5.5944 > 0.0000.
   Self:       5.9330, Pairs:      -0.3306, Triples:      -0.0080.
  Rotamer elimination of ( A57-GLH,34) by ( A57-GLH, 0):      20.0616 > 0.0000.
   Self:      20.6276, Pairs:      -0.5515, Triples:      -0.0145.
  Rotamer elimination of ( A57-GLH,36) by ( A57-GLH, 0):       3.0059 > 0.0000.
   Self:       3.7374, Pairs:      -0.7294, Triples:      -0.0021.
  Rotamer elimination of ( A57-GLH,37) by ( A57-GLH, 0):       4.6118 > 0.0000.
   Self:       5.2768, Pairs:      -0.6616, Triples:      -0.0034.
  Rotamer elimination of ( A57-GLH,38) by ( A57-GLH, 0):       6.0986 > 0.0000.
   Self:       6.7604, Pairs:      -0.6542, Triples:      -0.0077.
  Rotamer elimination of ( A58-GLH,34) by ( A58-GLH, 0):      19.6908 > 0.0000.
   Self:      19.1356, Pairs:       0.5547, Triples:       0.0005.
  Rotamer elimination of ( A58-GLH,36) by ( A58-GLH, 0):       5.5916 > 0.0000.
   Self:       5.7382, Pairs:      -0.1462, Triples:      -0.0004.
  Rotamer elimination of ( A58-GLH,37) by ( A58-GLH, 0):       6.0817 > 0.0000.
   Self:       6.1497, Pairs:      -0.0678, Triples:      -0.0003.
  Rotamer elimination of ( A58-GLH,39) by ( A58-GLH, 0):      11.9570 > 0.0000.
   Self:      12.0370, Pairs:      -0.0799, Triples:      -0.0000.
  Rotamer elimination of ( A58-GLH,40) by ( A58-GLH, 0):       1.0466 > 0.0000.
   Self:       1.0032, Pairs:       0.0433, Triples:       0.0001.
  Rotamer elimination of ( A58-GLH,41) by ( A58-GLH, 0):       0.0030 > 0.0000.
   Self:       0.0030, Pairs:      -0.0000, Triples:      -0.0000.
  Rotamer elimination of ( A65-GLH,34) by ( A65-GLH, 0):       4.5527 > 0.0000.
   Self:       4.6401, Pairs:      -0.0873, Triples:       0.0000.
  Rotamer elimination of ( A65-GLH,35) by ( A65-GLH, 0):      12.9825 > 0.0000.
   Self:      13.0163, Pairs:      -0.0338, Triples:       0.0000.
  Rotamer elimination of ( A65-GLH,37) by ( A65-GLH, 0):       7.7503 > 0.0000.
   Self:       7.8350, Pairs:      -0.0847, Triples:       0.0000.
  Rotamer elimination of ( A65-GLH,38) by ( A65-GLH, 0):       7.1842 > 0.0000.
   Self:       7.1749, Pairs:       0.0093, Triples:       0.0000.
  Rotamer elimination of ( A65-GLH,40) by ( A65-GLH, 0):      11.8539 > 0.0000.
   Self:      11.9726, Pairs:      -0.1187, Triples:       0.0000.
  Rotamer elimination of ( A66-GLH, 0) by ( A66-GLH,38):       0.0122 > 0.0000.
   Self:       0.0122, Pairs:      -0.0000, Triples:       0.0000.
  Rotamer elimination of ( A66-GLH,34) by ( A66-GLH,36):       1.5186 > 0.0000.
   Self:       1.6425, Pairs:      -0.1239, Triples:       0.0000.
  Rotamer elimination of ( A66-GLH,35) by ( A66-GLH,36):       8.7234 > 0.0000.
   Self:       8.8121, Pairs:      -0.0888, Triples:       0.0000.
  Rotamer elimination of ( A66-GLH,36) by ( A66-GLH,38):       0.9027 > 0.0000.
   Self:       0.8701, Pairs:       0.0326, Triples:       0.0000.
  Rotamer elimination of ( A66-GLH,37) by ( A66-GLH,38):       2.0508 > 0.0000.
   Self:       2.1407, Pairs:      -0.0899, Triples:       0.0000.
  Rotamer elimination of ( A66-GLH,38) by ( A66-GLH,40):       0.9388 > 0.0000.
   Self:       0.8520, Pairs:       0.0868, Triples:       0.0000.
  Rotamer elimination of ( A66-GLH,39) by ( A66-GLH,40):       2.1790 > 0.0000.
   Self:       2.1249, Pairs:       0.0541, Triples:       0.0000.
  Rotamer elimination of ( A66-GLH,40) by ( A66-GLH,41):       1.0898 > 0.0000.
   Self:       1.2387, Pairs:      -0.1489, Triples:       0.0000.
  Rotamer elimination of ( A73-LYS, 1) by ( A73-LYS, 0):      12.1148 > 0.0000.
   Self:      11.8114, Pairs:       0.3034, Triples:       0.0000.
  Rotamer elimination of ( A73-LYS, 7) by ( A73-LYS, 0):      17.4510 > 0.0000.
   Self:      17.1256, Pairs:       0.3254, Triples:       0.0000.
  Rotamer elimination of ( A73-LYS, 8) by ( A73-LYS, 0):      13.4545 > 0.0000.
   Self:      13.1421, Pairs:       0.3125, Triples:       0.0000.
  Rotamer elimination of ( A73-LYS, 9) by ( A73-LYS, 0):      15.4794 > 0.0000.
   Self:      15.1728, Pairs:       0.3066, Triples:       0.0000.
  Rotamer elimination of ( A73-LYS,10) by ( A73-LYS, 0):      17.7070 > 0.0000.
   Self:      17.2101, Pairs:       0.4969, Triples:       0.0000.
  Rotamer elimination of ( A73-LYS,12) by ( A73-LYS, 0):      12.2831 > 0.0000.
   Self:      11.9697, Pairs:       0.3133, Triples:       0.0000.
  Rotamer elimination of ( A73-LYS,13) by ( A73-LYS, 0):      11.4745 > 0.0000.
   Self:      11.1704, Pairs:       0.3041, Triples:       0.0000.
  Rotamer elimination of ( A73-LYS,14) by ( A73-LYS, 0):      13.2487 > 0.0000.
   Self:      12.9264, Pairs:       0.3223, Triples:       0.0000.
  Rotamer elimination of ( A73-LYS,15) by ( A73-LYS, 0):      12.6929 > 0.0000.
   Self:      12.3782, Pairs:       0.3146, Triples:       0.0000.
  Rotamer elimination of ( A73-LYS,16) by ( A73-LYS, 0):      15.3329 > 0.0000.
   Self:      15.0244, Pairs:       0.3085, Triples:       0.0000.
  Rotamer elimination of ( A73-LYS,19) by ( A73-LYS, 0):      14.0837 > 0.0000.
   Self:      13.7890, Pairs:       0.2947, Triples:       0.0000.
  Rotamer elimination of ( A73-LYS,20) by ( A73-LYS, 0):      13.3969 > 0.0000.
   Self:      13.0896, Pairs:       0.3073, Triples:       0.0000.
  Rotamer elimination of ( A73-LYS,21) by ( A73-LYS, 0):      12.3216 > 0.0000.
   Self:      12.0166, Pairs:       0.3050, Triples:       0.0000.
  Rotamer elimination of ( A73-LYS,22) by ( A73-LYS, 0):      14.2301 > 0.0000.
   Self:      13.9280, Pairs:       0.3020, Triples:       0.0000.
  Rotamer elimination of ( A73-LYS,23) by ( A73-LYS, 0):      17.2866 > 0.0000.
   Self:      16.9843, Pairs:       0.3023, Triples:       0.0000.
  Rotamer elimination of ( A73-LYS,24) by ( A73-LYS, 0):      17.8690 > 0.0000.
   Self:      17.5747, Pairs:       0.2943, Triples:       0.0000.
  Rotamer elimination of ( A73-LYS,25) by ( A73-LYS, 0):      15.3669 > 0.0000.
   Self:      15.0611, Pairs:       0.3058, Triples:       0.0000.
  Rotamer elimination of ( A73-LYS,26) by ( A73-LYS, 0):      14.4529 > 0.0000.
   Self:      14.1521, Pairs:       0.3008, Triples:       0.0000.
  Rotamer elimination of ( A73-LYS,27) by ( A73-LYS, 0):      16.3106 > 0.0000.
   Self:      16.0070, Pairs:       0.3037, Triples:       0.0000.
  Rotamer elimination of ( A73-LYS,28) by ( A73-LYS, 0):      16.1521 > 0.0000.
   Self:      15.8499, Pairs:       0.3023, Triples:       0.0000.
  Rotamer elimination of ( A73-LYS,30) by ( A73-LYS, 0):       5.2253 > 0.0000.
   Self:       5.2386, Pairs:      -0.0132, Triples:       0.0000.
  Rotamer elimination of ( A73-LYS,34) by ( A73-LYS, 0):       7.0312 > 0.0000.
   Self:       7.1668, Pairs:      -0.1355, Triples:       0.0000.
  Rotamer elimination of ( A73-LYS,35) by ( A73-LYS, 0):       1.8222 > 0.0000.
   Self:       1.8841, Pairs:      -0.0619, Triples:       0.0000.
  Rotamer elimination of ( A73-LYS,36) by ( A73-LYS, 0):       3.8481 > 0.0000.
   Self:       3.9386, Pairs:      -0.0905, Triples:       0.0000.
  Rotamer elimination of ( A73-LYS,37) by ( A73-LYS, 0):       7.7775 > 0.0000.
   Self:       8.4832, Pairs:      -0.7057, Triples:       0.0000.
  Rotamer elimination of ( A73-LYS,39) by ( A73-LYS, 0):       1.7175 > 0.0000.
   Self:       1.8273, Pairs:      -0.1098, Triples:       0.0000.
  Rotamer elimination of ( A73-LYS,41) by ( A73-LYS, 0):       1.7763 > 0.0000.
   Self:       2.0370, Pairs:      -0.2606, Triples:       0.0000.
  Rotamer elimination of ( A73-LYS,42) by ( A73-LYS, 0):       1.9652 > 0.0000.
   Self:       2.0254, Pairs:      -0.0602, Triples:       0.0000.
  Rotamer elimination of ( A73-LYS,43) by ( A73-LYS, 0):       3.9224 > 0.0000.
   Self:       3.9722, Pairs:      -0.0498, Triples:       0.0000.
  Rotamer elimination of ( A73-LYS,44) by ( A73-LYS, 0):      17.9518 > 0.0000.
   Self:      17.9666, Pairs:      -0.0148, Triples:       0.0000.
  Rotamer elimination of ( A73-LYS,46) by ( A73-LYS, 0):       2.9577 > 0.0000.
   Self:       3.0459, Pairs:      -0.0882, Triples:       0.0000.
  Rotamer elimination of ( A73-LYS,47) by ( A73-LYS, 0):       3.0121 > 0.0000.
   Self:       3.0381, Pairs:      -0.0260, Triples:       0.0000.
  Rotamer elimination of ( A73-LYS,48) by ( A73-LYS, 0):       0.8356 > 0.0000.
   Self:       0.8512, Pairs:      -0.0156, Triples:       0.0000.
  Rotamer elimination of ( A73-LYS,49) by ( A73-LYS, 0):       2.7204 > 0.0000.
   Self:       2.7300, Pairs:      -0.0096, Triples:       0.0000.
  Rotamer elimination of ( A73-LYS,50) by ( A73-LYS, 0):       8.3502 > 0.0000.
   Self:       8.4351, Pairs:      -0.0849, Triples:       0.0000.
  Rotamer elimination of ( A73-LYS,51) by ( A73-LYS, 0):       8.0170 > 0.0000.
   Self:       8.0957, Pairs:      -0.0786, Triples:       0.0000.
  Rotamer elimination of ( A73-LYS,52) by ( A73-LYS, 0):       4.7030 > 0.0000.
   Self:       4.7090, Pairs:      -0.0060, Triples:       0.0000.
  Rotamer elimination of ( A73-LYS,53) by ( A73-LYS, 0):       2.5874 > 0.0000.
   Self:       2.5948, Pairs:      -0.0075, Triples:       0.0000.
  Rotamer elimination of ( A73-LYS,54) by ( A73-LYS, 0):       4.9035 > 0.0000.
   Self:       4.9249, Pairs:      -0.0214, Triples:       0.0000.
  Rotamer elimination of ( A73-LYS,55) by ( A73-LYS, 0):       4.6507 > 0.0000.
   Self:       4.6869, Pairs:      -0.0362, Triples:       0.0000.
  Rotamer elimination of ( A74-GLH, 0) by ( A74-GLH,41):       0.0046 > 0.0000.
   Self:       0.0049, Pairs:      -0.0004, Triples:      -0.0000.
  Rotamer elimination of ( A74-GLH,34) by ( A74-GLH,40):       4.8701 > 0.0000.
   Self:       4.8606, Pairs:       0.0099, Triples:      -0.0004.
  Rotamer elimination of ( A74-GLH,36) by ( A74-GLH,40):       1.1452 > 0.0000.
   Self:       0.8752, Pairs:       0.2857, Triples:      -0.0156.
  Rotamer elimination of ( A74-GLH,37) by ( A74-GLH,40):       2.1437 > 0.0000.
   Self:       1.9768, Pairs:       0.1752, Triples:      -0.0084.
  Rotamer elimination of ( A74-GLH,38) by ( A74-GLH,40):     163.5082 > 0.0000.
   Self:       0.5331, Pairs:     163.1212, Triples:      -0.1461.
  Rotamer elimination of ( A74-GLH,40) by ( A74-GLH,41):       1.0034 > 0.0000.
   Self:       1.1759, Pairs:      -0.1728, Triples:       0.0002.
  Rotamer elimination of ( A85-ASH,25) by ( A85-ASH,24):       2.7706 > 0.0000.
   Self:       3.9678, Pairs:      -1.2010, Triples:       0.0038.
  Rotamer elimination of ( A87-GLH, 0) by ( A87-GLH,37):       0.2579 > 0.0000.
   Self:       0.2700, Pairs:      -0.0039, Triples:      -0.0082.
  Rotamer elimination of ( A87-GLH,36) by ( A87-GLH,37):       5.2083 > 0.0000.
   Self:       5.2798, Pairs:      -0.0713, Triples:      -0.0001.
  Rotamer elimination of ( A87-GLH,38) by ( A87-GLH,37):       0.2278 > 0.0000.
   Self:       0.2400, Pairs:      -0.0040, Triples:      -0.0082.
  Rotamer elimination of ( A87-GLH,40) by ( A87-GLH,37):       1.2394 > 0.0000.
   Self:       1.2399, Pairs:       0.0013, Triples:      -0.0017.
  Rotamer elimination of ( A88-ASH,22) by ( A88-ASH, 0):      22.9704 > 0.0000.
   Self:      23.1952, Pairs:      -0.2246, Triples:      -0.0003.
  Rotamer elimination of ( A88-ASH,23) by ( A88-ASH, 0):       9.5245 > 0.0000.
   Self:       9.6814, Pairs:      -0.1564, Triples:      -0.0004.
  Rotamer elimination of ( A88-ASH,24) by ( A88-ASH, 0):      17.9402 > 0.0000.
   Self:      18.1274, Pairs:      -0.1841, Triples:      -0.0031.
  Rotamer elimination of ( A88-ASH,25) by ( A88-ASH, 0):       3.9742 > 0.0000.
   Self:       4.1431, Pairs:      -0.1658, Triples:      -0.0031.
  Rotamer elimination of ( A88-ASH,26) by ( A88-ASH, 0):       7.1171 > 0.0000.
   Self:       5.8644, Pairs:       1.2533, Triples:      -0.0007.
  Rotamer elimination of ( A90-CYS, 0) by ( A90-CYS, 1):      10.2216 > 0.0000.
   Self:      10.6165, Pairs:      -0.3949, Triples:       0.0000.
  Rotamer elimination of ( A90-CYS, 4) by ( A90-CYS, 1):      10.9134 > 0.0000.
   Self:      11.3099, Pairs:      -0.3965, Triples:       0.0000.
  Rotamer elimination of ( A90-CYS, 7) by ( A90-CYS, 1):      10.9134 > 0.0000.
   Self:      11.3099, Pairs:      -0.3965, Triples:       0.0000.
  Rotamer elimination of ( A90-CYS,10) by ( A90-CYS, 1):       0.5941 > 0.0000.
   Self:       0.5989, Pairs:      -0.0047, Triples:       0.0000.
  Rotamer elimination of ( A99-GLH,34) by ( A99-GLH, 0):      18.4117 > 0.0000.
   Self:      18.4117, Pairs:       0.0000, Triples:       0.0000.
  Rotamer elimination of ( A99-GLH,36) by ( A99-GLH, 0):      19.5680 > 0.0000.
   Self:      19.5680, Pairs:       0.0000, Triples:       0.0000.
  Rotamer elimination of ( A99-GLH,40) by ( A99-GLH, 0):       0.6931 > 0.0000.
   Self:       0.6931, Pairs:       0.0000, Triples:       0.0000.
  Rotamer elimination of ( A99-GLH,41) by ( A99-GLH, 0):       0.6844 > 0.0000.
   Self:       0.6844, Pairs:       0.0000, Triples:       0.0000.
  Rotamer elimination of (A109-GLH,34) by (A109-GLH, 0):      12.8583 > 0.0000.
   Self:      12.7498, Pairs:       0.1085, Triples:       0.0000.
  Rotamer elimination of (A109-GLH,37) by (A109-GLH, 0):       7.4989 > 0.0000.
   Self:       7.4813, Pairs:       0.0176, Triples:       0.0000.
  Rotamer elimination of (A109-GLH,38) by (A109-GLH, 0):       4.3698 > 0.0000.
   Self:       5.1087, Pairs:      -0.7388, Triples:       0.0000.
  Rotamer elimination of (A109-GLH,40) by (A109-GLH, 0):       0.1516 > 0.0000.
   Self:       0.1611, Pairs:      -0.0095, Triples:       0.0000.
  Rotamer elimination of (A110-GLH, 0) by (A110-GLH,40):       0.7627 > 0.0000.
   Self:       0.7919, Pairs:      -0.0292, Triples:       0.0000.
  Rotamer elimination of (A110-GLH,34) by (A110-GLH,36):       5.0666 > 0.0000.
   Self:       5.0759, Pairs:      -0.0093, Triples:       0.0000.
  Rotamer elimination of (A110-GLH,36) by (A110-GLH,40):       0.7736 > 0.0000.
   Self:       0.8027, Pairs:      -0.0292, Triples:       0.0000.
  Rotamer elimination of (A110-GLH,37) by (A110-GLH,40):       1.0614 > 0.0000.
   Self:       1.1325, Pairs:      -0.0711, Triples:       0.0000.
  Rotamer elimination of (A110-GLH,39) by (A110-GLH,40):       4.2719 > 0.0000.
   Self:       4.1774, Pairs:       0.0945, Triples:       0.0000.
  Rotamer elimination of (A110-GLH,40) by (A110-GLH,41):       1.1594 > 0.0000.
   Self:       1.2316, Pairs:      -0.0721, Triples:       0.0000.
  Rotamer elimination of (A118-HIS, 0) by (A118-HIS, 1):      12.7574 > 0.0000.
   Self:      12.7066, Pairs:       0.0509, Triples:       0.0000.
  Rotamer elimination of (A118-HIS, 7) by (A118-HIS, 1):      13.9923 > 0.0000.
   Self:      13.8451, Pairs:       0.1471, Triples:       0.0000.
  Rotamer elimination of (A118-HIS, 8) by (A118-HIS, 1):      12.0917 > 0.0000.
   Self:      14.5776, Pairs:      -2.4858, Triples:       0.0000.
  Rotamer elimination of (A118-HIS, 9) by (A118-HIS, 1):      12.4370 > 0.0000.
   Self:      15.2517, Pairs:      -2.8147, Triples:       0.0000.
  Rotamer elimination of (A118-HIS,13) by (A118-HIS, 1):       9.0376 > 0.0000.
   Self:      10.6263, Pairs:      -1.5887, Triples:       0.0000.
  Rotamer elimination of (A118-HIS,14) by (A118-HIS, 1):       3.6610 > 0.0000.
   Self:       6.6376, Pairs:      -2.9766, Triples:       0.0000.
  Rotamer elimination of (A118-HIS,16) by (A118-HIS,24):       1.4439 > 0.0000.
   Self:       1.4777, Pairs:      -0.0337, Triples:       0.0000.
  Rotamer elimination of (A118-HIS,17) by (A118-HIS,24):       2.3745 > 0.0000.
   Self:       2.3453, Pairs:       0.0292, Triples:       0.0000.
  Rotamer elimination of (A118-HIS,18) by (A118-HIS, 1):       5.4604 > 0.0000.
   Self:       8.4521, Pairs:      -2.9917, Triples:       0.0000.
  Rotamer elimination of (A118-HIS,21) by (A118-HIS, 1):       7.0914 > 0.0000.
   Self:       8.6380, Pairs:      -1.5466, Triples:       0.0000.
  Rotamer elimination of (A118-HIS,22) by (A118-HIS, 1):       2.8997 > 0.0000.
   Self:       5.5663, Pairs:      -2.6667, Triples:       0.0000.
  Rotamer elimination of (A121-LYS, 0) by (A121-LYS,40):       0.0039 > 0.0000.
   Self:       0.0040, Pairs:      -0.0001, Triples:       0.0000.
  Rotamer elimination of (A121-LYS, 1) by (A121-LYS,13):       0.0011 > 0.0000.
   Self:       0.0012, Pairs:      -0.0001, Triples:       0.0000.
  Rotamer elimination of (A121-LYS, 7) by (A121-LYS,12):       1.7494 > 0.0000.
   Self:       1.7199, Pairs:       0.0295, Triples:       0.0000.
  Rotamer elimination of (A121-LYS, 8) by (A121-LYS,12):       0.8900 > 0.0000.
   Self:       1.0731, Pairs:      -0.1831, Triples:       0.0000.
  Rotamer elimination of (A121-LYS, 9) by (A121-LYS,12):       3.0101 > 0.0000.
   Self:       3.0014, Pairs:       0.0086, Triples:       0.0000.
  Rotamer elimination of (A121-LYS,10) by (A121-LYS,12):       1.7323 > 0.0000.
   Self:       0.6529, Pairs:       1.0794, Triples:       0.0000.
  Rotamer elimination of (A121-LYS,11) by (A121-LYS,12):       0.4009 > 0.0000.
   Self:      -0.7173, Pairs:       1.1182, Triples:       0.0000.
  Rotamer elimination of (A121-LYS,12) by (A121-LYS,13):       0.7628 > 0.0000.
   Self:       0.9130, Pairs:      -0.1502, Triples:       0.0000.
  Rotamer elimination of (A121-LYS,13) by (A121-LYS,30):       4.0701 > 0.0000.
   Self:       5.1254, Pairs:      -1.0553, Triples:       0.0000.
  Rotamer elimination of (A121-LYS,14) by (A121-LYS,15):       0.3049 > 0.0000.
   Self:       0.3411, Pairs:      -0.0363, Triples:       0.0000.
  Rotamer elimination of (A121-LYS,15) by (A121-LYS,21):       0.0690 > 0.0000.
   Self:       0.1894, Pairs:      -0.1204, Triples:       0.0000.
  Rotamer elimination of (A121-LYS,16) by (A121-LYS,19):       0.8270 > 0.0000.
   Self:       0.9659, Pairs:      -0.1390, Triples:       0.0000.
  Rotamer elimination of (A121-LYS,19) by (A121-LYS,20):       0.4528 > 0.0000.
   Self:       0.5768, Pairs:      -0.1240, Triples:       0.0000.
  Rotamer elimination of (A121-LYS,20) by (A121-LYS,21):       1.0104 > 0.0000.
   Self:       1.0490, Pairs:      -0.0386, Triples:       0.0000.
  Rotamer elimination of (A121-LYS,21) by (A121-LYS,30):       5.2947 > 0.0000.
   Self:       6.5196, Pairs:      -1.2249, Triples:       0.0000.
  Rotamer elimination of (A121-LYS,22) by (A121-LYS,30):       7.4563 > 0.0000.
   Self:       8.4354, Pairs:      -0.9790, Triples:       0.0000.
  Rotamer elimination of (A121-LYS,23) by (A121-LYS,25):       6.5151 > 0.0000.
   Self:       6.1478, Pairs:       0.3673, Triples:       0.0000.
  Rotamer elimination of (A121-LYS,25) by (A121-LYS,26):       0.3899 > 0.0000.
   Self:       0.8969, Pairs:      -0.5070, Triples:       0.0000.
  Rotamer elimination of (A121-LYS,26) by (A121-LYS,30):       8.7711 > 0.0000.
   Self:       9.6850, Pairs:      -0.9139, Triples:       0.0000.
  Rotamer elimination of (A121-LYS,27) by (A121-LYS,30):      10.0239 > 0.0000.
   Self:      11.3649, Pairs:      -1.3411, Triples:       0.0000.
  Rotamer elimination of (A121-LYS,28) by (A121-LYS,30):       9.8715 > 0.0000.
   Self:      11.2997, Pairs:      -1.4283, Triples:       0.0000.
  Rotamer elimination of (A121-LYS,30) by (A121-LYS,36):       0.0576 > 0.0000.
   Self:       1.5906, Pairs:      -1.5331, Triples:       0.0000.
  Rotamer elimination of (A121-LYS,34) by (A121-LYS,36):       0.1410 > 0.0000.
   Self:       0.1960, Pairs:      -0.0550, Triples:       0.0000.
  Rotamer elimination of (A121-LYS,35) by (A121-LYS,40):       1.8584 > 0.0000.
   Self:       2.0256, Pairs:      -0.1672, Triples:       0.0000.
  Rotamer elimination of (A121-LYS,36) by (A121-LYS,39):       1.9126 > 0.0000.
   Self:       1.9352, Pairs:      -0.0225, Triples:       0.0000.
  Rotamer elimination of (A121-LYS,37) by (A121-LYS,39):       2.4085 > 0.0000.
   Self:       1.9650, Pairs:       0.4435, Triples:       0.0000.
  Rotamer elimination of (A121-LYS,38) by (A121-LYS,40):       1.1914 > 0.0000.
   Self:       0.6875, Pairs:       0.5039, Triples:       0.0000.
  Rotamer elimination of (A121-LYS,39) by (A121-LYS,40):       2.0126 > 0.0000.
   Self:       2.1715, Pairs:      -0.1589, Triples:       0.0000.
  Rotamer elimination of (A121-LYS,41) by (A121-LYS,40):       2.6729 > 0.0000.
   Self:       2.7027, Pairs:      -0.0298, Triples:       0.0000.
  Rotamer elimination of (A121-LYS,42) by (A121-LYS,40):       1.7100 > 0.0000.
   Self:       1.8784, Pairs:      -0.1684, Triples:       0.0000.
  Rotamer elimination of (A121-LYS,43) by (A121-LYS,40):       4.1513 > 0.0000.
   Self:       4.3302, Pairs:      -0.1790, Triples:       0.0000.
  Rotamer elimination of (A121-LYS,46) by (A121-LYS,40):       3.1433 > 0.0000.
   Self:       3.4602, Pairs:      -0.3170, Triples:       0.0000.
  Rotamer elimination of (A121-LYS,47) by (A121-LYS,40):       4.2282 > 0.0000.
   Self:       4.4788, Pairs:      -0.2505, Triples:       0.0000.
  Rotamer elimination of (A121-LYS,48) by (A121-LYS,40):       1.3671 > 0.0000.
   Self:       1.7292, Pairs:      -0.3621, Triples:       0.0000.
  Rotamer elimination of (A121-LYS,49) by (A121-LYS,40):       3.5891 > 0.0000.
   Self:       3.7925, Pairs:      -0.2034, Triples:       0.0000.
  Rotamer elimination of (A121-LYS,50) by (A121-LYS,40):      12.5325 > 0.0000.
   Self:      12.6085, Pairs:      -0.0760, Triples:       0.0000.
  Rotamer elimination of (A121-LYS,52) by (A121-LYS,40):       6.2808 > 0.0000.
   Self:       6.6917, Pairs:      -0.4109, Triples:       0.0000.
  Rotamer elimination of (A121-LYS,53) by (A121-LYS,40):       4.0144 > 0.0000.
   Self:       4.5671, Pairs:      -0.5527, Triples:       0.0000.
  Rotamer elimination of (A121-LYS,54) by (A121-LYS,40):       6.5803 > 0.0000.
   Self:       6.9494, Pairs:      -0.3690, Triples:       0.0000.
  Rotamer elimination of (A121-LYS,55) by (A121-LYS,40):       6.2598 > 0.0000.
   Self:       6.4616, Pairs:      -0.2017, Triples:       0.0000.
  Rotamer elimination of (A124-LYS, 1) by (A124-LYS, 0):       9.9015 > 0.0000.
   Self:      10.4009, Pairs:      -0.4994, Triples:       0.0000.
  Rotamer elimination of (A124-LYS, 8) by (A124-LYS, 0):      18.6056 > 0.0000.
   Self:      19.1121, Pairs:      -0.5065, Triples:       0.0000.
  Rotamer elimination of (A124-LYS, 9) by (A124-LYS, 0):      18.1349 > 0.0000.
   Self:      18.6436, Pairs:      -0.5087, Triples:       0.0000.
  Rotamer elimination of (A124-LYS,10) by (A124-LYS, 0):      12.6387 > 0.0000.
   Self:      13.0386, Pairs:      -0.3999, Triples:       0.0000.
  Rotamer elimination of (A124-LYS,11) by (A124-LYS, 0):      11.5650 > 0.0000.
   Self:      11.9250, Pairs:      -0.3599, Triples:       0.0000.
  Rotamer elimination of (A124-LYS,12) by (A124-LYS, 0):      10.8111 > 0.0000.
   Self:      11.3111, Pairs:      -0.4999, Triples:       0.0000.
  Rotamer elimination of (A124-LYS,13) by (A124-LYS, 0):       9.9005 > 0.0000.
   Self:      10.3999, Pairs:      -0.4994, Triples:       0.0000.
  Rotamer elimination of (A124-LYS,14) by (A124-LYS, 0):      12.0923 > 0.0000.
   Self:      12.6190, Pairs:      -0.5267, Triples:       0.0000.
  Rotamer elimination of (A124-LYS,15) by (A124-LYS, 0):      11.5516 > 0.0000.
   Self:      12.0761, Pairs:      -0.5245, Triples:       0.0000.
  Rotamer elimination of (A124-LYS,16) by (A124-LYS, 0):      14.0496 > 0.0000.
   Self:      14.5439, Pairs:      -0.4943, Triples:       0.0000.
  Rotamer elimination of (A124-LYS,19) by (A124-LYS, 0):      23.3187 > 0.0000.
   Self:      23.7888, Pairs:      -0.4701, Triples:       0.0000.
  Rotamer elimination of (A124-LYS,35) by (A124-LYS, 0):      11.1727 > 0.0000.
   Self:      11.3153, Pairs:      -0.1425, Triples:       0.0000.
  Rotamer elimination of (A124-LYS,36) by (A124-LYS, 0):      10.1966 > 0.0000.
   Self:      10.2876, Pairs:      -0.0911, Triples:       0.0000.
  Rotamer elimination of (A124-LYS,37) by (A124-LYS, 0):       4.8265 > 0.0000.
   Self:       4.5416, Pairs:       0.2849, Triples:       0.0000.
  Rotamer elimination of (A124-LYS,38) by (A124-LYS, 0):       1.9809 > 0.0000.
   Self:       1.6482, Pairs:       0.3327, Triples:       0.0000.
  Rotamer elimination of (A124-LYS,39) by (A124-LYS, 0):       3.8935 > 0.0000.
   Self:       3.9513, Pairs:      -0.0578, Triples:       0.0000.
  Rotamer elimination of (A124-LYS,40) by (A124-LYS, 0):       0.0037 > 0.0000.
   Self:       0.0037, Pairs:      -0.0000, Triples:       0.0000.
  Rotamer elimination of (A124-LYS,41) by (A124-LYS, 0):       3.2804 > 0.0000.
   Self:       3.2778, Pairs:       0.0026, Triples:       0.0000.
  Rotamer elimination of (A124-LYS,42) by (A124-LYS, 0):       2.0115 > 0.0000.
   Self:       1.9857, Pairs:       0.0258, Triples:       0.0000.
  Rotamer elimination of (A124-LYS,43) by (A124-LYS, 0):       4.8647 > 0.0000.
   Self:       4.9034, Pairs:      -0.0386, Triples:       0.0000.
  Rotamer elimination of (A124-LYS,46) by (A124-LYS, 0):      14.3430 > 0.0000.
   Self:      14.2954, Pairs:       0.0475, Triples:       0.0000.
  Rotamer elimination of (A124-LYS,55) by (A124-LYS, 0):      23.8482 > 0.0000.
   Self:      23.9658, Pairs:      -0.1177, Triples:       0.0000.
  Rotamer elimination of (A129-ASH,23) by (A129-ASH, 0):       0.2488 > 0.0000.
   Self:       0.1506, Pairs:       0.0981, Triples:       0.0000.
  Rotamer elimination of (A129-ASH,25) by (A129-ASH, 0):       8.0102 > 0.0000.
   Self:       9.3071, Pairs:      -1.2969, Triples:       0.0000.
  Rotamer elimination of (A129-ASH,26) by (A129-ASH, 0):       4.9496 > 0.0000.
   Self:       5.9630, Pairs:      -1.0134, Triples:       0.0000.
  Rotamer elimination of (A131-ASH,25) by (A131-ASH, 0):       1.2112 > 0.0000.
   Self:       1.4050, Pairs:      -0.1941, Triples:       0.0004.
  Rotamer elimination of (A132-ASH, 0) by (A132-ASH,26):       0.0125 > 0.0000.
   Self:       0.0128, Pairs:      -0.0003, Triples:       0.0000.
  Rotamer elimination of (A132-ASH,24) by (A132-ASH,25):       6.3567 > 0.0000.
   Self:      12.6013, Pairs:      -6.2341, Triples:      -0.0104.
  Rotamer elimination of (A135-LYS, 1) by (A135-LYS, 0):      12.5296 > 0.0000.
   Self:      11.2153, Pairs:       1.3261, Triples:      -0.0119.
  Rotamer elimination of (A135-LYS, 7) by (A135-LYS, 0):      15.1359 > 0.0000.
   Self:      15.5523, Pairs:      -0.3996, Triples:      -0.0168.
  Rotamer elimination of (A135-LYS, 8) by (A135-LYS, 0):      13.9474 > 0.0000.
   Self:      14.4125, Pairs:      -0.4482, Triples:      -0.0170.
  Rotamer elimination of (A135-LYS, 9) by (A135-LYS, 0):      15.8138 > 0.0000.
   Self:      16.2526, Pairs:      -0.4219, Triples:      -0.0169.
  Rotamer elimination of (A135-LYS,10) by (A135-LYS, 0):      15.2287 > 0.0000.
   Self:      14.3084, Pairs:       0.9370, Triples:      -0.0166.
  Rotamer elimination of (A135-LYS,11) by (A135-LYS, 0):      14.1708 > 0.0000.
   Self:      13.2694, Pairs:       0.9123, Triples:      -0.0109.
  Rotamer elimination of (A135-LYS,12) by (A135-LYS, 0):      12.3644 > 0.0000.
   Self:      12.9644, Pairs:      -0.5804, Triples:      -0.0196.
  Rotamer elimination of (A135-LYS,13) by (A135-LYS, 0):      11.3684 > 0.0000.
   Self:      11.9590, Pairs:      -0.5709, Triples:      -0.0196.
  Rotamer elimination of (A135-LYS,14) by (A135-LYS, 0):      13.4589 > 0.0000.
   Self:      13.9680, Pairs:      -0.4902, Triples:      -0.0190.
  Rotamer elimination of (A135-LYS,15) by (A135-LYS, 0):      13.0851 > 0.0000.
   Self:      13.4961, Pairs:      -0.3923, Triples:      -0.0187.
  Rotamer elimination of (A135-LYS,16) by (A135-LYS, 0):      15.4235 > 0.0000.
   Self:      16.0336, Pairs:      -0.5910, Triples:      -0.0191.
  Rotamer elimination of (A135-LYS,19) by (A135-LYS, 0):      13.3138 > 0.0000.
   Self:      13.5013, Pairs:      -0.1711, Triples:      -0.0164.
  Rotamer elimination of (A135-LYS,20) by (A135-LYS, 0):      13.1207 > 0.0000.
   Self:      10.5548, Pairs:       2.5839, Triples:      -0.0180.
  Rotamer elimination of (A135-LYS,21) by (A135-LYS, 0):      12.5358 > 0.0000.
   Self:      11.2215, Pairs:       1.3262, Triples:      -0.0119.
  Rotamer elimination of (A135-LYS,22) by (A135-LYS, 0):      14.4488 > 0.0000.
   Self:      13.4982, Pairs:       0.9612, Triples:      -0.0106.
  Rotamer elimination of (A135-LYS,25) by (A135-LYS, 0):      15.3601 > 0.0000.
   Self:      15.6242, Pairs:      -0.2472, Triples:      -0.0169.
  Rotamer elimination of (A135-LYS,26) by (A135-LYS, 0):      14.5302 > 0.0000.
   Self:      14.9833, Pairs:      -0.4372, Triples:      -0.0158.
  Rotamer elimination of (A135-LYS,27) by (A135-LYS, 0):      16.0113 > 0.0000.
   Self:      16.0350, Pairs:      -0.0146, Triples:      -0.0092.
  Rotamer elimination of (A135-LYS,28) by (A135-LYS, 0):      16.4201 > 0.0000.
   Self:      16.8458, Pairs:      -0.4090, Triples:      -0.0168.
  Rotamer elimination of (A135-LYS,30) by (A135-LYS, 0):       2.5661 > 0.0000.
   Self:       5.1815, Pairs:      -2.6100, Triples:      -0.0054.
  Rotamer elimination of (A135-LYS,34) by (A135-LYS, 0):       2.9852 > 0.0000.
   Self:       4.9262, Pairs:      -1.9309, Triples:      -0.0100.
  Rotamer elimination of (A135-LYS,35) by (A135-LYS, 0):       0.4514 > 0.0000.
   Self:       2.2268, Pairs:      -1.7649, Triples:      -0.0104.
  Rotamer elimination of (A135-LYS,36) by (A135-LYS, 0):       2.3942 > 0.0000.
   Self:       4.3818, Pairs:      -1.9778, Triples:      -0.0098.
  Rotamer elimination of (A135-LYS,37) by (A135-LYS, 0):       2.1133 > 0.0000.
   Self:       4.2799, Pairs:      -2.1122, Triples:      -0.0544.
  Rotamer elimination of (A135-LYS,38) by (A135-LYS, 0):       0.5429 > 0.0000.
   Self:       1.7744, Pairs:      -1.2079, Triples:      -0.0236.
  Rotamer elimination of (A135-LYS,39) by (A135-LYS,40):       2.1560 > 0.0000.
   Self:       2.0605, Pairs:       0.0960, Triples:      -0.0004.
  Rotamer elimination of (A135-LYS,41) by (A135-LYS,40):       2.1058 > 0.0000.
   Self:       2.3051, Pairs:      -0.1988, Triples:      -0.0005.
  Rotamer elimination of (A135-LYS,42) by (A135-LYS,40):       1.6859 > 0.0000.
   Self:       2.0437, Pairs:      -0.3591, Triples:       0.0014.
  Rotamer elimination of (A135-LYS,43) by (A135-LYS, 0):       2.1665 > 0.0000.
   Self:       4.4510, Pairs:      -2.2696, Triples:      -0.0150.
  Rotamer elimination of (A135-LYS,44) by (A135-LYS, 0):      20.3166 > 0.0000.
   Self:      21.9242, Pairs:      -1.6071, Triples:      -0.0005.
  Rotamer elimination of (A135-LYS,46) by (A135-LYS, 0):       0.2477 > 0.0000.
   Self:       2.1879, Pairs:      -1.9315, Triples:      -0.0086.
  Rotamer elimination of (A135-LYS,47) by (A135-LYS, 0):       2.6537 > 0.0000.
   Self:       1.0624, Pairs:       1.5857, Triples:       0.0056.
  Rotamer elimination of (A135-LYS,48) by (A135-LYS, 0):       0.0035 > 0.0000.
   Self:       0.0044, Pairs:      -0.0009, Triples:      -0.0000.
  Rotamer elimination of (A135-LYS,49) by (A135-LYS, 0):       1.9080 > 0.0000.
   Self:       2.2363, Pairs:      -0.3264, Triples:      -0.0019.
  Rotamer elimination of (A135-LYS,52) by (A135-LYS, 0):       2.8274 > 0.0000.
   Self:       5.1272, Pairs:      -2.2956, Triples:      -0.0042.
  Rotamer elimination of (A135-LYS,53) by (A135-LYS, 0):       1.2355 > 0.0000.
   Self:       3.1009, Pairs:      -1.8545, Triples:      -0.0109.
  Rotamer elimination of (A135-LYS,54) by (A135-LYS, 0):       2.6966 > 0.0000.
   Self:       4.8686, Pairs:      -2.1790, Triples:       0.0070.
  Rotamer elimination of (A135-LYS,55) by (A135-LYS, 0):       3.2839 > 0.0000.
   Self:       5.0491, Pairs:      -1.7527, Triples:      -0.0124.
  Rotamer elimination of (A136-CYS, 0) by (A136-CYS, 1):       8.0982 > 0.0000.
   Self:       9.0491, Pairs:      -0.9768, Triples:       0.0259.
  Rotamer elimination of (A136-CYS, 2) by (A136-CYS, 1):      23.0771 > 0.0000.
   Self:      23.7231, Pairs:      -0.6747, Triples:       0.0287.
  Rotamer elimination of (A136-CYS, 4) by (A136-CYS, 1):       9.0681 > 0.0000.
   Self:      10.0012, Pairs:      -0.9589, Triples:       0.0257.
  Rotamer elimination of (A136-CYS, 5) by (A136-CYS, 1):      23.0771 > 0.0000.
   Self:      23.7231, Pairs:      -0.6747, Triples:       0.0287.
  Rotamer elimination of (A136-CYS, 7) by (A136-CYS, 1):       9.0681 > 0.0000.
   Self:      10.0012, Pairs:      -0.9589, Triples:       0.0257.
  Rotamer elimination of (A136-CYS, 8) by (A136-CYS, 1):      19.1440 > 0.0000.
   Self:      19.4735, Pairs:      -0.3449, Triples:       0.0154.
  Rotamer elimination of (A136-CYS, 9) by (A136-CYS, 1):      22.8579 > 0.0000.
   Self:      23.0528, Pairs:      -0.2231, Triples:       0.0283.
  Rotamer elimination of (A136-CYS,10) by (A136-CYS, 1):       1.0782 > 0.0000.
   Self:       1.0953, Pairs:      -0.0172, Triples:       0.0001.
 1290 out of 1344 rotamers eliminated.
 872767 out of 874161 rotamer pairs eliminated.

 Iteration 2: Applying Single Rotamer Goldstein DEE conditions 
  Rotamer elimination of ( A44-GLH,40) by ( A44-GLH,41):       0.7682 > 0.0000.
   Self:       0.4938, Pairs:       0.2806, Triples:      -0.0063.
  Rotamer elimination of ( A55-GLH,40) by ( A55-GLH,41):       0.2341 > 0.0000.
   Self:       0.4431, Pairs:      -0.2088, Triples:      -0.0002.
  Rotamer elimination of ( A73-LYS, 0) by ( A73-LYS,40):       0.0120 > 0.0000.
   Self:      -0.1205, Pairs:       0.1325, Triples:       0.0000.
  Rotamer elimination of (A118-HIS, 1) by (A118-HIS, 2):       2.1341 > 0.0000.
   Self:       2.4876, Pairs:      -0.3535, Triples:       0.0000.
  Rotamer elimination of (A118-HIS, 2) by (A118-HIS,15):       0.6023 > 0.0000.
   Self:       0.7086, Pairs:      -0.1063, Triples:       0.0000.
  Rotamer elimination of (A118-HIS,23) by (A118-HIS,15):       0.5778 > 0.0000.
   Self:       1.0998, Pairs:      -0.5221, Triples:       0.0000.
  Rotamer elimination of (A118-HIS,24) by (A118-HIS,15):       2.2154 > 0.0000.
   Self:       2.7151, Pairs:      -0.4998, Triples:       0.0000.
  Rotamer elimination of (A118-HIS,25) by (A118-HIS,15):       2.0674 > 0.0000.
   Self:       2.4115, Pairs:      -0.3440, Triples:       0.0000.
  Rotamer elimination of (A118-HIS,26) by (A118-HIS,15):       3.5462 > 0.0000.
   Self:       3.8800, Pairs:      -0.3338, Triples:       0.0000.
  Rotamer elimination of (A131-ASH,24) by (A131-ASH, 0):       1.4394 > 0.0000.
   Self:       3.0700, Pairs:      -1.6316, Triples:       0.0010.
  Rotamer elimination of (A131-ASH,26) by (A131-ASH, 0):       3.4807 > 0.0000.
   Self:       4.9571, Pairs:      -1.4707, Triples:      -0.0057.
  Rotamer elimination of (A132-ASH,26) by (A132-ASH,25):       1.6247 > 0.0000.
   Self:       2.7301, Pairs:      -1.0766, Triples:      -0.0288.
  Rotamer elimination of (A135-LYS, 0) by (A135-LYS,40):       2.3413 > 0.0000.
   Self:       0.0007, Pairs:       2.3281, Triples:       0.0125.
 1303 out of 1344 rotamers eliminated.
 873349 out of 874161 rotamer pairs eliminated.

 Iteration 3: Applying Single Rotamer Goldstein DEE conditions 
 No more single rotamers to eliminate.

 Iteration 4: Applying Rotamer Pair Goldstein DEE conditions 
  Pair elimination of [( A43-ASH, 0),( A47-LYS, 0)] by [( A43-ASH,25),( A47-LYS,42)]:       0.1498 > 0.0000
  Pair elimination of [( A43-ASH, 0),( A47-LYS,42)] by [( A43-ASH,25),( A47-LYS,42)]:       0.2131 > 0.0000
 Eliminating rotamer A43-ASP-0 with no remaining pairs to residue 47-LYS.
  Pair elimination of [( A43-ASH,25),( A47-LYS, 0)] by [( A43-ASH,25),( A47-LYS,42)]:       0.4011 > 0.0000
 Eliminating rotamer A47-LYS-0 with no remaining pairs to residue 43-ASH.
  Pair elimination of [( A53-LYS, 0),( A57-GLH,40)] by [( A53-LYS, 0),( A57-GLH, 0)]:       1.0803 > 0.0000
  Pair elimination of [( A53-LYS,38),( A57-GLH, 0)] by [( A53-LYS, 0),( A57-GLH, 0)]:       0.6763 > 0.0000
  Pair elimination of [( A53-LYS,38),( A57-GLH,40)] by [( A53-LYS, 0),( A57-GLH, 0)]:       0.5409 > 0.0000
 Eliminating rotamer A53-LYS-38 with no remaining pairs to residue 57-GLH.
  Pair elimination of [( A53-LYS,40),( A57-GLH, 0)] by [( A53-LYS, 0),( A57-GLH, 0)]:       0.6174 > 0.0000
  Pair elimination of [( A53-LYS,40),( A57-GLH,40)] by [( A53-LYS, 0),( A57-GLH, 0)]:       0.6729 > 0.0000
 Eliminating rotamer A53-LYS-40 with no remaining pairs to residue 57-GLH.
 Eliminating rotamer A57-GLU-40 with no remaining pairs to residue 53-LYS.
  Pair elimination of [( A85-ASH, 0),(A129-ASH,22)] by [( A85-ASH, 0),(A129-ASH, 0)]:      13.8755 > 0.0000
  Pair elimination of [( A85-ASH,24),(A129-ASH, 0)] by [( A85-ASH, 0),(A129-ASH, 0)]:       4.2647 > 0.0000
  Pair elimination of [( A85-ASH,24),(A129-ASH,22)] by [( A85-ASH, 0),(A129-ASH, 0)]:       2.9235 > 0.0000
 Eliminating rotamer A85-ASP-24 with no remaining pairs to residue 129-ASH.
 Eliminating rotamer A129-ASP-22 with no remaining pairs to residue 85-ASH.
 1310 out of 1344 rotamers eliminated.
 873600 out of 874161 rotamer pairs eliminated.

 Iteration 5: Applying Rotamer Pair Goldstein DEE conditions 
 1310 out of 1344 rotamers eliminated.
 873600 out of 874161 rotamer pairs eliminated.

 Iteration 6: Applying Single Goldstein DEE conditions 
 No more single rotamers to eliminate.

 Iteration 7: Applying Rotamer Pair Goldstein DEE conditions 
 1310 out of 1344 rotamers eliminated.
 873600 out of 874161 rotamer pairs eliminated.
 Self-consistent DEE rotamer elimination achieved.

 Collecting Permutations:
                     Condition         Number of Permutations Left      Number of Permutations Removed
               No Eliminations               2.3240721657838964E53                                    
           Single Eliminations                                 1.0               2.3240721657838964E53
             Pair Eliminations                                 1.0                                 0.0
  Single and Pair Eliminations                                 1.0               2.3240721657838964E53

 Energy of permutations:
  Permutation                    Energy    Lowest Possible Energy
            1              -1081.477789              -1081.477789

 Energy contributions:
            Type                    Energy    Lowest Possible Energy
       Backbone:               -513.738094                          
           Self:               -571.660649               -577.760667
           Pair:                  3.935539                -11.576035
         Trimer:                 -0.014585                          
      Neglected:                 20.481294                          
    Approximate:              -1081.477789                          

 Final rotamers:
          Residue      Chi 1       Chi 2        Chi 3       Chi 4         Energy
   1 A ( A5-GLU,40)   -67.0  0.0 -180.0  0.0  -10.0  0.0    0.0  0.0     -14.8569 
   2 A (A13-ASP,25)  -177.0  0.0   65.0  0.0    0.0  0.0    0.0  0.0     -23.3359 
   3 A (A23-GLU,41)   -65.0  0.0  -65.0  0.0  -40.0  0.0    0.0  0.0     -14.9583 
   4 A (A27-GLU,38)  -177.0  0.0  -80.0  0.0  -25.0  0.0    0.0  0.0     -12.8909 
   5 A (A28-GLU, 0)   -64.3  0.0 -149.3  0.0   15.2  0.0    0.0  0.0     -11.6405 
   6 A (A37-GLU, 0)   -61.5  0.0  170.5  0.0   12.2  0.0    0.0  0.0     -14.9750 
   7 A (A43-ASP,25)  -177.0  0.0   65.0  0.0    0.0  0.0    0.0  0.0     -20.6711 
   8 A (A44-GLU,41)   -65.0  0.0  -65.0  0.0  -40.0  0.0    0.0  0.0     -15.8635 
   9 A (A47-LYS,42)  -177.0  0.0  180.0  0.0  -68.0  0.0  180.0  0.0     -18.3261 
  10 A (A48-GLU, 0)   -70.2  0.0  -62.4  0.0   -0.8  0.0    0.0  0.0     -14.6709 
  11 A (A50-LYS,40)  -177.0  0.0  180.0  0.0  180.0  0.0  180.0  0.0     -19.0277 
  12 A (A53-LYS, 0)  -177.0  0.0  180.0  0.0 -180.0  0.0  -65.0  0.0     -16.4393 
  13 A (A55-GLU,41)   -65.0  0.0  -65.0  0.0  -40.0  0.0    0.0  0.0     -13.3381 
  14 A (A57-GLU, 0)   -38.6  0.0  -52.9  0.0   15.9  0.0    0.0  0.0     -11.7326 
  15 A (A58-GLU, 0)   -65.0  0.0  -65.0  0.0  -40.0  0.0    0.0  0.0     -13.5828 
  16 A (A65-GLU, 0)   179.1  0.0   62.2  0.0   36.0  0.0    0.0  0.0     -15.6076 
  17 A (A66-GLU,41)   -65.0  0.0  -65.0  0.0  -40.0  0.0    0.0  0.0     -15.2987 
  18 A (A73-LYS,40)  -177.0  0.0  180.0  0.0  180.0  0.0  180.0  0.0     -20.6367 
  19 A (A74-GLU,41)   -65.0  0.0  -65.0  0.0  -40.0  0.0    0.0  0.0     -14.2919 
  20 A (A85-ASP, 0)   -48.4  0.0  -93.2  0.0    0.0  0.0    0.0  0.0     -18.3522 
  21 A (A87-GLU,37)  -177.0  0.0  180.0  0.0    0.0  0.0    0.0  0.0     -12.1843 
  22 A (A88-ASP, 0)    71.1  0.0   35.1  0.0    0.0  0.0    0.0  0.0     -21.0845 
  23 A (A90-CYD, 1)   -66.0  0.0    0.0  0.0    0.0  0.0    0.0  0.0     -11.9930 
  24 A (A99-GLU, 0)   -71.3  0.0  170.5  0.0  -59.1  0.0    0.0  0.0     -16.2195 
  25 A (A109-GLU, 0)   -69.2  0.0  170.3  0.0   92.1  0.0    0.0  0.0     -13.9788 
  26 A (A110-GLU,41)   -65.0  0.0  -65.0  0.0  -40.0  0.0    0.0  0.0     -16.0962 
  27 A (A118-HID,15)  -177.0  0.0   60.0  0.0    0.0  0.0    0.0  0.0     -29.9594 
  28 A (A121-LYS,40)  -177.0  0.0  180.0  0.0  180.0  0.0  180.0  0.0     -18.2870 
  29 A (A124-LYS, 0)  -177.0  0.0 -180.0  0.0  180.0  0.0 -180.0  0.0     -17.2736 
  30 A (A129-ASP, 0)    38.3  0.0   54.0  0.0    0.0  0.0    0.0  0.0     -20.2692 
  31 A (A131-ASP, 0)  -179.7  0.0   67.6  0.0    0.0  0.0    0.0  0.0     -20.1170 
  32 A (A132-ASP,25)  -177.0  0.0   65.0  0.0    0.0  0.0    0.0  0.0     -21.3480 
  33 A (A135-LYS,40)  -177.0  0.0  180.0  0.0  180.0  0.0  180.0  0.0     -19.9395 
  34 A (A136-CYD, 1)   -63.3  0.0    0.0  0.0    0.0  0.0    0.0  0.0      -8.4934 


 Final Minimum Energy
 Generalized Kirkwood  -1793.63225650      0.145
 Cavitation             1510.68236230      0.113
 Dispersion            -1006.17341862      0.152

 Computed Potential Energy
  Bond Stretching            167.17275111         2388        0.000 ( 0.01750)
  Angle Bending              613.38232810         4292        0.000 ( 6.91024)
  Stretch-Bend                 4.16897332         3732        0.000
  Out-of-Plane Bend           18.98715489         1383        0.000
  Torsional Angle             26.58690977         6254        0.005
  Pi-Orbital Torsion          27.32958051          222        0.000
  Torsion-Torsion            -20.35438865            6        0.000
  Van der Waals              645.11673752      2814469        0.015
  Atomic Multipoles        -1835.19228973      2751101
  Polarization              -224.33564894      2751101        1.573
  Solvation                -1289.12331282      2823876
  Total Potential          -1866.26120493  (Kcal/mole)        1.594 (sec)

  Rotamer pH Bias        805.26470937
  Potential with Bias  -1060.99649557

 Saving 1LE2_pH8.55.pdb_2

 Script wall clock time: 6903.614 (sec)
