pdb_id,ph,job_type,job_script,job_id,status,notes
135L,,rotamer,/Dedicated/schnieders/maemmad/pKa_GNN/ffx_pipeline/data/sge_jobs/135L_rotamer.job,dry-run,generated,
135L,3.94,titration,/Dedicated/schnieders/maemmad/pKa_GNN/ffx_pipeline/data/sge_jobs/135L_titrate_pH3.94.job,dry-run,generated,
135L,4.4,titration,/Dedicated/schnieders/maemmad/pKa_GNN/ffx_pipeline/data/sge_jobs/135L_titrate_pH4.4.job,dry-run,generated,
135L,6.45,titration,/Dedicated/schnieders/maemmad/pKa_GNN/ffx_pipeline/data/sge_jobs/135L_titrate_pH6.45.job,dry-run,generated,
135L,8.55,titration,/Dedicated/schnieders/maemmad/pKa_GNN/ffx_pipeline/data/sge_jobs/135L_titrate_pH8.55.job,dry-run,generated,
1A2P,,rotamer,/Dedicated/schnieders/maemmad/pKa_GNN/ffx_pipeline/data/sge_jobs/1A2P_rotamer.job,dry-run,generated,
1A2P,3.94,titration,/Dedicated/schnieders/maemmad/pKa_GNN/ffx_pipeline/data/sge_jobs/1A2P_titrate_pH3.94.job,dry-run,generated,
1A2P,4.4,titration,/Dedicated/schnieders/maemmad/pKa_GNN/ffx_pipeline/data/sge_jobs/1A2P_titrate_pH4.4.job,dry-run,generated,
1A2P,6.45,titration,/Dedicated/schnieders/maemmad/pKa_GNN/ffx_pipeline/data/sge_jobs/1A2P_titrate_pH6.45.job,dry-run,generated,
1A2P,8.55,titration,/Dedicated/schnieders/maemmad/pKa_GNN/ffx_pipeline/data/sge_jobs/1A2P_titrate_pH8.55.job,dry-run,generated,
1A6K,,rotamer,/Dedicated/schnieders/maemmad/pKa_GNN/ffx_pipeline/data/sge_jobs/1A6K_rotamer.job,dry-run,generated,
1A6K,3.94,titration,/Dedicated/schnieders/maemmad/pKa_GNN/ffx_pipeline/data/sge_jobs/1A6K_titrate_pH3.94.job,dry-run,generated,
1A6K,4.4,titration,/Dedicated/schnieders/maemmad/pKa_GNN/ffx_pipeline/data/sge_jobs/1A6K_titrate_pH4.4.job,dry-run,generated,
1A6K,6.45,titration,/Dedicated/schnieders/maemmad/pKa_GNN/ffx_pipeline/data/sge_jobs/1A6K_titrate_pH6.45.job,dry-run,generated,
1A6K,8.55,titration,/Dedicated/schnieders/maemmad/pKa_GNN/ffx_pipeline/data/sge_jobs/1A6K_titrate_pH8.55.job,dry-run,generated,
1A91,,rotamer,/Dedicated/schnieders/maemmad/pKa_GNN/ffx_pipeline/data/sge_jobs/1A91_rotamer.job,dry-run,generated,
1A91,3.94,titration,/Dedicated/schnieders/maemmad/pKa_GNN/ffx_pipeline/data/sge_jobs/1A91_titrate_pH3.94.job,dry-run,generated,
1A91,4.4,titration,/Dedicated/schnieders/maemmad/pKa_GNN/ffx_pipeline/data/sge_jobs/1A91_titrate_pH4.4.job,dry-run,generated,
1A91,6.45,titration,/Dedicated/schnieders/maemmad/pKa_GNN/ffx_pipeline/data/sge_jobs/1A91_titrate_pH6.45.job,dry-run,generated,
1A91,8.55,titration,/Dedicated/schnieders/maemmad/pKa_GNN/ffx_pipeline/data/sge_jobs/1A91_titrate_pH8.55.job,dry-run,generated,
1A93,,rotamer,/Dedicated/schnieders/maemmad/pKa_GNN/ffx_pipeline/data/sge_jobs/1A93_rotamer.job,dry-run,generated,
1A93,3.94,titration,/Dedicated/schnieders/maemmad/pKa_GNN/ffx_pipeline/data/sge_jobs/1A93_titrate_pH3.94.job,dry-run,generated,
1A93,4.4,titration,/Dedicated/schnieders/maemmad/pKa_GNN/ffx_pipeline/data/sge_jobs/1A93_titrate_pH4.4.job,dry-run,generated,
1A93,6.45,titration,/Dedicated/schnieders/maemmad/pKa_GNN/ffx_pipeline/data/sge_jobs/1A93_titrate_pH6.45.job,dry-run,generated,
1A93,8.55,titration,/Dedicated/schnieders/maemmad/pKa_GNN/ffx_pipeline/data/sge_jobs/1A93_titrate_pH8.55.job,dry-run,generated,
1ANS,,rotamer,/Dedicated/schnieders/maemmad/pKa_GNN/ffx_pipeline/data/sge_jobs/1ANS_rotamer.job,dry-run,generated,
1ANS,3.94,titration,/Dedicated/schnieders/maemmad/pKa_GNN/ffx_pipeline/data/sge_jobs/1ANS_titrate_pH3.94.job,dry-run,generated,
1ANS,4.4,titration,/Dedicated/schnieders/maemmad/pKa_GNN/ffx_pipeline/data/sge_jobs/1ANS_titrate_pH4.4.job,dry-run,generated,
1ANS,6.45,titration,/Dedicated/schnieders/maemmad/pKa_GNN/ffx_pipeline/data/sge_jobs/1ANS_titrate_pH6.45.job,dry-run,generated,
1ANS,8.55,titration,/Dedicated/schnieders/maemmad/pKa_GNN/ffx_pipeline/data/sge_jobs/1ANS_titrate_pH8.55.job,dry-run,generated,
1AO6,,rotamer,/Dedicated/schnieders/maemmad/pKa_GNN/ffx_pipeline/data/sge_jobs/1AO6_rotamer.job,dry-run,generated,
1AO6,3.94,titration,/Dedicated/schnieders/maemmad/pKa_GNN/ffx_pipeline/data/sge_jobs/1AO6_titrate_pH3.94.job,dry-run,generated,
1AO6,4.4,titration,/Dedicated/schnieders/maemmad/pKa_GNN/ffx_pipeline/data/sge_jobs/1AO6_titrate_pH4.4.job,dry-run,generated,
1AO6,6.45,titration,/Dedicated/schnieders/maemmad/pKa_GNN/ffx_pipeline/data/sge_jobs/1AO6_titrate_pH6.45.job,dry-run,generated,
1AO6,8.55,titration,/Dedicated/schnieders/maemmad/pKa_GNN/ffx_pipeline/data/sge_jobs/1AO6_titrate_pH8.55.job,dry-run,generated,
1AZP,,rotamer,/Dedicated/schnieders/maemmad/pKa_GNN/ffx_pipeline/data/sge_jobs/1AZP_rotamer.job,dry-run,generated,
1AZP,3.94,titration,/Dedicated/schnieders/maemmad/pKa_GNN/ffx_pipeline/data/sge_jobs/1AZP_titrate_pH3.94.job,dry-run,generated,
1AZP,4.4,titration,/Dedicated/schnieders/maemmad/pKa_GNN/ffx_pipeline/data/sge_jobs/1AZP_titrate_pH4.4.job,dry-run,generated,
1AZP,6.45,titration,/Dedicated/schnieders/maemmad/pKa_GNN/ffx_pipeline/data/sge_jobs/1AZP_titrate_pH6.45.job,dry-run,generated,
1AZP,8.55,titration,/Dedicated/schnieders/maemmad/pKa_GNN/ffx_pipeline/data/sge_jobs/1AZP_titrate_pH8.55.job,dry-run,generated,
1B2V,,rotamer,/Dedicated/schnieders/maemmad/pKa_GNN/ffx_pipeline/data/sge_jobs/1B2V_rotamer.job,dry-run,generated,
1B2V,3.94,titration,/Dedicated/schnieders/maemmad/pKa_GNN/ffx_pipeline/data/sge_jobs/1B2V_titrate_pH3.94.job,dry-run,generated,
1B2V,4.4,titration,/Dedicated/schnieders/maemmad/pKa_GNN/ffx_pipeline/data/sge_jobs/1B2V_titrate_pH4.4.job,dry-run,generated,
1B2V,6.45,titration,/Dedicated/schnieders/maemmad/pKa_GNN/ffx_pipeline/data/sge_jobs/1B2V_titrate_pH6.45.job,dry-run,generated,
1B2V,8.55,titration,/Dedicated/schnieders/maemmad/pKa_GNN/ffx_pipeline/data/sge_jobs/1B2V_titrate_pH8.55.job,dry-run,generated,
1BED,,rotamer,/Dedicated/schnieders/maemmad/pKa_GNN/ffx_pipeline/data/sge_jobs/1BED_rotamer.job,dry-run,generated,
1BED,3.94,titration,/Dedicated/schnieders/maemmad/pKa_GNN/ffx_pipeline/data/sge_jobs/1BED_titrate_pH3.94.job,dry-run,generated,
1BED,4.4,titration,/Dedicated/schnieders/maemmad/pKa_GNN/ffx_pipeline/data/sge_jobs/1BED_titrate_pH4.4.job,dry-run,generated,
1BED,6.45,titration,/Dedicated/schnieders/maemmad/pKa_GNN/ffx_pipeline/data/sge_jobs/1BED_titrate_pH6.45.job,dry-run,generated,
1BED,8.55,titration,/Dedicated/schnieders/maemmad/pKa_GNN/ffx_pipeline/data/sge_jobs/1BED_titrate_pH8.55.job,dry-run,generated,
1BEO,,rotamer,/Dedicated/schnieders/maemmad/pKa_GNN/ffx_pipeline/data/sge_jobs/1BEO_rotamer.job,dry-run,generated,
1BEO,3.94,titration,/Dedicated/schnieders/maemmad/pKa_GNN/ffx_pipeline/data/sge_jobs/1BEO_titrate_pH3.94.job,dry-run,generated,
1BEO,4.4,titration,/Dedicated/schnieders/maemmad/pKa_GNN/ffx_pipeline/data/sge_jobs/1BEO_titrate_pH4.4.job,dry-run,generated,
1BEO,6.45,titration,/Dedicated/schnieders/maemmad/pKa_GNN/ffx_pipeline/data/sge_jobs/1BEO_titrate_pH6.45.job,dry-run,generated,
1BEO,8.55,titration,/Dedicated/schnieders/maemmad/pKa_GNN/ffx_pipeline/data/sge_jobs/1BEO_titrate_pH8.55.job,dry-run,generated,
1BI6,,rotamer,/Dedicated/schnieders/maemmad/pKa_GNN/ffx_pipeline/data/sge_jobs/1BI6_rotamer.job,dry-run,generated,
1BI6,3.94,titration,/Dedicated/schnieders/maemmad/pKa_GNN/ffx_pipeline/data/sge_jobs/1BI6_titrate_pH3.94.job,dry-run,generated,
1BI6,4.4,titration,/Dedicated/schnieders/maemmad/pKa_GNN/ffx_pipeline/data/sge_jobs/1BI6_titrate_pH4.4.job,dry-run,generated,
1BI6,6.45,titration,/Dedicated/schnieders/maemmad/pKa_GNN/ffx_pipeline/data/sge_jobs/1BI6_titrate_pH6.45.job,dry-run,generated,
1BI6,8.55,titration,/Dedicated/schnieders/maemmad/pKa_GNN/ffx_pipeline/data/sge_jobs/1BI6_titrate_pH8.55.job,dry-run,generated,
1BNZ,,rotamer,/Dedicated/schnieders/maemmad/pKa_GNN/ffx_pipeline/data/sge_jobs/1BNZ_rotamer.job,dry-run,generated,
1BNZ,3.94,titration,/Dedicated/schnieders/maemmad/pKa_GNN/ffx_pipeline/data/sge_jobs/1BNZ_titrate_pH3.94.job,dry-run,generated,
1BNZ,4.4,titration,/Dedicated/schnieders/maemmad/pKa_GNN/ffx_pipeline/data/sge_jobs/1BNZ_titrate_pH4.4.job,dry-run,generated,
1BNZ,6.45,titration,/Dedicated/schnieders/maemmad/pKa_GNN/ffx_pipeline/data/sge_jobs/1BNZ_titrate_pH6.45.job,dry-run,generated,
1BNZ,8.55,titration,/Dedicated/schnieders/maemmad/pKa_GNN/ffx_pipeline/data/sge_jobs/1BNZ_titrate_pH8.55.job,dry-run,generated,
1BPI,,rotamer,/Dedicated/schnieders/maemmad/pKa_GNN/ffx_pipeline/data/sge_jobs/1BPI_rotamer.job,dry-run,generated,
1BPI,3.94,titration,/Dedicated/schnieders/maemmad/pKa_GNN/ffx_pipeline/data/sge_jobs/1BPI_titrate_pH3.94.job,dry-run,generated,
1BPI,4.4,titration,/Dedicated/schnieders/maemmad/pKa_GNN/ffx_pipeline/data/sge_jobs/1BPI_titrate_pH4.4.job,dry-run,generated,
1BPI,6.45,titration,/Dedicated/schnieders/maemmad/pKa_GNN/ffx_pipeline/data/sge_jobs/1BPI_titrate_pH6.45.job,dry-run,generated,
1BPI,8.55,titration,/Dedicated/schnieders/maemmad/pKa_GNN/ffx_pipeline/data/sge_jobs/1BPI_titrate_pH8.55.job,dry-run,generated,
1CDC,,rotamer,/Dedicated/schnieders/maemmad/pKa_GNN/ffx_pipeline/data/sge_jobs/1CDC_rotamer.job,dry-run,generated,
1CDC,3.94,titration,/Dedicated/schnieders/maemmad/pKa_GNN/ffx_pipeline/data/sge_jobs/1CDC_titrate_pH3.94.job,dry-run,generated,
1CDC,4.4,titration,/Dedicated/schnieders/maemmad/pKa_GNN/ffx_pipeline/data/sge_jobs/1CDC_titrate_pH4.4.job,dry-run,generated,
1CDC,6.45,titration,/Dedicated/schnieders/maemmad/pKa_GNN/ffx_pipeline/data/sge_jobs/1CDC_titrate_pH6.45.job,dry-run,generated,
1CDC,8.55,titration,/Dedicated/schnieders/maemmad/pKa_GNN/ffx_pipeline/data/sge_jobs/1CDC_titrate_pH8.55.job,dry-run,generated,
1DE3,,rotamer,/Dedicated/schnieders/maemmad/pKa_GNN/ffx_pipeline/data/sge_jobs/1DE3_rotamer.job,dry-run,generated,
1DE3,3.94,titration,/Dedicated/schnieders/maemmad/pKa_GNN/ffx_pipeline/data/sge_jobs/1DE3_titrate_pH3.94.job,dry-run,generated,
1DE3,4.4,titration,/Dedicated/schnieders/maemmad/pKa_GNN/ffx_pipeline/data/sge_jobs/1DE3_titrate_pH4.4.job,dry-run,generated,
1DE3,6.45,titration,/Dedicated/schnieders/maemmad/pKa_GNN/ffx_pipeline/data/sge_jobs/1DE3_titrate_pH6.45.job,dry-run,generated,
1DE3,8.55,titration,/Dedicated/schnieders/maemmad/pKa_GNN/ffx_pipeline/data/sge_jobs/1DE3_titrate_pH8.55.job,dry-run,generated,
1DG9,,rotamer,/Dedicated/schnieders/maemmad/pKa_GNN/ffx_pipeline/data/sge_jobs/1DG9_rotamer.job,dry-run,generated,
1DG9,3.94,titration,/Dedicated/schnieders/maemmad/pKa_GNN/ffx_pipeline/data/sge_jobs/1DG9_titrate_pH3.94.job,dry-run,generated,
1DG9,4.4,titration,/Dedicated/schnieders/maemmad/pKa_GNN/ffx_pipeline/data/sge_jobs/1DG9_titrate_pH4.4.job,dry-run,generated,
1DG9,6.45,titration,/Dedicated/schnieders/maemmad/pKa_GNN/ffx_pipeline/data/sge_jobs/1DG9_titrate_pH6.45.job,dry-run,generated,
1DG9,8.55,titration,/Dedicated/schnieders/maemmad/pKa_GNN/ffx_pipeline/data/sge_jobs/1DG9_titrate_pH8.55.job,dry-run,generated,
1DIV,,rotamer,/Dedicated/schnieders/maemmad/pKa_GNN/ffx_pipeline/data/sge_jobs/1DIV_rotamer.job,dry-run,generated,
1DIV,3.94,titration,/Dedicated/schnieders/maemmad/pKa_GNN/ffx_pipeline/data/sge_jobs/1DIV_titrate_pH3.94.job,dry-run,generated,
1DIV,4.4,titration,/Dedicated/schnieders/maemmad/pKa_GNN/ffx_pipeline/data/sge_jobs/1DIV_titrate_pH4.4.job,dry-run,generated,
1DIV,6.45,titration,/Dedicated/schnieders/maemmad/pKa_GNN/ffx_pipeline/data/sge_jobs/1DIV_titrate_pH6.45.job,dry-run,generated,
1DIV,8.55,titration,/Dedicated/schnieders/maemmad/pKa_GNN/ffx_pipeline/data/sge_jobs/1DIV_titrate_pH8.55.job,dry-run,generated,
1DSB,,rotamer,/Dedicated/schnieders/maemmad/pKa_GNN/ffx_pipeline/data/sge_jobs/1DSB_rotamer.job,dry-run,generated,
1DSB,3.94,titration,/Dedicated/schnieders/maemmad/pKa_GNN/ffx_pipeline/data/sge_jobs/1DSB_titrate_pH3.94.job,dry-run,generated,
1DSB,4.4,titration,/Dedicated/schnieders/maemmad/pKa_GNN/ffx_pipeline/data/sge_jobs/1DSB_titrate_pH4.4.job,dry-run,generated,
1DSB,6.45,titration,/Dedicated/schnieders/maemmad/pKa_GNN/ffx_pipeline/data/sge_jobs/1DSB_titrate_pH6.45.job,dry-run,generated,
1DSB,8.55,titration,/Dedicated/schnieders/maemmad/pKa_GNN/ffx_pipeline/data/sge_jobs/1DSB_titrate_pH8.55.job,dry-run,generated,
1EEJ,,rotamer,/Dedicated/schnieders/maemmad/pKa_GNN/ffx_pipeline/data/sge_jobs/1EEJ_rotamer.job,dry-run,generated,
1EEJ,3.94,titration,/Dedicated/schnieders/maemmad/pKa_GNN/ffx_pipeline/data/sge_jobs/1EEJ_titrate_pH3.94.job,dry-run,generated,
1EEJ,4.4,titration,/Dedicated/schnieders/maemmad/pKa_GNN/ffx_pipeline/data/sge_jobs/1EEJ_titrate_pH4.4.job,dry-run,generated,
1EEJ,6.45,titration,/Dedicated/schnieders/maemmad/pKa_GNN/ffx_pipeline/data/sge_jobs/1EEJ_titrate_pH6.45.job,dry-run,generated,
1EEJ,8.55,titration,/Dedicated/schnieders/maemmad/pKa_GNN/ffx_pipeline/data/sge_jobs/1EEJ_titrate_pH8.55.job,dry-run,generated,
1EGF,,rotamer,/Dedicated/schnieders/maemmad/pKa_GNN/ffx_pipeline/data/sge_jobs/1EGF_rotamer.job,dry-run,generated,
1EGF,3.94,titration,/Dedicated/schnieders/maemmad/pKa_GNN/ffx_pipeline/data/sge_jobs/1EGF_titrate_pH3.94.job,dry-run,generated,
1EGF,4.4,titration,/Dedicated/schnieders/maemmad/pKa_GNN/ffx_pipeline/data/sge_jobs/1EGF_titrate_pH4.4.job,dry-run,generated,
1EGF,6.45,titration,/Dedicated/schnieders/maemmad/pKa_GNN/ffx_pipeline/data/sge_jobs/1EGF_titrate_pH6.45.job,dry-run,generated,
1EGF,8.55,titration,/Dedicated/schnieders/maemmad/pKa_GNN/ffx_pipeline/data/sge_jobs/1EGF_titrate_pH8.55.job,dry-run,generated,
1EH6,,rotamer,/Dedicated/schnieders/maemmad/pKa_GNN/ffx_pipeline/data/sge_jobs/1EH6_rotamer.job,dry-run,generated,
1EH6,3.94,titration,/Dedicated/schnieders/maemmad/pKa_GNN/ffx_pipeline/data/sge_jobs/1EH6_titrate_pH3.94.job,dry-run,generated,
1EH6,4.4,titration,/Dedicated/schnieders/maemmad/pKa_GNN/ffx_pipeline/data/sge_jobs/1EH6_titrate_pH4.4.job,dry-run,generated,
1EH6,6.45,titration,/Dedicated/schnieders/maemmad/pKa_GNN/ffx_pipeline/data/sge_jobs/1EH6_titrate_pH6.45.job,dry-run,generated,
1EH6,8.55,titration,/Dedicated/schnieders/maemmad/pKa_GNN/ffx_pipeline/data/sge_jobs/1EH6_titrate_pH8.55.job,dry-run,generated,
1ERT,,rotamer,/Dedicated/schnieders/maemmad/pKa_GNN/ffx_pipeline/data/sge_jobs/1ERT_rotamer.job,dry-run,generated,
1ERT,3.94,titration,/Dedicated/schnieders/maemmad/pKa_GNN/ffx_pipeline/data/sge_jobs/1ERT_titrate_pH3.94.job,dry-run,generated,
1ERT,4.4,titration,/Dedicated/schnieders/maemmad/pKa_GNN/ffx_pipeline/data/sge_jobs/1ERT_titrate_pH4.4.job,dry-run,generated,
1ERT,6.45,titration,/Dedicated/schnieders/maemmad/pKa_GNN/ffx_pipeline/data/sge_jobs/1ERT_titrate_pH6.45.job,dry-run,generated,
1ERT,8.55,titration,/Dedicated/schnieders/maemmad/pKa_GNN/ffx_pipeline/data/sge_jobs/1ERT_titrate_pH8.55.job,dry-run,generated,
1EX3,,rotamer,/Dedicated/schnieders/maemmad/pKa_GNN/ffx_pipeline/data/sge_jobs/1EX3_rotamer.job,dry-run,generated,
1EX3,3.94,titration,/Dedicated/schnieders/maemmad/pKa_GNN/ffx_pipeline/data/sge_jobs/1EX3_titrate_pH3.94.job,dry-run,generated,
1EX3,4.4,titration,/Dedicated/schnieders/maemmad/pKa_GNN/ffx_pipeline/data/sge_jobs/1EX3_titrate_pH4.4.job,dry-run,generated,
1EX3,6.45,titration,/Dedicated/schnieders/maemmad/pKa_GNN/ffx_pipeline/data/sge_jobs/1EX3_titrate_pH6.45.job,dry-run,generated,
1EX3,8.55,titration,/Dedicated/schnieders/maemmad/pKa_GNN/ffx_pipeline/data/sge_jobs/1EX3_titrate_pH8.55.job,dry-run,generated,
1FEZ,,rotamer,/Dedicated/schnieders/maemmad/pKa_GNN/ffx_pipeline/data/sge_jobs/1FEZ_rotamer.job,dry-run,generated,
1FEZ,3.94,titration,/Dedicated/schnieders/maemmad/pKa_GNN/ffx_pipeline/data/sge_jobs/1FEZ_titrate_pH3.94.job,dry-run,generated,
1FEZ,4.4,titration,/Dedicated/schnieders/maemmad/pKa_GNN/ffx_pipeline/data/sge_jobs/1FEZ_titrate_pH4.4.job,dry-run,generated,
1FEZ,6.45,titration,/Dedicated/schnieders/maemmad/pKa_GNN/ffx_pipeline/data/sge_jobs/1FEZ_titrate_pH6.45.job,dry-run,generated,
1FEZ,8.55,titration,/Dedicated/schnieders/maemmad/pKa_GNN/ffx_pipeline/data/sge_jobs/1FEZ_titrate_pH8.55.job,dry-run,generated,
1FKS,,rotamer,/Dedicated/schnieders/maemmad/pKa_GNN/ffx_pipeline/data/sge_jobs/1FKS_rotamer.job,dry-run,generated,
1FKS,3.94,titration,/Dedicated/schnieders/maemmad/pKa_GNN/ffx_pipeline/data/sge_jobs/1FKS_titrate_pH3.94.job,dry-run,generated,
1FKS,4.4,titration,/Dedicated/schnieders/maemmad/pKa_GNN/ffx_pipeline/data/sge_jobs/1FKS_titrate_pH4.4.job,dry-run,generated,
1FKS,6.45,titration,/Dedicated/schnieders/maemmad/pKa_GNN/ffx_pipeline/data/sge_jobs/1FKS_titrate_pH6.45.job,dry-run,generated,
1FKS,8.55,titration,/Dedicated/schnieders/maemmad/pKa_GNN/ffx_pipeline/data/sge_jobs/1FKS_titrate_pH8.55.job,dry-run,generated,
1FMH,,rotamer,/Dedicated/schnieders/maemmad/pKa_GNN/ffx_pipeline/data/sge_jobs/1FMH_rotamer.job,dry-run,generated,
1FMH,3.94,titration,/Dedicated/schnieders/maemmad/pKa_GNN/ffx_pipeline/data/sge_jobs/1FMH_titrate_pH3.94.job,dry-run,generated,
1FMH,4.4,titration,/Dedicated/schnieders/maemmad/pKa_GNN/ffx_pipeline/data/sge_jobs/1FMH_titrate_pH4.4.job,dry-run,generated,
1FMH,6.45,titration,/Dedicated/schnieders/maemmad/pKa_GNN/ffx_pipeline/data/sge_jobs/1FMH_titrate_pH6.45.job,dry-run,generated,
1FMH,8.55,titration,/Dedicated/schnieders/maemmad/pKa_GNN/ffx_pipeline/data/sge_jobs/1FMH_titrate_pH8.55.job,dry-run,generated,
1FNA,,rotamer,/Dedicated/schnieders/maemmad/pKa_GNN/ffx_pipeline/data/sge_jobs/1FNA_rotamer.job,dry-run,generated,
1FNA,3.94,titration,/Dedicated/schnieders/maemmad/pKa_GNN/ffx_pipeline/data/sge_jobs/1FNA_titrate_pH3.94.job,dry-run,generated,
1FNA,4.4,titration,/Dedicated/schnieders/maemmad/pKa_GNN/ffx_pipeline/data/sge_jobs/1FNA_titrate_pH4.4.job,dry-run,generated,
1FNA,6.45,titration,/Dedicated/schnieders/maemmad/pKa_GNN/ffx_pipeline/data/sge_jobs/1FNA_titrate_pH6.45.job,dry-run,generated,
1FNA,8.55,titration,/Dedicated/schnieders/maemmad/pKa_GNN/ffx_pipeline/data/sge_jobs/1FNA_titrate_pH8.55.job,dry-run,generated,
1FOV,,rotamer,/Dedicated/schnieders/maemmad/pKa_GNN/ffx_pipeline/data/sge_jobs/1FOV_rotamer.job,dry-run,generated,
1FOV,3.94,titration,/Dedicated/schnieders/maemmad/pKa_GNN/ffx_pipeline/data/sge_jobs/1FOV_titrate_pH3.94.job,dry-run,generated,
1FOV,4.4,titration,/Dedicated/schnieders/maemmad/pKa_GNN/ffx_pipeline/data/sge_jobs/1FOV_titrate_pH4.4.job,dry-run,generated,
1FOV,6.45,titration,/Dedicated/schnieders/maemmad/pKa_GNN/ffx_pipeline/data/sge_jobs/1FOV_titrate_pH6.45.job,dry-run,generated,
1FOV,8.55,titration,/Dedicated/schnieders/maemmad/pKa_GNN/ffx_pipeline/data/sge_jobs/1FOV_titrate_pH8.55.job,dry-run,generated,
1GS9,,rotamer,/Dedicated/schnieders/maemmad/pKa_GNN/ffx_pipeline/data/sge_jobs/1GS9_rotamer.job,dry-run,generated,
1GS9,3.94,titration,/Dedicated/schnieders/maemmad/pKa_GNN/ffx_pipeline/data/sge_jobs/1GS9_titrate_pH3.94.job,dry-run,generated,
1GS9,4.4,titration,/Dedicated/schnieders/maemmad/pKa_GNN/ffx_pipeline/data/sge_jobs/1GS9_titrate_pH4.4.job,dry-run,generated,
1GS9,6.45,titration,/Dedicated/schnieders/maemmad/pKa_GNN/ffx_pipeline/data/sge_jobs/1GS9_titrate_pH6.45.job,dry-run,generated,
1GS9,8.55,titration,/Dedicated/schnieders/maemmad/pKa_GNN/ffx_pipeline/data/sge_jobs/1GS9_titrate_pH8.55.job,dry-run,generated,
1GYM,,rotamer,/Dedicated/schnieders/maemmad/pKa_GNN/ffx_pipeline/data/sge_jobs/1GYM_rotamer.job,dry-run,generated,
1GYM,3.94,titration,/Dedicated/schnieders/maemmad/pKa_GNN/ffx_pipeline/data/sge_jobs/1GYM_titrate_pH3.94.job,dry-run,generated,
1GYM,4.4,titration,/Dedicated/schnieders/maemmad/pKa_GNN/ffx_pipeline/data/sge_jobs/1GYM_titrate_pH4.4.job,dry-run,generated,
1GYM,6.45,titration,/Dedicated/schnieders/maemmad/pKa_GNN/ffx_pipeline/data/sge_jobs/1GYM_titrate_pH6.45.job,dry-run,generated,
1GYM,8.55,titration,/Dedicated/schnieders/maemmad/pKa_GNN/ffx_pipeline/data/sge_jobs/1GYM_titrate_pH8.55.job,dry-run,generated,
1HIC,,rotamer,/Dedicated/schnieders/maemmad/pKa_GNN/ffx_pipeline/data/sge_jobs/1HIC_rotamer.job,dry-run,generated,
1HIC,3.94,titration,/Dedicated/schnieders/maemmad/pKa_GNN/ffx_pipeline/data/sge_jobs/1HIC_titrate_pH3.94.job,dry-run,generated,
1HIC,4.4,titration,/Dedicated/schnieders/maemmad/pKa_GNN/ffx_pipeline/data/sge_jobs/1HIC_titrate_pH4.4.job,dry-run,generated,
1HIC,6.45,titration,/Dedicated/schnieders/maemmad/pKa_GNN/ffx_pipeline/data/sge_jobs/1HIC_titrate_pH6.45.job,dry-run,generated,
1HIC,8.55,titration,/Dedicated/schnieders/maemmad/pKa_GNN/ffx_pipeline/data/sge_jobs/1HIC_titrate_pH8.55.job,dry-run,generated,
1HRC,,rotamer,/Dedicated/schnieders/maemmad/pKa_GNN/ffx_pipeline/data/sge_jobs/1HRC_rotamer.job,dry-run,generated,
1HRC,3.94,titration,/Dedicated/schnieders/maemmad/pKa_GNN/ffx_pipeline/data/sge_jobs/1HRC_titrate_pH3.94.job,dry-run,generated,
1HRC,4.4,titration,/Dedicated/schnieders/maemmad/pKa_GNN/ffx_pipeline/data/sge_jobs/1HRC_titrate_pH4.4.job,dry-run,generated,
1HRC,6.45,titration,/Dedicated/schnieders/maemmad/pKa_GNN/ffx_pipeline/data/sge_jobs/1HRC_titrate_pH6.45.job,dry-run,generated,
1HRC,8.55,titration,/Dedicated/schnieders/maemmad/pKa_GNN/ffx_pipeline/data/sge_jobs/1HRC_titrate_pH8.55.job,dry-run,generated,
1I0E,,rotamer,/Dedicated/schnieders/maemmad/pKa_GNN/ffx_pipeline/data/sge_jobs/1I0E_rotamer.job,dry-run,generated,
1I0E,3.94,titration,/Dedicated/schnieders/maemmad/pKa_GNN/ffx_pipeline/data/sge_jobs/1I0E_titrate_pH3.94.job,dry-run,generated,
1I0E,4.4,titration,/Dedicated/schnieders/maemmad/pKa_GNN/ffx_pipeline/data/sge_jobs/1I0E_titrate_pH4.4.job,dry-run,generated,
1I0E,6.45,titration,/Dedicated/schnieders/maemmad/pKa_GNN/ffx_pipeline/data/sge_jobs/1I0E_titrate_pH6.45.job,dry-run,generated,
1I0E,8.55,titration,/Dedicated/schnieders/maemmad/pKa_GNN/ffx_pipeline/data/sge_jobs/1I0E_titrate_pH8.55.job,dry-run,generated,
1I7K,,rotamer,/Dedicated/schnieders/maemmad/pKa_GNN/ffx_pipeline/data/sge_jobs/1I7K_rotamer.job,dry-run,generated,
1I7K,3.94,titration,/Dedicated/schnieders/maemmad/pKa_GNN/ffx_pipeline/data/sge_jobs/1I7K_titrate_pH3.94.job,dry-run,generated,
1I7K,4.4,titration,/Dedicated/schnieders/maemmad/pKa_GNN/ffx_pipeline/data/sge_jobs/1I7K_titrate_pH4.4.job,dry-run,generated,
1I7K,6.45,titration,/Dedicated/schnieders/maemmad/pKa_GNN/ffx_pipeline/data/sge_jobs/1I7K_titrate_pH6.45.job,dry-run,generated,
1I7K,8.55,titration,/Dedicated/schnieders/maemmad/pKa_GNN/ffx_pipeline/data/sge_jobs/1I7K_titrate_pH8.55.job,dry-run,generated,
1IGD,,rotamer,/Dedicated/schnieders/maemmad/pKa_GNN/ffx_pipeline/data/sge_jobs/1IGD_rotamer.job,dry-run,generated,
1IGD,3.94,titration,/Dedicated/schnieders/maemmad/pKa_GNN/ffx_pipeline/data/sge_jobs/1IGD_titrate_pH3.94.job,dry-run,generated,
1IGD,4.4,titration,/Dedicated/schnieders/maemmad/pKa_GNN/ffx_pipeline/data/sge_jobs/1IGD_titrate_pH4.4.job,dry-run,generated,
1IGD,6.45,titration,/Dedicated/schnieders/maemmad/pKa_GNN/ffx_pipeline/data/sge_jobs/1IGD_titrate_pH6.45.job,dry-run,generated,
1IGD,8.55,titration,/Dedicated/schnieders/maemmad/pKa_GNN/ffx_pipeline/data/sge_jobs/1IGD_titrate_pH8.55.job,dry-run,generated,
1JAS,,rotamer,/Dedicated/schnieders/maemmad/pKa_GNN/ffx_pipeline/data/sge_jobs/1JAS_rotamer.job,dry-run,generated,
1JAS,3.94,titration,/Dedicated/schnieders/maemmad/pKa_GNN/ffx_pipeline/data/sge_jobs/1JAS_titrate_pH3.94.job,dry-run,generated,
1JAS,4.4,titration,/Dedicated/schnieders/maemmad/pKa_GNN/ffx_pipeline/data/sge_jobs/1JAS_titrate_pH4.4.job,dry-run,generated,
1JAS,6.45,titration,/Dedicated/schnieders/maemmad/pKa_GNN/ffx_pipeline/data/sge_jobs/1JAS_titrate_pH6.45.job,dry-run,generated,
1JAS,8.55,titration,/Dedicated/schnieders/maemmad/pKa_GNN/ffx_pipeline/data/sge_jobs/1JAS_titrate_pH8.55.job,dry-run,generated,
1JBB,,rotamer,/Dedicated/schnieders/maemmad/pKa_GNN/ffx_pipeline/data/sge_jobs/1JBB_rotamer.job,dry-run,generated,
1JBB,3.94,titration,/Dedicated/schnieders/maemmad/pKa_GNN/ffx_pipeline/data/sge_jobs/1JBB_titrate_pH3.94.job,dry-run,generated,
1JBB,4.4,titration,/Dedicated/schnieders/maemmad/pKa_GNN/ffx_pipeline/data/sge_jobs/1JBB_titrate_pH4.4.job,dry-run,generated,
1JBB,6.45,titration,/Dedicated/schnieders/maemmad/pKa_GNN/ffx_pipeline/data/sge_jobs/1JBB_titrate_pH6.45.job,dry-run,generated,
1JBB,8.55,titration,/Dedicated/schnieders/maemmad/pKa_GNN/ffx_pipeline/data/sge_jobs/1JBB_titrate_pH8.55.job,dry-run,generated,
1JHB,,rotamer,/Dedicated/schnieders/maemmad/pKa_GNN/ffx_pipeline/data/sge_jobs/1JHB_rotamer.job,dry-run,generated,
1JHB,3.94,titration,/Dedicated/schnieders/maemmad/pKa_GNN/ffx_pipeline/data/sge_jobs/1JHB_titrate_pH3.94.job,dry-run,generated,
1JHB,4.4,titration,/Dedicated/schnieders/maemmad/pKa_GNN/ffx_pipeline/data/sge_jobs/1JHB_titrate_pH4.4.job,dry-run,generated,
1JHB,6.45,titration,/Dedicated/schnieders/maemmad/pKa_GNN/ffx_pipeline/data/sge_jobs/1JHB_titrate_pH6.45.job,dry-run,generated,
1JHB,8.55,titration,/Dedicated/schnieders/maemmad/pKa_GNN/ffx_pipeline/data/sge_jobs/1JHB_titrate_pH8.55.job,dry-run,generated,
1KTE,,rotamer,/Dedicated/schnieders/maemmad/pKa_GNN/ffx_pipeline/data/sge_jobs/1KTE_rotamer.job,dry-run,generated,
1KTE,3.94,titration,/Dedicated/schnieders/maemmad/pKa_GNN/ffx_pipeline/data/sge_jobs/1KTE_titrate_pH3.94.job,dry-run,generated,
1KTE,4.4,titration,/Dedicated/schnieders/maemmad/pKa_GNN/ffx_pipeline/data/sge_jobs/1KTE_titrate_pH4.4.job,dry-run,generated,
1KTE,6.45,titration,/Dedicated/schnieders/maemmad/pKa_GNN/ffx_pipeline/data/sge_jobs/1KTE_titrate_pH6.45.job,dry-run,generated,
1KTE,8.55,titration,/Dedicated/schnieders/maemmad/pKa_GNN/ffx_pipeline/data/sge_jobs/1KTE_titrate_pH8.55.job,dry-run,generated,
1KVR,,rotamer,/Dedicated/schnieders/maemmad/pKa_GNN/ffx_pipeline/data/sge_jobs/1KVR_rotamer.job,dry-run,generated,
1KVR,3.94,titration,/Dedicated/schnieders/maemmad/pKa_GNN/ffx_pipeline/data/sge_jobs/1KVR_titrate_pH3.94.job,dry-run,generated,
1KVR,4.4,titration,/Dedicated/schnieders/maemmad/pKa_GNN/ffx_pipeline/data/sge_jobs/1KVR_titrate_pH4.4.job,dry-run,generated,
1KVR,6.45,titration,/Dedicated/schnieders/maemmad/pKa_GNN/ffx_pipeline/data/sge_jobs/1KVR_titrate_pH6.45.job,dry-run,generated,
1KVR,8.55,titration,/Dedicated/schnieders/maemmad/pKa_GNN/ffx_pipeline/data/sge_jobs/1KVR_titrate_pH8.55.job,dry-run,generated,
1KXI,,rotamer,/Dedicated/schnieders/maemmad/pKa_GNN/ffx_pipeline/data/sge_jobs/1KXI_rotamer.job,dry-run,generated,
1KXI,3.94,titration,/Dedicated/schnieders/maemmad/pKa_GNN/ffx_pipeline/data/sge_jobs/1KXI_titrate_pH3.94.job,dry-run,generated,
1KXI,4.4,titration,/Dedicated/schnieders/maemmad/pKa_GNN/ffx_pipeline/data/sge_jobs/1KXI_titrate_pH4.4.job,dry-run,generated,
1KXI,6.45,titration,/Dedicated/schnieders/maemmad/pKa_GNN/ffx_pipeline/data/sge_jobs/1KXI_titrate_pH6.45.job,dry-run,generated,
1KXI,8.55,titration,/Dedicated/schnieders/maemmad/pKa_GNN/ffx_pipeline/data/sge_jobs/1KXI_titrate_pH8.55.job,dry-run,generated,
1L54,,rotamer,/Dedicated/schnieders/maemmad/pKa_GNN/ffx_pipeline/data/sge_jobs/1L54_rotamer.job,dry-run,generated,
1L54,3.94,titration,/Dedicated/schnieders/maemmad/pKa_GNN/ffx_pipeline/data/sge_jobs/1L54_titrate_pH3.94.job,dry-run,generated,
1L54,4.4,titration,/Dedicated/schnieders/maemmad/pKa_GNN/ffx_pipeline/data/sge_jobs/1L54_titrate_pH4.4.job,dry-run,generated,
1L54,6.45,titration,/Dedicated/schnieders/maemmad/pKa_GNN/ffx_pipeline/data/sge_jobs/1L54_titrate_pH6.45.job,dry-run,generated,
1L54,8.55,titration,/Dedicated/schnieders/maemmad/pKa_GNN/ffx_pipeline/data/sge_jobs/1L54_titrate_pH8.55.job,dry-run,generated,
1L98,,rotamer,/Dedicated/schnieders/maemmad/pKa_GNN/ffx_pipeline/data/sge_jobs/1L98_rotamer.job,dry-run,generated,
1L98,3.94,titration,/Dedicated/schnieders/maemmad/pKa_GNN/ffx_pipeline/data/sge_jobs/1L98_titrate_pH3.94.job,dry-run,generated,
1L98,4.4,titration,/Dedicated/schnieders/maemmad/pKa_GNN/ffx_pipeline/data/sge_jobs/1L98_titrate_pH4.4.job,dry-run,generated,
1L98,6.45,titration,/Dedicated/schnieders/maemmad/pKa_GNN/ffx_pipeline/data/sge_jobs/1L98_titrate_pH6.45.job,dry-run,generated,
1L98,8.55,titration,/Dedicated/schnieders/maemmad/pKa_GNN/ffx_pipeline/data/sge_jobs/1L98_titrate_pH8.55.job,dry-run,generated,
1LJU,,rotamer,/Dedicated/schnieders/maemmad/pKa_GNN/ffx_pipeline/data/sge_jobs/1LJU_rotamer.job,dry-run,generated,
1LJU,3.94,titration,/Dedicated/schnieders/maemmad/pKa_GNN/ffx_pipeline/data/sge_jobs/1LJU_titrate_pH3.94.job,dry-run,generated,
1LJU,4.4,titration,/Dedicated/schnieders/maemmad/pKa_GNN/ffx_pipeline/data/sge_jobs/1LJU_titrate_pH4.4.job,dry-run,generated,
1LJU,6.45,titration,/Dedicated/schnieders/maemmad/pKa_GNN/ffx_pipeline/data/sge_jobs/1LJU_titrate_pH6.45.job,dry-run,generated,
1LJU,8.55,titration,/Dedicated/schnieders/maemmad/pKa_GNN/ffx_pipeline/data/sge_jobs/1LJU_titrate_pH8.55.job,dry-run,generated,
1LNI,,rotamer,/Dedicated/schnieders/maemmad/pKa_GNN/ffx_pipeline/data/sge_jobs/1LNI_rotamer.job,dry-run,generated,
1LNI,3.94,titration,/Dedicated/schnieders/maemmad/pKa_GNN/ffx_pipeline/data/sge_jobs/1LNI_titrate_pH3.94.job,dry-run,generated,
1LNI,4.4,titration,/Dedicated/schnieders/maemmad/pKa_GNN/ffx_pipeline/data/sge_jobs/1LNI_titrate_pH4.4.job,dry-run,generated,
1LNI,6.45,titration,/Dedicated/schnieders/maemmad/pKa_GNN/ffx_pipeline/data/sge_jobs/1LNI_titrate_pH6.45.job,dry-run,generated,
1LNI,8.55,titration,/Dedicated/schnieders/maemmad/pKa_GNN/ffx_pipeline/data/sge_jobs/1LNI_titrate_pH8.55.job,dry-run,generated,
1LZ1,,rotamer,/Dedicated/schnieders/maemmad/pKa_GNN/ffx_pipeline/data/sge_jobs/1LZ1_rotamer.job,dry-run,generated,
1LZ1,3.94,titration,/Dedicated/schnieders/maemmad/pKa_GNN/ffx_pipeline/data/sge_jobs/1LZ1_titrate_pH3.94.job,dry-run,generated,
1LZ1,4.4,titration,/Dedicated/schnieders/maemmad/pKa_GNN/ffx_pipeline/data/sge_jobs/1LZ1_titrate_pH4.4.job,dry-run,generated,
1LZ1,6.45,titration,/Dedicated/schnieders/maemmad/pKa_GNN/ffx_pipeline/data/sge_jobs/1LZ1_titrate_pH6.45.job,dry-run,generated,
1LZ1,8.55,titration,/Dedicated/schnieders/maemmad/pKa_GNN/ffx_pipeline/data/sge_jobs/1LZ1_titrate_pH8.55.job,dry-run,generated,
1MBC,,rotamer,/Dedicated/schnieders/maemmad/pKa_GNN/ffx_pipeline/data/sge_jobs/1MBC_rotamer.job,dry-run,generated,
1MBC,3.94,titration,/Dedicated/schnieders/maemmad/pKa_GNN/ffx_pipeline/data/sge_jobs/1MBC_titrate_pH3.94.job,dry-run,generated,
1MBC,4.4,titration,/Dedicated/schnieders/maemmad/pKa_GNN/ffx_pipeline/data/sge_jobs/1MBC_titrate_pH4.4.job,dry-run,generated,
1MBC,6.45,titration,/Dedicated/schnieders/maemmad/pKa_GNN/ffx_pipeline/data/sge_jobs/1MBC_titrate_pH6.45.job,dry-run,generated,
1MBC,8.55,titration,/Dedicated/schnieders/maemmad/pKa_GNN/ffx_pipeline/data/sge_jobs/1MBC_titrate_pH8.55.job,dry-run,generated,
1MEK,,rotamer,/Dedicated/schnieders/maemmad/pKa_GNN/ffx_pipeline/data/sge_jobs/1MEK_rotamer.job,dry-run,generated,
1MEK,3.94,titration,/Dedicated/schnieders/maemmad/pKa_GNN/ffx_pipeline/data/sge_jobs/1MEK_titrate_pH3.94.job,dry-run,generated,
1MEK,4.4,titration,/Dedicated/schnieders/maemmad/pKa_GNN/ffx_pipeline/data/sge_jobs/1MEK_titrate_pH4.4.job,dry-run,generated,
1MEK,6.45,titration,/Dedicated/schnieders/maemmad/pKa_GNN/ffx_pipeline/data/sge_jobs/1MEK_titrate_pH6.45.job,dry-run,generated,
1MEK,8.55,titration,/Dedicated/schnieders/maemmad/pKa_GNN/ffx_pipeline/data/sge_jobs/1MEK_titrate_pH8.55.job,dry-run,generated,
1MUT,,rotamer,/Dedicated/schnieders/maemmad/pKa_GNN/ffx_pipeline/data/sge_jobs/1MUT_rotamer.job,dry-run,generated,
1MUT,3.94,titration,/Dedicated/schnieders/maemmad/pKa_GNN/ffx_pipeline/data/sge_jobs/1MUT_titrate_pH3.94.job,dry-run,generated,
1MUT,4.4,titration,/Dedicated/schnieders/maemmad/pKa_GNN/ffx_pipeline/data/sge_jobs/1MUT_titrate_pH4.4.job,dry-run,generated,
1MUT,6.45,titration,/Dedicated/schnieders/maemmad/pKa_GNN/ffx_pipeline/data/sge_jobs/1MUT_titrate_pH6.45.job,dry-run,generated,
1MUT,8.55,titration,/Dedicated/schnieders/maemmad/pKa_GNN/ffx_pipeline/data/sge_jobs/1MUT_titrate_pH8.55.job,dry-run,generated,
1NLX,,rotamer,/Dedicated/schnieders/maemmad/pKa_GNN/ffx_pipeline/data/sge_jobs/1NLX_rotamer.job,dry-run,generated,
1NLX,3.94,titration,/Dedicated/schnieders/maemmad/pKa_GNN/ffx_pipeline/data/sge_jobs/1NLX_titrate_pH3.94.job,dry-run,generated,
1NLX,4.4,titration,/Dedicated/schnieders/maemmad/pKa_GNN/ffx_pipeline/data/sge_jobs/1NLX_titrate_pH4.4.job,dry-run,generated,
1NLX,6.45,titration,/Dedicated/schnieders/maemmad/pKa_GNN/ffx_pipeline/data/sge_jobs/1NLX_titrate_pH6.45.job,dry-run,generated,
1NLX,8.55,titration,/Dedicated/schnieders/maemmad/pKa_GNN/ffx_pipeline/data/sge_jobs/1NLX_titrate_pH8.55.job,dry-run,generated,
1O73,,rotamer,/Dedicated/schnieders/maemmad/pKa_GNN/ffx_pipeline/data/sge_jobs/1O73_rotamer.job,dry-run,generated,
1O73,3.94,titration,/Dedicated/schnieders/maemmad/pKa_GNN/ffx_pipeline/data/sge_jobs/1O73_titrate_pH3.94.job,dry-run,generated,
1O73,4.4,titration,/Dedicated/schnieders/maemmad/pKa_GNN/ffx_pipeline/data/sge_jobs/1O73_titrate_pH4.4.job,dry-run,generated,
1O73,6.45,titration,/Dedicated/schnieders/maemmad/pKa_GNN/ffx_pipeline/data/sge_jobs/1O73_titrate_pH6.45.job,dry-run,generated,
1O73,8.55,titration,/Dedicated/schnieders/maemmad/pKa_GNN/ffx_pipeline/data/sge_jobs/1O73_titrate_pH8.55.job,dry-run,generated,
1P5F,,rotamer,/Dedicated/schnieders/maemmad/pKa_GNN/ffx_pipeline/data/sge_jobs/1P5F_rotamer.job,dry-run,generated,
1P5F,3.94,titration,/Dedicated/schnieders/maemmad/pKa_GNN/ffx_pipeline/data/sge_jobs/1P5F_titrate_pH3.94.job,dry-run,generated,
1P5F,4.4,titration,/Dedicated/schnieders/maemmad/pKa_GNN/ffx_pipeline/data/sge_jobs/1P5F_titrate_pH4.4.job,dry-run,generated,
1P5F,6.45,titration,/Dedicated/schnieders/maemmad/pKa_GNN/ffx_pipeline/data/sge_jobs/1P5F_titrate_pH6.45.job,dry-run,generated,
1P5F,8.55,titration,/Dedicated/schnieders/maemmad/pKa_GNN/ffx_pipeline/data/sge_jobs/1P5F_titrate_pH8.55.job,dry-run,generated,
1PGB,,rotamer,/Dedicated/schnieders/maemmad/pKa_GNN/ffx_pipeline/data/sge_jobs/1PGB_rotamer.job,dry-run,generated,
1PGB,3.94,titration,/Dedicated/schnieders/maemmad/pKa_GNN/ffx_pipeline/data/sge_jobs/1PGB_titrate_pH3.94.job,dry-run,generated,
1PGB,4.4,titration,/Dedicated/schnieders/maemmad/pKa_GNN/ffx_pipeline/data/sge_jobs/1PGB_titrate_pH4.4.job,dry-run,generated,
1PGB,6.45,titration,/Dedicated/schnieders/maemmad/pKa_GNN/ffx_pipeline/data/sge_jobs/1PGB_titrate_pH6.45.job,dry-run,generated,
1PGB,8.55,titration,/Dedicated/schnieders/maemmad/pKa_GNN/ffx_pipeline/data/sge_jobs/1PGB_titrate_pH8.55.job,dry-run,generated,
1POH,,rotamer,/Dedicated/schnieders/maemmad/pKa_GNN/ffx_pipeline/data/sge_jobs/1POH_rotamer.job,dry-run,generated,
1POH,3.94,titration,/Dedicated/schnieders/maemmad/pKa_GNN/ffx_pipeline/data/sge_jobs/1POH_titrate_pH3.94.job,dry-run,generated,
1POH,4.4,titration,/Dedicated/schnieders/maemmad/pKa_GNN/ffx_pipeline/data/sge_jobs/1POH_titrate_pH4.4.job,dry-run,generated,
1POH,6.45,titration,/Dedicated/schnieders/maemmad/pKa_GNN/ffx_pipeline/data/sge_jobs/1POH_titrate_pH6.45.job,dry-run,generated,
1POH,8.55,titration,/Dedicated/schnieders/maemmad/pKa_GNN/ffx_pipeline/data/sge_jobs/1POH_titrate_pH8.55.job,dry-run,generated,
1PPF,,rotamer,/Dedicated/schnieders/maemmad/pKa_GNN/ffx_pipeline/data/sge_jobs/1PPF_rotamer.job,dry-run,generated,
1PPF,3.94,titration,/Dedicated/schnieders/maemmad/pKa_GNN/ffx_pipeline/data/sge_jobs/1PPF_titrate_pH3.94.job,dry-run,generated,
1PPF,4.4,titration,/Dedicated/schnieders/maemmad/pKa_GNN/ffx_pipeline/data/sge_jobs/1PPF_titrate_pH4.4.job,dry-run,generated,
1PPF,6.45,titration,/Dedicated/schnieders/maemmad/pKa_GNN/ffx_pipeline/data/sge_jobs/1PPF_titrate_pH6.45.job,dry-run,generated,
1PPF,8.55,titration,/Dedicated/schnieders/maemmad/pKa_GNN/ffx_pipeline/data/sge_jobs/1PPF_titrate_pH8.55.job,dry-run,generated,
1PPN,,rotamer,/Dedicated/schnieders/maemmad/pKa_GNN/ffx_pipeline/data/sge_jobs/1PPN_rotamer.job,dry-run,generated,
1PPN,3.94,titration,/Dedicated/schnieders/maemmad/pKa_GNN/ffx_pipeline/data/sge_jobs/1PPN_titrate_pH3.94.job,dry-run,generated,
1PPN,4.4,titration,/Dedicated/schnieders/maemmad/pKa_GNN/ffx_pipeline/data/sge_jobs/1PPN_titrate_pH4.4.job,dry-run,generated,
1PPN,6.45,titration,/Dedicated/schnieders/maemmad/pKa_GNN/ffx_pipeline/data/sge_jobs/1PPN_titrate_pH6.45.job,dry-run,generated,
1PPN,8.55,titration,/Dedicated/schnieders/maemmad/pKa_GNN/ffx_pipeline/data/sge_jobs/1PPN_titrate_pH8.55.job,dry-run,generated,
1PPO,,rotamer,/Dedicated/schnieders/maemmad/pKa_GNN/ffx_pipeline/data/sge_jobs/1PPO_rotamer.job,dry-run,generated,
1PPO,3.94,titration,/Dedicated/schnieders/maemmad/pKa_GNN/ffx_pipeline/data/sge_jobs/1PPO_titrate_pH3.94.job,dry-run,generated,
1PPO,4.4,titration,/Dedicated/schnieders/maemmad/pKa_GNN/ffx_pipeline/data/sge_jobs/1PPO_titrate_pH4.4.job,dry-run,generated,
1PPO,6.45,titration,/Dedicated/schnieders/maemmad/pKa_GNN/ffx_pipeline/data/sge_jobs/1PPO_titrate_pH6.45.job,dry-run,generated,
1PPO,8.55,titration,/Dedicated/schnieders/maemmad/pKa_GNN/ffx_pipeline/data/sge_jobs/1PPO_titrate_pH8.55.job,dry-run,generated,
1PRW,,rotamer,/Dedicated/schnieders/maemmad/pKa_GNN/ffx_pipeline/data/sge_jobs/1PRW_rotamer.job,dry-run,generated,
1PRW,3.94,titration,/Dedicated/schnieders/maemmad/pKa_GNN/ffx_pipeline/data/sge_jobs/1PRW_titrate_pH3.94.job,dry-run,generated,
1PRW,4.4,titration,/Dedicated/schnieders/maemmad/pKa_GNN/ffx_pipeline/data/sge_jobs/1PRW_titrate_pH4.4.job,dry-run,generated,
1PRW,6.45,titration,/Dedicated/schnieders/maemmad/pKa_GNN/ffx_pipeline/data/sge_jobs/1PRW_titrate_pH6.45.job,dry-run,generated,
1PRW,8.55,titration,/Dedicated/schnieders/maemmad/pKa_GNN/ffx_pipeline/data/sge_jobs/1PRW_titrate_pH8.55.job,dry-run,generated,
1QH7,,rotamer,/Dedicated/schnieders/maemmad/pKa_GNN/ffx_pipeline/data/sge_jobs/1QH7_rotamer.job,dry-run,generated,
1QH7,3.94,titration,/Dedicated/schnieders/maemmad/pKa_GNN/ffx_pipeline/data/sge_jobs/1QH7_titrate_pH3.94.job,dry-run,generated,
1QH7,4.4,titration,/Dedicated/schnieders/maemmad/pKa_GNN/ffx_pipeline/data/sge_jobs/1QH7_titrate_pH4.4.job,dry-run,generated,
1QH7,6.45,titration,/Dedicated/schnieders/maemmad/pKa_GNN/ffx_pipeline/data/sge_jobs/1QH7_titrate_pH6.45.job,dry-run,generated,
1QH7,8.55,titration,/Dedicated/schnieders/maemmad/pKa_GNN/ffx_pipeline/data/sge_jobs/1QH7_titrate_pH8.55.job,dry-run,generated,
1QK1,,rotamer,/Dedicated/schnieders/maemmad/pKa_GNN/ffx_pipeline/data/sge_jobs/1QK1_rotamer.job,dry-run,generated,
1QK1,3.94,titration,/Dedicated/schnieders/maemmad/pKa_GNN/ffx_pipeline/data/sge_jobs/1QK1_titrate_pH3.94.job,dry-run,generated,
1QK1,4.4,titration,/Dedicated/schnieders/maemmad/pKa_GNN/ffx_pipeline/data/sge_jobs/1QK1_titrate_pH4.4.job,dry-run,generated,
1QK1,6.45,titration,/Dedicated/schnieders/maemmad/pKa_GNN/ffx_pipeline/data/sge_jobs/1QK1_titrate_pH6.45.job,dry-run,generated,
1QK1,8.55,titration,/Dedicated/schnieders/maemmad/pKa_GNN/ffx_pipeline/data/sge_jobs/1QK1_titrate_pH8.55.job,dry-run,generated,
1QLP,,rotamer,/Dedicated/schnieders/maemmad/pKa_GNN/ffx_pipeline/data/sge_jobs/1QLP_rotamer.job,dry-run,generated,
1QLP,3.94,titration,/Dedicated/schnieders/maemmad/pKa_GNN/ffx_pipeline/data/sge_jobs/1QLP_titrate_pH3.94.job,dry-run,generated,
1QLP,4.4,titration,/Dedicated/schnieders/maemmad/pKa_GNN/ffx_pipeline/data/sge_jobs/1QLP_titrate_pH4.4.job,dry-run,generated,
1QLP,6.45,titration,/Dedicated/schnieders/maemmad/pKa_GNN/ffx_pipeline/data/sge_jobs/1QLP_titrate_pH6.45.job,dry-run,generated,
1QLP,8.55,titration,/Dedicated/schnieders/maemmad/pKa_GNN/ffx_pipeline/data/sge_jobs/1QLP_titrate_pH8.55.job,dry-run,generated,
1QT8,,rotamer,/Dedicated/schnieders/maemmad/pKa_GNN/ffx_pipeline/data/sge_jobs/1QT8_rotamer.job,dry-run,generated,
1QT8,3.94,titration,/Dedicated/schnieders/maemmad/pKa_GNN/ffx_pipeline/data/sge_jobs/1QT8_titrate_pH3.94.job,dry-run,generated,
1QT8,4.4,titration,/Dedicated/schnieders/maemmad/pKa_GNN/ffx_pipeline/data/sge_jobs/1QT8_titrate_pH4.4.job,dry-run,generated,
1QT8,6.45,titration,/Dedicated/schnieders/maemmad/pKa_GNN/ffx_pipeline/data/sge_jobs/1QT8_titrate_pH6.45.job,dry-run,generated,
1QT8,8.55,titration,/Dedicated/schnieders/maemmad/pKa_GNN/ffx_pipeline/data/sge_jobs/1QT8_titrate_pH8.55.job,dry-run,generated,
1ST9,,rotamer,/Dedicated/schnieders/maemmad/pKa_GNN/ffx_pipeline/data/sge_jobs/1ST9_rotamer.job,dry-run,generated,
1ST9,3.94,titration,/Dedicated/schnieders/maemmad/pKa_GNN/ffx_pipeline/data/sge_jobs/1ST9_titrate_pH3.94.job,dry-run,generated,
1ST9,4.4,titration,/Dedicated/schnieders/maemmad/pKa_GNN/ffx_pipeline/data/sge_jobs/1ST9_titrate_pH4.4.job,dry-run,generated,
1ST9,6.45,titration,/Dedicated/schnieders/maemmad/pKa_GNN/ffx_pipeline/data/sge_jobs/1ST9_titrate_pH6.45.job,dry-run,generated,
1ST9,8.55,titration,/Dedicated/schnieders/maemmad/pKa_GNN/ffx_pipeline/data/sge_jobs/1ST9_titrate_pH8.55.job,dry-run,generated,
1STN,,rotamer,/Dedicated/schnieders/maemmad/pKa_GNN/ffx_pipeline/data/sge_jobs/1STN_rotamer.job,dry-run,generated,
1STN,3.94,titration,/Dedicated/schnieders/maemmad/pKa_GNN/ffx_pipeline/data/sge_jobs/1STN_titrate_pH3.94.job,dry-run,generated,
1STN,4.4,titration,/Dedicated/schnieders/maemmad/pKa_GNN/ffx_pipeline/data/sge_jobs/1STN_titrate_pH4.4.job,dry-run,generated,
1STN,6.45,titration,/Dedicated/schnieders/maemmad/pKa_GNN/ffx_pipeline/data/sge_jobs/1STN_titrate_pH6.45.job,dry-run,generated,
1STN,8.55,titration,/Dedicated/schnieders/maemmad/pKa_GNN/ffx_pipeline/data/sge_jobs/1STN_titrate_pH8.55.job,dry-run,generated,
1SU9,,rotamer,/Dedicated/schnieders/maemmad/pKa_GNN/ffx_pipeline/data/sge_jobs/1SU9_rotamer.job,dry-run,generated,
1SU9,3.94,titration,/Dedicated/schnieders/maemmad/pKa_GNN/ffx_pipeline/data/sge_jobs/1SU9_titrate_pH3.94.job,dry-run,generated,
1SU9,4.4,titration,/Dedicated/schnieders/maemmad/pKa_GNN/ffx_pipeline/data/sge_jobs/1SU9_titrate_pH4.4.job,dry-run,generated,
1SU9,6.45,titration,/Dedicated/schnieders/maemmad/pKa_GNN/ffx_pipeline/data/sge_jobs/1SU9_titrate_pH6.45.job,dry-run,generated,
1SU9,8.55,titration,/Dedicated/schnieders/maemmad/pKa_GNN/ffx_pipeline/data/sge_jobs/1SU9_titrate_pH8.55.job,dry-run,generated,
1THE,,rotamer,/Dedicated/schnieders/maemmad/pKa_GNN/ffx_pipeline/data/sge_jobs/1THE_rotamer.job,dry-run,generated,
1THE,3.94,titration,/Dedicated/schnieders/maemmad/pKa_GNN/ffx_pipeline/data/sge_jobs/1THE_titrate_pH3.94.job,dry-run,generated,
1THE,4.4,titration,/Dedicated/schnieders/maemmad/pKa_GNN/ffx_pipeline/data/sge_jobs/1THE_titrate_pH4.4.job,dry-run,generated,
1THE,6.45,titration,/Dedicated/schnieders/maemmad/pKa_GNN/ffx_pipeline/data/sge_jobs/1THE_titrate_pH6.45.job,dry-run,generated,
1THE,8.55,titration,/Dedicated/schnieders/maemmad/pKa_GNN/ffx_pipeline/data/sge_jobs/1THE_titrate_pH8.55.job,dry-run,generated,
1U2U,,rotamer,/Dedicated/schnieders/maemmad/pKa_GNN/ffx_pipeline/data/sge_jobs/1U2U_rotamer.job,dry-run,generated,
1U2U,3.94,titration,/Dedicated/schnieders/maemmad/pKa_GNN/ffx_pipeline/data/sge_jobs/1U2U_titrate_pH3.94.job,dry-run,generated,
1U2U,4.4,titration,/Dedicated/schnieders/maemmad/pKa_GNN/ffx_pipeline/data/sge_jobs/1U2U_titrate_pH4.4.job,dry-run,generated,
1U2U,6.45,titration,/Dedicated/schnieders/maemmad/pKa_GNN/ffx_pipeline/data/sge_jobs/1U2U_titrate_pH6.45.job,dry-run,generated,
1U2U,8.55,titration,/Dedicated/schnieders/maemmad/pKa_GNN/ffx_pipeline/data/sge_jobs/1U2U_titrate_pH8.55.job,dry-run,generated,
1UBQ,,rotamer,/Dedicated/schnieders/maemmad/pKa_GNN/ffx_pipeline/data/sge_jobs/1UBQ_rotamer.job,dry-run,generated,
1UBQ,3.94,titration,/Dedicated/schnieders/maemmad/pKa_GNN/ffx_pipeline/data/sge_jobs/1UBQ_titrate_pH3.94.job,dry-run,generated,
1UBQ,4.4,titration,/Dedicated/schnieders/maemmad/pKa_GNN/ffx_pipeline/data/sge_jobs/1UBQ_titrate_pH4.4.job,dry-run,generated,
1UBQ,6.45,titration,/Dedicated/schnieders/maemmad/pKa_GNN/ffx_pipeline/data/sge_jobs/1UBQ_titrate_pH6.45.job,dry-run,generated,
1UBQ,8.55,titration,/Dedicated/schnieders/maemmad/pKa_GNN/ffx_pipeline/data/sge_jobs/1UBQ_titrate_pH8.55.job,dry-run,generated,
1V57,,rotamer,/Dedicated/schnieders/maemmad/pKa_GNN/ffx_pipeline/data/sge_jobs/1V57_rotamer.job,dry-run,generated,
1V57,3.94,titration,/Dedicated/schnieders/maemmad/pKa_GNN/ffx_pipeline/data/sge_jobs/1V57_titrate_pH3.94.job,dry-run,generated,
1V57,4.4,titration,/Dedicated/schnieders/maemmad/pKa_GNN/ffx_pipeline/data/sge_jobs/1V57_titrate_pH4.4.job,dry-run,generated,
1V57,6.45,titration,/Dedicated/schnieders/maemmad/pKa_GNN/ffx_pipeline/data/sge_jobs/1V57_titrate_pH6.45.job,dry-run,generated,
1V57,8.55,titration,/Dedicated/schnieders/maemmad/pKa_GNN/ffx_pipeline/data/sge_jobs/1V57_titrate_pH8.55.job,dry-run,generated,
1VII,,rotamer,/Dedicated/schnieders/maemmad/pKa_GNN/ffx_pipeline/data/sge_jobs/1VII_rotamer.job,dry-run,generated,
1VII,3.94,titration,/Dedicated/schnieders/maemmad/pKa_GNN/ffx_pipeline/data/sge_jobs/1VII_titrate_pH3.94.job,dry-run,generated,
1VII,4.4,titration,/Dedicated/schnieders/maemmad/pKa_GNN/ffx_pipeline/data/sge_jobs/1VII_titrate_pH4.4.job,dry-run,generated,
1VII,6.45,titration,/Dedicated/schnieders/maemmad/pKa_GNN/ffx_pipeline/data/sge_jobs/1VII_titrate_pH6.45.job,dry-run,generated,
1VII,8.55,titration,/Dedicated/schnieders/maemmad/pKa_GNN/ffx_pipeline/data/sge_jobs/1VII_titrate_pH8.55.job,dry-run,generated,
1XNB,,rotamer,/Dedicated/schnieders/maemmad/pKa_GNN/ffx_pipeline/data/sge_jobs/1XNB_rotamer.job,dry-run,generated,
1XNB,3.94,titration,/Dedicated/schnieders/maemmad/pKa_GNN/ffx_pipeline/data/sge_jobs/1XNB_titrate_pH3.94.job,dry-run,generated,
1XNB,4.4,titration,/Dedicated/schnieders/maemmad/pKa_GNN/ffx_pipeline/data/sge_jobs/1XNB_titrate_pH4.4.job,dry-run,generated,
1XNB,6.45,titration,/Dedicated/schnieders/maemmad/pKa_GNN/ffx_pipeline/data/sge_jobs/1XNB_titrate_pH6.45.job,dry-run,generated,
1XNB,8.55,titration,/Dedicated/schnieders/maemmad/pKa_GNN/ffx_pipeline/data/sge_jobs/1XNB_titrate_pH8.55.job,dry-run,generated,
1XOB,,rotamer,/Dedicated/schnieders/maemmad/pKa_GNN/ffx_pipeline/data/sge_jobs/1XOB_rotamer.job,dry-run,generated,
1XOB,3.94,titration,/Dedicated/schnieders/maemmad/pKa_GNN/ffx_pipeline/data/sge_jobs/1XOB_titrate_pH3.94.job,dry-run,generated,
1XOB,4.4,titration,/Dedicated/schnieders/maemmad/pKa_GNN/ffx_pipeline/data/sge_jobs/1XOB_titrate_pH4.4.job,dry-run,generated,
1XOB,6.45,titration,/Dedicated/schnieders/maemmad/pKa_GNN/ffx_pipeline/data/sge_jobs/1XOB_titrate_pH6.45.job,dry-run,generated,
1XOB,8.55,titration,/Dedicated/schnieders/maemmad/pKa_GNN/ffx_pipeline/data/sge_jobs/1XOB_titrate_pH8.55.job,dry-run,generated,
1YMB,,rotamer,/Dedicated/schnieders/maemmad/pKa_GNN/ffx_pipeline/data/sge_jobs/1YMB_rotamer.job,dry-run,generated,
1YMB,3.94,titration,/Dedicated/schnieders/maemmad/pKa_GNN/ffx_pipeline/data/sge_jobs/1YMB_titrate_pH3.94.job,dry-run,generated,
1YMB,4.4,titration,/Dedicated/schnieders/maemmad/pKa_GNN/ffx_pipeline/data/sge_jobs/1YMB_titrate_pH4.4.job,dry-run,generated,
1YMB,6.45,titration,/Dedicated/schnieders/maemmad/pKa_GNN/ffx_pipeline/data/sge_jobs/1YMB_titrate_pH6.45.job,dry-run,generated,
1YMB,8.55,titration,/Dedicated/schnieders/maemmad/pKa_GNN/ffx_pipeline/data/sge_jobs/1YMB_titrate_pH8.55.job,dry-run,generated,
1YPH,,rotamer,/Dedicated/schnieders/maemmad/pKa_GNN/ffx_pipeline/data/sge_jobs/1YPH_rotamer.job,dry-run,generated,
1YPH,3.94,titration,/Dedicated/schnieders/maemmad/pKa_GNN/ffx_pipeline/data/sge_jobs/1YPH_titrate_pH3.94.job,dry-run,generated,
1YPH,4.4,titration,/Dedicated/schnieders/maemmad/pKa_GNN/ffx_pipeline/data/sge_jobs/1YPH_titrate_pH4.4.job,dry-run,generated,
1YPH,6.45,titration,/Dedicated/schnieders/maemmad/pKa_GNN/ffx_pipeline/data/sge_jobs/1YPH_titrate_pH6.45.job,dry-run,generated,
1YPH,8.55,titration,/Dedicated/schnieders/maemmad/pKa_GNN/ffx_pipeline/data/sge_jobs/1YPH_titrate_pH8.55.job,dry-run,generated,
1YPI,,rotamer,/Dedicated/schnieders/maemmad/pKa_GNN/ffx_pipeline/data/sge_jobs/1YPI_rotamer.job,dry-run,generated,
1YPI,3.94,titration,/Dedicated/schnieders/maemmad/pKa_GNN/ffx_pipeline/data/sge_jobs/1YPI_titrate_pH3.94.job,dry-run,generated,
1YPI,4.4,titration,/Dedicated/schnieders/maemmad/pKa_GNN/ffx_pipeline/data/sge_jobs/1YPI_titrate_pH4.4.job,dry-run,generated,
1YPI,6.45,titration,/Dedicated/schnieders/maemmad/pKa_GNN/ffx_pipeline/data/sge_jobs/1YPI_titrate_pH6.45.job,dry-run,generated,
1YPI,8.55,titration,/Dedicated/schnieders/maemmad/pKa_GNN/ffx_pipeline/data/sge_jobs/1YPI_titrate_pH8.55.job,dry-run,generated,
1YPT,,rotamer,/Dedicated/schnieders/maemmad/pKa_GNN/ffx_pipeline/data/sge_jobs/1YPT_rotamer.job,dry-run,generated,
1YPT,3.94,titration,/Dedicated/schnieders/maemmad/pKa_GNN/ffx_pipeline/data/sge_jobs/1YPT_titrate_pH3.94.job,dry-run,generated,
1YPT,4.4,titration,/Dedicated/schnieders/maemmad/pKa_GNN/ffx_pipeline/data/sge_jobs/1YPT_titrate_pH4.4.job,dry-run,generated,
1YPT,6.45,titration,/Dedicated/schnieders/maemmad/pKa_GNN/ffx_pipeline/data/sge_jobs/1YPT_titrate_pH6.45.job,dry-run,generated,
1YPT,8.55,titration,/Dedicated/schnieders/maemmad/pKa_GNN/ffx_pipeline/data/sge_jobs/1YPT_titrate_pH8.55.job,dry-run,generated,
2BUS,,rotamer,/Dedicated/schnieders/maemmad/pKa_GNN/ffx_pipeline/data/sge_jobs/2BUS_rotamer.job,dry-run,generated,
2BUS,3.94,titration,/Dedicated/schnieders/maemmad/pKa_GNN/ffx_pipeline/data/sge_jobs/2BUS_titrate_pH3.94.job,dry-run,generated,
2BUS,4.4,titration,/Dedicated/schnieders/maemmad/pKa_GNN/ffx_pipeline/data/sge_jobs/2BUS_titrate_pH4.4.job,dry-run,generated,
2BUS,6.45,titration,/Dedicated/schnieders/maemmad/pKa_GNN/ffx_pipeline/data/sge_jobs/2BUS_titrate_pH6.45.job,dry-run,generated,
2BUS,8.55,titration,/Dedicated/schnieders/maemmad/pKa_GNN/ffx_pipeline/data/sge_jobs/2BUS_titrate_pH8.55.job,dry-run,generated,
2CI2,,rotamer,/Dedicated/schnieders/maemmad/pKa_GNN/ffx_pipeline/data/sge_jobs/2CI2_rotamer.job,dry-run,generated,
2CI2,3.94,titration,/Dedicated/schnieders/maemmad/pKa_GNN/ffx_pipeline/data/sge_jobs/2CI2_titrate_pH3.94.job,dry-run,generated,
2CI2,4.4,titration,/Dedicated/schnieders/maemmad/pKa_GNN/ffx_pipeline/data/sge_jobs/2CI2_titrate_pH4.4.job,dry-run,generated,
2CI2,6.45,titration,/Dedicated/schnieders/maemmad/pKa_GNN/ffx_pipeline/data/sge_jobs/2CI2_titrate_pH6.45.job,dry-run,generated,
2CI2,8.55,titration,/Dedicated/schnieders/maemmad/pKa_GNN/ffx_pipeline/data/sge_jobs/2CI2_titrate_pH8.55.job,dry-run,generated,
2CPL,,rotamer,/Dedicated/schnieders/maemmad/pKa_GNN/ffx_pipeline/data/sge_jobs/2CPL_rotamer.job,dry-run,generated,
2CPL,3.94,titration,/Dedicated/schnieders/maemmad/pKa_GNN/ffx_pipeline/data/sge_jobs/2CPL_titrate_pH3.94.job,dry-run,generated,
2CPL,4.4,titration,/Dedicated/schnieders/maemmad/pKa_GNN/ffx_pipeline/data/sge_jobs/2CPL_titrate_pH4.4.job,dry-run,generated,
2CPL,6.45,titration,/Dedicated/schnieders/maemmad/pKa_GNN/ffx_pipeline/data/sge_jobs/2CPL_titrate_pH6.45.job,dry-run,generated,
2CPL,8.55,titration,/Dedicated/schnieders/maemmad/pKa_GNN/ffx_pipeline/data/sge_jobs/2CPL_titrate_pH8.55.job,dry-run,generated,
2FD3,,rotamer,/Dedicated/schnieders/maemmad/pKa_GNN/ffx_pipeline/data/sge_jobs/2FD3_rotamer.job,dry-run,generated,
2FD3,3.94,titration,/Dedicated/schnieders/maemmad/pKa_GNN/ffx_pipeline/data/sge_jobs/2FD3_titrate_pH3.94.job,dry-run,generated,
2FD3,4.4,titration,/Dedicated/schnieders/maemmad/pKa_GNN/ffx_pipeline/data/sge_jobs/2FD3_titrate_pH4.4.job,dry-run,generated,
2FD3,6.45,titration,/Dedicated/schnieders/maemmad/pKa_GNN/ffx_pipeline/data/sge_jobs/2FD3_titrate_pH6.45.job,dry-run,generated,
2FD3,8.55,titration,/Dedicated/schnieders/maemmad/pKa_GNN/ffx_pipeline/data/sge_jobs/2FD3_titrate_pH8.55.job,dry-run,generated,
2FWF,,rotamer,/Dedicated/schnieders/maemmad/pKa_GNN/ffx_pipeline/data/sge_jobs/2FWF_rotamer.job,dry-run,generated,
2FWF,3.94,titration,/Dedicated/schnieders/maemmad/pKa_GNN/ffx_pipeline/data/sge_jobs/2FWF_titrate_pH3.94.job,dry-run,generated,
2FWF,4.4,titration,/Dedicated/schnieders/maemmad/pKa_GNN/ffx_pipeline/data/sge_jobs/2FWF_titrate_pH4.4.job,dry-run,generated,
2FWF,6.45,titration,/Dedicated/schnieders/maemmad/pKa_GNN/ffx_pipeline/data/sge_jobs/2FWF_titrate_pH6.45.job,dry-run,generated,
2FWF,8.55,titration,/Dedicated/schnieders/maemmad/pKa_GNN/ffx_pipeline/data/sge_jobs/2FWF_titrate_pH8.55.job,dry-run,generated,
2HNP,,rotamer,/Dedicated/schnieders/maemmad/pKa_GNN/ffx_pipeline/data/sge_jobs/2HNP_rotamer.job,dry-run,generated,
2HNP,3.94,titration,/Dedicated/schnieders/maemmad/pKa_GNN/ffx_pipeline/data/sge_jobs/2HNP_titrate_pH3.94.job,dry-run,generated,
2HNP,4.4,titration,/Dedicated/schnieders/maemmad/pKa_GNN/ffx_pipeline/data/sge_jobs/2HNP_titrate_pH4.4.job,dry-run,generated,
2HNP,6.45,titration,/Dedicated/schnieders/maemmad/pKa_GNN/ffx_pipeline/data/sge_jobs/2HNP_titrate_pH6.45.job,dry-run,generated,
2HNP,8.55,titration,/Dedicated/schnieders/maemmad/pKa_GNN/ffx_pipeline/data/sge_jobs/2HNP_titrate_pH8.55.job,dry-run,generated,
2KIX,,rotamer,/Dedicated/schnieders/maemmad/pKa_GNN/ffx_pipeline/data/sge_jobs/2KIX_rotamer.job,dry-run,generated,
2KIX,3.94,titration,/Dedicated/schnieders/maemmad/pKa_GNN/ffx_pipeline/data/sge_jobs/2KIX_titrate_pH3.94.job,dry-run,generated,
2KIX,4.4,titration,/Dedicated/schnieders/maemmad/pKa_GNN/ffx_pipeline/data/sge_jobs/2KIX_titrate_pH4.4.job,dry-run,generated,
2KIX,6.45,titration,/Dedicated/schnieders/maemmad/pKa_GNN/ffx_pipeline/data/sge_jobs/2KIX_titrate_pH6.45.job,dry-run,generated,
2KIX,8.55,titration,/Dedicated/schnieders/maemmad/pKa_GNN/ffx_pipeline/data/sge_jobs/2KIX_titrate_pH8.55.job,dry-run,generated,
2L6X,,rotamer,/Dedicated/schnieders/maemmad/pKa_GNN/ffx_pipeline/data/sge_jobs/2L6X_rotamer.job,dry-run,generated,
2L6X,3.94,titration,/Dedicated/schnieders/maemmad/pKa_GNN/ffx_pipeline/data/sge_jobs/2L6X_titrate_pH3.94.job,dry-run,generated,
2L6X,4.4,titration,/Dedicated/schnieders/maemmad/pKa_GNN/ffx_pipeline/data/sge_jobs/2L6X_titrate_pH4.4.job,dry-run,generated,
2L6X,6.45,titration,/Dedicated/schnieders/maemmad/pKa_GNN/ffx_pipeline/data/sge_jobs/2L6X_titrate_pH6.45.job,dry-run,generated,
2L6X,8.55,titration,/Dedicated/schnieders/maemmad/pKa_GNN/ffx_pipeline/data/sge_jobs/2L6X_titrate_pH8.55.job,dry-run,generated,
2L90,,rotamer,/Dedicated/schnieders/maemmad/pKa_GNN/ffx_pipeline/data/sge_jobs/2L90_rotamer.job,dry-run,generated,
2L90,3.94,titration,/Dedicated/schnieders/maemmad/pKa_GNN/ffx_pipeline/data/sge_jobs/2L90_titrate_pH3.94.job,dry-run,generated,
2L90,4.4,titration,/Dedicated/schnieders/maemmad/pKa_GNN/ffx_pipeline/data/sge_jobs/2L90_titrate_pH4.4.job,dry-run,generated,
2L90,6.45,titration,/Dedicated/schnieders/maemmad/pKa_GNN/ffx_pipeline/data/sge_jobs/2L90_titrate_pH6.45.job,dry-run,generated,
2L90,8.55,titration,/Dedicated/schnieders/maemmad/pKa_GNN/ffx_pipeline/data/sge_jobs/2L90_titrate_pH8.55.job,dry-run,generated,
2LZM,,rotamer,/Dedicated/schnieders/maemmad/pKa_GNN/ffx_pipeline/data/sge_jobs/2LZM_rotamer.job,dry-run,generated,
2LZM,3.94,titration,/Dedicated/schnieders/maemmad/pKa_GNN/ffx_pipeline/data/sge_jobs/2LZM_titrate_pH3.94.job,dry-run,generated,
2LZM,4.4,titration,/Dedicated/schnieders/maemmad/pKa_GNN/ffx_pipeline/data/sge_jobs/2LZM_titrate_pH4.4.job,dry-run,generated,
2LZM,6.45,titration,/Dedicated/schnieders/maemmad/pKa_GNN/ffx_pipeline/data/sge_jobs/2LZM_titrate_pH6.45.job,dry-run,generated,
2LZM,8.55,titration,/Dedicated/schnieders/maemmad/pKa_GNN/ffx_pipeline/data/sge_jobs/2LZM_titrate_pH8.55.job,dry-run,generated,
2O89,,rotamer,/Dedicated/schnieders/maemmad/pKa_GNN/ffx_pipeline/data/sge_jobs/2O89_rotamer.job,dry-run,generated,
2O89,3.94,titration,/Dedicated/schnieders/maemmad/pKa_GNN/ffx_pipeline/data/sge_jobs/2O89_titrate_pH3.94.job,dry-run,generated,
2O89,4.4,titration,/Dedicated/schnieders/maemmad/pKa_GNN/ffx_pipeline/data/sge_jobs/2O89_titrate_pH4.4.job,dry-run,generated,
2O89,6.45,titration,/Dedicated/schnieders/maemmad/pKa_GNN/ffx_pipeline/data/sge_jobs/2O89_titrate_pH6.45.job,dry-run,generated,
2O89,8.55,titration,/Dedicated/schnieders/maemmad/pKa_GNN/ffx_pipeline/data/sge_jobs/2O89_titrate_pH8.55.job,dry-run,generated,
2OEO,,rotamer,/Dedicated/schnieders/maemmad/pKa_GNN/ffx_pipeline/data/sge_jobs/2OEO_rotamer.job,dry-run,generated,
2OEO,3.94,titration,/Dedicated/schnieders/maemmad/pKa_GNN/ffx_pipeline/data/sge_jobs/2OEO_titrate_pH3.94.job,dry-run,generated,
2OEO,4.4,titration,/Dedicated/schnieders/maemmad/pKa_GNN/ffx_pipeline/data/sge_jobs/2OEO_titrate_pH4.4.job,dry-run,generated,
2OEO,6.45,titration,/Dedicated/schnieders/maemmad/pKa_GNN/ffx_pipeline/data/sge_jobs/2OEO_titrate_pH6.45.job,dry-run,generated,
2OEO,8.55,titration,/Dedicated/schnieders/maemmad/pKa_GNN/ffx_pipeline/data/sge_jobs/2OEO_titrate_pH8.55.job,dry-run,generated,
2OXP,,rotamer,/Dedicated/schnieders/maemmad/pKa_GNN/ffx_pipeline/data/sge_jobs/2OXP_rotamer.job,dry-run,generated,
2OXP,3.94,titration,/Dedicated/schnieders/maemmad/pKa_GNN/ffx_pipeline/data/sge_jobs/2OXP_titrate_pH3.94.job,dry-run,generated,
2OXP,4.4,titration,/Dedicated/schnieders/maemmad/pKa_GNN/ffx_pipeline/data/sge_jobs/2OXP_titrate_pH4.4.job,dry-run,generated,
2OXP,6.45,titration,/Dedicated/schnieders/maemmad/pKa_GNN/ffx_pipeline/data/sge_jobs/2OXP_titrate_pH6.45.job,dry-run,generated,
2OXP,8.55,titration,/Dedicated/schnieders/maemmad/pKa_GNN/ffx_pipeline/data/sge_jobs/2OXP_titrate_pH8.55.job,dry-run,generated,
2PPT,,rotamer,/Dedicated/schnieders/maemmad/pKa_GNN/ffx_pipeline/data/sge_jobs/2PPT_rotamer.job,dry-run,generated,
2PPT,3.94,titration,/Dedicated/schnieders/maemmad/pKa_GNN/ffx_pipeline/data/sge_jobs/2PPT_titrate_pH3.94.job,dry-run,generated,
2PPT,4.4,titration,/Dedicated/schnieders/maemmad/pKa_GNN/ffx_pipeline/data/sge_jobs/2PPT_titrate_pH4.4.job,dry-run,generated,
2PPT,6.45,titration,/Dedicated/schnieders/maemmad/pKa_GNN/ffx_pipeline/data/sge_jobs/2PPT_titrate_pH6.45.job,dry-run,generated,
2PPT,8.55,titration,/Dedicated/schnieders/maemmad/pKa_GNN/ffx_pipeline/data/sge_jobs/2PPT_titrate_pH8.55.job,dry-run,generated,
2RBM,,rotamer,/Dedicated/schnieders/maemmad/pKa_GNN/ffx_pipeline/data/sge_jobs/2RBM_rotamer.job,dry-run,generated,
2RBM,3.94,titration,/Dedicated/schnieders/maemmad/pKa_GNN/ffx_pipeline/data/sge_jobs/2RBM_titrate_pH3.94.job,dry-run,generated,
2RBM,4.4,titration,/Dedicated/schnieders/maemmad/pKa_GNN/ffx_pipeline/data/sge_jobs/2RBM_titrate_pH4.4.job,dry-run,generated,
2RBM,6.45,titration,/Dedicated/schnieders/maemmad/pKa_GNN/ffx_pipeline/data/sge_jobs/2RBM_titrate_pH6.45.job,dry-run,generated,
2RBM,8.55,titration,/Dedicated/schnieders/maemmad/pKa_GNN/ffx_pipeline/data/sge_jobs/2RBM_titrate_pH8.55.job,dry-run,generated,
2RKS,,rotamer,/Dedicated/schnieders/maemmad/pKa_GNN/ffx_pipeline/data/sge_jobs/2RKS_rotamer.job,dry-run,generated,
2RKS,3.94,titration,/Dedicated/schnieders/maemmad/pKa_GNN/ffx_pipeline/data/sge_jobs/2RKS_titrate_pH3.94.job,dry-run,generated,
2RKS,4.4,titration,/Dedicated/schnieders/maemmad/pKa_GNN/ffx_pipeline/data/sge_jobs/2RKS_titrate_pH4.4.job,dry-run,generated,
2RKS,6.45,titration,/Dedicated/schnieders/maemmad/pKa_GNN/ffx_pipeline/data/sge_jobs/2RKS_titrate_pH6.45.job,dry-run,generated,
2RKS,8.55,titration,/Dedicated/schnieders/maemmad/pKa_GNN/ffx_pipeline/data/sge_jobs/2RKS_titrate_pH8.55.job,dry-run,generated,
2RN2,,rotamer,/Dedicated/schnieders/maemmad/pKa_GNN/ffx_pipeline/data/sge_jobs/2RN2_rotamer.job,dry-run,generated,
2RN2,3.94,titration,/Dedicated/schnieders/maemmad/pKa_GNN/ffx_pipeline/data/sge_jobs/2RN2_titrate_pH3.94.job,dry-run,generated,
2RN2,4.4,titration,/Dedicated/schnieders/maemmad/pKa_GNN/ffx_pipeline/data/sge_jobs/2RN2_titrate_pH4.4.job,dry-run,generated,
2RN2,6.45,titration,/Dedicated/schnieders/maemmad/pKa_GNN/ffx_pipeline/data/sge_jobs/2RN2_titrate_pH6.45.job,dry-run,generated,
2RN2,8.55,titration,/Dedicated/schnieders/maemmad/pKa_GNN/ffx_pipeline/data/sge_jobs/2RN2_titrate_pH8.55.job,dry-run,generated,
2RVQ,,rotamer,/Dedicated/schnieders/maemmad/pKa_GNN/ffx_pipeline/data/sge_jobs/2RVQ_rotamer.job,dry-run,generated,
2RVQ,3.94,titration,/Dedicated/schnieders/maemmad/pKa_GNN/ffx_pipeline/data/sge_jobs/2RVQ_titrate_pH3.94.job,dry-run,generated,
2RVQ,4.4,titration,/Dedicated/schnieders/maemmad/pKa_GNN/ffx_pipeline/data/sge_jobs/2RVQ_titrate_pH4.4.job,dry-run,generated,
2RVQ,6.45,titration,/Dedicated/schnieders/maemmad/pKa_GNN/ffx_pipeline/data/sge_jobs/2RVQ_titrate_pH6.45.job,dry-run,generated,
2RVQ,8.55,titration,/Dedicated/schnieders/maemmad/pKa_GNN/ffx_pipeline/data/sge_jobs/2RVQ_titrate_pH8.55.job,dry-run,generated,
2TGA,,rotamer,/Dedicated/schnieders/maemmad/pKa_GNN/ffx_pipeline/data/sge_jobs/2TGA_rotamer.job,dry-run,generated,
2TGA,3.94,titration,/Dedicated/schnieders/maemmad/pKa_GNN/ffx_pipeline/data/sge_jobs/2TGA_titrate_pH3.94.job,dry-run,generated,
2TGA,4.4,titration,/Dedicated/schnieders/maemmad/pKa_GNN/ffx_pipeline/data/sge_jobs/2TGA_titrate_pH4.4.job,dry-run,generated,
2TGA,6.45,titration,/Dedicated/schnieders/maemmad/pKa_GNN/ffx_pipeline/data/sge_jobs/2TGA_titrate_pH6.45.job,dry-run,generated,
2TGA,8.55,titration,/Dedicated/schnieders/maemmad/pKa_GNN/ffx_pipeline/data/sge_jobs/2TGA_titrate_pH8.55.job,dry-run,generated,
2TRX,,rotamer,/Dedicated/schnieders/maemmad/pKa_GNN/ffx_pipeline/data/sge_jobs/2TRX_rotamer.job,dry-run,generated,
2TRX,3.94,titration,/Dedicated/schnieders/maemmad/pKa_GNN/ffx_pipeline/data/sge_jobs/2TRX_titrate_pH3.94.job,dry-run,generated,
2TRX,4.4,titration,/Dedicated/schnieders/maemmad/pKa_GNN/ffx_pipeline/data/sge_jobs/2TRX_titrate_pH4.4.job,dry-run,generated,
2TRX,6.45,titration,/Dedicated/schnieders/maemmad/pKa_GNN/ffx_pipeline/data/sge_jobs/2TRX_titrate_pH6.45.job,dry-run,generated,
2TRX,8.55,titration,/Dedicated/schnieders/maemmad/pKa_GNN/ffx_pipeline/data/sge_jobs/2TRX_titrate_pH8.55.job,dry-run,generated,
2V8N,,rotamer,/Dedicated/schnieders/maemmad/pKa_GNN/ffx_pipeline/data/sge_jobs/2V8N_rotamer.job,dry-run,generated,
2V8N,3.94,titration,/Dedicated/schnieders/maemmad/pKa_GNN/ffx_pipeline/data/sge_jobs/2V8N_titrate_pH3.94.job,dry-run,generated,
2V8N,4.4,titration,/Dedicated/schnieders/maemmad/pKa_GNN/ffx_pipeline/data/sge_jobs/2V8N_titrate_pH4.4.job,dry-run,generated,
2V8N,6.45,titration,/Dedicated/schnieders/maemmad/pKa_GNN/ffx_pipeline/data/sge_jobs/2V8N_titrate_pH6.45.job,dry-run,generated,
2V8N,8.55,titration,/Dedicated/schnieders/maemmad/pKa_GNN/ffx_pipeline/data/sge_jobs/2V8N_titrate_pH8.55.job,dry-run,generated,
2ZTA,,rotamer,/Dedicated/schnieders/maemmad/pKa_GNN/ffx_pipeline/data/sge_jobs/2ZTA_rotamer.job,dry-run,generated,
2ZTA,3.94,titration,/Dedicated/schnieders/maemmad/pKa_GNN/ffx_pipeline/data/sge_jobs/2ZTA_titrate_pH3.94.job,dry-run,generated,
2ZTA,4.4,titration,/Dedicated/schnieders/maemmad/pKa_GNN/ffx_pipeline/data/sge_jobs/2ZTA_titrate_pH4.4.job,dry-run,generated,
2ZTA,6.45,titration,/Dedicated/schnieders/maemmad/pKa_GNN/ffx_pipeline/data/sge_jobs/2ZTA_titrate_pH6.45.job,dry-run,generated,
2ZTA,8.55,titration,/Dedicated/schnieders/maemmad/pKa_GNN/ffx_pipeline/data/sge_jobs/2ZTA_titrate_pH8.55.job,dry-run,generated,
3BDC,,rotamer,/Dedicated/schnieders/maemmad/pKa_GNN/ffx_pipeline/data/sge_jobs/3BDC_rotamer.job,dry-run,generated,
3BDC,3.94,titration,/Dedicated/schnieders/maemmad/pKa_GNN/ffx_pipeline/data/sge_jobs/3BDC_titrate_pH3.94.job,dry-run,generated,
3BDC,4.4,titration,/Dedicated/schnieders/maemmad/pKa_GNN/ffx_pipeline/data/sge_jobs/3BDC_titrate_pH4.4.job,dry-run,generated,
3BDC,6.45,titration,/Dedicated/schnieders/maemmad/pKa_GNN/ffx_pipeline/data/sge_jobs/3BDC_titrate_pH6.45.job,dry-run,generated,
3BDC,8.55,titration,/Dedicated/schnieders/maemmad/pKa_GNN/ffx_pipeline/data/sge_jobs/3BDC_titrate_pH8.55.job,dry-run,generated,
3C1E,,rotamer,/Dedicated/schnieders/maemmad/pKa_GNN/ffx_pipeline/data/sge_jobs/3C1E_rotamer.job,dry-run,generated,
3C1E,3.94,titration,/Dedicated/schnieders/maemmad/pKa_GNN/ffx_pipeline/data/sge_jobs/3C1E_titrate_pH3.94.job,dry-run,generated,
3C1E,4.4,titration,/Dedicated/schnieders/maemmad/pKa_GNN/ffx_pipeline/data/sge_jobs/3C1E_titrate_pH4.4.job,dry-run,generated,
3C1E,6.45,titration,/Dedicated/schnieders/maemmad/pKa_GNN/ffx_pipeline/data/sge_jobs/3C1E_titrate_pH6.45.job,dry-run,generated,
3C1E,8.55,titration,/Dedicated/schnieders/maemmad/pKa_GNN/ffx_pipeline/data/sge_jobs/3C1E_titrate_pH8.55.job,dry-run,generated,
3C1F,,rotamer,/Dedicated/schnieders/maemmad/pKa_GNN/ffx_pipeline/data/sge_jobs/3C1F_rotamer.job,dry-run,generated,
3C1F,3.94,titration,/Dedicated/schnieders/maemmad/pKa_GNN/ffx_pipeline/data/sge_jobs/3C1F_titrate_pH3.94.job,dry-run,generated,
3C1F,4.4,titration,/Dedicated/schnieders/maemmad/pKa_GNN/ffx_pipeline/data/sge_jobs/3C1F_titrate_pH4.4.job,dry-run,generated,
3C1F,6.45,titration,/Dedicated/schnieders/maemmad/pKa_GNN/ffx_pipeline/data/sge_jobs/3C1F_titrate_pH6.45.job,dry-run,generated,
3C1F,8.55,titration,/Dedicated/schnieders/maemmad/pKa_GNN/ffx_pipeline/data/sge_jobs/3C1F_titrate_pH8.55.job,dry-run,generated,
3D4D,,rotamer,/Dedicated/schnieders/maemmad/pKa_GNN/ffx_pipeline/data/sge_jobs/3D4D_rotamer.job,dry-run,generated,
3D4D,3.94,titration,/Dedicated/schnieders/maemmad/pKa_GNN/ffx_pipeline/data/sge_jobs/3D4D_titrate_pH3.94.job,dry-run,generated,
3D4D,4.4,titration,/Dedicated/schnieders/maemmad/pKa_GNN/ffx_pipeline/data/sge_jobs/3D4D_titrate_pH4.4.job,dry-run,generated,
3D4D,6.45,titration,/Dedicated/schnieders/maemmad/pKa_GNN/ffx_pipeline/data/sge_jobs/3D4D_titrate_pH6.45.job,dry-run,generated,
3D4D,8.55,titration,/Dedicated/schnieders/maemmad/pKa_GNN/ffx_pipeline/data/sge_jobs/3D4D_titrate_pH8.55.job,dry-run,generated,
3DMU,,rotamer,/Dedicated/schnieders/maemmad/pKa_GNN/ffx_pipeline/data/sge_jobs/3DMU_rotamer.job,dry-run,generated,
3DMU,3.94,titration,/Dedicated/schnieders/maemmad/pKa_GNN/ffx_pipeline/data/sge_jobs/3DMU_titrate_pH3.94.job,dry-run,generated,
3DMU,4.4,titration,/Dedicated/schnieders/maemmad/pKa_GNN/ffx_pipeline/data/sge_jobs/3DMU_titrate_pH4.4.job,dry-run,generated,
3DMU,6.45,titration,/Dedicated/schnieders/maemmad/pKa_GNN/ffx_pipeline/data/sge_jobs/3DMU_titrate_pH6.45.job,dry-run,generated,
3DMU,8.55,titration,/Dedicated/schnieders/maemmad/pKa_GNN/ffx_pipeline/data/sge_jobs/3DMU_titrate_pH8.55.job,dry-run,generated,
3E5S,,rotamer,/Dedicated/schnieders/maemmad/pKa_GNN/ffx_pipeline/data/sge_jobs/3E5S_rotamer.job,dry-run,generated,
3E5S,3.94,titration,/Dedicated/schnieders/maemmad/pKa_GNN/ffx_pipeline/data/sge_jobs/3E5S_titrate_pH3.94.job,dry-run,generated,
3E5S,4.4,titration,/Dedicated/schnieders/maemmad/pKa_GNN/ffx_pipeline/data/sge_jobs/3E5S_titrate_pH4.4.job,dry-run,generated,
3E5S,6.45,titration,/Dedicated/schnieders/maemmad/pKa_GNN/ffx_pipeline/data/sge_jobs/3E5S_titrate_pH6.45.job,dry-run,generated,
3E5S,8.55,titration,/Dedicated/schnieders/maemmad/pKa_GNN/ffx_pipeline/data/sge_jobs/3E5S_titrate_pH8.55.job,dry-run,generated,
3EBX,,rotamer,/Dedicated/schnieders/maemmad/pKa_GNN/ffx_pipeline/data/sge_jobs/3EBX_rotamer.job,dry-run,generated,
3EBX,3.94,titration,/Dedicated/schnieders/maemmad/pKa_GNN/ffx_pipeline/data/sge_jobs/3EBX_titrate_pH3.94.job,dry-run,generated,
3EBX,4.4,titration,/Dedicated/schnieders/maemmad/pKa_GNN/ffx_pipeline/data/sge_jobs/3EBX_titrate_pH4.4.job,dry-run,generated,
3EBX,6.45,titration,/Dedicated/schnieders/maemmad/pKa_GNN/ffx_pipeline/data/sge_jobs/3EBX_titrate_pH6.45.job,dry-run,generated,
3EBX,8.55,titration,/Dedicated/schnieders/maemmad/pKa_GNN/ffx_pipeline/data/sge_jobs/3EBX_titrate_pH8.55.job,dry-run,generated,
3EJI,,rotamer,/Dedicated/schnieders/maemmad/pKa_GNN/ffx_pipeline/data/sge_jobs/3EJI_rotamer.job,dry-run,generated,
3EJI,3.94,titration,/Dedicated/schnieders/maemmad/pKa_GNN/ffx_pipeline/data/sge_jobs/3EJI_titrate_pH3.94.job,dry-run,generated,
3EJI,4.4,titration,/Dedicated/schnieders/maemmad/pKa_GNN/ffx_pipeline/data/sge_jobs/3EJI_titrate_pH4.4.job,dry-run,generated,
3EJI,6.45,titration,/Dedicated/schnieders/maemmad/pKa_GNN/ffx_pipeline/data/sge_jobs/3EJI_titrate_pH6.45.job,dry-run,generated,
3EJI,8.55,titration,/Dedicated/schnieders/maemmad/pKa_GNN/ffx_pipeline/data/sge_jobs/3EJI_titrate_pH8.55.job,dry-run,generated,
3ERO,,rotamer,/Dedicated/schnieders/maemmad/pKa_GNN/ffx_pipeline/data/sge_jobs/3ERO_rotamer.job,dry-run,generated,
3ERO,3.94,titration,/Dedicated/schnieders/maemmad/pKa_GNN/ffx_pipeline/data/sge_jobs/3ERO_titrate_pH3.94.job,dry-run,generated,
3ERO,4.4,titration,/Dedicated/schnieders/maemmad/pKa_GNN/ffx_pipeline/data/sge_jobs/3ERO_titrate_pH4.4.job,dry-run,generated,
3ERO,6.45,titration,/Dedicated/schnieders/maemmad/pKa_GNN/ffx_pipeline/data/sge_jobs/3ERO_titrate_pH6.45.job,dry-run,generated,
3ERO,8.55,titration,/Dedicated/schnieders/maemmad/pKa_GNN/ffx_pipeline/data/sge_jobs/3ERO_titrate_pH8.55.job,dry-run,generated,
3ERQ,,rotamer,/Dedicated/schnieders/maemmad/pKa_GNN/ffx_pipeline/data/sge_jobs/3ERQ_rotamer.job,dry-run,generated,
3ERQ,3.94,titration,/Dedicated/schnieders/maemmad/pKa_GNN/ffx_pipeline/data/sge_jobs/3ERQ_titrate_pH3.94.job,dry-run,generated,
3ERQ,4.4,titration,/Dedicated/schnieders/maemmad/pKa_GNN/ffx_pipeline/data/sge_jobs/3ERQ_titrate_pH4.4.job,dry-run,generated,
3ERQ,6.45,titration,/Dedicated/schnieders/maemmad/pKa_GNN/ffx_pipeline/data/sge_jobs/3ERQ_titrate_pH6.45.job,dry-run,generated,
3ERQ,8.55,titration,/Dedicated/schnieders/maemmad/pKa_GNN/ffx_pipeline/data/sge_jobs/3ERQ_titrate_pH8.55.job,dry-run,generated,
3EVQ,,rotamer,/Dedicated/schnieders/maemmad/pKa_GNN/ffx_pipeline/data/sge_jobs/3EVQ_rotamer.job,dry-run,generated,
3EVQ,3.94,titration,/Dedicated/schnieders/maemmad/pKa_GNN/ffx_pipeline/data/sge_jobs/3EVQ_titrate_pH3.94.job,dry-run,generated,
3EVQ,4.4,titration,/Dedicated/schnieders/maemmad/pKa_GNN/ffx_pipeline/data/sge_jobs/3EVQ_titrate_pH4.4.job,dry-run,generated,
3EVQ,6.45,titration,/Dedicated/schnieders/maemmad/pKa_GNN/ffx_pipeline/data/sge_jobs/3EVQ_titrate_pH6.45.job,dry-run,generated,
3EVQ,8.55,titration,/Dedicated/schnieders/maemmad/pKa_GNN/ffx_pipeline/data/sge_jobs/3EVQ_titrate_pH8.55.job,dry-run,generated,
3FT7,,rotamer,/Dedicated/schnieders/maemmad/pKa_GNN/ffx_pipeline/data/sge_jobs/3FT7_rotamer.job,dry-run,generated,
3FT7,3.94,titration,/Dedicated/schnieders/maemmad/pKa_GNN/ffx_pipeline/data/sge_jobs/3FT7_titrate_pH3.94.job,dry-run,generated,
3FT7,4.4,titration,/Dedicated/schnieders/maemmad/pKa_GNN/ffx_pipeline/data/sge_jobs/3FT7_titrate_pH4.4.job,dry-run,generated,
3FT7,6.45,titration,/Dedicated/schnieders/maemmad/pKa_GNN/ffx_pipeline/data/sge_jobs/3FT7_titrate_pH6.45.job,dry-run,generated,
3FT7,8.55,titration,/Dedicated/schnieders/maemmad/pKa_GNN/ffx_pipeline/data/sge_jobs/3FT7_titrate_pH8.55.job,dry-run,generated,
3FX5,,rotamer,/Dedicated/schnieders/maemmad/pKa_GNN/ffx_pipeline/data/sge_jobs/3FX5_rotamer.job,dry-run,generated,
3FX5,3.94,titration,/Dedicated/schnieders/maemmad/pKa_GNN/ffx_pipeline/data/sge_jobs/3FX5_titrate_pH3.94.job,dry-run,generated,
3FX5,4.4,titration,/Dedicated/schnieders/maemmad/pKa_GNN/ffx_pipeline/data/sge_jobs/3FX5_titrate_pH4.4.job,dry-run,generated,
3FX5,6.45,titration,/Dedicated/schnieders/maemmad/pKa_GNN/ffx_pipeline/data/sge_jobs/3FX5_titrate_pH6.45.job,dry-run,generated,
3FX5,8.55,titration,/Dedicated/schnieders/maemmad/pKa_GNN/ffx_pipeline/data/sge_jobs/3FX5_titrate_pH8.55.job,dry-run,generated,
3H6M,,rotamer,/Dedicated/schnieders/maemmad/pKa_GNN/ffx_pipeline/data/sge_jobs/3H6M_rotamer.job,dry-run,generated,
3H6M,3.94,titration,/Dedicated/schnieders/maemmad/pKa_GNN/ffx_pipeline/data/sge_jobs/3H6M_titrate_pH3.94.job,dry-run,generated,
3H6M,4.4,titration,/Dedicated/schnieders/maemmad/pKa_GNN/ffx_pipeline/data/sge_jobs/3H6M_titrate_pH4.4.job,dry-run,generated,
3H6M,6.45,titration,/Dedicated/schnieders/maemmad/pKa_GNN/ffx_pipeline/data/sge_jobs/3H6M_titrate_pH6.45.job,dry-run,generated,
3H6M,8.55,titration,/Dedicated/schnieders/maemmad/pKa_GNN/ffx_pipeline/data/sge_jobs/3H6M_titrate_pH8.55.job,dry-run,generated,
3HZX,,rotamer,/Dedicated/schnieders/maemmad/pKa_GNN/ffx_pipeline/data/sge_jobs/3HZX_rotamer.job,dry-run,generated,
3HZX,3.94,titration,/Dedicated/schnieders/maemmad/pKa_GNN/ffx_pipeline/data/sge_jobs/3HZX_titrate_pH3.94.job,dry-run,generated,
3HZX,4.4,titration,/Dedicated/schnieders/maemmad/pKa_GNN/ffx_pipeline/data/sge_jobs/3HZX_titrate_pH4.4.job,dry-run,generated,
3HZX,6.45,titration,/Dedicated/schnieders/maemmad/pKa_GNN/ffx_pipeline/data/sge_jobs/3HZX_titrate_pH6.45.job,dry-run,generated,
3HZX,8.55,titration,/Dedicated/schnieders/maemmad/pKa_GNN/ffx_pipeline/data/sge_jobs/3HZX_titrate_pH8.55.job,dry-run,generated,
3ITP,,rotamer,/Dedicated/schnieders/maemmad/pKa_GNN/ffx_pipeline/data/sge_jobs/3ITP_rotamer.job,dry-run,generated,
3ITP,3.94,titration,/Dedicated/schnieders/maemmad/pKa_GNN/ffx_pipeline/data/sge_jobs/3ITP_titrate_pH3.94.job,dry-run,generated,
3ITP,4.4,titration,/Dedicated/schnieders/maemmad/pKa_GNN/ffx_pipeline/data/sge_jobs/3ITP_titrate_pH4.4.job,dry-run,generated,
3ITP,6.45,titration,/Dedicated/schnieders/maemmad/pKa_GNN/ffx_pipeline/data/sge_jobs/3ITP_titrate_pH6.45.job,dry-run,generated,
3ITP,8.55,titration,/Dedicated/schnieders/maemmad/pKa_GNN/ffx_pipeline/data/sge_jobs/3ITP_titrate_pH8.55.job,dry-run,generated,
3P75,,rotamer,/Dedicated/schnieders/maemmad/pKa_GNN/ffx_pipeline/data/sge_jobs/3P75_rotamer.job,dry-run,generated,
3P75,3.94,titration,/Dedicated/schnieders/maemmad/pKa_GNN/ffx_pipeline/data/sge_jobs/3P75_titrate_pH3.94.job,dry-run,generated,
3P75,4.4,titration,/Dedicated/schnieders/maemmad/pKa_GNN/ffx_pipeline/data/sge_jobs/3P75_titrate_pH4.4.job,dry-run,generated,
3P75,6.45,titration,/Dedicated/schnieders/maemmad/pKa_GNN/ffx_pipeline/data/sge_jobs/3P75_titrate_pH6.45.job,dry-run,generated,
3P75,8.55,titration,/Dedicated/schnieders/maemmad/pKa_GNN/ffx_pipeline/data/sge_jobs/3P75_titrate_pH8.55.job,dry-run,generated,
3QOJ,,rotamer,/Dedicated/schnieders/maemmad/pKa_GNN/ffx_pipeline/data/sge_jobs/3QOJ_rotamer.job,dry-run,generated,
3QOJ,3.94,titration,/Dedicated/schnieders/maemmad/pKa_GNN/ffx_pipeline/data/sge_jobs/3QOJ_titrate_pH3.94.job,dry-run,generated,
3QOJ,4.4,titration,/Dedicated/schnieders/maemmad/pKa_GNN/ffx_pipeline/data/sge_jobs/3QOJ_titrate_pH4.4.job,dry-run,generated,
3QOJ,6.45,titration,/Dedicated/schnieders/maemmad/pKa_GNN/ffx_pipeline/data/sge_jobs/3QOJ_titrate_pH6.45.job,dry-run,generated,
3QOJ,8.55,titration,/Dedicated/schnieders/maemmad/pKa_GNN/ffx_pipeline/data/sge_jobs/3QOJ_titrate_pH8.55.job,dry-run,generated,
3QOL,,rotamer,/Dedicated/schnieders/maemmad/pKa_GNN/ffx_pipeline/data/sge_jobs/3QOL_rotamer.job,dry-run,generated,
3QOL,3.94,titration,/Dedicated/schnieders/maemmad/pKa_GNN/ffx_pipeline/data/sge_jobs/3QOL_titrate_pH3.94.job,dry-run,generated,
3QOL,4.4,titration,/Dedicated/schnieders/maemmad/pKa_GNN/ffx_pipeline/data/sge_jobs/3QOL_titrate_pH4.4.job,dry-run,generated,
3QOL,6.45,titration,/Dedicated/schnieders/maemmad/pKa_GNN/ffx_pipeline/data/sge_jobs/3QOL_titrate_pH6.45.job,dry-run,generated,
3QOL,8.55,titration,/Dedicated/schnieders/maemmad/pKa_GNN/ffx_pipeline/data/sge_jobs/3QOL_titrate_pH8.55.job,dry-run,generated,
3RUZ,,rotamer,/Dedicated/schnieders/maemmad/pKa_GNN/ffx_pipeline/data/sge_jobs/3RUZ_rotamer.job,dry-run,generated,
3RUZ,3.94,titration,/Dedicated/schnieders/maemmad/pKa_GNN/ffx_pipeline/data/sge_jobs/3RUZ_titrate_pH3.94.job,dry-run,generated,
3RUZ,4.4,titration,/Dedicated/schnieders/maemmad/pKa_GNN/ffx_pipeline/data/sge_jobs/3RUZ_titrate_pH4.4.job,dry-run,generated,
3RUZ,6.45,titration,/Dedicated/schnieders/maemmad/pKa_GNN/ffx_pipeline/data/sge_jobs/3RUZ_titrate_pH6.45.job,dry-run,generated,
3RUZ,8.55,titration,/Dedicated/schnieders/maemmad/pKa_GNN/ffx_pipeline/data/sge_jobs/3RUZ_titrate_pH8.55.job,dry-run,generated,
3SK5,,rotamer,/Dedicated/schnieders/maemmad/pKa_GNN/ffx_pipeline/data/sge_jobs/3SK5_rotamer.job,dry-run,generated,
3SK5,3.94,titration,/Dedicated/schnieders/maemmad/pKa_GNN/ffx_pipeline/data/sge_jobs/3SK5_titrate_pH3.94.job,dry-run,generated,
3SK5,4.4,titration,/Dedicated/schnieders/maemmad/pKa_GNN/ffx_pipeline/data/sge_jobs/3SK5_titrate_pH4.4.job,dry-run,generated,
3SK5,6.45,titration,/Dedicated/schnieders/maemmad/pKa_GNN/ffx_pipeline/data/sge_jobs/3SK5_titrate_pH6.45.job,dry-run,generated,
3SK5,8.55,titration,/Dedicated/schnieders/maemmad/pKa_GNN/ffx_pipeline/data/sge_jobs/3SK5_titrate_pH8.55.job,dry-run,generated,
3SSI,,rotamer,/Dedicated/schnieders/maemmad/pKa_GNN/ffx_pipeline/data/sge_jobs/3SSI_rotamer.job,dry-run,generated,
3SSI,3.94,titration,/Dedicated/schnieders/maemmad/pKa_GNN/ffx_pipeline/data/sge_jobs/3SSI_titrate_pH3.94.job,dry-run,generated,
3SSI,4.4,titration,/Dedicated/schnieders/maemmad/pKa_GNN/ffx_pipeline/data/sge_jobs/3SSI_titrate_pH4.4.job,dry-run,generated,
3SSI,6.45,titration,/Dedicated/schnieders/maemmad/pKa_GNN/ffx_pipeline/data/sge_jobs/3SSI_titrate_pH6.45.job,dry-run,generated,
3SSI,8.55,titration,/Dedicated/schnieders/maemmad/pKa_GNN/ffx_pipeline/data/sge_jobs/3SSI_titrate_pH8.55.job,dry-run,generated,
3TP7,,rotamer,/Dedicated/schnieders/maemmad/pKa_GNN/ffx_pipeline/data/sge_jobs/3TP7_rotamer.job,dry-run,generated,
3TP7,3.94,titration,/Dedicated/schnieders/maemmad/pKa_GNN/ffx_pipeline/data/sge_jobs/3TP7_titrate_pH3.94.job,dry-run,generated,
3TP7,4.4,titration,/Dedicated/schnieders/maemmad/pKa_GNN/ffx_pipeline/data/sge_jobs/3TP7_titrate_pH4.4.job,dry-run,generated,
3TP7,6.45,titration,/Dedicated/schnieders/maemmad/pKa_GNN/ffx_pipeline/data/sge_jobs/3TP7_titrate_pH6.45.job,dry-run,generated,
3TP7,8.55,titration,/Dedicated/schnieders/maemmad/pKa_GNN/ffx_pipeline/data/sge_jobs/3TP7_titrate_pH8.55.job,dry-run,generated,
3TP8,,rotamer,/Dedicated/schnieders/maemmad/pKa_GNN/ffx_pipeline/data/sge_jobs/3TP8_rotamer.job,dry-run,generated,
3TP8,3.94,titration,/Dedicated/schnieders/maemmad/pKa_GNN/ffx_pipeline/data/sge_jobs/3TP8_titrate_pH3.94.job,dry-run,generated,
3TP8,4.4,titration,/Dedicated/schnieders/maemmad/pKa_GNN/ffx_pipeline/data/sge_jobs/3TP8_titrate_pH4.4.job,dry-run,generated,
3TP8,6.45,titration,/Dedicated/schnieders/maemmad/pKa_GNN/ffx_pipeline/data/sge_jobs/3TP8_titrate_pH6.45.job,dry-run,generated,
3TP8,8.55,titration,/Dedicated/schnieders/maemmad/pKa_GNN/ffx_pipeline/data/sge_jobs/3TP8_titrate_pH8.55.job,dry-run,generated,
3WU2,,rotamer,/Dedicated/schnieders/maemmad/pKa_GNN/ffx_pipeline/data/sge_jobs/3WU2_rotamer.job,dry-run,generated,
3WU2,3.94,titration,/Dedicated/schnieders/maemmad/pKa_GNN/ffx_pipeline/data/sge_jobs/3WU2_titrate_pH3.94.job,dry-run,generated,
3WU2,4.4,titration,/Dedicated/schnieders/maemmad/pKa_GNN/ffx_pipeline/data/sge_jobs/3WU2_titrate_pH4.4.job,dry-run,generated,
3WU2,6.45,titration,/Dedicated/schnieders/maemmad/pKa_GNN/ffx_pipeline/data/sge_jobs/3WU2_titrate_pH6.45.job,dry-run,generated,
3WU2,8.55,titration,/Dedicated/schnieders/maemmad/pKa_GNN/ffx_pipeline/data/sge_jobs/3WU2_titrate_pH8.55.job,dry-run,generated,
4BYA,,rotamer,/Dedicated/schnieders/maemmad/pKa_GNN/ffx_pipeline/data/sge_jobs/4BYA_rotamer.job,dry-run,generated,
4BYA,3.94,titration,/Dedicated/schnieders/maemmad/pKa_GNN/ffx_pipeline/data/sge_jobs/4BYA_titrate_pH3.94.job,dry-run,generated,
4BYA,4.4,titration,/Dedicated/schnieders/maemmad/pKa_GNN/ffx_pipeline/data/sge_jobs/4BYA_titrate_pH4.4.job,dry-run,generated,
4BYA,6.45,titration,/Dedicated/schnieders/maemmad/pKa_GNN/ffx_pipeline/data/sge_jobs/4BYA_titrate_pH6.45.job,dry-run,generated,
4BYA,8.55,titration,/Dedicated/schnieders/maemmad/pKa_GNN/ffx_pipeline/data/sge_jobs/4BYA_titrate_pH8.55.job,dry-run,generated,
4EQP,,rotamer,/Dedicated/schnieders/maemmad/pKa_GNN/ffx_pipeline/data/sge_jobs/4EQP_rotamer.job,dry-run,generated,
4EQP,3.94,titration,/Dedicated/schnieders/maemmad/pKa_GNN/ffx_pipeline/data/sge_jobs/4EQP_titrate_pH3.94.job,dry-run,generated,
4EQP,4.4,titration,/Dedicated/schnieders/maemmad/pKa_GNN/ffx_pipeline/data/sge_jobs/4EQP_titrate_pH4.4.job,dry-run,generated,
4EQP,6.45,titration,/Dedicated/schnieders/maemmad/pKa_GNN/ffx_pipeline/data/sge_jobs/4EQP_titrate_pH6.45.job,dry-run,generated,
4EQP,8.55,titration,/Dedicated/schnieders/maemmad/pKa_GNN/ffx_pipeline/data/sge_jobs/4EQP_titrate_pH8.55.job,dry-run,generated,
4HHB,,rotamer,/Dedicated/schnieders/maemmad/pKa_GNN/ffx_pipeline/data/sge_jobs/4HHB_rotamer.job,dry-run,generated,
4HHB,3.94,titration,/Dedicated/schnieders/maemmad/pKa_GNN/ffx_pipeline/data/sge_jobs/4HHB_titrate_pH3.94.job,dry-run,generated,
4HHB,4.4,titration,/Dedicated/schnieders/maemmad/pKa_GNN/ffx_pipeline/data/sge_jobs/4HHB_titrate_pH4.4.job,dry-run,generated,
4HHB,6.45,titration,/Dedicated/schnieders/maemmad/pKa_GNN/ffx_pipeline/data/sge_jobs/4HHB_titrate_pH6.45.job,dry-run,generated,
4HHB,8.55,titration,/Dedicated/schnieders/maemmad/pKa_GNN/ffx_pipeline/data/sge_jobs/4HHB_titrate_pH8.55.job,dry-run,generated,
4HMI,,rotamer,/Dedicated/schnieders/maemmad/pKa_GNN/ffx_pipeline/data/sge_jobs/4HMI_rotamer.job,dry-run,generated,
4HMI,3.94,titration,/Dedicated/schnieders/maemmad/pKa_GNN/ffx_pipeline/data/sge_jobs/4HMI_titrate_pH3.94.job,dry-run,generated,
4HMI,4.4,titration,/Dedicated/schnieders/maemmad/pKa_GNN/ffx_pipeline/data/sge_jobs/4HMI_titrate_pH4.4.job,dry-run,generated,
4HMI,6.45,titration,/Dedicated/schnieders/maemmad/pKa_GNN/ffx_pipeline/data/sge_jobs/4HMI_titrate_pH6.45.job,dry-run,generated,
4HMI,8.55,titration,/Dedicated/schnieders/maemmad/pKa_GNN/ffx_pipeline/data/sge_jobs/4HMI_titrate_pH8.55.job,dry-run,generated,
4HMJ,,rotamer,/Dedicated/schnieders/maemmad/pKa_GNN/ffx_pipeline/data/sge_jobs/4HMJ_rotamer.job,dry-run,generated,
4HMJ,3.94,titration,/Dedicated/schnieders/maemmad/pKa_GNN/ffx_pipeline/data/sge_jobs/4HMJ_titrate_pH3.94.job,dry-run,generated,
4HMJ,4.4,titration,/Dedicated/schnieders/maemmad/pKa_GNN/ffx_pipeline/data/sge_jobs/4HMJ_titrate_pH4.4.job,dry-run,generated,
4HMJ,6.45,titration,/Dedicated/schnieders/maemmad/pKa_GNN/ffx_pipeline/data/sge_jobs/4HMJ_titrate_pH6.45.job,dry-run,generated,
4HMJ,8.55,titration,/Dedicated/schnieders/maemmad/pKa_GNN/ffx_pipeline/data/sge_jobs/4HMJ_titrate_pH8.55.job,dry-run,generated,
4ICB,,rotamer,/Dedicated/schnieders/maemmad/pKa_GNN/ffx_pipeline/data/sge_jobs/4ICB_rotamer.job,dry-run,generated,
4ICB,3.94,titration,/Dedicated/schnieders/maemmad/pKa_GNN/ffx_pipeline/data/sge_jobs/4ICB_titrate_pH3.94.job,dry-run,generated,
4ICB,4.4,titration,/Dedicated/schnieders/maemmad/pKa_GNN/ffx_pipeline/data/sge_jobs/4ICB_titrate_pH4.4.job,dry-run,generated,
4ICB,6.45,titration,/Dedicated/schnieders/maemmad/pKa_GNN/ffx_pipeline/data/sge_jobs/4ICB_titrate_pH6.45.job,dry-run,generated,
4ICB,8.55,titration,/Dedicated/schnieders/maemmad/pKa_GNN/ffx_pipeline/data/sge_jobs/4ICB_titrate_pH8.55.job,dry-run,generated,
4KY5,,rotamer,/Dedicated/schnieders/maemmad/pKa_GNN/ffx_pipeline/data/sge_jobs/4KY5_rotamer.job,dry-run,generated,
4KY5,3.94,titration,/Dedicated/schnieders/maemmad/pKa_GNN/ffx_pipeline/data/sge_jobs/4KY5_titrate_pH3.94.job,dry-run,generated,
4KY5,4.4,titration,/Dedicated/schnieders/maemmad/pKa_GNN/ffx_pipeline/data/sge_jobs/4KY5_titrate_pH4.4.job,dry-run,generated,
4KY5,6.45,titration,/Dedicated/schnieders/maemmad/pKa_GNN/ffx_pipeline/data/sge_jobs/4KY5_titrate_pH6.45.job,dry-run,generated,
4KY5,8.55,titration,/Dedicated/schnieders/maemmad/pKa_GNN/ffx_pipeline/data/sge_jobs/4KY5_titrate_pH8.55.job,dry-run,generated,
4KY6,,rotamer,/Dedicated/schnieders/maemmad/pKa_GNN/ffx_pipeline/data/sge_jobs/4KY6_rotamer.job,dry-run,generated,
4KY6,3.94,titration,/Dedicated/schnieders/maemmad/pKa_GNN/ffx_pipeline/data/sge_jobs/4KY6_titrate_pH3.94.job,dry-run,generated,
4KY6,4.4,titration,/Dedicated/schnieders/maemmad/pKa_GNN/ffx_pipeline/data/sge_jobs/4KY6_titrate_pH4.4.job,dry-run,generated,
4KY6,6.45,titration,/Dedicated/schnieders/maemmad/pKa_GNN/ffx_pipeline/data/sge_jobs/4KY6_titrate_pH6.45.job,dry-run,generated,
4KY6,8.55,titration,/Dedicated/schnieders/maemmad/pKa_GNN/ffx_pipeline/data/sge_jobs/4KY6_titrate_pH8.55.job,dry-run,generated,
4KY7,,rotamer,/Dedicated/schnieders/maemmad/pKa_GNN/ffx_pipeline/data/sge_jobs/4KY7_rotamer.job,dry-run,generated,
4KY7,3.94,titration,/Dedicated/schnieders/maemmad/pKa_GNN/ffx_pipeline/data/sge_jobs/4KY7_titrate_pH3.94.job,dry-run,generated,
4KY7,4.4,titration,/Dedicated/schnieders/maemmad/pKa_GNN/ffx_pipeline/data/sge_jobs/4KY7_titrate_pH4.4.job,dry-run,generated,
4KY7,6.45,titration,/Dedicated/schnieders/maemmad/pKa_GNN/ffx_pipeline/data/sge_jobs/4KY7_titrate_pH6.45.job,dry-run,generated,
4KY7,8.55,titration,/Dedicated/schnieders/maemmad/pKa_GNN/ffx_pipeline/data/sge_jobs/4KY7_titrate_pH8.55.job,dry-run,generated,
4LZT,,rotamer,/Dedicated/schnieders/maemmad/pKa_GNN/ffx_pipeline/data/sge_jobs/4LZT_rotamer.job,dry-run,generated,
4LZT,3.94,titration,/Dedicated/schnieders/maemmad/pKa_GNN/ffx_pipeline/data/sge_jobs/4LZT_titrate_pH3.94.job,dry-run,generated,
4LZT,4.4,titration,/Dedicated/schnieders/maemmad/pKa_GNN/ffx_pipeline/data/sge_jobs/4LZT_titrate_pH4.4.job,dry-run,generated,
4LZT,6.45,titration,/Dedicated/schnieders/maemmad/pKa_GNN/ffx_pipeline/data/sge_jobs/4LZT_titrate_pH6.45.job,dry-run,generated,
4LZT,8.55,titration,/Dedicated/schnieders/maemmad/pKa_GNN/ffx_pipeline/data/sge_jobs/4LZT_titrate_pH8.55.job,dry-run,generated,
4MA9,,rotamer,/Dedicated/schnieders/maemmad/pKa_GNN/ffx_pipeline/data/sge_jobs/4MA9_rotamer.job,dry-run,generated,
4MA9,3.94,titration,/Dedicated/schnieders/maemmad/pKa_GNN/ffx_pipeline/data/sge_jobs/4MA9_titrate_pH3.94.job,dry-run,generated,
4MA9,4.4,titration,/Dedicated/schnieders/maemmad/pKa_GNN/ffx_pipeline/data/sge_jobs/4MA9_titrate_pH4.4.job,dry-run,generated,
4MA9,6.45,titration,/Dedicated/schnieders/maemmad/pKa_GNN/ffx_pipeline/data/sge_jobs/4MA9_titrate_pH6.45.job,dry-run,generated,
4MA9,8.55,titration,/Dedicated/schnieders/maemmad/pKa_GNN/ffx_pipeline/data/sge_jobs/4MA9_titrate_pH8.55.job,dry-run,generated,
4PTI,,rotamer,/Dedicated/schnieders/maemmad/pKa_GNN/ffx_pipeline/data/sge_jobs/4PTI_rotamer.job,dry-run,generated,
4PTI,3.94,titration,/Dedicated/schnieders/maemmad/pKa_GNN/ffx_pipeline/data/sge_jobs/4PTI_titrate_pH3.94.job,dry-run,generated,
4PTI,4.4,titration,/Dedicated/schnieders/maemmad/pKa_GNN/ffx_pipeline/data/sge_jobs/4PTI_titrate_pH4.4.job,dry-run,generated,
4PTI,6.45,titration,/Dedicated/schnieders/maemmad/pKa_GNN/ffx_pipeline/data/sge_jobs/4PTI_titrate_pH6.45.job,dry-run,generated,
4PTI,8.55,titration,/Dedicated/schnieders/maemmad/pKa_GNN/ffx_pipeline/data/sge_jobs/4PTI_titrate_pH8.55.job,dry-run,generated,
4QYT,,rotamer,/Dedicated/schnieders/maemmad/pKa_GNN/ffx_pipeline/data/sge_jobs/4QYT_rotamer.job,dry-run,generated,
4QYT,3.94,titration,/Dedicated/schnieders/maemmad/pKa_GNN/ffx_pipeline/data/sge_jobs/4QYT_titrate_pH3.94.job,dry-run,generated,
4QYT,4.4,titration,/Dedicated/schnieders/maemmad/pKa_GNN/ffx_pipeline/data/sge_jobs/4QYT_titrate_pH4.4.job,dry-run,generated,
4QYT,6.45,titration,/Dedicated/schnieders/maemmad/pKa_GNN/ffx_pipeline/data/sge_jobs/4QYT_titrate_pH6.45.job,dry-run,generated,
4QYT,8.55,titration,/Dedicated/schnieders/maemmad/pKa_GNN/ffx_pipeline/data/sge_jobs/4QYT_titrate_pH8.55.job,dry-run,generated,
4XLL,,rotamer,/Dedicated/schnieders/maemmad/pKa_GNN/ffx_pipeline/data/sge_jobs/4XLL_rotamer.job,dry-run,generated,
4XLL,3.94,titration,/Dedicated/schnieders/maemmad/pKa_GNN/ffx_pipeline/data/sge_jobs/4XLL_titrate_pH3.94.job,dry-run,generated,
4XLL,4.4,titration,/Dedicated/schnieders/maemmad/pKa_GNN/ffx_pipeline/data/sge_jobs/4XLL_titrate_pH4.4.job,dry-run,generated,
4XLL,6.45,titration,/Dedicated/schnieders/maemmad/pKa_GNN/ffx_pipeline/data/sge_jobs/4XLL_titrate_pH6.45.job,dry-run,generated,
4XLL,8.55,titration,/Dedicated/schnieders/maemmad/pKa_GNN/ffx_pipeline/data/sge_jobs/4XLL_titrate_pH8.55.job,dry-run,generated,
4YIJ,,rotamer,/Dedicated/schnieders/maemmad/pKa_GNN/ffx_pipeline/data/sge_jobs/4YIJ_rotamer.job,dry-run,generated,
4YIJ,3.94,titration,/Dedicated/schnieders/maemmad/pKa_GNN/ffx_pipeline/data/sge_jobs/4YIJ_titrate_pH3.94.job,dry-run,generated,
4YIJ,4.4,titration,/Dedicated/schnieders/maemmad/pKa_GNN/ffx_pipeline/data/sge_jobs/4YIJ_titrate_pH4.4.job,dry-run,generated,
4YIJ,6.45,titration,/Dedicated/schnieders/maemmad/pKa_GNN/ffx_pipeline/data/sge_jobs/4YIJ_titrate_pH6.45.job,dry-run,generated,
4YIJ,8.55,titration,/Dedicated/schnieders/maemmad/pKa_GNN/ffx_pipeline/data/sge_jobs/4YIJ_titrate_pH8.55.job,dry-run,generated,
5DEH,,rotamer,/Dedicated/schnieders/maemmad/pKa_GNN/ffx_pipeline/data/sge_jobs/5DEH_rotamer.job,dry-run,generated,
5DEH,3.94,titration,/Dedicated/schnieders/maemmad/pKa_GNN/ffx_pipeline/data/sge_jobs/5DEH_titrate_pH3.94.job,dry-run,generated,
5DEH,4.4,titration,/Dedicated/schnieders/maemmad/pKa_GNN/ffx_pipeline/data/sge_jobs/5DEH_titrate_pH4.4.job,dry-run,generated,
5DEH,6.45,titration,/Dedicated/schnieders/maemmad/pKa_GNN/ffx_pipeline/data/sge_jobs/5DEH_titrate_pH6.45.job,dry-run,generated,
5DEH,8.55,titration,/Dedicated/schnieders/maemmad/pKa_GNN/ffx_pipeline/data/sge_jobs/5DEH_titrate_pH8.55.job,dry-run,generated,
5E1F,,rotamer,/Dedicated/schnieders/maemmad/pKa_GNN/ffx_pipeline/data/sge_jobs/5E1F_rotamer.job,dry-run,generated,
5E1F,3.94,titration,/Dedicated/schnieders/maemmad/pKa_GNN/ffx_pipeline/data/sge_jobs/5E1F_titrate_pH3.94.job,dry-run,generated,
5E1F,4.4,titration,/Dedicated/schnieders/maemmad/pKa_GNN/ffx_pipeline/data/sge_jobs/5E1F_titrate_pH4.4.job,dry-run,generated,
5E1F,6.45,titration,/Dedicated/schnieders/maemmad/pKa_GNN/ffx_pipeline/data/sge_jobs/5E1F_titrate_pH6.45.job,dry-run,generated,
5E1F,8.55,titration,/Dedicated/schnieders/maemmad/pKa_GNN/ffx_pipeline/data/sge_jobs/5E1F_titrate_pH8.55.job,dry-run,generated,
5E3F,,rotamer,/Dedicated/schnieders/maemmad/pKa_GNN/ffx_pipeline/data/sge_jobs/5E3F_rotamer.job,dry-run,generated,
5E3F,3.94,titration,/Dedicated/schnieders/maemmad/pKa_GNN/ffx_pipeline/data/sge_jobs/5E3F_titrate_pH3.94.job,dry-run,generated,
5E3F,4.4,titration,/Dedicated/schnieders/maemmad/pKa_GNN/ffx_pipeline/data/sge_jobs/5E3F_titrate_pH4.4.job,dry-run,generated,
5E3F,6.45,titration,/Dedicated/schnieders/maemmad/pKa_GNN/ffx_pipeline/data/sge_jobs/5E3F_titrate_pH6.45.job,dry-run,generated,
5E3F,8.55,titration,/Dedicated/schnieders/maemmad/pKa_GNN/ffx_pipeline/data/sge_jobs/5E3F_titrate_pH8.55.job,dry-run,generated,
5EGT,,rotamer,/Dedicated/schnieders/maemmad/pKa_GNN/ffx_pipeline/data/sge_jobs/5EGT_rotamer.job,dry-run,generated,
5EGT,3.94,titration,/Dedicated/schnieders/maemmad/pKa_GNN/ffx_pipeline/data/sge_jobs/5EGT_titrate_pH3.94.job,dry-run,generated,
5EGT,4.4,titration,/Dedicated/schnieders/maemmad/pKa_GNN/ffx_pipeline/data/sge_jobs/5EGT_titrate_pH4.4.job,dry-run,generated,
5EGT,6.45,titration,/Dedicated/schnieders/maemmad/pKa_GNN/ffx_pipeline/data/sge_jobs/5EGT_titrate_pH6.45.job,dry-run,generated,
5EGT,8.55,titration,/Dedicated/schnieders/maemmad/pKa_GNN/ffx_pipeline/data/sge_jobs/5EGT_titrate_pH8.55.job,dry-run,generated,
5I6W,,rotamer,/Dedicated/schnieders/maemmad/pKa_GNN/ffx_pipeline/data/sge_jobs/5I6W_rotamer.job,dry-run,generated,
5I6W,3.94,titration,/Dedicated/schnieders/maemmad/pKa_GNN/ffx_pipeline/data/sge_jobs/5I6W_titrate_pH3.94.job,dry-run,generated,
5I6W,4.4,titration,/Dedicated/schnieders/maemmad/pKa_GNN/ffx_pipeline/data/sge_jobs/5I6W_titrate_pH4.4.job,dry-run,generated,
5I6W,6.45,titration,/Dedicated/schnieders/maemmad/pKa_GNN/ffx_pipeline/data/sge_jobs/5I6W_titrate_pH6.45.job,dry-run,generated,
5I6W,8.55,titration,/Dedicated/schnieders/maemmad/pKa_GNN/ffx_pipeline/data/sge_jobs/5I6W_titrate_pH8.55.job,dry-run,generated,
5I6Y,,rotamer,/Dedicated/schnieders/maemmad/pKa_GNN/ffx_pipeline/data/sge_jobs/5I6Y_rotamer.job,dry-run,generated,
5I6Y,3.94,titration,/Dedicated/schnieders/maemmad/pKa_GNN/ffx_pipeline/data/sge_jobs/5I6Y_titrate_pH3.94.job,dry-run,generated,
5I6Y,4.4,titration,/Dedicated/schnieders/maemmad/pKa_GNN/ffx_pipeline/data/sge_jobs/5I6Y_titrate_pH4.4.job,dry-run,generated,
5I6Y,6.45,titration,/Dedicated/schnieders/maemmad/pKa_GNN/ffx_pipeline/data/sge_jobs/5I6Y_titrate_pH6.45.job,dry-run,generated,
5I6Y,8.55,titration,/Dedicated/schnieders/maemmad/pKa_GNN/ffx_pipeline/data/sge_jobs/5I6Y_titrate_pH8.55.job,dry-run,generated,
5IIF,,rotamer,/Dedicated/schnieders/maemmad/pKa_GNN/ffx_pipeline/data/sge_jobs/5IIF_rotamer.job,dry-run,generated,
5IIF,3.94,titration,/Dedicated/schnieders/maemmad/pKa_GNN/ffx_pipeline/data/sge_jobs/5IIF_titrate_pH3.94.job,dry-run,generated,
5IIF,4.4,titration,/Dedicated/schnieders/maemmad/pKa_GNN/ffx_pipeline/data/sge_jobs/5IIF_titrate_pH4.4.job,dry-run,generated,
5IIF,6.45,titration,/Dedicated/schnieders/maemmad/pKa_GNN/ffx_pipeline/data/sge_jobs/5IIF_titrate_pH6.45.job,dry-run,generated,
5IIF,8.55,titration,/Dedicated/schnieders/maemmad/pKa_GNN/ffx_pipeline/data/sge_jobs/5IIF_titrate_pH8.55.job,dry-run,generated,
5ISR,,rotamer,/Dedicated/schnieders/maemmad/pKa_GNN/ffx_pipeline/data/sge_jobs/5ISR_rotamer.job,dry-run,generated,
5ISR,3.94,titration,/Dedicated/schnieders/maemmad/pKa_GNN/ffx_pipeline/data/sge_jobs/5ISR_titrate_pH3.94.job,dry-run,generated,
5ISR,4.4,titration,/Dedicated/schnieders/maemmad/pKa_GNN/ffx_pipeline/data/sge_jobs/5ISR_titrate_pH4.4.job,dry-run,generated,
5ISR,6.45,titration,/Dedicated/schnieders/maemmad/pKa_GNN/ffx_pipeline/data/sge_jobs/5ISR_titrate_pH6.45.job,dry-run,generated,
5ISR,8.55,titration,/Dedicated/schnieders/maemmad/pKa_GNN/ffx_pipeline/data/sge_jobs/5ISR_titrate_pH8.55.job,dry-run,generated,
5J1Z,,rotamer,/Dedicated/schnieders/maemmad/pKa_GNN/ffx_pipeline/data/sge_jobs/5J1Z_rotamer.job,dry-run,generated,
5J1Z,3.94,titration,/Dedicated/schnieders/maemmad/pKa_GNN/ffx_pipeline/data/sge_jobs/5J1Z_titrate_pH3.94.job,dry-run,generated,
5J1Z,4.4,titration,/Dedicated/schnieders/maemmad/pKa_GNN/ffx_pipeline/data/sge_jobs/5J1Z_titrate_pH4.4.job,dry-run,generated,
5J1Z,6.45,titration,/Dedicated/schnieders/maemmad/pKa_GNN/ffx_pipeline/data/sge_jobs/5J1Z_titrate_pH6.45.job,dry-run,generated,
5J1Z,8.55,titration,/Dedicated/schnieders/maemmad/pKa_GNN/ffx_pipeline/data/sge_jobs/5J1Z_titrate_pH8.55.job,dry-run,generated,
5JAV,,rotamer,/Dedicated/schnieders/maemmad/pKa_GNN/ffx_pipeline/data/sge_jobs/5JAV_rotamer.job,dry-run,generated,
5JAV,3.94,titration,/Dedicated/schnieders/maemmad/pKa_GNN/ffx_pipeline/data/sge_jobs/5JAV_titrate_pH3.94.job,dry-run,generated,
5JAV,4.4,titration,/Dedicated/schnieders/maemmad/pKa_GNN/ffx_pipeline/data/sge_jobs/5JAV_titrate_pH4.4.job,dry-run,generated,
5JAV,6.45,titration,/Dedicated/schnieders/maemmad/pKa_GNN/ffx_pipeline/data/sge_jobs/5JAV_titrate_pH6.45.job,dry-run,generated,
5JAV,8.55,titration,/Dedicated/schnieders/maemmad/pKa_GNN/ffx_pipeline/data/sge_jobs/5JAV_titrate_pH8.55.job,dry-run,generated,
5KGU,,rotamer,/Dedicated/schnieders/maemmad/pKa_GNN/ffx_pipeline/data/sge_jobs/5KGU_rotamer.job,dry-run,generated,
5KGU,3.94,titration,/Dedicated/schnieders/maemmad/pKa_GNN/ffx_pipeline/data/sge_jobs/5KGU_titrate_pH3.94.job,dry-run,generated,
5KGU,4.4,titration,/Dedicated/schnieders/maemmad/pKa_GNN/ffx_pipeline/data/sge_jobs/5KGU_titrate_pH4.4.job,dry-run,generated,
5KGU,6.45,titration,/Dedicated/schnieders/maemmad/pKa_GNN/ffx_pipeline/data/sge_jobs/5KGU_titrate_pH6.45.job,dry-run,generated,
5KGU,8.55,titration,/Dedicated/schnieders/maemmad/pKa_GNN/ffx_pipeline/data/sge_jobs/5KGU_titrate_pH8.55.job,dry-run,generated,
5KIX,,rotamer,/Dedicated/schnieders/maemmad/pKa_GNN/ffx_pipeline/data/sge_jobs/5KIX_rotamer.job,dry-run,generated,
5KIX,3.94,titration,/Dedicated/schnieders/maemmad/pKa_GNN/ffx_pipeline/data/sge_jobs/5KIX_titrate_pH3.94.job,dry-run,generated,
5KIX,4.4,titration,/Dedicated/schnieders/maemmad/pKa_GNN/ffx_pipeline/data/sge_jobs/5KIX_titrate_pH4.4.job,dry-run,generated,
5KIX,6.45,titration,/Dedicated/schnieders/maemmad/pKa_GNN/ffx_pipeline/data/sge_jobs/5KIX_titrate_pH6.45.job,dry-run,generated,
5KIX,8.55,titration,/Dedicated/schnieders/maemmad/pKa_GNN/ffx_pipeline/data/sge_jobs/5KIX_titrate_pH8.55.job,dry-run,generated,
6EEG,,rotamer,/Dedicated/schnieders/maemmad/pKa_GNN/ffx_pipeline/data/sge_jobs/6EEG_rotamer.job,dry-run,generated,
6EEG,3.94,titration,/Dedicated/schnieders/maemmad/pKa_GNN/ffx_pipeline/data/sge_jobs/6EEG_titrate_pH3.94.job,dry-run,generated,
6EEG,4.4,titration,/Dedicated/schnieders/maemmad/pKa_GNN/ffx_pipeline/data/sge_jobs/6EEG_titrate_pH4.4.job,dry-run,generated,
6EEG,6.45,titration,/Dedicated/schnieders/maemmad/pKa_GNN/ffx_pipeline/data/sge_jobs/6EEG_titrate_pH6.45.job,dry-run,generated,
6EEG,8.55,titration,/Dedicated/schnieders/maemmad/pKa_GNN/ffx_pipeline/data/sge_jobs/6EEG_titrate_pH8.55.job,dry-run,generated,
6GST,,rotamer,/Dedicated/schnieders/maemmad/pKa_GNN/ffx_pipeline/data/sge_jobs/6GST_rotamer.job,dry-run,generated,
6GST,3.94,titration,/Dedicated/schnieders/maemmad/pKa_GNN/ffx_pipeline/data/sge_jobs/6GST_titrate_pH3.94.job,dry-run,generated,
6GST,4.4,titration,/Dedicated/schnieders/maemmad/pKa_GNN/ffx_pipeline/data/sge_jobs/6GST_titrate_pH4.4.job,dry-run,generated,
6GST,6.45,titration,/Dedicated/schnieders/maemmad/pKa_GNN/ffx_pipeline/data/sge_jobs/6GST_titrate_pH6.45.job,dry-run,generated,
6GST,8.55,titration,/Dedicated/schnieders/maemmad/pKa_GNN/ffx_pipeline/data/sge_jobs/6GST_titrate_pH8.55.job,dry-run,generated,
7M2Z,,rotamer,/Dedicated/schnieders/maemmad/pKa_GNN/ffx_pipeline/data/sge_jobs/7M2Z_rotamer.job,dry-run,generated,
7M2Z,3.94,titration,/Dedicated/schnieders/maemmad/pKa_GNN/ffx_pipeline/data/sge_jobs/7M2Z_titrate_pH3.94.job,dry-run,generated,
7M2Z,4.4,titration,/Dedicated/schnieders/maemmad/pKa_GNN/ffx_pipeline/data/sge_jobs/7M2Z_titrate_pH4.4.job,dry-run,generated,
7M2Z,6.45,titration,/Dedicated/schnieders/maemmad/pKa_GNN/ffx_pipeline/data/sge_jobs/7M2Z_titrate_pH6.45.job,dry-run,generated,
7M2Z,8.55,titration,/Dedicated/schnieders/maemmad/pKa_GNN/ffx_pipeline/data/sge_jobs/7M2Z_titrate_pH8.55.job,dry-run,generated,
7RSA,,rotamer,/Dedicated/schnieders/maemmad/pKa_GNN/ffx_pipeline/data/sge_jobs/7RSA_rotamer.job,dry-run,generated,
7RSA,3.94,titration,/Dedicated/schnieders/maemmad/pKa_GNN/ffx_pipeline/data/sge_jobs/7RSA_titrate_pH3.94.job,dry-run,generated,
7RSA,4.4,titration,/Dedicated/schnieders/maemmad/pKa_GNN/ffx_pipeline/data/sge_jobs/7RSA_titrate_pH4.4.job,dry-run,generated,
7RSA,6.45,titration,/Dedicated/schnieders/maemmad/pKa_GNN/ffx_pipeline/data/sge_jobs/7RSA_titrate_pH6.45.job,dry-run,generated,
7RSA,8.55,titration,/Dedicated/schnieders/maemmad/pKa_GNN/ffx_pipeline/data/sge_jobs/7RSA_titrate_pH8.55.job,dry-run,generated,
8I41,,rotamer,/Dedicated/schnieders/maemmad/pKa_GNN/ffx_pipeline/data/sge_jobs/8I41_rotamer.job,dry-run,generated,
8I41,3.94,titration,/Dedicated/schnieders/maemmad/pKa_GNN/ffx_pipeline/data/sge_jobs/8I41_titrate_pH3.94.job,dry-run,generated,
8I41,4.4,titration,/Dedicated/schnieders/maemmad/pKa_GNN/ffx_pipeline/data/sge_jobs/8I41_titrate_pH4.4.job,dry-run,generated,
8I41,6.45,titration,/Dedicated/schnieders/maemmad/pKa_GNN/ffx_pipeline/data/sge_jobs/8I41_titrate_pH6.45.job,dry-run,generated,
8I41,8.55,titration,/Dedicated/schnieders/maemmad/pKa_GNN/ffx_pipeline/data/sge_jobs/8I41_titrate_pH8.55.job,dry-run,generated,
8UOZ,,rotamer,/Dedicated/schnieders/maemmad/pKa_GNN/ffx_pipeline/data/sge_jobs/8UOZ_rotamer.job,dry-run,generated,
8UOZ,3.94,titration,/Dedicated/schnieders/maemmad/pKa_GNN/ffx_pipeline/data/sge_jobs/8UOZ_titrate_pH3.94.job,dry-run,generated,
8UOZ,4.4,titration,/Dedicated/schnieders/maemmad/pKa_GNN/ffx_pipeline/data/sge_jobs/8UOZ_titrate_pH4.4.job,dry-run,generated,
8UOZ,6.45,titration,/Dedicated/schnieders/maemmad/pKa_GNN/ffx_pipeline/data/sge_jobs/8UOZ_titrate_pH6.45.job,dry-run,generated,
8UOZ,8.55,titration,/Dedicated/schnieders/maemmad/pKa_GNN/ffx_pipeline/data/sge_jobs/8UOZ_titrate_pH8.55.job,dry-run,generated,
9RNT,,rotamer,/Dedicated/schnieders/maemmad/pKa_GNN/ffx_pipeline/data/sge_jobs/9RNT_rotamer.job,dry-run,generated,
9RNT,3.94,titration,/Dedicated/schnieders/maemmad/pKa_GNN/ffx_pipeline/data/sge_jobs/9RNT_titrate_pH3.94.job,dry-run,generated,
9RNT,4.4,titration,/Dedicated/schnieders/maemmad/pKa_GNN/ffx_pipeline/data/sge_jobs/9RNT_titrate_pH4.4.job,dry-run,generated,
9RNT,6.45,titration,/Dedicated/schnieders/maemmad/pKa_GNN/ffx_pipeline/data/sge_jobs/9RNT_titrate_pH6.45.job,dry-run,generated,
9RNT,8.55,titration,/Dedicated/schnieders/maemmad/pKa_GNN/ffx_pipeline/data/sge_jobs/9RNT_titrate_pH8.55.job,dry-run,generated,
135L,,rotamer,/Dedicated/schnieders/maemmad/pKa_GNN/ffx_pipeline/data/sge_jobs/135L_rotamer.job,-1,submit_failed,"Unable to run job: denied: host ""argon-itf-bx55-10.hpc"" is not a submit host
Exiting."
135L,3.94,titration,/Dedicated/schnieders/maemmad/pKa_GNN/ffx_pipeline/data/sge_jobs/135L_titrate_pH3.94.job,-1,submit_failed,"Unable to run job: denied: host ""argon-itf-bx55-10.hpc"" is not a submit host
Exiting."
135L,4.4,titration,/Dedicated/schnieders/maemmad/pKa_GNN/ffx_pipeline/data/sge_jobs/135L_titrate_pH4.4.job,-1,submit_failed,"Unable to run job: denied: host ""argon-itf-bx55-10.hpc"" is not a submit host
Exiting."
135L,6.45,titration,/Dedicated/schnieders/maemmad/pKa_GNN/ffx_pipeline/data/sge_jobs/135L_titrate_pH6.45.job,-1,submit_failed,"Unable to run job: denied: host ""argon-itf-bx55-10.hpc"" is not a submit host
Exiting."
135L,8.55,titration,/Dedicated/schnieders/maemmad/pKa_GNN/ffx_pipeline/data/sge_jobs/135L_titrate_pH8.55.job,-1,submit_failed,"Unable to run job: denied: host ""argon-itf-bx55-10.hpc"" is not a submit host
Exiting."
1A2P,,rotamer,/Dedicated/schnieders/maemmad/pKa_GNN/ffx_pipeline/data/sge_jobs/1A2P_rotamer.job,-1,submit_failed,"Unable to run job: denied: host ""argon-itf-bx55-10.hpc"" is not a submit host
Exiting."
1A2P,3.94,titration,/Dedicated/schnieders/maemmad/pKa_GNN/ffx_pipeline/data/sge_jobs/1A2P_titrate_pH3.94.job,-1,submit_failed,"Unable to run job: denied: host ""argon-itf-bx55-10.hpc"" is not a submit host
Exiting."
1A2P,4.4,titration,/Dedicated/schnieders/maemmad/pKa_GNN/ffx_pipeline/data/sge_jobs/1A2P_titrate_pH4.4.job,-1,submit_failed,"Unable to run job: denied: host ""argon-itf-bx55-10.hpc"" is not a submit host
Exiting."
1A2P,6.45,titration,/Dedicated/schnieders/maemmad/pKa_GNN/ffx_pipeline/data/sge_jobs/1A2P_titrate_pH6.45.job,-1,submit_failed,"Unable to run job: denied: host ""argon-itf-bx55-10.hpc"" is not a submit host
Exiting."
1A2P,8.55,titration,/Dedicated/schnieders/maemmad/pKa_GNN/ffx_pipeline/data/sge_jobs/1A2P_titrate_pH8.55.job,-1,submit_failed,"Unable to run job: denied: host ""argon-itf-bx55-10.hpc"" is not a submit host
Exiting."
135L,,rotamer,/Dedicated/schnieders/maemmad/pKa_GNN/ffx_pipeline/data/sge_jobs/135L_rotamer.job,-1,submit_failed,"Unable to run job: denied: ""135L_rotamer"" is not a valid object name (cannot start with a digit)
Exiting."
135L,3.94,titration,/Dedicated/schnieders/maemmad/pKa_GNN/ffx_pipeline/data/sge_jobs/135L_titrate_pH3.94.job,-1,submit_failed,"Unable to run job: denied: ""135L_pH3p94"" is not a valid object name (cannot start with a digit)
Exiting."
135L,4.4,titration,/Dedicated/schnieders/maemmad/pKa_GNN/ffx_pipeline/data/sge_jobs/135L_titrate_pH4.4.job,-1,submit_failed,"Unable to run job: denied: ""135L_pH4p4"" is not a valid object name (cannot start with a digit)
Exiting."
135L,6.45,titration,/Dedicated/schnieders/maemmad/pKa_GNN/ffx_pipeline/data/sge_jobs/135L_titrate_pH6.45.job,-1,submit_failed,"Unable to run job: denied: ""135L_pH6p45"" is not a valid object name (cannot start with a digit)
Exiting."
135L,8.55,titration,/Dedicated/schnieders/maemmad/pKa_GNN/ffx_pipeline/data/sge_jobs/135L_titrate_pH8.55.job,-1,submit_failed,"Unable to run job: denied: ""135L_pH8p55"" is not a valid object name (cannot start with a digit)
Exiting."
1A2P,,rotamer,/Dedicated/schnieders/maemmad/pKa_GNN/ffx_pipeline/data/sge_jobs/1A2P_rotamer.job,-1,submit_failed,"Unable to run job: denied: ""1A2P_rotamer"" is not a valid object name (cannot start with a digit)
Exiting."
1A2P,3.94,titration,/Dedicated/schnieders/maemmad/pKa_GNN/ffx_pipeline/data/sge_jobs/1A2P_titrate_pH3.94.job,-1,submit_failed,"Unable to run job: denied: ""1A2P_pH3p94"" is not a valid object name (cannot start with a digit)
Exiting."
1A2P,4.4,titration,/Dedicated/schnieders/maemmad/pKa_GNN/ffx_pipeline/data/sge_jobs/1A2P_titrate_pH4.4.job,-1,submit_failed,"Unable to run job: denied: ""1A2P_pH4p4"" is not a valid object name (cannot start with a digit)
Exiting."
1A2P,6.45,titration,/Dedicated/schnieders/maemmad/pKa_GNN/ffx_pipeline/data/sge_jobs/1A2P_titrate_pH6.45.job,-1,submit_failed,"Unable to run job: denied: ""1A2P_pH6p45"" is not a valid object name (cannot start with a digit)
Exiting."
1A2P,8.55,titration,/Dedicated/schnieders/maemmad/pKa_GNN/ffx_pipeline/data/sge_jobs/1A2P_titrate_pH8.55.job,-1,submit_failed,"Unable to run job: denied: ""1A2P_pH8p55"" is not a valid object name (cannot start with a digit)
Exiting."
1A6K,,rotamer,/Dedicated/schnieders/maemmad/pKa_GNN/ffx_pipeline/data/sge_jobs/1A6K_rotamer.job,-1,submit_failed,"Unable to run job: denied: ""1A6K_rotamer"" is not a valid object name (cannot start with a digit)
Exiting."
1A6K,3.94,titration,/Dedicated/schnieders/maemmad/pKa_GNN/ffx_pipeline/data/sge_jobs/1A6K_titrate_pH3.94.job,-1,submit_failed,"Unable to run job: denied: ""1A6K_pH3p94"" is not a valid object name (cannot start with a digit)
Exiting."
1A6K,4.4,titration,/Dedicated/schnieders/maemmad/pKa_GNN/ffx_pipeline/data/sge_jobs/1A6K_titrate_pH4.4.job,-1,submit_failed,"Unable to run job: denied: ""1A6K_pH4p4"" is not a valid object name (cannot start with a digit)
Exiting."
1A6K,6.45,titration,/Dedicated/schnieders/maemmad/pKa_GNN/ffx_pipeline/data/sge_jobs/1A6K_titrate_pH6.45.job,-1,submit_failed,"Unable to run job: denied: ""1A6K_pH6p45"" is not a valid object name (cannot start with a digit)
Exiting."
1A6K,8.55,titration,/Dedicated/schnieders/maemmad/pKa_GNN/ffx_pipeline/data/sge_jobs/1A6K_titrate_pH8.55.job,-1,submit_failed,"Unable to run job: denied: ""1A6K_pH8p55"" is not a valid object name (cannot start with a digit)
Exiting."
1A91,,rotamer,/Dedicated/schnieders/maemmad/pKa_GNN/ffx_pipeline/data/sge_jobs/1A91_rotamer.job,-1,submit_failed,"Unable to run job: denied: ""1A91_rotamer"" is not a valid object name (cannot start with a digit)
Exiting."
1A91,3.94,titration,/Dedicated/schnieders/maemmad/pKa_GNN/ffx_pipeline/data/sge_jobs/1A91_titrate_pH3.94.job,-1,submit_failed,"Unable to run job: denied: ""1A91_pH3p94"" is not a valid object name (cannot start with a digit)
Exiting."
1A91,4.4,titration,/Dedicated/schnieders/maemmad/pKa_GNN/ffx_pipeline/data/sge_jobs/1A91_titrate_pH4.4.job,-1,submit_failed,"Unable to run job: denied: ""1A91_pH4p4"" is not a valid object name (cannot start with a digit)
Exiting."
1A91,6.45,titration,/Dedicated/schnieders/maemmad/pKa_GNN/ffx_pipeline/data/sge_jobs/1A91_titrate_pH6.45.job,-1,submit_failed,"Unable to run job: denied: ""1A91_pH6p45"" is not a valid object name (cannot start with a digit)
Exiting."
1A91,8.55,titration,/Dedicated/schnieders/maemmad/pKa_GNN/ffx_pipeline/data/sge_jobs/1A91_titrate_pH8.55.job,-1,submit_failed,"Unable to run job: denied: ""1A91_pH8p55"" is not a valid object name (cannot start with a digit)
Exiting."
1A93,,rotamer,/Dedicated/schnieders/maemmad/pKa_GNN/ffx_pipeline/data/sge_jobs/1A93_rotamer.job,-1,submit_failed,"Unable to run job: denied: ""1A93_rotamer"" is not a valid object name (cannot start with a digit)
Exiting."
1A93,3.94,titration,/Dedicated/schnieders/maemmad/pKa_GNN/ffx_pipeline/data/sge_jobs/1A93_titrate_pH3.94.job,-1,submit_failed,"Unable to run job: denied: ""1A93_pH3p94"" is not a valid object name (cannot start with a digit)
Exiting."
1A93,4.4,titration,/Dedicated/schnieders/maemmad/pKa_GNN/ffx_pipeline/data/sge_jobs/1A93_titrate_pH4.4.job,-1,submit_failed,"Unable to run job: denied: ""1A93_pH4p4"" is not a valid object name (cannot start with a digit)
Exiting."
1A93,6.45,titration,/Dedicated/schnieders/maemmad/pKa_GNN/ffx_pipeline/data/sge_jobs/1A93_titrate_pH6.45.job,-1,submit_failed,"Unable to run job: denied: ""1A93_pH6p45"" is not a valid object name (cannot start with a digit)
Exiting."
1A93,8.55,titration,/Dedicated/schnieders/maemmad/pKa_GNN/ffx_pipeline/data/sge_jobs/1A93_titrate_pH8.55.job,-1,submit_failed,"Unable to run job: denied: ""1A93_pH8p55"" is not a valid object name (cannot start with a digit)
Exiting."
1ANS,,rotamer,/Dedicated/schnieders/maemmad/pKa_GNN/ffx_pipeline/data/sge_jobs/1ANS_rotamer.job,-1,submit_failed,"Unable to run job: denied: ""1ANS_rotamer"" is not a valid object name (cannot start with a digit)
Exiting."
1ANS,3.94,titration,/Dedicated/schnieders/maemmad/pKa_GNN/ffx_pipeline/data/sge_jobs/1ANS_titrate_pH3.94.job,-1,submit_failed,"Unable to run job: denied: ""1ANS_pH3p94"" is not a valid object name (cannot start with a digit)
Exiting."
135L,,rotamer,/Dedicated/schnieders/maemmad/pKa_GNN/ffx_pipeline/data/sge_jobs/135L_rotamer.job,dry-run,generated,
135L,3.94,titration,/Dedicated/schnieders/maemmad/pKa_GNN/ffx_pipeline/data/sge_jobs/135L_titrate_pH3.94.job,dry-run,generated,
135L,4.4,titration,/Dedicated/schnieders/maemmad/pKa_GNN/ffx_pipeline/data/sge_jobs/135L_titrate_pH4.4.job,dry-run,generated,
135L,6.45,titration,/Dedicated/schnieders/maemmad/pKa_GNN/ffx_pipeline/data/sge_jobs/135L_titrate_pH6.45.job,dry-run,generated,
135L,8.55,titration,/Dedicated/schnieders/maemmad/pKa_GNN/ffx_pipeline/data/sge_jobs/135L_titrate_pH8.55.job,dry-run,generated,
1A2P,,rotamer,/Dedicated/schnieders/maemmad/pKa_GNN/ffx_pipeline/data/sge_jobs/1A2P_rotamer.job,dry-run,generated,
1A2P,3.94,titration,/Dedicated/schnieders/maemmad/pKa_GNN/ffx_pipeline/data/sge_jobs/1A2P_titrate_pH3.94.job,dry-run,generated,
1A2P,4.4,titration,/Dedicated/schnieders/maemmad/pKa_GNN/ffx_pipeline/data/sge_jobs/1A2P_titrate_pH4.4.job,dry-run,generated,
1A2P,6.45,titration,/Dedicated/schnieders/maemmad/pKa_GNN/ffx_pipeline/data/sge_jobs/1A2P_titrate_pH6.45.job,dry-run,generated,
1A2P,8.55,titration,/Dedicated/schnieders/maemmad/pKa_GNN/ffx_pipeline/data/sge_jobs/1A2P_titrate_pH8.55.job,dry-run,generated,
1A6K,,rotamer,/Dedicated/schnieders/maemmad/pKa_GNN/ffx_pipeline/data/sge_jobs/1A6K_rotamer.job,dry-run,generated,
1A6K,3.94,titration,/Dedicated/schnieders/maemmad/pKa_GNN/ffx_pipeline/data/sge_jobs/1A6K_titrate_pH3.94.job,dry-run,generated,
1A6K,4.4,titration,/Dedicated/schnieders/maemmad/pKa_GNN/ffx_pipeline/data/sge_jobs/1A6K_titrate_pH4.4.job,dry-run,generated,
1A6K,6.45,titration,/Dedicated/schnieders/maemmad/pKa_GNN/ffx_pipeline/data/sge_jobs/1A6K_titrate_pH6.45.job,dry-run,generated,
1A6K,8.55,titration,/Dedicated/schnieders/maemmad/pKa_GNN/ffx_pipeline/data/sge_jobs/1A6K_titrate_pH8.55.job,dry-run,generated,
1A91,,rotamer,/Dedicated/schnieders/maemmad/pKa_GNN/ffx_pipeline/data/sge_jobs/1A91_rotamer.job,dry-run,generated,
1A91,3.94,titration,/Dedicated/schnieders/maemmad/pKa_GNN/ffx_pipeline/data/sge_jobs/1A91_titrate_pH3.94.job,dry-run,generated,
1A91,4.4,titration,/Dedicated/schnieders/maemmad/pKa_GNN/ffx_pipeline/data/sge_jobs/1A91_titrate_pH4.4.job,dry-run,generated,
1A91,6.45,titration,/Dedicated/schnieders/maemmad/pKa_GNN/ffx_pipeline/data/sge_jobs/1A91_titrate_pH6.45.job,dry-run,generated,
1A91,8.55,titration,/Dedicated/schnieders/maemmad/pKa_GNN/ffx_pipeline/data/sge_jobs/1A91_titrate_pH8.55.job,dry-run,generated,
1A93,,rotamer,/Dedicated/schnieders/maemmad/pKa_GNN/ffx_pipeline/data/sge_jobs/1A93_rotamer.job,dry-run,generated,
1A93,3.94,titration,/Dedicated/schnieders/maemmad/pKa_GNN/ffx_pipeline/data/sge_jobs/1A93_titrate_pH3.94.job,dry-run,generated,
1A93,4.4,titration,/Dedicated/schnieders/maemmad/pKa_GNN/ffx_pipeline/data/sge_jobs/1A93_titrate_pH4.4.job,dry-run,generated,
1A93,6.45,titration,/Dedicated/schnieders/maemmad/pKa_GNN/ffx_pipeline/data/sge_jobs/1A93_titrate_pH6.45.job,dry-run,generated,
1A93,8.55,titration,/Dedicated/schnieders/maemmad/pKa_GNN/ffx_pipeline/data/sge_jobs/1A93_titrate_pH8.55.job,dry-run,generated,
1ANS,,rotamer,/Dedicated/schnieders/maemmad/pKa_GNN/ffx_pipeline/data/sge_jobs/1ANS_rotamer.job,dry-run,generated,
1ANS,3.94,titration,/Dedicated/schnieders/maemmad/pKa_GNN/ffx_pipeline/data/sge_jobs/1ANS_titrate_pH3.94.job,dry-run,generated,
1ANS,4.4,titration,/Dedicated/schnieders/maemmad/pKa_GNN/ffx_pipeline/data/sge_jobs/1ANS_titrate_pH4.4.job,dry-run,generated,
1ANS,6.45,titration,/Dedicated/schnieders/maemmad/pKa_GNN/ffx_pipeline/data/sge_jobs/1ANS_titrate_pH6.45.job,dry-run,generated,
1ANS,8.55,titration,/Dedicated/schnieders/maemmad/pKa_GNN/ffx_pipeline/data/sge_jobs/1ANS_titrate_pH8.55.job,dry-run,generated,
1AO6,,rotamer,/Dedicated/schnieders/maemmad/pKa_GNN/ffx_pipeline/data/sge_jobs/1AO6_rotamer.job,dry-run,generated,
1AO6,3.94,titration,/Dedicated/schnieders/maemmad/pKa_GNN/ffx_pipeline/data/sge_jobs/1AO6_titrate_pH3.94.job,dry-run,generated,
1AO6,4.4,titration,/Dedicated/schnieders/maemmad/pKa_GNN/ffx_pipeline/data/sge_jobs/1AO6_titrate_pH4.4.job,dry-run,generated,
1AO6,6.45,titration,/Dedicated/schnieders/maemmad/pKa_GNN/ffx_pipeline/data/sge_jobs/1AO6_titrate_pH6.45.job,dry-run,generated,
1AO6,8.55,titration,/Dedicated/schnieders/maemmad/pKa_GNN/ffx_pipeline/data/sge_jobs/1AO6_titrate_pH8.55.job,dry-run,generated,
1AZP,,rotamer,/Dedicated/schnieders/maemmad/pKa_GNN/ffx_pipeline/data/sge_jobs/1AZP_rotamer.job,dry-run,generated,
1AZP,3.94,titration,/Dedicated/schnieders/maemmad/pKa_GNN/ffx_pipeline/data/sge_jobs/1AZP_titrate_pH3.94.job,dry-run,generated,
1AZP,4.4,titration,/Dedicated/schnieders/maemmad/pKa_GNN/ffx_pipeline/data/sge_jobs/1AZP_titrate_pH4.4.job,dry-run,generated,
1AZP,6.45,titration,/Dedicated/schnieders/maemmad/pKa_GNN/ffx_pipeline/data/sge_jobs/1AZP_titrate_pH6.45.job,dry-run,generated,
1AZP,8.55,titration,/Dedicated/schnieders/maemmad/pKa_GNN/ffx_pipeline/data/sge_jobs/1AZP_titrate_pH8.55.job,dry-run,generated,
1B2V,,rotamer,/Dedicated/schnieders/maemmad/pKa_GNN/ffx_pipeline/data/sge_jobs/1B2V_rotamer.job,dry-run,generated,
1B2V,3.94,titration,/Dedicated/schnieders/maemmad/pKa_GNN/ffx_pipeline/data/sge_jobs/1B2V_titrate_pH3.94.job,dry-run,generated,
1B2V,4.4,titration,/Dedicated/schnieders/maemmad/pKa_GNN/ffx_pipeline/data/sge_jobs/1B2V_titrate_pH4.4.job,dry-run,generated,
1B2V,6.45,titration,/Dedicated/schnieders/maemmad/pKa_GNN/ffx_pipeline/data/sge_jobs/1B2V_titrate_pH6.45.job,dry-run,generated,
1B2V,8.55,titration,/Dedicated/schnieders/maemmad/pKa_GNN/ffx_pipeline/data/sge_jobs/1B2V_titrate_pH8.55.job,dry-run,generated,
1BED,,rotamer,/Dedicated/schnieders/maemmad/pKa_GNN/ffx_pipeline/data/sge_jobs/1BED_rotamer.job,dry-run,generated,
1BED,3.94,titration,/Dedicated/schnieders/maemmad/pKa_GNN/ffx_pipeline/data/sge_jobs/1BED_titrate_pH3.94.job,dry-run,generated,
1BED,4.4,titration,/Dedicated/schnieders/maemmad/pKa_GNN/ffx_pipeline/data/sge_jobs/1BED_titrate_pH4.4.job,dry-run,generated,
1BED,6.45,titration,/Dedicated/schnieders/maemmad/pKa_GNN/ffx_pipeline/data/sge_jobs/1BED_titrate_pH6.45.job,dry-run,generated,
1BED,8.55,titration,/Dedicated/schnieders/maemmad/pKa_GNN/ffx_pipeline/data/sge_jobs/1BED_titrate_pH8.55.job,dry-run,generated,
1BEO,,rotamer,/Dedicated/schnieders/maemmad/pKa_GNN/ffx_pipeline/data/sge_jobs/1BEO_rotamer.job,dry-run,generated,
1BEO,3.94,titration,/Dedicated/schnieders/maemmad/pKa_GNN/ffx_pipeline/data/sge_jobs/1BEO_titrate_pH3.94.job,dry-run,generated,
1BEO,4.4,titration,/Dedicated/schnieders/maemmad/pKa_GNN/ffx_pipeline/data/sge_jobs/1BEO_titrate_pH4.4.job,dry-run,generated,
1BEO,6.45,titration,/Dedicated/schnieders/maemmad/pKa_GNN/ffx_pipeline/data/sge_jobs/1BEO_titrate_pH6.45.job,dry-run,generated,
1BEO,8.55,titration,/Dedicated/schnieders/maemmad/pKa_GNN/ffx_pipeline/data/sge_jobs/1BEO_titrate_pH8.55.job,dry-run,generated,
1BI6,,rotamer,/Dedicated/schnieders/maemmad/pKa_GNN/ffx_pipeline/data/sge_jobs/1BI6_rotamer.job,dry-run,generated,
1BI6,3.94,titration,/Dedicated/schnieders/maemmad/pKa_GNN/ffx_pipeline/data/sge_jobs/1BI6_titrate_pH3.94.job,dry-run,generated,
1BI6,4.4,titration,/Dedicated/schnieders/maemmad/pKa_GNN/ffx_pipeline/data/sge_jobs/1BI6_titrate_pH4.4.job,dry-run,generated,
1BI6,6.45,titration,/Dedicated/schnieders/maemmad/pKa_GNN/ffx_pipeline/data/sge_jobs/1BI6_titrate_pH6.45.job,dry-run,generated,
1BI6,8.55,titration,/Dedicated/schnieders/maemmad/pKa_GNN/ffx_pipeline/data/sge_jobs/1BI6_titrate_pH8.55.job,dry-run,generated,
1BNZ,,rotamer,/Dedicated/schnieders/maemmad/pKa_GNN/ffx_pipeline/data/sge_jobs/1BNZ_rotamer.job,dry-run,generated,
1BNZ,3.94,titration,/Dedicated/schnieders/maemmad/pKa_GNN/ffx_pipeline/data/sge_jobs/1BNZ_titrate_pH3.94.job,dry-run,generated,
1BNZ,4.4,titration,/Dedicated/schnieders/maemmad/pKa_GNN/ffx_pipeline/data/sge_jobs/1BNZ_titrate_pH4.4.job,dry-run,generated,
1BNZ,6.45,titration,/Dedicated/schnieders/maemmad/pKa_GNN/ffx_pipeline/data/sge_jobs/1BNZ_titrate_pH6.45.job,dry-run,generated,
1BNZ,8.55,titration,/Dedicated/schnieders/maemmad/pKa_GNN/ffx_pipeline/data/sge_jobs/1BNZ_titrate_pH8.55.job,dry-run,generated,
1BPI,,rotamer,/Dedicated/schnieders/maemmad/pKa_GNN/ffx_pipeline/data/sge_jobs/1BPI_rotamer.job,dry-run,generated,
1BPI,3.94,titration,/Dedicated/schnieders/maemmad/pKa_GNN/ffx_pipeline/data/sge_jobs/1BPI_titrate_pH3.94.job,dry-run,generated,
1BPI,4.4,titration,/Dedicated/schnieders/maemmad/pKa_GNN/ffx_pipeline/data/sge_jobs/1BPI_titrate_pH4.4.job,dry-run,generated,
1BPI,6.45,titration,/Dedicated/schnieders/maemmad/pKa_GNN/ffx_pipeline/data/sge_jobs/1BPI_titrate_pH6.45.job,dry-run,generated,
1BPI,8.55,titration,/Dedicated/schnieders/maemmad/pKa_GNN/ffx_pipeline/data/sge_jobs/1BPI_titrate_pH8.55.job,dry-run,generated,
1CDC,,rotamer,/Dedicated/schnieders/maemmad/pKa_GNN/ffx_pipeline/data/sge_jobs/1CDC_rotamer.job,dry-run,generated,
1CDC,3.94,titration,/Dedicated/schnieders/maemmad/pKa_GNN/ffx_pipeline/data/sge_jobs/1CDC_titrate_pH3.94.job,dry-run,generated,
1CDC,4.4,titration,/Dedicated/schnieders/maemmad/pKa_GNN/ffx_pipeline/data/sge_jobs/1CDC_titrate_pH4.4.job,dry-run,generated,
1CDC,6.45,titration,/Dedicated/schnieders/maemmad/pKa_GNN/ffx_pipeline/data/sge_jobs/1CDC_titrate_pH6.45.job,dry-run,generated,
1CDC,8.55,titration,/Dedicated/schnieders/maemmad/pKa_GNN/ffx_pipeline/data/sge_jobs/1CDC_titrate_pH8.55.job,dry-run,generated,
1DE3,,rotamer,/Dedicated/schnieders/maemmad/pKa_GNN/ffx_pipeline/data/sge_jobs/1DE3_rotamer.job,dry-run,generated,
1DE3,3.94,titration,/Dedicated/schnieders/maemmad/pKa_GNN/ffx_pipeline/data/sge_jobs/1DE3_titrate_pH3.94.job,dry-run,generated,
1DE3,4.4,titration,/Dedicated/schnieders/maemmad/pKa_GNN/ffx_pipeline/data/sge_jobs/1DE3_titrate_pH4.4.job,dry-run,generated,
1DE3,6.45,titration,/Dedicated/schnieders/maemmad/pKa_GNN/ffx_pipeline/data/sge_jobs/1DE3_titrate_pH6.45.job,dry-run,generated,
1DE3,8.55,titration,/Dedicated/schnieders/maemmad/pKa_GNN/ffx_pipeline/data/sge_jobs/1DE3_titrate_pH8.55.job,dry-run,generated,
1DG9,,rotamer,/Dedicated/schnieders/maemmad/pKa_GNN/ffx_pipeline/data/sge_jobs/1DG9_rotamer.job,dry-run,generated,
1DG9,3.94,titration,/Dedicated/schnieders/maemmad/pKa_GNN/ffx_pipeline/data/sge_jobs/1DG9_titrate_pH3.94.job,dry-run,generated,
1DG9,4.4,titration,/Dedicated/schnieders/maemmad/pKa_GNN/ffx_pipeline/data/sge_jobs/1DG9_titrate_pH4.4.job,dry-run,generated,
1DG9,6.45,titration,/Dedicated/schnieders/maemmad/pKa_GNN/ffx_pipeline/data/sge_jobs/1DG9_titrate_pH6.45.job,dry-run,generated,
1DG9,8.55,titration,/Dedicated/schnieders/maemmad/pKa_GNN/ffx_pipeline/data/sge_jobs/1DG9_titrate_pH8.55.job,dry-run,generated,
1DIV,,rotamer,/Dedicated/schnieders/maemmad/pKa_GNN/ffx_pipeline/data/sge_jobs/1DIV_rotamer.job,dry-run,generated,
1DIV,3.94,titration,/Dedicated/schnieders/maemmad/pKa_GNN/ffx_pipeline/data/sge_jobs/1DIV_titrate_pH3.94.job,dry-run,generated,
1DIV,4.4,titration,/Dedicated/schnieders/maemmad/pKa_GNN/ffx_pipeline/data/sge_jobs/1DIV_titrate_pH4.4.job,dry-run,generated,
1DIV,6.45,titration,/Dedicated/schnieders/maemmad/pKa_GNN/ffx_pipeline/data/sge_jobs/1DIV_titrate_pH6.45.job,dry-run,generated,
1DIV,8.55,titration,/Dedicated/schnieders/maemmad/pKa_GNN/ffx_pipeline/data/sge_jobs/1DIV_titrate_pH8.55.job,dry-run,generated,
1DSB,,rotamer,/Dedicated/schnieders/maemmad/pKa_GNN/ffx_pipeline/data/sge_jobs/1DSB_rotamer.job,dry-run,generated,
1DSB,3.94,titration,/Dedicated/schnieders/maemmad/pKa_GNN/ffx_pipeline/data/sge_jobs/1DSB_titrate_pH3.94.job,dry-run,generated,
1DSB,4.4,titration,/Dedicated/schnieders/maemmad/pKa_GNN/ffx_pipeline/data/sge_jobs/1DSB_titrate_pH4.4.job,dry-run,generated,
1DSB,6.45,titration,/Dedicated/schnieders/maemmad/pKa_GNN/ffx_pipeline/data/sge_jobs/1DSB_titrate_pH6.45.job,dry-run,generated,
1DSB,8.55,titration,/Dedicated/schnieders/maemmad/pKa_GNN/ffx_pipeline/data/sge_jobs/1DSB_titrate_pH8.55.job,dry-run,generated,
1EEJ,,rotamer,/Dedicated/schnieders/maemmad/pKa_GNN/ffx_pipeline/data/sge_jobs/1EEJ_rotamer.job,dry-run,generated,
1EEJ,3.94,titration,/Dedicated/schnieders/maemmad/pKa_GNN/ffx_pipeline/data/sge_jobs/1EEJ_titrate_pH3.94.job,dry-run,generated,
1EEJ,4.4,titration,/Dedicated/schnieders/maemmad/pKa_GNN/ffx_pipeline/data/sge_jobs/1EEJ_titrate_pH4.4.job,dry-run,generated,
1EEJ,6.45,titration,/Dedicated/schnieders/maemmad/pKa_GNN/ffx_pipeline/data/sge_jobs/1EEJ_titrate_pH6.45.job,dry-run,generated,
1EEJ,8.55,titration,/Dedicated/schnieders/maemmad/pKa_GNN/ffx_pipeline/data/sge_jobs/1EEJ_titrate_pH8.55.job,dry-run,generated,
1EGF,,rotamer,/Dedicated/schnieders/maemmad/pKa_GNN/ffx_pipeline/data/sge_jobs/1EGF_rotamer.job,dry-run,generated,
1EGF,3.94,titration,/Dedicated/schnieders/maemmad/pKa_GNN/ffx_pipeline/data/sge_jobs/1EGF_titrate_pH3.94.job,dry-run,generated,
1EGF,4.4,titration,/Dedicated/schnieders/maemmad/pKa_GNN/ffx_pipeline/data/sge_jobs/1EGF_titrate_pH4.4.job,dry-run,generated,
1EGF,6.45,titration,/Dedicated/schnieders/maemmad/pKa_GNN/ffx_pipeline/data/sge_jobs/1EGF_titrate_pH6.45.job,dry-run,generated,
1EGF,8.55,titration,/Dedicated/schnieders/maemmad/pKa_GNN/ffx_pipeline/data/sge_jobs/1EGF_titrate_pH8.55.job,dry-run,generated,
1EH6,,rotamer,/Dedicated/schnieders/maemmad/pKa_GNN/ffx_pipeline/data/sge_jobs/1EH6_rotamer.job,dry-run,generated,
1EH6,3.94,titration,/Dedicated/schnieders/maemmad/pKa_GNN/ffx_pipeline/data/sge_jobs/1EH6_titrate_pH3.94.job,dry-run,generated,
1EH6,4.4,titration,/Dedicated/schnieders/maemmad/pKa_GNN/ffx_pipeline/data/sge_jobs/1EH6_titrate_pH4.4.job,dry-run,generated,
1EH6,6.45,titration,/Dedicated/schnieders/maemmad/pKa_GNN/ffx_pipeline/data/sge_jobs/1EH6_titrate_pH6.45.job,dry-run,generated,
1EH6,8.55,titration,/Dedicated/schnieders/maemmad/pKa_GNN/ffx_pipeline/data/sge_jobs/1EH6_titrate_pH8.55.job,dry-run,generated,
1ERT,,rotamer,/Dedicated/schnieders/maemmad/pKa_GNN/ffx_pipeline/data/sge_jobs/1ERT_rotamer.job,dry-run,generated,
1ERT,3.94,titration,/Dedicated/schnieders/maemmad/pKa_GNN/ffx_pipeline/data/sge_jobs/1ERT_titrate_pH3.94.job,dry-run,generated,
1ERT,4.4,titration,/Dedicated/schnieders/maemmad/pKa_GNN/ffx_pipeline/data/sge_jobs/1ERT_titrate_pH4.4.job,dry-run,generated,
1ERT,6.45,titration,/Dedicated/schnieders/maemmad/pKa_GNN/ffx_pipeline/data/sge_jobs/1ERT_titrate_pH6.45.job,dry-run,generated,
1ERT,8.55,titration,/Dedicated/schnieders/maemmad/pKa_GNN/ffx_pipeline/data/sge_jobs/1ERT_titrate_pH8.55.job,dry-run,generated,
1EX3,,rotamer,/Dedicated/schnieders/maemmad/pKa_GNN/ffx_pipeline/data/sge_jobs/1EX3_rotamer.job,dry-run,generated,
1EX3,3.94,titration,/Dedicated/schnieders/maemmad/pKa_GNN/ffx_pipeline/data/sge_jobs/1EX3_titrate_pH3.94.job,dry-run,generated,
1EX3,4.4,titration,/Dedicated/schnieders/maemmad/pKa_GNN/ffx_pipeline/data/sge_jobs/1EX3_titrate_pH4.4.job,dry-run,generated,
1EX3,6.45,titration,/Dedicated/schnieders/maemmad/pKa_GNN/ffx_pipeline/data/sge_jobs/1EX3_titrate_pH6.45.job,dry-run,generated,
1EX3,8.55,titration,/Dedicated/schnieders/maemmad/pKa_GNN/ffx_pipeline/data/sge_jobs/1EX3_titrate_pH8.55.job,dry-run,generated,
1FEZ,,rotamer,/Dedicated/schnieders/maemmad/pKa_GNN/ffx_pipeline/data/sge_jobs/1FEZ_rotamer.job,dry-run,generated,
1FEZ,3.94,titration,/Dedicated/schnieders/maemmad/pKa_GNN/ffx_pipeline/data/sge_jobs/1FEZ_titrate_pH3.94.job,dry-run,generated,
1FEZ,4.4,titration,/Dedicated/schnieders/maemmad/pKa_GNN/ffx_pipeline/data/sge_jobs/1FEZ_titrate_pH4.4.job,dry-run,generated,
1FEZ,6.45,titration,/Dedicated/schnieders/maemmad/pKa_GNN/ffx_pipeline/data/sge_jobs/1FEZ_titrate_pH6.45.job,dry-run,generated,
1FEZ,8.55,titration,/Dedicated/schnieders/maemmad/pKa_GNN/ffx_pipeline/data/sge_jobs/1FEZ_titrate_pH8.55.job,dry-run,generated,
1FKS,,rotamer,/Dedicated/schnieders/maemmad/pKa_GNN/ffx_pipeline/data/sge_jobs/1FKS_rotamer.job,dry-run,generated,
1FKS,3.94,titration,/Dedicated/schnieders/maemmad/pKa_GNN/ffx_pipeline/data/sge_jobs/1FKS_titrate_pH3.94.job,dry-run,generated,
1FKS,4.4,titration,/Dedicated/schnieders/maemmad/pKa_GNN/ffx_pipeline/data/sge_jobs/1FKS_titrate_pH4.4.job,dry-run,generated,
1FKS,6.45,titration,/Dedicated/schnieders/maemmad/pKa_GNN/ffx_pipeline/data/sge_jobs/1FKS_titrate_pH6.45.job,dry-run,generated,
1FKS,8.55,titration,/Dedicated/schnieders/maemmad/pKa_GNN/ffx_pipeline/data/sge_jobs/1FKS_titrate_pH8.55.job,dry-run,generated,
1FMH,,rotamer,/Dedicated/schnieders/maemmad/pKa_GNN/ffx_pipeline/data/sge_jobs/1FMH_rotamer.job,dry-run,generated,
1FMH,3.94,titration,/Dedicated/schnieders/maemmad/pKa_GNN/ffx_pipeline/data/sge_jobs/1FMH_titrate_pH3.94.job,dry-run,generated,
1FMH,4.4,titration,/Dedicated/schnieders/maemmad/pKa_GNN/ffx_pipeline/data/sge_jobs/1FMH_titrate_pH4.4.job,dry-run,generated,
1FMH,6.45,titration,/Dedicated/schnieders/maemmad/pKa_GNN/ffx_pipeline/data/sge_jobs/1FMH_titrate_pH6.45.job,dry-run,generated,
1FMH,8.55,titration,/Dedicated/schnieders/maemmad/pKa_GNN/ffx_pipeline/data/sge_jobs/1FMH_titrate_pH8.55.job,dry-run,generated,
1FNA,,rotamer,/Dedicated/schnieders/maemmad/pKa_GNN/ffx_pipeline/data/sge_jobs/1FNA_rotamer.job,dry-run,generated,
1FNA,3.94,titration,/Dedicated/schnieders/maemmad/pKa_GNN/ffx_pipeline/data/sge_jobs/1FNA_titrate_pH3.94.job,dry-run,generated,
1FNA,4.4,titration,/Dedicated/schnieders/maemmad/pKa_GNN/ffx_pipeline/data/sge_jobs/1FNA_titrate_pH4.4.job,dry-run,generated,
1FNA,6.45,titration,/Dedicated/schnieders/maemmad/pKa_GNN/ffx_pipeline/data/sge_jobs/1FNA_titrate_pH6.45.job,dry-run,generated,
1FNA,8.55,titration,/Dedicated/schnieders/maemmad/pKa_GNN/ffx_pipeline/data/sge_jobs/1FNA_titrate_pH8.55.job,dry-run,generated,
1FOV,,rotamer,/Dedicated/schnieders/maemmad/pKa_GNN/ffx_pipeline/data/sge_jobs/1FOV_rotamer.job,dry-run,generated,
1FOV,3.94,titration,/Dedicated/schnieders/maemmad/pKa_GNN/ffx_pipeline/data/sge_jobs/1FOV_titrate_pH3.94.job,dry-run,generated,
1FOV,4.4,titration,/Dedicated/schnieders/maemmad/pKa_GNN/ffx_pipeline/data/sge_jobs/1FOV_titrate_pH4.4.job,dry-run,generated,
1FOV,6.45,titration,/Dedicated/schnieders/maemmad/pKa_GNN/ffx_pipeline/data/sge_jobs/1FOV_titrate_pH6.45.job,dry-run,generated,
1FOV,8.55,titration,/Dedicated/schnieders/maemmad/pKa_GNN/ffx_pipeline/data/sge_jobs/1FOV_titrate_pH8.55.job,dry-run,generated,
1GS9,,rotamer,/Dedicated/schnieders/maemmad/pKa_GNN/ffx_pipeline/data/sge_jobs/1GS9_rotamer.job,dry-run,generated,
1GS9,3.94,titration,/Dedicated/schnieders/maemmad/pKa_GNN/ffx_pipeline/data/sge_jobs/1GS9_titrate_pH3.94.job,dry-run,generated,
1GS9,4.4,titration,/Dedicated/schnieders/maemmad/pKa_GNN/ffx_pipeline/data/sge_jobs/1GS9_titrate_pH4.4.job,dry-run,generated,
1GS9,6.45,titration,/Dedicated/schnieders/maemmad/pKa_GNN/ffx_pipeline/data/sge_jobs/1GS9_titrate_pH6.45.job,dry-run,generated,
1GS9,8.55,titration,/Dedicated/schnieders/maemmad/pKa_GNN/ffx_pipeline/data/sge_jobs/1GS9_titrate_pH8.55.job,dry-run,generated,
1GYM,,rotamer,/Dedicated/schnieders/maemmad/pKa_GNN/ffx_pipeline/data/sge_jobs/1GYM_rotamer.job,dry-run,generated,
1GYM,3.94,titration,/Dedicated/schnieders/maemmad/pKa_GNN/ffx_pipeline/data/sge_jobs/1GYM_titrate_pH3.94.job,dry-run,generated,
1GYM,4.4,titration,/Dedicated/schnieders/maemmad/pKa_GNN/ffx_pipeline/data/sge_jobs/1GYM_titrate_pH4.4.job,dry-run,generated,
1GYM,6.45,titration,/Dedicated/schnieders/maemmad/pKa_GNN/ffx_pipeline/data/sge_jobs/1GYM_titrate_pH6.45.job,dry-run,generated,
1GYM,8.55,titration,/Dedicated/schnieders/maemmad/pKa_GNN/ffx_pipeline/data/sge_jobs/1GYM_titrate_pH8.55.job,dry-run,generated,
1HIC,,rotamer,/Dedicated/schnieders/maemmad/pKa_GNN/ffx_pipeline/data/sge_jobs/1HIC_rotamer.job,dry-run,generated,
1HIC,3.94,titration,/Dedicated/schnieders/maemmad/pKa_GNN/ffx_pipeline/data/sge_jobs/1HIC_titrate_pH3.94.job,dry-run,generated,
1HIC,4.4,titration,/Dedicated/schnieders/maemmad/pKa_GNN/ffx_pipeline/data/sge_jobs/1HIC_titrate_pH4.4.job,dry-run,generated,
1HIC,6.45,titration,/Dedicated/schnieders/maemmad/pKa_GNN/ffx_pipeline/data/sge_jobs/1HIC_titrate_pH6.45.job,dry-run,generated,
1HIC,8.55,titration,/Dedicated/schnieders/maemmad/pKa_GNN/ffx_pipeline/data/sge_jobs/1HIC_titrate_pH8.55.job,dry-run,generated,
1HRC,,rotamer,/Dedicated/schnieders/maemmad/pKa_GNN/ffx_pipeline/data/sge_jobs/1HRC_rotamer.job,dry-run,generated,
1HRC,3.94,titration,/Dedicated/schnieders/maemmad/pKa_GNN/ffx_pipeline/data/sge_jobs/1HRC_titrate_pH3.94.job,dry-run,generated,
1HRC,4.4,titration,/Dedicated/schnieders/maemmad/pKa_GNN/ffx_pipeline/data/sge_jobs/1HRC_titrate_pH4.4.job,dry-run,generated,
1HRC,6.45,titration,/Dedicated/schnieders/maemmad/pKa_GNN/ffx_pipeline/data/sge_jobs/1HRC_titrate_pH6.45.job,dry-run,generated,
1HRC,8.55,titration,/Dedicated/schnieders/maemmad/pKa_GNN/ffx_pipeline/data/sge_jobs/1HRC_titrate_pH8.55.job,dry-run,generated,
1I0E,,rotamer,/Dedicated/schnieders/maemmad/pKa_GNN/ffx_pipeline/data/sge_jobs/1I0E_rotamer.job,dry-run,generated,
1I0E,3.94,titration,/Dedicated/schnieders/maemmad/pKa_GNN/ffx_pipeline/data/sge_jobs/1I0E_titrate_pH3.94.job,dry-run,generated,
1I0E,4.4,titration,/Dedicated/schnieders/maemmad/pKa_GNN/ffx_pipeline/data/sge_jobs/1I0E_titrate_pH4.4.job,dry-run,generated,
1I0E,6.45,titration,/Dedicated/schnieders/maemmad/pKa_GNN/ffx_pipeline/data/sge_jobs/1I0E_titrate_pH6.45.job,dry-run,generated,
1I0E,8.55,titration,/Dedicated/schnieders/maemmad/pKa_GNN/ffx_pipeline/data/sge_jobs/1I0E_titrate_pH8.55.job,dry-run,generated,
1I7K,,rotamer,/Dedicated/schnieders/maemmad/pKa_GNN/ffx_pipeline/data/sge_jobs/1I7K_rotamer.job,dry-run,generated,
1I7K,3.94,titration,/Dedicated/schnieders/maemmad/pKa_GNN/ffx_pipeline/data/sge_jobs/1I7K_titrate_pH3.94.job,dry-run,generated,
1I7K,4.4,titration,/Dedicated/schnieders/maemmad/pKa_GNN/ffx_pipeline/data/sge_jobs/1I7K_titrate_pH4.4.job,dry-run,generated,
1I7K,6.45,titration,/Dedicated/schnieders/maemmad/pKa_GNN/ffx_pipeline/data/sge_jobs/1I7K_titrate_pH6.45.job,dry-run,generated,
1I7K,8.55,titration,/Dedicated/schnieders/maemmad/pKa_GNN/ffx_pipeline/data/sge_jobs/1I7K_titrate_pH8.55.job,dry-run,generated,
1IGD,,rotamer,/Dedicated/schnieders/maemmad/pKa_GNN/ffx_pipeline/data/sge_jobs/1IGD_rotamer.job,dry-run,generated,
1IGD,3.94,titration,/Dedicated/schnieders/maemmad/pKa_GNN/ffx_pipeline/data/sge_jobs/1IGD_titrate_pH3.94.job,dry-run,generated,
1IGD,4.4,titration,/Dedicated/schnieders/maemmad/pKa_GNN/ffx_pipeline/data/sge_jobs/1IGD_titrate_pH4.4.job,dry-run,generated,
1IGD,6.45,titration,/Dedicated/schnieders/maemmad/pKa_GNN/ffx_pipeline/data/sge_jobs/1IGD_titrate_pH6.45.job,dry-run,generated,
1IGD,8.55,titration,/Dedicated/schnieders/maemmad/pKa_GNN/ffx_pipeline/data/sge_jobs/1IGD_titrate_pH8.55.job,dry-run,generated,
1JAS,,rotamer,/Dedicated/schnieders/maemmad/pKa_GNN/ffx_pipeline/data/sge_jobs/1JAS_rotamer.job,dry-run,generated,
1JAS,3.94,titration,/Dedicated/schnieders/maemmad/pKa_GNN/ffx_pipeline/data/sge_jobs/1JAS_titrate_pH3.94.job,dry-run,generated,
1JAS,4.4,titration,/Dedicated/schnieders/maemmad/pKa_GNN/ffx_pipeline/data/sge_jobs/1JAS_titrate_pH4.4.job,dry-run,generated,
1JAS,6.45,titration,/Dedicated/schnieders/maemmad/pKa_GNN/ffx_pipeline/data/sge_jobs/1JAS_titrate_pH6.45.job,dry-run,generated,
1JAS,8.55,titration,/Dedicated/schnieders/maemmad/pKa_GNN/ffx_pipeline/data/sge_jobs/1JAS_titrate_pH8.55.job,dry-run,generated,
1JBB,,rotamer,/Dedicated/schnieders/maemmad/pKa_GNN/ffx_pipeline/data/sge_jobs/1JBB_rotamer.job,dry-run,generated,
1JBB,3.94,titration,/Dedicated/schnieders/maemmad/pKa_GNN/ffx_pipeline/data/sge_jobs/1JBB_titrate_pH3.94.job,dry-run,generated,
1JBB,4.4,titration,/Dedicated/schnieders/maemmad/pKa_GNN/ffx_pipeline/data/sge_jobs/1JBB_titrate_pH4.4.job,dry-run,generated,
1JBB,6.45,titration,/Dedicated/schnieders/maemmad/pKa_GNN/ffx_pipeline/data/sge_jobs/1JBB_titrate_pH6.45.job,dry-run,generated,
1JBB,8.55,titration,/Dedicated/schnieders/maemmad/pKa_GNN/ffx_pipeline/data/sge_jobs/1JBB_titrate_pH8.55.job,dry-run,generated,
1JHB,,rotamer,/Dedicated/schnieders/maemmad/pKa_GNN/ffx_pipeline/data/sge_jobs/1JHB_rotamer.job,dry-run,generated,
1JHB,3.94,titration,/Dedicated/schnieders/maemmad/pKa_GNN/ffx_pipeline/data/sge_jobs/1JHB_titrate_pH3.94.job,dry-run,generated,
1JHB,4.4,titration,/Dedicated/schnieders/maemmad/pKa_GNN/ffx_pipeline/data/sge_jobs/1JHB_titrate_pH4.4.job,dry-run,generated,
1JHB,6.45,titration,/Dedicated/schnieders/maemmad/pKa_GNN/ffx_pipeline/data/sge_jobs/1JHB_titrate_pH6.45.job,dry-run,generated,
1JHB,8.55,titration,/Dedicated/schnieders/maemmad/pKa_GNN/ffx_pipeline/data/sge_jobs/1JHB_titrate_pH8.55.job,dry-run,generated,
1KTE,,rotamer,/Dedicated/schnieders/maemmad/pKa_GNN/ffx_pipeline/data/sge_jobs/1KTE_rotamer.job,dry-run,generated,
1KTE,3.94,titration,/Dedicated/schnieders/maemmad/pKa_GNN/ffx_pipeline/data/sge_jobs/1KTE_titrate_pH3.94.job,dry-run,generated,
1KTE,4.4,titration,/Dedicated/schnieders/maemmad/pKa_GNN/ffx_pipeline/data/sge_jobs/1KTE_titrate_pH4.4.job,dry-run,generated,
1KTE,6.45,titration,/Dedicated/schnieders/maemmad/pKa_GNN/ffx_pipeline/data/sge_jobs/1KTE_titrate_pH6.45.job,dry-run,generated,
1KTE,8.55,titration,/Dedicated/schnieders/maemmad/pKa_GNN/ffx_pipeline/data/sge_jobs/1KTE_titrate_pH8.55.job,dry-run,generated,
1KVR,,rotamer,/Dedicated/schnieders/maemmad/pKa_GNN/ffx_pipeline/data/sge_jobs/1KVR_rotamer.job,dry-run,generated,
1KVR,3.94,titration,/Dedicated/schnieders/maemmad/pKa_GNN/ffx_pipeline/data/sge_jobs/1KVR_titrate_pH3.94.job,dry-run,generated,
1KVR,4.4,titration,/Dedicated/schnieders/maemmad/pKa_GNN/ffx_pipeline/data/sge_jobs/1KVR_titrate_pH4.4.job,dry-run,generated,
1KVR,6.45,titration,/Dedicated/schnieders/maemmad/pKa_GNN/ffx_pipeline/data/sge_jobs/1KVR_titrate_pH6.45.job,dry-run,generated,
1KVR,8.55,titration,/Dedicated/schnieders/maemmad/pKa_GNN/ffx_pipeline/data/sge_jobs/1KVR_titrate_pH8.55.job,dry-run,generated,
1KXI,,rotamer,/Dedicated/schnieders/maemmad/pKa_GNN/ffx_pipeline/data/sge_jobs/1KXI_rotamer.job,dry-run,generated,
1KXI,3.94,titration,/Dedicated/schnieders/maemmad/pKa_GNN/ffx_pipeline/data/sge_jobs/1KXI_titrate_pH3.94.job,dry-run,generated,
1KXI,4.4,titration,/Dedicated/schnieders/maemmad/pKa_GNN/ffx_pipeline/data/sge_jobs/1KXI_titrate_pH4.4.job,dry-run,generated,
1KXI,6.45,titration,/Dedicated/schnieders/maemmad/pKa_GNN/ffx_pipeline/data/sge_jobs/1KXI_titrate_pH6.45.job,dry-run,generated,
1KXI,8.55,titration,/Dedicated/schnieders/maemmad/pKa_GNN/ffx_pipeline/data/sge_jobs/1KXI_titrate_pH8.55.job,dry-run,generated,
1L54,,rotamer,/Dedicated/schnieders/maemmad/pKa_GNN/ffx_pipeline/data/sge_jobs/1L54_rotamer.job,dry-run,generated,
1L54,3.94,titration,/Dedicated/schnieders/maemmad/pKa_GNN/ffx_pipeline/data/sge_jobs/1L54_titrate_pH3.94.job,dry-run,generated,
1L54,4.4,titration,/Dedicated/schnieders/maemmad/pKa_GNN/ffx_pipeline/data/sge_jobs/1L54_titrate_pH4.4.job,dry-run,generated,
1L54,6.45,titration,/Dedicated/schnieders/maemmad/pKa_GNN/ffx_pipeline/data/sge_jobs/1L54_titrate_pH6.45.job,dry-run,generated,
1L54,8.55,titration,/Dedicated/schnieders/maemmad/pKa_GNN/ffx_pipeline/data/sge_jobs/1L54_titrate_pH8.55.job,dry-run,generated,
1L98,,rotamer,/Dedicated/schnieders/maemmad/pKa_GNN/ffx_pipeline/data/sge_jobs/1L98_rotamer.job,dry-run,generated,
1L98,3.94,titration,/Dedicated/schnieders/maemmad/pKa_GNN/ffx_pipeline/data/sge_jobs/1L98_titrate_pH3.94.job,dry-run,generated,
1L98,4.4,titration,/Dedicated/schnieders/maemmad/pKa_GNN/ffx_pipeline/data/sge_jobs/1L98_titrate_pH4.4.job,dry-run,generated,
1L98,6.45,titration,/Dedicated/schnieders/maemmad/pKa_GNN/ffx_pipeline/data/sge_jobs/1L98_titrate_pH6.45.job,dry-run,generated,
1L98,8.55,titration,/Dedicated/schnieders/maemmad/pKa_GNN/ffx_pipeline/data/sge_jobs/1L98_titrate_pH8.55.job,dry-run,generated,
1LJU,,rotamer,/Dedicated/schnieders/maemmad/pKa_GNN/ffx_pipeline/data/sge_jobs/1LJU_rotamer.job,dry-run,generated,
1LJU,3.94,titration,/Dedicated/schnieders/maemmad/pKa_GNN/ffx_pipeline/data/sge_jobs/1LJU_titrate_pH3.94.job,dry-run,generated,
1LJU,4.4,titration,/Dedicated/schnieders/maemmad/pKa_GNN/ffx_pipeline/data/sge_jobs/1LJU_titrate_pH4.4.job,dry-run,generated,
1LJU,6.45,titration,/Dedicated/schnieders/maemmad/pKa_GNN/ffx_pipeline/data/sge_jobs/1LJU_titrate_pH6.45.job,dry-run,generated,
1LJU,8.55,titration,/Dedicated/schnieders/maemmad/pKa_GNN/ffx_pipeline/data/sge_jobs/1LJU_titrate_pH8.55.job,dry-run,generated,
1LNI,,rotamer,/Dedicated/schnieders/maemmad/pKa_GNN/ffx_pipeline/data/sge_jobs/1LNI_rotamer.job,dry-run,generated,
1LNI,3.94,titration,/Dedicated/schnieders/maemmad/pKa_GNN/ffx_pipeline/data/sge_jobs/1LNI_titrate_pH3.94.job,dry-run,generated,
1LNI,4.4,titration,/Dedicated/schnieders/maemmad/pKa_GNN/ffx_pipeline/data/sge_jobs/1LNI_titrate_pH4.4.job,dry-run,generated,
1LNI,6.45,titration,/Dedicated/schnieders/maemmad/pKa_GNN/ffx_pipeline/data/sge_jobs/1LNI_titrate_pH6.45.job,dry-run,generated,
1LNI,8.55,titration,/Dedicated/schnieders/maemmad/pKa_GNN/ffx_pipeline/data/sge_jobs/1LNI_titrate_pH8.55.job,dry-run,generated,
1LZ1,,rotamer,/Dedicated/schnieders/maemmad/pKa_GNN/ffx_pipeline/data/sge_jobs/1LZ1_rotamer.job,dry-run,generated,
1LZ1,3.94,titration,/Dedicated/schnieders/maemmad/pKa_GNN/ffx_pipeline/data/sge_jobs/1LZ1_titrate_pH3.94.job,dry-run,generated,
1LZ1,4.4,titration,/Dedicated/schnieders/maemmad/pKa_GNN/ffx_pipeline/data/sge_jobs/1LZ1_titrate_pH4.4.job,dry-run,generated,
1LZ1,6.45,titration,/Dedicated/schnieders/maemmad/pKa_GNN/ffx_pipeline/data/sge_jobs/1LZ1_titrate_pH6.45.job,dry-run,generated,
1LZ1,8.55,titration,/Dedicated/schnieders/maemmad/pKa_GNN/ffx_pipeline/data/sge_jobs/1LZ1_titrate_pH8.55.job,dry-run,generated,
1MBC,,rotamer,/Dedicated/schnieders/maemmad/pKa_GNN/ffx_pipeline/data/sge_jobs/1MBC_rotamer.job,dry-run,generated,
1MBC,3.94,titration,/Dedicated/schnieders/maemmad/pKa_GNN/ffx_pipeline/data/sge_jobs/1MBC_titrate_pH3.94.job,dry-run,generated,
1MBC,4.4,titration,/Dedicated/schnieders/maemmad/pKa_GNN/ffx_pipeline/data/sge_jobs/1MBC_titrate_pH4.4.job,dry-run,generated,
1MBC,6.45,titration,/Dedicated/schnieders/maemmad/pKa_GNN/ffx_pipeline/data/sge_jobs/1MBC_titrate_pH6.45.job,dry-run,generated,
1MBC,8.55,titration,/Dedicated/schnieders/maemmad/pKa_GNN/ffx_pipeline/data/sge_jobs/1MBC_titrate_pH8.55.job,dry-run,generated,
1MEK,,rotamer,/Dedicated/schnieders/maemmad/pKa_GNN/ffx_pipeline/data/sge_jobs/1MEK_rotamer.job,dry-run,generated,
1MEK,3.94,titration,/Dedicated/schnieders/maemmad/pKa_GNN/ffx_pipeline/data/sge_jobs/1MEK_titrate_pH3.94.job,dry-run,generated,
1MEK,4.4,titration,/Dedicated/schnieders/maemmad/pKa_GNN/ffx_pipeline/data/sge_jobs/1MEK_titrate_pH4.4.job,dry-run,generated,
1MEK,6.45,titration,/Dedicated/schnieders/maemmad/pKa_GNN/ffx_pipeline/data/sge_jobs/1MEK_titrate_pH6.45.job,dry-run,generated,
1MEK,8.55,titration,/Dedicated/schnieders/maemmad/pKa_GNN/ffx_pipeline/data/sge_jobs/1MEK_titrate_pH8.55.job,dry-run,generated,
1MUT,,rotamer,/Dedicated/schnieders/maemmad/pKa_GNN/ffx_pipeline/data/sge_jobs/1MUT_rotamer.job,dry-run,generated,
1MUT,3.94,titration,/Dedicated/schnieders/maemmad/pKa_GNN/ffx_pipeline/data/sge_jobs/1MUT_titrate_pH3.94.job,dry-run,generated,
1MUT,4.4,titration,/Dedicated/schnieders/maemmad/pKa_GNN/ffx_pipeline/data/sge_jobs/1MUT_titrate_pH4.4.job,dry-run,generated,
1MUT,6.45,titration,/Dedicated/schnieders/maemmad/pKa_GNN/ffx_pipeline/data/sge_jobs/1MUT_titrate_pH6.45.job,dry-run,generated,
1MUT,8.55,titration,/Dedicated/schnieders/maemmad/pKa_GNN/ffx_pipeline/data/sge_jobs/1MUT_titrate_pH8.55.job,dry-run,generated,
1NLX,,rotamer,/Dedicated/schnieders/maemmad/pKa_GNN/ffx_pipeline/data/sge_jobs/1NLX_rotamer.job,dry-run,generated,
1NLX,3.94,titration,/Dedicated/schnieders/maemmad/pKa_GNN/ffx_pipeline/data/sge_jobs/1NLX_titrate_pH3.94.job,dry-run,generated,
1NLX,4.4,titration,/Dedicated/schnieders/maemmad/pKa_GNN/ffx_pipeline/data/sge_jobs/1NLX_titrate_pH4.4.job,dry-run,generated,
1NLX,6.45,titration,/Dedicated/schnieders/maemmad/pKa_GNN/ffx_pipeline/data/sge_jobs/1NLX_titrate_pH6.45.job,dry-run,generated,
1NLX,8.55,titration,/Dedicated/schnieders/maemmad/pKa_GNN/ffx_pipeline/data/sge_jobs/1NLX_titrate_pH8.55.job,dry-run,generated,
1O73,,rotamer,/Dedicated/schnieders/maemmad/pKa_GNN/ffx_pipeline/data/sge_jobs/1O73_rotamer.job,dry-run,generated,
1O73,3.94,titration,/Dedicated/schnieders/maemmad/pKa_GNN/ffx_pipeline/data/sge_jobs/1O73_titrate_pH3.94.job,dry-run,generated,
1O73,4.4,titration,/Dedicated/schnieders/maemmad/pKa_GNN/ffx_pipeline/data/sge_jobs/1O73_titrate_pH4.4.job,dry-run,generated,
1O73,6.45,titration,/Dedicated/schnieders/maemmad/pKa_GNN/ffx_pipeline/data/sge_jobs/1O73_titrate_pH6.45.job,dry-run,generated,
1O73,8.55,titration,/Dedicated/schnieders/maemmad/pKa_GNN/ffx_pipeline/data/sge_jobs/1O73_titrate_pH8.55.job,dry-run,generated,
1P5F,,rotamer,/Dedicated/schnieders/maemmad/pKa_GNN/ffx_pipeline/data/sge_jobs/1P5F_rotamer.job,dry-run,generated,
1P5F,3.94,titration,/Dedicated/schnieders/maemmad/pKa_GNN/ffx_pipeline/data/sge_jobs/1P5F_titrate_pH3.94.job,dry-run,generated,
1P5F,4.4,titration,/Dedicated/schnieders/maemmad/pKa_GNN/ffx_pipeline/data/sge_jobs/1P5F_titrate_pH4.4.job,dry-run,generated,
1P5F,6.45,titration,/Dedicated/schnieders/maemmad/pKa_GNN/ffx_pipeline/data/sge_jobs/1P5F_titrate_pH6.45.job,dry-run,generated,
1P5F,8.55,titration,/Dedicated/schnieders/maemmad/pKa_GNN/ffx_pipeline/data/sge_jobs/1P5F_titrate_pH8.55.job,dry-run,generated,
1PGB,,rotamer,/Dedicated/schnieders/maemmad/pKa_GNN/ffx_pipeline/data/sge_jobs/1PGB_rotamer.job,dry-run,generated,
1PGB,3.94,titration,/Dedicated/schnieders/maemmad/pKa_GNN/ffx_pipeline/data/sge_jobs/1PGB_titrate_pH3.94.job,dry-run,generated,
1PGB,4.4,titration,/Dedicated/schnieders/maemmad/pKa_GNN/ffx_pipeline/data/sge_jobs/1PGB_titrate_pH4.4.job,dry-run,generated,
1PGB,6.45,titration,/Dedicated/schnieders/maemmad/pKa_GNN/ffx_pipeline/data/sge_jobs/1PGB_titrate_pH6.45.job,dry-run,generated,
1PGB,8.55,titration,/Dedicated/schnieders/maemmad/pKa_GNN/ffx_pipeline/data/sge_jobs/1PGB_titrate_pH8.55.job,dry-run,generated,
1POH,,rotamer,/Dedicated/schnieders/maemmad/pKa_GNN/ffx_pipeline/data/sge_jobs/1POH_rotamer.job,dry-run,generated,
1POH,3.94,titration,/Dedicated/schnieders/maemmad/pKa_GNN/ffx_pipeline/data/sge_jobs/1POH_titrate_pH3.94.job,dry-run,generated,
1POH,4.4,titration,/Dedicated/schnieders/maemmad/pKa_GNN/ffx_pipeline/data/sge_jobs/1POH_titrate_pH4.4.job,dry-run,generated,
1POH,6.45,titration,/Dedicated/schnieders/maemmad/pKa_GNN/ffx_pipeline/data/sge_jobs/1POH_titrate_pH6.45.job,dry-run,generated,
1POH,8.55,titration,/Dedicated/schnieders/maemmad/pKa_GNN/ffx_pipeline/data/sge_jobs/1POH_titrate_pH8.55.job,dry-run,generated,
1PPF,,rotamer,/Dedicated/schnieders/maemmad/pKa_GNN/ffx_pipeline/data/sge_jobs/1PPF_rotamer.job,dry-run,generated,
1PPF,3.94,titration,/Dedicated/schnieders/maemmad/pKa_GNN/ffx_pipeline/data/sge_jobs/1PPF_titrate_pH3.94.job,dry-run,generated,
1PPF,4.4,titration,/Dedicated/schnieders/maemmad/pKa_GNN/ffx_pipeline/data/sge_jobs/1PPF_titrate_pH4.4.job,dry-run,generated,
1PPF,6.45,titration,/Dedicated/schnieders/maemmad/pKa_GNN/ffx_pipeline/data/sge_jobs/1PPF_titrate_pH6.45.job,dry-run,generated,
1PPF,8.55,titration,/Dedicated/schnieders/maemmad/pKa_GNN/ffx_pipeline/data/sge_jobs/1PPF_titrate_pH8.55.job,dry-run,generated,
1PPN,,rotamer,/Dedicated/schnieders/maemmad/pKa_GNN/ffx_pipeline/data/sge_jobs/1PPN_rotamer.job,dry-run,generated,
1PPN,3.94,titration,/Dedicated/schnieders/maemmad/pKa_GNN/ffx_pipeline/data/sge_jobs/1PPN_titrate_pH3.94.job,dry-run,generated,
1PPN,4.4,titration,/Dedicated/schnieders/maemmad/pKa_GNN/ffx_pipeline/data/sge_jobs/1PPN_titrate_pH4.4.job,dry-run,generated,
1PPN,6.45,titration,/Dedicated/schnieders/maemmad/pKa_GNN/ffx_pipeline/data/sge_jobs/1PPN_titrate_pH6.45.job,dry-run,generated,
1PPN,8.55,titration,/Dedicated/schnieders/maemmad/pKa_GNN/ffx_pipeline/data/sge_jobs/1PPN_titrate_pH8.55.job,dry-run,generated,
1PPO,,rotamer,/Dedicated/schnieders/maemmad/pKa_GNN/ffx_pipeline/data/sge_jobs/1PPO_rotamer.job,dry-run,generated,
1PPO,3.94,titration,/Dedicated/schnieders/maemmad/pKa_GNN/ffx_pipeline/data/sge_jobs/1PPO_titrate_pH3.94.job,dry-run,generated,
1PPO,4.4,titration,/Dedicated/schnieders/maemmad/pKa_GNN/ffx_pipeline/data/sge_jobs/1PPO_titrate_pH4.4.job,dry-run,generated,
1PPO,6.45,titration,/Dedicated/schnieders/maemmad/pKa_GNN/ffx_pipeline/data/sge_jobs/1PPO_titrate_pH6.45.job,dry-run,generated,
1PPO,8.55,titration,/Dedicated/schnieders/maemmad/pKa_GNN/ffx_pipeline/data/sge_jobs/1PPO_titrate_pH8.55.job,dry-run,generated,
1PRW,,rotamer,/Dedicated/schnieders/maemmad/pKa_GNN/ffx_pipeline/data/sge_jobs/1PRW_rotamer.job,dry-run,generated,
1PRW,3.94,titration,/Dedicated/schnieders/maemmad/pKa_GNN/ffx_pipeline/data/sge_jobs/1PRW_titrate_pH3.94.job,dry-run,generated,
1PRW,4.4,titration,/Dedicated/schnieders/maemmad/pKa_GNN/ffx_pipeline/data/sge_jobs/1PRW_titrate_pH4.4.job,dry-run,generated,
1PRW,6.45,titration,/Dedicated/schnieders/maemmad/pKa_GNN/ffx_pipeline/data/sge_jobs/1PRW_titrate_pH6.45.job,dry-run,generated,
1PRW,8.55,titration,/Dedicated/schnieders/maemmad/pKa_GNN/ffx_pipeline/data/sge_jobs/1PRW_titrate_pH8.55.job,dry-run,generated,
1QH7,,rotamer,/Dedicated/schnieders/maemmad/pKa_GNN/ffx_pipeline/data/sge_jobs/1QH7_rotamer.job,dry-run,generated,
1QH7,3.94,titration,/Dedicated/schnieders/maemmad/pKa_GNN/ffx_pipeline/data/sge_jobs/1QH7_titrate_pH3.94.job,dry-run,generated,
1QH7,4.4,titration,/Dedicated/schnieders/maemmad/pKa_GNN/ffx_pipeline/data/sge_jobs/1QH7_titrate_pH4.4.job,dry-run,generated,
1QH7,6.45,titration,/Dedicated/schnieders/maemmad/pKa_GNN/ffx_pipeline/data/sge_jobs/1QH7_titrate_pH6.45.job,dry-run,generated,
1QH7,8.55,titration,/Dedicated/schnieders/maemmad/pKa_GNN/ffx_pipeline/data/sge_jobs/1QH7_titrate_pH8.55.job,dry-run,generated,
1QK1,,rotamer,/Dedicated/schnieders/maemmad/pKa_GNN/ffx_pipeline/data/sge_jobs/1QK1_rotamer.job,dry-run,generated,
1QK1,3.94,titration,/Dedicated/schnieders/maemmad/pKa_GNN/ffx_pipeline/data/sge_jobs/1QK1_titrate_pH3.94.job,dry-run,generated,
1QK1,4.4,titration,/Dedicated/schnieders/maemmad/pKa_GNN/ffx_pipeline/data/sge_jobs/1QK1_titrate_pH4.4.job,dry-run,generated,
1QK1,6.45,titration,/Dedicated/schnieders/maemmad/pKa_GNN/ffx_pipeline/data/sge_jobs/1QK1_titrate_pH6.45.job,dry-run,generated,
1QK1,8.55,titration,/Dedicated/schnieders/maemmad/pKa_GNN/ffx_pipeline/data/sge_jobs/1QK1_titrate_pH8.55.job,dry-run,generated,
1QLP,,rotamer,/Dedicated/schnieders/maemmad/pKa_GNN/ffx_pipeline/data/sge_jobs/1QLP_rotamer.job,dry-run,generated,
1QLP,3.94,titration,/Dedicated/schnieders/maemmad/pKa_GNN/ffx_pipeline/data/sge_jobs/1QLP_titrate_pH3.94.job,dry-run,generated,
1QLP,4.4,titration,/Dedicated/schnieders/maemmad/pKa_GNN/ffx_pipeline/data/sge_jobs/1QLP_titrate_pH4.4.job,dry-run,generated,
1QLP,6.45,titration,/Dedicated/schnieders/maemmad/pKa_GNN/ffx_pipeline/data/sge_jobs/1QLP_titrate_pH6.45.job,dry-run,generated,
1QLP,8.55,titration,/Dedicated/schnieders/maemmad/pKa_GNN/ffx_pipeline/data/sge_jobs/1QLP_titrate_pH8.55.job,dry-run,generated,
1QT8,,rotamer,/Dedicated/schnieders/maemmad/pKa_GNN/ffx_pipeline/data/sge_jobs/1QT8_rotamer.job,dry-run,generated,
1QT8,3.94,titration,/Dedicated/schnieders/maemmad/pKa_GNN/ffx_pipeline/data/sge_jobs/1QT8_titrate_pH3.94.job,dry-run,generated,
1QT8,4.4,titration,/Dedicated/schnieders/maemmad/pKa_GNN/ffx_pipeline/data/sge_jobs/1QT8_titrate_pH4.4.job,dry-run,generated,
1QT8,6.45,titration,/Dedicated/schnieders/maemmad/pKa_GNN/ffx_pipeline/data/sge_jobs/1QT8_titrate_pH6.45.job,dry-run,generated,
1QT8,8.55,titration,/Dedicated/schnieders/maemmad/pKa_GNN/ffx_pipeline/data/sge_jobs/1QT8_titrate_pH8.55.job,dry-run,generated,
1ST9,,rotamer,/Dedicated/schnieders/maemmad/pKa_GNN/ffx_pipeline/data/sge_jobs/1ST9_rotamer.job,dry-run,generated,
1ST9,3.94,titration,/Dedicated/schnieders/maemmad/pKa_GNN/ffx_pipeline/data/sge_jobs/1ST9_titrate_pH3.94.job,dry-run,generated,
1ST9,4.4,titration,/Dedicated/schnieders/maemmad/pKa_GNN/ffx_pipeline/data/sge_jobs/1ST9_titrate_pH4.4.job,dry-run,generated,
1ST9,6.45,titration,/Dedicated/schnieders/maemmad/pKa_GNN/ffx_pipeline/data/sge_jobs/1ST9_titrate_pH6.45.job,dry-run,generated,
1ST9,8.55,titration,/Dedicated/schnieders/maemmad/pKa_GNN/ffx_pipeline/data/sge_jobs/1ST9_titrate_pH8.55.job,dry-run,generated,
1STN,,rotamer,/Dedicated/schnieders/maemmad/pKa_GNN/ffx_pipeline/data/sge_jobs/1STN_rotamer.job,dry-run,generated,
1STN,3.94,titration,/Dedicated/schnieders/maemmad/pKa_GNN/ffx_pipeline/data/sge_jobs/1STN_titrate_pH3.94.job,dry-run,generated,
1STN,4.4,titration,/Dedicated/schnieders/maemmad/pKa_GNN/ffx_pipeline/data/sge_jobs/1STN_titrate_pH4.4.job,dry-run,generated,
1STN,6.45,titration,/Dedicated/schnieders/maemmad/pKa_GNN/ffx_pipeline/data/sge_jobs/1STN_titrate_pH6.45.job,dry-run,generated,
1STN,8.55,titration,/Dedicated/schnieders/maemmad/pKa_GNN/ffx_pipeline/data/sge_jobs/1STN_titrate_pH8.55.job,dry-run,generated,
1SU9,,rotamer,/Dedicated/schnieders/maemmad/pKa_GNN/ffx_pipeline/data/sge_jobs/1SU9_rotamer.job,dry-run,generated,
1SU9,3.94,titration,/Dedicated/schnieders/maemmad/pKa_GNN/ffx_pipeline/data/sge_jobs/1SU9_titrate_pH3.94.job,dry-run,generated,
1SU9,4.4,titration,/Dedicated/schnieders/maemmad/pKa_GNN/ffx_pipeline/data/sge_jobs/1SU9_titrate_pH4.4.job,dry-run,generated,
1SU9,6.45,titration,/Dedicated/schnieders/maemmad/pKa_GNN/ffx_pipeline/data/sge_jobs/1SU9_titrate_pH6.45.job,dry-run,generated,
1SU9,8.55,titration,/Dedicated/schnieders/maemmad/pKa_GNN/ffx_pipeline/data/sge_jobs/1SU9_titrate_pH8.55.job,dry-run,generated,
1THE,,rotamer,/Dedicated/schnieders/maemmad/pKa_GNN/ffx_pipeline/data/sge_jobs/1THE_rotamer.job,dry-run,generated,
1THE,3.94,titration,/Dedicated/schnieders/maemmad/pKa_GNN/ffx_pipeline/data/sge_jobs/1THE_titrate_pH3.94.job,dry-run,generated,
1THE,4.4,titration,/Dedicated/schnieders/maemmad/pKa_GNN/ffx_pipeline/data/sge_jobs/1THE_titrate_pH4.4.job,dry-run,generated,
1THE,6.45,titration,/Dedicated/schnieders/maemmad/pKa_GNN/ffx_pipeline/data/sge_jobs/1THE_titrate_pH6.45.job,dry-run,generated,
1THE,8.55,titration,/Dedicated/schnieders/maemmad/pKa_GNN/ffx_pipeline/data/sge_jobs/1THE_titrate_pH8.55.job,dry-run,generated,
1U2U,,rotamer,/Dedicated/schnieders/maemmad/pKa_GNN/ffx_pipeline/data/sge_jobs/1U2U_rotamer.job,dry-run,generated,
1U2U,3.94,titration,/Dedicated/schnieders/maemmad/pKa_GNN/ffx_pipeline/data/sge_jobs/1U2U_titrate_pH3.94.job,dry-run,generated,
1U2U,4.4,titration,/Dedicated/schnieders/maemmad/pKa_GNN/ffx_pipeline/data/sge_jobs/1U2U_titrate_pH4.4.job,dry-run,generated,
1U2U,6.45,titration,/Dedicated/schnieders/maemmad/pKa_GNN/ffx_pipeline/data/sge_jobs/1U2U_titrate_pH6.45.job,dry-run,generated,
1U2U,8.55,titration,/Dedicated/schnieders/maemmad/pKa_GNN/ffx_pipeline/data/sge_jobs/1U2U_titrate_pH8.55.job,dry-run,generated,
1UBQ,,rotamer,/Dedicated/schnieders/maemmad/pKa_GNN/ffx_pipeline/data/sge_jobs/1UBQ_rotamer.job,dry-run,generated,
1UBQ,3.94,titration,/Dedicated/schnieders/maemmad/pKa_GNN/ffx_pipeline/data/sge_jobs/1UBQ_titrate_pH3.94.job,dry-run,generated,
1UBQ,4.4,titration,/Dedicated/schnieders/maemmad/pKa_GNN/ffx_pipeline/data/sge_jobs/1UBQ_titrate_pH4.4.job,dry-run,generated,
1UBQ,6.45,titration,/Dedicated/schnieders/maemmad/pKa_GNN/ffx_pipeline/data/sge_jobs/1UBQ_titrate_pH6.45.job,dry-run,generated,
1UBQ,8.55,titration,/Dedicated/schnieders/maemmad/pKa_GNN/ffx_pipeline/data/sge_jobs/1UBQ_titrate_pH8.55.job,dry-run,generated,
1V57,,rotamer,/Dedicated/schnieders/maemmad/pKa_GNN/ffx_pipeline/data/sge_jobs/1V57_rotamer.job,dry-run,generated,
1V57,3.94,titration,/Dedicated/schnieders/maemmad/pKa_GNN/ffx_pipeline/data/sge_jobs/1V57_titrate_pH3.94.job,dry-run,generated,
1V57,4.4,titration,/Dedicated/schnieders/maemmad/pKa_GNN/ffx_pipeline/data/sge_jobs/1V57_titrate_pH4.4.job,dry-run,generated,
1V57,6.45,titration,/Dedicated/schnieders/maemmad/pKa_GNN/ffx_pipeline/data/sge_jobs/1V57_titrate_pH6.45.job,dry-run,generated,
1V57,8.55,titration,/Dedicated/schnieders/maemmad/pKa_GNN/ffx_pipeline/data/sge_jobs/1V57_titrate_pH8.55.job,dry-run,generated,
1VII,,rotamer,/Dedicated/schnieders/maemmad/pKa_GNN/ffx_pipeline/data/sge_jobs/1VII_rotamer.job,dry-run,generated,
1VII,3.94,titration,/Dedicated/schnieders/maemmad/pKa_GNN/ffx_pipeline/data/sge_jobs/1VII_titrate_pH3.94.job,dry-run,generated,
1VII,4.4,titration,/Dedicated/schnieders/maemmad/pKa_GNN/ffx_pipeline/data/sge_jobs/1VII_titrate_pH4.4.job,dry-run,generated,
1VII,6.45,titration,/Dedicated/schnieders/maemmad/pKa_GNN/ffx_pipeline/data/sge_jobs/1VII_titrate_pH6.45.job,dry-run,generated,
1VII,8.55,titration,/Dedicated/schnieders/maemmad/pKa_GNN/ffx_pipeline/data/sge_jobs/1VII_titrate_pH8.55.job,dry-run,generated,
1XNB,,rotamer,/Dedicated/schnieders/maemmad/pKa_GNN/ffx_pipeline/data/sge_jobs/1XNB_rotamer.job,dry-run,generated,
1XNB,3.94,titration,/Dedicated/schnieders/maemmad/pKa_GNN/ffx_pipeline/data/sge_jobs/1XNB_titrate_pH3.94.job,dry-run,generated,
1XNB,4.4,titration,/Dedicated/schnieders/maemmad/pKa_GNN/ffx_pipeline/data/sge_jobs/1XNB_titrate_pH4.4.job,dry-run,generated,
1XNB,6.45,titration,/Dedicated/schnieders/maemmad/pKa_GNN/ffx_pipeline/data/sge_jobs/1XNB_titrate_pH6.45.job,dry-run,generated,
1XNB,8.55,titration,/Dedicated/schnieders/maemmad/pKa_GNN/ffx_pipeline/data/sge_jobs/1XNB_titrate_pH8.55.job,dry-run,generated,
1XOB,,rotamer,/Dedicated/schnieders/maemmad/pKa_GNN/ffx_pipeline/data/sge_jobs/1XOB_rotamer.job,dry-run,generated,
1XOB,3.94,titration,/Dedicated/schnieders/maemmad/pKa_GNN/ffx_pipeline/data/sge_jobs/1XOB_titrate_pH3.94.job,dry-run,generated,
1XOB,4.4,titration,/Dedicated/schnieders/maemmad/pKa_GNN/ffx_pipeline/data/sge_jobs/1XOB_titrate_pH4.4.job,dry-run,generated,
1XOB,6.45,titration,/Dedicated/schnieders/maemmad/pKa_GNN/ffx_pipeline/data/sge_jobs/1XOB_titrate_pH6.45.job,dry-run,generated,
1XOB,8.55,titration,/Dedicated/schnieders/maemmad/pKa_GNN/ffx_pipeline/data/sge_jobs/1XOB_titrate_pH8.55.job,dry-run,generated,
1YMB,,rotamer,/Dedicated/schnieders/maemmad/pKa_GNN/ffx_pipeline/data/sge_jobs/1YMB_rotamer.job,dry-run,generated,
1YMB,3.94,titration,/Dedicated/schnieders/maemmad/pKa_GNN/ffx_pipeline/data/sge_jobs/1YMB_titrate_pH3.94.job,dry-run,generated,
1YMB,4.4,titration,/Dedicated/schnieders/maemmad/pKa_GNN/ffx_pipeline/data/sge_jobs/1YMB_titrate_pH4.4.job,dry-run,generated,
1YMB,6.45,titration,/Dedicated/schnieders/maemmad/pKa_GNN/ffx_pipeline/data/sge_jobs/1YMB_titrate_pH6.45.job,dry-run,generated,
1YMB,8.55,titration,/Dedicated/schnieders/maemmad/pKa_GNN/ffx_pipeline/data/sge_jobs/1YMB_titrate_pH8.55.job,dry-run,generated,
1YPH,,rotamer,/Dedicated/schnieders/maemmad/pKa_GNN/ffx_pipeline/data/sge_jobs/1YPH_rotamer.job,dry-run,generated,
1YPH,3.94,titration,/Dedicated/schnieders/maemmad/pKa_GNN/ffx_pipeline/data/sge_jobs/1YPH_titrate_pH3.94.job,dry-run,generated,
1YPH,4.4,titration,/Dedicated/schnieders/maemmad/pKa_GNN/ffx_pipeline/data/sge_jobs/1YPH_titrate_pH4.4.job,dry-run,generated,
1YPH,6.45,titration,/Dedicated/schnieders/maemmad/pKa_GNN/ffx_pipeline/data/sge_jobs/1YPH_titrate_pH6.45.job,dry-run,generated,
1YPH,8.55,titration,/Dedicated/schnieders/maemmad/pKa_GNN/ffx_pipeline/data/sge_jobs/1YPH_titrate_pH8.55.job,dry-run,generated,
1YPI,,rotamer,/Dedicated/schnieders/maemmad/pKa_GNN/ffx_pipeline/data/sge_jobs/1YPI_rotamer.job,dry-run,generated,
1YPI,3.94,titration,/Dedicated/schnieders/maemmad/pKa_GNN/ffx_pipeline/data/sge_jobs/1YPI_titrate_pH3.94.job,dry-run,generated,
1YPI,4.4,titration,/Dedicated/schnieders/maemmad/pKa_GNN/ffx_pipeline/data/sge_jobs/1YPI_titrate_pH4.4.job,dry-run,generated,
1YPI,6.45,titration,/Dedicated/schnieders/maemmad/pKa_GNN/ffx_pipeline/data/sge_jobs/1YPI_titrate_pH6.45.job,dry-run,generated,
1YPI,8.55,titration,/Dedicated/schnieders/maemmad/pKa_GNN/ffx_pipeline/data/sge_jobs/1YPI_titrate_pH8.55.job,dry-run,generated,
1YPT,,rotamer,/Dedicated/schnieders/maemmad/pKa_GNN/ffx_pipeline/data/sge_jobs/1YPT_rotamer.job,dry-run,generated,
1YPT,3.94,titration,/Dedicated/schnieders/maemmad/pKa_GNN/ffx_pipeline/data/sge_jobs/1YPT_titrate_pH3.94.job,dry-run,generated,
1YPT,4.4,titration,/Dedicated/schnieders/maemmad/pKa_GNN/ffx_pipeline/data/sge_jobs/1YPT_titrate_pH4.4.job,dry-run,generated,
1YPT,6.45,titration,/Dedicated/schnieders/maemmad/pKa_GNN/ffx_pipeline/data/sge_jobs/1YPT_titrate_pH6.45.job,dry-run,generated,
1YPT,8.55,titration,/Dedicated/schnieders/maemmad/pKa_GNN/ffx_pipeline/data/sge_jobs/1YPT_titrate_pH8.55.job,dry-run,generated,
2BUS,,rotamer,/Dedicated/schnieders/maemmad/pKa_GNN/ffx_pipeline/data/sge_jobs/2BUS_rotamer.job,dry-run,generated,
2BUS,3.94,titration,/Dedicated/schnieders/maemmad/pKa_GNN/ffx_pipeline/data/sge_jobs/2BUS_titrate_pH3.94.job,dry-run,generated,
2BUS,4.4,titration,/Dedicated/schnieders/maemmad/pKa_GNN/ffx_pipeline/data/sge_jobs/2BUS_titrate_pH4.4.job,dry-run,generated,
2BUS,6.45,titration,/Dedicated/schnieders/maemmad/pKa_GNN/ffx_pipeline/data/sge_jobs/2BUS_titrate_pH6.45.job,dry-run,generated,
2BUS,8.55,titration,/Dedicated/schnieders/maemmad/pKa_GNN/ffx_pipeline/data/sge_jobs/2BUS_titrate_pH8.55.job,dry-run,generated,
2CI2,,rotamer,/Dedicated/schnieders/maemmad/pKa_GNN/ffx_pipeline/data/sge_jobs/2CI2_rotamer.job,dry-run,generated,
2CI2,3.94,titration,/Dedicated/schnieders/maemmad/pKa_GNN/ffx_pipeline/data/sge_jobs/2CI2_titrate_pH3.94.job,dry-run,generated,
2CI2,4.4,titration,/Dedicated/schnieders/maemmad/pKa_GNN/ffx_pipeline/data/sge_jobs/2CI2_titrate_pH4.4.job,dry-run,generated,
2CI2,6.45,titration,/Dedicated/schnieders/maemmad/pKa_GNN/ffx_pipeline/data/sge_jobs/2CI2_titrate_pH6.45.job,dry-run,generated,
2CI2,8.55,titration,/Dedicated/schnieders/maemmad/pKa_GNN/ffx_pipeline/data/sge_jobs/2CI2_titrate_pH8.55.job,dry-run,generated,
2CPL,,rotamer,/Dedicated/schnieders/maemmad/pKa_GNN/ffx_pipeline/data/sge_jobs/2CPL_rotamer.job,dry-run,generated,
2CPL,3.94,titration,/Dedicated/schnieders/maemmad/pKa_GNN/ffx_pipeline/data/sge_jobs/2CPL_titrate_pH3.94.job,dry-run,generated,
2CPL,4.4,titration,/Dedicated/schnieders/maemmad/pKa_GNN/ffx_pipeline/data/sge_jobs/2CPL_titrate_pH4.4.job,dry-run,generated,
2CPL,6.45,titration,/Dedicated/schnieders/maemmad/pKa_GNN/ffx_pipeline/data/sge_jobs/2CPL_titrate_pH6.45.job,dry-run,generated,
2CPL,8.55,titration,/Dedicated/schnieders/maemmad/pKa_GNN/ffx_pipeline/data/sge_jobs/2CPL_titrate_pH8.55.job,dry-run,generated,
2FD3,,rotamer,/Dedicated/schnieders/maemmad/pKa_GNN/ffx_pipeline/data/sge_jobs/2FD3_rotamer.job,dry-run,generated,
2FD3,3.94,titration,/Dedicated/schnieders/maemmad/pKa_GNN/ffx_pipeline/data/sge_jobs/2FD3_titrate_pH3.94.job,dry-run,generated,
2FD3,4.4,titration,/Dedicated/schnieders/maemmad/pKa_GNN/ffx_pipeline/data/sge_jobs/2FD3_titrate_pH4.4.job,dry-run,generated,
2FD3,6.45,titration,/Dedicated/schnieders/maemmad/pKa_GNN/ffx_pipeline/data/sge_jobs/2FD3_titrate_pH6.45.job,dry-run,generated,
2FD3,8.55,titration,/Dedicated/schnieders/maemmad/pKa_GNN/ffx_pipeline/data/sge_jobs/2FD3_titrate_pH8.55.job,dry-run,generated,
2FWF,,rotamer,/Dedicated/schnieders/maemmad/pKa_GNN/ffx_pipeline/data/sge_jobs/2FWF_rotamer.job,dry-run,generated,
2FWF,3.94,titration,/Dedicated/schnieders/maemmad/pKa_GNN/ffx_pipeline/data/sge_jobs/2FWF_titrate_pH3.94.job,dry-run,generated,
2FWF,4.4,titration,/Dedicated/schnieders/maemmad/pKa_GNN/ffx_pipeline/data/sge_jobs/2FWF_titrate_pH4.4.job,dry-run,generated,
2FWF,6.45,titration,/Dedicated/schnieders/maemmad/pKa_GNN/ffx_pipeline/data/sge_jobs/2FWF_titrate_pH6.45.job,dry-run,generated,
2FWF,8.55,titration,/Dedicated/schnieders/maemmad/pKa_GNN/ffx_pipeline/data/sge_jobs/2FWF_titrate_pH8.55.job,dry-run,generated,
2HNP,,rotamer,/Dedicated/schnieders/maemmad/pKa_GNN/ffx_pipeline/data/sge_jobs/2HNP_rotamer.job,dry-run,generated,
2HNP,3.94,titration,/Dedicated/schnieders/maemmad/pKa_GNN/ffx_pipeline/data/sge_jobs/2HNP_titrate_pH3.94.job,dry-run,generated,
2HNP,4.4,titration,/Dedicated/schnieders/maemmad/pKa_GNN/ffx_pipeline/data/sge_jobs/2HNP_titrate_pH4.4.job,dry-run,generated,
2HNP,6.45,titration,/Dedicated/schnieders/maemmad/pKa_GNN/ffx_pipeline/data/sge_jobs/2HNP_titrate_pH6.45.job,dry-run,generated,
2HNP,8.55,titration,/Dedicated/schnieders/maemmad/pKa_GNN/ffx_pipeline/data/sge_jobs/2HNP_titrate_pH8.55.job,dry-run,generated,
2KIX,,rotamer,/Dedicated/schnieders/maemmad/pKa_GNN/ffx_pipeline/data/sge_jobs/2KIX_rotamer.job,dry-run,generated,
2KIX,3.94,titration,/Dedicated/schnieders/maemmad/pKa_GNN/ffx_pipeline/data/sge_jobs/2KIX_titrate_pH3.94.job,dry-run,generated,
2KIX,4.4,titration,/Dedicated/schnieders/maemmad/pKa_GNN/ffx_pipeline/data/sge_jobs/2KIX_titrate_pH4.4.job,dry-run,generated,
2KIX,6.45,titration,/Dedicated/schnieders/maemmad/pKa_GNN/ffx_pipeline/data/sge_jobs/2KIX_titrate_pH6.45.job,dry-run,generated,
2KIX,8.55,titration,/Dedicated/schnieders/maemmad/pKa_GNN/ffx_pipeline/data/sge_jobs/2KIX_titrate_pH8.55.job,dry-run,generated,
2L6X,,rotamer,/Dedicated/schnieders/maemmad/pKa_GNN/ffx_pipeline/data/sge_jobs/2L6X_rotamer.job,dry-run,generated,
2L6X,3.94,titration,/Dedicated/schnieders/maemmad/pKa_GNN/ffx_pipeline/data/sge_jobs/2L6X_titrate_pH3.94.job,dry-run,generated,
2L6X,4.4,titration,/Dedicated/schnieders/maemmad/pKa_GNN/ffx_pipeline/data/sge_jobs/2L6X_titrate_pH4.4.job,dry-run,generated,
2L6X,6.45,titration,/Dedicated/schnieders/maemmad/pKa_GNN/ffx_pipeline/data/sge_jobs/2L6X_titrate_pH6.45.job,dry-run,generated,
2L6X,8.55,titration,/Dedicated/schnieders/maemmad/pKa_GNN/ffx_pipeline/data/sge_jobs/2L6X_titrate_pH8.55.job,dry-run,generated,
2L90,,rotamer,/Dedicated/schnieders/maemmad/pKa_GNN/ffx_pipeline/data/sge_jobs/2L90_rotamer.job,dry-run,generated,
2L90,3.94,titration,/Dedicated/schnieders/maemmad/pKa_GNN/ffx_pipeline/data/sge_jobs/2L90_titrate_pH3.94.job,dry-run,generated,
2L90,4.4,titration,/Dedicated/schnieders/maemmad/pKa_GNN/ffx_pipeline/data/sge_jobs/2L90_titrate_pH4.4.job,dry-run,generated,
2L90,6.45,titration,/Dedicated/schnieders/maemmad/pKa_GNN/ffx_pipeline/data/sge_jobs/2L90_titrate_pH6.45.job,dry-run,generated,
2L90,8.55,titration,/Dedicated/schnieders/maemmad/pKa_GNN/ffx_pipeline/data/sge_jobs/2L90_titrate_pH8.55.job,dry-run,generated,
2LZM,,rotamer,/Dedicated/schnieders/maemmad/pKa_GNN/ffx_pipeline/data/sge_jobs/2LZM_rotamer.job,dry-run,generated,
2LZM,3.94,titration,/Dedicated/schnieders/maemmad/pKa_GNN/ffx_pipeline/data/sge_jobs/2LZM_titrate_pH3.94.job,dry-run,generated,
2LZM,4.4,titration,/Dedicated/schnieders/maemmad/pKa_GNN/ffx_pipeline/data/sge_jobs/2LZM_titrate_pH4.4.job,dry-run,generated,
2LZM,6.45,titration,/Dedicated/schnieders/maemmad/pKa_GNN/ffx_pipeline/data/sge_jobs/2LZM_titrate_pH6.45.job,dry-run,generated,
2LZM,8.55,titration,/Dedicated/schnieders/maemmad/pKa_GNN/ffx_pipeline/data/sge_jobs/2LZM_titrate_pH8.55.job,dry-run,generated,
2O89,,rotamer,/Dedicated/schnieders/maemmad/pKa_GNN/ffx_pipeline/data/sge_jobs/2O89_rotamer.job,dry-run,generated,
2O89,3.94,titration,/Dedicated/schnieders/maemmad/pKa_GNN/ffx_pipeline/data/sge_jobs/2O89_titrate_pH3.94.job,dry-run,generated,
2O89,4.4,titration,/Dedicated/schnieders/maemmad/pKa_GNN/ffx_pipeline/data/sge_jobs/2O89_titrate_pH4.4.job,dry-run,generated,
2O89,6.45,titration,/Dedicated/schnieders/maemmad/pKa_GNN/ffx_pipeline/data/sge_jobs/2O89_titrate_pH6.45.job,dry-run,generated,
2O89,8.55,titration,/Dedicated/schnieders/maemmad/pKa_GNN/ffx_pipeline/data/sge_jobs/2O89_titrate_pH8.55.job,dry-run,generated,
2OEO,,rotamer,/Dedicated/schnieders/maemmad/pKa_GNN/ffx_pipeline/data/sge_jobs/2OEO_rotamer.job,dry-run,generated,
2OEO,3.94,titration,/Dedicated/schnieders/maemmad/pKa_GNN/ffx_pipeline/data/sge_jobs/2OEO_titrate_pH3.94.job,dry-run,generated,
2OEO,4.4,titration,/Dedicated/schnieders/maemmad/pKa_GNN/ffx_pipeline/data/sge_jobs/2OEO_titrate_pH4.4.job,dry-run,generated,
2OEO,6.45,titration,/Dedicated/schnieders/maemmad/pKa_GNN/ffx_pipeline/data/sge_jobs/2OEO_titrate_pH6.45.job,dry-run,generated,
2OEO,8.55,titration,/Dedicated/schnieders/maemmad/pKa_GNN/ffx_pipeline/data/sge_jobs/2OEO_titrate_pH8.55.job,dry-run,generated,
2OXP,,rotamer,/Dedicated/schnieders/maemmad/pKa_GNN/ffx_pipeline/data/sge_jobs/2OXP_rotamer.job,dry-run,generated,
2OXP,3.94,titration,/Dedicated/schnieders/maemmad/pKa_GNN/ffx_pipeline/data/sge_jobs/2OXP_titrate_pH3.94.job,dry-run,generated,
2OXP,4.4,titration,/Dedicated/schnieders/maemmad/pKa_GNN/ffx_pipeline/data/sge_jobs/2OXP_titrate_pH4.4.job,dry-run,generated,
2OXP,6.45,titration,/Dedicated/schnieders/maemmad/pKa_GNN/ffx_pipeline/data/sge_jobs/2OXP_titrate_pH6.45.job,dry-run,generated,
2OXP,8.55,titration,/Dedicated/schnieders/maemmad/pKa_GNN/ffx_pipeline/data/sge_jobs/2OXP_titrate_pH8.55.job,dry-run,generated,
2PPT,,rotamer,/Dedicated/schnieders/maemmad/pKa_GNN/ffx_pipeline/data/sge_jobs/2PPT_rotamer.job,dry-run,generated,
2PPT,3.94,titration,/Dedicated/schnieders/maemmad/pKa_GNN/ffx_pipeline/data/sge_jobs/2PPT_titrate_pH3.94.job,dry-run,generated,
2PPT,4.4,titration,/Dedicated/schnieders/maemmad/pKa_GNN/ffx_pipeline/data/sge_jobs/2PPT_titrate_pH4.4.job,dry-run,generated,
2PPT,6.45,titration,/Dedicated/schnieders/maemmad/pKa_GNN/ffx_pipeline/data/sge_jobs/2PPT_titrate_pH6.45.job,dry-run,generated,
2PPT,8.55,titration,/Dedicated/schnieders/maemmad/pKa_GNN/ffx_pipeline/data/sge_jobs/2PPT_titrate_pH8.55.job,dry-run,generated,
2RBM,,rotamer,/Dedicated/schnieders/maemmad/pKa_GNN/ffx_pipeline/data/sge_jobs/2RBM_rotamer.job,dry-run,generated,
2RBM,3.94,titration,/Dedicated/schnieders/maemmad/pKa_GNN/ffx_pipeline/data/sge_jobs/2RBM_titrate_pH3.94.job,dry-run,generated,
2RBM,4.4,titration,/Dedicated/schnieders/maemmad/pKa_GNN/ffx_pipeline/data/sge_jobs/2RBM_titrate_pH4.4.job,dry-run,generated,
2RBM,6.45,titration,/Dedicated/schnieders/maemmad/pKa_GNN/ffx_pipeline/data/sge_jobs/2RBM_titrate_pH6.45.job,dry-run,generated,
2RBM,8.55,titration,/Dedicated/schnieders/maemmad/pKa_GNN/ffx_pipeline/data/sge_jobs/2RBM_titrate_pH8.55.job,dry-run,generated,
2RKS,,rotamer,/Dedicated/schnieders/maemmad/pKa_GNN/ffx_pipeline/data/sge_jobs/2RKS_rotamer.job,dry-run,generated,
2RKS,3.94,titration,/Dedicated/schnieders/maemmad/pKa_GNN/ffx_pipeline/data/sge_jobs/2RKS_titrate_pH3.94.job,dry-run,generated,
2RKS,4.4,titration,/Dedicated/schnieders/maemmad/pKa_GNN/ffx_pipeline/data/sge_jobs/2RKS_titrate_pH4.4.job,dry-run,generated,
2RKS,6.45,titration,/Dedicated/schnieders/maemmad/pKa_GNN/ffx_pipeline/data/sge_jobs/2RKS_titrate_pH6.45.job,dry-run,generated,
2RKS,8.55,titration,/Dedicated/schnieders/maemmad/pKa_GNN/ffx_pipeline/data/sge_jobs/2RKS_titrate_pH8.55.job,dry-run,generated,
2RN2,,rotamer,/Dedicated/schnieders/maemmad/pKa_GNN/ffx_pipeline/data/sge_jobs/2RN2_rotamer.job,dry-run,generated,
2RN2,3.94,titration,/Dedicated/schnieders/maemmad/pKa_GNN/ffx_pipeline/data/sge_jobs/2RN2_titrate_pH3.94.job,dry-run,generated,
2RN2,4.4,titration,/Dedicated/schnieders/maemmad/pKa_GNN/ffx_pipeline/data/sge_jobs/2RN2_titrate_pH4.4.job,dry-run,generated,
2RN2,6.45,titration,/Dedicated/schnieders/maemmad/pKa_GNN/ffx_pipeline/data/sge_jobs/2RN2_titrate_pH6.45.job,dry-run,generated,
2RN2,8.55,titration,/Dedicated/schnieders/maemmad/pKa_GNN/ffx_pipeline/data/sge_jobs/2RN2_titrate_pH8.55.job,dry-run,generated,
2RVQ,,rotamer,/Dedicated/schnieders/maemmad/pKa_GNN/ffx_pipeline/data/sge_jobs/2RVQ_rotamer.job,dry-run,generated,
2RVQ,3.94,titration,/Dedicated/schnieders/maemmad/pKa_GNN/ffx_pipeline/data/sge_jobs/2RVQ_titrate_pH3.94.job,dry-run,generated,
2RVQ,4.4,titration,/Dedicated/schnieders/maemmad/pKa_GNN/ffx_pipeline/data/sge_jobs/2RVQ_titrate_pH4.4.job,dry-run,generated,
2RVQ,6.45,titration,/Dedicated/schnieders/maemmad/pKa_GNN/ffx_pipeline/data/sge_jobs/2RVQ_titrate_pH6.45.job,dry-run,generated,
2RVQ,8.55,titration,/Dedicated/schnieders/maemmad/pKa_GNN/ffx_pipeline/data/sge_jobs/2RVQ_titrate_pH8.55.job,dry-run,generated,
2TGA,,rotamer,/Dedicated/schnieders/maemmad/pKa_GNN/ffx_pipeline/data/sge_jobs/2TGA_rotamer.job,dry-run,generated,
2TGA,3.94,titration,/Dedicated/schnieders/maemmad/pKa_GNN/ffx_pipeline/data/sge_jobs/2TGA_titrate_pH3.94.job,dry-run,generated,
2TGA,4.4,titration,/Dedicated/schnieders/maemmad/pKa_GNN/ffx_pipeline/data/sge_jobs/2TGA_titrate_pH4.4.job,dry-run,generated,
2TGA,6.45,titration,/Dedicated/schnieders/maemmad/pKa_GNN/ffx_pipeline/data/sge_jobs/2TGA_titrate_pH6.45.job,dry-run,generated,
2TGA,8.55,titration,/Dedicated/schnieders/maemmad/pKa_GNN/ffx_pipeline/data/sge_jobs/2TGA_titrate_pH8.55.job,dry-run,generated,
2TRX,,rotamer,/Dedicated/schnieders/maemmad/pKa_GNN/ffx_pipeline/data/sge_jobs/2TRX_rotamer.job,dry-run,generated,
2TRX,3.94,titration,/Dedicated/schnieders/maemmad/pKa_GNN/ffx_pipeline/data/sge_jobs/2TRX_titrate_pH3.94.job,dry-run,generated,
2TRX,4.4,titration,/Dedicated/schnieders/maemmad/pKa_GNN/ffx_pipeline/data/sge_jobs/2TRX_titrate_pH4.4.job,dry-run,generated,
2TRX,6.45,titration,/Dedicated/schnieders/maemmad/pKa_GNN/ffx_pipeline/data/sge_jobs/2TRX_titrate_pH6.45.job,dry-run,generated,
2TRX,8.55,titration,/Dedicated/schnieders/maemmad/pKa_GNN/ffx_pipeline/data/sge_jobs/2TRX_titrate_pH8.55.job,dry-run,generated,
2V8N,,rotamer,/Dedicated/schnieders/maemmad/pKa_GNN/ffx_pipeline/data/sge_jobs/2V8N_rotamer.job,dry-run,generated,
2V8N,3.94,titration,/Dedicated/schnieders/maemmad/pKa_GNN/ffx_pipeline/data/sge_jobs/2V8N_titrate_pH3.94.job,dry-run,generated,
2V8N,4.4,titration,/Dedicated/schnieders/maemmad/pKa_GNN/ffx_pipeline/data/sge_jobs/2V8N_titrate_pH4.4.job,dry-run,generated,
2V8N,6.45,titration,/Dedicated/schnieders/maemmad/pKa_GNN/ffx_pipeline/data/sge_jobs/2V8N_titrate_pH6.45.job,dry-run,generated,
2V8N,8.55,titration,/Dedicated/schnieders/maemmad/pKa_GNN/ffx_pipeline/data/sge_jobs/2V8N_titrate_pH8.55.job,dry-run,generated,
2ZTA,,rotamer,/Dedicated/schnieders/maemmad/pKa_GNN/ffx_pipeline/data/sge_jobs/2ZTA_rotamer.job,dry-run,generated,
2ZTA,3.94,titration,/Dedicated/schnieders/maemmad/pKa_GNN/ffx_pipeline/data/sge_jobs/2ZTA_titrate_pH3.94.job,dry-run,generated,
2ZTA,4.4,titration,/Dedicated/schnieders/maemmad/pKa_GNN/ffx_pipeline/data/sge_jobs/2ZTA_titrate_pH4.4.job,dry-run,generated,
2ZTA,6.45,titration,/Dedicated/schnieders/maemmad/pKa_GNN/ffx_pipeline/data/sge_jobs/2ZTA_titrate_pH6.45.job,dry-run,generated,
2ZTA,8.55,titration,/Dedicated/schnieders/maemmad/pKa_GNN/ffx_pipeline/data/sge_jobs/2ZTA_titrate_pH8.55.job,dry-run,generated,
3BDC,,rotamer,/Dedicated/schnieders/maemmad/pKa_GNN/ffx_pipeline/data/sge_jobs/3BDC_rotamer.job,dry-run,generated,
3BDC,3.94,titration,/Dedicated/schnieders/maemmad/pKa_GNN/ffx_pipeline/data/sge_jobs/3BDC_titrate_pH3.94.job,dry-run,generated,
3BDC,4.4,titration,/Dedicated/schnieders/maemmad/pKa_GNN/ffx_pipeline/data/sge_jobs/3BDC_titrate_pH4.4.job,dry-run,generated,
3BDC,6.45,titration,/Dedicated/schnieders/maemmad/pKa_GNN/ffx_pipeline/data/sge_jobs/3BDC_titrate_pH6.45.job,dry-run,generated,
3BDC,8.55,titration,/Dedicated/schnieders/maemmad/pKa_GNN/ffx_pipeline/data/sge_jobs/3BDC_titrate_pH8.55.job,dry-run,generated,
3C1E,,rotamer,/Dedicated/schnieders/maemmad/pKa_GNN/ffx_pipeline/data/sge_jobs/3C1E_rotamer.job,dry-run,generated,
3C1E,3.94,titration,/Dedicated/schnieders/maemmad/pKa_GNN/ffx_pipeline/data/sge_jobs/3C1E_titrate_pH3.94.job,dry-run,generated,
3C1E,4.4,titration,/Dedicated/schnieders/maemmad/pKa_GNN/ffx_pipeline/data/sge_jobs/3C1E_titrate_pH4.4.job,dry-run,generated,
3C1E,6.45,titration,/Dedicated/schnieders/maemmad/pKa_GNN/ffx_pipeline/data/sge_jobs/3C1E_titrate_pH6.45.job,dry-run,generated,
3C1E,8.55,titration,/Dedicated/schnieders/maemmad/pKa_GNN/ffx_pipeline/data/sge_jobs/3C1E_titrate_pH8.55.job,dry-run,generated,
3C1F,,rotamer,/Dedicated/schnieders/maemmad/pKa_GNN/ffx_pipeline/data/sge_jobs/3C1F_rotamer.job,dry-run,generated,
3C1F,3.94,titration,/Dedicated/schnieders/maemmad/pKa_GNN/ffx_pipeline/data/sge_jobs/3C1F_titrate_pH3.94.job,dry-run,generated,
3C1F,4.4,titration,/Dedicated/schnieders/maemmad/pKa_GNN/ffx_pipeline/data/sge_jobs/3C1F_titrate_pH4.4.job,dry-run,generated,
3C1F,6.45,titration,/Dedicated/schnieders/maemmad/pKa_GNN/ffx_pipeline/data/sge_jobs/3C1F_titrate_pH6.45.job,dry-run,generated,
3C1F,8.55,titration,/Dedicated/schnieders/maemmad/pKa_GNN/ffx_pipeline/data/sge_jobs/3C1F_titrate_pH8.55.job,dry-run,generated,
3D4D,,rotamer,/Dedicated/schnieders/maemmad/pKa_GNN/ffx_pipeline/data/sge_jobs/3D4D_rotamer.job,dry-run,generated,
3D4D,3.94,titration,/Dedicated/schnieders/maemmad/pKa_GNN/ffx_pipeline/data/sge_jobs/3D4D_titrate_pH3.94.job,dry-run,generated,
3D4D,4.4,titration,/Dedicated/schnieders/maemmad/pKa_GNN/ffx_pipeline/data/sge_jobs/3D4D_titrate_pH4.4.job,dry-run,generated,
3D4D,6.45,titration,/Dedicated/schnieders/maemmad/pKa_GNN/ffx_pipeline/data/sge_jobs/3D4D_titrate_pH6.45.job,dry-run,generated,
3D4D,8.55,titration,/Dedicated/schnieders/maemmad/pKa_GNN/ffx_pipeline/data/sge_jobs/3D4D_titrate_pH8.55.job,dry-run,generated,
3DMU,,rotamer,/Dedicated/schnieders/maemmad/pKa_GNN/ffx_pipeline/data/sge_jobs/3DMU_rotamer.job,dry-run,generated,
3DMU,3.94,titration,/Dedicated/schnieders/maemmad/pKa_GNN/ffx_pipeline/data/sge_jobs/3DMU_titrate_pH3.94.job,dry-run,generated,
3DMU,4.4,titration,/Dedicated/schnieders/maemmad/pKa_GNN/ffx_pipeline/data/sge_jobs/3DMU_titrate_pH4.4.job,dry-run,generated,
3DMU,6.45,titration,/Dedicated/schnieders/maemmad/pKa_GNN/ffx_pipeline/data/sge_jobs/3DMU_titrate_pH6.45.job,dry-run,generated,
3DMU,8.55,titration,/Dedicated/schnieders/maemmad/pKa_GNN/ffx_pipeline/data/sge_jobs/3DMU_titrate_pH8.55.job,dry-run,generated,
3E5S,,rotamer,/Dedicated/schnieders/maemmad/pKa_GNN/ffx_pipeline/data/sge_jobs/3E5S_rotamer.job,dry-run,generated,
3E5S,3.94,titration,/Dedicated/schnieders/maemmad/pKa_GNN/ffx_pipeline/data/sge_jobs/3E5S_titrate_pH3.94.job,dry-run,generated,
3E5S,4.4,titration,/Dedicated/schnieders/maemmad/pKa_GNN/ffx_pipeline/data/sge_jobs/3E5S_titrate_pH4.4.job,dry-run,generated,
3E5S,6.45,titration,/Dedicated/schnieders/maemmad/pKa_GNN/ffx_pipeline/data/sge_jobs/3E5S_titrate_pH6.45.job,dry-run,generated,
3E5S,8.55,titration,/Dedicated/schnieders/maemmad/pKa_GNN/ffx_pipeline/data/sge_jobs/3E5S_titrate_pH8.55.job,dry-run,generated,
3EBX,,rotamer,/Dedicated/schnieders/maemmad/pKa_GNN/ffx_pipeline/data/sge_jobs/3EBX_rotamer.job,dry-run,generated,
3EBX,3.94,titration,/Dedicated/schnieders/maemmad/pKa_GNN/ffx_pipeline/data/sge_jobs/3EBX_titrate_pH3.94.job,dry-run,generated,
3EBX,4.4,titration,/Dedicated/schnieders/maemmad/pKa_GNN/ffx_pipeline/data/sge_jobs/3EBX_titrate_pH4.4.job,dry-run,generated,
3EBX,6.45,titration,/Dedicated/schnieders/maemmad/pKa_GNN/ffx_pipeline/data/sge_jobs/3EBX_titrate_pH6.45.job,dry-run,generated,
3EBX,8.55,titration,/Dedicated/schnieders/maemmad/pKa_GNN/ffx_pipeline/data/sge_jobs/3EBX_titrate_pH8.55.job,dry-run,generated,
3EJI,,rotamer,/Dedicated/schnieders/maemmad/pKa_GNN/ffx_pipeline/data/sge_jobs/3EJI_rotamer.job,dry-run,generated,
3EJI,3.94,titration,/Dedicated/schnieders/maemmad/pKa_GNN/ffx_pipeline/data/sge_jobs/3EJI_titrate_pH3.94.job,dry-run,generated,
3EJI,4.4,titration,/Dedicated/schnieders/maemmad/pKa_GNN/ffx_pipeline/data/sge_jobs/3EJI_titrate_pH4.4.job,dry-run,generated,
3EJI,6.45,titration,/Dedicated/schnieders/maemmad/pKa_GNN/ffx_pipeline/data/sge_jobs/3EJI_titrate_pH6.45.job,dry-run,generated,
3EJI,8.55,titration,/Dedicated/schnieders/maemmad/pKa_GNN/ffx_pipeline/data/sge_jobs/3EJI_titrate_pH8.55.job,dry-run,generated,
3ERO,,rotamer,/Dedicated/schnieders/maemmad/pKa_GNN/ffx_pipeline/data/sge_jobs/3ERO_rotamer.job,dry-run,generated,
3ERO,3.94,titration,/Dedicated/schnieders/maemmad/pKa_GNN/ffx_pipeline/data/sge_jobs/3ERO_titrate_pH3.94.job,dry-run,generated,
3ERO,4.4,titration,/Dedicated/schnieders/maemmad/pKa_GNN/ffx_pipeline/data/sge_jobs/3ERO_titrate_pH4.4.job,dry-run,generated,
3ERO,6.45,titration,/Dedicated/schnieders/maemmad/pKa_GNN/ffx_pipeline/data/sge_jobs/3ERO_titrate_pH6.45.job,dry-run,generated,
3ERO,8.55,titration,/Dedicated/schnieders/maemmad/pKa_GNN/ffx_pipeline/data/sge_jobs/3ERO_titrate_pH8.55.job,dry-run,generated,
3ERQ,,rotamer,/Dedicated/schnieders/maemmad/pKa_GNN/ffx_pipeline/data/sge_jobs/3ERQ_rotamer.job,dry-run,generated,
3ERQ,3.94,titration,/Dedicated/schnieders/maemmad/pKa_GNN/ffx_pipeline/data/sge_jobs/3ERQ_titrate_pH3.94.job,dry-run,generated,
3ERQ,4.4,titration,/Dedicated/schnieders/maemmad/pKa_GNN/ffx_pipeline/data/sge_jobs/3ERQ_titrate_pH4.4.job,dry-run,generated,
3ERQ,6.45,titration,/Dedicated/schnieders/maemmad/pKa_GNN/ffx_pipeline/data/sge_jobs/3ERQ_titrate_pH6.45.job,dry-run,generated,
3ERQ,8.55,titration,/Dedicated/schnieders/maemmad/pKa_GNN/ffx_pipeline/data/sge_jobs/3ERQ_titrate_pH8.55.job,dry-run,generated,
3EVQ,,rotamer,/Dedicated/schnieders/maemmad/pKa_GNN/ffx_pipeline/data/sge_jobs/3EVQ_rotamer.job,dry-run,generated,
3EVQ,3.94,titration,/Dedicated/schnieders/maemmad/pKa_GNN/ffx_pipeline/data/sge_jobs/3EVQ_titrate_pH3.94.job,dry-run,generated,
3EVQ,4.4,titration,/Dedicated/schnieders/maemmad/pKa_GNN/ffx_pipeline/data/sge_jobs/3EVQ_titrate_pH4.4.job,dry-run,generated,
3EVQ,6.45,titration,/Dedicated/schnieders/maemmad/pKa_GNN/ffx_pipeline/data/sge_jobs/3EVQ_titrate_pH6.45.job,dry-run,generated,
3EVQ,8.55,titration,/Dedicated/schnieders/maemmad/pKa_GNN/ffx_pipeline/data/sge_jobs/3EVQ_titrate_pH8.55.job,dry-run,generated,
3FT7,,rotamer,/Dedicated/schnieders/maemmad/pKa_GNN/ffx_pipeline/data/sge_jobs/3FT7_rotamer.job,dry-run,generated,
3FT7,3.94,titration,/Dedicated/schnieders/maemmad/pKa_GNN/ffx_pipeline/data/sge_jobs/3FT7_titrate_pH3.94.job,dry-run,generated,
3FT7,4.4,titration,/Dedicated/schnieders/maemmad/pKa_GNN/ffx_pipeline/data/sge_jobs/3FT7_titrate_pH4.4.job,dry-run,generated,
3FT7,6.45,titration,/Dedicated/schnieders/maemmad/pKa_GNN/ffx_pipeline/data/sge_jobs/3FT7_titrate_pH6.45.job,dry-run,generated,
3FT7,8.55,titration,/Dedicated/schnieders/maemmad/pKa_GNN/ffx_pipeline/data/sge_jobs/3FT7_titrate_pH8.55.job,dry-run,generated,
3FX5,,rotamer,/Dedicated/schnieders/maemmad/pKa_GNN/ffx_pipeline/data/sge_jobs/3FX5_rotamer.job,dry-run,generated,
3FX5,3.94,titration,/Dedicated/schnieders/maemmad/pKa_GNN/ffx_pipeline/data/sge_jobs/3FX5_titrate_pH3.94.job,dry-run,generated,
3FX5,4.4,titration,/Dedicated/schnieders/maemmad/pKa_GNN/ffx_pipeline/data/sge_jobs/3FX5_titrate_pH4.4.job,dry-run,generated,
3FX5,6.45,titration,/Dedicated/schnieders/maemmad/pKa_GNN/ffx_pipeline/data/sge_jobs/3FX5_titrate_pH6.45.job,dry-run,generated,
3FX5,8.55,titration,/Dedicated/schnieders/maemmad/pKa_GNN/ffx_pipeline/data/sge_jobs/3FX5_titrate_pH8.55.job,dry-run,generated,
3H6M,,rotamer,/Dedicated/schnieders/maemmad/pKa_GNN/ffx_pipeline/data/sge_jobs/3H6M_rotamer.job,dry-run,generated,
3H6M,3.94,titration,/Dedicated/schnieders/maemmad/pKa_GNN/ffx_pipeline/data/sge_jobs/3H6M_titrate_pH3.94.job,dry-run,generated,
3H6M,4.4,titration,/Dedicated/schnieders/maemmad/pKa_GNN/ffx_pipeline/data/sge_jobs/3H6M_titrate_pH4.4.job,dry-run,generated,
3H6M,6.45,titration,/Dedicated/schnieders/maemmad/pKa_GNN/ffx_pipeline/data/sge_jobs/3H6M_titrate_pH6.45.job,dry-run,generated,
3H6M,8.55,titration,/Dedicated/schnieders/maemmad/pKa_GNN/ffx_pipeline/data/sge_jobs/3H6M_titrate_pH8.55.job,dry-run,generated,
3HZX,,rotamer,/Dedicated/schnieders/maemmad/pKa_GNN/ffx_pipeline/data/sge_jobs/3HZX_rotamer.job,dry-run,generated,
3HZX,3.94,titration,/Dedicated/schnieders/maemmad/pKa_GNN/ffx_pipeline/data/sge_jobs/3HZX_titrate_pH3.94.job,dry-run,generated,
3HZX,4.4,titration,/Dedicated/schnieders/maemmad/pKa_GNN/ffx_pipeline/data/sge_jobs/3HZX_titrate_pH4.4.job,dry-run,generated,
3HZX,6.45,titration,/Dedicated/schnieders/maemmad/pKa_GNN/ffx_pipeline/data/sge_jobs/3HZX_titrate_pH6.45.job,dry-run,generated,
3HZX,8.55,titration,/Dedicated/schnieders/maemmad/pKa_GNN/ffx_pipeline/data/sge_jobs/3HZX_titrate_pH8.55.job,dry-run,generated,
3ITP,,rotamer,/Dedicated/schnieders/maemmad/pKa_GNN/ffx_pipeline/data/sge_jobs/3ITP_rotamer.job,dry-run,generated,
3ITP,3.94,titration,/Dedicated/schnieders/maemmad/pKa_GNN/ffx_pipeline/data/sge_jobs/3ITP_titrate_pH3.94.job,dry-run,generated,
3ITP,4.4,titration,/Dedicated/schnieders/maemmad/pKa_GNN/ffx_pipeline/data/sge_jobs/3ITP_titrate_pH4.4.job,dry-run,generated,
3ITP,6.45,titration,/Dedicated/schnieders/maemmad/pKa_GNN/ffx_pipeline/data/sge_jobs/3ITP_titrate_pH6.45.job,dry-run,generated,
3ITP,8.55,titration,/Dedicated/schnieders/maemmad/pKa_GNN/ffx_pipeline/data/sge_jobs/3ITP_titrate_pH8.55.job,dry-run,generated,
3P75,,rotamer,/Dedicated/schnieders/maemmad/pKa_GNN/ffx_pipeline/data/sge_jobs/3P75_rotamer.job,dry-run,generated,
3P75,3.94,titration,/Dedicated/schnieders/maemmad/pKa_GNN/ffx_pipeline/data/sge_jobs/3P75_titrate_pH3.94.job,dry-run,generated,
3P75,4.4,titration,/Dedicated/schnieders/maemmad/pKa_GNN/ffx_pipeline/data/sge_jobs/3P75_titrate_pH4.4.job,dry-run,generated,
3P75,6.45,titration,/Dedicated/schnieders/maemmad/pKa_GNN/ffx_pipeline/data/sge_jobs/3P75_titrate_pH6.45.job,dry-run,generated,
3P75,8.55,titration,/Dedicated/schnieders/maemmad/pKa_GNN/ffx_pipeline/data/sge_jobs/3P75_titrate_pH8.55.job,dry-run,generated,
3QOJ,,rotamer,/Dedicated/schnieders/maemmad/pKa_GNN/ffx_pipeline/data/sge_jobs/3QOJ_rotamer.job,dry-run,generated,
3QOJ,3.94,titration,/Dedicated/schnieders/maemmad/pKa_GNN/ffx_pipeline/data/sge_jobs/3QOJ_titrate_pH3.94.job,dry-run,generated,
3QOJ,4.4,titration,/Dedicated/schnieders/maemmad/pKa_GNN/ffx_pipeline/data/sge_jobs/3QOJ_titrate_pH4.4.job,dry-run,generated,
3QOJ,6.45,titration,/Dedicated/schnieders/maemmad/pKa_GNN/ffx_pipeline/data/sge_jobs/3QOJ_titrate_pH6.45.job,dry-run,generated,
3QOJ,8.55,titration,/Dedicated/schnieders/maemmad/pKa_GNN/ffx_pipeline/data/sge_jobs/3QOJ_titrate_pH8.55.job,dry-run,generated,
3QOL,,rotamer,/Dedicated/schnieders/maemmad/pKa_GNN/ffx_pipeline/data/sge_jobs/3QOL_rotamer.job,dry-run,generated,
3QOL,3.94,titration,/Dedicated/schnieders/maemmad/pKa_GNN/ffx_pipeline/data/sge_jobs/3QOL_titrate_pH3.94.job,dry-run,generated,
3QOL,4.4,titration,/Dedicated/schnieders/maemmad/pKa_GNN/ffx_pipeline/data/sge_jobs/3QOL_titrate_pH4.4.job,dry-run,generated,
3QOL,6.45,titration,/Dedicated/schnieders/maemmad/pKa_GNN/ffx_pipeline/data/sge_jobs/3QOL_titrate_pH6.45.job,dry-run,generated,
3QOL,8.55,titration,/Dedicated/schnieders/maemmad/pKa_GNN/ffx_pipeline/data/sge_jobs/3QOL_titrate_pH8.55.job,dry-run,generated,
3RUZ,,rotamer,/Dedicated/schnieders/maemmad/pKa_GNN/ffx_pipeline/data/sge_jobs/3RUZ_rotamer.job,dry-run,generated,
3RUZ,3.94,titration,/Dedicated/schnieders/maemmad/pKa_GNN/ffx_pipeline/data/sge_jobs/3RUZ_titrate_pH3.94.job,dry-run,generated,
3RUZ,4.4,titration,/Dedicated/schnieders/maemmad/pKa_GNN/ffx_pipeline/data/sge_jobs/3RUZ_titrate_pH4.4.job,dry-run,generated,
3RUZ,6.45,titration,/Dedicated/schnieders/maemmad/pKa_GNN/ffx_pipeline/data/sge_jobs/3RUZ_titrate_pH6.45.job,dry-run,generated,
3RUZ,8.55,titration,/Dedicated/schnieders/maemmad/pKa_GNN/ffx_pipeline/data/sge_jobs/3RUZ_titrate_pH8.55.job,dry-run,generated,
3SK5,,rotamer,/Dedicated/schnieders/maemmad/pKa_GNN/ffx_pipeline/data/sge_jobs/3SK5_rotamer.job,dry-run,generated,
3SK5,3.94,titration,/Dedicated/schnieders/maemmad/pKa_GNN/ffx_pipeline/data/sge_jobs/3SK5_titrate_pH3.94.job,dry-run,generated,
3SK5,4.4,titration,/Dedicated/schnieders/maemmad/pKa_GNN/ffx_pipeline/data/sge_jobs/3SK5_titrate_pH4.4.job,dry-run,generated,
3SK5,6.45,titration,/Dedicated/schnieders/maemmad/pKa_GNN/ffx_pipeline/data/sge_jobs/3SK5_titrate_pH6.45.job,dry-run,generated,
3SK5,8.55,titration,/Dedicated/schnieders/maemmad/pKa_GNN/ffx_pipeline/data/sge_jobs/3SK5_titrate_pH8.55.job,dry-run,generated,
3SSI,,rotamer,/Dedicated/schnieders/maemmad/pKa_GNN/ffx_pipeline/data/sge_jobs/3SSI_rotamer.job,dry-run,generated,
3SSI,3.94,titration,/Dedicated/schnieders/maemmad/pKa_GNN/ffx_pipeline/data/sge_jobs/3SSI_titrate_pH3.94.job,dry-run,generated,
3SSI,4.4,titration,/Dedicated/schnieders/maemmad/pKa_GNN/ffx_pipeline/data/sge_jobs/3SSI_titrate_pH4.4.job,dry-run,generated,
3SSI,6.45,titration,/Dedicated/schnieders/maemmad/pKa_GNN/ffx_pipeline/data/sge_jobs/3SSI_titrate_pH6.45.job,dry-run,generated,
3SSI,8.55,titration,/Dedicated/schnieders/maemmad/pKa_GNN/ffx_pipeline/data/sge_jobs/3SSI_titrate_pH8.55.job,dry-run,generated,
3TP7,,rotamer,/Dedicated/schnieders/maemmad/pKa_GNN/ffx_pipeline/data/sge_jobs/3TP7_rotamer.job,dry-run,generated,
3TP7,3.94,titration,/Dedicated/schnieders/maemmad/pKa_GNN/ffx_pipeline/data/sge_jobs/3TP7_titrate_pH3.94.job,dry-run,generated,
3TP7,4.4,titration,/Dedicated/schnieders/maemmad/pKa_GNN/ffx_pipeline/data/sge_jobs/3TP7_titrate_pH4.4.job,dry-run,generated,
3TP7,6.45,titration,/Dedicated/schnieders/maemmad/pKa_GNN/ffx_pipeline/data/sge_jobs/3TP7_titrate_pH6.45.job,dry-run,generated,
3TP7,8.55,titration,/Dedicated/schnieders/maemmad/pKa_GNN/ffx_pipeline/data/sge_jobs/3TP7_titrate_pH8.55.job,dry-run,generated,
3TP8,,rotamer,/Dedicated/schnieders/maemmad/pKa_GNN/ffx_pipeline/data/sge_jobs/3TP8_rotamer.job,dry-run,generated,
3TP8,3.94,titration,/Dedicated/schnieders/maemmad/pKa_GNN/ffx_pipeline/data/sge_jobs/3TP8_titrate_pH3.94.job,dry-run,generated,
3TP8,4.4,titration,/Dedicated/schnieders/maemmad/pKa_GNN/ffx_pipeline/data/sge_jobs/3TP8_titrate_pH4.4.job,dry-run,generated,
3TP8,6.45,titration,/Dedicated/schnieders/maemmad/pKa_GNN/ffx_pipeline/data/sge_jobs/3TP8_titrate_pH6.45.job,dry-run,generated,
3TP8,8.55,titration,/Dedicated/schnieders/maemmad/pKa_GNN/ffx_pipeline/data/sge_jobs/3TP8_titrate_pH8.55.job,dry-run,generated,
3WU2,,rotamer,/Dedicated/schnieders/maemmad/pKa_GNN/ffx_pipeline/data/sge_jobs/3WU2_rotamer.job,dry-run,generated,
3WU2,3.94,titration,/Dedicated/schnieders/maemmad/pKa_GNN/ffx_pipeline/data/sge_jobs/3WU2_titrate_pH3.94.job,dry-run,generated,
3WU2,4.4,titration,/Dedicated/schnieders/maemmad/pKa_GNN/ffx_pipeline/data/sge_jobs/3WU2_titrate_pH4.4.job,dry-run,generated,
3WU2,6.45,titration,/Dedicated/schnieders/maemmad/pKa_GNN/ffx_pipeline/data/sge_jobs/3WU2_titrate_pH6.45.job,dry-run,generated,
3WU2,8.55,titration,/Dedicated/schnieders/maemmad/pKa_GNN/ffx_pipeline/data/sge_jobs/3WU2_titrate_pH8.55.job,dry-run,generated,
4BYA,,rotamer,/Dedicated/schnieders/maemmad/pKa_GNN/ffx_pipeline/data/sge_jobs/4BYA_rotamer.job,dry-run,generated,
4BYA,3.94,titration,/Dedicated/schnieders/maemmad/pKa_GNN/ffx_pipeline/data/sge_jobs/4BYA_titrate_pH3.94.job,dry-run,generated,
4BYA,4.4,titration,/Dedicated/schnieders/maemmad/pKa_GNN/ffx_pipeline/data/sge_jobs/4BYA_titrate_pH4.4.job,dry-run,generated,
4BYA,6.45,titration,/Dedicated/schnieders/maemmad/pKa_GNN/ffx_pipeline/data/sge_jobs/4BYA_titrate_pH6.45.job,dry-run,generated,
4BYA,8.55,titration,/Dedicated/schnieders/maemmad/pKa_GNN/ffx_pipeline/data/sge_jobs/4BYA_titrate_pH8.55.job,dry-run,generated,
4EQP,,rotamer,/Dedicated/schnieders/maemmad/pKa_GNN/ffx_pipeline/data/sge_jobs/4EQP_rotamer.job,dry-run,generated,
4EQP,3.94,titration,/Dedicated/schnieders/maemmad/pKa_GNN/ffx_pipeline/data/sge_jobs/4EQP_titrate_pH3.94.job,dry-run,generated,
4EQP,4.4,titration,/Dedicated/schnieders/maemmad/pKa_GNN/ffx_pipeline/data/sge_jobs/4EQP_titrate_pH4.4.job,dry-run,generated,
4EQP,6.45,titration,/Dedicated/schnieders/maemmad/pKa_GNN/ffx_pipeline/data/sge_jobs/4EQP_titrate_pH6.45.job,dry-run,generated,
4EQP,8.55,titration,/Dedicated/schnieders/maemmad/pKa_GNN/ffx_pipeline/data/sge_jobs/4EQP_titrate_pH8.55.job,dry-run,generated,
4HHB,,rotamer,/Dedicated/schnieders/maemmad/pKa_GNN/ffx_pipeline/data/sge_jobs/4HHB_rotamer.job,dry-run,generated,
4HHB,3.94,titration,/Dedicated/schnieders/maemmad/pKa_GNN/ffx_pipeline/data/sge_jobs/4HHB_titrate_pH3.94.job,dry-run,generated,
4HHB,4.4,titration,/Dedicated/schnieders/maemmad/pKa_GNN/ffx_pipeline/data/sge_jobs/4HHB_titrate_pH4.4.job,dry-run,generated,
4HHB,6.45,titration,/Dedicated/schnieders/maemmad/pKa_GNN/ffx_pipeline/data/sge_jobs/4HHB_titrate_pH6.45.job,dry-run,generated,
4HHB,8.55,titration,/Dedicated/schnieders/maemmad/pKa_GNN/ffx_pipeline/data/sge_jobs/4HHB_titrate_pH8.55.job,dry-run,generated,
4HMI,,rotamer,/Dedicated/schnieders/maemmad/pKa_GNN/ffx_pipeline/data/sge_jobs/4HMI_rotamer.job,dry-run,generated,
4HMI,3.94,titration,/Dedicated/schnieders/maemmad/pKa_GNN/ffx_pipeline/data/sge_jobs/4HMI_titrate_pH3.94.job,dry-run,generated,
4HMI,4.4,titration,/Dedicated/schnieders/maemmad/pKa_GNN/ffx_pipeline/data/sge_jobs/4HMI_titrate_pH4.4.job,dry-run,generated,
4HMI,6.45,titration,/Dedicated/schnieders/maemmad/pKa_GNN/ffx_pipeline/data/sge_jobs/4HMI_titrate_pH6.45.job,dry-run,generated,
4HMI,8.55,titration,/Dedicated/schnieders/maemmad/pKa_GNN/ffx_pipeline/data/sge_jobs/4HMI_titrate_pH8.55.job,dry-run,generated,
4HMJ,,rotamer,/Dedicated/schnieders/maemmad/pKa_GNN/ffx_pipeline/data/sge_jobs/4HMJ_rotamer.job,dry-run,generated,
4HMJ,3.94,titration,/Dedicated/schnieders/maemmad/pKa_GNN/ffx_pipeline/data/sge_jobs/4HMJ_titrate_pH3.94.job,dry-run,generated,
4HMJ,4.4,titration,/Dedicated/schnieders/maemmad/pKa_GNN/ffx_pipeline/data/sge_jobs/4HMJ_titrate_pH4.4.job,dry-run,generated,
4HMJ,6.45,titration,/Dedicated/schnieders/maemmad/pKa_GNN/ffx_pipeline/data/sge_jobs/4HMJ_titrate_pH6.45.job,dry-run,generated,
4HMJ,8.55,titration,/Dedicated/schnieders/maemmad/pKa_GNN/ffx_pipeline/data/sge_jobs/4HMJ_titrate_pH8.55.job,dry-run,generated,
4ICB,,rotamer,/Dedicated/schnieders/maemmad/pKa_GNN/ffx_pipeline/data/sge_jobs/4ICB_rotamer.job,dry-run,generated,
4ICB,3.94,titration,/Dedicated/schnieders/maemmad/pKa_GNN/ffx_pipeline/data/sge_jobs/4ICB_titrate_pH3.94.job,dry-run,generated,
4ICB,4.4,titration,/Dedicated/schnieders/maemmad/pKa_GNN/ffx_pipeline/data/sge_jobs/4ICB_titrate_pH4.4.job,dry-run,generated,
4ICB,6.45,titration,/Dedicated/schnieders/maemmad/pKa_GNN/ffx_pipeline/data/sge_jobs/4ICB_titrate_pH6.45.job,dry-run,generated,
4ICB,8.55,titration,/Dedicated/schnieders/maemmad/pKa_GNN/ffx_pipeline/data/sge_jobs/4ICB_titrate_pH8.55.job,dry-run,generated,
4KY5,,rotamer,/Dedicated/schnieders/maemmad/pKa_GNN/ffx_pipeline/data/sge_jobs/4KY5_rotamer.job,dry-run,generated,
4KY5,3.94,titration,/Dedicated/schnieders/maemmad/pKa_GNN/ffx_pipeline/data/sge_jobs/4KY5_titrate_pH3.94.job,dry-run,generated,
4KY5,4.4,titration,/Dedicated/schnieders/maemmad/pKa_GNN/ffx_pipeline/data/sge_jobs/4KY5_titrate_pH4.4.job,dry-run,generated,
4KY5,6.45,titration,/Dedicated/schnieders/maemmad/pKa_GNN/ffx_pipeline/data/sge_jobs/4KY5_titrate_pH6.45.job,dry-run,generated,
4KY5,8.55,titration,/Dedicated/schnieders/maemmad/pKa_GNN/ffx_pipeline/data/sge_jobs/4KY5_titrate_pH8.55.job,dry-run,generated,
4KY6,,rotamer,/Dedicated/schnieders/maemmad/pKa_GNN/ffx_pipeline/data/sge_jobs/4KY6_rotamer.job,dry-run,generated,
4KY6,3.94,titration,/Dedicated/schnieders/maemmad/pKa_GNN/ffx_pipeline/data/sge_jobs/4KY6_titrate_pH3.94.job,dry-run,generated,
4KY6,4.4,titration,/Dedicated/schnieders/maemmad/pKa_GNN/ffx_pipeline/data/sge_jobs/4KY6_titrate_pH4.4.job,dry-run,generated,
4KY6,6.45,titration,/Dedicated/schnieders/maemmad/pKa_GNN/ffx_pipeline/data/sge_jobs/4KY6_titrate_pH6.45.job,dry-run,generated,
4KY6,8.55,titration,/Dedicated/schnieders/maemmad/pKa_GNN/ffx_pipeline/data/sge_jobs/4KY6_titrate_pH8.55.job,dry-run,generated,
4KY7,,rotamer,/Dedicated/schnieders/maemmad/pKa_GNN/ffx_pipeline/data/sge_jobs/4KY7_rotamer.job,dry-run,generated,
4KY7,3.94,titration,/Dedicated/schnieders/maemmad/pKa_GNN/ffx_pipeline/data/sge_jobs/4KY7_titrate_pH3.94.job,dry-run,generated,
4KY7,4.4,titration,/Dedicated/schnieders/maemmad/pKa_GNN/ffx_pipeline/data/sge_jobs/4KY7_titrate_pH4.4.job,dry-run,generated,
4KY7,6.45,titration,/Dedicated/schnieders/maemmad/pKa_GNN/ffx_pipeline/data/sge_jobs/4KY7_titrate_pH6.45.job,dry-run,generated,
4KY7,8.55,titration,/Dedicated/schnieders/maemmad/pKa_GNN/ffx_pipeline/data/sge_jobs/4KY7_titrate_pH8.55.job,dry-run,generated,
4LZT,,rotamer,/Dedicated/schnieders/maemmad/pKa_GNN/ffx_pipeline/data/sge_jobs/4LZT_rotamer.job,dry-run,generated,
4LZT,3.94,titration,/Dedicated/schnieders/maemmad/pKa_GNN/ffx_pipeline/data/sge_jobs/4LZT_titrate_pH3.94.job,dry-run,generated,
4LZT,4.4,titration,/Dedicated/schnieders/maemmad/pKa_GNN/ffx_pipeline/data/sge_jobs/4LZT_titrate_pH4.4.job,dry-run,generated,
4LZT,6.45,titration,/Dedicated/schnieders/maemmad/pKa_GNN/ffx_pipeline/data/sge_jobs/4LZT_titrate_pH6.45.job,dry-run,generated,
4LZT,8.55,titration,/Dedicated/schnieders/maemmad/pKa_GNN/ffx_pipeline/data/sge_jobs/4LZT_titrate_pH8.55.job,dry-run,generated,
4MA9,,rotamer,/Dedicated/schnieders/maemmad/pKa_GNN/ffx_pipeline/data/sge_jobs/4MA9_rotamer.job,dry-run,generated,
4MA9,3.94,titration,/Dedicated/schnieders/maemmad/pKa_GNN/ffx_pipeline/data/sge_jobs/4MA9_titrate_pH3.94.job,dry-run,generated,
4MA9,4.4,titration,/Dedicated/schnieders/maemmad/pKa_GNN/ffx_pipeline/data/sge_jobs/4MA9_titrate_pH4.4.job,dry-run,generated,
4MA9,6.45,titration,/Dedicated/schnieders/maemmad/pKa_GNN/ffx_pipeline/data/sge_jobs/4MA9_titrate_pH6.45.job,dry-run,generated,
4MA9,8.55,titration,/Dedicated/schnieders/maemmad/pKa_GNN/ffx_pipeline/data/sge_jobs/4MA9_titrate_pH8.55.job,dry-run,generated,
4PTI,,rotamer,/Dedicated/schnieders/maemmad/pKa_GNN/ffx_pipeline/data/sge_jobs/4PTI_rotamer.job,dry-run,generated,
4PTI,3.94,titration,/Dedicated/schnieders/maemmad/pKa_GNN/ffx_pipeline/data/sge_jobs/4PTI_titrate_pH3.94.job,dry-run,generated,
4PTI,4.4,titration,/Dedicated/schnieders/maemmad/pKa_GNN/ffx_pipeline/data/sge_jobs/4PTI_titrate_pH4.4.job,dry-run,generated,
4PTI,6.45,titration,/Dedicated/schnieders/maemmad/pKa_GNN/ffx_pipeline/data/sge_jobs/4PTI_titrate_pH6.45.job,dry-run,generated,
4PTI,8.55,titration,/Dedicated/schnieders/maemmad/pKa_GNN/ffx_pipeline/data/sge_jobs/4PTI_titrate_pH8.55.job,dry-run,generated,
4QYT,,rotamer,/Dedicated/schnieders/maemmad/pKa_GNN/ffx_pipeline/data/sge_jobs/4QYT_rotamer.job,dry-run,generated,
4QYT,3.94,titration,/Dedicated/schnieders/maemmad/pKa_GNN/ffx_pipeline/data/sge_jobs/4QYT_titrate_pH3.94.job,dry-run,generated,
4QYT,4.4,titration,/Dedicated/schnieders/maemmad/pKa_GNN/ffx_pipeline/data/sge_jobs/4QYT_titrate_pH4.4.job,dry-run,generated,
4QYT,6.45,titration,/Dedicated/schnieders/maemmad/pKa_GNN/ffx_pipeline/data/sge_jobs/4QYT_titrate_pH6.45.job,dry-run,generated,
4QYT,8.55,titration,/Dedicated/schnieders/maemmad/pKa_GNN/ffx_pipeline/data/sge_jobs/4QYT_titrate_pH8.55.job,dry-run,generated,
4XLL,,rotamer,/Dedicated/schnieders/maemmad/pKa_GNN/ffx_pipeline/data/sge_jobs/4XLL_rotamer.job,dry-run,generated,
4XLL,3.94,titration,/Dedicated/schnieders/maemmad/pKa_GNN/ffx_pipeline/data/sge_jobs/4XLL_titrate_pH3.94.job,dry-run,generated,
4XLL,4.4,titration,/Dedicated/schnieders/maemmad/pKa_GNN/ffx_pipeline/data/sge_jobs/4XLL_titrate_pH4.4.job,dry-run,generated,
4XLL,6.45,titration,/Dedicated/schnieders/maemmad/pKa_GNN/ffx_pipeline/data/sge_jobs/4XLL_titrate_pH6.45.job,dry-run,generated,
4XLL,8.55,titration,/Dedicated/schnieders/maemmad/pKa_GNN/ffx_pipeline/data/sge_jobs/4XLL_titrate_pH8.55.job,dry-run,generated,
4YIJ,,rotamer,/Dedicated/schnieders/maemmad/pKa_GNN/ffx_pipeline/data/sge_jobs/4YIJ_rotamer.job,dry-run,generated,
4YIJ,3.94,titration,/Dedicated/schnieders/maemmad/pKa_GNN/ffx_pipeline/data/sge_jobs/4YIJ_titrate_pH3.94.job,dry-run,generated,
4YIJ,4.4,titration,/Dedicated/schnieders/maemmad/pKa_GNN/ffx_pipeline/data/sge_jobs/4YIJ_titrate_pH4.4.job,dry-run,generated,
4YIJ,6.45,titration,/Dedicated/schnieders/maemmad/pKa_GNN/ffx_pipeline/data/sge_jobs/4YIJ_titrate_pH6.45.job,dry-run,generated,
4YIJ,8.55,titration,/Dedicated/schnieders/maemmad/pKa_GNN/ffx_pipeline/data/sge_jobs/4YIJ_titrate_pH8.55.job,dry-run,generated,
5DEH,,rotamer,/Dedicated/schnieders/maemmad/pKa_GNN/ffx_pipeline/data/sge_jobs/5DEH_rotamer.job,dry-run,generated,
5DEH,3.94,titration,/Dedicated/schnieders/maemmad/pKa_GNN/ffx_pipeline/data/sge_jobs/5DEH_titrate_pH3.94.job,dry-run,generated,
5DEH,4.4,titration,/Dedicated/schnieders/maemmad/pKa_GNN/ffx_pipeline/data/sge_jobs/5DEH_titrate_pH4.4.job,dry-run,generated,
5DEH,6.45,titration,/Dedicated/schnieders/maemmad/pKa_GNN/ffx_pipeline/data/sge_jobs/5DEH_titrate_pH6.45.job,dry-run,generated,
5DEH,8.55,titration,/Dedicated/schnieders/maemmad/pKa_GNN/ffx_pipeline/data/sge_jobs/5DEH_titrate_pH8.55.job,dry-run,generated,
5E1F,,rotamer,/Dedicated/schnieders/maemmad/pKa_GNN/ffx_pipeline/data/sge_jobs/5E1F_rotamer.job,dry-run,generated,
5E1F,3.94,titration,/Dedicated/schnieders/maemmad/pKa_GNN/ffx_pipeline/data/sge_jobs/5E1F_titrate_pH3.94.job,dry-run,generated,
5E1F,4.4,titration,/Dedicated/schnieders/maemmad/pKa_GNN/ffx_pipeline/data/sge_jobs/5E1F_titrate_pH4.4.job,dry-run,generated,
5E1F,6.45,titration,/Dedicated/schnieders/maemmad/pKa_GNN/ffx_pipeline/data/sge_jobs/5E1F_titrate_pH6.45.job,dry-run,generated,
5E1F,8.55,titration,/Dedicated/schnieders/maemmad/pKa_GNN/ffx_pipeline/data/sge_jobs/5E1F_titrate_pH8.55.job,dry-run,generated,
5E3F,,rotamer,/Dedicated/schnieders/maemmad/pKa_GNN/ffx_pipeline/data/sge_jobs/5E3F_rotamer.job,dry-run,generated,
5E3F,3.94,titration,/Dedicated/schnieders/maemmad/pKa_GNN/ffx_pipeline/data/sge_jobs/5E3F_titrate_pH3.94.job,dry-run,generated,
5E3F,4.4,titration,/Dedicated/schnieders/maemmad/pKa_GNN/ffx_pipeline/data/sge_jobs/5E3F_titrate_pH4.4.job,dry-run,generated,
5E3F,6.45,titration,/Dedicated/schnieders/maemmad/pKa_GNN/ffx_pipeline/data/sge_jobs/5E3F_titrate_pH6.45.job,dry-run,generated,
5E3F,8.55,titration,/Dedicated/schnieders/maemmad/pKa_GNN/ffx_pipeline/data/sge_jobs/5E3F_titrate_pH8.55.job,dry-run,generated,
5EGT,,rotamer,/Dedicated/schnieders/maemmad/pKa_GNN/ffx_pipeline/data/sge_jobs/5EGT_rotamer.job,dry-run,generated,
5EGT,3.94,titration,/Dedicated/schnieders/maemmad/pKa_GNN/ffx_pipeline/data/sge_jobs/5EGT_titrate_pH3.94.job,dry-run,generated,
5EGT,4.4,titration,/Dedicated/schnieders/maemmad/pKa_GNN/ffx_pipeline/data/sge_jobs/5EGT_titrate_pH4.4.job,dry-run,generated,
5EGT,6.45,titration,/Dedicated/schnieders/maemmad/pKa_GNN/ffx_pipeline/data/sge_jobs/5EGT_titrate_pH6.45.job,dry-run,generated,
5EGT,8.55,titration,/Dedicated/schnieders/maemmad/pKa_GNN/ffx_pipeline/data/sge_jobs/5EGT_titrate_pH8.55.job,dry-run,generated,
5I6W,,rotamer,/Dedicated/schnieders/maemmad/pKa_GNN/ffx_pipeline/data/sge_jobs/5I6W_rotamer.job,dry-run,generated,
5I6W,3.94,titration,/Dedicated/schnieders/maemmad/pKa_GNN/ffx_pipeline/data/sge_jobs/5I6W_titrate_pH3.94.job,dry-run,generated,
5I6W,4.4,titration,/Dedicated/schnieders/maemmad/pKa_GNN/ffx_pipeline/data/sge_jobs/5I6W_titrate_pH4.4.job,dry-run,generated,
5I6W,6.45,titration,/Dedicated/schnieders/maemmad/pKa_GNN/ffx_pipeline/data/sge_jobs/5I6W_titrate_pH6.45.job,dry-run,generated,
5I6W,8.55,titration,/Dedicated/schnieders/maemmad/pKa_GNN/ffx_pipeline/data/sge_jobs/5I6W_titrate_pH8.55.job,dry-run,generated,
5I6Y,,rotamer,/Dedicated/schnieders/maemmad/pKa_GNN/ffx_pipeline/data/sge_jobs/5I6Y_rotamer.job,dry-run,generated,
5I6Y,3.94,titration,/Dedicated/schnieders/maemmad/pKa_GNN/ffx_pipeline/data/sge_jobs/5I6Y_titrate_pH3.94.job,dry-run,generated,
5I6Y,4.4,titration,/Dedicated/schnieders/maemmad/pKa_GNN/ffx_pipeline/data/sge_jobs/5I6Y_titrate_pH4.4.job,dry-run,generated,
5I6Y,6.45,titration,/Dedicated/schnieders/maemmad/pKa_GNN/ffx_pipeline/data/sge_jobs/5I6Y_titrate_pH6.45.job,dry-run,generated,
5I6Y,8.55,titration,/Dedicated/schnieders/maemmad/pKa_GNN/ffx_pipeline/data/sge_jobs/5I6Y_titrate_pH8.55.job,dry-run,generated,
5IIF,,rotamer,/Dedicated/schnieders/maemmad/pKa_GNN/ffx_pipeline/data/sge_jobs/5IIF_rotamer.job,dry-run,generated,
5IIF,3.94,titration,/Dedicated/schnieders/maemmad/pKa_GNN/ffx_pipeline/data/sge_jobs/5IIF_titrate_pH3.94.job,dry-run,generated,
5IIF,4.4,titration,/Dedicated/schnieders/maemmad/pKa_GNN/ffx_pipeline/data/sge_jobs/5IIF_titrate_pH4.4.job,dry-run,generated,
5IIF,6.45,titration,/Dedicated/schnieders/maemmad/pKa_GNN/ffx_pipeline/data/sge_jobs/5IIF_titrate_pH6.45.job,dry-run,generated,
5IIF,8.55,titration,/Dedicated/schnieders/maemmad/pKa_GNN/ffx_pipeline/data/sge_jobs/5IIF_titrate_pH8.55.job,dry-run,generated,
5ISR,,rotamer,/Dedicated/schnieders/maemmad/pKa_GNN/ffx_pipeline/data/sge_jobs/5ISR_rotamer.job,dry-run,generated,
5ISR,3.94,titration,/Dedicated/schnieders/maemmad/pKa_GNN/ffx_pipeline/data/sge_jobs/5ISR_titrate_pH3.94.job,dry-run,generated,
5ISR,4.4,titration,/Dedicated/schnieders/maemmad/pKa_GNN/ffx_pipeline/data/sge_jobs/5ISR_titrate_pH4.4.job,dry-run,generated,
5ISR,6.45,titration,/Dedicated/schnieders/maemmad/pKa_GNN/ffx_pipeline/data/sge_jobs/5ISR_titrate_pH6.45.job,dry-run,generated,
5ISR,8.55,titration,/Dedicated/schnieders/maemmad/pKa_GNN/ffx_pipeline/data/sge_jobs/5ISR_titrate_pH8.55.job,dry-run,generated,
5J1Z,,rotamer,/Dedicated/schnieders/maemmad/pKa_GNN/ffx_pipeline/data/sge_jobs/5J1Z_rotamer.job,dry-run,generated,
5J1Z,3.94,titration,/Dedicated/schnieders/maemmad/pKa_GNN/ffx_pipeline/data/sge_jobs/5J1Z_titrate_pH3.94.job,dry-run,generated,
5J1Z,4.4,titration,/Dedicated/schnieders/maemmad/pKa_GNN/ffx_pipeline/data/sge_jobs/5J1Z_titrate_pH4.4.job,dry-run,generated,
5J1Z,6.45,titration,/Dedicated/schnieders/maemmad/pKa_GNN/ffx_pipeline/data/sge_jobs/5J1Z_titrate_pH6.45.job,dry-run,generated,
5J1Z,8.55,titration,/Dedicated/schnieders/maemmad/pKa_GNN/ffx_pipeline/data/sge_jobs/5J1Z_titrate_pH8.55.job,dry-run,generated,
5JAV,,rotamer,/Dedicated/schnieders/maemmad/pKa_GNN/ffx_pipeline/data/sge_jobs/5JAV_rotamer.job,dry-run,generated,
5JAV,3.94,titration,/Dedicated/schnieders/maemmad/pKa_GNN/ffx_pipeline/data/sge_jobs/5JAV_titrate_pH3.94.job,dry-run,generated,
5JAV,4.4,titration,/Dedicated/schnieders/maemmad/pKa_GNN/ffx_pipeline/data/sge_jobs/5JAV_titrate_pH4.4.job,dry-run,generated,
5JAV,6.45,titration,/Dedicated/schnieders/maemmad/pKa_GNN/ffx_pipeline/data/sge_jobs/5JAV_titrate_pH6.45.job,dry-run,generated,
5JAV,8.55,titration,/Dedicated/schnieders/maemmad/pKa_GNN/ffx_pipeline/data/sge_jobs/5JAV_titrate_pH8.55.job,dry-run,generated,
5KGU,,rotamer,/Dedicated/schnieders/maemmad/pKa_GNN/ffx_pipeline/data/sge_jobs/5KGU_rotamer.job,dry-run,generated,
5KGU,3.94,titration,/Dedicated/schnieders/maemmad/pKa_GNN/ffx_pipeline/data/sge_jobs/5KGU_titrate_pH3.94.job,dry-run,generated,
5KGU,4.4,titration,/Dedicated/schnieders/maemmad/pKa_GNN/ffx_pipeline/data/sge_jobs/5KGU_titrate_pH4.4.job,dry-run,generated,
5KGU,6.45,titration,/Dedicated/schnieders/maemmad/pKa_GNN/ffx_pipeline/data/sge_jobs/5KGU_titrate_pH6.45.job,dry-run,generated,
5KGU,8.55,titration,/Dedicated/schnieders/maemmad/pKa_GNN/ffx_pipeline/data/sge_jobs/5KGU_titrate_pH8.55.job,dry-run,generated,
5KIX,,rotamer,/Dedicated/schnieders/maemmad/pKa_GNN/ffx_pipeline/data/sge_jobs/5KIX_rotamer.job,dry-run,generated,
5KIX,3.94,titration,/Dedicated/schnieders/maemmad/pKa_GNN/ffx_pipeline/data/sge_jobs/5KIX_titrate_pH3.94.job,dry-run,generated,
5KIX,4.4,titration,/Dedicated/schnieders/maemmad/pKa_GNN/ffx_pipeline/data/sge_jobs/5KIX_titrate_pH4.4.job,dry-run,generated,
5KIX,6.45,titration,/Dedicated/schnieders/maemmad/pKa_GNN/ffx_pipeline/data/sge_jobs/5KIX_titrate_pH6.45.job,dry-run,generated,
5KIX,8.55,titration,/Dedicated/schnieders/maemmad/pKa_GNN/ffx_pipeline/data/sge_jobs/5KIX_titrate_pH8.55.job,dry-run,generated,
6EEG,,rotamer,/Dedicated/schnieders/maemmad/pKa_GNN/ffx_pipeline/data/sge_jobs/6EEG_rotamer.job,dry-run,generated,
6EEG,3.94,titration,/Dedicated/schnieders/maemmad/pKa_GNN/ffx_pipeline/data/sge_jobs/6EEG_titrate_pH3.94.job,dry-run,generated,
6EEG,4.4,titration,/Dedicated/schnieders/maemmad/pKa_GNN/ffx_pipeline/data/sge_jobs/6EEG_titrate_pH4.4.job,dry-run,generated,
6EEG,6.45,titration,/Dedicated/schnieders/maemmad/pKa_GNN/ffx_pipeline/data/sge_jobs/6EEG_titrate_pH6.45.job,dry-run,generated,
6EEG,8.55,titration,/Dedicated/schnieders/maemmad/pKa_GNN/ffx_pipeline/data/sge_jobs/6EEG_titrate_pH8.55.job,dry-run,generated,
6GST,,rotamer,/Dedicated/schnieders/maemmad/pKa_GNN/ffx_pipeline/data/sge_jobs/6GST_rotamer.job,dry-run,generated,
6GST,3.94,titration,/Dedicated/schnieders/maemmad/pKa_GNN/ffx_pipeline/data/sge_jobs/6GST_titrate_pH3.94.job,dry-run,generated,
6GST,4.4,titration,/Dedicated/schnieders/maemmad/pKa_GNN/ffx_pipeline/data/sge_jobs/6GST_titrate_pH4.4.job,dry-run,generated,
6GST,6.45,titration,/Dedicated/schnieders/maemmad/pKa_GNN/ffx_pipeline/data/sge_jobs/6GST_titrate_pH6.45.job,dry-run,generated,
6GST,8.55,titration,/Dedicated/schnieders/maemmad/pKa_GNN/ffx_pipeline/data/sge_jobs/6GST_titrate_pH8.55.job,dry-run,generated,
7M2Z,,rotamer,/Dedicated/schnieders/maemmad/pKa_GNN/ffx_pipeline/data/sge_jobs/7M2Z_rotamer.job,dry-run,generated,
7M2Z,3.94,titration,/Dedicated/schnieders/maemmad/pKa_GNN/ffx_pipeline/data/sge_jobs/7M2Z_titrate_pH3.94.job,dry-run,generated,
7M2Z,4.4,titration,/Dedicated/schnieders/maemmad/pKa_GNN/ffx_pipeline/data/sge_jobs/7M2Z_titrate_pH4.4.job,dry-run,generated,
7M2Z,6.45,titration,/Dedicated/schnieders/maemmad/pKa_GNN/ffx_pipeline/data/sge_jobs/7M2Z_titrate_pH6.45.job,dry-run,generated,
7M2Z,8.55,titration,/Dedicated/schnieders/maemmad/pKa_GNN/ffx_pipeline/data/sge_jobs/7M2Z_titrate_pH8.55.job,dry-run,generated,
7RSA,,rotamer,/Dedicated/schnieders/maemmad/pKa_GNN/ffx_pipeline/data/sge_jobs/7RSA_rotamer.job,dry-run,generated,
7RSA,3.94,titration,/Dedicated/schnieders/maemmad/pKa_GNN/ffx_pipeline/data/sge_jobs/7RSA_titrate_pH3.94.job,dry-run,generated,
7RSA,4.4,titration,/Dedicated/schnieders/maemmad/pKa_GNN/ffx_pipeline/data/sge_jobs/7RSA_titrate_pH4.4.job,dry-run,generated,
7RSA,6.45,titration,/Dedicated/schnieders/maemmad/pKa_GNN/ffx_pipeline/data/sge_jobs/7RSA_titrate_pH6.45.job,dry-run,generated,
7RSA,8.55,titration,/Dedicated/schnieders/maemmad/pKa_GNN/ffx_pipeline/data/sge_jobs/7RSA_titrate_pH8.55.job,dry-run,generated,
8I41,,rotamer,/Dedicated/schnieders/maemmad/pKa_GNN/ffx_pipeline/data/sge_jobs/8I41_rotamer.job,dry-run,generated,
8I41,3.94,titration,/Dedicated/schnieders/maemmad/pKa_GNN/ffx_pipeline/data/sge_jobs/8I41_titrate_pH3.94.job,dry-run,generated,
8I41,4.4,titration,/Dedicated/schnieders/maemmad/pKa_GNN/ffx_pipeline/data/sge_jobs/8I41_titrate_pH4.4.job,dry-run,generated,
8I41,6.45,titration,/Dedicated/schnieders/maemmad/pKa_GNN/ffx_pipeline/data/sge_jobs/8I41_titrate_pH6.45.job,dry-run,generated,
8I41,8.55,titration,/Dedicated/schnieders/maemmad/pKa_GNN/ffx_pipeline/data/sge_jobs/8I41_titrate_pH8.55.job,dry-run,generated,
8UOZ,,rotamer,/Dedicated/schnieders/maemmad/pKa_GNN/ffx_pipeline/data/sge_jobs/8UOZ_rotamer.job,dry-run,generated,
8UOZ,3.94,titration,/Dedicated/schnieders/maemmad/pKa_GNN/ffx_pipeline/data/sge_jobs/8UOZ_titrate_pH3.94.job,dry-run,generated,
8UOZ,4.4,titration,/Dedicated/schnieders/maemmad/pKa_GNN/ffx_pipeline/data/sge_jobs/8UOZ_titrate_pH4.4.job,dry-run,generated,
8UOZ,6.45,titration,/Dedicated/schnieders/maemmad/pKa_GNN/ffx_pipeline/data/sge_jobs/8UOZ_titrate_pH6.45.job,dry-run,generated,
8UOZ,8.55,titration,/Dedicated/schnieders/maemmad/pKa_GNN/ffx_pipeline/data/sge_jobs/8UOZ_titrate_pH8.55.job,dry-run,generated,
9RNT,,rotamer,/Dedicated/schnieders/maemmad/pKa_GNN/ffx_pipeline/data/sge_jobs/9RNT_rotamer.job,dry-run,generated,
9RNT,3.94,titration,/Dedicated/schnieders/maemmad/pKa_GNN/ffx_pipeline/data/sge_jobs/9RNT_titrate_pH3.94.job,dry-run,generated,
9RNT,4.4,titration,/Dedicated/schnieders/maemmad/pKa_GNN/ffx_pipeline/data/sge_jobs/9RNT_titrate_pH4.4.job,dry-run,generated,
9RNT,6.45,titration,/Dedicated/schnieders/maemmad/pKa_GNN/ffx_pipeline/data/sge_jobs/9RNT_titrate_pH6.45.job,dry-run,generated,
9RNT,8.55,titration,/Dedicated/schnieders/maemmad/pKa_GNN/ffx_pipeline/data/sge_jobs/9RNT_titrate_pH8.55.job,dry-run,generated,
135L,,rotamer,/Dedicated/schnieders/maemmad/pKa_GNN/ffx_pipeline/data/sge_jobs/rot_135L.job,dry-run,generated,
135L,3.94,titration,/Dedicated/schnieders/maemmad/pKa_GNN/ffx_pipeline/data/sge_jobs/min_135L_titrate_pH3.94.job,dry-run,generated,
135L,4.4,titration,/Dedicated/schnieders/maemmad/pKa_GNN/ffx_pipeline/data/sge_jobs/min_135L_titrate_pH4.4.job,dry-run,generated,
135L,6.45,titration,/Dedicated/schnieders/maemmad/pKa_GNN/ffx_pipeline/data/sge_jobs/min_135L_titrate_pH6.45.job,dry-run,generated,
135L,8.55,titration,/Dedicated/schnieders/maemmad/pKa_GNN/ffx_pipeline/data/sge_jobs/min_135L_titrate_pH8.55.job,dry-run,generated,
1A2P,,rotamer,/Dedicated/schnieders/maemmad/pKa_GNN/ffx_pipeline/data/sge_jobs/rot_1A2P.job,dry-run,generated,
1A2P,3.94,titration,/Dedicated/schnieders/maemmad/pKa_GNN/ffx_pipeline/data/sge_jobs/min_1A2P_titrate_pH3.94.job,dry-run,generated,
1A2P,4.4,titration,/Dedicated/schnieders/maemmad/pKa_GNN/ffx_pipeline/data/sge_jobs/min_1A2P_titrate_pH4.4.job,dry-run,generated,
1A2P,6.45,titration,/Dedicated/schnieders/maemmad/pKa_GNN/ffx_pipeline/data/sge_jobs/min_1A2P_titrate_pH6.45.job,dry-run,generated,
1A2P,8.55,titration,/Dedicated/schnieders/maemmad/pKa_GNN/ffx_pipeline/data/sge_jobs/min_1A2P_titrate_pH8.55.job,dry-run,generated,
1A6K,,rotamer,/Dedicated/schnieders/maemmad/pKa_GNN/ffx_pipeline/data/sge_jobs/rot_1A6K.job,dry-run,generated,
1A6K,3.94,titration,/Dedicated/schnieders/maemmad/pKa_GNN/ffx_pipeline/data/sge_jobs/min_1A6K_titrate_pH3.94.job,dry-run,generated,
1A6K,4.4,titration,/Dedicated/schnieders/maemmad/pKa_GNN/ffx_pipeline/data/sge_jobs/min_1A6K_titrate_pH4.4.job,dry-run,generated,
1A6K,6.45,titration,/Dedicated/schnieders/maemmad/pKa_GNN/ffx_pipeline/data/sge_jobs/min_1A6K_titrate_pH6.45.job,dry-run,generated,
1A6K,8.55,titration,/Dedicated/schnieders/maemmad/pKa_GNN/ffx_pipeline/data/sge_jobs/min_1A6K_titrate_pH8.55.job,dry-run,generated,
1A91,,rotamer,/Dedicated/schnieders/maemmad/pKa_GNN/ffx_pipeline/data/sge_jobs/rot_1A91.job,dry-run,generated,
1A91,3.94,titration,/Dedicated/schnieders/maemmad/pKa_GNN/ffx_pipeline/data/sge_jobs/min_1A91_titrate_pH3.94.job,dry-run,generated,
1A91,4.4,titration,/Dedicated/schnieders/maemmad/pKa_GNN/ffx_pipeline/data/sge_jobs/min_1A91_titrate_pH4.4.job,dry-run,generated,
1A91,6.45,titration,/Dedicated/schnieders/maemmad/pKa_GNN/ffx_pipeline/data/sge_jobs/min_1A91_titrate_pH6.45.job,dry-run,generated,
1A91,8.55,titration,/Dedicated/schnieders/maemmad/pKa_GNN/ffx_pipeline/data/sge_jobs/min_1A91_titrate_pH8.55.job,dry-run,generated,
1A93,,rotamer,/Dedicated/schnieders/maemmad/pKa_GNN/ffx_pipeline/data/sge_jobs/rot_1A93.job,dry-run,generated,
1A93,3.94,titration,/Dedicated/schnieders/maemmad/pKa_GNN/ffx_pipeline/data/sge_jobs/min_1A93_titrate_pH3.94.job,dry-run,generated,
1A93,4.4,titration,/Dedicated/schnieders/maemmad/pKa_GNN/ffx_pipeline/data/sge_jobs/min_1A93_titrate_pH4.4.job,dry-run,generated,
1A93,6.45,titration,/Dedicated/schnieders/maemmad/pKa_GNN/ffx_pipeline/data/sge_jobs/min_1A93_titrate_pH6.45.job,dry-run,generated,
1A93,8.55,titration,/Dedicated/schnieders/maemmad/pKa_GNN/ffx_pipeline/data/sge_jobs/min_1A93_titrate_pH8.55.job,dry-run,generated,
1ANS,,rotamer,/Dedicated/schnieders/maemmad/pKa_GNN/ffx_pipeline/data/sge_jobs/rot_1ANS.job,dry-run,generated,
1ANS,3.94,titration,/Dedicated/schnieders/maemmad/pKa_GNN/ffx_pipeline/data/sge_jobs/min_1ANS_titrate_pH3.94.job,dry-run,generated,
1ANS,4.4,titration,/Dedicated/schnieders/maemmad/pKa_GNN/ffx_pipeline/data/sge_jobs/min_1ANS_titrate_pH4.4.job,dry-run,generated,
1ANS,6.45,titration,/Dedicated/schnieders/maemmad/pKa_GNN/ffx_pipeline/data/sge_jobs/min_1ANS_titrate_pH6.45.job,dry-run,generated,
1ANS,8.55,titration,/Dedicated/schnieders/maemmad/pKa_GNN/ffx_pipeline/data/sge_jobs/min_1ANS_titrate_pH8.55.job,dry-run,generated,
1AO6,,rotamer,/Dedicated/schnieders/maemmad/pKa_GNN/ffx_pipeline/data/sge_jobs/rot_1AO6.job,dry-run,generated,
1AO6,3.94,titration,/Dedicated/schnieders/maemmad/pKa_GNN/ffx_pipeline/data/sge_jobs/min_1AO6_titrate_pH3.94.job,dry-run,generated,
1AO6,4.4,titration,/Dedicated/schnieders/maemmad/pKa_GNN/ffx_pipeline/data/sge_jobs/min_1AO6_titrate_pH4.4.job,dry-run,generated,
1AO6,6.45,titration,/Dedicated/schnieders/maemmad/pKa_GNN/ffx_pipeline/data/sge_jobs/min_1AO6_titrate_pH6.45.job,dry-run,generated,
1AO6,8.55,titration,/Dedicated/schnieders/maemmad/pKa_GNN/ffx_pipeline/data/sge_jobs/min_1AO6_titrate_pH8.55.job,dry-run,generated,
1AZP,,rotamer,/Dedicated/schnieders/maemmad/pKa_GNN/ffx_pipeline/data/sge_jobs/rot_1AZP.job,dry-run,generated,
1AZP,3.94,titration,/Dedicated/schnieders/maemmad/pKa_GNN/ffx_pipeline/data/sge_jobs/min_1AZP_titrate_pH3.94.job,dry-run,generated,
1AZP,4.4,titration,/Dedicated/schnieders/maemmad/pKa_GNN/ffx_pipeline/data/sge_jobs/min_1AZP_titrate_pH4.4.job,dry-run,generated,
1AZP,6.45,titration,/Dedicated/schnieders/maemmad/pKa_GNN/ffx_pipeline/data/sge_jobs/min_1AZP_titrate_pH6.45.job,dry-run,generated,
1AZP,8.55,titration,/Dedicated/schnieders/maemmad/pKa_GNN/ffx_pipeline/data/sge_jobs/min_1AZP_titrate_pH8.55.job,dry-run,generated,
1B2V,,rotamer,/Dedicated/schnieders/maemmad/pKa_GNN/ffx_pipeline/data/sge_jobs/rot_1B2V.job,dry-run,generated,
1B2V,3.94,titration,/Dedicated/schnieders/maemmad/pKa_GNN/ffx_pipeline/data/sge_jobs/min_1B2V_titrate_pH3.94.job,dry-run,generated,
1B2V,4.4,titration,/Dedicated/schnieders/maemmad/pKa_GNN/ffx_pipeline/data/sge_jobs/min_1B2V_titrate_pH4.4.job,dry-run,generated,
1B2V,6.45,titration,/Dedicated/schnieders/maemmad/pKa_GNN/ffx_pipeline/data/sge_jobs/min_1B2V_titrate_pH6.45.job,dry-run,generated,
1B2V,8.55,titration,/Dedicated/schnieders/maemmad/pKa_GNN/ffx_pipeline/data/sge_jobs/min_1B2V_titrate_pH8.55.job,dry-run,generated,
1BED,,rotamer,/Dedicated/schnieders/maemmad/pKa_GNN/ffx_pipeline/data/sge_jobs/rot_1BED.job,dry-run,generated,
1BED,3.94,titration,/Dedicated/schnieders/maemmad/pKa_GNN/ffx_pipeline/data/sge_jobs/min_1BED_titrate_pH3.94.job,dry-run,generated,
1BED,4.4,titration,/Dedicated/schnieders/maemmad/pKa_GNN/ffx_pipeline/data/sge_jobs/min_1BED_titrate_pH4.4.job,dry-run,generated,
1BED,6.45,titration,/Dedicated/schnieders/maemmad/pKa_GNN/ffx_pipeline/data/sge_jobs/min_1BED_titrate_pH6.45.job,dry-run,generated,
1BED,8.55,titration,/Dedicated/schnieders/maemmad/pKa_GNN/ffx_pipeline/data/sge_jobs/min_1BED_titrate_pH8.55.job,dry-run,generated,
1BEO,,rotamer,/Dedicated/schnieders/maemmad/pKa_GNN/ffx_pipeline/data/sge_jobs/rot_1BEO.job,dry-run,generated,
1BEO,3.94,titration,/Dedicated/schnieders/maemmad/pKa_GNN/ffx_pipeline/data/sge_jobs/min_1BEO_titrate_pH3.94.job,dry-run,generated,
1BEO,4.4,titration,/Dedicated/schnieders/maemmad/pKa_GNN/ffx_pipeline/data/sge_jobs/min_1BEO_titrate_pH4.4.job,dry-run,generated,
1BEO,6.45,titration,/Dedicated/schnieders/maemmad/pKa_GNN/ffx_pipeline/data/sge_jobs/min_1BEO_titrate_pH6.45.job,dry-run,generated,
1BEO,8.55,titration,/Dedicated/schnieders/maemmad/pKa_GNN/ffx_pipeline/data/sge_jobs/min_1BEO_titrate_pH8.55.job,dry-run,generated,
1BI6,,rotamer,/Dedicated/schnieders/maemmad/pKa_GNN/ffx_pipeline/data/sge_jobs/rot_1BI6.job,dry-run,generated,
1BI6,3.94,titration,/Dedicated/schnieders/maemmad/pKa_GNN/ffx_pipeline/data/sge_jobs/min_1BI6_titrate_pH3.94.job,dry-run,generated,
1BI6,4.4,titration,/Dedicated/schnieders/maemmad/pKa_GNN/ffx_pipeline/data/sge_jobs/min_1BI6_titrate_pH4.4.job,dry-run,generated,
1BI6,6.45,titration,/Dedicated/schnieders/maemmad/pKa_GNN/ffx_pipeline/data/sge_jobs/min_1BI6_titrate_pH6.45.job,dry-run,generated,
1BI6,8.55,titration,/Dedicated/schnieders/maemmad/pKa_GNN/ffx_pipeline/data/sge_jobs/min_1BI6_titrate_pH8.55.job,dry-run,generated,
1BNZ,,rotamer,/Dedicated/schnieders/maemmad/pKa_GNN/ffx_pipeline/data/sge_jobs/rot_1BNZ.job,dry-run,generated,
1BNZ,3.94,titration,/Dedicated/schnieders/maemmad/pKa_GNN/ffx_pipeline/data/sge_jobs/min_1BNZ_titrate_pH3.94.job,dry-run,generated,
1BNZ,4.4,titration,/Dedicated/schnieders/maemmad/pKa_GNN/ffx_pipeline/data/sge_jobs/min_1BNZ_titrate_pH4.4.job,dry-run,generated,
1BNZ,6.45,titration,/Dedicated/schnieders/maemmad/pKa_GNN/ffx_pipeline/data/sge_jobs/min_1BNZ_titrate_pH6.45.job,dry-run,generated,
1BNZ,8.55,titration,/Dedicated/schnieders/maemmad/pKa_GNN/ffx_pipeline/data/sge_jobs/min_1BNZ_titrate_pH8.55.job,dry-run,generated,
1BPI,,rotamer,/Dedicated/schnieders/maemmad/pKa_GNN/ffx_pipeline/data/sge_jobs/rot_1BPI.job,dry-run,generated,
1BPI,3.94,titration,/Dedicated/schnieders/maemmad/pKa_GNN/ffx_pipeline/data/sge_jobs/min_1BPI_titrate_pH3.94.job,dry-run,generated,
1BPI,4.4,titration,/Dedicated/schnieders/maemmad/pKa_GNN/ffx_pipeline/data/sge_jobs/min_1BPI_titrate_pH4.4.job,dry-run,generated,
1BPI,6.45,titration,/Dedicated/schnieders/maemmad/pKa_GNN/ffx_pipeline/data/sge_jobs/min_1BPI_titrate_pH6.45.job,dry-run,generated,
1BPI,8.55,titration,/Dedicated/schnieders/maemmad/pKa_GNN/ffx_pipeline/data/sge_jobs/min_1BPI_titrate_pH8.55.job,dry-run,generated,
1CDC,,rotamer,/Dedicated/schnieders/maemmad/pKa_GNN/ffx_pipeline/data/sge_jobs/rot_1CDC.job,dry-run,generated,
1CDC,3.94,titration,/Dedicated/schnieders/maemmad/pKa_GNN/ffx_pipeline/data/sge_jobs/min_1CDC_titrate_pH3.94.job,dry-run,generated,
1CDC,4.4,titration,/Dedicated/schnieders/maemmad/pKa_GNN/ffx_pipeline/data/sge_jobs/min_1CDC_titrate_pH4.4.job,dry-run,generated,
1CDC,6.45,titration,/Dedicated/schnieders/maemmad/pKa_GNN/ffx_pipeline/data/sge_jobs/min_1CDC_titrate_pH6.45.job,dry-run,generated,
1CDC,8.55,titration,/Dedicated/schnieders/maemmad/pKa_GNN/ffx_pipeline/data/sge_jobs/min_1CDC_titrate_pH8.55.job,dry-run,generated,
1DE3,,rotamer,/Dedicated/schnieders/maemmad/pKa_GNN/ffx_pipeline/data/sge_jobs/rot_1DE3.job,dry-run,generated,
1DE3,3.94,titration,/Dedicated/schnieders/maemmad/pKa_GNN/ffx_pipeline/data/sge_jobs/min_1DE3_titrate_pH3.94.job,dry-run,generated,
1DE3,4.4,titration,/Dedicated/schnieders/maemmad/pKa_GNN/ffx_pipeline/data/sge_jobs/min_1DE3_titrate_pH4.4.job,dry-run,generated,
1DE3,6.45,titration,/Dedicated/schnieders/maemmad/pKa_GNN/ffx_pipeline/data/sge_jobs/min_1DE3_titrate_pH6.45.job,dry-run,generated,
1DE3,8.55,titration,/Dedicated/schnieders/maemmad/pKa_GNN/ffx_pipeline/data/sge_jobs/min_1DE3_titrate_pH8.55.job,dry-run,generated,
1DG9,,rotamer,/Dedicated/schnieders/maemmad/pKa_GNN/ffx_pipeline/data/sge_jobs/rot_1DG9.job,dry-run,generated,
1DG9,3.94,titration,/Dedicated/schnieders/maemmad/pKa_GNN/ffx_pipeline/data/sge_jobs/min_1DG9_titrate_pH3.94.job,dry-run,generated,
1DG9,4.4,titration,/Dedicated/schnieders/maemmad/pKa_GNN/ffx_pipeline/data/sge_jobs/min_1DG9_titrate_pH4.4.job,dry-run,generated,
1DG9,6.45,titration,/Dedicated/schnieders/maemmad/pKa_GNN/ffx_pipeline/data/sge_jobs/min_1DG9_titrate_pH6.45.job,dry-run,generated,
1DG9,8.55,titration,/Dedicated/schnieders/maemmad/pKa_GNN/ffx_pipeline/data/sge_jobs/min_1DG9_titrate_pH8.55.job,dry-run,generated,
1DIV,,rotamer,/Dedicated/schnieders/maemmad/pKa_GNN/ffx_pipeline/data/sge_jobs/rot_1DIV.job,dry-run,generated,
1DIV,3.94,titration,/Dedicated/schnieders/maemmad/pKa_GNN/ffx_pipeline/data/sge_jobs/min_1DIV_titrate_pH3.94.job,dry-run,generated,
1DIV,4.4,titration,/Dedicated/schnieders/maemmad/pKa_GNN/ffx_pipeline/data/sge_jobs/min_1DIV_titrate_pH4.4.job,dry-run,generated,
1DIV,6.45,titration,/Dedicated/schnieders/maemmad/pKa_GNN/ffx_pipeline/data/sge_jobs/min_1DIV_titrate_pH6.45.job,dry-run,generated,
1DIV,8.55,titration,/Dedicated/schnieders/maemmad/pKa_GNN/ffx_pipeline/data/sge_jobs/min_1DIV_titrate_pH8.55.job,dry-run,generated,
1DSB,,rotamer,/Dedicated/schnieders/maemmad/pKa_GNN/ffx_pipeline/data/sge_jobs/rot_1DSB.job,dry-run,generated,
1DSB,3.94,titration,/Dedicated/schnieders/maemmad/pKa_GNN/ffx_pipeline/data/sge_jobs/min_1DSB_titrate_pH3.94.job,dry-run,generated,
1DSB,4.4,titration,/Dedicated/schnieders/maemmad/pKa_GNN/ffx_pipeline/data/sge_jobs/min_1DSB_titrate_pH4.4.job,dry-run,generated,
1DSB,6.45,titration,/Dedicated/schnieders/maemmad/pKa_GNN/ffx_pipeline/data/sge_jobs/min_1DSB_titrate_pH6.45.job,dry-run,generated,
1DSB,8.55,titration,/Dedicated/schnieders/maemmad/pKa_GNN/ffx_pipeline/data/sge_jobs/min_1DSB_titrate_pH8.55.job,dry-run,generated,
1EEJ,,rotamer,/Dedicated/schnieders/maemmad/pKa_GNN/ffx_pipeline/data/sge_jobs/rot_1EEJ.job,dry-run,generated,
1EEJ,3.94,titration,/Dedicated/schnieders/maemmad/pKa_GNN/ffx_pipeline/data/sge_jobs/min_1EEJ_titrate_pH3.94.job,dry-run,generated,
1EEJ,4.4,titration,/Dedicated/schnieders/maemmad/pKa_GNN/ffx_pipeline/data/sge_jobs/min_1EEJ_titrate_pH4.4.job,dry-run,generated,
1EEJ,6.45,titration,/Dedicated/schnieders/maemmad/pKa_GNN/ffx_pipeline/data/sge_jobs/min_1EEJ_titrate_pH6.45.job,dry-run,generated,
1EEJ,8.55,titration,/Dedicated/schnieders/maemmad/pKa_GNN/ffx_pipeline/data/sge_jobs/min_1EEJ_titrate_pH8.55.job,dry-run,generated,
1EGF,,rotamer,/Dedicated/schnieders/maemmad/pKa_GNN/ffx_pipeline/data/sge_jobs/rot_1EGF.job,dry-run,generated,
1EGF,3.94,titration,/Dedicated/schnieders/maemmad/pKa_GNN/ffx_pipeline/data/sge_jobs/min_1EGF_titrate_pH3.94.job,dry-run,generated,
1EGF,4.4,titration,/Dedicated/schnieders/maemmad/pKa_GNN/ffx_pipeline/data/sge_jobs/min_1EGF_titrate_pH4.4.job,dry-run,generated,
1EGF,6.45,titration,/Dedicated/schnieders/maemmad/pKa_GNN/ffx_pipeline/data/sge_jobs/min_1EGF_titrate_pH6.45.job,dry-run,generated,
1EGF,8.55,titration,/Dedicated/schnieders/maemmad/pKa_GNN/ffx_pipeline/data/sge_jobs/min_1EGF_titrate_pH8.55.job,dry-run,generated,
1EH6,,rotamer,/Dedicated/schnieders/maemmad/pKa_GNN/ffx_pipeline/data/sge_jobs/rot_1EH6.job,dry-run,generated,
1EH6,3.94,titration,/Dedicated/schnieders/maemmad/pKa_GNN/ffx_pipeline/data/sge_jobs/min_1EH6_titrate_pH3.94.job,dry-run,generated,
1EH6,4.4,titration,/Dedicated/schnieders/maemmad/pKa_GNN/ffx_pipeline/data/sge_jobs/min_1EH6_titrate_pH4.4.job,dry-run,generated,
1EH6,6.45,titration,/Dedicated/schnieders/maemmad/pKa_GNN/ffx_pipeline/data/sge_jobs/min_1EH6_titrate_pH6.45.job,dry-run,generated,
1EH6,8.55,titration,/Dedicated/schnieders/maemmad/pKa_GNN/ffx_pipeline/data/sge_jobs/min_1EH6_titrate_pH8.55.job,dry-run,generated,
1ERT,,rotamer,/Dedicated/schnieders/maemmad/pKa_GNN/ffx_pipeline/data/sge_jobs/rot_1ERT.job,dry-run,generated,
1ERT,3.94,titration,/Dedicated/schnieders/maemmad/pKa_GNN/ffx_pipeline/data/sge_jobs/min_1ERT_titrate_pH3.94.job,dry-run,generated,
1ERT,4.4,titration,/Dedicated/schnieders/maemmad/pKa_GNN/ffx_pipeline/data/sge_jobs/min_1ERT_titrate_pH4.4.job,dry-run,generated,
1ERT,6.45,titration,/Dedicated/schnieders/maemmad/pKa_GNN/ffx_pipeline/data/sge_jobs/min_1ERT_titrate_pH6.45.job,dry-run,generated,
1ERT,8.55,titration,/Dedicated/schnieders/maemmad/pKa_GNN/ffx_pipeline/data/sge_jobs/min_1ERT_titrate_pH8.55.job,dry-run,generated,
1EX3,,rotamer,/Dedicated/schnieders/maemmad/pKa_GNN/ffx_pipeline/data/sge_jobs/rot_1EX3.job,dry-run,generated,
1EX3,3.94,titration,/Dedicated/schnieders/maemmad/pKa_GNN/ffx_pipeline/data/sge_jobs/min_1EX3_titrate_pH3.94.job,dry-run,generated,
1EX3,4.4,titration,/Dedicated/schnieders/maemmad/pKa_GNN/ffx_pipeline/data/sge_jobs/min_1EX3_titrate_pH4.4.job,dry-run,generated,
1EX3,6.45,titration,/Dedicated/schnieders/maemmad/pKa_GNN/ffx_pipeline/data/sge_jobs/min_1EX3_titrate_pH6.45.job,dry-run,generated,
1EX3,8.55,titration,/Dedicated/schnieders/maemmad/pKa_GNN/ffx_pipeline/data/sge_jobs/min_1EX3_titrate_pH8.55.job,dry-run,generated,
1FEZ,,rotamer,/Dedicated/schnieders/maemmad/pKa_GNN/ffx_pipeline/data/sge_jobs/rot_1FEZ.job,dry-run,generated,
1FEZ,3.94,titration,/Dedicated/schnieders/maemmad/pKa_GNN/ffx_pipeline/data/sge_jobs/min_1FEZ_titrate_pH3.94.job,dry-run,generated,
1FEZ,4.4,titration,/Dedicated/schnieders/maemmad/pKa_GNN/ffx_pipeline/data/sge_jobs/min_1FEZ_titrate_pH4.4.job,dry-run,generated,
1FEZ,6.45,titration,/Dedicated/schnieders/maemmad/pKa_GNN/ffx_pipeline/data/sge_jobs/min_1FEZ_titrate_pH6.45.job,dry-run,generated,
1FEZ,8.55,titration,/Dedicated/schnieders/maemmad/pKa_GNN/ffx_pipeline/data/sge_jobs/min_1FEZ_titrate_pH8.55.job,dry-run,generated,
1FKS,,rotamer,/Dedicated/schnieders/maemmad/pKa_GNN/ffx_pipeline/data/sge_jobs/rot_1FKS.job,dry-run,generated,
1FKS,3.94,titration,/Dedicated/schnieders/maemmad/pKa_GNN/ffx_pipeline/data/sge_jobs/min_1FKS_titrate_pH3.94.job,dry-run,generated,
1FKS,4.4,titration,/Dedicated/schnieders/maemmad/pKa_GNN/ffx_pipeline/data/sge_jobs/min_1FKS_titrate_pH4.4.job,dry-run,generated,
1FKS,6.45,titration,/Dedicated/schnieders/maemmad/pKa_GNN/ffx_pipeline/data/sge_jobs/min_1FKS_titrate_pH6.45.job,dry-run,generated,
1FKS,8.55,titration,/Dedicated/schnieders/maemmad/pKa_GNN/ffx_pipeline/data/sge_jobs/min_1FKS_titrate_pH8.55.job,dry-run,generated,
1FMH,,rotamer,/Dedicated/schnieders/maemmad/pKa_GNN/ffx_pipeline/data/sge_jobs/rot_1FMH.job,dry-run,generated,
1FMH,3.94,titration,/Dedicated/schnieders/maemmad/pKa_GNN/ffx_pipeline/data/sge_jobs/min_1FMH_titrate_pH3.94.job,dry-run,generated,
1FMH,4.4,titration,/Dedicated/schnieders/maemmad/pKa_GNN/ffx_pipeline/data/sge_jobs/min_1FMH_titrate_pH4.4.job,dry-run,generated,
1FMH,6.45,titration,/Dedicated/schnieders/maemmad/pKa_GNN/ffx_pipeline/data/sge_jobs/min_1FMH_titrate_pH6.45.job,dry-run,generated,
1FMH,8.55,titration,/Dedicated/schnieders/maemmad/pKa_GNN/ffx_pipeline/data/sge_jobs/min_1FMH_titrate_pH8.55.job,dry-run,generated,
1FNA,,rotamer,/Dedicated/schnieders/maemmad/pKa_GNN/ffx_pipeline/data/sge_jobs/rot_1FNA.job,dry-run,generated,
1FNA,3.94,titration,/Dedicated/schnieders/maemmad/pKa_GNN/ffx_pipeline/data/sge_jobs/min_1FNA_titrate_pH3.94.job,dry-run,generated,
1FNA,4.4,titration,/Dedicated/schnieders/maemmad/pKa_GNN/ffx_pipeline/data/sge_jobs/min_1FNA_titrate_pH4.4.job,dry-run,generated,
1FNA,6.45,titration,/Dedicated/schnieders/maemmad/pKa_GNN/ffx_pipeline/data/sge_jobs/min_1FNA_titrate_pH6.45.job,dry-run,generated,
1FNA,8.55,titration,/Dedicated/schnieders/maemmad/pKa_GNN/ffx_pipeline/data/sge_jobs/min_1FNA_titrate_pH8.55.job,dry-run,generated,
1FOV,,rotamer,/Dedicated/schnieders/maemmad/pKa_GNN/ffx_pipeline/data/sge_jobs/rot_1FOV.job,dry-run,generated,
1FOV,3.94,titration,/Dedicated/schnieders/maemmad/pKa_GNN/ffx_pipeline/data/sge_jobs/min_1FOV_titrate_pH3.94.job,dry-run,generated,
1FOV,4.4,titration,/Dedicated/schnieders/maemmad/pKa_GNN/ffx_pipeline/data/sge_jobs/min_1FOV_titrate_pH4.4.job,dry-run,generated,
1FOV,6.45,titration,/Dedicated/schnieders/maemmad/pKa_GNN/ffx_pipeline/data/sge_jobs/min_1FOV_titrate_pH6.45.job,dry-run,generated,
1FOV,8.55,titration,/Dedicated/schnieders/maemmad/pKa_GNN/ffx_pipeline/data/sge_jobs/min_1FOV_titrate_pH8.55.job,dry-run,generated,
1GS9,,rotamer,/Dedicated/schnieders/maemmad/pKa_GNN/ffx_pipeline/data/sge_jobs/rot_1GS9.job,dry-run,generated,
1GS9,3.94,titration,/Dedicated/schnieders/maemmad/pKa_GNN/ffx_pipeline/data/sge_jobs/min_1GS9_titrate_pH3.94.job,dry-run,generated,
1GS9,4.4,titration,/Dedicated/schnieders/maemmad/pKa_GNN/ffx_pipeline/data/sge_jobs/min_1GS9_titrate_pH4.4.job,dry-run,generated,
1GS9,6.45,titration,/Dedicated/schnieders/maemmad/pKa_GNN/ffx_pipeline/data/sge_jobs/min_1GS9_titrate_pH6.45.job,dry-run,generated,
1GS9,8.55,titration,/Dedicated/schnieders/maemmad/pKa_GNN/ffx_pipeline/data/sge_jobs/min_1GS9_titrate_pH8.55.job,dry-run,generated,
1GYM,,rotamer,/Dedicated/schnieders/maemmad/pKa_GNN/ffx_pipeline/data/sge_jobs/rot_1GYM.job,dry-run,generated,
1GYM,3.94,titration,/Dedicated/schnieders/maemmad/pKa_GNN/ffx_pipeline/data/sge_jobs/min_1GYM_titrate_pH3.94.job,dry-run,generated,
1GYM,4.4,titration,/Dedicated/schnieders/maemmad/pKa_GNN/ffx_pipeline/data/sge_jobs/min_1GYM_titrate_pH4.4.job,dry-run,generated,
1GYM,6.45,titration,/Dedicated/schnieders/maemmad/pKa_GNN/ffx_pipeline/data/sge_jobs/min_1GYM_titrate_pH6.45.job,dry-run,generated,
1GYM,8.55,titration,/Dedicated/schnieders/maemmad/pKa_GNN/ffx_pipeline/data/sge_jobs/min_1GYM_titrate_pH8.55.job,dry-run,generated,
1HIC,,rotamer,/Dedicated/schnieders/maemmad/pKa_GNN/ffx_pipeline/data/sge_jobs/rot_1HIC.job,dry-run,generated,
1HIC,3.94,titration,/Dedicated/schnieders/maemmad/pKa_GNN/ffx_pipeline/data/sge_jobs/min_1HIC_titrate_pH3.94.job,dry-run,generated,
1HIC,4.4,titration,/Dedicated/schnieders/maemmad/pKa_GNN/ffx_pipeline/data/sge_jobs/min_1HIC_titrate_pH4.4.job,dry-run,generated,
1HIC,6.45,titration,/Dedicated/schnieders/maemmad/pKa_GNN/ffx_pipeline/data/sge_jobs/min_1HIC_titrate_pH6.45.job,dry-run,generated,
1HIC,8.55,titration,/Dedicated/schnieders/maemmad/pKa_GNN/ffx_pipeline/data/sge_jobs/min_1HIC_titrate_pH8.55.job,dry-run,generated,
1HRC,,rotamer,/Dedicated/schnieders/maemmad/pKa_GNN/ffx_pipeline/data/sge_jobs/rot_1HRC.job,dry-run,generated,
1HRC,3.94,titration,/Dedicated/schnieders/maemmad/pKa_GNN/ffx_pipeline/data/sge_jobs/min_1HRC_titrate_pH3.94.job,dry-run,generated,
1HRC,4.4,titration,/Dedicated/schnieders/maemmad/pKa_GNN/ffx_pipeline/data/sge_jobs/min_1HRC_titrate_pH4.4.job,dry-run,generated,
1HRC,6.45,titration,/Dedicated/schnieders/maemmad/pKa_GNN/ffx_pipeline/data/sge_jobs/min_1HRC_titrate_pH6.45.job,dry-run,generated,
1HRC,8.55,titration,/Dedicated/schnieders/maemmad/pKa_GNN/ffx_pipeline/data/sge_jobs/min_1HRC_titrate_pH8.55.job,dry-run,generated,
1I0E,,rotamer,/Dedicated/schnieders/maemmad/pKa_GNN/ffx_pipeline/data/sge_jobs/rot_1I0E.job,dry-run,generated,
1I0E,3.94,titration,/Dedicated/schnieders/maemmad/pKa_GNN/ffx_pipeline/data/sge_jobs/min_1I0E_titrate_pH3.94.job,dry-run,generated,
1I0E,4.4,titration,/Dedicated/schnieders/maemmad/pKa_GNN/ffx_pipeline/data/sge_jobs/min_1I0E_titrate_pH4.4.job,dry-run,generated,
1I0E,6.45,titration,/Dedicated/schnieders/maemmad/pKa_GNN/ffx_pipeline/data/sge_jobs/min_1I0E_titrate_pH6.45.job,dry-run,generated,
1I0E,8.55,titration,/Dedicated/schnieders/maemmad/pKa_GNN/ffx_pipeline/data/sge_jobs/min_1I0E_titrate_pH8.55.job,dry-run,generated,
1I7K,,rotamer,/Dedicated/schnieders/maemmad/pKa_GNN/ffx_pipeline/data/sge_jobs/rot_1I7K.job,dry-run,generated,
1I7K,3.94,titration,/Dedicated/schnieders/maemmad/pKa_GNN/ffx_pipeline/data/sge_jobs/min_1I7K_titrate_pH3.94.job,dry-run,generated,
1I7K,4.4,titration,/Dedicated/schnieders/maemmad/pKa_GNN/ffx_pipeline/data/sge_jobs/min_1I7K_titrate_pH4.4.job,dry-run,generated,
1I7K,6.45,titration,/Dedicated/schnieders/maemmad/pKa_GNN/ffx_pipeline/data/sge_jobs/min_1I7K_titrate_pH6.45.job,dry-run,generated,
1I7K,8.55,titration,/Dedicated/schnieders/maemmad/pKa_GNN/ffx_pipeline/data/sge_jobs/min_1I7K_titrate_pH8.55.job,dry-run,generated,
1IGD,,rotamer,/Dedicated/schnieders/maemmad/pKa_GNN/ffx_pipeline/data/sge_jobs/rot_1IGD.job,dry-run,generated,
1IGD,3.94,titration,/Dedicated/schnieders/maemmad/pKa_GNN/ffx_pipeline/data/sge_jobs/min_1IGD_titrate_pH3.94.job,dry-run,generated,
1IGD,4.4,titration,/Dedicated/schnieders/maemmad/pKa_GNN/ffx_pipeline/data/sge_jobs/min_1IGD_titrate_pH4.4.job,dry-run,generated,
1IGD,6.45,titration,/Dedicated/schnieders/maemmad/pKa_GNN/ffx_pipeline/data/sge_jobs/min_1IGD_titrate_pH6.45.job,dry-run,generated,
1IGD,8.55,titration,/Dedicated/schnieders/maemmad/pKa_GNN/ffx_pipeline/data/sge_jobs/min_1IGD_titrate_pH8.55.job,dry-run,generated,
1JAS,,rotamer,/Dedicated/schnieders/maemmad/pKa_GNN/ffx_pipeline/data/sge_jobs/rot_1JAS.job,dry-run,generated,
1JAS,3.94,titration,/Dedicated/schnieders/maemmad/pKa_GNN/ffx_pipeline/data/sge_jobs/min_1JAS_titrate_pH3.94.job,dry-run,generated,
1JAS,4.4,titration,/Dedicated/schnieders/maemmad/pKa_GNN/ffx_pipeline/data/sge_jobs/min_1JAS_titrate_pH4.4.job,dry-run,generated,
1JAS,6.45,titration,/Dedicated/schnieders/maemmad/pKa_GNN/ffx_pipeline/data/sge_jobs/min_1JAS_titrate_pH6.45.job,dry-run,generated,
1JAS,8.55,titration,/Dedicated/schnieders/maemmad/pKa_GNN/ffx_pipeline/data/sge_jobs/min_1JAS_titrate_pH8.55.job,dry-run,generated,
1JBB,,rotamer,/Dedicated/schnieders/maemmad/pKa_GNN/ffx_pipeline/data/sge_jobs/rot_1JBB.job,dry-run,generated,
1JBB,3.94,titration,/Dedicated/schnieders/maemmad/pKa_GNN/ffx_pipeline/data/sge_jobs/min_1JBB_titrate_pH3.94.job,dry-run,generated,
1JBB,4.4,titration,/Dedicated/schnieders/maemmad/pKa_GNN/ffx_pipeline/data/sge_jobs/min_1JBB_titrate_pH4.4.job,dry-run,generated,
1JBB,6.45,titration,/Dedicated/schnieders/maemmad/pKa_GNN/ffx_pipeline/data/sge_jobs/min_1JBB_titrate_pH6.45.job,dry-run,generated,
1JBB,8.55,titration,/Dedicated/schnieders/maemmad/pKa_GNN/ffx_pipeline/data/sge_jobs/min_1JBB_titrate_pH8.55.job,dry-run,generated,
1JHB,,rotamer,/Dedicated/schnieders/maemmad/pKa_GNN/ffx_pipeline/data/sge_jobs/rot_1JHB.job,dry-run,generated,
1JHB,3.94,titration,/Dedicated/schnieders/maemmad/pKa_GNN/ffx_pipeline/data/sge_jobs/min_1JHB_titrate_pH3.94.job,dry-run,generated,
1JHB,4.4,titration,/Dedicated/schnieders/maemmad/pKa_GNN/ffx_pipeline/data/sge_jobs/min_1JHB_titrate_pH4.4.job,dry-run,generated,
1JHB,6.45,titration,/Dedicated/schnieders/maemmad/pKa_GNN/ffx_pipeline/data/sge_jobs/min_1JHB_titrate_pH6.45.job,dry-run,generated,
1JHB,8.55,titration,/Dedicated/schnieders/maemmad/pKa_GNN/ffx_pipeline/data/sge_jobs/min_1JHB_titrate_pH8.55.job,dry-run,generated,
1KTE,,rotamer,/Dedicated/schnieders/maemmad/pKa_GNN/ffx_pipeline/data/sge_jobs/rot_1KTE.job,dry-run,generated,
1KTE,3.94,titration,/Dedicated/schnieders/maemmad/pKa_GNN/ffx_pipeline/data/sge_jobs/min_1KTE_titrate_pH3.94.job,dry-run,generated,
1KTE,4.4,titration,/Dedicated/schnieders/maemmad/pKa_GNN/ffx_pipeline/data/sge_jobs/min_1KTE_titrate_pH4.4.job,dry-run,generated,
1KTE,6.45,titration,/Dedicated/schnieders/maemmad/pKa_GNN/ffx_pipeline/data/sge_jobs/min_1KTE_titrate_pH6.45.job,dry-run,generated,
1KTE,8.55,titration,/Dedicated/schnieders/maemmad/pKa_GNN/ffx_pipeline/data/sge_jobs/min_1KTE_titrate_pH8.55.job,dry-run,generated,
1KVR,,rotamer,/Dedicated/schnieders/maemmad/pKa_GNN/ffx_pipeline/data/sge_jobs/rot_1KVR.job,dry-run,generated,
1KVR,3.94,titration,/Dedicated/schnieders/maemmad/pKa_GNN/ffx_pipeline/data/sge_jobs/min_1KVR_titrate_pH3.94.job,dry-run,generated,
1KVR,4.4,titration,/Dedicated/schnieders/maemmad/pKa_GNN/ffx_pipeline/data/sge_jobs/min_1KVR_titrate_pH4.4.job,dry-run,generated,
1KVR,6.45,titration,/Dedicated/schnieders/maemmad/pKa_GNN/ffx_pipeline/data/sge_jobs/min_1KVR_titrate_pH6.45.job,dry-run,generated,
1KVR,8.55,titration,/Dedicated/schnieders/maemmad/pKa_GNN/ffx_pipeline/data/sge_jobs/min_1KVR_titrate_pH8.55.job,dry-run,generated,
1KXI,,rotamer,/Dedicated/schnieders/maemmad/pKa_GNN/ffx_pipeline/data/sge_jobs/rot_1KXI.job,dry-run,generated,
1KXI,3.94,titration,/Dedicated/schnieders/maemmad/pKa_GNN/ffx_pipeline/data/sge_jobs/min_1KXI_titrate_pH3.94.job,dry-run,generated,
1KXI,4.4,titration,/Dedicated/schnieders/maemmad/pKa_GNN/ffx_pipeline/data/sge_jobs/min_1KXI_titrate_pH4.4.job,dry-run,generated,
1KXI,6.45,titration,/Dedicated/schnieders/maemmad/pKa_GNN/ffx_pipeline/data/sge_jobs/min_1KXI_titrate_pH6.45.job,dry-run,generated,
1KXI,8.55,titration,/Dedicated/schnieders/maemmad/pKa_GNN/ffx_pipeline/data/sge_jobs/min_1KXI_titrate_pH8.55.job,dry-run,generated,
1L54,,rotamer,/Dedicated/schnieders/maemmad/pKa_GNN/ffx_pipeline/data/sge_jobs/rot_1L54.job,dry-run,generated,
1L54,3.94,titration,/Dedicated/schnieders/maemmad/pKa_GNN/ffx_pipeline/data/sge_jobs/min_1L54_titrate_pH3.94.job,dry-run,generated,
1L54,4.4,titration,/Dedicated/schnieders/maemmad/pKa_GNN/ffx_pipeline/data/sge_jobs/min_1L54_titrate_pH4.4.job,dry-run,generated,
1L54,6.45,titration,/Dedicated/schnieders/maemmad/pKa_GNN/ffx_pipeline/data/sge_jobs/min_1L54_titrate_pH6.45.job,dry-run,generated,
1L54,8.55,titration,/Dedicated/schnieders/maemmad/pKa_GNN/ffx_pipeline/data/sge_jobs/min_1L54_titrate_pH8.55.job,dry-run,generated,
1L98,,rotamer,/Dedicated/schnieders/maemmad/pKa_GNN/ffx_pipeline/data/sge_jobs/rot_1L98.job,dry-run,generated,
1L98,3.94,titration,/Dedicated/schnieders/maemmad/pKa_GNN/ffx_pipeline/data/sge_jobs/min_1L98_titrate_pH3.94.job,dry-run,generated,
1L98,4.4,titration,/Dedicated/schnieders/maemmad/pKa_GNN/ffx_pipeline/data/sge_jobs/min_1L98_titrate_pH4.4.job,dry-run,generated,
1L98,6.45,titration,/Dedicated/schnieders/maemmad/pKa_GNN/ffx_pipeline/data/sge_jobs/min_1L98_titrate_pH6.45.job,dry-run,generated,
1L98,8.55,titration,/Dedicated/schnieders/maemmad/pKa_GNN/ffx_pipeline/data/sge_jobs/min_1L98_titrate_pH8.55.job,dry-run,generated,
1LJU,,rotamer,/Dedicated/schnieders/maemmad/pKa_GNN/ffx_pipeline/data/sge_jobs/rot_1LJU.job,dry-run,generated,
1LJU,3.94,titration,/Dedicated/schnieders/maemmad/pKa_GNN/ffx_pipeline/data/sge_jobs/min_1LJU_titrate_pH3.94.job,dry-run,generated,
1LJU,4.4,titration,/Dedicated/schnieders/maemmad/pKa_GNN/ffx_pipeline/data/sge_jobs/min_1LJU_titrate_pH4.4.job,dry-run,generated,
1LJU,6.45,titration,/Dedicated/schnieders/maemmad/pKa_GNN/ffx_pipeline/data/sge_jobs/min_1LJU_titrate_pH6.45.job,dry-run,generated,
1LJU,8.55,titration,/Dedicated/schnieders/maemmad/pKa_GNN/ffx_pipeline/data/sge_jobs/min_1LJU_titrate_pH8.55.job,dry-run,generated,
1LNI,,rotamer,/Dedicated/schnieders/maemmad/pKa_GNN/ffx_pipeline/data/sge_jobs/rot_1LNI.job,dry-run,generated,
1LNI,3.94,titration,/Dedicated/schnieders/maemmad/pKa_GNN/ffx_pipeline/data/sge_jobs/min_1LNI_titrate_pH3.94.job,dry-run,generated,
1LNI,4.4,titration,/Dedicated/schnieders/maemmad/pKa_GNN/ffx_pipeline/data/sge_jobs/min_1LNI_titrate_pH4.4.job,dry-run,generated,
1LNI,6.45,titration,/Dedicated/schnieders/maemmad/pKa_GNN/ffx_pipeline/data/sge_jobs/min_1LNI_titrate_pH6.45.job,dry-run,generated,
1LNI,8.55,titration,/Dedicated/schnieders/maemmad/pKa_GNN/ffx_pipeline/data/sge_jobs/min_1LNI_titrate_pH8.55.job,dry-run,generated,
1LZ1,,rotamer,/Dedicated/schnieders/maemmad/pKa_GNN/ffx_pipeline/data/sge_jobs/rot_1LZ1.job,dry-run,generated,
1LZ1,3.94,titration,/Dedicated/schnieders/maemmad/pKa_GNN/ffx_pipeline/data/sge_jobs/min_1LZ1_titrate_pH3.94.job,dry-run,generated,
1LZ1,4.4,titration,/Dedicated/schnieders/maemmad/pKa_GNN/ffx_pipeline/data/sge_jobs/min_1LZ1_titrate_pH4.4.job,dry-run,generated,
1LZ1,6.45,titration,/Dedicated/schnieders/maemmad/pKa_GNN/ffx_pipeline/data/sge_jobs/min_1LZ1_titrate_pH6.45.job,dry-run,generated,
1LZ1,8.55,titration,/Dedicated/schnieders/maemmad/pKa_GNN/ffx_pipeline/data/sge_jobs/min_1LZ1_titrate_pH8.55.job,dry-run,generated,
1MBC,,rotamer,/Dedicated/schnieders/maemmad/pKa_GNN/ffx_pipeline/data/sge_jobs/rot_1MBC.job,dry-run,generated,
1MBC,3.94,titration,/Dedicated/schnieders/maemmad/pKa_GNN/ffx_pipeline/data/sge_jobs/min_1MBC_titrate_pH3.94.job,dry-run,generated,
1MBC,4.4,titration,/Dedicated/schnieders/maemmad/pKa_GNN/ffx_pipeline/data/sge_jobs/min_1MBC_titrate_pH4.4.job,dry-run,generated,
1MBC,6.45,titration,/Dedicated/schnieders/maemmad/pKa_GNN/ffx_pipeline/data/sge_jobs/min_1MBC_titrate_pH6.45.job,dry-run,generated,
1MBC,8.55,titration,/Dedicated/schnieders/maemmad/pKa_GNN/ffx_pipeline/data/sge_jobs/min_1MBC_titrate_pH8.55.job,dry-run,generated,
1MEK,,rotamer,/Dedicated/schnieders/maemmad/pKa_GNN/ffx_pipeline/data/sge_jobs/rot_1MEK.job,dry-run,generated,
1MEK,3.94,titration,/Dedicated/schnieders/maemmad/pKa_GNN/ffx_pipeline/data/sge_jobs/min_1MEK_titrate_pH3.94.job,dry-run,generated,
1MEK,4.4,titration,/Dedicated/schnieders/maemmad/pKa_GNN/ffx_pipeline/data/sge_jobs/min_1MEK_titrate_pH4.4.job,dry-run,generated,
1MEK,6.45,titration,/Dedicated/schnieders/maemmad/pKa_GNN/ffx_pipeline/data/sge_jobs/min_1MEK_titrate_pH6.45.job,dry-run,generated,
1MEK,8.55,titration,/Dedicated/schnieders/maemmad/pKa_GNN/ffx_pipeline/data/sge_jobs/min_1MEK_titrate_pH8.55.job,dry-run,generated,
1MUT,,rotamer,/Dedicated/schnieders/maemmad/pKa_GNN/ffx_pipeline/data/sge_jobs/rot_1MUT.job,dry-run,generated,
1MUT,3.94,titration,/Dedicated/schnieders/maemmad/pKa_GNN/ffx_pipeline/data/sge_jobs/min_1MUT_titrate_pH3.94.job,dry-run,generated,
1MUT,4.4,titration,/Dedicated/schnieders/maemmad/pKa_GNN/ffx_pipeline/data/sge_jobs/min_1MUT_titrate_pH4.4.job,dry-run,generated,
1MUT,6.45,titration,/Dedicated/schnieders/maemmad/pKa_GNN/ffx_pipeline/data/sge_jobs/min_1MUT_titrate_pH6.45.job,dry-run,generated,
1MUT,8.55,titration,/Dedicated/schnieders/maemmad/pKa_GNN/ffx_pipeline/data/sge_jobs/min_1MUT_titrate_pH8.55.job,dry-run,generated,
1NLX,,rotamer,/Dedicated/schnieders/maemmad/pKa_GNN/ffx_pipeline/data/sge_jobs/rot_1NLX.job,dry-run,generated,
1NLX,3.94,titration,/Dedicated/schnieders/maemmad/pKa_GNN/ffx_pipeline/data/sge_jobs/min_1NLX_titrate_pH3.94.job,dry-run,generated,
1NLX,4.4,titration,/Dedicated/schnieders/maemmad/pKa_GNN/ffx_pipeline/data/sge_jobs/min_1NLX_titrate_pH4.4.job,dry-run,generated,
1NLX,6.45,titration,/Dedicated/schnieders/maemmad/pKa_GNN/ffx_pipeline/data/sge_jobs/min_1NLX_titrate_pH6.45.job,dry-run,generated,
1NLX,8.55,titration,/Dedicated/schnieders/maemmad/pKa_GNN/ffx_pipeline/data/sge_jobs/min_1NLX_titrate_pH8.55.job,dry-run,generated,
1O73,,rotamer,/Dedicated/schnieders/maemmad/pKa_GNN/ffx_pipeline/data/sge_jobs/rot_1O73.job,dry-run,generated,
1O73,3.94,titration,/Dedicated/schnieders/maemmad/pKa_GNN/ffx_pipeline/data/sge_jobs/min_1O73_titrate_pH3.94.job,dry-run,generated,
1O73,4.4,titration,/Dedicated/schnieders/maemmad/pKa_GNN/ffx_pipeline/data/sge_jobs/min_1O73_titrate_pH4.4.job,dry-run,generated,
1O73,6.45,titration,/Dedicated/schnieders/maemmad/pKa_GNN/ffx_pipeline/data/sge_jobs/min_1O73_titrate_pH6.45.job,dry-run,generated,
1O73,8.55,titration,/Dedicated/schnieders/maemmad/pKa_GNN/ffx_pipeline/data/sge_jobs/min_1O73_titrate_pH8.55.job,dry-run,generated,
1P5F,,rotamer,/Dedicated/schnieders/maemmad/pKa_GNN/ffx_pipeline/data/sge_jobs/rot_1P5F.job,dry-run,generated,
1P5F,3.94,titration,/Dedicated/schnieders/maemmad/pKa_GNN/ffx_pipeline/data/sge_jobs/min_1P5F_titrate_pH3.94.job,dry-run,generated,
1P5F,4.4,titration,/Dedicated/schnieders/maemmad/pKa_GNN/ffx_pipeline/data/sge_jobs/min_1P5F_titrate_pH4.4.job,dry-run,generated,
1P5F,6.45,titration,/Dedicated/schnieders/maemmad/pKa_GNN/ffx_pipeline/data/sge_jobs/min_1P5F_titrate_pH6.45.job,dry-run,generated,
1P5F,8.55,titration,/Dedicated/schnieders/maemmad/pKa_GNN/ffx_pipeline/data/sge_jobs/min_1P5F_titrate_pH8.55.job,dry-run,generated,
1PGB,,rotamer,/Dedicated/schnieders/maemmad/pKa_GNN/ffx_pipeline/data/sge_jobs/rot_1PGB.job,dry-run,generated,
1PGB,3.94,titration,/Dedicated/schnieders/maemmad/pKa_GNN/ffx_pipeline/data/sge_jobs/min_1PGB_titrate_pH3.94.job,dry-run,generated,
1PGB,4.4,titration,/Dedicated/schnieders/maemmad/pKa_GNN/ffx_pipeline/data/sge_jobs/min_1PGB_titrate_pH4.4.job,dry-run,generated,
1PGB,6.45,titration,/Dedicated/schnieders/maemmad/pKa_GNN/ffx_pipeline/data/sge_jobs/min_1PGB_titrate_pH6.45.job,dry-run,generated,
1PGB,8.55,titration,/Dedicated/schnieders/maemmad/pKa_GNN/ffx_pipeline/data/sge_jobs/min_1PGB_titrate_pH8.55.job,dry-run,generated,
1POH,,rotamer,/Dedicated/schnieders/maemmad/pKa_GNN/ffx_pipeline/data/sge_jobs/rot_1POH.job,dry-run,generated,
1POH,3.94,titration,/Dedicated/schnieders/maemmad/pKa_GNN/ffx_pipeline/data/sge_jobs/min_1POH_titrate_pH3.94.job,dry-run,generated,
1POH,4.4,titration,/Dedicated/schnieders/maemmad/pKa_GNN/ffx_pipeline/data/sge_jobs/min_1POH_titrate_pH4.4.job,dry-run,generated,
1POH,6.45,titration,/Dedicated/schnieders/maemmad/pKa_GNN/ffx_pipeline/data/sge_jobs/min_1POH_titrate_pH6.45.job,dry-run,generated,
1POH,8.55,titration,/Dedicated/schnieders/maemmad/pKa_GNN/ffx_pipeline/data/sge_jobs/min_1POH_titrate_pH8.55.job,dry-run,generated,
1PPF,,rotamer,/Dedicated/schnieders/maemmad/pKa_GNN/ffx_pipeline/data/sge_jobs/rot_1PPF.job,dry-run,generated,
1PPF,3.94,titration,/Dedicated/schnieders/maemmad/pKa_GNN/ffx_pipeline/data/sge_jobs/min_1PPF_titrate_pH3.94.job,dry-run,generated,
1PPF,4.4,titration,/Dedicated/schnieders/maemmad/pKa_GNN/ffx_pipeline/data/sge_jobs/min_1PPF_titrate_pH4.4.job,dry-run,generated,
1PPF,6.45,titration,/Dedicated/schnieders/maemmad/pKa_GNN/ffx_pipeline/data/sge_jobs/min_1PPF_titrate_pH6.45.job,dry-run,generated,
1PPF,8.55,titration,/Dedicated/schnieders/maemmad/pKa_GNN/ffx_pipeline/data/sge_jobs/min_1PPF_titrate_pH8.55.job,dry-run,generated,
1PPN,,rotamer,/Dedicated/schnieders/maemmad/pKa_GNN/ffx_pipeline/data/sge_jobs/rot_1PPN.job,dry-run,generated,
1PPN,3.94,titration,/Dedicated/schnieders/maemmad/pKa_GNN/ffx_pipeline/data/sge_jobs/min_1PPN_titrate_pH3.94.job,dry-run,generated,
1PPN,4.4,titration,/Dedicated/schnieders/maemmad/pKa_GNN/ffx_pipeline/data/sge_jobs/min_1PPN_titrate_pH4.4.job,dry-run,generated,
1PPN,6.45,titration,/Dedicated/schnieders/maemmad/pKa_GNN/ffx_pipeline/data/sge_jobs/min_1PPN_titrate_pH6.45.job,dry-run,generated,
1PPN,8.55,titration,/Dedicated/schnieders/maemmad/pKa_GNN/ffx_pipeline/data/sge_jobs/min_1PPN_titrate_pH8.55.job,dry-run,generated,
1PPO,,rotamer,/Dedicated/schnieders/maemmad/pKa_GNN/ffx_pipeline/data/sge_jobs/rot_1PPO.job,dry-run,generated,
1PPO,3.94,titration,/Dedicated/schnieders/maemmad/pKa_GNN/ffx_pipeline/data/sge_jobs/min_1PPO_titrate_pH3.94.job,dry-run,generated,
1PPO,4.4,titration,/Dedicated/schnieders/maemmad/pKa_GNN/ffx_pipeline/data/sge_jobs/min_1PPO_titrate_pH4.4.job,dry-run,generated,
1PPO,6.45,titration,/Dedicated/schnieders/maemmad/pKa_GNN/ffx_pipeline/data/sge_jobs/min_1PPO_titrate_pH6.45.job,dry-run,generated,
1PPO,8.55,titration,/Dedicated/schnieders/maemmad/pKa_GNN/ffx_pipeline/data/sge_jobs/min_1PPO_titrate_pH8.55.job,dry-run,generated,
1PRW,,rotamer,/Dedicated/schnieders/maemmad/pKa_GNN/ffx_pipeline/data/sge_jobs/rot_1PRW.job,dry-run,generated,
1PRW,3.94,titration,/Dedicated/schnieders/maemmad/pKa_GNN/ffx_pipeline/data/sge_jobs/min_1PRW_titrate_pH3.94.job,dry-run,generated,
1PRW,4.4,titration,/Dedicated/schnieders/maemmad/pKa_GNN/ffx_pipeline/data/sge_jobs/min_1PRW_titrate_pH4.4.job,dry-run,generated,
1PRW,6.45,titration,/Dedicated/schnieders/maemmad/pKa_GNN/ffx_pipeline/data/sge_jobs/min_1PRW_titrate_pH6.45.job,dry-run,generated,
1PRW,8.55,titration,/Dedicated/schnieders/maemmad/pKa_GNN/ffx_pipeline/data/sge_jobs/min_1PRW_titrate_pH8.55.job,dry-run,generated,
1QH7,,rotamer,/Dedicated/schnieders/maemmad/pKa_GNN/ffx_pipeline/data/sge_jobs/rot_1QH7.job,dry-run,generated,
1QH7,3.94,titration,/Dedicated/schnieders/maemmad/pKa_GNN/ffx_pipeline/data/sge_jobs/min_1QH7_titrate_pH3.94.job,dry-run,generated,
1QH7,4.4,titration,/Dedicated/schnieders/maemmad/pKa_GNN/ffx_pipeline/data/sge_jobs/min_1QH7_titrate_pH4.4.job,dry-run,generated,
1QH7,6.45,titration,/Dedicated/schnieders/maemmad/pKa_GNN/ffx_pipeline/data/sge_jobs/min_1QH7_titrate_pH6.45.job,dry-run,generated,
1QH7,8.55,titration,/Dedicated/schnieders/maemmad/pKa_GNN/ffx_pipeline/data/sge_jobs/min_1QH7_titrate_pH8.55.job,dry-run,generated,
1QK1,,rotamer,/Dedicated/schnieders/maemmad/pKa_GNN/ffx_pipeline/data/sge_jobs/rot_1QK1.job,dry-run,generated,
1QK1,3.94,titration,/Dedicated/schnieders/maemmad/pKa_GNN/ffx_pipeline/data/sge_jobs/min_1QK1_titrate_pH3.94.job,dry-run,generated,
1QK1,4.4,titration,/Dedicated/schnieders/maemmad/pKa_GNN/ffx_pipeline/data/sge_jobs/min_1QK1_titrate_pH4.4.job,dry-run,generated,
1QK1,6.45,titration,/Dedicated/schnieders/maemmad/pKa_GNN/ffx_pipeline/data/sge_jobs/min_1QK1_titrate_pH6.45.job,dry-run,generated,
1QK1,8.55,titration,/Dedicated/schnieders/maemmad/pKa_GNN/ffx_pipeline/data/sge_jobs/min_1QK1_titrate_pH8.55.job,dry-run,generated,
1QLP,,rotamer,/Dedicated/schnieders/maemmad/pKa_GNN/ffx_pipeline/data/sge_jobs/rot_1QLP.job,dry-run,generated,
1QLP,3.94,titration,/Dedicated/schnieders/maemmad/pKa_GNN/ffx_pipeline/data/sge_jobs/min_1QLP_titrate_pH3.94.job,dry-run,generated,
1QLP,4.4,titration,/Dedicated/schnieders/maemmad/pKa_GNN/ffx_pipeline/data/sge_jobs/min_1QLP_titrate_pH4.4.job,dry-run,generated,
1QLP,6.45,titration,/Dedicated/schnieders/maemmad/pKa_GNN/ffx_pipeline/data/sge_jobs/min_1QLP_titrate_pH6.45.job,dry-run,generated,
1QLP,8.55,titration,/Dedicated/schnieders/maemmad/pKa_GNN/ffx_pipeline/data/sge_jobs/min_1QLP_titrate_pH8.55.job,dry-run,generated,
1QT8,,rotamer,/Dedicated/schnieders/maemmad/pKa_GNN/ffx_pipeline/data/sge_jobs/rot_1QT8.job,dry-run,generated,
1QT8,3.94,titration,/Dedicated/schnieders/maemmad/pKa_GNN/ffx_pipeline/data/sge_jobs/min_1QT8_titrate_pH3.94.job,dry-run,generated,
1QT8,4.4,titration,/Dedicated/schnieders/maemmad/pKa_GNN/ffx_pipeline/data/sge_jobs/min_1QT8_titrate_pH4.4.job,dry-run,generated,
1QT8,6.45,titration,/Dedicated/schnieders/maemmad/pKa_GNN/ffx_pipeline/data/sge_jobs/min_1QT8_titrate_pH6.45.job,dry-run,generated,
1QT8,8.55,titration,/Dedicated/schnieders/maemmad/pKa_GNN/ffx_pipeline/data/sge_jobs/min_1QT8_titrate_pH8.55.job,dry-run,generated,
1ST9,,rotamer,/Dedicated/schnieders/maemmad/pKa_GNN/ffx_pipeline/data/sge_jobs/rot_1ST9.job,dry-run,generated,
1ST9,3.94,titration,/Dedicated/schnieders/maemmad/pKa_GNN/ffx_pipeline/data/sge_jobs/min_1ST9_titrate_pH3.94.job,dry-run,generated,
1ST9,4.4,titration,/Dedicated/schnieders/maemmad/pKa_GNN/ffx_pipeline/data/sge_jobs/min_1ST9_titrate_pH4.4.job,dry-run,generated,
1ST9,6.45,titration,/Dedicated/schnieders/maemmad/pKa_GNN/ffx_pipeline/data/sge_jobs/min_1ST9_titrate_pH6.45.job,dry-run,generated,
1ST9,8.55,titration,/Dedicated/schnieders/maemmad/pKa_GNN/ffx_pipeline/data/sge_jobs/min_1ST9_titrate_pH8.55.job,dry-run,generated,
1STN,,rotamer,/Dedicated/schnieders/maemmad/pKa_GNN/ffx_pipeline/data/sge_jobs/rot_1STN.job,dry-run,generated,
1STN,3.94,titration,/Dedicated/schnieders/maemmad/pKa_GNN/ffx_pipeline/data/sge_jobs/min_1STN_titrate_pH3.94.job,dry-run,generated,
1STN,4.4,titration,/Dedicated/schnieders/maemmad/pKa_GNN/ffx_pipeline/data/sge_jobs/min_1STN_titrate_pH4.4.job,dry-run,generated,
1STN,6.45,titration,/Dedicated/schnieders/maemmad/pKa_GNN/ffx_pipeline/data/sge_jobs/min_1STN_titrate_pH6.45.job,dry-run,generated,
1STN,8.55,titration,/Dedicated/schnieders/maemmad/pKa_GNN/ffx_pipeline/data/sge_jobs/min_1STN_titrate_pH8.55.job,dry-run,generated,
1SU9,,rotamer,/Dedicated/schnieders/maemmad/pKa_GNN/ffx_pipeline/data/sge_jobs/rot_1SU9.job,dry-run,generated,
1SU9,3.94,titration,/Dedicated/schnieders/maemmad/pKa_GNN/ffx_pipeline/data/sge_jobs/min_1SU9_titrate_pH3.94.job,dry-run,generated,
1SU9,4.4,titration,/Dedicated/schnieders/maemmad/pKa_GNN/ffx_pipeline/data/sge_jobs/min_1SU9_titrate_pH4.4.job,dry-run,generated,
1SU9,6.45,titration,/Dedicated/schnieders/maemmad/pKa_GNN/ffx_pipeline/data/sge_jobs/min_1SU9_titrate_pH6.45.job,dry-run,generated,
1SU9,8.55,titration,/Dedicated/schnieders/maemmad/pKa_GNN/ffx_pipeline/data/sge_jobs/min_1SU9_titrate_pH8.55.job,dry-run,generated,
1THE,,rotamer,/Dedicated/schnieders/maemmad/pKa_GNN/ffx_pipeline/data/sge_jobs/rot_1THE.job,dry-run,generated,
1THE,3.94,titration,/Dedicated/schnieders/maemmad/pKa_GNN/ffx_pipeline/data/sge_jobs/min_1THE_titrate_pH3.94.job,dry-run,generated,
1THE,4.4,titration,/Dedicated/schnieders/maemmad/pKa_GNN/ffx_pipeline/data/sge_jobs/min_1THE_titrate_pH4.4.job,dry-run,generated,
1THE,6.45,titration,/Dedicated/schnieders/maemmad/pKa_GNN/ffx_pipeline/data/sge_jobs/min_1THE_titrate_pH6.45.job,dry-run,generated,
1THE,8.55,titration,/Dedicated/schnieders/maemmad/pKa_GNN/ffx_pipeline/data/sge_jobs/min_1THE_titrate_pH8.55.job,dry-run,generated,
1U2U,,rotamer,/Dedicated/schnieders/maemmad/pKa_GNN/ffx_pipeline/data/sge_jobs/rot_1U2U.job,dry-run,generated,
1U2U,3.94,titration,/Dedicated/schnieders/maemmad/pKa_GNN/ffx_pipeline/data/sge_jobs/min_1U2U_titrate_pH3.94.job,dry-run,generated,
1U2U,4.4,titration,/Dedicated/schnieders/maemmad/pKa_GNN/ffx_pipeline/data/sge_jobs/min_1U2U_titrate_pH4.4.job,dry-run,generated,
1U2U,6.45,titration,/Dedicated/schnieders/maemmad/pKa_GNN/ffx_pipeline/data/sge_jobs/min_1U2U_titrate_pH6.45.job,dry-run,generated,
1U2U,8.55,titration,/Dedicated/schnieders/maemmad/pKa_GNN/ffx_pipeline/data/sge_jobs/min_1U2U_titrate_pH8.55.job,dry-run,generated,
1UBQ,,rotamer,/Dedicated/schnieders/maemmad/pKa_GNN/ffx_pipeline/data/sge_jobs/rot_1UBQ.job,dry-run,generated,
1UBQ,3.94,titration,/Dedicated/schnieders/maemmad/pKa_GNN/ffx_pipeline/data/sge_jobs/min_1UBQ_titrate_pH3.94.job,dry-run,generated,
1UBQ,4.4,titration,/Dedicated/schnieders/maemmad/pKa_GNN/ffx_pipeline/data/sge_jobs/min_1UBQ_titrate_pH4.4.job,dry-run,generated,
1UBQ,6.45,titration,/Dedicated/schnieders/maemmad/pKa_GNN/ffx_pipeline/data/sge_jobs/min_1UBQ_titrate_pH6.45.job,dry-run,generated,
1UBQ,8.55,titration,/Dedicated/schnieders/maemmad/pKa_GNN/ffx_pipeline/data/sge_jobs/min_1UBQ_titrate_pH8.55.job,dry-run,generated,
1V57,,rotamer,/Dedicated/schnieders/maemmad/pKa_GNN/ffx_pipeline/data/sge_jobs/rot_1V57.job,dry-run,generated,
1V57,3.94,titration,/Dedicated/schnieders/maemmad/pKa_GNN/ffx_pipeline/data/sge_jobs/min_1V57_titrate_pH3.94.job,dry-run,generated,
1V57,4.4,titration,/Dedicated/schnieders/maemmad/pKa_GNN/ffx_pipeline/data/sge_jobs/min_1V57_titrate_pH4.4.job,dry-run,generated,
1V57,6.45,titration,/Dedicated/schnieders/maemmad/pKa_GNN/ffx_pipeline/data/sge_jobs/min_1V57_titrate_pH6.45.job,dry-run,generated,
1V57,8.55,titration,/Dedicated/schnieders/maemmad/pKa_GNN/ffx_pipeline/data/sge_jobs/min_1V57_titrate_pH8.55.job,dry-run,generated,
1VII,,rotamer,/Dedicated/schnieders/maemmad/pKa_GNN/ffx_pipeline/data/sge_jobs/rot_1VII.job,dry-run,generated,
1VII,3.94,titration,/Dedicated/schnieders/maemmad/pKa_GNN/ffx_pipeline/data/sge_jobs/min_1VII_titrate_pH3.94.job,dry-run,generated,
1VII,4.4,titration,/Dedicated/schnieders/maemmad/pKa_GNN/ffx_pipeline/data/sge_jobs/min_1VII_titrate_pH4.4.job,dry-run,generated,
1VII,6.45,titration,/Dedicated/schnieders/maemmad/pKa_GNN/ffx_pipeline/data/sge_jobs/min_1VII_titrate_pH6.45.job,dry-run,generated,
1VII,8.55,titration,/Dedicated/schnieders/maemmad/pKa_GNN/ffx_pipeline/data/sge_jobs/min_1VII_titrate_pH8.55.job,dry-run,generated,
1XNB,,rotamer,/Dedicated/schnieders/maemmad/pKa_GNN/ffx_pipeline/data/sge_jobs/rot_1XNB.job,dry-run,generated,
1XNB,3.94,titration,/Dedicated/schnieders/maemmad/pKa_GNN/ffx_pipeline/data/sge_jobs/min_1XNB_titrate_pH3.94.job,dry-run,generated,
1XNB,4.4,titration,/Dedicated/schnieders/maemmad/pKa_GNN/ffx_pipeline/data/sge_jobs/min_1XNB_titrate_pH4.4.job,dry-run,generated,
1XNB,6.45,titration,/Dedicated/schnieders/maemmad/pKa_GNN/ffx_pipeline/data/sge_jobs/min_1XNB_titrate_pH6.45.job,dry-run,generated,
1XNB,8.55,titration,/Dedicated/schnieders/maemmad/pKa_GNN/ffx_pipeline/data/sge_jobs/min_1XNB_titrate_pH8.55.job,dry-run,generated,
1XOB,,rotamer,/Dedicated/schnieders/maemmad/pKa_GNN/ffx_pipeline/data/sge_jobs/rot_1XOB.job,dry-run,generated,
1XOB,3.94,titration,/Dedicated/schnieders/maemmad/pKa_GNN/ffx_pipeline/data/sge_jobs/min_1XOB_titrate_pH3.94.job,dry-run,generated,
1XOB,4.4,titration,/Dedicated/schnieders/maemmad/pKa_GNN/ffx_pipeline/data/sge_jobs/min_1XOB_titrate_pH4.4.job,dry-run,generated,
1XOB,6.45,titration,/Dedicated/schnieders/maemmad/pKa_GNN/ffx_pipeline/data/sge_jobs/min_1XOB_titrate_pH6.45.job,dry-run,generated,
1XOB,8.55,titration,/Dedicated/schnieders/maemmad/pKa_GNN/ffx_pipeline/data/sge_jobs/min_1XOB_titrate_pH8.55.job,dry-run,generated,
1YMB,,rotamer,/Dedicated/schnieders/maemmad/pKa_GNN/ffx_pipeline/data/sge_jobs/rot_1YMB.job,dry-run,generated,
1YMB,3.94,titration,/Dedicated/schnieders/maemmad/pKa_GNN/ffx_pipeline/data/sge_jobs/min_1YMB_titrate_pH3.94.job,dry-run,generated,
1YMB,4.4,titration,/Dedicated/schnieders/maemmad/pKa_GNN/ffx_pipeline/data/sge_jobs/min_1YMB_titrate_pH4.4.job,dry-run,generated,
1YMB,6.45,titration,/Dedicated/schnieders/maemmad/pKa_GNN/ffx_pipeline/data/sge_jobs/min_1YMB_titrate_pH6.45.job,dry-run,generated,
1YMB,8.55,titration,/Dedicated/schnieders/maemmad/pKa_GNN/ffx_pipeline/data/sge_jobs/min_1YMB_titrate_pH8.55.job,dry-run,generated,
1YPH,,rotamer,/Dedicated/schnieders/maemmad/pKa_GNN/ffx_pipeline/data/sge_jobs/rot_1YPH.job,dry-run,generated,
1YPH,3.94,titration,/Dedicated/schnieders/maemmad/pKa_GNN/ffx_pipeline/data/sge_jobs/min_1YPH_titrate_pH3.94.job,dry-run,generated,
1YPH,4.4,titration,/Dedicated/schnieders/maemmad/pKa_GNN/ffx_pipeline/data/sge_jobs/min_1YPH_titrate_pH4.4.job,dry-run,generated,
1YPH,6.45,titration,/Dedicated/schnieders/maemmad/pKa_GNN/ffx_pipeline/data/sge_jobs/min_1YPH_titrate_pH6.45.job,dry-run,generated,
1YPH,8.55,titration,/Dedicated/schnieders/maemmad/pKa_GNN/ffx_pipeline/data/sge_jobs/min_1YPH_titrate_pH8.55.job,dry-run,generated,
1YPI,,rotamer,/Dedicated/schnieders/maemmad/pKa_GNN/ffx_pipeline/data/sge_jobs/rot_1YPI.job,dry-run,generated,
1YPI,3.94,titration,/Dedicated/schnieders/maemmad/pKa_GNN/ffx_pipeline/data/sge_jobs/min_1YPI_titrate_pH3.94.job,dry-run,generated,
1YPI,4.4,titration,/Dedicated/schnieders/maemmad/pKa_GNN/ffx_pipeline/data/sge_jobs/min_1YPI_titrate_pH4.4.job,dry-run,generated,
1YPI,6.45,titration,/Dedicated/schnieders/maemmad/pKa_GNN/ffx_pipeline/data/sge_jobs/min_1YPI_titrate_pH6.45.job,dry-run,generated,
1YPI,8.55,titration,/Dedicated/schnieders/maemmad/pKa_GNN/ffx_pipeline/data/sge_jobs/min_1YPI_titrate_pH8.55.job,dry-run,generated,
1YPT,,rotamer,/Dedicated/schnieders/maemmad/pKa_GNN/ffx_pipeline/data/sge_jobs/rot_1YPT.job,dry-run,generated,
1YPT,3.94,titration,/Dedicated/schnieders/maemmad/pKa_GNN/ffx_pipeline/data/sge_jobs/min_1YPT_titrate_pH3.94.job,dry-run,generated,
1YPT,4.4,titration,/Dedicated/schnieders/maemmad/pKa_GNN/ffx_pipeline/data/sge_jobs/min_1YPT_titrate_pH4.4.job,dry-run,generated,
1YPT,6.45,titration,/Dedicated/schnieders/maemmad/pKa_GNN/ffx_pipeline/data/sge_jobs/min_1YPT_titrate_pH6.45.job,dry-run,generated,
1YPT,8.55,titration,/Dedicated/schnieders/maemmad/pKa_GNN/ffx_pipeline/data/sge_jobs/min_1YPT_titrate_pH8.55.job,dry-run,generated,
2BUS,,rotamer,/Dedicated/schnieders/maemmad/pKa_GNN/ffx_pipeline/data/sge_jobs/rot_2BUS.job,dry-run,generated,
2BUS,3.94,titration,/Dedicated/schnieders/maemmad/pKa_GNN/ffx_pipeline/data/sge_jobs/min_2BUS_titrate_pH3.94.job,dry-run,generated,
2BUS,4.4,titration,/Dedicated/schnieders/maemmad/pKa_GNN/ffx_pipeline/data/sge_jobs/min_2BUS_titrate_pH4.4.job,dry-run,generated,
2BUS,6.45,titration,/Dedicated/schnieders/maemmad/pKa_GNN/ffx_pipeline/data/sge_jobs/min_2BUS_titrate_pH6.45.job,dry-run,generated,
2BUS,8.55,titration,/Dedicated/schnieders/maemmad/pKa_GNN/ffx_pipeline/data/sge_jobs/min_2BUS_titrate_pH8.55.job,dry-run,generated,
2CI2,,rotamer,/Dedicated/schnieders/maemmad/pKa_GNN/ffx_pipeline/data/sge_jobs/rot_2CI2.job,dry-run,generated,
2CI2,3.94,titration,/Dedicated/schnieders/maemmad/pKa_GNN/ffx_pipeline/data/sge_jobs/min_2CI2_titrate_pH3.94.job,dry-run,generated,
2CI2,4.4,titration,/Dedicated/schnieders/maemmad/pKa_GNN/ffx_pipeline/data/sge_jobs/min_2CI2_titrate_pH4.4.job,dry-run,generated,
2CI2,6.45,titration,/Dedicated/schnieders/maemmad/pKa_GNN/ffx_pipeline/data/sge_jobs/min_2CI2_titrate_pH6.45.job,dry-run,generated,
2CI2,8.55,titration,/Dedicated/schnieders/maemmad/pKa_GNN/ffx_pipeline/data/sge_jobs/min_2CI2_titrate_pH8.55.job,dry-run,generated,
2CPL,,rotamer,/Dedicated/schnieders/maemmad/pKa_GNN/ffx_pipeline/data/sge_jobs/rot_2CPL.job,dry-run,generated,
2CPL,3.94,titration,/Dedicated/schnieders/maemmad/pKa_GNN/ffx_pipeline/data/sge_jobs/min_2CPL_titrate_pH3.94.job,dry-run,generated,
2CPL,4.4,titration,/Dedicated/schnieders/maemmad/pKa_GNN/ffx_pipeline/data/sge_jobs/min_2CPL_titrate_pH4.4.job,dry-run,generated,
2CPL,6.45,titration,/Dedicated/schnieders/maemmad/pKa_GNN/ffx_pipeline/data/sge_jobs/min_2CPL_titrate_pH6.45.job,dry-run,generated,
2CPL,8.55,titration,/Dedicated/schnieders/maemmad/pKa_GNN/ffx_pipeline/data/sge_jobs/min_2CPL_titrate_pH8.55.job,dry-run,generated,
2FD3,,rotamer,/Dedicated/schnieders/maemmad/pKa_GNN/ffx_pipeline/data/sge_jobs/rot_2FD3.job,dry-run,generated,
2FD3,3.94,titration,/Dedicated/schnieders/maemmad/pKa_GNN/ffx_pipeline/data/sge_jobs/min_2FD3_titrate_pH3.94.job,dry-run,generated,
2FD3,4.4,titration,/Dedicated/schnieders/maemmad/pKa_GNN/ffx_pipeline/data/sge_jobs/min_2FD3_titrate_pH4.4.job,dry-run,generated,
2FD3,6.45,titration,/Dedicated/schnieders/maemmad/pKa_GNN/ffx_pipeline/data/sge_jobs/min_2FD3_titrate_pH6.45.job,dry-run,generated,
2FD3,8.55,titration,/Dedicated/schnieders/maemmad/pKa_GNN/ffx_pipeline/data/sge_jobs/min_2FD3_titrate_pH8.55.job,dry-run,generated,
2FWF,,rotamer,/Dedicated/schnieders/maemmad/pKa_GNN/ffx_pipeline/data/sge_jobs/rot_2FWF.job,dry-run,generated,
2FWF,3.94,titration,/Dedicated/schnieders/maemmad/pKa_GNN/ffx_pipeline/data/sge_jobs/min_2FWF_titrate_pH3.94.job,dry-run,generated,
2FWF,4.4,titration,/Dedicated/schnieders/maemmad/pKa_GNN/ffx_pipeline/data/sge_jobs/min_2FWF_titrate_pH4.4.job,dry-run,generated,
2FWF,6.45,titration,/Dedicated/schnieders/maemmad/pKa_GNN/ffx_pipeline/data/sge_jobs/min_2FWF_titrate_pH6.45.job,dry-run,generated,
2FWF,8.55,titration,/Dedicated/schnieders/maemmad/pKa_GNN/ffx_pipeline/data/sge_jobs/min_2FWF_titrate_pH8.55.job,dry-run,generated,
2HNP,,rotamer,/Dedicated/schnieders/maemmad/pKa_GNN/ffx_pipeline/data/sge_jobs/rot_2HNP.job,dry-run,generated,
2HNP,3.94,titration,/Dedicated/schnieders/maemmad/pKa_GNN/ffx_pipeline/data/sge_jobs/min_2HNP_titrate_pH3.94.job,dry-run,generated,
2HNP,4.4,titration,/Dedicated/schnieders/maemmad/pKa_GNN/ffx_pipeline/data/sge_jobs/min_2HNP_titrate_pH4.4.job,dry-run,generated,
2HNP,6.45,titration,/Dedicated/schnieders/maemmad/pKa_GNN/ffx_pipeline/data/sge_jobs/min_2HNP_titrate_pH6.45.job,dry-run,generated,
2HNP,8.55,titration,/Dedicated/schnieders/maemmad/pKa_GNN/ffx_pipeline/data/sge_jobs/min_2HNP_titrate_pH8.55.job,dry-run,generated,
2KIX,,rotamer,/Dedicated/schnieders/maemmad/pKa_GNN/ffx_pipeline/data/sge_jobs/rot_2KIX.job,dry-run,generated,
2KIX,3.94,titration,/Dedicated/schnieders/maemmad/pKa_GNN/ffx_pipeline/data/sge_jobs/min_2KIX_titrate_pH3.94.job,dry-run,generated,
2KIX,4.4,titration,/Dedicated/schnieders/maemmad/pKa_GNN/ffx_pipeline/data/sge_jobs/min_2KIX_titrate_pH4.4.job,dry-run,generated,
2KIX,6.45,titration,/Dedicated/schnieders/maemmad/pKa_GNN/ffx_pipeline/data/sge_jobs/min_2KIX_titrate_pH6.45.job,dry-run,generated,
2KIX,8.55,titration,/Dedicated/schnieders/maemmad/pKa_GNN/ffx_pipeline/data/sge_jobs/min_2KIX_titrate_pH8.55.job,dry-run,generated,
2L6X,,rotamer,/Dedicated/schnieders/maemmad/pKa_GNN/ffx_pipeline/data/sge_jobs/rot_2L6X.job,dry-run,generated,
2L6X,3.94,titration,/Dedicated/schnieders/maemmad/pKa_GNN/ffx_pipeline/data/sge_jobs/min_2L6X_titrate_pH3.94.job,dry-run,generated,
2L6X,4.4,titration,/Dedicated/schnieders/maemmad/pKa_GNN/ffx_pipeline/data/sge_jobs/min_2L6X_titrate_pH4.4.job,dry-run,generated,
2L6X,6.45,titration,/Dedicated/schnieders/maemmad/pKa_GNN/ffx_pipeline/data/sge_jobs/min_2L6X_titrate_pH6.45.job,dry-run,generated,
2L6X,8.55,titration,/Dedicated/schnieders/maemmad/pKa_GNN/ffx_pipeline/data/sge_jobs/min_2L6X_titrate_pH8.55.job,dry-run,generated,
2L90,,rotamer,/Dedicated/schnieders/maemmad/pKa_GNN/ffx_pipeline/data/sge_jobs/rot_2L90.job,dry-run,generated,
2L90,3.94,titration,/Dedicated/schnieders/maemmad/pKa_GNN/ffx_pipeline/data/sge_jobs/min_2L90_titrate_pH3.94.job,dry-run,generated,
2L90,4.4,titration,/Dedicated/schnieders/maemmad/pKa_GNN/ffx_pipeline/data/sge_jobs/min_2L90_titrate_pH4.4.job,dry-run,generated,
2L90,6.45,titration,/Dedicated/schnieders/maemmad/pKa_GNN/ffx_pipeline/data/sge_jobs/min_2L90_titrate_pH6.45.job,dry-run,generated,
2L90,8.55,titration,/Dedicated/schnieders/maemmad/pKa_GNN/ffx_pipeline/data/sge_jobs/min_2L90_titrate_pH8.55.job,dry-run,generated,
2LZM,,rotamer,/Dedicated/schnieders/maemmad/pKa_GNN/ffx_pipeline/data/sge_jobs/rot_2LZM.job,dry-run,generated,
2LZM,3.94,titration,/Dedicated/schnieders/maemmad/pKa_GNN/ffx_pipeline/data/sge_jobs/min_2LZM_titrate_pH3.94.job,dry-run,generated,
2LZM,4.4,titration,/Dedicated/schnieders/maemmad/pKa_GNN/ffx_pipeline/data/sge_jobs/min_2LZM_titrate_pH4.4.job,dry-run,generated,
2LZM,6.45,titration,/Dedicated/schnieders/maemmad/pKa_GNN/ffx_pipeline/data/sge_jobs/min_2LZM_titrate_pH6.45.job,dry-run,generated,
2LZM,8.55,titration,/Dedicated/schnieders/maemmad/pKa_GNN/ffx_pipeline/data/sge_jobs/min_2LZM_titrate_pH8.55.job,dry-run,generated,
2O89,,rotamer,/Dedicated/schnieders/maemmad/pKa_GNN/ffx_pipeline/data/sge_jobs/rot_2O89.job,dry-run,generated,
2O89,3.94,titration,/Dedicated/schnieders/maemmad/pKa_GNN/ffx_pipeline/data/sge_jobs/min_2O89_titrate_pH3.94.job,dry-run,generated,
2O89,4.4,titration,/Dedicated/schnieders/maemmad/pKa_GNN/ffx_pipeline/data/sge_jobs/min_2O89_titrate_pH4.4.job,dry-run,generated,
2O89,6.45,titration,/Dedicated/schnieders/maemmad/pKa_GNN/ffx_pipeline/data/sge_jobs/min_2O89_titrate_pH6.45.job,dry-run,generated,
2O89,8.55,titration,/Dedicated/schnieders/maemmad/pKa_GNN/ffx_pipeline/data/sge_jobs/min_2O89_titrate_pH8.55.job,dry-run,generated,
2OEO,,rotamer,/Dedicated/schnieders/maemmad/pKa_GNN/ffx_pipeline/data/sge_jobs/rot_2OEO.job,dry-run,generated,
2OEO,3.94,titration,/Dedicated/schnieders/maemmad/pKa_GNN/ffx_pipeline/data/sge_jobs/min_2OEO_titrate_pH3.94.job,dry-run,generated,
2OEO,4.4,titration,/Dedicated/schnieders/maemmad/pKa_GNN/ffx_pipeline/data/sge_jobs/min_2OEO_titrate_pH4.4.job,dry-run,generated,
2OEO,6.45,titration,/Dedicated/schnieders/maemmad/pKa_GNN/ffx_pipeline/data/sge_jobs/min_2OEO_titrate_pH6.45.job,dry-run,generated,
2OEO,8.55,titration,/Dedicated/schnieders/maemmad/pKa_GNN/ffx_pipeline/data/sge_jobs/min_2OEO_titrate_pH8.55.job,dry-run,generated,
2OXP,,rotamer,/Dedicated/schnieders/maemmad/pKa_GNN/ffx_pipeline/data/sge_jobs/rot_2OXP.job,dry-run,generated,
2OXP,3.94,titration,/Dedicated/schnieders/maemmad/pKa_GNN/ffx_pipeline/data/sge_jobs/min_2OXP_titrate_pH3.94.job,dry-run,generated,
2OXP,4.4,titration,/Dedicated/schnieders/maemmad/pKa_GNN/ffx_pipeline/data/sge_jobs/min_2OXP_titrate_pH4.4.job,dry-run,generated,
2OXP,6.45,titration,/Dedicated/schnieders/maemmad/pKa_GNN/ffx_pipeline/data/sge_jobs/min_2OXP_titrate_pH6.45.job,dry-run,generated,
2OXP,8.55,titration,/Dedicated/schnieders/maemmad/pKa_GNN/ffx_pipeline/data/sge_jobs/min_2OXP_titrate_pH8.55.job,dry-run,generated,
2PPT,,rotamer,/Dedicated/schnieders/maemmad/pKa_GNN/ffx_pipeline/data/sge_jobs/rot_2PPT.job,dry-run,generated,
2PPT,3.94,titration,/Dedicated/schnieders/maemmad/pKa_GNN/ffx_pipeline/data/sge_jobs/min_2PPT_titrate_pH3.94.job,dry-run,generated,
2PPT,4.4,titration,/Dedicated/schnieders/maemmad/pKa_GNN/ffx_pipeline/data/sge_jobs/min_2PPT_titrate_pH4.4.job,dry-run,generated,
2PPT,6.45,titration,/Dedicated/schnieders/maemmad/pKa_GNN/ffx_pipeline/data/sge_jobs/min_2PPT_titrate_pH6.45.job,dry-run,generated,
2PPT,8.55,titration,/Dedicated/schnieders/maemmad/pKa_GNN/ffx_pipeline/data/sge_jobs/min_2PPT_titrate_pH8.55.job,dry-run,generated,
2RBM,,rotamer,/Dedicated/schnieders/maemmad/pKa_GNN/ffx_pipeline/data/sge_jobs/rot_2RBM.job,dry-run,generated,
2RBM,3.94,titration,/Dedicated/schnieders/maemmad/pKa_GNN/ffx_pipeline/data/sge_jobs/min_2RBM_titrate_pH3.94.job,dry-run,generated,
2RBM,4.4,titration,/Dedicated/schnieders/maemmad/pKa_GNN/ffx_pipeline/data/sge_jobs/min_2RBM_titrate_pH4.4.job,dry-run,generated,
2RBM,6.45,titration,/Dedicated/schnieders/maemmad/pKa_GNN/ffx_pipeline/data/sge_jobs/min_2RBM_titrate_pH6.45.job,dry-run,generated,
2RBM,8.55,titration,/Dedicated/schnieders/maemmad/pKa_GNN/ffx_pipeline/data/sge_jobs/min_2RBM_titrate_pH8.55.job,dry-run,generated,
2RKS,,rotamer,/Dedicated/schnieders/maemmad/pKa_GNN/ffx_pipeline/data/sge_jobs/rot_2RKS.job,dry-run,generated,
2RKS,3.94,titration,/Dedicated/schnieders/maemmad/pKa_GNN/ffx_pipeline/data/sge_jobs/min_2RKS_titrate_pH3.94.job,dry-run,generated,
2RKS,4.4,titration,/Dedicated/schnieders/maemmad/pKa_GNN/ffx_pipeline/data/sge_jobs/min_2RKS_titrate_pH4.4.job,dry-run,generated,
2RKS,6.45,titration,/Dedicated/schnieders/maemmad/pKa_GNN/ffx_pipeline/data/sge_jobs/min_2RKS_titrate_pH6.45.job,dry-run,generated,
2RKS,8.55,titration,/Dedicated/schnieders/maemmad/pKa_GNN/ffx_pipeline/data/sge_jobs/min_2RKS_titrate_pH8.55.job,dry-run,generated,
2RN2,,rotamer,/Dedicated/schnieders/maemmad/pKa_GNN/ffx_pipeline/data/sge_jobs/rot_2RN2.job,dry-run,generated,
2RN2,3.94,titration,/Dedicated/schnieders/maemmad/pKa_GNN/ffx_pipeline/data/sge_jobs/min_2RN2_titrate_pH3.94.job,dry-run,generated,
2RN2,4.4,titration,/Dedicated/schnieders/maemmad/pKa_GNN/ffx_pipeline/data/sge_jobs/min_2RN2_titrate_pH4.4.job,dry-run,generated,
2RN2,6.45,titration,/Dedicated/schnieders/maemmad/pKa_GNN/ffx_pipeline/data/sge_jobs/min_2RN2_titrate_pH6.45.job,dry-run,generated,
2RN2,8.55,titration,/Dedicated/schnieders/maemmad/pKa_GNN/ffx_pipeline/data/sge_jobs/min_2RN2_titrate_pH8.55.job,dry-run,generated,
2RVQ,,rotamer,/Dedicated/schnieders/maemmad/pKa_GNN/ffx_pipeline/data/sge_jobs/rot_2RVQ.job,dry-run,generated,
2RVQ,3.94,titration,/Dedicated/schnieders/maemmad/pKa_GNN/ffx_pipeline/data/sge_jobs/min_2RVQ_titrate_pH3.94.job,dry-run,generated,
2RVQ,4.4,titration,/Dedicated/schnieders/maemmad/pKa_GNN/ffx_pipeline/data/sge_jobs/min_2RVQ_titrate_pH4.4.job,dry-run,generated,
2RVQ,6.45,titration,/Dedicated/schnieders/maemmad/pKa_GNN/ffx_pipeline/data/sge_jobs/min_2RVQ_titrate_pH6.45.job,dry-run,generated,
2RVQ,8.55,titration,/Dedicated/schnieders/maemmad/pKa_GNN/ffx_pipeline/data/sge_jobs/min_2RVQ_titrate_pH8.55.job,dry-run,generated,
2TGA,,rotamer,/Dedicated/schnieders/maemmad/pKa_GNN/ffx_pipeline/data/sge_jobs/rot_2TGA.job,dry-run,generated,
2TGA,3.94,titration,/Dedicated/schnieders/maemmad/pKa_GNN/ffx_pipeline/data/sge_jobs/min_2TGA_titrate_pH3.94.job,dry-run,generated,
2TGA,4.4,titration,/Dedicated/schnieders/maemmad/pKa_GNN/ffx_pipeline/data/sge_jobs/min_2TGA_titrate_pH4.4.job,dry-run,generated,
2TGA,6.45,titration,/Dedicated/schnieders/maemmad/pKa_GNN/ffx_pipeline/data/sge_jobs/min_2TGA_titrate_pH6.45.job,dry-run,generated,
2TGA,8.55,titration,/Dedicated/schnieders/maemmad/pKa_GNN/ffx_pipeline/data/sge_jobs/min_2TGA_titrate_pH8.55.job,dry-run,generated,
2TRX,,rotamer,/Dedicated/schnieders/maemmad/pKa_GNN/ffx_pipeline/data/sge_jobs/rot_2TRX.job,dry-run,generated,
2TRX,3.94,titration,/Dedicated/schnieders/maemmad/pKa_GNN/ffx_pipeline/data/sge_jobs/min_2TRX_titrate_pH3.94.job,dry-run,generated,
2TRX,4.4,titration,/Dedicated/schnieders/maemmad/pKa_GNN/ffx_pipeline/data/sge_jobs/min_2TRX_titrate_pH4.4.job,dry-run,generated,
2TRX,6.45,titration,/Dedicated/schnieders/maemmad/pKa_GNN/ffx_pipeline/data/sge_jobs/min_2TRX_titrate_pH6.45.job,dry-run,generated,
2TRX,8.55,titration,/Dedicated/schnieders/maemmad/pKa_GNN/ffx_pipeline/data/sge_jobs/min_2TRX_titrate_pH8.55.job,dry-run,generated,
2V8N,,rotamer,/Dedicated/schnieders/maemmad/pKa_GNN/ffx_pipeline/data/sge_jobs/rot_2V8N.job,dry-run,generated,
2V8N,3.94,titration,/Dedicated/schnieders/maemmad/pKa_GNN/ffx_pipeline/data/sge_jobs/min_2V8N_titrate_pH3.94.job,dry-run,generated,
2V8N,4.4,titration,/Dedicated/schnieders/maemmad/pKa_GNN/ffx_pipeline/data/sge_jobs/min_2V8N_titrate_pH4.4.job,dry-run,generated,
2V8N,6.45,titration,/Dedicated/schnieders/maemmad/pKa_GNN/ffx_pipeline/data/sge_jobs/min_2V8N_titrate_pH6.45.job,dry-run,generated,
2V8N,8.55,titration,/Dedicated/schnieders/maemmad/pKa_GNN/ffx_pipeline/data/sge_jobs/min_2V8N_titrate_pH8.55.job,dry-run,generated,
2ZTA,,rotamer,/Dedicated/schnieders/maemmad/pKa_GNN/ffx_pipeline/data/sge_jobs/rot_2ZTA.job,dry-run,generated,
2ZTA,3.94,titration,/Dedicated/schnieders/maemmad/pKa_GNN/ffx_pipeline/data/sge_jobs/min_2ZTA_titrate_pH3.94.job,dry-run,generated,
2ZTA,4.4,titration,/Dedicated/schnieders/maemmad/pKa_GNN/ffx_pipeline/data/sge_jobs/min_2ZTA_titrate_pH4.4.job,dry-run,generated,
2ZTA,6.45,titration,/Dedicated/schnieders/maemmad/pKa_GNN/ffx_pipeline/data/sge_jobs/min_2ZTA_titrate_pH6.45.job,dry-run,generated,
2ZTA,8.55,titration,/Dedicated/schnieders/maemmad/pKa_GNN/ffx_pipeline/data/sge_jobs/min_2ZTA_titrate_pH8.55.job,dry-run,generated,
3BDC,,rotamer,/Dedicated/schnieders/maemmad/pKa_GNN/ffx_pipeline/data/sge_jobs/rot_3BDC.job,dry-run,generated,
3BDC,3.94,titration,/Dedicated/schnieders/maemmad/pKa_GNN/ffx_pipeline/data/sge_jobs/min_3BDC_titrate_pH3.94.job,dry-run,generated,
3BDC,4.4,titration,/Dedicated/schnieders/maemmad/pKa_GNN/ffx_pipeline/data/sge_jobs/min_3BDC_titrate_pH4.4.job,dry-run,generated,
3BDC,6.45,titration,/Dedicated/schnieders/maemmad/pKa_GNN/ffx_pipeline/data/sge_jobs/min_3BDC_titrate_pH6.45.job,dry-run,generated,
3BDC,8.55,titration,/Dedicated/schnieders/maemmad/pKa_GNN/ffx_pipeline/data/sge_jobs/min_3BDC_titrate_pH8.55.job,dry-run,generated,
3C1E,,rotamer,/Dedicated/schnieders/maemmad/pKa_GNN/ffx_pipeline/data/sge_jobs/rot_3C1E.job,dry-run,generated,
3C1E,3.94,titration,/Dedicated/schnieders/maemmad/pKa_GNN/ffx_pipeline/data/sge_jobs/min_3C1E_titrate_pH3.94.job,dry-run,generated,
3C1E,4.4,titration,/Dedicated/schnieders/maemmad/pKa_GNN/ffx_pipeline/data/sge_jobs/min_3C1E_titrate_pH4.4.job,dry-run,generated,
3C1E,6.45,titration,/Dedicated/schnieders/maemmad/pKa_GNN/ffx_pipeline/data/sge_jobs/min_3C1E_titrate_pH6.45.job,dry-run,generated,
3C1E,8.55,titration,/Dedicated/schnieders/maemmad/pKa_GNN/ffx_pipeline/data/sge_jobs/min_3C1E_titrate_pH8.55.job,dry-run,generated,
3C1F,,rotamer,/Dedicated/schnieders/maemmad/pKa_GNN/ffx_pipeline/data/sge_jobs/rot_3C1F.job,dry-run,generated,
3C1F,3.94,titration,/Dedicated/schnieders/maemmad/pKa_GNN/ffx_pipeline/data/sge_jobs/min_3C1F_titrate_pH3.94.job,dry-run,generated,
3C1F,4.4,titration,/Dedicated/schnieders/maemmad/pKa_GNN/ffx_pipeline/data/sge_jobs/min_3C1F_titrate_pH4.4.job,dry-run,generated,
3C1F,6.45,titration,/Dedicated/schnieders/maemmad/pKa_GNN/ffx_pipeline/data/sge_jobs/min_3C1F_titrate_pH6.45.job,dry-run,generated,
3C1F,8.55,titration,/Dedicated/schnieders/maemmad/pKa_GNN/ffx_pipeline/data/sge_jobs/min_3C1F_titrate_pH8.55.job,dry-run,generated,
3D4D,,rotamer,/Dedicated/schnieders/maemmad/pKa_GNN/ffx_pipeline/data/sge_jobs/rot_3D4D.job,dry-run,generated,
3D4D,3.94,titration,/Dedicated/schnieders/maemmad/pKa_GNN/ffx_pipeline/data/sge_jobs/min_3D4D_titrate_pH3.94.job,dry-run,generated,
3D4D,4.4,titration,/Dedicated/schnieders/maemmad/pKa_GNN/ffx_pipeline/data/sge_jobs/min_3D4D_titrate_pH4.4.job,dry-run,generated,
3D4D,6.45,titration,/Dedicated/schnieders/maemmad/pKa_GNN/ffx_pipeline/data/sge_jobs/min_3D4D_titrate_pH6.45.job,dry-run,generated,
3D4D,8.55,titration,/Dedicated/schnieders/maemmad/pKa_GNN/ffx_pipeline/data/sge_jobs/min_3D4D_titrate_pH8.55.job,dry-run,generated,
3DMU,,rotamer,/Dedicated/schnieders/maemmad/pKa_GNN/ffx_pipeline/data/sge_jobs/rot_3DMU.job,dry-run,generated,
3DMU,3.94,titration,/Dedicated/schnieders/maemmad/pKa_GNN/ffx_pipeline/data/sge_jobs/min_3DMU_titrate_pH3.94.job,dry-run,generated,
3DMU,4.4,titration,/Dedicated/schnieders/maemmad/pKa_GNN/ffx_pipeline/data/sge_jobs/min_3DMU_titrate_pH4.4.job,dry-run,generated,
3DMU,6.45,titration,/Dedicated/schnieders/maemmad/pKa_GNN/ffx_pipeline/data/sge_jobs/min_3DMU_titrate_pH6.45.job,dry-run,generated,
3DMU,8.55,titration,/Dedicated/schnieders/maemmad/pKa_GNN/ffx_pipeline/data/sge_jobs/min_3DMU_titrate_pH8.55.job,dry-run,generated,
3E5S,,rotamer,/Dedicated/schnieders/maemmad/pKa_GNN/ffx_pipeline/data/sge_jobs/rot_3E5S.job,dry-run,generated,
3E5S,3.94,titration,/Dedicated/schnieders/maemmad/pKa_GNN/ffx_pipeline/data/sge_jobs/min_3E5S_titrate_pH3.94.job,dry-run,generated,
3E5S,4.4,titration,/Dedicated/schnieders/maemmad/pKa_GNN/ffx_pipeline/data/sge_jobs/min_3E5S_titrate_pH4.4.job,dry-run,generated,
3E5S,6.45,titration,/Dedicated/schnieders/maemmad/pKa_GNN/ffx_pipeline/data/sge_jobs/min_3E5S_titrate_pH6.45.job,dry-run,generated,
3E5S,8.55,titration,/Dedicated/schnieders/maemmad/pKa_GNN/ffx_pipeline/data/sge_jobs/min_3E5S_titrate_pH8.55.job,dry-run,generated,
3EBX,,rotamer,/Dedicated/schnieders/maemmad/pKa_GNN/ffx_pipeline/data/sge_jobs/rot_3EBX.job,dry-run,generated,
3EBX,3.94,titration,/Dedicated/schnieders/maemmad/pKa_GNN/ffx_pipeline/data/sge_jobs/min_3EBX_titrate_pH3.94.job,dry-run,generated,
3EBX,4.4,titration,/Dedicated/schnieders/maemmad/pKa_GNN/ffx_pipeline/data/sge_jobs/min_3EBX_titrate_pH4.4.job,dry-run,generated,
3EBX,6.45,titration,/Dedicated/schnieders/maemmad/pKa_GNN/ffx_pipeline/data/sge_jobs/min_3EBX_titrate_pH6.45.job,dry-run,generated,
3EBX,8.55,titration,/Dedicated/schnieders/maemmad/pKa_GNN/ffx_pipeline/data/sge_jobs/min_3EBX_titrate_pH8.55.job,dry-run,generated,
3EJI,,rotamer,/Dedicated/schnieders/maemmad/pKa_GNN/ffx_pipeline/data/sge_jobs/rot_3EJI.job,dry-run,generated,
3EJI,3.94,titration,/Dedicated/schnieders/maemmad/pKa_GNN/ffx_pipeline/data/sge_jobs/min_3EJI_titrate_pH3.94.job,dry-run,generated,
3EJI,4.4,titration,/Dedicated/schnieders/maemmad/pKa_GNN/ffx_pipeline/data/sge_jobs/min_3EJI_titrate_pH4.4.job,dry-run,generated,
3EJI,6.45,titration,/Dedicated/schnieders/maemmad/pKa_GNN/ffx_pipeline/data/sge_jobs/min_3EJI_titrate_pH6.45.job,dry-run,generated,
3EJI,8.55,titration,/Dedicated/schnieders/maemmad/pKa_GNN/ffx_pipeline/data/sge_jobs/min_3EJI_titrate_pH8.55.job,dry-run,generated,
3ERO,,rotamer,/Dedicated/schnieders/maemmad/pKa_GNN/ffx_pipeline/data/sge_jobs/rot_3ERO.job,dry-run,generated,
3ERO,3.94,titration,/Dedicated/schnieders/maemmad/pKa_GNN/ffx_pipeline/data/sge_jobs/min_3ERO_titrate_pH3.94.job,dry-run,generated,
3ERO,4.4,titration,/Dedicated/schnieders/maemmad/pKa_GNN/ffx_pipeline/data/sge_jobs/min_3ERO_titrate_pH4.4.job,dry-run,generated,
3ERO,6.45,titration,/Dedicated/schnieders/maemmad/pKa_GNN/ffx_pipeline/data/sge_jobs/min_3ERO_titrate_pH6.45.job,dry-run,generated,
3ERO,8.55,titration,/Dedicated/schnieders/maemmad/pKa_GNN/ffx_pipeline/data/sge_jobs/min_3ERO_titrate_pH8.55.job,dry-run,generated,
3ERQ,,rotamer,/Dedicated/schnieders/maemmad/pKa_GNN/ffx_pipeline/data/sge_jobs/rot_3ERQ.job,dry-run,generated,
3ERQ,3.94,titration,/Dedicated/schnieders/maemmad/pKa_GNN/ffx_pipeline/data/sge_jobs/min_3ERQ_titrate_pH3.94.job,dry-run,generated,
3ERQ,4.4,titration,/Dedicated/schnieders/maemmad/pKa_GNN/ffx_pipeline/data/sge_jobs/min_3ERQ_titrate_pH4.4.job,dry-run,generated,
3ERQ,6.45,titration,/Dedicated/schnieders/maemmad/pKa_GNN/ffx_pipeline/data/sge_jobs/min_3ERQ_titrate_pH6.45.job,dry-run,generated,
3ERQ,8.55,titration,/Dedicated/schnieders/maemmad/pKa_GNN/ffx_pipeline/data/sge_jobs/min_3ERQ_titrate_pH8.55.job,dry-run,generated,
3EVQ,,rotamer,/Dedicated/schnieders/maemmad/pKa_GNN/ffx_pipeline/data/sge_jobs/rot_3EVQ.job,dry-run,generated,
3EVQ,3.94,titration,/Dedicated/schnieders/maemmad/pKa_GNN/ffx_pipeline/data/sge_jobs/min_3EVQ_titrate_pH3.94.job,dry-run,generated,
3EVQ,4.4,titration,/Dedicated/schnieders/maemmad/pKa_GNN/ffx_pipeline/data/sge_jobs/min_3EVQ_titrate_pH4.4.job,dry-run,generated,
3EVQ,6.45,titration,/Dedicated/schnieders/maemmad/pKa_GNN/ffx_pipeline/data/sge_jobs/min_3EVQ_titrate_pH6.45.job,dry-run,generated,
3EVQ,8.55,titration,/Dedicated/schnieders/maemmad/pKa_GNN/ffx_pipeline/data/sge_jobs/min_3EVQ_titrate_pH8.55.job,dry-run,generated,
3FT7,,rotamer,/Dedicated/schnieders/maemmad/pKa_GNN/ffx_pipeline/data/sge_jobs/rot_3FT7.job,dry-run,generated,
3FT7,3.94,titration,/Dedicated/schnieders/maemmad/pKa_GNN/ffx_pipeline/data/sge_jobs/min_3FT7_titrate_pH3.94.job,dry-run,generated,
3FT7,4.4,titration,/Dedicated/schnieders/maemmad/pKa_GNN/ffx_pipeline/data/sge_jobs/min_3FT7_titrate_pH4.4.job,dry-run,generated,
3FT7,6.45,titration,/Dedicated/schnieders/maemmad/pKa_GNN/ffx_pipeline/data/sge_jobs/min_3FT7_titrate_pH6.45.job,dry-run,generated,
3FT7,8.55,titration,/Dedicated/schnieders/maemmad/pKa_GNN/ffx_pipeline/data/sge_jobs/min_3FT7_titrate_pH8.55.job,dry-run,generated,
3FX5,,rotamer,/Dedicated/schnieders/maemmad/pKa_GNN/ffx_pipeline/data/sge_jobs/rot_3FX5.job,dry-run,generated,
3FX5,3.94,titration,/Dedicated/schnieders/maemmad/pKa_GNN/ffx_pipeline/data/sge_jobs/min_3FX5_titrate_pH3.94.job,dry-run,generated,
3FX5,4.4,titration,/Dedicated/schnieders/maemmad/pKa_GNN/ffx_pipeline/data/sge_jobs/min_3FX5_titrate_pH4.4.job,dry-run,generated,
3FX5,6.45,titration,/Dedicated/schnieders/maemmad/pKa_GNN/ffx_pipeline/data/sge_jobs/min_3FX5_titrate_pH6.45.job,dry-run,generated,
3FX5,8.55,titration,/Dedicated/schnieders/maemmad/pKa_GNN/ffx_pipeline/data/sge_jobs/min_3FX5_titrate_pH8.55.job,dry-run,generated,
3H6M,,rotamer,/Dedicated/schnieders/maemmad/pKa_GNN/ffx_pipeline/data/sge_jobs/rot_3H6M.job,dry-run,generated,
3H6M,3.94,titration,/Dedicated/schnieders/maemmad/pKa_GNN/ffx_pipeline/data/sge_jobs/min_3H6M_titrate_pH3.94.job,dry-run,generated,
3H6M,4.4,titration,/Dedicated/schnieders/maemmad/pKa_GNN/ffx_pipeline/data/sge_jobs/min_3H6M_titrate_pH4.4.job,dry-run,generated,
3H6M,6.45,titration,/Dedicated/schnieders/maemmad/pKa_GNN/ffx_pipeline/data/sge_jobs/min_3H6M_titrate_pH6.45.job,dry-run,generated,
3H6M,8.55,titration,/Dedicated/schnieders/maemmad/pKa_GNN/ffx_pipeline/data/sge_jobs/min_3H6M_titrate_pH8.55.job,dry-run,generated,
3HZX,,rotamer,/Dedicated/schnieders/maemmad/pKa_GNN/ffx_pipeline/data/sge_jobs/rot_3HZX.job,dry-run,generated,
3HZX,3.94,titration,/Dedicated/schnieders/maemmad/pKa_GNN/ffx_pipeline/data/sge_jobs/min_3HZX_titrate_pH3.94.job,dry-run,generated,
3HZX,4.4,titration,/Dedicated/schnieders/maemmad/pKa_GNN/ffx_pipeline/data/sge_jobs/min_3HZX_titrate_pH4.4.job,dry-run,generated,
3HZX,6.45,titration,/Dedicated/schnieders/maemmad/pKa_GNN/ffx_pipeline/data/sge_jobs/min_3HZX_titrate_pH6.45.job,dry-run,generated,
3HZX,8.55,titration,/Dedicated/schnieders/maemmad/pKa_GNN/ffx_pipeline/data/sge_jobs/min_3HZX_titrate_pH8.55.job,dry-run,generated,
3ITP,,rotamer,/Dedicated/schnieders/maemmad/pKa_GNN/ffx_pipeline/data/sge_jobs/rot_3ITP.job,dry-run,generated,
3ITP,3.94,titration,/Dedicated/schnieders/maemmad/pKa_GNN/ffx_pipeline/data/sge_jobs/min_3ITP_titrate_pH3.94.job,dry-run,generated,
3ITP,4.4,titration,/Dedicated/schnieders/maemmad/pKa_GNN/ffx_pipeline/data/sge_jobs/min_3ITP_titrate_pH4.4.job,dry-run,generated,
3ITP,6.45,titration,/Dedicated/schnieders/maemmad/pKa_GNN/ffx_pipeline/data/sge_jobs/min_3ITP_titrate_pH6.45.job,dry-run,generated,
3ITP,8.55,titration,/Dedicated/schnieders/maemmad/pKa_GNN/ffx_pipeline/data/sge_jobs/min_3ITP_titrate_pH8.55.job,dry-run,generated,
3P75,,rotamer,/Dedicated/schnieders/maemmad/pKa_GNN/ffx_pipeline/data/sge_jobs/rot_3P75.job,dry-run,generated,
3P75,3.94,titration,/Dedicated/schnieders/maemmad/pKa_GNN/ffx_pipeline/data/sge_jobs/min_3P75_titrate_pH3.94.job,dry-run,generated,
3P75,4.4,titration,/Dedicated/schnieders/maemmad/pKa_GNN/ffx_pipeline/data/sge_jobs/min_3P75_titrate_pH4.4.job,dry-run,generated,
3P75,6.45,titration,/Dedicated/schnieders/maemmad/pKa_GNN/ffx_pipeline/data/sge_jobs/min_3P75_titrate_pH6.45.job,dry-run,generated,
3P75,8.55,titration,/Dedicated/schnieders/maemmad/pKa_GNN/ffx_pipeline/data/sge_jobs/min_3P75_titrate_pH8.55.job,dry-run,generated,
3QOJ,,rotamer,/Dedicated/schnieders/maemmad/pKa_GNN/ffx_pipeline/data/sge_jobs/rot_3QOJ.job,dry-run,generated,
3QOJ,3.94,titration,/Dedicated/schnieders/maemmad/pKa_GNN/ffx_pipeline/data/sge_jobs/min_3QOJ_titrate_pH3.94.job,dry-run,generated,
3QOJ,4.4,titration,/Dedicated/schnieders/maemmad/pKa_GNN/ffx_pipeline/data/sge_jobs/min_3QOJ_titrate_pH4.4.job,dry-run,generated,
3QOJ,6.45,titration,/Dedicated/schnieders/maemmad/pKa_GNN/ffx_pipeline/data/sge_jobs/min_3QOJ_titrate_pH6.45.job,dry-run,generated,
3QOJ,8.55,titration,/Dedicated/schnieders/maemmad/pKa_GNN/ffx_pipeline/data/sge_jobs/min_3QOJ_titrate_pH8.55.job,dry-run,generated,
3QOL,,rotamer,/Dedicated/schnieders/maemmad/pKa_GNN/ffx_pipeline/data/sge_jobs/rot_3QOL.job,dry-run,generated,
3QOL,3.94,titration,/Dedicated/schnieders/maemmad/pKa_GNN/ffx_pipeline/data/sge_jobs/min_3QOL_titrate_pH3.94.job,dry-run,generated,
3QOL,4.4,titration,/Dedicated/schnieders/maemmad/pKa_GNN/ffx_pipeline/data/sge_jobs/min_3QOL_titrate_pH4.4.job,dry-run,generated,
3QOL,6.45,titration,/Dedicated/schnieders/maemmad/pKa_GNN/ffx_pipeline/data/sge_jobs/min_3QOL_titrate_pH6.45.job,dry-run,generated,
3QOL,8.55,titration,/Dedicated/schnieders/maemmad/pKa_GNN/ffx_pipeline/data/sge_jobs/min_3QOL_titrate_pH8.55.job,dry-run,generated,
3RUZ,,rotamer,/Dedicated/schnieders/maemmad/pKa_GNN/ffx_pipeline/data/sge_jobs/rot_3RUZ.job,dry-run,generated,
3RUZ,3.94,titration,/Dedicated/schnieders/maemmad/pKa_GNN/ffx_pipeline/data/sge_jobs/min_3RUZ_titrate_pH3.94.job,dry-run,generated,
3RUZ,4.4,titration,/Dedicated/schnieders/maemmad/pKa_GNN/ffx_pipeline/data/sge_jobs/min_3RUZ_titrate_pH4.4.job,dry-run,generated,
3RUZ,6.45,titration,/Dedicated/schnieders/maemmad/pKa_GNN/ffx_pipeline/data/sge_jobs/min_3RUZ_titrate_pH6.45.job,dry-run,generated,
3RUZ,8.55,titration,/Dedicated/schnieders/maemmad/pKa_GNN/ffx_pipeline/data/sge_jobs/min_3RUZ_titrate_pH8.55.job,dry-run,generated,
3SK5,,rotamer,/Dedicated/schnieders/maemmad/pKa_GNN/ffx_pipeline/data/sge_jobs/rot_3SK5.job,dry-run,generated,
3SK5,3.94,titration,/Dedicated/schnieders/maemmad/pKa_GNN/ffx_pipeline/data/sge_jobs/min_3SK5_titrate_pH3.94.job,dry-run,generated,
3SK5,4.4,titration,/Dedicated/schnieders/maemmad/pKa_GNN/ffx_pipeline/data/sge_jobs/min_3SK5_titrate_pH4.4.job,dry-run,generated,
3SK5,6.45,titration,/Dedicated/schnieders/maemmad/pKa_GNN/ffx_pipeline/data/sge_jobs/min_3SK5_titrate_pH6.45.job,dry-run,generated,
3SK5,8.55,titration,/Dedicated/schnieders/maemmad/pKa_GNN/ffx_pipeline/data/sge_jobs/min_3SK5_titrate_pH8.55.job,dry-run,generated,
3SSI,,rotamer,/Dedicated/schnieders/maemmad/pKa_GNN/ffx_pipeline/data/sge_jobs/rot_3SSI.job,dry-run,generated,
3SSI,3.94,titration,/Dedicated/schnieders/maemmad/pKa_GNN/ffx_pipeline/data/sge_jobs/min_3SSI_titrate_pH3.94.job,dry-run,generated,
3SSI,4.4,titration,/Dedicated/schnieders/maemmad/pKa_GNN/ffx_pipeline/data/sge_jobs/min_3SSI_titrate_pH4.4.job,dry-run,generated,
3SSI,6.45,titration,/Dedicated/schnieders/maemmad/pKa_GNN/ffx_pipeline/data/sge_jobs/min_3SSI_titrate_pH6.45.job,dry-run,generated,
3SSI,8.55,titration,/Dedicated/schnieders/maemmad/pKa_GNN/ffx_pipeline/data/sge_jobs/min_3SSI_titrate_pH8.55.job,dry-run,generated,
3TP7,,rotamer,/Dedicated/schnieders/maemmad/pKa_GNN/ffx_pipeline/data/sge_jobs/rot_3TP7.job,dry-run,generated,
3TP7,3.94,titration,/Dedicated/schnieders/maemmad/pKa_GNN/ffx_pipeline/data/sge_jobs/min_3TP7_titrate_pH3.94.job,dry-run,generated,
3TP7,4.4,titration,/Dedicated/schnieders/maemmad/pKa_GNN/ffx_pipeline/data/sge_jobs/min_3TP7_titrate_pH4.4.job,dry-run,generated,
3TP7,6.45,titration,/Dedicated/schnieders/maemmad/pKa_GNN/ffx_pipeline/data/sge_jobs/min_3TP7_titrate_pH6.45.job,dry-run,generated,
3TP7,8.55,titration,/Dedicated/schnieders/maemmad/pKa_GNN/ffx_pipeline/data/sge_jobs/min_3TP7_titrate_pH8.55.job,dry-run,generated,
3TP8,,rotamer,/Dedicated/schnieders/maemmad/pKa_GNN/ffx_pipeline/data/sge_jobs/rot_3TP8.job,dry-run,generated,
3TP8,3.94,titration,/Dedicated/schnieders/maemmad/pKa_GNN/ffx_pipeline/data/sge_jobs/min_3TP8_titrate_pH3.94.job,dry-run,generated,
3TP8,4.4,titration,/Dedicated/schnieders/maemmad/pKa_GNN/ffx_pipeline/data/sge_jobs/min_3TP8_titrate_pH4.4.job,dry-run,generated,
3TP8,6.45,titration,/Dedicated/schnieders/maemmad/pKa_GNN/ffx_pipeline/data/sge_jobs/min_3TP8_titrate_pH6.45.job,dry-run,generated,
3TP8,8.55,titration,/Dedicated/schnieders/maemmad/pKa_GNN/ffx_pipeline/data/sge_jobs/min_3TP8_titrate_pH8.55.job,dry-run,generated,
3WU2,,rotamer,/Dedicated/schnieders/maemmad/pKa_GNN/ffx_pipeline/data/sge_jobs/rot_3WU2.job,dry-run,generated,
3WU2,3.94,titration,/Dedicated/schnieders/maemmad/pKa_GNN/ffx_pipeline/data/sge_jobs/min_3WU2_titrate_pH3.94.job,dry-run,generated,
3WU2,4.4,titration,/Dedicated/schnieders/maemmad/pKa_GNN/ffx_pipeline/data/sge_jobs/min_3WU2_titrate_pH4.4.job,dry-run,generated,
3WU2,6.45,titration,/Dedicated/schnieders/maemmad/pKa_GNN/ffx_pipeline/data/sge_jobs/min_3WU2_titrate_pH6.45.job,dry-run,generated,
3WU2,8.55,titration,/Dedicated/schnieders/maemmad/pKa_GNN/ffx_pipeline/data/sge_jobs/min_3WU2_titrate_pH8.55.job,dry-run,generated,
4BYA,,rotamer,/Dedicated/schnieders/maemmad/pKa_GNN/ffx_pipeline/data/sge_jobs/rot_4BYA.job,dry-run,generated,
4BYA,3.94,titration,/Dedicated/schnieders/maemmad/pKa_GNN/ffx_pipeline/data/sge_jobs/min_4BYA_titrate_pH3.94.job,dry-run,generated,
4BYA,4.4,titration,/Dedicated/schnieders/maemmad/pKa_GNN/ffx_pipeline/data/sge_jobs/min_4BYA_titrate_pH4.4.job,dry-run,generated,
4BYA,6.45,titration,/Dedicated/schnieders/maemmad/pKa_GNN/ffx_pipeline/data/sge_jobs/min_4BYA_titrate_pH6.45.job,dry-run,generated,
4BYA,8.55,titration,/Dedicated/schnieders/maemmad/pKa_GNN/ffx_pipeline/data/sge_jobs/min_4BYA_titrate_pH8.55.job,dry-run,generated,
4EQP,,rotamer,/Dedicated/schnieders/maemmad/pKa_GNN/ffx_pipeline/data/sge_jobs/rot_4EQP.job,dry-run,generated,
4EQP,3.94,titration,/Dedicated/schnieders/maemmad/pKa_GNN/ffx_pipeline/data/sge_jobs/min_4EQP_titrate_pH3.94.job,dry-run,generated,
4EQP,4.4,titration,/Dedicated/schnieders/maemmad/pKa_GNN/ffx_pipeline/data/sge_jobs/min_4EQP_titrate_pH4.4.job,dry-run,generated,
4EQP,6.45,titration,/Dedicated/schnieders/maemmad/pKa_GNN/ffx_pipeline/data/sge_jobs/min_4EQP_titrate_pH6.45.job,dry-run,generated,
4EQP,8.55,titration,/Dedicated/schnieders/maemmad/pKa_GNN/ffx_pipeline/data/sge_jobs/min_4EQP_titrate_pH8.55.job,dry-run,generated,
4HHB,,rotamer,/Dedicated/schnieders/maemmad/pKa_GNN/ffx_pipeline/data/sge_jobs/rot_4HHB.job,dry-run,generated,
4HHB,3.94,titration,/Dedicated/schnieders/maemmad/pKa_GNN/ffx_pipeline/data/sge_jobs/min_4HHB_titrate_pH3.94.job,dry-run,generated,
4HHB,4.4,titration,/Dedicated/schnieders/maemmad/pKa_GNN/ffx_pipeline/data/sge_jobs/min_4HHB_titrate_pH4.4.job,dry-run,generated,
4HHB,6.45,titration,/Dedicated/schnieders/maemmad/pKa_GNN/ffx_pipeline/data/sge_jobs/min_4HHB_titrate_pH6.45.job,dry-run,generated,
4HHB,8.55,titration,/Dedicated/schnieders/maemmad/pKa_GNN/ffx_pipeline/data/sge_jobs/min_4HHB_titrate_pH8.55.job,dry-run,generated,
4HMI,,rotamer,/Dedicated/schnieders/maemmad/pKa_GNN/ffx_pipeline/data/sge_jobs/rot_4HMI.job,dry-run,generated,
4HMI,3.94,titration,/Dedicated/schnieders/maemmad/pKa_GNN/ffx_pipeline/data/sge_jobs/min_4HMI_titrate_pH3.94.job,dry-run,generated,
4HMI,4.4,titration,/Dedicated/schnieders/maemmad/pKa_GNN/ffx_pipeline/data/sge_jobs/min_4HMI_titrate_pH4.4.job,dry-run,generated,
4HMI,6.45,titration,/Dedicated/schnieders/maemmad/pKa_GNN/ffx_pipeline/data/sge_jobs/min_4HMI_titrate_pH6.45.job,dry-run,generated,
4HMI,8.55,titration,/Dedicated/schnieders/maemmad/pKa_GNN/ffx_pipeline/data/sge_jobs/min_4HMI_titrate_pH8.55.job,dry-run,generated,
4HMJ,,rotamer,/Dedicated/schnieders/maemmad/pKa_GNN/ffx_pipeline/data/sge_jobs/rot_4HMJ.job,dry-run,generated,
4HMJ,3.94,titration,/Dedicated/schnieders/maemmad/pKa_GNN/ffx_pipeline/data/sge_jobs/min_4HMJ_titrate_pH3.94.job,dry-run,generated,
4HMJ,4.4,titration,/Dedicated/schnieders/maemmad/pKa_GNN/ffx_pipeline/data/sge_jobs/min_4HMJ_titrate_pH4.4.job,dry-run,generated,
4HMJ,6.45,titration,/Dedicated/schnieders/maemmad/pKa_GNN/ffx_pipeline/data/sge_jobs/min_4HMJ_titrate_pH6.45.job,dry-run,generated,
4HMJ,8.55,titration,/Dedicated/schnieders/maemmad/pKa_GNN/ffx_pipeline/data/sge_jobs/min_4HMJ_titrate_pH8.55.job,dry-run,generated,
4ICB,,rotamer,/Dedicated/schnieders/maemmad/pKa_GNN/ffx_pipeline/data/sge_jobs/rot_4ICB.job,dry-run,generated,
4ICB,3.94,titration,/Dedicated/schnieders/maemmad/pKa_GNN/ffx_pipeline/data/sge_jobs/min_4ICB_titrate_pH3.94.job,dry-run,generated,
4ICB,4.4,titration,/Dedicated/schnieders/maemmad/pKa_GNN/ffx_pipeline/data/sge_jobs/min_4ICB_titrate_pH4.4.job,dry-run,generated,
4ICB,6.45,titration,/Dedicated/schnieders/maemmad/pKa_GNN/ffx_pipeline/data/sge_jobs/min_4ICB_titrate_pH6.45.job,dry-run,generated,
4ICB,8.55,titration,/Dedicated/schnieders/maemmad/pKa_GNN/ffx_pipeline/data/sge_jobs/min_4ICB_titrate_pH8.55.job,dry-run,generated,
4KY5,,rotamer,/Dedicated/schnieders/maemmad/pKa_GNN/ffx_pipeline/data/sge_jobs/rot_4KY5.job,dry-run,generated,
4KY5,3.94,titration,/Dedicated/schnieders/maemmad/pKa_GNN/ffx_pipeline/data/sge_jobs/min_4KY5_titrate_pH3.94.job,dry-run,generated,
4KY5,4.4,titration,/Dedicated/schnieders/maemmad/pKa_GNN/ffx_pipeline/data/sge_jobs/min_4KY5_titrate_pH4.4.job,dry-run,generated,
4KY5,6.45,titration,/Dedicated/schnieders/maemmad/pKa_GNN/ffx_pipeline/data/sge_jobs/min_4KY5_titrate_pH6.45.job,dry-run,generated,
4KY5,8.55,titration,/Dedicated/schnieders/maemmad/pKa_GNN/ffx_pipeline/data/sge_jobs/min_4KY5_titrate_pH8.55.job,dry-run,generated,
4KY6,,rotamer,/Dedicated/schnieders/maemmad/pKa_GNN/ffx_pipeline/data/sge_jobs/rot_4KY6.job,dry-run,generated,
4KY6,3.94,titration,/Dedicated/schnieders/maemmad/pKa_GNN/ffx_pipeline/data/sge_jobs/min_4KY6_titrate_pH3.94.job,dry-run,generated,
4KY6,4.4,titration,/Dedicated/schnieders/maemmad/pKa_GNN/ffx_pipeline/data/sge_jobs/min_4KY6_titrate_pH4.4.job,dry-run,generated,
4KY6,6.45,titration,/Dedicated/schnieders/maemmad/pKa_GNN/ffx_pipeline/data/sge_jobs/min_4KY6_titrate_pH6.45.job,dry-run,generated,
4KY6,8.55,titration,/Dedicated/schnieders/maemmad/pKa_GNN/ffx_pipeline/data/sge_jobs/min_4KY6_titrate_pH8.55.job,dry-run,generated,
4KY7,,rotamer,/Dedicated/schnieders/maemmad/pKa_GNN/ffx_pipeline/data/sge_jobs/rot_4KY7.job,dry-run,generated,
4KY7,3.94,titration,/Dedicated/schnieders/maemmad/pKa_GNN/ffx_pipeline/data/sge_jobs/min_4KY7_titrate_pH3.94.job,dry-run,generated,
4KY7,4.4,titration,/Dedicated/schnieders/maemmad/pKa_GNN/ffx_pipeline/data/sge_jobs/min_4KY7_titrate_pH4.4.job,dry-run,generated,
4KY7,6.45,titration,/Dedicated/schnieders/maemmad/pKa_GNN/ffx_pipeline/data/sge_jobs/min_4KY7_titrate_pH6.45.job,dry-run,generated,
4KY7,8.55,titration,/Dedicated/schnieders/maemmad/pKa_GNN/ffx_pipeline/data/sge_jobs/min_4KY7_titrate_pH8.55.job,dry-run,generated,
4LZT,,rotamer,/Dedicated/schnieders/maemmad/pKa_GNN/ffx_pipeline/data/sge_jobs/rot_4LZT.job,dry-run,generated,
4LZT,3.94,titration,/Dedicated/schnieders/maemmad/pKa_GNN/ffx_pipeline/data/sge_jobs/min_4LZT_titrate_pH3.94.job,dry-run,generated,
4LZT,4.4,titration,/Dedicated/schnieders/maemmad/pKa_GNN/ffx_pipeline/data/sge_jobs/min_4LZT_titrate_pH4.4.job,dry-run,generated,
4LZT,6.45,titration,/Dedicated/schnieders/maemmad/pKa_GNN/ffx_pipeline/data/sge_jobs/min_4LZT_titrate_pH6.45.job,dry-run,generated,
4LZT,8.55,titration,/Dedicated/schnieders/maemmad/pKa_GNN/ffx_pipeline/data/sge_jobs/min_4LZT_titrate_pH8.55.job,dry-run,generated,
4MA9,,rotamer,/Dedicated/schnieders/maemmad/pKa_GNN/ffx_pipeline/data/sge_jobs/rot_4MA9.job,dry-run,generated,
4MA9,3.94,titration,/Dedicated/schnieders/maemmad/pKa_GNN/ffx_pipeline/data/sge_jobs/min_4MA9_titrate_pH3.94.job,dry-run,generated,
4MA9,4.4,titration,/Dedicated/schnieders/maemmad/pKa_GNN/ffx_pipeline/data/sge_jobs/min_4MA9_titrate_pH4.4.job,dry-run,generated,
4MA9,6.45,titration,/Dedicated/schnieders/maemmad/pKa_GNN/ffx_pipeline/data/sge_jobs/min_4MA9_titrate_pH6.45.job,dry-run,generated,
4MA9,8.55,titration,/Dedicated/schnieders/maemmad/pKa_GNN/ffx_pipeline/data/sge_jobs/min_4MA9_titrate_pH8.55.job,dry-run,generated,
4PTI,,rotamer,/Dedicated/schnieders/maemmad/pKa_GNN/ffx_pipeline/data/sge_jobs/rot_4PTI.job,dry-run,generated,
4PTI,3.94,titration,/Dedicated/schnieders/maemmad/pKa_GNN/ffx_pipeline/data/sge_jobs/min_4PTI_titrate_pH3.94.job,dry-run,generated,
4PTI,4.4,titration,/Dedicated/schnieders/maemmad/pKa_GNN/ffx_pipeline/data/sge_jobs/min_4PTI_titrate_pH4.4.job,dry-run,generated,
4PTI,6.45,titration,/Dedicated/schnieders/maemmad/pKa_GNN/ffx_pipeline/data/sge_jobs/min_4PTI_titrate_pH6.45.job,dry-run,generated,
4PTI,8.55,titration,/Dedicated/schnieders/maemmad/pKa_GNN/ffx_pipeline/data/sge_jobs/min_4PTI_titrate_pH8.55.job,dry-run,generated,
4QYT,,rotamer,/Dedicated/schnieders/maemmad/pKa_GNN/ffx_pipeline/data/sge_jobs/rot_4QYT.job,dry-run,generated,
4QYT,3.94,titration,/Dedicated/schnieders/maemmad/pKa_GNN/ffx_pipeline/data/sge_jobs/min_4QYT_titrate_pH3.94.job,dry-run,generated,
4QYT,4.4,titration,/Dedicated/schnieders/maemmad/pKa_GNN/ffx_pipeline/data/sge_jobs/min_4QYT_titrate_pH4.4.job,dry-run,generated,
4QYT,6.45,titration,/Dedicated/schnieders/maemmad/pKa_GNN/ffx_pipeline/data/sge_jobs/min_4QYT_titrate_pH6.45.job,dry-run,generated,
4QYT,8.55,titration,/Dedicated/schnieders/maemmad/pKa_GNN/ffx_pipeline/data/sge_jobs/min_4QYT_titrate_pH8.55.job,dry-run,generated,
4XLL,,rotamer,/Dedicated/schnieders/maemmad/pKa_GNN/ffx_pipeline/data/sge_jobs/rot_4XLL.job,dry-run,generated,
4XLL,3.94,titration,/Dedicated/schnieders/maemmad/pKa_GNN/ffx_pipeline/data/sge_jobs/min_4XLL_titrate_pH3.94.job,dry-run,generated,
4XLL,4.4,titration,/Dedicated/schnieders/maemmad/pKa_GNN/ffx_pipeline/data/sge_jobs/min_4XLL_titrate_pH4.4.job,dry-run,generated,
4XLL,6.45,titration,/Dedicated/schnieders/maemmad/pKa_GNN/ffx_pipeline/data/sge_jobs/min_4XLL_titrate_pH6.45.job,dry-run,generated,
4XLL,8.55,titration,/Dedicated/schnieders/maemmad/pKa_GNN/ffx_pipeline/data/sge_jobs/min_4XLL_titrate_pH8.55.job,dry-run,generated,
4YIJ,,rotamer,/Dedicated/schnieders/maemmad/pKa_GNN/ffx_pipeline/data/sge_jobs/rot_4YIJ.job,dry-run,generated,
4YIJ,3.94,titration,/Dedicated/schnieders/maemmad/pKa_GNN/ffx_pipeline/data/sge_jobs/min_4YIJ_titrate_pH3.94.job,dry-run,generated,
4YIJ,4.4,titration,/Dedicated/schnieders/maemmad/pKa_GNN/ffx_pipeline/data/sge_jobs/min_4YIJ_titrate_pH4.4.job,dry-run,generated,
4YIJ,6.45,titration,/Dedicated/schnieders/maemmad/pKa_GNN/ffx_pipeline/data/sge_jobs/min_4YIJ_titrate_pH6.45.job,dry-run,generated,
4YIJ,8.55,titration,/Dedicated/schnieders/maemmad/pKa_GNN/ffx_pipeline/data/sge_jobs/min_4YIJ_titrate_pH8.55.job,dry-run,generated,
5DEH,,rotamer,/Dedicated/schnieders/maemmad/pKa_GNN/ffx_pipeline/data/sge_jobs/rot_5DEH.job,dry-run,generated,
5DEH,3.94,titration,/Dedicated/schnieders/maemmad/pKa_GNN/ffx_pipeline/data/sge_jobs/min_5DEH_titrate_pH3.94.job,dry-run,generated,
5DEH,4.4,titration,/Dedicated/schnieders/maemmad/pKa_GNN/ffx_pipeline/data/sge_jobs/min_5DEH_titrate_pH4.4.job,dry-run,generated,
5DEH,6.45,titration,/Dedicated/schnieders/maemmad/pKa_GNN/ffx_pipeline/data/sge_jobs/min_5DEH_titrate_pH6.45.job,dry-run,generated,
5DEH,8.55,titration,/Dedicated/schnieders/maemmad/pKa_GNN/ffx_pipeline/data/sge_jobs/min_5DEH_titrate_pH8.55.job,dry-run,generated,
5E1F,,rotamer,/Dedicated/schnieders/maemmad/pKa_GNN/ffx_pipeline/data/sge_jobs/rot_5E1F.job,dry-run,generated,
5E1F,3.94,titration,/Dedicated/schnieders/maemmad/pKa_GNN/ffx_pipeline/data/sge_jobs/min_5E1F_titrate_pH3.94.job,dry-run,generated,
5E1F,4.4,titration,/Dedicated/schnieders/maemmad/pKa_GNN/ffx_pipeline/data/sge_jobs/min_5E1F_titrate_pH4.4.job,dry-run,generated,
5E1F,6.45,titration,/Dedicated/schnieders/maemmad/pKa_GNN/ffx_pipeline/data/sge_jobs/min_5E1F_titrate_pH6.45.job,dry-run,generated,
5E1F,8.55,titration,/Dedicated/schnieders/maemmad/pKa_GNN/ffx_pipeline/data/sge_jobs/min_5E1F_titrate_pH8.55.job,dry-run,generated,
5E3F,,rotamer,/Dedicated/schnieders/maemmad/pKa_GNN/ffx_pipeline/data/sge_jobs/rot_5E3F.job,dry-run,generated,
5E3F,3.94,titration,/Dedicated/schnieders/maemmad/pKa_GNN/ffx_pipeline/data/sge_jobs/min_5E3F_titrate_pH3.94.job,dry-run,generated,
5E3F,4.4,titration,/Dedicated/schnieders/maemmad/pKa_GNN/ffx_pipeline/data/sge_jobs/min_5E3F_titrate_pH4.4.job,dry-run,generated,
5E3F,6.45,titration,/Dedicated/schnieders/maemmad/pKa_GNN/ffx_pipeline/data/sge_jobs/min_5E3F_titrate_pH6.45.job,dry-run,generated,
5E3F,8.55,titration,/Dedicated/schnieders/maemmad/pKa_GNN/ffx_pipeline/data/sge_jobs/min_5E3F_titrate_pH8.55.job,dry-run,generated,
5EGT,,rotamer,/Dedicated/schnieders/maemmad/pKa_GNN/ffx_pipeline/data/sge_jobs/rot_5EGT.job,dry-run,generated,
5EGT,3.94,titration,/Dedicated/schnieders/maemmad/pKa_GNN/ffx_pipeline/data/sge_jobs/min_5EGT_titrate_pH3.94.job,dry-run,generated,
5EGT,4.4,titration,/Dedicated/schnieders/maemmad/pKa_GNN/ffx_pipeline/data/sge_jobs/min_5EGT_titrate_pH4.4.job,dry-run,generated,
5EGT,6.45,titration,/Dedicated/schnieders/maemmad/pKa_GNN/ffx_pipeline/data/sge_jobs/min_5EGT_titrate_pH6.45.job,dry-run,generated,
5EGT,8.55,titration,/Dedicated/schnieders/maemmad/pKa_GNN/ffx_pipeline/data/sge_jobs/min_5EGT_titrate_pH8.55.job,dry-run,generated,
5I6W,,rotamer,/Dedicated/schnieders/maemmad/pKa_GNN/ffx_pipeline/data/sge_jobs/rot_5I6W.job,dry-run,generated,
5I6W,3.94,titration,/Dedicated/schnieders/maemmad/pKa_GNN/ffx_pipeline/data/sge_jobs/min_5I6W_titrate_pH3.94.job,dry-run,generated,
5I6W,4.4,titration,/Dedicated/schnieders/maemmad/pKa_GNN/ffx_pipeline/data/sge_jobs/min_5I6W_titrate_pH4.4.job,dry-run,generated,
5I6W,6.45,titration,/Dedicated/schnieders/maemmad/pKa_GNN/ffx_pipeline/data/sge_jobs/min_5I6W_titrate_pH6.45.job,dry-run,generated,
5I6W,8.55,titration,/Dedicated/schnieders/maemmad/pKa_GNN/ffx_pipeline/data/sge_jobs/min_5I6W_titrate_pH8.55.job,dry-run,generated,
5I6Y,,rotamer,/Dedicated/schnieders/maemmad/pKa_GNN/ffx_pipeline/data/sge_jobs/rot_5I6Y.job,dry-run,generated,
5I6Y,3.94,titration,/Dedicated/schnieders/maemmad/pKa_GNN/ffx_pipeline/data/sge_jobs/min_5I6Y_titrate_pH3.94.job,dry-run,generated,
5I6Y,4.4,titration,/Dedicated/schnieders/maemmad/pKa_GNN/ffx_pipeline/data/sge_jobs/min_5I6Y_titrate_pH4.4.job,dry-run,generated,
5I6Y,6.45,titration,/Dedicated/schnieders/maemmad/pKa_GNN/ffx_pipeline/data/sge_jobs/min_5I6Y_titrate_pH6.45.job,dry-run,generated,
5I6Y,8.55,titration,/Dedicated/schnieders/maemmad/pKa_GNN/ffx_pipeline/data/sge_jobs/min_5I6Y_titrate_pH8.55.job,dry-run,generated,
5IIF,,rotamer,/Dedicated/schnieders/maemmad/pKa_GNN/ffx_pipeline/data/sge_jobs/rot_5IIF.job,dry-run,generated,
5IIF,3.94,titration,/Dedicated/schnieders/maemmad/pKa_GNN/ffx_pipeline/data/sge_jobs/min_5IIF_titrate_pH3.94.job,dry-run,generated,
5IIF,4.4,titration,/Dedicated/schnieders/maemmad/pKa_GNN/ffx_pipeline/data/sge_jobs/min_5IIF_titrate_pH4.4.job,dry-run,generated,
5IIF,6.45,titration,/Dedicated/schnieders/maemmad/pKa_GNN/ffx_pipeline/data/sge_jobs/min_5IIF_titrate_pH6.45.job,dry-run,generated,
5IIF,8.55,titration,/Dedicated/schnieders/maemmad/pKa_GNN/ffx_pipeline/data/sge_jobs/min_5IIF_titrate_pH8.55.job,dry-run,generated,
5ISR,,rotamer,/Dedicated/schnieders/maemmad/pKa_GNN/ffx_pipeline/data/sge_jobs/rot_5ISR.job,dry-run,generated,
5ISR,3.94,titration,/Dedicated/schnieders/maemmad/pKa_GNN/ffx_pipeline/data/sge_jobs/min_5ISR_titrate_pH3.94.job,dry-run,generated,
5ISR,4.4,titration,/Dedicated/schnieders/maemmad/pKa_GNN/ffx_pipeline/data/sge_jobs/min_5ISR_titrate_pH4.4.job,dry-run,generated,
5ISR,6.45,titration,/Dedicated/schnieders/maemmad/pKa_GNN/ffx_pipeline/data/sge_jobs/min_5ISR_titrate_pH6.45.job,dry-run,generated,
5ISR,8.55,titration,/Dedicated/schnieders/maemmad/pKa_GNN/ffx_pipeline/data/sge_jobs/min_5ISR_titrate_pH8.55.job,dry-run,generated,
5J1Z,,rotamer,/Dedicated/schnieders/maemmad/pKa_GNN/ffx_pipeline/data/sge_jobs/rot_5J1Z.job,dry-run,generated,
5J1Z,3.94,titration,/Dedicated/schnieders/maemmad/pKa_GNN/ffx_pipeline/data/sge_jobs/min_5J1Z_titrate_pH3.94.job,dry-run,generated,
5J1Z,4.4,titration,/Dedicated/schnieders/maemmad/pKa_GNN/ffx_pipeline/data/sge_jobs/min_5J1Z_titrate_pH4.4.job,dry-run,generated,
5J1Z,6.45,titration,/Dedicated/schnieders/maemmad/pKa_GNN/ffx_pipeline/data/sge_jobs/min_5J1Z_titrate_pH6.45.job,dry-run,generated,
5J1Z,8.55,titration,/Dedicated/schnieders/maemmad/pKa_GNN/ffx_pipeline/data/sge_jobs/min_5J1Z_titrate_pH8.55.job,dry-run,generated,
5JAV,,rotamer,/Dedicated/schnieders/maemmad/pKa_GNN/ffx_pipeline/data/sge_jobs/rot_5JAV.job,dry-run,generated,
5JAV,3.94,titration,/Dedicated/schnieders/maemmad/pKa_GNN/ffx_pipeline/data/sge_jobs/min_5JAV_titrate_pH3.94.job,dry-run,generated,
5JAV,4.4,titration,/Dedicated/schnieders/maemmad/pKa_GNN/ffx_pipeline/data/sge_jobs/min_5JAV_titrate_pH4.4.job,dry-run,generated,
5JAV,6.45,titration,/Dedicated/schnieders/maemmad/pKa_GNN/ffx_pipeline/data/sge_jobs/min_5JAV_titrate_pH6.45.job,dry-run,generated,
5JAV,8.55,titration,/Dedicated/schnieders/maemmad/pKa_GNN/ffx_pipeline/data/sge_jobs/min_5JAV_titrate_pH8.55.job,dry-run,generated,
5KGU,,rotamer,/Dedicated/schnieders/maemmad/pKa_GNN/ffx_pipeline/data/sge_jobs/rot_5KGU.job,dry-run,generated,
5KGU,3.94,titration,/Dedicated/schnieders/maemmad/pKa_GNN/ffx_pipeline/data/sge_jobs/min_5KGU_titrate_pH3.94.job,dry-run,generated,
5KGU,4.4,titration,/Dedicated/schnieders/maemmad/pKa_GNN/ffx_pipeline/data/sge_jobs/min_5KGU_titrate_pH4.4.job,dry-run,generated,
5KGU,6.45,titration,/Dedicated/schnieders/maemmad/pKa_GNN/ffx_pipeline/data/sge_jobs/min_5KGU_titrate_pH6.45.job,dry-run,generated,
5KGU,8.55,titration,/Dedicated/schnieders/maemmad/pKa_GNN/ffx_pipeline/data/sge_jobs/min_5KGU_titrate_pH8.55.job,dry-run,generated,
5KIX,,rotamer,/Dedicated/schnieders/maemmad/pKa_GNN/ffx_pipeline/data/sge_jobs/rot_5KIX.job,dry-run,generated,
5KIX,3.94,titration,/Dedicated/schnieders/maemmad/pKa_GNN/ffx_pipeline/data/sge_jobs/min_5KIX_titrate_pH3.94.job,dry-run,generated,
5KIX,4.4,titration,/Dedicated/schnieders/maemmad/pKa_GNN/ffx_pipeline/data/sge_jobs/min_5KIX_titrate_pH4.4.job,dry-run,generated,
5KIX,6.45,titration,/Dedicated/schnieders/maemmad/pKa_GNN/ffx_pipeline/data/sge_jobs/min_5KIX_titrate_pH6.45.job,dry-run,generated,
5KIX,8.55,titration,/Dedicated/schnieders/maemmad/pKa_GNN/ffx_pipeline/data/sge_jobs/min_5KIX_titrate_pH8.55.job,dry-run,generated,
6EEG,,rotamer,/Dedicated/schnieders/maemmad/pKa_GNN/ffx_pipeline/data/sge_jobs/rot_6EEG.job,dry-run,generated,
6EEG,3.94,titration,/Dedicated/schnieders/maemmad/pKa_GNN/ffx_pipeline/data/sge_jobs/min_6EEG_titrate_pH3.94.job,dry-run,generated,
6EEG,4.4,titration,/Dedicated/schnieders/maemmad/pKa_GNN/ffx_pipeline/data/sge_jobs/min_6EEG_titrate_pH4.4.job,dry-run,generated,
6EEG,6.45,titration,/Dedicated/schnieders/maemmad/pKa_GNN/ffx_pipeline/data/sge_jobs/min_6EEG_titrate_pH6.45.job,dry-run,generated,
6EEG,8.55,titration,/Dedicated/schnieders/maemmad/pKa_GNN/ffx_pipeline/data/sge_jobs/min_6EEG_titrate_pH8.55.job,dry-run,generated,
6GST,,rotamer,/Dedicated/schnieders/maemmad/pKa_GNN/ffx_pipeline/data/sge_jobs/rot_6GST.job,dry-run,generated,
6GST,3.94,titration,/Dedicated/schnieders/maemmad/pKa_GNN/ffx_pipeline/data/sge_jobs/min_6GST_titrate_pH3.94.job,dry-run,generated,
6GST,4.4,titration,/Dedicated/schnieders/maemmad/pKa_GNN/ffx_pipeline/data/sge_jobs/min_6GST_titrate_pH4.4.job,dry-run,generated,
6GST,6.45,titration,/Dedicated/schnieders/maemmad/pKa_GNN/ffx_pipeline/data/sge_jobs/min_6GST_titrate_pH6.45.job,dry-run,generated,
6GST,8.55,titration,/Dedicated/schnieders/maemmad/pKa_GNN/ffx_pipeline/data/sge_jobs/min_6GST_titrate_pH8.55.job,dry-run,generated,
7M2Z,,rotamer,/Dedicated/schnieders/maemmad/pKa_GNN/ffx_pipeline/data/sge_jobs/rot_7M2Z.job,dry-run,generated,
7M2Z,3.94,titration,/Dedicated/schnieders/maemmad/pKa_GNN/ffx_pipeline/data/sge_jobs/min_7M2Z_titrate_pH3.94.job,dry-run,generated,
7M2Z,4.4,titration,/Dedicated/schnieders/maemmad/pKa_GNN/ffx_pipeline/data/sge_jobs/min_7M2Z_titrate_pH4.4.job,dry-run,generated,
7M2Z,6.45,titration,/Dedicated/schnieders/maemmad/pKa_GNN/ffx_pipeline/data/sge_jobs/min_7M2Z_titrate_pH6.45.job,dry-run,generated,
7M2Z,8.55,titration,/Dedicated/schnieders/maemmad/pKa_GNN/ffx_pipeline/data/sge_jobs/min_7M2Z_titrate_pH8.55.job,dry-run,generated,
7RSA,,rotamer,/Dedicated/schnieders/maemmad/pKa_GNN/ffx_pipeline/data/sge_jobs/rot_7RSA.job,dry-run,generated,
7RSA,3.94,titration,/Dedicated/schnieders/maemmad/pKa_GNN/ffx_pipeline/data/sge_jobs/min_7RSA_titrate_pH3.94.job,dry-run,generated,
7RSA,4.4,titration,/Dedicated/schnieders/maemmad/pKa_GNN/ffx_pipeline/data/sge_jobs/min_7RSA_titrate_pH4.4.job,dry-run,generated,
7RSA,6.45,titration,/Dedicated/schnieders/maemmad/pKa_GNN/ffx_pipeline/data/sge_jobs/min_7RSA_titrate_pH6.45.job,dry-run,generated,
7RSA,8.55,titration,/Dedicated/schnieders/maemmad/pKa_GNN/ffx_pipeline/data/sge_jobs/min_7RSA_titrate_pH8.55.job,dry-run,generated,
8I41,,rotamer,/Dedicated/schnieders/maemmad/pKa_GNN/ffx_pipeline/data/sge_jobs/rot_8I41.job,dry-run,generated,
8I41,3.94,titration,/Dedicated/schnieders/maemmad/pKa_GNN/ffx_pipeline/data/sge_jobs/min_8I41_titrate_pH3.94.job,dry-run,generated,
8I41,4.4,titration,/Dedicated/schnieders/maemmad/pKa_GNN/ffx_pipeline/data/sge_jobs/min_8I41_titrate_pH4.4.job,dry-run,generated,
8I41,6.45,titration,/Dedicated/schnieders/maemmad/pKa_GNN/ffx_pipeline/data/sge_jobs/min_8I41_titrate_pH6.45.job,dry-run,generated,
8I41,8.55,titration,/Dedicated/schnieders/maemmad/pKa_GNN/ffx_pipeline/data/sge_jobs/min_8I41_titrate_pH8.55.job,dry-run,generated,
8UOZ,,rotamer,/Dedicated/schnieders/maemmad/pKa_GNN/ffx_pipeline/data/sge_jobs/rot_8UOZ.job,dry-run,generated,
8UOZ,3.94,titration,/Dedicated/schnieders/maemmad/pKa_GNN/ffx_pipeline/data/sge_jobs/min_8UOZ_titrate_pH3.94.job,dry-run,generated,
8UOZ,4.4,titration,/Dedicated/schnieders/maemmad/pKa_GNN/ffx_pipeline/data/sge_jobs/min_8UOZ_titrate_pH4.4.job,dry-run,generated,
8UOZ,6.45,titration,/Dedicated/schnieders/maemmad/pKa_GNN/ffx_pipeline/data/sge_jobs/min_8UOZ_titrate_pH6.45.job,dry-run,generated,
8UOZ,8.55,titration,/Dedicated/schnieders/maemmad/pKa_GNN/ffx_pipeline/data/sge_jobs/min_8UOZ_titrate_pH8.55.job,dry-run,generated,
9RNT,,rotamer,/Dedicated/schnieders/maemmad/pKa_GNN/ffx_pipeline/data/sge_jobs/rot_9RNT.job,dry-run,generated,
9RNT,3.94,titration,/Dedicated/schnieders/maemmad/pKa_GNN/ffx_pipeline/data/sge_jobs/min_9RNT_titrate_pH3.94.job,dry-run,generated,
9RNT,4.4,titration,/Dedicated/schnieders/maemmad/pKa_GNN/ffx_pipeline/data/sge_jobs/min_9RNT_titrate_pH4.4.job,dry-run,generated,
9RNT,6.45,titration,/Dedicated/schnieders/maemmad/pKa_GNN/ffx_pipeline/data/sge_jobs/min_9RNT_titrate_pH6.45.job,dry-run,generated,
9RNT,8.55,titration,/Dedicated/schnieders/maemmad/pKa_GNN/ffx_pipeline/data/sge_jobs/min_9RNT_titrate_pH8.55.job,dry-run,generated,
135L,,rotamer,/Dedicated/schnieders/maemmad/pKa_GNN/ffx_pipeline/data/sge_jobs/rot_135L.job,5831531,submitted,
1A2P,,rotamer,/Dedicated/schnieders/maemmad/pKa_GNN/ffx_pipeline/data/sge_jobs/rot_1A2P.job,5831533,submitted,
1A6K,,rotamer,/Dedicated/schnieders/maemmad/pKa_GNN/ffx_pipeline/data/sge_jobs/rot_1A6K.job,5831536,submitted,
1A91,,rotamer,/Dedicated/schnieders/maemmad/pKa_GNN/ffx_pipeline/data/sge_jobs/rot_1A91.job,5831537,submitted,
1A93,,rotamer,/Dedicated/schnieders/maemmad/pKa_GNN/ffx_pipeline/data/sge_jobs/rot_1A93.job,5831538,submitted,
1ANS,,rotamer,/Dedicated/schnieders/maemmad/pKa_GNN/ffx_pipeline/data/sge_jobs/rot_1ANS.job,5831539,submitted,
1AO6,,rotamer,/Dedicated/schnieders/maemmad/pKa_GNN/ffx_pipeline/data/sge_jobs/rot_1AO6.job,5831540,submitted,
1AZP,,rotamer,/Dedicated/schnieders/maemmad/pKa_GNN/ffx_pipeline/data/sge_jobs/rot_1AZP.job,5831541,submitted,
1B2V,,rotamer,/Dedicated/schnieders/maemmad/pKa_GNN/ffx_pipeline/data/sge_jobs/rot_1B2V.job,5831542,submitted,
1BED,,rotamer,/Dedicated/schnieders/maemmad/pKa_GNN/ffx_pipeline/data/sge_jobs/rot_1BED.job,5831543,submitted,
1BEO,,rotamer,/Dedicated/schnieders/maemmad/pKa_GNN/ffx_pipeline/data/sge_jobs/rot_1BEO.job,5831544,submitted,
1BI6,,rotamer,/Dedicated/schnieders/maemmad/pKa_GNN/ffx_pipeline/data/sge_jobs/rot_1BI6.job,5831545,submitted,
1BNZ,,rotamer,/Dedicated/schnieders/maemmad/pKa_GNN/ffx_pipeline/data/sge_jobs/rot_1BNZ.job,5831546,submitted,
1BPI,,rotamer,/Dedicated/schnieders/maemmad/pKa_GNN/ffx_pipeline/data/sge_jobs/rot_1BPI.job,5831547,submitted,
1CDC,,rotamer,/Dedicated/schnieders/maemmad/pKa_GNN/ffx_pipeline/data/sge_jobs/rot_1CDC.job,5831548,submitted,
1DE3,,rotamer,/Dedicated/schnieders/maemmad/pKa_GNN/ffx_pipeline/data/sge_jobs/rot_1DE3.job,5831549,submitted,
1DG9,,rotamer,/Dedicated/schnieders/maemmad/pKa_GNN/ffx_pipeline/data/sge_jobs/rot_1DG9.job,5831550,submitted,
135L,,rotamer,/Dedicated/schnieders/maemmad/pKa_GNN/ffx_pipeline/data/sge_jobs/rot_135L.job,5831747,submitted,
1A2P,,rotamer,/Dedicated/schnieders/maemmad/pKa_GNN/ffx_pipeline/data/sge_jobs/rot_1A2P.job,5831748,submitted,
1A6K,,rotamer,/Dedicated/schnieders/maemmad/pKa_GNN/ffx_pipeline/data/sge_jobs/rot_1A6K.job,5831749,submitted,
1A91,,rotamer,/Dedicated/schnieders/maemmad/pKa_GNN/ffx_pipeline/data/sge_jobs/rot_1A91.job,5831750,submitted,
1A93,,rotamer,/Dedicated/schnieders/maemmad/pKa_GNN/ffx_pipeline/data/sge_jobs/rot_1A93.job,5831751,submitted,
1ANS,,rotamer,/Dedicated/schnieders/maemmad/pKa_GNN/ffx_pipeline/data/sge_jobs/rot_1ANS.job,5831752,submitted,
1AO6,,rotamer,/Dedicated/schnieders/maemmad/pKa_GNN/ffx_pipeline/data/sge_jobs/rot_1AO6.job,5831753,submitted,
1AZP,,rotamer,/Dedicated/schnieders/maemmad/pKa_GNN/ffx_pipeline/data/sge_jobs/rot_1AZP.job,5831754,submitted,
1B2V,,rotamer,/Dedicated/schnieders/maemmad/pKa_GNN/ffx_pipeline/data/sge_jobs/rot_1B2V.job,5831755,submitted,
135L,,rotamer,/Dedicated/schnieders/maemmad/pKa_GNN/ffx_pipeline/data/sge_jobs/rot_135L.job,dry-run,generated,
135L,3.94,titration,/Dedicated/schnieders/maemmad/pKa_GNN/ffx_pipeline/data/sge_jobs/min_135L_titrate_pH3.94.job,dry-run,generated,
135L,4.4,titration,/Dedicated/schnieders/maemmad/pKa_GNN/ffx_pipeline/data/sge_jobs/min_135L_titrate_pH4.4.job,dry-run,generated,
135L,6.45,titration,/Dedicated/schnieders/maemmad/pKa_GNN/ffx_pipeline/data/sge_jobs/min_135L_titrate_pH6.45.job,dry-run,generated,
135L,8.55,titration,/Dedicated/schnieders/maemmad/pKa_GNN/ffx_pipeline/data/sge_jobs/min_135L_titrate_pH8.55.job,dry-run,generated,
1A2P,,rotamer,/Dedicated/schnieders/maemmad/pKa_GNN/ffx_pipeline/data/sge_jobs/rot_1A2P.job,dry-run,generated,
1A2P,3.94,titration,/Dedicated/schnieders/maemmad/pKa_GNN/ffx_pipeline/data/sge_jobs/min_1A2P_titrate_pH3.94.job,dry-run,generated,
1A2P,4.4,titration,/Dedicated/schnieders/maemmad/pKa_GNN/ffx_pipeline/data/sge_jobs/min_1A2P_titrate_pH4.4.job,dry-run,generated,
1A2P,6.45,titration,/Dedicated/schnieders/maemmad/pKa_GNN/ffx_pipeline/data/sge_jobs/min_1A2P_titrate_pH6.45.job,dry-run,generated,
1A2P,8.55,titration,/Dedicated/schnieders/maemmad/pKa_GNN/ffx_pipeline/data/sge_jobs/min_1A2P_titrate_pH8.55.job,dry-run,generated,
1A6K,,rotamer,/Dedicated/schnieders/maemmad/pKa_GNN/ffx_pipeline/data/sge_jobs/rot_1A6K.job,dry-run,generated,
1A6K,3.94,titration,/Dedicated/schnieders/maemmad/pKa_GNN/ffx_pipeline/data/sge_jobs/min_1A6K_titrate_pH3.94.job,dry-run,generated,
1A6K,4.4,titration,/Dedicated/schnieders/maemmad/pKa_GNN/ffx_pipeline/data/sge_jobs/min_1A6K_titrate_pH4.4.job,dry-run,generated,
1A6K,6.45,titration,/Dedicated/schnieders/maemmad/pKa_GNN/ffx_pipeline/data/sge_jobs/min_1A6K_titrate_pH6.45.job,dry-run,generated,
1A6K,8.55,titration,/Dedicated/schnieders/maemmad/pKa_GNN/ffx_pipeline/data/sge_jobs/min_1A6K_titrate_pH8.55.job,dry-run,generated,
1A91,,rotamer,/Dedicated/schnieders/maemmad/pKa_GNN/ffx_pipeline/data/sge_jobs/rot_1A91.job,dry-run,generated,
1A91,3.94,titration,/Dedicated/schnieders/maemmad/pKa_GNN/ffx_pipeline/data/sge_jobs/min_1A91_titrate_pH3.94.job,dry-run,generated,
1A91,4.4,titration,/Dedicated/schnieders/maemmad/pKa_GNN/ffx_pipeline/data/sge_jobs/min_1A91_titrate_pH4.4.job,dry-run,generated,
1A91,6.45,titration,/Dedicated/schnieders/maemmad/pKa_GNN/ffx_pipeline/data/sge_jobs/min_1A91_titrate_pH6.45.job,dry-run,generated,
1A91,8.55,titration,/Dedicated/schnieders/maemmad/pKa_GNN/ffx_pipeline/data/sge_jobs/min_1A91_titrate_pH8.55.job,dry-run,generated,
1A93,,rotamer,/Dedicated/schnieders/maemmad/pKa_GNN/ffx_pipeline/data/sge_jobs/rot_1A93.job,dry-run,generated,
1A93,3.94,titration,/Dedicated/schnieders/maemmad/pKa_GNN/ffx_pipeline/data/sge_jobs/min_1A93_titrate_pH3.94.job,dry-run,generated,
1A93,4.4,titration,/Dedicated/schnieders/maemmad/pKa_GNN/ffx_pipeline/data/sge_jobs/min_1A93_titrate_pH4.4.job,dry-run,generated,
1A93,6.45,titration,/Dedicated/schnieders/maemmad/pKa_GNN/ffx_pipeline/data/sge_jobs/min_1A93_titrate_pH6.45.job,dry-run,generated,
1A93,8.55,titration,/Dedicated/schnieders/maemmad/pKa_GNN/ffx_pipeline/data/sge_jobs/min_1A93_titrate_pH8.55.job,dry-run,generated,
1ANS,,rotamer,/Dedicated/schnieders/maemmad/pKa_GNN/ffx_pipeline/data/sge_jobs/rot_1ANS.job,dry-run,generated,
1ANS,3.94,titration,/Dedicated/schnieders/maemmad/pKa_GNN/ffx_pipeline/data/sge_jobs/min_1ANS_titrate_pH3.94.job,dry-run,generated,
1ANS,4.4,titration,/Dedicated/schnieders/maemmad/pKa_GNN/ffx_pipeline/data/sge_jobs/min_1ANS_titrate_pH4.4.job,dry-run,generated,
1ANS,6.45,titration,/Dedicated/schnieders/maemmad/pKa_GNN/ffx_pipeline/data/sge_jobs/min_1ANS_titrate_pH6.45.job,dry-run,generated,
1ANS,8.55,titration,/Dedicated/schnieders/maemmad/pKa_GNN/ffx_pipeline/data/sge_jobs/min_1ANS_titrate_pH8.55.job,dry-run,generated,
1AO6,,rotamer,/Dedicated/schnieders/maemmad/pKa_GNN/ffx_pipeline/data/sge_jobs/rot_1AO6.job,dry-run,generated,
1AO6,3.94,titration,/Dedicated/schnieders/maemmad/pKa_GNN/ffx_pipeline/data/sge_jobs/min_1AO6_titrate_pH3.94.job,dry-run,generated,
1AO6,4.4,titration,/Dedicated/schnieders/maemmad/pKa_GNN/ffx_pipeline/data/sge_jobs/min_1AO6_titrate_pH4.4.job,dry-run,generated,
1AO6,6.45,titration,/Dedicated/schnieders/maemmad/pKa_GNN/ffx_pipeline/data/sge_jobs/min_1AO6_titrate_pH6.45.job,dry-run,generated,
1AO6,8.55,titration,/Dedicated/schnieders/maemmad/pKa_GNN/ffx_pipeline/data/sge_jobs/min_1AO6_titrate_pH8.55.job,dry-run,generated,
1AZP,,rotamer,/Dedicated/schnieders/maemmad/pKa_GNN/ffx_pipeline/data/sge_jobs/rot_1AZP.job,dry-run,generated,
1AZP,3.94,titration,/Dedicated/schnieders/maemmad/pKa_GNN/ffx_pipeline/data/sge_jobs/min_1AZP_titrate_pH3.94.job,dry-run,generated,
1AZP,4.4,titration,/Dedicated/schnieders/maemmad/pKa_GNN/ffx_pipeline/data/sge_jobs/min_1AZP_titrate_pH4.4.job,dry-run,generated,
1AZP,6.45,titration,/Dedicated/schnieders/maemmad/pKa_GNN/ffx_pipeline/data/sge_jobs/min_1AZP_titrate_pH6.45.job,dry-run,generated,
1AZP,8.55,titration,/Dedicated/schnieders/maemmad/pKa_GNN/ffx_pipeline/data/sge_jobs/min_1AZP_titrate_pH8.55.job,dry-run,generated,
1B2V,,rotamer,/Dedicated/schnieders/maemmad/pKa_GNN/ffx_pipeline/data/sge_jobs/rot_1B2V.job,dry-run,generated,
1B2V,3.94,titration,/Dedicated/schnieders/maemmad/pKa_GNN/ffx_pipeline/data/sge_jobs/min_1B2V_titrate_pH3.94.job,dry-run,generated,
1B2V,4.4,titration,/Dedicated/schnieders/maemmad/pKa_GNN/ffx_pipeline/data/sge_jobs/min_1B2V_titrate_pH4.4.job,dry-run,generated,
1B2V,6.45,titration,/Dedicated/schnieders/maemmad/pKa_GNN/ffx_pipeline/data/sge_jobs/min_1B2V_titrate_pH6.45.job,dry-run,generated,
1B2V,8.55,titration,/Dedicated/schnieders/maemmad/pKa_GNN/ffx_pipeline/data/sge_jobs/min_1B2V_titrate_pH8.55.job,dry-run,generated,
1BED,,rotamer,/Dedicated/schnieders/maemmad/pKa_GNN/ffx_pipeline/data/sge_jobs/rot_1BED.job,dry-run,generated,
1BED,3.94,titration,/Dedicated/schnieders/maemmad/pKa_GNN/ffx_pipeline/data/sge_jobs/min_1BED_titrate_pH3.94.job,dry-run,generated,
1BED,4.4,titration,/Dedicated/schnieders/maemmad/pKa_GNN/ffx_pipeline/data/sge_jobs/min_1BED_titrate_pH4.4.job,dry-run,generated,
1BED,6.45,titration,/Dedicated/schnieders/maemmad/pKa_GNN/ffx_pipeline/data/sge_jobs/min_1BED_titrate_pH6.45.job,dry-run,generated,
1BED,8.55,titration,/Dedicated/schnieders/maemmad/pKa_GNN/ffx_pipeline/data/sge_jobs/min_1BED_titrate_pH8.55.job,dry-run,generated,
1BEO,,rotamer,/Dedicated/schnieders/maemmad/pKa_GNN/ffx_pipeline/data/sge_jobs/rot_1BEO.job,dry-run,generated,
1BEO,3.94,titration,/Dedicated/schnieders/maemmad/pKa_GNN/ffx_pipeline/data/sge_jobs/min_1BEO_titrate_pH3.94.job,dry-run,generated,
1BEO,4.4,titration,/Dedicated/schnieders/maemmad/pKa_GNN/ffx_pipeline/data/sge_jobs/min_1BEO_titrate_pH4.4.job,dry-run,generated,
1BEO,6.45,titration,/Dedicated/schnieders/maemmad/pKa_GNN/ffx_pipeline/data/sge_jobs/min_1BEO_titrate_pH6.45.job,dry-run,generated,
1BEO,8.55,titration,/Dedicated/schnieders/maemmad/pKa_GNN/ffx_pipeline/data/sge_jobs/min_1BEO_titrate_pH8.55.job,dry-run,generated,
1BI6,,rotamer,/Dedicated/schnieders/maemmad/pKa_GNN/ffx_pipeline/data/sge_jobs/rot_1BI6.job,dry-run,generated,
1BI6,3.94,titration,/Dedicated/schnieders/maemmad/pKa_GNN/ffx_pipeline/data/sge_jobs/min_1BI6_titrate_pH3.94.job,dry-run,generated,
1BI6,4.4,titration,/Dedicated/schnieders/maemmad/pKa_GNN/ffx_pipeline/data/sge_jobs/min_1BI6_titrate_pH4.4.job,dry-run,generated,
1BI6,6.45,titration,/Dedicated/schnieders/maemmad/pKa_GNN/ffx_pipeline/data/sge_jobs/min_1BI6_titrate_pH6.45.job,dry-run,generated,
1BI6,8.55,titration,/Dedicated/schnieders/maemmad/pKa_GNN/ffx_pipeline/data/sge_jobs/min_1BI6_titrate_pH8.55.job,dry-run,generated,
1BNZ,,rotamer,/Dedicated/schnieders/maemmad/pKa_GNN/ffx_pipeline/data/sge_jobs/rot_1BNZ.job,dry-run,generated,
1BNZ,3.94,titration,/Dedicated/schnieders/maemmad/pKa_GNN/ffx_pipeline/data/sge_jobs/min_1BNZ_titrate_pH3.94.job,dry-run,generated,
1BNZ,4.4,titration,/Dedicated/schnieders/maemmad/pKa_GNN/ffx_pipeline/data/sge_jobs/min_1BNZ_titrate_pH4.4.job,dry-run,generated,
1BNZ,6.45,titration,/Dedicated/schnieders/maemmad/pKa_GNN/ffx_pipeline/data/sge_jobs/min_1BNZ_titrate_pH6.45.job,dry-run,generated,
1BNZ,8.55,titration,/Dedicated/schnieders/maemmad/pKa_GNN/ffx_pipeline/data/sge_jobs/min_1BNZ_titrate_pH8.55.job,dry-run,generated,
1BPI,,rotamer,/Dedicated/schnieders/maemmad/pKa_GNN/ffx_pipeline/data/sge_jobs/rot_1BPI.job,dry-run,generated,
1BPI,3.94,titration,/Dedicated/schnieders/maemmad/pKa_GNN/ffx_pipeline/data/sge_jobs/min_1BPI_titrate_pH3.94.job,dry-run,generated,
1BPI,4.4,titration,/Dedicated/schnieders/maemmad/pKa_GNN/ffx_pipeline/data/sge_jobs/min_1BPI_titrate_pH4.4.job,dry-run,generated,
1BPI,6.45,titration,/Dedicated/schnieders/maemmad/pKa_GNN/ffx_pipeline/data/sge_jobs/min_1BPI_titrate_pH6.45.job,dry-run,generated,
1BPI,8.55,titration,/Dedicated/schnieders/maemmad/pKa_GNN/ffx_pipeline/data/sge_jobs/min_1BPI_titrate_pH8.55.job,dry-run,generated,
1CDC,,rotamer,/Dedicated/schnieders/maemmad/pKa_GNN/ffx_pipeline/data/sge_jobs/rot_1CDC.job,dry-run,generated,
1CDC,3.94,titration,/Dedicated/schnieders/maemmad/pKa_GNN/ffx_pipeline/data/sge_jobs/min_1CDC_titrate_pH3.94.job,dry-run,generated,
1CDC,4.4,titration,/Dedicated/schnieders/maemmad/pKa_GNN/ffx_pipeline/data/sge_jobs/min_1CDC_titrate_pH4.4.job,dry-run,generated,
1CDC,6.45,titration,/Dedicated/schnieders/maemmad/pKa_GNN/ffx_pipeline/data/sge_jobs/min_1CDC_titrate_pH6.45.job,dry-run,generated,
1CDC,8.55,titration,/Dedicated/schnieders/maemmad/pKa_GNN/ffx_pipeline/data/sge_jobs/min_1CDC_titrate_pH8.55.job,dry-run,generated,
1DE3,,rotamer,/Dedicated/schnieders/maemmad/pKa_GNN/ffx_pipeline/data/sge_jobs/rot_1DE3.job,dry-run,generated,
1DE3,3.94,titration,/Dedicated/schnieders/maemmad/pKa_GNN/ffx_pipeline/data/sge_jobs/min_1DE3_titrate_pH3.94.job,dry-run,generated,
1DE3,4.4,titration,/Dedicated/schnieders/maemmad/pKa_GNN/ffx_pipeline/data/sge_jobs/min_1DE3_titrate_pH4.4.job,dry-run,generated,
1DE3,6.45,titration,/Dedicated/schnieders/maemmad/pKa_GNN/ffx_pipeline/data/sge_jobs/min_1DE3_titrate_pH6.45.job,dry-run,generated,
1DE3,8.55,titration,/Dedicated/schnieders/maemmad/pKa_GNN/ffx_pipeline/data/sge_jobs/min_1DE3_titrate_pH8.55.job,dry-run,generated,
1DG9,,rotamer,/Dedicated/schnieders/maemmad/pKa_GNN/ffx_pipeline/data/sge_jobs/rot_1DG9.job,dry-run,generated,
1DG9,3.94,titration,/Dedicated/schnieders/maemmad/pKa_GNN/ffx_pipeline/data/sge_jobs/min_1DG9_titrate_pH3.94.job,dry-run,generated,
1DG9,4.4,titration,/Dedicated/schnieders/maemmad/pKa_GNN/ffx_pipeline/data/sge_jobs/min_1DG9_titrate_pH4.4.job,dry-run,generated,
1DG9,6.45,titration,/Dedicated/schnieders/maemmad/pKa_GNN/ffx_pipeline/data/sge_jobs/min_1DG9_titrate_pH6.45.job,dry-run,generated,
1DG9,8.55,titration,/Dedicated/schnieders/maemmad/pKa_GNN/ffx_pipeline/data/sge_jobs/min_1DG9_titrate_pH8.55.job,dry-run,generated,
1DIV,,rotamer,/Dedicated/schnieders/maemmad/pKa_GNN/ffx_pipeline/data/sge_jobs/rot_1DIV.job,dry-run,generated,
1DIV,3.94,titration,/Dedicated/schnieders/maemmad/pKa_GNN/ffx_pipeline/data/sge_jobs/min_1DIV_titrate_pH3.94.job,dry-run,generated,
1DIV,4.4,titration,/Dedicated/schnieders/maemmad/pKa_GNN/ffx_pipeline/data/sge_jobs/min_1DIV_titrate_pH4.4.job,dry-run,generated,
1DIV,6.45,titration,/Dedicated/schnieders/maemmad/pKa_GNN/ffx_pipeline/data/sge_jobs/min_1DIV_titrate_pH6.45.job,dry-run,generated,
1DIV,8.55,titration,/Dedicated/schnieders/maemmad/pKa_GNN/ffx_pipeline/data/sge_jobs/min_1DIV_titrate_pH8.55.job,dry-run,generated,
1DSB,,rotamer,/Dedicated/schnieders/maemmad/pKa_GNN/ffx_pipeline/data/sge_jobs/rot_1DSB.job,dry-run,generated,
1DSB,3.94,titration,/Dedicated/schnieders/maemmad/pKa_GNN/ffx_pipeline/data/sge_jobs/min_1DSB_titrate_pH3.94.job,dry-run,generated,
1DSB,4.4,titration,/Dedicated/schnieders/maemmad/pKa_GNN/ffx_pipeline/data/sge_jobs/min_1DSB_titrate_pH4.4.job,dry-run,generated,
1DSB,6.45,titration,/Dedicated/schnieders/maemmad/pKa_GNN/ffx_pipeline/data/sge_jobs/min_1DSB_titrate_pH6.45.job,dry-run,generated,
1DSB,8.55,titration,/Dedicated/schnieders/maemmad/pKa_GNN/ffx_pipeline/data/sge_jobs/min_1DSB_titrate_pH8.55.job,dry-run,generated,
1EEJ,,rotamer,/Dedicated/schnieders/maemmad/pKa_GNN/ffx_pipeline/data/sge_jobs/rot_1EEJ.job,dry-run,generated,
1EEJ,3.94,titration,/Dedicated/schnieders/maemmad/pKa_GNN/ffx_pipeline/data/sge_jobs/min_1EEJ_titrate_pH3.94.job,dry-run,generated,
1EEJ,4.4,titration,/Dedicated/schnieders/maemmad/pKa_GNN/ffx_pipeline/data/sge_jobs/min_1EEJ_titrate_pH4.4.job,dry-run,generated,
1EEJ,6.45,titration,/Dedicated/schnieders/maemmad/pKa_GNN/ffx_pipeline/data/sge_jobs/min_1EEJ_titrate_pH6.45.job,dry-run,generated,
1EEJ,8.55,titration,/Dedicated/schnieders/maemmad/pKa_GNN/ffx_pipeline/data/sge_jobs/min_1EEJ_titrate_pH8.55.job,dry-run,generated,
1EGF,,rotamer,/Dedicated/schnieders/maemmad/pKa_GNN/ffx_pipeline/data/sge_jobs/rot_1EGF.job,dry-run,generated,
1EGF,3.94,titration,/Dedicated/schnieders/maemmad/pKa_GNN/ffx_pipeline/data/sge_jobs/min_1EGF_titrate_pH3.94.job,dry-run,generated,
1EGF,4.4,titration,/Dedicated/schnieders/maemmad/pKa_GNN/ffx_pipeline/data/sge_jobs/min_1EGF_titrate_pH4.4.job,dry-run,generated,
1EGF,6.45,titration,/Dedicated/schnieders/maemmad/pKa_GNN/ffx_pipeline/data/sge_jobs/min_1EGF_titrate_pH6.45.job,dry-run,generated,
1EGF,8.55,titration,/Dedicated/schnieders/maemmad/pKa_GNN/ffx_pipeline/data/sge_jobs/min_1EGF_titrate_pH8.55.job,dry-run,generated,
1EH6,,rotamer,/Dedicated/schnieders/maemmad/pKa_GNN/ffx_pipeline/data/sge_jobs/rot_1EH6.job,dry-run,generated,
1EH6,3.94,titration,/Dedicated/schnieders/maemmad/pKa_GNN/ffx_pipeline/data/sge_jobs/min_1EH6_titrate_pH3.94.job,dry-run,generated,
1EH6,4.4,titration,/Dedicated/schnieders/maemmad/pKa_GNN/ffx_pipeline/data/sge_jobs/min_1EH6_titrate_pH4.4.job,dry-run,generated,
1EH6,6.45,titration,/Dedicated/schnieders/maemmad/pKa_GNN/ffx_pipeline/data/sge_jobs/min_1EH6_titrate_pH6.45.job,dry-run,generated,
1EH6,8.55,titration,/Dedicated/schnieders/maemmad/pKa_GNN/ffx_pipeline/data/sge_jobs/min_1EH6_titrate_pH8.55.job,dry-run,generated,
1ERT,,rotamer,/Dedicated/schnieders/maemmad/pKa_GNN/ffx_pipeline/data/sge_jobs/rot_1ERT.job,dry-run,generated,
1ERT,3.94,titration,/Dedicated/schnieders/maemmad/pKa_GNN/ffx_pipeline/data/sge_jobs/min_1ERT_titrate_pH3.94.job,dry-run,generated,
1ERT,4.4,titration,/Dedicated/schnieders/maemmad/pKa_GNN/ffx_pipeline/data/sge_jobs/min_1ERT_titrate_pH4.4.job,dry-run,generated,
1ERT,6.45,titration,/Dedicated/schnieders/maemmad/pKa_GNN/ffx_pipeline/data/sge_jobs/min_1ERT_titrate_pH6.45.job,dry-run,generated,
1ERT,8.55,titration,/Dedicated/schnieders/maemmad/pKa_GNN/ffx_pipeline/data/sge_jobs/min_1ERT_titrate_pH8.55.job,dry-run,generated,
1EX3,,rotamer,/Dedicated/schnieders/maemmad/pKa_GNN/ffx_pipeline/data/sge_jobs/rot_1EX3.job,dry-run,generated,
1EX3,3.94,titration,/Dedicated/schnieders/maemmad/pKa_GNN/ffx_pipeline/data/sge_jobs/min_1EX3_titrate_pH3.94.job,dry-run,generated,
1EX3,4.4,titration,/Dedicated/schnieders/maemmad/pKa_GNN/ffx_pipeline/data/sge_jobs/min_1EX3_titrate_pH4.4.job,dry-run,generated,
1EX3,6.45,titration,/Dedicated/schnieders/maemmad/pKa_GNN/ffx_pipeline/data/sge_jobs/min_1EX3_titrate_pH6.45.job,dry-run,generated,
1EX3,8.55,titration,/Dedicated/schnieders/maemmad/pKa_GNN/ffx_pipeline/data/sge_jobs/min_1EX3_titrate_pH8.55.job,dry-run,generated,
1FEZ,,rotamer,/Dedicated/schnieders/maemmad/pKa_GNN/ffx_pipeline/data/sge_jobs/rot_1FEZ.job,dry-run,generated,
1FEZ,3.94,titration,/Dedicated/schnieders/maemmad/pKa_GNN/ffx_pipeline/data/sge_jobs/min_1FEZ_titrate_pH3.94.job,dry-run,generated,
1FEZ,4.4,titration,/Dedicated/schnieders/maemmad/pKa_GNN/ffx_pipeline/data/sge_jobs/min_1FEZ_titrate_pH4.4.job,dry-run,generated,
1FEZ,6.45,titration,/Dedicated/schnieders/maemmad/pKa_GNN/ffx_pipeline/data/sge_jobs/min_1FEZ_titrate_pH6.45.job,dry-run,generated,
1FEZ,8.55,titration,/Dedicated/schnieders/maemmad/pKa_GNN/ffx_pipeline/data/sge_jobs/min_1FEZ_titrate_pH8.55.job,dry-run,generated,
1FKS,,rotamer,/Dedicated/schnieders/maemmad/pKa_GNN/ffx_pipeline/data/sge_jobs/rot_1FKS.job,dry-run,generated,
1FKS,3.94,titration,/Dedicated/schnieders/maemmad/pKa_GNN/ffx_pipeline/data/sge_jobs/min_1FKS_titrate_pH3.94.job,dry-run,generated,
1FKS,4.4,titration,/Dedicated/schnieders/maemmad/pKa_GNN/ffx_pipeline/data/sge_jobs/min_1FKS_titrate_pH4.4.job,dry-run,generated,
1FKS,6.45,titration,/Dedicated/schnieders/maemmad/pKa_GNN/ffx_pipeline/data/sge_jobs/min_1FKS_titrate_pH6.45.job,dry-run,generated,
1FKS,8.55,titration,/Dedicated/schnieders/maemmad/pKa_GNN/ffx_pipeline/data/sge_jobs/min_1FKS_titrate_pH8.55.job,dry-run,generated,
1FMH,,rotamer,/Dedicated/schnieders/maemmad/pKa_GNN/ffx_pipeline/data/sge_jobs/rot_1FMH.job,dry-run,generated,
1FMH,3.94,titration,/Dedicated/schnieders/maemmad/pKa_GNN/ffx_pipeline/data/sge_jobs/min_1FMH_titrate_pH3.94.job,dry-run,generated,
1FMH,4.4,titration,/Dedicated/schnieders/maemmad/pKa_GNN/ffx_pipeline/data/sge_jobs/min_1FMH_titrate_pH4.4.job,dry-run,generated,
1FMH,6.45,titration,/Dedicated/schnieders/maemmad/pKa_GNN/ffx_pipeline/data/sge_jobs/min_1FMH_titrate_pH6.45.job,dry-run,generated,
1FMH,8.55,titration,/Dedicated/schnieders/maemmad/pKa_GNN/ffx_pipeline/data/sge_jobs/min_1FMH_titrate_pH8.55.job,dry-run,generated,
1FNA,,rotamer,/Dedicated/schnieders/maemmad/pKa_GNN/ffx_pipeline/data/sge_jobs/rot_1FNA.job,dry-run,generated,
1FNA,3.94,titration,/Dedicated/schnieders/maemmad/pKa_GNN/ffx_pipeline/data/sge_jobs/min_1FNA_titrate_pH3.94.job,dry-run,generated,
1FNA,4.4,titration,/Dedicated/schnieders/maemmad/pKa_GNN/ffx_pipeline/data/sge_jobs/min_1FNA_titrate_pH4.4.job,dry-run,generated,
1FNA,6.45,titration,/Dedicated/schnieders/maemmad/pKa_GNN/ffx_pipeline/data/sge_jobs/min_1FNA_titrate_pH6.45.job,dry-run,generated,
1FNA,8.55,titration,/Dedicated/schnieders/maemmad/pKa_GNN/ffx_pipeline/data/sge_jobs/min_1FNA_titrate_pH8.55.job,dry-run,generated,
1FOV,,rotamer,/Dedicated/schnieders/maemmad/pKa_GNN/ffx_pipeline/data/sge_jobs/rot_1FOV.job,dry-run,generated,
1FOV,3.94,titration,/Dedicated/schnieders/maemmad/pKa_GNN/ffx_pipeline/data/sge_jobs/min_1FOV_titrate_pH3.94.job,dry-run,generated,
1FOV,4.4,titration,/Dedicated/schnieders/maemmad/pKa_GNN/ffx_pipeline/data/sge_jobs/min_1FOV_titrate_pH4.4.job,dry-run,generated,
1FOV,6.45,titration,/Dedicated/schnieders/maemmad/pKa_GNN/ffx_pipeline/data/sge_jobs/min_1FOV_titrate_pH6.45.job,dry-run,generated,
1FOV,8.55,titration,/Dedicated/schnieders/maemmad/pKa_GNN/ffx_pipeline/data/sge_jobs/min_1FOV_titrate_pH8.55.job,dry-run,generated,
1GS9,,rotamer,/Dedicated/schnieders/maemmad/pKa_GNN/ffx_pipeline/data/sge_jobs/rot_1GS9.job,dry-run,generated,
1GS9,3.94,titration,/Dedicated/schnieders/maemmad/pKa_GNN/ffx_pipeline/data/sge_jobs/min_1GS9_titrate_pH3.94.job,dry-run,generated,
1GS9,4.4,titration,/Dedicated/schnieders/maemmad/pKa_GNN/ffx_pipeline/data/sge_jobs/min_1GS9_titrate_pH4.4.job,dry-run,generated,
1GS9,6.45,titration,/Dedicated/schnieders/maemmad/pKa_GNN/ffx_pipeline/data/sge_jobs/min_1GS9_titrate_pH6.45.job,dry-run,generated,
1GS9,8.55,titration,/Dedicated/schnieders/maemmad/pKa_GNN/ffx_pipeline/data/sge_jobs/min_1GS9_titrate_pH8.55.job,dry-run,generated,
1GYM,,rotamer,/Dedicated/schnieders/maemmad/pKa_GNN/ffx_pipeline/data/sge_jobs/rot_1GYM.job,dry-run,generated,
1GYM,3.94,titration,/Dedicated/schnieders/maemmad/pKa_GNN/ffx_pipeline/data/sge_jobs/min_1GYM_titrate_pH3.94.job,dry-run,generated,
1GYM,4.4,titration,/Dedicated/schnieders/maemmad/pKa_GNN/ffx_pipeline/data/sge_jobs/min_1GYM_titrate_pH4.4.job,dry-run,generated,
1GYM,6.45,titration,/Dedicated/schnieders/maemmad/pKa_GNN/ffx_pipeline/data/sge_jobs/min_1GYM_titrate_pH6.45.job,dry-run,generated,
1GYM,8.55,titration,/Dedicated/schnieders/maemmad/pKa_GNN/ffx_pipeline/data/sge_jobs/min_1GYM_titrate_pH8.55.job,dry-run,generated,
1HIC,,rotamer,/Dedicated/schnieders/maemmad/pKa_GNN/ffx_pipeline/data/sge_jobs/rot_1HIC.job,dry-run,generated,
1HIC,3.94,titration,/Dedicated/schnieders/maemmad/pKa_GNN/ffx_pipeline/data/sge_jobs/min_1HIC_titrate_pH3.94.job,dry-run,generated,
1HIC,4.4,titration,/Dedicated/schnieders/maemmad/pKa_GNN/ffx_pipeline/data/sge_jobs/min_1HIC_titrate_pH4.4.job,dry-run,generated,
1HIC,6.45,titration,/Dedicated/schnieders/maemmad/pKa_GNN/ffx_pipeline/data/sge_jobs/min_1HIC_titrate_pH6.45.job,dry-run,generated,
1HIC,8.55,titration,/Dedicated/schnieders/maemmad/pKa_GNN/ffx_pipeline/data/sge_jobs/min_1HIC_titrate_pH8.55.job,dry-run,generated,
1HRC,,rotamer,/Dedicated/schnieders/maemmad/pKa_GNN/ffx_pipeline/data/sge_jobs/rot_1HRC.job,dry-run,generated,
1HRC,3.94,titration,/Dedicated/schnieders/maemmad/pKa_GNN/ffx_pipeline/data/sge_jobs/min_1HRC_titrate_pH3.94.job,dry-run,generated,
1HRC,4.4,titration,/Dedicated/schnieders/maemmad/pKa_GNN/ffx_pipeline/data/sge_jobs/min_1HRC_titrate_pH4.4.job,dry-run,generated,
1HRC,6.45,titration,/Dedicated/schnieders/maemmad/pKa_GNN/ffx_pipeline/data/sge_jobs/min_1HRC_titrate_pH6.45.job,dry-run,generated,
1HRC,8.55,titration,/Dedicated/schnieders/maemmad/pKa_GNN/ffx_pipeline/data/sge_jobs/min_1HRC_titrate_pH8.55.job,dry-run,generated,
1I0E,,rotamer,/Dedicated/schnieders/maemmad/pKa_GNN/ffx_pipeline/data/sge_jobs/rot_1I0E.job,dry-run,generated,
1I0E,3.94,titration,/Dedicated/schnieders/maemmad/pKa_GNN/ffx_pipeline/data/sge_jobs/min_1I0E_titrate_pH3.94.job,dry-run,generated,
1I0E,4.4,titration,/Dedicated/schnieders/maemmad/pKa_GNN/ffx_pipeline/data/sge_jobs/min_1I0E_titrate_pH4.4.job,dry-run,generated,
1I0E,6.45,titration,/Dedicated/schnieders/maemmad/pKa_GNN/ffx_pipeline/data/sge_jobs/min_1I0E_titrate_pH6.45.job,dry-run,generated,
1I0E,8.55,titration,/Dedicated/schnieders/maemmad/pKa_GNN/ffx_pipeline/data/sge_jobs/min_1I0E_titrate_pH8.55.job,dry-run,generated,
1I7K,,rotamer,/Dedicated/schnieders/maemmad/pKa_GNN/ffx_pipeline/data/sge_jobs/rot_1I7K.job,dry-run,generated,
1I7K,3.94,titration,/Dedicated/schnieders/maemmad/pKa_GNN/ffx_pipeline/data/sge_jobs/min_1I7K_titrate_pH3.94.job,dry-run,generated,
1I7K,4.4,titration,/Dedicated/schnieders/maemmad/pKa_GNN/ffx_pipeline/data/sge_jobs/min_1I7K_titrate_pH4.4.job,dry-run,generated,
1I7K,6.45,titration,/Dedicated/schnieders/maemmad/pKa_GNN/ffx_pipeline/data/sge_jobs/min_1I7K_titrate_pH6.45.job,dry-run,generated,
1I7K,8.55,titration,/Dedicated/schnieders/maemmad/pKa_GNN/ffx_pipeline/data/sge_jobs/min_1I7K_titrate_pH8.55.job,dry-run,generated,
1IGD,,rotamer,/Dedicated/schnieders/maemmad/pKa_GNN/ffx_pipeline/data/sge_jobs/rot_1IGD.job,dry-run,generated,
1IGD,3.94,titration,/Dedicated/schnieders/maemmad/pKa_GNN/ffx_pipeline/data/sge_jobs/min_1IGD_titrate_pH3.94.job,dry-run,generated,
1IGD,4.4,titration,/Dedicated/schnieders/maemmad/pKa_GNN/ffx_pipeline/data/sge_jobs/min_1IGD_titrate_pH4.4.job,dry-run,generated,
1IGD,6.45,titration,/Dedicated/schnieders/maemmad/pKa_GNN/ffx_pipeline/data/sge_jobs/min_1IGD_titrate_pH6.45.job,dry-run,generated,
1IGD,8.55,titration,/Dedicated/schnieders/maemmad/pKa_GNN/ffx_pipeline/data/sge_jobs/min_1IGD_titrate_pH8.55.job,dry-run,generated,
1JAS,,rotamer,/Dedicated/schnieders/maemmad/pKa_GNN/ffx_pipeline/data/sge_jobs/rot_1JAS.job,dry-run,generated,
1JAS,3.94,titration,/Dedicated/schnieders/maemmad/pKa_GNN/ffx_pipeline/data/sge_jobs/min_1JAS_titrate_pH3.94.job,dry-run,generated,
1JAS,4.4,titration,/Dedicated/schnieders/maemmad/pKa_GNN/ffx_pipeline/data/sge_jobs/min_1JAS_titrate_pH4.4.job,dry-run,generated,
1JAS,6.45,titration,/Dedicated/schnieders/maemmad/pKa_GNN/ffx_pipeline/data/sge_jobs/min_1JAS_titrate_pH6.45.job,dry-run,generated,
1JAS,8.55,titration,/Dedicated/schnieders/maemmad/pKa_GNN/ffx_pipeline/data/sge_jobs/min_1JAS_titrate_pH8.55.job,dry-run,generated,
1JBB,,rotamer,/Dedicated/schnieders/maemmad/pKa_GNN/ffx_pipeline/data/sge_jobs/rot_1JBB.job,dry-run,generated,
1JBB,3.94,titration,/Dedicated/schnieders/maemmad/pKa_GNN/ffx_pipeline/data/sge_jobs/min_1JBB_titrate_pH3.94.job,dry-run,generated,
1JBB,4.4,titration,/Dedicated/schnieders/maemmad/pKa_GNN/ffx_pipeline/data/sge_jobs/min_1JBB_titrate_pH4.4.job,dry-run,generated,
1JBB,6.45,titration,/Dedicated/schnieders/maemmad/pKa_GNN/ffx_pipeline/data/sge_jobs/min_1JBB_titrate_pH6.45.job,dry-run,generated,
1JBB,8.55,titration,/Dedicated/schnieders/maemmad/pKa_GNN/ffx_pipeline/data/sge_jobs/min_1JBB_titrate_pH8.55.job,dry-run,generated,
1JHB,,rotamer,/Dedicated/schnieders/maemmad/pKa_GNN/ffx_pipeline/data/sge_jobs/rot_1JHB.job,dry-run,generated,
1JHB,3.94,titration,/Dedicated/schnieders/maemmad/pKa_GNN/ffx_pipeline/data/sge_jobs/min_1JHB_titrate_pH3.94.job,dry-run,generated,
1JHB,4.4,titration,/Dedicated/schnieders/maemmad/pKa_GNN/ffx_pipeline/data/sge_jobs/min_1JHB_titrate_pH4.4.job,dry-run,generated,
1JHB,6.45,titration,/Dedicated/schnieders/maemmad/pKa_GNN/ffx_pipeline/data/sge_jobs/min_1JHB_titrate_pH6.45.job,dry-run,generated,
1JHB,8.55,titration,/Dedicated/schnieders/maemmad/pKa_GNN/ffx_pipeline/data/sge_jobs/min_1JHB_titrate_pH8.55.job,dry-run,generated,
1KTE,,rotamer,/Dedicated/schnieders/maemmad/pKa_GNN/ffx_pipeline/data/sge_jobs/rot_1KTE.job,dry-run,generated,
1KTE,3.94,titration,/Dedicated/schnieders/maemmad/pKa_GNN/ffx_pipeline/data/sge_jobs/min_1KTE_titrate_pH3.94.job,dry-run,generated,
1KTE,4.4,titration,/Dedicated/schnieders/maemmad/pKa_GNN/ffx_pipeline/data/sge_jobs/min_1KTE_titrate_pH4.4.job,dry-run,generated,
1KTE,6.45,titration,/Dedicated/schnieders/maemmad/pKa_GNN/ffx_pipeline/data/sge_jobs/min_1KTE_titrate_pH6.45.job,dry-run,generated,
1KTE,8.55,titration,/Dedicated/schnieders/maemmad/pKa_GNN/ffx_pipeline/data/sge_jobs/min_1KTE_titrate_pH8.55.job,dry-run,generated,
1KVR,,rotamer,/Dedicated/schnieders/maemmad/pKa_GNN/ffx_pipeline/data/sge_jobs/rot_1KVR.job,dry-run,generated,
1KVR,3.94,titration,/Dedicated/schnieders/maemmad/pKa_GNN/ffx_pipeline/data/sge_jobs/min_1KVR_titrate_pH3.94.job,dry-run,generated,
1KVR,4.4,titration,/Dedicated/schnieders/maemmad/pKa_GNN/ffx_pipeline/data/sge_jobs/min_1KVR_titrate_pH4.4.job,dry-run,generated,
1KVR,6.45,titration,/Dedicated/schnieders/maemmad/pKa_GNN/ffx_pipeline/data/sge_jobs/min_1KVR_titrate_pH6.45.job,dry-run,generated,
1KVR,8.55,titration,/Dedicated/schnieders/maemmad/pKa_GNN/ffx_pipeline/data/sge_jobs/min_1KVR_titrate_pH8.55.job,dry-run,generated,
1KXI,,rotamer,/Dedicated/schnieders/maemmad/pKa_GNN/ffx_pipeline/data/sge_jobs/rot_1KXI.job,dry-run,generated,
1KXI,3.94,titration,/Dedicated/schnieders/maemmad/pKa_GNN/ffx_pipeline/data/sge_jobs/min_1KXI_titrate_pH3.94.job,dry-run,generated,
1KXI,4.4,titration,/Dedicated/schnieders/maemmad/pKa_GNN/ffx_pipeline/data/sge_jobs/min_1KXI_titrate_pH4.4.job,dry-run,generated,
1KXI,6.45,titration,/Dedicated/schnieders/maemmad/pKa_GNN/ffx_pipeline/data/sge_jobs/min_1KXI_titrate_pH6.45.job,dry-run,generated,
1KXI,8.55,titration,/Dedicated/schnieders/maemmad/pKa_GNN/ffx_pipeline/data/sge_jobs/min_1KXI_titrate_pH8.55.job,dry-run,generated,
1L54,,rotamer,/Dedicated/schnieders/maemmad/pKa_GNN/ffx_pipeline/data/sge_jobs/rot_1L54.job,dry-run,generated,
1L54,3.94,titration,/Dedicated/schnieders/maemmad/pKa_GNN/ffx_pipeline/data/sge_jobs/min_1L54_titrate_pH3.94.job,dry-run,generated,
1L54,4.4,titration,/Dedicated/schnieders/maemmad/pKa_GNN/ffx_pipeline/data/sge_jobs/min_1L54_titrate_pH4.4.job,dry-run,generated,
1L54,6.45,titration,/Dedicated/schnieders/maemmad/pKa_GNN/ffx_pipeline/data/sge_jobs/min_1L54_titrate_pH6.45.job,dry-run,generated,
1L54,8.55,titration,/Dedicated/schnieders/maemmad/pKa_GNN/ffx_pipeline/data/sge_jobs/min_1L54_titrate_pH8.55.job,dry-run,generated,
1L98,,rotamer,/Dedicated/schnieders/maemmad/pKa_GNN/ffx_pipeline/data/sge_jobs/rot_1L98.job,dry-run,generated,
1L98,3.94,titration,/Dedicated/schnieders/maemmad/pKa_GNN/ffx_pipeline/data/sge_jobs/min_1L98_titrate_pH3.94.job,dry-run,generated,
1L98,4.4,titration,/Dedicated/schnieders/maemmad/pKa_GNN/ffx_pipeline/data/sge_jobs/min_1L98_titrate_pH4.4.job,dry-run,generated,
1L98,6.45,titration,/Dedicated/schnieders/maemmad/pKa_GNN/ffx_pipeline/data/sge_jobs/min_1L98_titrate_pH6.45.job,dry-run,generated,
1L98,8.55,titration,/Dedicated/schnieders/maemmad/pKa_GNN/ffx_pipeline/data/sge_jobs/min_1L98_titrate_pH8.55.job,dry-run,generated,
1LJU,,rotamer,/Dedicated/schnieders/maemmad/pKa_GNN/ffx_pipeline/data/sge_jobs/rot_1LJU.job,dry-run,generated,
1LJU,3.94,titration,/Dedicated/schnieders/maemmad/pKa_GNN/ffx_pipeline/data/sge_jobs/min_1LJU_titrate_pH3.94.job,dry-run,generated,
1LJU,4.4,titration,/Dedicated/schnieders/maemmad/pKa_GNN/ffx_pipeline/data/sge_jobs/min_1LJU_titrate_pH4.4.job,dry-run,generated,
1LJU,6.45,titration,/Dedicated/schnieders/maemmad/pKa_GNN/ffx_pipeline/data/sge_jobs/min_1LJU_titrate_pH6.45.job,dry-run,generated,
1LJU,8.55,titration,/Dedicated/schnieders/maemmad/pKa_GNN/ffx_pipeline/data/sge_jobs/min_1LJU_titrate_pH8.55.job,dry-run,generated,
1LNI,,rotamer,/Dedicated/schnieders/maemmad/pKa_GNN/ffx_pipeline/data/sge_jobs/rot_1LNI.job,dry-run,generated,
1LNI,3.94,titration,/Dedicated/schnieders/maemmad/pKa_GNN/ffx_pipeline/data/sge_jobs/min_1LNI_titrate_pH3.94.job,dry-run,generated,
1LNI,4.4,titration,/Dedicated/schnieders/maemmad/pKa_GNN/ffx_pipeline/data/sge_jobs/min_1LNI_titrate_pH4.4.job,dry-run,generated,
1LNI,6.45,titration,/Dedicated/schnieders/maemmad/pKa_GNN/ffx_pipeline/data/sge_jobs/min_1LNI_titrate_pH6.45.job,dry-run,generated,
1LNI,8.55,titration,/Dedicated/schnieders/maemmad/pKa_GNN/ffx_pipeline/data/sge_jobs/min_1LNI_titrate_pH8.55.job,dry-run,generated,
1LZ1,,rotamer,/Dedicated/schnieders/maemmad/pKa_GNN/ffx_pipeline/data/sge_jobs/rot_1LZ1.job,dry-run,generated,
1LZ1,3.94,titration,/Dedicated/schnieders/maemmad/pKa_GNN/ffx_pipeline/data/sge_jobs/min_1LZ1_titrate_pH3.94.job,dry-run,generated,
1LZ1,4.4,titration,/Dedicated/schnieders/maemmad/pKa_GNN/ffx_pipeline/data/sge_jobs/min_1LZ1_titrate_pH4.4.job,dry-run,generated,
1LZ1,6.45,titration,/Dedicated/schnieders/maemmad/pKa_GNN/ffx_pipeline/data/sge_jobs/min_1LZ1_titrate_pH6.45.job,dry-run,generated,
1LZ1,8.55,titration,/Dedicated/schnieders/maemmad/pKa_GNN/ffx_pipeline/data/sge_jobs/min_1LZ1_titrate_pH8.55.job,dry-run,generated,
1MBC,,rotamer,/Dedicated/schnieders/maemmad/pKa_GNN/ffx_pipeline/data/sge_jobs/rot_1MBC.job,dry-run,generated,
1MBC,3.94,titration,/Dedicated/schnieders/maemmad/pKa_GNN/ffx_pipeline/data/sge_jobs/min_1MBC_titrate_pH3.94.job,dry-run,generated,
1MBC,4.4,titration,/Dedicated/schnieders/maemmad/pKa_GNN/ffx_pipeline/data/sge_jobs/min_1MBC_titrate_pH4.4.job,dry-run,generated,
1MBC,6.45,titration,/Dedicated/schnieders/maemmad/pKa_GNN/ffx_pipeline/data/sge_jobs/min_1MBC_titrate_pH6.45.job,dry-run,generated,
1MBC,8.55,titration,/Dedicated/schnieders/maemmad/pKa_GNN/ffx_pipeline/data/sge_jobs/min_1MBC_titrate_pH8.55.job,dry-run,generated,
1MEK,,rotamer,/Dedicated/schnieders/maemmad/pKa_GNN/ffx_pipeline/data/sge_jobs/rot_1MEK.job,dry-run,generated,
1MEK,3.94,titration,/Dedicated/schnieders/maemmad/pKa_GNN/ffx_pipeline/data/sge_jobs/min_1MEK_titrate_pH3.94.job,dry-run,generated,
1MEK,4.4,titration,/Dedicated/schnieders/maemmad/pKa_GNN/ffx_pipeline/data/sge_jobs/min_1MEK_titrate_pH4.4.job,dry-run,generated,
1MEK,6.45,titration,/Dedicated/schnieders/maemmad/pKa_GNN/ffx_pipeline/data/sge_jobs/min_1MEK_titrate_pH6.45.job,dry-run,generated,
1MEK,8.55,titration,/Dedicated/schnieders/maemmad/pKa_GNN/ffx_pipeline/data/sge_jobs/min_1MEK_titrate_pH8.55.job,dry-run,generated,
1MUT,,rotamer,/Dedicated/schnieders/maemmad/pKa_GNN/ffx_pipeline/data/sge_jobs/rot_1MUT.job,dry-run,generated,
1MUT,3.94,titration,/Dedicated/schnieders/maemmad/pKa_GNN/ffx_pipeline/data/sge_jobs/min_1MUT_titrate_pH3.94.job,dry-run,generated,
1MUT,4.4,titration,/Dedicated/schnieders/maemmad/pKa_GNN/ffx_pipeline/data/sge_jobs/min_1MUT_titrate_pH4.4.job,dry-run,generated,
1MUT,6.45,titration,/Dedicated/schnieders/maemmad/pKa_GNN/ffx_pipeline/data/sge_jobs/min_1MUT_titrate_pH6.45.job,dry-run,generated,
1MUT,8.55,titration,/Dedicated/schnieders/maemmad/pKa_GNN/ffx_pipeline/data/sge_jobs/min_1MUT_titrate_pH8.55.job,dry-run,generated,
1NLX,,rotamer,/Dedicated/schnieders/maemmad/pKa_GNN/ffx_pipeline/data/sge_jobs/rot_1NLX.job,dry-run,generated,
1NLX,3.94,titration,/Dedicated/schnieders/maemmad/pKa_GNN/ffx_pipeline/data/sge_jobs/min_1NLX_titrate_pH3.94.job,dry-run,generated,
1NLX,4.4,titration,/Dedicated/schnieders/maemmad/pKa_GNN/ffx_pipeline/data/sge_jobs/min_1NLX_titrate_pH4.4.job,dry-run,generated,
1NLX,6.45,titration,/Dedicated/schnieders/maemmad/pKa_GNN/ffx_pipeline/data/sge_jobs/min_1NLX_titrate_pH6.45.job,dry-run,generated,
1NLX,8.55,titration,/Dedicated/schnieders/maemmad/pKa_GNN/ffx_pipeline/data/sge_jobs/min_1NLX_titrate_pH8.55.job,dry-run,generated,
1O73,,rotamer,/Dedicated/schnieders/maemmad/pKa_GNN/ffx_pipeline/data/sge_jobs/rot_1O73.job,dry-run,generated,
1O73,3.94,titration,/Dedicated/schnieders/maemmad/pKa_GNN/ffx_pipeline/data/sge_jobs/min_1O73_titrate_pH3.94.job,dry-run,generated,
1O73,4.4,titration,/Dedicated/schnieders/maemmad/pKa_GNN/ffx_pipeline/data/sge_jobs/min_1O73_titrate_pH4.4.job,dry-run,generated,
1O73,6.45,titration,/Dedicated/schnieders/maemmad/pKa_GNN/ffx_pipeline/data/sge_jobs/min_1O73_titrate_pH6.45.job,dry-run,generated,
1O73,8.55,titration,/Dedicated/schnieders/maemmad/pKa_GNN/ffx_pipeline/data/sge_jobs/min_1O73_titrate_pH8.55.job,dry-run,generated,
1P5F,,rotamer,/Dedicated/schnieders/maemmad/pKa_GNN/ffx_pipeline/data/sge_jobs/rot_1P5F.job,dry-run,generated,
1P5F,3.94,titration,/Dedicated/schnieders/maemmad/pKa_GNN/ffx_pipeline/data/sge_jobs/min_1P5F_titrate_pH3.94.job,dry-run,generated,
1P5F,4.4,titration,/Dedicated/schnieders/maemmad/pKa_GNN/ffx_pipeline/data/sge_jobs/min_1P5F_titrate_pH4.4.job,dry-run,generated,
1P5F,6.45,titration,/Dedicated/schnieders/maemmad/pKa_GNN/ffx_pipeline/data/sge_jobs/min_1P5F_titrate_pH6.45.job,dry-run,generated,
1P5F,8.55,titration,/Dedicated/schnieders/maemmad/pKa_GNN/ffx_pipeline/data/sge_jobs/min_1P5F_titrate_pH8.55.job,dry-run,generated,
1PGB,,rotamer,/Dedicated/schnieders/maemmad/pKa_GNN/ffx_pipeline/data/sge_jobs/rot_1PGB.job,dry-run,generated,
1PGB,3.94,titration,/Dedicated/schnieders/maemmad/pKa_GNN/ffx_pipeline/data/sge_jobs/min_1PGB_titrate_pH3.94.job,dry-run,generated,
1PGB,4.4,titration,/Dedicated/schnieders/maemmad/pKa_GNN/ffx_pipeline/data/sge_jobs/min_1PGB_titrate_pH4.4.job,dry-run,generated,
1PGB,6.45,titration,/Dedicated/schnieders/maemmad/pKa_GNN/ffx_pipeline/data/sge_jobs/min_1PGB_titrate_pH6.45.job,dry-run,generated,
1PGB,8.55,titration,/Dedicated/schnieders/maemmad/pKa_GNN/ffx_pipeline/data/sge_jobs/min_1PGB_titrate_pH8.55.job,dry-run,generated,
1POH,,rotamer,/Dedicated/schnieders/maemmad/pKa_GNN/ffx_pipeline/data/sge_jobs/rot_1POH.job,dry-run,generated,
1POH,3.94,titration,/Dedicated/schnieders/maemmad/pKa_GNN/ffx_pipeline/data/sge_jobs/min_1POH_titrate_pH3.94.job,dry-run,generated,
1POH,4.4,titration,/Dedicated/schnieders/maemmad/pKa_GNN/ffx_pipeline/data/sge_jobs/min_1POH_titrate_pH4.4.job,dry-run,generated,
1POH,6.45,titration,/Dedicated/schnieders/maemmad/pKa_GNN/ffx_pipeline/data/sge_jobs/min_1POH_titrate_pH6.45.job,dry-run,generated,
1POH,8.55,titration,/Dedicated/schnieders/maemmad/pKa_GNN/ffx_pipeline/data/sge_jobs/min_1POH_titrate_pH8.55.job,dry-run,generated,
1PPF,,rotamer,/Dedicated/schnieders/maemmad/pKa_GNN/ffx_pipeline/data/sge_jobs/rot_1PPF.job,dry-run,generated,
1PPF,3.94,titration,/Dedicated/schnieders/maemmad/pKa_GNN/ffx_pipeline/data/sge_jobs/min_1PPF_titrate_pH3.94.job,dry-run,generated,
1PPF,4.4,titration,/Dedicated/schnieders/maemmad/pKa_GNN/ffx_pipeline/data/sge_jobs/min_1PPF_titrate_pH4.4.job,dry-run,generated,
1PPF,6.45,titration,/Dedicated/schnieders/maemmad/pKa_GNN/ffx_pipeline/data/sge_jobs/min_1PPF_titrate_pH6.45.job,dry-run,generated,
1PPF,8.55,titration,/Dedicated/schnieders/maemmad/pKa_GNN/ffx_pipeline/data/sge_jobs/min_1PPF_titrate_pH8.55.job,dry-run,generated,
1PPN,,rotamer,/Dedicated/schnieders/maemmad/pKa_GNN/ffx_pipeline/data/sge_jobs/rot_1PPN.job,dry-run,generated,
1PPN,3.94,titration,/Dedicated/schnieders/maemmad/pKa_GNN/ffx_pipeline/data/sge_jobs/min_1PPN_titrate_pH3.94.job,dry-run,generated,
1PPN,4.4,titration,/Dedicated/schnieders/maemmad/pKa_GNN/ffx_pipeline/data/sge_jobs/min_1PPN_titrate_pH4.4.job,dry-run,generated,
1PPN,6.45,titration,/Dedicated/schnieders/maemmad/pKa_GNN/ffx_pipeline/data/sge_jobs/min_1PPN_titrate_pH6.45.job,dry-run,generated,
1PPN,8.55,titration,/Dedicated/schnieders/maemmad/pKa_GNN/ffx_pipeline/data/sge_jobs/min_1PPN_titrate_pH8.55.job,dry-run,generated,
1PPO,,rotamer,/Dedicated/schnieders/maemmad/pKa_GNN/ffx_pipeline/data/sge_jobs/rot_1PPO.job,dry-run,generated,
1PPO,3.94,titration,/Dedicated/schnieders/maemmad/pKa_GNN/ffx_pipeline/data/sge_jobs/min_1PPO_titrate_pH3.94.job,dry-run,generated,
1PPO,4.4,titration,/Dedicated/schnieders/maemmad/pKa_GNN/ffx_pipeline/data/sge_jobs/min_1PPO_titrate_pH4.4.job,dry-run,generated,
1PPO,6.45,titration,/Dedicated/schnieders/maemmad/pKa_GNN/ffx_pipeline/data/sge_jobs/min_1PPO_titrate_pH6.45.job,dry-run,generated,
1PPO,8.55,titration,/Dedicated/schnieders/maemmad/pKa_GNN/ffx_pipeline/data/sge_jobs/min_1PPO_titrate_pH8.55.job,dry-run,generated,
1PRW,,rotamer,/Dedicated/schnieders/maemmad/pKa_GNN/ffx_pipeline/data/sge_jobs/rot_1PRW.job,dry-run,generated,
1PRW,3.94,titration,/Dedicated/schnieders/maemmad/pKa_GNN/ffx_pipeline/data/sge_jobs/min_1PRW_titrate_pH3.94.job,dry-run,generated,
1PRW,4.4,titration,/Dedicated/schnieders/maemmad/pKa_GNN/ffx_pipeline/data/sge_jobs/min_1PRW_titrate_pH4.4.job,dry-run,generated,
1PRW,6.45,titration,/Dedicated/schnieders/maemmad/pKa_GNN/ffx_pipeline/data/sge_jobs/min_1PRW_titrate_pH6.45.job,dry-run,generated,
1PRW,8.55,titration,/Dedicated/schnieders/maemmad/pKa_GNN/ffx_pipeline/data/sge_jobs/min_1PRW_titrate_pH8.55.job,dry-run,generated,
1QH7,,rotamer,/Dedicated/schnieders/maemmad/pKa_GNN/ffx_pipeline/data/sge_jobs/rot_1QH7.job,dry-run,generated,
1QH7,3.94,titration,/Dedicated/schnieders/maemmad/pKa_GNN/ffx_pipeline/data/sge_jobs/min_1QH7_titrate_pH3.94.job,dry-run,generated,
1QH7,4.4,titration,/Dedicated/schnieders/maemmad/pKa_GNN/ffx_pipeline/data/sge_jobs/min_1QH7_titrate_pH4.4.job,dry-run,generated,
1QH7,6.45,titration,/Dedicated/schnieders/maemmad/pKa_GNN/ffx_pipeline/data/sge_jobs/min_1QH7_titrate_pH6.45.job,dry-run,generated,
1QH7,8.55,titration,/Dedicated/schnieders/maemmad/pKa_GNN/ffx_pipeline/data/sge_jobs/min_1QH7_titrate_pH8.55.job,dry-run,generated,
1QK1,,rotamer,/Dedicated/schnieders/maemmad/pKa_GNN/ffx_pipeline/data/sge_jobs/rot_1QK1.job,dry-run,generated,
1QK1,3.94,titration,/Dedicated/schnieders/maemmad/pKa_GNN/ffx_pipeline/data/sge_jobs/min_1QK1_titrate_pH3.94.job,dry-run,generated,
1QK1,4.4,titration,/Dedicated/schnieders/maemmad/pKa_GNN/ffx_pipeline/data/sge_jobs/min_1QK1_titrate_pH4.4.job,dry-run,generated,
1QK1,6.45,titration,/Dedicated/schnieders/maemmad/pKa_GNN/ffx_pipeline/data/sge_jobs/min_1QK1_titrate_pH6.45.job,dry-run,generated,
1QK1,8.55,titration,/Dedicated/schnieders/maemmad/pKa_GNN/ffx_pipeline/data/sge_jobs/min_1QK1_titrate_pH8.55.job,dry-run,generated,
1QLP,,rotamer,/Dedicated/schnieders/maemmad/pKa_GNN/ffx_pipeline/data/sge_jobs/rot_1QLP.job,dry-run,generated,
1QLP,3.94,titration,/Dedicated/schnieders/maemmad/pKa_GNN/ffx_pipeline/data/sge_jobs/min_1QLP_titrate_pH3.94.job,dry-run,generated,
1QLP,4.4,titration,/Dedicated/schnieders/maemmad/pKa_GNN/ffx_pipeline/data/sge_jobs/min_1QLP_titrate_pH4.4.job,dry-run,generated,
1QLP,6.45,titration,/Dedicated/schnieders/maemmad/pKa_GNN/ffx_pipeline/data/sge_jobs/min_1QLP_titrate_pH6.45.job,dry-run,generated,
1QLP,8.55,titration,/Dedicated/schnieders/maemmad/pKa_GNN/ffx_pipeline/data/sge_jobs/min_1QLP_titrate_pH8.55.job,dry-run,generated,
1QT8,,rotamer,/Dedicated/schnieders/maemmad/pKa_GNN/ffx_pipeline/data/sge_jobs/rot_1QT8.job,dry-run,generated,
1QT8,3.94,titration,/Dedicated/schnieders/maemmad/pKa_GNN/ffx_pipeline/data/sge_jobs/min_1QT8_titrate_pH3.94.job,dry-run,generated,
1QT8,4.4,titration,/Dedicated/schnieders/maemmad/pKa_GNN/ffx_pipeline/data/sge_jobs/min_1QT8_titrate_pH4.4.job,dry-run,generated,
1QT8,6.45,titration,/Dedicated/schnieders/maemmad/pKa_GNN/ffx_pipeline/data/sge_jobs/min_1QT8_titrate_pH6.45.job,dry-run,generated,
1QT8,8.55,titration,/Dedicated/schnieders/maemmad/pKa_GNN/ffx_pipeline/data/sge_jobs/min_1QT8_titrate_pH8.55.job,dry-run,generated,
1ST9,,rotamer,/Dedicated/schnieders/maemmad/pKa_GNN/ffx_pipeline/data/sge_jobs/rot_1ST9.job,dry-run,generated,
1ST9,3.94,titration,/Dedicated/schnieders/maemmad/pKa_GNN/ffx_pipeline/data/sge_jobs/min_1ST9_titrate_pH3.94.job,dry-run,generated,
1ST9,4.4,titration,/Dedicated/schnieders/maemmad/pKa_GNN/ffx_pipeline/data/sge_jobs/min_1ST9_titrate_pH4.4.job,dry-run,generated,
1ST9,6.45,titration,/Dedicated/schnieders/maemmad/pKa_GNN/ffx_pipeline/data/sge_jobs/min_1ST9_titrate_pH6.45.job,dry-run,generated,
1ST9,8.55,titration,/Dedicated/schnieders/maemmad/pKa_GNN/ffx_pipeline/data/sge_jobs/min_1ST9_titrate_pH8.55.job,dry-run,generated,
1STN,,rotamer,/Dedicated/schnieders/maemmad/pKa_GNN/ffx_pipeline/data/sge_jobs/rot_1STN.job,dry-run,generated,
1STN,3.94,titration,/Dedicated/schnieders/maemmad/pKa_GNN/ffx_pipeline/data/sge_jobs/min_1STN_titrate_pH3.94.job,dry-run,generated,
1STN,4.4,titration,/Dedicated/schnieders/maemmad/pKa_GNN/ffx_pipeline/data/sge_jobs/min_1STN_titrate_pH4.4.job,dry-run,generated,
1STN,6.45,titration,/Dedicated/schnieders/maemmad/pKa_GNN/ffx_pipeline/data/sge_jobs/min_1STN_titrate_pH6.45.job,dry-run,generated,
1STN,8.55,titration,/Dedicated/schnieders/maemmad/pKa_GNN/ffx_pipeline/data/sge_jobs/min_1STN_titrate_pH8.55.job,dry-run,generated,
1SU9,,rotamer,/Dedicated/schnieders/maemmad/pKa_GNN/ffx_pipeline/data/sge_jobs/rot_1SU9.job,dry-run,generated,
1SU9,3.94,titration,/Dedicated/schnieders/maemmad/pKa_GNN/ffx_pipeline/data/sge_jobs/min_1SU9_titrate_pH3.94.job,dry-run,generated,
1SU9,4.4,titration,/Dedicated/schnieders/maemmad/pKa_GNN/ffx_pipeline/data/sge_jobs/min_1SU9_titrate_pH4.4.job,dry-run,generated,
1SU9,6.45,titration,/Dedicated/schnieders/maemmad/pKa_GNN/ffx_pipeline/data/sge_jobs/min_1SU9_titrate_pH6.45.job,dry-run,generated,
1SU9,8.55,titration,/Dedicated/schnieders/maemmad/pKa_GNN/ffx_pipeline/data/sge_jobs/min_1SU9_titrate_pH8.55.job,dry-run,generated,
1THE,,rotamer,/Dedicated/schnieders/maemmad/pKa_GNN/ffx_pipeline/data/sge_jobs/rot_1THE.job,dry-run,generated,
1THE,3.94,titration,/Dedicated/schnieders/maemmad/pKa_GNN/ffx_pipeline/data/sge_jobs/min_1THE_titrate_pH3.94.job,dry-run,generated,
1THE,4.4,titration,/Dedicated/schnieders/maemmad/pKa_GNN/ffx_pipeline/data/sge_jobs/min_1THE_titrate_pH4.4.job,dry-run,generated,
1THE,6.45,titration,/Dedicated/schnieders/maemmad/pKa_GNN/ffx_pipeline/data/sge_jobs/min_1THE_titrate_pH6.45.job,dry-run,generated,
1THE,8.55,titration,/Dedicated/schnieders/maemmad/pKa_GNN/ffx_pipeline/data/sge_jobs/min_1THE_titrate_pH8.55.job,dry-run,generated,
1U2U,,rotamer,/Dedicated/schnieders/maemmad/pKa_GNN/ffx_pipeline/data/sge_jobs/rot_1U2U.job,dry-run,generated,
1U2U,3.94,titration,/Dedicated/schnieders/maemmad/pKa_GNN/ffx_pipeline/data/sge_jobs/min_1U2U_titrate_pH3.94.job,dry-run,generated,
1U2U,4.4,titration,/Dedicated/schnieders/maemmad/pKa_GNN/ffx_pipeline/data/sge_jobs/min_1U2U_titrate_pH4.4.job,dry-run,generated,
1U2U,6.45,titration,/Dedicated/schnieders/maemmad/pKa_GNN/ffx_pipeline/data/sge_jobs/min_1U2U_titrate_pH6.45.job,dry-run,generated,
1U2U,8.55,titration,/Dedicated/schnieders/maemmad/pKa_GNN/ffx_pipeline/data/sge_jobs/min_1U2U_titrate_pH8.55.job,dry-run,generated,
1UBQ,,rotamer,/Dedicated/schnieders/maemmad/pKa_GNN/ffx_pipeline/data/sge_jobs/rot_1UBQ.job,dry-run,generated,
1UBQ,3.94,titration,/Dedicated/schnieders/maemmad/pKa_GNN/ffx_pipeline/data/sge_jobs/min_1UBQ_titrate_pH3.94.job,dry-run,generated,
1UBQ,4.4,titration,/Dedicated/schnieders/maemmad/pKa_GNN/ffx_pipeline/data/sge_jobs/min_1UBQ_titrate_pH4.4.job,dry-run,generated,
1UBQ,6.45,titration,/Dedicated/schnieders/maemmad/pKa_GNN/ffx_pipeline/data/sge_jobs/min_1UBQ_titrate_pH6.45.job,dry-run,generated,
1UBQ,8.55,titration,/Dedicated/schnieders/maemmad/pKa_GNN/ffx_pipeline/data/sge_jobs/min_1UBQ_titrate_pH8.55.job,dry-run,generated,
1V57,,rotamer,/Dedicated/schnieders/maemmad/pKa_GNN/ffx_pipeline/data/sge_jobs/rot_1V57.job,dry-run,generated,
1V57,3.94,titration,/Dedicated/schnieders/maemmad/pKa_GNN/ffx_pipeline/data/sge_jobs/min_1V57_titrate_pH3.94.job,dry-run,generated,
1V57,4.4,titration,/Dedicated/schnieders/maemmad/pKa_GNN/ffx_pipeline/data/sge_jobs/min_1V57_titrate_pH4.4.job,dry-run,generated,
1V57,6.45,titration,/Dedicated/schnieders/maemmad/pKa_GNN/ffx_pipeline/data/sge_jobs/min_1V57_titrate_pH6.45.job,dry-run,generated,
1V57,8.55,titration,/Dedicated/schnieders/maemmad/pKa_GNN/ffx_pipeline/data/sge_jobs/min_1V57_titrate_pH8.55.job,dry-run,generated,
1VII,,rotamer,/Dedicated/schnieders/maemmad/pKa_GNN/ffx_pipeline/data/sge_jobs/rot_1VII.job,dry-run,generated,
1VII,3.94,titration,/Dedicated/schnieders/maemmad/pKa_GNN/ffx_pipeline/data/sge_jobs/min_1VII_titrate_pH3.94.job,dry-run,generated,
1VII,4.4,titration,/Dedicated/schnieders/maemmad/pKa_GNN/ffx_pipeline/data/sge_jobs/min_1VII_titrate_pH4.4.job,dry-run,generated,
1VII,6.45,titration,/Dedicated/schnieders/maemmad/pKa_GNN/ffx_pipeline/data/sge_jobs/min_1VII_titrate_pH6.45.job,dry-run,generated,
1VII,8.55,titration,/Dedicated/schnieders/maemmad/pKa_GNN/ffx_pipeline/data/sge_jobs/min_1VII_titrate_pH8.55.job,dry-run,generated,
1XNB,,rotamer,/Dedicated/schnieders/maemmad/pKa_GNN/ffx_pipeline/data/sge_jobs/rot_1XNB.job,dry-run,generated,
1XNB,3.94,titration,/Dedicated/schnieders/maemmad/pKa_GNN/ffx_pipeline/data/sge_jobs/min_1XNB_titrate_pH3.94.job,dry-run,generated,
1XNB,4.4,titration,/Dedicated/schnieders/maemmad/pKa_GNN/ffx_pipeline/data/sge_jobs/min_1XNB_titrate_pH4.4.job,dry-run,generated,
1XNB,6.45,titration,/Dedicated/schnieders/maemmad/pKa_GNN/ffx_pipeline/data/sge_jobs/min_1XNB_titrate_pH6.45.job,dry-run,generated,
1XNB,8.55,titration,/Dedicated/schnieders/maemmad/pKa_GNN/ffx_pipeline/data/sge_jobs/min_1XNB_titrate_pH8.55.job,dry-run,generated,
1XOB,,rotamer,/Dedicated/schnieders/maemmad/pKa_GNN/ffx_pipeline/data/sge_jobs/rot_1XOB.job,dry-run,generated,
1XOB,3.94,titration,/Dedicated/schnieders/maemmad/pKa_GNN/ffx_pipeline/data/sge_jobs/min_1XOB_titrate_pH3.94.job,dry-run,generated,
1XOB,4.4,titration,/Dedicated/schnieders/maemmad/pKa_GNN/ffx_pipeline/data/sge_jobs/min_1XOB_titrate_pH4.4.job,dry-run,generated,
1XOB,6.45,titration,/Dedicated/schnieders/maemmad/pKa_GNN/ffx_pipeline/data/sge_jobs/min_1XOB_titrate_pH6.45.job,dry-run,generated,
1XOB,8.55,titration,/Dedicated/schnieders/maemmad/pKa_GNN/ffx_pipeline/data/sge_jobs/min_1XOB_titrate_pH8.55.job,dry-run,generated,
1YMB,,rotamer,/Dedicated/schnieders/maemmad/pKa_GNN/ffx_pipeline/data/sge_jobs/rot_1YMB.job,dry-run,generated,
1YMB,3.94,titration,/Dedicated/schnieders/maemmad/pKa_GNN/ffx_pipeline/data/sge_jobs/min_1YMB_titrate_pH3.94.job,dry-run,generated,
1YMB,4.4,titration,/Dedicated/schnieders/maemmad/pKa_GNN/ffx_pipeline/data/sge_jobs/min_1YMB_titrate_pH4.4.job,dry-run,generated,
1YMB,6.45,titration,/Dedicated/schnieders/maemmad/pKa_GNN/ffx_pipeline/data/sge_jobs/min_1YMB_titrate_pH6.45.job,dry-run,generated,
1YMB,8.55,titration,/Dedicated/schnieders/maemmad/pKa_GNN/ffx_pipeline/data/sge_jobs/min_1YMB_titrate_pH8.55.job,dry-run,generated,
1YPH,,rotamer,/Dedicated/schnieders/maemmad/pKa_GNN/ffx_pipeline/data/sge_jobs/rot_1YPH.job,dry-run,generated,
1YPH,3.94,titration,/Dedicated/schnieders/maemmad/pKa_GNN/ffx_pipeline/data/sge_jobs/min_1YPH_titrate_pH3.94.job,dry-run,generated,
1YPH,4.4,titration,/Dedicated/schnieders/maemmad/pKa_GNN/ffx_pipeline/data/sge_jobs/min_1YPH_titrate_pH4.4.job,dry-run,generated,
1YPH,6.45,titration,/Dedicated/schnieders/maemmad/pKa_GNN/ffx_pipeline/data/sge_jobs/min_1YPH_titrate_pH6.45.job,dry-run,generated,
1YPH,8.55,titration,/Dedicated/schnieders/maemmad/pKa_GNN/ffx_pipeline/data/sge_jobs/min_1YPH_titrate_pH8.55.job,dry-run,generated,
1YPI,,rotamer,/Dedicated/schnieders/maemmad/pKa_GNN/ffx_pipeline/data/sge_jobs/rot_1YPI.job,dry-run,generated,
1YPI,3.94,titration,/Dedicated/schnieders/maemmad/pKa_GNN/ffx_pipeline/data/sge_jobs/min_1YPI_titrate_pH3.94.job,dry-run,generated,
1YPI,4.4,titration,/Dedicated/schnieders/maemmad/pKa_GNN/ffx_pipeline/data/sge_jobs/min_1YPI_titrate_pH4.4.job,dry-run,generated,
1YPI,6.45,titration,/Dedicated/schnieders/maemmad/pKa_GNN/ffx_pipeline/data/sge_jobs/min_1YPI_titrate_pH6.45.job,dry-run,generated,
1YPI,8.55,titration,/Dedicated/schnieders/maemmad/pKa_GNN/ffx_pipeline/data/sge_jobs/min_1YPI_titrate_pH8.55.job,dry-run,generated,
1YPT,,rotamer,/Dedicated/schnieders/maemmad/pKa_GNN/ffx_pipeline/data/sge_jobs/rot_1YPT.job,dry-run,generated,
1YPT,3.94,titration,/Dedicated/schnieders/maemmad/pKa_GNN/ffx_pipeline/data/sge_jobs/min_1YPT_titrate_pH3.94.job,dry-run,generated,
1YPT,4.4,titration,/Dedicated/schnieders/maemmad/pKa_GNN/ffx_pipeline/data/sge_jobs/min_1YPT_titrate_pH4.4.job,dry-run,generated,
1YPT,6.45,titration,/Dedicated/schnieders/maemmad/pKa_GNN/ffx_pipeline/data/sge_jobs/min_1YPT_titrate_pH6.45.job,dry-run,generated,
1YPT,8.55,titration,/Dedicated/schnieders/maemmad/pKa_GNN/ffx_pipeline/data/sge_jobs/min_1YPT_titrate_pH8.55.job,dry-run,generated,
2BUS,,rotamer,/Dedicated/schnieders/maemmad/pKa_GNN/ffx_pipeline/data/sge_jobs/rot_2BUS.job,dry-run,generated,
2BUS,3.94,titration,/Dedicated/schnieders/maemmad/pKa_GNN/ffx_pipeline/data/sge_jobs/min_2BUS_titrate_pH3.94.job,dry-run,generated,
2BUS,4.4,titration,/Dedicated/schnieders/maemmad/pKa_GNN/ffx_pipeline/data/sge_jobs/min_2BUS_titrate_pH4.4.job,dry-run,generated,
2BUS,6.45,titration,/Dedicated/schnieders/maemmad/pKa_GNN/ffx_pipeline/data/sge_jobs/min_2BUS_titrate_pH6.45.job,dry-run,generated,
2BUS,8.55,titration,/Dedicated/schnieders/maemmad/pKa_GNN/ffx_pipeline/data/sge_jobs/min_2BUS_titrate_pH8.55.job,dry-run,generated,
2CI2,,rotamer,/Dedicated/schnieders/maemmad/pKa_GNN/ffx_pipeline/data/sge_jobs/rot_2CI2.job,dry-run,generated,
2CI2,3.94,titration,/Dedicated/schnieders/maemmad/pKa_GNN/ffx_pipeline/data/sge_jobs/min_2CI2_titrate_pH3.94.job,dry-run,generated,
2CI2,4.4,titration,/Dedicated/schnieders/maemmad/pKa_GNN/ffx_pipeline/data/sge_jobs/min_2CI2_titrate_pH4.4.job,dry-run,generated,
2CI2,6.45,titration,/Dedicated/schnieders/maemmad/pKa_GNN/ffx_pipeline/data/sge_jobs/min_2CI2_titrate_pH6.45.job,dry-run,generated,
2CI2,8.55,titration,/Dedicated/schnieders/maemmad/pKa_GNN/ffx_pipeline/data/sge_jobs/min_2CI2_titrate_pH8.55.job,dry-run,generated,
2CPL,,rotamer,/Dedicated/schnieders/maemmad/pKa_GNN/ffx_pipeline/data/sge_jobs/rot_2CPL.job,dry-run,generated,
2CPL,3.94,titration,/Dedicated/schnieders/maemmad/pKa_GNN/ffx_pipeline/data/sge_jobs/min_2CPL_titrate_pH3.94.job,dry-run,generated,
2CPL,4.4,titration,/Dedicated/schnieders/maemmad/pKa_GNN/ffx_pipeline/data/sge_jobs/min_2CPL_titrate_pH4.4.job,dry-run,generated,
2CPL,6.45,titration,/Dedicated/schnieders/maemmad/pKa_GNN/ffx_pipeline/data/sge_jobs/min_2CPL_titrate_pH6.45.job,dry-run,generated,
2CPL,8.55,titration,/Dedicated/schnieders/maemmad/pKa_GNN/ffx_pipeline/data/sge_jobs/min_2CPL_titrate_pH8.55.job,dry-run,generated,
2FD3,,rotamer,/Dedicated/schnieders/maemmad/pKa_GNN/ffx_pipeline/data/sge_jobs/rot_2FD3.job,dry-run,generated,
2FD3,3.94,titration,/Dedicated/schnieders/maemmad/pKa_GNN/ffx_pipeline/data/sge_jobs/min_2FD3_titrate_pH3.94.job,dry-run,generated,
2FD3,4.4,titration,/Dedicated/schnieders/maemmad/pKa_GNN/ffx_pipeline/data/sge_jobs/min_2FD3_titrate_pH4.4.job,dry-run,generated,
2FD3,6.45,titration,/Dedicated/schnieders/maemmad/pKa_GNN/ffx_pipeline/data/sge_jobs/min_2FD3_titrate_pH6.45.job,dry-run,generated,
2FD3,8.55,titration,/Dedicated/schnieders/maemmad/pKa_GNN/ffx_pipeline/data/sge_jobs/min_2FD3_titrate_pH8.55.job,dry-run,generated,
2FWF,,rotamer,/Dedicated/schnieders/maemmad/pKa_GNN/ffx_pipeline/data/sge_jobs/rot_2FWF.job,dry-run,generated,
2FWF,3.94,titration,/Dedicated/schnieders/maemmad/pKa_GNN/ffx_pipeline/data/sge_jobs/min_2FWF_titrate_pH3.94.job,dry-run,generated,
2FWF,4.4,titration,/Dedicated/schnieders/maemmad/pKa_GNN/ffx_pipeline/data/sge_jobs/min_2FWF_titrate_pH4.4.job,dry-run,generated,
2FWF,6.45,titration,/Dedicated/schnieders/maemmad/pKa_GNN/ffx_pipeline/data/sge_jobs/min_2FWF_titrate_pH6.45.job,dry-run,generated,
2FWF,8.55,titration,/Dedicated/schnieders/maemmad/pKa_GNN/ffx_pipeline/data/sge_jobs/min_2FWF_titrate_pH8.55.job,dry-run,generated,
2HNP,,rotamer,/Dedicated/schnieders/maemmad/pKa_GNN/ffx_pipeline/data/sge_jobs/rot_2HNP.job,dry-run,generated,
2HNP,3.94,titration,/Dedicated/schnieders/maemmad/pKa_GNN/ffx_pipeline/data/sge_jobs/min_2HNP_titrate_pH3.94.job,dry-run,generated,
2HNP,4.4,titration,/Dedicated/schnieders/maemmad/pKa_GNN/ffx_pipeline/data/sge_jobs/min_2HNP_titrate_pH4.4.job,dry-run,generated,
2HNP,6.45,titration,/Dedicated/schnieders/maemmad/pKa_GNN/ffx_pipeline/data/sge_jobs/min_2HNP_titrate_pH6.45.job,dry-run,generated,
2HNP,8.55,titration,/Dedicated/schnieders/maemmad/pKa_GNN/ffx_pipeline/data/sge_jobs/min_2HNP_titrate_pH8.55.job,dry-run,generated,
2KIX,,rotamer,/Dedicated/schnieders/maemmad/pKa_GNN/ffx_pipeline/data/sge_jobs/rot_2KIX.job,dry-run,generated,
2KIX,3.94,titration,/Dedicated/schnieders/maemmad/pKa_GNN/ffx_pipeline/data/sge_jobs/min_2KIX_titrate_pH3.94.job,dry-run,generated,
2KIX,4.4,titration,/Dedicated/schnieders/maemmad/pKa_GNN/ffx_pipeline/data/sge_jobs/min_2KIX_titrate_pH4.4.job,dry-run,generated,
2KIX,6.45,titration,/Dedicated/schnieders/maemmad/pKa_GNN/ffx_pipeline/data/sge_jobs/min_2KIX_titrate_pH6.45.job,dry-run,generated,
2KIX,8.55,titration,/Dedicated/schnieders/maemmad/pKa_GNN/ffx_pipeline/data/sge_jobs/min_2KIX_titrate_pH8.55.job,dry-run,generated,
2L6X,,rotamer,/Dedicated/schnieders/maemmad/pKa_GNN/ffx_pipeline/data/sge_jobs/rot_2L6X.job,dry-run,generated,
2L6X,3.94,titration,/Dedicated/schnieders/maemmad/pKa_GNN/ffx_pipeline/data/sge_jobs/min_2L6X_titrate_pH3.94.job,dry-run,generated,
2L6X,4.4,titration,/Dedicated/schnieders/maemmad/pKa_GNN/ffx_pipeline/data/sge_jobs/min_2L6X_titrate_pH4.4.job,dry-run,generated,
2L6X,6.45,titration,/Dedicated/schnieders/maemmad/pKa_GNN/ffx_pipeline/data/sge_jobs/min_2L6X_titrate_pH6.45.job,dry-run,generated,
2L6X,8.55,titration,/Dedicated/schnieders/maemmad/pKa_GNN/ffx_pipeline/data/sge_jobs/min_2L6X_titrate_pH8.55.job,dry-run,generated,
2L90,,rotamer,/Dedicated/schnieders/maemmad/pKa_GNN/ffx_pipeline/data/sge_jobs/rot_2L90.job,dry-run,generated,
2L90,3.94,titration,/Dedicated/schnieders/maemmad/pKa_GNN/ffx_pipeline/data/sge_jobs/min_2L90_titrate_pH3.94.job,dry-run,generated,
2L90,4.4,titration,/Dedicated/schnieders/maemmad/pKa_GNN/ffx_pipeline/data/sge_jobs/min_2L90_titrate_pH4.4.job,dry-run,generated,
2L90,6.45,titration,/Dedicated/schnieders/maemmad/pKa_GNN/ffx_pipeline/data/sge_jobs/min_2L90_titrate_pH6.45.job,dry-run,generated,
2L90,8.55,titration,/Dedicated/schnieders/maemmad/pKa_GNN/ffx_pipeline/data/sge_jobs/min_2L90_titrate_pH8.55.job,dry-run,generated,
2LZM,,rotamer,/Dedicated/schnieders/maemmad/pKa_GNN/ffx_pipeline/data/sge_jobs/rot_2LZM.job,dry-run,generated,
2LZM,3.94,titration,/Dedicated/schnieders/maemmad/pKa_GNN/ffx_pipeline/data/sge_jobs/min_2LZM_titrate_pH3.94.job,dry-run,generated,
2LZM,4.4,titration,/Dedicated/schnieders/maemmad/pKa_GNN/ffx_pipeline/data/sge_jobs/min_2LZM_titrate_pH4.4.job,dry-run,generated,
2LZM,6.45,titration,/Dedicated/schnieders/maemmad/pKa_GNN/ffx_pipeline/data/sge_jobs/min_2LZM_titrate_pH6.45.job,dry-run,generated,
2LZM,8.55,titration,/Dedicated/schnieders/maemmad/pKa_GNN/ffx_pipeline/data/sge_jobs/min_2LZM_titrate_pH8.55.job,dry-run,generated,
2O89,,rotamer,/Dedicated/schnieders/maemmad/pKa_GNN/ffx_pipeline/data/sge_jobs/rot_2O89.job,dry-run,generated,
2O89,3.94,titration,/Dedicated/schnieders/maemmad/pKa_GNN/ffx_pipeline/data/sge_jobs/min_2O89_titrate_pH3.94.job,dry-run,generated,
2O89,4.4,titration,/Dedicated/schnieders/maemmad/pKa_GNN/ffx_pipeline/data/sge_jobs/min_2O89_titrate_pH4.4.job,dry-run,generated,
2O89,6.45,titration,/Dedicated/schnieders/maemmad/pKa_GNN/ffx_pipeline/data/sge_jobs/min_2O89_titrate_pH6.45.job,dry-run,generated,
2O89,8.55,titration,/Dedicated/schnieders/maemmad/pKa_GNN/ffx_pipeline/data/sge_jobs/min_2O89_titrate_pH8.55.job,dry-run,generated,
2OEO,,rotamer,/Dedicated/schnieders/maemmad/pKa_GNN/ffx_pipeline/data/sge_jobs/rot_2OEO.job,dry-run,generated,
2OEO,3.94,titration,/Dedicated/schnieders/maemmad/pKa_GNN/ffx_pipeline/data/sge_jobs/min_2OEO_titrate_pH3.94.job,dry-run,generated,
2OEO,4.4,titration,/Dedicated/schnieders/maemmad/pKa_GNN/ffx_pipeline/data/sge_jobs/min_2OEO_titrate_pH4.4.job,dry-run,generated,
2OEO,6.45,titration,/Dedicated/schnieders/maemmad/pKa_GNN/ffx_pipeline/data/sge_jobs/min_2OEO_titrate_pH6.45.job,dry-run,generated,
2OEO,8.55,titration,/Dedicated/schnieders/maemmad/pKa_GNN/ffx_pipeline/data/sge_jobs/min_2OEO_titrate_pH8.55.job,dry-run,generated,
2OXP,,rotamer,/Dedicated/schnieders/maemmad/pKa_GNN/ffx_pipeline/data/sge_jobs/rot_2OXP.job,dry-run,generated,
2OXP,3.94,titration,/Dedicated/schnieders/maemmad/pKa_GNN/ffx_pipeline/data/sge_jobs/min_2OXP_titrate_pH3.94.job,dry-run,generated,
2OXP,4.4,titration,/Dedicated/schnieders/maemmad/pKa_GNN/ffx_pipeline/data/sge_jobs/min_2OXP_titrate_pH4.4.job,dry-run,generated,
2OXP,6.45,titration,/Dedicated/schnieders/maemmad/pKa_GNN/ffx_pipeline/data/sge_jobs/min_2OXP_titrate_pH6.45.job,dry-run,generated,
2OXP,8.55,titration,/Dedicated/schnieders/maemmad/pKa_GNN/ffx_pipeline/data/sge_jobs/min_2OXP_titrate_pH8.55.job,dry-run,generated,
2PPT,,rotamer,/Dedicated/schnieders/maemmad/pKa_GNN/ffx_pipeline/data/sge_jobs/rot_2PPT.job,dry-run,generated,
2PPT,3.94,titration,/Dedicated/schnieders/maemmad/pKa_GNN/ffx_pipeline/data/sge_jobs/min_2PPT_titrate_pH3.94.job,dry-run,generated,
2PPT,4.4,titration,/Dedicated/schnieders/maemmad/pKa_GNN/ffx_pipeline/data/sge_jobs/min_2PPT_titrate_pH4.4.job,dry-run,generated,
2PPT,6.45,titration,/Dedicated/schnieders/maemmad/pKa_GNN/ffx_pipeline/data/sge_jobs/min_2PPT_titrate_pH6.45.job,dry-run,generated,
2PPT,8.55,titration,/Dedicated/schnieders/maemmad/pKa_GNN/ffx_pipeline/data/sge_jobs/min_2PPT_titrate_pH8.55.job,dry-run,generated,
2RBM,,rotamer,/Dedicated/schnieders/maemmad/pKa_GNN/ffx_pipeline/data/sge_jobs/rot_2RBM.job,dry-run,generated,
2RBM,3.94,titration,/Dedicated/schnieders/maemmad/pKa_GNN/ffx_pipeline/data/sge_jobs/min_2RBM_titrate_pH3.94.job,dry-run,generated,
2RBM,4.4,titration,/Dedicated/schnieders/maemmad/pKa_GNN/ffx_pipeline/data/sge_jobs/min_2RBM_titrate_pH4.4.job,dry-run,generated,
2RBM,6.45,titration,/Dedicated/schnieders/maemmad/pKa_GNN/ffx_pipeline/data/sge_jobs/min_2RBM_titrate_pH6.45.job,dry-run,generated,
2RBM,8.55,titration,/Dedicated/schnieders/maemmad/pKa_GNN/ffx_pipeline/data/sge_jobs/min_2RBM_titrate_pH8.55.job,dry-run,generated,
2RKS,,rotamer,/Dedicated/schnieders/maemmad/pKa_GNN/ffx_pipeline/data/sge_jobs/rot_2RKS.job,dry-run,generated,
2RKS,3.94,titration,/Dedicated/schnieders/maemmad/pKa_GNN/ffx_pipeline/data/sge_jobs/min_2RKS_titrate_pH3.94.job,dry-run,generated,
2RKS,4.4,titration,/Dedicated/schnieders/maemmad/pKa_GNN/ffx_pipeline/data/sge_jobs/min_2RKS_titrate_pH4.4.job,dry-run,generated,
2RKS,6.45,titration,/Dedicated/schnieders/maemmad/pKa_GNN/ffx_pipeline/data/sge_jobs/min_2RKS_titrate_pH6.45.job,dry-run,generated,
2RKS,8.55,titration,/Dedicated/schnieders/maemmad/pKa_GNN/ffx_pipeline/data/sge_jobs/min_2RKS_titrate_pH8.55.job,dry-run,generated,
2RN2,,rotamer,/Dedicated/schnieders/maemmad/pKa_GNN/ffx_pipeline/data/sge_jobs/rot_2RN2.job,dry-run,generated,
2RN2,3.94,titration,/Dedicated/schnieders/maemmad/pKa_GNN/ffx_pipeline/data/sge_jobs/min_2RN2_titrate_pH3.94.job,dry-run,generated,
2RN2,4.4,titration,/Dedicated/schnieders/maemmad/pKa_GNN/ffx_pipeline/data/sge_jobs/min_2RN2_titrate_pH4.4.job,dry-run,generated,
2RN2,6.45,titration,/Dedicated/schnieders/maemmad/pKa_GNN/ffx_pipeline/data/sge_jobs/min_2RN2_titrate_pH6.45.job,dry-run,generated,
2RN2,8.55,titration,/Dedicated/schnieders/maemmad/pKa_GNN/ffx_pipeline/data/sge_jobs/min_2RN2_titrate_pH8.55.job,dry-run,generated,
2RVQ,,rotamer,/Dedicated/schnieders/maemmad/pKa_GNN/ffx_pipeline/data/sge_jobs/rot_2RVQ.job,dry-run,generated,
2RVQ,3.94,titration,/Dedicated/schnieders/maemmad/pKa_GNN/ffx_pipeline/data/sge_jobs/min_2RVQ_titrate_pH3.94.job,dry-run,generated,
2RVQ,4.4,titration,/Dedicated/schnieders/maemmad/pKa_GNN/ffx_pipeline/data/sge_jobs/min_2RVQ_titrate_pH4.4.job,dry-run,generated,
2RVQ,6.45,titration,/Dedicated/schnieders/maemmad/pKa_GNN/ffx_pipeline/data/sge_jobs/min_2RVQ_titrate_pH6.45.job,dry-run,generated,
2RVQ,8.55,titration,/Dedicated/schnieders/maemmad/pKa_GNN/ffx_pipeline/data/sge_jobs/min_2RVQ_titrate_pH8.55.job,dry-run,generated,
2TGA,,rotamer,/Dedicated/schnieders/maemmad/pKa_GNN/ffx_pipeline/data/sge_jobs/rot_2TGA.job,dry-run,generated,
2TGA,3.94,titration,/Dedicated/schnieders/maemmad/pKa_GNN/ffx_pipeline/data/sge_jobs/min_2TGA_titrate_pH3.94.job,dry-run,generated,
2TGA,4.4,titration,/Dedicated/schnieders/maemmad/pKa_GNN/ffx_pipeline/data/sge_jobs/min_2TGA_titrate_pH4.4.job,dry-run,generated,
2TGA,6.45,titration,/Dedicated/schnieders/maemmad/pKa_GNN/ffx_pipeline/data/sge_jobs/min_2TGA_titrate_pH6.45.job,dry-run,generated,
2TGA,8.55,titration,/Dedicated/schnieders/maemmad/pKa_GNN/ffx_pipeline/data/sge_jobs/min_2TGA_titrate_pH8.55.job,dry-run,generated,
2TRX,,rotamer,/Dedicated/schnieders/maemmad/pKa_GNN/ffx_pipeline/data/sge_jobs/rot_2TRX.job,dry-run,generated,
2TRX,3.94,titration,/Dedicated/schnieders/maemmad/pKa_GNN/ffx_pipeline/data/sge_jobs/min_2TRX_titrate_pH3.94.job,dry-run,generated,
2TRX,4.4,titration,/Dedicated/schnieders/maemmad/pKa_GNN/ffx_pipeline/data/sge_jobs/min_2TRX_titrate_pH4.4.job,dry-run,generated,
2TRX,6.45,titration,/Dedicated/schnieders/maemmad/pKa_GNN/ffx_pipeline/data/sge_jobs/min_2TRX_titrate_pH6.45.job,dry-run,generated,
2TRX,8.55,titration,/Dedicated/schnieders/maemmad/pKa_GNN/ffx_pipeline/data/sge_jobs/min_2TRX_titrate_pH8.55.job,dry-run,generated,
2V8N,,rotamer,/Dedicated/schnieders/maemmad/pKa_GNN/ffx_pipeline/data/sge_jobs/rot_2V8N.job,dry-run,generated,
2V8N,3.94,titration,/Dedicated/schnieders/maemmad/pKa_GNN/ffx_pipeline/data/sge_jobs/min_2V8N_titrate_pH3.94.job,dry-run,generated,
2V8N,4.4,titration,/Dedicated/schnieders/maemmad/pKa_GNN/ffx_pipeline/data/sge_jobs/min_2V8N_titrate_pH4.4.job,dry-run,generated,
2V8N,6.45,titration,/Dedicated/schnieders/maemmad/pKa_GNN/ffx_pipeline/data/sge_jobs/min_2V8N_titrate_pH6.45.job,dry-run,generated,
2V8N,8.55,titration,/Dedicated/schnieders/maemmad/pKa_GNN/ffx_pipeline/data/sge_jobs/min_2V8N_titrate_pH8.55.job,dry-run,generated,
2ZTA,,rotamer,/Dedicated/schnieders/maemmad/pKa_GNN/ffx_pipeline/data/sge_jobs/rot_2ZTA.job,dry-run,generated,
2ZTA,3.94,titration,/Dedicated/schnieders/maemmad/pKa_GNN/ffx_pipeline/data/sge_jobs/min_2ZTA_titrate_pH3.94.job,dry-run,generated,
2ZTA,4.4,titration,/Dedicated/schnieders/maemmad/pKa_GNN/ffx_pipeline/data/sge_jobs/min_2ZTA_titrate_pH4.4.job,dry-run,generated,
2ZTA,6.45,titration,/Dedicated/schnieders/maemmad/pKa_GNN/ffx_pipeline/data/sge_jobs/min_2ZTA_titrate_pH6.45.job,dry-run,generated,
2ZTA,8.55,titration,/Dedicated/schnieders/maemmad/pKa_GNN/ffx_pipeline/data/sge_jobs/min_2ZTA_titrate_pH8.55.job,dry-run,generated,
3BDC,,rotamer,/Dedicated/schnieders/maemmad/pKa_GNN/ffx_pipeline/data/sge_jobs/rot_3BDC.job,dry-run,generated,
3BDC,3.94,titration,/Dedicated/schnieders/maemmad/pKa_GNN/ffx_pipeline/data/sge_jobs/min_3BDC_titrate_pH3.94.job,dry-run,generated,
3BDC,4.4,titration,/Dedicated/schnieders/maemmad/pKa_GNN/ffx_pipeline/data/sge_jobs/min_3BDC_titrate_pH4.4.job,dry-run,generated,
3BDC,6.45,titration,/Dedicated/schnieders/maemmad/pKa_GNN/ffx_pipeline/data/sge_jobs/min_3BDC_titrate_pH6.45.job,dry-run,generated,
3BDC,8.55,titration,/Dedicated/schnieders/maemmad/pKa_GNN/ffx_pipeline/data/sge_jobs/min_3BDC_titrate_pH8.55.job,dry-run,generated,
3C1E,,rotamer,/Dedicated/schnieders/maemmad/pKa_GNN/ffx_pipeline/data/sge_jobs/rot_3C1E.job,dry-run,generated,
3C1E,3.94,titration,/Dedicated/schnieders/maemmad/pKa_GNN/ffx_pipeline/data/sge_jobs/min_3C1E_titrate_pH3.94.job,dry-run,generated,
3C1E,4.4,titration,/Dedicated/schnieders/maemmad/pKa_GNN/ffx_pipeline/data/sge_jobs/min_3C1E_titrate_pH4.4.job,dry-run,generated,
3C1E,6.45,titration,/Dedicated/schnieders/maemmad/pKa_GNN/ffx_pipeline/data/sge_jobs/min_3C1E_titrate_pH6.45.job,dry-run,generated,
3C1E,8.55,titration,/Dedicated/schnieders/maemmad/pKa_GNN/ffx_pipeline/data/sge_jobs/min_3C1E_titrate_pH8.55.job,dry-run,generated,
3C1F,,rotamer,/Dedicated/schnieders/maemmad/pKa_GNN/ffx_pipeline/data/sge_jobs/rot_3C1F.job,dry-run,generated,
3C1F,3.94,titration,/Dedicated/schnieders/maemmad/pKa_GNN/ffx_pipeline/data/sge_jobs/min_3C1F_titrate_pH3.94.job,dry-run,generated,
3C1F,4.4,titration,/Dedicated/schnieders/maemmad/pKa_GNN/ffx_pipeline/data/sge_jobs/min_3C1F_titrate_pH4.4.job,dry-run,generated,
3C1F,6.45,titration,/Dedicated/schnieders/maemmad/pKa_GNN/ffx_pipeline/data/sge_jobs/min_3C1F_titrate_pH6.45.job,dry-run,generated,
3C1F,8.55,titration,/Dedicated/schnieders/maemmad/pKa_GNN/ffx_pipeline/data/sge_jobs/min_3C1F_titrate_pH8.55.job,dry-run,generated,
3D4D,,rotamer,/Dedicated/schnieders/maemmad/pKa_GNN/ffx_pipeline/data/sge_jobs/rot_3D4D.job,dry-run,generated,
3D4D,3.94,titration,/Dedicated/schnieders/maemmad/pKa_GNN/ffx_pipeline/data/sge_jobs/min_3D4D_titrate_pH3.94.job,dry-run,generated,
3D4D,4.4,titration,/Dedicated/schnieders/maemmad/pKa_GNN/ffx_pipeline/data/sge_jobs/min_3D4D_titrate_pH4.4.job,dry-run,generated,
3D4D,6.45,titration,/Dedicated/schnieders/maemmad/pKa_GNN/ffx_pipeline/data/sge_jobs/min_3D4D_titrate_pH6.45.job,dry-run,generated,
3D4D,8.55,titration,/Dedicated/schnieders/maemmad/pKa_GNN/ffx_pipeline/data/sge_jobs/min_3D4D_titrate_pH8.55.job,dry-run,generated,
3DMU,,rotamer,/Dedicated/schnieders/maemmad/pKa_GNN/ffx_pipeline/data/sge_jobs/rot_3DMU.job,dry-run,generated,
3DMU,3.94,titration,/Dedicated/schnieders/maemmad/pKa_GNN/ffx_pipeline/data/sge_jobs/min_3DMU_titrate_pH3.94.job,dry-run,generated,
3DMU,4.4,titration,/Dedicated/schnieders/maemmad/pKa_GNN/ffx_pipeline/data/sge_jobs/min_3DMU_titrate_pH4.4.job,dry-run,generated,
3DMU,6.45,titration,/Dedicated/schnieders/maemmad/pKa_GNN/ffx_pipeline/data/sge_jobs/min_3DMU_titrate_pH6.45.job,dry-run,generated,
3DMU,8.55,titration,/Dedicated/schnieders/maemmad/pKa_GNN/ffx_pipeline/data/sge_jobs/min_3DMU_titrate_pH8.55.job,dry-run,generated,
3E5S,,rotamer,/Dedicated/schnieders/maemmad/pKa_GNN/ffx_pipeline/data/sge_jobs/rot_3E5S.job,dry-run,generated,
3E5S,3.94,titration,/Dedicated/schnieders/maemmad/pKa_GNN/ffx_pipeline/data/sge_jobs/min_3E5S_titrate_pH3.94.job,dry-run,generated,
3E5S,4.4,titration,/Dedicated/schnieders/maemmad/pKa_GNN/ffx_pipeline/data/sge_jobs/min_3E5S_titrate_pH4.4.job,dry-run,generated,
3E5S,6.45,titration,/Dedicated/schnieders/maemmad/pKa_GNN/ffx_pipeline/data/sge_jobs/min_3E5S_titrate_pH6.45.job,dry-run,generated,
3E5S,8.55,titration,/Dedicated/schnieders/maemmad/pKa_GNN/ffx_pipeline/data/sge_jobs/min_3E5S_titrate_pH8.55.job,dry-run,generated,
3EBX,,rotamer,/Dedicated/schnieders/maemmad/pKa_GNN/ffx_pipeline/data/sge_jobs/rot_3EBX.job,dry-run,generated,
3EBX,3.94,titration,/Dedicated/schnieders/maemmad/pKa_GNN/ffx_pipeline/data/sge_jobs/min_3EBX_titrate_pH3.94.job,dry-run,generated,
3EBX,4.4,titration,/Dedicated/schnieders/maemmad/pKa_GNN/ffx_pipeline/data/sge_jobs/min_3EBX_titrate_pH4.4.job,dry-run,generated,
3EBX,6.45,titration,/Dedicated/schnieders/maemmad/pKa_GNN/ffx_pipeline/data/sge_jobs/min_3EBX_titrate_pH6.45.job,dry-run,generated,
3EBX,8.55,titration,/Dedicated/schnieders/maemmad/pKa_GNN/ffx_pipeline/data/sge_jobs/min_3EBX_titrate_pH8.55.job,dry-run,generated,
3EJI,,rotamer,/Dedicated/schnieders/maemmad/pKa_GNN/ffx_pipeline/data/sge_jobs/rot_3EJI.job,dry-run,generated,
3EJI,3.94,titration,/Dedicated/schnieders/maemmad/pKa_GNN/ffx_pipeline/data/sge_jobs/min_3EJI_titrate_pH3.94.job,dry-run,generated,
3EJI,4.4,titration,/Dedicated/schnieders/maemmad/pKa_GNN/ffx_pipeline/data/sge_jobs/min_3EJI_titrate_pH4.4.job,dry-run,generated,
3EJI,6.45,titration,/Dedicated/schnieders/maemmad/pKa_GNN/ffx_pipeline/data/sge_jobs/min_3EJI_titrate_pH6.45.job,dry-run,generated,
3EJI,8.55,titration,/Dedicated/schnieders/maemmad/pKa_GNN/ffx_pipeline/data/sge_jobs/min_3EJI_titrate_pH8.55.job,dry-run,generated,
3ERO,,rotamer,/Dedicated/schnieders/maemmad/pKa_GNN/ffx_pipeline/data/sge_jobs/rot_3ERO.job,dry-run,generated,
3ERO,3.94,titration,/Dedicated/schnieders/maemmad/pKa_GNN/ffx_pipeline/data/sge_jobs/min_3ERO_titrate_pH3.94.job,dry-run,generated,
3ERO,4.4,titration,/Dedicated/schnieders/maemmad/pKa_GNN/ffx_pipeline/data/sge_jobs/min_3ERO_titrate_pH4.4.job,dry-run,generated,
3ERO,6.45,titration,/Dedicated/schnieders/maemmad/pKa_GNN/ffx_pipeline/data/sge_jobs/min_3ERO_titrate_pH6.45.job,dry-run,generated,
3ERO,8.55,titration,/Dedicated/schnieders/maemmad/pKa_GNN/ffx_pipeline/data/sge_jobs/min_3ERO_titrate_pH8.55.job,dry-run,generated,
3ERQ,,rotamer,/Dedicated/schnieders/maemmad/pKa_GNN/ffx_pipeline/data/sge_jobs/rot_3ERQ.job,dry-run,generated,
3ERQ,3.94,titration,/Dedicated/schnieders/maemmad/pKa_GNN/ffx_pipeline/data/sge_jobs/min_3ERQ_titrate_pH3.94.job,dry-run,generated,
3ERQ,4.4,titration,/Dedicated/schnieders/maemmad/pKa_GNN/ffx_pipeline/data/sge_jobs/min_3ERQ_titrate_pH4.4.job,dry-run,generated,
3ERQ,6.45,titration,/Dedicated/schnieders/maemmad/pKa_GNN/ffx_pipeline/data/sge_jobs/min_3ERQ_titrate_pH6.45.job,dry-run,generated,
3ERQ,8.55,titration,/Dedicated/schnieders/maemmad/pKa_GNN/ffx_pipeline/data/sge_jobs/min_3ERQ_titrate_pH8.55.job,dry-run,generated,
3EVQ,,rotamer,/Dedicated/schnieders/maemmad/pKa_GNN/ffx_pipeline/data/sge_jobs/rot_3EVQ.job,dry-run,generated,
3EVQ,3.94,titration,/Dedicated/schnieders/maemmad/pKa_GNN/ffx_pipeline/data/sge_jobs/min_3EVQ_titrate_pH3.94.job,dry-run,generated,
3EVQ,4.4,titration,/Dedicated/schnieders/maemmad/pKa_GNN/ffx_pipeline/data/sge_jobs/min_3EVQ_titrate_pH4.4.job,dry-run,generated,
3EVQ,6.45,titration,/Dedicated/schnieders/maemmad/pKa_GNN/ffx_pipeline/data/sge_jobs/min_3EVQ_titrate_pH6.45.job,dry-run,generated,
3EVQ,8.55,titration,/Dedicated/schnieders/maemmad/pKa_GNN/ffx_pipeline/data/sge_jobs/min_3EVQ_titrate_pH8.55.job,dry-run,generated,
3FT7,,rotamer,/Dedicated/schnieders/maemmad/pKa_GNN/ffx_pipeline/data/sge_jobs/rot_3FT7.job,dry-run,generated,
3FT7,3.94,titration,/Dedicated/schnieders/maemmad/pKa_GNN/ffx_pipeline/data/sge_jobs/min_3FT7_titrate_pH3.94.job,dry-run,generated,
3FT7,4.4,titration,/Dedicated/schnieders/maemmad/pKa_GNN/ffx_pipeline/data/sge_jobs/min_3FT7_titrate_pH4.4.job,dry-run,generated,
3FT7,6.45,titration,/Dedicated/schnieders/maemmad/pKa_GNN/ffx_pipeline/data/sge_jobs/min_3FT7_titrate_pH6.45.job,dry-run,generated,
3FT7,8.55,titration,/Dedicated/schnieders/maemmad/pKa_GNN/ffx_pipeline/data/sge_jobs/min_3FT7_titrate_pH8.55.job,dry-run,generated,
3FX5,,rotamer,/Dedicated/schnieders/maemmad/pKa_GNN/ffx_pipeline/data/sge_jobs/rot_3FX5.job,dry-run,generated,
3FX5,3.94,titration,/Dedicated/schnieders/maemmad/pKa_GNN/ffx_pipeline/data/sge_jobs/min_3FX5_titrate_pH3.94.job,dry-run,generated,
3FX5,4.4,titration,/Dedicated/schnieders/maemmad/pKa_GNN/ffx_pipeline/data/sge_jobs/min_3FX5_titrate_pH4.4.job,dry-run,generated,
3FX5,6.45,titration,/Dedicated/schnieders/maemmad/pKa_GNN/ffx_pipeline/data/sge_jobs/min_3FX5_titrate_pH6.45.job,dry-run,generated,
3FX5,8.55,titration,/Dedicated/schnieders/maemmad/pKa_GNN/ffx_pipeline/data/sge_jobs/min_3FX5_titrate_pH8.55.job,dry-run,generated,
3H6M,,rotamer,/Dedicated/schnieders/maemmad/pKa_GNN/ffx_pipeline/data/sge_jobs/rot_3H6M.job,dry-run,generated,
3H6M,3.94,titration,/Dedicated/schnieders/maemmad/pKa_GNN/ffx_pipeline/data/sge_jobs/min_3H6M_titrate_pH3.94.job,dry-run,generated,
3H6M,4.4,titration,/Dedicated/schnieders/maemmad/pKa_GNN/ffx_pipeline/data/sge_jobs/min_3H6M_titrate_pH4.4.job,dry-run,generated,
3H6M,6.45,titration,/Dedicated/schnieders/maemmad/pKa_GNN/ffx_pipeline/data/sge_jobs/min_3H6M_titrate_pH6.45.job,dry-run,generated,
3H6M,8.55,titration,/Dedicated/schnieders/maemmad/pKa_GNN/ffx_pipeline/data/sge_jobs/min_3H6M_titrate_pH8.55.job,dry-run,generated,
3HZX,,rotamer,/Dedicated/schnieders/maemmad/pKa_GNN/ffx_pipeline/data/sge_jobs/rot_3HZX.job,dry-run,generated,
3HZX,3.94,titration,/Dedicated/schnieders/maemmad/pKa_GNN/ffx_pipeline/data/sge_jobs/min_3HZX_titrate_pH3.94.job,dry-run,generated,
3HZX,4.4,titration,/Dedicated/schnieders/maemmad/pKa_GNN/ffx_pipeline/data/sge_jobs/min_3HZX_titrate_pH4.4.job,dry-run,generated,
3HZX,6.45,titration,/Dedicated/schnieders/maemmad/pKa_GNN/ffx_pipeline/data/sge_jobs/min_3HZX_titrate_pH6.45.job,dry-run,generated,
3HZX,8.55,titration,/Dedicated/schnieders/maemmad/pKa_GNN/ffx_pipeline/data/sge_jobs/min_3HZX_titrate_pH8.55.job,dry-run,generated,
3ITP,,rotamer,/Dedicated/schnieders/maemmad/pKa_GNN/ffx_pipeline/data/sge_jobs/rot_3ITP.job,dry-run,generated,
3ITP,3.94,titration,/Dedicated/schnieders/maemmad/pKa_GNN/ffx_pipeline/data/sge_jobs/min_3ITP_titrate_pH3.94.job,dry-run,generated,
3ITP,4.4,titration,/Dedicated/schnieders/maemmad/pKa_GNN/ffx_pipeline/data/sge_jobs/min_3ITP_titrate_pH4.4.job,dry-run,generated,
3ITP,6.45,titration,/Dedicated/schnieders/maemmad/pKa_GNN/ffx_pipeline/data/sge_jobs/min_3ITP_titrate_pH6.45.job,dry-run,generated,
3ITP,8.55,titration,/Dedicated/schnieders/maemmad/pKa_GNN/ffx_pipeline/data/sge_jobs/min_3ITP_titrate_pH8.55.job,dry-run,generated,
3P75,,rotamer,/Dedicated/schnieders/maemmad/pKa_GNN/ffx_pipeline/data/sge_jobs/rot_3P75.job,dry-run,generated,
3P75,3.94,titration,/Dedicated/schnieders/maemmad/pKa_GNN/ffx_pipeline/data/sge_jobs/min_3P75_titrate_pH3.94.job,dry-run,generated,
3P75,4.4,titration,/Dedicated/schnieders/maemmad/pKa_GNN/ffx_pipeline/data/sge_jobs/min_3P75_titrate_pH4.4.job,dry-run,generated,
3P75,6.45,titration,/Dedicated/schnieders/maemmad/pKa_GNN/ffx_pipeline/data/sge_jobs/min_3P75_titrate_pH6.45.job,dry-run,generated,
3P75,8.55,titration,/Dedicated/schnieders/maemmad/pKa_GNN/ffx_pipeline/data/sge_jobs/min_3P75_titrate_pH8.55.job,dry-run,generated,
3QOJ,,rotamer,/Dedicated/schnieders/maemmad/pKa_GNN/ffx_pipeline/data/sge_jobs/rot_3QOJ.job,dry-run,generated,
3QOJ,3.94,titration,/Dedicated/schnieders/maemmad/pKa_GNN/ffx_pipeline/data/sge_jobs/min_3QOJ_titrate_pH3.94.job,dry-run,generated,
3QOJ,4.4,titration,/Dedicated/schnieders/maemmad/pKa_GNN/ffx_pipeline/data/sge_jobs/min_3QOJ_titrate_pH4.4.job,dry-run,generated,
3QOJ,6.45,titration,/Dedicated/schnieders/maemmad/pKa_GNN/ffx_pipeline/data/sge_jobs/min_3QOJ_titrate_pH6.45.job,dry-run,generated,
3QOJ,8.55,titration,/Dedicated/schnieders/maemmad/pKa_GNN/ffx_pipeline/data/sge_jobs/min_3QOJ_titrate_pH8.55.job,dry-run,generated,
3QOL,,rotamer,/Dedicated/schnieders/maemmad/pKa_GNN/ffx_pipeline/data/sge_jobs/rot_3QOL.job,dry-run,generated,
3QOL,3.94,titration,/Dedicated/schnieders/maemmad/pKa_GNN/ffx_pipeline/data/sge_jobs/min_3QOL_titrate_pH3.94.job,dry-run,generated,
3QOL,4.4,titration,/Dedicated/schnieders/maemmad/pKa_GNN/ffx_pipeline/data/sge_jobs/min_3QOL_titrate_pH4.4.job,dry-run,generated,
3QOL,6.45,titration,/Dedicated/schnieders/maemmad/pKa_GNN/ffx_pipeline/data/sge_jobs/min_3QOL_titrate_pH6.45.job,dry-run,generated,
3QOL,8.55,titration,/Dedicated/schnieders/maemmad/pKa_GNN/ffx_pipeline/data/sge_jobs/min_3QOL_titrate_pH8.55.job,dry-run,generated,
3RUZ,,rotamer,/Dedicated/schnieders/maemmad/pKa_GNN/ffx_pipeline/data/sge_jobs/rot_3RUZ.job,dry-run,generated,
3RUZ,3.94,titration,/Dedicated/schnieders/maemmad/pKa_GNN/ffx_pipeline/data/sge_jobs/min_3RUZ_titrate_pH3.94.job,dry-run,generated,
3RUZ,4.4,titration,/Dedicated/schnieders/maemmad/pKa_GNN/ffx_pipeline/data/sge_jobs/min_3RUZ_titrate_pH4.4.job,dry-run,generated,
3RUZ,6.45,titration,/Dedicated/schnieders/maemmad/pKa_GNN/ffx_pipeline/data/sge_jobs/min_3RUZ_titrate_pH6.45.job,dry-run,generated,
3RUZ,8.55,titration,/Dedicated/schnieders/maemmad/pKa_GNN/ffx_pipeline/data/sge_jobs/min_3RUZ_titrate_pH8.55.job,dry-run,generated,
3SK5,,rotamer,/Dedicated/schnieders/maemmad/pKa_GNN/ffx_pipeline/data/sge_jobs/rot_3SK5.job,dry-run,generated,
3SK5,3.94,titration,/Dedicated/schnieders/maemmad/pKa_GNN/ffx_pipeline/data/sge_jobs/min_3SK5_titrate_pH3.94.job,dry-run,generated,
3SK5,4.4,titration,/Dedicated/schnieders/maemmad/pKa_GNN/ffx_pipeline/data/sge_jobs/min_3SK5_titrate_pH4.4.job,dry-run,generated,
3SK5,6.45,titration,/Dedicated/schnieders/maemmad/pKa_GNN/ffx_pipeline/data/sge_jobs/min_3SK5_titrate_pH6.45.job,dry-run,generated,
3SK5,8.55,titration,/Dedicated/schnieders/maemmad/pKa_GNN/ffx_pipeline/data/sge_jobs/min_3SK5_titrate_pH8.55.job,dry-run,generated,
3SSI,,rotamer,/Dedicated/schnieders/maemmad/pKa_GNN/ffx_pipeline/data/sge_jobs/rot_3SSI.job,dry-run,generated,
3SSI,3.94,titration,/Dedicated/schnieders/maemmad/pKa_GNN/ffx_pipeline/data/sge_jobs/min_3SSI_titrate_pH3.94.job,dry-run,generated,
3SSI,4.4,titration,/Dedicated/schnieders/maemmad/pKa_GNN/ffx_pipeline/data/sge_jobs/min_3SSI_titrate_pH4.4.job,dry-run,generated,
3SSI,6.45,titration,/Dedicated/schnieders/maemmad/pKa_GNN/ffx_pipeline/data/sge_jobs/min_3SSI_titrate_pH6.45.job,dry-run,generated,
3SSI,8.55,titration,/Dedicated/schnieders/maemmad/pKa_GNN/ffx_pipeline/data/sge_jobs/min_3SSI_titrate_pH8.55.job,dry-run,generated,
3TP7,,rotamer,/Dedicated/schnieders/maemmad/pKa_GNN/ffx_pipeline/data/sge_jobs/rot_3TP7.job,dry-run,generated,
3TP7,3.94,titration,/Dedicated/schnieders/maemmad/pKa_GNN/ffx_pipeline/data/sge_jobs/min_3TP7_titrate_pH3.94.job,dry-run,generated,
3TP7,4.4,titration,/Dedicated/schnieders/maemmad/pKa_GNN/ffx_pipeline/data/sge_jobs/min_3TP7_titrate_pH4.4.job,dry-run,generated,
3TP7,6.45,titration,/Dedicated/schnieders/maemmad/pKa_GNN/ffx_pipeline/data/sge_jobs/min_3TP7_titrate_pH6.45.job,dry-run,generated,
3TP7,8.55,titration,/Dedicated/schnieders/maemmad/pKa_GNN/ffx_pipeline/data/sge_jobs/min_3TP7_titrate_pH8.55.job,dry-run,generated,
3TP8,,rotamer,/Dedicated/schnieders/maemmad/pKa_GNN/ffx_pipeline/data/sge_jobs/rot_3TP8.job,dry-run,generated,
3TP8,3.94,titration,/Dedicated/schnieders/maemmad/pKa_GNN/ffx_pipeline/data/sge_jobs/min_3TP8_titrate_pH3.94.job,dry-run,generated,
3TP8,4.4,titration,/Dedicated/schnieders/maemmad/pKa_GNN/ffx_pipeline/data/sge_jobs/min_3TP8_titrate_pH4.4.job,dry-run,generated,
3TP8,6.45,titration,/Dedicated/schnieders/maemmad/pKa_GNN/ffx_pipeline/data/sge_jobs/min_3TP8_titrate_pH6.45.job,dry-run,generated,
3TP8,8.55,titration,/Dedicated/schnieders/maemmad/pKa_GNN/ffx_pipeline/data/sge_jobs/min_3TP8_titrate_pH8.55.job,dry-run,generated,
3WU2,,rotamer,/Dedicated/schnieders/maemmad/pKa_GNN/ffx_pipeline/data/sge_jobs/rot_3WU2.job,dry-run,generated,
3WU2,3.94,titration,/Dedicated/schnieders/maemmad/pKa_GNN/ffx_pipeline/data/sge_jobs/min_3WU2_titrate_pH3.94.job,dry-run,generated,
3WU2,4.4,titration,/Dedicated/schnieders/maemmad/pKa_GNN/ffx_pipeline/data/sge_jobs/min_3WU2_titrate_pH4.4.job,dry-run,generated,
3WU2,6.45,titration,/Dedicated/schnieders/maemmad/pKa_GNN/ffx_pipeline/data/sge_jobs/min_3WU2_titrate_pH6.45.job,dry-run,generated,
3WU2,8.55,titration,/Dedicated/schnieders/maemmad/pKa_GNN/ffx_pipeline/data/sge_jobs/min_3WU2_titrate_pH8.55.job,dry-run,generated,
4BYA,,rotamer,/Dedicated/schnieders/maemmad/pKa_GNN/ffx_pipeline/data/sge_jobs/rot_4BYA.job,dry-run,generated,
4BYA,3.94,titration,/Dedicated/schnieders/maemmad/pKa_GNN/ffx_pipeline/data/sge_jobs/min_4BYA_titrate_pH3.94.job,dry-run,generated,
4BYA,4.4,titration,/Dedicated/schnieders/maemmad/pKa_GNN/ffx_pipeline/data/sge_jobs/min_4BYA_titrate_pH4.4.job,dry-run,generated,
4BYA,6.45,titration,/Dedicated/schnieders/maemmad/pKa_GNN/ffx_pipeline/data/sge_jobs/min_4BYA_titrate_pH6.45.job,dry-run,generated,
4BYA,8.55,titration,/Dedicated/schnieders/maemmad/pKa_GNN/ffx_pipeline/data/sge_jobs/min_4BYA_titrate_pH8.55.job,dry-run,generated,
4EQP,,rotamer,/Dedicated/schnieders/maemmad/pKa_GNN/ffx_pipeline/data/sge_jobs/rot_4EQP.job,dry-run,generated,
4EQP,3.94,titration,/Dedicated/schnieders/maemmad/pKa_GNN/ffx_pipeline/data/sge_jobs/min_4EQP_titrate_pH3.94.job,dry-run,generated,
4EQP,4.4,titration,/Dedicated/schnieders/maemmad/pKa_GNN/ffx_pipeline/data/sge_jobs/min_4EQP_titrate_pH4.4.job,dry-run,generated,
4EQP,6.45,titration,/Dedicated/schnieders/maemmad/pKa_GNN/ffx_pipeline/data/sge_jobs/min_4EQP_titrate_pH6.45.job,dry-run,generated,
4EQP,8.55,titration,/Dedicated/schnieders/maemmad/pKa_GNN/ffx_pipeline/data/sge_jobs/min_4EQP_titrate_pH8.55.job,dry-run,generated,
4HHB,,rotamer,/Dedicated/schnieders/maemmad/pKa_GNN/ffx_pipeline/data/sge_jobs/rot_4HHB.job,dry-run,generated,
4HHB,3.94,titration,/Dedicated/schnieders/maemmad/pKa_GNN/ffx_pipeline/data/sge_jobs/min_4HHB_titrate_pH3.94.job,dry-run,generated,
4HHB,4.4,titration,/Dedicated/schnieders/maemmad/pKa_GNN/ffx_pipeline/data/sge_jobs/min_4HHB_titrate_pH4.4.job,dry-run,generated,
4HHB,6.45,titration,/Dedicated/schnieders/maemmad/pKa_GNN/ffx_pipeline/data/sge_jobs/min_4HHB_titrate_pH6.45.job,dry-run,generated,
4HHB,8.55,titration,/Dedicated/schnieders/maemmad/pKa_GNN/ffx_pipeline/data/sge_jobs/min_4HHB_titrate_pH8.55.job,dry-run,generated,
4HMI,,rotamer,/Dedicated/schnieders/maemmad/pKa_GNN/ffx_pipeline/data/sge_jobs/rot_4HMI.job,dry-run,generated,
4HMI,3.94,titration,/Dedicated/schnieders/maemmad/pKa_GNN/ffx_pipeline/data/sge_jobs/min_4HMI_titrate_pH3.94.job,dry-run,generated,
4HMI,4.4,titration,/Dedicated/schnieders/maemmad/pKa_GNN/ffx_pipeline/data/sge_jobs/min_4HMI_titrate_pH4.4.job,dry-run,generated,
4HMI,6.45,titration,/Dedicated/schnieders/maemmad/pKa_GNN/ffx_pipeline/data/sge_jobs/min_4HMI_titrate_pH6.45.job,dry-run,generated,
4HMI,8.55,titration,/Dedicated/schnieders/maemmad/pKa_GNN/ffx_pipeline/data/sge_jobs/min_4HMI_titrate_pH8.55.job,dry-run,generated,
4HMJ,,rotamer,/Dedicated/schnieders/maemmad/pKa_GNN/ffx_pipeline/data/sge_jobs/rot_4HMJ.job,dry-run,generated,
4HMJ,3.94,titration,/Dedicated/schnieders/maemmad/pKa_GNN/ffx_pipeline/data/sge_jobs/min_4HMJ_titrate_pH3.94.job,dry-run,generated,
4HMJ,4.4,titration,/Dedicated/schnieders/maemmad/pKa_GNN/ffx_pipeline/data/sge_jobs/min_4HMJ_titrate_pH4.4.job,dry-run,generated,
4HMJ,6.45,titration,/Dedicated/schnieders/maemmad/pKa_GNN/ffx_pipeline/data/sge_jobs/min_4HMJ_titrate_pH6.45.job,dry-run,generated,
4HMJ,8.55,titration,/Dedicated/schnieders/maemmad/pKa_GNN/ffx_pipeline/data/sge_jobs/min_4HMJ_titrate_pH8.55.job,dry-run,generated,
4ICB,,rotamer,/Dedicated/schnieders/maemmad/pKa_GNN/ffx_pipeline/data/sge_jobs/rot_4ICB.job,dry-run,generated,
4ICB,3.94,titration,/Dedicated/schnieders/maemmad/pKa_GNN/ffx_pipeline/data/sge_jobs/min_4ICB_titrate_pH3.94.job,dry-run,generated,
4ICB,4.4,titration,/Dedicated/schnieders/maemmad/pKa_GNN/ffx_pipeline/data/sge_jobs/min_4ICB_titrate_pH4.4.job,dry-run,generated,
4ICB,6.45,titration,/Dedicated/schnieders/maemmad/pKa_GNN/ffx_pipeline/data/sge_jobs/min_4ICB_titrate_pH6.45.job,dry-run,generated,
4ICB,8.55,titration,/Dedicated/schnieders/maemmad/pKa_GNN/ffx_pipeline/data/sge_jobs/min_4ICB_titrate_pH8.55.job,dry-run,generated,
4KY5,,rotamer,/Dedicated/schnieders/maemmad/pKa_GNN/ffx_pipeline/data/sge_jobs/rot_4KY5.job,dry-run,generated,
4KY5,3.94,titration,/Dedicated/schnieders/maemmad/pKa_GNN/ffx_pipeline/data/sge_jobs/min_4KY5_titrate_pH3.94.job,dry-run,generated,
4KY5,4.4,titration,/Dedicated/schnieders/maemmad/pKa_GNN/ffx_pipeline/data/sge_jobs/min_4KY5_titrate_pH4.4.job,dry-run,generated,
4KY5,6.45,titration,/Dedicated/schnieders/maemmad/pKa_GNN/ffx_pipeline/data/sge_jobs/min_4KY5_titrate_pH6.45.job,dry-run,generated,
4KY5,8.55,titration,/Dedicated/schnieders/maemmad/pKa_GNN/ffx_pipeline/data/sge_jobs/min_4KY5_titrate_pH8.55.job,dry-run,generated,
4KY6,,rotamer,/Dedicated/schnieders/maemmad/pKa_GNN/ffx_pipeline/data/sge_jobs/rot_4KY6.job,dry-run,generated,
4KY6,3.94,titration,/Dedicated/schnieders/maemmad/pKa_GNN/ffx_pipeline/data/sge_jobs/min_4KY6_titrate_pH3.94.job,dry-run,generated,
4KY6,4.4,titration,/Dedicated/schnieders/maemmad/pKa_GNN/ffx_pipeline/data/sge_jobs/min_4KY6_titrate_pH4.4.job,dry-run,generated,
4KY6,6.45,titration,/Dedicated/schnieders/maemmad/pKa_GNN/ffx_pipeline/data/sge_jobs/min_4KY6_titrate_pH6.45.job,dry-run,generated,
4KY6,8.55,titration,/Dedicated/schnieders/maemmad/pKa_GNN/ffx_pipeline/data/sge_jobs/min_4KY6_titrate_pH8.55.job,dry-run,generated,
4KY7,,rotamer,/Dedicated/schnieders/maemmad/pKa_GNN/ffx_pipeline/data/sge_jobs/rot_4KY7.job,dry-run,generated,
4KY7,3.94,titration,/Dedicated/schnieders/maemmad/pKa_GNN/ffx_pipeline/data/sge_jobs/min_4KY7_titrate_pH3.94.job,dry-run,generated,
4KY7,4.4,titration,/Dedicated/schnieders/maemmad/pKa_GNN/ffx_pipeline/data/sge_jobs/min_4KY7_titrate_pH4.4.job,dry-run,generated,
4KY7,6.45,titration,/Dedicated/schnieders/maemmad/pKa_GNN/ffx_pipeline/data/sge_jobs/min_4KY7_titrate_pH6.45.job,dry-run,generated,
4KY7,8.55,titration,/Dedicated/schnieders/maemmad/pKa_GNN/ffx_pipeline/data/sge_jobs/min_4KY7_titrate_pH8.55.job,dry-run,generated,
4LZT,,rotamer,/Dedicated/schnieders/maemmad/pKa_GNN/ffx_pipeline/data/sge_jobs/rot_4LZT.job,dry-run,generated,
4LZT,3.94,titration,/Dedicated/schnieders/maemmad/pKa_GNN/ffx_pipeline/data/sge_jobs/min_4LZT_titrate_pH3.94.job,dry-run,generated,
4LZT,4.4,titration,/Dedicated/schnieders/maemmad/pKa_GNN/ffx_pipeline/data/sge_jobs/min_4LZT_titrate_pH4.4.job,dry-run,generated,
4LZT,6.45,titration,/Dedicated/schnieders/maemmad/pKa_GNN/ffx_pipeline/data/sge_jobs/min_4LZT_titrate_pH6.45.job,dry-run,generated,
4LZT,8.55,titration,/Dedicated/schnieders/maemmad/pKa_GNN/ffx_pipeline/data/sge_jobs/min_4LZT_titrate_pH8.55.job,dry-run,generated,
4MA9,,rotamer,/Dedicated/schnieders/maemmad/pKa_GNN/ffx_pipeline/data/sge_jobs/rot_4MA9.job,dry-run,generated,
4MA9,3.94,titration,/Dedicated/schnieders/maemmad/pKa_GNN/ffx_pipeline/data/sge_jobs/min_4MA9_titrate_pH3.94.job,dry-run,generated,
4MA9,4.4,titration,/Dedicated/schnieders/maemmad/pKa_GNN/ffx_pipeline/data/sge_jobs/min_4MA9_titrate_pH4.4.job,dry-run,generated,
4MA9,6.45,titration,/Dedicated/schnieders/maemmad/pKa_GNN/ffx_pipeline/data/sge_jobs/min_4MA9_titrate_pH6.45.job,dry-run,generated,
4MA9,8.55,titration,/Dedicated/schnieders/maemmad/pKa_GNN/ffx_pipeline/data/sge_jobs/min_4MA9_titrate_pH8.55.job,dry-run,generated,
4PTI,,rotamer,/Dedicated/schnieders/maemmad/pKa_GNN/ffx_pipeline/data/sge_jobs/rot_4PTI.job,dry-run,generated,
4PTI,3.94,titration,/Dedicated/schnieders/maemmad/pKa_GNN/ffx_pipeline/data/sge_jobs/min_4PTI_titrate_pH3.94.job,dry-run,generated,
4PTI,4.4,titration,/Dedicated/schnieders/maemmad/pKa_GNN/ffx_pipeline/data/sge_jobs/min_4PTI_titrate_pH4.4.job,dry-run,generated,
4PTI,6.45,titration,/Dedicated/schnieders/maemmad/pKa_GNN/ffx_pipeline/data/sge_jobs/min_4PTI_titrate_pH6.45.job,dry-run,generated,
4PTI,8.55,titration,/Dedicated/schnieders/maemmad/pKa_GNN/ffx_pipeline/data/sge_jobs/min_4PTI_titrate_pH8.55.job,dry-run,generated,
4QYT,,rotamer,/Dedicated/schnieders/maemmad/pKa_GNN/ffx_pipeline/data/sge_jobs/rot_4QYT.job,dry-run,generated,
4QYT,3.94,titration,/Dedicated/schnieders/maemmad/pKa_GNN/ffx_pipeline/data/sge_jobs/min_4QYT_titrate_pH3.94.job,dry-run,generated,
4QYT,4.4,titration,/Dedicated/schnieders/maemmad/pKa_GNN/ffx_pipeline/data/sge_jobs/min_4QYT_titrate_pH4.4.job,dry-run,generated,
4QYT,6.45,titration,/Dedicated/schnieders/maemmad/pKa_GNN/ffx_pipeline/data/sge_jobs/min_4QYT_titrate_pH6.45.job,dry-run,generated,
4QYT,8.55,titration,/Dedicated/schnieders/maemmad/pKa_GNN/ffx_pipeline/data/sge_jobs/min_4QYT_titrate_pH8.55.job,dry-run,generated,
4XLL,,rotamer,/Dedicated/schnieders/maemmad/pKa_GNN/ffx_pipeline/data/sge_jobs/rot_4XLL.job,dry-run,generated,
4XLL,3.94,titration,/Dedicated/schnieders/maemmad/pKa_GNN/ffx_pipeline/data/sge_jobs/min_4XLL_titrate_pH3.94.job,dry-run,generated,
4XLL,4.4,titration,/Dedicated/schnieders/maemmad/pKa_GNN/ffx_pipeline/data/sge_jobs/min_4XLL_titrate_pH4.4.job,dry-run,generated,
4XLL,6.45,titration,/Dedicated/schnieders/maemmad/pKa_GNN/ffx_pipeline/data/sge_jobs/min_4XLL_titrate_pH6.45.job,dry-run,generated,
4XLL,8.55,titration,/Dedicated/schnieders/maemmad/pKa_GNN/ffx_pipeline/data/sge_jobs/min_4XLL_titrate_pH8.55.job,dry-run,generated,
4YIJ,,rotamer,/Dedicated/schnieders/maemmad/pKa_GNN/ffx_pipeline/data/sge_jobs/rot_4YIJ.job,dry-run,generated,
4YIJ,3.94,titration,/Dedicated/schnieders/maemmad/pKa_GNN/ffx_pipeline/data/sge_jobs/min_4YIJ_titrate_pH3.94.job,dry-run,generated,
4YIJ,4.4,titration,/Dedicated/schnieders/maemmad/pKa_GNN/ffx_pipeline/data/sge_jobs/min_4YIJ_titrate_pH4.4.job,dry-run,generated,
4YIJ,6.45,titration,/Dedicated/schnieders/maemmad/pKa_GNN/ffx_pipeline/data/sge_jobs/min_4YIJ_titrate_pH6.45.job,dry-run,generated,
4YIJ,8.55,titration,/Dedicated/schnieders/maemmad/pKa_GNN/ffx_pipeline/data/sge_jobs/min_4YIJ_titrate_pH8.55.job,dry-run,generated,
5DEH,,rotamer,/Dedicated/schnieders/maemmad/pKa_GNN/ffx_pipeline/data/sge_jobs/rot_5DEH.job,dry-run,generated,
5DEH,3.94,titration,/Dedicated/schnieders/maemmad/pKa_GNN/ffx_pipeline/data/sge_jobs/min_5DEH_titrate_pH3.94.job,dry-run,generated,
5DEH,4.4,titration,/Dedicated/schnieders/maemmad/pKa_GNN/ffx_pipeline/data/sge_jobs/min_5DEH_titrate_pH4.4.job,dry-run,generated,
5DEH,6.45,titration,/Dedicated/schnieders/maemmad/pKa_GNN/ffx_pipeline/data/sge_jobs/min_5DEH_titrate_pH6.45.job,dry-run,generated,
5DEH,8.55,titration,/Dedicated/schnieders/maemmad/pKa_GNN/ffx_pipeline/data/sge_jobs/min_5DEH_titrate_pH8.55.job,dry-run,generated,
5E1F,,rotamer,/Dedicated/schnieders/maemmad/pKa_GNN/ffx_pipeline/data/sge_jobs/rot_5E1F.job,dry-run,generated,
5E1F,3.94,titration,/Dedicated/schnieders/maemmad/pKa_GNN/ffx_pipeline/data/sge_jobs/min_5E1F_titrate_pH3.94.job,dry-run,generated,
5E1F,4.4,titration,/Dedicated/schnieders/maemmad/pKa_GNN/ffx_pipeline/data/sge_jobs/min_5E1F_titrate_pH4.4.job,dry-run,generated,
5E1F,6.45,titration,/Dedicated/schnieders/maemmad/pKa_GNN/ffx_pipeline/data/sge_jobs/min_5E1F_titrate_pH6.45.job,dry-run,generated,
5E1F,8.55,titration,/Dedicated/schnieders/maemmad/pKa_GNN/ffx_pipeline/data/sge_jobs/min_5E1F_titrate_pH8.55.job,dry-run,generated,
5E3F,,rotamer,/Dedicated/schnieders/maemmad/pKa_GNN/ffx_pipeline/data/sge_jobs/rot_5E3F.job,dry-run,generated,
5E3F,3.94,titration,/Dedicated/schnieders/maemmad/pKa_GNN/ffx_pipeline/data/sge_jobs/min_5E3F_titrate_pH3.94.job,dry-run,generated,
5E3F,4.4,titration,/Dedicated/schnieders/maemmad/pKa_GNN/ffx_pipeline/data/sge_jobs/min_5E3F_titrate_pH4.4.job,dry-run,generated,
5E3F,6.45,titration,/Dedicated/schnieders/maemmad/pKa_GNN/ffx_pipeline/data/sge_jobs/min_5E3F_titrate_pH6.45.job,dry-run,generated,
5E3F,8.55,titration,/Dedicated/schnieders/maemmad/pKa_GNN/ffx_pipeline/data/sge_jobs/min_5E3F_titrate_pH8.55.job,dry-run,generated,
5EGT,,rotamer,/Dedicated/schnieders/maemmad/pKa_GNN/ffx_pipeline/data/sge_jobs/rot_5EGT.job,dry-run,generated,
5EGT,3.94,titration,/Dedicated/schnieders/maemmad/pKa_GNN/ffx_pipeline/data/sge_jobs/min_5EGT_titrate_pH3.94.job,dry-run,generated,
5EGT,4.4,titration,/Dedicated/schnieders/maemmad/pKa_GNN/ffx_pipeline/data/sge_jobs/min_5EGT_titrate_pH4.4.job,dry-run,generated,
5EGT,6.45,titration,/Dedicated/schnieders/maemmad/pKa_GNN/ffx_pipeline/data/sge_jobs/min_5EGT_titrate_pH6.45.job,dry-run,generated,
5EGT,8.55,titration,/Dedicated/schnieders/maemmad/pKa_GNN/ffx_pipeline/data/sge_jobs/min_5EGT_titrate_pH8.55.job,dry-run,generated,
5I6W,,rotamer,/Dedicated/schnieders/maemmad/pKa_GNN/ffx_pipeline/data/sge_jobs/rot_5I6W.job,dry-run,generated,
5I6W,3.94,titration,/Dedicated/schnieders/maemmad/pKa_GNN/ffx_pipeline/data/sge_jobs/min_5I6W_titrate_pH3.94.job,dry-run,generated,
5I6W,4.4,titration,/Dedicated/schnieders/maemmad/pKa_GNN/ffx_pipeline/data/sge_jobs/min_5I6W_titrate_pH4.4.job,dry-run,generated,
5I6W,6.45,titration,/Dedicated/schnieders/maemmad/pKa_GNN/ffx_pipeline/data/sge_jobs/min_5I6W_titrate_pH6.45.job,dry-run,generated,
5I6W,8.55,titration,/Dedicated/schnieders/maemmad/pKa_GNN/ffx_pipeline/data/sge_jobs/min_5I6W_titrate_pH8.55.job,dry-run,generated,
5I6Y,,rotamer,/Dedicated/schnieders/maemmad/pKa_GNN/ffx_pipeline/data/sge_jobs/rot_5I6Y.job,dry-run,generated,
5I6Y,3.94,titration,/Dedicated/schnieders/maemmad/pKa_GNN/ffx_pipeline/data/sge_jobs/min_5I6Y_titrate_pH3.94.job,dry-run,generated,
5I6Y,4.4,titration,/Dedicated/schnieders/maemmad/pKa_GNN/ffx_pipeline/data/sge_jobs/min_5I6Y_titrate_pH4.4.job,dry-run,generated,
5I6Y,6.45,titration,/Dedicated/schnieders/maemmad/pKa_GNN/ffx_pipeline/data/sge_jobs/min_5I6Y_titrate_pH6.45.job,dry-run,generated,
5I6Y,8.55,titration,/Dedicated/schnieders/maemmad/pKa_GNN/ffx_pipeline/data/sge_jobs/min_5I6Y_titrate_pH8.55.job,dry-run,generated,
5IIF,,rotamer,/Dedicated/schnieders/maemmad/pKa_GNN/ffx_pipeline/data/sge_jobs/rot_5IIF.job,dry-run,generated,
5IIF,3.94,titration,/Dedicated/schnieders/maemmad/pKa_GNN/ffx_pipeline/data/sge_jobs/min_5IIF_titrate_pH3.94.job,dry-run,generated,
5IIF,4.4,titration,/Dedicated/schnieders/maemmad/pKa_GNN/ffx_pipeline/data/sge_jobs/min_5IIF_titrate_pH4.4.job,dry-run,generated,
5IIF,6.45,titration,/Dedicated/schnieders/maemmad/pKa_GNN/ffx_pipeline/data/sge_jobs/min_5IIF_titrate_pH6.45.job,dry-run,generated,
5IIF,8.55,titration,/Dedicated/schnieders/maemmad/pKa_GNN/ffx_pipeline/data/sge_jobs/min_5IIF_titrate_pH8.55.job,dry-run,generated,
5ISR,,rotamer,/Dedicated/schnieders/maemmad/pKa_GNN/ffx_pipeline/data/sge_jobs/rot_5ISR.job,dry-run,generated,
5ISR,3.94,titration,/Dedicated/schnieders/maemmad/pKa_GNN/ffx_pipeline/data/sge_jobs/min_5ISR_titrate_pH3.94.job,dry-run,generated,
5ISR,4.4,titration,/Dedicated/schnieders/maemmad/pKa_GNN/ffx_pipeline/data/sge_jobs/min_5ISR_titrate_pH4.4.job,dry-run,generated,
5ISR,6.45,titration,/Dedicated/schnieders/maemmad/pKa_GNN/ffx_pipeline/data/sge_jobs/min_5ISR_titrate_pH6.45.job,dry-run,generated,
5ISR,8.55,titration,/Dedicated/schnieders/maemmad/pKa_GNN/ffx_pipeline/data/sge_jobs/min_5ISR_titrate_pH8.55.job,dry-run,generated,
5J1Z,,rotamer,/Dedicated/schnieders/maemmad/pKa_GNN/ffx_pipeline/data/sge_jobs/rot_5J1Z.job,dry-run,generated,
5J1Z,3.94,titration,/Dedicated/schnieders/maemmad/pKa_GNN/ffx_pipeline/data/sge_jobs/min_5J1Z_titrate_pH3.94.job,dry-run,generated,
5J1Z,4.4,titration,/Dedicated/schnieders/maemmad/pKa_GNN/ffx_pipeline/data/sge_jobs/min_5J1Z_titrate_pH4.4.job,dry-run,generated,
5J1Z,6.45,titration,/Dedicated/schnieders/maemmad/pKa_GNN/ffx_pipeline/data/sge_jobs/min_5J1Z_titrate_pH6.45.job,dry-run,generated,
5J1Z,8.55,titration,/Dedicated/schnieders/maemmad/pKa_GNN/ffx_pipeline/data/sge_jobs/min_5J1Z_titrate_pH8.55.job,dry-run,generated,
5JAV,,rotamer,/Dedicated/schnieders/maemmad/pKa_GNN/ffx_pipeline/data/sge_jobs/rot_5JAV.job,dry-run,generated,
5JAV,3.94,titration,/Dedicated/schnieders/maemmad/pKa_GNN/ffx_pipeline/data/sge_jobs/min_5JAV_titrate_pH3.94.job,dry-run,generated,
5JAV,4.4,titration,/Dedicated/schnieders/maemmad/pKa_GNN/ffx_pipeline/data/sge_jobs/min_5JAV_titrate_pH4.4.job,dry-run,generated,
5JAV,6.45,titration,/Dedicated/schnieders/maemmad/pKa_GNN/ffx_pipeline/data/sge_jobs/min_5JAV_titrate_pH6.45.job,dry-run,generated,
5JAV,8.55,titration,/Dedicated/schnieders/maemmad/pKa_GNN/ffx_pipeline/data/sge_jobs/min_5JAV_titrate_pH8.55.job,dry-run,generated,
5KGU,,rotamer,/Dedicated/schnieders/maemmad/pKa_GNN/ffx_pipeline/data/sge_jobs/rot_5KGU.job,dry-run,generated,
5KGU,3.94,titration,/Dedicated/schnieders/maemmad/pKa_GNN/ffx_pipeline/data/sge_jobs/min_5KGU_titrate_pH3.94.job,dry-run,generated,
5KGU,4.4,titration,/Dedicated/schnieders/maemmad/pKa_GNN/ffx_pipeline/data/sge_jobs/min_5KGU_titrate_pH4.4.job,dry-run,generated,
5KGU,6.45,titration,/Dedicated/schnieders/maemmad/pKa_GNN/ffx_pipeline/data/sge_jobs/min_5KGU_titrate_pH6.45.job,dry-run,generated,
5KGU,8.55,titration,/Dedicated/schnieders/maemmad/pKa_GNN/ffx_pipeline/data/sge_jobs/min_5KGU_titrate_pH8.55.job,dry-run,generated,
5KIX,,rotamer,/Dedicated/schnieders/maemmad/pKa_GNN/ffx_pipeline/data/sge_jobs/rot_5KIX.job,dry-run,generated,
5KIX,3.94,titration,/Dedicated/schnieders/maemmad/pKa_GNN/ffx_pipeline/data/sge_jobs/min_5KIX_titrate_pH3.94.job,dry-run,generated,
5KIX,4.4,titration,/Dedicated/schnieders/maemmad/pKa_GNN/ffx_pipeline/data/sge_jobs/min_5KIX_titrate_pH4.4.job,dry-run,generated,
5KIX,6.45,titration,/Dedicated/schnieders/maemmad/pKa_GNN/ffx_pipeline/data/sge_jobs/min_5KIX_titrate_pH6.45.job,dry-run,generated,
5KIX,8.55,titration,/Dedicated/schnieders/maemmad/pKa_GNN/ffx_pipeline/data/sge_jobs/min_5KIX_titrate_pH8.55.job,dry-run,generated,
6EEG,,rotamer,/Dedicated/schnieders/maemmad/pKa_GNN/ffx_pipeline/data/sge_jobs/rot_6EEG.job,dry-run,generated,
6EEG,3.94,titration,/Dedicated/schnieders/maemmad/pKa_GNN/ffx_pipeline/data/sge_jobs/min_6EEG_titrate_pH3.94.job,dry-run,generated,
6EEG,4.4,titration,/Dedicated/schnieders/maemmad/pKa_GNN/ffx_pipeline/data/sge_jobs/min_6EEG_titrate_pH4.4.job,dry-run,generated,
6EEG,6.45,titration,/Dedicated/schnieders/maemmad/pKa_GNN/ffx_pipeline/data/sge_jobs/min_6EEG_titrate_pH6.45.job,dry-run,generated,
6EEG,8.55,titration,/Dedicated/schnieders/maemmad/pKa_GNN/ffx_pipeline/data/sge_jobs/min_6EEG_titrate_pH8.55.job,dry-run,generated,
6GST,,rotamer,/Dedicated/schnieders/maemmad/pKa_GNN/ffx_pipeline/data/sge_jobs/rot_6GST.job,dry-run,generated,
6GST,3.94,titration,/Dedicated/schnieders/maemmad/pKa_GNN/ffx_pipeline/data/sge_jobs/min_6GST_titrate_pH3.94.job,dry-run,generated,
6GST,4.4,titration,/Dedicated/schnieders/maemmad/pKa_GNN/ffx_pipeline/data/sge_jobs/min_6GST_titrate_pH4.4.job,dry-run,generated,
6GST,6.45,titration,/Dedicated/schnieders/maemmad/pKa_GNN/ffx_pipeline/data/sge_jobs/min_6GST_titrate_pH6.45.job,dry-run,generated,
6GST,8.55,titration,/Dedicated/schnieders/maemmad/pKa_GNN/ffx_pipeline/data/sge_jobs/min_6GST_titrate_pH8.55.job,dry-run,generated,
7M2Z,,rotamer,/Dedicated/schnieders/maemmad/pKa_GNN/ffx_pipeline/data/sge_jobs/rot_7M2Z.job,dry-run,generated,
7M2Z,3.94,titration,/Dedicated/schnieders/maemmad/pKa_GNN/ffx_pipeline/data/sge_jobs/min_7M2Z_titrate_pH3.94.job,dry-run,generated,
7M2Z,4.4,titration,/Dedicated/schnieders/maemmad/pKa_GNN/ffx_pipeline/data/sge_jobs/min_7M2Z_titrate_pH4.4.job,dry-run,generated,
7M2Z,6.45,titration,/Dedicated/schnieders/maemmad/pKa_GNN/ffx_pipeline/data/sge_jobs/min_7M2Z_titrate_pH6.45.job,dry-run,generated,
7M2Z,8.55,titration,/Dedicated/schnieders/maemmad/pKa_GNN/ffx_pipeline/data/sge_jobs/min_7M2Z_titrate_pH8.55.job,dry-run,generated,
7RSA,,rotamer,/Dedicated/schnieders/maemmad/pKa_GNN/ffx_pipeline/data/sge_jobs/rot_7RSA.job,dry-run,generated,
7RSA,3.94,titration,/Dedicated/schnieders/maemmad/pKa_GNN/ffx_pipeline/data/sge_jobs/min_7RSA_titrate_pH3.94.job,dry-run,generated,
7RSA,4.4,titration,/Dedicated/schnieders/maemmad/pKa_GNN/ffx_pipeline/data/sge_jobs/min_7RSA_titrate_pH4.4.job,dry-run,generated,
7RSA,6.45,titration,/Dedicated/schnieders/maemmad/pKa_GNN/ffx_pipeline/data/sge_jobs/min_7RSA_titrate_pH6.45.job,dry-run,generated,
7RSA,8.55,titration,/Dedicated/schnieders/maemmad/pKa_GNN/ffx_pipeline/data/sge_jobs/min_7RSA_titrate_pH8.55.job,dry-run,generated,
8I41,,rotamer,/Dedicated/schnieders/maemmad/pKa_GNN/ffx_pipeline/data/sge_jobs/rot_8I41.job,dry-run,generated,
8I41,3.94,titration,/Dedicated/schnieders/maemmad/pKa_GNN/ffx_pipeline/data/sge_jobs/min_8I41_titrate_pH3.94.job,dry-run,generated,
8I41,4.4,titration,/Dedicated/schnieders/maemmad/pKa_GNN/ffx_pipeline/data/sge_jobs/min_8I41_titrate_pH4.4.job,dry-run,generated,
8I41,6.45,titration,/Dedicated/schnieders/maemmad/pKa_GNN/ffx_pipeline/data/sge_jobs/min_8I41_titrate_pH6.45.job,dry-run,generated,
8I41,8.55,titration,/Dedicated/schnieders/maemmad/pKa_GNN/ffx_pipeline/data/sge_jobs/min_8I41_titrate_pH8.55.job,dry-run,generated,
8UOZ,,rotamer,/Dedicated/schnieders/maemmad/pKa_GNN/ffx_pipeline/data/sge_jobs/rot_8UOZ.job,dry-run,generated,
8UOZ,3.94,titration,/Dedicated/schnieders/maemmad/pKa_GNN/ffx_pipeline/data/sge_jobs/min_8UOZ_titrate_pH3.94.job,dry-run,generated,
8UOZ,4.4,titration,/Dedicated/schnieders/maemmad/pKa_GNN/ffx_pipeline/data/sge_jobs/min_8UOZ_titrate_pH4.4.job,dry-run,generated,
8UOZ,6.45,titration,/Dedicated/schnieders/maemmad/pKa_GNN/ffx_pipeline/data/sge_jobs/min_8UOZ_titrate_pH6.45.job,dry-run,generated,
8UOZ,8.55,titration,/Dedicated/schnieders/maemmad/pKa_GNN/ffx_pipeline/data/sge_jobs/min_8UOZ_titrate_pH8.55.job,dry-run,generated,
9RNT,,rotamer,/Dedicated/schnieders/maemmad/pKa_GNN/ffx_pipeline/data/sge_jobs/rot_9RNT.job,dry-run,generated,
9RNT,3.94,titration,/Dedicated/schnieders/maemmad/pKa_GNN/ffx_pipeline/data/sge_jobs/min_9RNT_titrate_pH3.94.job,dry-run,generated,
9RNT,4.4,titration,/Dedicated/schnieders/maemmad/pKa_GNN/ffx_pipeline/data/sge_jobs/min_9RNT_titrate_pH4.4.job,dry-run,generated,
9RNT,6.45,titration,/Dedicated/schnieders/maemmad/pKa_GNN/ffx_pipeline/data/sge_jobs/min_9RNT_titrate_pH6.45.job,dry-run,generated,
9RNT,8.55,titration,/Dedicated/schnieders/maemmad/pKa_GNN/ffx_pipeline/data/sge_jobs/min_9RNT_titrate_pH8.55.job,dry-run,generated,
135L,,rotamer,/Dedicated/schnieders/maemmad/pKa_GNN/ffx_pipeline/data/sge_jobs/rot_135L.job,5831770,submitted,
1A2P,,rotamer,/Dedicated/schnieders/maemmad/pKa_GNN/ffx_pipeline/data/sge_jobs/rot_1A2P.job,5831771,submitted,
1A6K,,rotamer,/Dedicated/schnieders/maemmad/pKa_GNN/ffx_pipeline/data/sge_jobs/rot_1A6K.job,5831772,submitted,
1A91,,rotamer,/Dedicated/schnieders/maemmad/pKa_GNN/ffx_pipeline/data/sge_jobs/rot_1A91.job,5831773,submitted,
1A93,,rotamer,/Dedicated/schnieders/maemmad/pKa_GNN/ffx_pipeline/data/sge_jobs/rot_1A93.job,5831775,submitted,
1ANS,,rotamer,/Dedicated/schnieders/maemmad/pKa_GNN/ffx_pipeline/data/sge_jobs/rot_1ANS.job,5831776,submitted,
1AO6,,rotamer,/Dedicated/schnieders/maemmad/pKa_GNN/ffx_pipeline/data/sge_jobs/rot_1AO6.job,5831777,submitted,
1AZP,,rotamer,/Dedicated/schnieders/maemmad/pKa_GNN/ffx_pipeline/data/sge_jobs/rot_1AZP.job,5831778,submitted,
1B2V,,rotamer,/Dedicated/schnieders/maemmad/pKa_GNN/ffx_pipeline/data/sge_jobs/rot_1B2V.job,5831779,submitted,
1BED,,rotamer,/Dedicated/schnieders/maemmad/pKa_GNN/ffx_pipeline/data/sge_jobs/rot_1BED.job,5831780,submitted,
1BEO,,rotamer,/Dedicated/schnieders/maemmad/pKa_GNN/ffx_pipeline/data/sge_jobs/rot_1BEO.job,5831782,submitted,
1BI6,,rotamer,/Dedicated/schnieders/maemmad/pKa_GNN/ffx_pipeline/data/sge_jobs/rot_1BI6.job,5831783,submitted,
1BNZ,,rotamer,/Dedicated/schnieders/maemmad/pKa_GNN/ffx_pipeline/data/sge_jobs/rot_1BNZ.job,5831784,submitted,
1BPI,,rotamer,/Dedicated/schnieders/maemmad/pKa_GNN/ffx_pipeline/data/sge_jobs/rot_1BPI.job,5831785,submitted,
1CDC,,rotamer,/Dedicated/schnieders/maemmad/pKa_GNN/ffx_pipeline/data/sge_jobs/rot_1CDC.job,5831786,submitted,
1DE3,,rotamer,/Dedicated/schnieders/maemmad/pKa_GNN/ffx_pipeline/data/sge_jobs/rot_1DE3.job,5831787,submitted,
1DG9,,rotamer,/Dedicated/schnieders/maemmad/pKa_GNN/ffx_pipeline/data/sge_jobs/rot_1DG9.job,5831788,submitted,
1DIV,,rotamer,/Dedicated/schnieders/maemmad/pKa_GNN/ffx_pipeline/data/sge_jobs/rot_1DIV.job,5831789,submitted,
1DSB,,rotamer,/Dedicated/schnieders/maemmad/pKa_GNN/ffx_pipeline/data/sge_jobs/rot_1DSB.job,5831790,submitted,
1EEJ,,rotamer,/Dedicated/schnieders/maemmad/pKa_GNN/ffx_pipeline/data/sge_jobs/rot_1EEJ.job,5831792,submitted,
1EGF,,rotamer,/Dedicated/schnieders/maemmad/pKa_GNN/ffx_pipeline/data/sge_jobs/rot_1EGF.job,5831793,submitted,
1EH6,,rotamer,/Dedicated/schnieders/maemmad/pKa_GNN/ffx_pipeline/data/sge_jobs/rot_1EH6.job,5831794,submitted,
1ERT,,rotamer,/Dedicated/schnieders/maemmad/pKa_GNN/ffx_pipeline/data/sge_jobs/rot_1ERT.job,5831795,submitted,
1EX3,,rotamer,/Dedicated/schnieders/maemmad/pKa_GNN/ffx_pipeline/data/sge_jobs/rot_1EX3.job,5831796,submitted,
1FEZ,,rotamer,/Dedicated/schnieders/maemmad/pKa_GNN/ffx_pipeline/data/sge_jobs/rot_1FEZ.job,5831798,submitted,
1FKS,,rotamer,/Dedicated/schnieders/maemmad/pKa_GNN/ffx_pipeline/data/sge_jobs/rot_1FKS.job,5831799,submitted,
1FMH,,rotamer,/Dedicated/schnieders/maemmad/pKa_GNN/ffx_pipeline/data/sge_jobs/rot_1FMH.job,5831801,submitted,
1FNA,,rotamer,/Dedicated/schnieders/maemmad/pKa_GNN/ffx_pipeline/data/sge_jobs/rot_1FNA.job,5831803,submitted,
1FOV,,rotamer,/Dedicated/schnieders/maemmad/pKa_GNN/ffx_pipeline/data/sge_jobs/rot_1FOV.job,5831804,submitted,
1GS9,,rotamer,/Dedicated/schnieders/maemmad/pKa_GNN/ffx_pipeline/data/sge_jobs/rot_1GS9.job,5831805,submitted,
1GYM,,rotamer,/Dedicated/schnieders/maemmad/pKa_GNN/ffx_pipeline/data/sge_jobs/rot_1GYM.job,5831806,submitted,
1HIC,,rotamer,/Dedicated/schnieders/maemmad/pKa_GNN/ffx_pipeline/data/sge_jobs/rot_1HIC.job,5831807,submitted,
1HRC,,rotamer,/Dedicated/schnieders/maemmad/pKa_GNN/ffx_pipeline/data/sge_jobs/rot_1HRC.job,5831808,submitted,
1I0E,,rotamer,/Dedicated/schnieders/maemmad/pKa_GNN/ffx_pipeline/data/sge_jobs/rot_1I0E.job,5831809,submitted,
1I7K,,rotamer,/Dedicated/schnieders/maemmad/pKa_GNN/ffx_pipeline/data/sge_jobs/rot_1I7K.job,5831810,submitted,
1IGD,,rotamer,/Dedicated/schnieders/maemmad/pKa_GNN/ffx_pipeline/data/sge_jobs/rot_1IGD.job,5831812,submitted,
1JAS,,rotamer,/Dedicated/schnieders/maemmad/pKa_GNN/ffx_pipeline/data/sge_jobs/rot_1JAS.job,5831813,submitted,
1JBB,,rotamer,/Dedicated/schnieders/maemmad/pKa_GNN/ffx_pipeline/data/sge_jobs/rot_1JBB.job,5831814,submitted,
1JHB,,rotamer,/Dedicated/schnieders/maemmad/pKa_GNN/ffx_pipeline/data/sge_jobs/rot_1JHB.job,5831815,submitted,
1KTE,,rotamer,/Dedicated/schnieders/maemmad/pKa_GNN/ffx_pipeline/data/sge_jobs/rot_1KTE.job,5831816,submitted,
1KVR,,rotamer,/Dedicated/schnieders/maemmad/pKa_GNN/ffx_pipeline/data/sge_jobs/rot_1KVR.job,5831817,submitted,
1KXI,,rotamer,/Dedicated/schnieders/maemmad/pKa_GNN/ffx_pipeline/data/sge_jobs/rot_1KXI.job,5831818,submitted,
1L54,,rotamer,/Dedicated/schnieders/maemmad/pKa_GNN/ffx_pipeline/data/sge_jobs/rot_1L54.job,5831819,submitted,
1L98,,rotamer,/Dedicated/schnieders/maemmad/pKa_GNN/ffx_pipeline/data/sge_jobs/rot_1L98.job,5831820,submitted,
1LJU,,rotamer,/Dedicated/schnieders/maemmad/pKa_GNN/ffx_pipeline/data/sge_jobs/rot_1LJU.job,5831821,submitted,
1LNI,,rotamer,/Dedicated/schnieders/maemmad/pKa_GNN/ffx_pipeline/data/sge_jobs/rot_1LNI.job,5831822,submitted,
1LZ1,,rotamer,/Dedicated/schnieders/maemmad/pKa_GNN/ffx_pipeline/data/sge_jobs/rot_1LZ1.job,5831825,submitted,
1MBC,,rotamer,/Dedicated/schnieders/maemmad/pKa_GNN/ffx_pipeline/data/sge_jobs/rot_1MBC.job,5831826,submitted,
1MEK,,rotamer,/Dedicated/schnieders/maemmad/pKa_GNN/ffx_pipeline/data/sge_jobs/rot_1MEK.job,5831827,submitted,
1MUT,,rotamer,/Dedicated/schnieders/maemmad/pKa_GNN/ffx_pipeline/data/sge_jobs/rot_1MUT.job,5831828,submitted,
1NLX,,rotamer,/Dedicated/schnieders/maemmad/pKa_GNN/ffx_pipeline/data/sge_jobs/rot_1NLX.job,5831829,submitted,
1O73,,rotamer,/Dedicated/schnieders/maemmad/pKa_GNN/ffx_pipeline/data/sge_jobs/rot_1O73.job,5831830,submitted,
1P5F,,rotamer,/Dedicated/schnieders/maemmad/pKa_GNN/ffx_pipeline/data/sge_jobs/rot_1P5F.job,5831831,submitted,
1PGB,,rotamer,/Dedicated/schnieders/maemmad/pKa_GNN/ffx_pipeline/data/sge_jobs/rot_1PGB.job,5831832,submitted,
1POH,,rotamer,/Dedicated/schnieders/maemmad/pKa_GNN/ffx_pipeline/data/sge_jobs/rot_1POH.job,5831833,submitted,
1PPF,,rotamer,/Dedicated/schnieders/maemmad/pKa_GNN/ffx_pipeline/data/sge_jobs/rot_1PPF.job,5831834,submitted,
1PPN,,rotamer,/Dedicated/schnieders/maemmad/pKa_GNN/ffx_pipeline/data/sge_jobs/rot_1PPN.job,5831835,submitted,
1PPO,,rotamer,/Dedicated/schnieders/maemmad/pKa_GNN/ffx_pipeline/data/sge_jobs/rot_1PPO.job,5831836,submitted,
1PRW,,rotamer,/Dedicated/schnieders/maemmad/pKa_GNN/ffx_pipeline/data/sge_jobs/rot_1PRW.job,5831837,submitted,
1QH7,,rotamer,/Dedicated/schnieders/maemmad/pKa_GNN/ffx_pipeline/data/sge_jobs/rot_1QH7.job,5831838,submitted,
1QK1,,rotamer,/Dedicated/schnieders/maemmad/pKa_GNN/ffx_pipeline/data/sge_jobs/rot_1QK1.job,5831839,submitted,
1QLP,,rotamer,/Dedicated/schnieders/maemmad/pKa_GNN/ffx_pipeline/data/sge_jobs/rot_1QLP.job,5831840,submitted,
1QT8,,rotamer,/Dedicated/schnieders/maemmad/pKa_GNN/ffx_pipeline/data/sge_jobs/rot_1QT8.job,5831841,submitted,
1ST9,,rotamer,/Dedicated/schnieders/maemmad/pKa_GNN/ffx_pipeline/data/sge_jobs/rot_1ST9.job,5831842,submitted,
1STN,,rotamer,/Dedicated/schnieders/maemmad/pKa_GNN/ffx_pipeline/data/sge_jobs/rot_1STN.job,5831843,submitted,
1SU9,,rotamer,/Dedicated/schnieders/maemmad/pKa_GNN/ffx_pipeline/data/sge_jobs/rot_1SU9.job,5831844,submitted,
1THE,,rotamer,/Dedicated/schnieders/maemmad/pKa_GNN/ffx_pipeline/data/sge_jobs/rot_1THE.job,5831845,submitted,
1U2U,,rotamer,/Dedicated/schnieders/maemmad/pKa_GNN/ffx_pipeline/data/sge_jobs/rot_1U2U.job,5831846,submitted,
1UBQ,,rotamer,/Dedicated/schnieders/maemmad/pKa_GNN/ffx_pipeline/data/sge_jobs/rot_1UBQ.job,5831847,submitted,
1V57,,rotamer,/Dedicated/schnieders/maemmad/pKa_GNN/ffx_pipeline/data/sge_jobs/rot_1V57.job,5831848,submitted,
1VII,,rotamer,/Dedicated/schnieders/maemmad/pKa_GNN/ffx_pipeline/data/sge_jobs/rot_1VII.job,5831850,submitted,
1XNB,,rotamer,/Dedicated/schnieders/maemmad/pKa_GNN/ffx_pipeline/data/sge_jobs/rot_1XNB.job,5831852,submitted,
1XOB,,rotamer,/Dedicated/schnieders/maemmad/pKa_GNN/ffx_pipeline/data/sge_jobs/rot_1XOB.job,5831854,submitted,
1YMB,,rotamer,/Dedicated/schnieders/maemmad/pKa_GNN/ffx_pipeline/data/sge_jobs/rot_1YMB.job,5831856,submitted,
1YPH,,rotamer,/Dedicated/schnieders/maemmad/pKa_GNN/ffx_pipeline/data/sge_jobs/rot_1YPH.job,5831858,submitted,
1YPI,,rotamer,/Dedicated/schnieders/maemmad/pKa_GNN/ffx_pipeline/data/sge_jobs/rot_1YPI.job,5831859,submitted,
1YPT,,rotamer,/Dedicated/schnieders/maemmad/pKa_GNN/ffx_pipeline/data/sge_jobs/rot_1YPT.job,5831860,submitted,
2BUS,,rotamer,/Dedicated/schnieders/maemmad/pKa_GNN/ffx_pipeline/data/sge_jobs/rot_2BUS.job,5831861,submitted,
2CI2,,rotamer,/Dedicated/schnieders/maemmad/pKa_GNN/ffx_pipeline/data/sge_jobs/rot_2CI2.job,5831862,submitted,
2CPL,,rotamer,/Dedicated/schnieders/maemmad/pKa_GNN/ffx_pipeline/data/sge_jobs/rot_2CPL.job,5831863,submitted,
2FD3,,rotamer,/Dedicated/schnieders/maemmad/pKa_GNN/ffx_pipeline/data/sge_jobs/rot_2FD3.job,5831864,submitted,
2FWF,,rotamer,/Dedicated/schnieders/maemmad/pKa_GNN/ffx_pipeline/data/sge_jobs/rot_2FWF.job,5831865,submitted,
2HNP,,rotamer,/Dedicated/schnieders/maemmad/pKa_GNN/ffx_pipeline/data/sge_jobs/rot_2HNP.job,5831866,submitted,
2KIX,,rotamer,/Dedicated/schnieders/maemmad/pKa_GNN/ffx_pipeline/data/sge_jobs/rot_2KIX.job,5831867,submitted,
2L6X,,rotamer,/Dedicated/schnieders/maemmad/pKa_GNN/ffx_pipeline/data/sge_jobs/rot_2L6X.job,5831868,submitted,
2L90,,rotamer,/Dedicated/schnieders/maemmad/pKa_GNN/ffx_pipeline/data/sge_jobs/rot_2L90.job,5831869,submitted,
2LZM,,rotamer,/Dedicated/schnieders/maemmad/pKa_GNN/ffx_pipeline/data/sge_jobs/rot_2LZM.job,5831870,submitted,
2O89,,rotamer,/Dedicated/schnieders/maemmad/pKa_GNN/ffx_pipeline/data/sge_jobs/rot_2O89.job,5831871,submitted,
2OEO,,rotamer,/Dedicated/schnieders/maemmad/pKa_GNN/ffx_pipeline/data/sge_jobs/rot_2OEO.job,5831872,submitted,
2OXP,,rotamer,/Dedicated/schnieders/maemmad/pKa_GNN/ffx_pipeline/data/sge_jobs/rot_2OXP.job,5831873,submitted,
2PPT,,rotamer,/Dedicated/schnieders/maemmad/pKa_GNN/ffx_pipeline/data/sge_jobs/rot_2PPT.job,5831874,submitted,
2RBM,,rotamer,/Dedicated/schnieders/maemmad/pKa_GNN/ffx_pipeline/data/sge_jobs/rot_2RBM.job,5831875,submitted,
2RKS,,rotamer,/Dedicated/schnieders/maemmad/pKa_GNN/ffx_pipeline/data/sge_jobs/rot_2RKS.job,5831876,submitted,
2RN2,,rotamer,/Dedicated/schnieders/maemmad/pKa_GNN/ffx_pipeline/data/sge_jobs/rot_2RN2.job,5831878,submitted,
2RVQ,,rotamer,/Dedicated/schnieders/maemmad/pKa_GNN/ffx_pipeline/data/sge_jobs/rot_2RVQ.job,5831881,submitted,
2TGA,,rotamer,/Dedicated/schnieders/maemmad/pKa_GNN/ffx_pipeline/data/sge_jobs/rot_2TGA.job,5831882,submitted,
2TRX,,rotamer,/Dedicated/schnieders/maemmad/pKa_GNN/ffx_pipeline/data/sge_jobs/rot_2TRX.job,5831883,submitted,
2V8N,,rotamer,/Dedicated/schnieders/maemmad/pKa_GNN/ffx_pipeline/data/sge_jobs/rot_2V8N.job,5831884,submitted,
2ZTA,,rotamer,/Dedicated/schnieders/maemmad/pKa_GNN/ffx_pipeline/data/sge_jobs/rot_2ZTA.job,5831885,submitted,
3BDC,,rotamer,/Dedicated/schnieders/maemmad/pKa_GNN/ffx_pipeline/data/sge_jobs/rot_3BDC.job,5831886,submitted,
3C1E,,rotamer,/Dedicated/schnieders/maemmad/pKa_GNN/ffx_pipeline/data/sge_jobs/rot_3C1E.job,5831887,submitted,
3C1F,,rotamer,/Dedicated/schnieders/maemmad/pKa_GNN/ffx_pipeline/data/sge_jobs/rot_3C1F.job,5831888,submitted,
3D4D,,rotamer,/Dedicated/schnieders/maemmad/pKa_GNN/ffx_pipeline/data/sge_jobs/rot_3D4D.job,5831889,submitted,
3DMU,,rotamer,/Dedicated/schnieders/maemmad/pKa_GNN/ffx_pipeline/data/sge_jobs/rot_3DMU.job,5831890,submitted,
3E5S,,rotamer,/Dedicated/schnieders/maemmad/pKa_GNN/ffx_pipeline/data/sge_jobs/rot_3E5S.job,5831891,submitted,
3EBX,,rotamer,/Dedicated/schnieders/maemmad/pKa_GNN/ffx_pipeline/data/sge_jobs/rot_3EBX.job,5831892,submitted,
3EJI,,rotamer,/Dedicated/schnieders/maemmad/pKa_GNN/ffx_pipeline/data/sge_jobs/rot_3EJI.job,5831893,submitted,
3ERO,,rotamer,/Dedicated/schnieders/maemmad/pKa_GNN/ffx_pipeline/data/sge_jobs/rot_3ERO.job,5831894,submitted,
3ERQ,,rotamer,/Dedicated/schnieders/maemmad/pKa_GNN/ffx_pipeline/data/sge_jobs/rot_3ERQ.job,5831895,submitted,
3EVQ,,rotamer,/Dedicated/schnieders/maemmad/pKa_GNN/ffx_pipeline/data/sge_jobs/rot_3EVQ.job,5831896,submitted,
3FT7,,rotamer,/Dedicated/schnieders/maemmad/pKa_GNN/ffx_pipeline/data/sge_jobs/rot_3FT7.job,5831897,submitted,
3FX5,,rotamer,/Dedicated/schnieders/maemmad/pKa_GNN/ffx_pipeline/data/sge_jobs/rot_3FX5.job,5831898,submitted,
3H6M,,rotamer,/Dedicated/schnieders/maemmad/pKa_GNN/ffx_pipeline/data/sge_jobs/rot_3H6M.job,5831899,submitted,
3HZX,,rotamer,/Dedicated/schnieders/maemmad/pKa_GNN/ffx_pipeline/data/sge_jobs/rot_3HZX.job,5831901,submitted,
3ITP,,rotamer,/Dedicated/schnieders/maemmad/pKa_GNN/ffx_pipeline/data/sge_jobs/rot_3ITP.job,5831903,submitted,
3P75,,rotamer,/Dedicated/schnieders/maemmad/pKa_GNN/ffx_pipeline/data/sge_jobs/rot_3P75.job,5831904,submitted,
3QOJ,,rotamer,/Dedicated/schnieders/maemmad/pKa_GNN/ffx_pipeline/data/sge_jobs/rot_3QOJ.job,5831905,submitted,
3QOL,,rotamer,/Dedicated/schnieders/maemmad/pKa_GNN/ffx_pipeline/data/sge_jobs/rot_3QOL.job,5831906,submitted,
3RUZ,,rotamer,/Dedicated/schnieders/maemmad/pKa_GNN/ffx_pipeline/data/sge_jobs/rot_3RUZ.job,5831908,submitted,
3SK5,,rotamer,/Dedicated/schnieders/maemmad/pKa_GNN/ffx_pipeline/data/sge_jobs/rot_3SK5.job,5831909,submitted,
3SSI,,rotamer,/Dedicated/schnieders/maemmad/pKa_GNN/ffx_pipeline/data/sge_jobs/rot_3SSI.job,5831910,submitted,
3TP7,,rotamer,/Dedicated/schnieders/maemmad/pKa_GNN/ffx_pipeline/data/sge_jobs/rot_3TP7.job,5831911,submitted,
3TP8,,rotamer,/Dedicated/schnieders/maemmad/pKa_GNN/ffx_pipeline/data/sge_jobs/rot_3TP8.job,5831912,submitted,
3WU2,,rotamer,/Dedicated/schnieders/maemmad/pKa_GNN/ffx_pipeline/data/sge_jobs/rot_3WU2.job,5831913,submitted,
4BYA,,rotamer,/Dedicated/schnieders/maemmad/pKa_GNN/ffx_pipeline/data/sge_jobs/rot_4BYA.job,5831914,submitted,
4EQP,,rotamer,/Dedicated/schnieders/maemmad/pKa_GNN/ffx_pipeline/data/sge_jobs/rot_4EQP.job,5831915,submitted,
4HHB,,rotamer,/Dedicated/schnieders/maemmad/pKa_GNN/ffx_pipeline/data/sge_jobs/rot_4HHB.job,5831916,submitted,
4HMI,,rotamer,/Dedicated/schnieders/maemmad/pKa_GNN/ffx_pipeline/data/sge_jobs/rot_4HMI.job,5831917,submitted,
4HMJ,,rotamer,/Dedicated/schnieders/maemmad/pKa_GNN/ffx_pipeline/data/sge_jobs/rot_4HMJ.job,5831918,submitted,
4ICB,,rotamer,/Dedicated/schnieders/maemmad/pKa_GNN/ffx_pipeline/data/sge_jobs/rot_4ICB.job,5831919,submitted,
4KY5,,rotamer,/Dedicated/schnieders/maemmad/pKa_GNN/ffx_pipeline/data/sge_jobs/rot_4KY5.job,5831921,submitted,
4KY6,,rotamer,/Dedicated/schnieders/maemmad/pKa_GNN/ffx_pipeline/data/sge_jobs/rot_4KY6.job,5831923,submitted,
4KY7,,rotamer,/Dedicated/schnieders/maemmad/pKa_GNN/ffx_pipeline/data/sge_jobs/rot_4KY7.job,5831924,submitted,
4LZT,,rotamer,/Dedicated/schnieders/maemmad/pKa_GNN/ffx_pipeline/data/sge_jobs/rot_4LZT.job,5831926,submitted,
4MA9,,rotamer,/Dedicated/schnieders/maemmad/pKa_GNN/ffx_pipeline/data/sge_jobs/rot_4MA9.job,5831927,submitted,
4PTI,,rotamer,/Dedicated/schnieders/maemmad/pKa_GNN/ffx_pipeline/data/sge_jobs/rot_4PTI.job,5831928,submitted,
4QYT,,rotamer,/Dedicated/schnieders/maemmad/pKa_GNN/ffx_pipeline/data/sge_jobs/rot_4QYT.job,5831929,submitted,
4XLL,,rotamer,/Dedicated/schnieders/maemmad/pKa_GNN/ffx_pipeline/data/sge_jobs/rot_4XLL.job,5831930,submitted,
4YIJ,,rotamer,/Dedicated/schnieders/maemmad/pKa_GNN/ffx_pipeline/data/sge_jobs/rot_4YIJ.job,5831931,submitted,
5DEH,,rotamer,/Dedicated/schnieders/maemmad/pKa_GNN/ffx_pipeline/data/sge_jobs/rot_5DEH.job,5831932,submitted,
5E1F,,rotamer,/Dedicated/schnieders/maemmad/pKa_GNN/ffx_pipeline/data/sge_jobs/rot_5E1F.job,5831933,submitted,
5E3F,,rotamer,/Dedicated/schnieders/maemmad/pKa_GNN/ffx_pipeline/data/sge_jobs/rot_5E3F.job,5831934,submitted,
5EGT,,rotamer,/Dedicated/schnieders/maemmad/pKa_GNN/ffx_pipeline/data/sge_jobs/rot_5EGT.job,5831935,submitted,
5I6W,,rotamer,/Dedicated/schnieders/maemmad/pKa_GNN/ffx_pipeline/data/sge_jobs/rot_5I6W.job,5831936,submitted,
5I6Y,,rotamer,/Dedicated/schnieders/maemmad/pKa_GNN/ffx_pipeline/data/sge_jobs/rot_5I6Y.job,5831937,submitted,
5IIF,,rotamer,/Dedicated/schnieders/maemmad/pKa_GNN/ffx_pipeline/data/sge_jobs/rot_5IIF.job,5831938,submitted,
5ISR,,rotamer,/Dedicated/schnieders/maemmad/pKa_GNN/ffx_pipeline/data/sge_jobs/rot_5ISR.job,5831939,submitted,
5J1Z,,rotamer,/Dedicated/schnieders/maemmad/pKa_GNN/ffx_pipeline/data/sge_jobs/rot_5J1Z.job,5831940,submitted,
5JAV,,rotamer,/Dedicated/schnieders/maemmad/pKa_GNN/ffx_pipeline/data/sge_jobs/rot_5JAV.job,5831941,submitted,
5KGU,,rotamer,/Dedicated/schnieders/maemmad/pKa_GNN/ffx_pipeline/data/sge_jobs/rot_5KGU.job,5831942,submitted,
5KIX,,rotamer,/Dedicated/schnieders/maemmad/pKa_GNN/ffx_pipeline/data/sge_jobs/rot_5KIX.job,5831943,submitted,
6EEG,,rotamer,/Dedicated/schnieders/maemmad/pKa_GNN/ffx_pipeline/data/sge_jobs/rot_6EEG.job,5831946,submitted,
6GST,,rotamer,/Dedicated/schnieders/maemmad/pKa_GNN/ffx_pipeline/data/sge_jobs/rot_6GST.job,5831947,submitted,
7M2Z,,rotamer,/Dedicated/schnieders/maemmad/pKa_GNN/ffx_pipeline/data/sge_jobs/rot_7M2Z.job,5831948,submitted,
7RSA,,rotamer,/Dedicated/schnieders/maemmad/pKa_GNN/ffx_pipeline/data/sge_jobs/rot_7RSA.job,5831950,submitted,
8I41,,rotamer,/Dedicated/schnieders/maemmad/pKa_GNN/ffx_pipeline/data/sge_jobs/rot_8I41.job,5831951,submitted,
8UOZ,,rotamer,/Dedicated/schnieders/maemmad/pKa_GNN/ffx_pipeline/data/sge_jobs/rot_8UOZ.job,5831953,submitted,
9RNT,,rotamer,/Dedicated/schnieders/maemmad/pKa_GNN/ffx_pipeline/data/sge_jobs/rot_9RNT.job,5831954,submitted,
